<?xml version="1.0" encoding="utf-8"?>
<COLLADA xmlns="http://www.collada.org/2005/11/COLLADASchema" version="1.4.1" xmlns:xsi="http://www.w3.org/2001/XMLSchema-instance">
  <asset>
    <contributor>
      <author>Blender User</author>
      <authoring_tool>Blender 3.6.9 commit date:2024-02-19, commit time:16:48, hash:e958717a0c25</authoring_tool>
    </contributor>
    <created>2026-05-15T17:40:06</created>
    <modified>2026-05-15T17:40:06</modified>
    <unit name="meter" meter="1"/>
    <up_axis>Z_UP</up_axis>
  </asset>
  <library_effects>
    <effect id="超量金属太空银-光面_001-effect">
      <profile_COMMON>
        <technique sid="common">
          <lambert>
            <emission>
              <color sid="emission">0 0 0 1</color>
            </emission>
            <diffuse>
              <color sid="diffuse">0.4055218 0.4055218 0.4055218 1</color>
            </diffuse>
            <reflectivity>
              <float sid="specular">0.75</float>
            </reflectivity>
            <index_of_refraction>
              <float sid="ior">1.45</float>
            </index_of_refraction>
          </lambert>
        </technique>
      </profile_COMMON>
    </effect>
  </library_effects>
  <library_images/>
  <library_materials>
    <material id="超量金属太空银-光面_001-material" name="超量金属太空银-光面.001">
      <instance_effect url="#超量金属太空银-光面_001-effect"/>
    </material>
  </library_materials>
  <library_geometries>
    <geometry id="LINK_THUMB_MID_L-mesh" name="LINK_THUMB_MID_L">
      <mesh>
        <source id="LINK_THUMB_MID_L-mesh-positions">
          <float_array id="LINK_THUMB_MID_L-mesh-positions-array" count="9327">0.008873105 -2.8573e-4 0.01168107 0.009492933 -2.95535e-4 0.01181817 0.008821308 -0.004035174 0.01164662 0.009465336 -0.002295255 0.01179975 0.005653083 -0.007835268 0.01092243 0.00570625 -0.003985822 0.01095783 0.01004803 -0.007904946 0.01189428 0.009477794 -0.002295434 0.01180255 0.009710907 -0.002413392 0.01185339 0.009960532 -0.002489387 0.01190811 0.01012259 -0.00250566 0.01194387 0.01492947 -0.007982313 0.01297372 0.01500409 -0.002583026 0.01302331 0.01516658 -0.00257188 0.01305931 0.02584248 -5.54696e-4 0.01543349 0.02573472 -0.00835359 0.01536178 0.02419835 -0.008129239 0.01502329 0.01569455 -3.93852e-4 0.01318949 0.01566696 -0.002393543 0.01317113 0.0156182 -0.002412736 0.01316022 0.01565438 -0.002393364 0.01316839 0.01535475 -0.002526342 0.01310122 0.01550751 -0.002466738 0.01313543 0.0155816 -0.002431511 0.013152 0.03028601 -4.46483e-4 0.01874327 0.03152555 -4.60014e-4 0.0183506 0.02213114 -3.1425e-4 0.0166167 0.01046228 -1.16452e-4 0.0126397 0.01001036 -1.06558e-4 0.01224178 0.009819626 -1.13055e-4 0.01323419 0.02207577 -3.07813e-4 0.01599806 0.02788943 -3.87713e-4 0.01595228 0.0217185 -2.98187e-4 0.01548999 0.02579766 -3.55854e-4 0.01562964 0.02115505 -2.88024e-4 0.01522868 0.01565414 -1.95071e-4 0.0133866 0.02053642 -2.79978e-4 0.01528418 0.02002835 -2.76252e-4 0.01564157 0.02175265 -3.29777e-4 0.01887619 0.02391445 -3.62143e-4 0.01914489 0.02186983 -3.1583e-4 0.0171802 0.008832693 -8.69481e-5 0.01187819 0.008707344 -8.52196e-5 0.01187729 0.00920099 -1.05008e-4 0.01328969 0.008592545 -8.40871e-5 0.01192772 0.008692979 -1.01283e-4 0.01364707 0.006134927 -6.32851e-5 0.01335924 0.008431613 -1.02833e-4 0.01421058 0.01038306 -1.23247e-4 0.0134955 0.01976698 -2.77802e-4 0.01620507 0.01074039 -1.32844e-4 0.01400351 0.01079577 -1.39281e-4 0.01462221 0.008486986 -1.093e-4 0.01482921 0.003932237 -5.96194e-5 0.01627355 0.008844316 -1.18896e-4 0.01533722 0.00793153 -1.16452e-4 0.01644426 0.009407758 -1.29089e-4 0.01559853 0.009960293 -1.46344e-4 0.01664733 0.03801345 -4.3799e-4 0.006200373 0.03776842 -4.55096e-4 0.008427917 0.03946757 -4.75272e-4 0.008070588 0.02823263 -4.21628e-4 0.01912707 6.31422e-4 5.81319e-7 0.01468712 0.001852214 -2.99661e-5 0.01617544 0.003447651 -3.47046e-5 0.01429063 -0.01573574 3.30582e-4 0.003387212 -0.01421344 3.06294e-4 0.003740966 -0.01466709 3.38361e-4 9.33334e-4 0.009452521 -9.67829e-5 0.01201528 0.02616631 -3.9418e-4 0.01924669 -0.01152282 2.00644e-4 0.0111919 -0.009825408 1.79574e-4 0.01093339 -0.01289457 2.3447e-4 0.009573996 -0.0117464 2.2538e-4 0.008836328 -0.01409727 2.68415e-4 0.007688164 -0.01322752 2.68147e-4 0.006408572 -0.01506477 3.01019e-4 0.005596458 -0.01544117 3.16307e-4 0.004498481 -0.01507306 4.12271e-4 -0.006497859 -0.01539367 4.0938e-4 -0.005702257 -0.01457166 3.63186e-4 -0.001909196 -0.01555126 4.06847e-4 -0.005189776 0.03896337 -4.86389e-4 0.01003825 0.03701883 -4.64126e-4 0.01053988 0.03880798 -4.92587e-4 0.01094478 0.02136176 -3.12075e-4 0.01753759 0.02074313 -3.04058e-4 0.01759302 0.01863789 -2.81349e-4 0.01828724 0.02017968 -2.93866e-4 0.01733177 0.0156458 -2.33874e-4 0.0176205 0.01982241 -2.84269e-4 0.0168237 -0.01076871 1.83627e-4 0.01191037 -0.00996977 1.6658e-4 0.01256424 -0.00753653 1.32427e-4 0.0126211 -0.01596224 3.94151e-4 -0.003190517 -0.01614505 3.76508e-4 -9.94865e-4 -0.01607936 3.55676e-4 0.001172065 0.0144751 -1.8008e-4 0.01352703 0.01341617 -1.68308e-4 0.01383912 0.0123136 -1.52573e-4 0.01378446 0.01129084 -1.34602e-4 0.01336914 0.0389623 -5.02959e-4 0.01184046 0.038805 -5.03555e-4 0.01214474 0.03799337 -5.04449e-4 0.01346004 0.03580456 -4.64663e-4 0.01242345 0.03012442 -4.17128e-4 0.01579099 0.03250318 -4.69789e-4 0.01794636 0.03226286 -4.40523e-4 0.01512098 0.03345316 -4.78521e-4 0.01746749 0.03419053 -4.56646e-4 0.01397818 0.01197189 -1.76772e-4 0.01693278 0.0105344 -1.4086e-4 0.01518571 0.01002633 -1.37135e-4 0.01554304 -0.009201109 1.50994e-4 0.01310241 -0.007470488 1.18241e-4 0.01406466 -0.004965424 8.57266e-5 0.01383644 -0.005431413 8.25973e-5 0.01487857 -0.002208352 4.12317e-5 0.01453381 -0.003097891 4.45099e-5 0.01551342 -3.69883e-4 2.60788e-6 0.01597011 -0.01386219 4.03121e-4 -0.007322251 -0.01405566 4.06876e-4 -0.007439255 -0.01445466 4.11168e-4 -0.007308661 0.01505273 -1.86488e-4 0.0133568 0.03786182 -4.14356e-4 0.003855466 0.03781116 -4.13671e-4 0.003856241 0.03776735 -4.13284e-4 0.003881752 0.03961139 -4.58643e-4 0.006044507 0.03937697 -4.46513e-4 0.005075931 0.03774076 -4.1379e-4 0.003976106 -0.01476788 4.12867e-4 -0.007021605 0.03520268 -4.9223e-4 0.01632857 0.0367136 -5.00843e-4 0.0149939 0.03738427 -5.03287e-4 0.01425135 0.03875482 -4.30748e-4 0.004297554 0.03774166 -4.13343e-4 0.003925442 0.004344105 1.63928e-4 -0.008672475 0.006199896 1.27152e-4 -0.007460236 0.007637619 1.2891e-4 -0.009812951 -0.01249277 3.81157e-4 -0.006992876 -0.01099818 3.44679e-4 -0.005270779 -0.01219803 3.79011e-4 -0.007201313 -0.0106675 3.43934e-4 -0.005687713 -0.01170843 3.73081e-4 -0.007291615 -0.01016598 3.50759e-4 -0.007184624 -0.01018911 3.39464e-4 -0.005920648 -0.009697973 3.45037e-4 -0.00726521 0.009284436 9.88694e-5 -0.009021222 -0.009657025 3.32162e-4 -0.005923807 -0.00846076 3.13178e-4 -0.005659282 -0.009319841 3.42474e-4 -0.007552683 -0.008161902 3.08976e-4 -0.00565046 -0.01311862 3.4599e-4 -0.002222955 -0.01201999 3.29361e-4 -0.002066791 -0.01161998 3.38867e-4 -0.00370413 7.75636e-4 2.42159e-4 -0.01181954 6.08273e-5 2.32563e-4 -0.009698092 0.002261459 1.99691e-4 -0.00943166 -0.007880687 3.06025e-4 -0.005751967 -0.007656335 3.04744e-4 -0.005949616 -0.007589519 3.34516e-4 -0.009290158 -0.006104946 2.97859e-4 -0.007533311 -0.005542218 3.18632e-4 -0.01063966 -0.004234552 2.82958e-4 -0.008723437 -0.003263354 2.95445e-4 -0.01154482 -0.002142846 2.60785e-4 -0.009457826 -9.06631e-4 2.66746e-4 -0.01196354 -3.24897e-4 2.58431e-4 -0.01193338 0.005852103 1.60322e-4 -0.01054579 0.004499316 1.8315e-4 -0.01099699 0.003065764 2.06545e-4 -0.01138645 0.02207833 -1.3794e-4 -0.002490758 0.01835548 -5.92319e-5 -0.005455136 0.008196711 8.20907e-5 -0.005560338 0.01578009 -1.70617e-5 -0.006172358 -0.01305913 3.43129e-4 -0.002001225 -0.0129711 3.41192e-4 -0.001924097 -0.01311093 3.44798e-4 -0.00210613 -0.01286023 3.39315e-4 -0.001886546 -0.0122044 3.29808e-4 -0.001839101 -0.01208251 3.28943e-4 -0.001928925 -0.01235461 3.31715e-4 -0.001820206 0.02915799 -2.20015e-4 -0.004203677 0.03137749 -2.54586e-4 -0.003781139 0.03057157 -2.28897e-4 -0.005363404 0.03649622 -3.36662e-4 -0.002546131 0.03529477 -3.28913e-4 -0.001581788 0.03715449 -3.5198e-4 -0.001868546 0.03681111 -3.65272e-4 9.31542e-5 0.03833562 -3.82587e-4 -3.14482e-4 0.03929698 -4.19214e-4 0.002225816 0.03945618 -4.18082e-4 0.001862525 0.03929704 -4.1236e-4 0.001480817 0.02951574 -2.13221e-4 -0.005481064 0.02847021 -1.98439e-4 -0.005516588 0.02689939 -1.89379e-4 -0.004141509 0.02663528 -1.7403e-4 -0.005414247 0.0247063 -1.64077e-4 -0.003597497 0.0248121 -1.50725e-4 -0.005210697 0.0226804 -1.45271e-4 -0.002596914 0.02294522 -1.26436e-4 -0.005044579 0.02238988 -1.42291e-4 -0.002484023 0.02097934 -9.91969e-5 -0.005054414 0.02056556 -9.3147e-5 -0.005089879 0.0357986 -3.21433e-4 -0.003151953 0.0354228 -3.13654e-4 -0.003436267 0.03345519 -2.91452e-4 -0.002893507 0.03397899 -2.857e-4 -0.004305958 0.03235775 -2.57328e-4 -0.00495404 0.01417624 1.03863e-5 -0.006747663 0.01267296 3.68805e-5 -0.007370948 0.007937788 8.66802e-5 -0.005667924 0.007731974 9.12698e-5 -0.005858182 0.03793394 -3.988e-4 0.002053797 0.0381878 -4.05237e-4 0.002373874 0.03856658 -4.11883e-4 0.002526819 0.03885006 -3.97727e-4 5.59978e-4 0.03897154 -4.16979e-4 0.002472817 0.03972339 -0.007831692 0.004491567 0.03831988 -0.009428262 0.004689514 0.03950065 -0.00781846 0.003386139 0.03812491 -0.009416639 0.003718733 0.03917181 -0.007803976 0.002311289 0.03783679 -0.009404003 0.002775073 0.03874593 -0.007788598 0.001276969 0.03746348 -0.009390532 0.001867294 0.0382322 -0.007772505 2.93318e-4 0.03701293 -0.009376347 0.001004159 0.03763955 -0.007755815 -6.2963e-4 0.03649324 -0.009361743 1.94404e-4 0.03697723 -0.007738888 -0.001481771 0.03591221 -0.009346842 -5.5321e-4 0.03625434 -0.0077219 -0.002253115 0.03527796 -0.009331822 -0.001229882 0.03547984 -0.007705092 -0.002933502 0.03459841 -0.00931698 -0.001826941 0.02072048 -0.008927166 -0.003458142 0.02073884 -0.008705556 -0.003656327 0.02276915 -0.008733868 -0.003631532 0.02821391 -0.00880438 -0.004136979 0.02817398 -0.009210228 -0.00378102 0.02645891 -0.008781313 -0.004010081 0.02643895 -0.009187459 -0.003648281 0.02465993 -0.008758485 -0.003795504 0.0246461 -0.00916469 -0.003431022 0.02273237 -0.009139776 -0.003266751 0.02164006 -0.009124875 -0.003247857 0.02071118 -0.009111702 -0.003283262 0.01965826 -0.008904278 -0.003587365 0.01967972 -0.009096264 -0.003409326 0.01776802 -0.009066462 -0.003776669 0.01620382 -0.00904107 -0.004190444 0.01552206 -0.009029746 -0.004398465 0.01628947 -0.008636116 -0.004535138 0.0197339 -0.009097099 -0.003401219 0.01842522 -0.008874654 -0.003813743 0.01854872 -0.008672475 -0.003971874 0.01960897 -0.008688807 -0.003785669 0.01407939 -0.008598923 -0.005266547 0.01189315 -0.008967101 -0.005756676 0.01203674 -0.00856322 -0.006086766 0.01226162 -0.008973658 -0.005599975 0.01248967 -0.008571267 -0.005892634 0.01396751 -0.009003341 -0.004930317 0.01387029 -0.009001672 -0.004966139 0.01278424 -0.008982837 -0.005386114 0.0173757 -0.009060204 -0.003871619 0.007961034 -0.008700013 0.01491165 0.007989048 -0.009099781 0.01454871 0.008909225 -0.009113252 0.01463353 0.0100193 -0.008730351 0.0151202 0.01587074 -0.009219765 0.01575654 0.0157997 -0.008819341 0.01610875 0.01407647 -0.009191691 0.01539897 0.01206701 -0.008761346 0.01541197 0.01012688 -0.009131371 0.01477199 0.01211392 -0.009161412 0.01505666 0.01311224 -0.009176731 0.01522386 0.02181667 -0.009313344 0.01699548 0.02178663 -0.008913397 0.01735258 0.02020531 -0.00928843 0.01670724 0.02015739 -0.008888304 0.01706248 0.01884096 -0.009266912 0.01641935 0.01878321 -0.008866667 0.01677322 0.01813727 -0.009255707 0.01626133 0.01741683 -0.009244263 0.01609802 0.01658236 -0.00923103 0.01591122 0.03759759 -0.007882595 0.01318842 0.03642791 -0.009472608 0.01235872 0.03821974 -0.007882177 0.01221346 0.03698182 -0.00947231 0.01149368 0.03874546 -0.007879972 0.01118546 0.03744924 -0.009470403 0.01058381 0.03917193 -0.007875978 0.0101149 0.03782802 -0.009466946 0.00963819 0.0394966 -0.007870256 0.009012341 0.03811615 -0.009461998 0.008665859 0.03971678 -0.007862925 0.007888197 0.03831148 -0.009455621 0.007675766 0.03982973 -0.007854044 0.006753027 0.03841191 -0.009447813 0.006677031 0.03983283 -0.007843613 0.00561732 0.03841543 -0.009438693 0.005678594 0.003955662 -0.008643031 0.01473951 0.005979001 -0.009070992 0.01444363 0.007086753 -0.009086787 0.01449298 -2.29134e-4 -0.008582532 0.01446282 -1.70707e-4 -0.008982956 0.01410913 0.001914918 -0.008613944 0.0146501 0.001954019 -0.00901401 0.01429283 0.003985106 -0.009042859 0.01438057 0.008601784 -0.008500516 -0.007747232 0.008458435 -0.008904337 -0.007419943 0.006999015 -0.00847119 -0.008526802 0.006866455 -0.00887525 -0.008196115 0.00530529 -0.00844115 -0.009238064 0.005195319 -0.008845627 -0.008901238 0.0110656 -0.0089522 -0.006133198 0.01009619 -0.008934557 -0.006598353 0.009263813 -0.008919239 -0.007013201 0.0298838 -0.009234547 -0.003708481 0.02846562 -0.009214222 -0.003785312 0.03018164 -0.007613122 -0.005095303 0.02833372 -0.007586836 -0.005205035 0.03025925 -0.00924015 -0.003658771 0.03059428 -0.007619321 -0.005034685 0.03154736 -0.009260535 -0.003380477 0.03202539 -0.007641792 -0.00470829 0.03184443 -0.009265482 -0.003290116 0.0346626 -0.007688581 -0.003515481 0.03394961 -0.009303689 -0.002293527 0.03380984 -0.007672548 -0.004001736 0.03327339 -0.009290695 -0.002690494 0.03292846 -0.007656872 -0.00439763 0.03235834 -0.007647275 -0.004604041 0.03602403 -0.009471952 0.01289135 0.03714454 -0.007881879 0.01378715 0.0357905 -0.009471297 0.01317077 0.03507679 -0.009468317 0.01392424 0.03644055 -0.007879555 0.01458716 0.03470659 -0.00946635 0.01426631 0.03567051 -0.0078758 0.01532757 0.03429484 -0.009463846 0.01461452 0.03483253 -0.007870614 0.01601189 0.03345274 -0.009457945 0.01523673 0.0331543 -0.009455621 0.01543188 0.03394263 -0.007864058 0.0166279 0.03162044 -0.009442031 0.01625829 0.03007936 -0.007826805 0.01832008 0.0296446 -0.00942111 0.01695108 0.03108125 -0.007837653 0.01801502 0.03056067 -0.009431242 0.01667791 0.03206306 -0.007847547 0.01762962 0.03302049 -0.007856369 0.01716566 0.02424132 -0.009349584 0.0172947 0.02169656 -0.007713735 0.01842385 0.02426135 -0.007751464 0.01873046 0.02565592 -0.007771015 0.01879698 0.02554839 -0.0093683 0.01736366 0.02660328 -0.00778383 0.01879173 0.02643215 -0.009380459 0.01736402 0.02785372 -0.007800102 0.01871216 0.02759343 -0.009395897 0.01729786 0.0287249 -0.00781089 0.01860076 0.02839881 -0.009406149 0.01720052 -0.01415944 -0.008687674 0.003009021 -0.01549416 -0.00705713 0.003255665 -0.01438015 -0.008674144 0.001869559 -0.01573407 -0.007041633 0.001963853 -0.01450902 -0.008662045 7.49088e-4 -0.01523238 -0.006977438 -0.005549073 -0.01413029 -0.008617877 -0.00462526 -0.01563316 -0.006987452 -0.003875255 -0.01438337 -0.008627474 -0.003203928 -0.01588082 -0.00700432 -0.001743376 -0.01454663 -0.008642077 -0.001367211 -0.0159142 -0.007015168 -5.55635e-4 -0.01586967 -0.007027626 6.86787e-4 -0.008998513 -0.008832931 0.01105451 -0.009848058 -0.007218122 0.01220697 -0.01000362 -0.008811295 0.01021528 -0.01094228 -0.007194459 0.01128512 -0.01073974 -0.008794307 0.009472668 -0.01174563 -0.007175743 0.01046723 -0.01141893 -0.008777558 0.008671104 -0.01519459 -0.007071733 0.004369378 -0.01388591 -0.008700489 0.003996431 -0.01481091 -0.00708729 0.005469918 -0.01353639 -0.008714318 0.004976511 -0.01434469 -0.007103741 0.006552517 -0.01311188 -0.0087291 0.00594443 -0.01380109 -0.007120966 0.007603168 -0.01261675 -0.008744597 0.006887137 -0.01318007 -0.007138907 0.008618235 -0.0120505 -0.008760809 0.007800936 -0.01266157 -0.007152855 0.009354531 -0.0124883 -0.007157325 0.009581983 0.01860994 -0.007666051 0.01783496 0.01561772 -0.007618606 0.01716786 0.02084487 -0.007487952 -0.004736602 0.02282798 -0.00751543 -0.00472337 0.02470147 -0.007539749 -0.004889011 0.02651882 -0.007562935 -0.005095541 -4.04402e-4 -0.0073812 0.01552385 -0.001651525 -0.007362127 0.01535034 -0.008993387 -0.007235527 0.01279699 -0.008211433 -0.008848726 0.01159322 -0.008101224 -0.007252752 0.01331686 -0.007387876 -0.008864462 0.01206904 -0.006211578 -0.007287204 0.01417362 -0.005636394 -0.008895933 0.01285642 -0.005216836 -0.00730437 0.01452094 -0.004709959 -0.008911669 0.01317703 -0.004057168 -0.007323741 0.01485449 -0.00362569 -0.008929491 0.01348596 -0.002772629 -0.007344484 0.01514852 -0.002418458 -0.008948683 0.01375931 -0.001358449 -0.008965075 0.01394736 0.007867753 -0.007500469 0.0159865 0.009904563 -0.00753057 0.01619082 0.01192629 -0.007561206 0.01647776 0.01243269 -0.00735116 -0.007076621 0.01441413 -0.00738573 -0.006275534 0.01654642 -0.007421374 -0.005569159 0.01872491 -0.007456183 -0.005031466 0.001797616 -0.007413804 0.01572191 0.003867208 -0.007443487 0.01581633 0.009031891 -0.007289052 -0.008729159 0.007396697 -0.007259011 -0.00951898 0.00563538 -0.007227599 -0.01024866 0.003941297 -0.008824348 -0.009332418 0.003664016 -0.007193982 -0.010885 0.002870142 -0.007180929 -0.011092 0.002629041 -0.008802831 -0.009700417 0.001572608 -0.007160067 -0.01136958 0.001440525 -0.008783996 -0.009961664 4.15087e-4 -0.007142186 -0.01154857 3.87073e-4 -0.008767902 -0.01013129 -5.05231e-4 -0.007128477 -0.01163774 -4.45998e-4 -0.008755564 -0.01021832 -0.001497387 -0.00711435 -0.01167047 -0.001427233 -0.008741676 -0.01025575 -0.002436161 -0.007101714 -0.01162481 -0.002180099 -0.008731603 -0.01022392 -0.00668621 -0.007058262 -0.010028 -0.005970895 -0.008692324 -0.00879842 -0.007617354 -0.007051706 -0.009306728 -0.00681734 -0.008686959 -0.008104741 -0.005448698 -0.007068455 -0.01076388 -0.004850149 -0.008701503 -0.009484291 -0.005523025 -0.007067799 -0.01072657 -0.004916012 -0.008700847 -0.009451031 -0.005459785 -0.008696198 -0.009143292 -0.003307998 -0.007090926 -0.0114963 -0.00293231 -0.008722126 -0.01012367 -0.004111707 -0.007081806 -0.01129478 -0.003624498 -0.00871402 -0.009961545 -0.004320025 -0.008706629 -0.009722828 0.03561574 -0.005714535 -0.003058373 0.03572893 -0.003320574 -0.003142178 0.03640222 -0.005731701 -0.0023669 0.03642374 -0.003335714 -0.002538859 0.03713637 -0.005748987 -0.001583218 0.03707945 -0.003350913 -0.001863956 0.03780901 -0.005766212 -7.17596e-4 0.03825592 -0.003381431 -3.16147e-4 0.03841084 -0.00578314 2.19792e-4 0.03876835 -0.003396511 5.54863e-4 0.03893268 -0.005799531 0.001218676 0.03921353 -0.003411054 0.001472115 0.03936529 -0.005815148 0.00226891 0.03958123 -0.003424823 0.002417743 0.03969943 -0.005829811 0.003360271 0.03987038 -0.003437817 0.003394365 0.03992575 -0.005843281 0.004482448 0.04008811 -0.00345081 0.004484176 0.034123 -0.009315788 -0.001240313 0.03500986 -0.009335458 -4.34392e-4 0.03534907 -0.009343504 -6.55804e-5 0.03589558 -0.009357392 6.2282e-4 0.03638356 -0.009371042 0.001371622 0.03644007 -0.009372711 0.001469194 0.03714799 -0.009396731 0.003017127 0.0373519 -0.009405553 0.003668844 0.03758829 -0.009419143 0.004796564 0.02816408 -0.009214341 -0.003320217 0.02863496 -0.009220957 -0.003309905 0.02978384 -0.009237945 -0.003185808 0.0309807 -0.009257078 -0.002901434 0.03132891 -0.009262979 -0.002787113 0.03206598 -0.009275853 -0.002494037 0.03277778 -0.009288966 -0.002139508 0.03315114 -0.009296119 -0.001922428 0.02264338 -0.009154498 -0.00153172 0.02219957 -0.009141206 -0.002307116 0.02311086 -0.009151875 -0.002520024 0.02122044 -0.009130954 -0.001951098 0.02201896 -0.009150385 -0.00104165 0.02182751 -0.009149253 -8.73506e-4 0.02485936 -0.009173572 -0.002789676 0.02400875 -0.009165823 -0.002349793 0.02337068 -0.009160161 -0.002006113 0.02626127 -0.009189844 -0.003122091 0.02132588 -0.009146809 -3.86261e-4 0.02076548 -0.009144961 2.54929e-4 0.0210095 -0.009138107 -8.5783e-4 0.02074062 -0.009144902 2.86217e-4 0.02051872 -0.009121954 -0.001878499 0.02041697 -0.009144425 7.20225e-4 0.01956212 -0.009146273 0.002206623 0.00947535 -0.009095728 0.01187789 0.009919703 -0.009078204 0.009300827 0.01098489 -0.009096622 0.009703755 0.01938819 -0.009103894 -0.002141594 0.01855325 -0.00912553 0.001466393 0.01745349 -0.00910747 0.001157522 0.017973 -0.009092748 -0.001223444 0.01480585 -0.009135484 0.008188605 0.01504403 -0.00913769 0.008065938 0.01420855 -0.009147822 0.01042371 0.01426881 -0.00908792 0.00382018 0.01381963 -0.009081423 0.003786742 0.01291984 -0.009033739 -4.84888e-5 0.01328694 -0.009074747 0.00386244 0.01294445 -0.009071111 0.003982543 0.01479643 -0.009096682 0.003979086 0.01518654 -0.009070992 5.93509e-4 0.01580452 -0.009118497 0.004835784 0.01559066 -0.009112954 0.004555284 0.01510626 -0.009102463 0.004143893 0.01527345 -0.009163975 0.01058113 0.0160799 -0.009139776 0.006736516 0.01613992 -0.009138226 0.006479322 0.0163933 -0.00913608 0.005860984 0.01615011 -0.009131729 0.005756139 0.01597684 -0.009123802 0.005154311 0.01560354 -0.009141147 0.007601797 0.01581704 -0.009141445 0.007316231 0.01601922 -0.009140551 0.006914854 0.01157492 -0.009072065 0.006141066 0.01162946 -0.009076893 0.006587147 0.01177072 -0.009082794 0.007016301 0.01177263 -0.009082853 0.007020592 0.01199221 -0.009089469 0.00740832 0.01264184 -0.009104132 0.00802809 0.01228612 -0.009096682 0.007749855 0.01228272 -0.009096562 0.007746636 0.01304304 -0.009111523 0.008230626 0.01312798 -0.009113013 0.00826162 0.01314157 -0.009131133 0.01021707 0.01347935 -0.009118676 0.008351862 0.01410806 -0.009127557 0.008373975 0.0115745 -0.00907123 0.006054401 0.0108121 -0.009045898 0.004442811 0.01240849 -0.00906676 0.004313766 0.01193225 -0.009065151 0.004854083 0.01193058 -0.009064555 0.004793047 0.01179945 -0.009065508 0.005093812 0.01160866 -0.009068369 0.005690336 0.01907634 -0.009110927 -9.04419e-4 0.01869904 -0.009167313 0.005793094 0.01750242 -0.009153008 0.00603491 0.01874816 -0.009161949 0.005140781 0.01930338 -0.009148359 0.002825081 0.01178282 -0.009015619 -3.10902e-4 0.0110836 -0.008982598 -0.002853572 0.01157587 -0.008970737 -0.004885017 0.01231604 -0.009000539 -0.002755999 0.01256328 -0.008992075 -0.004050135 0.01343899 -0.00901854 -0.00248444 0.0137028 -0.00901097 -0.003706693 0.009207069 -0.009104549 0.01323693 0.008103549 -0.009087264 0.01301497 0.008186995 -0.009082973 0.01242637 0.01619768 -0.009217143 0.01497995 0.01437968 -0.009184777 0.01418894 0.01468127 -0.009177803 0.01298117 0.01570916 -0.009192407 0.0130217 0.01686882 -0.009206593 0.01282298 0.01635026 -0.009179234 0.01062196 0.01754224 -0.009192943 0.01032567 0.009695053 -0.009026885 0.004055976 0.009225249 -0.009043514 0.006572008 0.01776534 -0.009213447 0.01221626 0.0183292 -0.009201228 0.01004195 0.01912498 -0.009209334 0.009724438 0.01878625 -0.00918436 0.007521688 0.01923269 -0.009207308 0.009342074 0.01941525 -0.009214162 0.009818255 0.01713442 -0.009224236 0.0143404 0.0174508 -0.009219229 0.01331865 0.0182904 -0.009230375 0.01327294 0.01870554 -0.009220302 0.01155418 0.02032583 -0.009242296 0.01150834 0.01987951 -0.009229421 0.0107811 0.01978737 -0.009262084 0.01447051 0.02169799 -0.009276032 0.01311475 0.0203284 -0.009271502 0.01468378 0.02225309 -0.009288132 0.01359552 0.02148771 -0.009290635 0.01501905 0.02333498 -0.009309947 0.01434487 0.02136385 -0.009268403 0.01278609 0.0192874 -0.009252548 0.0141834 0.02103161 -0.009260475 0.01242452 0.01890194 -0.009243011 0.01372927 0.02069252 -0.009252011 0.01201295 0.02059555 -0.009249508 0.01188617 0.01720941 -0.009234428 0.0153383 0.01780146 -0.009237468 0.01478171 0.01835727 -0.009248435 0.01513403 0.02946442 -0.009406089 0.01559287 0.02893823 -0.009399354 0.01564931 0.02768296 -0.009382188 0.01566541 0.02655971 -0.009365499 0.01553809 0.02600282 -0.009356737 0.01542389 0.0242837 -0.00932759 0.01483887 0.03578925 -0.009459376 0.01187837 0.03521788 -0.009457826 0.01256972 0.03518187 -0.009457707 0.01260912 0.0345031 -0.009454429 0.01327675 0.03376126 -0.00944966 0.01387292 0.03340774 -0.009447038 0.014117 0.03212493 -0.009435832 0.0148251 0.03126972 -0.00942713 0.01516544 0.03036314 -0.009416997 0.01542675 0.03768807 -0.009431838 0.006026148 0.03758704 -0.009444594 0.00756824 0.03742748 -0.009449958 0.008393108 0.03740441 -0.009450554 0.008487224 0.03713077 -0.009455025 0.009387552 0.03676819 -0.009458005 0.01025897 0.03658646 -0.009458839 0.01062095 0.03777199 -0.00589478 0.01330858 0.03840267 -0.005894362 0.01231938 0.03893554 -0.005892157 0.0112763 0.03936791 -0.005888104 0.01019001 0.03969699 -0.005882322 0.009071111 0.03992003 -0.005874931 0.007930219 0.04003435 -0.005865871 0.006778061 0.04003715 -0.005855321 0.005625247 0.03791362 -0.003502845 0.01340585 0.03872239 -0.003501951 0.01209545 0.03916358 -0.003499686 0.01118344 0.03953003 -0.00349605 0.01024061 0.0398578 -0.003490328 0.009122967 0.04002767 -0.003485202 0.008312761 0.04021233 -0.003470063 0.006390213 0.04018944 -0.003460943 0.005433142 -0.002010107 -0.008741557 -0.009391188 -4.19728e-4 -0.008761882 -0.009576261 3.2241e-4 -0.008772134 -0.009570598 0.001373529 -0.008787691 -0.009462594 0.002668142 -0.008808314 -0.009162127 0.004801511 -0.00884658 -0.008205711 -0.004394888 -0.008716225 -0.008565187 -0.004303753 -0.00871706 -0.008610486 -0.003325939 -0.008726775 -0.009023964 -0.002051293 -0.00874108 -0.009382784 -0.006134331 -0.008702576 -0.007435441 -0.005317509 -0.008708357 -0.008033633 -0.004868566 -0.008711993 -0.008309543 -0.008180677 -0.008695662 -0.005110025 -0.009516656 -0.008669316 -0.005968332 -0.007895588 -0.008695662 -0.00554043 -0.008820533 -0.008675992 -0.006288826 -0.007835388 -0.008695721 -0.005625188 -0.008184373 -0.008680164 -0.006787896 -0.007379353 -0.008696615 -0.006210029 -0.00753951 -0.008683383 -0.007411301 -0.006822407 -0.008698761 -0.00681442 -0.006293535 -0.008701562 -0.007302343 -0.01036119 -0.008663475 -0.005331814 -0.01116353 -0.008647143 -0.005903661 -0.01031649 -0.008659243 -0.0058586 -0.01331371 -0.008615076 -0.006159365 -0.01319706 -0.008616507 -0.00617969 -0.009009122 -0.008699595 -0.003435492 -0.009077727 -0.00870037 -0.003247916 -0.01162815 -0.008658707 -0.00394541 -0.01391053 -0.008613526 -0.005430996 -0.01283222 -0.008639097 -0.004272818 -0.008449018 -0.008696913 -0.004567623 -0.008483886 -0.008697092 -0.00449723 -0.009563505 -0.008680403 -0.00468862 -0.008711814 -0.008698165 -0.004036486 -0.008806526 -0.008697986 -0.003917396 -0.008880198 -0.008698999 -0.003696203 -0.0135523 -0.008612871 -0.006038606 -0.01301926 -0.00861895 -0.006183683 -0.01267677 -0.008624017 -0.006146728 -0.01365143 -0.008612453 -0.005937874 -0.01387071 -0.008613109 -0.00553745 -0.008893907 -0.008699059 -0.003668427 -0.009364783 -0.008705377 -0.002273321 -0.009402334 -0.008743643 0.001948237 -0.009526252 -0.008735597 0.001260995 -0.009537398 -0.008734703 0.001180529 -0.009608089 -0.008726775 4.22772e-4 -0.009575307 -0.00871402 -0.001014828 -0.00956434 -0.008713185 -0.001119852 -0.006059408 -0.008839309 0.007334828 -0.005996227 -0.00884068 0.007385015 -0.006615579 -0.008827209 0.006853103 -0.007190704 -0.008813858 0.006265759 -0.008182883 -0.008788049 0.004945874 -0.007716953 -0.008800745 0.005625486 -0.007714927 -0.008800804 0.005628228 -0.008588731 -0.00877583 0.004227221 -0.008897304 -0.008765399 0.003557562 -0.009199976 -0.008753538 0.002718031 -3.3959e-5 -0.008941769 0.009417772 -0.001752793 -0.008916676 0.009277403 -0.003144085 -0.008894264 0.008925139 -0.004028856 -0.008878827 0.008578181 -0.004638671 -0.008867621 0.008276402 -0.005336761 -0.00885415 0.007859587 0.00792706 -0.009096622 0.01430255 0.006453335 -0.009042859 0.01066941 0.007240891 -0.009069442 0.0123772 0.006272792 -0.009058713 0.01266229 6.25671e-4 -0.008950591 0.009388625 0.00137943 -0.008960187 0.009298563 0.001651108 -0.008985579 0.01165598 0.005074739 -0.008998095 0.00786966 0.006288051 -0.009037435 0.01032501 0.005575656 -0.009033679 0.01098549 0.004424691 -0.008992671 0.008258581 0.004870951 -0.009027481 0.01137018 0.003816604 -0.008987069 0.008562505 0.004100382 -0.009018421 0.0115472 0.00323683 -0.008981287 0.008803963 0.003303349 -0.009008169 0.0116285 0.002653717 -0.008975088 0.009003102 0.002957165 -0.008978366 0.008904755 0.005421876 -0.009049057 0.01289427 0.004540681 -0.009037613 0.01297461 0.003643751 -0.009025514 0.01300269 0.006661117 -0.009072303 0.01355922 0.007625579 -0.009083688 0.01334547 0.007662475 -0.009085118 0.01344901 0.005700051 -0.009060025 0.0136674 0.01013803 -0.008991301 -4.86222e-4 0.007791578 -0.009074985 0.012151 0.009670674 -0.008985221 -4.42475e-4 0.009371101 -0.008981406 -4.09723e-4 0.009149253 -0.008962333 -0.002148866 0.008071005 -0.009040951 0.008023262 0.008273899 -0.009010076 0.004360258 0.008880734 -0.009012818 0.003749787 0.009114921 -0.009001195 0.002132415 0.009375512 -0.008983075 -2.34507e-4 0.006887793 -0.009033679 0.009014844 0.005095124 -0.008998274 0.007856309 0.005794227 -0.009003281 0.007349729 0.006905317 -0.009009063 0.006309032 0.007316589 -0.009023189 0.007230341 0.007999956 -0.009065985 0.01086038 0.007430195 -0.009062588 0.01134258 0.01060622 -0.008976399 -0.002810239 0.01087552 -0.008969366 -0.003978908 0.01148527 -0.008965432 -0.005324125 0.01106834 -0.008963108 -0.004951894 0.01028746 -0.008957684 -0.004370391 0.0100587 -0.008971333 -0.00253576 0.01027196 -0.008964836 -0.003567576 0.008767306 -0.008945286 -0.003430187 0.01022237 -0.008957147 -0.004326522 0.009039342 -0.00895673 -0.002591788 0.009047091 -0.008957147 -0.002563416 0.007635653 -0.009055078 0.01022046 0.01030552 -0.008946239 -0.005642414 0.009600996 -0.008940815 -0.005168139 0.004838585 -0.008847296 -0.008183121 0.006103932 -0.008873343 -0.007256507 0.006213605 -0.008873581 -0.007391452 0.006697297 -0.008886694 -0.006695032 0.007620334 -0.008899927 -0.006644606 0.007139921 -0.008897304 -0.006205677 0.008311033 -0.008913278 -0.006229639 0.008988857 -0.008926928 -0.005762517 0.00799328 -0.008920013 -0.005019068 0.007583558 -0.008908629 -0.00563699 0.00812751 -0.008923947 -0.004791378 0.008372247 -0.008931517 -0.004333972 0.009541273 -0.008930742 -0.006178855 -0.01421809 -0.006976723 -0.00728929 -0.01390397 -0.007000923 -0.007441759 -0.01353806 -0.007070422 -0.007480025 -0.01338255 -0.007104456 -0.007469475 -0.0129612 -0.00714612 -0.007440567 -0.01483851 -0.006974279 -0.006522059 -0.01448941 -0.006974816 -0.007040023 -0.01436793 -0.006975531 -0.007165372 0.02946746 -0.003212928 -0.005459904 0.0303024 -0.003225207 -0.005374491 0.03024375 -0.005620598 -0.005260705 0.02837848 -0.005593955 -0.005376398 0.03478586 -0.005697727 -0.003650069 0.03392022 -0.005681276 -0.004144728 0.03302592 -0.005665302 -0.004547715 0.03211027 -0.005649864 -0.004864454 0.02842432 -0.003198206 -0.005494654 0.03052049 -0.003228485 -0.005343258 0.03535461 -0.003312826 -0.0034253 0.03391629 -0.00328499 -0.004291236 0.03311067 -0.003270626 -0.004650175 0.03230094 -0.003256797 -0.004936277 0.03218573 -0.00325489 -0.004971444 0.0370475 -0.005893349 0.01423418 0.03535354 -0.005885064 0.01587319 0.03623801 -0.005890071 0.01509058 0.03015917 -0.005837917 0.01851606 0.03126752 -0.005850017 0.01817226 0.03235113 -0.005860805 0.01773148 0.03340011 -0.005870342 0.01719826 0.03440421 -0.005878448 0.0165773 0.0351324 -0.003490746 0.0162639 0.03663825 -0.003499269 0.01493412 0.0373066 -0.003501713 0.0141943 0.03023093 -0.003445208 0.01866936 0.03146684 -0.003458678 0.0182783 0.03244155 -0.003468394 0.01787567 0.03338855 -0.003477096 0.01739859 -0.01442527 -0.006145417 -0.007196068 -0.01464974 -0.004369258 -0.007103681 -0.01474857 -0.002586662 -0.007060289 -0.01540076 -0.00259006 -0.005700945 -0.01508426 -0.002587199 -0.006492078 0.0290364 -0.005824804 0.01876085 0.0281831 -0.003420472 0.01905125 0.02791017 -0.005810737 0.01891601 0.02796459 -0.00341767 0.01907521 0.02612185 -0.003393173 0.01916974 0.02569156 -0.005781173 0.01900517 0.02387493 -0.003361225 0.01906734 0.02359223 -0.005751252 0.01887929 0.02171719 -0.003329038 0.01879847 0.02170109 -0.005723059 0.01863437 0.03796237 -0.002054214 0.01343911 0.03735381 -0.002053081 0.01422971 0.03668367 -0.002050638 0.01497161 0.03517407 -0.002042055 0.01630502 0.03342598 -0.002028405 0.01744294 0.03247672 -0.002019643 0.01792132 0.0314998 -0.002009868 0.0183252 0.03026121 -0.001996397 0.01871746 -0.01607573 -0.002643883 0.00114417 -0.01563847 -0.005064487 0.003305792 -0.01573234 -0.002669036 0.00335133 -0.01614254 -0.002623081 -0.001014411 -0.01610809 -0.002616465 -0.001776814 -0.01596254 -0.002605378 -0.003201067 -0.01555645 -0.002592623 -0.005191147 -0.01583677 -0.002600014 -0.003971219 0.02655357 -0.005569756 -0.00527054 0.02473324 -0.00554651 -0.0050655 0.02286309 -0.005522251 -0.004899621 0.02088862 -0.005494892 -0.004911184 0.02659195 -0.003173887 -0.005391418 0.02476954 -0.003150582 -0.005187451 0.02290177 -0.003126323 -0.005021393 0.02093368 -0.003099024 -0.005031704 0.02844768 -0.001748621 -0.005518436 0.02949261 -0.001763343 -0.00548315 0.03054773 -0.001779019 -0.005365729 0.03233247 -0.001807391 -0.00495696 0.03395223 -0.001835703 -0.004309654 0.03539472 -0.001863658 -0.003440916 0.03577011 -0.001871407 -0.00315684 0.01252931 -0.005358457 -0.007239401 0.01261347 -0.002962887 -0.007351279 0.01411896 -0.002989411 -0.006727516 0.0144996 -0.005392909 -0.006440758 0.01661777 -0.005428493 -0.005737543 0.01572549 -0.003016829 -0.006151616 0.01668322 -0.003032803 -0.005853533 0.01878148 -0.005463182 -0.005203187 0.01830554 -0.003059089 -0.00543332 0.01883602 -0.003067433 -0.005321681 0.02051925 -0.003093004 -0.005067229 0.02095687 -0.001649379 -0.005056083 0.00913465 -0.005296409 -0.008890807 0.007493674 -0.005266368 -0.009681582 0.005720257 -0.005234956 -0.01041287 0.009223341 -0.002900838 -0.009001851 0.007578074 -0.002870798 -0.009793281 0.005795717 -0.002839386 -0.01052576 0.01264703 -0.001513302 -0.007373392 0.01575541 -0.001567244 -0.006174564 0.01415091 -0.001539826 -0.006749987 0.01833194 -0.001609444 -0.005457043 0.02054291 -0.001643359 -0.005091547 -0.008382558 -0.006123363 -0.008727014 -0.008023083 -0.006116449 -0.009057044 -0.007921159 -0.006132423 -0.009146273 -0.007655262 -0.006195545 -0.009370148 -0.00892508 -0.006548821 -0.008183479 -0.008955836 -0.006600141 -0.008151173 -0.008938312 -0.007042288 -0.008116364 -0.009153902 -0.0070405 -0.007939696 -0.008685111 -0.006267368 -0.008430361 -0.008422076 -0.0061329 -0.008689224 -0.005970835 -0.006659626 -0.01052403 -0.005391895 -0.006680488 -0.01082909 -0.004800975 -0.006585359 -0.0110988 -0.004359483 -0.006431579 -0.01127457 -0.003770351 -0.006110787 -0.01147705 -0.003417849 -0.005852103 -0.01158142 -0.002841651 -0.005307018 -0.01172596 -0.002444684 -0.004822075 -0.01180714 -0.006584167 -0.006534755 -0.01015275 -0.006746113 -0.006488382 -0.01004582 0.001616597 -0.005167365 -0.01153689 -0.001941263 -0.004024624 -0.01188862 -0.001492321 -0.005121409 -0.01183593 -0.001527965 -0.00313276 -0.01193726 -4.86872e-4 -0.005135655 -0.01180446 0.003730714 -0.005201339 -0.01105105 0.001661777 -0.002771794 -0.01165199 7.32735e-4 -0.002757549 -0.01179867 -3.64266e-4 -0.002741336 -0.01191264 -0.00138241 -0.002726912 -0.01195013 0.003016173 -0.002793192 -0.01136577 0.00444597 -0.002816557 -0.01097661 0.003792762 -0.002805769 -0.01116532 -9.25689e-4 -2.46957e-4 -0.01196736 -0.001046597 -0.001333653 -0.01196873 -0.001273989 -0.002369642 -0.01195806 7.5385e-4 -0.001307964 -0.01182168 -3.45796e-4 -0.001291751 -0.01193553 0.00304228 -0.001343607 -0.01138865 0.004474937 -0.001367032 -0.01099926 0.00582695 -0.001389861 -0.01054817 0.007858157 -0.008012235 0.005100488 0.008287668 -0.00801146 0.004369437 0.007462024 -0.007906496 -0.005810916 0.007569789 -1.07631e-4 -0.005739212 0.00681883 -8.92131e-5 -0.006614208 0.008141279 -0.007925331 -0.004782259 0.008545517 -0.007938206 -0.003990054 0.009053111 -0.007958173 -0.002582609 0.009245872 -0.007968723 -0.001725018 0.00938934 -0.007984459 -2.25328e-4 0.008891105 -0.00800693 0.002966284 0.009128689 -0.008002638 0.002141594 0.009363472 -0.007992088 6.42918e-4 0.006919085 -0.008010506 0.006318211 0.00632894 -0.008007764 0.00691241 0.005108952 -0.007999658 0.007865488 0.004398763 -0.007993757 0.008289277 0.002970933 -0.00797975 0.008913934 0.002187788 -0.007971107 0.009145319 6.39469e-4 -0.007952034 0.009397804 -1.66162e-4 -0.007941126 0.009427249 -0.001738965 -0.007918119 0.009286582 -0.002516508 -0.00790584 0.009117364 -0.004015028 -0.00788021 0.00858736 -0.004716932 -0.007867276 0.008235156 -0.006045639 -0.007840752 0.007344007 -0.006630301 -0.007827997 0.00683546 -0.007703125 -0.007802128 0.005634665 -0.008137404 -0.007790386 0.005005478 -0.008883476 -0.007766842 0.003566741 -0.009512484 -0.00773704 0.001270174 -0.009144425 -0.00775671 0.002859175 -0.009588539 -0.007729172 5.30351e-4 -0.009550511 -0.007714629 -0.001110672 -0.00944221 -0.007709443 -0.001836001 -0.008995354 -0.007701039 -0.003426373 -0.008714437 -0.007698774 -0.004092514 -0.00788176 -0.007697045 -0.005531251 -0.006172001 9.58891e-5 -0.00722146 -0.007501184 1.01462e-4 -0.005828738 -0.00760895 -0.007697463 -0.005900442 -0.005981802 9.47269e-5 -0.007379829 -0.004149973 8.01237e-5 -0.008545398 -0.002101421 5.84276e-5 -0.009264588 -0.0019297 5.64011e-5 -0.0093019 5.68561e-5 3.07711e-5 -0.009499907 4.43973e-4 2.53172e-5 -0.009489715 0.002212107 -1.41544e-6 -0.009239017 0.002789735 -1.08628e-5 -0.009081304 0.004251778 -3.64332e-5 -0.008495509 0.004960119 -4.98442e-5 -0.008102297 0.006069362 -7.24642e-5 -0.007308244 -0.00970298 1.30996e-4 -0.00573039 -0.009808003 -0.007467925 -0.005800247 -0.008506715 1.12012e-4 -0.005465865 -0.008611738 -0.007486879 -0.005535721 -0.01288902 1.37881e-4 -0.001690089 -0.01293808 -0.003411591 -0.001722693 -0.0123834 1.30281e-4 -0.001623749 -0.01243245 -0.00341922 -0.001656413 -0.01442515 -0.003389239 -0.00191766 -0.01437616 1.60232e-4 -0.001884996 -0.01451933 -0.003413736 8.86198e-4 -0.01447027 1.35765e-4 9.18816e-4 -0.01407182 -0.003445386 0.003655612 -0.01402276 1.04115e-4 0.003688216 -0.01309937 -0.003482997 0.006286978 -0.01305031 6.65041e-5 0.006319582 -0.01163834 -0.003525197 0.008681714 -0.01158928 2.4304e-5 0.008714318 -0.009743511 -0.003570377 0.01075017 -0.009694457 -2.08764e-5 0.01078277 -0.007485747 -0.003616869 0.01241499 -0.007436752 -6.73978e-5 0.01244759 -0.004949629 -0.003662943 0.01361376 -0.004900634 -1.13442e-4 0.01364636 -0.002230107 -0.003706812 0.01430159 -0.002181053 -1.57341e-4 0.01433426 5.7105e-4 -0.003746926 0.01445287 6.20098e-4 -1.97455e-4 0.01448547 0.003348946 -0.003781735 0.01406174 0.003398001 -2.32234e-4 0.01409441 0.005999624 -0.003809928 0.013143 0.006048679 -2.60427e-4 0.01317566 0.008387863 -0.003830194 0.01175683 0.008472919 -2.80961e-4 0.01176363 0.008423388 -0.003863453 0.01173067 0.00866419 -2.82809e-4 0.01167958 0.00861299 -0.003988623 0.01164555 0.00871706 -0.004022598 0.01163494 -0.01176023 -0.003376364 -0.007326066 -0.01384919 -0.003346204 -0.007470965 -0.01224988 -0.003370463 -0.007235765 -0.01263529 -0.00336802 -0.006920516 -0.01312279 -0.003408491 -0.001785278 -0.01326954 -0.003405272 -0.001913845 -0.01213252 -0.003422856 -0.001710832 -0.01218205 -0.003422379 -0.001687824 -0.01224267 -0.00344026 3.48661e-4 -0.01335591 -0.003402471 -0.002088725 -0.01336872 -0.003400504 -0.002283394 -0.01376706 -0.003352284 -0.00693351 -0.01282095 -0.003369688 -0.006458461 -0.01379048 -0.00334984 -0.007162511 -0.01391398 -0.003346323 -0.007356703 -0.01407361 -0.003343164 -0.007461309 -0.01098024 -0.003503978 0.005384802 -0.01188248 -0.00346899 0.002934694 -0.003102838 -0.003671586 0.01177847 -0.005546271 -0.003629386 0.01085853 -0.007737874 -0.003586053 0.009439587 -0.009577274 -0.003543615 0.007586717 0.005665838 -0.00378704 0.01115494 -5.1961e-4 -0.003710746 0.01215732 0.002085149 -0.003745079 0.01197779 0.00459212 -0.003773033 0.01124799 0.005121886 -0.003779172 0.01111918 -6.75312e-4 -0.007756948 0.01191568 0.002047419 -0.003942787 0.01177901 0.001941204 -0.007791638 0.01175296 0.004513263 -0.003970265 0.01106119 0.004460096 -0.007819712 0.01102584 -0.003264665 -0.00771743 0.01150619 -0.003055572 -0.003870487 0.01158297 -5.1467e-4 -0.003908991 0.01195567 -0.00570327 -0.007674872 0.01054412 -0.005458891 -0.003828942 0.01067811 -0.003211498 -0.003867924 0.0115416 -0.007874608 -0.007631361 0.009075343 -0.007614612 -0.003786325 0.009282469 -0.005650043 -0.003825366 0.01057952 -0.009675145 -0.007588982 0.007169961 -0.009423851 -0.003744602 0.007459998 -0.00782144 -0.003781914 0.009110689 -0.01101887 -0.007549703 0.004918932 -0.01080381 -0.00370562 0.005294144 -0.009621977 -0.003739476 0.007205307 -0.01184159 -0.00751549 0.002429723 -0.01169127 -0.003671169 0.002884209 -0.01096564 -0.003700256 0.004954338 -0.01210409 -0.007487893 -1.78755e-4 -0.01204556 -0.003642916 3.40566e-4 -0.01178842 -0.003665983 0.002465128 -0.01179385 -0.007468223 -0.002782106 -0.01187747 -0.003623127 -0.002069234 -0.01205092 -0.003638386 -1.43379e-4 -0.01182568 1.26347e-4 -0.002034783 -0.01168882 1.30698e-4 -0.002712249 -0.01143223 1.35705e-4 -0.003645241 -0.01092565 -0.007457494 -0.005255997 -0.01082062 1.41427e-4 -0.00518614 0.02185148 -0.007948279 -0.001136004 0.02316802 -0.007957637 -0.002096951 0.02307921 -0.007956266 -0.002112448 -0.0102514 -0.007461845 -0.005797564 -0.01065009 -0.00745809 -0.005603432 0.004496395 -0.007796704 0.008467137 0.005048692 -0.007826566 0.01088273 0.01177966 -0.007899463 0.00869584 0.01177918 -0.007895469 0.008261859 0.01159495 -0.00788933 0.007868945 0.0236364 -0.008118927 0.01474612 0.02171909 -0.008080065 0.01340138 0.01620256 -0.007952809 0.00784713 0.01522475 -0.007946848 0.008671581 0.01105618 -0.00787121 0.006709098 0.0110687 -0.007859647 0.005430221 0.008028626 -0.007815599 0.005211174 0.00908333 -0.007810175 0.003032088 0.01163011 -0.007856845 0.004281103 0.009565651 -0.007795035 6.59812e-4 0.01263123 -0.007863342 0.003485143 0.009445548 -0.007771134 -0.001757979 0.0201801 -0.008042573 0.01163625 0.01910901 -0.008008658 0.009553611 0.0167306 -0.007949352 0.006682276 0.01856839 -0.007980227 0.007274866 0.01670634 -0.007937312 0.005403578 0.01858973 -0.007959008 0.00493288 0.01613432 -0.007918894 0.004259765 0.008045732 -0.007717967 -0.005436778 0.00795865 -0.007716596 -0.005460202 0.008730471 -0.00774002 -0.004070639 0.01917171 -0.007946193 0.002664208 0.02028053 -0.007942557 6.01168e-4 0.01512593 -0.007897734 0.003473281 0.01489198 -0.007944822 0.008950173 0.01470851 -0.007945895 0.009343504 0.01416921 -0.007960855 0.01178145 0.0105651 -0.00791186 0.01187139 0.01100152 -0.007915318 0.01159304 0.01387727 -0.007877945 0.003197193 -0.008104264 -0.007493734 -0.00555557 -0.008238136 -0.007492184 -0.005524635 -0.008892893 -0.007495522 -0.004175364 0.006467223 -0.007811009 0.007061302 0.0112403 -0.007914423 0.01113379 0.01419198 -0.007965922 0.01229858 0.01447027 -0.00797379 0.01273494 -0.009331881 -0.007554709 0.002922713 -0.008303701 -0.007589042 0.005114197 -0.006764829 -0.007627487 0.006982684 -0.004811167 -0.007667601 0.008411884 -0.002564489 -0.00770694 0.009312689 -1.64612e-4 -0.007743 0.00962907 0.002238929 -0.007773578 0.009341239 -0.009635925 -0.00750643 -0.001871287 -0.009785354 -0.007526576 5.44872e-4 0.03877329 -0.00205338 0.01212501 0.0394681 -0.002498269 0.01054185 0.03985071 -0.002492368 0.009324371 0.04006785 -0.002486169 0.008326232 0.04011034 -0.002484381 0.00806868 0.04023092 -0.002475798 0.006954491 0.0402444 -0.002464592 0.005714595 0.04012829 -0.002451717 0.004489243 0.03900647 -0.002501845 0.01163077 0.03902882 -6.10575e-4 0.01170116 0.0266813 -5.67987e-4 0.01561897 0.0218501 -0.008280515 0.01325088 0.02060937 -0.008250892 0.01189535 0.02034282 -0.008243799 0.01152211 0.01942902 -0.008215606 0.009827435 0.01929384 -0.008210539 0.009482443 0.01880007 -0.008185803 0.007530868 0.01876437 -0.008182704 0.007250666 0.01876199 -0.008163392 0.00514996 0.01878523 -0.008161962 0.00495696 0.02044123 -0.008145809 7.1457e-4 0.01935523 -0.008149385 0.002735078 0.0193172 -0.008149802 0.00283426 0.02197974 -0.008151471 -9.86826e-4 0.02203279 -0.008151769 -0.001032471 0.02376025 -0.008164823 -0.002206921 0.02384036 -0.002365648 -0.002153635 0.02410268 -0.002368032 -0.002287328 0.0252977 -0.002380073 -0.002775669 0.0263552 -0.002392053 -0.003059625 0.02750527 -0.002406418 -0.003225684 0.0287289 -0.002423167 -0.003247439 0.02975666 -0.002438306 -0.003143131 0.03107464 -0.002459347 -0.002838969 0.0319252 -0.00247389 -0.00253266 0.03324508 -0.002498328 -0.001859962 0.03388899 -0.002511143 -0.001428663 0.03510379 -0.002537667 -3.71922e-4 0.03553742 -0.002548038 1.06826e-4 0.03653401 -0.00257492 0.00153172 0.03677791 -0.00258249 0.001987397 0.03744584 -0.002607762 0.00373131 0.03780966 -6.34357e-4 0.006106972 0.03754359 -6.11499e-4 0.004021406 0.03751599 -0.002611219 0.004003047 0.03754907 -6.52507e-4 0.008473932 0.03757077 -6.51941e-4 0.008381426 0.03781068 -6.35221e-4 0.006199836 0.03533947 -6.60345e-4 0.0126506 0.03564739 -6.61328e-4 0.01229459 0.03670805 -6.61358e-4 0.01070183 0.03683656 -6.60822e-4 0.01044982 0.03406661 -6.5349e-4 0.01381725 0.03352928 -6.49556e-4 0.01419782 0.03217869 -6.37695e-4 0.0149365 0.03139126 -6.29648e-4 0.01524633 0.03008437 -6.14777e-4 0.01559263 0.02905976 -6.01873e-4 0.01573014 0.02789539 -5.85988e-4 0.01575064 0.02429747 -0.008329033 0.01484805 0.02372789 -0.008318543 0.01456785 0.02226692 -0.008289515 0.0136047 0.03926509 -0.001962244 0.001471281 0.03953886 -0.002017498 0.002155423 0.03952634 -0.002421975 0.002153873 0.03956955 -6.2643e-4 0.002164602 0.03881853 -0.001947581 5.51346e-4 0.03830462 -0.001932501 -3.22253e-4 0.03712469 -0.001901924 -0.001874744 0.03646701 -0.001886606 -0.002551674 0.04000902 -0.002444028 0.003826797 0.03989291 -0.002437829 0.003329455 0.03963732 -0.002478003 0.008084237 0.02324819 -0.002158463 -0.002043664 0.02239692 -0.002144277 -0.002305448 0.02315938 -0.002157092 -0.002059161 0.02200746 -0.002138793 -0.002313852 0.03954476 -0.002423107 0.002252876 0.03952938 -0.002423822 0.002352416 0.03948187 -0.002424001 0.002441227 0.03978371 -0.002461075 0.006022274 0.03764289 -0.002409994 0.003685295 0.03801792 -0.002404272 0.002498388 0.03695952 -0.002384185 0.001899659 0.03772306 -0.002396702 0.002115607 0.03569293 -0.002349019 -2.04932e-5 0.03643137 -0.002358853 -6.15385e-5 0.03400975 -0.002311348 -0.001588284 0.03464758 -0.002317667 -0.001857697 0.03200465 -0.002273261 -0.002715528 0.03247946 -0.002275705 -0.00316441 0.0297904 -0.002236962 -0.003338873 0.03005808 -0.002235472 -0.003902673 0.02749162 -0.002204418 -0.003423154 0.02752965 -0.002199351 -0.004027903 0.02523756 -0.002177476 -0.002963721 0.02504694 -0.002169609 -0.003532588 0.02276003 -0.002148032 -0.002446532 0.03772997 -0.002410829 0.003645181 0.03788197 -0.002412915 0.003642916 0.03845793 -0.002412199 0.002698242 0.03885263 -0.002430737 0.004123449 0.03894031 -0.002418577 0.002668321 0.0395289 -0.002447903 0.004969477 0.03933507 -0.002422928 0.002543568 0.03944039 -0.002423822 0.002484917 0.03940773 -0.002423584 0.002509415 0.03912419 -0.002489328 0.01008671 0.0389958 -0.002497792 0.01119983 0.03902065 -6.98045e-4 0.01121634 0.03914904 -6.89581e-4 0.01010322 0.03966218 -6.78286e-4 0.008100748 0.03980857 -6.61358e-4 0.006038784 0.03900521 -6.95303e-4 0.01094263 0.03937697 -7.13184e-4 0.002553522 0.03896516 -6.1886e-4 0.002684831 0.03934776 -0.002013742 0.002545118 0.03940457 -7.24211e-4 0.002543151 0.03955692 -0.002018511 0.002274513 0.03952664 -0.002018213 0.002391159 0.03945297 -0.002016484 0.002486467 0.03947263 -7.43463e-4 0.002502202 0.03953146 -7.46563e-4 0.002439737 0.03955572 -7.40394e-4 0.002398908 0.0395739 -7.28056e-4 0.002353012 0.03958696 -6.90296e-4 0.002263724 0.03790688 -6.13197e-4 0.003659427 0.03887754 -6.31019e-4 0.004139959 0.03955376 -6.48156e-4 0.004986047 0.03750777 -0.002599656 0.003924667 0.03754645 -6.10158e-4 0.003869414 0.03751933 -0.002570152 0.003851354 0.0376234 -6.10009e-4 0.003738224 0.03759783 -0.002462029 0.003721237 0.03775483 -6.11111e-4 0.003661692 0.02278494 -3.48285e-4 -0.002429962 0.02477228 -3.66732e-4 -0.003411531 0.02507185 -3.69891e-4 -0.003516018 0.02692359 -3.91558e-4 -0.003945171 0.02755451 -3.99664e-4 -0.004011392 0.02913916 -4.21598e-4 -0.004006206 0.03008294 -4.35754e-4 -0.003886163 0.03131639 -4.55484e-4 -0.003591716 0.03250432 -4.75988e-4 -0.00314784 0.03335452 -4.91664e-4 -0.002720952 0.03467243 -5.17949e-4 -0.001841127 0.03515905 -5.2841e-4 -0.001434206 0.03645622 -5.59106e-4 -4.49982e-5 0.03664648 -5.64083e-4 2.08817e-4 0.03774791 -5.96985e-4 0.002132117 0.03806525 -6.05032e-4 0.002532243 0.03853875 -6.13347e-4 0.002723455 0.02203232 -3.39106e-4 -0.002297341 0.008150696 -1.19075e-4 -0.005366921 0.02242177 -3.44559e-4 -0.002288937 -0.013718 1.97217e-4 -0.006900906 -0.01476526 -0.001904189 -0.007049083 -0.0147736 -1.32307e-4 -0.00702691 -0.01540648 -0.001140594 -0.00570929 -0.01427131 -0.004345357 -0.007394194 -0.01436311 -0.002575635 -0.007375895 -0.0140767 -0.002568423 -0.00745958 -0.01407247 -0.006108582 -0.007420837 -0.01365894 -0.006065666 -0.007480144 -0.01380151 -0.004316747 -0.007475674 -0.01407456 -0.001568436 -0.007454633 -0.01371616 2.11701e-4 -0.007016599 -0.01374071 2.5262e-4 -0.007129371 -0.01446038 -1.32367e-4 -0.007313728 -0.01445287 -0.001898229 -0.007330834 -0.0127719 1.79783e-4 -0.006425857 -0.01331967 1.48997e-4 -0.00225079 -0.0130738 1.4101e-4 -0.001752674 -0.01322048 1.44229e-4 -0.001881182 -0.01330685 1.4703e-4 -0.002056121 -0.01070892 -0.007135093 -0.007283926 -0.01027041 -0.007203817 -0.007254004 -0.009981155 -0.007283687 -0.007234573 -0.0099954 -0.007241189 -0.007273435 -0.01097035 -0.007116317 -0.007301926 -0.01112776 -0.007110893 -0.007312834 -0.01204448 -0.007129669 -0.00737673 -0.009802639 -0.007241547 -0.007335007 -0.009713888 -0.007233798 -0.007378816 -0.009423434 -0.007151126 -0.007621526 -0.01258116 3.08141e-4 -0.00689125 -0.01270782 2.12625e-4 -0.006668329 -0.009932398 -0.005227088 0.01236993 -0.0109604 -0.005204916 0.01150941 -0.01191031 -0.005182862 0.01054227 -0.01277613 -0.005161106 0.009482979 -0.01355201 -0.005139946 0.008345782 -0.0152812 -0.005081534 0.004610717 -0.01481044 -0.005099952 0.005895256 -0.01423209 -0.005119442 0.007145047 -0.01543843 -0.002683281 0.004458785 -0.01506292 -0.00269854 0.005553066 -0.0140981 -0.002731084 0.007637977 -0.01363021 -0.002744913 0.008439004 -0.01289886 -0.00276494 0.009517908 -0.01153087 -0.002798676 0.0111308 -0.01077884 -0.002815663 0.01184707 -0.009981989 -0.00283271 0.01249891 -0.01574593 -0.001219511 0.003370881 -0.01608949 -0.001194357 0.00115776 -0.01615548 -0.001173555 -0.00100708 -0.01597338 -0.001155853 -0.003200531 -0.0155636 -0.001143157 -0.005197465 0.01560825 -0.005627572 0.01737856 0.0186004 -0.005675017 0.01804548 0.01561397 -0.003233194 0.01754271 0.01860612 -0.003280699 0.01820951 0.0282092 -0.001971602 0.01910078 0.02614414 -0.001944184 0.01922011 0.02389353 -0.001912176 0.01911818 0.02173268 -0.00187987 0.01884943 -0.002794206 -0.005353868 0.0153501 -0.008833706 -0.005249202 0.01311349 -0.007678091 -0.005271077 0.0137456 -0.006480932 -0.005292594 0.01427578 -0.005257666 -0.005313694 0.01471358 -4.02524e-4 -0.002996563 0.01589316 -4.10653e-4 -0.005390584 0.01573133 -0.003125905 -0.002954661 0.01543825 -0.009215354 -0.002848267 0.01303541 -0.007489025 -0.00288099 0.01399457 -0.006506204 -0.002898514 0.01442235 -0.005454599 -0.002916574 0.01480573 -0.00527513 -0.002919614 0.01486444 -0.009983897 -0.001383483 0.01254051 -0.0107823 -0.001366436 0.01188719 -0.01153588 -0.001349389 0.01116925 -0.01290673 -0.001315593 0.009552597 -0.01410853 -0.001281619 0.007668256 -0.01507538 -0.001249074 0.005578279 -0.01545155 -0.001233756 0.004481196 0.007876157 -0.005509793 0.01619976 0.007895112 -0.003115713 0.01636588 0.009908914 -0.005539774 0.01640343 0.01192557 -0.005570292 0.01668965 0.009924888 -0.003145635 0.01656907 0.01193779 -0.003176093 0.01685476 0.001801431 -0.005423188 0.01593303 0.001816987 -0.003029167 0.0160976 0.003876209 -0.005452871 0.01602929 0.00389558 -0.00305885 0.01619517 -3.89098e-4 -0.001547455 0.01594352 -0.003115952 -0.001505553 0.01548725 -0.005448281 -0.001467466 0.014853 -0.007486164 -0.001431763 0.01403981 -0.009215712 -0.00139904 0.01307827 0.008630573 -0.003310799 0.01473098 0.008928298 -0.003318786 0.01515436 0.009569466 -0.003320574 0.01438695 0.009397864 -0.00332725 0.01537209 0.009913384 -0.003333985 0.0153259 0.009225606 -0.003307223 0.01344805 0.008802175 -0.003304123 0.01374584 0.008584439 -0.003305435 0.01421546 0.01050835 -0.003330409 0.01404291 0.01021063 -0.003322422 0.0136196 0.009741127 -0.003313899 0.0134018 0.01033675 -0.003337085 0.01502805 0.01055455 -0.003335773 0.01455849 0.009439289 -3.27721e-4 0.01539969 0.008969783 -3.19227e-4 0.01518195 0.008671998 -3.11211e-4 0.01475858 0.008625864 -3.05846e-4 0.014243 0.00884366 -3.04535e-4 0.01377344 0.009267032 -3.07664e-4 0.01347565 0.009782552 -3.1437e-4 0.0134294 0.01025211 -3.22833e-4 0.01364713 0.01054984 -3.3085e-4 0.01407051 0.01059597 -3.36215e-4 0.01458603 0.01037818 -3.37526e-4 0.01505565 0.00995481 -3.34427e-4 0.01535344 0.01996594 -0.003485739 0.01672548 0.02026373 -0.003493726 0.01714885 0.02090489 -0.003495573 0.0163815 0.02073323 -0.003502249 0.01736658 0.02124875 -0.003508925 0.01732039 0.02056097 -0.003482162 0.01544255 0.0201376 -0.003479063 0.01574039 0.01991981 -0.003480374 0.01620995 0.02184379 -0.003505349 0.01603746 0.02154606 -0.003497362 0.01561409 0.0210765 -0.003488898 0.01539635 0.02167212 -0.003512084 0.01702255 0.02188992 -0.003510773 0.01655298 0.02077472 -5.0269e-4 0.01739418 0.02030515 -4.94197e-4 0.01717644 0.02000743 -4.8618e-4 0.01675307 0.01996123 -4.80816e-4 0.01623749 0.02017903 -4.79504e-4 0.01576793 0.0206024 -4.82634e-4 0.01547014 0.02111798 -4.89309e-4 0.01542389 0.02158749 -4.97803e-4 0.01564162 0.02188521 -5.0582e-4 0.016065 0.0219314 -5.11184e-4 0.01658058 0.02171361 -5.12495e-4 0.01705014 0.02129024 -5.09396e-4 0.01734793 0.01424378 -0.002561569 0.01183104 0.01478314 -0.002546608 0.009393095 0.01185423 -0.002500236 0.008745431 0.01131492 -0.002515137 0.01118338 0.01529937 -0.002547621 0.008721232 0.01627713 -0.002553522 0.007896721 0.01680523 -0.002550125 0.006731867 0.01678091 -0.002538025 0.005453169 0.01620894 -0.002519607 0.004309356 0.01520055 -0.002498447 0.003522932 0.01395189 -0.002478659 0.003246784 0.0127058 -0.002464115 0.003534734 0.01170474 -0.002457559 0.004330694 0.01114332 -0.00246036 0.005479872 0.0111308 -0.002471983 0.006758749 0.01166957 -0.002490043 0.007918536 0.01450103 -0.00232625 0.007603824 0.01521015 -0.002344727 0.008545517 0.01515728 -0.002331078 0.007142186 0.01612049 -0.00235027 0.007777869 0.01549488 -0.002329051 0.006414353 0.01661211 -0.002347052 0.006693363 0.01542329 -0.002320706 0.005615234 0.01658952 -0.002335846 0.00550282 0.01496183 -0.002308309 0.004959046 0.01605695 -0.00231868 0.004437923 0.01511812 -0.002298951 0.003705739 0.01423406 -0.002295196 0.004621505 0.01395559 -0.002280533 0.003448665 0.01343494 -0.002284765 0.00469321 0.01279544 -0.002267003 0.003716707 0.01277875 -0.002279937 0.005154788 0.01186341 -0.002260923 0.004457771 0.01244115 -0.002281963 0.00588262 0.01134067 -0.002263486 0.005527675 0.01251268 -0.002290308 0.00668174 0.01132899 -0.002274274 0.006718337 0.0129742 -0.002302706 0.007337987 0.01301574 -0.002361238 0.01364201 0.01129543 -0.002319574 0.01169699 0.01167058 -0.002339899 0.01334452 0.01090109 -0.00231719 0.01203066 0.01058733 -0.00231713 0.01249355 0.01040303 -0.002311587 0.01216769 0.01025092 -0.002309441 0.0121659 0.01426768 -0.002370536 0.01277512 0.01466149 -0.002379059 0.01310938 0.01435691 -0.002376854 0.01332712 0.01480013 -0.002381563 0.01317185 0.0140509 -0.002363264 0.01230627 0.01405131 -0.002358496 0.01178973 0.01370197 -0.002315878 0.007675468 0.01459062 -0.002343595 0.00935173 0.0148108 -0.002342283 0.00887978 0.01183068 -0.002291142 0.007798194 0.01205176 -0.002298533 0.008269667 0.01205229 -0.002303361 0.008790433 0.01151293 -0.002318263 0.01122844 0.01414442 -0.006295979 0.004781782 0.01419693 -0.00249648 0.00481671 0.01344847 -0.006286919 0.004844188 0.01350098 -0.002487421 0.004879117 0.01287692 -0.006282687 0.005246222 0.01292943 -0.002483248 0.00528115 0.01258289 -0.006284475 0.005880177 0.0126354 -0.002484977 0.005915105 0.01264524 -0.006291747 0.00657618 0.01269775 -0.002492249 0.006611108 0.01304715 -0.006302535 0.007147729 0.01309967 -0.002503037 0.007182657 0.01368105 -0.006313979 0.007441699 0.01373356 -0.002514541 0.007476568 0.01437699 -0.006323039 0.007379293 0.0144295 -0.002523541 0.007414162 0.01494854 -0.006327271 0.00697726 0.01500105 -0.002527773 0.007012128 0.01524257 -0.006325483 0.006343305 0.01529508 -0.002525985 0.006378173 0.01518028 -0.006318211 0.005647301 0.0152328 -0.002518773 0.005682229 0.01477831 -0.006307423 0.005075752 0.01483082 -0.002507925 0.005110681 0.01382714 -0.008883357 0.003988564 0.01427316 -0.006290972 0.004042923 0.01341772 -0.008878171 0.00403881 0.01319056 -0.006276905 0.004140019 0.01235765 -0.008869051 0.004638373 0.01266878 -0.00887084 0.00437045 0.01230144 -0.006270349 0.004765391 0.01302802 -0.008873939 0.004167258 0.01315468 -0.00887525 0.004116117 0.0119183 -0.00886929 0.00533086 0.01210385 -0.008868515 0.00496304 0.01226556 -0.008868694 0.004741549 0.01194107 -0.006284356 0.006834208 0.01177763 -0.008874773 0.006138145 0.01184409 -0.00627309 0.00575155 0.01180839 -0.008871436 0.005726575 0.01215863 -0.008890688 0.007295131 0.01242697 -0.008897244 0.007607042 0.01256626 -0.006301164 0.007723271 0.01195639 -0.008884608 0.006937205 0.01190513 -0.008882761 0.006810307 0.0135523 -0.006318986 0.008180558 0.01311808 -0.008910834 0.008045971 0.01253038 -0.008899569 0.00769937 0.01472759 -0.008932709 0.008007586 0.01459902 -0.008931457 0.008059561 0.0146349 -0.006333053 0.008083462 0.01392871 -0.008923351 0.008187115 0.01351642 -0.008917391 0.008156657 0.01552402 -0.006339609 0.007458031 0.01539701 -0.008937656 0.007536292 0.01508563 -0.008935809 0.007804811 0.01598137 -0.006336867 0.006471931 0.01594567 -0.008935213 0.006446957 0.01583546 -0.008937358 0.006844639 0.01548814 -0.008937954 0.007434189 0.01579672 -0.00892204 0.005237221 0.01584851 -0.008923947 0.005365371 0.01588445 -0.006325602 0.005389273 0.01592582 -0.008927404 0.005628466 0.01597607 -0.008931875 0.006037354 0.01559454 -0.00891596 0.004879832 0.0152592 -0.006308794 0.00450021 0.01532518 -0.008909404 0.004567205 0.01423728 -0.008889317 0.004019081 0.01463359 -0.008895814 0.004128992 0.01522332 -0.008907139 0.004476308 0.01061493 -3.17439e-4 0.01251196 0.01139324 -3.34486e-4 0.01319718 0.01169824 -3.40208e-4 0.01336294 0.01235407 -3.51354e-4 0.01358735 0.01438456 -3.77163e-4 0.01334553 0.01338982 -3.66136e-4 0.01363867 0.01304334 -3.61547e-4 0.01366037 0.005101859 -0.00397706 0.01091814 0.01011282 -3.06412e-4 0.01206982 0.009937405 -0.002425372 0.01196831 0.009809851 -0.002421259 0.01190906 0.009704351 -0.002397656 0.01186805 0.01502633 -3.84316e-4 0.01315635 0.01564037 -0.002400815 0.01316541 0.01562631 -0.002408087 0.01316249 0.01559787 -0.002422094 0.01315695 0.01553994 -0.002447783 0.01314693 0.0154193 -0.002488017 0.01313167 0.01516407 -0.002508223 0.01312404 0.01185381 -0.002496242 0.00831145 0.0149666 -0.002545535 0.008999764 0.01475226 -0.002578735 0.01293075 0.0145449 -0.002574503 0.0127846 0.01442408 -0.002571642 0.01265221 0.01426661 -0.002566635 0.01234817 0.01424348 -0.002565562 0.0122615 0.01038998 -0.002509593 0.01196616 0.01063972 -0.002512633 0.01192104 0.01080507 -0.002514243 0.01185196 0.01113367 -0.002516269 0.01157385 0.01107609 -0.00251609 0.01164269 -0.01191627 -0.003605782 -0.001943767 -0.01192986 1.25691e-4 -0.001804888 -0.01198077 -0.003557622 -0.001838743 -0.012133 1.27122e-4 -0.001655161 0.02350765 -0.002294421 -0.00204581 0.02342754 -0.008093595 -0.002099156 0.007827103 -1.13353e-4 -0.005501389 0.007720291 -0.007844626 -0.005572438 -0.007740437 -0.007676541 -0.005760669 -0.007781624 1.03072e-4 -0.005581676 -0.007888317 -0.007618963 -0.005652606 -0.008133172 1.06767e-4 -0.005454778 -0.01014637 1.37076e-4 -0.005727767 -0.01054507 1.40801e-4 -0.005533635 -0.01164007 0.004230678 0.00271517 -0.01158273 0.008380115 0.002753257 -0.01077419 0.004195868 0.005203187 -0.01071685 0.008345305 0.005241334 -0.009386241 0.004156112 0.007442295 -0.009328901 0.008305549 0.007480442 -0.007543027 0.004113316 0.009324431 -0.007485687 0.008262753 0.009362518 -0.005333542 0.004069626 0.01075887 -0.005276203 0.008219063 0.01079702 -0.002864241 0.004027068 0.01167649 -0.002806901 0.008176505 0.01171463 -2.54131e-4 0.003987729 0.0120331 -1.96799e-4 0.008137166 0.01207125 0.002370953 0.003953456 0.01181143 0.002428293 0.008102893 0.01184958 0.004884481 0.003925979 0.01102226 0.004941821 0.008075416 0.01106041 0.03222948 0.007127702 -0.00457257 0.03200113 0.007131516 -0.004637539 0.03273928 0.008495807 -0.00310254 0.03159183 0.008737683 -0.003271162 0.03232389 0.008725523 -0.003046989 0.03259366 0.008592188 -0.003069877 0.03243678 0.008723616 -0.003006458 0.03300327 0.008375167 -0.003104805 0.03368645 0.007102191 -0.004024744 0.03313255 0.007112145 -0.004261851 0.03038573 0.007157087 -0.004959583 0.02853786 0.007183909 -0.005069255 0.0302565 0.008758544 -0.003528177 0.02845144 0.008384466 -0.003979027 0.0295068 0.008769512 -0.003597795 0.02842581 0.008741021 -0.003655254 0.03328025 0.008322238 -0.003027439 0.03333926 0.008322 -0.002998888 0.03401392 0.007096171 -0.003866016 0.03352499 0.008327722 -0.002898931 0.03486669 0.00707972 -0.003379762 0.03395992 0.008338034 -0.002645552 0.03524345 0.007072091 -0.003127098 0.03450274 0.008343815 -0.002288281 0.03099668 0.00874722 -0.003408253 0.03097432 0.008746743 -0.003328382 0.0298478 0.008764445 -0.003555238 0.03226137 0.008724987 -0.002895832 0.03904223 -4.59e-4 0.006937325 0.03890675 -4.34086e-4 0.004431366 0.03941953 -4.47944e-4 0.005167841 0.03151017 -4.59835e-4 0.01835626 0.02299022 -3.1136e-4 0.0150088 0.02390176 -3.61934e-4 0.01914376 0.02615809 -3.94061e-4 0.01924669 0.02822852 -4.21598e-4 0.01912754 0.03249013 -4.6967e-4 0.01795232 0.03117686 -4.34056e-4 0.01605129 0.03758347 -4.82634e-4 0.01170426 0.03859293 -4.75481e-4 0.009406507 0.02321726 -3.15294e-4 0.01509696 0.02509278 -3.4897e-4 0.01593971 0.02709925 -3.80829e-4 0.01638901 0.02915513 -4.09558e-4 0.01642674 0.03292959 -4.51907e-4 0.01535701 0.03324413 -4.57272e-4 0.01546794 0.03344243 -4.78431e-4 0.01747339 0.0337041 -4.63649e-4 0.01547098 0.0351963 -4.922e-4 0.0163334 0.0341314 -4.68001e-4 0.01530075 0.03671079 -5.00843e-4 0.01499676 0.03606873 -4.801e-4 0.01370537 0.03738301 -5.03287e-4 0.01425284 -0.01596051 3.9424e-4 -0.003202438 -0.01554757 4.06936e-4 -0.005202889 -0.01507115 3.01257e-4 0.005579829 -0.01410359 2.68623e-4 0.007676601 -0.01289963 2.34589e-4 0.009567141 -0.01152569 2.00704e-4 0.01118892 -0.01077026 1.83657e-4 0.011909 0.03879749 -5.03585e-4 0.01215869 0.01496315 -1.84104e-4 0.01323384 0.01404166 -1.75699e-4 0.01370203 0.01289147 -1.61245e-4 0.01385951 0.01175802 -1.43274e-4 0.01360887 0.01078152 -1.24022e-4 0.01298117 0.01014351 -1.0772e-4 0.01216804 -0.01544374 3.16426e-4 0.004490017 -0.01607972 3.55736e-4 0.001167654 -0.01614481 3.76597e-4 -0.001003265 -0.009214043 1.51262e-4 0.013094 -0.00310266 4.45993e-5 0.01551234 -0.005439519 8.27165e-5 0.01487588 -0.007481038 1.1845e-4 0.01405966 0.03341448 0.006911039 0.01719832 0.03391432 0.008468151 0.01532489 0.03375959 0.008536517 0.01536262 0.03414589 0.008413612 0.0152142 0.03485417 0.006899416 0.01628243 0.03508257 0.008337378 0.01453447 0.03613883 0.00689125 0.01522266 0.03524464 0.008325755 0.01440006 0.03329563 0.008540153 0.01566445 0.03274214 0.008544802 0.01598769 0.03188061 0.006925761 0.01792758 0.03191286 0.008552432 0.01640385 0.02989327 0.00857383 0.01711648 0.03028345 0.006943225 0.0184558 0.0309177 0.008562505 0.01680558 0.03135156 0.008558034 0.01664292 0.02248328 0.001853883 -0.002184092 0.02206271 0.001860558 -0.002277135 0.02245217 0.001855134 -0.002268731 0.03250354 0.001724183 -0.003134369 0.0323764 0.001725494 -0.003087818 0.03046691 0.001757442 -0.003695607 0.0226224 0.001851797 -0.002163469 0.02281534 0.001851379 -0.002409756 0.0243839 0.00183624 -0.00311917 0.02509665 0.001829802 -0.003493964 0.02635836 0.001814484 -0.003724098 0.02757322 0.001800179 -0.003990292 0.02841413 0.0017879 -0.003918886 0.03009599 0.001764178 -0.003868937 0.03251326 0.001724064 -0.003137171 0.03904819 -2.34708e-4 0.00428909 0.03907305 0.001565039 0.00430566 0.03963041 0.001549959 0.005106151 0.03960555 -2.49758e-4 0.005089581 0.03983896 0.001538336 0.00605899 0.03981411 -2.61411e-4 0.00604248 0.02279388 3.01644e-4 -0.002424001 0.02422893 2.888e-4 -0.003185093 0.02507525 2.80067e-4 -0.00350821 0.02648538 2.63885e-4 -0.003868281 0.02755177 2.50414e-4 -0.004004538 0.02883803 2.32771e-4 -0.004020452 0.03249186 1.74299e-4 -0.003151416 0.03116351 1.97098e-4 -0.003633618 0.03007459 2.14443e-4 -0.003883183 0.03853935 -2.1331e-4 0.002726495 0.0389707 -2.18913e-4 0.002688527 0.03856426 0.001586377 0.002743005 0.03899556 0.001580774 0.002705037 0.01848977 0.008141636 0.00524944 0.01864326 0.008148372 0.00428605 0.01865291 0.008846998 0.004292428 0.02975386 0.001966655 -0.003617763 0.02841544 0.001986026 -0.003717064 0.02725207 0.002001583 -0.003657281 0.02780032 0.00873959 -0.003634929 0.03216743 0.001927196 -0.002958297 0.03042805 0.001956224 -0.003498196 0.02269047 0.008148849 -0.001849651 0.02329933 0.008144021 -0.002244353 0.02396291 0.008836925 -0.002596437 0.02745819 0.008746147 -0.003607034 0.02734518 0.008749783 -0.003595232 0.02640002 0.002012133 -0.003526091 0.02645772 0.008810341 -0.003456354 0.02481877 0.002029836 -0.003074467 0.02491265 0.008827626 -0.003012001 0.0244643 0.002033412 -0.002933025 0.02321505 0.002044856 -0.002300381 0.02407199 0.008835911 -0.00265026 0.02298003 0.008845329 -0.002032518 0.02270013 0.008847475 -0.001843273 0.0215401 0.008156061 -9.08386e-4 0.02181446 0.008853256 -0.001144707 0.02083724 0.008158981 -1.68268e-4 0.01946908 0.008857429 0.001926958 0.02108871 0.008856773 -4.33844e-4 0.0208469 0.008857607 -1.61846e-4 0.02004837 0.008160233 8.85363e-4 0.02021628 0.008858799 6.55971e-4 0.01945942 0.008158802 0.00192058 0.0190128 0.008155286 0.002975881 0.01843988 0.008128285 0.006780028 0.01844954 0.008826911 0.006786406 0.01850771 0.00811994 0.007582247 0.01852583 0.008817851 0.007654547 0.018862 0.008099734 0.009246289 0.01887166 0.00879836 0.009252727 0.01906561 0.008091449 0.009847342 0.01923507 0.008784174 0.01025378 0.01935601 0.008780002 0.01052719 0.01988315 0.008064687 0.01153051 0.01981157 0.008765637 0.01140075 0.01989281 0.008763313 0.01153695 0.02019131 0.008754909 0.01199924 0.02013319 0.008057594 0.01192146 0.02058464 0.008744537 0.01253402 0.02143943 0.008025169 0.0134896 0.02093893 0.008735775 0.01295894 0.02144908 0.008723795 0.01349604 0.02160608 0.008720219 0.01364624 0.02343183 0.007983744 0.01500004 0.02237719 0.008703589 0.01429802 0.02127194 0.008727848 0.01331847 0.02165234 0.008020341 0.01369166 0.03305977 0.008547544 0.01521182 0.03293818 -2.49907e-4 0.01513099 0.03264051 0.008551478 0.01541805 0.03112351 -2.31549e-4 0.01586115 0.03170478 0.008560955 0.0157954 0.02810347 -1.93491e-4 0.01626116 0.02883487 0.008595585 0.01633638 0.02914142 -2.07528e-4 0.01622927 0.02977883 0.008583307 0.01625388 0.03059208 -2.25499e-4 0.01600092 0.03071361 0.008571982 0.01608175 0.0307464 0.008571624 0.01607406 0.02333509 0.008684396 0.01494413 0.0234431 0.00868231 0.01500737 0.02331995 -1.15111e-4 0.01492559 0.02458977 0.00866127 0.01557415 0.0251587 -1.48102e-4 0.01575177 0.02574986 0.008641541 0.01597619 0.02562832 -1.5594e-4 0.01589536 0.02613902 0.008635282 0.01607644 0.02712583 -1.79335e-4 0.01619231 0.02790337 0.00860852 0.01632994 0.02822506 0.00860399 0.01634198 0.03613644 0.006850779 0.01509189 0.036179 0.006106138 0.01513344 0.03531575 0.008168101 0.0143361 0.03528755 0.006125926 0.01431733 0.03458362 0.008203744 -0.002230763 0.03455716 0.00628829 -0.002248346 0.03526598 0.007031083 -0.00300461 0.0352981 0.006285488 -0.003057837 0.03530454 0.006285429 -0.00306487 0.03530508 0.006274938 -0.003065705 0.01596957 0.007921159 0.01126289 0.01591295 0.00382173 0.01122522 0.01590436 0.003833711 0.009934663 0.01596099 0.007933139 0.009972333 0.01533669 0.003852188 0.00877577 0.01539331 0.007951617 0.00881344 0.0143224 0.003873586 0.007977962 0.01437902 0.007973015 0.008015632 0.01306235 0.003893554 0.00769937 0.01311898 0.007992982 0.00773704 0.01180619 0.003908157 0.007995069 0.01186281 0.008007586 0.008032739 0.01080256 0.003914594 0.008806526 0.01085925 0.008014023 0.008844196 0.01025044 0.003911495 0.009973108 0.01030707 0.008010923 0.01001077 0.009928524 0.003902554 0.01142817 0.009985148 0.008001983 0.01146584 0.01580703 0.003818809 0.0117039 0.01586371 0.007918238 0.01174157 0.01700413 0.007886052 0.01353001 0.0169475 0.003786623 0.01349234 0.01642042 0.003795981 0.01326292 0.0164684 0.007895588 0.01329457 0.0160107 0.003805518 0.01284033 0.01606351 0.007905066 0.01287204 0.01579517 0.003813564 0.0122925 0.01585119 0.007913053 0.01232671 0.009332358 0.003907322 0.01180839 0.009389042 0.008006751 0.01184606 0.009523928 0.00390464 0.01181316 0.009647548 0.008003294 0.01183462 0.009590923 0.003903865 0.01179695 0.009707212 0.003902733 0.011743 0.00986576 0.008001565 0.01169544 0.009809136 0.003902077 0.01165777 0.009849369 0.003902018 0.0116077 0.005296647 0.009148895 -0.008475601 0.00544393 0.009149253 -0.008735835 0.004187464 0.009170591 -0.00916785 0.003063678 0.00918895 -0.009474694 0.002872526 0.009192168 -0.009536325 0.002715647 0.009194672 -0.00957477 -0.008183479 3.13237e-4 -0.006082117 -0.006516575 3.06383e-4 -0.007842183 -0.004481494 2.90379e-4 -0.009159266 -0.002193152 2.6609e-4 -0.009958863 0.004503726 1.83091e-4 -0.01099562 0.004871428 1.59308e-4 -0.00896126 0.002619206 1.98648e-4 -0.009856998 2.19152e-4 2.34947e-4 -0.01019591 7.80166e-4 2.42099e-4 -0.01181894 0.003075003 2.06396e-4 -0.01138424 -3.22684e-4 2.58401e-4 -0.0119332 0.03846156 -4.10124e-4 0.002494156 0.038378 -4.08366e-4 0.00242877 0.03832244 -4.06787e-4 0.002338409 -0.008408427 3.14459e-4 -0.005876719 -0.008693814 3.1744e-4 -0.005770266 -0.008998274 3.21701e-4 -0.005778193 0.03555029 -3.31476e-4 -0.001688122 0.03649753 -3.36692e-4 -0.00254482 0.03715705 -3.5204e-4 -0.001865684 0.03856265 -4.11823e-4 0.002526342 0.03930181 -4.12538e-4 0.001491904 0.0389077 -4.16323e-4 0.002496004 0.03957253 -4.22463e-4 0.00216639 0.03959083 -4.23774e-4 0.002280175 0.03716832 -3.70875e-4 1.65399e-4 0.0331704 -2.71216e-4 -0.004666566 0.03355318 -2.90677e-4 -0.003125131 0.03224217 -2.55421e-4 -0.004989385 0.03128153 -2.50593e-4 -0.004070281 0.03035289 -2.25589e-4 -0.005394816 0.03885477 -3.97876e-4 5.68755e-4 0.03833991 -3.82706e-4 -3.07862e-4 0.03407758 -2.87518e-4 -0.004256367 0.03495615 -3.04267e-4 -0.003753364 0.02885437 -2.1334e-4 -0.004473984 0.02639901 -1.80855e-4 -0.004315197 0.02404397 -1.54868e-4 -0.003602147 0.0220763 -1.3791e-4 -0.002491176 0.02057862 -9.33258e-5 -0.005088567 0.01417917 1.03267e-5 -0.00674653 0.008928 7.04976e-5 -0.005398631 0.01578617 -1.71809e-5 -0.006170392 0.01836526 -5.94108e-5 -0.00545299 0.006848633 1.19105e-4 -0.007559239 0.008439064 8.03025e-5 -0.005730211 0.008651793 7.5415e-5 -0.005517661 0.009486258 0.003071784 0.01543092 0.009444832 7.22261e-5 0.01540333 0.009016752 0.003080248 0.01521319 0.008975267 8.07198e-5 0.01518559 0.008718967 0.003088295 0.01478981 0.008677542 8.87068e-5 0.01476222 0.008672833 0.003093659 0.01427423 0.008631408 9.4101e-5 0.0142467 0.008890628 0.003094971 0.01380467 0.008849203 9.54123e-5 0.01377713 0.009314 0.003091871 0.01350688 0.009272575 9.22831e-5 0.01347929 0.009829521 0.003085136 0.01346063 0.009788095 8.55775e-5 0.01343309 0.01029908 0.003076672 0.01367837 0.0102576 7.71137e-5 0.01365083 0.01059681 0.003068625 0.01410174 0.01055538 6.90969e-5 0.0140742 0.01064294 0.003063261 0.01461732 0.01060152 6.37324e-5 0.01458972 0.01042515 0.00306195 0.01508688 0.01038372 6.24211e-5 0.01505929 0.01000177 0.003065109 0.01538467 0.009960353 6.55206e-5 0.01535713 0.009657919 0.00307846 0.01444578 0.02082169 0.002896845 0.01742541 0.0207802 -1.02743e-4 0.01739788 0.02035212 0.002905309 0.01720768 0.02031069 -9.42497e-5 0.01718008 0.02005439 0.002913296 0.01678431 0.02001297 -8.62328e-5 0.01675677 0.02000826 0.00291866 0.01626878 0.01996678 -8.08684e-5 0.01624119 0.020226 0.002919971 0.01579916 0.02018457 -7.95571e-5 0.01577162 0.02064943 0.002916872 0.01550137 0.02060794 -8.26864e-5 0.01547378 0.02116495 0.002910196 0.01545512 0.02112346 -8.93919e-5 0.01542758 0.02163445 0.002901673 0.01567286 0.02159303 -9.78557e-5 0.01564532 0.02193218 0.002893686 0.01609623 0.02189075 -1.05873e-4 0.01606869 0.02197837 0.002888321 0.01661181 0.02193689 -1.11237e-4 0.01658421 0.02176058 0.00288701 0.01708137 0.02171915 -1.12548e-4 0.01705384 0.02133721 0.00289011 0.01737916 0.02129572 -1.09449e-4 0.01735162 0.02099329 0.002903521 0.01644027 0.01908963 0.008727967 0.01658469 0.01902073 0.008323073 0.01693123 0.02045398 0.00870651 0.01687264 0.02039492 0.008301436 0.01722043 0.02206534 0.008681595 0.01716083 0.02202415 0.008276164 0.01751053 0.01838588 0.008739173 0.01642674 0.0176655 0.008750617 0.01626336 0.01603728 0.008370459 0.01626676 0.01683104 0.008763849 0.01607662 0.01611942 0.008775115 0.01592189 0.01336091 0.008818149 0.01538926 0.01230454 0.008428394 0.01556992 0.01432514 0.008803188 0.01556438 0.01236259 0.008833467 0.01522207 0.01037555 0.008863568 0.01493734 0.01033949 0.008458137 0.01528847 0.008237719 0.008895158 0.01471406 0.008198618 0.008489727 0.0150696 0.01273453 0.008618056 -0.005731642 0.01227426 0.008626282 -0.005928754 0.01214182 0.009027779 -0.005591273 0.01866316 0.008719325 -0.003653109 0.01989918 0.008710622 -0.003425896 0.01984405 0.008500277 -0.003628015 0.02096408 0.008701801 -0.003296077 0.02097636 0.008483409 -0.003498375 0.01878625 0.008516669 -0.003813922 0.01867729 0.008518338 -0.003836154 0.01652699 0.008553087 -0.004377126 0.01251679 0.009021162 -0.00543189 0.01304256 0.009011924 -0.005216836 0.01431691 0.008590459 -0.005108594 0.01412969 0.008993029 -0.004796802 0.0158658 0.008564114 -0.00457859 0.01578336 0.008964955 -0.004229068 0.01599907 0.008961379 -0.004161655 0.01864242 0.008918523 -0.003473103 0.01873862 0.008916974 -0.003453314 0.01893287 0.008913934 -0.00341469 0.01998257 0.008897781 -0.003235876 0.02095979 0.008883237 -0.003117918 0.02669644 0.008407592 -0.003852128 0.02489745 0.00843048 -0.003637552 0.02489477 0.008830189 -0.003265619 0.02298104 0.008855164 -0.003101408 0.02237784 0.008863329 -0.003083586 0.02385473 0.0088436 -0.003159165 0.02300667 0.008455157 -0.00347352 0.008707106 0.009090542 -0.0072546 0.008839368 0.008688986 -0.00758928 0.007115125 0.009119689 -0.008030712 0.00723654 0.008718252 -0.008368849 0.005542814 0.008748114 -0.009080111 0.009512484 0.009075701 -0.006847858 0.01034486 0.009060382 -0.00643295 0.01131427 0.00904268 -0.005967855 7.79561e-5 0.009011924 0.01427453 8.39753e-6 0.008606851 0.01462078 0.002202689 0.00898087 0.01445817 0.002152442 0.008575558 0.01480805 0.004233777 0.008952021 0.01454591 0.004193186 0.00854659 0.01489746 0.006227672 0.008923888 0.01460903 0.007335424 0.008908152 0.01465833 0.02190071 0.007059931 0.01855963 0.02447086 0.007021069 0.01886665 0.02449506 0.008645236 0.01746046 0.02579706 0.008626639 0.01752901 0.02586007 0.007000923 0.0189327 0.02668893 0.008614301 0.01752924 0.02681618 0.006987571 0.01892721 0.02784204 0.008598983 0.0174632 0.02805781 0.006970822 0.01884788 0.02865803 0.008588612 0.01736432 0.02894043 0.006959497 0.01873469 -0.01529008 0.00770998 0.003391385 -0.01391077 0.009307265 0.003174364 -0.01552999 0.007724821 0.002099573 -0.01413148 0.009320795 0.002034962 -0.01566565 0.007738053 8.22484e-4 -0.01426035 0.009332835 9.14461e-4 -0.01571017 0.007749676 -4.19945e-4 -0.01429796 0.009352803 -0.001201808 -0.01388162 0.009377002 -0.004459857 -0.01502835 0.007784843 -0.005413413 -0.0141347 0.009367465 -0.003038585 -0.01542919 0.007775247 -0.003739595 -0.01567679 0.00775969 -0.001607716 -0.01358735 0.009292304 0.00431627 -0.01072525 0.007573604 0.01143306 -0.009643971 0.007550418 0.01234269 -0.008749842 0.009162008 0.01121985 -0.009684443 0.009182035 0.01044571 -0.009743094 0.009183347 0.01039171 -0.01153087 0.007592201 0.01061469 -0.01048129 0.009200334 0.00964874 -0.01054555 0.009201884 0.009578168 -0.01227569 0.007610619 0.00972867 -0.01116245 0.009217143 0.008846402 -0.01296955 0.007629036 0.00876367 -0.01132857 0.009221434 0.008630871 -0.01359242 0.007646977 0.007747054 -0.01236391 0.009250164 0.007059872 -0.01413762 0.007664144 0.006694555 -0.01264178 0.009258687 0.006551444 -0.01460516 0.007680475 0.005609929 -0.01328623 0.009280502 0.005145728 -0.01493579 0.007693469 0.004678845 -0.01498985 0.007695794 0.004507243 0.01881408 0.00710839 0.01797074 0.01582187 0.007155895 0.01730364 0.02672296 0.007208168 -0.004959821 0.02490556 0.007231414 -0.004753291 0.02303212 0.007255792 -0.00458759 0.02104902 0.007283389 -0.004600882 -0.001092433 0.009029567 0.01411545 -0.007961153 0.009146153 0.01175957 -0.008787512 0.007533311 0.01293379 -0.007135868 0.009130358 0.01223623 -0.007893502 0.007516324 0.01345455 -0.005380511 0.009098827 0.0130245 -0.005999803 0.007482707 0.01431232 -0.004461348 0.009083211 0.01334244 -0.005012691 0.007466137 0.01465672 -0.003365159 0.00906521 0.01365441 -0.003840327 0.007447123 0.01499348 -0.002169787 0.009046196 0.01392465 -0.002568483 0.007427155 0.01528429 -0.00142908 0.007409811 0.01548898 -2.00271e-4 0.007391512 0.01565957 0.01213043 0.007213175 0.01661354 0.0101087 0.007243692 0.01632654 0.008071959 0.007273674 0.01612228 0.01263684 0.007422089 -0.006940841 0.01461827 0.007387161 -0.006139814 0.01675057 0.007350921 -0.00543338 0.01892906 0.007315576 -0.004895687 0.002001762 0.007359623 0.01585769 0.004071414 0.007330358 0.01595211 0.009236037 0.007484376 -0.00859338 0.007600843 0.007513999 -0.009383201 0.005839467 0.007544696 -0.01011288 0.003868103 0.00757724 -0.01074928 -0.002232074 0.007667183 -0.01148909 -0.001931428 0.009263336 -0.01005858 -0.001293301 0.007654666 -0.01153475 -0.001189172 0.009253382 -0.01009035 -3.01137e-4 0.007640838 -0.01150202 6.27362e-4 0.009227097 -0.009967029 6.0995e-4 0.007627606 -0.01141399 0.001776754 0.007610082 -0.01123386 0.001809656 0.009208977 -0.009773015 0.003068685 0.007589995 -0.01095759 -0.00268507 0.009272813 -0.009958028 -0.003078818 0.007677793 -0.01136553 -0.003419339 0.009281337 -0.009783565 -0.003861427 0.007686972 -0.01117289 -0.004667341 0.009294033 -0.009285628 -0.005249619 0.007701396 -0.0106256 -0.005706667 0.009302496 -0.008644402 -0.006505846 0.007712006 -0.009875655 -0.00656867 0.00930792 -0.007939338 -0.007413268 0.007717788 -0.009170949 0.03576481 0.005071997 -0.002959251 0.03572332 0.00616765 -0.002874374 0.03650349 0.006150543 -0.002188682 0.03999865 0.006039559 0.004605948 0.04017102 0.002547383 0.00453931 0.0399571 0.002560198 0.003464877 0.03978085 0.006052732 0.003518939 0.03966861 0.002573192 0.00248605 0.03946137 0.006066799 0.002461969 0.03930121 0.00258696 0.001538276 0.03901374 0.006083071 0.001367866 0.03885591 0.002601563 6.18733e-4 0.03854936 0.006097733 4.69539e-4 0.03834307 0.002616703 -2.5443e-4 0.03796058 0.006114482 -4.65133e-4 0.03716486 0.00264728 -0.00180602 0.03729397 0.006131768 -0.001338005 0.03650796 0.002662599 -0.002482414 0.03581178 0.002677738 -0.003087043 0.03341263 0.008541345 0.01535552 0.01934415 0.008743226 0.01454454 0.01893103 0.008752942 0.01410603 0.01855182 0.008764445 0.01342701 0.01986545 0.00873351 0.01482087 0.0216093 0.008704423 0.01536095 0.02042293 0.008723855 0.01502901 0.01850855 0.008746922 0.01539921 0.01792955 0.008758008 0.01506125 0.01679438 0.008773207 0.01511359 0.01734054 0.008770883 0.01454758 0.01829087 0.008765935 0.01365947 0.01753073 0.008796632 0.0114578 0.01903599 0.008782923 0.0106852 0.01867079 0.008773982 0.01221215 0.01828145 0.008789837 0.01107209 0.01779299 0.008779883 0.01288795 0.01695305 0.008785188 0.01357638 0.01752066 0.008775293 0.01379817 0.01664131 0.008780121 0.0145936 0.01657241 0.008779227 0.01479637 0.01625061 0.008776009 0.01563143 0.01170843 0.009022057 -0.004314959 0.008249104 0.008898735 0.01430422 0.02079045 0.00887376 -0.001831769 0.02022808 0.008859097 6.07226e-4 0.02067691 0.008870244 -0.001281678 0.01932501 0.008883953 -7.39046e-4 0.01880192 0.008869409 0.001631736 0.01775109 0.008841931 0.006200313 0.0118407 0.008865356 0.01253551 0.01156336 0.008871257 0.01230949 0.01408118 0.008832454 0.01274824 0.01365232 0.008837103 0.01288956 0.01320481 0.008842766 0.01294434 0.01318156 0.008843064 0.01294475 0.01275599 0.008849263 0.0129109 0.01232057 0.008856415 0.01279002 0.01520204 0.008826732 0.01168471 0.01492995 0.008817076 0.01314651 0.01541626 0.008829712 0.0110405 0.01552212 0.008830964 0.01074647 0.01544427 0.008831381 0.01081466 0.01481509 0.00882709 0.01223206 0.01457464 0.008828401 0.01245093 0.01462835 0.008810162 0.01435434 0.0141443 0.008831858 0.01271915 0.01664197 0.008858859 0.006026387 0.01552993 0.008876204 0.00581026 0.01491546 0.008853793 0.009170055 0.01530313 0.008842349 0.009834706 0.0153951 0.008838236 0.01014304 0.01544994 0.008833348 0.01059156 0.01317185 0.008885502 0.008345305 0.01354789 0.008879959 0.008379697 0.01441508 0.008893907 0.005558013 0.01413458 0.008870184 0.008566141 0.01473909 0.008857965 0.008981645 0.01148599 0.008902251 0.009058535 0.01149702 0.008902192 0.009047031 0.01217925 0.008930325 0.00495845 0.01182699 0.008900225 0.008764564 0.01220577 0.008896946 0.008548438 0.01222026 0.008896827 0.008541941 0.01264697 0.008892238 0.008401095 0.01309657 0.008886516 0.008345842 0.01100528 0.008901894 0.009817063 0.01120847 0.008902788 0.009413719 0.01016837 0.008916676 0.009466171 0.01106077 0.008948981 0.004608154 0.01086235 0.008894145 0.01087409 0.01088517 0.008899569 0.01025021 0.01097756 0.008901596 0.009892761 0.00972402 0.008899152 0.01204323 0.00945574 0.00889039 0.01340228 0.01090639 0.008891046 0.01114726 0.01093721 0.008889496 0.01126927 0.01116901 0.00888133 0.01181232 0.01770216 0.00888741 0.001322865 0.01316851 0.008961141 1.16884e-4 0.01203149 0.00897926 -1.45533e-4 0.01368767 0.00897634 -0.002319037 0.01256471 0.0089944 -0.002590596 0.01281195 0.009002864 -0.003884792 0.01395148 0.008983969 -0.00354135 0.01543521 0.008923947 7.58882e-4 0.00835222 0.008907675 0.01318031 0.008520007 0.008915543 0.01207 0.008981347 0.008932888 0.00948739 0.01659893 0.008815705 0.01078736 0.01595777 0.008802473 0.01318711 0.01963686 0.008890986 -0.001976251 0.01822167 0.008902132 -0.001058101 0.009943723 0.008967995 0.004221379 0.01055109 0.008988261 0.001104831 0.01159334 0.009019494 -0.003864347 0.0210517 0.008857727 -4.82437e-4 0.021223 0.008862674 -0.001277506 0.02134352 0.008868098 -0.002050638 0.02276504 0.008851885 -0.002421081 0.02206212 0.00886017 -0.00227046 0.03792107 0.004891872 0.0134077 0.03799653 0.002495527 0.01346099 0.03863346 0.002495884 0.0124613 0.03848403 0.005989253 0.01238572 0.03785949 0.005988776 0.01336455 0.03879779 0.002496302 0.01216453 0.03901135 0.005991399 0.01135528 0.03917169 0.00249809 0.01140707 0.03924101 0.002498567 0.01125121 0.03944414 0.005995392 0.01026952 0.03960835 0.002502143 0.0103091 0.03994065 0.002507984 0.009178102 0.03976428 0.006000876 0.009186148 0.04010921 0.002512991 0.008375406 0.03998899 0.006008207 0.008050084 0.0401659 0.002515435 0.008024871 0.04028123 0.002524554 0.006860136 0.04010492 0.006017148 0.00690484 0.04028385 0.002535223 0.005694687 0.04010903 0.006027758 0.005739867 -0.006369709 0.009301304 -0.00751698 -0.006244957 0.009300529 -0.007621884 -0.006958067 0.009304404 -0.006971776 -0.007935702 0.009314715 -0.006622493 -0.007533609 0.009306609 -0.006342351 -0.008571863 0.009318947 -0.006123423 -0.00800085 0.009307503 -0.005740165 -0.009268045 0.009325623 -0.005802929 -0.008811831 0.009316623 -0.005509734 -0.008056044 0.009307563 -0.005662381 -0.008352756 0.009307563 -0.00521475 -0.004400372 0.009286165 -0.00883156 -0.005389094 0.009294509 -0.008256018 -0.001904129 0.0092597 -0.009706914 -0.001861333 0.009259223 -0.009715735 -0.003250539 0.00927484 -0.00932759 -0.004275202 0.009285032 -0.008894026 5.94475e-4 0.009226977 -0.009904623 -0.001028418 0.009248912 -0.009848475 0.011949 0.009028494 -0.005376517 0.0094527 0.009045958 -0.003522753 0.01078194 0.009035408 -0.004376173 0.01007944 0.009052336 -0.005158603 0.008644938 0.009072065 -0.005153119 0.008810341 0.009067237 -0.004873931 0.009037017 0.009060263 -0.004453837 0.007304847 0.009106457 -0.006877779 0.007756352 0.009095668 -0.006379723 0.008008718 0.009094238 -0.006608486 0.008219718 0.009083807 -0.005789101 0.008718311 0.009080648 -0.006194591 0.009421408 0.0090667 -0.005735516 0.005348324 0.009147882 -0.00844419 0.01152688 0.00903058 -0.004966795 0.01067668 0.009047746 -0.005558073 0.00988239 0.009063541 -0.006083309 0.006667792 0.009120821 -0.007479608 0.01063084 0.009029209 -0.003471493 0.01040714 0.009022593 -0.002417206 0.01090425 0.009018063 -0.002672016 0.01117831 0.009025156 -0.00385499 0.008280575 0.008927881 0.01108497 0.005551755 0.008989512 0.008482873 0.006150126 0.008970141 0.00968939 0.005618393 0.008988976 0.008439421 0.006685793 0.008952558 0.01080095 0.00631082 0.008984029 0.007940649 0.009849727 0.008985877 0.002414286 0.008964478 0.008976578 0.00475943 0.007700979 0.008968472 0.00754249 0.0104289 0.009003043 -3.24179e-4 0.01011812 0.009007096 -2.97592e-4 0.01012408 0.00900501 -7.71959e-5 0.01009702 0.009010791 -6.68958e-4 0.009770214 0.009032726 -0.002558588 0.009867429 0.009027838 -0.002173781 0.007951855 0.008937835 0.01050043 0.007746994 0.008930087 0.01165109 0.008071005 0.008918762 0.0123924 0.007944345 0.00890845 0.0137102 0.008388876 0.008952379 0.008257865 0.007270574 0.008957445 0.00939095 0.007523834 0.008977651 0.006810784 0.007590115 0.008921861 0.0127806 0.007909536 0.008909821 0.01361 0.005937457 0.008957147 0.01142829 0.005213975 0.008963763 0.01179569 0.005718469 0.008943915 0.01319277 9.13703e-4 0.009039163 0.01005244 2.00123e-4 0.009048759 0.01008325 0.001925885 0.009006857 0.01204884 0.00361067 0.008983731 0.01203066 0.00302273 0.009013712 0.009654462 0.00168538 0.009029388 0.009961068 0.0033679 0.009009957 0.00954312 0.00442481 0.008973181 0.01195794 0.003634691 0.009007155 0.009447395 0.004239618 0.009001076 0.009197771 0.004872679 0.008995234 0.008884549 0.004827499 0.008955597 0.0132637 0.003921866 0.008967876 0.01328688 0.005972802 0.008933901 0.01389968 0.006944775 0.008921384 0.01380372 0.006586372 0.008933901 0.01297986 -0.006064236 0.009155035 0.007937431 -0.00537163 0.009140908 0.008436977 -0.004638314 0.009126722 0.008875906 -0.003985762 0.009114742 0.009199321 -0.003068089 0.009098768 0.009559929 -0.001589953 0.009074866 0.009935379 -0.008360683 0.009210348 0.005372226 -0.008786916 0.009223163 0.004616916 -0.00911045 0.00923413 0.003914475 -0.009428977 0.009246647 0.003031015 -0.009641647 0.009257018 0.002222418 -0.007318735 0.009183228 0.006760001 -0.007867991 0.009196937 0.006091237 -0.007869243 0.009196996 0.006089627 -0.006714642 0.009169161 0.007377803 -0.006123244 0.009156286 0.007890522 -0.009607911 0.009297192 -0.002200663 -0.009312331 0.009302437 -0.003215253 -0.01161497 0.009340047 -0.003844141 -0.009812653 0.009289085 -0.001009166 -0.009825468 0.009288132 -8.85539e-4 -0.00985831 0.009274721 6.21117e-4 -0.009783685 0.009266376 0.001416325 -0.009772539 0.009265482 0.00149703 -0.01006782 0.009335637 -0.005693256 -0.008693158 0.009306848 -0.004626452 -0.008718371 0.009306728 -0.004578948 -0.009314835 0.009314477 -0.004523217 -0.008983314 0.009305417 -0.004037499 -0.009050488 0.009305 -0.003885746 -0.01362204 0.00938183 -0.005372107 -0.013659 0.009381413 -0.00527358 -0.009150028 0.009304165 -0.003647148 -0.009228229 0.00930339 -0.003446698 -0.01011258 0.009331405 -0.005166411 -0.01091486 0.009347736 -0.005738258 -0.0124281 0.009370923 -0.005981326 -0.01277124 0.009375989 -0.00601834 -0.01294839 0.009378373 -0.006014287 -0.01306605 0.009379804 -0.005993783 -0.01330435 0.009382009 -0.005872607 -0.01340073 0.009382426 -0.005774974 -0.01401406 0.007788121 -0.00715363 -0.01366859 0.007809817 -0.007313907 -0.01333171 0.007866442 -0.007342755 -0.01317524 0.007896006 -0.007331609 -0.01275295 0.00792545 -0.007302045 -0.01479482 0.007787644 -0.006049573 -0.0146293 0.007788717 -0.006396234 -0.01428538 0.007789134 -0.006904304 -0.01416033 0.007788777 -0.00703299 0.03528952 0.00617671 -0.003199279 0.03493493 0.005088984 -0.003550887 0.03226864 0.002743661 -0.00491631 0.03038531 0.002773404 -0.005319356 0.03039282 0.005167007 -0.005161583 0.0349726 0.002694904 -0.003685891 0.03406924 0.005105614 -0.004045546 0.03409737 0.002711594 -0.004186749 0.03317499 0.005121767 -0.004448592 0.03319358 0.002727866 -0.0045951 0.03225934 0.005137383 -0.004765331 0.02852755 0.005194008 -0.005277276 0.02850717 0.002800524 -0.005439519 0.03030824 0.004949688 0.01861518 0.03619122 0.005994439 0.01527124 0.03550261 0.004901826 0.01597231 0.03638708 0.004896759 0.0151897 0.03719657 0.004893362 0.0143333 0.03706538 0.005990624 0.01436907 0.03726482 0.002497017 0.01439636 0.0364474 0.002500414 0.01526182 0.0355544 0.002505481 0.01605266 0.03520894 0.002507746 0.01632386 0.03455328 0.004908502 0.01667642 0.03459608 0.002512216 0.01676416 0.03358268 0.002520442 0.0173918 0.03354912 0.004916727 0.01729738 0.03252434 0.002530157 0.0179308 0.0325002 0.004926383 0.01783061 0.03143131 0.002541184 0.01837658 0.03141659 0.00493741 0.01827138 0.03031384 0.002553462 0.0187245 0.04018354 0.001547634 0.004526019 0.04029977 0.001534759 0.005753755 0.04028522 0.001537501 0.005478978 0.04028588 0.001523554 0.006996154 0.04030805 0.001528322 0.006440043 0.03990536 0.001507043 0.009363532 0.04012179 0.001513183 0.008370578 0.0401656 0.001514971 0.008105456 0.03952163 0.001501142 0.01058328 0.03906178 0.001497507 0.01166754 0.03800523 0.001045763 0.0134676 0.03880864 0.001046597 0.01216751 0.0390318 -3.94657e-4 0.01170313 0.03905105 0.001501619 0.01123654 0.0390262 -2.98098e-4 0.01122003 0.03939032 0.001576483 0.002580344 0.03947997 0.001575648 0.00253427 0.03898668 0.001566648 0.004256725 0.03889852 0.0015679 0.004253029 0.03848725 0.001587629 0.002726674 0.03954929 0.00157541 0.002461135 0.03994876 0.001561522 0.003368616 0.03959053 0.001575648 0.002369225 0.04006427 0.001555383 0.003863513 0.03959965 0.001576066 0.002309739 0.039599 0.001576483 0.00226885 0.03958159 0.001577436 0.002190649 0.03917944 0.001510083 0.01012343 0.03969258 0.001521408 0.008120954 0.03915458 -2.89634e-4 0.01010692 0.03966772 -2.78339e-4 0.008104443 0.03901076 -2.95356e-4 0.01094633 0.03957551 -1.91256e-4 0.002168595 0.03581297 0.00122857 -0.003128349 0.03651124 0.001213312 -0.002521872 0.03931272 0.001137554 0.001510858 0.0388661 0.001152157 5.88603e-4 0.03835171 0.001167356 -2.87153e-4 0.03717005 0.001197993 -0.001843452 0.0393843 -1.92866e-4 0.00255829 0.03938394 -2.23443e-4 0.002557992 0.03948956 -1.93521e-4 0.002499639 0.03956329 -1.93432e-4 0.002404332 0.03959357 -1.92657e-4 0.002287685 0.03956472 -3.22506e-4 0.002396702 0.03951233 -2.63139e-4 0.002476334 0.03945559 -2.34589e-4 0.002524197 0.02256757 0.007953047 -0.002128064 0.008996725 0.00816816 -0.00512892 0.02203786 6.08416e-5 -0.002293646 0.008887588 2.69279e-4 -0.005201518 0.02261519 2.81409e-4 -0.002334356 0.02242964 2.2243e-4 -0.002283692 0.02212768 5.94707e-5 -0.002278029 -0.01451766 0.00519061 -0.007015824 -0.01466572 0.003410935 -0.007005155 -0.01479095 0.003410935 -0.006820201 -0.01531785 0.003407359 -0.005645871 -0.01500141 0.003410279 -0.006436944 -0.01424413 0.006961286 -0.007075607 0.02918219 0.002566874 0.01897263 0.02918547 0.00496304 0.01886004 0.02826184 0.002578377 0.01910686 0.02805924 0.004977285 0.01901519 0.02584064 0.005007386 0.0191043 0.02619653 0.002605855 0.01922488 0.0280475 0.002581119 0.01913034 0.02185016 0.005066394 0.01873356 0.0218001 0.002670168 0.0188536 0.0237413 0.005037784 0.01897847 0.02370125 0.002641618 0.01909816 0.02581351 0.002611219 0.01922267 0.03739535 0.001046895 0.01425975 0.03521054 0.001057982 0.01633834 0.03672379 0.001049339 0.0150029 0.03345811 0.001071751 0.01747733 0.03250652 0.001080513 0.01795578 0.03152728 0.001090347 0.01835936 0.03030401 0.001103699 0.01874595 0.02670264 0.005218327 -0.005171418 0.02667486 0.002824902 -0.005336284 0.02488231 0.005241632 -0.004966378 0.02485239 0.002848267 -0.005132317 0.02301216 0.005265951 -0.004800438 0.02298468 0.002872526 -0.004966259 0.02103769 0.005293428 -0.004812002 0.02101659 0.002899825 -0.00497657 0.02099972 0.001450836 -0.005027592 0.01891893 0.002931535 -0.005266547 0.01893055 0.005325317 -0.005104064 0.01839822 0.00293976 -0.00537604 0.01676684 0.005360245 -0.00563842 0.01676607 0.002966225 -0.005798399 0.01465845 0.003001809 -0.00649929 0.01464873 0.005396127 -0.006341636 0.01269638 0.00303626 -0.007296144 0.01267838 0.005430817 -0.007140278 0.01268988 0.001586973 -0.007344901 0.01419663 0.001560449 -0.006720364 0.01580429 0.001532912 -0.006144046 0.01838451 0.001490652 -0.005426406 0.02059882 0.001456677 -0.005061745 0.009283781 0.005492925 -0.008791685 0.009306252 0.003098309 -0.008946716 0.007642745 0.005522727 -0.009582459 0.007660925 0.00312829 -0.009738147 0.005869328 0.005553781 -0.01031374 0.005878627 0.003159582 -0.01047062 -0.00134325 0.005665719 -0.01173681 -0.001432478 0.003677487 -0.01187485 -0.001821458 0.004581272 -0.0118097 -2.7918e-4 0.003257215 -0.01185739 -3.37809e-4 0.005651593 -0.01170533 8.20138e-4 0.003241002 -0.01174294 0.001765668 0.0056203 -0.01143771 0.001744687 0.003226935 -0.01159691 0.003108263 0.003205478 -0.01130843 0.003879785 0.005586922 -0.01095193 0.003875672 0.00319308 -0.01111018 0.00453329 0.003182232 -0.01092016 -0.002295315 0.005678415 -0.011689 -0.00230354 0.005392372 -0.01171326 -0.00129956 0.003271639 -0.011895 -0.00747478 0.006864309 -0.009250104 -0.006555855 0.007144749 -0.009921789 -0.006394505 0.007188081 -0.01002663 -0.004173278 0.007044136 -0.01115077 -0.004609227 0.007206499 -0.01097249 -0.005198538 0.007313191 -0.01070046 -0.005341708 0.007320642 -0.01062875 -0.005776643 0.00730288 -0.01039642 -0.003592073 0.006710171 -0.01135963 -0.003247916 0.006444573 -0.01146841 -0.002685904 0.005885303 -0.01162338 -0.007742345 0.006804466 -0.009027421 -0.00784403 0.006789743 -0.008939087 -0.008203983 0.006800413 -0.008608222 -0.008242666 0.006810188 -0.00857079 -0.008502483 0.006947219 -0.008308947 -0.008734643 0.007230639 -0.008056819 -0.008734285 0.007722973 -0.007980704 -0.008763551 0.007281422 -0.008024096 -0.008949875 0.007723867 -0.007804036 -3.00749e-4 0.001808345 -0.01190692 -9.61638e-4 0.001527249 -0.01194626 -0.001056849 0.002225279 -0.01193076 0.004522204 0.001733124 -0.0109694 0.003094375 0.00175637 -0.0113579 8.01214e-4 0.001792073 -0.0117926 0.005869805 0.001710355 -0.01051968 -0.01207846 0.00407654 -0.001618921 -0.01202887 0.004076063 -0.001641869 -0.01213634 0.004057884 4.97814e-4 -0.01373934 0.004150807 -0.007201135 -0.01226896 0.004129528 -0.007099151 -0.01253169 0.004130899 -0.006851613 -0.01368683 0.004149079 -0.007093548 -0.01299571 0.004015922 0.006355881 -0.01396822 0.004053533 0.003724515 -0.01246488 0.004045605 0.002325713 -0.01325225 0.004096448 -0.002019822 -0.01316589 0.004093647 -0.001844942 -0.01432156 0.004109621 -0.001848697 -0.01262962 0.004059374 0.001078188 -0.01441574 0.004085183 9.55112e-4 -0.01278585 0.004057586 0.00150448 -0.01272642 0.004052639 0.001954615 -0.01366347 0.004146635 -0.006864607 -0.0127173 0.00412923 -0.006389558 -0.01326513 0.004098415 -0.002214491 -0.01206094 0.004038155 0.002532958 -0.01195985 0.004036307 0.0025779 -0.01188194 0.004034519 0.002656459 -0.0123288 0.004079699 -0.00158751 -0.01229339 0.004057526 7.73053e-4 -0.01283442 0.004087328 -0.00165379 -0.0130192 0.004090428 -0.001716375 -0.01215261 0.004057109 6.07267e-4 -0.01220744 0.00405699 7.03372e-4 0.004962205 0.003723204 0.01120352 0.006103277 0.003688991 0.01321196 0.002406775 0.003751158 0.01200586 0.003452599 0.003717184 0.01413071 -2.62073e-4 0.003785967 0.01223117 6.74673e-4 0.003751993 0.01452177 -0.00291568 0.003825962 0.01186865 -0.01183778 0.004032969 0.002757906 -0.01095747 0.003997564 0.005287468 -0.01153475 0.003973722 0.008750617 -0.009546339 0.003957152 0.007563829 -0.009639918 0.003928542 0.01081907 -0.007672488 0.0039137 0.009477376 -0.007382154 0.00388205 0.01248389 -0.005426168 0.003869235 0.01093572 -0.004846036 0.003835976 0.01368266 -0.002126455 0.003792047 0.01437056 0.005205631 0.003720462 0.01113969 0.005456864 0.003716826 0.01115471 0.008491516 0.003668725 0.01182574 -0.01437062 5.60179e-4 -0.001881361 -0.01446479 5.35712e-4 9.22493e-4 -0.01401722 5.04062e-4 0.003691911 -0.01304477 4.66451e-4 0.006323277 -0.0115838 4.24251e-4 0.008718013 -0.009688973 3.79041e-4 0.01078647 -0.007431209 3.32549e-4 0.01245129 -0.004895091 2.86505e-4 0.01365005 -0.002175509 2.42606e-4 0.01433789 6.25626e-4 2.02492e-4 0.01448917 0.003403544 1.67713e-4 0.01409804 0.006054222 1.3952e-4 0.0131793 0.008478462 1.18986e-4 0.01176726 0.008527934 0.003701508 0.01180022 0.008930444 0.003863692 0.01171922 0.00550282 0.003917992 0.01096129 0.005560159 0.008067429 0.01099938 0.009530007 0.003864526 0.01185184 0.009807884 0.003699779 0.01191234 0.008878648 1.14218e-4 0.01168477 0.01027888 9.20148e-5 0.01199442 0.01032865 0.003691494 0.0120275 0.02272695 0.007795333 0.01479548 0.0231474 0.007937848 0.01488935 0.02303618 -1.10194e-4 0.01481539 0.0149694 0.003617942 0.01305365 0.0161637 0.003598988 0.01331776 0.01491963 1.84627e-5 0.01302057 0.01635134 0.003677129 0.01335978 -0.01213824 0.008404016 9.88945e-4 -0.01199495 0.008403062 8.72805e-4 -0.01195466 0.008388698 0.002378344 0.02151405 0.007820904 0.01383692 0.02270668 0.007950961 -0.002107441 0.02139955 0.007959365 -0.001055121 0.01022595 0.008115589 -0.00125432 0.009597539 0.008146524 -0.003677964 0.01987802 0.007963538 7.74469e-4 0.01882171 0.007958531 0.002906799 -0.009201407 0.008409976 -0.004075944 -0.009932398 0.008398056 -0.001681149 -0.01190352 0.008403301 7.12629e-4 -0.01005804 0.008376836 8.19556e-4 -0.009570658 0.008347511 0.003275394 -0.008499622 0.008311927 0.005538463 0.008861899 0.008170425 -0.005168855 0.009653508 0.008078098 0.003682434 0.01024502 0.008092284 0.001249372 0.002387464 0.008120298 0.01001834 0.004741251 0.008095622 0.009164512 0.006816148 0.008079826 0.007762908 0.008487105 0.008073866 0.005898118 -0.01252698 0.008404076 0.00156641 -0.01240366 0.008405447 0.001229822 -0.01248008 0.008400142 0.001921772 -0.01227355 0.008394598 0.002214729 -0.01187634 0.008404612 5.30213e-4 -0.00892955 0.008419394 -0.005508482 -0.008548974 0.00841403 -0.005498528 -0.008402943 0.008412301 -0.00553441 0.01996451 0.007858932 0.01203131 0.01828819 0.007944583 0.005225837 0.01830649 0.00792247 0.007605254 0.01887559 0.007893383 0.009915709 -1.03257e-4 0.008152365 0.01027303 0.005246102 0.008071959 0.01098066 -0.01165628 0.008382678 0.002584159 -0.01178616 0.008385658 0.002453267 -0.002580881 0.008189916 0.009913146 -0.004896163 0.008230686 0.008960485 -0.006909549 0.008272171 0.007472336 -0.01043039 0.00843966 -0.005457341 -0.0100317 0.008435904 -0.005651473 -0.01070594 0.008440256 -0.005109906 -0.009588301 0.008429825 -0.005654156 -0.0113995 0.008433222 -0.003301382 -0.01179301 0.008421242 -0.001404881 0.008825957 0.003854215 0.01170736 0.008669734 1.17138e-4 0.01168328 0.008720934 0.003822922 0.01171731 -0.009038746 5.20483e-4 -0.00558108 -0.009697437 5.30914e-4 -0.005726695 -0.01237785 5.30228e-4 -0.001620113 -0.01288348 5.37828e-4 -0.001686394 -0.01176834 0.004275739 -0.001996636 -0.01182013 5.26294e-4 -0.002031087 -0.01142668 5.35652e-4 -0.003641545 -0.01193368 0.004255175 4.92077e-4 -0.01081508 5.41374e-4 -0.005182504 -0.01371252 5.97164e-4 -0.006897211 -0.01389241 0.006918847 -0.007301092 -0.01348024 0.00686562 -0.007361292 -0.0136711 0.005121529 -0.007388889 -0.01413995 0.005161583 -0.007306814 -0.01373189 0.004352509 -0.007399439 -0.01396387 0.004329204 -0.007389247 -0.01435428 0.003398358 -0.007282972 -0.01428061 0.00339508 -0.007321 -0.01399451 0.00338149 -0.007404923 -0.01536369 0.001959025 -0.005680799 -0.01474171 0.001637399 -0.00701195 -0.0138092 0.004234075 -0.007287025 -0.01371103 5.84796e-4 -0.007013201 -0.0137366 5.46619e-4 -0.007126688 -0.01401966 0.002394497 -0.007418155 -0.01442873 0.001631975 -0.007297694 -0.01331418 5.48914e-4 -0.002247095 -0.01276636 5.7973e-4 -0.006422162 -0.01306825 5.40957e-4 -0.001748979 -0.01321494 5.44176e-4 -0.001877546 -0.01330131 5.46947e-4 -0.002052426 -0.009216308 0.007836043 -0.00748378 -0.009433209 0.007910311 -0.007283568 -0.009592652 0.00793159 -0.007195711 -0.009770274 0.007976889 -0.007094323 -0.009785652 0.007935464 -0.00713396 -0.01183706 0.007882535 -0.007238745 -0.01092118 0.007837295 -0.007175445 -0.01076507 0.007838129 -0.007164597 -0.0105018 0.007849335 -0.007146239 -0.01006162 0.007905364 -0.007115185 -0.01165384 0.004322469 -0.007255315 -0.01190477 0.004294335 -0.007241427 -0.01214522 0.004204452 -0.007166147 -0.01270318 5.496e-4 -0.006665229 -0.01258242 4.57451e-4 -0.006885349 -0.01548939 0.005721509 0.003404915 -0.01564949 0.003329098 0.003406465 -0.01599323 0.003354072 0.001194894 -0.01589137 0.003344535 0.002083122 -0.01605945 0.003374814 -9.67685e-4 -0.01606601 0.003370583 -5.01417e-4 -0.01602584 0.003358364 7.73698e-4 -0.01575386 0.003397524 -0.003916084 -0.01587796 0.003392338 -0.003157794 -0.01602524 0.003381192 -0.00172168 -0.01570308 0.001880407 0.003399372 -0.01604706 0.0019055 0.00118184 -0.01611244 0.001926302 -9.87016e-4 -0.01592886 0.001943886 -0.003183901 -0.01551711 0.001956582 -0.005182087 -0.01513212 0.0057047 0.004709839 -0.009899139 0.003165721 0.01255404 -0.009783327 0.005559802 0.01246905 -0.010935 0.003188014 0.01168584 -0.01081138 0.005581855 0.01160854 -0.01189237 0.003210186 0.01071023 -0.01176124 0.00560379 0.01064145 -0.01276516 0.003232061 0.009641468 -0.01262706 0.005625486 0.009582102 -0.01282095 0.003233492 0.009566247 -0.01340293 0.005646646 0.008444905 -0.01354736 0.0032534 0.008494138 -0.01402151 0.003267407 0.007681608 -0.01408302 0.00566703 0.007244169 -0.01423293 0.003273963 0.007282495 -0.0148158 0.003293573 0.006021082 -0.01466137 0.005686461 0.005994379 -0.01529002 0.003312051 0.004724264 0.01575732 0.005162358 0.01747769 0.01569688 0.002766132 0.01759785 0.01874953 0.005114853 0.0181446 0.01868903 0.002718627 0.01826465 0.02177554 0.001220464 0.01887792 0.02392369 0.001188278 0.01914554 0.02824789 0.001128613 0.01912975 0.02617877 0.001156151 0.0192486 -0.009941041 0.001716554 0.01256901 -0.01074105 0.00173366 0.01191431 -0.01286894 0.001784503 0.009574294 -0.01149594 0.001750648 0.01119476 -0.014072 0.001818478 0.007685184 -0.0150389 0.001851081 0.005590081 -0.01541131 0.001866221 0.004501283 -0.003047764 0.003044247 0.01549237 -0.002714514 0.003039062 0.01556265 -0.002645134 0.005434513 0.01544922 -3.19622e-4 0.003002464 0.01594829 -2.61567e-4 0.005398392 0.01583045 -0.00519222 0.003079116 0.01491957 -0.005108594 0.00547415 0.0148127 -0.005379796 0.003082215 0.01485818 -0.006331861 0.005494892 0.01437491 -0.00752902 0.005516171 0.01384472 -0.007416665 0.003117799 0.0140447 -0.006423354 0.003100156 0.01447749 -0.008684635 0.005537867 0.01321262 -0.00879234 0.003143548 0.01330429 -0.00762856 0.003121674 0.01394224 0.01207464 0.005219519 0.01678878 0.01005804 0.005249977 0.01650261 0.008025228 0.005279958 0.01629894 0.0120207 0.002823293 0.01690989 0.01000779 0.002853691 0.01662421 0.007977962 0.002883613 0.01642102 -0.009185791 0.001701295 0.01309841 -0.003077864 0.001594722 0.01551473 -3.46258e-4 0.00155282 0.01597201 -0.005413532 0.001632809 0.0148788 -0.007453858 0.001668512 0.01406329 0.001950502 0.005366146 0.01603221 0.001899898 0.00296998 0.01615273 0.00402534 0.005336701 0.01612848 0.00397849 0.002940416 0.01625031 -0.007908284 0.008608758 -0.005886614 -0.008020222 5.09903e-4 -0.005961 -0.006491243 5.03823e-4 -0.007597863 0.007183313 3.08976e-4 -0.006958603 0.008276402 2.81528e-4 -0.005616009 0.00838834 0.008380413 -0.005541563 -0.0080657 0.008608937 -0.005668818 -0.009015977 0.008606672 -0.003992736 -0.009237885 0.008604764 -0.003453135 -0.009732663 0.008594989 -0.001644849 -0.009822309 0.008590459 -0.001015543 -0.009855806 0.008574187 8.06812e-4 -0.009782195 0.008566856 0.001490592 -0.009378015 0.008545458 0.003214538 -0.009120106 0.008535504 0.003908038 -0.00832796 0.008510529 0.005433201 -0.007877647 0.008498311 0.006084799 -0.006769061 0.008471548 0.007329165 -0.0061329 0.00845766 0.007884144 -0.004795193 0.008430898 0.008788108 0.003358244 0.008311331 0.009536683 0.002345681 0.008322656 0.009825229 9.04047e-4 0.008340537 0.010046 -9.6231e-5 0.008354127 0.01007491 -0.001599609 0.00837624 0.009928941 -0.002525269 0.008390903 0.009722113 -0.003995418 0.008416116 0.009192943 0.004653275 0.008298456 0.008988142 0.005608737 0.00829035 0.008432984 0.006687462 0.008283019 0.007614016 0.007514178 0.008279025 0.006804347 0.008325695 0.008277177 0.005785763 0.008954823 0.008277952 0.004752993 0.01011443 0.008306384 -8.36146e-5 0.0100491 0.008295238 0.001228213 0.009840071 0.00828725 0.002407908 0.009469211 0.00828135 0.003613531 0.01003044 0.008318066 -0.001226425 0.009760558 0.0083341 -0.002564966 0.009414374 0.008348405 -0.003602504 0.008800685 0.008368611 -0.004880368 -0.006385982 5.03168e-4 -0.007686555 -0.004390776 4.87462e-4 -0.00897783 -0.002025723 4.62249e-4 -0.009787797 -0.002147316 4.6368e-4 -0.00976175 0.002570629 3.97578e-4 -0.009661853 4.72911e-4 4.29526e-4 -0.009985506 2.17662e-4 4.33132e-4 -0.009994149 0.00522679 3.50401e-4 -0.008525013 0.004778683 3.58984e-4 -0.008783698 0.002942085 3.91469e-4 -0.009555578 0.006717145 3.19556e-4 -0.007409155 0.01398289 2.68968e-5 0.01351362 0.01375263 0.003629505 0.01362299 0.01370286 3.00558e-5 0.01358991 0.01290243 4.04568e-5 0.0136615 0.01240932 0.003648102 0.01362407 0.01235955 4.85929e-5 0.01359099 0.01183766 5.73249e-5 0.01342606 0.01119178 0.003670096 0.01305675 0.01092034 7.5415e-5 0.01283639 0.01114201 7.06466e-5 0.01302367 0.01583981 0.003606915 0.01294684 0.01460576 0.003643095 0.01086318 0.01560902 0.003621935 0.0116589 0.01559555 0.003615975 0.012326 0.01407271 0.003663837 0.009407877 0.01517838 0.003653228 0.008899688 0.01453423 0.00365144 0.01006406 0.01570689 0.003636002 0.009978652 0.01571494 0.003624856 0.01118022 0.01188963 0.003692209 0.009603619 0.01155209 0.003690183 0.01033145 0.01162362 0.003681838 0.01113057 0.01208513 0.00366944 0.01178675 0.01281291 0.003656268 0.0121243 0.01361197 0.003645896 0.01205265 0.01426821 0.003641068 0.01159101 0.009811162 0.003699719 0.01191025 0.01001018 0.003698706 0.01172089 0.01012104 0.003699481 0.01146948 0.01044291 0.003708422 0.01001441 0.010957 0.003711283 0.008928358 0.01254588 0.003687381 0.009141981 0.01189136 0.003705322 0.00817281 0.01334494 0.00367701 0.009070336 0.01306092 0.003691673 0.007897496 0.01423406 0.003673136 0.008156895 0.01288175 0.006157279 0.01195025 0.01284998 0.003857612 0.01192909 0.01224786 0.006168723 0.01165628 0.01221609 0.003869056 0.01163512 0.01184594 0.006179571 0.01108473 0.01181417 0.003879845 0.01106357 0.01178359 0.006186783 0.01038873 0.01175183 0.003887116 0.01036763 0.01207762 0.006188571 0.009754776 0.01204586 0.003888905 0.009733676 0.01264917 0.006184339 0.009352743 0.0126174 0.003884673 0.009331643 0.01334518 0.006175339 0.009290337 0.01331341 0.003875613 0.009269237 0.01397901 0.006163835 0.009584307 0.01394724 0.003864169 0.009563148 0.01438099 0.006153047 0.01015585 0.01434922 0.00385338 0.01013469 0.01444327 0.006145775 0.01085186 0.0144115 0.003846108 0.0108307 0.0141493 0.006144046 0.01148575 0.01411747 0.00384432 0.01146465 0.01357769 0.006148219 0.01188784 0.01354593 0.003848552 0.01186668 0.01202374 0.008663892 0.01241695 0.01239001 0.008657157 0.01260167 0.01176702 0.006170094 0.01223182 0.01275306 0.006152272 0.01268905 0.01122778 0.008683383 0.01149326 0.0114305 0.008677303 0.0118516 0.01114177 0.006186902 0.01134276 0.0116986 0.008670747 0.01216292 0.01180154 0.008668482 0.01225477 0.0110448 0.006198167 0.0102601 0.01107943 0.008696556 0.01028275 0.01104879 0.008693218 0.01069432 0.01117628 0.00868529 0.01136571 0.01162797 0.008698999 0.009194672 0.01153671 0.008699297 0.009296953 0.0115022 0.006200909 0.009273946 0.01137465 0.008699536 0.00951898 0.0111891 0.008698701 0.009887218 0.01193934 0.008697152 0.008926212 0.01239126 0.006194412 0.008648574 0.0122984 0.008694052 0.00872302 0.01347386 0.006180346 0.008551478 0.01309853 0.008684635 0.008543908 0.01242578 0.0086928 0.008671522 0.0144599 0.006162524 0.009008765 0.01427394 0.008665382 0.008870601 0.01390606 0.008672177 0.008684873 0.01351058 0.008678674 0.008574843 0.01350843 0.008678734 0.008574426 0.015069 0.008645951 0.009795129 0.01486611 0.008652031 0.009435832 0.01508516 0.006145715 0.009897828 0.01459825 0.008658587 0.009124457 0.01449441 0.008660852 0.009031713 0.01518207 0.00613439 0.01098048 0.01521664 0.008632779 0.01100343 0.01524722 0.008636116 0.01059436 0.01511967 0.008644044 0.009920775 0.01510626 0.008630633 0.01140081 0.01472473 0.006131649 0.01196658 0.01492047 0.008629858 0.01176893 0.01399749 0.008635282 0.01256352 0.01435482 0.008632183 0.01236152 0.01383566 0.006138205 0.01259201 0.01466763 0.008630335 0.01209223 0.01475924 0.008630037 0.01198959 0.01278758 0.00865066 0.01271206 0.01319736 0.0086447 0.01274257 0.01387017 0.008636593 0.01261496 0.03894448 0.006153166 0.005856573 0.03999638 0.006129026 0.006900012 0.03989112 0.006151437 0.004623234 0.03856253 0.006180346 0.003471493 0.03988152 0.006120204 0.008034825 0.03877395 0.006133377 0.008266091 0.03965872 0.006112933 0.009160757 0.03805983 0.006122052 0.01057368 0.03891247 0.006103515 0.01131075 0.03565639 0.006278038 -0.002786993 0.03624916 0.006250977 -7.3297e-4 0.03721106 0.006242573 -0.001266121 0.03838986 0.00610131 0.01233196 0.03683954 0.006119728 0.01265841 0.03777104 0.006100952 0.01330184 0.03698408 0.006102681 0.01429736 0.03967547 0.006164312 0.003546893 0.03935897 0.006178319 0.002499759 0.03764808 0.006213545 0.001235902 0.03845506 0.006208956 5.25128e-4 0.03787153 0.006225526 -4.01233e-4 0.03874009 0.001767992 0.004485666 0.03871244 -2.31698e-4 0.004467308 0.03885608 -2.45914e-4 0.005797803 0.03850173 0.001780986 0.003431081 0.03816664 0.001794815 0.002431631 0.03435051 -1.08406e-4 -0.002390742 0.03541845 -1.30996e-4 -0.001538395 0.03322303 -8.65309e-5 -0.003076136 0.03345847 -9.09416e-5 -0.002948641 0.03813898 -2.04906e-4 0.002413213 0.03755968 -1.85534e-4 0.001177132 0.03700637 -1.6965e-4 2.80663e-4 0.0361607 -1.48102e-4 -7.91777e-4 0.03884536 -2.56136e-4 0.006926596 0.0386855 -2.65702e-4 0.008207261 0.03840446 -2.72319e-4 0.009349822 0.03797137 -2.77027e-4 0.01051491 0.03741377 -2.79352e-4 0.01160484 0.03508871 -2.72468e-4 0.0143522 0.03592723 -2.76849e-4 0.01356869 0.03675115 -2.79352e-4 0.01259964 0.03402596 -2.64987e-4 0.01513445 -0.012012 0.004239261 0.002340197 -0.01233088 0.004245162 0.002176582 -0.01253741 0.004250705 0.001883625 -0.01258432 0.004254639 0.001528263 -0.012461 0.00425601 0.001191675 -0.01219552 0.004254579 9.50813e-4 -0.01171362 0.004233241 0.002546072 -0.0118435 0.004236221 0.00241512 -0.01196086 0.004253864 6.74497e-4 -0.01205229 0.004253685 8.34673e-4 -0.01212751 5.27069e-4 -0.001651525 -0.01192432 5.25639e-4 -0.001801192 -0.01187342 0.004208922 -0.001767396 -0.0118075 0.004257321 -0.001871764 0.03285902 -1.45583e-5 -0.003185153 0.03366988 -2.61351e-4 0.01527631 0.03328657 -2.56046e-4 0.01527374 0.005188763 0.003922522 0.01094251 0.02286076 0.001971125 -0.002172291 0.02294504 0.00807029 -0.002116203 0.02304023 0.002026081 -0.002217948 0.02312546 0.008125424 -0.002162218 0.008511424 0.008356869 -0.005393266 0.008542358 2.75418e-4 -0.005350291 0.008653163 0.008296847 -0.00527656 -0.01014083 5.37023e-4 -0.005724072 -0.01053953 5.40748e-4 -0.00552994 -0.008658111 5.15148e-4 -0.005571126 -0.008301377 5.11423e-4 -0.005704224 -0.008197307 0.008527696 -0.005626499 -0.008039355 0.008588433 -0.005742549 0.03896182 -2.33069e-4 0.004240214 0.03886258 -2.31668e-4 0.004238843 0.03888785 0.001579105 0.004255414 0.03877484 -2.30893e-4 0.004285335 0.03880119 0.001675009 0.004302859 0.03872036 -2.30893e-4 0.004368305 0.03874766 0.001743733 0.004386484 0.03873783 0.001761794 0.004434287 0.03823161 -2.07558e-4 0.002563834 0.03825879 0.001759409 0.002581954 0.0383709 -2.10509e-4 0.002672791 0.03839677 0.001663029 0.002690017 0.02207738 -1.3338e-4 -0.002486228</float_array>
          <technique_common>
            <accessor source="#LINK_THUMB_MID_L-mesh-positions-array" count="3109" stride="3">
              <param name="X" type="float"/>
              <param name="Y" type="float"/>
              <param name="Z" type="float"/>
            </accessor>
          </technique_common>
        </source>
        <source id="LINK_THUMB_MID_L-mesh-normals">
          <float_array id="LINK_THUMB_MID_L-mesh-normals-array" count="17556">0.113197 0.009023964 -0.9935316 0.2968636 0.005207657 -0.9549057 0.1915763 0.006372213 -0.9814571 0.2159925 0.005982398 -0.9763767 0.1412372 0.007145464 -0.98995 0.1412345 0.007146 -0.9899504 0.08875745 0.01100623 -0.9959926 0.2447727 0.01362645 -0.9694847 0.2159993 0.00598818 -0.9763752 0.2160021 0.005988001 -0.9763746 0.1515688 0.006989002 -0.9884221 0.3397378 0.007027864 -0.940494 0.2794995 0.004960954 -0.9601331 0.2159984 0.005987823 -0.9763754 0.2159992 0.005987882 -0.9763752 0.2517914 0.01288968 -0.9676958 0.2159986 0.005987823 -0.9763754 0.1332914 0.007266283 -0.9910503 0.2068596 0.01756638 -0.978213 0.2158504 0.006274282 -0.9764063 0.2045667 0.03858006 -0.9780921 0.2159884 0.005988061 -0.9763777 0.2160016 0.005992233 -0.9763747 0.2160032 0.005989313 -0.9763743 0.01382058 0.9998625 0.009174168 0.01380938 0.9998625 0.009191811 0.0138145 0.9998626 0.009171366 0.01379704 0.9998625 0.009200274 0.01379984 0.9998627 0.009188055 0.01381415 0.9998623 0.009207367 0.01381397 0.9998623 0.009204328 0.01381784 0.9998623 0.009190738 0.01382184 0.999863 0.00911504 0.01382279 0.999863 0.009113907 0.01381599 0.9998624 0.009187161 0.01381468 0.9998623 0.009190559 0.01382225 0.9998624 0.009175419 0.01381921 0.9998623 0.009189605 0.01383161 0.9998623 0.0091784 0.01381301 0.9998623 0.009195625 0.01381975 0.9998623 0.009192049 0.01372337 0.9998634 0.009212493 0.01381295 0.9998625 0.009181082 0.0138064 0.9998626 0.009183347 0.01388657 0.9998618 0.009155273 0.01379889 0.9998626 0.009194433 0.01381313 0.9998624 0.009193599 0.01380985 0.9998624 0.009193778 0.01381778 0.9998623 0.009193301 0.01382154 0.9998626 0.009159862 0.0138176 0.9998624 0.009186625 0.01381009 0.9998625 0.009190857 0.01380056 0.9998622 0.009236514 0.01382815 0.9998624 0.009169459 0.01382112 0.9998626 0.009166419 0.01382124 0.9998625 0.00916624 0.01381403 0.9998626 0.009171485 0.0138157 0.9998625 0.009180188 0.01381498 0.9998626 0.009176433 0.01381659 0.9998624 0.009184658 0.01382464 0.9998623 0.009191274 0.01381778 0.9998625 0.009179294 0.01381796 0.9998624 0.009179592 0.01381379 0.9998626 0.00917232 0.01381742 0.9998624 0.009186744 0.0138086 0.9998626 0.009188055 0.0138092 0.9998624 0.009190678 0.0138188 0.9998624 0.009181141 0.01380687 0.9998624 0.009200453 0.01381802 0.9998624 0.009182989 0.0138207 0.9998624 0.009184956 0.013821 0.9998623 0.009185135 0.01381957 0.9998623 0.009185791 0.01381981 0.9998623 0.009186089 0.01380956 0.9998624 0.009202122 0.0138185 0.9998623 0.009186863 0.01382166 0.9998623 0.009190976 0.0138154 0.9998624 0.009179711 0.01383417 0.9998621 0.009183406 0.01381295 0.9998624 0.009194612 0.0138114 0.9998625 0.009191453 0.0138126 0.9998624 0.009188592 0.01381558 0.9998624 0.009186625 0.01381641 0.9998624 0.009184658 0.01382112 0.9998624 0.009185552 0.01382458 0.9998623 0.009186506 0.0138266 0.9998623 0.009186923 0.0138235 0.9998624 0.009184181 0.01382082 0.9998623 0.00918287 0.01381981 0.9998624 0.009181201 0.01378703 0.9998627 0.00918889 0.01380425 0.9998626 0.009188413 0.01379883 0.9998626 0.009186327 0.01379895 0.9998626 0.009186267 0.01381456 0.9998624 0.00919032 0.01381814 0.9998623 0.009188771 0.01383215 0.9998621 0.0091874 0.01384699 0.999862 0.009179472 0.01378202 0.9998627 0.009198427 0.01381123 0.9998626 0.009175419 0.01381367 0.9998625 0.009182751 0.01381403 0.9998624 0.009183704 0.01381993 0.9998622 0.009201526 0.01381564 0.9998623 0.009194672 0.01381462 0.9998625 0.009178996 0.01381516 0.9998624 0.009187579 0.01381415 0.9998626 0.009171426 0.01381188 0.9998625 0.009187638 0.01381325 0.9998624 0.00918889 0.01381939 0.9998623 0.009189486 0.01381921 0.9998622 0.009198606 0.0138145 0.9998623 0.009195387 0.0138005 0.9998627 0.009185194 0.01380807 0.9998624 0.009191453 0.01381194 0.9998624 0.009190618 0.01381266 0.9998625 0.009188354 0.01381188 0.9998625 0.009184002 0.01381623 0.9998624 0.009183883 0.01381504 0.9998624 0.009189486 0.01381587 0.9998624 0.009188354 0.01379239 0.9998618 0.009284198 0.01395678 0.9998605 0.009173929 0.01383584 0.9998621 0.009187936 0.01382023 0.9998623 0.00918734 0.01381951 0.9998623 0.00918889 0.0138179 0.9998624 0.009186029 0.01381123 0.9998625 0.009187638 0.01381266 0.9998624 0.009184062 0.01381587 0.9998625 0.0091843 0.01381438 0.9998624 0.009187459 0.01382231 0.9998621 0.009214222 0.01382058 0.9998621 0.009209156 0.01381629 0.9998623 0.009196817 0.01381593 0.9998623 0.009195744 0.01382023 0.9998623 0.00918883 0.01380521 0.9998624 0.009196519 0.01381808 0.9998624 0.009189903 0.01379615 0.9998626 0.009201109 0.01382166 0.9998624 0.009180068 0.0138055 0.9998627 0.009173691 0.01381295 0.9998626 0.009176671 0.01377618 0.9998632 0.009162187 0.01381653 0.9998621 0.00921458 0.01381355 0.9998624 0.009191215 0.0138145 0.9998625 0.00918138 0.01381456 0.9998624 0.009181678 0.01381582 0.9998623 0.009197771 0.01381653 0.9998622 0.00920087 0.01381641 0.9998622 0.009202778 0.01381671 0.9998623 0.00920391 0.01379066 0.9998623 0.009227991 0.01379185 0.9998619 0.009281158 0.0137887 0.9998632 0.009143352 0.01380646 0.9998624 0.009203493 0.01380854 0.9998632 0.009111225 0.01364898 0.9998729 0.008244454 0.01398688 0.9998574 0.009467482 0.01381856 0.9998624 0.009182333 0.01381808 0.9998624 0.009185492 0.01378959 0.9998632 0.009152591 0.01378834 0.9998634 0.009126663 0.01381611 0.9998624 0.009187996 0.01381582 0.9998624 0.009187817 0.01382154 0.9998623 0.009182572 0.0137968 0.9998623 0.009221553 0.01377552 0.999863 0.009172976 0.0138145 0.9998624 0.009190976 0.01381456 0.9998624 0.009186744 0.01381707 0.9998624 0.009192347 0.01379615 0.9998626 0.00920552 0.01381075 0.9998624 0.009192705 0.01379114 0.9998626 0.00920993 0.01380872 0.9998623 0.009208202 0.01383244 0.9998621 0.009192764 0.01382488 0.9998622 0.009190261 0.01382941 0.9998621 0.009191751 0.01381635 0.9998624 0.0091874 0.01380568 0.9998626 0.009187221 0.01378202 0.9998629 0.009178578 0.01379764 0.9998627 0.0091843 0.0138179 0.9998624 0.009186029 0.01377558 0.999863 0.009176254 0.0137999 0.9998624 0.009204149 0.01383858 0.9998623 0.009174287 0.01379853 0.9998625 0.00920552 0.01380527 0.9998624 0.009201169 0.01380133 0.9998624 0.009205937 0.01382881 0.9998622 0.00918591 0.01383006 0.9998623 0.009185791 0.01383149 0.9998622 0.009185671 0.01383519 0.9998622 0.009185314 0.0138123 0.9998624 0.009191393 0.01382476 0.9998623 0.009184181 0.01381826 0.9998624 0.009185194 0.01381826 0.9998624 0.009187698 0.0138126 0.9998623 0.009198606 0.01381754 0.9998624 0.009192049 0.01381719 0.9998624 0.009188175 0.01381468 0.9998624 0.009188055 0.01381671 0.9998624 0.00918591 0.01381754 0.9998624 0.009185552 0.01381641 0.9998624 0.009186685 0.01381438 0.9998624 0.009187817 0.01381033 0.9998625 0.009189486 0.01382237 0.9998623 0.00918585 0.01381218 0.9998624 0.009194254 0.01381433 0.9998624 0.009191036 0.01381593 0.9998624 0.009190499 0.01378297 0.9998627 0.009203732 0.01381593 0.9998624 0.009195625 0.01385182 0.999861 0.009280204 0.01381433 0.9998624 0.009185135 0.0142219 0.9998595 0.008877754 0.01385235 0.9998621 0.009163022 0.01402294 0.999861 0.009031355 0.01382392 0.9998623 0.009184956 0.01384413 0.9998621 0.009166955 0.0139026 0.9998601 0.009313464 0.01387649 0.999861 0.009248077 0.01390886 0.9998598 0.00932914 0.01382064 0.9998621 0.009209454 0.01382195 0.999862 0.009215593 0.01382309 0.999862 0.009221017 0.0138235 0.999862 0.009222924 0.01372295 0.9998626 0.009300291 0.01382058 0.9998623 0.009192526 0.01381433 0.9998623 0.00919938 0.01381778 0.9998624 0.009194493 0.01382553 0.9998622 0.00919038 0.0138157 0.9998624 0.009187996 0.01381719 0.9998623 0.009189188 0.01381462 0.9998624 0.009190976 0.01381301 0.9998625 0.009188354 0.01382392 0.9998623 0.009189188 0.01388174 0.9998614 0.009199976 0.01381945 0.9998623 0.009193003 0.01382231 0.9998623 0.009189903 0.01381814 0.9998624 0.009192824 0.01381474 0.9998623 0.009192109 0.01381212 0.9998624 0.009189069 0.01381325 0.9998624 0.009182333 0.01381278 0.9998624 0.00918287 0.01382565 0.9998622 0.00918883 0.01381891 0.9998624 0.009188354 0.01379871 0.9998626 0.009196519 0.01382201 0.9998623 0.009183585 0.01382738 0.9998623 0.009183645 0.01378405 0.9998628 0.009186506 0.01379573 0.9998627 0.009183347 0.0138154 0.9998624 0.009190857 0.01381659 0.9998623 0.009197831 0.01381278 0.9998623 0.009206593 0.01381462 0.9998624 0.009190142 0.01381534 0.9998624 0.009185791 0.01382488 0.9998621 0.009213328 0.01381015 0.9998625 0.009180724 0.01381635 0.9998625 0.009181141 0.013861 0.9998625 0.009115338 0.01381987 0.9998626 0.009165525 0.01381051 0.9998625 0.009186685 0.01380312 0.999863 0.009141564 0.7385315 -0.6639013 -0.1175 0.7387186 -0.6637792 -0.1170129 0.72373 -0.6629635 -0.1915578 0.7239385 -0.6628495 -0.1911639 0.7026318 -0.6619981 -0.2608968 0.7028666 -0.6619042 -0.2605027 0.6759944 -0.6611838 -0.3253732 0.6762762 -0.6611184 -0.3249201 0.6441201 -0.6606059 -0.3856282 0.6444851 -0.6605682 -0.3850827 0.6069552 -0.6602666 -0.4423273 0.6074133 -0.6602547 -0.4417159 0.5640602 -0.6601061 -0.4960809 0.5645912 -0.660113 -0.495467 0.5146003 -0.6599666 -0.5473853 0.5151363 -0.6599831 -0.5468609 0.4579256 -0.6595778 -0.5960381 0.4595125 -0.6591745 -0.5952625 0.04150617 -0.6800939 -0.7319492 0.03767329 -0.6664008 -0.7446414 -0.03744989 -0.6655851 -0.7453818 -0.01266521 -0.6596162 -0.751496 -0.03103899 -0.6486958 -0.7604147 -0.08005958 -0.6609258 -0.7461687 -0.08258378 -0.6609827 -0.745843 -0.08557295 -0.6634806 -0.7432838 -0.08503431 -0.6636523 -0.7431923 -0.03511399 -0.6715354 -0.74014 -0.01814502 -0.7668707 -0.6415451 0.04686248 -0.6883261 -0.7238862 0.1008587 -0.665483 -0.7395673 0.1130069 -0.6688371 -0.7347696 0.1574777 -0.6820729 -0.714127 0.1981213 -0.6593022 -0.7253059 0.2200433 -0.6705449 -0.7084847 0.1982977 -0.6629191 -0.7219531 0.0841335 -0.6757268 -0.7323353 0.1421695 -0.6387997 -0.7561235 0.1425437 -0.6616367 -0.7361509 0.09866881 -0.6642841 -0.7409394 0.2465641 -0.6604068 -0.7092736 0.2906213 -0.665358 -0.6876322 0.2970218 -0.6647464 -0.6854855 0.2789837 -0.6637289 -0.6939973 0.2750924 -0.6629754 -0.6962671 0.2415587 -0.6590117 -0.7122871 0.2573766 -0.6612516 -0.7046301 0.2616472 -0.6690064 -0.6956805 0.1628565 -0.6885204 -0.7066947 -0.06417876 -0.6732549 0.73662 -0.06653434 -0.6732404 0.7364242 -0.08413034 -0.678017 0.7302158 -0.1009956 -0.6688438 0.7365106 -0.1618723 -0.667795 0.726531 -0.1604145 -0.6685879 0.726125 -0.1441369 -0.6871414 0.7120824 -0.1280896 -0.6684794 0.7326176 -0.1055269 -0.6679862 0.7366536 -0.1240181 -0.6670981 0.7345746 -0.1398589 -0.678461 0.7212005 -0.1216881 -0.6661626 0.7358121 -0.1205305 -0.6659662 0.7361803 -0.1526288 -0.6661832 0.730003 -0.1520492 -0.664169 0.7319568 -0.1686182 -0.666401 0.7262766 -0.1681507 -0.6666694 0.7261386 -0.1748647 -0.6650063 0.7260778 -0.1727872 -0.6684221 0.7234339 -0.1707019 -0.6705338 0.7219732 0.6092855 -0.6698138 0.4244064 0.609175 -0.6695755 0.4249406 0.6448925 -0.6693331 0.368927 0.6447727 -0.6689863 0.369764 0.6778898 -0.6685115 0.3058723 0.6778418 -0.6681346 0.3068007 0.7045227 -0.6675902 0.2407724 0.7045381 -0.6672317 0.2417187 0.7248253 -0.6667098 0.173569 0.7248901 -0.6664013 0.1744811 0.738701 -0.6659392 0.104144 0.738802 -0.6656949 0.1049855 0.7458974 -0.6652734 0.03237831 0.7460268 -0.6650918 0.03312242 0.745995 -0.6646414 -0.04175305 0.7461537 -0.6645023 -0.04112637 -0.03983199 -0.6699953 0.7412959 -0.04027599 -0.6894643 0.723199 -0.04433548 -0.6859497 0.726297 -0.09319382 -0.6667048 0.7394726 -0.09192854 -0.6668262 0.7395215 -0.05833166 -0.6681956 0.7416954 -0.05747801 -0.6682242 0.7417363 -0.03713506 -0.6690911 0.7422521 0.3184017 -0.6637817 -0.6767675 0.3231313 -0.6623023 -0.6759749 0.2992666 -0.6609476 -0.6881771 0.3005636 -0.6609131 -0.6876449 0.2560704 -0.6573932 -0.7087046 0.2594451 -0.6587033 -0.7062565 0.3044584 -0.6805309 -0.6664704 0.306738 -0.686737 -0.6590176 0.3232852 -0.666516 -0.6717464 0.0593062 -0.6551101 -0.7532021 -0.005057513 -0.6299748 -0.7765991 0.06630545 -0.6563315 -0.7515535 -0.007632434 -0.6589918 -0.7521115 0.1193451 -0.6574532 -0.7439839 0.1281413 -0.6557337 -0.7440385 0.1803284 -0.6565594 -0.7324013 0.187685 -0.6551502 -0.7318147 0.241871 -0.6603855 -0.7109075 0.3952605 -0.6591493 -0.639759 0.4016584 -0.6575621 -0.637403 0.3307719 -0.6588461 -0.6756567 0.3306136 -0.6601027 -0.6745066 0.2727221 -0.6595228 -0.7004658 0.231523 -0.6564704 -0.7179442 0.5803775 -0.6697887 0.4631901 0.5718559 -0.6714156 0.4713619 0.5542639 -0.6658567 0.4994261 0.5228432 -0.6654721 0.5327119 0.534821 -0.6736332 0.5100833 0.4926714 -0.6675081 0.558308 0.4920845 -0.6684646 0.557681 0.4587205 -0.6701443 0.5835084 0.4436019 -0.6682587 0.5971998 0.4191344 -0.6657692 0.617315 0.379447 -0.6659175 0.6423191 0.3888429 -0.6731278 0.629047 0.3080024 -0.6710262 0.6744319 0.1764962 -0.6692294 0.7217903 0.1722344 -0.6677701 0.7241675 0.2376446 -0.669276 0.7039849 0.2362356 -0.6689858 0.7047345 0.2918433 -0.6686523 0.6839091 0.3468196 -0.6774396 0.6486847 -0.07496631 -0.6655098 0.7426148 -0.1214322 -0.6644935 0.737362 -0.07128989 -0.6665748 0.7420215 -0.02486598 -0.6673021 0.744372 -0.0293017 -0.6659537 0.7454174 0.01692378 -0.6679896 0.7439782 0.01218414 -0.666526 0.7453823 0.06235837 -0.6683357 0.7412414 0.0571739 -0.6667888 0.7430504 0.1147758 -0.6690321 0.7343178 0.1100235 -0.6674969 0.7364393 -0.7494806 -0.6403676 0.167953 -0.7519817 -0.6387221 0.1629658 -0.7610954 -0.6392233 0.1101242 -0.7634293 -0.637471 0.1039542 -0.7660611 -0.6410354 0.04715961 -0.748973 -0.6173427 -0.2406815 -0.7582885 -0.6268829 -0.178932 -0.7672879 -0.6264662 -0.1371475 -0.7650511 -0.6349341 -0.1074965 -0.7707802 -0.6343836 -0.05878245 -0.7661386 -0.6417385 -0.03469198 -0.7686502 -0.6396674 -0.001610696 -0.7685678 -0.6380802 0.04644626 -0.4604731 -0.6636783 0.5894876 -0.4627743 -0.6627539 0.588725 -0.5159255 -0.6609957 0.5448905 -0.5180444 -0.6599832 0.5441069 -0.5627105 -0.658016 0.5003718 -0.564676 -0.6570032 0.4994876 -0.6002534 -0.6558469 0.457778 -0.736284 -0.6403411 0.2187451 -0.7336626 -0.6418915 0.2229678 -0.717124 -0.6424307 0.2702149 -0.7144935 -0.643924 0.2736074 -0.694361 -0.6449325 0.3192568 -0.6918438 -0.646334 0.3218768 -0.6679559 -0.6477413 0.3664235 -0.6656073 -0.6490412 0.3683916 -0.6395494 -0.6506862 0.4093705 -0.6354014 -0.6526678 0.4126619 -0.6161337 -0.6534929 0.4396889 -0.5967224 -0.6546971 0.463998 -0.1644119 -0.6640446 0.7293927 -0.1597413 -0.6664954 0.7281941 0.04162579 -0.6687945 -0.7422811 -0.0401721 -0.6659953 -0.7448735 -0.08534061 -0.662952 -0.743782 -0.07496052 -0.6594587 -0.7479942 -0.0951665 -0.6667417 0.739188 -0.1272843 -0.6663175 0.7347244 -0.4100559 -0.6643563 0.6248878 -0.4072736 -0.6651144 0.6259002 -0.352961 -0.6650834 0.6580903 -0.3493806 -0.6658679 0.6592064 -0.2875574 -0.665755 0.6885355 -0.284666 -0.6664803 0.6890351 -0.2367361 -0.6657822 0.7075946 -0.2340166 -0.6662991 0.7080127 -0.1969686 -0.6657654 0.7196943 -0.1943757 -0.666297 0.7199072 -0.159689 -0.6658608 0.7287859 -0.1573201 -0.6663941 0.7288137 -0.1251639 -0.666414 0.735001 -0.0626139 -0.6686605 0.7409269 -0.09940147 -0.6676904 0.737773 -0.130837 -0.6668788 0.7335901 0.2965472 -0.6617134 -0.6886184 0.2476911 -0.6602572 -0.7090203 0.199581 -0.6596384 -0.7245997 0.1366147 -0.6659017 -0.7334244 -0.05979603 -0.667742 0.7419873 -0.04189127 -0.6688479 0.7422181 0.3163099 -0.6622292 -0.6792647 0.2966746 -0.6616594 -0.6886153 0.2496003 -0.6595566 -0.7090027 0.216249 -0.6538315 -0.7250799 0.1976132 -0.6595107 -0.725255 0.1654076 -0.6582675 -0.734387 0.1732186 -0.6553905 -0.735159 0.1263614 -0.6562659 -0.7438735 0.1316692 -0.6548215 -0.7442258 0.08387571 -0.6562352 -0.7498803 0.09012502 -0.6546949 -0.7505012 0.03871142 -0.6566975 -0.75316 0.04502117 -0.6553248 -0.7540043 -0.01519078 -0.6568669 -0.7538536 -0.01040065 -0.655735 -0.7549195 -0.08270454 -0.6575095 -0.7488934 -0.07405591 -0.6555583 -0.7515046 -0.4316479 -0.6529282 -0.6223865 -0.4517057 -0.6570956 -0.6034795 -0.4879063 -0.6565281 -0.575255 -0.4965898 -0.6625075 -0.5607873 -0.3147565 -0.6536756 -0.6882125 -0.3309413 -0.6542259 -0.6800489 -0.3686689 -0.6534082 -0.6611664 -0.3663995 -0.6505289 -0.6652546 -0.3998423 -0.6489912 -0.6472532 -0.1544321 -0.6577436 -0.7372409 -0.1437032 -0.6551055 -0.7417454 -0.2374933 -0.6571542 -0.7153638 -0.2220426 -0.6502355 -0.726561 -0.2802711 -0.6449249 -0.7109993 0.6191542 -0.07508295 -0.7816717 0.6290361 -0.04180693 -0.7762511 0.6934157 -0.07453697 -0.7166722 0.6861423 -0.04399496 -0.7261358 0.758087 -0.0743696 -0.6478992 0.7549878 -0.04290604 -0.6543337 0.8121967 -0.07598006 -0.5784148 0.8301339 -0.04234999 -0.5559536 0.8613551 -0.08073449 -0.5015472 0.8802895 -0.04571592 -0.4722293 0.9029216 -0.08181399 -0.4219468 0.9146869 -0.04874974 -0.4012125 0.9379068 -0.08271682 -0.3368813 0.9453387 -0.05040389 -0.3221712 0.9658422 -0.08333313 -0.2453659 0.9688072 -0.05455678 -0.2417358 0.9854407 -0.08398318 -0.1478289 0.9875827 -0.05410528 -0.1474897 0.6172029 -0.09125238 -0.7814945 0.6916822 -0.09241086 -0.7162653 0.7561802 -0.09351903 -0.6476463 0.8118869 -0.09462344 -0.5760957 0.8601257 -0.09577155 -0.5010107 0.9016179 -0.09697884 -0.4215216 0.9365033 -0.09823805 -0.3366168 0.9643221 -0.0995264 -0.2453109 0.9838843 -0.1007732 -0.1477041 -0.01380133 -0.9998624 -0.009199261 -0.01380103 -0.9998624 -0.009207069 -0.01380717 -0.9998626 -0.009189665 -0.01381468 -0.9998624 -0.009184598 -0.01382529 -0.9998623 -0.009185373 -0.01382416 -0.9998624 -0.009184479 -0.01382321 -0.9998622 -0.00919485 -0.01382422 -0.9998622 -0.009192883 -0.01383018 -0.9998623 -0.009180784 -0.0138427 -0.9998624 -0.009153962 -0.01384139 -0.9998621 -0.009174704 -0.01387661 -0.9998624 -0.009096503 -0.01382744 -0.9998623 -0.009178042 -0.0138182 -0.9998623 -0.009190917 -0.01379245 -0.9998626 -0.009198009 -0.01378798 -0.9998626 -0.009210109 -0.01380342 -0.9998626 -0.009184539 -0.01380801 -0.9998625 -0.009180545 -0.01382833 -0.9998626 -0.009156882 -0.01382541 -0.9998624 -0.009166657 -0.01382648 -0.9998624 -0.009174942 -0.01382237 -0.9998624 -0.009182393 -0.01380181 -0.9998626 -0.009198069 -0.01379567 -0.9998626 -0.009194254 -0.01379561 -0.9998626 -0.009198248 -0.0138176 -0.9998623 -0.009199142 -0.01383614 -0.9998619 -0.009207367 -0.01382887 -0.9998621 -0.009201943 -0.0138247 -0.9998623 -0.009194731 -0.01381224 -0.9998624 -0.009193778 -0.01380515 -0.9998623 -0.009218275 -0.01380985 -0.9998621 -0.009229838 -0.01380223 -0.9998622 -0.009226024 -0.01379996 -0.9998624 -0.009214997 -0.01381534 -0.9998624 -0.0091964 -0.01381164 -0.9998624 -0.00918883 -0.01382178 -0.9998623 -0.009192526 -0.01382559 -0.9998623 -0.009185492 -0.01381868 -0.9998623 -0.009197771 -0.01383835 -0.9998621 -0.009183287 -0.01380509 -0.9998627 -0.009164869 -0.01382213 -0.9998623 -0.009183883 -0.01382178 -0.9998623 -0.009189546 -0.01381874 -0.9998622 -0.009202539 -0.01382023 -0.9998622 -0.0091995 -0.01381462 -0.9998623 -0.009193718 -0.01382213 -0.9998623 -0.00919342 -0.01381289 -0.9998624 -0.009183347 -0.01381415 -0.9998624 -0.009190499 -0.01382046 -0.9998624 -0.009183883 -0.01398426 -0.9998597 -0.009227454 -0.01381319 -0.9998624 -0.009182989 -0.0138241 -0.9998623 -0.009192168 -0.01380765 -0.9998625 -0.009185194 -0.0138086 -0.9998626 -0.009186327 -0.01381242 -0.9998624 -0.009194672 -0.0138244 -0.9998623 -0.009191095 -0.01381975 -0.9998624 -0.009187936 -0.01381838 -0.9998624 -0.009187877 -0.01365512 -0.9998649 -0.00915724 -0.01367908 -0.9998645 -0.009170532 -0.01381844 -0.9998624 -0.009182333 -0.01381069 -0.9998624 -0.009195327 -0.01382529 -0.9998622 -0.009197354 -0.0138157 -0.9998624 -0.009185433 -0.01385408 -0.9998617 -0.009207844 -0.01381975 -0.9998623 -0.009195625 -0.01381856 -0.9998623 -0.009186267 -0.01381224 -0.9998624 -0.00919187 -0.01380211 -0.9998625 -0.009193003 -0.0138151 -0.9998624 -0.00918889 -0.01383537 -0.9998622 -0.009185373 -0.01381051 -0.9998625 -0.009185791 -0.01380801 -0.9998626 -0.009180605 -0.01381427 -0.9998624 -0.009187102 -0.01385873 -0.9998617 -0.009202122 -0.01379495 -0.9998627 -0.009176015 -0.01381212 -0.9998624 -0.009186923 -0.01381373 -0.9998625 -0.009186029 -0.01381278 -0.9998624 -0.0091874 -0.01381433 -0.9998624 -0.009191274 -0.01381456 -0.9998624 -0.009184896 -0.01395648 -0.9998601 -0.009220182 -0.01358687 -0.9998664 -0.009091496 -0.01381343 -0.9998624 -0.009186208 -0.0138098 -0.9998625 -0.00918442 -0.01384049 -0.999862 -0.009198844 -0.01382452 -0.9998623 -0.009192287 -0.01382976 -0.9998622 -0.009193837 -0.01369082 -0.9998643 -0.009166598 -0.01397025 -0.9998599 -0.009218394 -0.0138337 -0.9998621 -0.009189009 -0.01535475 -0.9998357 -0.009633481 -0.01942646 -0.9997531 -0.01078981 -0.0137934 -0.9998628 -0.009181022 -0.0138027 -0.9998626 -0.009185791 -0.01381397 -0.9998624 -0.009190738 -0.01503962 -0.9998359 -0.01010692 -0.01480448 -0.9998412 -0.009926259 -0.01384168 -0.9998619 -0.009199261 -0.01383358 -0.9998621 -0.009189188 -0.01382064 -0.9998624 -0.009184658 -0.01382488 -0.9998623 -0.009187459 -0.01380091 -0.9998626 -0.009194493 -0.01381951 -0.9998622 -0.009200751 -0.0138185 -0.9998624 -0.009189724 -0.01382416 -0.9998622 -0.009192049 -0.01421147 -0.9998552 -0.009376704 -0.01393365 -0.9998599 -0.009280204 -0.01384532 -0.999862 -0.009190976 -0.01377665 -0.9998627 -0.009212553 -0.01382172 -0.9998624 -0.009183347 -0.01381182 -0.9998623 -0.009201884 -0.01381427 -0.9998623 -0.009199619 -0.01380759 -0.9998624 -0.009191274 -0.01381129 -0.9998624 -0.009190678 -0.01382809 -0.9998622 -0.009189367 -0.01382219 -0.9998623 -0.009190142 -0.01380795 -0.9998626 -0.009175717 -0.0138188 -0.9998623 -0.009187579 -0.01382279 -0.9998623 -0.009187519 -0.01381665 -0.9998623 -0.009188652 -0.01381027 -0.9998625 -0.009182512 -0.01381194 -0.9998624 -0.00919032 -0.01381671 -0.9998624 -0.009192883 -0.01381552 -0.9998624 -0.009197592 -0.01383376 -0.999862 -0.009207904 -0.01381671 -0.9998624 -0.009189903 -0.01380568 -0.9998625 -0.009195148 -0.01380699 -0.9998625 -0.009185791 -0.01382809 -0.9998621 -0.009202122 -0.01381623 -0.9998624 -0.009193122 -0.01382744 -0.9998621 -0.009201943 -0.01381963 -0.9998623 -0.009193062 -0.01381254 -0.9998624 -0.00918734 -0.01382142 -0.9998623 -0.009189724 -0.01383084 -0.9998621 -0.009192466 -0.01381576 -0.9998624 -0.009185492 -0.01380389 -0.9998626 -0.009185731 -0.01380944 -0.9998626 -0.009187817 -0.01379603 -0.9998626 -0.009192764 -0.01380276 -0.9998626 -0.009196817 -0.01381582 -0.9998625 -0.009181678 -0.01381766 -0.9998625 -0.009170055 -0.01379376 -0.9998626 -0.009194493 -0.01381379 -0.9998624 -0.009188592 -0.01381611 -0.9998623 -0.009189844 -0.01381474 -0.9998624 -0.009191155 -0.01383167 -0.9998621 -0.009197115 -0.01381123 -0.9998624 -0.009190022 -0.01380258 -0.9998626 -0.009182631 -0.01381999 -0.9998623 -0.00919342 -0.01375722 -0.9998631 -0.009202599 -0.01380473 -0.9998627 -0.009175062 -0.0138123 -0.9998625 -0.00918281 -0.01381057 -0.9998625 -0.009185791 -0.0137971 -0.9998627 -0.009179711 -0.01382035 -0.9998622 -0.009199976 -0.01380801 -0.9998625 -0.009180486 -0.01381641 -0.9998624 -0.009184062 -0.0138182 -0.9998623 -0.009189486 -0.01382666 -0.9998622 -0.009196221 -0.01381456 -0.9998624 -0.009189546 -0.01381331 -0.9998624 -0.009188413 -0.0138185 -0.9998623 -0.009194731 -0.01381838 -0.9998624 -0.009188294 -0.01381403 -0.9998624 -0.009188473 -0.01382213 -0.9998623 -0.009196698 -0.01381736 -0.9998623 -0.009189486 -0.01381206 -0.9998624 -0.009183347 -0.01381963 -0.9998623 -0.009197413 -0.0138176 -0.9998624 -0.009189784 -0.01382434 -0.9998623 -0.009190976 -0.01381856 -0.9998623 -0.009187817 -0.01381468 -0.9998624 -0.009188771 -0.01382255 -0.9998623 -0.009190261 -0.01382231 -0.9998624 -0.009188473 -0.01380717 -0.9998626 -0.009175419 -0.01382446 -0.9998623 -0.009193956 -0.01380461 -0.9998627 -0.00917977 -0.01381868 -0.9998623 -0.009192526 -0.01381975 -0.9998623 -0.009195148 -0.01382994 -0.9998621 -0.009191989 -0.01379704 -0.9998627 -0.009175419 -0.01382082 -0.9998624 -0.009177744 -0.01381582 -0.9998626 -0.009172856 -0.01383346 -0.9998623 -0.009174883 -0.01380556 -0.9998626 -0.009181439 -0.01382404 -0.9998623 -0.009183645 -0.013812 -0.9998623 -0.009196758 -0.01381677 -0.9998624 -0.009186327 -0.0138185 -0.9998623 -0.009189307 -0.01383167 -0.999862 -0.009206175 -0.0138387 -0.9998619 -0.009204626 -0.01381927 -0.9998621 -0.009205341 -0.01389896 -0.9998618 -0.009123861 -0.01383137 -0.9998621 -0.009192824 -0.01391613 -0.9998617 -0.009112119 -0.01382476 -0.9998622 -0.009199023 -0.01382416 -0.9998622 -0.009197771 -0.01382464 -0.9998623 -0.009192228 -0.01380407 -0.9998625 -0.009191393 -0.01381748 -0.9998624 -0.00918442 -0.01385867 -0.9998619 -0.009184718 -0.01378422 -0.9998629 -0.009180545 -0.01383328 -0.9998622 -0.009176313 -0.01380681 -0.9998626 -0.009177327 -0.01380622 -0.9998626 -0.009177565 -0.01380437 -0.9998626 -0.009177744 -0.01380568 -0.9998626 -0.009179413 -0.01382094 -0.9998623 -0.009185314 -0.01381462 -0.9998624 -0.009190559 -0.0138216 -0.9998623 -0.009192347 -0.0138446 -0.999862 -0.009189248 -0.01382571 -0.9998622 -0.009189248 -0.01381504 -0.9998624 -0.009186327 -0.01379966 -0.9998617 -0.009283959 -0.01382327 -0.9998623 -0.009198188 -0.01379489 -0.9998618 -0.009285092 -0.0138309 -0.9998622 -0.009185433 -0.01383244 -0.9998623 -0.00918442 -0.01381891 -0.9998623 -0.009196639 -0.01382523 -0.9998621 -0.009195685 -0.01383191 -0.999862 -0.009198427 -0.01385885 -0.9998618 -0.009189605 0.814535 -0.08610862 0.5736883 0.8162625 -0.1058602 0.5678991 0.8642019 -0.08586764 0.495764 0.8628727 -0.1056563 0.4942545 0.9071478 -0.08737224 0.4116418 0.9057322 -0.1053141 0.4105585 0.9417102 -0.08780252 0.3247659 0.9400924 -0.1048499 0.3243963 0.9675938 -0.08824658 0.2365902 0.9662156 -0.1042801 0.2356973 0.9862401 -0.08486884 0.1418721 0.9841029 -0.1036053 0.144248 0.9952913 -0.08244967 0.05096513 0.9934542 -0.1028156 0.04977744 0.9953617 -0.08385336 -0.04715651 0.9936453 -0.1018794 -0.04785031 0.8211013 -0.0568695 0.5679423 0.8771781 -0.05727773 0.4767368 0.9126504 -0.04354882 0.4064146 0.9452401 -0.058187 0.3211473 0.9687036 -0.05712491 0.2415577 0.9863555 -0.05771076 0.1541832 0.9985501 -0.04830521 0.02375787 0.9966354 -0.0507403 -0.06436926 -0.01364964 -0.9998645 -0.009207844 -0.01380795 -0.9998626 -0.009177446 -0.01381558 -0.9998624 -0.009188234 -0.01379686 -0.9998624 -0.009218633 -0.01380515 -0.9998624 -0.009210586 -0.01382738 -0.9998624 -0.009159326 -0.01383721 -0.9998625 -0.009149074 -0.01381385 -0.9998625 -0.009187757 -0.01380783 -0.9998624 -0.009198904 -0.01381987 -0.9998624 -0.009182512 -0.0138188 -0.9998624 -0.009178996 -0.01377344 -0.9998632 -0.009172379 -0.01381808 -0.9998624 -0.009180903 -0.01381671 -0.9998623 -0.009189963 -0.01378935 -0.9998627 -0.0091964 -0.01393979 -0.9998614 -0.00911653 -0.0139355 -0.9998614 -0.009108006 -0.01377516 -0.9998629 -0.00919044 -0.0138086 -0.9998626 -0.009173393 -0.01381427 -0.9998625 -0.00917232 -0.01381725 -0.9998626 -0.00917375 -0.0138216 -0.9998624 -0.009176969 -0.0136587 -0.9998644 -0.009207725 -0.01382315 -0.9998624 -0.009168803 -0.01381832 -0.9998624 -0.009178996 -0.01379513 -0.9998627 -0.009182214 -0.01379752 -0.9998627 -0.009181022 -0.01379531 -0.9998627 -0.009188473 -0.01381522 -0.9998624 -0.009187698 -0.01381993 -0.9998624 -0.009179413 -0.01381808 -0.9998623 -0.009189665 -0.01384443 -0.9998622 -0.009161353 -0.01382368 -0.9998622 -0.009196758 -0.01384347 -0.9998621 -0.009177803 -0.01382839 -0.9998621 -0.009199261 -0.01381677 -0.9998623 -0.009199976 -0.01381051 -0.9998624 -0.0091874 -0.01379799 -0.9998627 -0.009183645 -0.01382267 -0.9998624 -0.009168386 -0.01380676 -0.9998626 -0.00918883 -0.01382404 -0.9998626 -0.009158849 -0.01380139 -0.9998624 -0.009198725 -0.01384651 -0.9998627 -0.009098291 -0.01383632 -0.999863 -0.009092152 -0.01380646 -0.9998622 -0.009219229 -0.01382309 -0.9998623 -0.009180605 -0.01382046 -0.9998624 -0.00917685 -0.0137937 -0.9998621 -0.00925213 -0.01381516 -0.9998624 -0.009184896 -0.01382917 -0.9998623 -0.009181976 -0.01380604 -0.9998618 -0.009263396 -0.01381033 -0.9998615 -0.009291827 -0.01381546 -0.9998624 -0.009194493 -0.01380223 -0.9998625 -0.009193658 -0.01375412 -0.9998633 -0.009174108 -0.01383978 -0.9998627 -0.009109497 -0.01383191 -0.9998626 -0.00914818 -0.01378548 -0.999862 -0.009283363 -0.01379173 -0.999862 -0.00927025 -0.01381826 -0.9998623 -0.009188175 -0.01378673 -0.999862 -0.009266376 -0.01383614 -0.9998627 -0.009130179 -0.01381838 -0.9998624 -0.009182929 -0.01381433 -0.9998624 -0.009195685 -0.01381713 -0.9998623 -0.009189128 -0.01381433 -0.9998625 -0.009183764 -0.01381671 -0.9998623 -0.009189367 -0.01381736 -0.9998625 -0.009181737 -0.01381677 -0.9998624 -0.009184718 -0.01381462 -0.9998624 -0.009186804 -0.01381611 -0.9998623 -0.009191215 -0.01381456 -0.9998627 -0.009154975 -0.01381856 -0.9998623 -0.00919038 -0.01381617 -0.9998628 -0.009145855 -0.0138418 -0.9998618 -0.009213387 -0.01384681 -0.9998617 -0.009217143 -0.01381504 -0.9998624 -0.009190738 -0.01380991 -0.9998624 -0.009188234 -0.01382213 -0.9998623 -0.009195864 -0.01381373 -0.9998624 -0.009183943 -0.01382076 -0.9998622 -0.009197771 -0.01381397 -0.9998624 -0.009187817 -0.01382201 -0.9998622 -0.009195208 -0.01444065 -0.999845 -0.0100696 -0.01446413 -0.9998444 -0.01010394 -0.01381289 -0.9998625 -0.00918287 -0.01381105 -0.9998626 -0.009182691 -0.01381564 -0.9998625 -0.009183645 -0.01381462 -0.9998623 -0.0091964 -0.01381784 -0.9998624 -0.009191513 -0.01381474 -0.9998626 -0.009171903 -0.01381707 -0.9998624 -0.00917983 -0.01381808 -0.9998623 -0.0091964 -0.01381027 -0.9998624 -0.009195446 -0.01382237 -0.9998623 -0.009187042 -0.01381647 -0.9998623 -0.00918883 -0.01381438 -0.9998624 -0.009188115 -0.01380836 -0.9998625 -0.009191572 -0.01381403 -0.9998624 -0.009190082 -0.01382052 -0.9998623 -0.009191811 -0.01382505 -0.9998622 -0.009191513 -0.01382589 -0.9998623 -0.009192287 -0.01381683 -0.9998624 -0.009182929 -0.01380872 -0.9998626 -0.009179472 -0.01380956 -0.9998626 -0.009182214 -0.01381063 -0.9998625 -0.0091843 -0.01382493 -0.9998621 -0.009199976 -0.01387137 -0.9998615 -0.009202599 -0.01381748 -0.9998624 -0.009179472 -0.01379954 -0.9998627 -0.009170889 -0.01382583 -0.9998623 -0.009187459 -0.01381516 -0.9998624 -0.009192585 -0.01379776 -0.9998626 -0.009202241 -0.01382452 -0.9998623 -0.009189188 -0.0138114 -0.9998624 -0.009193658 -0.01363009 -0.999864 -0.009288609 -0.01378476 -0.9998631 -0.00916469 -0.01381069 -0.9998624 -0.009186089 -0.01382464 -0.9998623 -0.009189963 -0.01381915 -0.9998623 -0.00918585 -0.01380604 -0.9998625 -0.009193599 -0.01381224 -0.9998624 -0.009187579 -0.01382499 -0.9998623 -0.009183406 -0.0138092 -0.9998624 -0.009189605 -0.01380544 -0.9998624 -0.009195327 -0.01381868 -0.9998623 -0.009189248 -0.01381182 -0.9998624 -0.009188294 -0.01381951 -0.9998623 -0.00919497 -0.0138188 -0.9998624 -0.009188234 -0.01380515 -0.9998626 -0.009182155 -0.01381134 -0.9998624 -0.009194135 -0.01381623 -0.9998624 -0.009185314 -0.01382625 -0.9998623 -0.009186923 -0.01381844 -0.9998624 -0.009189248 -0.01382046 -0.9998626 -0.009159922 -0.01381462 -0.9998624 -0.009186565 -0.01379901 -0.9998627 -0.009187519 -0.0138154 -0.9998624 -0.009191393 -0.01381862 -0.9998623 -0.009187042 -0.01383465 -0.9998623 -0.009180426 -0.01380473 -0.9998626 -0.009185433 -0.01380866 -0.9998625 -0.00918734 -0.01381641 -0.9998624 -0.00919187 -0.01381176 -0.9998625 -0.009186029 -0.01382666 -0.9998623 -0.009190082 -0.01384258 -0.9998621 -0.009186625 -0.01381665 -0.9998624 -0.009187102 -0.01365333 -0.9998638 -0.009277582 -0.01381969 -0.9998623 -0.009195208 -0.01382279 -0.9998622 -0.009193062 -0.01382553 -0.9998622 -0.009195983 -0.01381504 -0.9998623 -0.009191811 -0.01381862 -0.9998623 -0.009192168 -0.0138064 -0.9998626 -0.009182929 -0.01378989 -0.9998629 -0.00917536 -0.01381492 -0.9998626 -0.009171962 -0.01382905 -0.9998622 -0.009189367 -0.01385343 -0.9998619 -0.009180963 -0.01380246 -0.9998627 -0.009184122 -0.01380318 -0.9998626 -0.009176194 -0.01380586 -0.9998626 -0.009180784 -0.01397764 -0.9998595 -0.009255051 -0.01431757 -0.9998522 -0.009532153 -0.0139997 -0.9998586 -0.009314954 -0.01381361 -0.9998624 -0.009182333 -0.0138207 -0.9998623 -0.009186387 -0.01382696 -0.9998623 -0.009190022 -0.01378363 -0.999863 -0.009176433 -0.01382273 -0.9998623 -0.009186983 -0.01379311 -0.9998625 -0.009216189 -0.01381343 -0.9998623 -0.009196996 -0.01382929 -0.9998623 -0.009176969 -0.01381826 -0.9998624 -0.009178102 -0.01382923 -0.9998624 -0.009166479 -0.01381576 -0.9998625 -0.009178638 -0.01381611 -0.9998625 -0.009177744 -0.01379919 -0.9998626 -0.009182751 -0.01382237 -0.9998623 -0.009185552 -0.01380431 -0.9998626 -0.009186506 -0.01381778 -0.9998622 -0.009203791 -0.01382094 -0.9998623 -0.009184479 -0.01380956 -0.9998624 -0.009196043 -0.01381713 -0.9998623 -0.009192645 -0.01381957 -0.9998623 -0.009192049 -0.01381677 -0.9998624 -0.009188354 -0.6321961 -0.6268616 -0.455382 -0.4302201 -0.6538919 -0.6223635 -0.4579995 -0.6513352 -0.6049785 -0.2973018 -0.6568322 -0.6929525 -0.2407487 -0.6602174 -0.7114444 -0.1563193 -0.6540557 -0.7401186 -0.07937484 -0.653762 -0.7525258 -0.05874383 -0.6516376 -0.7562524 0.02427542 -0.6504808 -0.7591348 0.025635 -0.6499444 -0.7595494 0.08716076 -0.6536294 -0.7517791 -0.7467117 -0.6161504 -0.2505603 -0.6823278 -0.6281892 -0.3739082 -0.7191082 -0.6124972 -0.3282237 -0.5971065 -0.6392163 -0.4846302 -0.5175203 -0.6467081 -0.5603049 0.06678855 -0.03499275 -0.9971534 0.1212399 -0.0333963 -0.9920613 0.1342521 -0.07066309 -0.9884246 0.1012331 -0.0860781 -0.9911319 -0.001441836 -0.08621054 -0.9962759 -9.18711e-4 -0.06959164 -0.9975752 0.2550181 -0.08269023 -0.9633942 0.1873329 -0.07789182 -0.9792035 0.5355187 -0.07189023 -0.841458 0.5350923 -0.0900554 -0.8399799 0.4522033 -0.07080978 -0.8890997 0.4501132 -0.08894783 -0.8885304 0.3675482 -0.07057768 -0.9273226 0.3707494 -0.08536696 -0.9248014 0.2666556 -0.07006776 -0.9612416 0.3196483 -0.08337801 -0.9438608 -0.0118519 -0.03256863 -0.9993993 0.1792665 -0.03531551 -0.9831666 0.5610139 -0.03766632 -0.826949 0.4547256 -0.03111219 -0.890088 0.3764768 -0.02167195 -0.9261726 0.311797 -0.03628605 -0.9494557 0.2542999 -0.03439307 -0.9665138 0.7711827 -0.1071383 0.6275339 0.7524285 -0.08811277 0.6527538 0.629357 -0.09181368 0.7716736 0.5979632 -0.09477663 0.7959004 0.6924183 -0.09226226 0.715573 0.6598809 -0.09192979 0.7457252 0.71316 -0.09448868 0.694604 0.2524753 -0.08770775 0.9636201 0.2456587 -0.1038259 0.9637801 0.3346574 -0.08751273 0.9382676 0.3265555 -0.102635 0.9395891 0.4131349 -0.08959603 0.9062518 0.3986445 -0.1010696 0.9115194 0.4910336 -0.08749604 0.8667355 0.4675571 -0.09921479 0.8783774 0.5560499 -0.08631134 0.8266552 0.5337858 -0.09711188 0.8400251 0.6036543 -0.05191314 0.7955542 0.7039238 -0.05608779 0.7080575 0.7660524 -0.05827248 0.6401314 0.244234 -0.05071991 0.968389 0.341374 -0.05456846 0.9383422 0.4147436 -0.05502176 0.9082733 0.4967593 -0.05439388 0.8661822 -0.5367885 -0.06302297 -0.8413598 -0.676387 -0.07380521 -0.7328394 -0.6535997 -0.04850488 -0.7552846 -0.7769579 -0.06931787 -0.6257249 -0.7618577 -0.03755182 -0.646655 -0.8838791 -0.05516159 -0.4644514 -0.7596739 -0.02116101 -0.6499599 -0.9507493 -0.0505793 -0.3058065 -0.9427689 -0.02684062 -0.3323649 -0.8976891 -0.02570492 -0.439879 0.1747418 -0.08680164 0.9807808 0.1430841 -0.04983878 0.9884549 0.08982586 -0.08557784 0.9922741 0.07797878 -0.04928308 0.9957362 0.004264473 -0.04977142 0.9987515 -0.01407331 -0.08414942 0.9963539 -0.08561158 -0.04911315 0.9951174 -0.09833586 -0.0886262 0.991199 -0.156032 -0.04928952 0.9865216 -0.156996 -0.08642476 0.9838106 0.1614109 -0.1026276 0.9815367 0.09490263 -0.102324 0.9902138 0.03367674 -0.09890615 0.9945268 -0.02561599 -0.1004716 0.9946101 -0.07859438 -0.09815955 0.9920623 -0.1539297 -0.1035774 0.982638 0.8223685 -0.0323975 0.5680323 0.8225783 -0.02410429 0.5681409 0.7676088 -0.02401977 0.6404685 0.7674022 -0.03232526 0.6403506 0.7029347 -0.02377909 0.7108568 0.7027307 -0.0320965 0.7107316 0.6051639 -0.02324223 0.7957615 0.6049546 -0.03160011 0.7956327 0.4983173 -0.02247625 0.8667035 0.498097 -0.0308991 0.8665707 0.416127 -0.02177149 0.9090458 0.4159033 -0.03024458 0.9089059 0.3420969 -0.02107125 0.9394285 0.3418684 -0.02959752 0.9392817 0.2430464 -0.02003532 0.9698078 0.2428155 -0.02862513 0.9696501 -0.9953594 -0.02992504 0.09145677 -0.9962207 -0.05392897 0.06808745 -0.9876953 -0.049057 0.1484975 -0.9753223 -0.06335216 0.211502 -0.9789002 -0.06394177 0.1940774 -0.9783983 -0.02702116 0.2049548 -0.9986181 -0.0523231 0.004932999 -0.9995239 -0.02981156 -0.007952392 -0.9959179 -0.05524235 -0.07138562 -0.9967374 -0.0205419 -0.07805556 -0.9913899 -0.02678716 -0.1281737 -0.9829756 -0.05421 -0.175557 -0.9668349 -0.02399569 -0.2542727 -0.980088 -0.01715588 -0.1978213 -0.0857855 -0.06703007 -0.9940562 -0.08734422 -0.08585309 -0.9924718 -0.1009448 -0.06748306 -0.9926008 -0.1012081 -0.08607584 -0.9911347 -0.04220086 -0.0686717 -0.9967464 -0.04172599 -0.08706778 -0.9953282 0.07037484 -0.06909376 -0.9951249 0.07087159 -0.08856296 -0.9935461 -0.08493715 -0.02783548 -0.9959975 -0.1002812 -0.02758342 -0.9945768 -0.04113107 -0.02957791 -0.9987159 0.04492002 -0.03438234 -0.9983988 -0.01620757 -0.005477726 -0.9998537 -0.01339197 -0.001464128 -0.9999093 0.0723958 2.15336e-4 -0.997376 0.07137542 -0.007649779 -0.9974202 0.167106 -0.007928371 -0.9859071 0.1673135 -0.001129031 -0.9859032 0.2980971 -0.003100097 -0.9545306 0.2975826 -0.00755459 -0.9546662 0.4447271 -0.01395946 -0.8955574 0.4449231 -0.005574822 -0.8955515 0.5603141 -0.007714688 -0.8282443 0.5601044 -0.01606673 -0.8282662 0.629744 -0.00911802 -0.7767494 0.6295444 -0.01744675 -0.7767688 0.4052678 -0.07467657 -0.911143 0.4095585 -0.04014348 -0.9114003 0.3577002 -0.03723216 -0.933094 0.4032272 -0.0938186 -0.9102779 0.3414104 -0.07530337 -0.936893 0.2762383 -0.07226884 -0.9583683 0.3192738 -0.03249168 -0.9471054 0.2672669 -0.04748982 -0.9624516 0.1869851 -0.07040876 -0.9798363 0.2323582 -0.03641641 -0.9719484 0.1751682 -0.03768211 -0.9838172 0.1187375 -0.03227967 -0.9924009 0.3420469 -0.09204018 -0.9351645 0.2746733 -0.09068572 -0.9572517 0.1866027 -0.08971756 -0.9783303 0.04654812 -0.008590102 -0.9988792 0.04518091 4.25918e-4 -0.9989788 -0.03998005 -0.005272686 -0.9991866 -0.09988188 -0.006279349 -0.9949795 -0.08343011 -0.006439149 -0.9964929 0.4332498 -0.07626712 -0.8980412 0.4324383 -0.09483271 -0.8966627 0.405506 -0.07533961 -0.9109823 0.4055327 -0.09353113 -0.9092829 0.3426379 -0.07465785 -0.9364964 0.3420791 -0.09118223 -0.9352368 0.4344629 -0.03627014 -0.8999593 0.4070814 -0.03645902 -0.912664 0.3479198 -0.03864789 -0.9367275 0.4083725 -0.0133301 -0.9127181 0.4086704 -0.007290542 -0.9126529 0.3603367 -0.004521965 -0.9328114 0.3043255 -0.01493179 -0.9524511 0.3601194 -0.01346385 -0.9328092 0.3030933 -0.003512978 -0.9529544 0.215967 -0.002088308 -0.9763985 0.2181997 -0.01418608 -0.975801 0.1242723 -7.18228e-4 -0.9922479 0.1222401 -0.01149845 -0.992434 -0.6811792 -0.02957046 -0.7315194 -0.6712628 -0.03200936 -0.740528 -0.6391779 -0.08744746 -0.7640711 -0.6554684 -0.03486192 -0.7544175 -0.6256846 -0.03340971 -0.7793605 -0.704531 -0.02428472 -0.7092576 -0.711763 -0.02789056 -0.7018657 -0.6496385 -0.08516234 -0.7554582 -0.7329194 0.003014266 -0.6803088 -0.6988775 -0.02561908 -0.7147825 -0.6895912 -0.03126472 -0.7235236 -0.5090945 -0.07500028 -0.8574368 -0.4267559 -0.04640644 -0.9031755 -0.4722307 -0.0915265 -0.8767104 -0.3860229 -0.07338118 -0.919566 -0.328306 -0.03842854 -0.9437894 -0.2879987 -0.08528953 -0.9538252 -0.1952551 -0.08363944 -0.9771797 -0.2851039 -0.03481376 -0.9578642 -0.2384064 -0.03230237 -0.9706282 -0.0968703 -0.08184432 -0.9919263 -0.1817678 -0.03737598 -0.982631 -0.1352214 -0.03192585 -0.990301 -0.4127927 -0.09190499 -0.9061764 -0.5362825 -0.04127508 -0.8430287 -0.5660651 -0.09442204 -0.8189352 -0.5795801 -0.03322744 -0.8142376 0.2279941 -0.084176 -0.9700171 0.1726511 -0.07939773 -0.9817778 0.172688 -0.07070541 -0.9824355 -0.1000102 -0.01917773 -0.9948016 -0.009034693 -0.07081711 -0.9974485 -0.0678628 -0.01152515 -0.9976281 0.07550317 -0.06748157 -0.9948596 -0.009473264 -0.08170235 -0.9966118 0.06326806 -0.08348155 -0.9944989 0.1314008 -0.06707382 -0.9890576 0.2651463 -0.07226753 -0.9614962 0.2775061 -0.08901411 -0.9565913 0.1856738 -0.02300798 -0.9823421 0.1289665 -0.03544604 -0.9910153 0.07133513 -0.03354704 -0.9968881 -0.06392812 -0.006289303 -0.9979347 0.2244866 -0.03380537 -0.9738907 0.2966527 -0.03829813 -0.9542173 0.2629678 -0.03536331 -0.9641564 -0.05522102 0.007205784 -0.9984482 -0.06012672 0.009628355 -0.9981443 0.07811224 5.57532e-4 -0.9969444 -0.05713582 0.005644857 -0.9983505 -0.06083238 0.001031339 -0.9981475 0.1431783 -0.006909549 -0.9896729 0.07477164 -0.008545339 -0.9971641 0.1444617 -6.38528e-4 -0.9895102 0.2241596 -0.001984655 -0.9745504 0.2230969 -0.009509861 -0.97475 0.2893628 -0.003128588 -0.9572144 0.2903646 -0.01062548 -0.9568571 0.3482022 -0.004206597 -0.93741 0.3495628 -0.0131269 -0.9368211 -0.8091234 0.09327667 -0.5801887 -0.8992767 0.0301004 -0.4363432 -0.8887845 0.03256058 -0.4571673 -0.7621933 6.05996e-4 0.6473492 -0.7199664 0.003571271 0.6939998 -0.7204937 0.00311166 0.6934546 -0.8658899 0.001992881 0.5002307 -0.8150771 0.001100063 0.5793516 -0.8454523 -0.001384675 0.5340492 -0.8739669 0.002941608 0.4859768 -0.91465 0.00105679 0.4042456 -0.895731 0.002286016 0.4445906 -0.9363155 0.002002477 0.3511542 -0.9619928 0.002405703 0.2730644 -0.9582387 0.01061564 0.2857725 -0.9692178 0.005603373 0.2461413 -0.9888755 0.0371266 0.1440387 -0.9815894 0.006698071 0.1908856 -0.9991576 0.01478409 0.03828465 -0.9966602 0.003125369 0.08160185 -0.9990859 0.03005558 -0.03039807 -0.9746143 0.03156858 -0.2216538 -0.9277675 0.09403681 -0.3611158 -0.9795128 0.02919495 -0.1992546 -0.9883953 0.09379595 -0.1194868 -0.7626752 0.02998042 -0.6460866 -0.7599447 0.02493131 -0.6495095 -0.6704933 0.0189718 -0.741673 -0.6294118 0.01213008 -0.7769773 -0.5585934 0.006294965 -0.8294178 -0.567525 0.01540881 -0.823212 -0.5303392 0.01434469 -0.8476642 -0.4649192 0.004263281 -0.8853429 -0.3660107 0.005022108 -0.9305972 -0.3369899 -2.99681e-4 -0.9415083 -0.4115065 -0.002186775 -0.9114042 -0.4813939 0.01445752 -0.8763851 -0.3236196 0.01316469 -0.9460957 -0.2598201 0.009917736 -0.9656062 -0.2038738 0.04390949 -0.9780121 -0.0999096 0.005888342 -0.9949792 -0.1948668 -0.04658037 -0.9797231 -0.07970291 0.008501052 -0.9967824 0.03102248 0.01496297 -0.9994068 0.0151714 0.009398698 -0.9998407 0.1487454 0.009253144 -0.9888323 0.1570701 0.01460593 -0.9874795 0.2645571 0.005602538 -0.9643537 0.3139592 -6.37409e-4 -0.9494363 0.3991647 -0.005376696 -0.9168636 0.4057757 0.001541137 -0.9139715 0.495923 -0.008890807 -0.868321 0.4761634 0.001012325 -0.8793563 0.550834 -0.01405328 -0.8344966 0.614696 -0.01097249 -0.7886878 0.6020794 -0.00297892 -0.7984307 0.6386725 -0.002216815 -0.7694756 0.6956881 -0.01284575 -0.7182292 0.6844109 -0.002790391 -0.7290913 0.7442398 -0.01849699 -0.6676564 0.7912671 -0.01492363 -0.6112885 0.7860558 -0.005251884 -0.6181333 0.8119075 -0.005150735 -0.5837635 0.856109 -0.00889641 -0.5167189 0.8554479 -0.0185768 -0.5175556 0.9166675 -0.01697582 -0.39929 0.9716516 -0.04942089 -0.2311946 0.9869652 -0.0220797 -0.1594119 0.9587348 -0.02234566 -0.2834229 0.9569053 -0.01416254 -0.2900546 0.9246898 -0.007658958 -0.3806446 0.8810671 -0.05043822 -0.4702944 0.9874653 -0.01219946 -0.1573649 0.9931831 -0.01218169 -0.1159265 0.9989804 -0.01732659 -0.04168856 0.9993708 -0.01627725 -0.0315153 0.9959447 -0.01848429 0.08804786 0.9979858 -0.01893752 0.06054657 0.9911177 -0.009862303 0.1326212 0.9794448 -0.02009022 0.2007095 0.9713725 -0.02372616 0.2363741 0.9394333 -0.01785159 0.3422666 0.9507526 -0.02318078 0.3090831 0.9190261 -0.01631736 0.3938588 0.8961639 -0.01647764 0.4434173 0.9020883 0.003611743 0.4315364 0.8963161 0.005492091 0.4433816 0.8959449 0.02722579 0.44333 0.8745366 -0.05872857 0.4813905 0.8354206 -0.02314633 0.5491235 0.8835654 -0.01306003 0.4681256 0.895957 0.02724397 0.4433046 0.6825495 -0.01654428 0.7306522 0.6932999 -0.01508671 0.7204913 0.7564916 -0.02059406 0.6536793 0.8244183 -0.01659047 0.5657379 0.8033226 -0.01401418 0.5953793 0.7560144 -0.02889806 0.6539168 0.7115372 -0.02408522 0.7022355 0.6597788 -0.01605057 0.7512885 0.5911096 -0.01882988 0.8063715 0.6163758 -0.01566654 0.7872964 0.556138 -0.017982 0.8308954 0.4366741 -0.02089446 0.8993772 0.5004886 -0.01768493 0.8655626 0.4601224 -0.01481223 0.8877319 0.4173945 -0.014023 0.9086172 0.3309905 -0.01313966 0.9435426 0.2699334 -0.01576006 0.96275 0.2283916 -0.02153944 0.973331 0.1558235 -0.01122993 0.9877212 0.02801668 0.005997598 0.9995895 0.1621462 -0.02859759 0.9863523 -0.07504302 0.002739608 0.9971765 0.05714768 -0.01544553 0.9982463 -0.0575872 -0.01179116 0.9982709 -0.2041759 -0.003401339 0.9789283 -0.1621484 -0.01082283 0.9867071 -0.3164598 -0.001710057 0.9486044 -0.3169285 -0.00111562 0.9484488 -0.4294351 -0.001851677 0.9030959 -0.4675585 0.001752376 0.8839604 -0.5346572 -4.77666e-4 0.8450689 -0.5555589 7.9058e-4 0.8314769 -0.6317414 0.001205861 0.7751784 -0.6407036 0.002586066 0.767784 -0.7199873 -0.00325495 0.6939797 -0.7587441 -0.01279717 0.6512632 -0.1057329 -0.007677197 0.9943649 -0.1057313 -0.007677197 0.9943651 -0.1234161 -0.007414102 0.9923274 -0.1234164 -0.007414102 0.9923273 -0.2266348 -0.005818605 0.9739625 -0.2266342 -0.005818724 0.9739626 -0.002905368 -0.00914961 0.9999539 -0.002900063 -0.009149074 0.9999541 0.9965431 -0.01452177 0.08179932 0.9965431 -0.01452147 0.0817992 0.9979007 -0.01320654 -0.06340217 0.9979007 -0.0132063 -0.06340175 0.9670369 -0.01102495 -0.2543979 0.9670369 -0.01102435 -0.2543976 0.8999704 -0.008429825 -0.4358695 0.8999704 -0.008429527 -0.4358697 0.7992119 -0.005519628 -0.6010242 0.7992115 -0.005519926 -0.6010248 0.6685333 -0.002403438 -0.7436784 0.6685329 -0.002403676 -0.7436788 0.5128269 8.02943e-4 -0.8584918 0.5128268 8.02932e-4 -0.8584918 0.3379218 0.003979504 -0.9411659 0.3379216 0.003979504 -0.9411659 0.1503659 0.007007122 -0.9886057 0.1503665 0.0070073 -0.9886056 -0.04281854 0.009772717 -0.9990351 -0.04281795 0.009772896 -0.9990352 -0.2344003 0.01217234 -0.972064 -0.2344001 0.01217216 -0.9720641 -0.4165124 0.01410901 -0.9090206 -0.4169188 0.01376706 -0.9088395 -0.5499954 0.01506215 -0.8350318 -0.4536467 0.01386696 -0.8910738 -0.4596779 0.01451247 -0.8879671 -0.2027179 0.01328188 -0.9791471 -0.2086871 0.01187044 -0.9779105 0.0218001 0.008942306 -0.9997224 0.01381039 0.9998622 0.009216487 0.01381593 0.9998629 0.009142756 0.01381283 0.9998624 0.009200155 0.01381409 0.9998625 0.009175062 0.01382714 0.9998622 0.009192109 0.01384401 0.999862 0.009200274 0.01383364 0.9998621 0.009197175 0.01388561 0.9998614 0.009192347 0.01383727 0.9998621 0.009190976 0.01361262 0.9998651 0.009204566 0.01379495 0.9998626 0.009189903 0.01381528 0.9998624 0.009187996 0.01381611 0.9998623 0.009190738 0.01381456 0.9998624 0.009187579 0.01378792 0.9998624 0.009233832 0.01380723 0.9998624 0.009203016 0.01380413 0.9998625 0.009194016 0.01381313 0.9998629 0.009142696 0.01380276 0.9998632 0.009128093 0.01382327 0.9998623 0.009190738 0.01381313 0.9998624 0.009187996 0.01381564 0.9998624 0.009188711 0.01381301 0.9998624 0.009192466 0.01373553 0.9998634 0.009195387 0.01381719 0.9998623 0.009189903 0.01381653 0.9998625 0.009177684 0.01381856 0.9998624 0.009182214 0.01381736 0.9998624 0.009183943 0.0138179 0.9998624 0.009187519 0.01381683 0.9998623 0.009189546 0.01381862 0.9998623 0.009187996 0.01381772 0.9998623 0.00918895 0.0138188 0.9998623 0.009190738 0.0138095 0.9998625 0.009192228 0.01381671 0.9998623 0.00919497 0.01381909 0.9998624 0.009191751 0.01381826 0.9998623 0.009193062 0.01381611 0.9998623 0.009194672 0.01381719 0.9998623 0.009193599 0.0138182 0.9998624 0.009191453 0.01382118 0.9998624 0.009187042 0.01381421 0.9998624 0.009188354 0.04605078 0.009472548 -0.9988942 -0.1746671 0.012901 -0.9845432 -0.170046 0.01090037 -0.9853759 -0.2573536 0.01290833 -0.9662311 -0.2566922 0.01242798 -0.9664134 0.2630763 0.009150922 -0.9647318 0.2019522 0.006131112 -0.9793762 0.03660815 0.00885564 -0.9992905 0.4663669 0.006645381 -0.8845664 0.4090675 0.003831088 -0.9124962 0.3081636 0.004484772 -0.9513229 0.6473809 0.004006266 -0.7621561 0.5956333 5.01663e-4 -0.8032565 0.5054742 9.43967e-4 -0.8628413 0.7974742 0.001405656 -0.6033514 0.7543634 -0.002797722 -0.6564513 0.6791299 -0.002638339 -0.7340134 0.9094842 -9.8657e-4 -0.4157376 0.8778228 -0.005903601 -0.4789491 0.8210297 -0.006098449 -0.5708529 0.9780658 -0.003012835 -0.2082747 0.9602394 -0.008656978 -0.2790437 0.9245297 -0.009275257 -0.3809973 0.9999582 -0.003591239 0.008410274 0.9977543 -0.01092207 -0.06608569 0.9847926 -0.01201432 -0.1733184 0.9736968 -0.005032241 0.2277923 0.9809432 -0.0138207 0.1938024 0.9991284 -0.01416814 0.039267 0.9519426 -0.01383322 0.3059642 0.9726883 -0.01556921 0.2315925 0.9481544 -0.0150634 0.3174531 0.8742516 -0.01269221 0.4853072 0.8656213 -0.01655989 0.5004256 0.01383984 0.9998617 0.009224593 0.01382929 0.999862 0.009206235 0.01382619 0.9998621 0.009202539 0.0138145 0.9998624 0.00919795 0.01385986 0.999861 0.009272575 0.0138092 0.9998624 0.009198725 0.01381802 0.9998623 0.00919187 0.01383537 0.9998622 0.009185075 0.01382511 0.9998622 0.009189903 0.01382219 0.9998623 0.009193897 0.01388788 0.9998614 0.009186506 0.01382309 0.9998623 0.009190261 0.01380759 0.9998625 0.009190559 0.01381927 0.9998626 0.009171187 0.01381886 0.9998624 0.009174466 0.0138154 0.9998623 0.009195387 0.01381224 0.9998624 0.009194374 0.01382821 0.9998624 0.009167611 0.01381665 0.9998624 0.009186625 0.01381546 0.9998623 0.00919342 0.01381856 0.9998623 0.009187817 0.01381587 0.9998624 0.009189248 0.01381897 0.9998623 0.009187281 0.01382166 0.9998623 0.009186446 0.01381945 0.9998623 0.009188473 0.01380819 0.9998625 0.009194016 0.01378202 0.9998626 0.009219229 0.01382493 0.9998623 0.009177505 0.01381796 0.9998624 0.009187042 0.01381653 0.9998623 0.009191393 0.01381641 0.9998624 0.009185433 0.01381438 0.9998624 0.009189069 0.0138145 0.9998624 0.009189844 0.01364862 0.9998639 0.009274661 0.01358467 0.9998645 0.009306609 0.01358598 0.9998645 0.009299635 0.01381206 0.9998625 0.009186387 0.01380753 0.9998626 0.009176909 0.01381421 0.9998624 0.009186983 0.01383149 0.9998624 0.009164035 0.0138204 0.9998624 0.009182393 0.0138157 0.9998624 0.009191095 0.01381367 0.9998624 0.009191513 0.01383733 0.9998614 0.009273231 0.01381343 0.9998623 0.00919938 0.01381641 0.9998623 0.009189665 0.01367598 0.9998651 0.00910902 0.01373374 0.999864 0.009137332 0.01380842 0.9998626 0.009185671 0.01382994 0.9998623 0.009188532 0.01382565 0.9998624 0.009175956 0.01382285 0.9998622 0.009200334 0.01380252 0.9998627 0.009178698 0.01386517 0.9998618 0.009181618 0.01377683 0.9998627 0.009212613 0.01381719 0.9998624 0.009186804 0.01381695 0.9998624 0.009185671 0.01381689 0.9998624 0.009187102 0.01381802 0.9998623 0.009190618 0.0138151 0.9998624 0.009191036 0.01381325 0.9998624 0.009190678 0.01381433 0.9998624 0.009189724 0.01381528 0.9998624 0.009190022 0.01381695 0.9998623 0.009191691 0.01381838 0.9998623 0.009194076 0.01381844 0.9998623 0.009196877 0.01381748 0.9998623 0.009197056 0.01381665 0.9998624 0.00919348 0.01381427 0.9998624 0.009191572 0.0138157 0.9998624 0.009186804 0.01380997 0.9998624 0.009188354 0.0138123 0.9998625 0.009186506 0.01381117 0.9998624 0.009193301 0.01381415 0.9998624 0.009189784 0.0138204 0.9998623 0.009186923 0.890773 -0.02529972 0.4537439 0.8700608 -0.02405047 0.4923575 0.8722825 -0.03153574 0.4879847 0.9353083 -0.04035001 0.351526 0.9659912 -0.03902637 0.2556132 0.9817935 -0.0402435 0.1856398 0.9905856 -0.05525565 0.1252477 0.9955717 -0.06397402 0.06887906 0.9982361 -0.04749554 -0.0356217 0.9899049 -0.03911828 -0.136228 0.9471991 -0.0457282 0.3173688 0.9599979 -0.02149707 0.2791808 0.1624069 0.006540238 -0.9867023 0.6849191 -0.01531982 -0.7284581 0.7252761 -0.03428751 -0.6876038 0.7841329 -0.01874554 -0.6203098 0.7465921 -0.03592956 -0.6643112 0.7819578 -0.008283853 -0.6232764 0.8041951 -0.00560379 -0.5943391 0.8415196 -0.01998662 -0.5398567 0.8335958 -0.006507754 -0.5523365 0.8773931 -0.03133815 -0.4787477 0.9118834 -0.02042639 -0.4099409 0.9176289 -0.007972776 -0.3973586 0.9505967 -0.01615089 -0.3100085 0.9549981 -0.01458662 -0.2962531 0.9828518 -0.01404201 -0.1838626 0.9903894 -0.01264965 -0.1377276 0.998573 0.007544934 -0.0528711 0.9976331 -0.02547121 0.06387031 0.9974978 -0.06979012 -0.01129353 0.9890283 -0.005153715 0.1476361 0.9827327 -0.005745351 0.1849415 0.9496605 -0.01145607 0.3130716 0.8359922 -0.01718485 0.5484724 0.8192683 -0.04322552 0.5717789 0.892956 -0.04127228 0.448248 0.914659 -0.03308063 0.4028706 0.9534376 -0.01594203 0.3011692 0.789195 -0.02655923 0.6135682 0.7563107 -0.06067138 0.6513933 0.686514 -0.03451693 0.7262969 0.7358821 -0.07754784 0.6726544 0.6804785 -0.02064001 0.7324774 0.638594 -0.01556962 0.7693864 0.619471 -0.03133672 0.784394 0.5741368 -0.04898589 0.8172928 0.4437715 -0.02194154 0.8958714 0.519585 -0.03109645 0.8538528 0.4018141 -0.006395697 0.915699 0.3768086 -0.01371812 0.9261896 0.4164307 -0.01410853 0.9090581 0.3192934 -0.01191037 0.9475811 0.2139878 -0.003945887 0.9768285 0.2013165 -0.01178282 0.9794555 0.08123326 -0.01095759 0.9966349 0.03866875 -0.006716907 0.9992295 -0.04268091 -0.009907424 0.9990397 -0.06450569 -0.007835149 0.9978867 -0.1629583 -0.007341265 0.9866057 -0.1699964 -0.006294012 0.9854246 -0.2823167 -0.006171584 0.9593014 -0.2719156 -0.005085706 0.9623078 -0.3406465 -0.00349164 0.9401851 -0.3970487 -0.004821181 0.9177849 -0.4095377 -0.004191815 0.9122836 -0.506917 -0.002144992 0.8619922 -0.473388 -0.003688633 0.8808463 -0.5383967 8.46386e-4 0.8426912 -0.6066695 -6.29689e-4 0.794954 -0.6253428 0.002376675 0.7803466 -0.7008167 0.001423418 0.7133401 -0.705115 0.002885878 0.7090871 -0.7806976 0.002391815 0.6249046 -0.7597432 0.004561364 0.6502074 -0.811643 0.005369126 0.5841292 -0.8529696 0.004355549 0.5219427 -0.8517299 0.006510853 0.5239407 -0.8876678 0.01029807 0.4603694 -0.9086721 0.006298422 0.417463 -0.9341467 0.01120215 0.3567136 -0.9538342 0.01095896 0.3001337 -0.9975212 0.01314842 0.06912815 -0.998315 0.01568758 0.05586659 -0.9878358 0.01397776 0.1548711 -0.967584 0.01105237 0.252308 -0.9902954 0.004821181 0.1388953 -0.9999523 0.003784835 0.009019672 -0.9767174 0.01546216 -0.2139726 -0.9596031 0.01452094 -0.2809822 -0.9921593 0.00948596 -0.1246192 -0.9853238 0.01713764 -0.1698334 -0.9986676 0.01489543 -0.0494098 -0.7544952 0.01645493 -0.6560993 -0.7185585 0.01535952 -0.6952969 -0.8101126 0.01409828 -0.5861049 -0.7953143 0.01748138 -0.6059452 -0.8693783 0.01444125 -0.493936 -0.8629395 0.0167098 -0.5050309 -0.9090619 0.015998 -0.416354 -0.9166165 0.01340073 -0.399543 -0.941082 0.01496917 -0.3378474 -0.9642243 0.01545202 -0.2646368 -0.719654 0.01616203 -0.6941449 -0.6648346 0.01609992 -0.7468171 -0.6270405 0.01350194 -0.7788698 -0.5972461 0.01609545 -0.8018967 -0.5295046 0.01482594 -0.8481776 -0.5260221 0.01477819 -0.8503426 -0.4235452 0.01434683 -0.9057614 -0.427412 0.01388084 -0.9039505 -0.3116349 0.01322907 -0.9501098 -0.3226134 0.01165914 -0.946459 -0.1953298 0.01086854 -0.9806775 -0.2309074 0.01102632 -0.9729133 -0.1437588 0.01161688 -0.9895446 -0.07480609 0.009427189 -0.9971536 -0.05984228 0.0102908 -0.9981548 0.04511779 0.008279025 -0.9989475 0.05031549 0.0087713 -0.9986948 0.1603949 0.00324434 -0.9870476 0.2548811 0.004554271 -0.9669618 0.3849416 0.007627129 -0.9229095 0.3894389 0.007753014 -0.9210198 0.4887012 -0.005369663 -0.8724347 0.5222682 -0.006809234 -0.8527541 0.6051501 -0.007293462 -0.7960782 0.6116981 6.63675e-4 -0.7910912 0.6809946 -0.003925621 -0.7322779 0.9134339 -0.0246734 -0.4062386 0.964345 -0.02542698 -0.263424 0.950609 -0.02958387 -0.3089782 0.9517059 -0.01899027 -0.3064234 0.9265488 -0.01778984 -0.3757536 0.9114394 -0.01624721 -0.4111135 0.8810727 -0.023476 -0.4723981 0.8812682 -0.01527172 -0.4723699 0.8300938 -0.02202206 -0.5571888 0.8302887 -0.01380532 -0.5571626 0.7577038 -0.02022349 -0.6522852 0.757898 -0.01196616 -0.6522635 0.6867294 -0.01863723 -0.7266743 0.6869255 -0.01033687 -0.7266544 0.9784804 -0.04196017 -0.2020286 0.9647564 -0.0348612 -0.2608255 0.01385778 0.9998617 0.009206593 0.01384419 0.9998618 0.009206235 0.01385045 0.9998618 0.009199023 0.01380825 0.9998627 0.009157657 0.01387196 0.9998637 0.00896281 0.01387417 0.9998636 0.00895828 0.01388585 0.9998639 0.008918464 0.01408922 0.9998592 0.009115874 0.01401996 0.9998601 0.009138643 0.01383596 0.9998622 0.009176611 0.01366823 0.9998639 0.009249687 0.01395535 0.9998609 0.009142696 0.01382684 0.9998623 0.009180247 0.01381057 0.9998625 0.009184896 0.01381736 0.9998624 0.009193599 0.0137881 0.9998625 0.009213805 0.01378315 0.9998625 0.009228169 0.01382434 0.9998624 0.009181857 0.01382672 0.9998624 0.009178996 0.01382482 0.9998624 0.009172022 0.01382601 0.9998624 0.009175539 0.01382124 0.9998624 0.009176135 0.01382076 0.9998624 0.009178519 0.01381862 0.9998623 0.009200751 0.0138188 0.9998623 0.009201824 0.01381409 0.9998624 0.009196043 0.01381456 0.9998623 0.009195864 0.01381903 0.9998623 0.009197652 0.01381713 0.9998623 0.009195446 0.01380836 0.9998627 0.009157419 0.01382923 0.9998622 0.009189665 0.01383727 0.9998621 0.009189307 0.01381498 0.9998624 0.009187579 0.01382994 0.9998623 0.009186089 0.01382195 0.9998624 0.009186565 0.01379704 0.9998627 0.009190797 0.01381111 0.9998623 0.009199082 0.01372045 0.999863 0.009265124 0.01360422 0.9998642 0.009317159 0.01383924 0.999862 0.009198606 0.01382839 0.9998621 0.009195029 0.01381742 0.9998624 0.009190917 0.0137459 0.9998638 0.009141743 0.01373034 0.9998641 0.009130418 0.01381289 0.9998624 0.009195744 0.01381558 0.9998624 0.009179711 0.01378697 0.9998628 0.009191989 0.01388031 0.9998619 0.009150922 0.9993204 -0.002384126 0.03678417 0.9993057 -0.01236987 -0.03514486 0.9778751 -0.01542967 0.2086202 0.9818866 -0.005962967 0.1893762 0.9869929 -0.01510876 0.1600523 0.986993 -0.01510941 0.1600521 0.9964364 -0.01300102 -0.08333969 0.9964365 -0.01300299 -0.08333885 0.9983266 -0.009413123 0.0570566 0.3203169 -0.01331502 0.9472169 0.1892803 -0.01163768 0.9818542 0.395761 -0.01572728 0.9182189 0.1848096 -0.01447349 0.9826678 0.3694111 -0.006811857 0.9292412 0.4180558 -0.01701408 0.908262 0.9981128 -0.03129059 0.05283772 0.9997877 -0.01739919 -0.01104205 0.8993931 -0.02695024 0.4363094 0.951308 -0.02300924 0.3073819 0.8078416 -0.03034436 0.5886181 0.6502467 -0.01872164 0.7594926 0.6634472 -0.0233649 0.7478583 0.5086675 -0.0081411 0.8609246 0.6157181 -0.02061587 0.7876969 0.8014791 -0.02152949 0.5976353 0.9035385 -0.02317219 0.4278802 0.9731251 -0.02247613 0.2291781 0.9971534 -0.02110147 -0.07238757 0.2206157 0.005913913 -0.975343 0.2205992 0.005914211 -0.9753466 0.6272944 -0.001512289 -0.7787807 0.6272946 -0.001511514 -0.7787806 0.8977857 -0.00836122 -0.4403533 0.8977862 -0.008359074 -0.4403523 -0.9999029 0.01394182 3.26202e-4 -0.9619421 0.01828396 -0.2726411 -0.9623343 0.01579344 -0.2714098 -0.7057532 0.01640391 -0.7082679 -0.2237827 0.01595813 -0.9745084 -0.5497274 0.0186333 -0.8351362 -0.8095867 0.01657986 -0.5867664 -0.2677654 0.01255404 -0.9634025 0.4027123 -0.01397615 0.91522 0.399703 -0.009825348 0.9165921 0.3882181 -0.007408201 0.9215378 0.3166308 0.003292083 0.9485432 0.2777913 -0.01266419 0.960558 0.1673357 5.50278e-4 0.9858998 0.07448482 0.01368778 0.9971283 0.05046492 -0.009875655 0.998677 -0.0634545 0.007336616 0.9979578 -0.1713948 0.02071881 0.9849846 -0.1795346 -0.006557583 0.9837298 -0.2914353 0.01217669 0.9565131 -0.406622 0.02462691 0.9132645 -0.399999 -0.002895951 0.916511 -0.5037935 0.0146535 0.8636999 -0.6175483 0.02518874 0.7861295 -0.599206 9.21846e-4 0.8005945 -0.6886969 0.01477664 0.7248988 -0.7916045 0.02171277 0.610648 -0.7665727 0.00469172 0.6421404 -0.8362391 0.01294338 0.5482122 -0.8299407 0.01047158 0.5577533 -0.828557 0.007892131 0.5598492 -0.6221794 -7.85605e-5 0.7828747 -0.5995503 0.005684375 0.8003169 -0.1823559 -0.01081424 0.9831731 -0.1439971 -0.004071831 0.9895697 -0.1194157 -0.007474064 0.9928162 -0.3005486 -0.003839373 0.9537588 -0.1680242 -0.006736397 0.9857599 -0.2379415 -0.005637764 0.9712632 -0.1939474 -0.006334841 0.9809915 -0.1939247 -0.006335675 0.980996 0.1734611 -0.01144748 0.9847743 0.1734575 -0.01144742 0.9847749 0.9974316 -0.01442724 0.07015746 0.9997567 -0.01581442 0.01538193 -0.7754091 -0.005393147 -0.6314364 -0.7810828 0.007495582 -0.6243825 -0.8983761 0.007503271 -0.4391631 -0.7786776 0.0142166 -0.6272633 -0.9413117 0.002023279 -0.3375326 -0.9424808 0.009251296 -0.3341327 -0.4090757 -0.02882522 -0.9120451 -0.4651504 -0.002920925 -0.885227 -0.2142407 -0.005524516 -0.9767653 -0.2866672 0.01037609 -0.9579741 -0.3475022 -0.02036774 -0.9374579 -0.2497163 -0.03197193 -0.9677911 -0.03676849 0.001912713 -0.9993221 -8.03192e-4 -2.25626e-4 -0.9999997 -0.04720848 -0.005830347 -0.9988681 0.01095038 0.005354225 -0.9999257 0.5480766 0.004034876 -0.8364185 0.5448853 0.003091216 -0.8385049 0.7110238 -0.001560986 -0.7031663 0.5254898 6.92346e-4 -0.8507997 0.9930393 -0.01271957 -0.117096 0.9442003 -0.01191836 -0.3291563 0.9051662 -0.008603453 -0.4249711 0.6614923 -0.001682162 -0.7499501 0.5175467 0.001685142 -0.8556533 -0.5049794 0.0133453 -0.8630284 -0.3100712 0.01136595 -0.9506454 -0.5048535 0.01007205 -0.8631463 -0.3158628 0.007384955 -0.9487763 -0.5093868 -0.005001485 -0.8605232 -0.9796196 0.007114589 -0.2007359 -0.9672479 0.01569318 -0.2533483 -0.9993835 0.01410466 -0.03215348 -0.9993835 0.01410496 -0.03215342 -0.4995846 -0.001057267 0.8662646 -0.4995777 -0.001057565 0.8662686 -0.7930194 0.005360007 0.6091729 -0.793017 0.00535947 0.6091761 -0.9657206 0.01096087 0.2593524 -0.9657213 0.01096063 0.2593496 -0.0457642 -0.68533 -0.7267932 -0.02271336 -0.6859705 -0.7272748 -0.09791511 -0.687774 -0.719291 -0.209445 -0.6936299 -0.6892099 -0.1783772 -0.6930585 -0.6984637 -0.1781772 -0.6956819 -0.6959021 0.018013 -0.6787021 -0.7341928 0.06179249 -0.6705762 -0.7392627 0.04681408 -0.675832 -0.7355675 0.07487249 -0.6615526 -0.7461516 -0.253725 -0.6903108 -0.6775652 -0.3067561 -0.687501 -0.6582121 -0.3793898 -0.6859156 -0.6209535 -0.4926743 -0.6693936 -0.5560435 -0.3895677 -0.6885806 -0.6116321 -0.4526193 -0.6795592 -0.5773518 -0.4858638 -0.6737917 -0.5567236 -0.5168594 -0.6696784 -0.5332798 -0.6603155 0.01793068 -0.7507742 -0.6333248 0.02280163 -0.7735502 -0.6958724 0.01925665 -0.7179073 -0.4598668 0.02041679 -0.8877532 -0.2755901 0.01819527 -0.961103 0.006726264 0.009096086 -0.9999361 -0.05639344 0.009953677 -0.998359 -0.049335 0.008050203 -0.9987499 -0.005706369 0.009267926 -0.9999409 0.06932109 0.008209943 -0.9975607 0.06932562 0.008211016 -0.9975603 0.06931996 0.00820899 -0.9975607 0.0693221 0.008210539 -0.9975606 0.06931871 0.008209466 -0.9975608 0.06932151 0.008209347 -0.9975606 -0.1923639 0.01159983 -0.9812552 -0.3991208 0.01081871 -0.9168345 -0.3728061 0.01367866 -0.9278085 -0.5374013 0.01512265 -0.8431911 -0.8053883 0.01657789 -0.5925157 -0.6564303 0.01561939 -0.754225 -0.8070636 0.01278018 -0.5903262 -0.4184312 0.01085919 -0.9081836 -0.9220455 0.008573055 -0.3869867 -0.388265 0.01383334 -0.9214439 0.4082874 -0.01217555 -0.9127724 0.4353387 -0.01463377 -0.9001478 -0.6042867 -0.08849364 0.7918374 -0.6022594 -0.07437837 0.794828 -0.6787979 -0.08773618 0.7290651 -0.6780951 -0.06930547 0.7316992 -0.7377976 -0.08617973 0.6694982 -0.7449015 -0.06211256 0.6642768 -0.7793301 -0.08457016 0.6208803 -0.7982227 -0.06243556 0.599118 -0.8489066 -0.06531685 0.5244914 -0.8326355 -0.08400934 0.5474126 -0.8046156 -0.08418434 0.5877984 -0.9507569 -0.06299096 0.303469 -0.9530356 -0.07393157 0.2936959 -0.9211403 -0.06305712 0.3840894 -0.9297317 -0.07203918 0.3611224 -0.8881645 -0.06606423 0.454752 -0.9021694 -0.06923753 0.4257895 -0.8734023 -0.0707907 0.4818269 -0.9566541 -0.02794003 0.2898836 -0.9281612 -0.02737927 0.3711702 -0.8849666 -0.03137826 0.4645962 -0.8464003 -0.02886652 0.5317645 -0.7964148 -0.033881 0.603801 -0.7248979 -0.03936654 0.6877306 -0.6625376 -0.04157394 0.747874 -0.6044496 -0.04052901 0.7956118 -0.978738 -0.003834128 0.2050791 -0.9787349 0.004270315 0.2050847 -0.9957394 0.005642235 0.09204 -0.9957484 -0.002340614 0.0920853 -0.9996916 0.001535713 -0.02479064 -0.9996303 0.006895542 -0.02630549 -0.9897837 0.007960557 -0.1423547 -0.9900372 0.00306183 -0.1407735 -0.9688547 0.001569986 -0.2476249 -0.9687569 0.008852541 -0.2478542 -0.2013059 -0.08529424 0.9758078 -0.2011993 -0.1039776 0.9740163 -0.202564 -0.08512377 0.9755624 -0.2027497 -0.1036922 0.973725 -0.2012464 -0.04491055 0.9785106 -0.2029978 -0.0454629 0.9781233 0.1207269 -0.01864463 0.9925107 0.1209064 -0.02625823 0.9923167 0.005898654 -0.02604156 0.9996435 0.006072878 -0.01721292 0.9998335 -0.08455449 -0.01602208 0.99629 -0.08475351 -0.02490639 0.9960907 -0.1548727 -0.01505643 0.9878197 -0.1556722 -0.02403974 0.9875163 -0.2505767 -0.0931409 0.9636058 -0.2006339 -0.1008391 0.9744627 -0.202871 -0.07863479 0.9760431 -0.1585903 -0.09795856 0.982473 -0.517714 -0.07581686 0.8521878 -0.5342981 -0.08591026 0.8409191 -0.4418463 -0.08019006 0.8934995 -0.4646738 -0.08984041 0.8809126 -0.3739656 -0.08094966 0.9239032 -0.3695126 -0.09895926 0.9239414 -0.2964383 -0.07822889 0.9518428 -0.3030858 -0.0979411 0.947917 -0.1279904 -0.04904991 0.9905617 -0.1233154 -0.08298617 0.9888916 -0.1145603 -0.1033509 0.9880256 -0.2130447 -0.04735726 0.9758942 -0.5315665 -0.03951734 0.8460943 -0.4413303 -0.04223984 0.89635 -0.3717948 -0.04039174 0.9274358 -0.3270035 -0.04566514 0.9439192 -0.2846087 -0.04504418 0.957585 -0.6039276 -0.01518005 0.7968946 -0.6039202 -0.006688833 0.7970169 -0.6620861 -0.005411684 0.7494083 -0.6620979 -0.0138657 0.7492891 -0.7273509 -0.01229929 0.6861556 -0.8028575 -0.00693494 0.5961308 -0.7273347 -0.003889203 0.6862719 -0.8047864 -0.001901686 0.5935616 -0.8773486 2.07246e-4 0.4798535 -0.8790505 -0.004002332 0.4767119 -0.9279979 0.001963138 0.3725802 -0.9280036 -0.006234467 0.3725193 -0.9568762 0.003146231 0.2904793 -0.956878 -0.005008697 0.2904471 -0.07216417 -0.08722221 0.9935716 -0.07238012 -0.1059126 0.9917377 -0.1210418 -0.1051906 0.9870582 -0.07175356 -0.04684883 0.9963216 -0.1209475 -0.08648198 0.9888845 -0.1628317 -0.1044834 0.9811061 -0.1629033 -0.0858162 0.982903 -0.1206383 -0.04611819 0.9916248 -0.1627738 -0.04547071 0.9856151 -0.2034661 -0.02191513 0.9788368 -0.2010753 -0.02325135 0.9792999 -0.06961125 -0.08649748 0.9938172 -0.06925737 -0.04690289 0.9964957 -0.0455842 -0.08733361 0.9951357 -0.04540205 -0.04710799 0.9978575 -0.04548728 -0.105872 0.9933388 -0.06899458 -0.1047785 0.9920994 -0.1248592 -0.02273225 0.991914 -0.126513 -0.01806044 0.9918006 -0.2142496 -0.01399439 0.9766787 -0.21354 -0.02213007 0.9766836 -0.3152681 -0.01598721 0.948868 -0.3172701 -0.01221412 0.9482566 -0.4293263 -0.01017361 0.9030923 -0.4321472 -0.0152868 0.9016735 -0.5305565 -0.008198857 0.8476099 -0.5305544 -0.01671797 0.847486 -0.1625897 -0.02383458 0.9864059 -0.1203992 -0.02447319 0.9924239 -0.0714901 -0.02519661 0.997123 -0.04522335 -0.02554023 0.9986504 -0.06989574 -0.02511149 0.9972383 0.0137993 0.9998629 0.009163737 0.01381278 0.9998626 0.009171783 0.01381576 0.9998624 0.009185135 0.01382827 0.9998623 0.0091843 0.01383757 0.9998621 0.009181559 0.01380956 0.9998625 0.009192228 0.01379358 0.9998627 0.009195089 0.01379895 0.9998627 0.009179294 0.01380956 0.9998625 0.009191691 0.01381272 0.9998626 0.009172022 0.01382833 0.9998623 0.009184718 0.0138356 0.9998621 0.009191334 0.01382315 0.999862 0.009213984 0.420739 0.002523779 -0.9071782 0.4207375 0.002523124 -0.9071789 0.6411696 -0.001806974 -0.7673972 0.6411696 -0.001807272 -0.7673971 0.8179034 -0.006014525 -0.5753243 0.8179053 -0.006014466 -0.5753215 0.9959209 -0.01294088 -0.0892983 0.9959209 -0.01294082 -0.08929777 0.9850642 -0.01518762 0.1715162 0.9850642 -0.0151875 0.171516 0.9070777 -0.01639932 0.4206437 0.9070798 -0.01639914 0.4206394 0.5751854 -0.01546418 0.8178769 0.5751842 -0.01546436 0.8178779 0.3439 -0.01338076 0.938911 0.3438966 -0.01338082 0.9389122 -0.1716309 -0.006682157 0.9851388 -0.1716341 -0.006681919 0.9851381 -0.6411677 0.001806855 0.7673987 -0.6411668 0.001807093 0.7673996 -0.8179049 0.006014168 0.575322 -0.8179036 0.006014227 0.5753241 -0.995921 0.01294094 0.08929783 -0.9959209 0.01294088 0.08929878 -0.9850642 0.01518756 -0.1715164 -0.9850637 0.01518756 -0.1715199 -0.7672788 0.01649373 -0.6411015 -0.767277 0.01649355 -0.6411037 -0.3439 0.01338034 -0.938911 -0.3438988 0.01338052 -0.9389114 -0.08917558 0.01038479 -0.9959618 -0.0891686 0.01038539 -0.9959624 0.01380962 0.9998624 0.009192109 0.01381278 0.9998626 0.009172439 0.0138207 0.9998624 0.009186089 0.01382833 0.9998623 0.009184539 0.01383757 0.9998621 0.009181559 0.01380962 0.9998625 0.009191751 0.01381266 0.9998626 0.009172022 0.01382827 0.9998623 0.009184598 0.01380962 0.9998624 0.009191989 0.01381272 0.9998626 0.009172439 0.01382833 0.9998623 0.009184718 0.01383554 0.9998621 0.009191334 0.01382321 0.999862 0.009213805 0.4207352 0.00252366 -0.90718 0.4207419 0.002523124 -0.9071769 0.6411684 -0.001807212 -0.7673982 0.6411721 -0.001807451 -0.767395 0.8179033 -0.006014823 -0.5753242 0.8179056 -0.006014764 -0.5753211 0.9959208 -0.01294094 -0.08929872 0.9959209 -0.012941 -0.08929884 0.9850645 -0.01518738 0.1715152 0.9850642 -0.01518785 0.1715166 0.7672786 -0.01649403 0.641102 0.7672751 -0.01649373 0.6411061 0.343897 -0.0133807 0.938912 0.3438972 -0.01338028 0.938912 0.08917182 -0.01038479 0.9959622 0.08917164 -0.01038527 0.9959621 -0.4207356 -0.002523064 0.9071798 -0.4207344 -0.002523064 0.9071804 -0.6411651 0.001807332 0.7674008 -0.6411643 0.001807391 0.7674016 -0.817905 0.006014764 0.575322 -0.8179038 0.006014823 0.5753238 -0.995921 0.01294088 0.08929741 -0.9959209 0.01294082 0.08929848 -0.9850639 0.01518732 -0.1715185 -0.9850637 0.01518779 -0.1715193 -0.9070777 0.01639884 -0.4206438 -0.9070791 0.0163998 -0.4206409 -0.5751858 0.01546394 -0.8178768 -0.5751839 0.0154646 -0.817878 -0.3438999 0.0133807 -0.938911 -0.3439005 0.013381 -0.9389108 -0.08917623 0.01038551 -0.9959617 -0.08917444 0.01038539 -0.9959619 0.9939417 -0.01473581 0.1089174 0.9960603 -0.0128588 0.08774298 0.9468859 -0.01603615 0.3211699 0.9468863 -0.01603627 0.3211686 -0.9940398 0.0147289 -0.1080192 -0.9940398 0.01472896 -0.1080185 -0.9471736 0.01603227 -0.3203204 -0.9401123 0.01783072 -0.3403983 0.643116 -0.01592272 0.7656033 0.643113 -0.01592254 0.7656058 0.7972067 -0.01656192 0.6034792 0.7972079 -0.01656228 0.6034777 0.9793058 -0.01538711 0.201801 0.9793056 -0.01538723 0.2018015 0.9709224 -0.01121926 -0.2391316 0.9709228 -0.01121878 -0.2391299 0.7736885 -0.004868805 -0.6335475 0.7736885 -0.004868626 -0.6335476 0.4259682 0.002428531 -0.9047349 0.4259688 0.002428412 -0.9047346 -0.004606366 0.009253442 -0.9999467 -0.004605948 0.009253442 -0.9999467 -0.4342843 0.01427847 -0.9006627 -0.4342843 0.01427835 -0.9006627 -0.7794913 0.0165261 -0.6261951 -0.7794916 0.0165261 -0.6261948 -0.973084 0.01555961 -0.2299246 -0.9730839 0.01555979 -0.2299252 -0.9774041 0.01156681 0.2110629 -0.9774041 0.01156675 0.2110629 -0.9060727 0.008633077 0.4230341 -0.9060729 0.008633017 0.4230338 0.01380693 0.9998626 0.009190738 0.01381742 0.9998624 0.009186029 0.01382392 0.9998623 0.009189009 0.01382374 0.9998623 0.009191393 0.01381379 0.9998624 0.009201347 0.01381939 0.9998623 0.009193301 0.01383233 0.9998623 0.009171009 0.0138337 0.9998622 0.009180307 0.01381355 0.9998625 0.00918591 0.01381856 0.9998622 0.009198427 0.01380693 0.9998626 0.009190797 0.01381564 0.9998624 0.009189903 0.01381421 0.9998624 0.009187161 0.01381725 0.9998624 0.009178698 0.01381039 0.9998626 0.009174644 0.01380944 0.9998626 0.009180486 0.01381766 0.9998624 0.009177982 0.01381838 0.9998623 0.009194076 0.01382637 0.9998623 0.009187638 0.01382583 0.9998623 0.009179532 0.0138238 0.9998622 0.009192585 0.01382201 0.9998623 0.009200096 0.0138126 0.9998624 0.009190022 0.01380401 0.9998624 0.009195744 0.01381182 0.9998624 0.00918895 0.01382631 0.9998623 0.009185433 0.01382905 0.9998622 0.009185612 0.01381403 0.9998624 0.009197831 0.01380085 0.9998624 0.009205162 0.01381814 0.9998623 0.009196817 0.01385402 0.9998613 0.009248137 0.01383036 0.9998619 0.009216248 0.0138719 0.9998609 0.009273529 0.01380735 0.9998626 0.009183943 0.01381045 0.9998626 0.009184181 0.01381415 0.9998623 0.009195029 0.01381647 0.9998624 0.009186983 0.01377981 0.9998628 0.009195625 0.01381278 0.9998624 0.00919938 0.01381862 0.9998622 0.009199321 0.01381653 0.9998624 0.009188413 0.01381659 0.9998624 0.009187936 -0.1716273 -0.006681621 0.9851394 -0.1716281 -0.006681621 0.9851393 0.343895 -0.01338082 0.9389129 0.3438946 -0.0133807 0.938913 0.7672755 -0.01649463 0.6411054 0.7672761 -0.01649433 0.6411048 0.907078 -0.01640045 0.4206431 0.9070781 -0.01640015 0.4206429 0.9959202 -0.01294231 -0.08930683 0.9959202 -0.01294165 -0.08930683 0.9389058 -0.009813129 -0.3440341 0.9389055 -0.009812772 -0.3440352 0.8179079 -0.006015241 -0.5753177 0.8179078 -0.0060153 -0.575318 0.4207351 0.002522766 -0.9071801 0.4207314 0.00252217 -0.9071818 0.171626 0.006681084 -0.9851396 0.1716294 0.006681144 -0.985139 -0.08917099 0.0103842 -0.9959623 -0.08916723 0.01038503 -0.9959626 -0.5751857 0.0154646 -0.8178767 -0.5751852 0.0154646 -0.8178771 -0.5751857 0.0154646 -0.8178768 -0.5751852 0.0154646 -0.8178771 -0.9070784 0.01639997 -0.4206422 -0.9070781 0.01640009 -0.4206431 -0.9070783 0.01640003 -0.4206423 -0.907078 0.01640015 -0.4206432 -0.9959203 0.01294225 0.08930575 -0.9959203 0.01294159 0.08930575 -0.9389056 0.009812891 0.3440349 -0.938906 0.009812891 0.344034 -0.8179077 0.006015002 0.5753182 -0.8179076 0.006015598 0.5753181 -0.4207308 -0.002522826 0.907182 -0.4207316 -0.002522766 0.9071817 0.03330928 -0.02669787 0.9990885 -0.1703472 -0.02876514 0.9849643 0.1927389 -0.02687019 0.9808821 0.3462104 -0.02930098 0.9376992 0.6989792 -0.0198245 0.7148672 0.5638448 -0.04560691 0.8246206 0.7691681 -0.02803033 0.6384316 0.4469826 -0.0346117 0.8938728 0.328444 -0.01321798 0.9444311 0.936463 -0.06298124 0.345066 0.8556457 -0.02576917 0.5169202 0.7775637 -0.01652151 0.6285871 0.9371384 -0.02838319 -0.3478017 0.9982536 -0.01666116 -0.05667614 0.983398 -0.02730542 0.1793959 0.9806012 -0.04100561 0.1916768 0.8099796 -0.03590846 -0.5853579 0.7233853 -0.02383548 -0.690033 0.6440607 -0.01907771 -0.7647366 0.8997951 -0.01197803 -0.4361484 0.9594138 -0.01066744 -0.2818002 0.1712484 -0.01731389 -0.9850757 0.3912797 -3.61507e-4 -0.9202718 0.5898991 -7.30568e-4 -0.8074766 -0.4367068 0.01068609 -0.8995404 -0.2821103 0.01271426 -0.9592978 -0.3478029 -0.005192458 -0.9375534 -0.05712491 0.006552159 -0.9983456 0.1716288 0.006681799 -0.9851391 -0.7646754 -6.25009e-4 -0.6444154 -0.6904425 -0.004071712 -0.7233759 -0.586171 -0.01476621 -0.8100528 -0.9853979 -0.006888806 -0.1701287 -0.9851192 0.01518774 -0.1712003 -0.9204105 0.01292419 -0.3907399 -0.8076202 0.0165776 -0.58947 -0.8996849 0.004824161 0.4365134 -0.9443596 0.0100305 0.328762 -0.9397128 -0.01275962 0.3417265 -0.9811937 -0.003422379 0.1929955 -0.9994233 -0.003597438 0.0337671 -0.8179224 -0.003637909 0.5753171 -0.640821 -0.02199369 0.7673753 -0.7147337 -1.04106e-4 0.6993967 -0.1716346 -0.006681799 0.985138 -0.3909068 -0.006461501 0.9204076 -0.5894965 7.22331e-4 0.8077707 -0.01382547 -0.9998625 -0.009160399 -0.01382023 -0.9998626 -0.009163081 -0.01383066 -0.9998623 -0.009178817 -0.01381766 -0.9998623 -0.009188711 -0.01379799 -0.9998627 -0.009189486 -0.01380163 -0.9998625 -0.00919336 -0.01381498 -0.9998623 -0.009196937 -0.01381689 -0.9998623 -0.009194016 -0.01381158 -0.9998624 -0.009188592 -0.01380896 -0.9998625 -0.009188652 -0.0138126 -0.9998625 -0.009185254 -0.01381391 -0.9998625 -0.009179592 -0.01382547 -0.9998625 -0.009160399 -0.01382023 -0.9998626 -0.009163081 -0.01380902 -0.9998627 -0.009174764 -0.01381176 -0.9998625 -0.009177446 -0.01382911 -0.9998623 -0.009179353 -0.01382637 -0.9998623 -0.009176433 -0.01381981 -0.9998624 -0.00917679 -0.01382386 -0.9998623 -0.009182274 -0.01383644 -0.999862 -0.009210824 -0.01383656 -0.999862 -0.009201169 -0.01381814 -0.9998623 -0.009196758 -0.01381391 -0.9998625 -0.009179294 0.6607794 -0.002233743 -0.7505769 0.5733091 0.005623221 -0.8193199 0.6613174 0.01456165 -0.7499649 0.4302384 0.03115963 -0.9021773 0.402067 0.002857685 -0.9156058 0.2161045 0.01421213 -0.9762668 -0.008684575 0.03811776 -0.9992356 -0.2860106 0.01780372 -0.9580612 -0.2878618 0.02288782 -0.9573984 -0.1740505 0.01747053 -0.9845818 0.02165269 0.008888959 -0.9997261 -0.08620101 0.01034629 -0.9962241 -0.08619868 0.01034617 -0.9962244 0.526311 0.003518879 -0.8502849 0.4694476 0.003464996 -0.8829535 0.3929075 0.01362937 -0.919477 0.3315597 0.02624142 -0.9430692 0.6165721 0.004765629 -0.787284 -0.2222235 0.01104116 -0.9749333 -0.1145571 0.01775234 -0.9932581 0.1799568 0.05039799 -0.9823826 0.1728843 0.04827392 -0.9837585 0.1595714 0.04448169 -0.9861837 0.1316311 0.03729933 -0.9905969 0.07107818 0.02498203 -0.9971579 -0.03881722 0.01269006 -0.9991658 -0.9758586 0.01148074 0.2181012 -0.9758595 0.0114808 0.2180979 0.7928422 -0.01655447 0.6092023 0.7928361 -0.01655447 0.6092101 0.4645811 0.001911878 -0.8855285 0.6754256 0.0034855 -0.7374199 0.6612581 -0.002243697 -0.7501552 0.8202338 -0.005903184 -0.571998 0.9537515 -0.005765557 -0.300541 0.9324271 -0.009565174 -0.3612317 0.9914546 -0.01239711 -0.1298629 -0.04771637 0.01003217 -0.9988106 -0.3011856 0.01896524 -0.953377 -0.2831542 0.01272583 -0.95899 -0.5024424 0.01506245 -0.8644795 -0.7378745 0.02104735 -0.6746098 -0.8442032 0.01669889 -0.5357632 -0.6930916 0.0162003 -0.7206676 0.918168 -0.01622337 0.3958591 0.7761988 -0.01425552 0.6303272 0.2802752 -0.005839169 0.9599019 0.5468353 -0.00903207 0.8371917 0.786655 -0.01654148 0.6171714 0.3707045 -0.01365798 0.9286505 0.1268886 -0.01086866 0.9918575 -0.09989994 -0.007763385 0.9949672 -0.07303196 -0.008156061 0.9972963 0.1915127 -0.01166558 0.9814209 -0.3544435 -0.003675341 0.9350703 -0.5399956 4.97313e-4 0.8416677 -0.5876316 6.8459e-4 0.8091283 0.1003347 -0.007671833 0.9949242 0.6690275 -0.01603662 0.7430648 0.5084871 -0.0137698 0.8609596 0.5211786 -0.01504355 0.8533152 0.325762 -0.0105893 0.9453926 0.1575508 -0.01125156 0.9874469 0.2274076 -0.01209074 0.9737247 0.227407 -0.01209098 0.9737248 0.6260973 -0.01581609 0.7795845 0.6260934 -0.01581579 0.7795877 0.7093043 0.6979782 0.09855902 0.7147695 0.6963291 0.06504189 0.7149084 0.696324 0.06355386 0.7094849 0.6978292 0.09831398 0.7088648 0.6983867 0.09882748 0.7077434 0.6993597 0.09997677 0.7153675 0.6976965 -0.0383287 0.7153674 0.6976965 -0.03832858 0.6935674 0.699214 -0.1733903 0.6935673 0.6992141 -0.1733899 0.6461278 0.7010679 -0.3016998 0.6461279 0.7010678 -0.3016998 0.5749029 0.703097 -0.4184989 0.5749028 0.7030965 -0.4184998 0.4824917 0.7053156 -0.5193569 0.482492 0.7053151 -0.5193575 0.3724028 0.707556 -0.6005671 0.3724025 0.7075563 -0.6005669 0.2487125 0.7098366 -0.6589948 0.2487118 0.7098373 -0.6589943 0.116095 0.7119647 -0.692552 0.1160961 0.7119632 -0.6925534 -0.02051174 0.7138875 -0.69996 -0.02051055 0.713888 -0.6999595 -0.1559707 0.7156288 -0.680844 -0.1559701 0.7156304 -0.6808425 -0.2852292 0.7170085 -0.6360371 -0.2852311 0.7170076 -0.6360372 -0.3150306 0.7133154 -0.6260486 -0.3102191 0.7128231 -0.6290052 0.08557605 0.7102882 -0.6986899 0.09261202 0.7105292 -0.6975467 -0.1329548 0.7153754 -0.6859747 -0.1329641 0.7153692 -0.6859793 0.2225462 0.708966 -0.6692089 0.2181878 0.7092164 -0.6703777 0.4802696 0.7003555 -0.5280562 0.480275 0.700349 -0.5280599 0.3816596 0.7074046 -0.5949074 0.3816488 0.7074147 -0.5949022 -0.09673237 0.6991026 -0.7084479 -0.1914904 0.7110751 -0.6765379 -0.1914896 0.7110636 -0.6765503 -0.1151752 0.7145096 -0.6900802 0.03504735 0.6559994 -0.7539472 0.1778444 0.7020433 -0.6895699 0.1820934 0.7022598 -0.6882392 0.402304 0.6928214 -0.5984565 0.4168655 0.7060512 -0.5724638 0.2911299 0.5993986 -0.7456305 0.1018231 0.7108267 -0.695958 0.1062695 0.7109482 -0.6951686 -0.07373714 0.7146025 -0.6956337 -0.07374209 0.7146096 -0.6956259 0.1599766 0.7012776 -0.6947066 0.1625012 0.7112508 -0.6838974 0.1319843 0.6112759 -0.7803345 0.04165458 0.6968217 -0.7160339 -0.7042687 0.7099182 0.004674673 -0.7031061 0.710008 0.03912162 -0.7027143 0.7098821 0.04753899 -0.7079217 0.7031961 0.06604629 -0.696979 0.7164924 -0.02930772 -0.6884419 0.7105172 -0.1456474 -0.6878049 0.7172096 -0.1119587 -0.6772953 0.7064391 -0.2054628 -0.6440917 0.7047712 -0.2973946 -0.6397954 0.7180977 -0.2738572 -0.6268882 0.6779397 -0.3839389 -0.5586859 0.70276 -0.4404528 -0.5536119 0.7184767 -0.4210762 -0.5336974 0.6481504 -0.5432019 -0.4392684 0.7014172 -0.5612995 -0.4348089 0.7180462 -0.543462 -0.4003328 0.6222971 -0.6726664 -0.293376 0.699931 -0.6511737 -0.2901796 0.7169761 -0.6338305 -0.2352984 0.603256 -0.7620478 -0.129746 0.6980366 -0.7042095 -0.1281663 0.7152766 -0.6869882 -0.05097061 0.5926744 -0.8038277 0.0418477 0.7130287 -0.6998849 0.1640994 0.7111749 -0.6835947 0.1669748 0.7111412 -0.6829331 -0.1795765 0.7159165 -0.6746969 -0.1795649 0.715895 -0.6747228 -0.4893019 0.7185078 -0.4942976 -0.4892045 0.7185169 -0.494381 -0.6707697 0.7181517 -0.1852734 -0.6707513 0.7181911 -0.1851869 0.7149026 0.6969785 -0.05599325 0.7152336 0.6971197 -0.04964953 0.6446126 0.7010874 -0.3048789 0.6446107 0.7010906 -0.3048757 0.4533287 0.7059523 -0.5441733 0.4533254 0.7059555 -0.5441719 0.7036881 0.6931266 0.1562005 0.7046082 0.6929204 0.1529339 0.7077016 0.6963022 0.1196737 0.7077018 0.6963018 0.1196747 0.7309271 0.6820232 0.02428954 0.7640284 0.633102 -0.1242673 0.7646738 0.6322598 -0.1245867 0.7161708 0.6962187 0.0487746 0.755499 0.6471625 -0.1019906 -0.3916735 0.8640883 -0.3161385 -0.3926564 0.8646795 -0.3132897 -0.2085914 0.6940619 -0.6890339 -0.2500125 0.7365738 -0.6284528 -0.2387795 0.7413629 -0.6271886 -0.1827744 0.686424 -0.7038577 -0.2091386 0.7432633 -0.635469 -0.1357678 0.678646 -0.721808 -0.135282 0.743097 -0.6553668 -0.03706115 0.6702161 -0.7412401 0.07640421 0.7084193 -0.7016441 0.07415813 0.7014483 -0.7088518 0.2545142 0.7292376 -0.6351654 0.1702094 0.6852281 -0.7081605 0.37113 0.715853 -0.5914533 0.3658246 0.6943029 -0.6197708 0.5840374 0.693499 -0.4218525 0.4885746 0.6363977 -0.5969028 0.6037092 0.6950715 -0.3903983 0.7085907 0.6910678 -0.1425647 0.7152823 0.6942715 0.07973998 0.7140697 0.6946254 0.08717864 0.7127946 0.6965984 -0.0816977 0.6867985 0.6706604 -0.2802186 0.6801473 0.6932927 0.238212 0.6822121 0.6937599 0.2308329 0.4698716 0.6868655 0.5544694 0.4700717 0.6868466 0.5543235 0.5704042 0.695293 0.437272 0.570383 0.6953083 0.4372752 0.3955392 0.7091132 -0.5837013 0.4709268 0.6986027 -0.5386857 0.422708 0.7135357 -0.5587351 0.2641756 0.7163724 -0.6457723 -0.5679715 0.7074412 -0.4206369 -0.6629151 0.716465 -0.217305 -0.6608946 0.7160907 -0.2245714 -0.5905137 0.7172766 -0.3698754 -0.4864973 0.7028003 -0.5190299 -0.3352993 0.69779 -0.6329799 0.3549347 0.7917939 -0.4970754 0.2571355 0.7002382 -0.6659939 0.1561704 0.6999321 -0.696926 0.07458561 0.7114724 -0.6987447 -0.03188836 0.7205076 -0.6927134 -0.06556832 0.7032932 -0.7078698 -0.1949739 0.691563 -0.695504 -0.3473214 0.7172197 -0.6041224 0.5734776 0.6953009 0.4332209 0.5734761 0.6953058 0.4332148 0.7022216 0.6961523 0.1491873 0.7022204 0.6961536 0.1491867 0.6962919 0.6991007 -0.162591 0.6962943 0.6990976 -0.1625937 0.5568666 0.7035505 -0.4414935 0.5568687 0.7035467 -0.4414967 0.3109815 0.7087054 -0.6332671 0.3109847 0.7087056 -0.6332653 0.006509721 0.713541 -0.7005833 0.006512403 0.7135425 -0.7005816 -0.297312 0.717108 -0.6303663 -0.297315 0.717109 -0.6303638 -0.5414112 0.7186961 -0.4362911 -0.5414139 0.7186943 -0.4362908 -0.6783271 0.7179895 -0.1560882 -0.6783297 0.7179863 -0.1560915 -0.6814035 0.7151447 0.1557477 -0.6814013 0.7151473 0.1557452 -0.6387656 0.7044914 0.3093065 -0.6388924 0.7044742 0.3090837 -0.6946655 0.7155535 -0.07364279 -0.6959149 0.7150778 -0.06607919 -0.6802616 0.7151305 0.1607254 -0.6802577 0.7151346 0.1607231 0.3550527 0.6672087 0.6548054 0.3519028 0.6464561 0.6769483 0.3534849 0.6185474 0.7017461 0.3469573 0.5800639 0.7369848 0.2393832 0.6800134 0.6930206 -0.637298 0.7274069 0.2544223 -0.6398249 0.6998559 0.3175309 -0.629433 0.7364701 0.2478426 -0.6343151 0.7127797 0.2993152 -0.6669034 0.7141187 0.2127779 -0.7683274 0.5694602 0.2922129 -0.6521278 0.7368976 0.1780765 -0.6483551 0.7405447 0.1767185 0.2356186 0.6977556 0.6764769 0.171595 0.5653151 0.8068296 0.06814903 0.6810504 0.7290583 -0.2148208 0.5779285 0.7873061 -0.2752996 0.6864191 0.6730818 -0.1070512 0.6835343 0.7220255 0.06656277 0.699754 0.7112762 -0.02314925 0.5690136 0.8220024 -0.1058921 0.70216 0.704101 -0.2714612 0.704908 0.6552965 -0.3902746 0.5916485 0.7054345 -0.4315398 0.6952155 0.5748468 -0.4329958 0.7024077 0.5649232 -0.5523363 0.6975347 0.4564756 -0.5512745 0.5456904 0.6311248 -0.5528707 0.7061989 0.4422862 -0.6622317 0.5926344 0.4585126 -0.6912198 0.7175827 -0.08538407 -0.6912251 0.7175778 -0.08538222 -0.691244 0.7175571 -0.08540272 -0.6983824 0.7154677 -0.01918363 -0.69888 0.7151205 -0.01301985 -0.6912351 0.7175665 -0.08539628 -0.6730831 0.7147723 0.1898941 -0.6730889 0.7147669 0.1898939 -0.5509657 0.7108041 0.437258 -0.550976 0.710804 0.4372448 -0.3434643 0.7062618 0.6190529 -0.3434492 0.7062645 0.6190583 -0.1480494 0.7012753 0.6973481 -0.1541273 0.7010645 0.6962423 0.002877771 0.697993 0.7160989 0.01331567 0.6971808 0.7167717 0.2718722 0.6973797 0.6631343 0.2718945 0.6973927 0.6631115 0.5592089 0.6953649 0.4513901 0.5592113 0.6953513 0.4514083 0.6870608 0.6924352 0.2201844 0.6891421 0.6853662 0.2352794 0.6208934 0.6940622 0.3643751 0.6242833 0.6943567 0.3579654 0.6801657 0.695645 0.2311985 0.6851493 0.6910244 0.2303383 0.7364464 0.6515556 0.1819945 -0.06102627 0.6990398 0.7124739 -0.06892645 0.6996104 0.7111923 0.1705609 0.6984643 0.6950228 0.1705547 0.6984636 0.695025 0.452486 0.6958295 0.5577435 0.452488 0.6958302 0.5577411 -0.08033329 0.700358 0.7092568 -0.07476443 0.7000091 0.7102096 0.1211585 0.6990756 0.7047083 0.1211646 0.6990761 0.7047069 0.3697496 0.6964586 0.6150047 0.369747 0.696454 0.6150114 0.5018847 0.6894117 0.5223249 0.4977967 0.6913056 0.5237319 0.4514122 0.6837677 0.5733139 0.5348812 0.652079 0.5373036 0.4259034 0.695533 0.5786537 0.3186105 0.6968966 0.6425127 0.3186086 0.6968973 0.6425128 0.1806489 0.6873186 0.7035334 0.2033508 0.6975949 0.6870297 0.1113163 0.6753106 0.7290846 0.02167779 0.6850627 0.7281616 0.03638482 0.6998077 0.7134041 -0.07030916 0.6436234 0.7621061 -0.1449466 0.6862515 0.7127759 -0.1327238 0.7024464 0.6992522 -0.2539709 0.6162081 0.7455108 -0.3054605 0.6885558 0.6577118 -0.2935853 0.7052837 0.6452773 -0.4272052 0.5978525 0.6782833 -0.4493504 0.6912139 0.5659571 -0.5025513 0.7071706 0.497345 -0.5037944 0.6983668 0.5084044 -0.5759009 0.5908328 0.5650264 -0.4369665 0.7081401 0.5546151 -0.371784 0.7067971 0.6018428 -0.3717627 0.7068095 0.6018412 -0.2012436 0.702439 0.6827009 -0.2060282 0.7023029 0.6814125 -0.07773393 0.7001971 0.7097052 -0.07168006 0.6997945 0.7107388 0.1324177 0.6989079 0.7028466 0.1324092 0.6989009 0.7028552 0.2979688 0.6930926 0.656382 0.2941724 0.6927976 0.6584027 0.2727165 0.684647 0.6759322 0.2841769 0.696812 0.6585565 0.2028936 0.6542518 0.7285525 0.1213662 0.6841951 0.7191296 0.1272564 0.6987718 0.7039345 0.0359075 0.6130427 0.7892334 -0.04048717 0.6859595 0.7265124 -0.03585553 0.7011123 0.7121489 -0.1403306 0.5909029 0.794444 -0.2010434 0.6884135 0.6968992 -0.1964893 0.7036931 0.6827943 -0.3087539 0.5937385 0.7430651 -0.3563366 0.6963505 0.6229929 -0.3578096 0.7015283 0.6163038 -0.4809892 0.6971948 0.531572 -0.4576382 0.5672402 0.6846939 -0.4824928 0.7064582 0.5178007 -0.5807749 0.6993849 0.4166069 -0.5826936 0.7059377 0.4026415 -0.5784185 0.7049918 0.4103883 -0.5818403 0.7112166 0.3945032 -0.5566737 0.6551363 0.5107944 0.6127393 0.7173081 0.3316922 0.6203365 0.7348704 0.2741315 0.5300886 0.7214574 0.4455395 0.5193819 0.7570441 0.3963922 0.5900541 0.7015923 0.3995052 0.574365 0.6954588 0.4317892 0.5407424 0.7018998 0.4636102 0.4627929 0.7927182 0.3967626 0.4994493 0.7081502 0.4990729 0.4212032 0.7238209 0.5465082 0.2433643 0.7113719 0.659336 0.3226048 0.6806714 0.657733 -0.08910244 0.707856 0.7007144 -0.0923748 0.701901 0.7062591 -0.4136581 0.7076475 0.5728195 -0.4136627 0.7076483 0.572815 -0.5331677 0.768847 0.3529968 -0.5137528 0.7817053 0.3535463 -0.6872969 0.5929307 0.4195904 0.5933991 0.7033116 0.3914467 0.5428365 0.7382646 0.4003674 0.5486345 0.7322998 0.4034072 -0.6499753 0.7003615 0.2950016 -0.5617475 0.7608602 0.3248562 -0.7783925 0.5780676 0.2448326 -0.7077531 0.6953231 0.1249459 -0.6391404 0.7133376 0.2874875 -0.7954624 0.5840033 -0.1618022 -0.676483 0.6982179 -0.2342278 -0.714767 0.6970674 -0.05661463 -0.6885247 0.7156062 0.1176506 -0.8125455 0.5813458 0.04250681 -0.6942785 0.7172727 -0.05913758 -0.6154444 0.586896 -0.5261002 -0.4765479 0.6981962 -0.534251 -0.5953923 0.698606 -0.3968095 -0.655909 0.7183642 -0.2318112 -0.7283264 0.5858929 -0.3553452 -0.5759245 0.7187114 -0.3895702 -0.2831479 0.5866863 -0.7587006 -0.1570921 0.6953454 -0.7012966 -0.3273367 0.6970947 -0.6378948 -0.4593161 0.718275 -0.5225991 -0.4638569 0.5871775 -0.6633697 -0.3133438 0.7171601 -0.6224927 0.1192424 0.5838489 -0.8030577 0.2033073 0.6903416 -0.6943303 0.023566 0.6930437 -0.7205103 -0.1471394 0.715425 -0.6830205 -0.0846427 0.5854729 -0.8062612 0.02890574 0.7131555 -0.7004097 0.4927294 0.5796424 -0.6490243 0.5160151 0.6843946 -0.5151043 0.3709441 0.6873973 -0.6244081 0.2037208 0.7104908 -0.6735731 0.3157853 0.5818213 -0.7495089 0.3664126 0.7076042 -0.6041839 0.7457303 0.5758168 -0.3351439 0.7041257 0.6790232 -0.2076886 0.6294488 0.6815249 -0.3732532 0.5068062 0.7046633 -0.4965855 0.6390723 0.5775774 -0.5079281 0.6161058 0.7018496 -0.3575203 0.8167163 0.5738269 0.0608043 0.7214736 0.6754879 0.1522884 0.7354769 0.676938 -0.02878963 0.6874238 0.699407 -0.195649 0.8061764 0.574501 -0.1415211 0.7164018 0.6973674 -0.02114844 0.7011352 0.695958 0.155087 0.7768511 0.5738581 0.259209 0.6589835 0.6813762 0.3185392 0.6426216 0.6961506 0.3200186 0.6066272 0.7052139 0.3669834 0.5833179 0.6969914 0.417065 0.3284809 0.8169239 0.4740629 0.3431803 0.7998833 0.4923557 0.4451534 0.6947053 0.5649983 0.3940738 0.7333348 0.554009 0.4883722 0.6911672 0.5327104 0.2905173 0.7083896 -0.6432604 0.2492067 0.7055485 -0.6633984 0.2838023 0.7078686 -0.6468218 0.3692134 0.7075006 -0.6025981 0.3726388 0.7027853 -0.6059976 0.5061054 0.6910464 -0.5160545 0.4687489 0.5746803 -0.6708331 0.509657 0.7005959 -0.4994149 0.6167044 0.6880846 -0.3823811 0.6062632 0.5998874 -0.5220921 0.6166799 0.6985433 -0.3629643 0.6916496 0.6857678 -0.2265911 0.7005653 0.6230567 -0.347863 0.687389 0.6968165 -0.2048003 0.7267637 0.6844057 -0.05833816 0.7480475 0.6441381 -0.1597222 0.7177155 0.6954868 -0.0343883 0.7202449 0.6846353 0.1119008 0.7479205 0.6630725 0.03082203 0.70587 0.6947366 0.1381615 0.6729558 0.6873169 0.2733606 0.7022196 0.6793968 0.2128562 0.6525464 0.6947637 0.3024678 0.5875653 0.6952917 0.4139283 0.5875633 0.6952934 0.4139281 0.5049228 0.6948961 0.5120278 0.1626588 0.7104544 -0.6846873 0.1115042 0.7110725 -0.6942211 0.1626331 0.7105829 -0.6845601 0.1624692 0.7114044 -0.6837452 0.1078682 0.7109935 -0.6948761 0.1624931 0.7112695 -0.6838799 0.1625038 0.7112403 -0.6839077 -0.05117672 0.7143465 -0.6979184 -0.05118131 0.714353 -0.6979114 -0.1741634 0.7129609 -0.6792303 -0.1724043 0.7128236 -0.6798231 0.7588819 0.6500092 0.03982985 0.5535765 0.8308831 0.05644798 0.5731325 0.8174312 0.05766719 0.6701511 0.7395482 0.06297725 0.6983867 0.7130559 0.06170374 0.7280657 0.6847071 -0.03311538 -0.1139754 0.7151153 -0.689652 -0.1139771 0.7151139 -0.6896531 0.03699839 0.7131241 -0.7000609 0.03699803 0.7131234 -0.7000616 0.1781086 0.7011388 -0.6904214 0.1512726 0.7109285 -0.6868023 0.2440253 0.6896854 -0.6817521 0.323147 0.6961399 -0.6410658 0.2985782 0.7085487 -0.6393824 0.3920065 0.6790199 -0.6206955 0.4534358 0.6923027 -0.5613492 0.4306477 0.7060412 -0.5621818 0.5240429 0.6678705 -0.5285151 0.5641909 0.6889076 -0.4550769 0.5430464 0.7035887 -0.4583271 0.6336286 0.6567108 -0.4089569 0.6500226 0.6858821 -0.3271641 0.6304779 0.701253 -0.332779 0.7152432 0.6456809 -0.2674387 0.7067164 0.6832977 -0.1834565 0.68886 0.699181 -0.1913579 0.7645316 0.6350659 -0.1103755 0.7154757 0.6974525 -0.04067689 0.2529482 0.6975412 0.6704129 0.2529559 0.6975339 0.6704177 0.5523364 0.6953232 0.459837 0.5523322 0.6953253 0.4598391 0.7063184 0.6962653 0.1277847 0.7063165 0.6962671 0.1277859 0.6736813 0.7000642 -0.236778 0.6736816 0.700065 -0.2367742 0.4631432 0.7057344 -0.5361317 0.4631409 0.7057366 -0.536131 0.1311278 0.7117443 -0.690091 0.131132 0.7117444 -0.6900901 -0.2334055 0.7164742 -0.657409 -0.2334059 0.7164744 -0.6574087 -0.5327676 0.7186808 -0.4468296 -0.5327693 0.7186794 -0.4468299 -0.686779 0.7177454 -0.1147871 -0.6867872 0.7177382 -0.1147832 -0.6541784 0.7139007 0.2497929 -0.6541796 0.7139011 0.2497887 -0.4436125 0.7082736 0.5491417 -0.4436098 0.7082848 0.5491293 -0.1115944 0.7023213 0.7030587 -0.1115911 0.7023203 0.7030603 0.2529541 0.6975402 0.6704118 0.2529485 0.6975475 0.6704064 0.5522853 0.6953806 0.4598119 0.5522887 0.6953812 0.4598068 0.7063149 0.6962731 0.1277619 0.7063143 0.6962735 0.1277636 0.6736523 0.7001016 -0.2367497 0.6736513 0.7001011 -0.236754 0.4631409 0.7057365 -0.5361312 0.4631428 0.7057311 -0.5361365 0.131139 0.7117393 -0.6900941 0.1311384 0.7117391 -0.6900944 -0.2334059 0.7164768 -0.657406 -0.2334032 0.7164782 -0.6574054 -0.5327765 0.7186811 -0.4468184 -0.5327752 0.7186837 -0.4468159 -0.6867675 0.717757 -0.1147841 -0.686769 0.7177557 -0.1147825 -0.6541343 0.7139495 0.2497687 -0.6541333 0.7139537 0.2497596 -0.4435961 0.7083242 0.5490897 -0.4435943 0.7083212 0.549095 -0.1115849 0.7022826 0.7030988 -0.1115839 0.7022746 0.703107 0.2529574 0.6975399 0.6704109 0.252951 0.6975382 0.670415 0.5522935 0.6953703 0.4598175 0.5522933 0.6953717 0.4598156 0.7063165 0.6962708 0.127766 0.7063158 0.6962711 0.1277679 0.673655 0.7000995 -0.2367485 0.6736529 0.7000998 -0.2367532 0.4631396 0.7057382 -0.5361299 0.4631398 0.7057338 -0.5361356 0.1311365 0.7117409 -0.690093 0.131129 0.7117335 -0.690102 -0.2334336 0.7164337 -0.6574432 -0.233426 0.7164347 -0.6574447 -0.5327715 0.7186755 -0.4468334 -0.5327645 0.7186828 -0.4468299 -0.6867691 0.7177553 -0.1147844 -0.6867708 0.717754 -0.1147831 -0.6541364 0.713947 0.2497703 -0.6541371 0.7139459 0.2497717 -0.4436007 0.7082781 0.5491454 -0.4436006 0.7082858 0.5491354 -0.1116111 0.7023215 0.7030559 -0.1116074 0.7023193 0.7030586 -0.6682712 -0.6910334 0.2754753 -0.7229831 -0.6852884 0.08760911 -0.7118786 -0.6840229 0.1591901 0.09723508 -0.6988322 -0.7086459 -0.0150454 -0.6820596 -0.7311419 -0.09112668 -0.7045816 -0.7037476 -0.2154979 -0.6847929 -0.6961461 -0.2803613 -0.6860767 -0.6713392 -0.3092804 -0.7018406 -0.6416895 -0.3891872 -0.6913417 -0.6087529 -0.4434233 -0.6765912 -0.5878777 -0.5360223 -0.6941581 -0.4804422 -0.5200764 -0.6765772 -0.5213098 -0.5761313 -0.7471878 -0.3313356 -0.5850048 -0.663233 -0.4667886 -0.6469948 -0.7049816 -0.2905147 -0.6518092 -0.7010117 -0.2893572 -0.683201 -0.7026954 -0.1986346 -0.7143821 -0.6920636 -0.1034706 -0.7117884 -0.69609 -0.09389424 -0.7725285 -0.6343894 -0.02738165 0.5867618 -0.7073953 0.3940847 0.4477179 -0.7057633 0.5490417 0.5278477 -0.6851972 0.5018783 0.2934311 -0.7157254 0.6337471 0.3104666 -0.7109482 0.6310018 0.3886047 -0.6920863 0.6082786 0.5685312 -0.7115591 -0.4128631 0.4902911 -0.700263 -0.5188896 0.5023819 -0.7094361 -0.4942803 0.5687619 -0.7112897 -0.4130098 0.6212468 -0.7125762 -0.326018 0.6268745 -0.7131816 -0.3136885 0.6520481 -0.7079046 -0.2714855 0.6590268 -0.7192945 -0.2197707 0.6610534 -0.7354071 -0.1489454 0.6874251 -0.7255771 -0.03138184 0.6854161 -0.7273712 -0.0337066 0.6843022 -0.7197817 0.1168112 0.6537086 -0.756729 0.005122244 0.6901041 -0.7123997 0.1274484 0.6633014 -0.708491 0.2409809 0.6367876 -0.7159101 0.2863115 0.5857779 -0.7233854 0.3654831 0.5600226 -0.6754858 0.4796807 -0.6980402 -0.6811582 0.2208243 -0.6458731 -0.7034636 0.2966259 -0.6055735 -0.7029008 0.3731101 -0.5830047 -0.7096666 0.3955742 -0.5330337 -0.6991199 0.476557 -0.5084563 -0.6840856 0.5229716 -0.3585268 -0.744913 0.5626395 -0.471265 -0.6754556 0.5671589 -0.2979891 -0.7222512 0.6241441 -0.2729206 -0.711676 0.6473266 -0.1345376 -0.7085946 0.6926711 -0.1311291 -0.7117367 0.6900986 0.0134443 -0.7138168 0.7002035 0.01216846 -0.7110673 0.7030187 0.1650443 -0.7196452 0.6744415 0.1325501 -0.7030784 0.6986495 0.2174225 -0.69844 0.6818424 0.09219425 -0.7018409 -0.7063423 0.1976835 -0.7076331 -0.6783632 0.2717171 -0.7096275 -0.6500759 0.2813655 -0.7142889 -0.6408002 0.4511273 -0.6769388 -0.5815824 0.3187186 -0.7544167 -0.5738239 0.4530314 -0.708019 -0.5417304 0.9312725 -0.009522318 -0.3641991 0.9312725 -0.009521901 -0.364199 0.9025655 -0.008516013 -0.4304683 0.9025654 -0.008516013 -0.4304689 0.7869012 -0.005203068 -0.617057 0.7869009 -0.005203306 -0.6170575 0.6333047 -0.001639425 -0.7739009 0.6333045 -0.001639246 -0.7739009 0.4491791 0.00200361 -0.8934395 0.4491796 0.002003967 -0.8934392 0.2434022 0.005550324 -0.9699096 0.2434026 0.005550384 -0.9699096 0.0258913 0.008828639 -0.9996258 0.02589195 0.008828699 -0.9996258 -0.1928669 0.01168191 -0.9811555 -0.1928663 0.01168209 -0.9811556 -0.2764449 0.01265108 -0.9609466 -0.276446 0.01265132 -0.9609462 0.2266975 0.6725217 -0.7045019 0.1903386 0.6675871 -0.7197908 0.2755926 0.6560118 -0.7026359 0.2030741 0.6639575 -0.7196676 0.2502352 0.6585412 -0.7097223 0.2667238 0.6530734 -0.7087691 0.2646719 0.6565949 -0.7062804 0.3022781 0.6595736 -0.6881793 0.3213695 0.6607362 -0.6783432 0.2794151 0.6620853 -0.6953923 0.1045928 0.6674492 -0.7372733 0.006637871 0.6725721 -0.7400019 0.09898567 0.656739 -0.7475933 -7.83504e-4 0.6680048 -0.7441565 0.0757547 0.5890039 -0.8045718 -0.002578914 0.672176 -0.7403869 0.322554 0.6611322 -0.6773944 0.3348069 0.6607323 -0.6718164 0.3598322 0.6602891 -0.659196 0.3574117 0.6578016 -0.6629887 0.4060609 0.6623558 -0.6296024 0.3884429 0.6550512 -0.6480897 0.4216109 0.6628287 -0.6187911 0.4098687 0.656449 -0.6333107 0.14946 0.6558765 -0.7399242 0.01378273 0.9998607 0.009422361 0.01382112 0.9998617 0.009251415 0.01386052 0.9998658 0.008741557 0.01386213 0.999866 0.008719742 0.01382946 0.9998615 0.009272336 0.01380395 0.9998618 0.009260475 0.01379424 0.9998621 0.00924772 0.01381593 0.9998624 0.00918585 0.01378029 0.9998605 0.009446859 -0.0138117 -0.9998625 -0.00917828 -0.01380676 -0.9998627 -0.009176611 -0.01381516 -0.9998625 -0.009179472 -0.01378387 -0.9998629 -0.009185373 -0.01381772 -0.9998623 -0.009193837 -0.01381212 -0.9998624 -0.009192645 -0.01381433 -0.9998626 -0.009178578 -0.01382172 -0.9998629 -0.009134769 -0.01381283 -0.9998626 -0.009174764 -0.01381796 -0.9998623 -0.009198784 -0.01382225 -0.9998626 -0.009160339 -0.01381278 -0.9998626 -0.009181559 -0.01381921 -0.9998625 -0.009176135 -0.01381886 -0.9998624 -0.009176433 -0.01381754 -0.9998626 -0.00916934 -0.0138179 -0.9998624 -0.009187281 -0.01381379 -0.9998624 -0.009200155 -0.01382446 -0.9998623 -0.00918883 -0.0138188 -0.9998627 -0.009151101 -0.01379197 -0.999863 -0.009162068 -0.01381725 -0.9998624 -0.009187519 -0.01380938 -0.9998626 -0.009181201 -0.01381552 -0.9998624 -0.009186148 -0.01380509 -0.9998627 -0.009177803 -0.0138095 -0.9998625 -0.009184777 -0.01381492 -0.9998624 -0.009179234 -0.01381564 -0.9998625 -0.009178519 -0.01384389 -0.9998624 -0.00914967 -0.01381641 -0.9998624 -0.009188294 -0.0138272 -0.9998624 -0.009171307 -0.0138188 -0.9998625 -0.009177744 -0.01381975 -0.9998624 -0.00918138 -0.01382446 -0.9998624 -0.009173631 -0.01380747 -0.9998623 -0.009201526 -0.01381444 -0.9998623 -0.009200811 -0.0138123 -0.9998623 -0.009205937 -0.01381945 -0.9998624 -0.009183526 -0.013821 -0.9998623 -0.009183645 -0.0138359 -0.999862 -0.00920397 -0.01382023 -0.9998624 -0.0091874 -0.01380074 -0.9998627 -0.009181141 -0.0137884 -0.9998628 -0.009179174 -0.01378536 -0.9998629 -0.009182512 -0.01378118 -0.9998629 -0.009186029 -0.0138033 -0.9998626 -0.009185492 -0.01381957 -0.9998624 -0.009181678 -0.01381766 -0.9998626 -0.009174346 -0.01380801 -0.9998624 -0.009199678 -0.01383996 -0.9998624 -0.009158611 -0.01382726 -0.9998624 -0.009165227 -0.0138238 -0.9998625 -0.009164988 -0.01381111 -0.9998625 -0.009182751 -0.01381564 -0.9998626 -0.009176433 -0.01380074 -0.9998625 -0.009197235 -0.01382189 -0.9998624 -0.00917989 -0.01381176 -0.9998623 -0.009201169 -0.01381808 -0.9998624 -0.009187936 -0.01380896 -0.9998623 -0.009207069 -0.01381814 -0.9998624 -0.009192228 -0.01381719 -0.9998623 -0.009196102 -0.01381391 -0.9998623 -0.009209334 -0.01381248 -0.9998621 -0.009215235 -0.01381647 -0.9998624 -0.009182512 -0.01380944 -0.9998625 -0.009183228 -0.01381736 -0.9998624 -0.00918442 -0.01381665 -0.9998625 -0.009180963 -0.01381784 -0.9998624 -0.009185135 -0.01382446 -0.9998624 -0.009176313 -0.01381224 -0.9998624 -0.009191632 -0.01381486 -0.9998624 -0.009190678 -0.01381492 -0.9998624 -0.009181201 -0.01379954 -0.9998626 -0.00918889 -0.01386165 -0.9998619 -0.009173631 -0.01381224 -0.9998624 -0.009186804 -0.01382207 -0.9998623 -0.009185671 -0.01382553 -0.9998623 -0.009182453 -0.01383668 -0.9998621 -0.009185373 -0.01383382 -0.9998621 -0.009185135 -0.01381325 -0.9998624 -0.00919032 -0.01380783 -0.9998625 -0.009191036 -0.01380705 -0.9998626 -0.009190618 -0.01380711 -0.9998626 -0.009189546 -0.01380717 -0.9998626 -0.009187221 -0.01383364 -0.9998623 -0.009164512 -0.01382821 -0.9998624 -0.009160041 -0.0138216 -0.9998623 -0.009196758 -0.0138098 -0.9998621 -0.009231388 -0.01381844 -0.9998624 -0.009181022 -0.01381963 -0.9998625 -0.009178102 -0.01381623 -0.9998624 -0.009181916 -0.01380497 -0.9998627 -0.0091753 -0.01381391 -0.9998623 -0.009192228 -0.0138092 -0.9998624 -0.009191572 -0.01381462 -0.9998623 -0.009199142 -0.01382017 -0.9998623 -0.009195685 -0.01381677 -0.9998623 -0.009193539 -0.01382875 -0.9998623 -0.009184837 -0.01382601 -0.9998623 -0.009183406 -0.01382118 -0.9998625 -0.009175539 -0.01382321 -0.9998622 -0.009193658 -0.01382237 -0.9998623 -0.009188532 -0.01382207 -0.9998623 -0.00919193 -0.01381522 -0.9998624 -0.00918889 -0.0138188 -0.9998623 -0.009186089 -0.0138185 -0.9998623 -0.00918883 -0.01382011 -0.9998624 -0.009191095 -0.0138244 -0.9998623 -0.009189903 -0.01380848 -0.9998625 -0.009188532 -0.01381975 -0.9998623 -0.009187936 -0.01382148 -0.9998624 -0.00918436 -0.01381987 -0.9998624 -0.009185016 -0.01380687 -0.9998624 -0.009196281 -0.01381558 -0.9998623 -0.009203076 -0.0138176 -0.9998623 -0.009200453 -0.01381909 -0.9998624 -0.009191155 -0.01381576 -0.9998624 -0.009187281 -0.01381081 -0.9998624 -0.009192466 -0.01381242 -0.9998624 -0.00919193 -0.01382482 -0.9998624 -0.009181559 -0.01371532 -0.9998651 -0.009046852 -0.01381248 -0.9998623 -0.00921303 -0.01376873 -0.9998635 -0.009138226 -0.01382255 -0.9998619 -0.009230256 -0.01380699 -0.9998626 -0.009182989 -0.01380872 -0.9998625 -0.009185612 -0.01380884 -0.9998625 -0.00918585 -0.01380926 -0.9998625 -0.009186446 -0.01387441 -0.9998618 -0.009169876 -0.01381677 -0.9998625 -0.009180009 -0.01381903 -0.9998622 -0.009209871 -0.01381653 -0.9998625 -0.009181797 -0.01381474 -0.9998629 -0.009143769 -0.0138154 -0.9998626 -0.009162485 -0.01381844 -0.9998623 -0.0091874 -0.01381504 -0.9998621 -0.0092175 -0.0138145 -0.9998624 -0.009193837 -0.01381462 -0.9998624 -0.009197533 -0.01381438 -0.9998624 -0.009187519 0.3737974 0.6451347 0.6663908 0.4448251 0.6268448 0.6396845 0.4308977 0.6338835 0.6422764 0.4582331 0.6381386 0.6187096 0.4507743 0.6444833 0.6176115 0.4984393 0.6435763 0.5808339 0.4931288 0.6403946 0.5888283 0.5148543 0.6448541 0.564879 0.4098722 0.6409497 0.6489903 0.3658437 0.6437659 0.6721041 0.2916977 0.6444937 0.7067818 0.3317231 0.6414161 0.6917697 0.1923816 0.6507676 0.7345005 0.2023717 0.647488 0.7347142 0.2511256 0.6475935 0.7194155 0.2884588 0.6481619 0.7047536 -0.01381564 -0.9998608 -0.009365081 -0.01380002 -0.999861 -0.009365558 -0.0138216 -0.9998608 -0.009345591 -0.01424133 -0.9998695 -0.007631063 -0.0138542 -0.9998633 -0.009028732 -0.01375949 -0.9998612 -0.009403228 -0.0138601 -0.9998607 -0.009302973 -0.01387166 -0.9998607 -0.009294271 -0.01385152 -0.9998613 -0.00924766 -0.01381361 -0.9998625 -0.009176552 -0.01383286 -0.9998611 -0.009295701 -0.01381707 -0.9998621 -0.009216487 -0.01380872 -0.9998613 -0.009313702 -0.01380616 -0.9998615 -0.009306907 -0.01430583 -0.9998703 -0.00739926 0.6734765 -0.002513527 -0.7392044 0.6734833 -0.002513349 -0.7391982 0.916294 -0.008982181 -0.4004057 0.916294 -0.008982777 -0.4004055 0.9972921 -0.0131154 -0.07236373 0.9972921 -0.01311635 -0.07236403 0.3088504 -0.02433168 0.9507994 0.3993905 -0.008336782 0.916743 0.4461997 -0.02652472 0.8945404 0.4307402 -0.06208264 0.9003381 0.2859535 -0.02770298 0.957843 0.06776076 -0.02142965 0.9974715 0.2092304 -0.07069081 0.975308 0.03363877 -0.3386865 0.9402979 -0.1638352 -0.03265994 0.985947 -0.02781158 -0.4226456 0.9058682 -0.1025537 -0.007722973 0.9946976 0.03416806 -0.0199328 0.9992174 -0.2839773 -0.02633476 0.9584694 -0.1672301 -0.006749153 0.9858948 -0.110148 -0.007611155 0.9938861 0.1954636 -0.01171457 0.9806411 -0.06400728 -0.01289135 0.9978663 0.1954647 -0.01171332 0.9806408 0.9867144 -0.1525921 0.05577003 0.9708021 -0.03345853 0.2375367 0.9743397 -0.0351231 0.2223255 -0.1266143 -0.007900297 0.9919207 -0.08905351 -0.008036494 0.9959945 -0.01088494 -0.007591664 0.999912 -0.009584188 -0.007711946 0.9999244 0.1019704 -0.01013779 0.9947358 0.05561918 -0.007841408 0.9984213 -0.2965121 -0.004678845 0.9550178 -0.3148796 8.19831e-4 0.9491314 -0.2348384 -0.007357299 0.9720066 -0.2604706 -0.002141654 0.9654794 -0.1608116 -0.00684762 0.9869614 0.5821094 -0.01893943 0.8128899 0.4925417 -0.04508113 0.8691206 0.4695841 -0.01587527 0.882745 0.09225273 -0.01023203 0.9956831 0.1293084 -0.01100939 0.9915433 0.213545 -0.01171916 0.976863 0.216651 -0.01204574 0.9761749 0.3229935 -0.01297312 0.9463124 0.3358777 -0.01402008 0.9418013 0.4104136 -0.01241081 0.9118151 0.4403517 -0.01272422 0.8977352 0.4199224 -0.01350402 0.9074596 0.5203206 0.007834255 0.8539352 0.5952209 -0.01025986 0.8034966 0.6911624 -0.03128337 0.7220221 0.6537272 0.007193028 0.7566961 0.7626359 -0.01465648 0.6466619 0.9003772 -0.03455108 0.4337364 0.7166829 0.007135748 0.6973627 0.7731398 -0.01235413 0.6341155 0.8427713 -0.02932661 0.5374724 0.8217945 -0.007002234 0.569741 0.8941417 -0.02069747 0.4473055 0.9404075 -0.1821811 0.2871307 0.9995629 -0.02895575 -0.005976498 0.9998896 -0.01467317 -0.0023669 0.9895467 -0.00985378 -0.1438761 0.9882683 -0.01093226 -0.1523363 0.9638341 -0.009872615 -0.2663205 0.9620828 -0.01599669 -0.2722883 0.9311203 -0.001189231 -0.3647104 0.9232477 -3.76177e-4 -0.3842054 0.9008113 0.03397768 -0.4328794 0.8654116 0.005409598 -0.5010325 0.87505 -2.31537e-4 -0.4840326 0.8494819 -0.0068928 -0.527573 0.8222466 -0.004226744 -0.5691157 0.8177064 0.009789228 -0.5755524 0.7770422 0.04876655 -0.6275566 0.7174732 0.01514047 -0.6964215 0.7594878 0.05063986 -0.6485478 0.6724241 0.01798856 -0.7399474 0.6450265 0.3594644 -0.674334 0.4887539 0.009214043 -0.8723731 0.6247375 0.1727088 -0.7614951 0.7237496 0.004449665 -0.6900485 0.6286365 -0.03446882 -0.7769351 -0.441246 0.01434308 -0.8972716 -0.3754194 0.01752912 -0.9266893 -0.4066097 0.01611852 -0.9134598 -0.313037 0.01492202 -0.9496238 -0.3284785 0.01465213 -0.9443978 0.0200299 0.01021134 -0.9997473 -0.0476427 0.009279906 -0.9988214 -0.0926969 0.01246076 -0.9956165 -0.1344742 0.01050323 -0.9908614 -0.2058638 0.01314425 -0.9784924 -0.2055871 0.01260912 -0.9785576 -0.2532275 0.01254528 -0.9673255 0.5354627 0.006626248 -0.8445329 0.474361 0.001532852 -0.8803291 0.3877055 0.005552649 -0.9217666 0.3867039 0.002551257 -0.9222005 0.3503082 0.00622195 -0.9366139 0.2881025 0.003825545 -0.957592 0.2446531 0.00677967 -0.9695871 0.1974802 0.004482507 -0.9802967 0.132331 0.008767545 -0.9911668 0.08866322 0.005961477 -0.9960438 0.01418119 0.008992612 -0.999859 0.675206 -0.00254786 -0.7376249 0.6752071 -0.002546727 -0.7376238 0.6752073 -0.002546668 -0.7376237 0.6752077 -0.00254625 -0.7376233 0.7374985 -0.01639348 0.6751498 0.7375003 -0.01639735 0.6751477 0.7375006 -0.01639753 0.6751475 0.737524 -0.01627713 0.6751247 0.7375364 -0.01606434 0.6751163 0.7375355 -0.01576107 0.6751244 0.9943413 -0.01470792 0.1052104 0.9943413 -0.01470696 0.1052101 0.9733302 -0.0113449 -0.2291283 0.9733307 -0.01134502 -0.2291262 0.7775855 -0.004966974 -0.6287577 0.777584 -0.004966378 -0.6287594 0.42783 0.002394616 -0.9038561 0.4278282 0.002394556 -0.9038569 -0.006665527 0.009281456 -0.9999348 -0.006664156 0.009281456 -0.9999348 -0.4398368 0.01433008 -0.8979634 -0.4398352 0.01433002 -0.8979642 -0.7858945 0.01654052 -0.6181393 -0.7858944 0.01654034 -0.6181396 -0.9459731 0.01604789 -0.3238478 -0.9459732 0.01604777 -0.3238477 -0.9502406 0.01598966 -0.3111065 -0.9401035 0.01461726 -0.3405756 0.9928315 -0.01473194 0.1186112 0.9927666 -0.01481354 0.1191431 0.310501 0.004217803 -0.9505638 0.2641558 0.00521332 -0.964466 0.5691758 -7.87764e-5 -0.8222159 0.5732052 -7.73889e-4 -0.8194115 0.8405711 -0.006250798 -0.5416653 0.8431056 -0.006940186 -0.5377033 0.9842383 -0.01174467 -0.1764577 0.984647 -0.01208353 -0.1741386 0.1673111 0.006747603 -0.9858811 0.0877183 0.006365835 -0.9961251 -0.1057552 0.01053404 -0.9943364 -0.300859 0.009165048 -0.9536246 -0.329339 0.01322734 -0.9441192 -0.535632 0.01507639 -0.844317 -0.7377776 0.012717 -0.6749241 -0.7137873 0.01629751 -0.700173 -0.854452 0.01651668 -0.5192677 0.01392596 0.9998613 0.009142756 0.01385331 0.9998625 0.009119689 0.01384544 0.9998627 0.009112298 0.01356369 0.9998572 0.01008403 0.01317429 0.999848 0.0114302 0.01316952 0.9998478 0.01144671 -0.01382547 -0.9998622 -0.009194731 -0.01380652 -0.9998624 -0.009196043 -0.01381701 -0.9998623 -0.009191215 -0.01381653 -0.9998624 -0.009187459 -0.01381659 -0.9998624 -0.009183347 -0.01381576 -0.9998625 -0.009182989 -0.01381385 -0.9998625 -0.009186148 -0.01380366 -0.9998627 -0.00917536 -0.01378202 -0.9998629 -0.009184062 -0.01379722 -0.9998628 -0.009177923 -0.01377564 -0.9998629 -0.009186685 -0.0138328 -0.9998621 -0.009187757 -0.0138266 -0.9998623 -0.009194493 -0.01382976 -0.9998622 -0.009191036 -0.01382219 -0.9998622 -0.00919938 -0.01383262 -0.9998623 -0.009184002 -0.01383155 -0.9998622 -0.009186267 -0.01383101 -0.9998623 -0.009185791 -0.01383012 -0.9998623 -0.009184837 -0.01382905 -0.9998623 -0.009183824 -0.01381152 -0.9998624 -0.009192585 -0.01381438 -0.9998624 -0.009190559 -0.01381343 -0.9998624 -0.009192466 -0.01381999 -0.9998624 -0.009187638 -0.01382392 -0.9998623 -0.009187698 -0.01381129 -0.9998624 -0.00919497 -0.01381552 -0.9998624 -0.009184241 -0.01381021 -0.9998625 -0.009190499 -0.01381677 -0.9998623 -0.009189546 -0.01386731 -0.9998615 -0.009209871 -0.0137422 -0.9998612 -0.009427189 -0.01397454 -0.9998617 -0.009023606 -0.01383537 -0.9998625 -0.009143531 -0.01419794 -0.999861 -0.00874859 -0.01381057 -0.9998629 -0.009134888 -0.01384639 -0.999862 -0.00918281 -0.0138176 -0.9998623 -0.009191989 -0.01378786 -0.9998627 -0.009199678 -0.01378357 -0.9998627 -0.009204924 -0.01384937 -0.999862 -0.009173989 -0.01399117 -0.9998583 -0.009365677 -0.01386845 -0.999861 -0.009267508 -0.01392322 -0.9998598 -0.009311318 -0.01385527 -0.9998612 -0.009257018 -0.01382464 -0.999862 -0.009214878 -0.01382374 -0.9998621 -0.009216725 -0.01382112 -0.999862 -0.009221613 -0.01381832 -0.999862 -0.009227037 -0.01399242 -0.9998617 -0.008992552 -0.01381361 -0.9998623 -0.009197592 -0.01382106 -0.9998623 -0.009194791 -0.01381218 -0.9998624 -0.00919187 -0.01386129 -0.9998615 -0.009213447 -0.01380878 -0.9998625 -0.009186446 -0.01383286 -0.999862 -0.009203851 -0.01380932 -0.9998621 -0.009231925 -0.01384341 -0.999861 -0.00930047 -0.01381152 -0.9998624 -0.009192883 -0.0138154 -0.9998624 -0.009192705 -0.01380848 -0.9998625 -0.009194731 -0.01381772 -0.9998624 -0.009190678 -0.01381838 -0.9998623 -0.009189724 -0.01382291 -0.9998624 -0.009184002 -0.0138117 -0.9998625 -0.009189784 -0.01381105 -0.9998624 -0.009192764 -0.01380479 -0.9998625 -0.009191572 -0.01380306 -0.9998626 -0.009197831 -0.01381361 -0.9998623 -0.009203433 -0.01381552 -0.9998623 -0.009198248 -0.01381623 -0.9998623 -0.009197533 -0.01381379 -0.9998624 -0.009182214 -0.0138126 -0.9998625 -0.009176552 -0.01381391 -0.9998626 -0.009173214 -0.01381385 -0.9998626 -0.009181141 -0.01381361 -0.9998624 -0.009185731 -0.01384621 -0.9998621 -0.00917536 -0.01381158 -0.9998624 -0.00919187 -0.0138241 -0.9998623 -0.009191572 -0.01381635 -0.9998623 -0.009191572 -0.01381748 -0.9998623 -0.009195864 -0.01382678 -0.999862 -0.009211301 -0.01381671 -0.9998623 -0.009189188 -0.01381397 -0.9998624 -0.009191572 -0.01381748 -0.9998624 -0.009191215 -0.01381903 -0.9998624 -0.00918883 -0.01382023 -0.9998623 -0.009189307 -0.01381933 -0.9998623 -0.009189903 -0.01381522 -0.9998624 -0.009183108 -0.0138148 -0.9998625 -0.009184837 0.420739 0.002522885 -0.9071783 0.4207376 0.002523541 -0.9071788 0.6411705 -0.001807212 -0.7673963 0.6411693 -0.001806676 -0.7673973 0.8179047 -0.006014168 -0.5753224 0.8179044 -0.00601387 -0.5753228 0.9959209 -0.01294028 -0.0892983 0.9959209 -0.01294046 -0.0892992 0.9850648 -0.01518726 0.1715134 0.9850651 -0.01518738 0.1715112 0.7672756 -0.01649355 0.6411054 0.7672758 -0.01649349 0.6411052 0.5751864 -0.01546376 0.8178762 0.5751868 -0.01546359 0.8178761 0.08917087 -0.01038461 0.9959622 0.08917295 -0.01038467 0.995962 0.08917117 -0.01038467 0.9959622 0.08917319 -0.01038467 0.9959621 -0.4207357 -0.002523064 0.9071798 -0.4207397 -0.002522766 0.907178 -0.6411652 0.001807093 0.7674008 -0.6411672 0.00180751 0.7673992 -0.8179047 0.006014287 0.5753225 -0.8179044 0.006014823 0.5753227 -0.9959209 0.0129404 0.08929824 -0.9959209 0.01294094 0.08929836 -0.985064 0.01518744 -0.1715173 -0.9850647 0.01518768 -0.1715139 -0.9070785 0.01639944 -0.4206423 -0.9070796 0.01639932 -0.4206399 -0.5751861 0.01546406 -0.8178765 -0.5751856 0.01546418 -0.8178768 -0.575186 0.01546406 -0.8178766 -0.5751855 0.01546424 -0.8178769 -0.08917099 0.01038527 -0.9959623 -0.0891754 0.01038479 -0.9959618 -0.08917152 0.01038521 -0.9959622 -0.08917599 0.01038473 -0.9959618 -0.0138356 -0.9998621 -0.009191215 -0.01380956 -0.9998625 -0.009191751 -0.01381641 -0.9998623 -0.009192168 -0.01379382 -0.9998625 -0.009209096 -0.01381653 -0.9998621 -0.009213864 -0.0138356 -0.9998621 -0.009190857 -0.01383757 -0.9998621 -0.009181678 -0.01382827 -0.9998623 -0.009185016 -0.01379364 -0.9998627 -0.009194493 -0.01380956 -0.9998625 -0.009191751 -0.01382833 -0.9998623 -0.009184479 -0.01380956 -0.9998625 -0.00919193 -0.01379895 -0.9998627 -0.009179651 0.4207397 0.002523005 -0.9071779 0.4207357 0.002523601 -0.9071798 0.6411669 -0.001807391 -0.7673994 0.6411644 -0.001806557 -0.7674015 0.8179045 -0.006014704 -0.5753225 0.8179038 -0.006013631 -0.5753235 0.9959208 -0.01294106 -0.08929866 0.995921 -0.01293992 -0.08929783 0.9850642 -0.01518803 0.1715162 0.9850644 -0.01518732 0.1715154 0.9070777 -0.01640009 0.4206437 0.9070803 -0.01639986 0.420638 0.5751864 -0.01546347 0.8178762 0.5751828 -0.01546388 0.8178789 0.3438954 -0.01337999 0.9389126 0.3438904 -0.01338016 0.9389145 0.08917075 -0.01038467 0.9959623 0.08916974 -0.01038467 0.9959624 -0.4207394 -0.002523005 0.9071781 -0.4207427 -0.002523064 0.9071766 -0.6411657 0.001807391 0.7674003 -0.6411681 0.001807391 0.7673984 -0.8179033 0.006014823 0.5753245 -0.8179042 0.006014823 0.5753231 -0.9959209 0.012941 0.08929824 -0.9959209 0.01293998 0.08929836 -0.9850639 0.01518803 -0.1715183 -0.9850649 0.01518678 -0.171513 -0.9070777 0.01639991 -0.4206436 -0.9070804 0.01639866 -0.4206379 -0.575186 0.01546406 -0.8178765 -0.5751835 0.01546394 -0.8178783 -0.5751857 0.01546406 -0.8178767 -0.5751832 0.01546394 -0.8178786 -0.08916622 0.01038467 -0.9959627 -0.08917933 0.01038467 -0.9959614 -0.08916783 0.01038467 -0.9959625 -0.08918094 0.01038467 -0.9959613 -0.0138356 -0.9998621 -0.009190976 -0.01383751 -0.9998621 -0.009181737 -0.01381725 -0.9998624 -0.009187221 -0.01379895 -0.9998627 -0.009179532 -0.0137937 -0.9998627 -0.009194552 -0.01383554 -0.9998621 -0.009191334 -0.01383751 -0.9998621 -0.009181499 -0.01382833 -0.9998623 -0.00918436 -0.01379358 -0.9998627 -0.009194731 -0.01380962 -0.9998624 -0.009191989 -0.01382833 -0.9998623 -0.009184956 -0.01380962 -0.9998625 -0.009191691 -0.01379895 -0.9998627 -0.009179413 -0.1504509 0.6574441 0.7383304 -0.1499467 0.6575429 0.738345 -0.1343967 0.6568638 0.741935 -0.1321783 0.6512304 0.7472803 -0.1031093 0.6558129 0.7478489 -0.1039719 0.654277 0.7490738 -0.1566058 0.6561431 0.7382078 -0.1534729 0.6611926 0.7343504 -0.1420418 0.6593185 0.7383247 -0.1526892 0.6624796 0.7333531 -0.1435438 0.658574 0.7386986 -0.1212303 0.6686843 0.733597 -0.1101296 0.6581791 0.744763 -0.125272 0.6776883 0.7246003 -0.1059844 0.6565302 0.746817 -0.08277058 0.6565853 0.7496964 -0.0827341 0.656673 0.7496237 -0.05192345 0.6608846 0.7486892 -0.04700952 0.6603179 0.7495135 0.2935206 0.6680344 -0.6837951 0.3153713 0.6687883 -0.6732484 0.3096126 0.6692299 -0.6754786 0.1701038 0.6701371 -0.7224826 0.1159391 0.6774408 -0.726383 0.1212447 0.6809199 -0.722252 0.05875283 0.6908286 -0.7206276 0.05568236 0.6792277 -0.7318123 0.1432044 0.6725642 -0.7260509 0.1750261 0.6700575 -0.7213798 0.2082102 0.6600971 -0.7217481 0.2969634 0.6678941 -0.6824443 0.2836543 0.6709209 -0.6851317 0.2661703 0.6651172 -0.6976909 0.2669233 0.664812 -0.697694 0.2398682 0.6665955 -0.7057717 0.2405605 0.6666641 -0.7054712 0.222649 0.6652129 -0.7126846 0.1777898 0.6698995 -0.7208505 0.1564269 0.6719222 -0.7239138 0.1402208 0.6823751 -0.7174277 0.1087234 0.6847813 -0.7205927 0.06106334 0.7001354 -0.7113942 -0.04477882 0.6516885 -0.7571639 -0.04850333 0.6537513 -0.7551534 -0.06400698 0.6734858 -0.7364238 -0.05910795 0.6685526 -0.7413121 -0.07558453 0.6762689 -0.732767 -0.06825315 0.6799434 -0.7300812 -0.072851 0.6791126 -0.73041 -0.01002722 0.6880004 -0.7256411 -0.004182636 0.8093672 -0.5872881 -0.0524488 0.6902408 -0.7216764 -0.01585847 0.6822154 -0.7309793 0.3416761 0.6655701 -0.6635314 0.3374652 0.6669597 -0.6642907 0.3189168 0.6653423 -0.6749901 0.3177808 0.665293 -0.6755743 0.2770835 0.6644772 -0.6940424 0.2734777 0.6632556 -0.6966361 0.3417528 0.6695543 -0.6594712 0.3257573 0.6900023 -0.6463583 0.3233072 0.6840161 -0.6539071 -0.07325291 0.6552375 0.751863 -0.07436794 0.6551653 0.7518164 -0.03927898 0.6555585 0.7541222 -0.04019075 0.6556095 0.7540298 -0.01902574 0.655997 0.7545237 -0.02185451 0.6570732 0.7535099 -0.02139854 0.6769038 0.7357604 -0.02555978 0.6734303 0.7388087 -0.1051572 0.6556355 0.7477194 -0.05370318 0.6538999 0.7546729 -0.0573306 0.6541394 0.7541982 -0.01076853 0.6539013 0.7565033 -0.00644654 0.6528136 0.7574913 0.03033447 0.6534309 0.7563782 0.0351268 0.6522094 0.7572246 0.07576978 0.6525864 0.7539166 0.08108794 0.6513217 0.7544566 0.1281002 0.6519845 0.7473329 0.1332333 0.6506226 0.7476224 -0.7320261 0.6583939 0.175087 -0.732568 0.6558168 0.1823418 -0.7440202 0.6580993 0.115496 -0.7448448 0.6559461 0.1222335 -0.7498687 0.6589232 0.05930656 -0.7489911 0.6598181 0.06043517 -0.7506813 0.6605837 0.01033729 -0.7505372 0.6602493 -0.0276544 -0.7555764 0.6339787 -0.1648498 -0.7211058 0.6586276 -0.2149798 -0.7562451 0.6466977 -0.09937649 -0.7381185 0.6623349 -0.1284276 -0.7485883 0.66103 -0.05152636 -0.7153317 0.6565669 0.2392084 -0.4987376 0.6647146 0.5562512 -0.443863 0.6652255 0.6003838 -0.4421098 0.6639049 0.6031329 -0.4836327 0.6634244 0.5709356 -0.5114008 0.6640326 0.5454631 -0.5452966 0.6635394 0.5122179 -0.5346214 0.6634025 0.5235238 -0.5565554 0.662886 0.5008276 -0.5844651 0.6625065 0.468493 -0.5818014 0.6587584 0.4770163 -0.6152687 0.6701754 0.4151018 -0.6057929 0.656864 0.4489373 -0.6433099 0.664126 0.3809056 -0.6422235 0.657088 0.3946952 -0.6733931 0.6631851 0.3266915 -0.6696786 0.655816 0.3484768 -0.6945174 0.6603469 0.2856355 -0.6944947 0.6566262 0.2941415 -0.7116006 0.6574477 0.2477644 -0.7201689 0.6587049 0.2178642 -0.1450794 0.6552409 0.7413578 -0.1413254 0.6571473 0.7403949 -0.05487596 0.677518 -0.7334563 -0.06524854 0.6792828 -0.7309703 -0.0208258 0.6794246 -0.7334498 0.06199276 0.6789466 -0.7315657 -0.1070161 0.6557468 0.7473579 -0.3892039 0.6637367 0.6387284 -0.3912797 0.6645635 0.6365969 -0.3309543 0.6621842 0.6722956 -0.3339241 0.6631671 0.6698538 -0.2666413 0.6605776 0.7018118 -0.2690504 0.6614189 0.7000979 -0.2156401 0.658813 0.7207391 -0.2180919 0.6594952 0.7193762 -0.1759771 0.6574898 0.732625 -0.1783392 0.6581736 0.7314388 -0.1389342 0.6564033 0.7415066 -0.1411283 0.6570647 0.7405058 -0.1090367 0.6562591 0.7466158 -0.07616841 0.6557931 0.7510885 -0.1128712 0.6567882 0.7455799 -0.08088272 0.6567843 0.7497282 -0.043962 0.6564796 0.7530617 0.3142325 0.6661906 -0.6763491 0.2674002 0.6673925 -0.6950428 0.2154472 0.6696651 -0.7107258 0.1500728 0.6722094 -0.7249915 -0.04168236 0.6561071 0.7535158 -0.02409404 0.6562473 0.7541611 0.3357122 0.6654831 -0.6666556 0.3158529 0.6645985 -0.6771602 0.2672063 0.6646618 -0.6977289 0.2192453 0.6636172 -0.7152229 -0.06342065 0.6716901 -0.7381127 -0.05515724 0.6727003 -0.7378563 0.003165006 0.6698325 -0.7425056 0.01610809 0.6730804 -0.7393939 0.05750739 0.6705337 -0.7396469 0.09829682 0.6704252 -0.7354372 0.101355 0.6667891 -0.738322 0.144478 0.6647066 -0.7330016 0.1511731 0.6656637 -0.7307795 0.1828617 0.6638423 -0.7251725 0.2353986 0.6616619 -0.7118926 0.1984919 0.6654857 -0.7195344 0.1786252 0.664571 -0.7255608 -0.1262319 0.6747704 -0.7271522 -0.1343749 0.6734758 -0.7268932 -0.2166639 0.6754434 -0.7048639 -0.2173812 0.6752889 -0.704791 -0.3278266 0.6750556 -0.6609309 -0.3196553 0.6772198 -0.662717 -0.4234026 0.6763154 -0.6027668 -0.4115418 0.6805532 -0.6062019 -0.4840908 0.6796272 -0.5511469 -0.4673922 0.6867694 -0.5566799 0.631407 0.06273853 -0.7729095 0.6292134 0.08363604 -0.7727196 0.7005286 0.06418013 -0.7107325 0.9879385 0.05170196 -0.1459604 0.9889326 0.0348553 -0.1442132 0.969665 0.03512769 -0.2419009 0.9688406 0.05346858 -0.2418454 0.9475523 0.031717 -0.3180232 0.9413833 0.05582159 -0.3326883 0.9160206 0.03578865 -0.3995318 0.9065735 0.05749934 -0.4181129 0.8815605 0.03491973 -0.4707778 0.8670684 0.05886238 -0.4946997 0.8310412 0.03534138 -0.5550872 0.8186823 0.05566209 -0.5715427 0.756687 0.03947556 -0.6525846 0.7649715 0.0555517 -0.6416642 0.6874495 0.04296177 -0.7249604 0.6203324 0.04069799 -0.7832825 0.01380664 0.9998625 0.009187698 0.01380896 0.9998624 0.009189307 0.01388931 0.9998615 0.009171903 0.01381796 0.9998623 0.009191989 0.01389062 0.9998615 0.009172797 0.01382154 0.9998623 0.009200572 0.01382958 0.999862 0.009212434 0.01382201 0.9998623 0.009188771 0.01381194 0.9998625 0.009180068 0.01381635 0.9998624 0.009183466 0.01382672 0.9998623 0.009185194 0.01383 0.9998622 0.009194314 0.01382958 0.9998621 0.009204208 0.01384294 0.9998617 0.009223401 0.01381272 0.9998624 0.009186983 0.0138216 0.9998623 0.009186208 0.01382857 0.9998623 0.009188592 0.0138309 0.9998622 0.009188055 0.01381754 0.9998623 0.009190559 0.01380383 0.9998625 0.009192109 0.01380729 0.9998625 0.009195387 0.01380705 0.9998624 0.009193897 0.01381772 0.9998623 0.009192824 0.0138145 0.9998624 0.00918889 0.01381641 0.9998623 0.009191274 0.01385402 0.9998617 0.009207546 0.01385402 0.9998617 0.00920993 0.01381683 0.9998624 0.00918883 0.01380527 0.9998626 0.009181082 0.01382386 0.9998622 0.009193122 0.01381212 0.9998624 0.009183585 0.01382809 0.9998621 0.009200096 0.01380354 0.9998625 0.009196221 0.01381886 0.9998623 0.009190499 0.01381719 0.9998624 0.009183764 0.01382207 0.9998622 0.0091995 0.01381534 0.9998625 0.009184718 0.0138095 0.9998626 0.009175837 0.01381444 0.9998623 0.009195327 0.013812 0.9998625 0.009184658 0.01382637 0.9998621 0.009204685 0.01381671 0.9998626 0.009168863 0.01380479 0.9998625 0.009196341 0.01381969 0.9998624 0.009185135 0.01382058 0.9998621 0.009202659 0.01382517 0.9998621 0.009206175 0.0138266 0.9998622 0.009195566 0.01378273 0.999863 0.009179294 0.0138145 0.9998624 0.00919789 0.01382362 0.9998622 0.009194314 0.01381093 0.9998626 0.009178042 0.01381516 0.9998623 0.009192228 0.0138325 0.9998621 0.009194493 0.01380002 0.9998626 0.009189188 0.01381236 0.9998624 0.009184837 0.01379865 0.9998626 0.009192883 0.01381307 0.9998626 0.009180128 0.01376873 0.9998631 0.009177267 0.01379162 0.9998632 0.009142756 0.01378262 0.9998634 0.00913614 0.01380449 0.9998626 0.009186387 0.01381725 0.9998624 0.009181916 0.01381474 0.9998624 0.009188294 0.01381623 0.9998624 0.009188115 0.01381337 0.9998624 0.009188711 0.01385915 0.9998613 0.009236872 0.01383292 0.9998619 0.009213507 0.01385945 0.9998614 0.009222865 0.0138182 0.9998625 0.009174883 0.01380872 0.9998626 0.00918442 0.01381486 0.9998624 0.009187757 0.01384472 0.999862 0.009186446 0.0138278 0.9998623 0.009187579 0.01381641 0.9998624 0.009186923 0.01382666 0.9998623 0.009186744 0.01380914 0.9998626 0.009187757 0.01381182 0.9998624 0.009185135 0.01366376 0.9998674 0.00885719 0.01380193 0.9998626 0.009189188 0.0138145 0.9998624 0.009187936 0.01382112 0.9998623 0.009193062 0.01383733 0.999862 0.009203851 0.01382607 0.9998635 0.009052157 0.01382207 0.9998623 0.00919044 0.01381033 0.9998624 0.00918585 0.01380753 0.9998626 0.009178638 0.01383781 0.9998621 0.009190917 0.01407617 0.9998581 0.009265422 0.01381653 0.9998623 0.009192764 0.01381945 0.9998624 0.009191393 0.01343041 0.9998673 0.00922203 0.01344978 0.9998671 0.009216189 0.01382416 0.9998623 0.009186565 0.01382178 0.9998623 0.009184062 0.01381242 0.9998625 0.009180724 0.01396244 0.9998601 0.009220778 0.01384407 0.999862 0.009187698 0.0135132 0.9998671 0.009122371 0.01379036 0.9998627 0.009188055 0.01380968 0.9998621 0.009219527 0.01386177 0.9998616 0.009208619 0.01381945 0.9998622 0.009203135 0.01380944 0.9998626 0.009186625 0.01388138 0.9998612 0.009218454 0.01381438 0.9998624 0.009187936 0.01381784 0.9998624 0.009187817 0.013803 0.9998627 0.009180009 0.01384311 0.999862 0.009193718 0.01382541 0.9998623 0.009192109 0.013637 0.9998645 0.009224832 0.01385837 0.9998618 0.009179234 0.01380634 0.9998626 0.009184896 0.01382207 0.9998623 0.009188771 0.0138207 0.9998624 0.009187102 0.013839 0.999862 0.009191989 0.01406127 0.9998586 0.009231567 0.01491904 0.9998447 0.009379565 0.01381099 0.9998624 0.009187936 0.01382893 0.9998622 0.00919497 0.01329433 0.9998694 0.009198486 0.01293516 0.9998741 0.009198844 0.01382482 0.9998622 0.009192287 0.01386028 0.9998618 0.009178757 0.01377427 0.9998622 0.009266138 0.01381033 0.9998625 0.009182155 0.01381671 0.9998624 0.009189665 0.01381874 0.9998624 0.009189605 0.01381945 0.9998623 0.009201407 0.0138126 0.9998624 0.009187221 0.01379328 0.9998621 0.0092507 0.01381015 0.9998626 0.009184718 0.01382344 0.9998624 0.009182333 0.01378303 0.9998633 0.009144127 0.0137301 0.9998646 0.009082913 0.01383 0.9998622 0.009194552 0.01379388 0.9998627 0.009185791 0.01381558 0.9998624 0.00918883 0.01381552 0.9998624 0.009185492 0.01382011 0.9998624 0.009189844 0.01381534 0.9998623 0.009194731 0.01382124 0.9998623 0.009189188 0.01382482 0.9998623 0.009188175 0.01382154 0.9998623 0.009186446 0.01381415 0.9998624 0.00918138 0.01381319 0.9998624 0.009184896 0.01382339 0.999862 0.009218811 0.01381653 0.9998623 0.009188771 0.01379656 0.9998627 0.009186923 0.01384037 0.9998621 0.009183049 0.01382082 0.9998623 0.00919193 0.01381057 0.9998623 0.009199261 0.01382029 0.9998624 0.00919032 0.013812 0.9998624 0.009182453 0.01381152 0.9998624 0.0091874 0.0138188 0.9998623 0.009189009 0.01391589 0.9998608 0.00920701 0.01386004 0.9998617 0.009200036 0.01385915 0.9998617 0.00919938 0.01381814 0.9998623 0.009197115 0.01381951 0.9998623 0.009186804 0.01380395 0.9998626 0.009185016 0.01383453 0.999862 0.009206593 0.01415169 0.9998562 0.009347319 0.01408445 0.999858 0.00926721 0.0137999 0.9998625 0.009197533 0.01383692 0.9998621 0.009188473 0.01380938 0.9998624 0.009197652 0.01380199 0.9998625 0.009196102 0.01381534 0.9998626 0.009168744 0.01380711 0.9998623 0.009217321 0.01381677 0.9998622 0.009201705 0.0138306 0.9998622 0.009184539 0.01382791 0.9998626 0.00914365 0.01381319 0.9998623 0.009203314 0.01381373 0.9998624 0.009193778 0.01382136 0.9998627 0.009150564 0.01380652 0.9998628 0.009159445 0.01383376 0.9998618 0.009226918 0.01384836 0.9998615 0.009241402 0.01382535 0.9998617 0.009241759 0.8180395 0.05325192 0.5726917 0.8162499 0.02302038 0.5772401 0.8598185 0.02437162 0.5100178 0.8682779 0.05428057 0.4930998 0.8128824 0.06835901 0.5784025 0.8849864 0.02937084 0.4646897 0.9095255 0.05027353 0.4125968 0.9057793 0.02891111 0.4227626 0.9239568 0.02485477 0.3816888 0.9440395 0.04876142 0.3262082 0.9429337 0.00137341 0.3329779 0.9699357 0.02930003 0.2415916 0.9694972 0.04957264 0.2400369 0.9825427 0.02933484 0.1837102 0.9879128 0.05035597 0.1466043 0.9910617 0.03079658 0.129801 0.9981325 0.03405839 0.05071127 0.9973877 0.04950475 0.05260497 0.9983111 0.03382992 -0.0472297 0.9976547 0.05049902 -0.04620653 0.01381033 0.9998621 0.009225904 0.01379477 0.9998625 0.009210467 0.01382744 0.9998621 0.009195625 0.01383447 0.999862 0.009200394 0.0138244 0.9998623 0.009196937 0.0138241 0.9998623 0.009190618 0.01382362 0.9998621 0.009200334 0.0137673 0.9998623 0.00926429 0.01381754 0.9998623 0.009194314 0.01382333 0.9998623 0.009198129 0.01378226 0.9998621 0.009259939 0.01382678 0.9998622 0.009190797 0.01381456 0.9998628 0.009143173 0.01379829 0.9998629 0.009153842 0.01381373 0.9998626 0.009180665 0.01381283 0.9998624 0.009188592 0.01376831 0.999863 0.009186267 0.01376295 0.9998633 0.009177863 0.01380735 0.9998625 0.009187459 0.01381993 0.9998623 0.009199619 0.01383656 0.9998616 0.009241759 0.01380974 0.9998624 0.009192109 0.01381969 0.9998627 0.009148895 0.01381528 0.9998623 0.009200036 0.01381993 0.9998621 0.009211599 0.01382321 0.999862 0.009216725 0.01381003 0.9998625 0.009187281 0.0138207 0.9998624 0.009172201 0.01379197 0.9998629 0.009172141 0.01381814 0.9998622 0.009206771 0.0138095 0.9998625 0.009182631 0.01380479 0.9998626 0.009186625 0.01381695 0.9998624 0.009184539 0.01381444 0.9998626 0.009177625 0.01381576 0.9998628 0.009151518 0.01382297 0.9998621 0.009199738 0.01382583 0.9998623 0.009183228 0.01385426 0.9998621 0.009160578 0.01382887 0.9998622 0.009189009 0.01382046 0.9998623 0.009194016 0.01381021 0.9998625 0.009186983 0.01381349 0.9998623 0.009212017 0.01390403 0.9998615 0.009159982 0.0138244 0.9998624 0.009170353 0.01383757 0.9998621 0.009179234 0.01381939 0.9998623 0.009192943 0.01382046 0.9998622 0.009201228 0.01382803 0.9998624 0.009171903 0.01381558 0.9998624 0.009180366 0.01382923 0.9998623 0.009170889 0.01381444 0.9998623 0.009205758 0.01381248 0.9998624 0.009190738 0.01381886 0.9998624 0.009190559 0.01382708 0.9998622 0.009192109 0.01381498 0.9998624 0.009192943 0.01382899 0.9998621 0.009194135 0.01391142 0.9998613 0.009157359 0.01379555 0.9998627 0.009192645 0.01388746 0.9998617 0.009160518 0.01381754 0.9998623 0.009189248 0.01381361 0.9998625 0.009188532 0.01378279 0.9998629 0.0091784 0.01381391 0.9998623 0.009191989 0.01381152 0.9998624 0.009188294 0.01380342 0.9998626 0.009187281 0.01382482 0.9998621 0.0091964 0.01380258 0.9998625 0.009195208 0.01380014 0.9998626 0.009189724 0.01381677 0.9998624 0.009190142 0.01381319 0.9998623 0.009203672 0.01381951 0.9998623 0.00919336 0.01381158 0.9998624 0.009195208 0.01380056 0.9998627 0.009187757 0.01384186 0.9998621 0.009185314 0.01380699 0.9998625 0.009187757 0.0138145 0.9998624 0.0091874 0.01382023 0.9998623 0.009196102 0.01380157 0.9998626 0.009180963 0.01381009 0.9998625 0.009180128 0.01382511 0.9998622 0.00919044 0.01381456 0.9998623 0.009193301 0.01381617 0.9998623 0.009195387 0.0138241 0.9998623 0.009186029 0.01382255 0.9998623 0.009184479 0.01381552 0.9998623 0.009192109 0.01381099 0.9998624 0.009195685 0.01379197 0.9998627 0.009190559 0.01380592 0.9998624 0.009194731 0.0138297 0.9998623 0.009178161 0.01382023 0.9998623 0.009192705 0.01384562 0.9998621 0.009176373 0.0138061 0.9998624 0.009192168 0.01382207 0.9998623 0.009189546 0.01381754 0.9998624 0.009193658 0.01381886 0.9998623 0.009192883 0.01381558 0.9998624 0.00919044 0.01380413 0.9998627 0.009178817 0.01382106 0.9998623 0.009188771 0.01380711 0.9998626 0.009182393 0.01380956 0.9998624 0.009188652 0.01381897 0.9998624 0.009189128 0.01382273 0.9998623 0.009188413 0.01381778 0.9998624 0.009186029 0.01384335 0.9998619 0.009203135 0.01381433 0.9998624 0.009188592 0.0138188 0.9998623 0.009191453 0.01380831 0.9998626 0.009186267 0.01381886 0.9998623 0.00919497 0.01382088 0.9998623 0.009193122 0.01381325 0.9998624 0.009190976 0.013821 0.9998623 0.009193181 0.01380532 0.9998625 0.009187877 0.01381206 0.9998625 0.009188234 0.01381742 0.9998624 0.00918883 0.01381939 0.9998624 0.009187698 0.01381403 0.9998624 0.009187161 0.01381635 0.9998624 0.009186446 0.01380193 0.9998627 0.009173452 0.01381289 0.9998625 0.009180843 0.01381134 0.9998626 0.009175658 0.01381683 0.9998624 0.009184598 0.01381307 0.9998625 0.009179532 0.01382154 0.9998623 0.009192347 0.01381874 0.9998623 0.009188711 0.0138182 0.9998624 0.009185731 0.01381528 0.9998624 0.009181916 0.0138188 0.9998624 0.009182512 0.01381778 0.9998624 0.009191274 0.01386684 0.9998611 0.009249806 0.01382231 0.9998623 0.009194135 0.01380306 0.9998627 0.009174704 0.01352292 0.9998701 0.008767068 0.01351684 0.9998704 0.008760511 0.01385957 0.9998612 0.009244143 0.01383292 0.999862 0.009208917 0.01381754 0.9998623 0.009188711 0.01383644 0.9998618 0.00921148 0.01384246 0.9998619 0.009201705 0.01382136 0.9998623 0.009186029 0.01381003 0.9998621 0.009230315 0.01381766 0.9998623 0.009191393 0.01381772 0.9998624 0.009187877 0.0138216 0.9998624 0.009176552 0.01381945 0.9998626 0.009162664 0.01381498 0.9998624 0.009190499 0.0138179 0.9998625 0.009170472 0.01381713 0.9998624 0.009185969 0.01381617 0.9998625 0.009181857 0.01381856 0.9998623 0.009187698 0.01383662 0.9998607 0.009342432 0.01384091 0.9998605 0.009349346 0.01380389 0.9998625 0.009200632 0.01383268 0.9998621 0.009204566 0.01385098 0.9998617 0.009216248 0.01383548 0.9998621 0.009179949 0.01392281 0.9998612 0.00915122 0.0138418 0.999862 0.009201645 0.01378619 0.999862 0.009279787 0.01378691 0.999862 0.009276568 0.01381665 0.9998624 0.009182214 0.01382249 0.9998624 0.009181439 0.01380556 0.9998625 0.009191215 0.01382404 0.9998626 0.009158849 0.01375544 0.9998616 0.009366273 0.01382768 0.9998627 0.009138643 0.01378285 0.9998621 0.009260416 0.01384341 0.9998628 0.009106457 0.01379114 0.9998624 0.009230315 0.01380026 0.9998624 0.009215414 -0.6136741 0.6526144 -0.4444081 -0.4392021 0.6734387 -0.5946274 -0.4071158 0.6778103 -0.6122335 -0.2248119 0.6783407 -0.6995096 -0.2721177 0.6783291 -0.6825112 -0.1337687 0.6716025 -0.7287359 -0.06142652 0.6694548 -0.7403088 -0.03694355 0.6701289 -0.7413249 0.04836422 0.6555298 -0.753619 0.09492421 0.6645452 -0.7411943 0.03839373 0.6693165 -0.7419848 -0.7013508 0.6519456 -0.2882258 -0.7372239 0.6334629 -0.2350016 -0.651936 0.6572054 -0.3782336 -0.7015723 0.6380449 -0.317325 -0.5783002 0.6644458 -0.4733718 -0.4985113 0.6709461 -0.5489242 0.5604884 0.0886377 -0.8234052 0.5365959 0.07035434 -0.8409015 0.5533243 0.09087938 -0.8279935 0.2695024 0.04159325 -0.9621012 0.1373563 0.04433941 -0.9895289 0.1358289 0.08271282 -0.9872736 0.5385741 0.03728258 -0.8417529 0.4538776 0.07483083 -0.8879164 0.4549072 0.03778696 -0.8897368 0.3692919 0.07715237 -0.9261054 0.3705355 0.03954321 -0.9279763 0.2683041 0.07845026 -0.9601347 0.00127089 0.1033208 -0.9946473 0.003187775 0.08578646 -0.9963085 0.004399418 0.04683172 -0.9988931 0.131264 0.09755444 -0.9865359 0.2320934 0.09210783 -0.9683227 0.2999298 0.09613615 -0.9491049 0.3620619 0.09144204 -0.9276582 0.4121823 0.08847665 -0.9067953 0.4655322 0.09217536 -0.880218 0.5256396 0.09073996 -0.8458542 0.3694229 0.08438646 0.9254219 0.2606051 0.08206003 0.9619518 0.2571305 0.06464803 0.964212 0.6568189 0.06459724 0.7512764 0.6346909 0.07873994 0.7687442 0.5869207 0.0783019 0.8058491 0.6329048 0.06432873 0.7715525 0.6930527 0.05920475 0.7184516 0.7568292 0.05548065 0.6512539 0.7492423 0.06693065 0.6589055 0.7571467 0.02181535 0.6528807 0.6939916 0.01885271 0.7197363 0.6425916 0.01858025 0.7659835 0.6005256 0.0246489 0.7992255 0.5575585 0.06112223 0.8278844 0.5545122 0.01933985 0.8319509 0.4916914 0.02499765 0.8704107 0.4912841 0.06030714 0.8689091 0.4157693 0.0268535 0.9090736 0.4157394 0.05977547 0.9075173 0.3371914 0.02673304 0.9410565 0.3334893 0.06454288 0.9405419 0.2518919 0.02367174 0.9674659 0.4854707 0.08133113 0.8704616 0.9901346 0.01661866 -0.1391303 0.9994624 0.0182116 -0.02726209 0.9963893 0.0192669 -0.08268773 0.997168 0.01205009 0.07423502 0.9996905 0.02367627 0.007650613 0.9650378 0.01212513 0.2618303 0.9821529 0.01191079 0.1877065 0.9905086 0.01074004 0.1370314 0.9437019 0.04616653 0.3275601 0.9455775 -4.97911e-4 0.3253967 0.8212755 -0.001474738 0.5705301 0.8732089 -0.003911495 0.4873303 0.9600656 -0.009941518 0.2795985 0.8908483 -0.007470846 0.4542394 0.86995 -0.009048819 0.493057 0.8225834 -0.009066045 0.5685722 0.9989963 -0.02589613 0.03654938 0.9992746 -0.01459306 -0.03517621 -0.01397156 -0.9998599 -0.009229719 -0.01377558 -0.9998625 -0.009241759 -0.0137946 -0.9998627 -0.009175956 -0.0138114 -0.9998626 -0.009177625 -0.01392382 -0.9998612 -0.009152829 -0.01387053 -0.9998618 -0.00916475 -0.01381611 -0.9998624 -0.009188294 -0.01381462 -0.9998624 -0.009189128 -0.01381677 -0.9998624 -0.009194493 -0.01390892 -0.9998615 -0.00914669 -0.01378118 -0.999863 -0.009181499 -0.01383787 -0.9998619 -0.009210765 -0.01380217 -0.9998626 -0.009186923 -0.01386761 -0.9998614 -0.009218215 -0.01382428 -0.9998623 -0.009181678 -0.01381415 -0.9998624 -0.009195804 -0.0137726 -0.9998631 -0.009176909 -0.01365 -0.9998643 -0.009230494 -0.01438707 -0.9998559 -0.009007096 -0.01446163 -0.9998551 -0.008984386 -0.01379925 -0.9998627 -0.009177505 -0.01382899 -0.9998623 -0.009190261 -0.01382607 -0.9998624 -0.00917375 -0.01382946 -0.9998624 -0.009174764 -0.01381337 -0.9998624 -0.009189426 -0.01384645 -0.9998621 -0.009180307 -0.0138067 -0.9998625 -0.009189605 -0.01380395 -0.9998627 -0.009172976 -0.01383769 -0.999862 -0.009192347 -0.01384449 -0.9998619 -0.009197294 0.9816281 -0.02464503 0.1892058 0.9778761 -0.01542878 0.2086156 0.9869924 -0.01511102 0.1600553 0.9869925 -0.01511108 0.1600552 0.9981918 -0.01921665 0.05695718 0.964388 -0.00364381 -0.2644667 0.9635744 -0.009745717 -0.2672631 0.9144843 -0.001107394 -0.4046199 0.9488946 0.007910966 -0.3154941 0.9643124 0.01742684 -0.2641928 0.9793451 0.01832801 -0.2013635 0.6191509 0.006210029 -0.7852475 0.6162387 0.01457571 -0.7874245 0.6872905 0.01299297 -0.7262665 0.9152048 0.005245685 -0.4029547 0.8818773 0.007792294 -0.4714148 0.8308536 0.009303689 -0.5564135 0.7583741 0.01124995 -0.6517225 0.6872563 0.004697978 -0.7263999 0.7583391 0.002996563 -0.6518535 0.8308206 0.001085519 -0.5565393 0.8818451 -4.11296e-4 -0.471539 0.3804621 -0.01392203 0.9246917 0.3960554 -0.01325899 0.9181309 0.3948786 0.007341742 0.9187041 0.9997305 -0.01075249 -0.02057725 0.6603805 0.001074373 0.7509305 0.5996002 -0.01568633 0.800146 0.8971445 -0.01450753 0.441499 0.8289632 -0.01141488 0.5591866 0.9985586 -0.008854866 0.05293804 0.9929217 -0.00430876 -0.1186926 0.9975054 -0.007643878 0.07017701 0.9598062 -0.009212911 0.2805127 0.943638 0.001317143 0.3309766 0.8260425 0.08318793 0.5574348 0.5101118 0.08949643 0.8554394 -0.1815209 -0.006528615 0.9833655 -0.1815242 -0.006528556 0.9833649 -0.1691784 -0.00487554 0.9855735 -0.2519749 -0.008148014 0.9676995 -0.1936762 -0.006339669 0.981045 -0.3072103 -0.004500269 0.9516311 0.3485949 -0.01252508 0.9371898 0.1721342 -0.002245664 0.9850711 0.116599 -0.0107361 0.9931212 -0.09291511 -0.007243216 0.9956477 -0.7519443 0.07389599 -0.6550719 -0.7524847 0.0474227 -0.6569001 -0.8543266 0.05368715 -0.5169562 -0.9486179 0.0627762 -0.3101345 -0.9543701 0.07604324 -0.2887825 -0.9019554 0.0567646 -0.4280822 -0.9190763 0.07506537 -0.3868642 -0.8681551 0.08507829 -0.4889462 -0.7736229 0.1023412 -0.6253272 -0.6476463 0.092817 -0.7562667 -0.6727042 0.1058241 -0.7323049 -0.5118787 0.06160932 -0.8568458 0.1858079 0.01415252 0.9824842 0.1762147 0.06401354 0.9822681 0.1268168 0.0307877 0.9914482 0.08923977 0.06637924 0.9937958 -0.01087808 0.06747877 0.9976614 0.02307653 0.03335857 0.999177 0.07999652 0.0299561 0.9963449 -0.1545682 0.07261383 0.9853101 -0.1557011 0.03526705 0.9871745 -0.0954703 0.07265073 0.9927777 -0.09464406 0.03429353 0.9949203 -0.03157109 0.03191423 0.9989919 0.1644617 0.08381789 0.9828158 0.08983945 0.07721954 0.9929583 -0.1509469 0.089944 0.9844415 -0.07596272 0.08198666 0.9937343 -0.02294772 0.08282071 0.9963002 0.04382485 0.0675373 0.9967539 0.7673819 0.00213319 0.641187 0.605717 -0.007398009 0.7956459 0.7062147 3.39482e-4 0.7079977 0.494938 -0.002083659 0.8689258 0.4149779 0.002487897 0.9098281 0.3420844 0.003389 0.9396632 0.2429354 0.004095017 0.9700338 0.7677195 -0.008960008 0.6407235 0.7029003 -0.008700191 0.7112352 0.6049128 -0.008083224 0.7962507 0.49782 -0.007195293 0.8672506 0.415417 -0.00640285 0.9096087 0.3415136 -0.005605876 0.9398602 0.2428964 -0.004457771 0.9700421 0.004722177 0.02548944 -0.999664 0.1377884 0.02331519 -0.9901873 0.2699128 0.02101832 -0.9626554 0.3708127 0.01922392 -0.9285088 0.4551205 0.01762795 -0.8902553 0.5378288 0.01346313 -0.8429467 -0.08339899 0.08775299 -0.992645 -0.08304399 0.04832637 -0.9953735 -0.09853935 0.08850187 -0.9911899 -0.09915721 0.04869067 -0.9938799 -0.0399214 0.0880708 -0.995314 -0.04027467 0.04845142 -0.9980133 0.0725854 0.08639919 -0.9936129 0.06959217 0.04809129 -0.9964157 -0.08441036 0.1056716 -0.9908121 -0.09824377 0.10687 -0.9894075 -0.03890872 0.1067352 -0.9935259 0.07321602 0.1049008 -0.9917839 0.05003255 0.02379018 -0.9984643 0.0476942 0.01943445 -0.9986729 -0.04151874 0.02664375 -0.9987824 -0.09947627 0.02728188 -0.9946659 -0.08302754 0.0268833 -0.9961846 0.1731581 0.05080705 -0.9835828 0.1882827 0.08246308 -0.9786468 0.2318409 0.04981631 -0.9714773 0.2790558 0.08119875 -0.9568358 0.2791149 0.05776512 -0.9585187 0.3439609 0.04955822 -0.9376754 0.3456462 0.08150482 -0.9348186 0.4074012 0.04561263 -0.9121095 0.4065044 0.08091211 -0.910059 0.1894159 0.1024017 -0.9765426 0.2774416 0.1008327 -0.9554365 0.3447485 0.1001167 -0.9333409 0.4055432 0.09946328 -0.9086484 0.4093555 0.01887375 -0.9121797 0.4107246 0.01082885 -0.9116951 0.3602341 0.01690661 -0.9327088 0.3084611 0.01382243 -0.9511365 0.2182895 0.02607417 -0.9755357 0.1227754 0.02369284 -0.9921516 0.3604761 0.01167553 -0.9326954 0.3031085 0.0126298 -0.9528724 0.2157495 0.01406842 -0.9763474 0.1239601 0.01553779 -0.9921656 0.4356961 0.08073145 -0.8964661 0.4352991 0.04116171 -0.8993445 0.4078003 0.08073318 -0.909495 0.4079914 0.04123163 -0.9120543 0.3447273 0.08207809 -0.9351077 0.3489758 0.04605001 -0.9359996 0.4354504 0.09939038 -0.8947092 0.4083374 0.09959495 -0.9073817 0.3447507 0.099716 -0.933383 -0.005251407 0.08834725 -0.9960759 -0.06720858 0.03170126 -0.9972353 -0.0990833 0.0400747 -0.9942719 0.07267475 0.05021208 -0.996091 0.07613801 0.08236974 -0.9936892 0.1302533 0.05003929 -0.9902172 0.1784053 0.08281296 -0.9804661 0.1822408 0.0433247 -0.982299 0.2307072 0.04678004 -0.9718981 0.2660591 0.08313471 -0.9603651 0.2623451 0.04268139 -0.9640299 0.2979671 0.04757493 -0.9533899 -0.0924943 0.1057031 -0.9900867 -0.08331954 0.09369897 -0.9921081 -0.1374606 0.04858934 -0.9893148 -0.006375193 0.1015158 -0.9948136 -0.0623117 0.02518665 -0.997739 0.06591761 0.1002514 -0.9927762 0.1250153 0.09507632 -0.9875888 0.1856051 0.09522414 -0.9779995 0.2795939 0.09934425 -0.9549649 0.2257829 0.08867108 -0.9701338 -0.6213009 0.060795 -0.7812101 -0.6362904 0.1188457 -0.7622403 -0.5796717 0.05997049 -0.8126403 -0.5674195 0.1287432 -0.8133022 -0.5379839 0.06799292 -0.8402085 -0.2877976 0.1283779 -0.9490478 -0.3338769 0.06288254 -0.940517 -0.3780195 0.08752125 -0.9216514 -0.4449054 0.1352868 -0.8853004 -0.4243133 0.06836795 -0.9029308 -0.4680439 0.07658761 -0.8803802 -0.487006 0.127397 -0.8640574 -0.2829483 0.05987185 -0.9572647 -0.1870567 0.1130322 -0.9758245 -0.2315551 0.06172609 -0.9708616 -0.1837414 0.05901879 -0.9812012 -0.6540574 0.0668227 -0.7534877 -0.6677533 0.06773436 -0.7412946 -0.6815879 0.06620019 -0.7287356 -0.6874324 0.06019991 -0.7237491 -0.7057714 0.04178571 -0.7072063 -0.7032524 0.06151604 -0.7082738 -0.6464489 0.1160761 -0.7540757 -0.6999457 0.06383258 -0.7113378 -0.7256075 0.04594302 -0.6865735 0.07686901 0.02485615 -0.9967314 -0.05813568 0.01157587 -0.9982416 -0.05874896 0.01593613 -0.9981456 0.07780784 0.01576882 -0.9968438 -0.05759572 0.01119327 -0.9982773 0.290309 0.0207414 -0.9567081 0.2272979 0.01975083 -0.9736251 0.1423058 0.0203163 -0.9896143 0.3531413 0.01879245 -0.9353813 0.1449328 0.01488459 -0.9893296 0.2246534 0.01375752 -0.9743416 0.2897571 0.01277476 -0.957015 0.3508083 0.01460218 -0.9363335 -0.01352274 -0.9998666 -0.009170293 -0.01327198 -0.99987 -0.009161233 -0.01386237 -0.9998615 -0.00920999 -0.01378494 -0.9998616 -0.009319424 -0.01380842 -0.999862 -0.009235382 -0.01381337 -0.9998623 -0.009208142 -0.01379489 -0.999862 -0.009264707 -0.01382023 -0.9998623 -0.009186148 -0.0138176 -0.9998624 -0.009184658 -0.01382088 -0.9998623 -0.009191155 -0.01381617 -0.9998623 -0.009192883 -0.01378577 -0.9998627 -0.00919485 -0.01381552 -0.9998624 -0.00919038 -0.01379823 -0.9998626 -0.009191215 -0.01381504 -0.9998624 -0.009186744 -0.01381051 -0.9998625 -0.009182274 -0.01380318 -0.9998627 -0.009179234 -0.01381826 -0.9998627 -0.009156882 -0.01381593 -0.9998624 -0.009179294 -0.01381623 -0.9998623 -0.009193062 -0.01384061 -0.999862 -0.009191572 -0.01382184 -0.9998623 -0.009184956 -0.01376622 -0.9998633 -0.009171187 -0.01385456 -0.999862 -0.009183943 -0.0138238 -0.999862 -0.00922054 -0.01381868 -0.9998623 -0.009191274 -0.01370704 -0.9998637 -0.009209692 -0.01447874 -0.9998502 -0.009499669 -0.01423609 -0.9998543 -0.009425699 -0.01380872 -0.9998626 -0.009186863 -0.01381665 -0.9998624 -0.009185492 -0.01381766 -0.9998624 -0.009185314 -0.01381683 -0.9998624 -0.009187757 -0.01381379 -0.9998624 -0.009193122 -0.01381242 -0.9998623 -0.009195089 -0.01381927 -0.9998623 -0.009192109 -0.01389688 -0.9998611 -0.009211122 -0.01381933 -0.9998624 -0.009186029 -0.01381874 -0.9998624 -0.009190082 -0.01381593 -0.9998624 -0.00919038 -0.01381397 -0.9998624 -0.009193003 -0.01381176 -0.9998624 -0.009192526 -0.01381033 -0.9998624 -0.009190976 -0.01381313 -0.9998624 -0.009189784 -0.01381856 -0.9998624 -0.009190082 -0.01381611 -0.9998623 -0.009195625 -0.01379722 -0.9998626 -0.009193837 -0.01380831 -0.9998625 -0.009189426 -0.01381677 -0.9998623 -0.009186983 0.9965431 -0.01452213 0.08179926 0.9965431 -0.01452201 0.08179926 0.9979007 -0.01320666 -0.06340211 0.9979008 -0.01320642 -0.06340205 0.9670368 -0.01102501 -0.2543979 0.9670368 -0.01102453 -0.2543979 0.8999704 -0.008430361 -0.4358698 0.8999704 -0.008430004 -0.4358695 0.7992117 -0.005519807 -0.6010245 0.7992118 -0.005519926 -0.6010242 0.6685327 -0.002403438 -0.7436789 0.6685327 -0.002403557 -0.7436789 0.512827 8.03236e-4 -0.8584916 0.5128265 8.03244e-4 -0.8584919 0.3379222 0.003979623 -0.9411658 0.3379221 0.003979563 -0.9411658 0.1503658 0.007007122 -0.9886057 0.1503667 0.0070073 -0.9886056 -0.04281866 0.009772777 -0.9990351 -0.0428183 0.009772896 -0.9990351 -0.2344003 0.01217228 -0.972064 -0.2344 0.01217216 -0.972064 -0.417207 0.01411569 -0.9087018 -0.4168027 0.0144602 -0.908882 -0.4533489 0.01470732 -0.8912118 -0.5497606 0.01577788 -0.8351734 -0.4596753 0.01451206 -0.8879685 0.1915678 0.006372332 -0.9814587 0.1382969 0.007190525 -0.9903647 0.1383002 0.007190167 -0.9903643 0.2160057 0.005969107 -0.9763739 0.2159988 0.005987107 -0.9763753 0.1131606 0.006109297 -0.993558 0.2159975 0.005987882 -0.9763756 0.2159972 0.005987763 -0.9763756 0.2159981 0.005987942 -0.9763755 0.3021962 0.004584074 -0.9532347 0.2898876 0.004789292 -0.9570487 0.2159988 0.005988299 -0.9763753 0.2159938 0.005989968 -0.9763764 0.2159982 0.005988478 -0.9763754 0.2159963 0.005989253 -0.9763758 -0.01387983 -0.9998615 -0.009189188 -0.01383137 -0.9998622 -0.009189724 -0.01381176 -0.9998624 -0.009191155 -0.01381802 -0.9998623 -0.009190142 -0.01381826 -0.9998623 -0.009187042 -0.01381492 -0.9998623 -0.009195804 -0.01383668 -0.999862 -0.009203553 -0.01384443 -0.9998617 -0.009212672 -0.0138179 -0.9998624 -0.009186625 -0.01376736 -0.999863 -0.009204745 -0.01381671 -0.9998624 -0.00918883 -0.01381379 -0.9998624 -0.009189248 -0.01382076 -0.9998623 -0.009191334 -0.01381695 -0.9998624 -0.009191751 -0.0138309 -0.9998621 -0.009198069 -0.01377481 -0.9998632 -0.009167432 -0.01382821 -0.9998621 -0.009195566 -0.01382237 -0.9998623 -0.009190201 -0.01380646 -0.9998625 -0.009188652 -0.01382446 -0.9998624 -0.009180903 -0.01382231 -0.9998624 -0.009183406 -0.01381874 -0.9998624 -0.009187161 -0.01385921 -0.9998619 -0.0091753 -0.01384645 -0.999862 -0.009178996 -0.01381415 -0.9998623 -0.009191989 -0.01381731 -0.9998624 -0.009188175 -0.01381295 -0.9998624 -0.009189546 -0.0138204 -0.9998624 -0.009170532 -0.01381677 -0.9998623 -0.009189963 -0.01381498 -0.9998625 -0.009184837 -0.01381599 -0.9998624 -0.009190261 -0.01381874 -0.9998623 -0.009192764 -0.01368784 -0.9998643 -0.009179234 -0.01383125 -0.9998621 -0.009193718 -0.01380509 -0.9998626 -0.009183526 -0.01386165 -0.9998617 -0.009188354 -0.01395529 -0.9998598 -0.009258806 -0.0138331 -0.9998621 -0.00919789 -0.01387876 -0.9998613 -0.009215414 -0.01389491 -0.9998611 -0.0092206 -0.01381564 -0.9998624 -0.009194731 -0.01381319 -0.9998624 -0.009191393 -0.01382154 -0.9998624 -0.009184181 -0.01382094 -0.9998623 -0.009192645 -0.01381397 -0.9998624 -0.00918442 -0.0138145 -0.9998625 -0.009184241 -0.01381611 -0.9998624 -0.00918591 -0.01381283 -0.9998624 -0.009200215 -0.01381915 -0.9998623 -0.009196341 -0.01394581 -0.9998609 -0.009158849 -0.01383149 -0.9998631 -0.00909394 -0.01381886 -0.9998624 -0.009184956 -0.01381462 -0.9998626 -0.009166598 -0.01381492 -0.9998624 -0.009181201 -0.01370835 -0.999865 -0.009069561 -0.01376694 -0.9998636 -0.009127616 -0.01380217 -0.9998627 -0.009181678 -0.01380962 -0.9998624 -0.009188652 -0.01379209 -0.9998637 -0.009082138 -0.01382189 -0.9998624 -0.009180605 -0.01387035 -0.9998623 -0.00911957 -0.0138334 -0.9998623 -0.009181559 -0.01388376 -0.9998616 -0.009176731 -0.01381641 -0.9998623 -0.00918889 -0.0138176 -0.9998624 -0.009187817 -0.01381325 -0.9998624 -0.009191274 -0.01381385 -0.9998624 -0.009191453 -0.01381361 -0.9998624 -0.009187459 -0.01381796 -0.9998624 -0.009185612 -0.01382744 -0.9998623 -0.009182512 -0.01382517 -0.9998624 -0.009180963 -0.01382046 -0.9998624 -0.009185075 -0.01385998 -0.999861 -0.009283423 -0.01383417 -0.9998615 -0.009247422 -0.0138092 -0.9998625 -0.009193837 -0.01380693 -0.9998625 -0.009191513 -0.01380151 -0.9998626 -0.009180605 -0.01381015 -0.9998625 -0.009186625 0.0217936 0.008829891 -0.9997236 -0.2027575 0.01031816 -0.9791746 -0.2086735 0.01187056 -0.9779133 -0.1216469 -0.007440507 0.9925456 -0.1216427 -0.00744009 0.9925461 -0.1057342 -0.007676839 0.9943648 -0.1057336 -0.007676839 0.9943649 -0.002899944 -0.009149074 0.9999541 -0.002903521 -0.009149253 0.9999539 -0.2266342 -0.005818665 0.9739627 -0.226635 -0.005818605 0.9739624 0.9784458 -0.01418745 0.2060161 0.9455209 -0.0181806 0.3250535 0.9523181 -0.01715564 0.3046242 0.9587438 -0.018884 0.283644 0.9931224 -0.01072275 0.1165887 0.9950203 -0.01006197 0.09916418 0.9941819 -0.01471781 0.1067045 0.8660523 -0.01778328 0.4996371 0.8685269 -0.01655417 0.4953656 0.9976646 -0.01068556 0.06746244 0.9998018 -0.01394617 0.0142163 -0.3472936 0.0682407 -0.9352703 -0.2361721 0.02864092 -0.971289 7.37862e-4 0.01185733 -0.9999295 -0.0367946 0.02191007 -0.9990827 -0.0508362 0.01800191 -0.9985448 -0.4006352 0.05069696 -0.914834 -0.01626408 0.04078078 -0.9990358 -0.2081345 0.05198878 -0.9767176 -0.5651221 0.03970617 -0.8240514 -0.3722034 0.02882999 -0.9277034 -0.2803199 0.02243733 -0.9596444 -0.9388878 0.02791488 -0.3430895 -0.781879 0.02826732 -0.6227891 -0.7788139 0.0215798 -0.6268838 -0.8987842 0.02738475 -0.4375353 -0.9414222 0.02562284 -0.3362554 0.5458266 -0.002775311 -0.8378936 0.5496931 -0.003963589 -0.8353573 0.6257776 -0.00405997 -0.779991 0.9615246 -0.01068562 -0.2745112 0.993293 -0.009338736 -0.1152472 0.9062117 -0.0109415 -0.422683 0.8310147 -0.006433367 -0.5562133 0.6610903 -0.004225134 -0.7502946 0.5175201 -2.68665e-4 -0.8556711 0.5255979 4.23856e-4 -0.8507331 -0.3105769 0.0152592 -0.9504259 -0.5051423 0.01818525 -0.8628446 -0.5043709 0.02148795 -0.8632197 -0.3031927 0.01407784 -0.9528254 -0.9993835 0.01410526 -0.03215324 -0.9993835 0.01410502 -0.03215306 -0.9808022 0.01533937 -0.1944012 -0.9678853 0.01991122 -0.2506028 -0.4995766 -0.001057446 0.8662692 -0.4995779 -0.001057565 0.8662685 -0.793016 0.005359828 0.6091773 -0.7930233 0.005359947 0.6091678 -0.9657216 0.01096099 0.259349 -0.965724 0.01096123 0.2593396 -0.2744374 0.004900157 -0.9615925 -0.4634308 0.01018488 -0.8860746 -0.6613796 0.01352548 -0.7499295 -0.7147238 0.01630198 -0.6992168 -0.6305513 0.0113396 -0.7760647 -0.4649937 0.6939784 -0.5497044 -0.3611365 0.7066525 -0.6084593 -0.3015894 0.7118809 -0.6342472 -0.1895896 0.710959 -0.677195 -0.2351801 0.7138235 -0.6596562 -0.1590189 0.7104383 -0.6855585 -0.1587542 0.7130084 -0.6829467 -0.4662588 0.697842 -0.5437089 -0.4335394 0.7022948 -0.5646464 -0.3750239 0.7098826 -0.5961744 0.08348107 0.6622264 -0.7446389 0.07487565 0.68009 -0.7292951 0.08549523 0.6866527 -0.7219409 0.03700554 0.6913062 -0.7216137 -0.02664285 0.6995733 -0.714064 -0.003466427 0.6995637 -0.7145619 -0.07872313 0.7033123 -0.7065087 -0.04928535 0.01166903 -0.9987166 -0.05389565 0.006035625 -0.9985284 -0.005704879 0.009268939 -0.9999409 0.03985846 0.008631527 -0.999168 0.06931781 0.008209645 -0.9975609 0.06932353 0.008208274 -0.9975605 0.06932187 0.008209884 -0.9975606 0.06932002 0.008209943 -0.9975607 0.06931781 0.008212387 -0.9975609 0.06931835 0.00821197 -0.9975608 -0.5708731 0.01551109 -0.8208919 -0.3986992 0.01760405 -0.9169128 -0.3910751 0.01386046 -0.9202544 -0.1924551 0.01175016 -0.9812355 -0.1607833 0.01093876 -0.9869291 -0.3894842 0.00782603 -0.921 -0.3691666 0.01364094 -0.9292631 -0.5739197 0.01708245 -0.8187335 -0.6585632 0.01377403 -0.7523993 -0.8250892 0.02296173 -0.5645357 -0.9209585 0.01666837 -0.3893043 -0.807185 0.0165764 -0.5900658 0.4069095 0.01964366 -0.9132573 0.4345353 0.0181151 -0.9004727 -0.9808917 0.08175659 -0.1765428 -0.9761773 0.07654076 0.2030258 -0.9701403 0.09875404 0.2215299 -0.9863443 0.08627903 0.1402887 -0.9753326 0.05026721 0.2149409 -0.9941747 0.08176434 0.0702244 -0.9936404 0.05866622 0.09610962 -0.9872302 0.0441035 0.1530734 -0.993994 0.08401411 -0.07012569 -0.9978405 0.05896878 -0.02893239 -0.9966529 0.08158063 0.005258977 -0.9984495 0.05443716 0.01163667 -0.9971253 0.05470466 0.05242699 -0.9779414 0.05732852 -0.2008588 -0.9896531 0.05923926 -0.1306818 -0.9957495 0.05511415 -0.07379353 -0.9785708 0.01895606 0.2050368 -0.978356 0.02710354 0.2051463 -0.9954521 0.02248531 0.09257262 -0.9994105 0.02284187 -0.02562928 -0.989606 0.02353966 -0.1418653 -0.9677386 0.03004932 -0.2501584 -0.9955601 0.02011018 0.09195566 -0.9994236 0.0211066 -0.02658873 -0.9895002 0.02184605 -0.1428712 -0.9683768 0.0223124 -0.2484928 -0.9493074 0.07963609 0.3040947 -0.6024484 0.04317826 0.7969892 -0.5999237 0.07398641 0.7966288 -0.6795336 0.0402351 0.7325403 -0.6753089 0.07584679 0.7336247 -0.744032 0.04005652 0.6669422 -0.7420324 0.07736784 0.6658845 -0.7875884 0.0443167 0.614606 -0.7979919 0.08058571 0.5972562 -0.8172497 0.04188996 0.5747594 -0.8455082 0.08439296 0.5272513 -0.8422786 0.03133934 0.5381308 -0.8725162 0.04753625 0.4862675 -0.8867595 0.08746153 0.4538811 -0.8961799 0.04258745 0.4416424 -0.9215119 0.04493838 0.3857414 -0.9195434 0.08070278 0.3846129 -0.9514218 0.05156064 0.3035424 -0.8962176 0.08306574 0.4357687 -0.867106 0.08242893 0.4912564 -0.8291198 0.08619987 0.5523859 -0.7857027 0.08914047 0.6121482 -0.7363826 0.09149932 0.6703496 -0.6759803 0.09338605 0.7309786 -0.6023602 0.09303456 0.7927842 -0.9264368 0.09858638 0.3633123 -0.9550999 0.09770035 0.2797119 -0.9432381 0.09806287 0.31731 -0.1991015 0.07287192 0.9772658 -0.2001636 0.03245222 0.979225 -0.2005852 0.07271486 0.976974 -0.2019972 0.03298646 0.9788305 -0.1984726 0.0916264 0.9758142 -0.2002875 0.09159266 0.9754464 -0.1552509 0.01020491 0.9878224 -0.08525747 0.008158802 0.9963256 0.1202827 0.001143634 0.992739 0.006662607 0.004412651 0.9999682 0.1207138 -0.002879261 0.9926832 0.00591582 -0.001277685 0.9999817 -0.08463943 9.3672e-5 0.9964117 -0.154724 0.001199483 0.9879571 -0.6039687 0.008705735 0.7969605 -0.6048318 0.01865905 0.7961347 -0.6622573 0.02310842 0.7489201 -0.8063948 0.01861602 0.5910845 -0.722134 0.02393513 0.6913391 -0.8769984 0.01713293 0.4801878 -0.928748 0.02211922 0.3700514 -0.9568473 0.02583581 0.2894403 -0.6619867 0.009912908 0.7494501 -0.7273364 0.01135957 0.6861872 -0.8048915 0.01322251 0.5932747 -0.8775138 0.01520711 0.4793103 -0.9281142 0.01681905 0.3719156 -0.9568279 0.01792687 0.2901021 -0.2324011 0.03632056 0.9719417 -0.1802865 0.03219413 0.9830872 -0.2021822 0.07067525 0.9767944 -0.1258162 0.03433454 0.9914593 -0.1231089 0.07013297 0.9899119 -0.2828264 0.03436321 0.9585554 -0.293422 0.07059252 0.9533731 -0.330684 0.03314995 0.9431592 -0.3698737 0.07403188 0.9261278 -0.4389991 0.07446932 0.8953961 -0.4165037 0.03867763 0.908311 -0.3650431 0.02144229 0.9307438 -0.518578 0.0713486 0.8520484 -0.516941 0.03696101 0.8552228 -0.4595592 0.03568601 0.8874299 -0.1176037 0.08298951 0.9895868 -0.1490744 0.07191771 0.9862073 -0.2058394 0.08108532 0.9752206 -0.5337454 0.09203648 0.840622 -0.4577797 0.09574228 0.8838956 -0.363792 0.0915687 0.9269685 -0.3017119 0.08724892 0.9493986 -0.2386624 0.06462371 0.96895 -0.1601713 0.09092611 0.9828925 -0.1607536 0.07220578 0.9843499 -0.1183637 0.09031099 0.9888549 -0.1187821 0.07161039 0.9903347 -0.06965196 0.08960318 0.9935391 -0.06995779 0.07091438 0.9950262 -0.1617245 0.03182643 0.9863226 -0.1195802 0.03121215 0.9923338 -0.07067131 0.03050702 0.9970331 -0.2030349 0.009542167 0.979125 -0.2005928 0.0107944 0.9796153 -0.5323509 0.014481 0.8464 -0.2147302 0.009233534 0.9766298 -0.1273155 0.009664952 0.9918152 -0.1286632 7.13903e-4 0.9916882 -0.3176647 0.01118683 0.9481372 -0.4296457 0.009447276 0.9029482 -0.2142174 0.001909911 0.9767842 -0.3174644 0.003503322 0.9482637 -0.429782 0.005402863 0.9029166 -0.5309838 0.007254719 0.847351 -0.06744772 0.07011216 0.9952564 -0.06789839 0.03099536 0.9972108 -0.04340636 0.07025945 0.9965839 -0.04431927 0.03002482 0.9985662 -0.0663253 0.08839797 0.9938747 -0.04279732 0.08881855 0.995128 -0.1621285 0.0101813 0.9867172 -0.1199331 0.009557187 0.992736 -0.07100892 0.008836269 0.9974367 -0.04472196 0.008377552 0.9989644 -0.06761467 0.006926774 0.9976875 0.7704259 -0.022879 0.6371189 0.7034998 -0.01736593 0.7104833 0.688679 -0.01563102 0.7248979 -0.7364537 0.004229903 0.6764748 -0.7425789 0.003018677 0.6697519 -0.805459 0.002049982 0.592648 0.8018205 -0.01339256 0.5974151 0.8292068 -0.007451951 0.5588922 0.7540622 0.02654963 0.6562662 0.7177919 -0.003801941 0.6962474 0.8245261 -0.01659256 0.5655807 0.8587874 0.02388083 0.5117753 0.9050883 0.001181125 0.4252222 0.8691477 0.04506617 0.492495 0.8872607 0.009027004 0.46118 0.9264445 -0.01192378 0.3762426 0.9440284 -0.002943694 0.329851 0.9195472 -0.01335734 0.3927528 0.9060087 -0.01521748 0.4229854 0.9357295 -0.01617193 0.3523477 0.9549483 0.006469011 0.296702 0.9833376 -0.03701519 0.1779807 0.9689558 0.02674305 0.2457834 0.9954437 -0.01620048 0.0939666 0.990565 -0.01494133 0.1362273 0.9983907 -0.004879772 0.0564987 0.9984577 -0.01171952 -0.05426734 0.9995853 -0.001164972 -0.02877146 0.9883035 -3.55931e-4 -0.1525002 0.9934552 -0.009930133 -0.1137896 0.9874424 -0.01220154 -0.1575072 0.9750806 0.02241408 -0.2207164 0.9522296 -0.004620909 -0.3053482 0.9565334 -0.004633188 -0.2915864 0.920305 4.20624e-4 -0.3912015 0.9252625 -0.009303808 -0.3792136 0.8892278 0.02251577 -0.4569104 0.8496602 0.002469778 -0.527325 0.8498133 -0.005221784 -0.5270582 0.7867666 -0.006238877 -0.6172191 0.8129053 -0.005822598 -0.5823669 0.7775598 0.007145047 -0.6287684 0.6989724 0.007239282 -0.715112 0.7589614 0.0683192 -0.6475415 0.6845604 -0.003416657 -0.7289482 0.6112708 0.003496944 -0.7914138 0.6386712 -0.001757442 -0.7694778 0.5927499 0.01278668 -0.8052851 0.5028731 0.01207619 -0.864276 -0.2521157 0.04172587 -0.9667972 -0.3197001 0.0215823 -0.947273 -0.1505271 0.05856329 -0.9868698 -0.2397046 -0.04289609 -0.9698978 -0.09232187 0.02056777 -0.9955168 -0.09373039 0.01406347 -0.9954984 0.009482383 0.002915918 -0.9999508 0.04250538 -9.59949e-4 -0.9990958 0.1699844 0.002418875 -0.9854438 0.1679728 -0.001908123 -0.9857898 0.3291124 0.04155486 -0.943376 0.2558534 -0.0305742 -0.966232 0.3957423 0.01162749 -0.9182881 0.393994 0.00513792 -0.9190987 0.4764565 8.93565e-4 -0.8791976 0.5671725 0.05405813 -0.8218231 -0.3222834 0.01314997 -0.946552 -0.3684368 0.03047257 -0.9291533 -0.449257 0.02705472 -0.8929928 -0.4003815 0.03744989 -0.9155831 -0.4805494 0.01832842 -0.8767762 -0.5575143 0.01973605 -0.8299328 -0.5261973 0.01772981 -0.8501777 -0.5723538 0.02281481 -0.8196893 -0.6692422 -0.01817196 -0.7428222 -0.6176905 0.039303 -0.7854385 -0.7359759 0.008810043 -0.6769505 -0.7402637 -0.001334011 -0.6723155 -0.8177247 -0.05927944 -0.5725489 -0.8861318 -0.01948785 -0.4630233 -0.8842937 0.01651 -0.4666392 -0.9998466 0.001203536 -0.01747226 -0.9843271 -0.1611508 -0.07162797 -0.9683505 -0.002027988 -0.2495864 -0.9656673 -0.003758251 -0.2597548 -0.9356981 -0.1682254 -0.3101117 -0.9990509 0.01417714 -0.04118967 -0.9983212 0.02659654 0.05145454 -0.9864062 -0.03605854 0.1603206 -0.9952211 0.03180199 0.09232372 -0.9667989 0.01480489 0.2551091 -0.9819364 0.04806113 0.1830061 -0.9598241 0.01180553 0.2803542 -0.9255214 0.006536483 0.3786389 -0.9305 0.01718008 0.3658888 -0.8727824 0.01528871 0.4878701 -0.9022973 0.04381567 0.4288822 -0.8702932 0.007501721 0.4924771 0.595488 -0.01427936 0.8032373 0.4413657 -0.009707629 0.8972749 0.4787973 -0.00869894 0.8778824 0.5463675 -0.007709145 0.8375101 0.6195448 -0.01569521 0.7848045 0.6616757 -0.01603263 0.7496187 0.1527779 -0.007949113 0.9882286 0.2358161 -0.01263535 0.9717156 0.2675715 -0.008950293 0.9634965 0.3311865 -0.01299011 0.9434759 0.4181956 -0.01414346 0.9082469 -0.3417587 -0.006113469 0.9397678 -0.2453072 -0.005554556 0.9694296 -0.2162143 -0.003048717 0.9763412 -0.1610054 -0.006422936 0.9869327 -0.091461 -0.005020081 0.995796 -0.03740489 -0.009644091 0.9992538 0.02662545 -0.006551623 0.999624 0.09671938 -0.01071703 0.995254 0.1790407 -0.01140433 0.9837756 -0.5500946 9.43251e-4 0.8351019 -0.4664245 -0.004187524 0.8845511 -0.4445476 -0.002465426 0.8957518 -0.331943 -0.004081726 0.9432906 -0.8416721 0.02282345 0.5395067 -0.806788 0.02074486 0.5904769 -0.7677484 0.01122826 0.6406531 -0.7144826 0.003041744 0.6996467 -0.6488986 0.002992391 0.7608691 -0.6394619 0.001497983 0.7688215 -0.5553687 3.20474e-5 0.8316043 -0.4655764 0.01456618 -0.8848879 -0.3664814 0.0120058 -0.930348 -0.4314758 0.002990961 -0.9021196 -0.2192726 -0.003352224 -0.9756579 -0.1765586 0.01148509 -0.9842231 0.02002531 0.006585657 -0.9997779 0.2157109 -0.01222598 -0.9763807 0.2159993 0.005987823 -0.9763752 0.4034931 5.07185e-4 -0.9149826 0.6099024 -0.01649564 -0.792305 0.7954093 -0.005421996 -0.6060486 0.7714168 -0.01607668 -0.6361271 0.7246826 -0.005290508 -0.6890626 0.5752471 -4.32041e-4 -0.8179796 -0.01383119 -0.999862 -0.009206116 -0.01383179 -0.9998619 -0.009211301 -0.01381826 -0.9998623 -0.009192943 -0.01381456 -0.9998624 -0.009183704 -0.01381963 -0.9998623 -0.00919342 -0.01380652 -0.9998627 -0.009177148 -0.01381379 -0.9998623 -0.0091964 -0.01381647 -0.9998623 -0.009198486 -0.0138123 -0.9998624 -0.009189188 -0.01380974 -0.9998624 -0.009186923 -0.01381146 -0.9998623 -0.009202003 -0.01380866 -0.9998623 -0.009203314 -0.01368594 -0.9998651 -0.009097695 -0.01381593 -0.9998624 -0.009180903 -0.01382058 -0.9998623 -0.009197771 -0.01380866 -0.9998625 -0.009193003 -0.01380789 -0.9998624 -0.009189009 -0.01381999 -0.9998623 -0.009187877 -0.01382434 -0.9998623 -0.00919038 -0.01381349 -0.9998624 -0.009193778 -0.01380825 -0.9998625 -0.00919491 -0.01381266 -0.9998625 -0.009187519 -0.01410365 -0.9998708 -0.007718443 -0.01401901 -0.9998686 -0.008146047 -0.01381498 -0.9998626 -0.009171843 -0.01381397 -0.9998625 -0.009178996 -0.01383733 -0.9998621 -0.009198129 -0.01381856 -0.9998624 -0.009190917 -0.01382195 -0.9998623 -0.009182214 -0.01381736 -0.9998624 -0.00917977 -0.01381075 -0.9998625 -0.009178936 -0.01381468 -0.9998624 -0.009180188 -0.0138027 -0.9998626 -0.009187996 0.1716273 0.006681084 -0.9851394 0.1716313 0.006681799 -0.9851387 0.6411704 -0.001807749 -0.7673965 0.6411706 -0.001807212 -0.7673963 0.9389055 -0.009812176 -0.3440352 0.9389047 -0.009811758 -0.3440376 0.9959202 -0.01294106 -0.08930617 0.9959203 -0.01294022 -0.08930647 0.9070782 -0.01639938 0.4206427 0.9070779 -0.01639986 0.4206432 0.9070781 -0.0163995 0.4206429 0.907078 -0.01639997 0.4206433 0.5751826 -0.01546347 0.817879 0.5751838 -0.01546388 0.8178782 0.3438936 -0.01338016 0.9389134 0.3438937 -0.01338028 0.9389132 -0.1716278 -0.006681978 0.9851392 -0.1716309 -0.006680965 0.9851387 -0.4207329 -0.002523303 0.9071812 -0.4207373 -0.002521514 0.907179 -0.817908 0.006017446 0.5753177 -0.8179042 0.006014585 0.5753229 -0.8179071 0.00601679 0.5753189 -0.8179035 0.006013929 0.5753242 -0.9959202 0.01294124 0.08930665 -0.9959209 0.01294416 0.08929783 -0.985065 0.01518964 -0.1715121 -0.9850638 0.01519107 -0.1715185 -0.9070782 0.01640218 -0.4206426 -0.9070785 0.016402 -0.4206421 -0.5751837 0.01546663 -0.8178782 -0.5751884 0.01546442 -0.8178748 -0.5751848 0.01546615 -0.8178774 -0.5751895 0.01546394 -0.817874 -0.08917313 0.01038467 -0.995962 -0.08917218 0.01038515 -0.9959621 0.5169227 0.01033067 -0.8559698 0.3661043 0.01463931 -0.9304587 0.6447505 0.01680254 -0.7642086 0.1719067 0.03149253 -0.9846098 0.8997009 -0.004694521 -0.4364817 0.8102099 0.0257042 -0.585576 0.9376002 0.009558975 -0.3475841 0.7241284 0.01722168 -0.6894502 0.628533 -0.001537919 -0.7777814 0.9848423 0.007688343 0.1732818 0.9850833 -0.01518857 0.1714068 0.9983339 -0.009598195 -0.05689662 0.9593575 -0.01066631 -0.281992 0.6992868 -0.01252305 0.7147316 0.7777043 -0.0165196 0.6284133 0.7688055 0.00693047 0.6394453 0.8584479 -8.05705e-4 0.5129004 0.92914 0.001528441 0.369725 0.5754942 -0.005326509 0.8177885 0.3434974 0.01121771 0.9390867 0.4364787 -0.0105704 0.8996525 -0.1728843 0.01618987 0.9848091 0.0565747 -0.006279945 0.9983786 0.2816896 -0.01270925 0.9594214 -0.6429738 0.018417 0.7656667 -0.5131394 0.01504331 0.8581736 -0.3703065 0.01451307 0.9287963 -0.2208414 -0.005868136 0.9752921 -0.1238358 -0.007407784 0.9922752 -0.8998846 0.01209187 0.4359605 -0.809736 0.03717619 0.5856158 -0.9370833 0.02906727 0.3478938 -0.7238201 0.02451425 0.6895532 -0.6288395 0.001543104 0.7775337 -0.9844219 0.03998887 -0.1712148 -0.9850193 0.01519072 -0.1717742 -0.9982599 0.01694905 0.05647975 -0.9594982 0.01067221 0.2815127 -0.9302595 0.02731597 -0.3658839 -0.7639936 0.03514963 -0.6442657 -0.8555808 0.02611613 -0.5170102 -0.4361003 0.01800513 -0.8997179 -0.5850055 0.0469588 -0.8096688 -0.3473529 0.03270441 -0.937164 -0.6891698 0.037018 -0.7236538 -0.7775341 0.01652216 -0.6286237 0.1718281 0.006679296 -0.9851044 -0.05644202 0.01363062 -0.9983128 -0.2816599 0.0127089 -0.9594302 0.01381498 0.9998624 0.00918889 0.01381003 0.9998625 0.009189128 0.01380777 0.9998624 0.009196996 0.01381057 0.9998624 0.009192943 0.01381194 0.9998625 0.009182155 0.01381236 0.9998625 0.009188055 0.01381289 0.9998623 0.009202837 0.01380842 0.9998624 0.009199678 0.01380676 0.9998625 0.009187459 0.01381021 0.9998625 0.009186148 0.01381498 0.9998623 0.009194672 0.0138151 0.9998623 0.009198188 0.01381498 0.9998624 0.00918889 0.01380997 0.9998625 0.009189248 0.01381146 0.9998626 0.009175539 0.01380968 0.9998626 0.009175837 0.01381766 0.9998624 0.009185373 0.01381665 0.9998624 0.009188532 0.01382249 0.999862 0.009215593 0.01381933 0.9998621 0.009208321 0.01380676 0.9998625 0.009187459 0.01381021 0.9998625 0.009186208 0.01381498 0.9998623 0.009194672 0.01381516 0.9998623 0.009198188 0.01382654 0.9998623 0.009185731 0.01384204 0.9998621 0.009177982 0.01381963 0.9998623 0.009185433 0.01381069 0.9998624 0.009195208 0.01381629 0.9998624 0.009186863 0.01380944 0.9998624 0.00919044 0.01380699 0.9998625 0.009190261 0.0138024 0.9998626 0.009186506 0.01379615 0.9998627 0.009186863 0.01378595 0.9998631 0.009157061 0.01380223 0.9998626 0.009191632 0.0137993 0.9998626 0.00918585 0.01380652 0.9998625 0.009197592 0.01380503 0.9998625 0.009200632 0.01380848 0.9998626 0.009185194 0.01381099 0.9998626 0.00918281 0.01381164 0.9998625 0.009181499 0.0138089 0.9998625 0.009186327 0.01380807 0.9998624 0.009189784 0.01380819 0.9998624 0.009197473 0.01380896 0.9998624 0.009195685 0.01380968 0.9998623 0.009198904 0.01381278 0.9998625 0.009186863 0.01381278 0.9998624 0.009184956 0.01380604 0.9998625 0.009190857 -0.9919534 0.001970648 0.1265884 -0.9998143 0.01212841 0.01497572 -0.9987028 0.01334768 0.04913872 -0.9988812 0.006230771 0.04688084 -0.9656818 -9.1662e-4 0.2597265 -0.9640985 0.004247605 0.265511 -0.9070317 0.007300436 0.420999 -0.8754662 -0.003452658 0.4832671 -0.5780074 0.001857936 0.8160295 -0.667876 0.00189954 0.7442702 -0.6074452 -0.001626074 0.79436 -0.7456098 -0.004756391 0.6663658 -0.4531544 0.00151956 0.8914307 -0.3894371 -0.003047525 0.9210481 -0.4889893 -0.001331627 0.8722888 -0.5030533 -2.25216e-4 0.8642554 -0.527211 -6.02828e-4 0.8497343 -0.5584391 -1.00764e-5 0.8295456 -0.5791436 5.10616e-4 0.8152254 -0.8799877 0.00779891 0.4749324 -0.8795949 0.007784605 0.4756598 -0.8193894 0.004788219 0.5732174 -0.748395 0.004246473 0.6632397 -0.9976884 0.01311689 -0.06667655 -0.982859 0.005717337 -0.1842707 -0.9832633 0.01525771 -0.1815506 -0.9556847 0.01462042 -0.2940288 -0.9151697 0.006770789 -0.4030121 -0.9152573 0.01634615 -0.4025379 -0.8625888 0.01527768 -0.505675 -0.8012981 0.007603049 -0.598217 -0.638436 0.01647502 -0.7694986 -0.6750375 0.01332771 -0.7376632 -0.7236153 0.0157684 -0.6900234 -0.798318 0.01656395 -0.6020085 -0.4857377 0.01567512 -0.8739642 -0.5035877 0.01538801 -0.8638072 -0.6488338 0.01595455 -0.7607629 -0.6405485 0.01587492 -0.7677537 -0.611147 0.0163145 -0.791349 0.4316077 0.002325475 -0.9020584 0.4316115 0.002325713 -0.9020566 0.6559663 -0.002127289 -0.7547872 0.6559614 -0.002127766 -0.7547914 0.9312808 -0.009521424 -0.364178 0.9312797 -0.009522259 -0.3641808 0.9938639 -0.01474124 0.1096231 0.9938641 -0.014741 0.1096224 0.8294144 -0.01659303 0.5583875 0.829412 -0.0165919 0.558391 0.6509996 -0.01597011 0.7589101 0.6510053 -0.01596879 0.7589052 0.827562 -0.00627768 -0.5613393 0.827561 -0.006277203 -0.5613409 0.5678145 -2.82071e-4 -0.8231565 0.567811 -2.81762e-4 -0.8231589 0.9448995 -0.01606136 0.3269665 0.9449014 -0.01606106 0.3269608 0.7620417 -0.01647812 0.6473183 0.7620385 -0.01647871 0.6473221 0.2759163 -0.01264548 0.9610985 0.3697622 -0.01521551 0.9290019 0.5499455 -0.01533275 0.8350599 0.7767227 -0.02023661 0.6295175 0.7867766 -0.01654291 0.6170163 0.918269 -0.01642668 0.3956161 0.4725472 -0.01247918 0.881217 0.5334057 -0.01514303 0.845724 0.5125145 -0.01833796 0.8584827 -0.1446489 -0.007117927 0.9894575 0.1386393 -0.009487032 0.9902975 0.3222374 -0.009436488 0.9466119 0.3054674 -0.01879322 0.9520171 -0.1079766 -0.004943847 0.9941412 0.4082912 -0.01530581 0.9127234 -0.3522238 8.57719e-5 0.9359158 -0.3143588 0.01295399 -0.9492159 -0.1845995 0.01285856 -0.9827298 -0.08807706 0.01033151 -0.9960602 0.1968334 0.006560683 -0.980415 0.2022328 0.006250917 -0.9793176 0.3792041 0.003166317 -0.9253077 0.3771381 0.003300309 -0.9261512 -0.09801399 0.01049959 -0.9951297 -0.09801411 0.01049959 -0.9951297 -0.06973969 -0.008203446 0.9975316 -0.04028773 -0.008625388 0.9991509 0.1222171 -0.01080936 0.9924445 0.1744762 -0.01144987 0.9845948 0.3296346 -0.01323711 0.9440159 0.3531372 -0.01347035 0.9354747 -0.7144837 0.003408432 0.6996437 -0.5606895 -0.001000761 0.8280256 -0.5732764 3.91936e-4 0.819362 -0.3835266 -0.005692362 0.9235123 0.2274066 -0.01209062 0.9737249 0.2274118 -0.01209098 0.9737237 0.6260957 -0.01581597 0.7795858 0.6260955 -0.01581609 0.779586 0.1638999 -0.01244127 0.9863985 0.1069983 -0.01061481 0.9942026 0.3400658 -0.01343369 0.9403057 0.5213035 -0.01728415 0.8531963 0.5323548 -0.01511824 0.8463863 0.6816745 -0.0161395 0.7314775 0.8653109 0.5012235 0.003495097 0.9553835 0.2841174 -0.08074438 0.8654044 0.5010591 0.003894627 0.9516702 0.2977557 -0.07527017 0.9847729 0.06391024 -0.1616723 0.9847552 0.06368565 -0.1618686 0.9849315 0.06258821 -0.1612225 0.4355723 0.7072744 -0.5568121 0.4530395 0.7140285 -0.5337777 0.4367533 0.7032303 -0.5609934 0.4567502 0.7051699 -0.5423234 0.4378613 0.6991505 -0.5652132 0.7023416 0.7054949 -0.09483295 0.7097958 0.6976153 -0.09758436 0.6959279 0.6987667 -0.1655582 0.6959089 0.6987811 -0.1655772 0.6702093 0.7059214 -0.2291171 0.4099886 0.8194477 -0.4005185 0.5440564 0.710887 -0.4456932 0.6765138 0.6995403 -0.2301576 0.543492 0.8053255 -0.2367858 0.6182382 0.7087839 -0.339716 0.6237994 0.7014101 -0.3448163 0.5907093 0.7023674 -0.3971682 0.5907116 0.7023715 -0.3971574 0.550556 0.7035088 -0.4494036 0.5860524 0.694989 0.4165729 0.5860939 0.6949889 0.4165147 0.6232183 0.695228 0.3581299 0.6232211 0.6952323 0.3581167 0.6480205 0.7022691 0.294767 0.5755637 0.8175442 -0.01865357 0.7086191 0.7043695 0.04150539 0.6537732 0.695195 0.2988053 0.5546119 0.8087065 0.1959578 0.6892998 0.7029839 0.1751555 0.6965844 0.6956859 0.175475 0.7093783 0.6960674 0.1107825 0.7093774 0.6960672 0.1107888 0.716127 0.696625 0.04331094 0.5416407 0.6953468 0.4723539 0.5420706 0.6948686 0.4725643 0.5269577 0.6836056 0.5049744 0.5281847 0.6820458 0.5058008 0.9975354 0.05589598 -0.04241383 0.9608053 0.2594089 -0.09777683 0.9590507 0.2650437 -0.09986758 0.9975076 0.05595862 -0.04297983 0.8757618 0.4574247 -0.1542858 0.8757485 0.457481 -0.1541939 0.2619358 0.004555404 -0.9650746 0.275156 0.005032658 -0.9613865 -0.1076585 0.01060187 -0.9941314 -0.2351801 0.01148658 -0.971884 -0.4050445 0.01399946 -0.9141898 -0.6731863 0.01611644 -0.7392973 -0.7547107 0.01645588 -0.6558515 -0.9454617 0.01446491 -0.325412 -0.9452654 0.01605629 -0.3259073 -0.9979822 0.01430338 -0.06186491 -0.745714 0.004182696 0.6662531 -0.7732582 0.004857361 0.6340728 -0.4671992 -0.001805543 0.8841503 -0.5463991 -1.46333e-4 0.837525 -0.3059027 -0.008706986 0.952023 0.6953932 -0.716845 0.05061179 0.6952109 -0.7169156 0.05209547 0.6900196 -0.7187594 0.08519434 0.689684 -0.7190469 0.08548521 0.6894802 -0.7192257 0.08562475 0.6878062 -0.7206298 0.08726584 -0.3344065 -0.6927181 -0.6389945 -0.3296562 -0.6923055 -0.6419034 -0.3047843 -0.6970148 -0.6490585 -0.3047859 -0.6970139 -0.6490587 -0.1755192 -0.6983836 -0.6938684 -0.1755188 -0.698385 -0.6938672 -0.04005056 -0.7001261 -0.712895 -0.04004925 -0.7001266 -0.7128947 0.09655451 -0.7020558 -0.7055459 0.0965566 -0.7020543 -0.7055471 0.2291868 -0.7041782 -0.6720169 0.2291866 -0.7041789 -0.6720162 0.3528438 -0.7064601 -0.6135271 0.3528425 -0.7064622 -0.6135254 0.4629197 -0.708756 -0.5323253 0.4629213 -0.708755 -0.5323253 0.5553662 -0.7109047 -0.4314893 0.555368 -0.7109021 -0.4314913 0.626641 -0.7129334 -0.3147176 0.6266403 -0.712934 -0.3147176 0.6740287 -0.7148042 -0.1863878 0.6740289 -0.7148042 -0.1863867 0.6958871 -0.7163145 -0.05133074 0.695887 -0.7163146 -0.05133062 -0.1524919 -0.6986389 -0.699035 -0.1525014 -0.6986479 -0.699024 0.07308429 -0.699884 -0.7105076 0.06614005 -0.6994196 -0.7116444 0.3569948 -0.7364345 -0.5746469 0.3388388 -0.7375624 -0.5841148 -0.2413673 -0.6819632 -0.6904115 -0.2661338 -0.6989614 -0.6637965 -0.08811116 -0.7291393 -0.6786696 -0.1065913 -0.7316159 -0.6733324 0.495416 -0.6942688 -0.522067 0.5048059 -0.7088854 -0.4925979 0.4160119 -0.6520336 -0.6338663 0.2780692 -0.6832902 -0.6751238 0.276265 -0.7049502 -0.6532404 0.1592033 -0.6243809 -0.7647241 -4.85754e-4 -0.6865538 -0.7270789 -0.01159912 -0.6928339 -0.721004 -0.1074986 -0.606392 -0.7878661 0.193827 -0.7026323 -0.6846451 0.1974359 -0.7025467 -0.6837011 0.2653344 -0.7020025 -0.660901 0.2634521 -0.7018343 -0.661832 -0.2231603 -0.6869062 -0.6916353 -0.230753 -0.6984385 -0.6774487 -0.03158032 -0.7439945 -0.6674391 -0.01299881 -0.7390637 -0.6735101 0.2339144 -0.6925576 -0.6823841 0.2398834 -0.7040601 -0.6683976 0.1654791 -0.6415818 -0.7489923 0.08331632 -0.6892279 -0.7197383 0.08438181 -0.7017872 -0.7073715 0.006410598 -0.6077804 -0.7940794 -0.08246117 -0.691465 -0.7176883 -0.08550161 -0.6950792 -0.7138309 -0.1428157 -0.5920403 -0.7931533 -0.3507559 -0.6957576 -0.6268109 -0.3619486 -0.6866391 -0.6304919 -0.1405844 -0.6988047 -0.7013616 -0.1405806 -0.6988016 -0.7013654 0.1291252 -0.7025526 -0.699819 0.120905 -0.7094045 -0.6943539 -0.5344313 -0.5479153 -0.643562 -0.6682524 -0.5465643 -0.5046845 -0.6358931 -0.6752578 -0.3737203 -0.5344149 -0.6754021 -0.5081663 -0.5213257 -0.6954279 -0.4945702 -0.6196973 -0.6953009 -0.3640494 -0.7660728 -0.5464863 -0.3383569 -0.7037323 -0.6757032 -0.2195134 -0.6855524 -0.6957284 -0.2144293 -0.8222906 -0.5478881 -0.1538084 -0.7341678 -0.6768303 -0.05383753 -0.7206639 -0.6932397 0.00789684 -0.1522853 -0.907591 -0.3912643 -0.8339051 -0.5505539 0.03863602 -0.715242 -0.6968104 -0.05370414 0.1750971 -0.7033129 -0.688979 0.4677701 -0.7087227 -0.5281129 -0.1757847 -0.698383 -0.6938018 -0.4857863 -0.6956322 -0.5292519 -0.6785548 -0.695637 -0.235908 0.6381447 -0.7133607 -0.2896342 0.6381438 -0.7133607 -0.2896364 0.6959983 -0.7158964 -0.05548709 0.6957728 -0.7157214 -0.06035798 0.6880989 -0.7177327 0.1066755 0.6880999 -0.7177318 0.1066757 0.685176 -0.7147969 0.1399982 0.6842515 -0.715036 0.14326 0.7436364 -0.6539083 -0.1393157 0.7465195 -0.6508914 -0.138018 0.7365069 -0.6668798 -0.1132647 0.7119078 -0.7021748 0.01174497 0.6967073 -0.7164639 0.03575605 0.2032527 -0.716085 0.6677654 0.203008 -0.7163978 0.6675044 0.2031487 -0.7161419 0.6677361 0.2030467 -0.7160862 0.6678267 0.2031597 -0.7161222 0.6677538 0.1249204 -0.7129031 0.6900465 0.1323109 -0.7133917 0.6881614 -0.08872872 -0.7123013 0.6962429 -0.0862199 -0.7123372 0.6965212 -0.3401327 -0.7082151 0.6186608 -0.3401476 -0.7082147 0.6186531 -0.5370835 -0.7040511 0.4646003 -0.5370618 -0.704042 0.4646391 -0.635154 -0.6989536 0.3286995 -0.6389188 -0.6908277 0.3384376 -0.7183287 -0.6952164 -0.02603912 -0.7178467 -0.6954582 -0.03215867 -0.7108256 -0.6964497 -0.09841179 -0.7108243 -0.6964517 -0.09840625 -0.7108477 -0.6964249 -0.09842711 -0.7108692 -0.6964018 -0.09843552 -0.1308107 -0.7113899 0.6905165 -0.1468394 -0.7114125 0.687263 0.09920346 -0.7380069 0.6674613 -0.3212758 -0.5928054 0.7384875 -0.2690904 -0.6501883 0.7105249 -0.2155975 -0.7079479 0.672553 -0.2134324 -0.6964389 0.685142 -0.3155101 -0.6591095 0.6826626 -0.3637632 -0.6842253 0.6320697 -0.3659741 -0.7075974 0.6044576 -0.4861077 -0.5705404 0.6619539 -0.4951333 -0.6863263 0.5327281 -0.4817187 -0.7053057 0.5200874 -0.6253146 -0.5673993 0.535761 -0.604995 -0.6836494 0.4081723 -0.5891127 -0.7026917 0.398962 -0.7321284 -0.564526 0.3811802 0.353264 -0.6745851 0.6481817 0.38029 -0.7100673 0.5926079 0.3884914 -0.7152722 0.5809133 0.3986794 -0.7188532 0.5694777 0.08161133 -0.7439934 0.6631843 0.2822648 -0.7078081 0.6475602 0.2920115 -0.7128604 0.6376201 -0.1331365 -0.6690238 0.7312194 -0.0327683 -0.704926 0.7085235 0.1284779 -0.7068012 0.6956476 0.137872 -0.708505 0.6921069 0.199237 -0.6338434 0.7473602 -0.1736241 -0.7092061 0.6832873 -0.1675552 -0.7096031 0.6843894 -0.3630481 -0.7077546 0.606036 -0.3630492 -0.7077578 0.6060315 -0.5705015 -0.7032135 0.4242864 -0.5705102 -0.7032193 0.4242652 -0.6926081 -0.6992763 0.1769368 -0.692603 -0.6992932 0.1768904 -0.224882 -0.7087679 0.6686376 -0.2304034 -0.7084083 0.6671372 -0.006142556 -0.7103163 0.7038559 -0.01656329 -0.7108319 0.7031669 -0.4066367 -0.7068987 0.5787407 -0.4066395 -0.706901 0.578736 -0.5351718 -0.6948034 0.4804575 -0.5286639 -0.6999436 0.4802015 0.6617076 -0.7133437 0.2308331 0.6640871 -0.7141044 0.221457 0.5396933 -0.7186587 0.4384756 0.5397337 -0.7186438 0.4384502 0.2523841 -0.7166255 0.6501925 0.2523665 -0.7166347 0.6501891 -0.4781922 -0.6921625 0.5405954 -0.6519827 -0.5386959 0.5335968 -0.4636217 -0.7014116 0.5413656 -0.3363523 -0.69447 0.636065 -0.4827453 -0.5866561 0.6502243 -0.3188926 -0.7051956 0.633251 -0.1768825 -0.6971635 0.6947486 -0.2954956 -0.6291163 0.7189542 -0.1565763 -0.708861 0.6877499 -0.01001036 -0.700854 0.7132347 -0.1021701 -0.665978 0.7389415 0.01383918 -0.7123582 0.7016796 0.1528156 -0.7067744 0.690737 0.08677732 -0.6958997 0.7128768 0.1824534 -0.7153195 0.6745582 0.3010308 -0.7171818 0.6285147 0.3010287 -0.7171826 0.6285149 0.440143 -0.708314 0.5518745 0.4914968 -0.7145974 0.4977766 0.4895983 -0.7132222 0.5016051 0.4981222 -0.6998229 0.5119787 0.4102971 -0.7174656 0.5629383 0.6638397 -0.7182891 0.208273 0.663842 -0.7182869 0.2082734 0.601404 -0.7175061 0.3514235 0.6047866 -0.7177762 0.3450081 0.3588684 -0.717644 0.5968254 0.3588648 -0.7176464 0.5968248 0.1066224 -0.715021 0.6909246 0.1066271 -0.7150183 0.6909265 -0.09865826 -0.7107414 0.6965008 -0.09286874 -0.710538 0.6975036 0.4329532 -0.7181788 0.5447666 0.43295 -0.7181797 0.544768 0.1510292 -0.7155442 0.682046 0.1510371 -0.7155528 0.6820353 -0.08046996 -0.7100859 0.6995017 -0.08838331 -0.7104178 0.6982085 0.008130073 -0.6939736 -0.7199547 -0.1073497 -0.6829057 -0.7225759 -0.1702024 -0.6977367 -0.6958409 -0.3540533 -0.7172426 -0.6001744 -0.2298465 -0.6521503 -0.7224061 -0.4268352 -0.7056853 -0.5655264 -0.4035584 -0.6877945 -0.6033899 -0.5910084 -0.6924337 -0.4138172 -0.6824166 -0.6937604 -0.2302262 -0.6840709 -0.6941056 -0.2241973 -0.6162567 -0.6943857 -0.3715592 -0.5169356 -0.6745798 -0.5269913 -0.6817236 -0.693656 -0.2325819 -0.6795363 -0.6931539 -0.2403501 -0.5654807 -0.695315 -0.4435861 -0.5654851 -0.695312 -0.4435854 -0.3207741 -0.6968807 -0.6414526 -0.3207797 -0.6968776 -0.6414531 -0.01448398 -0.7004086 -0.7135952 -0.01448619 -0.7004084 -0.7135953 0.2927504 -0.7053173 -0.6456197 0.2927521 -0.7053234 -0.6456122 0.5400421 -0.7105544 -0.4510734 0.5400438 -0.7105535 -0.4510727 0.678492 -0.7150174 -0.1685193 0.6784937 -0.7150154 -0.1685213 0.6949703 -0.715442 0.07182759 0.6962696 -0.7149333 0.06386631 0.4037241 -0.7276875 -0.5545067 0.3929477 -0.7072021 -0.5877562 0.2751566 -0.6982541 -0.6608556 0.5844187 -0.7188752 -0.3763951 0.4497833 -0.7581636 -0.4721047 0.5937618 -0.7118859 -0.375054 0.6861516 -0.71551 -0.1313071 0.6861544 -0.7155079 -0.1313042 0.694558 -0.7155924 0.07427555 0.6935122 -0.7159414 0.08042913 0.5718922 -0.7542828 0.3224852 0.5700256 -0.7520218 0.3309593 0.6257779 -0.7207776 0.2981305 0.5690672 -0.7289778 0.3804653 0.5574711 -0.7270488 0.4007817 0.5532565 -0.7305517 0.4002516 -0.6556506 -0.6811254 0.325869 -0.5344352 -0.7825482 0.3193705 -0.5436349 -0.7741118 0.3243644 0.645573 -0.7043467 0.2951801 0.7485351 -0.620411 0.2340631 0.7029814 -0.6987411 0.1325825 0.6826139 -0.7177202 0.1375356 0.7905358 -0.6109884 0.0417912 0.7154578 -0.6971338 -0.04609292 0.696747 -0.7163412 -0.03740239 0.7835724 -0.601342 -0.1562119 0.6837887 -0.6949256 -0.2225118 0.6674194 -0.7143283 -0.2104431 0.7274889 -0.5916257 -0.3474754 0.609764 -0.6923266 -0.3858391 0.5963434 -0.7119128 -0.3708837 0.6252725 -0.5820206 -0.5198908 0.4979043 -0.6894259 -0.526102 0.4879589 -0.7091737 -0.5088897 0.4828737 -0.5727941 -0.6623744 0.354997 -0.6864296 -0.6346586 0.3489208 -0.7063178 -0.6159297 0.3088749 -0.5642068 -0.7656809 0.1897828 -0.683495 -0.7048526 0.1878197 -0.7035062 -0.6854217 0.1139964 -0.5564314 -0.8230364 0.01235944 -0.6807399 -0.7324211 0.01457464 -0.7008537 -0.7131562 -0.08969599 -0.5496886 -0.8305402 -0.1664441 -0.6783463 -0.7156414 -0.1601668 -0.6985462 -0.6974094 -0.2894957 -0.5441742 -0.7874433 -0.3356992 -0.6765498 -0.6554285 -0.3256629 -0.6968141 -0.639057 -0.4728562 -0.5402085 -0.6961191 -0.4850202 -0.6753758 -0.5555385 -0.4717002 -0.6956749 -0.541789 -0.628265 -0.5377882 -0.5621984 -0.6052392 -0.6749743 -0.4220134 -0.5892543 -0.6952953 -0.4115141 -0.7459581 -0.5369888 -0.3939411 -0.6890835 -0.6752377 -0.263093 -0.8414663 -0.5403053 0.002191126 -0.729422 -0.6779586 0.09119099 -0.7312942 -0.6763024 -0.08845359 -0.671194 -0.6955481 -0.2563425 -0.8185189 -0.5378659 -0.2018099 -0.7123268 -0.6965878 -0.08576756 -0.7102689 -0.6981948 0.08967804 -0.8134271 -0.5442162 0.2053418 -0.6752297 -0.689189 0.2628374 -0.6652086 -0.6987656 0.2631047 -0.6335976 -0.6948245 0.3402544 -0.6003719 -0.7173355 0.35353 0.4436176 -0.7082786 -0.5491312 0.4436149 -0.7082805 -0.5491309 0.6541368 -0.7139466 -0.2497705 0.6541333 -0.7139492 -0.2497724 0.6867702 -0.7177573 0.1147659 0.6867747 -0.7177522 0.1147707 0.532785 -0.7186472 0.4468629 0.5327873 -0.7186496 0.4468563 0.2333986 -0.7164779 0.6574074 0.2334004 -0.7164846 0.6573995 -0.13112 -0.7117415 0.6900954 -0.1311283 -0.711732 0.6901035 -0.4631772 -0.70569 0.536161 -0.4631751 -0.7056867 0.5361672 -0.6736956 -0.7000471 0.2367874 -0.6736872 -0.7000539 0.2367915 -0.7063226 -0.6962638 -0.1277705 -0.7063228 -0.6962631 -0.1277725 -0.5523204 -0.6953269 -0.4598507 -0.552318 -0.6953256 -0.4598557 -0.2529471 -0.6975309 -0.6704242 -0.2529437 -0.6975321 -0.6704241 0.1115863 -0.7022753 -0.7031059 0.1115846 -0.702275 -0.7031064 0.4436044 -0.7082764 -0.5491446 0.4436112 -0.7082703 -0.549147 0.6541838 -0.7139043 -0.2497683 0.654178 -0.7139071 -0.2497755 0.6867817 -0.7177459 0.1147683 0.686779 -0.7177479 0.114772 0.5327897 -0.7186387 0.4468709 0.5327904 -0.7186402 0.4468678 0.2334041 -0.7164719 0.6574121 0.2334012 -0.7164791 0.6574052 -0.1311218 -0.71174 0.6900966 -0.1311184 -0.7117395 0.6900978 -0.463136 -0.7057383 0.536133 -0.4631375 -0.7057345 0.5361366 -0.6736944 -0.7000536 0.2367719 -0.6736943 -0.7000528 0.2367742 -0.7063211 -0.6962652 -0.1277709 -0.7063224 -0.6962634 -0.1277729 -0.552323 -0.6953232 -0.4598532 -0.552323 -0.6953282 -0.4598457 -0.2529458 -0.6975756 -0.670378 -0.2529378 -0.6975767 -0.6703799 0.1116009 -0.7022843 -0.7030947 0.1116038 -0.7022765 -0.7031019 0.0392363 -0.7012394 -0.7118454 0.03922402 -0.7012546 -0.7118311 0.03923374 -0.7012562 -0.7118291 0.03922796 -0.7014335 -0.7116546 0.03923296 -0.7013897 -0.7116975 0.03925079 -0.7011919 -0.7118914 0.03922998 -0.7012836 -0.7118021 0.03925263 -0.7011842 -0.7118989 -0.6115406 -0.7669517 0.1944308 -0.623625 -0.7563326 0.1976183 -0.746556 -0.6343131 0.2007515 -0.6744447 -0.7114301 0.1974628 -0.6887241 -0.7092604 0.1503623 -0.6978799 -0.695806 0.1697579 -0.6912688 -0.6999984 0.1793035 -0.6708617 -0.7214916 0.1714483 -0.6687656 -0.7294572 0.1436832 -0.5978224 -0.7917364 0.125546 -0.5847164 -0.801971 0.1222674 -0.4727301 0.6958684 0.5406419 -0.2979113 0.6926095 0.6569178 -0.3914679 0.6755826 0.6247727 -0.5188121 0.7078772 -0.4793162 -0.6345723 0.7063685 -0.3136267 -0.6002593 0.6980908 -0.3903306 -0.281417 0.7120214 -0.6432963 -0.3215797 0.7166089 -0.6189169 -0.3920729 0.7175759 -0.5756421 -0.4241957 0.7172138 -0.5528674 -0.486584 0.7219395 -0.4919751 -0.5614808 0.7007341 -0.4401262 -0.6918857 0.7201622 0.05158185 -0.6916607 0.7103436 -0.1304514 -0.6755532 0.7245216 -0.1367344 -0.6995897 0.6761397 -0.2311049 -0.4371845 0.6893984 0.5775808 -0.4865993 0.7143058 0.5029796 -0.5517414 0.7048484 0.4458366 -0.6010732 0.6880003 0.4066531 -0.6471245 0.7143946 0.2662145 -0.6486502 0.6883668 0.32466 -0.6309213 0.766512 0.1199902 -0.6879557 0.683224 0.2447897 -0.68586 0.7256112 0.0555377 -0.6702218 0.7400015 -0.05657458 0.5120882 0.7034981 -0.4928044 0.4060479 0.7114055 -0.5736091 0.3815656 0.6940457 -0.6104984 0.2709078 0.7064478 -0.6538658 0.2712661 0.7094126 -0.6504988 0.1323485 0.7124127 -0.6891677 0.6231144 0.6926718 -0.3632276 0.6690519 0.6824727 -0.2942798 0.6828779 0.7025274 -0.2003325 0.6815811 0.6984485 -0.2182127 0.6589016 0.7435917 -0.1136667 0.4559085 0.6877306 -0.5649549 0.5271379 0.6978095 -0.4849615 0.5927189 0.6751504 -0.4391542 0.7133377 0.6908757 0.1176439 0.7046858 0.6986869 0.1235097 0.6817328 0.6992755 0.2150678 0.663057 0.7002793 0.2645077 0.5450235 0.6911394 0.4746323 0.6069084 0.6952944 0.3850038 0.6129576 0.690571 0.3839203 0.659062 0.6951644 0.2870258 0.3055191 0.6889613 0.6572598 0.2654059 0.6970093 0.6661365 0.3285724 0.6972213 0.6371206 0.416063 0.6970933 0.5839114 0.5805841 0.6768165 0.4525943 0.5049791 0.6966609 0.5095682 0.4954573 0.6959927 0.5197272 0.4166136 0.6961158 0.5846845 0.6956878 0.7152931 -0.06613969 0.7193154 0.6945384 -0.01421326 0.1329513 0.7117107 -0.6897767 0.03092747 0.7139447 -0.6995187 -0.03333497 0.7155795 -0.6977356 -0.05446583 0.723156 -0.6885339 -0.2294171 0.6853002 -0.6911813 -0.106938 0.7630047 -0.6374859 -0.2498229 0.7163558 -0.6514775 0.1283645 0.7475194 0.6517187 0.247671 0.6666181 0.7030501 0.07013612 0.7087855 0.7019289 0.0560773 0.7040556 0.7079273 -0.02033698 0.7041444 0.7097655 -0.07644152 0.7035783 0.7064944 -0.1297734 0.7022953 0.6999573 -0.1546619 0.6968221 0.7003704 -0.2292887 0.6814641 0.695006 0.4435729 -0.7083258 -0.5491062 0.4435722 -0.7083282 -0.5491037 0.654119 -0.7139647 -0.2497655 0.6541246 -0.7139599 -0.2497646 0.686769 -0.7177569 0.1147758 0.6867747 -0.7177504 0.1147819 0.5327962 -0.7186378 0.4468646 0.5327967 -0.7186389 0.4468622 0.2334017 -0.7164784 0.6574057 0.2334046 -0.7164843 0.6573985 -0.1311302 -0.7117422 0.6900927 -0.1311288 -0.7117422 0.6900931 -0.4631329 -0.7057424 0.5361302 -0.4631403 -0.7057382 0.5361294 -0.6736912 -0.7000564 0.2367724 -0.6736927 -0.700054 0.2367753 -0.7063205 -0.696264 -0.1277805 -0.7063143 -0.6962714 -0.1277743 -0.5522894 -0.6953831 -0.4598031 -0.5522855 -0.695388 -0.4598002 -0.2529393 -0.6975842 -0.6703716 -0.2529337 -0.6975778 -0.6703804 0.1116057 -0.70228 -0.7030982 0.1116004 -0.7022813 -0.7030977 -0.1731015 -0.6993604 0.6934918 -0.2315874 -0.6841432 0.6916034 -0.2307518 -0.6859492 0.6900922 0.2816117 -0.7058106 0.6500202 0.2922266 -0.7123845 0.6380532 0.3570587 -0.6567966 0.6641741 0.3607942 -0.6024617 0.7119463 0.3687587 -0.6903733 0.6224161 0.36948 -0.6857683 0.6270618 -0.177317 -0.710847 0.6806287 -0.09716492 -0.6326666 0.7683047 -0.01704573 -0.7008483 0.7131067 -0.01798522 -0.7133824 0.7005442 0.06743007 -0.6247682 0.7778933 0.1453225 -0.7061253 0.693014 0.1487745 -0.7124097 0.6858124 0.2152277 -0.6514068 0.7275618 0.3760399 -0.7822279 -0.4967028 0.4700226 -0.6992451 -0.5386419 0.3220906 -0.82975 -0.4558208 0.446 -0.7103561 -0.5444982 0.3080893 -0.8421213 -0.4426203 0.3286035 -0.7906847 0.5165632 0.5183751 -0.4187506 0.7456107 0.3391087 -0.7771288 0.5301662 0.4858705 -0.7029841 0.5193681 0.363392 -0.8192366 0.443619 0.391166 -0.7801904 0.4881517 0.3711637 -0.8088773 0.4560208 0.4013339 -0.7643939 0.504612 0.4711728 -0.7184159 0.5117371 0.6204851 -0.5876045 0.5193449 0.5968796 -0.7010903 0.3901374 0.7888363 -0.5889014 0.1758764 0.7113891 -0.6997355 0.06554347 0.6737102 -0.7007403 0.2346864 0.5816226 -0.7187161 0.3810019 0.7276332 -0.5846402 0.3588116 0.6573986 -0.7183606 0.2275635 0.6941732 -0.7172671 0.0604279 0.7997385 -0.6001416 -0.01576805 0.7012818 -0.7033315 -0.1163132 0.6930794 -0.710418 -0.1222593 0.6575924 -0.7006066 -0.2769888 0.8058817 -0.5609911 -0.1893243 0.6446929 -0.7095264 -0.2845055 0.5774936 -0.6976326 -0.4240402 0.7007289 -0.6126305 -0.3655995 0.5594578 -0.7083026 -0.4304817 0.5605756 -0.6555612 -0.5059592 0.09005385 -0.7009266 -0.7075254 0.1429264 -0.702955 -0.6967254 0.1429306 -0.702935 -0.6967449 0.1429817 -0.7026997 -0.6969717 0.08613103 -0.700705 -0.708233 0.142968 -0.7027639 -0.6969096 0.1429594 -0.7027962 -0.6968789 0.6944994 -0.7168499 0.06161743 0.6970773 -0.7139714 0.06578838 0.6666434 -0.7446566 0.03275901 0.6360833 -0.7709254 0.03274405 0.5160598 -0.8561339 0.02678191 0.4913307 -0.8706014 0.02544838 -0.2051038 -0.6947708 -0.6893664 -0.2070488 -0.6948795 -0.688675 -0.07907205 -0.6995981 -0.710148 -0.0790646 -0.6996034 -0.7101436 0.6583825 -0.718353 0.2247254 0.6584231 -0.7183371 0.2246572 0.5291255 -0.7186277 0.4512212 0.5290566 -0.7186599 0.4512504 0.4575517 -0.7100769 0.5351983 0.4543071 -0.710504 0.5373911 -0.1461467 -0.698769 -0.7002593 -0.1461457 -0.6987698 -0.7002587 0.008538722 -0.7007777 -0.7133287 0.008538961 -0.7007775 -0.7133288 0.1623376 -0.7030991 -0.6923136 0.1623383 -0.7030994 -0.6923132 0.3078375 -0.7056126 -0.6382374 0.307837 -0.705612 -0.6382383 0.4380462 -0.7081667 -0.5537288 0.4380467 -0.708166 -0.5537292 0.5466549 -0.7106865 -0.4428242 0.5466554 -0.7106863 -0.4428238 0.6284495 -0.713023 -0.310885 0.6284482 -0.713024 -0.3108853 0.6528807 -0.7100551 -0.2637587 0.6518304 -0.7097538 -0.2671456 0.3008509 -0.6969831 -0.650925 0.2972222 -0.6973466 -0.6522015 0.4540753 -0.7084994 -0.5402261 0.4540707 -0.7085064 -0.540221 0.6487422 -0.7137463 -0.2640072 0.648742 -0.713748 -0.2640033 0.6930018 -0.7174295 0.07101845 0.6930077 -0.7174227 0.07102853 0.576728 -0.7187218 0.3883605 0.576732 -0.7187275 0.3883439 0.3917305 -0.7072033 -0.5885667 0.3917483 -0.7072098 -0.5885469 0.5754136 -0.7114303 -0.4034429 0.5754184 -0.7114419 -0.4034155</float_array>
          <technique_common>
            <accessor source="#LINK_THUMB_MID_L-mesh-normals-array" count="5852" stride="3">
              <param name="X" type="float"/>
              <param name="Y" type="float"/>
              <param name="Z" type="float"/>
            </accessor>
          </technique_common>
        </source>
        <source id="LINK_THUMB_MID_L-mesh-map">
          <float_array id="LINK_THUMB_MID_L-mesh-map-array" count="38484">0.5421843 0.8866617 0.5448945 0.8853843 0.5556569 0.9152082 0.5556569 0.9152082 0.5448945 0.8853843 0.5520799 0.9006092 0.5558676 0.9509347 0.5420358 0.9216269 0.5750852 0.9418784 0.5750852 0.9418784 0.5420358 0.9216269 0.5556569 0.9152082 0.5520799 0.9006092 0.5521345 0.9005836 0.5556569 0.9152082 0.5556569 0.9152082 0.5521345 0.9005836 0.553571 0.9009695 0.5556569 0.9152082 0.553571 0.9009695 0.5750852 0.9418784 0.5750852 0.9418784 0.553571 0.9009695 0.5549256 0.9010015 0.5750852 0.9418784 0.5549256 0.9010015 0.5556847 0.9007715 0.2215785 0.9708792 0.1761235 0.970906 0.176008 0.9701216 0.1576043 0.9186728 0.2232617 0.9186341 0.2215781 0.9260752 0.1576043 0.9186728 0.2215781 0.9260752 0.1576049 0.9677262 0.1576049 0.9677262 0.2215781 0.9260752 0.1744399 0.9677163 0.1744399 0.9677163 0.2215781 0.9260752 0.1746082 0.9679506 0.1744399 0.9677163 0.1746082 0.9679506 0.1744401 0.9677767 0.176008 0.9701216 0.1755996 0.9692155 0.2215785 0.9708792 0.2215785 0.9708792 0.1755996 0.9692155 0.1750773 0.9684816 0.2215785 0.9708792 0.1750773 0.9684816 0.2215781 0.9260752 0.2215781 0.9260752 0.1750773 0.9684816 0.1747709 0.968126 0.2215781 0.9260752 0.1747709 0.968126 0.1746082 0.9679506 0.2456916 0.05938452 0.2510906 0.04986327 0.2489568 0.1302579 0.2613204 0.233304 0.2638073 0.2377211 0.255302 0.2375572 0.2539544 0.1317954 0.2644871 0.08399933 0.2575137 0.1356258 0.2575137 0.1356258 0.2644871 0.08399933 0.26349 0.1017891 0.2575137 0.1356258 0.26349 0.1017891 0.2586809 0.1407225 0.2586809 0.1407225 0.26349 0.1017891 0.2642397 0.189243 0.2586809 0.1407225 0.2642397 0.189243 0.2571434 0.14572 0.2571434 0.14572 0.2642397 0.189243 0.2533131 0.1492792 0.2296897 0.1294258 0.2312536 0.1111532 0.2438601 0.1314252 0.2647438 0.2480552 0.2645322 0.249089 0.2537645 0.2425549 0.2537645 0.2425549 0.2645322 0.249089 0.2639166 0.2499461 0.2537645 0.2425549 0.2639166 0.2499461 0.2499342 0.2461141 0.2499342 0.2461141 0.2639166 0.2499461 0.2478355 0.267683 0.2499342 0.2461141 0.2478355 0.267683 0.2448374 0.2472813 0.255302 0.2375572 0.2541348 0.2324605 0.2482163 0.1504465 0.2482163 0.1504465 0.2541348 0.2324605 0.2505755 0.2286302 0.2482163 0.1504465 0.2505755 0.2286302 0.2455779 0.2270927 0.2398399 0.2457438 0.2199897 0.2807286 0.2362806 0.2419135 0.2362806 0.2419135 0.2199897 0.2807286 0.2255703 0.2474952 0.2362806 0.2419135 0.2255703 0.2474952 0.2351134 0.2368168 0.2351134 0.2368168 0.2255703 0.2474952 0.2274424 0.230433 0.3624753 0.01767218 0.3437047 0.01579612 0.3496156 0.002428293 0.2456916 0.05938452 0.2489568 0.1302579 0.2389441 0.07562369 0.2272866 0.3106842 0.2171637 0.298029 0.2354712 0.288185 0.2354712 0.288185 0.2171637 0.298029 0.2199897 0.2807286 0.2354712 0.288185 0.2199897 0.2807286 0.2478355 0.267683 0.2478355 0.267683 0.2199897 0.2807286 0.2398399 0.2457438 0.2478355 0.267683 0.2398399 0.2457438 0.2448374 0.2472813 0.2917423 0.4652213 0.2914891 0.4520667 0.3138159 0.4607104 0.255302 0.2375572 0.2638073 0.2377211 0.2537645 0.2425549 0.2537645 0.2425549 0.2638073 0.2377211 0.264698 0.2427113 0.2537645 0.2425549 0.264698 0.2427113 0.2647438 0.2480552 0.2438601 0.1314252 0.2312536 0.1111532 0.2489568 0.1302579 0.2489568 0.1302579 0.2312536 0.1111532 0.2343495 0.09243112 0.2489568 0.1302579 0.2343495 0.09243112 0.2389441 0.07562369 0.234835 0.4168855 0.2399289 0.4033591 0.2457609 0.4310103 0.2457609 0.4310103 0.2399289 0.4033591 0.2538409 0.4228439 0.2457609 0.4310103 0.2538409 0.4228439 0.2591887 0.4442108 0.2591887 0.4442108 0.2538409 0.4228439 0.2712448 0.439285 0.2591887 0.4442108 0.2712448 0.439285 0.2747226 0.4558343 0.2747226 0.4558343 0.2712448 0.439285 0.2914891 0.4520667 0.2747226 0.4558343 0.2914891 0.4520667 0.2831061 0.4608533 0.2831061 0.4608533 0.2914891 0.4520667 0.2917423 0.4652213 0.374299 0.4770424 0.3671873 0.4782921 0.3373894 0.4648928 0.3373894 0.4648928 0.3671873 0.4782921 0.3626922 0.4786943 0.3496156 0.002428293 0.3437047 0.01579612 0.3325322 0.003141224 0.3325322 0.003141224 0.3437047 0.01579612 0.3250044 0.018278 0.3325322 0.003141224 0.3250044 0.018278 0.3247959 0.002835988 0.2438601 0.1314252 0.2400298 0.1349844 0.2296897 0.1294258 0.2296897 0.1294258 0.2400298 0.1349844 0.2384923 0.139982 0.2296897 0.1294258 0.2384923 0.139982 0.229098 0.1561054 0.229098 0.1561054 0.2384923 0.139982 0.2396596 0.1450787 0.229098 0.1561054 0.2396596 0.1450787 0.2293613 0.1819112 0.2293613 0.1819112 0.2396596 0.1450787 0.2432188 0.148909 0.234835 0.4168855 0.2302357 0.4094197 0.2399289 0.4033591 0.2399289 0.4033591 0.2302357 0.4094197 0.2262476 0.4016971 0.2399289 0.4033591 0.2262476 0.4016971 0.2300297 0.3815598 0.3626922 0.4786943 0.3455115 0.4785841 0.3373894 0.4648928 0.3373894 0.4648928 0.3455115 0.4785841 0.3271117 0.4762517 0.3373894 0.4648928 0.3271117 0.4762517 0.3138159 0.4607104 0.3138159 0.4607104 0.3271117 0.4762517 0.3093828 0.4719229 0.3138159 0.4607104 0.3093828 0.4719229 0.2917423 0.4652213 0.2610238 0.1987069 0.256604 0.2068818 0.2482163 0.1504465 0.2482163 0.1504465 0.256604 0.2068818 0.255128 0.2160573 0.2482163 0.1504465 0.255128 0.2160573 0.255302 0.2375572 0.255302 0.2375572 0.255128 0.2160573 0.2567611 0.225206 0.255302 0.2375572 0.2567611 0.225206 0.2613204 0.233304 0.31769 0 0.3247959 0.002835988 0.3149097 7.63529e-4 0.3149097 7.63529e-4 0.3247959 0.002835988 0.3250044 0.018278 0.3149097 7.63529e-4 0.3250044 0.018278 0.3026611 0.005147993 0.3026611 0.005147993 0.3250044 0.018278 0.3073729 0.02498489 0.2539544 0.1317954 0.2489568 0.1302579 0.2644871 0.08399933 0.2644871 0.08399933 0.2489568 0.1302579 0.2510906 0.04986327 0.2644871 0.08399933 0.2510906 0.04986327 0.2697201 0.06587553 0.2697201 0.06587553 0.2510906 0.04986327 0.2561274 0.04251879 0.2697201 0.06587553 0.2561274 0.04251879 0.2789728 0.04943627 0.2789728 0.04943627 0.2561274 0.04251879 0.2617301 0.03553259 0.2789728 0.04943627 0.2617301 0.03553259 0.291751 0.03555917 0.2432188 0.148909 0.2482163 0.1504465 0.2293613 0.1819112 0.2293613 0.1819112 0.2482163 0.1504465 0.2455779 0.2270927 0.2293613 0.1819112 0.2455779 0.2270927 0.2286059 0.2133684 0.2286059 0.2133684 0.2455779 0.2270927 0.2404811 0.22826 0.2286059 0.2133684 0.2404811 0.22826 0.2274424 0.230433 0.2274424 0.230433 0.2404811 0.22826 0.2366509 0.2318192 0.2262476 0.4016971 0.2231588 0.3944267 0.2300297 0.3815598 0.2300297 0.3815598 0.2231588 0.3944267 0.2182582 0.3784925 0.2300297 0.3815598 0.2182582 0.3784925 0.2245139 0.3582622 0.2245139 0.3582622 0.2182582 0.3784925 0.2151185 0.3602779 0.2245139 0.3582622 0.2151185 0.3602779 0.223588 0.3343384 0.223588 0.3343384 0.2151185 0.3602779 0.2139676 0.3399518 0.223588 0.3343384 0.2139676 0.3399518 0.2272866 0.3106842 0.2272866 0.3106842 0.2139676 0.3399518 0.2149727 0.3166875 0.5397794 0.5177102 0.5383313 0.5164745 0.5383166 0.5129402 0.2533131 0.1492792 0.2642397 0.189243 0.2482163 0.1504465 0.2482163 0.1504465 0.2642397 0.189243 0.2634346 0.1942477 0.2482163 0.1504465 0.2634346 0.1942477 0.2610238 0.1987069 0.3815196 0.02301949 0.3814249 0.02343553 0.3811383 0.02375155 0.3496156 0.002428293 0.3665506 0.00478518 0.3624753 0.01767218 0.3624753 0.01767218 0.3665506 0.00478518 0.3741165 0.008408725 0.3624753 0.01767218 0.3741165 0.008408725 0.3803145 0.02380561 0.5397794 0.5096768 0.5397794 0.5177102 0.5383166 0.5129402 0.2617301 0.03553259 0.274165 0.02311587 0.291751 0.03555917 0.291751 0.03555917 0.274165 0.02311587 0.2877947 0.01300626 0.291751 0.03555917 0.2877947 0.01300626 0.3073729 0.02498489 0.3073729 0.02498489 0.2877947 0.01300626 0.2950809 0.008780956 0.3073729 0.02498489 0.2950809 0.008780956 0.3026611 0.005147993 0.3741165 0.008408725 0.3794392 0.01489263 0.3803145 0.02380561 0.3803145 0.02380561 0.3794392 0.01489263 0.3815196 0.02301949 0.3803145 0.02380561 0.3815196 0.02301949 0.3807334 0.02388662 0.3807334 0.02388662 0.3815196 0.02301949 0.3811383 0.02375155 0.5580633 0.3079158 0.5505917 0.2908152 0.5721294 0.2821675 0.945118 0.8810386 0.9594796 0.8683001 0.94735 0.8831005 0.5227504 0.4431893 0.5123229 0.428368 0.5241838 0.4392506 0.5241838 0.4392506 0.5123229 0.428368 0.5254494 0.4262964 0.5254494 0.4262964 0.5123229 0.428368 0.5149249 0.4247218 0.5254494 0.4262964 0.5149249 0.4247218 0.5267721 0.4225234 0.5721294 0.2821675 0.5505917 0.2908152 0.5678572 0.2673895 0.5149249 0.4247218 0.5156943 0.420309 0.5267721 0.4225234 0.5267721 0.4225234 0.5156943 0.420309 0.515169 0.4100082 0.5267721 0.4225234 0.515169 0.4100082 0.5296863 0.4197862 0.5296863 0.4197862 0.515169 0.4100082 0.5155128 0.4075149 0.9451181 0.8405419 0.9544596 0.8404409 0.945118 0.8810386 0.945118 0.8810386 0.9544596 0.8404409 0.956005 0.8545443 0.945118 0.8810386 0.956005 0.8545443 0.9594796 0.8683001 0.5792043 0.3419383 0.5605953 0.3449078 0.5614569 0.3262662 0.5155128 0.4075149 0.516748 0.405322 0.5296863 0.4197862 0.5296863 0.4197862 0.516748 0.405322 0.5187022 0.4037358 0.5296863 0.4197862 0.5187022 0.4037358 0.5465258 0.4078494 0.5465258 0.4078494 0.5187022 0.4037358 0.5340152 0.3930698 0.5465258 0.4078494 0.5340152 0.3930698 0.5605872 0.3927388 0.5605872 0.3927388 0.5340152 0.3930698 0.5465065 0.3792054 0.5605872 0.3927388 0.5465065 0.3792054 0.5712835 0.3750854 0.5712835 0.3750854 0.5465065 0.3792054 0.5555235 0.3628669 0.5712835 0.3750854 0.5555235 0.3628669 0.5780506 0.3561053 0.5780506 0.3561053 0.5555235 0.3628669 0.5605953 0.3449078 0.5780506 0.3561053 0.5605953 0.3449078 0.5786122 0.3512337 0.5786122 0.3512337 0.5605953 0.3449078 0.5792043 0.3419383 0.5721294 0.2821675 0.5757198 0.2980142 0.5580633 0.3079158 0.5580633 0.3079158 0.5757198 0.2980142 0.5775761 0.3098756 0.5580633 0.3079158 0.5775761 0.3098756 0.5614569 0.3262662 0.5614569 0.3262662 0.5775761 0.3098756 0.578807 0.3223209 0.5614569 0.3262662 0.578807 0.3223209 0.5792043 0.3419383 0.5315129 0.152052 0.5509219 0.1871004 0.5376091 0.2715835 0.5376091 0.2715835 0.5509219 0.1871004 0.5532793 0.209483 0.9458577 0.8387563 0.946677 0.8382089 0.9453102 0.8395755 0.9453102 0.8395755 0.946677 0.8382089 0.9476433 0.8380166 0.9531697 0.8383383 0.9540888 0.8392214 0.9519364 0.8380166 0.9519364 0.8380166 0.9540888 0.8392214 0.9544596 0.8404409 0.9519364 0.8380166 0.9544596 0.8404409 0.9476433 0.8380166 0.9476433 0.8380166 0.9544596 0.8404409 0.9451181 0.8405419 0.9476433 0.8380166 0.9451181 0.8405419 0.9453102 0.8395755 0.5556185 0.09567201 0.5552105 0.0766555 0.5672193 0.08555716 0.5521063 0.03243553 0.5424236 0.04106175 0.5474007 0.02602344 0.5474007 0.02602344 0.5424236 0.04106175 0.5306368 0.026133 0.5474007 0.02602344 0.5306368 0.026133 0.5361496 0.01404643 0.5164045 0.002515375 0.5196426 0.001701414 0.5225887 0.003556251 0.5672193 0.08555716 0.5667218 0.09448707 0.5556185 0.09567201 0.5556185 0.09567201 0.5667218 0.09448707 0.5655565 0.1032161 0.5556185 0.09567201 0.5655565 0.1032161 0.5519484 0.1143355 0.5519484 0.1143355 0.5655565 0.1032161 0.5621449 0.1183062 0.5519484 0.1143355 0.5621449 0.1183062 0.5443701 0.1317815 0.5443701 0.1317815 0.5621449 0.1183062 0.5579093 0.1331578 0.5443701 0.1317815 0.5579093 0.1331578 0.5332347 0.1472021 0.5332347 0.1472021 0.5579093 0.1331578 0.5539231 0.1484239 0.5332347 0.1472021 0.5539231 0.1484239 0.5318921 0.1494561 0.5318921 0.1494561 0.5539231 0.1484239 0.5512596 0.1647577 0.5318921 0.1494561 0.5512596 0.1647577 0.5315129 0.152052 0.5315129 0.152052 0.5512596 0.1647577 0.5509757 0.1682426 0.5315129 0.152052 0.5509757 0.1682426 0.5509219 0.1871004 0.5521063 0.03243553 0.5561612 0.03907316 0.5424236 0.04106175 0.5424236 0.04106175 0.5561612 0.03907316 0.5579967 0.04259037 0.5424236 0.04106175 0.5579967 0.04259037 0.5507432 0.05816662 0.5507432 0.05816662 0.5579967 0.04259037 0.5631999 0.05579221 0.5507432 0.05816662 0.5631999 0.05579221 0.5552105 0.0766555 0.5552105 0.0766555 0.5631999 0.05579221 0.5663157 0.07015687 0.5552105 0.0766555 0.5663157 0.07015687 0.5672193 0.08555716 0.5532793 0.209483 0.5558151 0.2236015 0.5376091 0.2715835 0.5376091 0.2715835 0.5558151 0.2236015 0.5588898 0.2369526 0.5376091 0.2715835 0.5588898 0.2369526 0.5381404 0.2738829 0.5381404 0.2738829 0.5588898 0.2369526 0.5678572 0.2673895 0.5381404 0.2738829 0.5678572 0.2673895 0.5394325 0.2758578 0.5394325 0.2758578 0.5678572 0.2673895 0.5505917 0.2908152 0.5159289 0.01407176 0.5136264 0.01151698 0.5128856 0.008158504 0.5361496 0.01404643 0.5306368 0.026133 0.5296089 0.008553862 0.5296089 0.008553862 0.5306368 0.026133 0.5159289 0.01407176 0.5296089 0.008553862 0.5159289 0.01407176 0.5225887 0.003556251 0.5225887 0.003556251 0.5159289 0.01407176 0.5164045 0.002515375 0.5164045 0.002515375 0.5159289 0.01407176 0.5128856 0.008158504 0.5164045 0.002515375 0.5128856 0.008158504 0.5138998 0.004872202 0.062155 0.828443 0.0757364 0.8310614 0.06215751 0.8377844 0.06215751 0.8377844 0.0757364 0.8310614 0.07573872 0.8392632 0.06215751 0.8377844 0.07573872 0.8392632 0.06215959 0.8472164 0.06215959 0.8472164 0.07573872 0.8392632 0.07574093 0.8475419 0.06215959 0.8472164 0.07574093 0.8475419 0.06216174 0.8566321 0.06216174 0.8566321 0.07574093 0.8475419 0.07574278 0.8558043 0.06216174 0.8566321 0.07574278 0.8558043 0.06216353 0.8659241 0.06216353 0.8659241 0.07574278 0.8558043 0.07574421 0.8639569 0.06216353 0.8659241 0.07574421 0.8639569 0.06216496 0.8749857 0.06216496 0.8749857 0.07574421 0.8639569 0.07574528 0.8719066 0.06216496 0.8749857 0.07574528 0.8719066 0.06216633 0.8837098 0.06216633 0.8837098 0.07574528 0.8719066 0.07574611 0.8795601 0.06216633 0.8837098 0.07574611 0.8795601 0.06216764 0.8919892 0.06216764 0.8919892 0.07574611 0.8795601 0.07574653 0.8868241 0.06216764 0.8919892 0.07574653 0.8868241 0.06216877 0.8997172 0.06216877 0.8997172 0.07574653 0.8868241 0.07574671 0.8936053 0.0314812 0.1763648 0.02980506 0.1765902 0.02643346 0.1598323 0.01268345 0.1159012 0.01570689 0.1155528 0.016819 0.1301251 0.016819 0.1301251 0.01570689 0.1155528 0.0198552 0.1296021 0.016819 0.1301251 0.0198552 0.1296021 0.02175354 0.1445564 0.02175354 0.1445564 0.0198552 0.1296021 0.02480095 0.1439782 0.02175354 0.1445564 0.02480095 0.1439782 0.02643346 0.1598323 0.02643346 0.1598323 0.02480095 0.1439782 0.02952331 0.1594426 0.02643346 0.1598323 0.02952331 0.1594426 0.0314812 0.1763648 0.0314812 0.1763648 0.02952331 0.1594426 0.03160297 0.1684015 0.0314812 0.1763648 0.03160297 0.1684015 0.03294712 0.1761108 0.03228759 0.1853373 0.03372621 0.1848235 0.03406888 0.2012086 0.03341799 0.2148141 0.03290647 0.2207928 0.03040724 0.2147662 0.03372621 0.1848235 0.03228759 0.1853373 0.03369718 0.1843636 0.03259527 0.1958882 0.03106445 0.1951754 0.03073036 0.1861193 0.03040724 0.2147662 0.03290647 0.2207928 0.02827888 0.2342486 0.03106445 0.1951754 0.03259527 0.1958882 0.03040724 0.2147662 0.03294712 0.1761108 0.03369718 0.1843636 0.0314812 0.1763648 0.0314812 0.1763648 0.03369718 0.1843636 0.03228759 0.1853373 0.0314812 0.1763648 0.03228759 0.1853373 0.02980506 0.1765902 0.02980506 0.1765902 0.03228759 0.1853373 0.03073036 0.1861193 0.02811747 0.25306 0.02512466 0.2525091 0.0287584 0.2497504 0.0287584 0.2497504 0.02512466 0.2525091 0.02592474 0.2484387 0.03290647 0.2207928 0.03126621 0.2345272 0.02827888 0.2342486 0.02827888 0.2342486 0.03126621 0.2345272 0.03114271 0.2353909 0.02827888 0.2342486 0.03114271 0.2353909 0.02592474 0.2484387 0.02592474 0.2484387 0.03114271 0.2353909 0.02959829 0.2450712 0.02592474 0.2484387 0.02959829 0.2450712 0.0287584 0.2497504 0.03073036 0.1861193 0.03228759 0.1853373 0.03259527 0.1958882 0.03259527 0.1958882 0.03228759 0.1853373 0.03406888 0.2012086 0.03259527 0.1958882 0.03406888 0.2012086 0.03040724 0.2147662 0.03040724 0.2147662 0.03406888 0.2012086 0.03397828 0.2046054 0.03040724 0.2147662 0.03397828 0.2046054 0.03341799 0.2148141 0.5825986 0.6104547 0.5792108 0.6113858 0.5792112 0.6039837 0.5825986 0.6104547 0.5792112 0.6039837 0.5825996 0.5938351 0.579213 0.5463879 0.5826006 0.5458253 0.5792129 0.5614584 0.5792129 0.5614584 0.5826006 0.5458253 0.5826001 0.5770213 0.5792112 0.6039837 0.5792118 0.5941015 0.5825996 0.5938351 0.5825996 0.5938351 0.5792118 0.5941015 0.5792126 0.5777807 0.5825996 0.5938351 0.5792126 0.5777807 0.5826001 0.5770213 0.5826001 0.5770213 0.5792126 0.5777807 0.5792129 0.5695009 0.5826001 0.5770213 0.5792129 0.5695009 0.5792129 0.5614584 0.5792134 0.4962674 0.5826019 0.4953711 0.5792131 0.5096925 0.5792131 0.5096925 0.5826019 0.4953711 0.5826008 0.5089411 0.5792131 0.5096925 0.5826008 0.5089411 0.5792132 0.5212053 0.5792132 0.5212053 0.5826008 0.5089411 0.5826007 0.5205342 0.5792132 0.5212053 0.5826007 0.5205342 0.5792132 0.5271748 0.5792132 0.5271748 0.5826007 0.5205342 0.5792131 0.5332913 0.5792131 0.5332913 0.5826007 0.5205342 0.5792133 0.5403681 0.5792133 0.5403681 0.5826007 0.5205342 0.5826006 0.5458253 0.5792133 0.5403681 0.5826006 0.5458253 0.579213 0.5463879 0.9315453 0.752007 0.9451491 0.7496855 0.9315497 0.7614477 0.9315497 0.7614477 0.9451491 0.7496855 0.9451534 0.758074 0.9315497 0.7614477 0.9451534 0.758074 0.9315557 0.7706039 0.9315557 0.7706039 0.9451534 0.758074 0.945159 0.7661911 0.9315557 0.7706039 0.945159 0.7661911 0.9315633 0.7793985 0.9315633 0.7793985 0.945159 0.7661911 0.9451661 0.7739721 0.1106309 7.29893e-4 0.1091644 0.0124337 0.1009833 0 0.1009833 0 0.1091644 0.0124337 0.1006532 0.01177543 0.1009833 0 0.1006532 0.01177543 0.09134244 1.68465e-4 0.09134244 1.68465e-4 0.1006532 0.01177543 0.09215956 0.01191192 0.06214588 0.801883 0.07572758 0.8077185 0.06214916 0.8104156 0.06214916 0.8104156 0.07572758 0.8077185 0.07573086 0.8152225 0.06214916 0.8104156 0.07573086 0.8152225 0.0621522 0.8192936 0.0621522 0.8192936 0.07573086 0.8152225 0.07573366 0.8230248 0.0621522 0.8192936 0.07573366 0.8230248 0.062155 0.828443 0.062155 0.828443 0.07573366 0.8230248 0.0757364 0.8310614 0.5415815 0.6511468 0.5383927 0.6341911 0.5415815 0.6173962 0.5825986 0.6104547 0.5792095 0.6272897 0.5792102 0.6185535 0.5825986 0.6104547 0.5792102 0.6185535 0.5792108 0.6113858 0.5825943 0.6753246 0.5792049 0.6759896 0.5825947 0.6581112 0.5825947 0.6581112 0.5792049 0.6759896 0.5792061 0.6589378 0.5825947 0.6581112 0.5792061 0.6589378 0.5825957 0.6420223 0.5825957 0.6420223 0.5792061 0.6589378 0.5792078 0.642929 0.5825957 0.6420223 0.5792078 0.642929 0.5792095 0.6272897 0.01750588 0.283712 0.02047514 0.2842656 0.0139116 0.2982799 0.0139116 0.2982799 0.02047514 0.2842656 0.01689004 0.2987387 0.0139116 0.2982799 0.01689004 0.2987387 0.01103973 0.3134762 0.01103973 0.3134762 0.01689004 0.2987387 0.01402896 0.3137385 0.02811747 0.25306 0.02647531 0.2605358 0.02512466 0.2525091 0.02512466 0.2525091 0.02647531 0.2605358 0.02435392 0.2693355 0.02512466 0.2525091 0.02435392 0.2693355 0.01750588 0.283712 0.01750588 0.283712 0.02435392 0.2693355 0.02240473 0.2769193 0.01750588 0.283712 0.02240473 0.2769193 0.02047514 0.2842656 0.01329237 0.1013497 0.01515787 0.1131595 0.001261591 0.1015413 0.01515787 0.1131595 0.01570689 0.1155528 0.001261591 0.1015413 0.001261591 0.1015413 0.01570689 0.1155528 0.01268345 0.1159012 0.001261591 0.1015413 0.01268345 0.1159012 0.003612995 0.1169464 0.01329237 0.1013497 0.001261591 0.1015413 0.01304066 0.09817129 0.01304066 0.09817129 0.001261591 0.1015413 0.00103414 0.09803748 0.01304066 0.09817129 0.00103414 0.09803748 0.01306277 0.08707702 0.01306277 0.08707702 0.00103414 0.09803748 0.001200139 0.08568131 0.01306277 0.08707702 0.001200139 0.08568131 0.01328349 0.08447253 0.009725451 0.05411636 0.02047717 0.05922329 0.00637418 0.06186944 0.00637418 0.06186944 0.02047717 0.05922329 0.0177794 0.06538611 0.00637418 0.06186944 0.0177794 0.06538611 0.003873229 0.06974637 0.003873229 0.06974637 0.0177794 0.06538611 0.01570272 0.07165241 0.003873229 0.06974637 0.01570272 0.07165241 0.002167105 0.07769942 0.002167105 0.07769942 0.01570272 0.07165241 0.01328349 0.08447253 0.002167105 0.07769942 0.01328349 0.08447253 0.001472115 0.08275651 0.001472115 0.08275651 0.01328349 0.08447253 0.001200139 0.08568131 0.9451491 0.7496855 0.9315453 0.752007 0.945147 0.7441363 0.945147 0.7441363 0.9315453 0.752007 0.9315434 0.7457745 0.945147 0.7441363 0.9315434 0.7457745 0.9451463 0.7410926 0.9451463 0.7410926 0.9315434 0.7457745 0.9451448 0.7323703 0.9451448 0.7323703 0.9315434 0.7457745 0.9315418 0.7368429 0.9451448 0.7323703 0.9315418 0.7368429 0.9451447 0.7281275 0.9451447 0.7281275 0.9315418 0.7368429 0.9315419 0.7278512 0.9451447 0.7281275 0.9315419 0.7278512 0.9451448 0.7235953 0.9451448 0.7235953 0.9315419 0.7278512 0.9315432 0.7187672 0.9451448 0.7235953 0.9315432 0.7187672 0.9451465 0.7148447 0.9451465 0.7148447 0.9315432 0.7187672 0.9451471 0.7118898 0.9451471 0.7118898 0.9315432 0.7187672 0.9315462 0.7097598 0.9451471 0.7118898 0.9315462 0.7097598 0.9451535 0.6977238 0.9315713 0.676329 0.9451661 0.6816231 0.931563 0.684226 0.931563 0.684226 0.9451661 0.6816231 0.9451596 0.6888108 0.931563 0.684226 0.9451596 0.6888108 0.931556 0.6924642 0.931556 0.6924642 0.9451596 0.6888108 0.9451535 0.6977238 0.931556 0.6924642 0.9451535 0.6977238 0.9315505 0.7010072 0.9315505 0.7010072 0.9451535 0.6977238 0.9315462 0.7097598 0.5826019 0.4953711 0.5792134 0.4962674 0.5792145 0.4765119 0.5927667 0.4926823 0.5826019 0.4953711 0.5927723 0.471818 0.5927723 0.471818 0.5826019 0.4953711 0.5792145 0.4765119 0.5927723 0.471818 0.5792145 0.4765119 0.5927761 0.4608052 0.5927761 0.4608052 0.5792145 0.4765119 0.5792153 0.4661682 0.5927761 0.4608052 0.5792153 0.4661682 0.592779 0.4534912 0.592779 0.4534912 0.5792153 0.4661682 0.5792164 0.4593278 0.592779 0.4534912 0.5792164 0.4593278 0.5927828 0.4440782 0.5927828 0.4440782 0.5792164 0.4593278 0.5792178 0.4505604 0.2013318 0.07875329 0.1902392 0.08318907 0.1988806 0.07177799 0.1988806 0.07177799 0.1902392 0.08318907 0.1880197 0.07673025 0.1988806 0.07177799 0.1880197 0.07673025 0.1941846 0.06112265 0.1941846 0.06112265 0.1880197 0.07673025 0.1837726 0.06691426 0.1461546 0.4520817 0.1504446 0.4628342 0.1371642 0.4559065 0.1371642 0.4559065 0.1504446 0.4628342 0.1402338 0.4670857 0.1371642 0.4559065 0.1402338 0.4670857 0.1281677 0.4589417 0.24532 0.7860402 0.2316789 0.787138 0.2452811 0.7736763 0.09199124 0.4765446 0.08326202 0.4652943 0.09540712 0.4648734 0.09199124 0.4765446 0.09540712 0.4648734 0.1099757 0.4748266 0.1099757 0.4748266 0.09540712 0.4648734 0.1108138 0.4629808 0.1099757 0.4748266 0.1108138 0.4629808 0.1198118 0.4730084 0.1198118 0.4730084 0.1108138 0.4629808 0.1281677 0.4589417 0.1198118 0.4730084 0.1281677 0.4589417 0.1299603 0.4704526 0.1299603 0.4704526 0.1281677 0.4589417 0.1402338 0.4670857 0.5792095 0.7544308 0.5927848 0.7574056 0.5792122 0.764991 0.5792122 0.764991 0.5927848 0.7574056 0.5927886 0.7689293 0.5792122 0.764991 0.5927886 0.7689293 0.5792146 0.7731488 0.5792146 0.7731488 0.5927886 0.7689293 0.5927919 0.7778573 0.5792146 0.7731488 0.5927919 0.7778573 0.5792177 0.7810617 0.1504446 0.4628342 0.1461546 0.4520817 0.1590846 0.4584058 0.1590846 0.4584058 0.1461546 0.4520817 0.1538009 0.4480903 0.1590846 0.4584058 0.1538009 0.4480903 0.167468 0.4533081 0.167468 0.4533081 0.1538009 0.4480903 0.1612527 0.443486 0.167468 0.4533081 0.1612527 0.443486 0.1755583 0.4475624 0.1755583 0.4475624 0.1612527 0.443486 0.1684725 0.4382859 0.1755583 0.4475624 0.1684725 0.4382859 0.1832495 0.4412359 0.1832495 0.4412359 0.1684725 0.4382859 0.1753606 0.4325485 0.1832495 0.4412359 0.1753606 0.4325485 0.1905109 0.4343349 0.1905109 0.4343349 0.1753606 0.4325485 0.1818848 0.4262771 0.1905109 0.4343349 0.1818848 0.4262771 0.1956586 0.4287692 0.1956586 0.4287692 0.1818848 0.4262771 0.1879355 0.4195444 0.1956586 0.4287692 0.1879355 0.4195444 0.1972256 0.4269421 0.5927952 0.7865387 0.5792177 0.7810617 0.5927919 0.7778573 0.5927631 0.5185211 0.5927628 0.5438883 0.5826006 0.5458253 0.5826019 0.4953711 0.5927667 0.4926823 0.5826008 0.5089411 0.5826008 0.5089411 0.5927667 0.4926823 0.5927631 0.5185211 0.5826008 0.5089411 0.5927631 0.5185211 0.5826007 0.5205342 0.5826007 0.5205342 0.5927631 0.5185211 0.5826006 0.5458253 0.02980506 0.1765902 0.02065765 0.1777701 0.02643346 0.1598323 0.02643346 0.1598323 0.02065765 0.1777701 0.01727426 0.1614216 0.02643346 0.1598323 0.01727426 0.1614216 0.02175354 0.1445564 0.02175354 0.1445564 0.01727426 0.1614216 0.01261126 0.146291 0.02175354 0.1445564 0.01261126 0.146291 0.016819 0.1301251 0.016819 0.1301251 0.01261126 0.146291 0.007710278 0.131694 0.016819 0.1301251 0.007710278 0.131694 0.01268345 0.1159012 0.01268345 0.1159012 0.007710278 0.131694 0.003612995 0.1169464 0.5825943 0.6753246 0.5927619 0.6733292 0.5927638 0.683556 0.5927848 0.7574056 0.5792095 0.7544308 0.5927819 0.748836 0.5927819 0.748836 0.5792095 0.7544308 0.579208 0.7465544 0.5927819 0.748836 0.579208 0.7465544 0.5927793 0.7402088 0.5927793 0.7402088 0.579208 0.7465544 0.5792069 0.738604 0.5927793 0.7402088 0.5792069 0.738604 0.5927737 0.7227455 0.5927737 0.7227455 0.5792069 0.738604 0.5792052 0.7224397 0.5927737 0.7227455 0.5792052 0.7224397 0.5927712 0.7138959 0.5927712 0.7138959 0.5792052 0.7224397 0.5792045 0.7142078 0.5927712 0.7138959 0.5792045 0.7142078 0.5927686 0.7038158 0.5927686 0.7038158 0.5792045 0.7142078 0.5792042 0.7047927 0.5927686 0.7038158 0.5792042 0.7047927 0.5927658 0.6929007 0.5927658 0.6929007 0.5792042 0.7047927 0.5792042 0.6945443 0.5927658 0.6929007 0.5792042 0.6945443 0.5927638 0.683556 0.5927638 0.683556 0.5792042 0.6945443 0.5792045 0.6857178 0.5927638 0.683556 0.5792045 0.6857178 0.5825943 0.6753246 0.5825943 0.6753246 0.5792045 0.6857178 0.5792049 0.6759896 0.5927618 0.6077788 0.5825986 0.6104547 0.5825996 0.5938351 0.5927618 0.6077788 0.5825996 0.5938351 0.5927625 0.5913395 0.5927625 0.5913395 0.5825996 0.5938351 0.5826001 0.5770213 0.5927625 0.5913395 0.5826001 0.5770213 0.5927627 0.5747427 0.5927627 0.5747427 0.5826001 0.5770213 0.5826006 0.5458253 0.5927627 0.5747427 0.5826006 0.5458253 0.5927628 0.5438883 0.02512466 0.2525091 0.01621145 0.2511434 0.02592474 0.2484387 0.02592474 0.2484387 0.01621145 0.2511434 0.01931554 0.2334204 0.02592474 0.2484387 0.01931554 0.2334204 0.02827888 0.2342486 0.02827888 0.2342486 0.01931554 0.2334204 0.03040724 0.2147662 0.03040724 0.2147662 0.01931554 0.2334204 0.021375 0.2146222 0.03040724 0.2147662 0.021375 0.2146222 0.03106445 0.1951754 0.03106445 0.1951754 0.021375 0.2146222 0.02196419 0.1957413 0.03106445 0.1951754 0.02196419 0.1957413 0.03073036 0.1861193 0.03073036 0.1861193 0.02196419 0.1957413 0.02065765 0.1777701 0.03073036 0.1861193 0.02065765 0.1777701 0.02980506 0.1765902 0.5927619 0.6733292 0.5825943 0.6753246 0.5927602 0.6556313 0.5927602 0.6556313 0.5825943 0.6753246 0.5825947 0.6581112 0.5927602 0.6556313 0.5825947 0.6581112 0.5927602 0.6393021 0.5927602 0.6393021 0.5825947 0.6581112 0.5825957 0.6420223 0.5927602 0.6393021 0.5825957 0.6420223 0.5927618 0.6077788 0.5927618 0.6077788 0.5825957 0.6420223 0.5825986 0.6104547 0.01621145 0.2511434 0.02512466 0.2525091 0.008598029 0.282051 0.008598029 0.282051 0.02512466 0.2525091 0.01750588 0.283712 0.008598029 0.282051 0.01750588 0.283712 0.004976332 0.2969038 0.004976332 0.2969038 0.01750588 0.283712 0.0139116 0.2982799 0.004976332 0.2969038 0.0139116 0.2982799 0.002071917 0.3126894 0.002071917 0.3126894 0.0139116 0.2982799 0.01103973 0.3134762 0.01103973 0.3134762 0.01402896 0.3137385 0.0126881 0.3248211 0.002071917 0.3126894 0.01103973 0.3134762 3.05839e-4 0.3300392 3.05839e-4 0.3300392 0.01103973 0.3134762 0.0126881 0.3248211 3.05839e-4 0.3300392 0.0126881 0.3248211 0 0.3369389 0 0.3369389 0.0126881 0.3248211 0.0119701 0.3362726 0 0.3369389 0.0119701 0.3362726 0 0.3481095 0 0.3481095 0.0119701 0.3362726 0.01191306 0.3465169 0 0.3481095 0.01191306 0.3465169 5.65448e-4 0.3579542 5.65448e-4 0.3579542 0.01191306 0.3465169 0.01237165 0.355488 5.65448e-4 0.3579542 0.01237165 0.355488 0.001452028 0.3656875 0.001452028 0.3656875 0.01237165 0.355488 0.01312297 0.3624992 0.001452028 0.3656875 0.01312297 0.3624992 0.002930223 0.373913 0.002930223 0.373913 0.01312297 0.3624992 0.01454281 0.3706429 0.002930223 0.373913 0.01454281 0.3706429 0.004959464 0.3815608 0.004959464 0.3815608 0.01454281 0.3706429 0.01613068 0.3767848 0.2453145 0.8635188 0.2317025 0.8604954 0.2453085 0.8536856 0.2453085 0.8536856 0.2317025 0.8604954 0.2316937 0.8513303 0.2453219 0.8752584 0.2317085 0.8712437 0.2453217 0.8745947 0.2453217 0.8745947 0.2317085 0.8712437 0.2317085 0.8706539 0.2453217 0.8745947 0.2317085 0.8706539 0.2453145 0.8635188 0.2453145 0.8635188 0.2317085 0.8706539 0.2317062 0.8655886 0.2453145 0.8635188 0.2317062 0.8655886 0.2317025 0.8604954 0.004959464 0.3815608 0.01613068 0.3767848 0.007552802 0.3885111 0.007552802 0.3885111 0.01613068 0.3767848 0.01828074 0.3828003 0.007552802 0.3885111 0.01828074 0.3828003 0.01062715 0.3947724 0.01062715 0.3947724 0.01828074 0.3828003 0.02083426 0.3882128 0.2453243 0.8863667 0.2317084 0.8813706 0.2453219 0.8752584 0.2453219 0.8752584 0.2317084 0.8813706 0.2317093 0.8758153 0.2453219 0.8752584 0.2317093 0.8758153 0.2317085 0.8712437 0.04541021 0.9005049 0.02525514 0.9010888 0.04540956 0.8926529 0.04540956 0.8926529 0.02525514 0.9010888 0.02525502 0.8942111 0.04540956 0.8926529 0.02525502 0.8942111 0.04540848 0.8842419 0.04540848 0.8842419 0.02525502 0.8942111 0.0252543 0.886895 0.04540848 0.8842419 0.0252543 0.886895 0.04540735 0.8753805 0.04540735 0.8753805 0.0252543 0.886895 0.02525258 0.8711313 0.04540735 0.8753805 0.02525258 0.8711313 0.04540574 0.8661772 0.04540574 0.8661772 0.02525258 0.8711313 0.0252512 0.862725 0.04540574 0.8661772 0.0252512 0.862725 0.04540401 0.8567407 0.04540401 0.8567407 0.0252512 0.862725 0.02524948 0.8541653 0.04540401 0.8567407 0.02524948 0.8541653 0.0454021 0.8471797 0.0454021 0.8471797 0.02524948 0.8541653 0.02524757 0.8456242 0.0454021 0.8471797 0.02524757 0.8456242 0.0453996 0.8376026 0.0453996 0.8376026 0.02524757 0.8456242 0.0252453 0.8370844 0.0453996 0.8376026 0.0252453 0.8370844 0.0453971 0.8281183 0.0453971 0.8281183 0.0252453 0.8370844 0.02524262 0.82788 0.06216877 0.8997172 0.04541021 0.9005049 0.06216764 0.8919892 0.06216764 0.8919892 0.04541021 0.9005049 0.04540956 0.8926529 0.06216764 0.8919892 0.04540956 0.8926529 0.06216633 0.8837098 0.06216633 0.8837098 0.04540956 0.8926529 0.04540848 0.8842419 0.06216633 0.8837098 0.04540848 0.8842419 0.06216496 0.8749857 0.06216496 0.8749857 0.04540848 0.8842419 0.04540735 0.8753805 0.06216496 0.8749857 0.04540735 0.8753805 0.06216353 0.8659241 0.06216353 0.8659241 0.04540735 0.8753805 0.04540574 0.8661772 0.06216353 0.8659241 0.04540574 0.8661772 0.06216174 0.8566321 0.06216174 0.8566321 0.04540574 0.8661772 0.04540401 0.8567407 0.06216174 0.8566321 0.04540401 0.8567407 0.06215959 0.8472164 0.06215959 0.8472164 0.04540401 0.8567407 0.0454021 0.8471797 0.06215959 0.8472164 0.0454021 0.8471797 0.06215751 0.8377844 0.06215751 0.8377844 0.0454021 0.8471797 0.0453996 0.8376026 0.06215751 0.8377844 0.0453996 0.8376026 0.062155 0.828443 0.062155 0.828443 0.0453996 0.8376026 0.0453971 0.8281183 0.02614313 0.06210309 0.02047717 0.05922329 0.02419501 0.05257695 0.02614313 0.06210309 0.02419501 0.05257695 0.03121554 0.05338215 0.03121554 0.05338215 0.02419501 0.05257695 0.02864831 0.04616326 0.03121554 0.05338215 0.02864831 0.04616326 0.03365397 0.04993975 0.03365397 0.04993975 0.02864831 0.04616326 0.03377902 0.04006308 0.03365397 0.04993975 0.03377902 0.04006308 0.03835809 0.04422807 0.03835809 0.04422807 0.03377902 0.04006308 0.0395292 0.0343576 0.03835809 0.04422807 0.0395292 0.0343576 0.04366242 0.03889107 0.04366242 0.03889107 0.0395292 0.0343576 0.04584079 0.02912807 0.04366242 0.03889107 0.04584079 0.02912807 0.04436647 0.03825408 0.04436647 0.03825408 0.04584079 0.02912807 0.05265563 0.02445524 0.04436647 0.03825408 0.05265563 0.02445524 0.05586135 0.02969872 0.05586135 0.02969872 0.05265563 0.02445524 0.05991584 0.02042049 0.05586135 0.02969872 0.05991584 0.02042049 0.06086641 0.02687174 0.06086641 0.02687174 0.05991584 0.02042049 0.06756335 0.0171048 0.06086641 0.02687174 0.06756335 0.0171048 0.0697332 0.02293848 0.01951736 0.1148225 0.01570689 0.1155528 0.01877301 0.110928 0.01877301 0.110928 0.01570689 0.1155528 0.01515787 0.1131595 0.01877301 0.110928 0.01515787 0.1131595 0.017771 0.1012517 0.01515787 0.1131595 0.01329237 0.1013497 0.017771 0.1012517 0.017771 0.1012517 0.01329237 0.1013497 0.01304066 0.09817129 0.017771 0.1012517 0.01304066 0.09817129 0.01800376 0.09089773 0.01800376 0.09089773 0.01304066 0.09817129 0.01306277 0.08707702 0.01800376 0.09089773 0.01306277 0.08707702 0.01833194 0.08782994 0.01833194 0.08782994 0.01306277 0.08707702 0.01328349 0.08447253 0.01833194 0.08782994 0.01328349 0.08447253 0.01944607 0.08124572 0.01944607 0.08124572 0.01328349 0.08447253 0.01570272 0.07165241 0.01944607 0.08124572 0.01570272 0.07165241 0.02111053 0.07476145 0.02111053 0.07476145 0.01570272 0.07165241 0.0177794 0.06538611 0.02111053 0.07476145 0.0177794 0.06538611 0.02223998 0.07130539 0.02223998 0.07130539 0.0177794 0.06538611 0.02047717 0.05922329 0.02223998 0.07130539 0.02047717 0.05922329 0.02614313 0.06210309 0.04396182 0.1571179 0.03836083 0.1621379 0.03500372 0.1550109 0.03836083 0.1621379 0.04396182 0.1571179 0.04301601 0.1695708 0.04301601 0.1695708 0.04396182 0.1571179 0.04909569 0.1613946 0.04301601 0.1695708 0.04909569 0.1613946 0.05081719 0.1626746 0.02970451 0.1410923 0.03482323 0.1473198 0.03500372 0.1550109 0.03500372 0.1550109 0.03482323 0.1473198 0.03877598 0.1519666 0.03500372 0.1550109 0.03877598 0.1519666 0.04396182 0.1571179 0.02480095 0.1439782 0.0198552 0.1296021 0.02449947 0.1301377 0.02449947 0.1301377 0.0198552 0.1296021 0.01570689 0.1155528 0.02449947 0.1301377 0.01570689 0.1155528 0.01951736 0.1148225 0.04301601 0.1695708 0.03294712 0.1761108 0.03160297 0.1684015 0.04301601 0.1695708 0.03160297 0.1684015 0.03836083 0.1621379 0.03836083 0.1621379 0.03160297 0.1684015 0.02952331 0.1594426 0.03836083 0.1621379 0.02952331 0.1594426 0.03500372 0.1550109 0.03500372 0.1550109 0.02952331 0.1594426 0.02480095 0.1439782 0.03500372 0.1550109 0.02480095 0.1439782 0.02970451 0.1410923 0.02970451 0.1410923 0.02480095 0.1439782 0.02449947 0.1301377 0.02970451 0.1410923 0.02449947 0.1301377 0.03482323 0.1473198 0.05571132 0.1659453 0.06197619 0.1694288 0.05238676 0.1693806 0.05238676 0.1693806 0.06197619 0.1694288 0.06227755 0.1695784 0.05238676 0.1693806 0.06227755 0.1695784 0.04484945 0.1752197 0.04484945 0.1752197 0.06227755 0.1695784 0.06642007 0.1714779 0.04484945 0.1752197 0.06642007 0.1714779 0.08016097 0.1758956 0.05081719 0.1626746 0.05571132 0.1659453 0.04301601 0.1695708 0.04301601 0.1695708 0.05571132 0.1659453 0.05238676 0.1693806 0.04301601 0.1695708 0.05238676 0.1693806 0.03294712 0.1761108 0.03294712 0.1761108 0.05238676 0.1693806 0.04484945 0.1752197 0.1775339 0.2418895 0.1555383 0.2427726 0.1569792 0.2332935 0.03372621 0.1848235 0.03369718 0.1843636 0.04467469 0.1849896 0.0758444 0.1855051 0.07523894 0.1951028 0.05472457 0.1950216 0.1377778 0.2045091 0.1363486 0.2027645 0.1572282 0.2054874 0.1027655 0.2166275 0.1032813 0.2203843 0.07329601 0.2345495 0.07329601 0.2345495 0.1032813 0.2203843 0.1048421 0.2246361 0.07329601 0.2345495 0.1048421 0.2246361 0.1064339 0.2272439 0.103144 0.212004 0.1027655 0.2166275 0.07458859 0.2147586 0.1084203 0.202196 0.1064882 0.2044505 0.07523894 0.1951028 0.07523894 0.1951028 0.1064882 0.2044505 0.1039552 0.2091634 0.07523894 0.1951028 0.1039552 0.2091634 0.05472457 0.1950216 0.05472457 0.1950216 0.1039552 0.2091634 0.103144 0.212004 0.05472457 0.1950216 0.103144 0.212004 0.03406888 0.2012086 0.03406888 0.2012086 0.103144 0.212004 0.07458859 0.2147586 0.03406888 0.2012086 0.07458859 0.2147586 0.03397828 0.2046054 0.03397828 0.2046054 0.07458859 0.2147586 0.03341799 0.2148141 0.1572282 0.2054874 0.1363486 0.2027645 0.1566481 0.1964437 0.1235812 0.1965798 0.1213583 0.1965387 0.1158225 0.1955423 0.1158225 0.1955423 0.1213583 0.1965387 0.1153879 0.1977291 0.1158225 0.1955423 0.1153879 0.1977291 0.07523894 0.1951028 0.07523894 0.1951028 0.1153879 0.1977291 0.1107392 0.2002161 0.07523894 0.1951028 0.1107392 0.2002161 0.1084203 0.202196 0.1363486 0.2027645 0.1315426 0.1989764 0.1566481 0.1964437 0.1566481 0.1964437 0.1315426 0.1989764 0.1288161 0.197722 0.1566481 0.1964437 0.1288161 0.197722 0.1251564 0.196765 0.1266138 0.2347142 0.1301894 0.2334792 0.1569792 0.2332935 0.1301894 0.2334792 0.1334733 0.2315605 0.1569792 0.2332935 0.1569792 0.2332935 0.1334733 0.2315605 0.1335053 0.2315372 0.1569792 0.2332935 0.1335053 0.2315372 0.1363101 0.2290461 0.1402678 0.222606 0.200209 0.2314259 0.1386041 0.2260248 0.1386041 0.2260248 0.200209 0.2314259 0.1569792 0.2332935 0.1386041 0.2260248 0.1569792 0.2332935 0.1385834 0.2260584 0.1385834 0.2260584 0.1569792 0.2332935 0.1363101 0.2290461 0.1402678 0.222606 0.1412283 0.2189465 0.200209 0.2314259 0.200209 0.2314259 0.1412283 0.2189465 0.1413339 0.2181927 0.200209 0.2314259 0.1413339 0.2181927 0.1574061 0.214635 0.1574061 0.214635 0.1413339 0.2181927 0.1414577 0.2151414 0.1574061 0.214635 0.1414577 0.2151414 0.1572282 0.2054874 0.1572282 0.2054874 0.1414577 0.2151414 0.1405325 0.2099265 0.1572282 0.2054874 0.1405325 0.2099265 0.1377778 0.2045091 0.1266138 0.2347142 0.1569792 0.2332935 0.1259014 0.2348704 0.1259014 0.2348704 0.1569792 0.2332935 0.1555383 0.2427726 0.1259014 0.2348704 0.1555383 0.2427726 0.113978 0.2439864 0.1101047 0.231072 0.1153907 0.2340409 0.1148914 0.2341617 0.1148914 0.2341617 0.1153907 0.2340409 0.1175982 0.2347115 0.1148914 0.2341617 0.1175982 0.2347115 0.113978 0.2439864 0.113978 0.2439864 0.1175982 0.2347115 0.1228443 0.2352311 0.113978 0.2439864 0.1228443 0.2352311 0.1259014 0.2348704 0.03369718 0.1843636 0.03294712 0.1761108 0.04467469 0.1849896 0.04467469 0.1849896 0.03294712 0.1761108 0.04484945 0.1752197 0.04467469 0.1849896 0.04484945 0.1752197 0.05540788 0.1853766 0.05540788 0.1853766 0.04484945 0.1752197 0.08016097 0.1758956 0.1112028 0.1766811 0.1153009 0.1861056 0.1057468 0.1774259 0.1057468 0.1774259 0.1153009 0.1861056 0.1158225 0.1955423 0.1057468 0.1774259 0.1158225 0.1955423 0.08570772 0.1769359 0.08570772 0.1769359 0.1158225 0.1955423 0.07523894 0.1951028 0.08570772 0.1769359 0.07523894 0.1951028 0.08016097 0.1758956 0.08016097 0.1758956 0.07523894 0.1951028 0.0758444 0.1855051 0.08016097 0.1758956 0.0758444 0.1855051 0.05540788 0.1853766 0.05540788 0.1853766 0.0758444 0.1855051 0.05472457 0.1950216 0.05540788 0.1853766 0.05472457 0.1950216 0.04467469 0.1849896 0.04467469 0.1849896 0.05472457 0.1950216 0.03406888 0.2012086 0.04467469 0.1849896 0.03406888 0.2012086 0.03372621 0.1848235 0.1064339 0.2272439 0.1101047 0.231072 0.07329601 0.2345495 0.07329601 0.2345495 0.1101047 0.231072 0.1148914 0.2341617 0.07329601 0.2345495 0.1148914 0.2341617 0.07313841 0.244372 0.07313841 0.244372 0.1148914 0.2341617 0.113978 0.2439864 0.05343991 0.2546086 0.03585118 0.2541357 0.05207246 0.244291 0.05207246 0.244291 0.03585118 0.2541357 0.04098415 0.2445361 0.05207246 0.244291 0.04098415 0.2445361 0.05233013 0.2345684 0.05233013 0.2345684 0.04098415 0.2445361 0.04180449 0.2345505 0.1027655 0.2166275 0.07329601 0.2345495 0.07458859 0.2147586 0.07458859 0.2147586 0.07329601 0.2345495 0.03290647 0.2207928 0.07458859 0.2147586 0.03290647 0.2207928 0.03341799 0.2148141 0.1775339 0.2418895 0.1569792 0.2332935 0.1891931 0.2417032 0.1891931 0.2417032 0.1569792 0.2332935 0.200209 0.2314259 0.1891931 0.2417032 0.200209 0.2314259 0.2012138 0.2416938 0.2012138 0.2416938 0.202136 0.2494183 0.1891931 0.2417032 0.1891931 0.2417032 0.202136 0.2494183 0.1893095 0.2511786 0.1891931 0.2417032 0.1893095 0.2511786 0.1775339 0.2418895 0.1775339 0.2418895 0.1893095 0.2511786 0.1843179 0.2515289 0.1775339 0.2418895 0.1843179 0.2515289 0.1555383 0.2427726 0.1981974 0.1824071 0.1984143 0.1978077 0.1912292 0.1810842 0.1912292 0.1810842 0.1984143 0.1978077 0.1879201 0.1974441 0.1984143 0.1978077 0.1986711 0.2060541 0.1879201 0.1974441 0.1879201 0.1974441 0.1986711 0.2060541 0.177447 0.1970895 0.1879201 0.1974441 0.177447 0.1970895 0.1912292 0.1810842 0.1912292 0.1810842 0.177447 0.1970895 0.1759707 0.1885566 0.1912292 0.1810842 0.1759707 0.1885566 0.1722922 0.1793599 0.1251564 0.196765 0.1235812 0.1965798 0.1566481 0.1964437 0.1566481 0.1964437 0.1235812 0.1965798 0.1158225 0.1955423 0.1566481 0.1964437 0.1158225 0.1955423 0.1550881 0.1875072 0.1550881 0.1875072 0.1158225 0.1955423 0.1153009 0.1861056 0.1550881 0.1875072 0.1153009 0.1861056 0.1505495 0.1782169 0.1505495 0.1782169 0.1153009 0.1861056 0.1112028 0.1766811 0.1505495 0.1782169 0.1722922 0.1793599 0.1550881 0.1875072 0.1550881 0.1875072 0.1722922 0.1793599 0.1759707 0.1885566 0.1550881 0.1875072 0.1759707 0.1885566 0.1566481 0.1964437 0.1566481 0.1964437 0.1759707 0.1885566 0.177447 0.1970895 0.1566481 0.1964437 0.177447 0.1970895 0.1572282 0.2054874 0.1572282 0.2054874 0.177447 0.1970895 0.1986711 0.2060541 0.1572282 0.2054874 0.1986711 0.2060541 0.1574061 0.214635 0.1574061 0.214635 0.1986711 0.2060541 0.1990531 0.2145668 0.1574061 0.214635 0.1990531 0.2145668 0.200209 0.2314259 0.03114271 0.2353909 0.04180449 0.2345505 0.02959829 0.2450712 0.02959829 0.2450712 0.04180449 0.2345505 0.04098415 0.2445361 0.02959829 0.2450712 0.04098415 0.2445361 0.0287584 0.2497504 0.0287584 0.2497504 0.04098415 0.2445361 0.03585118 0.2541357 0.0287584 0.2497504 0.03585118 0.2541357 0.02811747 0.25306 0.03114271 0.2353909 0.03126621 0.2345272 0.04180449 0.2345505 0.04180449 0.2345505 0.03126621 0.2345272 0.03290647 0.2207928 0.04180449 0.2345505 0.03290647 0.2207928 0.05233013 0.2345684 0.05233013 0.2345684 0.03290647 0.2207928 0.07329601 0.2345495 0.05233013 0.2345684 0.07329601 0.2345495 0.05207246 0.244291 0.05207246 0.244291 0.07329601 0.2345495 0.07313841 0.244372 0.05207246 0.244291 0.07313841 0.244372 0.05343991 0.2546086 0.05343991 0.2546086 0.07313841 0.244372 0.113978 0.2439864 0.05343991 0.2546086 0.113978 0.2439864 0.1127615 0.2538639 0.1127615 0.2538639 0.113978 0.2439864 0.1555383 0.2427726 0.1127615 0.2538639 0.1555383 0.2427726 0.134299 0.2532976 0.134299 0.2532976 0.1555383 0.2427726 0.1843179 0.2515289 0.1657193 0.1730492 0.1468286 0.1722385 0.1428134 0.1662473 0.1468286 0.1722385 0.1252781 0.1729169 0.1428134 0.1662473 0.1428134 0.1662473 0.1252781 0.1729169 0.1394764 0.1660345 0.1428134 0.1662473 0.1394764 0.1660345 0.1430745 0.1636924 0.1112028 0.1766811 0.1252781 0.1729169 0.1505495 0.1782169 0.1505495 0.1782169 0.1252781 0.1729169 0.1468286 0.1722385 0.1505495 0.1782169 0.1468286 0.1722385 0.1722922 0.1793599 0.1722922 0.1793599 0.1468286 0.1722385 0.1657193 0.1730492 0.1722922 0.1793599 0.1657193 0.1730492 0.1912292 0.1810842 0.1843149 0.1744999 0.1753472 0.1736958 0.1734927 0.1668649 0.1734927 0.1668649 0.1753472 0.1736958 0.1586135 0.1664761 0.1734927 0.1668649 0.1586135 0.1664761 0.1553823 0.153218 0.1553823 0.153218 0.1586135 0.1664761 0.1501824 0.158174 0.1430745 0.1636924 0.1501824 0.158174 0.1428134 0.1662473 0.1428134 0.1662473 0.1501824 0.158174 0.1586135 0.1664761 0.1428134 0.1662473 0.1586135 0.1664761 0.1657193 0.1730492 0.1657193 0.1730492 0.1586135 0.1664761 0.1753472 0.1736958 0.1657193 0.1730492 0.1753472 0.1736958 0.1912292 0.1810842 0.1912292 0.1810842 0.1753472 0.1736958 0.1843149 0.1744999 0.1912292 0.1810842 0.1843149 0.1744999 0.1981974 0.1824071 0.1807137 0.1524312 0.1661891 0.1390916 0.1815163 0.1476014 0.1815163 0.1476014 0.1661891 0.1390916 0.169169 0.1336749 0.1815163 0.1476014 0.169169 0.1336749 0.1822345 0.1374671 0.1822345 0.1374671 0.169169 0.1336749 0.1734317 0.1234485 0.1640723 0.1424214 0.1792309 0.157053 0.1616809 0.1457937 0.1616809 0.1457937 0.1792309 0.157053 0.1761719 0.1610261 0.1616809 0.1457937 0.1761719 0.1610261 0.1588906 0.1493106 0.1588906 0.1493106 0.1761719 0.1610261 0.1580178 0.1503319 0.1580178 0.1503319 0.1761719 0.1610261 0.1734927 0.1668649 0.1580178 0.1503319 0.1734927 0.1668649 0.1553823 0.153218 0.1981974 0.1824071 0.1843149 0.1744999 0.1923974 0.1721242 0.1923974 0.1721242 0.1843149 0.1744999 0.1867731 0.1682308 0.1923974 0.1721242 0.1867731 0.1682308 0.1886944 0.1630347 0.1843149 0.1744999 0.1734927 0.1668649 0.1867731 0.1682308 0.1867731 0.1682308 0.1734927 0.1668649 0.1761719 0.1610261 0.1867731 0.1682308 0.1761719 0.1610261 0.1886944 0.1630347 0.1886944 0.1630347 0.1761719 0.1610261 0.1792309 0.157053 0.1886944 0.1630347 0.1792309 0.157053 0.1807137 0.1524312 0.1807137 0.1524312 0.1792309 0.157053 0.1640723 0.1424214 0.1807137 0.1524312 0.1640723 0.1424214 0.1661891 0.1390916 0.1734317 0.1234485 0.1979239 0.1312766 0.1822345 0.1374671 0.1822345 0.1374671 0.1979239 0.1312766 0.1983894 0.1450492 0.1822345 0.1374671 0.1983894 0.1450492 0.1815163 0.1476014 0.1815163 0.1476014 0.1983894 0.1450492 0.1984223 0.1567881 0.1815163 0.1476014 0.1984223 0.1567881 0.1807137 0.1524312 0.1807137 0.1524312 0.1984223 0.1567881 0.1983612 0.1628596 0.1807137 0.1524312 0.1983612 0.1628596 0.1886944 0.1630347 0.1886944 0.1630347 0.1983612 0.1628596 0.1982854 0.1690778 0.1886944 0.1630347 0.1982854 0.1690778 0.1923974 0.1721242 0.1923974 0.1721242 0.1982854 0.1690778 0.1982175 0.1762765 0.1923974 0.1721242 0.1982175 0.1762765 0.1981974 0.1824071 0.1729099 0.07079118 0.1837726 0.06691426 0.1880197 0.07673025 0.1729099 0.07079118 0.1880197 0.07673025 0.1743009 0.07502323 0.1743009 0.07502323 0.1880197 0.07673025 0.1902392 0.08318907 0.1743009 0.07502323 0.1902392 0.08318907 0.1766442 0.08532857 0.1766442 0.08532857 0.1902392 0.08318907 0.1775746 0.09479916 0.1775746 0.09479916 0.1902392 0.08318907 0.1928293 0.09263217 0.1775746 0.09479916 0.1928293 0.09263217 0.1776151 0.09958487 0.1928293 0.09263217 0.1943826 0.09990799 0.1776151 0.09958487 0.1776151 0.09958487 0.1943826 0.09990799 0.1961168 0.1107894 0.1776151 0.09958487 0.1961168 0.1107894 0.1758273 0.114768 0.1758273 0.114768 0.1961168 0.1107894 0.1979239 0.1312766 0.1758273 0.114768 0.1979239 0.1312766 0.1734317 0.1234485 0.1311951 0.0252695 0.1340245 0.01916587 0.1391198 0.02155202 0.1311951 0.0252695 0.1391198 0.02155202 0.1378922 0.02875494 0.1378922 0.02875494 0.1391198 0.02155202 0.141831 0.02298194 0.1378922 0.02875494 0.141831 0.02298194 0.13828 0.02898216 0.13828 0.02898216 0.141831 0.02298194 0.1492903 0.02752947 0.13828 0.02898216 0.1492903 0.02752947 0.1449708 0.03339314 0.1449708 0.03339314 0.1492903 0.02752947 0.1527581 0.02997434 0.1449708 0.03339314 0.1527581 0.02997434 0.1511847 0.03844988 0.1527581 0.02997434 0.1563491 0.0327503 0.1511847 0.03844988 0.1511847 0.03844988 0.1563491 0.0327503 0.1629542 0.03858619 0.1511847 0.03844988 0.1629542 0.03858619 0.1538162 0.04093003 0.1538162 0.04093003 0.1629542 0.03858619 0.1650863 0.0406993 0.1538162 0.04093003 0.1650863 0.0406993 0.1619045 0.05024242 0.1619045 0.05024242 0.1650863 0.0406993 0.1745902 0.05186992 0.1619045 0.05024242 0.1745902 0.05186992 0.166212 0.05668276 0.166212 0.05668276 0.1745902 0.05186992 0.1799104 0.05985444 0.166212 0.05668276 0.1799104 0.05985444 0.1699593 0.06368523 0.1699593 0.06368523 0.1799104 0.05985444 0.1837726 0.06691426 0.1699593 0.06368523 0.1837726 0.06691426 0.1729099 0.07079118 0.06756335 0.0171048 0.07553672 0.01457548 0.0697332 0.02293848 0.0697332 0.02293848 0.07553672 0.01457548 0.07967859 0.01995044 0.07553672 0.01457548 0.08376145 0.01284497 0.07967859 0.01995044 0.07967859 0.01995044 0.08376145 0.01284497 0.09215956 0.01191192 0.07967859 0.01995044 0.09215956 0.01191192 0.09255027 0.01806491 0.09255027 0.01806491 0.09215956 0.01191192 0.09962111 0.01792496 0.09962111 0.01792496 0.09215956 0.01191192 0.1006532 0.01177543 0.09962111 0.01792496 0.1006532 0.01177543 0.1004366 0.0179491 0.1004366 0.0179491 0.1006532 0.01177543 0.1091644 0.0124337 0.1004366 0.0179491 0.1091644 0.0124337 0.1083293 0.01861518 0.1083293 0.01861518 0.1091644 0.0124337 0.1176153 0.01388573 0.1083293 0.01861518 0.1176153 0.01388573 0.1161407 0.02006435 0.1161407 0.02006435 0.1176153 0.01388573 0.1259279 0.0161302 0.1161407 0.02006435 0.1259279 0.0161302 0.1194407 0.0209226 0.1194407 0.0209226 0.1259279 0.0161302 0.1340245 0.01916587 0.1194407 0.0209226 0.1340245 0.01916587 0.1311951 0.0252695 0.9147827 0.7523189 0.9315453 0.752007 0.9147873 0.7618938 0.9147873 0.7618938 0.9315453 0.752007 0.9315497 0.7614477 0.9147873 0.7618938 0.9315497 0.7614477 0.9147938 0.7711812 0.9147938 0.7711812 0.9315497 0.7614477 0.9315557 0.7706039 0.9147938 0.7711812 0.9315557 0.7706039 0.9148015 0.7801028 0.9148015 0.7801028 0.9315557 0.7706039 0.9315633 0.7793985 0.9148015 0.7801028 0.9315633 0.7793985 0.914811 0.7885802 0.914811 0.7885802 0.9315633 0.7793985 0.9315724 0.7877545 0.04538357 0.7929203 0.06214243 0.7937695 0.04538726 0.8011558 0.04538726 0.8011558 0.06214243 0.7937695 0.06214588 0.801883 0.04538726 0.8011558 0.06214588 0.801883 0.04539078 0.8098172 0.04539078 0.8098172 0.06214588 0.801883 0.06214916 0.8104156 0.04539078 0.8098172 0.06214916 0.8104156 0.04539394 0.8188297 0.04539394 0.8188297 0.06214916 0.8104156 0.0621522 0.8192936 0.04539394 0.8188297 0.0621522 0.8192936 0.0453971 0.8281183 0.0453971 0.8281183 0.0621522 0.8192936 0.062155 0.828443 0.8946249 0.7525498 0.9147827 0.7523189 0.8946318 0.7650708 0.8946318 0.7650708 0.9147827 0.7523189 0.9147873 0.7618938 0.8946318 0.7650708 0.9147873 0.7618938 0.8946377 0.7730398 0.8946377 0.7730398 0.9147873 0.7618938 0.9147938 0.7711812 0.8946377 0.7730398 0.9147938 0.7711812 0.8946449 0.7807293 0.8946449 0.7807293 0.9147938 0.7711812 0.9148015 0.7801028 0.8946449 0.7807293 0.9148015 0.7801028 0.8946543 0.789191 0.8946543 0.789191 0.9148015 0.7801028 0.914811 0.7885802 0.02522873 0.7922943 0.04538357 0.7929203 0.0252313 0.7981076 0.0252313 0.7981076 0.04538357 0.7929203 0.04538726 0.8011558 0.0252313 0.7981076 0.04538726 0.8011558 0.0252375 0.8125795 0.0252375 0.8125795 0.04538726 0.8011558 0.04539078 0.8098172 0.0252375 0.8125795 0.04539078 0.8098172 0.02524018 0.8201398 0.02524018 0.8201398 0.04539078 0.8098172 0.04539394 0.8188297 0.02524018 0.8201398 0.04539394 0.8188297 0.02524262 0.82788 0.02524262 0.82788 0.04539394 0.8188297 0.0453971 0.8281183 0.0226857 0.3739178 0.01613068 0.3767848 0.01454281 0.3706429 0.0226857 0.3739178 0.01454281 0.3706429 0.01836174 0.3611515 0.01836174 0.3611515 0.01454281 0.3706429 0.01312297 0.3624992 0.01836174 0.3611515 0.01312297 0.3624992 0.01710134 0.3550322 0.01710134 0.3550322 0.01312297 0.3624992 0.01237165 0.355488 0.01710134 0.3550322 0.01237165 0.355488 0.01613897 0.346189 0.01237165 0.355488 0.01191306 0.3465169 0.01613897 0.346189 0.01613897 0.346189 0.01191306 0.3465169 0.0119701 0.3362726 0.01613897 0.346189 0.0119701 0.3362726 0.01633208 0.335002 0.01633208 0.335002 0.0119701 0.3362726 0.02044779 0.3157543 0.02044779 0.3157543 0.0119701 0.3362726 0.0126881 0.3248211 0.02044779 0.3157543 0.0126881 0.3248211 0.01402896 0.3137385 0.03368484 0.3920943 0.02731126 0.3979449 0.02692121 0.3974615 0.03368484 0.3920943 0.02692121 0.3974615 0.03315156 0.391424 0.02692121 0.3974615 0.024024 0.393518 0.03315156 0.391424 0.03315156 0.391424 0.024024 0.393518 0.02083426 0.3882128 0.03315156 0.391424 0.02083426 0.3882128 0.02802598 0.3841028 0.02802598 0.3841028 0.02083426 0.3882128 0.01828074 0.3828003 0.02802598 0.3841028 0.01828074 0.3828003 0.0228278 0.3742419 0.0228278 0.3742419 0.01828074 0.3828003 0.01613068 0.3767848 0.0228278 0.3742419 0.01613068 0.3767848 0.0226857 0.3739178 0.04604798 0.4044228 0.04174166 0.4112246 0.03454089 0.4054791 0.04604798 0.4044228 0.03454089 0.4054791 0.0396853 0.3987525 0.0396853 0.3987525 0.03454089 0.4054791 0.03080165 0.4018793 0.0396853 0.3987525 0.03080165 0.4018793 0.03662359 0.3955429 0.03662359 0.3955429 0.03080165 0.4018793 0.02731126 0.3979449 0.03662359 0.3955429 0.02731126 0.3979449 0.03368484 0.3920943 0.06879347 0.4171709 0.06408119 0.4296813 0.06474834 0.4155821 0.06474834 0.4155821 0.06408119 0.4296813 0.06021702 0.4245153 0.06474834 0.4155821 0.06021702 0.4245153 0.06394493 0.4152358 0.06394493 0.4152358 0.06021702 0.4245153 0.05498862 0.4201578 0.06394493 0.4152358 0.05498862 0.4201578 0.05832731 0.4125124 0.05832731 0.4125124 0.05498862 0.4201578 0.04872161 0.4159479 0.05832731 0.4125124 0.04872161 0.4159479 0.05237144 0.4089928 0.05237144 0.4089928 0.04872161 0.4159479 0.04742401 0.4054989 0.04742401 0.4054989 0.04872161 0.4159479 0.04174166 0.4112246 0.04742401 0.4054989 0.04174166 0.4112246 0.04604798 0.4044228 0.07080799 0.4355121 0.06751406 0.4431244 0.06639289 0.4360719 0.06919562 0.4612755 0.06882321 0.460351 0.07080799 0.4355121 0.08403605 0.4210402 0.08570128 0.4212741 0.08445155 0.4434987 0.08403605 0.4210402 0.08445155 0.4434987 0.07624238 0.4649049 0.07624238 0.4649049 0.08445155 0.4434987 0.08387678 0.4539877 0.07624238 0.4649049 0.08387678 0.4539877 0.08326202 0.4652943 0.07373076 0.4184242 0.07437145 0.4185868 0.07469761 0.4278116 0.07469761 0.4278116 0.07437145 0.4185868 0.07856535 0.4196515 0.07469761 0.4278116 0.07856535 0.4196515 0.07971251 0.4202215 0.07971251 0.4202215 0.07856535 0.4196515 0.08166319 0.4204378 0.07469761 0.4278116 0.07060998 0.4630267 0.06919562 0.4612755 0.06882321 0.460351 0.06847685 0.4588944 0.07080799 0.4355121 0.07080799 0.4355121 0.06847685 0.4588944 0.06817817 0.4560098 0.07080799 0.4355121 0.06817817 0.4560098 0.06751406 0.4431244 0.06919562 0.4612755 0.07080799 0.4355121 0.07469761 0.4278116 0.07469761 0.4278116 0.07080799 0.4355121 0.06639289 0.4360719 0.07469761 0.4278116 0.06639289 0.4360719 0.07373076 0.4184242 0.07373076 0.4184242 0.06639289 0.4360719 0.06408119 0.4296813 0.07373076 0.4184242 0.06408119 0.4296813 0.06879347 0.4171709 0.07060998 0.4630267 0.07469761 0.4278116 0.07161384 0.4636653 0.07161384 0.4636653 0.07469761 0.4278116 0.07971251 0.4202215 0.07161384 0.4636653 0.07971251 0.4202215 0.07529592 0.4647651 0.07529592 0.4647651 0.07971251 0.4202215 0.08166319 0.4204378 0.07529592 0.4647651 0.08166319 0.4204378 0.07624238 0.4649049 0.07624238 0.4649049 0.08166319 0.4204378 0.08191603 0.420502 0.07624238 0.4649049 0.08191603 0.420502 0.08403605 0.4210402 0.08445155 0.4434987 0.08570128 0.4212741 0.0942291 0.4219199 0.129045 0.41479 0.1461546 0.4520817 0.1236065 0.4170212 0.1236065 0.4170212 0.1461546 0.4520817 0.1371642 0.4559065 0.1236065 0.4170212 0.1371642 0.4559065 0.1229637 0.4172545 0.1229637 0.4172545 0.1371642 0.4559065 0.1281677 0.4589417 0.1229637 0.4172545 0.1281677 0.4589417 0.1168504 0.4191719 0.1168504 0.4191719 0.1281677 0.4589417 0.1108138 0.4629808 0.1168504 0.4191719 0.1108138 0.4629808 0.1049591 0.4214354 0.09540712 0.4648734 0.08326202 0.4652943 0.08387678 0.4539877 0.08387678 0.4539877 0.08445155 0.4434987 0.09540712 0.4648734 0.09540712 0.4648734 0.08445155 0.4434987 0.0942291 0.4219199 0.09540712 0.4648734 0.0942291 0.4219199 0.1108138 0.4629808 0.1108138 0.4629808 0.0942291 0.4219199 0.1040751 0.4215301 0.1108138 0.4629808 0.1040751 0.4215301 0.1049591 0.4214354 0.1674972 0.377779 0.1677987 0.3771706 0.2032916 0.3954194 0.1674972 0.377779 0.2032916 0.3954194 0.1645112 0.3832061 0.1879355 0.4195444 0.1606893 0.3889759 0.1933376 0.4125408 0.1933376 0.4125408 0.1606893 0.3889759 0.1645112 0.3832061 0.1933376 0.4125408 0.1645112 0.3832061 0.1981536 0.4051727 0.1981536 0.4051727 0.1645112 0.3832061 0.2032916 0.3954194 0.1515721 0.3994691 0.1563461 0.3944361 0.1879355 0.4195444 0.1879355 0.4195444 0.1563461 0.3944361 0.1563647 0.3944147 0.1879355 0.4195444 0.1563647 0.3944147 0.1606893 0.3889759 0.1879355 0.4195444 0.1818848 0.4262771 0.1515721 0.3994691 0.1515721 0.3994691 0.1818848 0.4262771 0.1753606 0.4325485 0.1515721 0.3994691 0.1753606 0.4325485 0.1463716 0.4040763 0.1753606 0.4325485 0.1684725 0.4382859 0.1463716 0.4040763 0.1463716 0.4040763 0.1684725 0.4382859 0.1612527 0.443486 0.1463716 0.4040763 0.1612527 0.443486 0.1414029 0.4077966 0.1414029 0.4077966 0.1612527 0.443486 0.1538009 0.4480903 0.1414029 0.4077966 0.1538009 0.4480903 0.135025 0.4117676 0.135025 0.4117676 0.1538009 0.4480903 0.1461546 0.4520817 0.135025 0.4117676 0.1461546 0.4520817 0.129045 0.41479 0.1740311 0.3245062 0.2128886 0.3173652 0.2136489 0.3274283 0.1740311 0.3245062 0.2136489 0.3274283 0.1759029 0.3389034 0.2136489 0.3274283 0.2139676 0.3364858 0.1759029 0.3389034 0.1759029 0.3389034 0.2139676 0.3364858 0.213844 0.3469055 0.1759029 0.3389034 0.213844 0.3469055 0.1754532 0.3509773 0.213844 0.3469055 0.2132105 0.3563758 0.1754532 0.3509773 0.1754532 0.3509773 0.2132105 0.3563758 0.2122027 0.364567 0.1754532 0.3509773 0.2122027 0.364567 0.1741557 0.3588722 0.1741557 0.3588722 0.2122027 0.364567 0.2088063 0.380373 0.1741557 0.3588722 0.2088063 0.380373 0.1727454 0.3644241 0.1727454 0.3644241 0.2088063 0.380373 0.2063397 0.387991 0.1727454 0.3644241 0.2063397 0.387991 0.1705442 0.3709053 0.1705442 0.3709053 0.2063397 0.387991 0.2032916 0.3954194 0.1705442 0.3709053 0.2032916 0.3954194 0.1677987 0.3771706 0.2002193 0.2503628 0.202136 0.2494183 0.2032666 0.2569446 0.1729087 0.2688965 0.1855792 0.2594036 0.1896306 0.2668711 0.1726292 0.3191275 0.1705603 0.3130809 0.189487 0.3066904 0.1522905 0.2851787 0.1703647 0.2708639 0.1770561 0.2755644 0.1522905 0.2851787 0.1770561 0.2755644 0.1566364 0.2898444 0.1566364 0.2898444 0.1770561 0.2755644 0.1814637 0.2806881 0.1566364 0.2898444 0.1814637 0.2806881 0.1602091 0.2943147 0.1602091 0.2943147 0.1814637 0.2806881 0.1842778 0.2867195 0.1602091 0.2943147 0.1842778 0.2867195 0.163218 0.2986623 0.1863508 0.2931373 0.1658844 0.3031113 0.1842778 0.2867195 0.1842778 0.2867195 0.1658844 0.3031113 0.1645404 0.300787 0.1842778 0.2867195 0.1645404 0.300787 0.163218 0.2986623 0.1726292 0.3191275 0.189487 0.3066904 0.1740311 0.3245062 0.1740311 0.3245062 0.189487 0.3066904 0.2106584 0.2995504 0.1740311 0.3245062 0.2106584 0.2995504 0.2128886 0.3173652 0.1703647 0.2708639 0.1729087 0.2688965 0.1770561 0.2755644 0.1770561 0.2755644 0.1729087 0.2688965 0.1896306 0.2668711 0.1770561 0.2755644 0.1896306 0.2668711 0.1814637 0.2806881 0.1814637 0.2806881 0.1896306 0.2668711 0.1930391 0.2734668 0.1814637 0.2806881 0.1930391 0.2734668 0.1842778 0.2867195 0.1842778 0.2867195 0.1930391 0.2734668 0.1952521 0.2805796 0.1842778 0.2867195 0.1952521 0.2805796 0.1863508 0.2931373 0.1863508 0.2931373 0.1952521 0.2805796 0.1970631 0.2879135 0.1963301 0.2620939 0.1928718 0.2545307 0.1936595 0.2540448 0.1936595 0.2540448 0.2002193 0.2503628 0.1963301 0.2620939 0.1963301 0.2620939 0.2002193 0.2503628 0.2032666 0.2569446 0.1963301 0.2620939 0.2032666 0.2569446 0.198913 0.2698147 0.198913 0.2698147 0.2032666 0.2569446 0.2048114 0.2661507 0.198913 0.2698147 0.2048114 0.2661507 0.2078036 0.2826757 0.1705603 0.3130809 0.1658844 0.3031113 0.189487 0.3066904 0.189487 0.3066904 0.1658844 0.3031113 0.1863508 0.2931373 0.189487 0.3066904 0.1863508 0.2931373 0.2106584 0.2995504 0.2106584 0.2995504 0.1863508 0.2931373 0.1970631 0.2879135 0.2106584 0.2995504 0.1970631 0.2879135 0.2078036 0.2826757 0.2078036 0.2826757 0.1970631 0.2879135 0.1952521 0.2805796 0.2078036 0.2826757 0.1952521 0.2805796 0.198913 0.2698147 0.198913 0.2698147 0.1952521 0.2805796 0.1930391 0.2734668 0.198913 0.2698147 0.1930391 0.2734668 0.1963301 0.2620939 0.1963301 0.2620939 0.1930391 0.2734668 0.1896306 0.2668711 0.1963301 0.2620939 0.1896306 0.2668711 0.1928718 0.2545307 0.1928718 0.2545307 0.1896306 0.2668711 0.1855792 0.2594036 0.07459205 0.2582212 0.05343991 0.2546086 0.1127615 0.2538639 0.1843179 0.2515289 0.1893095 0.2511786 0.1827471 0.2552689 0.0757752 0.2619913 0.07657241 0.2643998 0.06264698 0.2692905 0.148278 0.2602424 0.117769 0.2650269 0.1116748 0.2611068 0.1116748 0.2611068 0.117769 0.2650269 0.09794938 0.2620292 0.1116748 0.2611068 0.09794938 0.2620292 0.0757752 0.2619913 0.0757752 0.2619913 0.09794938 0.2620292 0.07800692 0.2640547 0.0757752 0.2619913 0.07800692 0.2640547 0.07657241 0.2643998 0.1585237 0.2682355 0.1729087 0.2688965 0.1703647 0.2708639 0.1522905 0.2851787 0.1521445 0.2850343 0.1703647 0.2708639 0.1703647 0.2708639 0.1521445 0.2850343 0.1467434 0.2801718 0.1703647 0.2708639 0.1467434 0.2801718 0.1585237 0.2682355 0.1585237 0.2682355 0.1467434 0.2801718 0.1362205 0.2728593 0.1585237 0.2682355 0.1362205 0.2728593 0.1430796 0.2678501 0.1893095 0.2511786 0.202136 0.2494183 0.2002193 0.2503628 0.1893095 0.2511786 0.2002193 0.2503628 0.1827471 0.2552689 0.1827471 0.2552689 0.2002193 0.2503628 0.1936595 0.2540448 0.1827471 0.2552689 0.1936595 0.2540448 0.1928718 0.2545307 0.134299 0.2532976 0.1843179 0.2515289 0.1717569 0.255828 0.1717569 0.255828 0.1843179 0.2515289 0.1827471 0.2552689 0.1717569 0.255828 0.1827471 0.2552689 0.1767292 0.2596686 0.1767292 0.2596686 0.1827471 0.2552689 0.1928718 0.2545307 0.1767292 0.2596686 0.1928718 0.2545307 0.1855792 0.2594036 0.05463713 0.258462 0.04454302 0.2583044 0.03585118 0.2541357 0.02811747 0.25306 0.03585118 0.2541357 0.03239589 0.2556552 0.03239589 0.2556552 0.03585118 0.2541357 0.04454302 0.2583044 0.03239589 0.2556552 0.04454302 0.2583044 0.03619432 0.2584319 0.03619432 0.2584319 0.04454302 0.2583044 0.04235613 0.2638353 0.05463713 0.258462 0.05786108 0.2624857 0.04454302 0.2583044 0.04454302 0.2583044 0.05786108 0.2624857 0.04899203 0.2625485 0.04454302 0.2583044 0.04899203 0.2625485 0.04235613 0.2638353 0.05277252 0.2746926 0.04283213 0.2642937 0.05919468 0.270976 0.05919468 0.270976 0.04283213 0.2642937 0.04235613 0.2638353 0.05919468 0.270976 0.04235613 0.2638353 0.05941504 0.2708622 0.05941504 0.2708622 0.04235613 0.2638353 0.04899203 0.2625485 0.05941504 0.2708622 0.04899203 0.2625485 0.06264698 0.2692905 0.06264698 0.2692905 0.04899203 0.2625485 0.05786108 0.2624857 0.06264698 0.2692905 0.05786108 0.2624857 0.0757752 0.2619913 0.0757752 0.2619913 0.05786108 0.2624857 0.05463713 0.258462 0.1362205 0.2728593 0.117769 0.2650269 0.1430796 0.2678501 0.1430796 0.2678501 0.117769 0.2650269 0.148278 0.2602424 0.1430796 0.2678501 0.148278 0.2602424 0.1585237 0.2682355 0.1585237 0.2682355 0.148278 0.2602424 0.1671307 0.2599545 0.1585237 0.2682355 0.1671307 0.2599545 0.1729087 0.2688965 0.1855792 0.2594036 0.1729087 0.2688965 0.1767292 0.2596686 0.1767292 0.2596686 0.1729087 0.2688965 0.1671307 0.2599545 0.1767292 0.2596686 0.1671307 0.2599545 0.1717569 0.255828 0.1717569 0.255828 0.1671307 0.2599545 0.148278 0.2602424 0.1717569 0.255828 0.148278 0.2602424 0.134299 0.2532976 0.134299 0.2532976 0.148278 0.2602424 0.1116748 0.2611068 0.134299 0.2532976 0.1116748 0.2611068 0.1127615 0.2538639 0.1127615 0.2538639 0.1116748 0.2611068 0.0757752 0.2619913 0.1127615 0.2538639 0.0757752 0.2619913 0.07459205 0.2582212 0.07459205 0.2582212 0.0757752 0.2619913 0.05463713 0.258462 0.07459205 0.2582212 0.05463713 0.258462 0.05343991 0.2546086 0.05343991 0.2546086 0.05463713 0.258462 0.03585118 0.2541357 0.03239589 0.2556552 0.03619432 0.2584319 0.03185379 0.2659282 0.04235613 0.2638353 0.04283213 0.2642937 0.03699839 0.2708922 0.02044779 0.3157543 0.01402896 0.3137385 0.02056831 0.3154096 0.02056831 0.3154096 0.01402896 0.3137385 0.01689004 0.2987387 0.02596747 0.3033602 0.02466326 0.3026953 0.02954387 0.2974864 0.02954387 0.2974864 0.02466326 0.3026953 0.02833324 0.2897989 0.02954387 0.2974864 0.02833324 0.2897989 0.03279268 0.2929803 0.03279268 0.2929803 0.02833324 0.2897989 0.03053307 0.2833819 0.03318405 0.2769784 0.04105699 0.2838642 0.0366922 0.288326 0.04105699 0.2838642 0.03318405 0.2769784 0.04269474 0.2823583 0.04269474 0.2823583 0.03318405 0.2769784 0.03699839 0.2708922 0.04269474 0.2823583 0.03699839 0.2708922 0.04602885 0.2795373 0.04602885 0.2795373 0.03699839 0.2708922 0.04283213 0.2642937 0.04602885 0.2795373 0.04283213 0.2642937 0.05277252 0.2746926 0.03619432 0.2584319 0.04235613 0.2638353 0.03185379 0.2659282 0.03185379 0.2659282 0.04235613 0.2638353 0.03699839 0.2708922 0.03185379 0.2659282 0.03699839 0.2708922 0.02878439 0.2731648 0.02878439 0.2731648 0.03699839 0.2708922 0.03318405 0.2769784 0.02878439 0.2731648 0.03318405 0.2769784 0.03053307 0.2833819 0.03053307 0.2833819 0.03318405 0.2769784 0.0366922 0.288326 0.03053307 0.2833819 0.0366922 0.288326 0.03279268 0.2929803 0.02596747 0.3033602 0.02056831 0.3154096 0.02466326 0.3026953 0.02466326 0.3026953 0.02056831 0.3154096 0.01689004 0.2987387 0.02466326 0.3026953 0.01689004 0.2987387 0.02833324 0.2897989 0.02833324 0.2897989 0.01689004 0.2987387 0.02047514 0.2842656 0.02833324 0.2897989 0.02047514 0.2842656 0.03053307 0.2833819 0.03053307 0.2833819 0.02047514 0.2842656 0.02240473 0.2769193 0.03053307 0.2833819 0.02240473 0.2769193 0.02878439 0.2731648 0.02878439 0.2731648 0.02240473 0.2769193 0.02435392 0.2693355 0.02878439 0.2731648 0.02435392 0.2693355 0.03185379 0.2659282 0.03185379 0.2659282 0.02435392 0.2693355 0.02647531 0.2605358 0.03185379 0.2659282 0.02647531 0.2605358 0.03239589 0.2556552 0.03239589 0.2556552 0.02647531 0.2605358 0.02811747 0.25306 0.2317066 0.7978112 0.2453424 0.802444 0.2317081 0.7990009 0.2317081 0.7990009 0.2453424 0.802444 0.2451642 0.80522 0.2317081 0.7990009 0.2451642 0.80522 0.2317086 0.8011385 0.06919562 0.4612755 0.05958968 0.4685913 0.0586341 0.4656388 0.06919562 0.4612755 0.0586341 0.4656388 0.06882321 0.460351 0.06882321 0.460351 0.0586341 0.4656388 0.05844861 0.464336 0.06882321 0.460351 0.05844861 0.464336 0.06847685 0.4588944 0.06847685 0.4588944 0.05844861 0.464336 0.05794674 0.4608119 0.06847685 0.4588944 0.05794674 0.4608119 0.06817817 0.4560098 0.2316789 0.787138 0.24532 0.7860402 0.2316964 0.7932491 0.2316964 0.7932491 0.24532 0.7860402 0.2453373 0.7941826 0.2316964 0.7932491 0.2453373 0.7941826 0.2316988 0.7941204 0.2316988 0.7941204 0.2453373 0.7941826 0.2453424 0.7993453 0.2316988 0.7941204 0.2453424 0.7993453 0.2317066 0.7978112 0.2317066 0.7978112 0.2453424 0.7993453 0.2453427 0.8008148 0.2317066 0.7978112 0.2453427 0.8008148 0.2453424 0.802444 0.9356185 0.6231787 0.9400686 0.6231943 0.9391068 0.6433548 0.9378057 0.6601214 0.9274833 0.6600902 0.928717 0.6433222 0.06217205 0.9243264 0.06217211 0.9313217 0.04540836 0.9344106 0.04541021 0.9005049 0.06216877 0.8997172 0.04541051 0.9077105 0.04541051 0.9077105 0.06216877 0.8997172 0.0621699 0.9068077 0.04541051 0.9077105 0.0621699 0.9068077 0.04541063 0.914268 0.04541063 0.914268 0.0621699 0.9068077 0.06217086 0.9132595 0.04541063 0.914268 0.06217086 0.9132595 0.04541045 0.9201971 0.04541045 0.9201971 0.06217086 0.9132595 0.06217139 0.9190924 0.04541045 0.9201971 0.06217139 0.9190924 0.04541021 0.9255174 0.04541021 0.9255174 0.06217139 0.9190924 0.06217187 0.922477 0.9296289 0.6231606 0.9356185 0.6231787 0.928717 0.6433222 0.928717 0.6433222 0.9356185 0.6231787 0.9391068 0.6433548 0.928717 0.6433222 0.9391068 0.6433548 0.9378057 0.6601214 0.9378057 0.6601214 0.9391068 0.6433548 0.9398951 0.660129 0.9400686 0.6231943 0.9411777 0.6231984 0.9391068 0.6433548 0.04540836 0.9344106 0.02525037 0.9344772 0.04541021 0.9255174 0.04540836 0.9344106 0.04541021 0.9255174 0.06217205 0.9243264 0.06217205 0.9243264 0.04541021 0.9255174 0.06217187 0.922477 0.02525514 0.9010888 0.04541021 0.9005049 0.02525532 0.9044662 0.02525532 0.9044662 0.04541021 0.9005049 0.04541051 0.9077105 0.02525532 0.9044662 0.04541051 0.9077105 0.02525466 0.9157062 0.02525466 0.9157062 0.04541051 0.9077105 0.04541063 0.914268 0.02525466 0.9157062 0.04541063 0.914268 0.02525413 0.9210153 0.02525413 0.9210153 0.04541063 0.914268 0.04541045 0.9201971 0.02525413 0.9210153 0.04541045 0.9201971 0.02525317 0.9257668 0.02525317 0.9257668 0.04541045 0.9201971 0.04541021 0.9255174 0.02525317 0.9257668 0.04541021 0.9255174 0.02525305 0.9263995 0.02525305 0.9263995 0.04541021 0.9255174 0.02525037 0.9344772 0.9315453 0.752007 0.9147827 0.7523189 0.9315434 0.7457745 0.9315434 0.7457745 0.9147827 0.7523189 0.9147799 0.7425364 0.9147788 0.7226971 0.9315432 0.7187672 0.9147786 0.7326329 0.9147786 0.7326329 0.9315432 0.7187672 0.9315419 0.7278512 0.9147786 0.7326329 0.9315419 0.7278512 0.9147799 0.7425364 0.9147799 0.7425364 0.9315419 0.7278512 0.9315418 0.7368429 0.9147799 0.7425364 0.9315418 0.7368429 0.9315434 0.7457745 0.9148052 0.675624 0.9315713 0.676329 0.914797 0.6843965 0.914797 0.6843965 0.9315713 0.676329 0.931563 0.684226 0.914797 0.6843965 0.931563 0.684226 0.9147899 0.6935785 0.9147899 0.6935785 0.931563 0.684226 0.931556 0.6924642 0.9147899 0.6935785 0.931556 0.6924642 0.9147847 0.7030816 0.9147847 0.7030816 0.931556 0.6924642 0.9315505 0.7010072 0.9147847 0.7030816 0.9315505 0.7010072 0.914781 0.7128171 0.914781 0.7128171 0.9315505 0.7010072 0.9315462 0.7097598 0.8946211 0.7190119 0.9147788 0.7226971 0.8946207 0.7359132 0.8946207 0.7359132 0.9147788 0.7226971 0.9147786 0.7326329 0.8946207 0.7359132 0.9147786 0.7326329 0.8946222 0.7442791 0.8946222 0.7442791 0.9147786 0.7326329 0.9147799 0.7425364 0.8946222 0.7442791 0.9147799 0.7425364 0.8946249 0.7525498 0.8946249 0.7525498 0.9147799 0.7425364 0.9147827 0.7523189 0.8946447 0.6751033 0.9148052 0.675624 0.8946363 0.6849304 0.8946363 0.6849304 0.9148052 0.675624 0.914797 0.6843965 0.8946363 0.6849304 0.914797 0.6843965 0.8946307 0.6932249 0.8946307 0.6932249 0.914797 0.6843965 0.9147899 0.6935785 0.8946307 0.6932249 0.9147899 0.6935785 0.8946262 0.7017793 0.8946262 0.7017793 0.9147899 0.6935785 0.9147847 0.7030816 0.8946262 0.7017793 0.9147847 0.7030816 0.8946211 0.7190119 0.8946211 0.7190119 0.9147847 0.7030816 0.914781 0.7128171 0.8946211 0.7190119 0.914781 0.7128171 0.9147788 0.7226971 0.9147788 0.7226971 0.914781 0.7128171 0.9315462 0.7097598 0.9147788 0.7226971 0.9315462 0.7097598 0.9315432 0.7187672 0.2453424 0.802444 0.2453427 0.8008148 0.2523221 0.8006259 0.2523221 0.8006259 0.2453427 0.8008148 0.2453424 0.7993453 0.2523221 0.8006259 0.2453424 0.7993453 0.2672523 0.7986741 0.2672523 0.7986741 0.2453424 0.7993453 0.2453373 0.7941826 0.2672523 0.7986741 0.2453373 0.7941826 0.2822477 0.7977608 0.24532 0.7860402 0.2822213 0.7857796 0.2453373 0.7941826 0.2453373 0.7941826 0.2822213 0.7857796 0.2822374 0.7923778 0.2453373 0.7941826 0.2822374 0.7923778 0.2822477 0.7977608 0.9148052 0.675624 0.8946447 0.6751033 0.914815 0.6673342 0.914815 0.6673342 0.8946447 0.6751033 0.8946623 0.6603569 0.6095501 0.4350361 0.6297069 0.4410045 0.6095474 0.4432379 0.6297069 0.4410045 0.6297066 0.4426159 0.6095474 0.4432379 0.6095474 0.4432379 0.6297066 0.4426159 0.6297039 0.4565634 0.6095474 0.4432379 0.6297039 0.4565634 0.6095429 0.4601116 0.6095429 0.4601116 0.6297039 0.4565634 0.6297016 0.4742907 0.6095429 0.4601116 0.6297016 0.4742907 0.6095394 0.4767748 0.6095394 0.4767748 0.6297016 0.4742907 0.6297001 0.4918804 0.6095394 0.4767748 0.6297001 0.4918804 0.6095368 0.4922217 0.9315713 0.676329 0.9148052 0.675624 0.9315842 0.6664133 0.9315842 0.6664133 0.9148052 0.675624 0.914815 0.6673342 0.5927858 0.4377056 0.6095501 0.4350361 0.5927828 0.4440782 0.5927828 0.4440782 0.6095501 0.4350361 0.6095474 0.4432379 0.5927828 0.4440782 0.6095474 0.4432379 0.592779 0.4534912 0.592779 0.4534912 0.6095474 0.4432379 0.6095429 0.4601116 0.592779 0.4534912 0.6095429 0.4601116 0.5927761 0.4608052 0.5927761 0.4608052 0.6095429 0.4601116 0.6095394 0.4767748 0.5927761 0.4608052 0.6095394 0.4767748 0.5927723 0.471818 0.5927723 0.471818 0.6095394 0.4767748 0.6095368 0.4922217 0.5927723 0.471818 0.6095368 0.4922217 0.5927667 0.4926823 0.8824241 0.7526113 0.8693749 0.7526322 0.8693718 0.7443318 0.8946249 0.7525498 0.8824241 0.7526113 0.8824213 0.7443183 0.8824241 0.7526113 0.8693718 0.7443318 0.8824213 0.7443183 0.8824213 0.7443183 0.8693718 0.7443318 0.8693702 0.7359361 0.8824213 0.7443183 0.8693702 0.7359361 0.8824197 0.7359301 0.8824197 0.7359301 0.8693702 0.7359361 0.8693704 0.7189754 0.8824197 0.7359301 0.8693704 0.7189754 0.88242 0.7189842 0.88242 0.7189842 0.8693704 0.7189754 0.8693752 0.7016838 0.88242 0.7189842 0.8693752 0.7016838 0.8824251 0.7017073 0.8824251 0.7017073 0.8693752 0.7016838 0.8693795 0.6931007 0.8824251 0.7017073 0.8693795 0.6931007 0.8824293 0.6931315 0.8824293 0.6931315 0.8693795 0.6931007 0.8693851 0.6847789 0.8824293 0.6931315 0.8693851 0.6847789 0.8824349 0.6848165 0.8824349 0.6848165 0.8693851 0.6847789 0.8693933 0.6749204 0.8824349 0.6848165 0.8693933 0.6749204 0.8824432 0.6749658 0.8946249 0.7525498 0.8824213 0.7443183 0.8946222 0.7442791 0.8946222 0.7442791 0.8824213 0.7443183 0.8824197 0.7359301 0.8946222 0.7442791 0.8824197 0.7359301 0.8946207 0.7359132 0.8946207 0.7359132 0.8824197 0.7359301 0.88242 0.7189842 0.8946207 0.7359132 0.88242 0.7189842 0.8946211 0.7190119 0.8946211 0.7190119 0.88242 0.7189842 0.8824251 0.7017073 0.8946211 0.7190119 0.8824251 0.7017073 0.8946262 0.7017793 0.8946262 0.7017793 0.8824251 0.7017073 0.8824293 0.6931315 0.8946262 0.7017793 0.8824293 0.6931315 0.8946307 0.6932249 0.8946307 0.6932249 0.8824293 0.6931315 0.8824349 0.6848165 0.8946307 0.6932249 0.8824349 0.6848165 0.8946363 0.6849304 0.8946363 0.6849304 0.8824349 0.6848165 0.8824432 0.6749658 0.8946363 0.6849304 0.8824432 0.6749658 0.8946447 0.6751033 0.2820574 0.7409447 0.2451584 0.7450628 0.2451226 0.7382516 0.2451226 0.7382516 0.2450856 0.7319725 0.2820574 0.7409447 0.2820574 0.7409447 0.2450856 0.7319725 0.2618445 0.7307408 0.2820574 0.7409447 0.2618445 0.7307408 0.2819991 0.7298206 0.2451584 0.7450628 0.2820574 0.7409447 0.245193 0.7522082 0.245193 0.7522082 0.2820574 0.7409447 0.2821117 0.7534221 0.245193 0.7522082 0.2821117 0.7534221 0.2452254 0.7594906 0.2821117 0.7534221 0.2821306 0.7581738 0.2452254 0.7594906 0.2452254 0.7594906 0.2821306 0.7581738 0.2821646 0.7675329 0.2452254 0.7594906 0.2821646 0.7675329 0.2452811 0.7736763 0.2822213 0.7857796 0.24532 0.7860402 0.28221 0.7818142 0.28221 0.7818142 0.24532 0.7860402 0.2452811 0.7736763 0.28221 0.7818142 0.2452811 0.7736763 0.2821825 0.7728734 0.2821825 0.7728734 0.2452811 0.7736763 0.2821646 0.7675329 0.928717 0.6433222 0.9274833 0.6600902 0.9172452 0.6432933 0.9172452 0.6432933 0.9274833 0.6600902 0.9160496 0.6600621 0.9172452 0.6432933 0.9160496 0.6600621 0.9052093 0.6432659 0.9052093 0.6432659 0.9160496 0.6600621 0.904022 0.660035 0.9052093 0.6432659 0.904022 0.660035 0.8931108 0.6432368 0.8931108 0.6432368 0.904022 0.660035 0.8919054 0.6600059 0.8931108 0.6432368 0.8919054 0.6600059 0.881451 0.643203 0.881451 0.643203 0.8919054 0.6600059 0.8802045 0.6599723 0.9296289 0.6231606 0.928717 0.6433222 0.9181289 0.623131 0.9181289 0.623131 0.928717 0.6433222 0.9172452 0.6432933 0.9181289 0.623131 0.9172452 0.6432933 0.9060868 0.6231033 0.9060868 0.6231033 0.9172452 0.6432933 0.9052093 0.6432659 0.9060868 0.6231033 0.9052093 0.6432659 0.8940017 0.6230744 0.8940017 0.6230744 0.9052093 0.6432659 0.8931108 0.6432368 0.8940017 0.6230744 0.8931108 0.6432368 0.8823722 0.6230406 0.8823722 0.6230406 0.8931108 0.6432368 0.881451 0.643203 0.9298703 0.6109585 0.9299507 0.5979085 0.9359494 0.5979271 0.9296289 0.6231606 0.9298703 0.6109585 0.9358667 0.610977 0.941434 0.610997 0.9400686 0.6231943 0.9358667 0.610977 0.9358667 0.610977 0.9400686 0.6231943 0.9356185 0.6231787 0.9358667 0.610977 0.9356185 0.6231787 0.9296289 0.6231606 0.9298703 0.6109585 0.9359494 0.5979271 0.9358667 0.610977 0.9358667 0.610977 0.9359494 0.5979271 0.9415194 0.5979472 0.9358667 0.610977 0.9415194 0.5979472 0.941434 0.610997 0.01304948 0.9347373 0 0.934826 2.95942e-6 0.9260795 0.01304948 0.9347373 2.95942e-6 0.9260795 0.0130524 0.9259999 0.0130524 0.9259999 0.02525305 0.9263995 0.01304948 0.9347373 0.01304948 0.9347373 0.02525305 0.9263995 0.02525037 0.9344772 0.941434 0.610997 0.9411777 0.6231984 0.9400686 0.6231943 0.02525466 0.9157062 0.02525413 0.9210153 0.0130524 0.9259999 0.0130524 0.9259999 0.02525413 0.9210153 0.02525317 0.9257668 0.0130524 0.9259999 0.02525317 0.9257668 0.02525305 0.9263995 0.01305425 0.9159077 5.03426e-6 0.9159768 6.00796e-6 0.9046902 0.01305425 0.9159077 6.00796e-6 0.9046902 0.0130552 0.9046326 0.0130552 0.9046326 6.00796e-6 0.9046902 5.83532e-6 0.9012988 0.0130552 0.9046326 5.83532e-6 0.9012988 0.01305508 0.9012449 2.95942e-6 0.9260795 5.03426e-6 0.9159768 0.0130524 0.9259999 0.0130524 0.9259999 5.03426e-6 0.9159768 0.01305425 0.9159077 0.0130524 0.9259999 0.01305425 0.9159077 0.02525466 0.9157062 0.02525466 0.9157062 0.01305425 0.9159077 0.0130552 0.9046326 0.02525466 0.9157062 0.0130552 0.9046326 0.02525532 0.9044662 0.02525532 0.9044662 0.0130552 0.9046326 0.01305508 0.9012449 0.02525532 0.9044662 0.01305508 0.9012449 0.02525514 0.9010888 0.6520579 0.9408164 0.6511629 0.9206537 0.6607161 0.9206547 0.6532657 0.9575859 0.6520579 0.9408164 0.6644222 0.9408169 0.6644222 0.9408169 0.6520579 0.9408164 0.6607161 0.9206547 0.6644222 0.9408169 0.6607161 0.9206547 0.6764986 0.940818 0.6607161 0.9206547 0.6702084 0.9206557 0.6764986 0.940818 0.6764986 0.940818 0.6702084 0.9206557 0.675513 0.9206568 0.6764986 0.940818 0.675513 0.9206568 0.6873951 0.9408195 0.675513 0.9206568 0.6838362 0.9206585 0.6873951 0.9408195 0.6873951 0.9408195 0.6838362 0.9206585 0.6863565 0.9206592 0.8706759 0.6431627 0.871641 0.6229999 0.881451 0.643203 0.881451 0.643203 0.871641 0.6229999 0.8801225 0.6230329 0.881451 0.643203 0.8801225 0.6230329 0.8823722 0.6230406 0.6532657 0.9575859 0.6644222 0.9408169 0.6656835 0.9575857 0.6656835 0.9575857 0.6644222 0.9408169 0.6764986 0.940818 0.6656835 0.9575857 0.6764986 0.940818 0.6778289 0.9575854 0.6778289 0.9575854 0.6764986 0.940818 0.6873951 0.9408195 0.6778289 0.9575854 0.6873951 0.9408195 0.6887971 0.9575859 0.8693702 0.6599326 0.8706759 0.6431627 0.881451 0.643203 0.8693702 0.6599326 0.881451 0.643203 0.8802045 0.6599723 0.9298703 0.6109585 0.9296289 0.6231606 0.9181289 0.623131 0.8826161 0.6108384 0.8826974 0.5977882 0.8943161 0.5978219 0.8940017 0.6230744 0.8823722 0.6230406 0.8826161 0.6108384 0.8826161 0.6108384 0.8943161 0.5978219 0.8940017 0.6230744 0.8940017 0.6230744 0.8943161 0.5978219 0.9063966 0.5978512 0.8940017 0.6230744 0.9063966 0.5978512 0.9060868 0.6231033 0.9060868 0.6231033 0.9063966 0.5978512 0.9184408 0.5978789 0.9060868 0.6231033 0.9184408 0.5978789 0.9181289 0.623131 0.9181289 0.623131 0.9184408 0.5978789 0.9299507 0.5979085 0.9181289 0.623131 0.9299507 0.5979085 0.9298703 0.6109585 0.6520579 0.9408164 0.6532657 0.9575859 0.6285998 0.9408153 0.6285998 0.9408153 0.6532657 0.9575859 0.6297798 0.9575851 0.6285998 0.9408153 0.6297798 0.9575851 0.6173189 0.9408137 0.6173189 0.9408137 0.6297798 0.9575851 0.6185243 0.9575825 0.6173189 0.9408137 0.6185243 0.9575825 0.6060926 0.9408109 0.6060926 0.9408109 0.6185243 0.9575825 0.6073479 0.9575783 0.6511629 0.9206537 0.6520579 0.9408164 0.6277254 0.9206522 0.6277254 0.9206522 0.6520579 0.9408164 0.6285998 0.9408153 0.6277254 0.9206522 0.6285998 0.9408153 0.6164257 0.9206512 0.6164257 0.9206512 0.6285998 0.9408153 0.6173189 0.9408137 0.6164257 0.9206512 0.6173189 0.9408137 0.6051626 0.9206495 0.6051626 0.9206495 0.6173189 0.9408137 0.6060926 0.9408109 0.6509239 0.9084516 0.6508416 0.8954011 0.6603845 0.8954021 0.675513 0.9206568 0.6702084 0.9206557 0.6699518 0.9084538 0.6699518 0.9084538 0.6702084 0.9206557 0.6607161 0.9206547 0.6699518 0.9084538 0.6607161 0.9206547 0.6604694 0.9084525 0.6604694 0.9084525 0.6607161 0.9206547 0.6511629 0.9206537 0.6604694 0.9084525 0.6511629 0.9206537 0.6509239 0.9084516 0.6509239 0.9084516 0.6603845 0.8954021 0.6604694 0.9084525 0.6604694 0.9084525 0.6603845 0.8954021 0.6698636 0.8954035 0.6604694 0.9084525 0.6698636 0.8954035 0.6699518 0.9084538 0.6699518 0.9084538 0.6698636 0.8954035 0.6834688 0.8954064 0.6699518 0.9084538 0.6834688 0.8954064 0.6835626 0.9084569 0.8694148 0.6107867 0.8695011 0.5977361 0.8804505 0.5977804 0.8694148 0.6107867 0.8804505 0.5977804 0.8803685 0.6108307 0.8803685 0.6108307 0.8804505 0.5977804 0.8826974 0.5977882 0.8803685 0.6108307 0.8826974 0.5977882 0.8826161 0.6108384 0.675513 0.9206568 0.6699518 0.9084538 0.6838362 0.9206585 0.6838362 0.9206585 0.6699518 0.9084538 0.6835626 0.9084569 0.6838362 0.9206585 0.6835626 0.9084569 0.6863565 0.9206592 0.871641 0.6229999 0.8694148 0.6107867 0.8803685 0.6108307 0.871641 0.6229999 0.8803685 0.6108307 0.8801225 0.6230329 0.8801225 0.6230329 0.8803685 0.6108307 0.8826161 0.6108384 0.8801225 0.6230329 0.8826161 0.6108384 0.8823722 0.6230406 0.2530711 0.8456479 0.2531502 0.8497514 0.2453085 0.8536856 0.2453085 0.8536856 0.2531502 0.8497514 0.2530219 0.8508898 0.2453085 0.8536856 0.2530219 0.8508898 0.2525072 0.8538066 0.2494609 0.8391997 0.2453085 0.8536856 0.2490274 0.8388262 0.2490274 0.8388262 0.2453085 0.8536856 0.2453097 0.8387398 0.2490274 0.8388262 0.2453097 0.8387398 0.2453113 0.8364054 0.2494609 0.8391997 0.2518427 0.8420872 0.2453085 0.8536856 0.2453085 0.8536856 0.2518427 0.8420872 0.2529889 0.845188 0.2453085 0.8536856 0.2529889 0.845188 0.2530711 0.8456479 0.2487199 0.8707113 0.2485902 0.8759701 0.2453217 0.8745947 0.2494394 0.881085 0.2507718 0.88475 0.2453243 0.8863667 0.2453243 0.8863667 0.2507718 0.88475 0.2453227 0.8923429 0.2507718 0.88475 0.253524 0.889445 0.2453227 0.8923429 0.2453227 0.8923429 0.253524 0.889445 0.2557331 0.8921514 0.2453227 0.8923429 0.2557331 0.8921514 0.2453178 0.8982882 0.2453178 0.8982882 0.2557331 0.8921514 0.260375 0.8964154 0.2453178 0.8982882 0.260375 0.8964154 0.2644947 0.8992388 0.2494394 0.881085 0.2453243 0.8863667 0.2485902 0.8759701 0.2485902 0.8759701 0.2453243 0.8863667 0.2453219 0.8752584 0.2485902 0.8759701 0.2453219 0.8752584 0.2453217 0.8745947 0.2487199 0.8707113 0.2453217 0.8745947 0.2497251 0.8648489 0.2497251 0.8648489 0.2453217 0.8745947 0.2453145 0.8635188 0.2497251 0.8648489 0.2453145 0.8635188 0.250104 0.8632478 0.250104 0.8632478 0.2453145 0.8635188 0.2453085 0.8536856 0.250104 0.8632478 0.2453085 0.8536856 0.2525072 0.8538066 0.5921667 0.9575693 0.5859676 0.9575645 0.5845614 0.9408016 0.2644947 0.8992388 0.271256 0.9026851 0.2620753 0.9050787 0.2620753 0.9050787 0.271256 0.9026851 0.2788038 0.9053961 0.2620753 0.9050787 0.2788038 0.9053961 0.2620643 0.9108638 0.2620356 0.9217628 0.2452676 0.9205796 0.2620643 0.9108638 0.2453178 0.8982882 0.2644947 0.8992388 0.2453094 0.9041371 0.2453094 0.9041371 0.2644947 0.8992388 0.2620753 0.9050787 0.2453094 0.9041371 0.2620753 0.9050787 0.2452977 0.9098359 0.2452977 0.9098359 0.2620753 0.9050787 0.2620643 0.9108638 0.2452977 0.9098359 0.2620643 0.9108638 0.2452852 0.9147709 0.2452852 0.9147709 0.2620643 0.9108638 0.2452676 0.9205796 0.6060926 0.9408109 0.6073479 0.9575783 0.5949241 0.9408067 0.5949241 0.9408067 0.6073479 0.9575783 0.5962502 0.9575721 0.2821975 0.9226275 0.2620356 0.9217628 0.2822103 0.9179834 0.2822103 0.9179834 0.2620356 0.9217628 0.2620643 0.9108638 0.2822103 0.9179834 0.2620643 0.9108638 0.2822238 0.9121465 0.2822238 0.9121465 0.2620643 0.9108638 0.2788038 0.9053961 0.2822238 0.9121465 0.2788038 0.9053961 0.2822349 0.9063218 0.5835198 0.9206434 0.589963 0.9206457 0.5845614 0.9408016 0.5845614 0.9408016 0.589963 0.9206457 0.5949241 0.9408067 0.5845614 0.9408016 0.5949241 0.9408067 0.5921667 0.9575693 0.5921667 0.9575693 0.5949241 0.9408067 0.5962502 0.9575721 0.6051626 0.9206495 0.6060926 0.9408109 0.5974457 0.9206479 0.5974457 0.9206479 0.6060926 0.9408109 0.5949241 0.9408067 0.5974457 0.9206479 0.5949241 0.9408067 0.5939416 0.920647 0.5939416 0.920647 0.5949241 0.9408067 0.589963 0.9206457 0.3031559 0.9090439 0.3074819 0.9091149 0.3074755 0.9123904 0.3031559 0.9090439 0.3074755 0.9123904 0.2939962 0.9083747 0.2822238 0.9121465 0.2822349 0.9063218 0.2852531 0.9069995 0.2821975 0.9226275 0.2822103 0.9179834 0.2944121 0.918191 0.2944121 0.918191 0.2822103 0.9179834 0.2822238 0.9121465 0.2944121 0.918191 0.2822238 0.9121465 0.2944256 0.9123379 0.2944256 0.9123379 0.2822238 0.9121465 0.2852531 0.9069995 0.2944256 0.9123379 0.2852531 0.9069995 0.2939962 0.9083747 0.2939962 0.9083747 0.3074755 0.9123904 0.2944256 0.9123379 0.2944256 0.9123379 0.3074755 0.9123904 0.3074619 0.918249 0.2944256 0.9123379 0.3074619 0.918249 0.2944121 0.918191 0.2944121 0.918191 0.3074619 0.918249 0.3074293 0.9292697 0.2944121 0.918191 0.3074293 0.9292697 0.294379 0.9292021 0.5896952 0.9084445 0.5896033 0.8953946 0.5970998 0.8953963 0.5896952 0.9084445 0.5970998 0.8953963 0.5971883 0.9084464 0.5971883 0.9084464 0.5970998 0.8953963 0.604829 0.8953976 0.5971883 0.9084464 0.604829 0.8953976 0.6049144 0.9084477 0.5835198 0.9206434 0.5792042 0.9084408 0.589963 0.9206457 0.2821769 0.9289653 0.2944121 0.918191 0.294379 0.9292021 0.589963 0.9206457 0.5896952 0.9084445 0.5939416 0.920647 0.5939416 0.920647 0.5896952 0.9084445 0.5971883 0.9084464 0.5939416 0.920647 0.5971883 0.9084464 0.5974457 0.9206479 0.5974457 0.9206479 0.5971883 0.9084464 0.6049144 0.9084477 0.5974457 0.9206479 0.6049144 0.9084477 0.6051626 0.9206495 0.5714482 0.5251652 0.5714532 0.5320764 0.5630464 0.5320764 0.8020265 0.5750969 0.8676836 0.5751028 0.867685 0.5838144 0.8020244 0.5664308 0.8020265 0.5750969 0.7936194 0.5734422 0.7936194 0.5734422 0.793618 0.5682231 0.8020244 0.5664308 0.8020244 0.5664308 0.793618 0.5682231 0.7936176 0.56643 0.8020244 0.5664308 0.7936176 0.56643 0.8020224 0.5606767 0.7936176 0.56643 0.7936164 0.5630197 0.8020224 0.5606767 0.8020224 0.5606767 0.7936164 0.5630197 0.793614 0.5569669 0.8020224 0.5606767 0.793614 0.5569669 0.8020185 0.5520836 0.793614 0.5569669 0.7936117 0.5520828 0.8020185 0.5520836 0.8020185 0.5520836 0.7936117 0.5520828 0.7936115 0.5519288 0.8020185 0.5520836 0.7936115 0.5519288 0.8020158 0.5477497 0.8020158 0.5477497 0.7936115 0.5519288 0.7936102 0.549764 0.571541 0.5741167 0.5631426 0.5760983 0.5715129 0.5660244 0.5715129 0.5660244 0.5631426 0.5760983 0.5631092 0.5670431 0.5715129 0.5660244 0.5631092 0.5670431 0.5631061 0.5660244 0.5630464 0.5320764 0.5714532 0.5320764 0.5630701 0.5503595 0.5714532 0.5320764 0.5714669 0.5440294 0.5630701 0.5503595 0.5630701 0.5503595 0.5714669 0.5440294 0.5714769 0.5503594 0.5630701 0.5503595 0.5714769 0.5503594 0.5631061 0.5660244 0.5631061 0.5660244 0.5714769 0.5503594 0.5714985 0.5606926 0.5631061 0.5660244 0.5714985 0.5606926 0.5715129 0.5660244 0.5714482 0.5251652 0.5630464 0.5320764 0.5714432 0.512324 0.5714432 0.512324 0.5630464 0.5320764 0.5630366 0.512324 0.5714432 0.512324 0.5630366 0.512324 0.5714433 0.5052747 0.5714433 0.5052747 0.5630366 0.512324 0.5630378 0.4995176 0.5714433 0.5052747 0.5630378 0.4995176 0.571448 0.4923434 0.5630378 0.4995176 0.5630412 0.4923435 0.571448 0.4923434 0.571448 0.4923434 0.5630412 0.4923435 0.5630412 0.4921426 0.571448 0.4923434 0.5630412 0.4921426 0.5714527 0.4855971 0.5630567 0.4756527 0.5714667 0.4733901 0.563051 0.4805371 0.563051 0.4805371 0.5714667 0.4733901 0.5714527 0.4855971 0.563051 0.4805371 0.5714527 0.4855971 0.5630458 0.4859619 0.5630458 0.4859619 0.5714527 0.4855971 0.5630412 0.4921426 0.5630567 0.4756527 0.5630599 0.4733901 0.5714667 0.4733901 0.5714667 0.4733901 0.5630599 0.4733901 0.5630633 0.4710012 0.5714667 0.4733901 0.5630633 0.4710012 0.5714759 0.4673581 0.5714759 0.4673581 0.5630633 0.4710012 0.5714981 0.4566549 0.5630633 0.4710012 0.5630801 0.4616698 0.5714981 0.4566549 0.5714981 0.4566549 0.5630801 0.4616698 0.5630916 0.4566549 0.5714981 0.4566549 0.5630916 0.4566549 0.5715116 0.4516938 0.5715116 0.4516938 0.5630916 0.4566549 0.5631021 0.4525626 0.5715116 0.4516938 0.5631021 0.4525626 0.571541 0.4431893 0.571541 0.4431893 0.5631021 0.4525626 0.5631342 0.4431893 0.1577295 0.4765453 0.1661363 0.4765446 0.1577278 0.4802825 0.1577278 0.4802825 0.1661363 0.4765446 0.1661333 0.4836192 0.1577278 0.4802825 0.1661333 0.4836192 0.1577244 0.4890806 0.1577244 0.4890806 0.1661333 0.4836192 0.1661312 0.4890799 0.1577244 0.4890806 0.1661312 0.4890799 0.1577231 0.4940153 0.1661312 0.4890799 0.1661303 0.4933342 0.1577231 0.4940153 0.1577231 0.4940153 0.1661303 0.4933342 0.1661289 0.4987621 0.1577231 0.4940153 0.1661289 0.4987621 0.1577212 0.5051121 0.1661289 0.4987621 0.1661279 0.504523 0.1577212 0.5051121 0.1577212 0.5051121 0.1661279 0.504523 0.1661278 0.5051115 0.1577212 0.5051121 0.1661278 0.5051115 0.1577205 0.5109065 0.1661278 0.5051115 0.1661272 0.5106073 0.1577205 0.5109065 0.1577205 0.5109065 0.1661272 0.5106073 0.1661266 0.5169886 0.1577205 0.5109065 0.1661266 0.5169886 0.1577196 0.5236325 0.1661266 0.5169886 0.1661265 0.5236044 0.1577196 0.5236325 0.1577196 0.5236325 0.1661265 0.5236044 0.1661264 0.5236318 0.1577196 0.5236325 0.1661264 0.5236318 0.1577196 0.5299042 0.1577196 0.5299042 0.1661264 0.5236318 0.1661263 0.5303963 0.1577196 0.5299042 0.1661263 0.5303963 0.1577201 0.543478 0.1661283 0.5576386 0.1577225 0.5634017 0.1661277 0.5509867 0.1661277 0.5509867 0.1577225 0.5634017 0.1577207 0.5498248 0.1661277 0.5509867 0.1577207 0.5498248 0.1661269 0.5434773 0.1661269 0.5434773 0.1577207 0.5498248 0.1577201 0.543478 0.1661269 0.5434773 0.1577201 0.543478 0.1661264 0.5372793 0.1661264 0.5372793 0.1577201 0.543478 0.1661263 0.5303963 0.1661283 0.5576386 0.1661294 0.563401 0.1577225 0.5634017 0.1577225 0.5634017 0.1661294 0.563401 0.1661295 0.5640652 0.1577225 0.5634017 0.1661295 0.5640652 0.1577238 0.5694276 0.1577238 0.5694276 0.1661295 0.5640652 0.1661308 0.5702148 0.1577238 0.5694276 0.1661308 0.5702148 0.1577268 0.5821517 0.1661308 0.5702148 0.1661333 0.581363 0.1577268 0.5821517 0.1577268 0.5821517 0.1661333 0.581363 0.1661336 0.5821509 0.1577268 0.5821517 0.1661336 0.5821509 0.1577286 0.5874916 0.1577286 0.5874916 0.1661336 0.5821509 0.1661363 0.5905579 0.9366838 0.9046384 0.9450942 0.90767 0.9366962 0.9165596 0.9366962 0.9165596 0.9450942 0.90767 0.9451017 0.9150565 0.9366962 0.9165596 0.9451017 0.9150565 0.9451031 0.9165602 0.9451031 0.9165602 0.9451042 0.9186108 0.9366962 0.9165596 0.9366962 0.9165596 0.9451042 0.9186108 0.9451044 0.9188554 0.9366962 0.9165596 0.9451044 0.9188554 0.9367002 0.9221273 0.9367002 0.9221273 0.9451044 0.9188554 0.9451062 0.921852 0.9451119 0.9313043 0.9367067 0.9355357 0.945109 0.9265285 0.945109 0.9265285 0.9367067 0.9355357 0.9367002 0.9221273 0.945109 0.9265285 0.9367002 0.9221273 0.9451088 0.9259088 0.9451088 0.9259088 0.9367002 0.9221273 0.9451062 0.921852 0.8710511 0.955517 0.8710506 0.9393335 0.9367078 0.9393383 0.9451119 0.9313043 0.9451135 0.9355363 0.9367067 0.9355357 0.9367067 0.9355357 0.9451135 0.9355363 0.9451138 0.9363943 0.9367067 0.9355357 0.9451138 0.9363943 0.9367078 0.9393383 0.9451138 0.9363943 0.9451152 0.9425649 0.9367078 0.9393383 0.9367078 0.9393383 0.9451152 0.9425649 0.9451153 0.949466 0.9367078 0.9393383 0.9451153 0.949466 0.8710511 0.955517 0.8710511 0.955517 0.9451153 0.949466 0.9451148 0.9555224 0.8710511 0.955517 0.9451148 0.9555224 0.8710505 0.957596 0.9451148 0.9555224 0.9451146 0.9572662 0.8710505 0.957596 0.8710505 0.957596 0.9451146 0.9572662 0.9451119 0.9657233 0.8710505 0.957596 0.9451119 0.9657233 0.8710429 0.9755455 0.8710429 0.9755455 0.9451119 0.9657233 0.9451099 0.970066 0.8710429 0.9755455 0.9451099 0.970066 0.9451075 0.9744431 0.9451075 0.9744431 0.9451069 0.9752627 0.8710429 0.9755455 0.8710429 0.9755455 0.9451069 0.9752627 0.9451005 0.9836389 0.8710429 0.9755455 0.9451005 0.9836389 0.8710279 0.9922444 0.8710279 0.9922444 0.9451005 0.9836389 0.9450904 0.9935168 0.8710279 0.9922444 0.9450904 0.9935168 0.8710263 0.9935113 0.7817648 0.7857825 0.7673304 0.8584265 0.7673304 0.7829101 0.5400043 0.5184583 0.5400043 0.4431892 0.5403004 0.4432429 0.8676796 0.6457089 0.7936102 0.6601291 0.8676804 0.6426793 0.7936102 0.6601291 0.7936145 0.6484346 0.8676804 0.6426793 0.8676804 0.6426793 0.7936145 0.6484346 0.7936165 0.6426727 0.8676804 0.6426793 0.7936165 0.6426727 0.8676838 0.6281649 0.8676838 0.6281649 0.7936165 0.6426727 0.7936186 0.6341804 0.8676838 0.6281649 0.7936186 0.6341804 0.8676844 0.6231722 0.8676844 0.6231722 0.7936186 0.6341804 0.7936205 0.6231656 0.8676844 0.6231722 0.7936205 0.6231656 0.8676859 0.6099157 0.8676859 0.6099157 0.7936205 0.6231656 0.7936221 0.6034857 0.8676859 0.6099157 0.7936221 0.6034857 0.8676861 0.6031308 0.8676861 0.6031308 0.7936221 0.6034857 0.7936222 0.6031242 0.8676861 0.6031308 0.7936222 0.6031242 0.8676859 0.591915 0.8676859 0.591915 0.7936222 0.6031242 0.7936217 0.5902605 0.8676859 0.591915 0.7936217 0.5902605 0.867685 0.5838144 0.867685 0.5838144 0.7936217 0.5902605 0.7936211 0.5838078 0.867685 0.5838144 0.7936211 0.5838078 0.8020265 0.5750969 0.8020265 0.5750969 0.7936211 0.5838078 0.7936204 0.5787603 0.8020265 0.5750969 0.7936204 0.5787603 0.7936194 0.5734422 0.7803922 0.858428 0.7803922 0.9224018 0.7702578 0.8584272 0.7702578 0.8584272 0.7803922 0.9224018 0.7702578 0.9224007 0.1620015 0.7179225 0.1620015 0.7478049 0.1578689 0.7179219 0.1578689 0.7179219 0.1620015 0.7478049 0.1578689 0.7478044 0.9261946 0.1647698 0.8963121 0.1647713 0.9261899 0.1431207 0.9261899 0.1431207 0.8963121 0.1647713 0.8963075 0.143122 0.9261899 0.1431207 0.8963075 0.143122 0.926187 0.1200596 0.926187 0.1200596 0.8963075 0.143122 0.8963045 0.120061 0.926187 0.1200596 0.8963045 0.120061 0.9261856 0.0964502 0.9261856 0.0964502 0.8963045 0.120061 0.8963031 0.09645158 0.9261856 0.0964502 0.8963031 0.09645158 0.9261862 0.0731762 0.9261862 0.0731762 0.8963031 0.09645158 0.8963037 0.07317757 0.9261862 0.0731762 0.8963037 0.07317757 0.9261883 0.05110889 0.9261883 0.05110889 0.8963037 0.07317757 0.8963059 0.05111026 0.9261883 0.05110889 0.8963059 0.05111026 0.9261922 0.0310744 0.9261922 0.0310744 0.8963059 0.05111026 0.89631 0.03107577 0.9261922 0.0310744 0.89631 0.03107577 0.9261979 0.01382285 0.9261979 0.01382285 0.89631 0.03107577 0.8963154 0.01382422 0.9261979 0.01382285 0.8963154 0.01382422 0.9262048 0 0.9262048 0 0.8963154 0.01382422 0.8963223 1.39389e-6 0.5452029 0.7127133 0.5750852 0.7126609 0.5451797 0.7284509 0.5451797 0.7284509 0.5750852 0.7126609 0.575062 0.7283985 0.5451797 0.7284509 0.575062 0.7283985 0.5451718 0.7472848 0.5451718 0.7472848 0.575062 0.7283985 0.5750541 0.7472324 0.5451718 0.7472848 0.5750541 0.7472324 0.5451792 0.7685099 0.5451792 0.7685099 0.5750541 0.7472324 0.5750615 0.7684576 0.5451792 0.7685099 0.5750615 0.7684576 0.5452013 0.7909638 0.5452013 0.7909638 0.5750615 0.7684576 0.5750839 0.7912794 0.5452013 0.7909638 0.5750839 0.7912794 0.5449239 0.7913322 0.5750839 0.7912794 0.5750852 0.7929167 0.5449239 0.7913322 0.5449239 0.7913322 0.5750852 0.7929167 0.5438867 0.7929714 0.5438867 0.7929714 0.5750852 0.7929167 0.5436118 0.7936542 0.5436118 0.7936542 0.5750852 0.7929167 0.5750836 0.7941488 0.5436118 0.7936542 0.5750836 0.7941488 0.5435177 0.7942041 0.3832027 0.7143807 0.3721817 0.7281389 0.3798503 0.7168966 0.3798503 0.7168966 0.3721817 0.7281389 0.3757002 0.7174838 0.3166334 0.6846038 0.3411356 0.6912017 0.3410941 0.6928433 0.3463246 0.6846464 0.3458995 0.6848219 0.3329492 0.6735777 0.3329492 0.6735777 0.3458995 0.6848219 0.3442766 0.6861926 0.3166334 0.6846038 0.3410941 0.6928433 0.3345245 0.7000188 0.3410941 0.6928433 0.3416841 0.6943759 0.3345245 0.7000188 0.3345245 0.7000188 0.3416841 0.6943759 0.3428156 0.6955661 0.3345245 0.7000188 0.3428156 0.6955661 0.3693236 0.724564 0.3693236 0.724564 0.3428156 0.6955661 0.3717814 0.7159967 0.3693236 0.724564 0.3717814 0.7159967 0.3706073 0.7260153 0.3706073 0.7260153 0.3717814 0.7159967 0.3757002 0.7174838 0.3706073 0.7260153 0.3757002 0.7174838 0.3711049 0.727888 0.3711049 0.727888 0.3757002 0.7174838 0.3721817 0.7281389 0.3711049 0.727888 0.3721817 0.7281389 0.3708414 0.7294731 0.3411356 0.6912017 0.3166334 0.6846038 0.3418021 0.6897009 0.3418021 0.6897009 0.3166334 0.6846038 0.3020459 0.6660319 0.3418021 0.6897009 0.3020459 0.6660319 0.3442766 0.6861926 0.2848216 0.6222907 0.3089814 0.6370279 0.3189983 0.6565926 0.3143518 0.5517841 0.3061056 0.5721585 0.2854068 0.5752841 0.2854068 0.5752841 0.3061056 0.5721585 0.2828297 0.5987589 0.2828297 0.5987589 0.3061056 0.5721585 0.3023839 0.5938211 0.2828297 0.5987589 0.3023839 0.5938211 0.2848216 0.6222907 0.2848216 0.6222907 0.3023839 0.5938211 0.3033574 0.6157795 0.2848216 0.6222907 0.3033574 0.6157795 0.3089814 0.6370279 0.3020459 0.6660319 0.291308 0.6449984 0.3442766 0.6861926 0.3442766 0.6861926 0.291308 0.6449984 0.2848216 0.6222907 0.3442766 0.6861926 0.2848216 0.6222907 0.3329492 0.6735777 0.3329492 0.6735777 0.2848216 0.6222907 0.3189983 0.6565926 0.3578382 0.4876508 0.380043 0.480776 0.3682385 0.5010607 0.2854068 0.5752841 0.2924563 0.5527449 0.3143518 0.5517841 0.3143518 0.5517841 0.2924563 0.5527449 0.3037146 0.5319852 0.3143518 0.5517841 0.3037146 0.5319852 0.3267449 0.5336312 0.3267449 0.5336312 0.3037146 0.5319852 0.3187599 0.5137822 0.3267449 0.5336312 0.3187599 0.5137822 0.3427172 0.5185313 0.3427172 0.5185313 0.3187599 0.5137822 0.3370291 0.4988173 0.3427172 0.5185313 0.3370291 0.4988173 0.361537 0.5071762 0.361537 0.5071762 0.3370291 0.4988173 0.3578382 0.4876508 0.361537 0.5071762 0.3578382 0.4876508 0.3653562 0.5046319 0.3653562 0.5046319 0.3578382 0.4876508 0.3682385 0.5010607 0.9415209 0.5485125 0.9739272 0.5653166 0.9415193 0.5650259 0.9415193 0.5650259 0.9739272 0.5653166 0.9739435 0.5842456 0.9415193 0.5650259 0.9739435 0.5842456 0.941536 0.584325 0.9415407 0.535573 0.9739465 0.5361728 0.9415209 0.5485125 0.9415209 0.5485125 0.9739465 0.5361728 0.9739281 0.5490438 0.9415209 0.5485125 0.9739281 0.5490438 0.9739272 0.5653166 0.1560298 0.8067593 0.1236226 0.8053964 0.1560353 0.7916626 0.1560353 0.7916626 0.1236226 0.8053964 0.1236275 0.7916647 0.1560353 0.7916626 0.1236275 0.7916647 0.1236279 0.7908568 0.1560262 0.824992 0.1236188 0.823008 0.1560298 0.8067593 0.1560298 0.8067593 0.1236188 0.823008 0.123622 0.8067614 0.1560298 0.8067593 0.123622 0.8067614 0.1236226 0.8053964 0.1560242 0.8454902 0.1236167 0.8428847 0.1560262 0.824992 0.1560262 0.824992 0.1236167 0.8428847 0.1236185 0.824994 0.1560262 0.824992 0.1236185 0.824994 0.1236188 0.823008 0.1560242 0.8672754 0.1236164 0.8641158 0.1560242 0.8454902 0.1560242 0.8454902 0.1236164 0.8641158 0.1236164 0.8454923 0.1560242 0.8454902 0.1236164 0.8454923 0.1236167 0.8428847 0.1560261 0.8893077 0.1236179 0.885729 0.1560242 0.8672754 0.1560242 0.8672754 0.1236179 0.885729 0.1236165 0.8672775 0.1560242 0.8672754 0.1236165 0.8672775 0.1236164 0.8641158 0.1560299 0.9105354 0.1236214 0.9067339 0.1560261 0.8893077 0.1560261 0.8893077 0.1236214 0.9067339 0.1236184 0.8893098 0.1560261 0.8893077 0.1236184 0.8893098 0.1236179 0.885729 0.1560353 0.929945 0.1236261 0.9250699 0.1560299 0.9105354 0.1560299 0.9105354 0.1236261 0.9250699 0.1236221 0.9105375 0.1560299 0.9105354 0.1236221 0.9105375 0.1236214 0.9067339 0.09206008 0.925072 0.1236261 0.9250699 0.09206151 0.9299491 0.09206151 0.9299491 0.1236261 0.9250699 0.1560353 0.929945 0.5703792 0.6486676 0.5703792 0.7126413 0.5634195 0.6486756 0.5634195 0.6486756 0.5703792 0.7126413 0.5507746 0.7126601 0.5634195 0.6486756 0.5507746 0.7126601 0.5507746 0.6486865 0.5166912 0.5183466 0.5261467 0.5084043 0.5261791 0.5091626 0.5206214 0.791412 0.5185665 0.7945283 0.5153661 0.7964497 0.4176227 0.6527459 0.3980616 0.6455013 0.3983888 0.6404128 0.42365 0.591699 0.4272719 0.592176 0.4303507 0.5941425 0.3913746 0.5607399 0.3843661 0.4811323 0.3860676 0.4861252 0.3952028 0.5035966 0.4355533 0.5557042 0.4276061 0.562967 0.4394447 0.599905 0.450133 0.6011952 0.4486489 0.6268113 0.4486489 0.6268113 0.450133 0.6011952 0.467987 0.6203836 0.467987 0.6203836 0.450133 0.6011952 0.4603369 0.5977621 0.467987 0.6203836 0.4603369 0.5977621 0.4883143 0.6189447 0.4883143 0.6189447 0.4603369 0.5977621 0.4680716 0.5902733 0.4883143 0.6189447 0.4680716 0.5902733 0.508365 0.6225843 0.3952028 0.5035966 0.4082594 0.5183689 0.4355533 0.5557042 0.4355533 0.5557042 0.4082594 0.5183689 0.4244762 0.529581 0.4355533 0.5557042 0.4244762 0.529581 0.4458518 0.5525664 0.4458518 0.5525664 0.4244762 0.529581 0.4429078 0.5365792 0.4458518 0.5525664 0.4429078 0.5365792 0.4564986 0.5541638 0.4564986 0.5541638 0.4429078 0.5365792 0.4624795 0.5389555 0.4564986 0.5541638 0.4624795 0.5389555 0.4654228 0.560186 0.5375465 0.6382816 0.5376471 0.6390338 0.5268898 0.6310756 0.4624795 0.5389555 0.4820502 0.5365712 0.4654228 0.560186 0.4654228 0.560186 0.4820502 0.5365712 0.5004789 0.5295653 0.4654228 0.560186 0.5004789 0.5295653 0.4708884 0.5694613 0.4276061 0.562967 0.4249182 0.5654411 0.3952028 0.5035966 0.3952028 0.5035966 0.4249182 0.5654411 0.4214353 0.5665436 0.3952028 0.5035966 0.4214353 0.5665436 0.400498 0.5683869 0.3950657 0.6026657 0.39582 0.5983742 0.3986189 0.5950348 0.5004789 0.5295653 0.5166912 0.5183466 0.4708884 0.5694613 0.4708884 0.5694613 0.5166912 0.5183466 0.5261791 0.5091626 0.4708884 0.5694613 0.5261791 0.5091626 0.4718326 0.5801857 0.4718326 0.5801857 0.5261791 0.5091626 0.5375465 0.6382816 0.4718326 0.5801857 0.5375465 0.6382816 0.4680716 0.5902733 0.4680716 0.5902733 0.5375465 0.6382816 0.5268898 0.6310756 0.4680716 0.5902733 0.5268898 0.6310756 0.508365 0.6225843 0.520941 0.7732247 0.5205367 0.7743088 0.5085609 0.7783024 0.5085609 0.7783024 0.5205367 0.7743088 0.5202221 0.7774391 0.5085609 0.7783024 0.5202221 0.7774391 0.5211267 0.7877135 0.4486489 0.6268113 0.4315049 0.6378274 0.4394447 0.599905 0.4394447 0.599905 0.4315049 0.6378274 0.4176227 0.6527459 0.4394447 0.599905 0.4176227 0.6527459 0.4303507 0.5941425 0.4303507 0.5941425 0.4176227 0.6527459 0.3983888 0.6404128 0.4303507 0.5941425 0.3983888 0.6404128 0.42365 0.591699 0.42365 0.591699 0.3983888 0.6404128 0.3950657 0.6026657 0.42365 0.591699 0.3950657 0.6026657 0.4027126 0.5935423 0.4027126 0.5935423 0.3950657 0.6026657 0.3986189 0.5950348 0.3962065 0.5676326 0.3928671 0.5648336 0.400498 0.5683869 0.400498 0.5683869 0.3928671 0.5648336 0.3913746 0.5607399 0.400498 0.5683869 0.3913746 0.5607399 0.3952028 0.5035966 0.3952028 0.5035966 0.3913746 0.5607399 0.3860676 0.4861252 0.4488344 0.7742257 0.430334 0.7861309 0.4316627 0.7632527 0.4316627 0.7632527 0.430334 0.7861309 0.4130089 0.7724592 0.4316627 0.7632527 0.4130089 0.7724592 0.417743 0.7483693 0.417743 0.7483693 0.4130089 0.7724592 0.3990666 0.7553512 0.417743 0.7483693 0.3990666 0.7553512 0.4079424 0.7305026 0.4079424 0.7305026 0.3990666 0.7553512 0.3891726 0.7356236 0.4079424 0.7305026 0.3891726 0.7356236 0.4028713 0.7107653 0.4028713 0.7107653 0.3891726 0.7356236 0.3837991 0.714218 0.4028713 0.7107653 0.3837991 0.714218 0.4028457 0.6903871 0.4028457 0.6903871 0.3837991 0.714218 0.3832028 0.6921564 0.4028457 0.6903871 0.3832028 0.6921564 0.4078671 0.6706372 0.4078671 0.6706372 0.3832028 0.6921564 0.3874121 0.6704918 0.4078671 0.6706372 0.3874121 0.6704918 0.4176227 0.6527459 0.4176227 0.6527459 0.3874121 0.6704918 0.396226 0.6502585 0.4176227 0.6527459 0.396226 0.6502585 0.3980616 0.6455013 0.5211267 0.7877135 0.5206214 0.791412 0.5085609 0.7783024 0.5085609 0.7783024 0.5206214 0.791412 0.5153661 0.7964497 0.5085609 0.7783024 0.5153661 0.7964497 0.4885194 0.7819924 0.4885194 0.7819924 0.5153661 0.7964497 0.4937704 0.8009991 0.4885194 0.7819924 0.4937704 0.8009991 0.4681885 0.7806047 0.4681885 0.7806047 0.4937704 0.8009991 0.4717021 0.8007497 0.4681885 0.7806047 0.4717021 0.8007497 0.4488344 0.7742257 0.4488344 0.7742257 0.4717021 0.8007497 0.4502148 0.7957134 0.4488344 0.7742257 0.4502148 0.7957134 0.430334 0.7861309 0.8693837 0.7679191 0.8693816 0.7651986 0.882431 0.7651663 0.8862282 0.778579 0.8946377 0.7730398 0.8946449 0.7807293 0.8862282 0.778579 0.8946449 0.7807293 0.8862383 0.7879534 0.8862383 0.7879534 0.8946449 0.7807293 0.8946543 0.789191 0.01681411 0.7908569 0.02522873 0.7922943 0.01681762 0.7979938 0.01681762 0.7979938 0.02522873 0.7922943 0.0252313 0.7981076 0.01681762 0.7979938 0.0252313 0.7981076 0.0168184 0.7998777 0.0168184 0.7998777 0.0252313 0.7981076 0.0252375 0.8125795 0.0168184 0.7998777 0.0252375 0.8125795 0.01682186 0.8082222 0.01682186 0.8082222 0.0252375 0.8125795 0.02524018 0.8201398 0.01682186 0.8082222 0.02524018 0.8201398 0.01682561 0.8178834 0.01682561 0.8178834 0.02524018 0.8201398 0.02524262 0.82788 0.01682561 0.8178834 0.02524262 0.82788 0.01682883 0.8278324 0.8946377 0.7730398 0.8862282 0.778579 0.8946318 0.7650708 0.8946318 0.7650708 0.8862282 0.778579 0.8862201 0.769463 0.8946318 0.7650708 0.8862201 0.769463 0.882431 0.7651663 0.882431 0.7651663 0.8862201 0.769463 0.8702934 0.7691342 0.882431 0.7651663 0.8702934 0.7691342 0.8693837 0.7679191 0.8946249 0.7525498 0.8946318 0.7650708 0.8824241 0.7526113 0.8824241 0.7526113 0.8946318 0.7650708 0.882431 0.7651663 0.8824241 0.7526113 0.882431 0.7651663 0.8693749 0.7526322 0.8693749 0.7526322 0.882431 0.7651663 0.8693816 0.7651986 0.2232617 0.9186341 0.1576043 0.9186728 0.1576043 0.9146182 0.1678214 0.5065525 0.1762279 0.511583 0.1678206 0.5210105 0.1678206 0.5210105 0.1762279 0.511583 0.1762276 0.5154439 0.1762276 0.5154439 0.1762275 0.5197168 0.1678206 0.5210105 0.1678206 0.5210105 0.1762275 0.5197168 0.1762275 0.5210096 0.1678206 0.5210105 0.1762275 0.5210096 0.1678205 0.5247585 0.1762275 0.5210096 0.1762273 0.5248038 0.1678205 0.5247585 0.1678205 0.5247585 0.1762273 0.5248038 0.1762276 0.5318799 0.1678205 0.5247585 0.1762276 0.5318799 0.1678214 0.540856 0.1678214 0.540856 0.1762276 0.5318799 0.1762282 0.5408551 0.1678214 0.540856 0.1762282 0.5408551 0.1678217 0.5439755 0.1678217 0.5439755 0.1762282 0.5408551 0.1762288 0.5451481 0.1678217 0.5439755 0.1762288 0.5451481 0.1678241 0.5607796 0.1678241 0.5607796 0.1762288 0.5451481 0.176231 0.5607789 0.1678241 0.5607796 0.176231 0.5607789 0.1678246 0.5630832 0.1678246 0.5630832 0.176231 0.5607789 0.1678289 0.5795297 0.176231 0.5607789 0.1762343 0.5745767 0.1678289 0.5795297 0.1678289 0.5795297 0.1762343 0.5745767 0.1762355 0.5795288 0.1678289 0.5795297 0.1762355 0.5795288 0.1678293 0.5809676 0.9766879 0.001256883 0.9850926 0 0.9851131 0.01677381 0.985125 0.03574991 0.9767181 0.03589951 0.9851173 0.02193039 0.9851173 0.02193039 0.9767181 0.03589951 0.976707 0.01757991 0.9851173 0.02193039 0.976707 0.01757991 0.9851131 0.01677381 0.9851131 0.01677381 0.976707 0.01757991 0.9767063 0.01677381 0.9851131 0.01677381 0.9767063 0.01677381 0.9766879 0.001256883 0.985125 0.03574991 0.9851264 0.04023838 0.9767181 0.03589951 0.9767181 0.03589951 0.9851264 0.04023838 0.9851265 0.04057133 0.9767181 0.03589951 0.9851265 0.04057133 0.9767211 0.05514752 0.9767211 0.05514752 0.9851265 0.04057133 0.9851278 0.04770636 0.9851278 0.04770636 0.9851281 0.0535922 0.9767211 0.05514752 0.9767211 0.05514752 0.9851281 0.0535922 0.9851279 0.05573606 0.9767211 0.05514752 0.9851279 0.05573606 0.9767211 0.055736 0.9767211 0.055736 0.9851279 0.05573606 0.9851267 0.06239038 0.9767211 0.055736 0.9851267 0.06239038 0.9767158 0.0730977 0.9767158 0.0730977 0.9851267 0.06239038 0.9851244 0.06958413 0.9767158 0.0730977 0.9851244 0.06958413 0.9851214 0.07547628 0.9278941 0.07309764 0.9767158 0.0730977 0.9278927 0.07547628 0.9278927 0.07547628 0.9767158 0.0730977 0.9851214 0.07547628 0.9278927 0.07547628 0.9851214 0.07547628 0.9278853 0.08561474 0.9278853 0.08561474 0.9851214 0.07547628 0.9851061 0.09373039 0.9278853 0.08561474 0.9851061 0.09373039 0.9278773 0.09373039 0.7879415 0.7039318 0.7307126 0.7039256 0.787945 0.695582 0.787945 0.695582 0.7307126 0.7039256 0.7307181 0.6898568 0.787945 0.695582 0.7307181 0.6898568 0.7879481 0.6861847 0.7879481 0.6861847 0.7307181 0.6898568 0.7307192 0.6861786 0.7879481 0.6861847 0.7307192 0.6861786 0.7879502 0.6778854 0.7879502 0.6778854 0.7307192 0.6861786 0.7307217 0.6768764 0.7879502 0.6778854 0.7307217 0.6768764 0.7879524 0.6666776 0.7307217 0.6768764 0.7307238 0.6666715 0.7879524 0.6666776 0.7879524 0.6666776 0.7307238 0.6666715 0.7307242 0.6635979 0.7879524 0.6666776 0.7307242 0.6635979 0.7879537 0.65908 0.7879537 0.65908 0.7307242 0.6635979 0.7307251 0.6569223 0.7879537 0.65908 0.7307251 0.6569223 0.7879545 0.6466362 0.7307251 0.6569223 0.7307254 0.6502389 0.7879545 0.6466362 0.7879545 0.6466362 0.7307254 0.6502389 0.7307256 0.6466301 0.7879545 0.6466362 0.7307256 0.6466301 0.7879546 0.6402237 0.7879546 0.6402237 0.7307256 0.6466301 0.7307256 0.6368482 0.7879546 0.6402237 0.7307256 0.6368482 0.7879537 0.6273198 0.7879537 0.6273198 0.7307256 0.6368482 0.7307251 0.6273137 0.7879537 0.6273198 0.7307251 0.6273137 0.7879533 0.6223772 0.7307251 0.6273137 0.7307246 0.623466 0.7879533 0.6223772 0.7879533 0.6223772 0.7307246 0.623466 0.7307235 0.6169553 0.7879533 0.6223772 0.7307235 0.6169553 0.7879505 0.609942 0.7307235 0.6169553 0.730722 0.6106966 0.7879505 0.609942 0.7879505 0.609942 0.730722 0.6106966 0.7307218 0.6099359 0.7879505 0.609942 0.7307218 0.6099359 0.7879496 0.6065441 0.7879496 0.6065441 0.7307218 0.6099359 0.730718 0.5993268 0.7879496 0.6065441 0.730718 0.5993268 0.7879449 0.5955948 0.5367079 0.923834 0.5367486 0.9346923 0.5199134 0.934693 0.730718 0.5993268 0.730716 0.5955887 0.7879449 0.5955948 0.7879449 0.5955948 0.730716 0.5955887 0.7307126 0.5900213 0.7879449 0.5955948 0.7307126 0.5900213 0.7879441 0.5941514 0.5199134 0.934693 0.4626672 0.9305776 0.4626443 0.9238371 0.5199134 0.934693 0.4626443 0.9238371 0.5367079 0.923834 0.4626077 0.9081721 0.5366713 0.9081691 0.4626192 0.9140396 0.4626192 0.9140396 0.5366713 0.9081691 0.5366727 0.9088498 0.4626192 0.9140396 0.5366727 0.9088498 0.4626443 0.9238371 0.4626443 0.9238371 0.5366727 0.9088498 0.5367063 0.9232866 0.4626443 0.9238371 0.5367063 0.9232866 0.5367079 0.923834 0.4625725 0.8701368 0.5366364 0.8701338 0.4625751 0.8776542 0.4625751 0.8776542 0.5366364 0.8701338 0.5366374 0.8740862 0.4625751 0.8776542 0.5366374 0.8740862 0.4625833 0.8898891 0.4625833 0.8898891 0.5366374 0.8740862 0.5366469 0.8898861 0.4625833 0.8898891 0.5366469 0.8898861 0.4625864 0.8931279 0.4625864 0.8931279 0.5366469 0.8898861 0.5366491 0.8921526 0.4625864 0.8931279 0.5366491 0.8921526 0.4625955 0.9004787 0.4625955 0.9004787 0.5366491 0.8921526 0.5366713 0.9081691 0.4625955 0.9004787 0.5366713 0.9081691 0.4626063 0.9074736 0.4626063 0.9074736 0.5366713 0.9081691 0.4626077 0.9081721 0.4625725 0.8701368 0.4625726 0.8696877 0.5366364 0.8701338 0.5366364 0.8701338 0.4625726 0.8696877 0.4625725 0.8616742 0.5366364 0.8701338 0.4625725 0.8616742 0.5366376 0.855615 0.5366376 0.855615 0.4625725 0.8616742 0.4625747 0.8537116 0.5366376 0.855615 0.4625747 0.8537116 0.5366402 0.8501532 0.5366402 0.8501532 0.4625747 0.8537116 0.4625763 0.8501562 0.5366402 0.8501532 0.4625763 0.8501562 0.5366501 0.8377248 0.5366501 0.8377248 0.4625763 0.8501562 0.4625859 0.8383126 0.5366501 0.8377248 0.4625859 0.8383126 0.5366581 0.8311998 0.5366581 0.8311998 0.4625859 0.8383126 0.4625943 0.8312028 0.5366581 0.8311998 0.4625943 0.8312028 0.5366742 0.8213708 0.4625943 0.8312028 0.4626051 0.8242594 0.5366742 0.8213708 0.5366742 0.8213708 0.4626051 0.8242594 0.4626176 0.8179296 0.5366742 0.8213708 0.4626176 0.8179296 0.5366892 0.8144646 0.5366892 0.8144646 0.4626176 0.8179296 0.4626253 0.8144676 0.5366892 0.8144646 0.4626253 0.8144676 0.5367084 0.8074256 0.5367084 0.8074256 0.4626253 0.8144676 0.4626463 0.8069149 0.5367084 0.8074256 0.4626463 0.8069149 0.5367313 0.800999 0.5367313 0.800999 0.4626463 0.8069149 0.4626675 0.8010021 0.1576043 0.9146182 0.2316684 0.9145745 0.2232617 0.9186341 0.4622709 0.8260498 0.4622709 0.8353232 0.4598895 0.8342146 0.1678282 0.4779778 0.1762355 0.4765446 0.1678252 0.4864585 0.1678252 0.4864585 0.1762355 0.4765446 0.176232 0.4864578 0.1678252 0.4864585 0.176232 0.4864578 0.167824 0.490419 0.167824 0.490419 0.176232 0.4864578 0.1762301 0.493268 0.167824 0.490419 0.1762301 0.493268 0.167822 0.5024901 0.167822 0.5024901 0.1762301 0.493268 0.1762288 0.5024893 0.167822 0.5024901 0.1762288 0.5024893 0.1678214 0.5065525 0.1678214 0.5065525 0.1762288 0.5024893 0.1762281 0.5079742 0.1678214 0.5065525 0.1762281 0.5079742 0.1762279 0.511583 0.0130496 0.8541806 0.01342856 0.8479724 0.01683437 0.847976 0.001716375 0.8479676 0.01342856 0.8479724 0 0.8507069 0 0.8507069 0.01342856 0.8479724 0.0130496 0.8541806 0 0.8507069 0.0130496 0.8541806 6.19654e-7 0.8541877 6.19654e-7 0.8541877 0.0130496 0.8541806 0.01305121 0.8627657 6.19654e-7 0.8541877 0.01305121 0.8627657 2.31939e-6 0.8627813 2.31939e-6 0.8627813 0.01305121 0.8627657 0.0130527 0.8711969 2.31939e-6 0.8627813 0.0130527 0.8711969 3.70957e-6 0.8712208 3.70957e-6 0.8712208 0.0130527 0.8711969 0.01305443 0.8870079 3.70957e-6 0.8712208 0.01305443 0.8870079 5.43169e-6 0.8870475 5.43169e-6 0.8870475 0.01305443 0.8870079 0.01305502 0.8943461 5.43169e-6 0.8870475 0.01305502 0.8943461 5.90325e-6 0.8943931 5.90325e-6 0.8943931 0.01305502 0.8943461 0.01305508 0.9012449 5.90325e-6 0.8943931 0.01305508 0.9012449 5.83532e-6 0.9012988 0.01682883 0.8278324 0.02524262 0.82788 0.01683068 0.8333869 0.01683068 0.8333869 0.02524262 0.82788 0.0252453 0.8370844 0.01683068 0.8333869 0.0252453 0.8370844 0.01683187 0.8376388 0.01683187 0.8376388 0.0252453 0.8370844 0.02524757 0.8456242 0.01683187 0.8376388 0.02524757 0.8456242 0.01683437 0.847976 0.01683437 0.847976 0.02524757 0.8456242 0.02524948 0.8541653 0.01683437 0.847976 0.02524948 0.8541653 0.0130496 0.8541806 0.0130496 0.8541806 0.02524948 0.8541653 0.0252512 0.862725 0.0130496 0.8541806 0.0252512 0.862725 0.01305121 0.8627657 0.01305121 0.8627657 0.0252512 0.862725 0.02525258 0.8711313 0.01305121 0.8627657 0.02525258 0.8711313 0.0130527 0.8711969 0.0130527 0.8711969 0.02525258 0.8711313 0.0252543 0.886895 0.0130527 0.8711969 0.0252543 0.886895 0.01305443 0.8870079 0.01305443 0.8870079 0.0252543 0.886895 0.02525502 0.8942111 0.01305443 0.8870079 0.02525502 0.8942111 0.01305502 0.8943461 0.01305502 0.8943461 0.02525502 0.8942111 0.02525514 0.9010888 0.01305502 0.8943461 0.02525514 0.9010888 0.01305508 0.9012449 0.194328 0.7402083 0.196231 0.7413071 0.1936047 0.7443029 0.172021 0.9050561 0.1691802 0.9119946 0.1716476 0.9057168 0.1716476 0.9057168 0.1691802 0.9119946 0.1671556 0.9145745 0.231607 0.7766889 0.2310609 0.7760404 0.225913 0.7680261 0.225913 0.7680261 0.2310609 0.7760404 0.230331 0.7756091 0.225913 0.7680261 0.230331 0.7756091 0.2294995 0.7754437 0.1936047 0.7443029 0.196231 0.7413071 0.2078055 0.7543593 0.2115852 0.7807719 0.2213118 0.7846674 0.2195578 0.7947537 0.2195578 0.7947537 0.2213118 0.7846674 0.2222291 0.7886309 0.2195578 0.7947537 0.2222291 0.7886309 0.2252925 0.8132504 0.2252925 0.8132504 0.2222291 0.7886309 0.2295019 0.808663 0.2252925 0.8132504 0.2295019 0.808663 0.2265099 0.8325773 0.2265099 0.8325773 0.2295019 0.808663 0.2316684 0.829864 0.2265099 0.8325773 0.2316684 0.829864 0.2231417 0.8516472 0.2231417 0.8516472 0.2316684 0.829864 0.2285977 0.8509531 0.2231417 0.8516472 0.2285977 0.8509531 0.2153772 0.8693878 0.2153772 0.8693878 0.2285977 0.8509531 0.2204753 0.870656 0.2153772 0.8693878 0.2204753 0.870656 0.2036532 0.8848007 0.2036532 0.8848007 0.2204753 0.870656 0.2077919 0.8877823 0.2036532 0.8848007 0.2077919 0.8877823 0.1886293 0.8970192 0.1886293 0.8970192 0.2077919 0.8877823 0.1913139 0.9012972 0.1886293 0.8970192 0.1913139 0.9012972 0.172021 0.9050561 0.172021 0.9050561 0.1913139 0.9012972 0.1720368 0.9103842 0.172021 0.9050561 0.1720368 0.9103842 0.1691802 0.9119946 0.2115852 0.7807719 0.2123112 0.7804192 0.2213118 0.7846674 0.2213118 0.7846674 0.2123112 0.7804192 0.2131377 0.7794418 0.2213118 0.7846674 0.2131377 0.7794418 0.2223606 0.7807366 0.2223606 0.7807366 0.2131377 0.7794418 0.2151924 0.770558 0.2223606 0.7807366 0.2151924 0.770558 0.2251303 0.7777568 0.2251303 0.7777568 0.2151924 0.770558 0.2132964 0.761639 0.2251303 0.7777568 0.2132964 0.761639 0.2280496 0.775853 0.2294995 0.7754437 0.2289934 0.7754808 0.225913 0.7680261 0.225913 0.7680261 0.2289934 0.7754808 0.2286599 0.7755628 0.225913 0.7680261 0.2286599 0.7755628 0.2280496 0.775853 0.194328 0.7402083 0.1936047 0.7443029 0.1866731 0.7362924 0.1866731 0.7362924 0.1936047 0.7443029 0.1778331 0.7369512 0.1866731 0.7362924 0.1778331 0.7369512 0.176707 0.7322826 0.176707 0.7322826 0.1778331 0.7369512 0.1699034 0.7318438 0.176707 0.7322826 0.1699034 0.7318438 0.1671556 0.7294731 0.196231 0.7413071 0.2041259 0.7464709 0.2078055 0.7543593 0.2078055 0.7543593 0.2041259 0.7464709 0.2122672 0.7530035 0.2078055 0.7543593 0.2122672 0.7530035 0.2132964 0.761639 0.2132964 0.761639 0.2122672 0.7530035 0.2196219 0.7603015 0.2132964 0.761639 0.2196219 0.7603015 0.2280496 0.775853 0.2280496 0.775853 0.2196219 0.7603015 0.2232965 0.7646152 0.2280496 0.775853 0.2232965 0.7646152 0.225913 0.7680261 0.1522312 0.9636203 0.1522312 0.9484685 0.155637 0.9636195 0.155637 0.9636195 0.1522312 0.9484685 0.1560398 0.9476933 0.968536 0.4663522 0.9685359 0.481504 0.9538285 0.481521 0.968536 0.4663522 0.9538285 0.481521 0.9538285 0.4663696 0.9468483 0.660129 0.9619998 0.66013 0.9620018 0.6758114 0.9468483 0.660129 0.9620018 0.6758114 0.9468502 0.6758104 0.1522312 0.9484685 0.1522312 0.9636203 0.1500413 0.9484686 0.1500413 0.9484686 0.1522312 0.9636203 0.143919 0.9636219 0.1500413 0.9484686 0.143919 0.9636219 0.1439191 0.9484701 0.163494 0.8478937 0.1667772 0.8471404 0.1635834 0.8588439 0.1635834 0.8588439 0.1667772 0.8471404 0.1667772 0.8622922 0.1635834 0.8588439 0.1667772 0.8622922 0.1636393 0.8622895 0.1632646 0.8479839 0.163494 0.8478937 0.1635834 0.8588439 0.01683437 0.847976 0.01342856 0.8479724 0.0134257 0.8469842 0.01683437 0.847976 0.0134257 0.8469842 0.01683408 0.8471441 0.1606763 0.8622904 0.1607397 0.8588818 0.1615986 0.8588725 0.5389936 0.4664576 0.5389936 0.4629032 0.5396964 0.466256 0.1613454 0.8622896 0.1615986 0.8588725 0.1621491 0.862289 0.1621491 0.862289 0.1615986 0.8588725 0.1626003 0.8588591 0.1621491 0.862289 0.1626003 0.8588591 0.1626558 0.8622888 0.1635834 0.8588439 0.1636393 0.8622895 0.1626003 0.8588591 0.1626003 0.8588591 0.1636393 0.8622895 0.162997 0.8622891 0.1626003 0.8588591 0.162997 0.8622891 0.1626558 0.8622888 0.1632646 0.8479839 0.1635834 0.8588439 0.1626109 0.8481409 0.1626109 0.8481409 0.1635834 0.8588439 0.1626003 0.8588591 0.1626109 0.8481409 0.1626003 0.8588591 0.1618896 0.848165 0.1618896 0.848165 0.1626003 0.8588591 0.1615986 0.8588725 0.1618896 0.848165 0.1615986 0.8588725 0.1615054 0.8481137 0.1615054 0.8481137 0.1615986 0.8588725 0.1611294 0.8480116 0.1611294 0.8480116 0.1615986 0.8588725 0.1607397 0.8588818 0.002556085 0.8464681 0.0134257 0.8469842 0.002243936 0.8471304 0.002243936 0.8471304 0.0134257 0.8469842 0.01342856 0.8479724 0.002243936 0.8471304 0.01342856 0.8479724 0.001716375 0.8479676 0.9619973 0.7003329 0.9468455 0.7003319 0.9468483 0.6935592 0.9619973 0.7003329 0.9468483 0.6935592 0.9620001 0.6935602 0.9620001 0.6935602 0.9468483 0.6935592 0.9468501 0.6848396 0.9620001 0.6935602 0.9468501 0.6848396 0.9620019 0.6848406 0.9620019 0.6848406 0.9468501 0.6848396 0.9468502 0.6758104 0.9620019 0.6848406 0.9468502 0.6758104 0.9620018 0.6758114 0.5199134 0.934693 0.5367486 0.9346923 0.520005 0.9351115 0.520005 0.9351115 0.5367486 0.9346923 0.536751 0.9356158 0.520005 0.9351115 0.536751 0.9356158 0.52025 0.9356164 0.52025 0.9356164 0.536751 0.9356158 0.5367521 0.9368553 0.5215996 0.9380929 0.5216004 0.9373364 0.5367521 0.9368553 0.5367521 0.9368553 0.5216004 0.9373364 0.5211601 0.9368559 0.5367521 0.9368553 0.5211601 0.9368559 0.52025 0.9356164 0.5367521 0.9368553 0.5367513 0.9380923 0.5215996 0.9380929 0.5215996 0.9380929 0.5367513 0.9380923 0.5367487 0.939009 0.5215996 0.9380929 0.5367487 0.939009 0.521597 0.9390096 0.1664484 0.6877224 0.1816 0.6877105 0.1664524 0.7055616 0.1664524 0.7055616 0.1816 0.6877105 0.1816038 0.7079874 0.1664524 0.7055616 0.1816038 0.7079874 0.1664521 0.7079994 0.1664521 0.7079994 0.1816038 0.7079874 0.1664482 0.7218177 0.1664482 0.7218177 0.1816038 0.7079874 0.181597 0.7260519 0.5554503 0.5583532 0.5403005 0.5536888 0.555452 0.5536899 0.555452 0.5536899 0.5403005 0.5536888 0.5554558 0.5414095 0.5554558 0.5414095 0.5403005 0.5536888 0.5403059 0.5337067 0.5554558 0.5414095 0.5403059 0.5337067 0.5554574 0.5337079 0.5554574 0.5337079 0.5403059 0.5337067 0.5554593 0.5231864 0.5554593 0.5231864 0.5403059 0.5337067 0.5403086 0.512521 0.5554593 0.5231864 0.5403086 0.512521 0.5554603 0.5125222 0.5554603 0.5125222 0.5403086 0.512521 0.5554607 0.5045278 0.5554607 0.5045278 0.5403086 0.512521 0.5403088 0.4914115 0.5554607 0.5045278 0.5403088 0.4914115 0.5554606 0.4914127 0.5554606 0.4914127 0.5403088 0.4914115 0.5554602 0.4862979 0.5554602 0.4862979 0.5403088 0.4914115 0.5403063 0.4716536 0.5554602 0.4862979 0.5403063 0.4716536 0.555458 0.4716548 0.555458 0.4716548 0.5403063 0.4716536 0.5554574 0.469341 0.5554574 0.469341 0.5403063 0.4716536 0.5403013 0.4544411 0.5554574 0.469341 0.5403013 0.4544411 0.5554528 0.4544423 0.5554528 0.4544423 0.5403013 0.4544411 0.5403005 0.4508902 0.5554528 0.4544423 0.5403005 0.4508902 0.5554521 0.4506606 0.5554521 0.4506606 0.5403005 0.4508902 0.5403007 0.4468229 0.5554521 0.4506606 0.5403007 0.4468229 0.5554524 0.4463624 0.5554524 0.4463624 0.5403007 0.4468229 0.540302 0.4431893 0.5554524 0.4463624 0.540302 0.4431893 0.5554537 0.4431905 0.8677056 0.4517723 0.8676837 0.5693733 0.8525542 0.4517709 0.8525542 0.4517709 0.8676837 0.5693733 0.8037101 0.5693675 0.8525542 0.4517709 0.8037101 0.5693675 0.8525559 0.4420124 0.8525559 0.4420124 0.8037101 0.5693675 0.8037338 0.442008 0.8677056 0.4517723 0.8525542 0.4517709 0.8525548 0.4487292 0.8677056 0.4517723 0.8525548 0.4487292 0.8677065 0.4487305 0.1664482 0.6846839 0.1815999 0.684672 0.1816 0.6877105 0.1664482 0.6846839 0.1816 0.6877105 0.1664484 0.6877224 0.8963121 0.1647713 0.9261946 0.1647698 0.8963221 0.2019803 0.8963221 0.2019803 0.9261946 0.1647698 0.9262046 0.2019789 0.2879909 0.7975689 0.2822477 0.7977608 0.2822374 0.7923778 0.2879909 0.7975689 0.2822374 0.7923778 0.3029049 0.7973203 0.3074844 0.7923655 0.3074943 0.7973019 0.3029049 0.7973203 0.2822374 0.7923778 0.2822213 0.7857796 0.29442 0.7857402 0.3029049 0.7973203 0.2822374 0.7923778 0.3074844 0.7923655 0.3074844 0.7923655 0.2822374 0.7923778 0.29442 0.7857402 0.3074844 0.7923655 0.29442 0.7857402 0.3074678 0.7857157 0.2674787 0.8026535 0.2823649 0.8019323 0.2759312 0.8041904 0.2759312 0.8041904 0.2823649 0.8019323 0.2824518 0.8041325 0.2526577 0.8040606 0.2451642 0.80522 0.2453424 0.802444 0.2530601 0.8068687 0.2446162 0.8076239 0.2451642 0.80522 0.2451642 0.80522 0.2526577 0.8040606 0.2530601 0.8068687 0.2530601 0.8068687 0.2526577 0.8040606 0.2674787 0.8026535 0.2530601 0.8068687 0.2674787 0.8026535 0.2677651 0.8059288 0.2677651 0.8059288 0.2674787 0.8026535 0.2759312 0.8041904 0.2677651 0.8059288 0.2759312 0.8041904 0.2759293 0.8055812 0.2453424 0.802444 0.2523221 0.8006259 0.2526577 0.8040606 0.2526577 0.8040606 0.2523221 0.8006259 0.2672523 0.7986741 0.2526577 0.8040606 0.2672523 0.7986741 0.2674787 0.8026535 0.2674787 0.8026535 0.2672523 0.7986741 0.2822477 0.7977608 0.2674787 0.8026535 0.2822477 0.7977608 0.2823649 0.8019323 0.9262045 0.2070606 0.9196842 0.2071459 0.9262048 0.2057467 0.9262048 0.2057467 0.9196842 0.2071459 0.9112672 0.2072155 0.8963221 0.2019803 0.9262046 0.2019789 0.8962091 0.2028818 0.8962091 0.2028818 0.9262046 0.2019789 0.9262048 0.2038435 0.8962091 0.2028818 0.9262048 0.2038435 0.8958764 0.2038449 0.8958764 0.2038449 0.9262048 0.2038435 0.8946387 0.2057482 0.8946387 0.2057482 0.9262048 0.2038435 0.9262048 0.2057467 0.8946387 0.2057482 0.9262048 0.2057467 0.9112672 0.2072155 0.8946387 0.2057482 0.9112672 0.2072155 0.8946383 0.2072643 0.3074983 0.8008745 0.3074978 0.8040238 0.3029226 0.8008911 0.3029226 0.8008911 0.3074978 0.8040238 0.2908689 0.8040776 0.3029226 0.8008911 0.2908689 0.8040776 0.2880595 0.801105 0.2880595 0.801105 0.2908689 0.8040776 0.2824518 0.8041325 0.2880595 0.801105 0.2824518 0.8041325 0.2823649 0.8019323 0.2823649 0.8019323 0.2822477 0.7977608 0.2879909 0.7975689 0.2823649 0.8019323 0.2879909 0.7975689 0.2880595 0.801105 0.2880595 0.801105 0.2879909 0.7975689 0.3029049 0.7973203 0.2880595 0.801105 0.3029049 0.7973203 0.3029226 0.8008911 0.3029226 0.8008911 0.3029049 0.7973203 0.3074943 0.7973019 0.3029226 0.8008911 0.3074943 0.7973019 0.3074983 0.8008745 0.3057768 0.8056128 0.2758945 0.8056505 0.3056795 0.7774583 0.3056795 0.7774583 0.2758945 0.8056505 0.2757972 0.777496 0.1620015 0.7478049 0.1620015 0.7179225 0.1636387 0.7179225 0.1620015 0.7478049 0.1636387 0.7179225 0.1636387 0.747805 0.1636387 0.747805 0.1636387 0.7179225 0.1652002 0.7179222 0.1636387 0.747805 0.1652002 0.7179222 0.1652002 0.7478047 0.1652002 0.7478047 0.1652002 0.7179222 0.1664482 0.7179216 0.1652002 0.7478047 0.1664482 0.7179216 0.1664482 0.7478041 0.2757923 0.7764113 0.3056746 0.7763737 0.3056795 0.7774583 0.2757923 0.7764113 0.3056795 0.7774583 0.2757972 0.777496 0.06639289 0.4360719 0.05526673 0.4420003 0.05474412 0.43833 0.06408119 0.4296813 0.06639289 0.4360719 0.05439901 0.4359052 0.05439901 0.4359052 0.06639289 0.4360719 0.05474412 0.43833 0.05439901 0.4359052 0.05474412 0.43833 0.05410182 0.4360962 0.05526673 0.4420003 0.06639289 0.4360719 0.05557799 0.4441859 0.05557799 0.4441859 0.06639289 0.4360719 0.06751406 0.4431244 0.05557799 0.4441859 0.06751406 0.4431244 0.05576539 0.4455015 0.05576539 0.4455015 0.06751406 0.4431244 0.05685609 0.4531567 0.05685609 0.4531567 0.06751406 0.4431244 0.06817817 0.4560098 0.05685609 0.4531567 0.06817817 0.4560098 0.05794674 0.4608119 0.05439901 0.4359052 0.05410182 0.4360962 0.05325567 0.434618 0.05273824 0.4339658 0.06021702 0.4245153 0.05325567 0.434618 0.05325567 0.434618 0.06021702 0.4245153 0.06408119 0.4296813 0.05325567 0.434618 0.06408119 0.4296813 0.05439901 0.4359052 0.2453097 0.8387398 0.2453085 0.8536856 0.2316937 0.8513303 0.05273824 0.4339658 0.05022394 0.4320127 0.06021702 0.4245153 0.2316684 0.8286007 0.2443682 0.8329109 0.2453113 0.8364054 0.2316684 0.8286007 0.2453113 0.8364054 0.2316746 0.8353561 0.2316746 0.8353561 0.2453113 0.8364054 0.2453097 0.8387398 0.2316746 0.8353561 0.2453097 0.8387398 0.2316836 0.8429045 0.2316836 0.8429045 0.2453097 0.8387398 0.2316937 0.8513303 0.2529889 0.845188 0.2518427 0.8420872 0.3074548 0.8328315 0.2529889 0.845188 0.3074548 0.8328315 0.2530711 0.8456479 0.2530711 0.8456479 0.3074548 0.8328315 0.2531502 0.8497514 0.2531502 0.8497514 0.3074548 0.8328315 0.3074806 0.8534725 0.2531502 0.8497514 0.3074806 0.8534725 0.2530219 0.8508898 0.2453113 0.8364054 0.2443682 0.8329109 0.2490274 0.8388262 0.2490274 0.8388262 0.2443682 0.8329109 0.3074548 0.8328315 0.2490274 0.8388262 0.3074548 0.8328315 0.2494609 0.8391997 0.2494609 0.8391997 0.3074548 0.8328315 0.2518427 0.8420872 0.2487199 0.8707113 0.2497251 0.8648489 0.3074941 0.8736827 0.3074941 0.8736827 0.2497251 0.8648489 0.250104 0.8632478 0.3074941 0.8736827 0.250104 0.8632478 0.3074806 0.8534725 0.3074806 0.8534725 0.250104 0.8632478 0.2525072 0.8538066 0.3074806 0.8534725 0.2525072 0.8538066 0.2530219 0.8508898 0.2507718 0.88475 0.2494394 0.881085 0.3074941 0.8736827 0.3074941 0.8736827 0.2494394 0.881085 0.2485902 0.8759701 0.3074941 0.8736827 0.2485902 0.8759701 0.2487199 0.8707113 0.3074942 0.892618 0.3074819 0.9091149 0.3031559 0.9090439 0.3031559 0.9090439 0.2939962 0.9083747 0.3074942 0.892618 0.3074942 0.892618 0.2939962 0.9083747 0.2852531 0.9069995 0.3074942 0.892618 0.2852531 0.9069995 0.2822349 0.9063218 0.2822349 0.9063218 0.2788038 0.9053961 0.3074942 0.892618 0.3074942 0.892618 0.2788038 0.9053961 0.271256 0.9026851 0.3074942 0.892618 0.271256 0.9026851 0.2644947 0.8992388 0.2644947 0.8992388 0.260375 0.8964154 0.3074942 0.892618 0.3074942 0.892618 0.260375 0.8964154 0.2557331 0.8921514 0.3074942 0.892618 0.2557331 0.8921514 0.3074941 0.8736827 0.3074941 0.8736827 0.2557331 0.8921514 0.253524 0.889445 0.3074941 0.8736827 0.253524 0.889445 0.2507718 0.88475 0.2759056 0.8171258 0.3074715 0.8170861 0.3074537 0.8256101 0.2677651 0.8059288 0.2759293 0.8055812 0.2759056 0.8171258 0.3074537 0.8256101 0.2438536 0.8256902 0.2759056 0.8171258 0.2759056 0.8171258 0.2438536 0.8256902 0.2443836 0.8232613 0.2759056 0.8171258 0.2443836 0.8232613 0.2445131 0.8218153 0.2677651 0.8059288 0.2759056 0.8171258 0.2530601 0.8068687 0.2443466 0.8084862 0.2446162 0.8076239 0.2530601 0.8068687 0.2445131 0.8218153 0.2445412 0.820945 0.2759056 0.8171258 0.2759056 0.8171258 0.2445412 0.820945 0.2442823 0.8158814 0.2759056 0.8171258 0.2442823 0.8158814 0.2530601 0.8068687 0.2530601 0.8068687 0.2442823 0.8158814 0.2440426 0.810818 0.2530601 0.8068687 0.2440426 0.810818 0.2443466 0.8084862 0.2438536 0.8256902 0.3074537 0.8256101 0.2435676 0.8274409 0.2435676 0.8274409 0.3074537 0.8256101 0.3074512 0.828871 0.2435676 0.8274409 0.3074512 0.828871 0.2435818 0.8289529 0.2435818 0.8289529 0.3074512 0.828871 0.243654 0.829741 0.243654 0.829741 0.3074512 0.828871 0.3074548 0.8328315 0.243654 0.829741 0.3074548 0.8328315 0.2443682 0.8329109 0.3068529 0.8095167 0.3074715 0.8106451 0.2759042 0.8095089 0.2759042 0.8095089 0.3074715 0.8106451 0.2759081 0.8136786 0.2758945 0.8056505 0.3057768 0.8056128 0.2759042 0.8095089 0.2759042 0.8095089 0.3057768 0.8056128 0.3060473 0.8074381 0.2759042 0.8095089 0.3060473 0.8074381 0.3068529 0.8095167 0.3074715 0.8106451 0.3074739 0.8136389 0.2759081 0.8136786 0.2759081 0.8136786 0.3074739 0.8136389 0.3074715 0.8170861 0.2759081 0.8136786 0.3074715 0.8170861 0.2759056 0.8171258 0.6509239 0.9084516 0.6511629 0.9206537 0.6277254 0.9206522 0.6049144 0.9084477 0.604829 0.8953976 0.6161051 0.8953988 0.6164257 0.9206512 0.6051626 0.9206495 0.6049144 0.9084477 0.6049144 0.9084477 0.6161051 0.8953988 0.6164257 0.9206512 0.6164257 0.9206512 0.6161051 0.8953988 0.6274114 0.8953996 0.6164257 0.9206512 0.6274114 0.8953996 0.6277254 0.9206522 0.6277254 0.9206522 0.6274114 0.8953996 0.6508416 0.8954011 0.6277254 0.9206522 0.6508416 0.8954011 0.6509239 0.9084516 0.5927848 0.7574056 0.6095445 0.7577902 0.5927886 0.7689293 0.5927886 0.7689293 0.6095445 0.7577902 0.6095477 0.7685981 0.5927886 0.7689293 0.6095477 0.7685981 0.5927919 0.7778573 0.5927919 0.7778573 0.6095477 0.7685981 0.6095513 0.7791544 0.5927919 0.7778573 0.6095513 0.7791544 0.5927952 0.7865387 0.5927952 0.7865387 0.6095513 0.7791544 0.6095553 0.7893661 0.6095595 0.7991398 0.5927989 0.7950863 0.6095553 0.7893661 0.6095553 0.7893661 0.5927989 0.7950863 0.5927961 0.7886334 0.6095553 0.7893661 0.5927961 0.7886334 0.5927952 0.7865387 0.6095816 0.8319913 0.5928239 0.830769 0.6095753 0.8249014 0.6095753 0.8249014 0.5928239 0.830769 0.5928177 0.8247594 0.6095753 0.8249014 0.5928177 0.8247594 0.6095696 0.8170007 0.6095696 0.8170007 0.5928177 0.8247594 0.5928121 0.8181424 0.6095696 0.8170007 0.5928121 0.8181424 0.6095644 0.8083824 0.6095644 0.8083824 0.5928121 0.8181424 0.5928072 0.8109461 0.6095644 0.8083824 0.5928072 0.8109461 0.6095595 0.7991398 0.6095595 0.7991398 0.5928072 0.8109461 0.592803 0.8032567 0.6095595 0.7991398 0.592803 0.8032567 0.5927989 0.7950863 0.6297354 0.8328941 0.6095816 0.8319913 0.6297308 0.8269488 0.6297308 0.8269488 0.6095816 0.8319913 0.6095753 0.8249014 0.6297308 0.8269488 0.6095753 0.8249014 0.6297261 0.820416 0.6297261 0.820416 0.6095753 0.8249014 0.6095696 0.8170007 0.6297261 0.820416 0.6095696 0.8170007 0.6297179 0.8060389 0.6297179 0.8060389 0.6095696 0.8170007 0.6095644 0.8083824 0.6297179 0.8060389 0.6095644 0.8083824 0.6297149 0.7997632 0.6297149 0.7997632 0.6095644 0.8083824 0.6095595 0.7991398 0.6297149 0.7997632 0.6095595 0.7991398 0.6297107 0.7905269 0.6297107 0.7905269 0.6095595 0.7991398 0.6095553 0.7893661 0.6297107 0.7905269 0.6095553 0.7893661 0.629705 0.7745947 0.629705 0.7745947 0.6095553 0.7893661 0.6095513 0.7791544 0.629705 0.7745947 0.6095513 0.7791544 0.6297025 0.7664008 0.6297025 0.7664008 0.6095513 0.7791544 0.6095477 0.7685981 0.6297025 0.7664008 0.6095477 0.7685981 0.6297003 0.7580737 0.6297003 0.7580737 0.6095477 0.7685981 0.6095445 0.7577902 0.2941989 0.7295684 0.3072477 0.729473 0.3073054 0.7406434 0.2819991 0.7298206 0.2941989 0.7295684 0.2942569 0.7407272 0.2819991 0.7298206 0.2942569 0.7407272 0.2820574 0.7409447 0.2820574 0.7409447 0.2942569 0.7407272 0.2943111 0.7532467 0.2820574 0.7409447 0.2943111 0.7532467 0.2821117 0.7534221 0.2941989 0.7295684 0.3073054 0.7406434 0.2942569 0.7407272 0.2942569 0.7407272 0.3073054 0.7406434 0.3073594 0.7531769 0.2942569 0.7407272 0.3073594 0.7531769 0.2943111 0.7532467 0.2943111 0.7532467 0.3073594 0.7531769 0.3074116 0.7673583 0.2943111 0.7532467 0.3074116 0.7673583 0.2943634 0.7674104 0.28221 0.7818142 0.2821825 0.7728734 0.2943634 0.7674104 0.2943634 0.7674104 0.2821825 0.7728734 0.2821646 0.7675329 0.2943634 0.7674104 0.2821646 0.7675329 0.2943111 0.7532467 0.2943111 0.7532467 0.2821646 0.7675329 0.2821306 0.7581738 0.2943111 0.7532467 0.2821306 0.7581738 0.2821117 0.7534221 0.29442 0.7857402 0.2944089 0.7817544 0.3074678 0.7857157 0.3074678 0.7857157 0.2944089 0.7817544 0.3074567 0.7817232 0.3074116 0.7673583 0.3074567 0.7817232 0.2943634 0.7674104 0.2943634 0.7674104 0.3074567 0.7817232 0.2944089 0.7817544 0.2943634 0.7674104 0.2944089 0.7817544 0.28221 0.7818142 0.28221 0.7818142 0.2944089 0.7817544 0.29442 0.7857402 0.28221 0.7818142 0.29442 0.7857402 0.2822213 0.7857796 0.6095346 0.5435354 0.5927628 0.5438883 0.6095348 0.5181692 0.6095348 0.5181692 0.5927628 0.5438883 0.5927631 0.5185211 0.6095348 0.5181692 0.5927631 0.5185211 0.6095368 0.4922217 0.6095368 0.4922217 0.5927631 0.5185211 0.5927667 0.4926823 0.6296991 0.5432737 0.6095346 0.5435354 0.6296991 0.5179082 0.6296991 0.5179082 0.6095346 0.5435354 0.6095348 0.5181692 0.6296991 0.5179082 0.6095348 0.5181692 0.6297001 0.4918804 0.6297001 0.4918804 0.6095348 0.5181692 0.6095368 0.4922217 0.8693933 0.6749204 0.8694101 0.6601291 0.8824432 0.6749658 0.8824432 0.6749658 0.8694101 0.6601291 0.8824604 0.6601858 0.8824432 0.6749658 0.8824604 0.6601858 0.8946447 0.6751033 0.6297039 0.4565634 0.6297066 0.4426159 0.6419082 0.4408363 0.6419082 0.4408363 0.6297066 0.4426159 0.6297069 0.4410045 0.8824604 0.6601858 0.8946623 0.6603569 0.8946447 0.6751033 0.6419055 0.4564219 0.6549558 0.4563739 0.6549539 0.4741377 0.6419055 0.4564219 0.6549539 0.4741377 0.6419036 0.4741766 0.6419036 0.4741766 0.6549539 0.4741377 0.6549532 0.4917582 0.6419036 0.4741766 0.6549532 0.4917582 0.6419025 0.4917894 0.6549583 0.4407795 0.6549558 0.4563739 0.6419082 0.4408363 0.6419082 0.4408363 0.6549558 0.4563739 0.6419055 0.4564219 0.6419082 0.4408363 0.6419055 0.4564219 0.6297039 0.4565634 0.6297039 0.4565634 0.6419055 0.4564219 0.6419036 0.4741766 0.6297039 0.4565634 0.6419036 0.4741766 0.6297016 0.4742907 0.6297016 0.4742907 0.6419036 0.4741766 0.6419025 0.4917894 0.6297016 0.4742907 0.6419025 0.4917894 0.6297001 0.4918804 0.5927686 0.7038158 0.5927658 0.6929007 0.6095319 0.6926715 0.6095319 0.6926715 0.5927658 0.6929007 0.5927638 0.683556 0.6095445 0.7577902 0.5927848 0.7574056 0.6095415 0.746823 0.6095415 0.746823 0.5927848 0.7574056 0.5927819 0.748836 0.6095415 0.746823 0.5927819 0.748836 0.6095392 0.7357849 0.6095392 0.7357849 0.5927819 0.748836 0.5927793 0.7402088 0.6095392 0.7357849 0.5927793 0.7402088 0.6095369 0.7247633 0.6095369 0.7247633 0.5927793 0.7402088 0.5927737 0.7227455 0.6095369 0.7247633 0.5927737 0.7227455 0.609535 0.7138456 0.609535 0.7138456 0.5927737 0.7227455 0.5927712 0.7138959 0.6296922 0.6726896 0.6095319 0.6926715 0.6095303 0.6729619 0.6095303 0.6729619 0.6095319 0.6926715 0.5927638 0.683556 0.6095303 0.6729619 0.5927638 0.683556 0.5927619 0.6733292 0.6296922 0.6726896 0.6296923 0.6952735 0.6095319 0.6926715 0.6095319 0.6926715 0.6296923 0.6952735 0.609535 0.7138456 0.6095319 0.6926715 0.609535 0.7138456 0.5927686 0.7038158 0.5927686 0.7038158 0.609535 0.7138456 0.5927712 0.7138959 0.6297003 0.7580737 0.6095445 0.7577902 0.6296985 0.7503627 0.6296985 0.7503627 0.6095445 0.7577902 0.6095415 0.746823 0.6296985 0.7503627 0.6095415 0.746823 0.6296955 0.7338235 0.6296955 0.7338235 0.6095415 0.746823 0.6095392 0.7357849 0.6296955 0.7338235 0.6095392 0.7357849 0.6296945 0.7248002 0.6296945 0.7248002 0.6095392 0.7357849 0.6095369 0.7247633 0.6296945 0.7248002 0.6095369 0.7247633 0.6296936 0.7153912 0.6296936 0.7153912 0.6095369 0.7247633 0.609535 0.7138456 0.6296936 0.7153912 0.609535 0.7138456 0.6296933 0.7138077 0.6296933 0.7138077 0.609535 0.7138456 0.6296923 0.6952735 0.6419005 0.758148 0.65495 0.758172 0.6549521 0.7665223 0.6297003 0.7580737 0.6419005 0.758148 0.6419026 0.7664926 0.6297003 0.7580737 0.6419026 0.7664926 0.6297025 0.7664008 0.6297025 0.7664008 0.6419026 0.7664926 0.641905 0.7747039 0.6297025 0.7664008 0.641905 0.7747039 0.629705 0.7745947 0.629705 0.7745947 0.641905 0.7747039 0.6419109 0.7906708 0.629705 0.7745947 0.6419109 0.7906708 0.6297107 0.7905269 0.6419005 0.758148 0.6549521 0.7665223 0.6419026 0.7664926 0.6419026 0.7664926 0.6549521 0.7665223 0.6549544 0.7747394 0.6419026 0.7664926 0.6549544 0.7747394 0.641905 0.7747039 0.641905 0.7747039 0.6549544 0.7747394 0.65496 0.7907178 0.641905 0.7747039 0.65496 0.7907178 0.6419109 0.7906708 0.6419109 0.7906708 0.65496 0.7907178 0.654967 0.8062759 0.6419109 0.7906708 0.654967 0.8062759 0.641918 0.8062173 0.641918 0.8062173 0.654967 0.8062759 0.6549751 0.8206959 0.641918 0.8062173 0.6549751 0.8206959 0.6419261 0.8206267 0.6419261 0.8206267 0.6549751 0.8206959 0.6549794 0.8272482 0.6419261 0.8206267 0.6549794 0.8272482 0.6419305 0.827174 0.6419305 0.827174 0.6549794 0.8272482 0.6549838 0.8332109 0.6419305 0.827174 0.6549838 0.8332109 0.6419351 0.8331323 0.6297107 0.7905269 0.6419109 0.7906708 0.6297149 0.7997632 0.6297149 0.7997632 0.6419109 0.7906708 0.641918 0.8062173 0.6297149 0.7997632 0.641918 0.8062173 0.6297179 0.8060389 0.6297179 0.8060389 0.641918 0.8062173 0.6419261 0.8206267 0.6297179 0.8060389 0.6419261 0.8206267 0.6297261 0.820416 0.6297261 0.820416 0.6419261 0.8206267 0.6419305 0.827174 0.6297261 0.820416 0.6419305 0.827174 0.6297308 0.8269488 0.6297308 0.8269488 0.6419305 0.827174 0.6419351 0.8331323 0.6297308 0.8269488 0.6419351 0.8331323 0.6297354 0.8328941 0.6095328 0.6072794 0.5927618 0.6077788 0.5927625 0.5913395 0.6296969 0.6069094 0.6095328 0.6072794 0.6095337 0.590873 0.6095328 0.6072794 0.5927625 0.5913395 0.6095337 0.590873 0.6095337 0.590873 0.5927625 0.5913395 0.5927627 0.5747427 0.6095337 0.590873 0.5927627 0.5747427 0.6095343 0.574318 0.6095343 0.574318 0.5927627 0.5747427 0.5927628 0.5438883 0.6095343 0.574318 0.5927628 0.5438883 0.6095346 0.5435354 0.6296969 0.6069094 0.6095337 0.590873 0.6296979 0.5905275 0.6296979 0.5905275 0.6095337 0.590873 0.6095343 0.574318 0.6296979 0.5905275 0.6095343 0.574318 0.6296986 0.5740033 0.6296986 0.5740033 0.6095343 0.574318 0.6095346 0.5435354 0.6296986 0.5740033 0.6095346 0.5435354 0.6296991 0.5432737 0.6419025 0.4917894 0.6549532 0.4917582 0.6549525 0.5178144 0.6296991 0.5179082 0.6297001 0.4918804 0.6419025 0.4917894 0.6419025 0.4917894 0.6549525 0.5178144 0.6296991 0.5179082 0.6296991 0.5179082 0.6549525 0.5178144 0.6549525 0.5431796 0.6296991 0.5179082 0.6549525 0.5431796 0.6296991 0.5432737 0.6296922 0.6726896 0.6095303 0.6729619 0.60953 0.6551743 0.6296922 0.6726896 0.60953 0.6551743 0.629693 0.6548357 0.629693 0.6548357 0.60953 0.6551743 0.6095307 0.6387989 0.629693 0.6548357 0.6095307 0.6387989 0.6296943 0.6384262 0.6296969 0.6069094 0.6296943 0.6384262 0.6095328 0.6072794 0.6095328 0.6072794 0.6296943 0.6384262 0.6095307 0.6387989 0.6095328 0.6072794 0.6095307 0.6387989 0.5927618 0.6077788 0.5927618 0.6077788 0.6095307 0.6387989 0.5927602 0.6393021 0.5927602 0.6393021 0.6095307 0.6387989 0.60953 0.6551743 0.5927602 0.6393021 0.60953 0.6551743 0.5927602 0.6556313 0.5927602 0.6556313 0.60953 0.6551743 0.6095303 0.6729619 0.5927602 0.6556313 0.6095303 0.6729619 0.5927619 0.6733292 0.6418941 0.6726168 0.6549444 0.6725918 0.6549438 0.6952174 0.6296923 0.6952735 0.6296922 0.6726896 0.6418936 0.695232 0.6418936 0.695232 0.6296922 0.6726896 0.6418941 0.6726168 0.6296923 0.6952735 0.6418936 0.695232 0.6296933 0.7138077 0.6296933 0.7138077 0.6418936 0.695232 0.6418944 0.7153832 0.6296933 0.7138077 0.6418944 0.7153832 0.6296936 0.7153912 0.6418941 0.6726168 0.6549438 0.6952174 0.6418936 0.695232 0.6418936 0.695232 0.6549438 0.6952174 0.6549444 0.7153798 0.6418936 0.695232 0.6549444 0.7153798 0.6418944 0.7153832 0.6418944 0.7153832 0.6549444 0.7153798 0.6549459 0.7338573 0.6418944 0.7153832 0.6549459 0.7338573 0.6418963 0.7338495 0.6418963 0.7338495 0.6549459 0.7338573 0.6549483 0.75044 0.6418963 0.7338495 0.6549483 0.75044 0.6418989 0.7504213 0.6418989 0.7504213 0.6549483 0.75044 0.65495 0.758172 0.6418989 0.7504213 0.65495 0.758172 0.6419005 0.758148 0.6296936 0.7153912 0.6418944 0.7153832 0.6296945 0.7248002 0.6296945 0.7248002 0.6418944 0.7153832 0.6418963 0.7338495 0.6296945 0.7248002 0.6418963 0.7338495 0.6296955 0.7338235 0.6296955 0.7338235 0.6418963 0.7338495 0.6418989 0.7504213 0.6296955 0.7338235 0.6418989 0.7504213 0.6296985 0.7503627 0.6296985 0.7503627 0.6418989 0.7504213 0.6419005 0.758148 0.6296985 0.7503627 0.6419005 0.758148 0.6297003 0.7580737 0.6296991 0.5432737 0.6549525 0.5431796 0.6549521 0.5738905 0.6296991 0.5432737 0.6549521 0.5738905 0.6296986 0.5740033 0.6296986 0.5740033 0.6549521 0.5738905 0.6549515 0.5904038 0.6296986 0.5740033 0.6549515 0.5904038 0.6296979 0.5905275 0.6296979 0.5905275 0.6549515 0.5904038 0.6549504 0.6067771 0.6296979 0.5905275 0.6549504 0.6067771 0.6296969 0.6069094 0.6418941 0.6726168 0.6296922 0.6726896 0.629693 0.6548357 0.6296969 0.6069094 0.6549504 0.6067771 0.6549473 0.6382929 0.6296969 0.6069094 0.6549473 0.6382929 0.6296943 0.6384262 0.6296943 0.6384262 0.6549473 0.6382929 0.6549458 0.6547145 0.6296943 0.6384262 0.6549458 0.6547145 0.629693 0.6548357 0.629693 0.6548357 0.6549458 0.6547145 0.6549444 0.6725918 0.629693 0.6548357 0.6549444 0.6725918 0.6418941 0.6726168 0.9283833 0.1931815 0.9321568 0.1910028 0.9343355 0.1991336 0.9343355 0.1991336 0.9321568 0.1910028 0.9365141 0.1910028 0.9343355 0.1991336 0.9365141 0.1910028 0.9402876 0.1931814 0.9283834 0.2050857 0.9262047 0.2013122 0.9343355 0.1991336 0.9343355 0.1991336 0.9262047 0.2013122 0.9262047 0.196955 0.9343355 0.1991336 0.9262047 0.196955 0.9283833 0.1931815 0.9402876 0.2050857 0.9365141 0.2072643 0.9343355 0.1991336 0.9343355 0.1991336 0.9365141 0.2072643 0.9321569 0.2072644 0.9343355 0.1991336 0.9321569 0.2072644 0.9283834 0.2050857 0.9402876 0.1931814 0.9424662 0.1969549 0.9343355 0.1991336 0.9343355 0.1991336 0.9424662 0.1969549 0.9424662 0.2013122 0.9343355 0.1991336 0.9424662 0.2013122 0.9402876 0.2050857 0.9538285 0.4562684 0.9538285 0.481521 0.9506674 0.4562672 0.9506674 0.4562672 0.9538285 0.481521 0.9506675 0.4815198 0.9506674 0.4562672 0.9506675 0.4815198 0.9464304 0.4562667 0.9464304 0.4562667 0.9506675 0.4815198 0.9464304 0.4815196 0.9464304 0.4562667 0.9464304 0.4815196 0.9422528 0.4562672 0.9422528 0.4562672 0.9464304 0.4815196 0.9422528 0.4815202 0.7916424 0.7325515 0.7916424 0.7578044 0.7875966 0.7325545 0.7875966 0.7325545 0.7916424 0.7578044 0.7875966 0.7578073 0.7875966 0.7325545 0.7875966 0.7578073 0.783284 0.7325535 0.783284 0.7325535 0.7875966 0.7578073 0.7832839 0.7578061 0.9235913 0.3882011 0.9235913 0.4134538 0.919755 0.3882001 0.919755 0.3882001 0.9235913 0.4134538 0.919755 0.4134528 0.919755 0.3882001 0.919755 0.4134528 0.9153997 0.3881999 0.9153997 0.3881999 0.919755 0.4134528 0.9153997 0.4134529 0.9153997 0.3881999 0.9153997 0.4134529 0.9116923 0.3882012 0.9116923 0.3882012 0.9153997 0.4134529 0.9116923 0.4134539 0.09027087 0.8733626 0.09027087 0.8986151 0.08747023 0.873372 0.08747023 0.873372 0.09027087 0.8986151 0.08747023 0.8986248 0.08747023 0.873372 0.08747023 0.8986248 0.08337581 0.8733764 0.08337581 0.8733764 0.08747023 0.8986248 0.08337587 0.8986292 0.08337581 0.8733764 0.08337587 0.8986292 0.07908475 0.8733744 0.07908475 0.8733744 0.08337587 0.8986292 0.07908475 0.8986269 0.07908475 0.8733744 0.07908475 0.8986269 0.07574671 0.8733662 0.07574671 0.8733662 0.07908475 0.8986269 0.07574671 0.8986188 0.9446449 0.1931815 0.9484184 0.1910029 0.950597 0.1991336 0.950597 0.1991336 0.9484184 0.1910029 0.9527757 0.1910029 0.950597 0.1991336 0.9527757 0.1910029 0.9565492 0.1931815 0.9446449 0.2050857 0.9424663 0.2013123 0.950597 0.1991336 0.950597 0.1991336 0.9424663 0.2013123 0.9424663 0.196955 0.950597 0.1991336 0.9424663 0.196955 0.9446449 0.1931815 0.9565492 0.2050857 0.9527756 0.2072644 0.950597 0.1991336 0.950597 0.1991336 0.9527756 0.2072644 0.9484184 0.2072644 0.950597 0.1991336 0.9484184 0.2072644 0.9446449 0.2050857 0.9565492 0.1931815 0.9587278 0.196955 0.950597 0.1991336 0.950597 0.1991336 0.9587278 0.196955 0.9587278 0.2013122 0.950597 0.1991336 0.9587278 0.2013122 0.9565492 0.2050857 0.7933406 0.8115316 0.7933406 0.8367843 0.7901795 0.8115304 0.7901795 0.8115304 0.7933406 0.8367843 0.7901795 0.836783 0.7901795 0.8115304 0.7901795 0.836783 0.7859424 0.8115299 0.7859424 0.8115299 0.7901795 0.836783 0.7859425 0.8367828 0.7859424 0.8115299 0.7859425 0.8367828 0.7817648 0.8115304 0.7817648 0.8115304 0.7859425 0.8367828 0.7817648 0.8367831 0.1650571 0.7764247 0.1650571 0.8016773 0.1610113 0.7764276 0.1610113 0.7764276 0.1650571 0.8016773 0.1610113 0.8016805 0.1610113 0.7764276 0.1610113 0.8016805 0.1566986 0.7764266 0.1566986 0.7764266 0.1610113 0.8016805 0.1566986 0.8016793 0.08764576 0.9272501 0.08764576 0.9525027 0.08380943 0.9272488 0.08380943 0.9272488 0.08764576 0.9525027 0.08380943 0.9525018 0.08380943 0.9272488 0.08380943 0.9525018 0.07945412 0.927249 0.07945412 0.927249 0.08380943 0.9525018 0.07945412 0.9525018 0.07945412 0.927249 0.07945412 0.9525018 0.07574671 0.9272502 0.07574671 0.9272502 0.07945412 0.9525018 0.07574671 0.9525029 0.09027087 0.8194764 0.09027087 0.8447289 0.08747023 0.8194859 0.08747023 0.8194859 0.09027087 0.8447289 0.08747023 0.8447387 0.08747023 0.8194859 0.08747023 0.8447387 0.08337587 0.8194902 0.08337587 0.8194902 0.08747023 0.8447387 0.08337587 0.844743 0.08337587 0.8194902 0.08337587 0.844743 0.07908475 0.8194882 0.07908475 0.8194882 0.08337587 0.844743 0.07908475 0.8447407 0.07908475 0.8194882 0.07908475 0.8447407 0.07574671 0.8194801 0.07574671 0.8194801 0.07908475 0.8447407 0.07574671 0.8447326 0.1761296 0.9825956 0.2215845 0.9825687 0.1761444 1 0.1761444 1 0.2215845 0.9825687 0.2215994 0.9999731 0.9716149 0.3821562 0.9716149 0.427611 0.9538708 0.3821884 0.9538708 0.3821884 0.9716149 0.427611 0.9538708 0.4276432 0.9641454 0.7908724 0.9641454 0.8363273 0.9533962 0.8363262 0.9641454 0.7908724 0.9533962 0.8363262 0.9533962 0.7908713 0.9533962 0.7908713 0.9533962 0.8363262 0.9434346 0.8363336 0.9533962 0.7908713 0.9434346 0.8363336 0.9434347 0.7908787 0.3522703 0.9309943 0.3522703 0.9764493 0.3421884 0.9764509 0.3522703 0.9309943 0.3421884 0.9764509 0.3421884 0.930996 0.3421884 0.930996 0.3421884 0.9764509 0.3314625 0.9764506 0.3421884 0.930996 0.3314625 0.9764506 0.3314625 0.9309956 0.3314625 0.9309956 0.3314625 0.9764506 0.3221788 0.9764484 0.3314625 0.9309956 0.3221788 0.9764484 0.3221788 0.9309934 0.3221788 0.9309934 0.3221788 0.9764484 0.3161429 0.976445 0.3221788 0.9309934 0.3161429 0.976445 0.3161429 0.93099 0.3161429 0.9310101 0.3161429 0.9764649 0.3070238 0.9764484 0.3161429 0.9310101 0.3070238 0.9764484 0.3070238 0.9309936 0.3070238 0.9309936 0.3070238 0.9764484 0.2963299 0.9764448 0.3070238 0.9309936 0.2963299 0.9764448 0.2963299 0.93099 0.2963299 0.93099 0.2963299 0.9764448 0.2861412 0.9764547 0.2963299 0.93099 0.2861412 0.9764547 0.2861412 0.9309999 0.2861412 0.9309999 0.2861412 0.9764547 0.2784395 0.9764765 0.2861412 0.9309999 0.2784395 0.9764765 0.2784395 0.9310217 0.1667771 0.8016806 0.1667771 0.8471356 0.1587634 0.8471391 0.1667771 0.8016806 0.1587634 0.8471391 0.1587634 0.8016842 0.9681196 0.2595928 0.9756606 0.2531418 0.9726744 0.2645795 0.9726744 0.2645795 0.9756606 0.2531418 0.9817475 0.2611054 0.9726744 0.2645795 0.9817475 0.2611054 0.9741256 0.2711755 0.9741256 0.2711755 0.9817475 0.2611054 0.9838168 0.2709129 0.9741256 0.2711755 0.9838168 0.2709129 0.9720844 0.2776134 0.9720844 0.2776134 0.9838168 0.2709129 0.9814659 0.2806568 0.9720844 0.2776134 0.9814659 0.2806568 0.9670977 0.2821683 0.9814659 0.2806568 0.9751521 0.2884417 0.9670977 0.2821683 0.9670977 0.2821683 0.9751521 0.2884417 0.9661035 0.2927536 0.9670977 0.2821683 0.9661035 0.2927536 0.9605017 0.2836195 0.9605017 0.2836195 0.9661035 0.2927536 0.95608 0.2927536 0.9605017 0.2836195 0.95608 0.2927536 0.9540638 0.2815783 0.9540638 0.2815783 0.95608 0.2927536 0.9470313 0.2884418 0.9540638 0.2815783 0.9470313 0.2884418 0.949509 0.2765916 0.949509 0.2765916 0.9470313 0.2884418 0.9407175 0.2806568 0.949509 0.2765916 0.9407175 0.2806568 0.9480577 0.2699956 0.9480577 0.2699956 0.9407175 0.2806568 0.9383665 0.270913 0.9480577 0.2699956 0.9383665 0.270913 0.9500989 0.2635577 0.9500989 0.2635577 0.9383665 0.270913 0.9404358 0.2611054 0.9500989 0.2635577 0.9404358 0.2611054 0.9550856 0.2590029 0.9668903 0.2072643 0.9492128 0.2201241 0.9552928 0.2072643 0.9552928 0.2072643 0.9492128 0.2201241 0.9465783 0.2166646 0.9552928 0.2072643 0.9465783 0.2166646 0.9448409 0.2122898 0.9448409 0.2122898 0.9465783 0.2166646 0.9427336 0.2146332 0.9448409 0.2122898 0.9427336 0.2146332 0.9414801 0.2143716 0.9756049 0.2166646 0.9668903 0.2072643 0.9794496 0.2146331 0.9794496 0.2146331 0.9668903 0.2072643 0.9773424 0.2122898 0.9794496 0.2146331 0.9773424 0.2122898 0.9807031 0.2143716 0.9756049 0.2166646 0.9729704 0.2201241 0.9668903 0.2072643 0.9668903 0.2072643 0.9729704 0.2201241 0.9720345 0.2243706 0.9668903 0.2072643 0.9720345 0.2243706 0.9616816 0.2575516 0.9616816 0.2575516 0.9720345 0.2243706 0.9720345 0.2453889 0.9616816 0.2575516 0.9720345 0.2453889 0.9681196 0.2595928 0.9681196 0.2595928 0.9720345 0.2453889 0.9729859 0.2496684 0.9681196 0.2595928 0.9729859 0.2496684 0.9756606 0.2531418 0.9404358 0.2611054 0.9465228 0.2531418 0.9550856 0.2590029 0.9550856 0.2590029 0.9465228 0.2531418 0.9491975 0.2496684 0.9550856 0.2590029 0.9491975 0.2496684 0.9616816 0.2575516 0.9616816 0.2575516 0.9491975 0.2496684 0.9501488 0.2453889 0.9616816 0.2575516 0.9501488 0.2453889 0.9668903 0.2072643 0.9668903 0.2072643 0.9501488 0.2453889 0.9501488 0.2243706 0.9668903 0.2072643 0.9501488 0.2243706 0.9492128 0.2201241 0.9560506 0.7521521 0.9560507 0.7201651 0.9612297 0.7521533 0.9612297 0.7521533 0.9560507 0.7201651 0.9612297 0.7201666 0.9544919 0.4613144 0.9544919 0.4293277 0.960314 0.461316 0.960314 0.461316 0.9544919 0.4293277 0.960314 0.4293293 0.960314 0.461316 0.960314 0.4293293 0.9657758 0.4613119 0.9657758 0.4613119 0.960314 0.4293293 0.9657758 0.4293252 0.1282917 0.9636206 0.1282917 0.9316339 0.1339315 0.9636201 0.1339315 0.9636201 0.1282917 0.9316339 0.1339316 0.9316334 0.1339315 0.9636201 0.1339316 0.9316334 0.1396515 0.9636205 0.1396515 0.9636205 0.1339316 0.9316334 0.1396515 0.9316337 0.1396515 0.9636205 0.1396515 0.9316337 0.143919 0.9636222 0.143919 0.9636222 0.1396515 0.9316337 0.143919 0.9316354 0.7673303 0.9560574 0.7673303 0.9240708 0.7718366 0.9560685 0.7718366 0.9560685 0.7673303 0.9240708 0.7718366 0.9240816 0.7718366 0.9560685 0.7718366 0.9240816 0.7776296 0.9560714 0.7776296 0.9560714 0.7718366 0.9240816 0.7776296 0.9240845 0.7776296 0.9560714 0.7776296 0.9240845 0.7831571 0.9560654 0.7831571 0.9560654 0.7776296 0.9240845 0.7831571 0.9240788 0.7831571 0.9560654 0.7831571 0.9240788 0.7869379 0.9560526 0.7869379 0.9560526 0.7831571 0.9240788 0.7869379 0.9240659 0.945166 0.7521537 0.945166 0.7201669 0.9501709 0.752152 0.9501709 0.752152 0.945166 0.7201669 0.9501709 0.7201653 0.9501709 0.752152 0.9501709 0.7201653 0.9560506 0.7521521 0.9560506 0.7521521 0.9501709 0.7201653 0.9560507 0.7201651 0.02544212 0.9564541 0.0470488 0.9517194 0.02564269 0.9594488 0.02564269 0.9594488 0.0470488 0.9517194 0.04758679 0.9597577 0.5286681 0.9608944 0.5252151 0.9608951 0.5298203 0.9390188 0.5298203 0.9390188 0.5252151 0.9608951 0.5218418 0.9608948 0.5298203 0.9390188 0.5218418 0.9608948 0.5207637 0.9390196 0.5207637 0.9390196 0.5218418 0.9608948 0.5207712 0.9608944 0.5207637 0.9390196 0.5207712 0.9608944 0.5187134 0.9608931 0.5353576 0.9608888 0.5320973 0.9608922 0.5298203 0.9390188 0.5298203 0.9390188 0.5320973 0.9608922 0.5298278 0.9608938 0.5298203 0.9390188 0.5298278 0.9608938 0.5286681 0.9608944 0.5112065 0.4587334 0.5330839 0.4643815 0.5112106 0.4675064 0.5112106 0.4675064 0.5330839 0.4643815 0.5330855 0.4675064 0.5383164 0.9390096 0.5383164 0.9608844 0.5298203 0.9390188 0.5298203 0.9390188 0.5383164 0.9608844 0.5353576 0.9608888 0.53308 0.4541448 0.5112065 0.4587334 0.5330791 0.4508714 0.5330791 0.4508714 0.5112065 0.4587334 0.511204 0.4498356 0.53308 0.4541448 0.5330809 0.4575734 0.5112065 0.4587334 0.5112065 0.4587334 0.5330809 0.4575734 0.5330815 0.4587254 0.5112065 0.4587334 0.5330815 0.4587254 0.5330839 0.4643815 0.511204 0.4431973 0.5330787 0.4452916 0.511204 0.4498356 0.511204 0.4498356 0.5330787 0.4452916 0.5330791 0.4498276 0.511204 0.4498356 0.5330791 0.4498276 0.5330791 0.4508714 0.7073251 0.9408119 0.7073263 0.9397382 0.7292013 0.9397382 0.7292013 0.9397382 0.7073263 0.9397382 0.7073358 0.9349958 0.7292013 0.9397382 0.7073358 0.9349958 0.7292182 0.9327284 0.7292182 0.9327284 0.7073358 0.9349958 0.7073432 0.9327284 0.511204 0.4431973 0.5330791 0.4431893 0.5330787 0.4452916 0.7291966 0.9487496 0.7073217 0.9475993 0.7292013 0.9397382 0.7292013 0.9397382 0.7073217 0.9475993 0.7073223 0.9441483 0.7292013 0.9397382 0.7073223 0.9441483 0.7073251 0.9408119 0.7292056 0.9573478 0.7073308 0.9573554 0.707326 0.9543288 0.7292056 0.9573478 0.707326 0.9543288 0.7291966 0.9487496 0.7291966 0.9487496 0.707326 0.9543288 0.7073218 0.9487496 0.7291966 0.9487496 0.7073218 0.9487496 0.7073217 0.9475993 0.02414095 0.9371166 0.02408534 0.9362928 0.04591089 0.9348259 0.04591089 0.9348259 0.02408534 0.9362928 0.0239858 0.9348259 0.7292257 0.9632291 0.7073452 0.9621191 0.7292056 0.9573478 0.7292056 0.9573478 0.7073452 0.9621191 0.7073372 0.9599788 0.7292056 0.9573478 0.7073372 0.9599788 0.7073308 0.9573554 0.02414095 0.9371166 0.04591089 0.9348259 0.02432638 0.9398596 0.02432638 0.9398596 0.04591089 0.9348259 0.04643541 0.9425938 0.02432638 0.9398596 0.04643541 0.9425938 0.02453637 0.9429734 0.02544212 0.9564541 0.02522325 0.9531862 0.0470488 0.9517194 0.0470488 0.9517194 0.02522325 0.9531862 0.0249933 0.9497627 0.0470488 0.9517194 0.0249933 0.9497627 0.04643541 0.9425938 0.04643541 0.9425938 0.0249933 0.9497627 0.0246098 0.9440606 0.04643541 0.9425938 0.0246098 0.9440606 0.02453637 0.9429734 0.3973363 0.9361957 0.3957023 0.9300976 0.4032185 0.9361957 0.4032185 0.9361957 0.3957023 0.9300976 0.4048525 0.9300976 0.4032185 0.9361957 0.4048525 0.9300976 0.4083128 0.9391368 0.4083128 0.9391368 0.4048525 0.9300976 0.4127769 0.9346727 0.4083128 0.9391368 0.4127769 0.9346727 0.4112539 0.944231 0.4112539 0.944231 0.4127769 0.9346727 0.417352 0.9425971 0.4112539 0.944231 0.417352 0.9425971 0.411254 0.9501134 0.411254 0.9501134 0.417352 0.9425971 0.417352 0.9517473 0.411254 0.9501134 0.417352 0.9517473 0.4083129 0.9552076 0.4083129 0.9552076 0.417352 0.9517473 0.4127769 0.9596717 0.4083129 0.9552076 0.4127769 0.9596717 0.4032186 0.9581487 0.4032186 0.9581487 0.4127769 0.9596717 0.4048526 0.9642468 0.4032186 0.9581487 0.4048526 0.9642468 0.3973363 0.9581488 0.3973363 0.9581488 0.4048526 0.9642468 0.3957024 0.9642469 0.3973363 0.9581488 0.3957024 0.9642469 0.3922421 0.9552077 0.3922421 0.9552077 0.3957024 0.9642469 0.387778 0.9596717 0.3922421 0.9552077 0.387778 0.9596717 0.3893009 0.9501134 0.3893009 0.9501134 0.387778 0.9596717 0.3832028 0.9517474 0.3893009 0.9501134 0.3832028 0.9517474 0.3893009 0.9442311 0.3893009 0.9442311 0.3832028 0.9517474 0.3832028 0.9425972 0.3893009 0.9442311 0.3832028 0.9425972 0.392242 0.9391369 0.392242 0.9391369 0.3832028 0.9425972 0.3877779 0.9346728 0.392242 0.9391369 0.3877779 0.9346728 0.3973363 0.9361957 0.3973363 0.9361957 0.3877779 0.9346728 0.3957023 0.9300976 0.5529546 0.8815835 0.559989 0.8782653 0.5601398 0.8968081 0.5601398 0.8968081 0.559989 0.8782653 0.5692035 0.8925331 0.559989 0.8782653 0.5620181 0.8773083 0.5692035 0.8925331 0.5692035 0.8925331 0.5620181 0.8773083 0.5654476 0.8756918 0.5692035 0.8925331 0.5654476 0.8756918 0.5750852 0.8897613 0.958305 0.9498274 0.9547322 0.9662791 0.9508244 0.9481907 0.9508244 0.9481907 0.9547322 0.9662791 0.9451153 0.9641725 0.9508244 0.9481907 0.9451153 0.9641725 0.948688 0.9477211 0.948688 0.9477211 0.9451153 0.9641725 0.9451153 0.9469318 0.941536 0.584325 0.9739435 0.5842456 0.9739465 0.5885952 0.941536 0.584325 0.9739465 0.5885952 0.9415389 0.5886747 0.9415389 0.5886747 0.9739465 0.5885952 0.9739435 0.5919488 0.9415389 0.5886747 0.9739435 0.5919488 0.941536 0.5920281 0.5484161 0.883724 0.5550492 0.9003453 0.5542652 0.9006982 0.5520799 0.9006092 0.5448945 0.8853843 0.5521345 0.9005836 0.5521345 0.9005836 0.5448945 0.8853843 0.5484161 0.883724 0.5521345 0.9005836 0.5484161 0.883724 0.5535981 0.9008098 0.5535981 0.9008098 0.5484161 0.883724 0.5542652 0.9006982 0.5529546 0.8815835 0.5601398 0.8968081 0.5484161 0.883724 0.5484161 0.883724 0.5601398 0.8968081 0.5568767 0.8983474 0.5484161 0.883724 0.5568767 0.8983474 0.5550492 0.9003453 0.9547322 0.9662791 0.958305 0.9498274 0.9582088 0.9670393 0.9582088 0.9670393 0.958305 0.9498274 0.9631311 0.9508836 0.5788608 0.7875078 0.5751829 0.8039361 0.5751829 0.7866721 0.1576043 0.9700593 0.1744399 0.9677163 0.1744401 0.9677767 0.9631311 0.9508836 0.9631848 0.9681348 0.9631075 0.9681838 0.9631075 0.9681838 0.9630295 0.9682312 0.9631311 0.9508836 0.9631311 0.9508836 0.9630295 0.9682312 0.9628716 0.968321 0.9631311 0.9508836 0.9628716 0.968321 0.9625473 0.968478 0.9625473 0.968478 0.9618622 0.968689 0.9631311 0.9508836 0.9631311 0.9508836 0.9618622 0.968689 0.9603842 0.9685687 0.9631311 0.9508836 0.9603842 0.9685687 0.9582088 0.9670393 0.1587634 0.8016842 0.1587634 0.8471391 0.1560353 0.8016855 0.1560353 0.8016855 0.1587634 0.8471391 0.1560353 0.8471404 0.9742006 0.3821488 0.9742006 0.4276036 0.9716149 0.3821562 0.9716149 0.3821562 0.9742006 0.4276036 0.9716149 0.427611 0.9711873 0.7908701 0.9711873 0.836325 0.9677923 0.7908727 0.9677923 0.7908727 0.9711873 0.836325 0.9677923 0.8363276 0.9677923 0.7908727 0.9677923 0.8363276 0.9641454 0.7908724 0.9641454 0.7908724 0.9677923 0.8363276 0.9641454 0.8363273 0.1761235 0.970906 0.2215785 0.9708792 0.1761238 0.9724119 0.1761238 0.9724119 0.2215785 0.9708792 0.2215794 0.9741727 0.1761238 0.9724119 0.2215794 0.9741727 0.1761245 0.9741995 0.1761245 0.9741995 0.2215794 0.9741727 0.1761251 0.9756099 0.1761251 0.9756099 0.2215794 0.9741727 0.2215815 0.9784513 0.1761251 0.9756099 0.2215815 0.9784513 0.1761265 0.9784781 0.1761265 0.9784781 0.2215815 0.9784513 0.1761271 0.979228 0.1761271 0.979228 0.2215815 0.9784513 0.2215845 0.9825687 0.1761271 0.979228 0.2215845 0.9825687 0.1761296 0.9825956 0.9422527 0.382181 0.9437083 0.382186 0.9422527 0.4276358 0.9422527 0.4276358 0.9437083 0.382186 0.9454607 0.4276443 0.9437083 0.382186 0.9454607 0.3821896 0.9454607 0.4276443 0.9454607 0.4276443 0.9454607 0.3821896 0.9468547 0.3821911 0.9454607 0.4276443 0.9468547 0.3821911 0.9497132 0.4276469 0.9538708 0.3821884 0.9538708 0.4276432 0.9504653 0.3821921 0.9504653 0.3821921 0.9538708 0.4276432 0.9497132 0.4276469 0.9504653 0.3821921 0.9497132 0.4276469 0.9497132 0.3821921 0.9497132 0.3821921 0.9497132 0.4276469 0.9468547 0.3821911 0.5751299 0.6802275 0.5751299 0.6486616 0.5760924 0.6800756 0.5760924 0.6800756 0.5751299 0.6486616 0.5770955 0.64866 0.5792043 0.6785428 0.5787679 0.6785426 0.5770955 0.64866 0.5770955 0.64866 0.5787679 0.6785426 0.5770955 0.6796689 0.5770955 0.64866 0.5770955 0.6796689 0.5760924 0.6800756 0.5770955 0.64866 0.5792042 0.6486604 0.5792043 0.6785428 0.1560353 0.7478038 0.1560353 0.7179213 0.1578689 0.7179219 0.1560353 0.7478038 0.1578689 0.7179219 0.1578689 0.7478044 0.9767158 0.0730977 0.9278941 0.07309764 0.927327 0.07043552 0.8525559 0.4420124 0.8037338 0.442008 0.852556 0.4412738 0.852556 0.4412738 0.8037338 0.442008 0.803734 0.4412695 0.852556 0.4412738 0.803734 0.4412695 0.8514423 0.4392547 0.8514423 0.4392547 0.803734 0.4412695 0.8026204 0.4392502 0.927327 0.07043552 0.976149 0.07043552 0.9767158 0.0730977 0.8037101 0.5693675 0.8676837 0.5693733 0.8037099 0.5701188 0.8037099 0.5701188 0.8676837 0.5693733 0.8676835 0.5723231 0.8037099 0.5701188 0.8676835 0.5723231 0.8025955 0.5723173 0.8025955 0.5723173 0.8676835 0.5723231 0.8676836 0.5751028 0.8025955 0.5723173 0.8676836 0.5751028 0.8020265 0.5750969 0.7702578 0.8584272 0.7702578 0.9224007 0.7673304 0.9224002 0.9367078 0.9393383 0.8710506 0.9393335 0.9365364 0.9377254 0.9365364 0.9377254 0.8710506 0.9393335 0.871051 0.9361892 0.9365364 0.9377254 0.871051 0.9361892 0.9360609 0.936194 0.9360609 0.936194 0.871051 0.9361892 0.9350259 0.9343073 0.9350259 0.9343073 0.871051 0.9361892 0.9350272 0.9333085 0.9350272 0.9333085 0.871051 0.9361892 0.8710535 0.9333037 0.7673304 0.9224002 0.7673304 0.8584265 0.7702578 0.8584272 0.7803922 0.9224018 0.7803922 0.858428 0.7838149 0.9224025 0.7838149 0.9224025 0.7803922 0.858428 0.7838149 0.858429 0.5435178 0.7126589 0.5435178 0.6486855 0.5470805 0.712661 0.5470805 0.712661 0.5435178 0.6486855 0.5470805 0.6486876 0.5470805 0.712661 0.5470805 0.6486876 0.5507746 0.7126601 0.5507746 0.7126601 0.5470805 0.6486876 0.5507746 0.6486865 0.3832029 0.4685117 0.3373894 0.4648928 0.3375223 0.4632143 0.3375223 0.4632143 0.379975 0.466562 0.3832029 0.4685117 0.3832029 0.4685117 0.379975 0.466562 0.3809319 0.4667509 0.3832029 0.4685117 0.3809319 0.4667509 0.3818196 0.467155 0.3375223 0.4632143 0.3373894 0.4648928 0.3142695 0.4590889 0.3142695 0.4590889 0.3373894 0.4648928 0.3138159 0.4607104 0.3142695 0.4590889 0.3138159 0.4607104 0.2922465 0.4505627 0.2922465 0.4505627 0.3138159 0.4607104 0.2914891 0.4520667 0.8963045 0.120061 0.8946204 0.1202632 0.8963031 0.09645158 0.8963031 0.09645158 0.8946204 0.1202632 0.8946191 0.09632807 0.2722775 0.437955 0.2712448 0.439285 0.2551105 0.4217376 0.2551105 0.4217376 0.2712448 0.439285 0.2538409 0.4228439 0.2551105 0.4217376 0.2538409 0.4228439 0.2413878 0.4025179 0.2413878 0.4025179 0.2538409 0.4228439 0.2399289 0.4033591 0.2413878 0.4025179 0.2399289 0.4033591 0.2316233 0.3810151 0.2316233 0.3810151 0.2399289 0.4033591 0.2300297 0.3815598 0.2316233 0.3810151 0.2300297 0.3815598 0.2261825 0.3580345 0.2261825 0.3580345 0.2300297 0.3815598 0.2245139 0.3582622 0.2261825 0.3580345 0.2245139 0.3582622 0.2252692 0.3344362 0.2252692 0.3344362 0.2245139 0.3582622 0.223588 0.3343384 0.2252692 0.3344362 0.223588 0.3343384 0.2289174 0.3111038 0.2289174 0.3111038 0.223588 0.3343384 0.2272866 0.3106842 0.2289174 0.3111038 0.2272866 0.3106842 0.2369908 0.2889107 0.2369908 0.2889107 0.2272866 0.3106842 0.2354712 0.288185 0.2369908 0.2889107 0.2354712 0.288185 0.2491868 0.2686878 0.2491868 0.2686878 0.2354712 0.288185 0.2478355 0.267683 0.2491868 0.2686878 0.2478355 0.267683 0.2650491 0.251192 0.2650491 0.251192 0.2478355 0.267683 0.2639166 0.2499461 0.2647438 0.2480552 0.2664278 0.2480406 0.2660751 0.2497636 0.2647438 0.2480552 0.2660751 0.2497636 0.2645322 0.249089 0.2645322 0.249089 0.2660751 0.2497636 0.2650491 0.251192 0.2645322 0.249089 0.2650491 0.251192 0.2639166 0.2499461 0.264698 0.2427113 0.266382 0.2426968 0.2647438 0.2480552 0.2647438 0.2480552 0.266382 0.2426968 0.2664278 0.2480406 0.2613204 0.233304 0.2626291 0.2322441 0.2653923 0.2371521 0.2613204 0.233304 0.2653923 0.2371521 0.2638073 0.2377211 0.2638073 0.2377211 0.2653923 0.2371521 0.266382 0.2426968 0.2638073 0.2377211 0.266382 0.2426968 0.264698 0.2427113 0.256604 0.2068818 0.2610238 0.1987069 0.2623505 0.1997438 0.2623505 0.1997438 0.2581986 0.2074234 0.256604 0.2068818 0.256604 0.2068818 0.2581986 0.2074234 0.2574148 0.2102386 0.256604 0.2068818 0.2574148 0.2102386 0.255128 0.2160573 0.255128 0.2160573 0.2574148 0.2102386 0.256812 0.2160426 0.255128 0.2160573 0.256812 0.2160426 0.2567611 0.225206 0.2626291 0.2322441 0.2613204 0.233304 0.2583461 0.2246369 0.2583461 0.2246369 0.2613204 0.233304 0.2567611 0.225206 0.2583461 0.2246369 0.2567611 0.225206 0.2575142 0.2218356 0.2575142 0.2218356 0.2567611 0.225206 0.256812 0.2160426 0.2642397 0.189243 0.2659237 0.1892285 0.2650291 0.1947892 0.2642397 0.189243 0.2650291 0.1947892 0.2634346 0.1942477 0.2634346 0.1942477 0.2650291 0.1947892 0.2623505 0.1997438 0.2634346 0.1942477 0.2623505 0.1997438 0.2610238 0.1987069 0.26349 0.1017891 0.2651737 0.1017366 0.2642397 0.189243 0.2642397 0.189243 0.2651737 0.1017366 0.2659237 0.1892285 0.2651737 0.1017366 0.26349 0.1017891 0.2651117 0.09450483 0.2651117 0.09450483 0.26349 0.1017891 0.2644871 0.08399933 0.3624753 0.01767218 0.3803145 0.02380561 0.3795874 0.02532374 0.3795874 0.02532374 0.3628786 0.01948738 0.3624753 0.01767218 0.3624753 0.01767218 0.3628786 0.01948738 0.362116 0.01931655 0.3624753 0.01767218 0.362116 0.01931655 0.3437047 0.01579612 0.362116 0.01931655 0.3437324 0.0174793 0.3437047 0.01579612 0.3437047 0.01579612 0.3437324 0.0174793 0.3429327 0.01749628 0.3437047 0.01579612 0.3429327 0.01749628 0.3250044 0.018278 0.3429327 0.01749628 0.3254178 0.01990991 0.3250044 0.018278 0.3250044 0.018278 0.3254178 0.01990991 0.3231182 0.02052813 0.1667364 0.7662518 0.1650571 0.7634443 0.1667364 0.7478051 0.1750956 0.6295658 0.1754947 0.6134629 0.1771734 0.6133344 0.1771734 0.6133344 0.1754947 0.6134629 0.1750956 0.6095208 0.538316 0.8742458 0.5366364 0.8701338 0.5383164 0.8553857 0.5366364 0.8701338 0.5366376 0.855615 0.5383164 0.8553857 0.1718571 0.5876342 0.1702621 0.5870946 0.1718571 0.5817861 0.5768628 0.786672 0.5751829 0.7814406 0.5768628 0.7684053 0.7886414 0.4563179 0.7892186 0.4433724 0.7909013 0.4433105 0.7909013 0.4433105 0.7892186 0.4433724 0.7886414 0.4362727 0.793554 0.6301116 0.7918744 0.6241949 0.793554 0.6134132 0.7864367 0.5017551 0.7870561 0.4903905 0.7887398 0.4903618 0.7887398 0.4903618 0.7870561 0.4903905 0.7864367 0.4817101 0.460627 0.8152378 0.4589479 0.809286 0.460627 0.8009991 0.2644871 0.08399933 0.2683513 0.07472324 0.2661482 0.08427619 0.2644871 0.08399933 0.2661482 0.08427619 0.2651117 0.09450483 0.3815196 0.02301949 0.3832028 0.02296507 0.3829184 0.02421313 0.3815196 0.02301949 0.3829184 0.02421313 0.3814249 0.02343553 0.3814249 0.02343553 0.3829184 0.02421313 0.3820586 0.02516144 0.3814249 0.02343553 0.3820586 0.02516144 0.3811383 0.02375155 0.3811383 0.02375155 0.3820586 0.02516144 0.3808443 0.02556627 0.3811383 0.02375155 0.3808443 0.02556627 0.3807334 0.02388662 0.3807334 0.02388662 0.3808443 0.02556627 0.3795874 0.02532374 0.3807334 0.02388662 0.3795874 0.02532374 0.3803145 0.02380561 0.9451659 0.6764007 0.9468502 0.6758104 0.9468501 0.6848396 0.9451659 0.6764007 0.9468501 0.6848396 0.9451659 0.6847075 0.3741165 0.008408725 0.3751559 0.007083892 0.3809415 0.0141316 0.3741165 0.008408725 0.3809415 0.0141316 0.3794392 0.01489263 0.3794392 0.01489263 0.3809415 0.0141316 0.3832028 0.02296507 0.3794392 0.01489263 0.3832028 0.02296507 0.3815196 0.02301949 0.3325322 0.003141224 0.3323116 0.001472115 0.3496974 7.46591e-4 0.3325322 0.003141224 0.3496974 7.46591e-4 0.3496156 0.002428293 0.3496156 0.002428293 0.3496974 7.46591e-4 0.3669322 0.003145158 0.3496156 0.002428293 0.3669322 0.003145158 0.3665506 0.00478518 0.1494231 0.9467847 0.1569109 0.9467841 0.1560398 0.9476933 0.3323116 0.001472115 0.3325322 0.003141224 0.3251483 0.001189529 0.3251483 0.001189529 0.3325322 0.003141224 0.3247959 0.002835988 0.3251483 0.001189529 0.3247959 0.002835988 0.3229213 5.83961e-4 0.1522312 0.9484685 0.1494231 0.9467847 0.1560398 0.9476933 0.987599 0.2159515 0.9877187 0.2159526 0.9874088 0.2159531 0.987599 0.2159515 0.9874088 0.2159531 0.9874789 0.2159494 0.9874789 0.2159494 0.9874088 0.2159531 0.987237 0.2159428 0.987237 0.2159428 0.9874088 0.2159531 0.9870957 0.2159531 0.987237 0.2159428 0.9870957 0.2159531 0.9867463 0.2159184 0.9867463 0.2159184 0.9870957 0.2159531 0.9864612 0.2159532 0.9867463 0.2159184 0.9864612 0.2159532 0.9857323 0.2158225 0.9857323 0.2158225 0.9864612 0.2159532 0.9851515 0.2159534 0.9857323 0.2158225 0.9851515 0.2159534 0.9836237 0.2154202 0.9836237 0.2154202 0.9851515 0.2159534 0.9835351 0.2159535 0.9836237 0.2154202 0.9835351 0.2159535 0.9807031 0.2143716 0.9807031 0.2143716 0.9835351 0.2159535 0.9821357 0.2159535 0.9807031 0.2143716 0.9821357 0.2159535 0.9794496 0.2146331 0.9794496 0.2146331 0.9821357 0.2159535 0.9798974 0.2162566 0.9794496 0.2146331 0.9798974 0.2162566 0.9756049 0.2166646 0.1761238 0.9724119 0.1761245 0.9741995 0.1744405 0.9751576 0.5630366 0.5784573 0.5630366 0.5760982 0.5641089 0.5771589 0.1744405 0.9751576 0.1761251 0.9756099 0.174443 0.9794993 0.9737182 0.2243711 0.9720345 0.2243706 0.9744981 0.2208324 0.9744981 0.2208324 0.9720345 0.2243706 0.9729704 0.2201241 0.9744981 0.2208324 0.9729704 0.2201241 0.9748459 0.2201623 0.1761265 0.9784781 0.174443 0.9794993 0.1761251 0.9756099 0.9737181 0.2453895 0.9720345 0.2453889 0.9737182 0.2243711 0.9737182 0.2243711 0.9720345 0.2453889 0.9720345 0.2243706 0.9641454 0.7908724 0.9636834 0.7891917 0.9677923 0.7908727 0.9677923 0.7908727 0.9636834 0.7891917 0.9680596 0.7891923 0.9745109 0.2489556 0.9729859 0.2496684 0.9737181 0.2453895 0.9737181 0.2453895 0.9729859 0.2496684 0.9720345 0.2453889 0.9364876 0.2159534 0.934464 0.2159531 0.9364582 0.2158216 0.9364876 0.2159534 0.9364582 0.2158216 0.9386484 0.2159535 0.9492128 0.2201241 0.9501488 0.2243706 0.9484654 0.2243711 0.9484654 0.2243711 0.9476854 0.2208324 0.9492128 0.2201241 0.9492128 0.2201241 0.9476854 0.2208324 0.9473376 0.2201623 0.9506865 0.3805134 0.9497132 0.3821921 0.9463539 0.3805123 0.9364582 0.2158216 0.9374032 0.2156754 0.9386484 0.2159535 0.9386484 0.2159535 0.9374032 0.2156754 0.9385597 0.2154203 0.9386484 0.2159535 0.9385597 0.2154203 0.9400478 0.2159536 0.9400478 0.2159536 0.9385597 0.2154203 0.9414801 0.2143716 0.9400478 0.2159536 0.9414801 0.2143716 0.9422861 0.2162566 0.9422861 0.2162566 0.9414801 0.2143716 0.9427336 0.2146332 0.9422861 0.2162566 0.9427336 0.2146332 0.9442566 0.2170813 0.179705 0.7293902 0.179705 0.7260519 0.1816038 0.7293155 0.5680125 0.5784571 0.5680126 0.5760983 0.569085 0.5773964 0.9468547 0.3821911 0.9463539 0.3805123 0.9497132 0.3821921 0.9636834 0.7891917 0.9641454 0.7908724 0.9533962 0.7908713 0.9636834 0.7891917 0.9533962 0.7908713 0.9536755 0.7891908 0.9817475 0.2611054 0.9832777 0.2604036 0.9855003 0.2709377 0.9817475 0.2611054 0.9855003 0.2709377 0.9838168 0.2709129 0.9838168 0.2709129 0.9855003 0.2709377 0.9829753 0.2814033 0.9838168 0.2709129 0.9829753 0.2814033 0.9814659 0.2806568 0.34196 0.9293119 0.3421884 0.930996 0.3314625 0.9309956 0.34196 0.9293119 0.3314625 0.9309956 0.3319739 0.9293113 0.9751521 0.2884417 0.9761937 0.289765 0.9664748 0.2943962 0.9751521 0.2884417 0.9664748 0.2943962 0.9661035 0.2927536 0.9661035 0.2927536 0.9664748 0.2943962 0.9557089 0.2943962 0.9661035 0.2927536 0.9557089 0.2943962 0.95608 0.2927536 0.95608 0.2927536 0.9557089 0.2943962 0.94599 0.289765 0.95608 0.2927536 0.94599 0.289765 0.9470313 0.2884418 0.3064655 0.9293147 0.3070238 0.9309936 0.2963299 0.93099 0.3064655 0.9293147 0.2963299 0.93099 0.296509 0.9293113 0.9407175 0.2806568 0.9392084 0.2814034 0.9366834 0.2709378 0.9407175 0.2806568 0.9366834 0.2709378 0.9383665 0.270913 0.9383665 0.270913 0.9366834 0.2709378 0.9389059 0.2604037 0.9383665 0.270913 0.9389059 0.2604037 0.9404358 0.2611054 0.9404358 0.2611054 0.9389059 0.2604037 0.9454437 0.2518502 0.9404358 0.2611054 0.9454437 0.2518502 0.9465228 0.2531418 0.9501488 0.2453889 0.9484654 0.2453895 0.9501488 0.2243706 0.9501488 0.2243706 0.9484654 0.2453895 0.9484654 0.2243711 0.9484654 0.2453895 0.9501488 0.2453889 0.9476727 0.2489557 0.9476727 0.2489557 0.9501488 0.2453889 0.9491975 0.2496684 0.9476727 0.2489557 0.9491975 0.2496684 0.9454437 0.2518502 0.9454437 0.2518502 0.9491975 0.2496684 0.9465228 0.2531418 0.927327 0.07043552 0.9278941 0.07309764 0.9262155 0.06882983 0.9262155 0.06882983 0.9278941 0.07309764 0.9278927 0.07547628 0.9262155 0.06882983 0.9278927 0.07547628 0.9262048 0.08632612 0.2115852 0.7807719 0.2195578 0.7947537 0.2111117 0.7808659 0.2111117 0.7808659 0.2195578 0.7947537 0.2180208 0.7954397 0.2111117 0.7808659 0.2180208 0.7954397 0.2098475 0.780667 0.7882787 0.5946336 0.7879496 0.6065441 0.7879449 0.5955948 0.5393362 0.4617738 0.5389935 0.4629032 0.5390906 0.4611977 0.5390906 0.4611977 0.5389935 0.4629032 0.5389935 0.4605405 0.1793314 0.6645827 0.178705 0.6754317 0.177022 0.6754488 0.177022 0.6754488 0.178705 0.6754317 0.1793314 0.6846278 0.7918893 0.5936095 0.7935703 0.6010118 0.7918893 0.6100666 0.7879524 0.6666776 0.789638 0.6590992 0.7896347 0.6783006 0.1816446 0.6645827 0.1810144 0.6743445 0.1793314 0.6743387 0.1793314 0.6743387 0.1810144 0.6743445 0.1816446 0.6846278 0.7921271 0.5438823 0.7904429 0.5336977 0.7921271 0.5258132 0.7887387 0.4730641 0.7864367 0.48171 0.7870559 0.4730355 0.7887387 0.4730641 0.7870559 0.4730355 0.7864367 0.461665 0.7879524 0.6666776 0.7879537 0.65908 0.789638 0.6590992 0.789638 0.6590992 0.7879537 0.65908 0.7879545 0.6466362 0.789638 0.6590992 0.7879545 0.6466362 0.7896391 0.639846 0.2265099 0.8325773 0.2241992 0.8389772 0.2248295 0.8324832 0.2265099 0.8325773 0.2248295 0.8324832 0.2252925 0.8132504 0.7879546 0.6402237 0.7879537 0.6273198 0.7896376 0.6216237 0.2252925 0.8132504 0.2244378 0.8189336 0.2236372 0.8135549 0.2252925 0.8132504 0.2236372 0.8135549 0.2195578 0.7947537 0.7896337 0.6054573 0.7879533 0.6223772 0.7879505 0.609942 0.2195578 0.7947537 0.2196844 0.7994603 0.2180208 0.7954397 0.9445011 0.8800891 0.9436998 0.8780842 0.9434347 0.8759886 0.9434347 0.8405424 0.9451181 0.8405419 0.9434347 0.8759886 0.9434347 0.8759886 0.9451181 0.8405419 0.945118 0.8810386 0.9434347 0.8759886 0.945118 0.8810386 0.9445011 0.8800891 0.9451181 0.8405419 0.9434347 0.8405424 0.9437551 0.8389317 0.9451181 0.8405419 0.9437551 0.8389317 0.9453102 0.8395755 0.9453102 0.8395755 0.9437551 0.8389317 0.9446675 0.8375663 0.9453102 0.8395755 0.9446675 0.8375663 0.9458577 0.8387563 0.9458577 0.8387563 0.9446675 0.8375663 0.9460328 0.836654 0.9458577 0.8387563 0.9460328 0.836654 0.946677 0.8382089 0.1634397 0.7162382 0.1636387 0.7179225 0.1620015 0.7179225 0.1634397 0.7162382 0.1620015 0.7179225 0.1624574 0.7162382 0.9519366 0.8363336 0.9519364 0.8380166 0.9476435 0.8363336 0.9476435 0.8363336 0.9519364 0.8380166 0.9476433 0.8380166 0.9519364 0.8380166 0.9519366 0.8363336 0.9539921 0.8368697 0.9519364 0.8380166 0.9539921 0.8368697 0.9531697 0.8383383 0.5785856 0.6469799 0.5792042 0.6486604 0.5770955 0.64866 0.5785856 0.6469799 0.5770955 0.64866 0.5773203 0.6469797 0.9540888 0.8392214 0.955524 0.8383415 0.9561419 0.8403741 0.9540888 0.8392214 0.9561419 0.8403741 0.9544596 0.8404409 0.9610795 0.8677766 0.9594796 0.8683001 0.9576621 0.8542463 0.9576621 0.8542463 0.9594796 0.8683001 0.956005 0.8545443 0.9576621 0.8542463 0.956005 0.8545443 0.956542 0.8461784 0.956542 0.8461784 0.956005 0.8545443 0.9544596 0.8404409 0.956542 0.8461784 0.9544596 0.8404409 0.9561419 0.8403741 0.5140135 0.4203946 0.5156943 0.420309 0.5133723 0.4240719 0.5133723 0.4240719 0.5156943 0.420309 0.5149249 0.4247218 0.5133723 0.4240719 0.5149249 0.4247218 0.511204 0.4271104 0.511204 0.4271104 0.5149249 0.4247218 0.5123229 0.428368 0.5470805 0.6486876 0.5469468 0.6470072 0.5507746 0.6486865 0.5507746 0.6486865 0.5469468 0.6470072 0.5513797 0.6470059 0.5134882 0.4100938 0.515169 0.4100082 0.5140135 0.4203946 0.5140135 0.4203946 0.515169 0.4100082 0.5156943 0.420309 0.515169 0.4100082 0.5134882 0.4100938 0.5139179 0.4069772 0.515169 0.4100082 0.5139179 0.4069772 0.5155128 0.4075149 0.5155128 0.4075149 0.5139179 0.4069772 0.515462 0.404236 0.5155128 0.4075149 0.515462 0.404236 0.516748 0.405322 0.8693706 0.9365597 0.871051 0.9361892 0.8710506 0.9393335 0.8693706 0.9365597 0.8710506 0.9393335 0.8693702 0.9390751 0.8693702 0.957722 0.8693702 0.9390751 0.8710506 0.9393335 0.8710506 0.9393335 0.8710511 0.955517 0.8693702 0.957722 0.5340152 0.3930698 0.5313221 0.3931648 0.532902 0.3918072 0.5340152 0.3930698 0.532902 0.3918072 0.5465065 0.3792054 0.5465065 0.3792054 0.532902 0.3918072 0.5451357 0.3782287 0.5465065 0.3792054 0.5451357 0.3782287 0.5555235 0.3628669 0.5451357 0.3782287 0.5539668 0.3622271 0.5555235 0.3628669 0.5555235 0.3628669 0.5539668 0.3622271 0.5545161 0.3608537 0.5555235 0.3628669 0.5545161 0.3608537 0.5605953 0.3449078 0.5545161 0.3608537 0.558934 0.3446382 0.5605953 0.3449078 0.5605953 0.3449078 0.558934 0.3446382 0.55939 0.3414102 0.7921272 0.5258132 0.7904429 0.5221303 0.7921272 0.5078997 0.7904403 0.5890029 0.7909142 0.573976 0.7925938 0.5738708 0.7925938 0.5738708 0.7909142 0.573976 0.7904403 0.5689578 0.869368 0.6284492 0.8676844 0.6231722 0.8693702 0.6098158 0.8676844 0.6231722 0.8676859 0.6099157 0.8693702 0.6098158 0.1734735 0.5888805 0.1718571 0.5884122 0.1734735 0.581786 0.5435177 0.7694686 0.5418335 0.7627835 0.5435177 0.7510887 0.5382075 0.2770119 0.5394325 0.2758578 0.5444221 0.2844689 0.7916423 0.7307487 0.7933266 0.7212045 0.7933266 0.7383707 0.7870137 0.7578073 0.7893139 0.7663542 0.7876312 0.7663847 0.7876312 0.7663847 0.7893139 0.7663542 0.7870137 0.7778524 0.5394325 0.2758578 0.5382075 0.2770119 0.5365924 0.2745434 0.5394325 0.2758578 0.5365924 0.2745434 0.5381404 0.2738829 0.8693679 0.5720462 0.8676835 0.5723231 0.8676837 0.5693733 0.8693679 0.5720462 0.8676837 0.5693733 0.869368 0.5696864 0.5298321 0.1521376 0.5315129 0.152052 0.5359283 0.2716691 0.5359283 0.2716691 0.5315129 0.152052 0.5376091 0.2715835 0.5315129 0.152052 0.5298321 0.1521376 0.5303062 0.1488927 0.5315129 0.152052 0.5303062 0.1488927 0.5318921 0.1494561 0.5318921 0.1494561 0.5303062 0.1488927 0.5319843 0.1460752 0.5318921 0.1494561 0.5319843 0.1460752 0.5332347 0.1472021 0.5443701 0.1317815 0.5332347 0.1472021 0.5319843 0.1460752 0.5319843 0.1460752 0.5429077 0.1309483 0.5443701 0.1317815 0.5443701 0.1317815 0.5429077 0.1309483 0.5441932 0.1286075 0.7918784 0.6506888 0.7935587 0.6524611 0.7918784 0.6672606 0.1816446 0.6432713 0.1811518 0.6592651 0.1794719 0.6593683 0.1794719 0.6593683 0.1811518 0.6592651 0.1816446 0.6645828 0.7933267 0.7212045 0.7916424 0.7156763 0.7933267 0.7039318 0.1771735 0.6645828 0.1777896 0.6512569 0.1794719 0.6512052 0.1794719 0.6512052 0.1777896 0.6512569 0.1771735 0.6432713 0.5435189 0.7510887 0.5418347 0.7428509 0.5435189 0.7325117 0.4622709 0.8260499 0.4606271 0.8155013 0.4622709 0.8151403 0.5571435 0.5233691 0.5554593 0.5231864 0.5554603 0.5125222 0.5571435 0.5233691 0.5554603 0.5125222 0.557145 0.5043482 0.5507432 0.05816662 0.5515161 0.06639021 0.5491594 0.05873566 0.5507432 0.05816662 0.5491594 0.05873566 0.5424236 0.04106175 0.5554607 0.5045278 0.5554606 0.4914127 0.5571445 0.4857643 0.5424236 0.04106175 0.5436966 0.04656523 0.5409981 0.04195654 0.5424236 0.04106175 0.5409981 0.04195654 0.5306368 0.026133 0.5150082 0.01548057 0.5159289 0.01407176 0.5294359 0.02731215 0.5294359 0.02731215 0.5159289 0.01407176 0.5306368 0.026133 0.5294359 0.02731215 0.5306368 0.026133 0.5312772 0.02924656 0.555458 0.4716548 0.5571417 0.4684782 0.5554602 0.4862979 0.5172824 3.12226e-4 0.5196426 0.001701414 0.5164045 0.002515375 0.5164803 2.08917e-5 0.5172824 3.12226e-4 0.515719 0 0.515719 0 0.5172824 3.12226e-4 0.5164045 0.002515375 0.515719 0 0.5164045 0.002515375 0.5153118 8.49318e-5 0.5153118 8.49318e-5 0.5164045 0.002515375 0.5149387 2.28506e-4 0.5143381 6.30186e-4 0.5149387 2.28506e-4 0.5139043 0.001140296 0.5139043 0.001140296 0.5149387 2.28506e-4 0.5164045 0.002515375 0.5139043 0.001140296 0.5164045 0.002515375 0.51378 0.001356244 0.51378 0.001356244 0.5164045 0.002515375 0.5121198 0.004603147 0.1688846 0.5867562 0.1677281 0.5835381 0.1688846 0.581786 0.5121198 0.004603147 0.5138998 0.004872202 0.5128856 0.008158504 0.5121198 0.004603147 0.5128856 0.008158504 0.511204 0.008089125 0.5554524 0.4463624 0.5571368 0.4468263 0.5571366 0.4502648 0.5554524 0.4463624 0.5571366 0.4502648 0.5554521 0.4506606 0.51213 0.01228725 0.5136264 0.01151698 0.5159289 0.01407176 0.51213 0.01228725 0.5159289 0.01407176 0.5150082 0.01548057 0.5399205 0.457485 0.5392163 0.4603498 0.5392163 0.4499723 0.5209686 0.7713157 0.5243472 0.7694411 0.5230386 0.7703889 0.5268898 0.6310756 0.5376471 0.6390338 0.5383164 0.6411293 0.5392931 0.818399 0.5409774 0.8126574 0.5409774 0.8258566 0.1762355 0.5946112 0.1751565 0.5887964 0.1762355 0.581786 0.790418 0.5575356 0.7881461 0.5649461 0.7887358 0.5574821 0.790418 0.5575356 0.7887358 0.5574821 0.7881461 0.544901 0.1788439 0.5391595 0.1805236 0.5335767 0.1805236 0.5505906 0.7881738 0.5438824 0.7887606 0.5365061 0.7904428 0.5365613 0.7904428 0.5365613 0.7887606 0.5365061 0.7881738 0.5238373 0.09194964 0.8206975 0.09027087 0.8112225 0.09194964 0.8069908 0.79044 0.5166057 0.7881739 0.5238373 0.7887577 0.5165486 0.79044 0.5166057 0.7887577 0.5165486 0.7881739 0.5037923 0.1805992 0.54729 0.1822797 0.5401691 0.1822797 0.5604782 0.7881771 0.5890029 0.7887579 0.5818018 0.7904403 0.5818607 0.7904403 0.5818607 0.7887579 0.5818018 0.7881771 0.5689579 0.1767758 0.668362 0.1750956 0.6556633 0.1767758 0.6491006 0.7909998 0.4947022 0.7887396 0.5017551 0.7893173 0.4946416 0.7909998 0.4947022 0.7893173 0.4946416 0.7887396 0.48171 0.5751836 0.7382425 0.5768635 0.7313382 0.5768635 0.7499611 0.7887396 0.4817101 0.789314 0.4746842 0.7909966 0.4747468 0.7909966 0.4747468 0.789314 0.4746842 0.7887396 0.461665 0.1822794 0.6007134 0.1805992 0.5878549 0.1822794 0.5806215 0.7915675 0.7709786 0.7893139 0.7778524 0.789885 0.7709141 0.7915675 0.7709786 0.789885 0.7709141 0.7893139 0.7578074 0.4039767 0.7038778 0.4028713 0.7107653 0.4028457 0.6903871 0.789639 0.6100665 0.7902066 0.6032158 0.7918892 0.6032822 0.7918892 0.6032822 0.7902066 0.6032158 0.789639 0.5900214 0.5435099 0.812877 0.5418303 0.8030477 0.5435099 0.7968829 0.4028457 0.6903871 0.4056403 0.6839019 0.4045168 0.6905949 0.4028457 0.6903871 0.4045168 0.6905949 0.4039767 0.7038778 0.7933266 0.7527245 0.7916425 0.7578074 0.7916425 0.7405605 0.4039767 0.7038778 0.4045419 0.710553 0.4028713 0.7107653 0.4028713 0.7107653 0.4045419 0.710553 0.4073332 0.7236399 0.5771767 0.8039361 0.5788608 0.8140901 0.5771767 0.8179579 0.7896391 0.6904025 0.7918784 0.6838868 0.7913216 0.6904749 0.7896391 0.6904025 0.7913216 0.6904749 0.7918784 0.7039319 0.1577201 0.543478 0.1560366 0.5499324 0.1560353 0.5295923 0.7918744 0.6100665 0.7913214 0.6165669 0.789639 0.6164926 0.789639 0.6164926 0.7913214 0.6165669 0.7918744 0.6301116 0.5418338 0.6374118 0.5435178 0.6508495 0.5418338 0.6568094 0.7896391 0.6364481 0.7918704 0.6301116 0.7913214 0.6365244 0.7896391 0.6364481 0.7913214 0.6365244 0.7918704 0.6501567 0.5768709 0.7621654 0.5751869 0.7684053 0.5751869 0.7499611 0.1577201 0.543478 0.1577207 0.5498248 0.1560366 0.5499324 0.5755286 0.8039361 0.5771767 0.8042814 0.5755286 0.8179127 0.5418338 0.6173963 0.5435177 0.6308659 0.5418338 0.6374118 0.7896391 0.6699993 0.791862 0.6638417 0.791321 0.6700794 0.7896391 0.6699993 0.791321 0.6700794 0.791862 0.6838868 0.7926363 0.5449009 0.7920996 0.551051 0.7904179 0.550969 0.7904179 0.550969 0.7920996 0.551051 0.7926363 0.5649459 0.7909999 0.4817101 0.7926812 0.4946219 0.7909999 0.4995672 0.5085609 0.7783024 0.5021855 0.7783158 0.5080523 0.7766976 0.5085609 0.7783024 0.5080523 0.7766976 0.520941 0.7732247 0.520941 0.7732247 0.5080523 0.7766976 0.5209686 0.7713157 0.520941 0.7732247 0.5209686 0.7713157 0.521979 0.7715125 0.521979 0.7715125 0.5209686 0.7713157 0.5230386 0.7703889 0.7930629 0.48171 0.7922299 0.4788799 0.7930629 0.4641263 0.7930629 0.4641263 0.7922299 0.4788799 0.7909998 0.477056 0.7913196 0.6507475 0.7896391 0.6638417 0.7896391 0.6502293 0.3843661 0.4811323 0.3832028 0.4679126 0.3859251 0.4804704 0.3843661 0.4811323 0.3859251 0.4804704 0.3860676 0.4861252 0.3860676 0.4861252 0.3859251 0.4804704 0.3876433 0.4855308 0.3860676 0.4861252 0.3876433 0.4855308 0.3952028 0.5035966 0.167824 0.490419 0.167822 0.5024901 0.1661372 0.5058043 0.3952028 0.5035966 0.3940908 0.4987769 0.3965901 0.5026419 0.3952028 0.5035966 0.3965901 0.5026419 0.4082594 0.5183689 0.1678214 0.5065525 0.1678206 0.5210105 0.1661363 0.5243935 0.7864367 0.4605671 0.7864367 0.4563179 0.7879665 0.4598631 0.1661363 0.5243935 0.1678205 0.5247585 0.1661377 0.5440152 0.1678205 0.5247585 0.1678214 0.540856 0.1661377 0.5440152 0.1661377 0.5440152 0.1678214 0.540856 0.1678217 0.5439755 0.4244762 0.529581 0.42526 0.5280906 0.4429078 0.5365792 0.1678217 0.5439755 0.1678241 0.5607796 0.1661405 0.5635251 0.4429078 0.5365792 0.4410115 0.5343407 0.4433115 0.5349445 0.4429078 0.5365792 0.4433115 0.5349445 0.4624795 0.5389555 0.1678246 0.5630832 0.1678289 0.5795297 0.1661453 0.581786 0.4624795 0.5389555 0.4608436 0.5372554 0.4624797 0.5372717 0.4624795 0.5389555 0.4624797 0.5372717 0.4820502 0.5365712 0.4624797 0.5372717 0.4807773 0.5351463 0.4820502 0.5365712 0.4820502 0.5365712 0.4807773 0.5351463 0.4816469 0.5349366 0.4820502 0.5365712 0.4816469 0.5349366 0.5004789 0.5295653 0.5004789 0.5295653 0.4816469 0.5349366 0.4996956 0.5280752 0.9750378 0.03556424 0.9767181 0.03589951 0.9750407 0.05521744 0.9750407 0.05521744 0.9767181 0.03589951 0.9767211 0.05514752 0.1828386 0.4783302 0.1822832 0.4767411 0.1828386 0.4765446 0.3832027 0.4786943 0.3696941 0.5019077 0.3826802 0.4794076 0.3826802 0.4794076 0.3696941 0.5019077 0.38202 0.479996 0.3682385 0.5010607 0.380043 0.480776 0.3696941 0.5019077 0.3696941 0.5019077 0.380043 0.480776 0.3804084 0.4807007 0.3696941 0.5019077 0.3804084 0.4807007 0.38202 0.479996 0.3682385 0.5010607 0.3696941 0.5019077 0.3664915 0.5058756 0.3682385 0.5010607 0.3664915 0.5058756 0.3653562 0.5046319 0.3653562 0.5046319 0.3664915 0.5058756 0.362248 0.5087027 0.3653562 0.5046319 0.362248 0.5087027 0.361537 0.5071762 0.1769881 0.668362 0.1769881 0.6846392 0.1767554 0.6835595 0.1767554 0.6835595 0.1762881 0.6826333 0.1769881 0.668362 0.1769881 0.668362 0.1762881 0.6826333 0.1750956 0.6814548 0.5409772 0.8001154 0.5392931 0.8126574 0.5392931 0.7968829 0.361537 0.5071762 0.362248 0.5087027 0.3427172 0.5185313 0.3427172 0.5185313 0.362248 0.5087027 0.3437368 0.5198715 0.3427172 0.5185313 0.3437368 0.5198715 0.3267449 0.5336312 0.3267449 0.5336312 0.3437368 0.5198715 0.3280263 0.5347239 0.3267449 0.5336312 0.3280263 0.5347239 0.3143518 0.5517841 0.3280263 0.5347239 0.3158363 0.5525792 0.3143518 0.5517841 0.3143518 0.5517841 0.3158363 0.5525792 0.3152031 0.5537806 0.3143518 0.5517841 0.3152031 0.5537806 0.3061056 0.5721585 0.3152031 0.5537806 0.3077253 0.5726196 0.3061056 0.5721585 0.3061056 0.5721585 0.3077253 0.5726196 0.3072451 0.5743656 0.3061056 0.5721585 0.3072451 0.5743656 0.3023839 0.5938211 0.3072451 0.5743656 0.3040646 0.5939272 0.3023839 0.5938211 0.3023839 0.5938211 0.3040646 0.5939272 0.3039476 0.5961876 0.5426229 0.5583532 0.5443071 0.5611631 0.5426229 0.5785611 0.5403005 0.5184583 0.5400401 0.5378244 0.5383619 0.537963 0.5383619 0.537963 0.5400401 0.5378244 0.5403005 0.540528 0.1805992 0.4765446 0.1822832 0.479645 0.1805992 0.4981297 0.5387799 0.4454368 0.5384832 0.4643515 0.5368043 0.4644826 0.5368043 0.4644826 0.5384832 0.4643515 0.5387799 0.4675064 0.1219321 0.863977 0.1236165 0.8672775 0.1219337 0.8859503 0.1236165 0.8672775 0.1236179 0.885729 0.1219337 0.8859503 0.7870135 0.7778524 0.7885297 0.778585 0.7870135 0.7818738 0.1805992 0.4981297 0.1822833 0.5014895 0.1805992 0.5194847 0.5347612 0.4635643 0.5368043 0.4454367 0.536441 0.4634485 0.5347612 0.4635643 0.536441 0.4634485 0.5368043 0.4675064 0.9544919 0.4293277 0.9538286 0.427647 0.960314 0.4293293 0.960314 0.4293293 0.9538286 0.427647 0.9605132 0.4276488 0.9510037 0.2758171 0.949509 0.2765916 0.9497397 0.2700722 0.9497397 0.2700722 0.949509 0.2765916 0.9480577 0.2699956 0.9497397 0.2700722 0.9480577 0.2699956 0.9515175 0.264465 0.9515175 0.264465 0.9480577 0.2699956 0.9500989 0.2635577 0.1339316 0.9316334 0.1338872 0.9299491 0.1396515 0.9316337 0.1396515 0.9316337 0.1338872 0.9299491 0.1404546 0.9299497 0.9558607 0.2604979 0.9550856 0.2590029 0.9616057 0.259234 0.9616057 0.259234 0.9550856 0.2590029 0.9616816 0.2575516 0.9616057 0.259234 0.9616816 0.2575516 0.9672129 0.2610118 0.9672129 0.2610118 0.9616816 0.2575516 0.9681196 0.2595928 0.7718366 0.9240816 0.7711252 0.9224025 0.7776296 0.9240845 0.7776296 0.9240845 0.7711252 0.9224025 0.7777764 0.9224058 0.97118 0.2653551 0.9726744 0.2645795 0.9724439 0.2710999 0.9724439 0.2710999 0.9726744 0.2645795 0.9741256 0.2711755 0.9724439 0.2710999 0.9741256 0.2711755 0.9706661 0.2767072 0.9706661 0.2767072 0.9741256 0.2711755 0.9720844 0.2776134 0.9706661 0.2767072 0.9720844 0.2776134 0.9663229 0.2806742 0.9663229 0.2806742 0.9720844 0.2776134 0.9670977 0.2821683 0.9501709 0.7201653 0.9496873 0.7184809 0.9560507 0.7201651 0.9560507 0.7201651 0.9496873 0.7184809 0.9564381 0.7184809 0.960578 0.2819382 0.9605017 0.2836195 0.9549708 0.2801604 0.9549708 0.2801604 0.9605017 0.2836195 0.9540638 0.2815783 0.783284 0.7325535 0.7826206 0.7308728 0.7875966 0.7325545 0.7875966 0.7325545 0.7826206 0.7308728 0.7877959 0.7308743 0.2491469 0.2446261 0.2499342 0.2461141 0.2448997 0.2455988 0.2448997 0.2455988 0.2499342 0.2461141 0.2448374 0.2472813 0.2448997 0.2455988 0.2448374 0.2472813 0.2407351 0.2443175 0.2407351 0.2443175 0.2448374 0.2472813 0.2398399 0.2457438 0.9464304 0.4562667 0.9463861 0.4545827 0.9506674 0.4562672 0.9506674 0.4562672 0.9463861 0.4545827 0.9514705 0.4545831 0.237769 0.2411256 0.2362806 0.2419135 0.2367963 0.2368783 0.2367963 0.2368783 0.2362806 0.2419135 0.2351134 0.2368168 0.2367963 0.2368783 0.2351134 0.2368168 0.2380775 0.2327137 0.2380775 0.2327137 0.2351134 0.2368168 0.2366509 0.2318192 0.07908475 0.8733744 0.07837331 0.8716952 0.08337581 0.8733764 0.08337581 0.8733764 0.07837331 0.8716952 0.08352267 0.8716977 0.2412695 0.2297477 0.2404811 0.22826 0.2455168 0.2287749 0.2455168 0.2287749 0.2404811 0.22826 0.2455779 0.2270927 0.2455168 0.2287749 0.2455779 0.2270927 0.2496814 0.2300562 0.2496814 0.2300562 0.2455779 0.2270927 0.2505755 0.2286302 0.2496814 0.2300562 0.2505755 0.2286302 0.2526475 0.2332481 0.2526475 0.2332481 0.2505755 0.2286302 0.2541348 0.2324605 0.9153997 0.3881999 0.914916 0.3865158 0.919755 0.3882001 0.919755 0.3882001 0.914916 0.3865158 0.9201424 0.3865157 0.2536202 0.2374954 0.255302 0.2375572 0.2523389 0.24166 0.2523389 0.24166 0.255302 0.2375572 0.2537645 0.2425549 0.1566986 0.7764266 0.1560353 0.774746 0.1610113 0.7764276 0.1610113 0.7764276 0.1560353 0.774746 0.1612105 0.7747474 0.2525259 0.1477913 0.2533131 0.1492792 0.2482786 0.148764 0.2482786 0.148764 0.2533131 0.1492792 0.2482163 0.1504465 0.2482786 0.148764 0.2482163 0.1504465 0.2441139 0.1474828 0.2441139 0.1474828 0.2482163 0.1504465 0.2432188 0.148909 0.7859424 0.8115299 0.7858982 0.8098459 0.7901795 0.8115304 0.7901795 0.8115304 0.7858982 0.8098459 0.7909826 0.8098463 0.2411479 0.1442909 0.2396596 0.1450787 0.2401751 0.1400436 0.2401751 0.1400436 0.2396596 0.1450787 0.2384923 0.139982 0.2401751 0.1400436 0.2384923 0.139982 0.2414565 0.1358789 0.2414565 0.1358789 0.2384923 0.139982 0.2400298 0.1349844 0.07908475 0.8194882 0.07837331 0.8178088 0.08337587 0.8194902 0.08337587 0.8194902 0.07837331 0.8178088 0.08352267 0.8178116 0.2446483 0.1329129 0.2438601 0.1314252 0.2488957 0.1319402 0.2488957 0.1319402 0.2438601 0.1314252 0.2489568 0.1302579 0.2488957 0.1319402 0.2489568 0.1302579 0.2530603 0.1332214 0.2530603 0.1332214 0.2489568 0.1302579 0.2539544 0.1317954 0.2530603 0.1332214 0.2539544 0.1317954 0.2560263 0.1364133 0.2560263 0.1364133 0.2539544 0.1317954 0.2575137 0.1356258 0.07945412 0.927249 0.07897043 0.9255646 0.08380943 0.9272488 0.08380943 0.9272488 0.07897043 0.9255646 0.08419686 0.9255647 0.256999 0.1406607 0.2586809 0.1407225 0.2557178 0.1448253 0.2557178 0.1448253 0.2586809 0.1407225 0.2571434 0.14572 0.1107392 0.2002161 0.1153879 0.1977291 0.1147207 0.1998251 0.1397745 0.2152048 0.1392992 0.211757 0.1405325 0.2099265 0.1405325 0.2099265 0.1392992 0.211757 0.1370688 0.2064637 0.1405325 0.2099265 0.1370688 0.2064637 0.1377778 0.2045091 0.1377778 0.2045091 0.1370688 0.2064637 0.1364145 0.205497 0.1377778 0.2045091 0.1364145 0.205497 0.1363486 0.2027645 0.1363486 0.2027645 0.1364145 0.205497 0.1341145 0.2029071 0.705635 0.9423492 0.7073223 0.9441483 0.7056334 0.948441 0.7056334 0.948441 0.7073223 0.9441483 0.7073217 0.9475993 0.1315426 0.1989764 0.131356 0.2008168 0.1288161 0.197722 0.7056346 0.9514123 0.7073217 0.9475993 0.7073218 0.9487496 0.1288161 0.197722 0.130355 0.2002466 0.1251564 0.196765 0.1251564 0.196765 0.130355 0.2002466 0.1248906 0.1984263 0.1251564 0.196765 0.1248906 0.1984263 0.1235812 0.1965798 0.1235812 0.1965798 0.1248906 0.1984263 0.1214228 0.1982197 0.1235812 0.1965798 0.1214228 0.1982197 0.1213583 0.1965387 0.1213583 0.1965387 0.1214228 0.1982197 0.1153879 0.1977291 0.1153879 0.1977291 0.1214228 0.1982197 0.1179978 0.1986914 0.1153879 0.1977291 0.1179978 0.1986914 0.1147207 0.1998251 0.5325132 0.9625786 0.5264762 0.9625816 0.5286681 0.9608944 0.1064339 0.2272439 0.1077962 0.2262549 0.1101047 0.231072 0.5264762 0.9625816 0.5218418 0.9608948 0.5252151 0.9608951 0.1797049 0.7288052 0.1774895 0.728705 0.1797049 0.7260519 0.1350744 0.2279004 0.137169 0.2251417 0.1385834 0.2260584 0.1385834 0.2260584 0.1363101 0.2290461 0.1350744 0.2279004 0.1350744 0.2279004 0.1363101 0.2290461 0.1335053 0.2315372 0.1350744 0.2279004 0.1335053 0.2315372 0.1324843 0.2301961 0.1324843 0.2301961 0.1335053 0.2315372 0.1334733 0.2315605 0.1324843 0.2301961 0.1334733 0.2315605 0.1315301 0.2308413 0.1677281 0.5879734 0.1694108 0.5867562 0.1694108 0.5905528 0.1315301 0.2308413 0.1301894 0.2334792 0.1262213 0.2330756 0.1262213 0.2330756 0.1301894 0.2334792 0.1266138 0.2347142 0.1262213 0.2330756 0.1266138 0.2347142 0.1227796 0.2335475 0.1227796 0.2335475 0.1266138 0.2347142 0.1259014 0.2348704 0.1227796 0.2335475 0.1259014 0.2348704 0.1228443 0.2352311 0.1227796 0.2335475 0.1228443 0.2352311 0.1193284 0.2333399 0.1193284 0.2333399 0.1228443 0.2352311 0.1175982 0.2347115 0.1193284 0.2333399 0.1175982 0.2347115 0.1159741 0.2324608 0.1159741 0.2324608 0.1175982 0.2347115 0.1153907 0.2340409 0.1159741 0.2324608 0.1153907 0.2340409 0.1138661 0.2315198 0.5298278 0.9608938 0.5325132 0.9625786 0.5286681 0.9608944 0.1147207 0.1998251 0.1126911 0.2009251 0.1107392 0.2002161 0.1107392 0.2002161 0.1126911 0.2009251 0.1117271 0.2015773 0.1107392 0.2002161 0.1117271 0.2015773 0.1084203 0.202196 0.1084203 0.202196 0.1117271 0.2015773 0.1091417 0.2038715 0.1084203 0.202196 0.1091417 0.2038715 0.1064882 0.2044505 0.1064882 0.2044505 0.1091417 0.2038715 0.1070429 0.20664 0.02272021 0.9410482 0.02453637 0.9429734 0.02306401 0.9461492 0.02306401 0.9461492 0.02453637 0.9429734 0.0246098 0.9440606 0.1039552 0.2091634 0.106474 0.2076388 0.103144 0.212004 0.103144 0.212004 0.106474 0.2076388 0.1046533 0.2131054 0.5775215 0.7806715 0.5792042 0.7814627 0.5775215 0.7852814 0.1027655 0.2166275 0.1046533 0.2131054 0.1044467 0.2165616 0.1027655 0.2166275 0.1044467 0.2165616 0.1032813 0.2203843 0.1032813 0.2203843 0.1044467 0.2165616 0.1049177 0.2199918 0.1032813 0.2203843 0.1049177 0.2199918 0.1048421 0.2246361 0.1048421 0.2246361 0.1049177 0.2199918 0.1060525 0.2232732 0.1048421 0.2246361 0.1060525 0.2232732 0.1064339 0.2272439 0.1064339 0.2272439 0.1060525 0.2232732 0.1071524 0.2253026 0.1064339 0.2272439 0.1071524 0.2253026 0.1077962 0.2262549 0.1405325 0.2099265 0.1414577 0.2151414 0.1397745 0.2152048 0.1397745 0.2152048 0.1414577 0.2151414 0.1413339 0.2181927 0.1397745 0.2152048 0.1413339 0.2181927 0.1395651 0.218679 0.1395651 0.218679 0.1413339 0.2181927 0.1412283 0.2189465 0.1395651 0.218679 0.1412283 0.2189465 0.1377472 0.2241277 0.1377472 0.2241277 0.1412283 0.2189465 0.1402678 0.222606 0.5330791 0.4498276 0.5347613 0.4468859 0.5330791 0.4508714 0.137169 0.2251417 0.1402678 0.222606 0.1386041 0.2260248 0.137169 0.2251417 0.1386041 0.2260248 0.1385834 0.2260584 0.7656475 0.8012936 0.7307145 0.8012936 0.765647 0.7791361 0.765647 0.7791361 0.7307145 0.8012936 0.7307139 0.7791361 0.765647 0.7791361 0.7307139 0.7791361 0.7656486 0.7573069 0.7656486 0.7573069 0.7307139 0.7791361 0.7307155 0.7573069 0.7656486 0.7573069 0.7307155 0.7573069 0.7656519 0.7368584 0.7656519 0.7368584 0.7307155 0.7573069 0.7307189 0.7368584 0.7656519 0.7368584 0.7307189 0.7368584 0.765657 0.7187761 0.765657 0.7187761 0.7307189 0.7368584 0.7307239 0.7187761 0.765657 0.7187761 0.7307239 0.7187761 0.7656635 0.7039318 0.7656635 0.7039318 0.7307239 0.7187761 0.7307304 0.7039318 0.9422719 0.4816051 0.9772047 0.481521 0.9422533 0.494983 0.9422533 0.494983 0.9772047 0.481521 0.9771861 0.4948989 0.9422533 0.494983 0.9771861 0.4948989 0.9422528 0.5118985 0.9422528 0.5118985 0.9771861 0.4948989 0.9771856 0.5118145 0.9422528 0.5118985 0.9771856 0.5118145 0.9422704 0.5315363 0.9422704 0.5315363 0.9771856 0.5118145 0.9772032 0.5314522 0.7794337 0.03947728 0.7796648 0.0414623 0.7679854 0.03343045 0.7796648 0.0414623 0.7678479 0.04322141 0.7669749 0.03683525 0.7679854 0.03343045 0.7796648 0.0414623 0.7675226 0.03460794 0.7675226 0.03460794 0.7796648 0.0414623 0.7669749 0.03683525 0.7675226 0.03460794 0.7669749 0.03683525 0.7667909 0.03584235 0.768355 0.03122478 0.7768519 0.0266298 0.7679854 0.03343045 0.7679854 0.03343045 0.7768519 0.0266298 0.7780732 0.03155297 0.7679854 0.03343045 0.7780732 0.03155297 0.7794337 0.03947728 0.7801566 0.05532085 0.7785699 0.07082337 0.7681777 0.05466455 0.7681777 0.05466455 0.7785699 0.07082337 0.7694615 0.07022118 0.7681777 0.05466455 0.7694615 0.07022118 0.7677428 0.06098818 0.7677428 0.06098818 0.7694615 0.07022118 0.7667563 0.07004225 0.768355 0.03122478 0.7680836 0.0288124 0.7768519 0.0266298 0.7768519 0.0266298 0.7680836 0.0288124 0.7679262 0.02828383 0.7768519 0.0266298 0.7679262 0.02828383 0.7759758 0.02369403 0.7759758 0.02369403 0.7679262 0.02828383 0.7673473 0.02660614 0.7759758 0.02369403 0.7673473 0.02660614 0.7730884 0.01595044 0.7730884 0.01595044 0.7673473 0.02660614 0.7658313 0.02265185 0.7730884 0.01595044 0.7658313 0.02265185 0.7714983 0.01247799 0.7714983 0.01247799 0.7658313 0.02265185 0.7635979 0.01766067 0.7801566 0.05532085 0.7681777 0.05466455 0.7796648 0.0414623 0.7796648 0.0414623 0.7681777 0.05466455 0.7681822 0.04835194 0.7796648 0.0414623 0.7681822 0.04835194 0.7678479 0.04322141 0.7674882 0.04842996 0.7681777 0.05466455 0.7678505 0.05809706 0.7678505 0.05809706 0.7681777 0.05466455 0.7677428 0.06098818 0.7667909 0.03584235 0.7669749 0.03683525 0.7656343 0.03715026 0.7656343 0.03715026 0.7669749 0.03683525 0.7678479 0.04322141 0.7656343 0.03715026 0.7678479 0.04322141 0.7674882 0.04842996 0.7674882 0.04842996 0.7678479 0.04322141 0.7681822 0.04835194 0.7674882 0.04842996 0.7681822 0.04835194 0.7681777 0.05466455 0.4763367 0.2625097 0.480566 0.2594352 0.4900032 0.2669721 0.4059099 0.006357252 0.3848353 0.007828414 0.3909666 0.003414928 0.4780401 0.1558254 0.478588 0.1610253 0.4742918 0.2431033 0.4742918 0.2431033 0.478588 0.1610253 0.4816625 0.1652546 0.4742918 0.2431033 0.4816625 0.1652546 0.4864397 0.1673801 0.4900032 0.2669721 0.480566 0.2594352 0.4914467 0.2498683 0.4895948 0.1474258 0.5030085 0.06824964 0.5064262 0.07850265 0.4843949 0.1479737 0.4801656 0.1510482 0.4759491 0.140407 0.4759491 0.140407 0.4801656 0.1510482 0.4780401 0.1558254 0.498893 0.201883 0.4916396 0.1668322 0.5041132 0.1766093 0.5041132 0.1766093 0.4916396 0.1668322 0.4958689 0.1637576 0.5041132 0.1766093 0.4958689 0.1637576 0.5086624 0.1503137 0.4958689 0.1637576 0.4979944 0.1589804 0.5086624 0.1503137 0.5086624 0.1503137 0.4974465 0.1537805 0.5106331 0.1321883 0.5106331 0.1321883 0.4974465 0.1537805 0.494372 0.1495512 0.5106331 0.1321883 0.494372 0.1495512 0.511204 0.1131823 0.511204 0.1131823 0.494372 0.1495512 0.4895948 0.1474258 0.511204 0.1131823 0.4895948 0.1474258 0.5099301 0.09577083 0.5099301 0.09577083 0.4895948 0.1474258 0.5064262 0.07850265 0.4994799 0.06005418 0.5030085 0.06824964 0.4836512 0.07135957 0.4396708 0.007799506 0.4462235 0.01800674 0.4320201 0.006611645 0.4320201 0.006611645 0.4462235 0.01800674 0.4267513 0.009812951 0.4320201 0.006611645 0.4267513 0.009812951 0.4153926 0.002627313 0.4153926 0.002627313 0.4267513 0.009812951 0.4059099 0.006357252 0.4153926 0.002627313 0.4059099 0.006357252 0.3983203 0.00168401 0.3983203 0.00168401 0.4059099 0.006357252 0.3909666 0.003414928 0.4759491 0.140407 0.4766613 0.1384846 0.4843949 0.1479737 0.4843949 0.1479737 0.4766613 0.1384846 0.4835087 0.1225863 0.4843949 0.1479737 0.4835087 0.1225863 0.4895948 0.1474258 0.4895948 0.1474258 0.4835087 0.1225863 0.487028 0.1056377 0.4895948 0.1474258 0.487028 0.1056377 0.5030085 0.06824964 0.5030085 0.06824964 0.487028 0.1056377 0.4870762 0.08832758 0.5030085 0.06824964 0.4870762 0.08832758 0.4836512 0.07135957 0.480566 0.2594352 0.4826914 0.2546581 0.4914467 0.2498683 0.4914467 0.2498683 0.4826914 0.2546581 0.4821435 0.2494581 0.4914467 0.2498683 0.4821435 0.2494581 0.493586 0.2328984 0.493586 0.2328984 0.4821435 0.2494581 0.4790691 0.2452288 0.493586 0.2328984 0.4790691 0.2452288 0.498893 0.201883 0.498893 0.201883 0.4790691 0.2452288 0.4742918 0.2431033 0.498893 0.201883 0.4742918 0.2431033 0.4916396 0.1668322 0.4916396 0.1668322 0.4742918 0.2431033 0.4864397 0.1673801 0.4836512 0.07135957 0.4775781 0.0566979 0.4994799 0.06005418 0.4994799 0.06005418 0.4775781 0.0566979 0.4784705 0.05403536 0.4994799 0.06005418 0.4784705 0.05403536 0.4953243 0.05210137 0.4953243 0.05210137 0.4784705 0.05403536 0.478436 0.0501635 0.4953243 0.05210137 0.478436 0.0501635 0.4854992 0.03748905 0.4854992 0.03748905 0.478436 0.0501635 0.4769473 0.04658889 0.4854992 0.03748905 0.4769473 0.04658889 0.4740504 0.02491736 0.4740504 0.02491736 0.4769473 0.04658889 0.4632651 0.0304923 0.4740504 0.02491736 0.4632651 0.0304923 0.4677013 0.0193575 0.1740353 0.6485619 0.1710447 0.6654944 0.1620347 0.6380147 0.4015706 0.4620289 0.3859807 0.455052 0.4190924 0.453608 0.4190924 0.453608 0.3859807 0.455052 0.4083048 0.4464012 0.4190924 0.453608 0.4083048 0.4464012 0.4348474 0.4432242 0.4348474 0.4432242 0.4083048 0.4464012 0.4285452 0.4336133 0.4348474 0.4432242 0.4285452 0.4336133 0.4483174 0.4314453 0.4483174 0.4314453 0.4285452 0.4336133 0.445944 0.417167 0.4483174 0.4314453 0.445944 0.417167 0.4542797 0.4249914 0.4396708 0.007799506 0.4471893 0.006382703 0.4462235 0.01800674 0.4462235 0.01800674 0.4471893 0.006382703 0.4498897 0.007727801 0.4462235 0.01800674 0.4498897 0.007727801 0.4632651 0.0304923 0.4632651 0.0304923 0.4498897 0.007727801 0.4609479 0.01432442 0.4632651 0.0304923 0.4609479 0.01432442 0.4677013 0.0193575 0.4620602 0.2082083 0.4759491 0.140407 0.466122 0.2159031 0.466122 0.2159031 0.4759491 0.140407 0.4780401 0.1558254 0.466122 0.2159031 0.4780401 0.1558254 0.467598 0.2255637 0.467598 0.2255637 0.4780401 0.1558254 0.4742918 0.2431033 0.467598 0.2255637 0.4742918 0.2431033 0.4656368 0.2351377 0.4656368 0.2351377 0.4742918 0.2431033 0.4690919 0.2436513 0.4656368 0.2351377 0.4690919 0.2436513 0.4604812 0.2434399 0.4604812 0.2434399 0.4690919 0.2436513 0.4648625 0.2467257 0.4604812 0.2434399 0.4648625 0.2467257 0.4537211 0.2489178 0.4537211 0.2489178 0.4648625 0.2467257 0.4627371 0.251503 0.4537211 0.2489178 0.4627371 0.251503 0.451453 0.2599897 0.451453 0.2599897 0.4627371 0.251503 0.463285 0.256703 0.4015706 0.4620289 0.3924468 0.4653093 0.3859807 0.455052 0.3859807 0.455052 0.3924468 0.4653093 0.3832029 0.4679125 0.1621496 0.6140733 0.1705477 0.5931672 0.1739799 0.6117607 0.1621496 0.6140733 0.1739799 0.6117607 0.1620347 0.6380147 0.1620347 0.6380147 0.1739799 0.6117607 0.1750535 0.6300125 0.1620347 0.6380147 0.1750535 0.6300125 0.1740353 0.6485619 0.4598499 0.3976777 0.4640498 0.4117353 0.445944 0.417167 0.445944 0.417167 0.4640498 0.4117353 0.4596896 0.4181665 0.445944 0.417167 0.4596896 0.4181665 0.4542797 0.4249914 0.4890899 0.3006584 0.4885367 0.3181793 0.4761694 0.328652 0.4761694 0.328652 0.4885367 0.3181793 0.4870992 0.336911 0.4761694 0.328652 0.4870992 0.336911 0.4752509 0.3525761 0.4752509 0.3525761 0.4870992 0.336911 0.4836045 0.3599743 0.4752509 0.3525761 0.4836045 0.3599743 0.4697423 0.3758754 0.4697423 0.3758754 0.4836045 0.3599743 0.4785532 0.3797286 0.4697423 0.3758754 0.4785532 0.3797286 0.4598499 0.3976777 0.4598499 0.3976777 0.4785532 0.3797286 0.4719508 0.3970207 0.4598499 0.3976777 0.4719508 0.3970207 0.4640498 0.4117353 0.1623579 0.6834767 0.1590318 0.684672 0.1649239 0.6809857 0.1649239 0.6809857 0.1590318 0.684672 0.1573753 0.6837339 0.1649239 0.6809857 0.1573753 0.6837339 0.1673651 0.6765052 0.1673651 0.6765052 0.1573753 0.6837339 0.1620347 0.6380147 0.1698705 0.6697331 0.1620347 0.6380147 0.1710447 0.6654944 0.4900032 0.2669721 0.4890899 0.3006584 0.4763367 0.2625097 0.4763367 0.2625097 0.4890899 0.3006584 0.4761694 0.328652 0.4763367 0.2625097 0.4761694 0.328652 0.4711368 0.2630577 0.4711368 0.2630577 0.4761694 0.328652 0.4724635 0.3049989 0.4711368 0.2630577 0.4724635 0.3049989 0.4663595 0.2609323 0.4663595 0.2609323 0.4724635 0.3049989 0.4642719 0.2825023 0.4663595 0.2609323 0.4642719 0.2825023 0.463285 0.256703 0.463285 0.256703 0.4642719 0.2825023 0.4519012 0.2620043 0.3967601 0.843685 0.3837623 0.8575208 0.3832028 0.8563533 0.3837623 0.8575208 0.3967601 0.843685 0.3842023 0.8595796 0.3842023 0.8595796 0.3967601 0.843685 0.3967608 0.857791 0.3842023 0.8595796 0.3967608 0.857791 0.3847878 0.8692435 0.3847878 0.8692435 0.3967608 0.857791 0.3967643 0.8717784 0.3847878 0.8692435 0.3967643 0.8717784 0.3848775 0.8710126 0.3832028 0.8563533 0.383203 0.8517688 0.3967601 0.843685 0.3967601 0.843685 0.383203 0.8517688 0.3832037 0.8465127 0.3967601 0.843685 0.3832037 0.8465127 0.3967626 0.8300797 0.3967626 0.8300797 0.3832037 0.8465127 0.3832057 0.8390305 0.3832142 0.8225474 0.3967674 0.8172485 0.3832091 0.8306163 0.3832091 0.8306163 0.3967674 0.8172485 0.3967626 0.8300797 0.3832091 0.8306163 0.3967626 0.8300797 0.3832074 0.8342124 0.3832074 0.8342124 0.3967626 0.8300797 0.3832057 0.8390305 0.7747387 0.5052059 0.775852 0.5017551 0.7754724 0.5050123 0.7747446 0.5899377 0.7744553 0.5888352 0.7810654 0.5733143 0.7747387 0.5052059 0.7754724 0.5050123 0.7744553 0.5063552 0.7744553 0.5063552 0.7754724 0.5050123 0.7763661 0.5081676 0.7744553 0.5063552 0.7763661 0.5081676 0.7810655 0.5218763 0.7810655 0.5218763 0.7763661 0.5081676 0.7836403 0.5281469 0.7810655 0.5218763 0.7836403 0.5281469 0.7845669 0.5389035 0.7845669 0.5389035 0.7836403 0.5281469 0.7858331 0.549296 0.7845669 0.5389035 0.7858331 0.549296 0.7845669 0.556287 0.7845669 0.556287 0.7858331 0.549296 0.7828124 0.5703428 0.7845669 0.556287 0.7828124 0.5703428 0.7810654 0.5733143 0.7810654 0.5733143 0.7828124 0.5703428 0.7747601 0.5900214 0.7810654 0.5733143 0.7747601 0.5900214 0.7747446 0.5899377 0.7039492 0.964509 0.6887974 0.9645078 0.688799 0.956514 0.7039492 0.964509 0.688799 0.956514 0.7039505 0.9565151 0.7039505 0.9565151 0.688799 0.956514 0.6887989 0.9484099 0.7039505 0.9565151 0.6887989 0.9484099 0.7039507 0.9484111 0.9451208 0.9288992 0.9451155 0.908667 0.9581627 0.908656 0.9581627 0.908656 0.9581673 0.9218394 0.9451208 0.9288992 0.9451208 0.9288992 0.9581673 0.9218394 0.9581679 0.9288881 0.9451208 0.9288992 0.9581679 0.9288881 0.9451152 0.9469317 0.9581679 0.9288881 0.9581661 0.9396033 0.9451152 0.9469317 0.8862064 0.525685 0.8731563 0.5334851 0.8731592 0.5256842 0.8862064 0.525685 0.8731592 0.5256842 0.8862114 0.5057594 0.8862114 0.5057594 0.8731592 0.5256842 0.8731619 0.5157831 0.8731665 0.4846264 0.8862137 0.4846271 0.8731656 0.4965043 0.8731656 0.4965043 0.8862137 0.4846271 0.8862114 0.5057594 0.8731656 0.4965043 0.8862114 0.5057594 0.8731642 0.5057587 0.8731642 0.5057587 0.8862114 0.5057594 0.8731619 0.5157831 0.8710529 0.418309 0.871054 0.415097 0.8862044 0.4183099 0.8862044 0.4183099 0.871054 0.415097 0.8862055 0.4150978 0.8752858 0.8975734 0.8752905 0.904636 0.869409 0.9046384 0.2525413 0.9865401 0.2553122 0.9293113 0.2632282 0.9865404 0.2632282 0.9865404 0.2553122 0.9293113 0.2638621 0.9296815 0.2632282 0.9865404 0.2638621 0.9296815 0.272033 0.9865412 0.272033 0.9865412 0.2638621 0.9296815 0.2686337 0.9297654 0.2316775 0.9865421 0.2316684 0.9293133 0.2469278 0.9865405 0.2469278 0.9865405 0.2316684 0.9293133 0.2430624 0.9293119 0.2469278 0.9865405 0.2430624 0.9293119 0.2525413 0.9865401 0.2525413 0.9865401 0.2430624 0.9293119 0.2525322 0.9293113 0.2525413 0.9865401 0.2525322 0.9293113 0.2553122 0.9293113 0.9321095 0.1539514 0.9321073 0.1599593 0.9262225 0.1660342 0.2686337 0.9297654 0.2711897 0.9297479 0.272033 0.9865412 0.272033 0.9865412 0.2711897 0.9297479 0.2720254 0.9297296 0.272033 0.9865412 0.2720254 0.9297296 0.2781922 0.9865421 0.2781922 0.9865421 0.2720254 0.9297296 0.2784395 0.9293134 0.983433 0.1865448 0.9262047 0.1862784 0.9834453 0.1742529 0.9834453 0.1742529 0.9262047 0.1862784 0.9262168 0.1742503 0.9834453 0.1742529 0.9262168 0.1742503 0.9834478 0.1712655 0.9321073 0.1599593 0.9834546 0.1599617 0.9262225 0.1660342 0.9262225 0.1660342 0.9834546 0.1599617 0.9834478 0.1712655 0.9262225 0.1660342 0.9834478 0.1712655 0.9262219 0.1670129 0.9262219 0.1670129 0.9834478 0.1712655 0.9262168 0.1742503 0.9262225 0.1660342 0.9262272 0.1567583 0.9321095 0.1539514 0.9321095 0.1539514 0.9262272 0.1567583 0.926228 0.1539511 0.9321095 0.1539514 0.926228 0.1539511 0.9321118 0.1414704 0.9321118 0.1414704 0.926228 0.1539511 0.9262301 0.1444929 0.9321118 0.1414704 0.9262301 0.1444929 0.9321112 0.1328917 0.9262047 0.09373033 0.9320862 0.09373062 0.9262219 0.1123899 0.9262301 0.1444929 0.9262303 0.1359432 0.9321112 0.1328917 0.9321112 0.1328917 0.9262303 0.1359432 0.9262297 0.1328914 0.9321112 0.1328917 0.9262297 0.1328914 0.9321082 0.1219757 0.9321082 0.1219757 0.9262297 0.1328914 0.9262276 0.1243063 0.9321082 0.1219757 0.9262276 0.1243063 0.9321035 0.1123902 0.9321035 0.1123902 0.9262276 0.1243063 0.9262219 0.1123899 0.9321035 0.1123902 0.9262219 0.1123899 0.9320966 0.1035602 0.9320966 0.1035602 0.9262219 0.1123899 0.9320862 0.09373062 0.8752858 0.8975734 0.869409 0.9046384 0.875279 0.8857508 0.875279 0.8857508 0.869409 0.9046384 0.8693975 0.8857532 0.875279 0.8857508 0.8693975 0.8857532 0.8752757 0.8792624 0.8752757 0.8792624 0.8693975 0.8857532 0.8693938 0.878723 0.8752757 0.8792624 0.8693938 0.878723 0.8752692 0.8651407 0.8752692 0.8651407 0.8693938 0.878723 0.8693876 0.8651431 0.8752692 0.8651407 0.8693876 0.8651431 0.8752667 0.8598054 0.8693876 0.8651431 0.8693838 0.8561818 0.8752667 0.8598054 0.8752667 0.8598054 0.8693838 0.8561818 0.8693827 0.8536667 0.8752667 0.8598054 0.8693827 0.8536667 0.8752608 0.8440966 0.8752608 0.8440966 0.8693827 0.8536667 0.8693798 0.8454167 0.8693798 0.8454167 0.8693792 0.844099 0.8752608 0.8440966 0.8752608 0.8440966 0.8693792 0.844099 0.8693777 0.839555 0.8752608 0.8440966 0.8693777 0.839555 0.8752596 0.8402614 0.8752596 0.8402614 0.8693777 0.839555 0.8693763 0.8341493 0.8752596 0.8402614 0.8693763 0.8341493 0.8752551 0.8239359 0.8752551 0.8239359 0.8693763 0.8341493 0.8693751 0.8297247 0.8693736 0.8239383 0.8693732 0.8222759 0.8752522 0.8059332 0.8752522 0.8059332 0.8693732 0.8222759 0.8693718 0.8147823 0.8693751 0.8297247 0.869374 0.8258779 0.8752551 0.8239359 0.8752551 0.8239359 0.869374 0.8258779 0.8693736 0.8239383 0.8752551 0.8239359 0.8693736 0.8239383 0.8752546 0.8216941 0.8752546 0.8216941 0.8693736 0.8239383 0.8752522 0.8059332 0.9822784 0.2943962 0.982445 0.3684596 0.9785578 0.2944009 0.9785578 0.2944009 0.982445 0.3684596 0.9673104 0.368475 0.9785578 0.2944009 0.9673104 0.368475 0.9707488 0.2944087 0.9469856 0.3684758 0.9504749 0.2944145 0.9533411 0.3684787 0.9533411 0.3684787 0.9504749 0.2944145 0.956574 0.2944155 0.9533411 0.3684787 0.956574 0.2944155 0.9633201 0.3684774 0.9633201 0.3684774 0.956574 0.2944155 0.9631535 0.2944138 0.9633201 0.3684774 0.9631535 0.2944138 0.9673104 0.368475 0.9673104 0.368475 0.9631535 0.2944138 0.9633942 0.2944137 0.9673104 0.368475 0.9633942 0.2944137 0.9707488 0.2944087 0.8693718 0.8147823 0.8693706 0.8067533 0.8752522 0.8059332 0.8752522 0.8059332 0.8693706 0.8067533 0.8693706 0.8059236 0.8752522 0.8059332 0.8693706 0.8059236 0.9434345 0.8059056 0.9434345 0.8059056 0.8693706 0.8059236 0.8693702 0.7979296 0.9434345 0.8059056 0.8693702 0.7979296 0.9434342 0.793734 0.9434342 0.793734 0.8693702 0.7979296 0.8693705 0.7911828 0.9434342 0.793734 0.8693705 0.7911828 0.9434347 0.7911528 0.9434347 0.7911528 0.8693705 0.7911828 0.8693707 0.789191 0.934464 0.3684554 0.9360111 0.2943962 0.9415886 0.3684699 0.9415886 0.3684699 0.9360111 0.2943962 0.9449799 0.2944108 0.9415886 0.3684699 0.9449799 0.2944108 0.9469856 0.3684758 0.9469856 0.3684758 0.9449799 0.2944108 0.9468189 0.2944124 0.9469856 0.3684758 0.9468189 0.2944124 0.9504749 0.2944145 0.7656585 0.8257708 0.7662012 0.8320302 0.7570481 0.8148362 0.7570481 0.8148362 0.7662012 0.8320302 0.7570481 0.8320284 0.7443146 0.8135121 0.7443146 0.829638 0.7356297 0.8233634 0.7356297 0.8233634 0.7443146 0.829638 0.7351023 0.8296393 0.7356297 0.8233634 0.7351023 0.8296393 0.7350217 0.8296394 0.7350217 0.8296394 0.7351023 0.8296393 0.7350133 0.8297279 0.8769385 0.8583128 0.9114505 0.8582988 0.9114561 0.8684245 0.8769385 0.8583128 0.9114561 0.8684245 0.8769441 0.8684385 0.8769441 0.8684385 0.9114561 0.8684245 0.9114603 0.8792554 0.8769441 0.8684385 0.9114603 0.8792554 0.8769482 0.8792694 0.8769482 0.8792694 0.9114603 0.8792554 0.9114618 0.8886462 0.8769482 0.8792694 0.9114618 0.8886462 0.8769497 0.8886601 0.8769497 0.8886601 0.9114618 0.8886462 0.9114608 0.894737 0.8769497 0.8886601 0.9114608 0.894737 0.8769487 0.894751 0.1282719 0.9766128 0.09376007 0.9766128 0.09377652 0.967387 0.1282719 0.9766128 0.09377652 0.967387 0.1282884 0.967387 0.1282884 0.967387 0.09377652 0.967387 0.0937798 0.9565858 0.1282884 0.967387 0.0937798 0.9565858 0.1282917 0.9565858 0.1282917 0.9565858 0.0937798 0.9565858 0.09376931 0.9463486 0.1282917 0.9565858 0.09376931 0.9463486 0.1282814 0.9463485 0.09375005 0.9357581 0.128262 0.9357581 0.09376931 0.9463486 0.09376931 0.9463486 0.128262 0.9357581 0.1282814 0.9463485 0.9114505 0.8582988 0.8769385 0.8583128 0.9114483 0.8548814 0.9114483 0.8548814 0.8769385 0.8583128 0.8769363 0.8548954 0.8769304 0.8373612 0.9114425 0.8373472 0.9114426 0.8407777 0.8769304 0.8373612 0.9114426 0.8407777 0.8769305 0.840866 0.8769305 0.840866 0.9114426 0.8407777 0.9114438 0.8453566 0.8769305 0.840866 0.9114438 0.8453566 0.8769316 0.845429 0.8769316 0.845429 0.9114438 0.8453566 0.9114457 0.8503123 0.8769316 0.845429 0.9114457 0.8503123 0.8769335 0.8503555 0.8769335 0.8503555 0.9114457 0.8503123 0.9114483 0.8548814 0.8769335 0.8503555 0.9114483 0.8548814 0.8769363 0.8548954 0.09375375 0.9299491 0.1282657 0.9299491 0.09375047 0.9310585 0.09375047 0.9310585 0.1282657 0.9299491 0.1282615 0.9315531 0.09375047 0.9310585 0.1282615 0.9315531 0.09374964 0.9315531 0.09374964 0.9315531 0.1282615 0.9315531 0.09374839 0.9325656 0.09374839 0.9325656 0.1282615 0.9315531 0.1282602 0.9336794 0.09374839 0.9325656 0.1282602 0.9336794 0.09374809 0.9336794 0.09374809 0.9336794 0.1282602 0.9336794 0.09374827 0.9342169 0.09374827 0.9342169 0.1282602 0.9336794 0.128262 0.9357581 0.09374827 0.9342169 0.128262 0.9357581 0.09375005 0.9357581 0.7755405 0.2687528 0.777902 0.2678807 0.7797924 0.2789053 0.7755405 0.2687528 0.7797924 0.2789053 0.7808228 0.2886583 0.7808228 0.2886583 0.7797924 0.2789053 0.7810764 0.2903299 0.7808228 0.2886583 0.7810764 0.2903299 0.7811836 0.2916855 0.8537499 0.4082971 0.8431298 0.4197859 0.8368115 0.3969185 0.8368115 0.3969185 0.8431298 0.4197859 0.8262903 0.4078493 0.8368115 0.3969185 0.8262903 0.4078493 0.8230365 0.3818641 0.8230365 0.3818641 0.8262903 0.4078493 0.8122287 0.3927387 0.8230365 0.3818641 0.8122287 0.3927387 0.813203 0.3639844 0.846044 0.4225232 0.8571218 0.4203087 0.8473667 0.4262961 0.8473667 0.4262961 0.8571218 0.4203087 0.8578912 0.4247214 0.8473667 0.4262961 0.8578912 0.4247214 0.8486324 0.4392503 0.8486324 0.4392503 0.8578912 0.4247214 0.8604932 0.4283676 0.5435099 0.7968829 0.5392931 0.7792584 0.5435099 0.7777472 0.9405705 0.4150971 0.9296836 0.3886028 0.9405705 0.3746004 0.9405705 0.3746004 0.9296836 0.3886028 0.9312291 0.3744994 0.7952446 0.3098369 0.811619 0.3039414 0.8073284 0.3238907 0.8078666 0.3442891 0.7936102 0.3418998 0.8073284 0.3238907 0.8073284 0.3238907 0.7936102 0.3418998 0.7940143 0.322241 0.8073284 0.3238907 0.7940143 0.322241 0.7952446 0.3098369 0.8122287 0.3927387 0.8015325 0.3750853 0.813203 0.3639844 0.813203 0.3639844 0.8015325 0.3750853 0.7947653 0.3561053 0.813203 0.3639844 0.7947653 0.3561053 0.8078666 0.3442891 0.8078666 0.3442891 0.7947653 0.3561053 0.7942019 0.3512151 0.8078666 0.3442891 0.7942019 0.3512151 0.7936102 0.3418998 0.9380453 0.3720752 0.9390116 0.3722674 0.939831 0.3728148 0.8598042 0.00907588 0.8593782 0.009860992 0.8587056 0.01044863 0.8537499 0.4082971 0.8557693 0.4098773 0.8431298 0.4197859 0.8431298 0.4197859 0.8557693 0.4098773 0.8570517 0.4120977 0.8431298 0.4197859 0.8570517 0.4120977 0.846044 0.4225232 0.846044 0.4225232 0.8570517 0.4120977 0.857411 0.4146366 0.846044 0.4225232 0.857411 0.4146366 0.8571218 0.4203087 0.9315998 0.3732799 0.9325189 0.3723968 0.9312291 0.3744994 0.9312291 0.3744994 0.9325189 0.3723968 0.9337522 0.3720752 0.9312291 0.3744994 0.9337522 0.3720752 0.9405705 0.3746004 0.9405705 0.3746004 0.9337522 0.3720752 0.9380453 0.3720752 0.9403784 0.373634 0.9380453 0.3720752 0.939831 0.3728148 0.8291514 0.03908896 0.820717 0.03242248 0.8254338 0.02599841 0.8599302 0.008191704 0.8503108 0.003500759 0.8591964 0.005369544 0.8591964 0.005369544 0.8503108 0.003500759 0.8555319 3.10708e-4 0.8591964 0.005369544 0.8555319 3.10708e-4 0.8564509 0 0.8291514 0.03908896 0.8254338 0.02599841 0.8422787 0.02306634 0.8077507 0.0630089 0.8200117 0.05767703 0.8063671 0.0711658 0.8063671 0.0711658 0.8200117 0.05767703 0.8153383 0.07785654 0.8063671 0.0711658 0.8153383 0.07785654 0.8056398 0.08741652 0.8599302 0.008191704 0.8598042 0.00907588 0.8503108 0.003500759 0.8503108 0.003500759 0.8598042 0.00907588 0.8587056 0.01044863 0.8503108 0.003500759 0.8587056 0.01044863 0.8432719 0.008502423 0.8432719 0.008502423 0.8587056 0.01044863 0.8422787 0.02306634 0.8432719 0.008502423 0.8422787 0.02306634 0.836714 0.01400166 0.836714 0.01400166 0.8422787 0.02306634 0.8254338 0.02599841 0.8077507 0.0630089 0.8098888 0.05490446 0.8200117 0.05767703 0.8200117 0.05767703 0.8098888 0.05490446 0.8128377 0.04690754 0.8200117 0.05767703 0.8128377 0.04690754 0.8291514 0.03908896 0.8291514 0.03908896 0.8128377 0.04690754 0.8166534 0.03907316 0.8291514 0.03908896 0.8166534 0.03907316 0.820717 0.03242248 0.8056398 0.08741652 0.8153383 0.07785654 0.8072584 0.1032161 0.8072584 0.1032161 0.8153383 0.07785654 0.8153764 0.09856998 0.8072584 0.1032161 0.8153764 0.09856998 0.8106701 0.1183062 0.8106701 0.1183062 0.8153764 0.09856998 0.8201236 0.1187322 0.8106701 0.1183062 0.8201236 0.1187322 0.8149058 0.1331578 0.8149058 0.1331578 0.8201236 0.1187322 0.8293314 0.1372866 0.8149058 0.1331578 0.8293314 0.1372866 0.818892 0.1484239 0.818892 0.1484239 0.8293314 0.1372866 0.8215554 0.1647576 0.8215554 0.1647576 0.8293314 0.1372866 0.8413013 0.152069 0.8215554 0.1647576 0.8413013 0.152069 0.8218319 0.1681322 0.8139256 0.2369525 0.8170056 0.2235758 0.8355276 0.2652859 0.8355276 0.2652859 0.8170056 0.2235758 0.8195441 0.2094298 0.8355276 0.2652859 0.8195441 0.2094298 0.8413013 0.152069 0.8413013 0.152069 0.8195441 0.2094298 0.8218977 0.1870164 0.8413013 0.152069 0.8218977 0.1870164 0.8218319 0.1681322 0.7952446 0.3098369 0.7970958 0.2980142 0.811619 0.3039414 0.811619 0.3039414 0.7970958 0.2980142 0.8006861 0.2821674 0.811619 0.3039414 0.8006861 0.2821674 0.820496 0.2855681 0.820496 0.2855681 0.8006861 0.2821674 0.8049584 0.2673894 0.820496 0.2855681 0.8049584 0.2673894 0.833458 0.2698083 0.833458 0.2698083 0.8049584 0.2673894 0.8139256 0.2369525 0.833458 0.2698083 0.8139256 0.2369525 0.8349256 0.2677452 0.8349256 0.2677452 0.8139256 0.2369525 0.8355276 0.2652859 0.9538285 0.4276487 0.9538285 0.4529013 0.9506674 0.4276475 0.9506674 0.4276475 0.9538285 0.4529013 0.9506674 0.4529001 0.9506674 0.4276475 0.9506674 0.4529001 0.9464304 0.427647 0.9464304 0.427647 0.9506674 0.4529001 0.9464304 0.4528999 0.9464304 0.427647 0.9464304 0.4528999 0.9422528 0.4276475 0.9422528 0.4276475 0.9464304 0.4528999 0.9422528 0.4529002 0.7916424 0.7039319 0.7916424 0.7291845 0.7875966 0.7039349 0.7875966 0.7039349 0.7916424 0.7291845 0.7875966 0.7291874 0.7875966 0.7039349 0.7875966 0.7291874 0.7832839 0.7039335 0.7832839 0.7039335 0.7875966 0.7291874 0.7832839 0.7291864 0.9235913 0.3595811 0.9235913 0.3848341 0.919755 0.3595802 0.919755 0.3595802 0.9235913 0.3848341 0.919755 0.384833 0.919755 0.3595802 0.919755 0.384833 0.9153997 0.3595802 0.9153997 0.3595802 0.919755 0.384833 0.9153997 0.3848329 0.9153997 0.3595802 0.9153997 0.3848329 0.9116923 0.3595815 0.9116923 0.3595815 0.9153997 0.3848329 0.9116923 0.3848342 0.09027087 0.844743 0.09027087 0.8699955 0.08747023 0.8447524 0.08747023 0.8447524 0.09027087 0.8699955 0.08747023 0.870005 0.08747023 0.8447524 0.08747023 0.870005 0.08337587 0.8447568 0.08337587 0.8447568 0.08747023 0.870005 0.08337587 0.8700094 0.08337587 0.8447568 0.08337587 0.8700094 0.07908475 0.8447545 0.07908475 0.8447545 0.08337587 0.8700094 0.07908475 0.8700073 0.07908475 0.8447545 0.07908475 0.8700073 0.07574671 0.8447467 0.07574671 0.8447467 0.07908475 0.8700073 0.07574671 0.8699992 0.5647757 0.9509347 0.569133 0.9509347 0.5669543 0.9590654 0.5669543 0.9590654 0.569133 0.9509347 0.5729064 0.9531133 0.5669543 0.9590654 0.5729064 0.9531133 0.5750851 0.9568868 0.5588235 0.9612441 0.5588235 0.9568868 0.5669543 0.9590654 0.5669543 0.9590654 0.5588235 0.9568868 0.5610022 0.9531133 0.5669543 0.9590654 0.5610022 0.9531133 0.5647757 0.9509347 0.5691329 0.9671962 0.5647757 0.9671962 0.5669543 0.9590654 0.5669543 0.9590654 0.5647757 0.9671962 0.5610021 0.9650175 0.5669543 0.9590654 0.5610021 0.9650175 0.5588235 0.9612441 0.5750851 0.9568868 0.5750851 0.9612441 0.5669543 0.9590654 0.5669543 0.9590654 0.5750851 0.9612441 0.5729064 0.9650176 0.5669543 0.9590654 0.5729064 0.9650176 0.5691329 0.9671962 0.7933406 0.7829116 0.7933406 0.8081645 0.7901795 0.7829107 0.7901795 0.7829107 0.7933406 0.8081645 0.7901795 0.8081633 0.7901795 0.7829107 0.7901795 0.8081633 0.7859424 0.7829102 0.7859424 0.7829102 0.7901795 0.8081633 0.7859424 0.8081628 0.7859424 0.7829102 0.7859424 0.8081628 0.7817648 0.7829108 0.7817648 0.7829108 0.7859424 0.8081628 0.7817648 0.8081634 0.1650571 0.7478051 0.1650571 0.7730576 0.1610113 0.747808 0.1610113 0.747808 0.1650571 0.7730576 0.1610113 0.7730606 0.1610113 0.747808 0.1610113 0.7730606 0.1566986 0.7478067 0.1566986 0.7478067 0.1610113 0.7730606 0.1566986 0.7730596 0.08764576 0.8986302 0.08764576 0.9238831 0.08380943 0.8986291 0.08380943 0.8986291 0.08764576 0.9238831 0.08380943 0.9238821 0.08380943 0.8986291 0.08380943 0.9238821 0.07945412 0.8986293 0.07945412 0.8986293 0.08380943 0.9238821 0.07945412 0.9238819 0.07945412 0.8986293 0.07945412 0.9238819 0.07574671 0.8986306 0.07574671 0.8986306 0.07945412 0.9238819 0.07574671 0.9238832 0.09027087 0.7908568 0.09027087 0.8161093 0.08747023 0.7908663 0.08747023 0.7908663 0.09027087 0.8161093 0.08747023 0.8161188 0.08747023 0.7908663 0.08747023 0.8161188 0.08337587 0.7908706 0.08337587 0.7908706 0.08747023 0.8161188 0.08337587 0.8161231 0.08337587 0.7908706 0.08337587 0.8161231 0.07908475 0.7908683 0.07908475 0.7908683 0.08337587 0.8161231 0.07908475 0.8161211 0.07908475 0.7908683 0.07908475 0.8161211 0.07574671 0.7908602 0.07574671 0.7908602 0.07908475 0.8161211 0.07574671 0.816113 0.9473446 0.714416 0.9451659 0.7106425 0.9532967 0.7084639 0.9532967 0.7084639 0.9451659 0.7106425 0.9451659 0.7062852 0.9532967 0.7084639 0.9451659 0.7062852 0.9473446 0.7025117 0.9592489 0.714416 0.9554753 0.7165946 0.9532967 0.7084639 0.9532967 0.7084639 0.9554753 0.7165946 0.9511181 0.7165946 0.9532967 0.7084639 0.9511181 0.7165946 0.9473446 0.714416 0.9592489 0.7025117 0.9614275 0.7062852 0.9532967 0.7084639 0.9532967 0.7084639 0.9614275 0.7062852 0.9614275 0.7106425 0.9532967 0.7084639 0.9614275 0.7106425 0.9592489 0.714416 0.9473446 0.7025117 0.9511181 0.7003331 0.9532967 0.7084639 0.9532967 0.7084639 0.9511181 0.7003331 0.9554753 0.7003331 0.9532967 0.7084639 0.9554753 0.7003331 0.9592489 0.7025117 0.730708 0.5211907 0.7273175 0.5205203 0.7307081 0.5096778 0.7307081 0.5096778 0.7273175 0.5205203 0.7273173 0.5089271 0.7307081 0.5096778 0.7273173 0.5089271 0.7307084 0.4962527 0.7307084 0.4962527 0.7273173 0.5089271 0.7273172 0.4953572 0.730708 0.5211907 0.730708 0.5271602 0.7273175 0.5205203 0.7273175 0.5205203 0.730708 0.5271602 0.7307081 0.5332766 0.7273175 0.5205203 0.7307081 0.5332766 0.7273176 0.5458112 0.7273176 0.5458112 0.7307081 0.5332766 0.730708 0.5403535 0.7273176 0.5458112 0.730708 0.5403535 0.7307081 0.5463733 0.7307077 0.5694863 0.7273169 0.5770072 0.7307079 0.5614438 0.7307079 0.5614438 0.7273169 0.5770072 0.7273176 0.5458112 0.7307079 0.5614438 0.7273176 0.5458112 0.7307081 0.5463733 0.7307077 0.5694863 0.7307076 0.5777661 0.7273169 0.5770072 0.7273169 0.5770072 0.7307076 0.5777661 0.7307069 0.5940868 0.7273169 0.5770072 0.7307069 0.5940868 0.727316 0.5931473 0.727316 0.5931473 0.7307069 0.5940868 0.7307058 0.6113712 0.727316 0.5931473 0.7307058 0.6113712 0.7273149 0.6104406 0.7627751 0.2031865 0.7637911 0.2072773 0.76083 0.2079732 0.753532 0.1511383 0.7533154 0.140562 0.7549088 0.1412665 0.7549088 0.1412665 0.7533154 0.140562 0.7536773 0.1315391 0.7549088 0.1412665 0.7536773 0.1315391 0.755362 0.1316827 0.7549088 0.1412665 0.7550233 0.1503075 0.753532 0.1511383 0.753532 0.1511383 0.7550233 0.1503075 0.7550608 0.1512429 0.753532 0.1511383 0.7550608 0.1512429 0.7566485 0.1698417 0.76083 0.2079732 0.7600125 0.2046414 0.7627751 0.2031865 0.7627751 0.2031865 0.7600125 0.2046414 0.7589368 0.1999818 0.7627751 0.2031865 0.7589368 0.1999818 0.7597377 0.1891951 0.7597377 0.1891951 0.7589368 0.1999818 0.7569162 0.1903807 0.7597377 0.1891951 0.7569162 0.1903807 0.7574285 0.1756082 0.7574285 0.1756082 0.7569162 0.1903807 0.7544351 0.1758721 0.7574285 0.1756082 0.7544351 0.1758721 0.7566485 0.1698417 0.7566485 0.1698417 0.7544351 0.1758721 0.7541664 0.1739885 0.7566485 0.1698417 0.7541664 0.1739885 0.753532 0.1511383 0.753532 0.1511383 0.7541664 0.1739885 0.7520195 0.151093 0.7520195 0.151093 0.7519851 0.1502668 0.753532 0.1511383 0.753532 0.1511383 0.7519851 0.1502668 0.7519266 0.1486005 0.753532 0.1511383 0.7519266 0.1486005 0.7533154 0.140562 0.7533154 0.140562 0.7519266 0.1486005 0.7518599 0.1396367 0.7533154 0.140562 0.7518599 0.1396367 0.7536773 0.1315391 0.7536773 0.1315391 0.7518599 0.1396367 0.752201 0.1313568 0.7657412 0.07521063 0.7667563 0.07004225 0.7694615 0.07022118 0.7657412 0.07521063 0.7694615 0.07022118 0.7650474 0.07801634 0.7650474 0.07801634 0.7694615 0.07022118 0.7660344 0.08463215 0.7650474 0.07801634 0.7660344 0.08463215 0.7647966 0.07893967 0.7647966 0.07893967 0.7660344 0.08463215 0.7624456 0.08613198 0.7624456 0.08613198 0.7660344 0.08463215 0.7618195 0.09928983 0.7624456 0.08613198 0.7618195 0.09928983 0.7587481 0.0988608 0.7547963 0.1145398 0.7536773 0.1315391 0.7538326 0.1195281 0.7538326 0.1195281 0.7536773 0.1315391 0.752201 0.1313568 0.7587481 0.0988608 0.7618195 0.09928983 0.7564573 0.1073586 0.7564573 0.1073586 0.7618195 0.09928983 0.7579007 0.1147786 0.7564573 0.1073586 0.7579007 0.1147786 0.7547963 0.1145398 0.7547963 0.1145398 0.7579007 0.1147786 0.755362 0.1316827 0.7547963 0.1145398 0.755362 0.1316827 0.7536773 0.1315391 0.7700062 0.2387627 0.7729436 0.2380652 0.7743027 0.2530407 0.7743027 0.2530407 0.7729436 0.2380652 0.7772539 0.2524375 0.7743027 0.2530407 0.7772539 0.2524375 0.777902 0.2678807 0.777902 0.2678807 0.7772539 0.2524375 0.7808738 0.2674732 0.7700062 0.2387627 0.7677156 0.2315207 0.7729436 0.2380652 0.7729436 0.2380652 0.7677156 0.2315207 0.7653939 0.2240427 0.7729436 0.2380652 0.7653939 0.2240427 0.7637911 0.2072773 0.7637911 0.2072773 0.7653939 0.2240427 0.7628399 0.2153586 0.7637911 0.2072773 0.7628399 0.2153586 0.76083 0.2079732 0.7306999 0.675975 0.7273075 0.6753106 0.7307011 0.6589232 0.7307011 0.6589232 0.7273075 0.6753106 0.7273095 0.6580972 0.7307011 0.6589232 0.7273095 0.6580972 0.7307026 0.6429143 0.7307026 0.6429143 0.7273095 0.6580972 0.7273115 0.6420083 0.7307026 0.6429143 0.7273115 0.6420083 0.7307043 0.627275 0.1803629 0.6263135 0.1771735 0.6432715 0.1771735 0.6095209 0.7307043 0.627275 0.7273149 0.6104406 0.7307053 0.6185388 0.7307053 0.6185388 0.7273149 0.6104406 0.7307058 0.6113712 0.7273172 0.4953572 0.7171429 0.4926704 0.7171394 0.4717627 0.7307084 0.4962527 0.7273172 0.4953572 0.7307095 0.4764565 0.7307095 0.4764565 0.7273172 0.4953572 0.7171394 0.4717627 0.7307095 0.4764565 0.7171394 0.4717627 0.7307104 0.4661536 0.7307104 0.4661536 0.7171394 0.4717627 0.7171378 0.4607932 0.7307104 0.4661536 0.7171378 0.4607932 0.7307114 0.4592508 0.7307114 0.4592508 0.7171378 0.4607932 0.7171369 0.4534123 0.7307114 0.4592508 0.7171369 0.4534123 0.7307126 0.4505457 0.7307126 0.4505457 0.7171369 0.4534123 0.717136 0.4440662 0.5905061 0.04632747 0.5792042 0.04245483 0.5924308 0.03968113 0.5924308 0.03968113 0.5792042 0.04245483 0.5813379 0.0352742 0.5924308 0.03968113 0.5813379 0.0352742 0.5961599 0.02975273 0.5961599 0.02975273 0.5813379 0.0352742 0.5854709 0.02449232 0.649023 0.4235495 0.6527795 0.4125887 0.6594316 0.4272907 0.6594316 0.4272907 0.6527795 0.4125887 0.661948 0.4159643 0.6594316 0.4272907 0.661948 0.4159643 0.669859 0.4301455 0.669859 0.4301455 0.661948 0.4159643 0.6710836 0.4185509 0.669859 0.4301455 0.6710836 0.4185509 0.6801216 0.4321963 0.6801216 0.4321963 0.6710836 0.4185509 0.688616 0.4217268 0.3831732 0.7869472 0.3695998 0.7858836 0.3831407 0.7769669 0.7040975 0.4228553 0.7225319 0.4332865 0.7080829 0.4343524 0.7040975 0.4228553 0.7080829 0.4343524 0.688616 0.4217268 0.688616 0.4217268 0.7080829 0.4343524 0.6900355 0.4335259 0.688616 0.4217268 0.6900355 0.4335259 0.6801216 0.4321963 0.6437291 0.4083569 0.6527795 0.4125887 0.649023 0.4235495 0.7171201 0.7687765 0.7171182 0.7573936 0.7307046 0.7544161 0.7307046 0.7544161 0.730707 0.7642148 0.7171201 0.7687765 0.7171201 0.7687765 0.730707 0.7642148 0.7307072 0.7648476 0.7171201 0.7687765 0.7307072 0.7648476 0.7171223 0.7777237 0.7307072 0.7648476 0.7307096 0.7730233 0.7171223 0.7777237 0.7171223 0.7777237 0.7307096 0.7730233 0.73071 0.7737541 0.7171223 0.7777237 0.73071 0.7737541 0.717125 0.7864243 0.717125 0.7864243 0.73071 0.7737541 0.7307126 0.780954 0.1667772 0.8622922 0.1660101 0.8741524 0.1567714 0.8622922 0.1750957 0.6491006 0.1750957 0.6295659 0.1764866 0.6310024 0.6075244 0.3969998 0.6109348 0.3837509 0.6151286 0.4035506 0.6151286 0.4035506 0.6109348 0.3837509 0.622588 0.394479 0.6151286 0.4035506 0.622588 0.394479 0.6231362 0.4095048 0.6231362 0.4095048 0.622588 0.394479 0.6264367 0.3974761 0.6231362 0.4095048 0.6264367 0.3974761 0.6315158 0.414857 0.6315158 0.414857 0.6264367 0.3974761 0.6372448 0.4047323 0.6315158 0.414857 0.6372448 0.4047323 0.6388047 0.4188639 0.6388047 0.4188639 0.6372448 0.4047323 0.6437291 0.4083569 0.6388047 0.4188639 0.6437291 0.4083569 0.6401574 0.4195452 0.6401574 0.4195452 0.6437291 0.4083569 0.649023 0.4235495 0.7171456 0.518509 0.7171429 0.4926704 0.7273172 0.4953572 0.7273176 0.5458112 0.717146 0.5438762 0.7273175 0.5205203 0.7273175 0.5205203 0.717146 0.5438762 0.7171456 0.518509 0.7273175 0.5205203 0.7171456 0.518509 0.7273173 0.5089271 0.7273173 0.5089271 0.7171456 0.518509 0.7273172 0.4953572 0.7694615 0.07022118 0.7785699 0.07082337 0.7660344 0.08463215 0.7660344 0.08463215 0.7785699 0.07082337 0.775207 0.08575558 0.7660344 0.08463215 0.775207 0.08575558 0.7618195 0.09928983 0.7618195 0.09928983 0.775207 0.08575558 0.7710338 0.1005771 0.7618195 0.09928983 0.7710338 0.1005771 0.7579007 0.1147786 0.7579007 0.1147786 0.7710338 0.1005771 0.7671248 0.1159198 0.7579007 0.1147786 0.7671248 0.1159198 0.755362 0.1316827 0.755362 0.1316827 0.7671248 0.1159198 0.764554 0.1324157 0.7273075 0.6753106 0.7306999 0.675975 0.7306995 0.6855596 0.7307046 0.7544161 0.7171182 0.7573936 0.7307031 0.7465239 0.7307031 0.7465239 0.7171182 0.7573936 0.7171176 0.7488067 0.7307031 0.7465239 0.7171176 0.7488067 0.7307017 0.7385573 0.7307017 0.7385573 0.7171176 0.7488067 0.7171174 0.7401622 0.7307017 0.7385573 0.7171174 0.7401622 0.7307 0.7223604 0.7307 0.7223604 0.7171174 0.7401622 0.7171192 0.7226639 0.7307 0.7223604 0.7171192 0.7226639 0.7306995 0.7141931 0.7306995 0.7141931 0.7171192 0.7226639 0.7171207 0.7138838 0.7306995 0.7141931 0.7171207 0.7138838 0.7306994 0.7046759 0.7306994 0.7046759 0.7171207 0.7138838 0.7171227 0.7036946 0.7306994 0.7046759 0.7171227 0.7036946 0.7306993 0.6945297 0.7306993 0.6945297 0.7171227 0.7036946 0.7171252 0.6928886 0.7306993 0.6945297 0.7171252 0.6928886 0.7306995 0.6855596 0.7306995 0.6855596 0.7171252 0.6928886 0.7171278 0.6833925 0.7306995 0.6855596 0.7171278 0.6833925 0.7273075 0.6753106 0.7273075 0.6753106 0.7171278 0.6833925 0.7171304 0.6733173 0.717146 0.5438762 0.7273176 0.5458112 0.7273169 0.5770072 0.717146 0.5438762 0.7273169 0.5770072 0.7171449 0.5747307 0.7171449 0.5747307 0.7273169 0.5770072 0.727316 0.5931473 0.7171449 0.5747307 0.727316 0.5931473 0.7171437 0.5913274 0.7171437 0.5913274 0.727316 0.5931473 0.7273149 0.6104406 0.7171437 0.5913274 0.7273149 0.6104406 0.7171424 0.6077668 0.7726233 0.2054793 0.7637911 0.2072773 0.7627751 0.2031865 0.7726233 0.2054793 0.7627751 0.2031865 0.7686465 0.1879315 0.7627751 0.2031865 0.7597377 0.1891951 0.7686465 0.1879315 0.7686465 0.1879315 0.7597377 0.1891951 0.7574285 0.1756082 0.7686465 0.1879315 0.7574285 0.1756082 0.76566 0.1692582 0.7574285 0.1756082 0.7566485 0.1698417 0.76566 0.1692582 0.76566 0.1692582 0.7566485 0.1698417 0.7550608 0.1512429 0.76566 0.1692582 0.7550608 0.1512429 0.7641378 0.1504295 0.7641378 0.1504295 0.7550608 0.1512429 0.7550233 0.1503075 0.7641378 0.1504295 0.7550233 0.1503075 0.764554 0.1324157 0.764554 0.1324157 0.7550233 0.1503075 0.7549088 0.1412665 0.764554 0.1324157 0.7549088 0.1412665 0.755362 0.1316827 0.7273075 0.6753106 0.7171304 0.6733173 0.7273095 0.6580972 0.7273095 0.6580972 0.7171304 0.6733173 0.7171347 0.6556192 0.7273095 0.6580972 0.7171347 0.6556192 0.7273115 0.6420083 0.7273115 0.6420083 0.7171347 0.6556192 0.7171379 0.6392902 0.7273115 0.6420083 0.7171379 0.6392902 0.7273149 0.6104406 0.7273149 0.6104406 0.7171379 0.6392902 0.7171424 0.6077668 0.7637911 0.2072773 0.7726233 0.2054793 0.7729436 0.2380652 0.7729436 0.2380652 0.7726233 0.2054793 0.7817559 0.2359726 0.7729436 0.2380652 0.7817559 0.2359726 0.7772539 0.2524375 0.7772539 0.2524375 0.7817559 0.2359726 0.7861077 0.2506281 0.7772539 0.2524375 0.7861077 0.2506281 0.7808738 0.2674732 0.7808738 0.2674732 0.7861077 0.2506281 0.7897891 0.2662508 0.7808738 0.2674732 0.7897891 0.2662508 0.7924111 0.283492 0.790311 0.3351807 0.7789207 0.3309538 0.7919596 0.3274419 0.7919596 0.3274419 0.7789207 0.3309538 0.7801882 0.3248291 0.7919596 0.3274419 0.7801882 0.3248291 0.7930292 0.3191534 0.7930292 0.3191534 0.7801882 0.3248291 0.7816197 0.3095682 0.7930292 0.3191534 0.7816197 0.3095682 0.7935293 0.311464 0.7935293 0.311464 0.7816197 0.3095682 0.7936102 0.3015251 0.7936102 0.3015251 0.7816197 0.3095682 0.7816061 0.2994816 0.7936102 0.3015251 0.7816061 0.2994816 0.7930615 0.2904165 0.777902 0.2678807 0.7808738 0.2674732 0.7797924 0.2789053 0.7797924 0.2789053 0.7808738 0.2674732 0.7924111 0.283492 0.7797924 0.2789053 0.7924111 0.283492 0.7810764 0.2903299 0.7810764 0.2903299 0.7924111 0.283492 0.7930615 0.2904165 0.7810764 0.2903299 0.7930615 0.2904165 0.7811836 0.2916855 0.7811836 0.2916855 0.7930615 0.2904165 0.7816061 0.2994816 0.7789207 0.3309538 0.790311 0.3351807 0.7770667 0.3370798 0.7770667 0.3370798 0.790311 0.3351807 0.7881398 0.342049 0.7770667 0.3370798 0.7881398 0.342049 0.7746244 0.3429451 0.7746244 0.3429451 0.7881398 0.342049 0.7854814 0.3482912 0.3832029 0.8808459 0.3696628 0.8865675 0.3832026 0.8704631 0.3832026 0.8704631 0.3696628 0.8865675 0.3696653 0.8750571 0.3832026 0.8704631 0.3696653 0.8750571 0.3831968 0.8604648 0.3831968 0.8604648 0.3696653 0.8750571 0.3696601 0.8631221 0.3831968 0.8604648 0.3696601 0.8631221 0.383188 0.8511395 0.383188 0.8511395 0.3696601 0.8631221 0.369649 0.853529 0.8890587 0.3169429 0.8798351 0.3165358 0.8798349 0.3087486 0.8798233 0.2447301 0.9092007 0.2443085 0.9092038 0.2533806 0.8798233 0.2447301 0.9092038 0.2533806 0.8798251 0.2539123 0.8798251 0.2539123 0.9092038 0.2533806 0.9092061 0.2619355 0.8798251 0.2539123 0.9092061 0.2619355 0.879828 0.2631751 0.879828 0.2631751 0.9092061 0.2619355 0.9092084 0.2704928 0.879828 0.2631751 0.9092084 0.2704928 0.8798304 0.2731262 0.8798304 0.2731262 0.9092084 0.2704928 0.9092103 0.2790706 0.8798304 0.2731262 0.9092103 0.2790706 0.879832 0.2815974 0.879832 0.2815974 0.9092103 0.2790706 0.9092117 0.287495 0.879832 0.2815974 0.9092117 0.287495 0.8798335 0.2907389 0.8798335 0.2907389 0.9092117 0.287495 0.9092139 0.3032937 0.8798335 0.2907389 0.9092139 0.3032937 0.8798345 0.2996386 0.8798345 0.2996386 0.9092139 0.3032937 0.9092143 0.3106254 0.8798345 0.2996386 0.9092143 0.3106254 0.8798349 0.3087486 0.8798349 0.3087486 0.9092143 0.3106254 0.9092147 0.3175173 0.8798349 0.3087486 0.9092147 0.3175173 0.8890587 0.3169429 0.603172 0.03187078 0.5961599 0.02975273 0.6058659 0.02433633 0.6058659 0.02433633 0.5961599 0.02975273 0.6001279 0.0216614 0.6058659 0.02433633 0.6001279 0.0216614 0.6059743 0.02407449 0.6059743 0.02407449 0.6001279 0.0216614 0.6020657 0.01827657 0.6059743 0.02407449 0.6020657 0.01827657 0.6095849 0.01648819 0.6128235 0.003446519 0.6159587 0 0.6155488 0.002892255 0.6155488 0.002892255 0.6162655 0.006018936 0.6128235 0.003446519 0.6128235 0.003446519 0.6162655 0.006018936 0.6139851 0.00922358 0.6128235 0.003446519 0.6139851 0.00922358 0.60939 0.007608294 0.60939 0.007608294 0.6139851 0.00922358 0.6095849 0.01648819 0.60939 0.007608294 0.6095849 0.01648819 0.604811 0.0139361 0.604811 0.0139361 0.6095849 0.01648819 0.6020657 0.01827657 0.6012107 0.03960269 0.6003395 0.04466199 0.5905061 0.04632747 0.5905061 0.04632747 0.6003395 0.04466199 0.6000045 0.04735106 0.5905061 0.04632747 0.6000045 0.04735106 0.5883986 0.05581969 0.5883986 0.05581969 0.6000045 0.04735106 0.5997257 0.06235456 0.5883986 0.05581969 0.5997257 0.06235456 0.5871946 0.06323081 0.5871946 0.06323081 0.5997257 0.06235456 0.6000323 0.06572341 0.5871946 0.06323081 0.6000323 0.06572341 0.586004 0.07414186 0.586004 0.07414186 0.6000323 0.06572341 0.6018046 0.07590711 0.586004 0.07414186 0.6018046 0.07590711 0.5852088 0.09473615 0.5852088 0.09473615 0.6018046 0.07590711 0.6049637 0.08620166 0.5852088 0.09473615 0.6049637 0.08620166 0.6053427 0.08718466 0.5905061 0.04632747 0.5924308 0.03968113 0.6012107 0.03960269 0.6012107 0.03960269 0.5924308 0.03968113 0.5961599 0.02975273 0.6012107 0.03960269 0.5961599 0.02975273 0.603172 0.03187078 0.6032674 0.1208864 0.6216489 0.113299 0.6063526 0.1249126 0.6063526 0.1249126 0.6216489 0.113299 0.6255606 0.1172906 0.6063526 0.1249126 0.6255606 0.1172906 0.6114814 0.1289819 0.6137892 0.1033068 0.6148247 0.1048145 0.6016765 0.116181 0.6016765 0.116181 0.6148247 0.1048145 0.6160606 0.1065269 0.6016765 0.116181 0.6160606 0.1065269 0.6185975 0.1097804 0.6053427 0.08718466 0.6094161 0.09601795 0.5995466 0.1009606 0.5995466 0.1009606 0.6094161 0.09601795 0.6137892 0.1033068 0.5995466 0.1009606 0.6137892 0.1033068 0.6007007 0.1112675 0.6007007 0.1112675 0.6137892 0.1033068 0.6016765 0.116181 0.5867171 0.1325091 0.5950369 0.1266734 0.5871409 0.1396955 0.5871409 0.1396955 0.5950369 0.1266734 0.5970619 0.1319413 0.5874642 0.1458176 0.5871409 0.1396955 0.5950927 0.1413028 0.5950927 0.1413028 0.5871409 0.1396955 0.5970619 0.1319413 0.5950927 0.1413028 0.5970619 0.1319413 0.6005334 0.1375305 0.6005334 0.1375305 0.5970619 0.1319413 0.6091971 0.1308353 0.6114814 0.1289819 0.6091971 0.1308353 0.6063526 0.1249126 0.6063526 0.1249126 0.6091971 0.1308353 0.5970619 0.1319413 0.6063526 0.1249126 0.5970619 0.1319413 0.6032674 0.1208864 0.6032674 0.1208864 0.5970619 0.1319413 0.5950369 0.1266734 0.6032674 0.1208864 0.5950369 0.1266734 0.5863339 0.1263021 0.5863339 0.1263021 0.5950369 0.1266734 0.5867171 0.1325091 0.5852088 0.09473615 0.6053427 0.08718466 0.585425 0.108515 0.585425 0.108515 0.6053427 0.08718466 0.5995466 0.1009606 0.585425 0.108515 0.5995466 0.1009606 0.5859726 0.1202412 0.5859726 0.1202412 0.5995466 0.1009606 0.6007007 0.1112675 0.5859726 0.1202412 0.6007007 0.1112675 0.5863339 0.1263021 0.5863339 0.1263021 0.6007007 0.1112675 0.6016765 0.116181 0.5863339 0.1263021 0.6016765 0.116181 0.6032674 0.1208864 0.6032674 0.1208864 0.6016765 0.116181 0.6185975 0.1097804 0.6032674 0.1208864 0.6185975 0.1097804 0.6216489 0.113299 0.6465958 0.1319717 0.659407 0.1370074 0.6264621 0.1401301 0.6349165 0.1286681 0.6217357 0.1296367 0.6366617 0.126223 0.6366617 0.126223 0.6217357 0.1296367 0.6300194 0.1212556 0.6217357 0.1296367 0.6091971 0.1308353 0.6114814 0.1289819 0.6300194 0.1212556 0.6217357 0.1296367 0.6289979 0.1203964 0.6289979 0.1203964 0.6217357 0.1296367 0.6114814 0.1289819 0.6289979 0.1203964 0.6114814 0.1289819 0.6255606 0.1172906 0.6387699 0.1275979 0.6465958 0.1319717 0.6306816 0.134414 0.6306816 0.134414 0.6465958 0.1319717 0.6264621 0.1401301 0.6306816 0.134414 0.6264621 0.1401301 0.6149341 0.1360165 0.6149341 0.1360165 0.6264621 0.1401301 0.608079 0.1420644 0.6149341 0.1360165 0.608079 0.1420644 0.6070036 0.1370476 0.6366617 0.126223 0.6387699 0.1275979 0.6349165 0.1286681 0.6349165 0.1286681 0.6387699 0.1275979 0.6306816 0.134414 0.6349165 0.1286681 0.6306816 0.134414 0.6217357 0.1296367 0.6217357 0.1296367 0.6306816 0.134414 0.6149341 0.1360165 0.6217357 0.1296367 0.6149341 0.1360165 0.6091971 0.1308353 0.6091971 0.1308353 0.6149341 0.1360165 0.6070036 0.1370476 0.6091971 0.1308353 0.6070036 0.1370476 0.6005334 0.1375305 0.6005334 0.1375305 0.6070036 0.1370476 0.5950927 0.1413028 0.608079 0.1420644 0.5992059 0.1432783 0.6070036 0.1370476 0.6070036 0.1370476 0.5992059 0.1432783 0.5974279 0.1435763 0.6070036 0.1370476 0.5974279 0.1435763 0.5950927 0.1413028 0.5950927 0.1413028 0.5974279 0.1435763 0.5900548 0.1451208 0.5950927 0.1413028 0.5900548 0.1451208 0.5874642 0.1458176 0.7600125 0.2046414 0.76083 0.2079732 0.7496395 0.2098475 0.5902649 0.2134018 0.5868442 0.2129417 0.5878792 0.194876 0.7412862 0.131024 0.752201 0.1313568 0.7518599 0.1396367 0.7202612 0.1323975 0.7365623 0.1312235 0.7302259 0.1417222 0.7098207 0.1428611 0.7082697 0.1369182 0.7198402 0.1324293 0.7082697 0.1369182 0.7098207 0.1428611 0.6875128 0.1404996 0.6264621 0.1401301 0.659407 0.1370074 0.6704422 0.1454122 0.6098157 0.1859517 0.6113189 0.1885618 0.5878792 0.194876 0.6110771 0.1670474 0.6093233 0.1704194 0.5881605 0.1694592 0.6093233 0.1704194 0.608263 0.174064 0.5881605 0.1694592 0.5881605 0.1694592 0.608263 0.174064 0.608228 0.1742562 0.5881605 0.1694592 0.608228 0.1742562 0.5882 0.1779804 0.5882 0.1779804 0.608228 0.1742562 0.6079341 0.1778383 0.5882 0.1779804 0.6079341 0.1778383 0.5878792 0.194876 0.5878792 0.194876 0.6079341 0.1778383 0.6083498 0.1816196 0.5878792 0.194876 0.6083498 0.1816196 0.6098157 0.1859517 0.6214289 0.1591728 0.6089153 0.159456 0.6270709 0.1582645 0.6270709 0.1582645 0.6089153 0.159456 0.6296568 0.1577824 0.6270709 0.1582645 0.6296568 0.1577824 0.628985 0.1583372 0.6214289 0.1591728 0.6163579 0.1616474 0.6089153 0.159456 0.6089153 0.159456 0.6163579 0.1616474 0.6142143 0.163349 0.6089153 0.159456 0.6142143 0.163349 0.5984725 0.160328 0.5984725 0.160328 0.6142143 0.163349 0.6114041 0.1665622 0.6703879 0.1548631 0.6706802 0.1643957 0.6419345 0.1649562 0.6419345 0.1649562 0.6369363 0.1608356 0.6703879 0.1548631 0.6703879 0.1548631 0.6369363 0.1608356 0.6344988 0.159654 0.6703879 0.1548631 0.6344988 0.159654 0.6296568 0.1577824 0.6296568 0.1577824 0.6344988 0.159654 0.6308463 0.1585921 0.6296568 0.1577824 0.6308463 0.1585921 0.628985 0.1583372 0.6464299 0.1805596 0.6466524 0.1773886 0.6712688 0.1740003 0.6712688 0.1740003 0.6466524 0.1773886 0.6458964 0.1722612 0.6712688 0.1740003 0.6458964 0.1722612 0.6706802 0.1643957 0.6706802 0.1643957 0.6458964 0.1722612 0.6432615 0.1666763 0.6706802 0.1643957 0.6432615 0.1666763 0.6419345 0.1649562 0.6382247 0.1936028 0.6383354 0.1935266 0.6732278 0.1933893 0.6732278 0.1933893 0.6383354 0.1935266 0.6411283 0.191167 0.6732278 0.1933893 0.6411283 0.191167 0.6434359 0.1883122 0.6434359 0.1883122 0.6435092 0.1882007 0.6732278 0.1933893 0.6732278 0.1933893 0.6435092 0.1882007 0.6452564 0.1848456 0.6732278 0.1933893 0.6452564 0.1848456 0.6463235 0.1811846 0.6312724 0.1965708 0.6348983 0.195428 0.6330564 0.2039998 0.6330564 0.2039998 0.6348983 0.195428 0.6746259 0.2031568 0.6222969 0.1963283 0.6275112 0.1969829 0.6330564 0.2039998 0.6330564 0.2039998 0.6275112 0.1969829 0.6306064 0.1966986 0.6330564 0.2039998 0.6306064 0.1966986 0.6312724 0.1965708 0.611044 0.2042054 0.5993898 0.2045959 0.5878792 0.194876 0.620087 0.1955929 0.611044 0.2042054 0.6191148 0.1951718 0.6191148 0.1951718 0.611044 0.2042054 0.5878792 0.194876 0.6191148 0.1951718 0.5878792 0.194876 0.6149162 0.192511 0.6149162 0.192511 0.5878792 0.194876 0.6113189 0.1885618 0.659407 0.1370074 0.6665166 0.1388157 0.6704422 0.1454122 0.6704422 0.1454122 0.6665166 0.1388157 0.6875128 0.1404996 0.6704422 0.1454122 0.6875128 0.1404996 0.7109001 0.1524172 0.7109001 0.1524172 0.6875128 0.1404996 0.7098207 0.1428611 0.7109001 0.1524172 0.7098207 0.1428611 0.7302259 0.1417222 0.7302259 0.1417222 0.7098207 0.1428611 0.7198402 0.1324293 0.7302259 0.1417222 0.7198402 0.1324293 0.7202612 0.1323975 0.6746259 0.2031568 0.7147914 0.1917195 0.7154346 0.2015222 0.7154346 0.2015222 0.7147914 0.1917195 0.7357326 0.1907016 0.7154346 0.2015222 0.7357326 0.1907016 0.7364707 0.2003995 0.7589368 0.1999818 0.7475576 0.200096 0.7569162 0.1903807 0.7569162 0.1903807 0.7475576 0.200096 0.7462444 0.1901631 0.7569162 0.1903807 0.7462444 0.1901631 0.7544351 0.1758721 0.6348983 0.195428 0.6382247 0.1936028 0.6746259 0.2031568 0.6746259 0.2031568 0.6382247 0.1936028 0.6732278 0.1933893 0.6746259 0.2031568 0.6732278 0.1933893 0.7147914 0.1917195 0.7147914 0.1917195 0.6732278 0.1933893 0.7125217 0.1720168 0.7147914 0.1917195 0.7125217 0.1720168 0.7357326 0.1907016 0.7357326 0.1907016 0.7125217 0.1720168 0.7462444 0.1901631 0.7357326 0.1907016 0.7462444 0.1901631 0.7364707 0.2003995 0.7364707 0.2003995 0.7462444 0.1901631 0.7475576 0.200096 0.5902649 0.2134018 0.5878792 0.194876 0.5997421 0.2140656 0.5997421 0.2140656 0.5878792 0.194876 0.5993898 0.2045959 0.5997421 0.2140656 0.5993898 0.2045959 0.6091941 0.2141731 0.6091941 0.2141731 0.5993898 0.2045959 0.611044 0.2042054 0.6091941 0.2141731 0.611044 0.2042054 0.6312755 0.2138338 0.5900548 0.1451208 0.5974279 0.1435763 0.5984725 0.160328 0.5874642 0.1458176 0.5900548 0.1451208 0.5880092 0.1612102 0.5880092 0.1612102 0.5900548 0.1451208 0.5984725 0.160328 0.5880092 0.1612102 0.5984725 0.160328 0.5881605 0.1694592 0.5881605 0.1694592 0.5984725 0.160328 0.6114041 0.1665622 0.5881605 0.1694592 0.6114041 0.1665622 0.6110771 0.1670474 0.6704422 0.1454122 0.630773 0.1487797 0.6264621 0.1401301 0.6264621 0.1401301 0.630773 0.1487797 0.6099678 0.1508605 0.6264621 0.1401301 0.6099678 0.1508605 0.608079 0.1420644 0.608079 0.1420644 0.6099678 0.1508605 0.5992059 0.1432783 0.7412862 0.131024 0.7518599 0.1396367 0.7409268 0.1408048 0.7409268 0.1408048 0.7518599 0.1396367 0.7519266 0.1486005 0.7409268 0.1408048 0.7519266 0.1486005 0.7313853 0.1513216 0.7313853 0.1513216 0.7519266 0.1486005 0.7519851 0.1502668 0.7313853 0.1513216 0.7519851 0.1502668 0.7520195 0.151093 0.7544351 0.1758721 0.7462444 0.1901631 0.7541664 0.1739885 0.7541664 0.1739885 0.7462444 0.1901631 0.7125217 0.1720168 0.7541664 0.1739885 0.7125217 0.1720168 0.7520195 0.151093 0.7520195 0.151093 0.7125217 0.1720168 0.7109001 0.1524172 0.7520195 0.151093 0.7109001 0.1524172 0.7313853 0.1513216 0.7313853 0.1513216 0.7109001 0.1524172 0.7302259 0.1417222 0.7313853 0.1513216 0.7302259 0.1417222 0.7409268 0.1408048 0.7409268 0.1408048 0.7302259 0.1417222 0.7365623 0.1312235 0.7409268 0.1408048 0.7365623 0.1312235 0.7412862 0.131024 0.5974279 0.1435763 0.5992059 0.1432783 0.5984725 0.160328 0.5984725 0.160328 0.5992059 0.1432783 0.6099678 0.1508605 0.5984725 0.160328 0.6099678 0.1508605 0.6089153 0.159456 0.6089153 0.159456 0.6099678 0.1508605 0.630773 0.1487797 0.6089153 0.159456 0.630773 0.1487797 0.6296568 0.1577824 0.6296568 0.1577824 0.630773 0.1487797 0.6704422 0.1454122 0.6296568 0.1577824 0.6704422 0.1454122 0.6703879 0.1548631 0.6703879 0.1548631 0.6704422 0.1454122 0.7109001 0.1524172 0.6703879 0.1548631 0.7109001 0.1524172 0.6706802 0.1643957 0.6706802 0.1643957 0.7109001 0.1524172 0.7125217 0.1720168 0.6706802 0.1643957 0.7125217 0.1720168 0.6712688 0.1740003 0.6712688 0.1740003 0.7125217 0.1720168 0.6732278 0.1933893 0.6712688 0.1740003 0.6732278 0.1933893 0.6464299 0.1805596 0.6464299 0.1805596 0.6732278 0.1933893 0.6463235 0.1811846 0.620087 0.1955929 0.6222969 0.1963283 0.611044 0.2042054 0.611044 0.2042054 0.6222969 0.1963283 0.6330564 0.2039998 0.611044 0.2042054 0.6330564 0.2039998 0.6312755 0.2138338 0.6312755 0.2138338 0.6330564 0.2039998 0.6746259 0.2031568 0.6312755 0.2138338 0.6746259 0.2031568 0.6763293 0.212962 0.6763293 0.212962 0.6746259 0.2031568 0.7154346 0.2015222 0.6763293 0.212962 0.7154346 0.2015222 0.7030442 0.2121312 0.7030442 0.2121312 0.7154346 0.2015222 0.7364707 0.2003995 0.7030442 0.2121312 0.7364707 0.2003995 0.7457404 0.2101941 0.7457404 0.2101941 0.7364707 0.2003995 0.7475576 0.200096 0.7457404 0.2101941 0.7475576 0.200096 0.7496395 0.2098475 0.7496395 0.2098475 0.7475576 0.200096 0.7589368 0.1999818 0.7496395 0.2098475 0.7589368 0.1999818 0.7600125 0.2046414 0.7300745 0.1266543 0.7304281 0.127028 0.7274876 0.1282957 0.7304281 0.127028 0.7300745 0.1266543 0.7372656 0.1266804 0.7372656 0.1266804 0.7300745 0.1266543 0.7369618 0.1215861 0.7372656 0.1266804 0.7369618 0.1215861 0.7438523 0.1267245 0.7438523 0.1267245 0.752201 0.1313568 0.7372656 0.1266804 0.7372656 0.1266804 0.752201 0.1313568 0.7412862 0.131024 0.7372656 0.1266804 0.7412862 0.131024 0.7304281 0.127028 0.7304281 0.127028 0.7412862 0.131024 0.7365623 0.1312235 0.7304281 0.127028 0.7365623 0.1312235 0.7274876 0.1282957 0.7274876 0.1282957 0.7365623 0.1312235 0.7202612 0.1323975 0.7274876 0.1282957 0.7202612 0.1323975 0.7198402 0.1324293 0.7519284 0.1056985 0.7488519 0.1154146 0.745914 0.1131021 0.745914 0.1131021 0.7488519 0.1154146 0.7466502 0.1210513 0.745914 0.1131021 0.7466502 0.1210513 0.7439632 0.1151719 0.7538326 0.1195281 0.752201 0.1313568 0.7438523 0.1267245 0.7369618 0.1215861 0.7439632 0.1151719 0.7438523 0.1267245 0.7438523 0.1267245 0.7439632 0.1151719 0.7466502 0.1210513 0.7438523 0.1267245 0.7466502 0.1210513 0.7538326 0.1195281 0.7538326 0.1195281 0.7466502 0.1210513 0.7488519 0.1154146 0.7538326 0.1195281 0.7488519 0.1154146 0.7547963 0.1145398 0.7547963 0.1145398 0.7488519 0.1154146 0.7519284 0.1056985 0.7547963 0.1145398 0.7519284 0.1056985 0.7564573 0.1073586 0.7564573 0.1073586 0.7519284 0.1056985 0.7525228 0.1048648 0.7564573 0.1073586 0.7525228 0.1048648 0.7587481 0.0988608 0.7587481 0.0988608 0.7525228 0.1048648 0.7566647 0.0983687 0.7587481 0.0988608 0.7566647 0.0983687 0.7624456 0.08613198 0.4135326 0.8932326 0.4336864 0.8934565 0.4336941 0.9031306 0.4043188 0.9025506 0.4043123 0.8930729 0.4135326 0.8932326 0.4135326 0.8932326 0.4336941 0.9031306 0.4043188 0.9025506 0.4043188 0.9025506 0.4336941 0.9031306 0.4336966 0.9058513 0.4043188 0.9025506 0.4336966 0.9058513 0.4043279 0.911731 0.4336966 0.9058513 0.4337032 0.9125151 0.4043279 0.911731 0.4043279 0.911731 0.4337032 0.9125151 0.4337046 0.9138399 0.4043279 0.911731 0.4337046 0.9138399 0.4043383 0.920652 0.4337046 0.9138399 0.4337137 0.9215304 0.4043383 0.920652 0.4043383 0.920652 0.4337137 0.9215304 0.4337254 0.9300976 0.4043383 0.920652 0.4337254 0.9300976 0.4043498 0.9288693 0.8798068 0.2096152 0.9091852 0.2087228 0.9091883 0.2144811 0.8798068 0.2096152 0.9091883 0.2144811 0.8798109 0.2178079 0.9091883 0.2144811 0.9091895 0.2170486 0.8798109 0.2178079 0.8798109 0.2178079 0.9091895 0.2170486 0.9091936 0.2258051 0.8798109 0.2178079 0.9091936 0.2258051 0.8798149 0.2264105 0.8798149 0.2264105 0.9091936 0.2258051 0.9091974 0.234917 0.8798149 0.2264105 0.9091974 0.234917 0.8798187 0.2355142 0.8798187 0.2355142 0.9091974 0.234917 0.9092007 0.2443085 0.8798187 0.2355142 0.9092007 0.2443085 0.8798233 0.2447301 0.7518042 0.3643933 0.7528443 0.3634987 0.7550442 0.366618 0.7518042 0.3643933 0.7550442 0.366618 0.7464789 0.3685444 0.7464789 0.3685444 0.7550442 0.366618 0.7422553 0.3761954 0.7464789 0.3685444 0.7422553 0.3761954 0.7404708 0.3724751 0.7404708 0.3724751 0.7422553 0.3761954 0.7372487 0.3808062 0.7404708 0.3724751 0.7372487 0.3808062 0.7348363 0.3755428 0.7372487 0.3808062 0.7336447 0.386157 0.7318252 0.3819696 0.7348363 0.3755428 0.7372487 0.3808062 0.7341153 0.3758961 0.7341153 0.3758961 0.7372487 0.3808062 0.7318252 0.3819696 0.7341153 0.3758961 0.7318252 0.3819696 0.7299951 0.3777561 0.7653884 0.3498085 0.7688003 0.3526411 0.7620673 0.3604094 0.7653884 0.3498085 0.7620673 0.3604094 0.7592697 0.3572454 0.7592697 0.3572454 0.7620673 0.3604094 0.7550442 0.366618 0.7592697 0.3572454 0.7550442 0.366618 0.7528443 0.3634987 0.7760362 0.3302512 0.776167 0.3299074 0.7789207 0.3309538 0.7760362 0.3302512 0.7789207 0.3309538 0.7710644 0.3409252 0.7789207 0.3309538 0.7770667 0.3370798 0.7710644 0.3409252 0.7710644 0.3409252 0.7770667 0.3370798 0.7746244 0.3429451 0.7710644 0.3409252 0.7746244 0.3429451 0.7660768 0.3488528 0.7660768 0.3488528 0.7746244 0.3429451 0.7688003 0.3526411 0.7660768 0.3488528 0.7688003 0.3526411 0.7653884 0.3498085 0.7816061 0.2994816 0.7816197 0.3095682 0.7810567 0.3097571 0.7810567 0.3097571 0.7816197 0.3095682 0.7801882 0.3248291 0.7810567 0.3097571 0.7801882 0.3248291 0.7783961 0.3231663 0.7783961 0.3231663 0.7801882 0.3248291 0.7789207 0.3309538 0.7783961 0.3231663 0.7789207 0.3309538 0.776167 0.3299074 0.7587849 0.2092843 0.76083 0.2079732 0.7628399 0.2153586 0.7400084 0.2275188 0.7488957 0.2176284 0.7544469 0.224524 0.752462 0.2364361 0.7503661 0.2346841 0.7544469 0.224524 0.7544469 0.224524 0.7503661 0.2346841 0.7471823 0.2322324 0.7544469 0.224524 0.7471823 0.2322324 0.7400084 0.2275188 0.7649797 0.2499043 0.761452 0.2454789 0.7636938 0.2436918 0.7636938 0.2436918 0.761452 0.2454789 0.7571711 0.24083 0.7636938 0.2436918 0.7571711 0.24083 0.7612146 0.2372354 0.7612146 0.2372354 0.7571711 0.24083 0.752462 0.2364361 0.7612146 0.2372354 0.752462 0.2364361 0.7583507 0.2307721 0.7583507 0.2307721 0.752462 0.2364361 0.7544469 0.224524 0.777902 0.2678807 0.7755405 0.2687528 0.7753491 0.2682806 0.777902 0.2678807 0.7753491 0.2682806 0.7743027 0.2530407 0.75481 0.2122377 0.7587849 0.2092843 0.7585735 0.2201023 0.7585735 0.2201023 0.7587849 0.2092843 0.7628399 0.2153586 0.7585735 0.2201023 0.7628399 0.2153586 0.7618637 0.2274124 0.7618637 0.2274124 0.7628399 0.2153586 0.7653939 0.2240427 0.7618637 0.2274124 0.7653939 0.2240427 0.7677156 0.2315207 0.7753491 0.2682806 0.7691188 0.2560122 0.7743027 0.2530407 0.7743027 0.2530407 0.7691188 0.2560122 0.7649797 0.2499043 0.7743027 0.2530407 0.7649797 0.2499043 0.7700062 0.2387627 0.7700062 0.2387627 0.7649797 0.2499043 0.7636938 0.2436918 0.7700062 0.2387627 0.7636938 0.2436918 0.7677156 0.2315207 0.7677156 0.2315207 0.7636938 0.2436918 0.7612146 0.2372354 0.7677156 0.2315207 0.7612146 0.2372354 0.7618637 0.2274124 0.7618637 0.2274124 0.7612146 0.2372354 0.7583507 0.2307721 0.7618637 0.2274124 0.7583507 0.2307721 0.7585735 0.2201023 0.7585735 0.2201023 0.7583507 0.2307721 0.7544469 0.224524 0.7585735 0.2201023 0.7544469 0.224524 0.75481 0.2122377 0.75481 0.2122377 0.7544469 0.224524 0.7488957 0.2176284 0.7411748 0.2176602 0.7321131 0.2180926 0.734902 0.2143068 0.7451013 0.2136297 0.75481 0.2122377 0.7488957 0.2176284 0.7457404 0.2101941 0.7496395 0.2098475 0.7451013 0.2136297 0.6170546 0.2174956 0.6091941 0.2141731 0.6312755 0.2138338 0.6091941 0.2141731 0.6170546 0.2174956 0.5997421 0.2140656 0.6349852 0.2436899 0.6257697 0.2370856 0.6354361 0.243195 0.6354361 0.243195 0.6257697 0.2370856 0.6172584 0.2311311 0.6354361 0.243195 0.6172584 0.2311311 0.6405164 0.2381165 0.7030442 0.2121312 0.6912162 0.2161875 0.6763293 0.212962 0.6763293 0.212962 0.6912162 0.2161875 0.670535 0.2203708 0.6763293 0.212962 0.670535 0.2203708 0.6457036 0.2271039 0.7147523 0.2150798 0.7141112 0.2176265 0.7122881 0.2172788 0.734902 0.2143068 0.7321131 0.2180926 0.7147523 0.2150798 0.7147523 0.2150798 0.7321131 0.2180926 0.7171683 0.2183039 0.7147523 0.2150798 0.7171683 0.2183039 0.7141112 0.2176265 0.7411748 0.2176602 0.7324265 0.2235762 0.7321131 0.2180926 0.7321131 0.2180926 0.7324265 0.2235762 0.7293607 0.2222478 0.7321131 0.2180926 0.7293607 0.2222478 0.7171683 0.2183039 0.6214668 0.2210177 0.6116297 0.2211632 0.6059087 0.217468 0.5947883 0.2167377 0.5868442 0.2129417 0.5902649 0.2134018 0.5947883 0.2167377 0.5902649 0.2134018 0.6059087 0.217468 0.5902649 0.2134018 0.5997421 0.2140656 0.6059087 0.217468 0.6059087 0.217468 0.5997421 0.2140656 0.6170546 0.2174956 0.6059087 0.217468 0.6170546 0.2174956 0.6214668 0.2210177 0.6214668 0.2210177 0.6170546 0.2174956 0.6312755 0.2138338 0.6214668 0.2210177 0.6312755 0.2138338 0.6406901 0.2204201 0.6312755 0.2138338 0.6763293 0.212962 0.6406901 0.2204201 0.6406901 0.2204201 0.6763293 0.212962 0.6457036 0.2271039 0.6406901 0.2204201 0.6457036 0.2271039 0.6214668 0.2210177 0.6214668 0.2210177 0.6457036 0.2271039 0.629764 0.2281793 0.6214668 0.2210177 0.629764 0.2281793 0.6116297 0.2211632 0.75481 0.2122377 0.7451013 0.2136297 0.7587849 0.2092843 0.7587849 0.2092843 0.7451013 0.2136297 0.7496395 0.2098475 0.7587849 0.2092843 0.7496395 0.2098475 0.76083 0.2079732 0.7400084 0.2275188 0.7324265 0.2235762 0.7488957 0.2176284 0.7488957 0.2176284 0.7324265 0.2235762 0.7411748 0.2176602 0.7488957 0.2176284 0.7411748 0.2176602 0.7451013 0.2136297 0.7451013 0.2136297 0.7411748 0.2176602 0.734902 0.2143068 0.7451013 0.2136297 0.734902 0.2143068 0.7457404 0.2101941 0.7457404 0.2101941 0.734902 0.2143068 0.7147523 0.2150798 0.7457404 0.2101941 0.7147523 0.2150798 0.7030442 0.2121312 0.7030442 0.2121312 0.7147523 0.2150798 0.7122881 0.2172788 0.7030442 0.2121312 0.7122881 0.2172788 0.6912162 0.2161875 0.670535 0.2203708 0.6515439 0.2295659 0.6457036 0.2271039 0.6457036 0.2271039 0.6515439 0.2295659 0.6405164 0.2381165 0.6457036 0.2271039 0.6405164 0.2381165 0.629764 0.2281793 0.629764 0.2281793 0.6405164 0.2381165 0.6172584 0.2311311 0.629764 0.2281793 0.6172584 0.2311311 0.6116297 0.2211632 0.6116297 0.2211632 0.6172584 0.2311311 0.6020332 0.2209387 0.6116297 0.2211632 0.6020332 0.2209387 0.6059087 0.217468 0.6059087 0.217468 0.6020332 0.2209387 0.5955739 0.2171623 0.6059087 0.217468 0.5955739 0.2171623 0.5947883 0.2167377 0.6110343 0.2365005 0.6070038 0.2420147 0.5960785 0.2359327 0.6156743 0.280105 0.6144532 0.2859925 0.6004554 0.2689935 0.6028842 0.255019 0.6218317 0.2631192 0.6174767 0.2738162 0.6218317 0.2631192 0.6028842 0.255019 0.6232239 0.2604018 0.6232239 0.2604018 0.6028842 0.255019 0.6045891 0.2483528 0.6232239 0.2604018 0.6045891 0.2483528 0.6243798 0.2583145 0.6243798 0.2583145 0.6045891 0.2483528 0.6070038 0.2420147 0.6243798 0.2583145 0.6070038 0.2420147 0.6272715 0.2536257 0.6272715 0.2536257 0.6070038 0.2420147 0.6110343 0.2365005 0.6272715 0.2536257 0.6110343 0.2365005 0.6307295 0.248789 0.6307295 0.248789 0.6110343 0.2365005 0.6257697 0.2370856 0.6307295 0.248789 0.6257697 0.2370856 0.6349852 0.2436899 0.5960785 0.2359327 0.6070038 0.2420147 0.5942845 0.2432402 0.5942845 0.2432402 0.6070038 0.2420147 0.6045891 0.2483528 0.5942845 0.2432402 0.6045891 0.2483528 0.5928673 0.2507336 0.5928673 0.2507336 0.6045891 0.2483528 0.6028842 0.255019 0.5928673 0.2507336 0.6028842 0.255019 0.6004554 0.2689935 0.6004554 0.2689935 0.6028842 0.255019 0.6174767 0.2738162 0.6004554 0.2689935 0.6174767 0.2738162 0.6156743 0.280105 0.5905486 0.2328633 0.5926601 0.2249166 0.5990206 0.2290092 0.6172584 0.2311311 0.5990206 0.2290092 0.6020332 0.2209387 0.6020332 0.2209387 0.5990206 0.2290092 0.5926601 0.2249166 0.6020332 0.2209387 0.5926601 0.2249166 0.5955739 0.2171623 0.5955739 0.2171623 0.5926601 0.2249166 0.5947883 0.2167377 0.5868442 0.2129417 0.5947883 0.2167377 0.5860873 0.2205147 0.5860873 0.2205147 0.5947883 0.2167377 0.5926601 0.2249166 0.5860873 0.2205147 0.5926601 0.2249166 0.5849996 0.2297859 0.5849996 0.2297859 0.5926601 0.2249166 0.5905486 0.2328633 0.5849996 0.2297859 0.5905486 0.2328633 0.5828283 0.2464387 0.6144532 0.2859925 0.579465 0.2813373 0.6004554 0.2689935 0.6004554 0.2689935 0.579465 0.2813373 0.5808115 0.2634339 0.6004554 0.2689935 0.5808115 0.2634339 0.5928673 0.2507336 0.5928673 0.2507336 0.5808115 0.2634339 0.5828283 0.2464387 0.5928673 0.2507336 0.5828283 0.2464387 0.5942845 0.2432402 0.5942845 0.2432402 0.5828283 0.2464387 0.5905486 0.2328633 0.5942845 0.2432402 0.5905486 0.2328633 0.5960785 0.2359327 0.5960785 0.2359327 0.5905486 0.2328633 0.5990206 0.2290092 0.5960785 0.2359327 0.5990206 0.2290092 0.6110343 0.2365005 0.6110343 0.2365005 0.5990206 0.2290092 0.6172584 0.2311311 0.6110343 0.2365005 0.6172584 0.2311311 0.6257697 0.2370856 0.6238134 0.3409473 0.5929103 0.3588214 0.5894923 0.3515381 0.6238134 0.3409473 0.5894923 0.3515381 0.6205991 0.3345162 0.6205991 0.3345162 0.5894923 0.3515381 0.586648 0.3440358 0.6205991 0.3345162 0.586648 0.3440358 0.6179437 0.3278294 0.6179437 0.3278294 0.586648 0.3440358 0.5824716 0.328384 0.6179437 0.3278294 0.5824716 0.328384 0.6161385 0.3219698 0.6161385 0.3219698 0.5824716 0.328384 0.5810728 0.3203161 0.6161385 0.3219698 0.5810728 0.3203161 0.6143831 0.3138568 0.6143831 0.3138568 0.5810728 0.3203161 0.5799626 0.3107856 0.6143831 0.3138568 0.5799626 0.3107856 0.6132621 0.3010667 0.579465 0.2813373 0.6144532 0.2859925 0.5792042 0.2912775 0.5792042 0.2912775 0.6144532 0.2859925 0.6132621 0.3010667 0.5792042 0.2912775 0.6132621 0.3010667 0.579333 0.3004878 0.579333 0.3004878 0.6132621 0.3010667 0.5799626 0.3107856 0.6109348 0.3837509 0.6420215 0.3634989 0.622588 0.394479 0.622588 0.394479 0.6420215 0.3634989 0.6477212 0.3680624 0.622588 0.394479 0.6477212 0.3680624 0.6264367 0.3974761 0.6264367 0.3974761 0.6477212 0.3680624 0.6531198 0.3717012 0.6264367 0.3974761 0.6531198 0.3717012 0.6372448 0.4047323 0.6372448 0.4047323 0.6531198 0.3717012 0.6600295 0.3755429 0.6372448 0.4047323 0.6600295 0.3755429 0.6437291 0.4083569 0.6437291 0.4083569 0.6600295 0.3755429 0.6664602 0.3784041 0.6437291 0.4083569 0.6664602 0.3784041 0.6527795 0.4125887 0.6041226 0.3759632 0.6319 0.3529638 0.6093687 0.3820794 0.6093687 0.3820794 0.6319 0.3529638 0.6367138 0.3584326 0.6093687 0.3820794 0.6367138 0.3584326 0.6109348 0.3837509 0.6109348 0.3837509 0.6367138 0.3584326 0.6367257 0.358445 0.6109348 0.3837509 0.6367257 0.358445 0.6420215 0.3634989 0.6041226 0.3759632 0.6036235 0.375334 0.6319 0.3529638 0.6319 0.3529638 0.6036235 0.375334 0.5984486 0.3681947 0.6319 0.3529638 0.5984486 0.3681947 0.6275836 0.3471088 0.6275836 0.3471088 0.5984486 0.3681947 0.5980788 0.3676345 0.6275836 0.3471088 0.5980788 0.3676345 0.624123 0.3415008 0.624123 0.3415008 0.5980788 0.3676345 0.5929103 0.3588214 0.624123 0.3415008 0.5929103 0.3588214 0.6238134 0.3409473 0.7032555 0.3841078 0.7120846 0.3830245 0.7040975 0.4228553 0.7040975 0.4228553 0.7120846 0.3830245 0.7141969 0.4030081 0.7040975 0.4228553 0.7141969 0.4030081 0.7162486 0.4226749 0.7032555 0.3841078 0.7040975 0.4228553 0.693079 0.3841968 0.693079 0.3841968 0.7040975 0.4228553 0.688616 0.4217268 0.693079 0.3841968 0.688616 0.4217268 0.6920344 0.3841361 0.6920344 0.3841361 0.688616 0.4217268 0.6710836 0.4185509 0.6920344 0.3841361 0.6710836 0.4185509 0.6794719 0.3823709 0.6794719 0.3823709 0.6710836 0.4185509 0.661948 0.4159643 0.6794719 0.3823709 0.661948 0.4159643 0.6729657 0.3806751 0.6527795 0.4125887 0.6664602 0.3784041 0.661948 0.4159643 0.661948 0.4159643 0.6664602 0.3784041 0.6723101 0.380473 0.661948 0.4159643 0.6723101 0.380473 0.6729657 0.3806751 0.7336447 0.386157 0.7316519 0.3926541 0.7318252 0.3819696 0.7318252 0.3819696 0.7316519 0.3926541 0.7246467 0.3797889 0.7318252 0.3819696 0.7246467 0.3797889 0.7299951 0.3777561 0.7242182 0.379934 0.7229489 0.3848146 0.7193614 0.3814029 0.7193614 0.3814029 0.7229489 0.3848146 0.7180095 0.3817557 0.7241787 0.4217524 0.7233104 0.4219262 0.7180095 0.3817557 0.7180095 0.3817557 0.7233104 0.4219262 0.7158929 0.3822603 0.7233104 0.4219262 0.7162486 0.4226749 0.7141969 0.4030081 0.7158929 0.3822603 0.7233104 0.4219262 0.7141214 0.3826385 0.7141214 0.3826385 0.7233104 0.4219262 0.7141969 0.4030081 0.7141214 0.3826385 0.7141969 0.4030081 0.7120846 0.3830245 0.7242182 0.379934 0.7246467 0.3797889 0.7229489 0.3848146 0.7229489 0.3848146 0.7246467 0.3797889 0.7316519 0.3926541 0.7229489 0.3848146 0.7316519 0.3926541 0.7272145 0.3923133 0.7272145 0.3923133 0.7316519 0.3926541 0.7308809 0.3997534 0.7272145 0.3923133 0.7308809 0.3997534 0.7308548 0.4126558 0.7308548 0.4126558 0.7306985 0.4155571 0.7272145 0.3923133 0.7272145 0.3923133 0.7306985 0.4155571 0.7304252 0.4170237 0.7272145 0.3923133 0.7304252 0.4170237 0.7229489 0.3848146 0.7304252 0.4170237 0.7300955 0.4179735 0.7229489 0.3848146 0.7229489 0.3848146 0.7300955 0.4179735 0.7287669 0.4197898 0.7229489 0.3848146 0.7287669 0.4197898 0.7180095 0.3817557 0.7180095 0.3817557 0.7287669 0.4197898 0.7278253 0.4204583 0.7180095 0.3817557 0.7278253 0.4204583 0.7241787 0.4217524 0.3832008 0.7976472 0.3832024 0.7988021 0.3696435 0.8022875 0.3696435 0.8022875 0.3832024 0.7988021 0.3832029 0.8009401 0.3696435 0.8022875 0.3832029 0.8009401 0.3698548 0.8052943 0.7401616 0.4245626 0.7300955 0.4179735 0.7408601 0.4218098 0.7408601 0.4218098 0.7300955 0.4179735 0.7304252 0.4170237 0.7408601 0.4218098 0.7304252 0.4170237 0.740981 0.4204992 0.7304252 0.4170237 0.7306985 0.4155571 0.740981 0.4204992 0.740981 0.4204992 0.7306985 0.4155571 0.7308548 0.4126558 0.740981 0.4204992 0.7308548 0.4126558 0.7413081 0.4169544 0.3695998 0.7858836 0.3831732 0.7869472 0.3696145 0.7910649 0.3696145 0.7910649 0.3831732 0.7869472 0.3831909 0.7931227 0.3696145 0.7910649 0.3831909 0.7931227 0.3696231 0.7941157 0.3696231 0.7941157 0.3831909 0.7931227 0.3831931 0.7939296 0.3696231 0.7941157 0.3831931 0.7939296 0.3696365 0.7991887 0.3696365 0.7991887 0.3831931 0.7939296 0.3832008 0.7976472 0.3696365 0.7991887 0.3832008 0.7976472 0.3696401 0.8006991 0.3696401 0.8006991 0.3832008 0.7976472 0.3696435 0.8022875 0.8798351 0.3165358 0.8890587 0.3169429 0.8798347 0.3204246 0.8798347 0.3204246 0.8890587 0.3169429 0.8890579 0.3241485 0.8798347 0.3204246 0.8890579 0.3241485 0.872298 0.320107 0.9092114 0.342828 0.909208 0.3518267 0.8890488 0.3508487 0.8890587 0.3169429 0.9092147 0.3175173 0.8890579 0.3241485 0.8890579 0.3241485 0.9092147 0.3175173 0.9092144 0.3248079 0.8890579 0.3241485 0.9092144 0.3248079 0.8890568 0.330706 0.8890568 0.330706 0.9092144 0.3248079 0.9092138 0.3314436 0.8890568 0.330706 0.9092138 0.3314436 0.8890553 0.3366351 0.8890553 0.3366351 0.9092138 0.3314436 0.9092128 0.3374438 0.8890553 0.3366351 0.9092128 0.3374438 0.8890535 0.3419555 0.9274833 0.5357388 0.9391069 0.5525363 0.928717 0.552501 0.928717 0.552501 0.9391069 0.5525363 0.9400686 0.572693 0.928717 0.552501 0.9400686 0.572693 0.9296289 0.5726584 0.9274833 0.5357388 0.9378057 0.5357747 0.9391069 0.5525363 0.8890488 0.3508487 0.872284 0.3495229 0.8890535 0.3419555 0.8890488 0.3508487 0.8890535 0.3419555 0.9092114 0.342828 0.9092114 0.342828 0.8890535 0.3419555 0.9092128 0.3374438 0.7504754 0.813512 0.7570481 0.8174756 0.7504754 0.8330776 0.8890535 0.3419555 0.8722894 0.3419894 0.8722902 0.3407724 0.8890535 0.3419555 0.8722902 0.3407724 0.8890553 0.3366351 0.8890553 0.3366351 0.8722902 0.3407724 0.8722929 0.3355384 0.8890553 0.3366351 0.8722929 0.3355384 0.8890568 0.330706 0.8722929 0.3355384 0.8722944 0.3319638 0.8890568 0.330706 0.8890568 0.330706 0.8722944 0.3319638 0.8722953 0.3297055 0.8890568 0.330706 0.8722953 0.3297055 0.8890579 0.3241485 0.8890579 0.3241485 0.8722953 0.3297055 0.8722973 0.3232536 0.8890579 0.3241485 0.8722973 0.3232536 0.872298 0.320107 0.3967626 0.8300797 0.3967674 0.8172485 0.4135282 0.8165377 0.4043011 0.8718447 0.3967643 0.8717784 0.3967608 0.857791 0.3967608 0.857791 0.4135197 0.8636109 0.4135224 0.8735467 0.3967608 0.857791 0.4135224 0.8735467 0.4043011 0.8718447 0.4043011 0.8718447 0.4135224 0.8735467 0.4135268 0.8834501 0.4043011 0.8718447 0.4135268 0.8834501 0.4043053 0.8824086 0.4043053 0.8824086 0.4135268 0.8834501 0.4135326 0.8932326 0.4043053 0.8824086 0.4135326 0.8932326 0.4043123 0.8930729 0.4336864 0.8934565 0.4135326 0.8932326 0.4336807 0.8835735 0.4336807 0.8835735 0.4135326 0.8932326 0.4135268 0.8834501 0.4336807 0.8835735 0.4135268 0.8834501 0.4336764 0.8735694 0.4336764 0.8735694 0.4135268 0.8834501 0.4135224 0.8735467 0.4336764 0.8735694 0.4135224 0.8735467 0.433674 0.8635337 0.433674 0.8635337 0.4135224 0.8735467 0.4135197 0.8636109 0.433674 0.8635337 0.4135197 0.8636109 0.4336735 0.8598517 0.4135184 0.8537309 0.433673 0.8535557 0.4336735 0.8598517 0.433673 0.8535557 0.4135184 0.8537309 0.4336736 0.843725 0.4336736 0.843725 0.4135184 0.8537309 0.4135188 0.8439952 0.4336736 0.843725 0.4135188 0.8439952 0.4336758 0.8341308 0.4336758 0.8341308 0.4135188 0.8439952 0.4135206 0.8344923 0.4336758 0.8341308 0.4135206 0.8344923 0.4336795 0.8248626 0.4336795 0.8248626 0.4135206 0.8344923 0.4135236 0.8253102 0.4336795 0.8248626 0.4135236 0.8253102 0.4336846 0.81601 0.4336735 0.8598517 0.4135197 0.8636109 0.4135184 0.8537309 0.4135184 0.8537309 0.4135197 0.8636109 0.3967608 0.857791 0.4135184 0.8537309 0.3967608 0.857791 0.4135188 0.8439952 0.4135188 0.8439952 0.3967608 0.857791 0.3967601 0.843685 0.4135188 0.8439952 0.3967601 0.843685 0.4135206 0.8344923 0.4135206 0.8344923 0.3967601 0.843685 0.3967626 0.8300797 0.4135206 0.8344923 0.3967626 0.8300797 0.4135236 0.8253102 0.4135236 0.8253102 0.3967626 0.8300797 0.4135282 0.8165377 0.4135236 0.8253102 0.4135282 0.8165377 0.4336846 0.81601 0.9176146 0.244257 0.9092007 0.2443085 0.9091974 0.234917 0.9091936 0.2258051 0.9176111 0.2342887 0.9091974 0.234917 0.9091974 0.234917 0.9176111 0.2342887 0.9176118 0.2364842 0.9091974 0.234917 0.9176118 0.2364842 0.9176146 0.244257 0.9091895 0.2170486 0.917607 0.2246096 0.9091936 0.2258051 0.9091936 0.2258051 0.917607 0.2246096 0.9176089 0.2288926 0.9091936 0.2258051 0.9176089 0.2288926 0.9176111 0.2342887 0.9091852 0.2087228 0.9175987 0.2072643 0.9091883 0.2144811 0.9091883 0.2144811 0.9175987 0.2072643 0.9176023 0.2143631 0.9091883 0.2144811 0.9176023 0.2143631 0.9091895 0.2170486 0.9091895 0.2170486 0.9176023 0.2143631 0.9176034 0.2163022 0.9091895 0.2170486 0.9176034 0.2163022 0.917607 0.2246096 0.4337254 0.9300976 0.4337137 0.9215304 0.4421371 0.9288393 0.4421371 0.9288393 0.4337137 0.9215304 0.4337046 0.9138399 0.4421371 0.9288393 0.4337046 0.9138399 0.4421246 0.919445 0.4421246 0.919445 0.4337046 0.9138399 0.4421145 0.9103667 0.4336864 0.8934565 0.4458862 0.8935137 0.4336941 0.9031306 0.4336941 0.9031306 0.4458862 0.8935137 0.4458962 0.9059422 0.4336941 0.9031306 0.4458962 0.9059422 0.4336966 0.9058513 0.4336966 0.9058513 0.4458962 0.9059422 0.4421145 0.9103667 0.4336966 0.9058513 0.4421145 0.9103667 0.4337032 0.9125151 0.4337032 0.9125151 0.4421145 0.9103667 0.4337046 0.9138399 0.4580401 0.9100325 0.4421145 0.9103667 0.4589479 0.9088171 0.4589479 0.9088171 0.4421145 0.9103667 0.4458962 0.9059422 0.4589479 0.9088171 0.4458962 0.9059422 0.458945 0.9059698 0.458945 0.9059698 0.4458962 0.9059422 0.4458862 0.8935137 0.458945 0.9059698 0.4458862 0.8935137 0.4589353 0.8935301 0.1522312 0.9299497 0.1556372 0.9299492 0.1522312 0.9451014 0.1522312 0.9451014 0.1556372 0.9299492 0.1560399 0.9458755 0.7724684 0.7798009 0.7716799 0.7801137 0.7772155 0.7660844 0.7779513 0.7661874 0.7801544 0.7793114 0.7795226 0.7791115 0.7772155 0.7660844 0.7716799 0.7801137 0.7765317 0.7656042 0.7716799 0.7801137 0.7710394 0.7806698 0.7684314 0.7727413 0.7684314 0.7727413 0.7710394 0.7806698 0.7706192 0.7814065 0.7779513 0.7661874 0.7795226 0.7791115 0.7772155 0.7660844 0.7772155 0.7660844 0.7795226 0.7791115 0.7758778 0.7790778 0.7772155 0.7660844 0.7758778 0.7790778 0.7724684 0.7798009 0.7716799 0.7801137 0.7684314 0.7727413 0.7765317 0.7656042 0.7765317 0.7656042 0.7684314 0.7727413 0.7678666 0.7685003 0.7765317 0.7656042 0.7678666 0.7685003 0.7725134 0.7584429 0.7674325 0.752471 0.7715417 0.7502891 0.7673304 0.7547853 0.7673304 0.7547853 0.7715417 0.7502891 0.7725134 0.7584429 0.7673304 0.7547853 0.7725134 0.7584429 0.7674065 0.7628524 0.7674065 0.7628524 0.7725134 0.7584429 0.7678666 0.7685003 0.7706192 0.7814065 0.7704944 0.7818974 0.7684314 0.7727413 0.7684314 0.7727413 0.7704944 0.7818974 0.7704667 0.7822407 0.7684314 0.7727413 0.7704667 0.7822407 0.7705487 0.7829102 0.7803773 0.7167732 0.7744472 0.7331324 0.7710543 0.7306911 0.7674325 0.752471 0.7679219 0.7467144 0.7715417 0.7502891 0.7715417 0.7502891 0.7679219 0.7467144 0.7685602 0.7420731 0.7715417 0.7502891 0.7685602 0.7420731 0.7744472 0.7331324 0.7744472 0.7331324 0.7685602 0.7420731 0.7704715 0.732877 0.7744472 0.7331324 0.7704715 0.732877 0.7710543 0.7306911 0.7710543 0.7306911 0.7736763 0.722548 0.7803773 0.7167732 0.7803773 0.7167732 0.7736763 0.722548 0.7778847 0.7126415 0.7803773 0.7167732 0.7778847 0.7126415 0.7823595 0.7075517 0.7823595 0.7075517 0.7778847 0.7126415 0.7826207 0.7039319 0.08764582 0.952503 0.08764576 0.9676544 0.07293826 0.9676718 0.08764582 0.952503 0.07293826 0.9676718 0.07293826 0.95252 0.6887972 0.9327284 0.7039489 0.9327296 0.7039507 0.9484111 0.6887972 0.9327284 0.7039507 0.9484111 0.6887989 0.9484099 0.143919 0.9451031 0.1439191 0.9299516 0.1500413 0.9451016 0.1500413 0.9451016 0.1439191 0.9299516 0.1522312 0.9299497 0.1500413 0.9451016 0.1522312 0.9299497 0.1522312 0.9451014 0.9325094 0.2643852 0.9344559 0.2643845 0.9344576 0.270503 0.9092084 0.2704928 0.9092061 0.2619355 0.9176208 0.2644007 0.9176208 0.2644007 0.9092061 0.2619355 0.9092038 0.2533806 0.9176208 0.2644007 0.9092038 0.2533806 0.9176177 0.2540431 0.9176177 0.2540431 0.9092038 0.2533806 0.9176167 0.2498114 0.9176167 0.2498114 0.9092038 0.2533806 0.9092007 0.2443085 0.9176167 0.2498114 0.9092007 0.2443085 0.9176146 0.244257 0.9344642 0.3177154 0.921415 0.3176676 0.9214147 0.3107547 0.9176208 0.2644007 0.9214084 0.2705021 0.9092084 0.2704928 0.9092084 0.2704928 0.9214084 0.2705021 0.9214105 0.2791053 0.9092084 0.2704928 0.9214105 0.2791053 0.9092103 0.2790706 0.9092103 0.2790706 0.9214105 0.2791053 0.9214119 0.2875548 0.9092103 0.2790706 0.9214119 0.2875548 0.9092117 0.287495 0.9092117 0.287495 0.9214119 0.2875548 0.9214141 0.3034007 0.9092117 0.287495 0.9214141 0.3034007 0.9092139 0.3032937 0.9092139 0.3032937 0.9214141 0.3034007 0.9214147 0.3107547 0.9092139 0.3032937 0.9214147 0.3107547 0.9092143 0.3106254 0.9092143 0.3106254 0.9214147 0.3107547 0.921415 0.3176676 0.9092143 0.3106254 0.921415 0.3176676 0.9092147 0.3175173 0.9344642 0.3177154 0.9214147 0.3107547 0.934464 0.3107956 0.934464 0.3107956 0.9214147 0.3107547 0.9214141 0.3034007 0.934464 0.3107956 0.9214141 0.3034007 0.9344633 0.3034341 0.9344633 0.3034341 0.9214141 0.3034007 0.9214119 0.2875548 0.9344633 0.3034341 0.9214119 0.2875548 0.9344611 0.2875723 0.9344611 0.2875723 0.9214119 0.2875548 0.9214105 0.2791053 0.9344611 0.2875723 0.9214105 0.2791053 0.9344595 0.2791146 0.9344595 0.2791146 0.9214105 0.2791053 0.9214084 0.2705021 0.9344595 0.2791146 0.9214084 0.2705021 0.9344576 0.270503 0.9344576 0.270503 0.9214084 0.2705021 0.9176208 0.2644007 0.9344576 0.270503 0.9176208 0.2644007 0.9325094 0.2643852 0.747323 0.813512 0.7504611 0.813512 0.7471907 0.8284063 0.7471907 0.8284063 0.7504611 0.813512 0.7504753 0.8286634 0.7471907 0.8284063 0.7504753 0.8286634 0.7471905 0.8286637 0.9344557 0.2634374 0.9344559 0.2643845 0.9325094 0.2643852 0.747323 0.813512 0.7471907 0.8284063 0.7462075 0.8284046 0.747323 0.813512 0.7462075 0.8284046 0.7465082 0.8135125 0.7465082 0.8135125 0.7462075 0.8284046 0.7452057 0.8284038 0.7465082 0.8135125 0.7452057 0.8284038 0.7456613 0.8135132 0.9325096 0.263397 0.9325094 0.2643852 0.9176208 0.2644007 0.9176208 0.2644007 0.9176205 0.2637346 0.9325096 0.263397 0.9325096 0.263397 0.9176205 0.2637346 0.9176204 0.2634124 0.7443468 0.8284047 0.7444785 0.8135156 0.7452057 0.8284038 0.5392163 0.4454367 0.5392163 0.4603499 0.53878 0.4603256 0.7452057 0.8284038 0.7448779 0.8135146 0.7456613 0.8135132 0.9325094 0.2643852 0.9325096 0.263397 0.9344557 0.2634374 0.7443145 0.8303508 0.7443468 0.8284047 0.7452057 0.8284038 0.7443145 0.8303508 0.7452057 0.8284038 0.7451499 0.8294907 0.7451499 0.8294907 0.7452057 0.8284038 0.7462075 0.8284046 0.7451499 0.8294907 0.7462075 0.8284046 0.7459318 0.8289899 0.7471907 0.8284063 0.7471905 0.8286637 0.7462075 0.8284046 0.7462075 0.8284046 0.7471905 0.8286637 0.7465568 0.8287521 0.7462075 0.8284046 0.7465568 0.8287521 0.7459318 0.8289899 0.8104621 0.6630727 0.8618094 0.6630754 0.8104616 0.6666355 0.8104616 0.6666355 0.8618094 0.6630754 0.8617921 0.7780435 0.8104616 0.6666355 0.8617921 0.7780435 0.7953099 0.6666346 0.7953099 0.6666346 0.8617921 0.7780435 0.795293 0.7780399 0.9581627 0.908656 0.9451155 0.908667 0.9583464 0.9070444 0.9583464 0.9070444 0.9451155 0.908667 0.9451152 0.9056285 0.9583464 0.9070444 0.9451152 0.9056285 0.9588606 0.9056168 0.796717 0.663593 0.8104624 0.6635938 0.7953101 0.6658877 0.7953101 0.6658877 0.8104624 0.6635938 0.8104616 0.6666355 0.7953101 0.6658877 0.8104616 0.6666355 0.7953099 0.6666346 0.3477348 0.7985727 0.3327402 0.7976972 0.3327369 0.7958499 0.3327125 0.7857161 0.3695998 0.7858836 0.3327291 0.7923142 0.3327291 0.7923142 0.3695998 0.7858836 0.3696145 0.7910649 0.3327291 0.7923142 0.3696145 0.7910649 0.3327369 0.7958499 0.3327369 0.7958499 0.3696145 0.7910649 0.3696231 0.7941157 0.3327369 0.7958499 0.3696231 0.7941157 0.3477348 0.7985727 0.3477348 0.7985727 0.3696231 0.7941157 0.3696365 0.7991887 0.3477348 0.7985727 0.3696365 0.7991887 0.3626638 0.8004869 0.3626638 0.8004869 0.3696365 0.7991887 0.3696401 0.8006991 0.3626638 0.8004869 0.3696401 0.8006991 0.3696435 0.8022875 0.4336846 0.81601 0.4135282 0.8165377 0.4336909 0.807647 0.4336909 0.807647 0.4135282 0.8165377 0.4135339 0.8082479 0.680211 0.4343524 0.7003707 0.4350274 0.6802098 0.4410299 0.6802098 0.4410299 0.7003707 0.4350274 0.7003698 0.443229 0.7003695 0.4601029 0.6802077 0.4566216 0.7003698 0.443229 0.7003698 0.443229 0.6802077 0.4566216 0.6802094 0.442611 0.7003698 0.443229 0.6802094 0.442611 0.6802098 0.4410299 0.700371 0.4922129 0.6802064 0.4918755 0.70037 0.4767661 0.70037 0.4767661 0.6802064 0.4918755 0.6802066 0.4763523 0.70037 0.4767661 0.6802066 0.4763523 0.7003695 0.4601029 0.7003695 0.4601029 0.6802066 0.4763523 0.6802076 0.4595934 0.7003695 0.4601029 0.6802076 0.4595934 0.6802077 0.4566216 0.4135282 0.8165377 0.3967674 0.8172485 0.4135339 0.8082479 0.4135339 0.8082479 0.3967674 0.8172485 0.3967736 0.8074133 0.7003707 0.4350274 0.7171356 0.437611 0.7003698 0.443229 0.7003698 0.443229 0.7171356 0.437611 0.717136 0.4440662 0.7003698 0.443229 0.717136 0.4440662 0.7003695 0.4601029 0.7171429 0.4926704 0.700371 0.4922129 0.7171394 0.4717627 0.7171394 0.4717627 0.700371 0.4922129 0.70037 0.4767661 0.7171394 0.4717627 0.70037 0.4767661 0.7171378 0.4607932 0.7171378 0.4607932 0.70037 0.4767661 0.7003695 0.4601029 0.7171378 0.4607932 0.7003695 0.4601029 0.7171369 0.4534123 0.7171369 0.4534123 0.7003695 0.4601029 0.717136 0.4440662 0.4589353 0.8935301 0.4458862 0.8935137 0.4458811 0.8852042 0.4336764 0.8735694 0.4458811 0.8852042 0.4336807 0.8835735 0.4336807 0.8835735 0.4458811 0.8852042 0.4458862 0.8935137 0.4336807 0.8835735 0.4458862 0.8935137 0.4336864 0.8934565 0.433674 0.8635337 0.4458734 0.8598197 0.4336764 0.8735694 0.4336764 0.8735694 0.4458734 0.8598197 0.4458774 0.8767992 0.4336764 0.8735694 0.4458774 0.8767992 0.4458811 0.8852042 0.433674 0.8635337 0.4336735 0.8598517 0.4458734 0.8598197 0.4458734 0.8598197 0.4336735 0.8598517 0.433673 0.8535557 0.4458734 0.8598197 0.433673 0.8535557 0.4458739 0.8425101 0.433673 0.8535557 0.4336736 0.843725 0.4458739 0.8425101 0.4458739 0.8425101 0.4336736 0.843725 0.4336758 0.8341308 0.4458739 0.8425101 0.4336758 0.8341308 0.445876 0.8339197 0.445876 0.8339197 0.4336758 0.8341308 0.4336795 0.8248626 0.445876 0.8339197 0.4336795 0.8248626 0.4458793 0.8255921 0.4458793 0.8255921 0.4336795 0.8248626 0.4336846 0.81601 0.4458793 0.8255921 0.4336846 0.81601 0.4458851 0.8158683 0.4589353 0.8935301 0.4458811 0.8852042 0.4589303 0.8852132 0.4589303 0.8852132 0.4458811 0.8852042 0.4458774 0.8767992 0.4589303 0.8852132 0.4458774 0.8767992 0.4589266 0.8768006 0.4589266 0.8768006 0.4458774 0.8767992 0.4458734 0.8598197 0.4589266 0.8768006 0.4458734 0.8598197 0.4589226 0.8598063 0.4589226 0.8598063 0.4458734 0.8598197 0.4458739 0.8425101 0.4589226 0.8598063 0.4458739 0.8425101 0.4589232 0.842482 0.4589232 0.842482 0.4458739 0.8425101 0.445876 0.8339197 0.4589232 0.842482 0.445876 0.8339197 0.4589253 0.8338842 0.4589253 0.8338842 0.445876 0.8339197 0.4458793 0.8255921 0.4589253 0.8338842 0.4458793 0.8255921 0.4589287 0.8255499 0.4589287 0.8255499 0.4458793 0.8255921 0.4458851 0.8158683 0.4589287 0.8255499 0.4458851 0.8158683 0.4589346 0.8158183 0.9299507 0.5979085 0.9296289 0.5726584 0.9400686 0.572693 0.9092144 0.3248079 0.9092147 0.3175173 0.921415 0.3176676 0.9299507 0.5979085 0.9400686 0.572693 0.9404081 0.597943 0.9344589 0.3521673 0.909208 0.3518267 0.9092114 0.342828 0.9344589 0.3521673 0.9092114 0.342828 0.934462 0.3431314 0.934462 0.3431314 0.9092114 0.342828 0.9092128 0.3374438 0.934462 0.3431314 0.9092128 0.3374438 0.9344631 0.3377246 0.9344631 0.3377246 0.9092128 0.3374438 0.9092138 0.3314436 0.9344631 0.3377246 0.9092138 0.3314436 0.9344639 0.3316993 0.9344639 0.3316993 0.9092138 0.3314436 0.9092144 0.3248079 0.9344639 0.3316993 0.9092144 0.3248079 0.9344642 0.3250361 0.9344642 0.3250361 0.9092144 0.3248079 0.921415 0.3176676 0.9344642 0.3250361 0.921415 0.3176676 0.9344642 0.3177154 0.928717 0.552501 0.9296289 0.5726584 0.9172452 0.5524709 0.9172452 0.5524709 0.9296289 0.5726584 0.9181289 0.5726285 0.9172452 0.5524709 0.9181289 0.5726285 0.9052093 0.5524429 0.9052093 0.5524429 0.9181289 0.5726285 0.9060868 0.5726005 0.9052093 0.5524429 0.9060868 0.5726005 0.8931108 0.5524136 0.8931108 0.5524136 0.9060868 0.5726005 0.8940017 0.5725712 0.8931108 0.5524136 0.8940017 0.5725712 0.881451 0.552379 0.881451 0.552379 0.8940017 0.5725712 0.8823723 0.5725373 0.9274833 0.5357388 0.928717 0.552501 0.9160497 0.5357083 0.9160497 0.5357083 0.928717 0.552501 0.9172452 0.5524709 0.9160497 0.5357083 0.9172452 0.5524709 0.9040221 0.5356804 0.9040221 0.5356804 0.9172452 0.5524709 0.9052093 0.5524429 0.9040221 0.5356804 0.9052093 0.5524429 0.8919054 0.5356507 0.8919054 0.5356507 0.9052093 0.5524429 0.8931108 0.5524136 0.8919054 0.5356507 0.8931108 0.5524136 0.8802045 0.5356159 0.8802045 0.5356159 0.8931108 0.5524136 0.881451 0.552379 0.8826161 0.5847381 0.8823723 0.5725373 0.8940017 0.5725712 0.8826161 0.5847381 0.8940017 0.5725712 0.8826974 0.5977882 0.8826974 0.5977882 0.8940017 0.5725712 0.8943161 0.5978219 0.8943161 0.5978219 0.8940017 0.5725712 0.9060868 0.5726005 0.8943161 0.5978219 0.9060868 0.5726005 0.9063966 0.5978512 0.9063966 0.5978512 0.9060868 0.5726005 0.9181289 0.5726285 0.9063966 0.5978512 0.9181289 0.5726285 0.9184408 0.5978789 0.9184408 0.5978789 0.9181289 0.5726285 0.9296289 0.5726584 0.9184408 0.5978789 0.9296289 0.5726584 0.9299507 0.5979085 0.881451 0.552379 0.8823723 0.5725373 0.871641 0.5724961 0.8802045 0.5356159 0.881451 0.552379 0.8706759 0.5523369 0.881451 0.552379 0.871641 0.5724961 0.8706759 0.5523369 0.6873682 0.8499934 0.6863415 0.8701551 0.6838685 0.8701542 0.6873682 0.8499934 0.6838685 0.8701542 0.6764717 0.8499895 0.6838685 0.8701542 0.6754981 0.8701519 0.6764717 0.8499895 0.6764717 0.8499895 0.6754981 0.8701519 0.6634727 0.8701497 0.6764717 0.8499895 0.6634727 0.8701497 0.6643953 0.8499862 0.6643953 0.8499862 0.6634727 0.8701497 0.6511479 0.870148 0.6643953 0.8499862 0.6511479 0.870148 0.652031 0.849984 0.8802045 0.5356159 0.8706759 0.5523369 0.8693702 0.535573 0.6887603 0.8332258 0.6873682 0.8499934 0.6764717 0.8499895 0.6887603 0.8332258 0.6764717 0.8499895 0.677792 0.8332207 0.677792 0.8332207 0.6764717 0.8499895 0.6643953 0.8499862 0.677792 0.8332207 0.6643953 0.8499862 0.6656466 0.8332163 0.6656466 0.8332163 0.6643953 0.8499862 0.652031 0.849984 0.6656466 0.8332163 0.652031 0.849984 0.6532288 0.833213 0.6509162 0.8823505 0.6511479 0.870148 0.6634727 0.8701497 0.6508416 0.8954011 0.6509162 0.8823505 0.6604794 0.8823514 0.6509162 0.8823505 0.6634727 0.8701497 0.6604794 0.8823514 0.6604794 0.8823514 0.6634727 0.8701497 0.6754981 0.8701519 0.6604794 0.8823514 0.6754981 0.8701519 0.6699786 0.882353 0.6699786 0.882353 0.6754981 0.8701519 0.6838685 0.8701542 0.6699786 0.882353 0.6838685 0.8701542 0.6836022 0.8823561 0.6836022 0.8823561 0.6838685 0.8701542 0.6863415 0.8701551 0.8694598 0.5846863 0.871641 0.5724961 0.8804384 0.5847308 0.8804384 0.5847308 0.871641 0.5724961 0.8823723 0.5725373 0.8804384 0.5847308 0.8823723 0.5725373 0.8826161 0.5847381 0.6508416 0.8954011 0.6604794 0.8823514 0.6604023 0.8954021 0.6604023 0.8954021 0.6604794 0.8823514 0.6699786 0.882353 0.6604023 0.8954021 0.6699786 0.882353 0.6698981 0.8954036 0.6698981 0.8954036 0.6699786 0.882353 0.6836022 0.8823561 0.6698981 0.8954036 0.6836022 0.8823561 0.683516 0.8954066 0.8695459 0.5977365 0.8694598 0.5846863 0.8804384 0.5847308 0.8695459 0.5977365 0.8804384 0.5847308 0.8805204 0.5977805 0.8805204 0.5977805 0.8804384 0.5847308 0.8826161 0.5847381 0.8805204 0.5977805 0.8826161 0.5847381 0.8826974 0.5977882 0.652031 0.849984 0.6511479 0.870148 0.6285729 0.8499823 0.6285729 0.8499823 0.6511479 0.870148 0.6277104 0.8701465 0.6285729 0.8499823 0.6277104 0.8701465 0.6172921 0.8499826 0.6172921 0.8499826 0.6277104 0.8701465 0.6164107 0.8701459 0.6172921 0.8499826 0.6164107 0.8701459 0.6060657 0.8499828 0.6060657 0.8499828 0.6164107 0.8701459 0.6051476 0.8701453 0.6532288 0.833213 0.652031 0.849984 0.6297429 0.8332109 0.6297429 0.8332109 0.652031 0.849984 0.6285729 0.8499823 0.6297429 0.8332109 0.6285729 0.8499823 0.6184874 0.8332118 0.6184874 0.8332118 0.6285729 0.8499823 0.6172921 0.8499826 0.6184874 0.8332118 0.6172921 0.8499826 0.607311 0.8332138 0.607311 0.8332138 0.6172921 0.8499826 0.6060657 0.8499828 0.3528894 0.9049643 0.336138 0.9053329 0.3437071 0.9025998 0.3327245 0.912095 0.3528794 0.9107494 0.3327113 0.917943 0.3327113 0.917943 0.3528794 0.9107494 0.3528545 0.9216484 0.3327113 0.917943 0.3528545 0.9216484 0.3326992 0.9225639 0.5835048 0.8701413 0.5845345 0.8499823 0.589994 0.8701429 0.589994 0.8701429 0.5845345 0.8499823 0.5948972 0.8499828 0.589994 0.8701429 0.5948972 0.8499828 0.5939266 0.8701437 0.5939266 0.8701437 0.5948972 0.8499828 0.5974549 0.8701443 0.5974549 0.8701443 0.5948972 0.8499828 0.6060657 0.8499828 0.5974549 0.8701443 0.6060657 0.8499828 0.6051476 0.8701453 0.3696535 0.8981316 0.3528894 0.9049643 0.3528973 0.8990238 0.3528973 0.8990238 0.3528894 0.9049643 0.3437071 0.9025998 0.3528973 0.8990238 0.3437071 0.9025998 0.3504876 0.8991306 0.3696535 0.8981316 0.3696459 0.9039806 0.3528894 0.9049643 0.3528894 0.9049643 0.3696459 0.9039806 0.3528794 0.9107494 0.3528894 0.9049643 0.3528794 0.9107494 0.336138 0.9053329 0.336138 0.9053329 0.3528794 0.9107494 0.3327245 0.912095 0.336138 0.9053329 0.3327245 0.912095 0.3327351 0.9062582 0.3696459 0.9039806 0.3696368 0.9096794 0.3528794 0.9107494 0.3528794 0.9107494 0.3696368 0.9096794 0.3696272 0.9145662 0.3528794 0.9107494 0.3696272 0.9145662 0.3528545 0.9216484 0.3528545 0.9216484 0.3696272 0.9145662 0.3696137 0.920423 0.5845345 0.8499823 0.5859307 0.8332179 0.5948972 0.8499828 0.607311 0.8332138 0.6060657 0.8499828 0.5962133 0.8332161 0.5962133 0.8332161 0.6060657 0.8499828 0.5948972 0.8499828 0.5962133 0.8332161 0.5948972 0.8499828 0.5921019 0.8332169 0.5921019 0.8332169 0.5948972 0.8499828 0.5859307 0.8332179 0.3624548 0.8536682 0.369649 0.853529 0.3648777 0.8631216 0.3648777 0.8631216 0.369649 0.853529 0.3696601 0.8631221 0.3648777 0.8631216 0.3696601 0.8631221 0.3652544 0.8647035 0.3696628 0.8865675 0.3642201 0.8846071 0.3655496 0.8809486 0.3696628 0.8865675 0.3655496 0.8809486 0.3696653 0.8750571 0.3655496 0.8809486 0.3663994 0.8758217 0.3696653 0.8750571 0.3696653 0.8750571 0.3663994 0.8758217 0.3664506 0.8745433 0.3696653 0.8750571 0.3664506 0.8745433 0.3696601 0.8631221 0.3696601 0.8631221 0.3664506 0.8745433 0.366267 0.8705747 0.3696601 0.8631221 0.366267 0.8705747 0.3652544 0.8647035 0.3642201 0.8846071 0.3696628 0.8865675 0.3614604 0.8893176 0.3614604 0.8893176 0.3696628 0.8865675 0.3696591 0.8923651 0.3614604 0.8893176 0.3696591 0.8923651 0.3592559 0.8920211 0.3528973 0.8990238 0.3504876 0.8991306 0.3546004 0.8963043 0.3592559 0.8920211 0.3696591 0.8923651 0.3546004 0.8963043 0.3546004 0.8963043 0.3696591 0.8923651 0.3696535 0.8981316 0.3546004 0.8963043 0.3696535 0.8981316 0.3528973 0.8990238 0.3624548 0.8536682 0.3619343 0.8507526 0.369649 0.853529 0.369649 0.853529 0.3619343 0.8507526 0.3618042 0.8496226 0.369649 0.853529 0.3618042 0.8496226 0.3618733 0.8455108 0.3619532 0.8450573 0.3630929 0.841947 0.3654669 0.8390536 0.3618733 0.8455108 0.3619532 0.8450573 0.369649 0.853529 0.369649 0.853529 0.3619532 0.8450573 0.3654669 0.8390536 0.369649 0.853529 0.3654669 0.8390536 0.3696148 0.8385832 0.3696148 0.8385832 0.3654669 0.8390536 0.3658927 0.8386846 0.3696148 0.8385832 0.3658927 0.8386846 0.3696087 0.8362489 0.3205249 0.9123172 0.3180866 0.9086372 0.3239522 0.9079526 0.3074755 0.9124026 0.3074819 0.9091149 0.3180866 0.9086372 0.5939266 0.8701437 0.5972048 0.8823461 0.589994 0.8701429 0.589994 0.8701429 0.5972048 0.8823461 0.5897336 0.8823446 0.589994 0.8701429 0.5897336 0.8823446 0.5835048 0.8701413 0.3326992 0.9225639 0.3204787 0.9292109 0.3205115 0.9181814 0.3326992 0.9225639 0.3205115 0.9181814 0.3327113 0.917943 0.3327113 0.917943 0.3205115 0.9181814 0.3205249 0.9123172 0.3327113 0.917943 0.3205249 0.9123172 0.3327245 0.912095 0.3327245 0.912095 0.3205249 0.9123172 0.3239522 0.9079526 0.3327245 0.912095 0.3239522 0.9079526 0.3327351 0.9062582 0.5939266 0.8701437 0.5974549 0.8701443 0.5972048 0.8823461 0.5972048 0.8823461 0.5974549 0.8701443 0.6051476 0.8701453 0.5972048 0.8823461 0.6051476 0.8701453 0.6049066 0.8823473 0.3180866 0.9086372 0.3205249 0.9123172 0.3074755 0.9124026 0.3074755 0.9124026 0.3205249 0.9123172 0.3205115 0.9181814 0.3074755 0.9124026 0.3205115 0.9181814 0.3074619 0.9182723 0.3074619 0.9182723 0.3205115 0.9181814 0.3204787 0.9292109 0.3074619 0.9182723 0.3204787 0.9292109 0.3074291 0.9293113 0.5896494 0.8953946 0.5897336 0.8823446 0.5972048 0.8823461 0.5896494 0.8953946 0.5972048 0.8823461 0.597124 0.8953962 0.597124 0.8953962 0.5972048 0.8823461 0.6049066 0.8823473 0.597124 0.8953962 0.6049066 0.8823473 0.604829 0.8953976 0.2197601 0.6848224 0.219335 0.6846469 0.2331913 0.6731032 0.1946861 0.7269548 0.1869285 0.7172706 0.1899595 0.7174844 0.1946861 0.7269548 0.1899595 0.7174844 0.1950523 0.7260159 0.2743516 0.6449988 0.2636137 0.6660323 0.2463791 0.6647076 0.2239756 0.6943764 0.2245655 0.6928439 0.2311352 0.7000193 0.2311352 0.7000193 0.2245655 0.6928439 0.239598 0.6728456 0.2311352 0.7000193 0.239598 0.6728456 0.2490262 0.6846042 0.2490262 0.6846042 0.239598 0.6728456 0.2431279 0.6713801 0.2490262 0.6846042 0.2431279 0.6713801 0.2636137 0.6660323 0.2636137 0.6660323 0.2431279 0.6713801 0.2455746 0.6684439 0.2636137 0.6660323 0.2455746 0.6684439 0.2463791 0.6647076 0.1950523 0.7260159 0.1899595 0.7174844 0.1963362 0.7245646 0.1963362 0.7245646 0.1899595 0.7174844 0.1938784 0.7159973 0.1963362 0.7245646 0.1938784 0.7159973 0.2311352 0.7000193 0.2311352 0.7000193 0.1938784 0.7159973 0.2228441 0.6955666 0.2311352 0.7000193 0.2228441 0.6955666 0.2239756 0.6943764 0.2463791 0.6647076 0.2453576 0.6610245 0.2743516 0.6449988 0.2743516 0.6449988 0.2453576 0.6610245 0.245059 0.6601422 0.2743516 0.6449988 0.245059 0.6601422 0.2451006 0.6592116 0.2213831 0.6861932 0.2357911 0.6725053 0.2238575 0.6897014 0.2238575 0.6897014 0.2357911 0.6725053 0.239598 0.6728456 0.2238575 0.6897014 0.239598 0.6728456 0.2245241 0.6912022 0.2245241 0.6912022 0.239598 0.6728456 0.2245655 0.6928439 0.2339617 0.6725795 0.2348694 0.6723708 0.2331913 0.6731032 0.2331913 0.6731032 0.2348694 0.6723708 0.2357911 0.6725053 0.2331913 0.6731032 0.2357911 0.6725053 0.2197601 0.6848224 0.2197601 0.6848224 0.2357911 0.6725053 0.2213831 0.6861932 0.2019006 0.5061746 0.207821 0.4876514 0.2214458 0.5174155 0.2214458 0.5174155 0.207821 0.4876514 0.2286302 0.4988178 0.2214458 0.5174155 0.2286302 0.4988178 0.2380668 0.5326507 0.2380668 0.5326507 0.2286302 0.4988178 0.2468994 0.5137826 0.2380668 0.5326507 0.2468994 0.5137826 0.2509626 0.551146 0.2451006 0.6592116 0.2454767 0.6583595 0.2743516 0.6449988 0.2743516 0.6449988 0.2454767 0.6583595 0.2561103 0.6384773 0.2743516 0.6449988 0.2561103 0.6384773 0.2808379 0.6222911 0.2808379 0.6222911 0.2561103 0.6384773 0.2621486 0.6167538 0.2808379 0.6222911 0.2621486 0.6167538 0.2828298 0.5987594 0.2828298 0.5987594 0.2621486 0.6167538 0.2633008 0.5942361 0.2828298 0.5987594 0.2633008 0.5942361 0.2802526 0.5752845 0.2802526 0.5752845 0.2633008 0.5942361 0.2595112 0.5720096 0.2802526 0.5752845 0.2595112 0.5720096 0.273203 0.5527453 0.273203 0.5527453 0.2595112 0.5720096 0.2509626 0.551146 0.273203 0.5527453 0.2509626 0.551146 0.2619448 0.5319857 0.2619448 0.5319857 0.2509626 0.551146 0.2468994 0.5137826 0.2019006 0.5061746 0.2001168 0.5050315 0.207821 0.4876514 0.207821 0.4876514 0.2001168 0.5050315 0.1987764 0.5033909 0.207821 0.4876514 0.1987764 0.5033909 0.1856163 0.4807766 0.8929451 0.1647714 0.8630629 0.1647728 0.8929404 0.1431221 0.8929404 0.1431221 0.8630629 0.1647728 0.8630582 0.1431235 0.8929404 0.1431221 0.8630582 0.1431235 0.8929375 0.1200612 0.8929375 0.1200612 0.8630582 0.1431235 0.863055 0.1200625 0.8929375 0.1200612 0.863055 0.1200625 0.8929361 0.09645175 0.8929361 0.09645175 0.863055 0.1200625 0.8630536 0.09645313 0.8929361 0.09645175 0.8630536 0.09645313 0.8929366 0.07317775 0.8929366 0.07317775 0.8630536 0.09645313 0.8630542 0.07317906 0.8929366 0.07317775 0.8630542 0.07317906 0.892939 0.05111038 0.892939 0.05111038 0.8630542 0.07317906 0.8630566 0.05111181 0.892939 0.05111038 0.8630566 0.05111181 0.892943 0.03107595 0.892943 0.03107595 0.8630566 0.05111181 0.8630605 0.03107732 0.892943 0.03107595 0.8630605 0.03107732 0.8929484 0.01382434 0.8929484 0.01382434 0.8630605 0.03107732 0.8630659 0.01382577 0.8929484 0.01382434 0.8630659 0.01382577 0.8929553 1.5286e-6 0.8929553 1.5286e-6 0.8630659 0.01382577 0.863073 2.91336e-6 0.5436621 0.7942041 0.5735442 0.7942041 0.5436114 0.8099417 0.5436114 0.8099417 0.5735442 0.7942041 0.5734937 0.8099417 0.5436114 0.8099417 0.5734937 0.8099417 0.5435705 0.8287755 0.5435705 0.8287755 0.5734937 0.8099417 0.5734528 0.8287755 0.5435705 0.8287755 0.5734528 0.8287755 0.5435407 0.8500006 0.5435407 0.8500006 0.5734528 0.8287755 0.573423 0.8500007 0.5435407 0.8500006 0.573423 0.8500007 0.5435231 0.8728225 0.5435231 0.8728225 0.573423 0.8500007 0.5734057 0.8724545 0.5435231 0.8728225 0.5734057 0.8724545 0.5736835 0.8728225 0.9580881 0.6285546 0.9415194 0.628545 0.9415194 0.5936119 0.9600276 0.6281349 0.9609856 0.628469 0.9623395 0.6298196 0.9415194 0.5936119 0.9600276 0.5936228 0.9580881 0.6285546 0.9580881 0.6285546 0.9600276 0.5936228 0.9600276 0.6281349 0.9580881 0.6285546 0.9600276 0.6281349 0.9580881 0.6601206 0.9580881 0.6601206 0.9600276 0.6281349 0.9623395 0.6298196 0.9580881 0.6601206 0.9623395 0.6298196 0.9648568 0.6601245 0.9648568 0.6601245 0.9623395 0.6298196 0.9648568 0.6298211 0.8769354 0.8096981 0.8756801 0.807676 0.9434347 0.8076486 0.8769354 0.8096981 0.9434347 0.8076486 0.8769304 0.8373612 0.9131242 0.8468949 0.9131255 0.8411219 0.9434277 0.8468827 0.9434277 0.8468827 0.9131255 0.8411219 0.9124429 0.8402205 0.9434277 0.8468827 0.9124429 0.8402205 0.9434347 0.8076486 0.9434347 0.8076486 0.9124429 0.8402205 0.9114425 0.8373472 0.9434347 0.8076486 0.9114425 0.8373472 0.8769304 0.8373612 0.07581239 0.7882072 0.07469385 0.7871305 0.08722972 0.7852345 0.148317 0.4937484 0.1550693 0.4826222 0.1504202 0.5317445 0.01385539 0.501485 0.01388382 0.5003016 0.0240274 0.5101316 0.03392678 0.6036882 0.01433038 0.6114491 0.1060467 0.5702039 0.1070703 0.5593883 0.0408867 0.5209481 0.05979347 0.5275639 0.03046071 0.7689182 0.05122363 0.7725448 0.07326114 0.7865326 0.07326114 0.7865326 0.05122363 0.7725448 0.07224452 0.7710037 0.07326114 0.7865326 0.07224452 0.7710037 0.07469385 0.7871305 0.07469385 0.7871305 0.07224452 0.7710037 0.09225648 0.7643877 0.07469385 0.7871305 0.09225648 0.7643877 0.1100537 0.7530955 0.1070703 0.5593883 0.05979347 0.5275639 0.1126853 0.5500879 0.01433038 0.6114491 0.002636611 0.6191394 0.002830743 0.6179716 0.1070703 0.5593883 0.1060467 0.5702039 0.0408867 0.5209481 0.0408867 0.5209481 0.1060467 0.5702039 0.01433038 0.6114491 0.0408867 0.5209481 0.01433038 0.6114491 0.0240274 0.5101316 0.0240274 0.5101316 0.01433038 0.6114491 0.002830743 0.6179716 0.0240274 0.5101316 0.002830743 0.6179716 0.01385539 0.501485 0.1098172 0.5803925 0.07576131 0.6033567 0.1060467 0.5702039 0.1060467 0.5702039 0.07576131 0.6033567 0.05482351 0.6009355 0.1060467 0.5702039 0.05482351 0.6009355 0.03392678 0.6036882 0.136211 0.6574975 0.1266421 0.6387175 0.117635 0.5879362 0.117635 0.5879362 0.1266421 0.6387175 0.1127862 0.6228346 0.117635 0.5879362 0.1127862 0.6228346 0.1098172 0.5803925 0.1098172 0.5803925 0.1127862 0.6228346 0.09547823 0.6108062 0.1098172 0.5803925 0.09547823 0.6108062 0.07576131 0.6033567 0.08103895 0.790857 0.07809954 0.7901752 0.08395892 0.7900967 0.08395892 0.7900967 0.07809954 0.7901752 0.07581239 0.7882072 0.08395892 0.7900967 0.07581239 0.7882072 0.0861926 0.7880681 0.0861926 0.7880681 0.07581239 0.7882072 0.08722972 0.7852345 0.07170915 0.7864947 0.01821237 0.7681313 0.07326114 0.7865326 0.07326114 0.7865326 0.01821237 0.7681313 0.0179013 0.7649412 0.07326114 0.7865326 0.0179013 0.7649412 0.03046071 0.7689182 0.03046071 0.7689182 0.0179013 0.7649412 0.01745069 0.7637583 0.148317 0.4937484 0.1504202 0.5317445 0.1348364 0.5085642 0.1348364 0.5085642 0.1504202 0.5317445 0.1490081 0.5364642 0.1348364 0.5085642 0.1490081 0.5364642 0.1458973 0.5402845 0.05979347 0.5275639 0.07971864 0.529619 0.1126853 0.5500879 0.1126853 0.5500879 0.07971864 0.529619 0.09957766 0.5270013 0.1126853 0.5500879 0.09957766 0.5270013 0.1217795 0.5441448 0.1217795 0.5441448 0.09957766 0.5270013 0.1182897 0.5198534 0.1217795 0.5441448 0.1182897 0.5198534 0.1325517 0.5427361 0.1325517 0.5427361 0.1182897 0.5198534 0.1348364 0.5085642 0.1325517 0.5427361 0.1348364 0.5085642 0.1366603 0.543125 0.1366603 0.543125 0.1348364 0.5085642 0.1458973 0.5402845 0.1366603 0.543125 0.1458973 0.5402845 0.1415613 0.5426234 0.1422727 0.6350778 0.1409162 0.6780429 0.1412916 0.632618 0.1412916 0.632618 0.1409162 0.6780429 0.136211 0.6574975 0.1412916 0.632618 0.136211 0.6574975 0.1279516 0.5913408 0.1279516 0.5913408 0.136211 0.6574975 0.117635 0.5879362 0.1424822 0.5932825 0.1438708 0.5949613 0.1404404 0.5925229 0.1404404 0.5925229 0.1438708 0.5949613 0.1442338 0.5971094 0.1404404 0.5925229 0.1442338 0.5971094 0.1279516 0.5913408 0.1279516 0.5913408 0.1442338 0.5971094 0.1411234 0.6299751 0.1279516 0.5913408 0.1411234 0.6299751 0.1412916 0.632618 0.109866 0.7719271 0.0899769 0.7817385 0.1100537 0.7530955 0.1100537 0.7530955 0.0899769 0.7817385 0.08864039 0.7825285 0.1100537 0.7530955 0.08864039 0.7825285 0.07469385 0.7871305 0.07469385 0.7871305 0.08864039 0.7825285 0.08768111 0.7837492 0.07469385 0.7871305 0.08768111 0.7837492 0.08722972 0.7852345 0.1422727 0.6350778 0.1514669 0.6552597 0.1409162 0.6780429 0.1409162 0.6780429 0.1514669 0.6552597 0.1560353 0.6769616 0.1409162 0.6780429 0.1560353 0.6769616 0.1404742 0.6991155 0.1404742 0.6991155 0.1560353 0.6769616 0.1557576 0.6991373 0.1404742 0.6991155 0.1557576 0.6991373 0.1349115 0.7194455 0.1349115 0.7194455 0.1557576 0.6991373 0.1506471 0.720718 0.1349115 0.7194455 0.1506471 0.720718 0.1245635 0.7378076 0.1245635 0.7378076 0.1506471 0.720718 0.1409503 0.7406633 0.1245635 0.7378076 0.1409503 0.7406633 0.1100537 0.7530955 0.1100537 0.7530955 0.1409503 0.7406633 0.1271346 0.7580118 0.1100537 0.7530955 0.1271346 0.7580118 0.109866 0.7719271 0.02019268 0.7806169 0.01815825 0.7774872 0.02338039 0.7825592 0.02338039 0.7825592 0.01815825 0.7774872 0.01767718 0.7737854 0.02338039 0.7825592 0.01767718 0.7737854 0.0392065 0.7864798 0.0392065 0.7864798 0.01767718 0.7737854 0.01821237 0.7681313 0.0392065 0.7864798 0.01821237 0.7681313 0.05545717 0.7878031 0.05545717 0.7878031 0.01821237 0.7681313 0.07170915 0.7864947 0.5750836 0.8756919 0.5435177 0.8756919 0.5749927 0.8751422 0.5749927 0.8751422 0.5435177 0.8756919 0.5435215 0.8744598 0.5749927 0.8751422 0.5435215 0.8744598 0.5747197 0.8744598 0.5747197 0.8744598 0.5435215 0.8744598 0.5435231 0.8728225 0.5747197 0.8744598 0.5435231 0.8728225 0.5736835 0.8728225 0.7774335 0.5017538 0.7774335 0.4352547 0.7830139 0.5017544 0.7830139 0.5017544 0.7774335 0.4352547 0.7830139 0.4352553 0.1578689 0.7145549 0.1578689 0.6846724 0.1620015 0.7145555 0.1620015 0.7145555 0.1578689 0.6846724 0.1620015 0.684673 0.5751299 0.6137286 0.5751299 0.6452945 0.5634195 0.6453086 0.3522702 0.9293125 0.36589 0.9293113 0.3618057 0.9642445 0.3618057 0.9642445 0.36589 0.9293113 0.3807743 0.9293115 0.3618057 0.9642445 0.3807743 0.9293115 0.3807679 0.9642445 0.5751299 0.6137286 0.5634195 0.6453086 0.5654667 0.5788077 0.5654667 0.5788077 0.5634195 0.6453086 0.5507746 0.6453194 0.5654667 0.5788077 0.5507746 0.6453194 0.5507746 0.5788207 0.8929551 0.2019804 0.8630726 0.2019819 0.8929451 0.1647714 0.8929451 0.1647714 0.8630726 0.2019819 0.8630629 0.1647728 0.3623325 0.8039225 0.3698548 0.8052943 0.3703657 0.8074656 0.3626638 0.8004869 0.3696435 0.8022875 0.3698548 0.8052943 0.3703657 0.8074656 0.361925 0.8067317 0.3623325 0.8039225 0.3623325 0.8039225 0.361925 0.8067317 0.3472239 0.8058288 0.3623325 0.8039225 0.3472239 0.8058288 0.3475151 0.8025527 0.3475151 0.8025527 0.3472239 0.8058288 0.3407442 0.8055598 0.3475151 0.8025527 0.3407442 0.8055598 0.3405236 0.804122 0.3326529 0.8012043 0.3475151 0.8025527 0.3326311 0.801869 0.3326311 0.801869 0.3475151 0.8025527 0.3405236 0.804122 0.3326311 0.801869 0.3405236 0.804122 0.3325428 0.8040694 0.3698548 0.8052943 0.3623325 0.8039225 0.3626638 0.8004869 0.3626638 0.8004869 0.3623325 0.8039225 0.3475151 0.8025527 0.3626638 0.8004869 0.3475151 0.8025527 0.3477348 0.7985727 0.3477348 0.7985727 0.3475151 0.8025527 0.3326529 0.8012043 0.3477348 0.7985727 0.3326529 0.8012043 0.3327402 0.7976972 0.3205155 0.7857073 0.3327125 0.7857161 0.3327291 0.7923142 0.3178046 0.7973535 0.3074943 0.7973019 0.3074844 0.7923655 0.3327369 0.7958499 0.3327402 0.7976972 0.3178046 0.7973535 0.3327369 0.7958499 0.3178046 0.7973535 0.3327291 0.7923142 0.3178046 0.7973535 0.3074844 0.7923655 0.3327291 0.7923142 0.3327291 0.7923142 0.3074844 0.7923655 0.3074678 0.7857157 0.3327291 0.7923142 0.3074678 0.7857157 0.3205155 0.7857073 0.8695929 0.2071483 0.8616117 0.20704 0.8623865 0.2057496 0.863073 0.2038463 0.8630726 0.2019819 0.8929551 0.2019804 0.8929551 0.2019804 0.8930681 0.2028819 0.863073 0.2038463 0.863073 0.2038463 0.8930681 0.2028819 0.8934013 0.203845 0.863073 0.2038463 0.8934013 0.203845 0.8630729 0.2048512 0.8946387 0.2057482 0.8946383 0.2072643 0.8779037 0.2072165 0.8934013 0.203845 0.8946387 0.2057482 0.8630729 0.2048512 0.8630729 0.2048512 0.8946387 0.2057482 0.8623865 0.2057496 0.8623865 0.2057496 0.8946387 0.2057482 0.8779037 0.2072165 0.8623865 0.2057496 0.8779037 0.2072165 0.8695929 0.2071483 0.3074978 0.8040238 0.3074983 0.8008745 0.3177772 0.8009167 0.3177772 0.8009167 0.3326529 0.8012043 0.3326311 0.801869 0.3074978 0.8040238 0.3177772 0.8009167 0.3242322 0.804036 0.3242322 0.804036 0.3177772 0.8009167 0.3326311 0.801869 0.3242322 0.804036 0.3326311 0.801869 0.3325428 0.8040694 0.3074983 0.8008745 0.3074943 0.7973019 0.3178046 0.7973535 0.3074983 0.8008745 0.3178046 0.7973535 0.3177772 0.8009167 0.3177772 0.8009167 0.3178046 0.7973535 0.3327402 0.7976972 0.3177772 0.8009167 0.3327402 0.7976972 0.3326529 0.8012043 0.3090463 0.7774541 0.3389286 0.7774164 0.3091439 0.8056086 0.3091439 0.8056086 0.3389286 0.7774164 0.3390262 0.8055709 0.1620015 0.7145555 0.1620015 0.684673 0.1636387 0.684673 0.1620015 0.7145555 0.1636387 0.684673 0.1636387 0.7145555 0.1636387 0.7145555 0.1636387 0.684673 0.1652002 0.6846729 0.1636387 0.7145555 0.1652002 0.6846729 0.1652001 0.7145552 0.1652001 0.7145552 0.1652002 0.6846729 0.1664482 0.6846724 0.1652001 0.7145552 0.1664482 0.6846724 0.1664482 0.7145549 0.3090414 0.7763695 0.3389238 0.7763318 0.3389286 0.7774164 0.3090414 0.7763695 0.3389286 0.7774164 0.3090463 0.7774541 0.3546004 0.8963043 0.3504876 0.8991306 0.3074942 0.892618 0.3504876 0.8991306 0.3437071 0.9025998 0.3074942 0.892618 0.3074942 0.892618 0.3437071 0.9025998 0.336138 0.9053329 0.3074942 0.892618 0.336138 0.9053329 0.3327351 0.9062582 0.3327351 0.9062582 0.3239522 0.9079526 0.3074942 0.892618 0.3074942 0.892618 0.3239522 0.9079526 0.3180866 0.9086372 0.3074942 0.892618 0.3180866 0.9086372 0.3074819 0.9091149 0.3074941 0.8736827 0.3663994 0.8758217 0.3655496 0.8809486 0.3655496 0.8809486 0.3642201 0.8846071 0.3074941 0.8736827 0.3074941 0.8736827 0.3642201 0.8846071 0.3614604 0.8893176 0.3074941 0.8736827 0.3614604 0.8893176 0.3074942 0.892618 0.3074942 0.892618 0.3614604 0.8893176 0.3592559 0.8920211 0.3074942 0.892618 0.3592559 0.8920211 0.3546004 0.8963043 0.3652544 0.8647035 0.366267 0.8705747 0.3074941 0.8736827 0.3074941 0.8736827 0.366267 0.8705747 0.3664506 0.8745433 0.3074941 0.8736827 0.3664506 0.8745433 0.3663994 0.8758217 0.3654669 0.8390536 0.3630929 0.841947 0.3074548 0.8328315 0.370541 0.832752 0.3696087 0.8362489 0.3074548 0.8328315 0.3074548 0.8328315 0.3696087 0.8362489 0.3658927 0.8386846 0.3074548 0.8328315 0.3658927 0.8386846 0.3654669 0.8390536 0.3630929 0.841947 0.3619532 0.8450573 0.3074548 0.8328315 0.3074548 0.8328315 0.3619532 0.8450573 0.3618733 0.8455108 0.3074548 0.8328315 0.3618733 0.8455108 0.3074806 0.8534725 0.3074806 0.8534725 0.3618733 0.8455108 0.3618042 0.8496226 0.3618042 0.8496226 0.3619343 0.8507526 0.3074806 0.8534725 0.3074806 0.8534725 0.3619343 0.8507526 0.3624548 0.8536682 0.3074806 0.8534725 0.3624548 0.8536682 0.3074941 0.8736827 0.3074941 0.8736827 0.3624548 0.8536682 0.3648777 0.8631216 0.3074941 0.8736827 0.3648777 0.8631216 0.3652544 0.8647035 0.3831689 0.8351653 0.383188 0.8511395 0.369649 0.853529 0.7372487 0.3808062 0.7456443 0.3893492 0.7336447 0.386157 0.7336447 0.386157 0.7456443 0.3893492 0.7446998 0.3905577 0.7336447 0.386157 0.7446998 0.3905577 0.74362 0.3919022 0.74362 0.3919022 0.7446998 0.3905577 0.7439261 0.3920785 0.369649 0.853529 0.3696148 0.8385832 0.3831689 0.8351653 0.3831689 0.8351653 0.3696148 0.8385832 0.3696087 0.8362489 0.3831689 0.8351653 0.3696087 0.8362489 0.3831628 0.8284099 0.3831628 0.8284099 0.3696087 0.8362489 0.370541 0.832752 0.7372487 0.3808062 0.7475971 0.3878087 0.7456443 0.3893492 0.7420188 0.4092549 0.7413081 0.4169544 0.7308548 0.4126558 0.7420188 0.4092549 0.7308548 0.4126558 0.7427295 0.4015552 0.7427295 0.4015552 0.7308548 0.4126558 0.7308809 0.3997534 0.7427295 0.4015552 0.7308809 0.3997534 0.7428505 0.4002437 0.7428505 0.4002437 0.7308809 0.3997534 0.7316519 0.3926541 0.7428505 0.4002437 0.7316519 0.3926541 0.7430545 0.3980334 0.7316519 0.3926541 0.7336447 0.386157 0.74362 0.3919022 0.7430545 0.3980334 0.7316519 0.3926541 0.743395 0.3943415 0.743395 0.3943415 0.7316519 0.3926541 0.74362 0.3919022 0.743395 0.3943415 0.74362 0.3919022 0.7439261 0.3920785 0.3074537 0.8256101 0.3074715 0.8170861 0.3710541 0.82553 0.3710541 0.82553 0.3074715 0.8170861 0.3407205 0.8170441 0.3703861 0.8207865 0.3704103 0.821649 0.3407205 0.8170441 0.3407205 0.8170441 0.3704103 0.821649 0.3705339 0.8231025 0.3407205 0.8170441 0.3705339 0.8231025 0.3710541 0.82553 0.3407205 0.8170441 0.3407442 0.8055598 0.3472239 0.8058288 0.3703861 0.8207865 0.3407205 0.8170441 0.3706659 0.8157223 0.3706659 0.8157223 0.3407205 0.8170441 0.3472239 0.8058288 0.3706659 0.8157223 0.3472239 0.8058288 0.361925 0.8067317 0.3703657 0.8074656 0.3706318 0.8083271 0.361925 0.8067317 0.361925 0.8067317 0.3706318 0.8083271 0.3709263 0.8106582 0.361925 0.8067317 0.3709263 0.8106582 0.3706659 0.8157223 0.370541 0.832752 0.3074548 0.8328315 0.3711538 0.8302668 0.3711538 0.8302668 0.3074548 0.8328315 0.3074512 0.828871 0.3711538 0.8302668 0.3074512 0.828871 0.3713206 0.8287948 0.3713206 0.8287948 0.3074512 0.828871 0.3713359 0.8272799 0.3713359 0.8272799 0.3074512 0.828871 0.3074537 0.8256101 0.3713359 0.8272799 0.3074537 0.8256101 0.3710541 0.82553 0.3407205 0.8170441 0.3074715 0.8170861 0.3404577 0.8154717 0.3404577 0.8154717 0.3074715 0.8170861 0.3074739 0.8136389 0.3404577 0.8154717 0.3074739 0.8136389 0.3396795 0.8135983 0.3396795 0.8135983 0.3074739 0.8136389 0.3390393 0.8124665 0.3390393 0.8124665 0.3074739 0.8136389 0.3074715 0.8106451 0.3390393 0.8124665 0.3074715 0.8106451 0.3390356 0.8094294 0.3091439 0.8056086 0.3390262 0.8055709 0.3088842 0.8074346 0.3088842 0.8074346 0.3390262 0.8055709 0.3390356 0.8094294 0.3088842 0.8074346 0.3390356 0.8094294 0.3081098 0.8094683 0.3081098 0.8094683 0.3390356 0.8094294 0.3074715 0.8106451 0.6049066 0.8823473 0.6051476 0.8701453 0.6164107 0.8701459 0.6049066 0.8823473 0.6164107 0.8701459 0.604829 0.8953976 0.6277104 0.8701465 0.6511479 0.870148 0.6509162 0.8823505 0.604829 0.8953976 0.6164107 0.8701459 0.6161051 0.8953988 0.6161051 0.8953988 0.6164107 0.8701459 0.6277104 0.8701465 0.6161051 0.8953988 0.6277104 0.8701465 0.6274114 0.8953996 0.6274114 0.8953996 0.6277104 0.8701465 0.6509162 0.8823505 0.6274114 0.8953996 0.6509162 0.8823505 0.6508416 0.8954011 0.3695644 0.7735198 0.3695998 0.7858836 0.3327125 0.7857161 0.3526493 0.7306264 0.3694061 0.7318159 0.3694375 0.7380951 0.3526493 0.7306264 0.3694375 0.7380951 0.3324958 0.729757 0.369467 0.7449062 0.3325529 0.7409049 0.3694375 0.7380951 0.3694375 0.7380951 0.3325529 0.7409049 0.3325304 0.7362126 0.3694375 0.7380951 0.3325304 0.7362126 0.3324958 0.729757 0.3695198 0.759334 0.3326061 0.7534096 0.3694946 0.7520517 0.3694946 0.7520517 0.3326061 0.7534096 0.3325946 0.7505899 0.3694946 0.7520517 0.3325946 0.7505899 0.369467 0.7449062 0.369467 0.7449062 0.3325946 0.7505899 0.3325634 0.7432238 0.369467 0.7449062 0.3325634 0.7432238 0.3325529 0.7409049 0.3327125 0.7857161 0.3326745 0.7728098 0.3695644 0.7735198 0.3695644 0.7735198 0.3326745 0.7728098 0.3326574 0.7675499 0.3695644 0.7735198 0.3326574 0.7675499 0.3695198 0.759334 0.3695198 0.759334 0.3326574 0.7675499 0.3326239 0.7581102 0.3695198 0.759334 0.3326239 0.7581102 0.3326061 0.7534096 0.3072477 0.729473 0.3202965 0.7295355 0.320354 0.7407183 0.320354 0.7407183 0.3202965 0.7295355 0.3324958 0.729757 0.320354 0.7407183 0.3324958 0.729757 0.3325304 0.7362126 0.3325304 0.7362126 0.3325529 0.7409049 0.320354 0.7407183 0.320354 0.7407183 0.3325529 0.7409049 0.3325634 0.7432238 0.320354 0.7407183 0.3325634 0.7432238 0.3204076 0.7532652 0.3204076 0.7532652 0.3325634 0.7432238 0.3325946 0.7505899 0.3325946 0.7505899 0.3326061 0.7534096 0.3204076 0.7532652 0.3204076 0.7532652 0.3326061 0.7534096 0.3326239 0.7581102 0.3204076 0.7532652 0.3326239 0.7581102 0.3204596 0.7674584 0.3326239 0.7581102 0.3326574 0.7675499 0.3204596 0.7674584 0.3204596 0.7674584 0.3326574 0.7675499 0.3326745 0.7728098 0.3204596 0.7674584 0.3326745 0.7728098 0.3205047 0.7818216 0.3205047 0.7818216 0.3326745 0.7728098 0.3327125 0.7857161 0.3205047 0.7818216 0.3327125 0.7857161 0.3205155 0.7857073 0.3072477 0.729473 0.320354 0.7407183 0.3073056 0.7406673 0.3073056 0.7406673 0.320354 0.7407183 0.3204076 0.7532652 0.3073056 0.7406673 0.3204076 0.7532652 0.3073598 0.7532284 0.3073598 0.7532284 0.3204076 0.7532652 0.3204596 0.7674584 0.3073598 0.7532284 0.3204596 0.7674584 0.3074119 0.7674393 0.3074119 0.7674393 0.3204596 0.7674584 0.3205047 0.7818216 0.3074119 0.7674393 0.3205047 0.7818216 0.3074572 0.7818234 0.3074572 0.7818234 0.3205047 0.7818216 0.3205155 0.7857073 0.3074572 0.7818234 0.3205155 0.7857073 0.3074678 0.7857157 0.7003824 0.8248926 0.7003869 0.8319825 0.6802324 0.8328892 0.6802001 0.7580688 0.7003569 0.7577814 0.6802026 0.7689629 0.6802026 0.7689629 0.7003569 0.7577814 0.7003591 0.7685893 0.6802026 0.7689629 0.7003591 0.7685893 0.6802057 0.7796055 0.6802057 0.7796055 0.7003591 0.7685893 0.7003619 0.7791457 0.6802057 0.7796055 0.7003619 0.7791457 0.6802093 0.7899021 0.6802093 0.7899021 0.7003619 0.7791457 0.7003654 0.7893573 0.6802093 0.7899021 0.7003654 0.7893573 0.6802096 0.7905835 0.6802096 0.7905835 0.7003654 0.7893573 0.7003694 0.799131 0.6802096 0.7905835 0.7003694 0.799131 0.6802134 0.7997583 0.6802134 0.7997583 0.7003694 0.799131 0.6802163 0.806121 0.6802163 0.806121 0.7003694 0.799131 0.7003737 0.8083736 0.6802163 0.806121 0.7003737 0.8083736 0.6802178 0.8090795 0.6802178 0.8090795 0.7003737 0.8083736 0.6802224 0.8177714 0.6802224 0.8177714 0.7003737 0.8083736 0.7003782 0.8169919 0.6802224 0.8177714 0.7003782 0.8169919 0.6802273 0.8257395 0.7171356 0.8108898 0.7003782 0.8169919 0.7171319 0.803182 0.7171319 0.803182 0.7003782 0.8169919 0.7003737 0.8083736 0.7171319 0.803182 0.7003737 0.8083736 0.7171285 0.7949923 0.7171285 0.7949923 0.7003737 0.8083736 0.7003694 0.799131 0.7171285 0.7949923 0.7003694 0.799131 0.717125 0.7864243 0.717125 0.7864243 0.7003694 0.799131 0.7003654 0.7893573 0.717125 0.7864243 0.7003654 0.7893573 0.7171223 0.7777237 0.7171223 0.7777237 0.7003654 0.7893573 0.7003619 0.7791457 0.7171223 0.7777237 0.7003619 0.7791457 0.7171201 0.7687765 0.7171201 0.7687765 0.7003619 0.7791457 0.7003591 0.7685893 0.7171201 0.7687765 0.7003591 0.7685893 0.7171182 0.7573936 0.7171182 0.7573936 0.7003591 0.7685893 0.7003569 0.7577814 0.7171356 0.8108898 0.717139 0.818103 0.7003782 0.8169919 0.7003782 0.8169919 0.717139 0.818103 0.7003824 0.8248926 0.7003782 0.8169919 0.7003824 0.8248926 0.6802273 0.8257395 0.6802273 0.8257395 0.7003824 0.8248926 0.6802324 0.8328892 0.7171449 0.830757 0.7003869 0.8319825 0.7171422 0.8247348 0.7171422 0.8247348 0.7003869 0.8319825 0.7003824 0.8248926 0.7171422 0.8247348 0.7003824 0.8248926 0.7171418 0.8237478 0.7171418 0.8237478 0.7003824 0.8248926 0.717139 0.818103 0.7003725 0.5435266 0.6802067 0.5432688 0.7003722 0.5181604 0.7003722 0.5181604 0.6802067 0.5432688 0.6802064 0.5179033 0.7003722 0.5181604 0.6802064 0.5179033 0.700371 0.4922129 0.700371 0.4922129 0.6802064 0.5179033 0.6802064 0.4918755 0.717146 0.5438762 0.7003725 0.5435266 0.7171456 0.518509 0.7171456 0.518509 0.7003725 0.5435266 0.7003722 0.5181604 0.7171456 0.518509 0.7003722 0.5181604 0.7171429 0.4926704 0.7171429 0.4926704 0.7003722 0.5181604 0.700371 0.4922129 0.6802064 0.4918755 0.6680039 0.4917868 0.6680045 0.4742758 0.4589346 0.8158183 0.4458851 0.8158683 0.4458981 0.8010601 0.4458981 0.8010601 0.4458851 0.8158683 0.4336846 0.81601 0.4458981 0.8010601 0.4336846 0.81601 0.4336909 0.807647 0.680211 0.4343524 0.6802098 0.4410299 0.6680082 0.4408642 0.6680082 0.4408642 0.6802098 0.4410299 0.6802094 0.442611 0.6680082 0.4408642 0.6802094 0.442611 0.668006 0.4564826 0.6802094 0.442611 0.6802077 0.4566216 0.668006 0.4564826 0.668006 0.4564826 0.6802077 0.4566216 0.6802076 0.4595934 0.668006 0.4564826 0.6802076 0.4595934 0.6680045 0.4742758 0.6680045 0.4742758 0.6802076 0.4595934 0.6802066 0.4763523 0.6680045 0.4742758 0.6802066 0.4763523 0.6802064 0.4918755 0.4589346 0.8158183 0.4458981 0.8010601 0.4589479 0.8009989 0.6549581 0.4408098 0.6680082 0.4408642 0.668006 0.4564826 0.6549581 0.4408098 0.668006 0.4564826 0.6549558 0.4564371 0.6549558 0.4564371 0.668006 0.4564826 0.6680045 0.4742758 0.6549558 0.4564371 0.6680045 0.4742758 0.6549541 0.4742395 0.6549541 0.4742395 0.6680045 0.4742758 0.6680039 0.4917868 0.6549541 0.4742395 0.6680039 0.4917868 0.6549532 0.4917582 0.65495 0.758172 0.6679994 0.7581456 0.6680015 0.7665065 0.6680092 0.7907299 0.6680036 0.7747337 0.6802057 0.7796055 0.6802057 0.7796055 0.6680036 0.7747337 0.6680015 0.7665065 0.6802057 0.7796055 0.6680015 0.7665065 0.6802026 0.7689629 0.6802026 0.7689629 0.6680015 0.7665065 0.6679994 0.7581456 0.6802026 0.7689629 0.6679994 0.7581456 0.6802001 0.7580688 0.6802057 0.7796055 0.6802093 0.7899021 0.6680092 0.7907299 0.6680092 0.7907299 0.6802093 0.7899021 0.6802096 0.7905835 0.6680092 0.7907299 0.6802096 0.7905835 0.6680161 0.8063018 0.6680161 0.8063018 0.6802096 0.7905835 0.6802134 0.7997583 0.6802134 0.7997583 0.6802163 0.806121 0.6680161 0.8063018 0.6680161 0.8063018 0.6802163 0.806121 0.6802178 0.8090795 0.6680161 0.8063018 0.6802178 0.8090795 0.6680241 0.8207285 0.6802178 0.8090795 0.6802224 0.8177714 0.6680241 0.8207285 0.6680241 0.8207285 0.6802224 0.8177714 0.6802273 0.8257395 0.6680241 0.8207285 0.6802273 0.8257395 0.6680283 0.8272194 0.6680283 0.8272194 0.6802273 0.8257395 0.6802324 0.8328892 0.6680283 0.8272194 0.6802324 0.8328892 0.6680327 0.8331298 0.65495 0.758172 0.6680015 0.7665065 0.6549521 0.7665387 0.6549521 0.7665387 0.6680015 0.7665065 0.6680036 0.7747337 0.6549521 0.7665387 0.6680036 0.7747337 0.6549543 0.7747718 0.6549543 0.7747718 0.6680036 0.7747337 0.6680092 0.7907299 0.6549543 0.7747718 0.6680092 0.7907299 0.6549599 0.7907795 0.6549599 0.7907795 0.6680092 0.7907299 0.6680161 0.8063018 0.6549599 0.7907795 0.6680161 0.8063018 0.6549671 0.8063631 0.6549671 0.8063631 0.6680161 0.8063018 0.6680241 0.8207285 0.6549671 0.8063631 0.6680241 0.8207285 0.6549751 0.8208004 0.6549751 0.8208004 0.6680241 0.8207285 0.6680283 0.8272194 0.6549751 0.8208004 0.6680283 0.8272194 0.6549795 0.8272961 0.6549795 0.8272961 0.6680283 0.8272194 0.6680327 0.8331298 0.6549795 0.8272961 0.6680327 0.8331298 0.6549838 0.8332109 0.6801957 0.6953085 0.6801961 0.6924965 0.7003573 0.6926627 0.6801961 0.6924965 0.6801972 0.6726847 0.7003604 0.6729531 0.6801956 0.7138028 0.7003553 0.7138368 0.6801955 0.7154578 0.6801955 0.7154578 0.7003553 0.7138368 0.7003548 0.7247545 0.7003547 0.7357761 0.6801965 0.7339166 0.7003548 0.7247545 0.7003548 0.7247545 0.6801965 0.7339166 0.6801961 0.7247953 0.7003548 0.7247545 0.6801961 0.7247953 0.6801955 0.7154578 0.7003569 0.7577814 0.6802001 0.7580688 0.7003554 0.7468142 0.7003554 0.7468142 0.6802001 0.7580688 0.6801981 0.7470167 0.7003554 0.7468142 0.6801981 0.7470167 0.7003547 0.7357761 0.7003547 0.7357761 0.6801981 0.7470167 0.6801968 0.7358961 0.7003547 0.7357761 0.6801968 0.7358961 0.6801965 0.7339166 0.6801961 0.6924965 0.7003604 0.6729531 0.7003573 0.6926627 0.7003573 0.6926627 0.7003604 0.6729531 0.7171304 0.6733173 0.7003573 0.6926627 0.7171304 0.6733173 0.7171278 0.6833925 0.7171278 0.6833925 0.7171252 0.6928886 0.7003573 0.6926627 0.7003573 0.6926627 0.7171252 0.6928886 0.7003553 0.7138368 0.7003573 0.6926627 0.7003553 0.7138368 0.6801957 0.6953085 0.6801957 0.6953085 0.7003553 0.7138368 0.6801956 0.7138028 0.7171182 0.7573936 0.7003569 0.7577814 0.7171176 0.7488067 0.7171176 0.7488067 0.7003569 0.7577814 0.7003554 0.7468142 0.7171176 0.7488067 0.7003554 0.7468142 0.7171174 0.7401622 0.7171174 0.7401622 0.7003554 0.7468142 0.7003547 0.7357761 0.7171174 0.7401622 0.7003547 0.7357761 0.7171192 0.7226639 0.7171192 0.7226639 0.7003547 0.7357761 0.7003548 0.7247545 0.7171192 0.7226639 0.7003548 0.7247545 0.7171207 0.7138838 0.7171207 0.7138838 0.7003548 0.7247545 0.7003553 0.7138368 0.7171207 0.7138838 0.7003553 0.7138368 0.7171227 0.7036946 0.7171227 0.7036946 0.7003553 0.7138368 0.7171252 0.6928886 0.7003725 0.5435266 0.717146 0.5438762 0.7171449 0.5747307 0.6802067 0.5432688 0.7003725 0.5435266 0.7003717 0.5743092 0.7003725 0.5435266 0.7171449 0.5747307 0.7003717 0.5743092 0.7003717 0.5743092 0.7171449 0.5747307 0.7171437 0.5913274 0.7003717 0.5743092 0.7171437 0.5913274 0.7003707 0.5908643 0.7003707 0.5908643 0.7171437 0.5913274 0.7171424 0.6077668 0.7003707 0.5908643 0.7171424 0.6077668 0.7003695 0.6072705 0.6802067 0.5432688 0.7003717 0.5743092 0.6802062 0.5739985 0.6802062 0.5739985 0.7003717 0.5743092 0.7003707 0.5908643 0.6802062 0.5739985 0.7003707 0.5908643 0.6802054 0.5905226 0.6802054 0.5905226 0.7003707 0.5908643 0.7003695 0.6072705 0.6802054 0.5905226 0.7003695 0.6072705 0.6802042 0.6069045 0.6680039 0.4917868 0.6802064 0.4918755 0.6802064 0.5179033 0.6549525 0.5178144 0.6549532 0.4917582 0.6680039 0.4917868 0.6680039 0.4917868 0.6802064 0.5179033 0.6549525 0.5178144 0.6549525 0.5178144 0.6802064 0.5179033 0.6802067 0.5432688 0.6549525 0.5178144 0.6802067 0.5432688 0.6549525 0.5431796 0.6802001 0.7580688 0.6679994 0.7581456 0.667998 0.7505463 0.667994 0.6952695 0.667995 0.6726143 0.6801972 0.6726847 0.667995 0.6726143 0.667994 0.6952695 0.6549444 0.6725918 0.6801972 0.6726847 0.6801961 0.6924965 0.667994 0.6952695 0.667994 0.6952695 0.6801961 0.6924965 0.6801957 0.6953085 0.667994 0.6952695 0.6801957 0.6953085 0.6679942 0.7154524 0.6801957 0.6953085 0.6801956 0.7138028 0.6679942 0.7154524 0.6679942 0.7154524 0.6801956 0.7138028 0.6801955 0.7154578 0.6679942 0.7154524 0.6801955 0.7154578 0.6679956 0.7339453 0.6679956 0.7339453 0.6801955 0.7154578 0.6801961 0.7247953 0.6801961 0.7247953 0.6801965 0.7339166 0.6679956 0.7339453 0.6679956 0.7339453 0.6801965 0.7339166 0.6801968 0.7358961 0.6679956 0.7339453 0.6801968 0.7358961 0.667998 0.7505463 0.667998 0.7505463 0.6801968 0.7358961 0.6801981 0.7470167 0.667998 0.7505463 0.6801981 0.7470167 0.6802001 0.7580688 0.6549444 0.6725918 0.667994 0.6952695 0.654944 0.6952573 0.654944 0.6952573 0.667994 0.6952695 0.6679942 0.7154524 0.654944 0.6952573 0.6679942 0.7154524 0.6549443 0.7154515 0.6549443 0.7154515 0.6679942 0.7154524 0.6679956 0.7339453 0.6549443 0.7154515 0.6679956 0.7339453 0.654946 0.7339557 0.654946 0.7339557 0.6679956 0.7339453 0.667998 0.7505463 0.654946 0.7339557 0.667998 0.7505463 0.6549484 0.7505676 0.6549484 0.7505676 0.667998 0.7505463 0.6679994 0.7581456 0.6549484 0.7505676 0.6679994 0.7581456 0.65495 0.758172 0.7003604 0.6729531 0.6801972 0.6726847 0.7003631 0.6551654 0.7003631 0.6551654 0.6801972 0.6726847 0.6801988 0.6548309 0.7003631 0.6551654 0.6801988 0.6548309 0.7003656 0.6387901 0.7003656 0.6387901 0.6801988 0.6548309 0.6802008 0.6384213 0.7003656 0.6387901 0.6802008 0.6384213 0.7003695 0.6072705 0.7003695 0.6072705 0.6802008 0.6384213 0.6802042 0.6069045 0.7171304 0.6733173 0.7003604 0.6729531 0.7171347 0.6556192 0.7171347 0.6556192 0.7003604 0.6729531 0.7003631 0.6551654 0.7171347 0.6556192 0.7003631 0.6551654 0.7171379 0.6392902 0.7171379 0.6392902 0.7003631 0.6551654 0.7003656 0.6387901 0.7171379 0.6392902 0.7003656 0.6387901 0.7171424 0.6077668 0.7171424 0.6077668 0.7003656 0.6387901 0.7003695 0.6072705 0.6549525 0.5431796 0.6802067 0.5432688 0.6802062 0.5739985 0.6549525 0.5431796 0.6802062 0.5739985 0.6549521 0.5738905 0.6549521 0.5738905 0.6802062 0.5739985 0.6802054 0.5905226 0.6549521 0.5738905 0.6802054 0.5905226 0.6549515 0.5904038 0.6549515 0.5904038 0.6802054 0.5905226 0.6802042 0.6069045 0.6549515 0.5904038 0.6802042 0.6069045 0.6549504 0.6067771 0.6549504 0.6067771 0.6802042 0.6069045 0.6802008 0.6384213 0.6801988 0.6548309 0.6801972 0.6726847 0.667995 0.6726143 0.6549504 0.6067771 0.6802008 0.6384213 0.6549473 0.6382929 0.6549473 0.6382929 0.6802008 0.6384213 0.6801988 0.6548309 0.6549473 0.6382929 0.6801988 0.6548309 0.6549458 0.6547145 0.6549458 0.6547145 0.6801988 0.6548309 0.667995 0.6726143 0.6549458 0.6547145 0.667995 0.6726143 0.6549444 0.6725918 0.7995141 0.9133669 0.8676965 0.9133686 0.8676983 0.9321851 0.7952961 0.7970529 0.7952933 0.7841433 0.8634759 0.784147 0.7936321 0.9119327 0.7995135 0.9111455 0.7936338 0.9182716 0.7936338 0.9182716 0.7995135 0.9111455 0.7995141 0.9133669 0.7936338 0.9182716 0.7995141 0.9133669 0.7936347 0.9254315 0.7936347 0.9254315 0.7995141 0.9133669 0.8676983 0.9321851 0.7936321 0.9119327 0.793632 0.9111453 0.7995135 0.9111455 0.7995135 0.9111455 0.793632 0.9111453 0.7936301 0.9067431 0.7995135 0.9111455 0.7936301 0.9067431 0.7995051 0.895646 0.7995051 0.895646 0.7936301 0.9067431 0.7936273 0.9012604 0.7995051 0.895646 0.7936273 0.9012604 0.7936271 0.9008319 0.7936213 0.892807 0.7995012 0.8911706 0.7936227 0.8947945 0.7936227 0.8947945 0.7995012 0.8911706 0.7995051 0.895646 0.7936227 0.8947945 0.7995051 0.895646 0.7936239 0.8960824 0.7936239 0.8960824 0.7995051 0.895646 0.7936271 0.9008319 0.7936213 0.892807 0.7936198 0.8911705 0.7995012 0.8911706 0.7995012 0.8911706 0.7936198 0.8911705 0.7936182 0.8893184 0.7995012 0.8911706 0.7936182 0.8893184 0.7994866 0.8776971 0.7994866 0.8776971 0.7936182 0.8893184 0.7936101 0.881649 0.5630366 0.5590003 0.5571565 0.5630434 0.563035 0.554354 0.5571565 0.5630434 0.5571534 0.5543545 0.563035 0.554354 0.563035 0.554354 0.5571534 0.5543545 0.5571531 0.5534269 0.563035 0.554354 0.5571531 0.5534269 0.5630312 0.5401969 0.5630312 0.5401969 0.5571531 0.5534269 0.5571503 0.5417386 0.5630312 0.5401969 0.5571503 0.5417386 0.5630301 0.5346171 0.5630301 0.5346171 0.5571503 0.5417386 0.5571487 0.5352841 0.5571487 0.5352841 0.5571488 0.5346177 0.5630301 0.5346171 0.5630301 0.5346171 0.5571488 0.5346177 0.5571476 0.5285351 0.5630301 0.5346171 0.5571476 0.5285351 0.5630279 0.5198724 0.5630279 0.5198724 0.5571476 0.5285351 0.5571467 0.5215473 0.5630279 0.5198724 0.5571467 0.5215473 0.5630273 0.5136448 0.5571467 0.5215473 0.5571458 0.5136454 0.5630273 0.5136448 0.5630273 0.5136448 0.5571458 0.5136454 0.5571454 0.5071446 0.5630273 0.5136448 0.5571454 0.5071446 0.5630264 0.4992515 0.5630264 0.4992515 0.5571454 0.5071446 0.557145 0.4999108 0.5630264 0.4992515 0.557145 0.4999108 0.5630265 0.4927548 0.557145 0.4999108 0.5571449 0.4927719 0.5630265 0.4927548 0.5630265 0.4927548 0.5571449 0.4927719 0.5571449 0.4927554 0.5630265 0.4927548 0.5571449 0.4927554 0.5630272 0.4795769 0.5571449 0.4927554 0.5571452 0.4858174 0.5630272 0.4795769 0.5630272 0.4795769 0.5571452 0.4858174 0.5571458 0.4791082 0.5630272 0.4795769 0.5571458 0.4791082 0.5630279 0.4732597 0.5571458 0.4791082 0.5571463 0.4732602 0.5630279 0.4732597 0.5630279 0.4732597 0.5571463 0.4732602 0.5571464 0.4727105 0.5630279 0.4732597 0.5571464 0.4727105 0.5630298 0.4620343 0.5791342 0.4722648 0.5732492 0.4749804 0.5791506 0.4624926 0.5791506 0.4624926 0.5732492 0.4749804 0.5732604 0.4672447 0.5791506 0.4624926 0.5732604 0.4672447 0.5791613 0.4573636 0.5791613 0.4573636 0.5732604 0.4672447 0.5732797 0.4573644 0.5791613 0.4573636 0.5732797 0.4573644 0.5791726 0.4529407 0.5791726 0.4529407 0.5732797 0.4573644 0.5732956 0.4512501 0.5791726 0.4529407 0.5732956 0.4512501 0.5792042 0.4431893 0.5792042 0.4431893 0.5732956 0.4512501 0.5733227 0.4431901 0.557155 0.4431899 0.5630366 0.4431893 0.5571514 0.4507152 0.5571514 0.4507152 0.5630366 0.4431893 0.5630344 0.4476808 0.5571514 0.4507152 0.5630344 0.4476808 0.5571498 0.456385 0.5571498 0.456385 0.5630344 0.4476808 0.5630313 0.4563844 0.5571498 0.456385 0.5630313 0.4563844 0.5571484 0.4609411 0.5571484 0.4609411 0.5630313 0.4563844 0.5630298 0.4620343 0.5571484 0.4609411 0.5630298 0.4620343 0.5571473 0.4666516 0.5571473 0.4666516 0.5630298 0.4620343 0.5571464 0.4727105 0.5791342 0.4722648 0.5791307 0.4749795 0.5732492 0.4749804 0.5732492 0.4749804 0.5791307 0.4749795 0.5791279 0.4771352 0.5732492 0.4749804 0.5791279 0.4771352 0.5732378 0.4859448 0.5791279 0.4771352 0.5791226 0.4822174 0.5732378 0.4859448 0.5732378 0.4859448 0.5791226 0.4822174 0.579118 0.4878459 0.5732378 0.4859448 0.579118 0.4878459 0.5732321 0.4949313 0.579118 0.4878459 0.5791141 0.4942756 0.5732321 0.4949313 0.5732321 0.4949313 0.5791141 0.4942756 0.5791137 0.4949305 0.5732321 0.4949313 0.5791137 0.4949305 0.5732294 0.5062236 0.5732294 0.5062236 0.5791137 0.4949305 0.5791114 0.5020183 0.5732294 0.5062236 0.5791114 0.5020183 0.5732304 0.5159636 0.5732304 0.5159636 0.5791114 0.5020183 0.5791119 0.5159627 0.5732304 0.5159636 0.5791119 0.5159627 0.5732355 0.5268589 0.5732355 0.5268589 0.5791119 0.5159627 0.5791254 0.5367547 0.5732355 0.5268589 0.5791254 0.5367547 0.5732439 0.5367555 0.5733116 0.5724902 0.5732892 0.5642784 0.5791529 0.5559999 0.5791529 0.5559999 0.5732892 0.5642784 0.5732713 0.5560008 0.5791529 0.5559999 0.5732713 0.5560008 0.5791254 0.5367547 0.5791254 0.5367547 0.5732713 0.5560008 0.573256 0.5466072 0.5791254 0.5367547 0.573256 0.5466072 0.5732439 0.5367555 0.5791529 0.5559999 0.5791931 0.5724893 0.5733116 0.5724902 0.5733116 0.5724902 0.5791931 0.5724893 0.5791972 0.5737684 0.5733116 0.5724902 0.5791972 0.5737684 0.5733336 0.5788076 0.5733336 0.5788076 0.5791972 0.5737684 0.5792042 0.5758582 0.5752316 0.8231091 0.5788608 0.8179579 0.5788608 0.8285325 0.5392929 0.8258566 0.5433584 0.8322907 0.5392929 0.8368642 0.8634675 0.7636619 0.8693477 0.7616344 0.8693491 0.7636622 0.8634675 0.7636619 0.8693491 0.7636622 0.8634706 0.7697798 0.8634706 0.7697798 0.8693491 0.7636622 0.8693519 0.7693151 0.8634706 0.7697798 0.8693519 0.7693151 0.8634743 0.7787642 0.8634743 0.7787642 0.8693519 0.7693151 0.8693546 0.7756181 0.8634743 0.7787642 0.8693546 0.7756181 0.8693558 0.7787645 0.8676982 0.9333421 0.867691 0.9530177 0.7936277 0.9518351 0.7936277 0.9518351 0.7936322 0.9424562 0.8676982 0.9333421 0.8676982 0.9333421 0.7936322 0.9424562 0.7936342 0.933553 0.8676982 0.9333421 0.7936342 0.933553 0.8676983 0.9321851 0.8676983 0.9321851 0.7936342 0.933553 0.7936345 0.9321833 0.8676983 0.9321851 0.7936345 0.9321833 0.7936347 0.9254315 0.8676743 0.9721792 0.7936105 0.9721774 0.8676754 0.971284 0.8676754 0.971284 0.7936105 0.9721774 0.793621 0.9617416 0.8676754 0.971284 0.793621 0.9617416 0.867691 0.9530177 0.867691 0.9530177 0.793621 0.9617416 0.793627 0.9529626 0.867691 0.9530177 0.793627 0.9529626 0.7936277 0.9518351 0.869361 0.8384861 0.8693606 0.841511 0.7952967 0.8417093 0.7952967 0.8417093 0.8693606 0.841511 0.8693594 0.8491793 0.7952967 0.8417093 0.8693594 0.8491793 0.7952934 0.8590159 0.7952934 0.8590159 0.8693594 0.8491793 0.8693573 0.8590199 0.7952934 0.8590159 0.8693573 0.8590199 0.7952929 0.8610199 0.7952929 0.8610199 0.8693573 0.8590199 0.8693538 0.8713933 0.7952929 0.8610199 0.8693538 0.8713933 0.7952875 0.8776971 0.7952875 0.8776971 0.8693538 0.8713933 0.8693515 0.8773989 0.8676743 0.9721792 0.7936101 0.9724903 0.7936105 0.9721774 0.7952979 0.8173859 0.8693621 0.8178943 0.795298 0.8217107 0.795298 0.8217107 0.8693621 0.8178943 0.869361 0.8384861 0.795298 0.8217107 0.869361 0.8384861 0.7952972 0.8384821 0.7952972 0.8384821 0.869361 0.8384861 0.7952967 0.8417093 0.8693558 0.7787645 0.8693563 0.7809699 0.8634743 0.7787642 0.8634743 0.7787642 0.8693563 0.7809699 0.869358 0.7863687 0.8634743 0.7787642 0.869358 0.7863687 0.8634759 0.784147 0.8634759 0.784147 0.869358 0.7863687 0.8693593 0.791912 0.8634759 0.784147 0.8693593 0.791912 0.7952961 0.7970529 0.7952961 0.7970529 0.8693593 0.791912 0.8693602 0.7970569 0.7952961 0.7970529 0.8693602 0.7970569 0.7952968 0.8021538 0.7952968 0.8021538 0.8693602 0.7970569 0.8693612 0.803982 0.7952968 0.8021538 0.8693612 0.803982 0.7952979 0.8173859 0.7952979 0.8173859 0.8693612 0.803982 0.8693619 0.8173899 0.7952979 0.8173859 0.8693619 0.8173899 0.8693621 0.8178943 0.764558 0.9630659 0.7560529 0.9630581 0.764558 0.9327625 0.764558 0.9327625 0.7560529 0.9630581 0.7539346 0.9327515 0.7560529 0.9630581 0.7539346 0.9630547 0.7539346 0.9327515 0.7539346 0.9327515 0.7539346 0.9630547 0.7487526 0.9630421 0.7539346 0.9327515 0.7487526 0.9630421 0.7459487 0.9327284 0.7487526 0.9630421 0.7459487 0.9630318 0.7459487 0.9327284 0.9838081 0.6298255 0.9838081 0.660129 0.9808977 0.6601276 0.9838081 0.6298255 0.9808977 0.6601276 0.9755897 0.6298226 0.9648568 0.6601245 0.9648568 0.6298211 0.9734364 0.6601255 0.9734364 0.6601255 0.9648568 0.6298211 0.9755897 0.6298226 0.9734364 0.6601255 0.9755897 0.6298226 0.9755897 0.6601258 0.9755897 0.6601258 0.9755897 0.6298226 0.9808977 0.6601276 0.8665695 0.4043481 0.8633365 0.4069431 0.8659749 0.3969898 0.8845258 0.3946942 0.8774825 0.4028555 0.8659749 0.3969898 0.8659749 0.3969898 0.8774825 0.4028555 0.8718766 0.4025098 0.8659749 0.3969898 0.8718766 0.4025098 0.8665695 0.4043481 0.8969523 0.3907176 0.9008402 0.4001945 0.8912718 0.3943707 0.8912718 0.3943707 0.9008402 0.4001945 0.8915803 0.4042641 0.8912718 0.3943707 0.8915803 0.4042641 0.8845258 0.3946942 0.8845258 0.3946942 0.8915803 0.4042641 0.8814717 0.403913 0.8845258 0.3946942 0.8814717 0.403913 0.8774825 0.4028555 0.8960686 0.3722872 0.8900646 0.3691943 0.8762274 0.3583132 0.8762274 0.3583132 0.8900646 0.3691943 0.8833186 0.3695178 0.8762274 0.3583132 0.8833186 0.3695178 0.8672691 0.3652147 0.8672691 0.3652147 0.8833186 0.3695178 0.8776381 0.3731709 0.8672691 0.3652147 0.8776381 0.3731709 0.8620719 0.375258 0.8620719 0.375258 0.8776381 0.3731709 0.8745452 0.3791748 0.8620719 0.375258 0.8745452 0.3791748 0.8616116 0.3865571 0.8616116 0.3865571 0.8745452 0.3791748 0.8748687 0.3859208 0.8616116 0.3865571 0.8748687 0.3859208 0.8659749 0.3969898 0.8659749 0.3969898 0.8748687 0.3859208 0.8785219 0.3916013 0.8659749 0.3969898 0.8785219 0.3916013 0.8845258 0.3946942 0.8762274 0.3583132 0.8773778 0.3539733 0.8773939 0.3540014 0.8773939 0.3540014 0.8789172 0.3557415 0.8762274 0.3583132 0.8762274 0.3583132 0.8789172 0.3557415 0.880993 0.3567612 0.8762274 0.3583132 0.880993 0.3567612 0.8960686 0.3722872 0.880993 0.3567612 0.8931187 0.3599755 0.8960686 0.3722872 0.8960686 0.3722872 0.8931187 0.3599755 0.9020739 0.3646778 0.8960686 0.3722872 0.9020739 0.3646778 0.8997217 0.3779677 0.8997217 0.3779677 0.9020739 0.3646778 0.9081019 0.3727999 0.8997217 0.3779677 0.9081019 0.3727999 0.9000452 0.3847137 0.9000452 0.3847137 0.9081019 0.3727999 0.910009 0.3827332 0.9000452 0.3847137 0.910009 0.3827332 0.8969523 0.3907176 0.8969523 0.3907176 0.910009 0.3827332 0.9074172 0.3925102 0.8969523 0.3907176 0.9074172 0.3925102 0.9008402 0.4001945 0.5576632 0.950937 0.5576632 0.9702973 0.5533956 0.9509354 0.5533956 0.9509354 0.5576632 0.9702973 0.5533957 0.9702959 0.5533956 0.9509354 0.5533957 0.9702959 0.5476757 0.9509347 0.5476757 0.9509347 0.5533957 0.9702959 0.5476757 0.9702953 0.5476757 0.9509347 0.5476757 0.9702953 0.5420359 0.9509355 0.5420359 0.9509355 0.5476757 0.9702953 0.5420359 0.9702958 0.9690693 0.7521536 0.9690693 0.7715139 0.9636074 0.7521577 0.9636074 0.7521577 0.9690693 0.7715139 0.9636074 0.7715179 0.9636074 0.7521577 0.9636074 0.7715179 0.9577853 0.7521561 0.9577853 0.7521561 0.9636074 0.7715179 0.9577853 0.7715164 0.7452895 0.93273 0.7452895 0.9520903 0.7401104 0.9327284 0.7401104 0.9327284 0.7452895 0.9520903 0.7401104 0.952089 0.7401104 0.9327284 0.7401104 0.952089 0.7342306 0.9327286 0.7342306 0.9327286 0.7401104 0.952089 0.7342307 0.9520889 0.7342306 0.9327286 0.7342307 0.9520889 0.7292257 0.93273 0.7292257 0.93273 0.7342307 0.9520889 0.7292257 0.9520906 0.9630422 0.8835708 0.9630422 0.9029313 0.9592614 0.8835839 0.9592614 0.8835839 0.9630422 0.9029313 0.9592614 0.9029441 0.9592614 0.8835839 0.9592614 0.9029441 0.953734 0.8835896 0.953734 0.8835896 0.9592614 0.9029441 0.9537339 0.9029501 0.953734 0.8835896 0.9537339 0.9029501 0.947941 0.8835867 0.947941 0.8835867 0.9537339 0.9029501 0.947941 0.9029472 0.947941 0.8835867 0.947941 0.9029472 0.9434347 0.883576 0.9434347 0.883576 0.947941 0.9029472 0.9434346 0.9029362 0.4642582 0.9436892 0.4642592 0.9411069 0.485291 0.9456477 0.485291 0.9456477 0.4642592 0.9411069 0.4852934 0.9390094 0.4642568 0.9533877 0.4642571 0.9499544 0.4852899 0.9545455 0.4852899 0.9545455 0.4642571 0.9499544 0.4642575 0.9466862 0.4852899 0.9545455 0.4642575 0.9466862 0.485291 0.9456477 0.485291 0.9456477 0.4642575 0.9466862 0.4642577 0.9456477 0.485291 0.9456477 0.4642577 0.9456477 0.4642582 0.9436892 0.4852911 0.9633185 0.4642578 0.963321 0.4642573 0.9601951 0.4852911 0.9633185 0.4642573 0.9601951 0.4852899 0.9545455 0.4852899 0.9545455 0.4642573 0.9601951 0.4642569 0.9545455 0.4852899 0.9545455 0.4642569 0.9545455 0.4642568 0.9533877 0.50907 0.9406962 0.5102198 0.9406961 0.5102174 0.9617294 0.5102174 0.9617294 0.5102198 0.9406961 0.5124948 0.9406955 0.5102174 0.9617294 0.5124948 0.9406955 0.5187135 0.961724 0.5187135 0.961724 0.5124948 0.9406955 0.5157578 0.9406937 0.5187135 0.961724 0.5157578 0.9406937 0.5187135 0.9406908 0.50907 0.9406962 0.5102174 0.9617294 0.5056131 0.9406954 0.5056131 0.9406954 0.5102174 0.9617294 0.5011608 0.9617258 0.5056131 0.9406954 0.5011608 0.9617258 0.5022407 0.9406935 0.04758912 0.9517577 0.06862169 0.9550313 0.04758679 0.959814 0.5011608 0.9617258 0.4963066 0.9406864 0.5011631 0.9406926 0.5011608 0.9617258 0.5011631 0.9406926 0.5022407 0.9406935 0.04758912 0.9426115 0.06862246 0.9448519 0.04758912 0.9517577 0.04758912 0.9517577 0.06862246 0.9448519 0.06862252 0.9483146 0.06862252 0.9483146 0.06862217 0.9517398 0.04758912 0.9517577 0.04758912 0.9517577 0.06862217 0.9517398 0.06862241 0.951758 0.04758912 0.9517577 0.06862241 0.951758 0.06862169 0.9550313 0.06862044 0.9356349 0.06862127 0.9383959 0.04758679 0.934826 0.04758679 0.934826 0.06862127 0.9383959 0.06862217 0.9415012 0.04758679 0.934826 0.06862217 0.9415012 0.04758912 0.9426115 0.04758912 0.9426115 0.06862217 0.9415012 0.06862217 0.9426118 0.04758912 0.9426115 0.06862217 0.9426118 0.06862246 0.9448519 8.99252e-6 0.9594453 0.02104192 0.9594453 0.02104842 0.9620667 8.99252e-6 0.9594453 0.02104842 0.9620667 2.92046e-5 0.9653266 2.92046e-5 0.9653266 0.02104842 0.9620667 0.02106213 0.9653266 0.04758679 0.934826 0.06861984 0.9348263 0.06862044 0.9356349 0.02104192 0.9594453 8.99252e-6 0.9594453 0.0210371 0.9564197 0.0210371 0.9564197 8.99252e-6 0.9594453 0 0.9508471 0.0210371 0.9564197 0 0.9508471 0.02103412 0.9531205 0.02103638 0.9428989 0.02103352 0.9462262 4.44931e-6 0.9418358 4.44931e-6 0.9418358 0.02103352 0.9462262 0.02103281 0.9496904 4.44931e-6 0.9418358 0.02103281 0.9496904 0 0.9508471 0 0.9508471 0.02103281 0.9496904 0.02103292 0.9508471 0 0.9508471 0.02103292 0.9508471 0.02103412 0.9531205 0.4642592 0.9411069 0.4642601 0.9390094 0.4852934 0.9390094 2.13359e-5 0.934826 0.0210545 0.9348259 0.02104681 0.9370779 2.13359e-5 0.934826 0.02104681 0.9370779 4.44931e-6 0.9418358 4.44931e-6 0.9418358 0.02104681 0.9370779 0.02103763 0.9418357 4.44931e-6 0.9418358 0.02103763 0.9418357 0.02103638 0.9428989 0.4454032 0.9442311 0.4515013 0.9425972 0.4454032 0.9501134 0.4454032 0.9501134 0.4515013 0.9425972 0.4515012 0.9517474 0.4454032 0.9501134 0.4515012 0.9517474 0.442462 0.9552077 0.442462 0.9552077 0.4515012 0.9517474 0.4469261 0.9596717 0.442462 0.9552077 0.4469261 0.9596717 0.4373678 0.9581488 0.4373678 0.9581488 0.4469261 0.9596717 0.4390017 0.9642469 0.4373678 0.9581488 0.4390017 0.9642469 0.4314855 0.9581488 0.4314855 0.9581488 0.4390017 0.9642469 0.4298515 0.9642469 0.4314855 0.9581488 0.4298515 0.9642469 0.4263913 0.9552077 0.4263913 0.9552077 0.4298515 0.9642469 0.4219272 0.9596717 0.4263913 0.9552077 0.4219272 0.9596717 0.4234501 0.9501134 0.4234501 0.9501134 0.4219272 0.9596717 0.417352 0.9517474 0.4234501 0.9501134 0.417352 0.9517474 0.4234501 0.9442311 0.4234501 0.9442311 0.417352 0.9517474 0.417352 0.9425971 0.4234501 0.9442311 0.417352 0.9425971 0.4263913 0.9391369 0.4263913 0.9391369 0.417352 0.9425971 0.4219272 0.9346728 0.4263913 0.9391369 0.4219272 0.9346728 0.4314855 0.9361957 0.4314855 0.9361957 0.4219272 0.9346728 0.4298515 0.9300976 0.4314855 0.9361957 0.4298515 0.9300976 0.4373678 0.9361957 0.4373678 0.9361957 0.4298515 0.9300976 0.4390018 0.9300976 0.4373678 0.9361957 0.4390018 0.9300976 0.442462 0.9391369 0.442462 0.9391369 0.4390018 0.9300976 0.4469261 0.9346728 0.442462 0.9391369 0.4469261 0.9346728 0.4454032 0.9442311 0.4454032 0.9442311 0.4469261 0.9346728 0.4515013 0.9425972 0.7646055 0.5125126 0.7730652 0.5033466 0.773024 0.5225327 0.7646055 0.5125126 0.773024 0.5225327 0.7622777 0.5327126 0.7730652 0.5033466 0.7646055 0.5125126 0.7716783 0.4938455 0.7716783 0.4938455 0.7646055 0.5125126 0.7622778 0.4923127 0.7716783 0.4938455 0.7622778 0.4923127 0.7693874 0.4844595 0.7693874 0.4844595 0.7622778 0.4923127 0.7554162 0.4731718 0.7693874 0.4844595 0.7554162 0.4731718 0.7623139 0.4666563 0.7372443 0.5888372 0.7307126 0.5823055 0.740157 0.5864264 0.740157 0.5864264 0.7307126 0.5823055 0.7443807 0.5689319 0.740157 0.5864264 0.7443807 0.5689319 0.7526681 0.5730581 0.7623139 0.4666563 0.7554162 0.4731718 0.7575401 0.4582623 0.7575401 0.4582623 0.7554162 0.4731718 0.7443806 0.4560934 0.7575401 0.4582623 0.7443806 0.4560934 0.7519758 0.4503359 0.7519758 0.4503359 0.7443806 0.4560934 0.7449884 0.4422569 0.7449884 0.4422569 0.7443806 0.4560934 0.7307126 0.4427198 0.7449884 0.4422569 0.7307126 0.4427198 0.7379075 0.435525 0.773024 0.5225327 0.7716096 0.5316649 0.7622777 0.5327126 0.7622777 0.5327126 0.7716096 0.5316649 0.7693361 0.5405887 0.7622777 0.5327126 0.7693361 0.5405887 0.7554161 0.5518535 0.7554161 0.5518535 0.7693361 0.5405887 0.7624663 0.5575312 0.7554161 0.5518535 0.7624663 0.5575312 0.7443807 0.5689319 0.7443807 0.5689319 0.7624663 0.5575312 0.7579023 0.5655387 0.7443807 0.5689319 0.7579023 0.5655387 0.7526681 0.5730581 0.7074489 0.9298878 0.690614 0.9298928 0.6905867 0.9228106 0.5383927 0.615897 0.5435178 0.5788076 0.5435178 0.6173962 0.9571221 0.7891908 0.9451661 0.7522008 0.9571221 0.7521536 0.8878852 0.4165405 0.9249225 0.4165425 0.8878884 0.4224466 0.8878884 0.4224466 0.9249225 0.4165425 0.9249292 0.4310291 0.8710632 0.4676868 0.8710623 0.4565973 0.9249356 0.4664983 0.9249356 0.4664983 0.8710623 0.4565973 0.9249334 0.4483814 0.9418528 0.478688 0.8710634 0.478684 0.9419302 0.4769203 0.9419302 0.4769203 0.8710634 0.478684 0.8710635 0.4764396 0.9419302 0.4769203 0.8710635 0.4764396 0.9420875 0.4727172 0.9420875 0.4727172 0.8710635 0.4764396 0.8710632 0.4676868 0.9420875 0.4727172 0.8710632 0.4676868 0.9422264 0.467335 0.9422264 0.467335 0.8710632 0.4676868 0.9249356 0.4664983 0.9422264 0.467335 0.9249356 0.4664983 0.9410616 0.4664992 0.8710531 0.4224457 0.8878884 0.4224466 0.8710566 0.4310261 0.8710566 0.4310261 0.8878884 0.4224466 0.9249292 0.4310291 0.8710566 0.4310261 0.9249292 0.4310291 0.8710588 0.4382793 0.8710588 0.4382793 0.9249292 0.4310291 0.9249334 0.4483814 0.8710588 0.4382793 0.9249334 0.4483814 0.8710612 0.4483783 0.8710612 0.4483783 0.9249334 0.4483814 0.8710623 0.4565973 0.7074489 0.9298878 0.6905867 0.9228106 0.7444591 0.9227951 0.7444591 0.9227951 0.6905867 0.9228106 0.6905657 0.9160146 0.7444591 0.9227951 0.6905657 0.9160146 0.7444164 0.9074114 0.6905657 0.9160146 0.690544 0.907427 0.7444164 0.9074114 0.7444164 0.9074114 0.690544 0.907427 0.6905269 0.8989433 0.7444164 0.9074114 0.6905269 0.8989433 0.7443839 0.8894065 0.6905269 0.8989433 0.6905118 0.8894221 0.7443839 0.8894065 0.7443839 0.8894065 0.6905118 0.8894221 0.6904997 0.8796092 0.7443839 0.8894065 0.6904997 0.8796092 0.7443636 0.8697243 0.690484 0.8494123 0.7443563 0.8506112 0.6904858 0.8590661 0.6904858 0.8590661 0.7443563 0.8506112 0.7443636 0.8697243 0.6904858 0.8590661 0.7443636 0.8697243 0.6904911 0.8697399 0.6904911 0.8697399 0.7443636 0.8697243 0.6904997 0.8796092 0.690484 0.8494123 0.6904855 0.8384339 0.7635483 0.8384128 0.7615485 0.8506062 0.7443563 0.8506112 0.7628722 0.8497977 0.7628722 0.8497977 0.7443563 0.8506112 0.690484 0.8494123 0.7628722 0.8497977 0.690484 0.8494123 0.7629616 0.848033 0.7629616 0.848033 0.690484 0.8494123 0.7635483 0.8384128 0.7307138 0.8053819 0.7656466 0.8053819 0.7307128 0.8076521 0.7307128 0.8076521 0.7656466 0.8053819 0.7656459 0.8076521 0.7307128 0.8076521 0.7656459 0.8076521 0.7307126 0.8105854 0.7307126 0.8105854 0.7656459 0.8076521 0.7656456 0.8105854 0.7307126 0.8105854 0.7656456 0.8105854 0.730713 0.8135119 0.730713 0.8135119 0.7656456 0.8105854 0.7656461 0.8135119 0.7933406 0.8367843 0.7933407 0.8717173 0.7906415 0.8367868 0.7906415 0.8367868 0.7933407 0.8717173 0.7906416 0.8717197 0.7906415 0.8367868 0.7906416 0.8717197 0.7876247 0.8367867 0.7876247 0.8367867 0.7906416 0.8717197 0.7876247 0.8717197 0.7307145 0.8012936 0.7656475 0.8012936 0.7656473 0.8028452 0.7307145 0.8012936 0.7656473 0.8028452 0.7307145 0.8028452 0.7307145 0.8028452 0.7656473 0.8028452 0.7656472 0.8042727 0.7307145 0.8028452 0.7656472 0.8042727 0.7307142 0.8042728 0.7307142 0.8042728 0.7656472 0.8042727 0.7656466 0.8053819 0.7307142 0.8042728 0.7656466 0.8053819 0.7307138 0.8053819 0.3807679 0.9642445 0.3807743 0.9293115 0.3821176 0.9293115 0.3807679 0.9642445 0.3821176 0.9293115 0.3821112 0.9642443 0.7845916 0.8717201 0.7845916 0.8367874 0.7860766 0.8367866 0.7845916 0.8717201 0.7860766 0.8367866 0.7860766 0.8717193 0.7860766 0.8717193 0.7860766 0.8367866 0.7876247 0.8367867 0.7860766 0.8717193 0.7876247 0.8367867 0.7876247 0.8717197 0.1560353 0.684672 0.1578689 0.6846724 0.1560353 0.7145542 0.1560353 0.7145542 0.1578689 0.6846724 0.1578689 0.7145549 0.5792042 0.6154112 0.5792043 0.6452934 0.5787679 0.6154107 0.5787679 0.6154107 0.5792043 0.6452934 0.5770955 0.6452929 0.5787679 0.6154107 0.5770955 0.6452929 0.5770955 0.6142839 0.5770955 0.6142839 0.5770955 0.6452929 0.5760901 0.6138777 0.5760901 0.6138777 0.5770955 0.6452929 0.5751299 0.6452945 0.5760901 0.6138777 0.5751299 0.6452945 0.5751299 0.6137286 0.1786494 0.5506089 0.1803629 0.5506095 0.1803629 0.6078383 0.8862137 0.4846271 0.8731665 0.4846264 0.871618 0.4818714 0.1762355 0.552496 0.1773185 0.5517007 0.1772812 0.6095201 0.1805236 0.4765446 0.1805236 0.5335767 0.1784551 0.4774931 0.1786494 0.5506089 0.1803629 0.6078383 0.1773185 0.5517007 0.1773185 0.5517007 0.1803629 0.6078383 0.1783286 0.6095208 0.1773185 0.5517007 0.1783286 0.6095208 0.1772812 0.6095201 0.871618 0.4818714 0.8710634 0.478684 0.9418528 0.478688 0.1805236 0.4765446 0.1805992 0.4765481 0.1805992 0.5326504 0.9422526 0.4816457 0.8862137 0.4846271 0.871618 0.4818714 0.9422526 0.4816457 0.871618 0.4818714 0.9418459 0.4792389 0.9418459 0.4792389 0.871618 0.4818714 0.9418528 0.478688 0.7635483 0.8384128 0.6904855 0.8384339 0.7639905 0.8363756 0.7639905 0.8363756 0.6904855 0.8384339 0.6904885 0.8354726 0.7639905 0.8363756 0.6904885 0.8354726 0.7645525 0.8352293 0.7645525 0.8352293 0.6904885 0.8354726 0.6904944 0.833211 0.7645525 0.8352293 0.6904944 0.833211 0.764558 0.833211 0.1784551 0.476545 0.1784551 0.550609 0.1762565 0.5506086 0.1784551 0.476545 0.1762565 0.5506086 0.1762355 0.4765447 0.9434345 0.8059056 0.9434347 0.8076486 0.8752522 0.8059332 0.8752522 0.8059332 0.9434347 0.8076486 0.8756801 0.807676 0.9422704 0.5315363 0.9772032 0.5314522 0.9772047 0.5337355 0.9422704 0.5315363 0.9772047 0.5337355 0.9422719 0.5338195 0.9422719 0.5338195 0.9772047 0.5337355 0.9772033 0.5354889 0.9422719 0.5338195 0.9772033 0.5354889 0.9422705 0.535573 0.8618094 0.6630754 0.8104621 0.6630727 0.8104622 0.6619279 0.8618094 0.6630754 0.8104622 0.6619279 0.8618096 0.6619306 0.8618096 0.6619306 0.8104622 0.6619279 0.8114944 0.6601291 0.8618096 0.6619306 0.8114944 0.6601291 0.8628417 0.6601319 0.9327616 0.1570523 0.9841089 0.1570547 0.9836278 0.1584158 0.9327616 0.1570523 0.9836278 0.1584158 0.932279 0.158421 0.932279 0.158421 0.9836278 0.1584158 0.9834546 0.1599617 0.932279 0.158421 0.9834546 0.1599617 0.9321073 0.1599593 0.8634759 0.784147 0.7952933 0.7841433 0.8633032 0.7827 0.8633032 0.7827 0.7952933 0.7841433 0.7952929 0.7812048 0.8633032 0.7827 0.7952929 0.7812048 0.8628234 0.7812083 0.795293 0.7780399 0.8617921 0.7780435 0.7952929 0.7812048 0.7952929 0.7812048 0.8617921 0.7780435 0.861792 0.7792192 0.7952929 0.7812048 0.861792 0.7792192 0.8628234 0.7812083 0.7830139 0.5017544 0.7830139 0.4352553 0.7864366 0.5017551 0.7864366 0.5017551 0.7830139 0.4352553 0.7864366 0.435256 0.5435178 0.6453185 0.5435178 0.5788195 0.5470805 0.6453205 0.5470805 0.6453205 0.5435178 0.5788195 0.5470805 0.5788215 0.5470805 0.6453205 0.5470805 0.5788215 0.5507746 0.6453194 0.5507746 0.6453194 0.5470805 0.5788215 0.5507746 0.5788207 0.7774335 0.5017538 0.7744551 0.501753 0.7774335 0.4352547 0.7774335 0.4352547 0.7744551 0.501753 0.7744552 0.4352542 0.8012003 0.9072089 0.867699 0.9072105 0.8011992 0.9083102 0.8011992 0.9083102 0.867699 0.9072105 0.8676968 0.9101638 0.8011992 0.9083102 0.8676968 0.9101638 0.8002103 0.9100975 0.8002103 0.9100975 0.8676968 0.9101638 0.7996893 0.9117332 0.7996893 0.9117332 0.8676968 0.9101638 0.8676965 0.9133686 0.7996893 0.9117332 0.8676965 0.9133686 0.7995141 0.9133669 0.8627765 0.3152729 0.8726307 0.3190742 0.8616117 0.3159904 0.8616117 0.3159904 0.8726307 0.3190742 0.872298 0.320107 0.872298 0.320107 0.8726307 0.3190742 0.8798347 0.3204246 0.8798347 0.3204246 0.8726307 0.3190742 0.8789069 0.319339 0.8798347 0.3204246 0.8789069 0.319339 0.8789954 0.3193426 0.7372443 0.5888372 0.740157 0.5864264 0.7373074 0.5889003 0.7373074 0.5889003 0.740157 0.5864264 0.7407652 0.5871278 0.7373074 0.5889003 0.7407652 0.5871278 0.7372372 0.5900215 0.773024 0.5225327 0.7739475 0.5226293 0.7716096 0.5316649 0.7716096 0.5316649 0.7739475 0.5226293 0.7725189 0.5318517 0.7716096 0.5316649 0.7725189 0.5318517 0.7693361 0.5405887 0.7407652 0.5871278 0.740157 0.5864264 0.7470724 0.581071 0.7470724 0.581071 0.740157 0.5864264 0.7526681 0.5730581 0.7725189 0.5318517 0.7702242 0.5408596 0.7693361 0.5405887 0.8788983 0.2632102 0.879828 0.2631751 0.8798304 0.2731262 0.7693361 0.5405887 0.766865 0.5502272 0.7624663 0.5575312 0.7624663 0.5575312 0.766865 0.5502272 0.7632926 0.5579548 0.7624663 0.5575312 0.7632926 0.5579548 0.7579023 0.5655387 0.7579023 0.5655387 0.7632926 0.5579548 0.7586873 0.5660341 0.7579023 0.5655387 0.7586873 0.5660341 0.7526681 0.5730581 0.7526681 0.5730581 0.7586873 0.5660341 0.7534049 0.5736231 0.7526681 0.5730581 0.7534049 0.5736231 0.7470724 0.581071 0.7519758 0.4503359 0.7527091 0.4497669 0.7575401 0.4582623 0.7575401 0.4582623 0.7527091 0.4497669 0.7583245 0.4577664 0.7575401 0.4582623 0.7583245 0.4577664 0.7623139 0.4666563 0.7739475 0.5226293 0.773024 0.5225327 0.7744553 0.5130524 0.7744553 0.5130524 0.773024 0.5225327 0.7730652 0.5033466 0.7583245 0.4577664 0.7631413 0.4662361 0.7623139 0.4666563 0.7623139 0.4666563 0.7631413 0.4662361 0.7671838 0.475206 0.7623139 0.4666563 0.7671838 0.475206 0.7693874 0.4844595 0.7693874 0.4844595 0.7671838 0.475206 0.7702779 0.4841979 0.7693874 0.4844595 0.7702779 0.4841979 0.7716783 0.4938455 0.7716783 0.4938455 0.7702779 0.4841979 0.7725895 0.4936683 0.7716783 0.4938455 0.7725895 0.4936683 0.7730652 0.5033466 0.7730652 0.5033466 0.7725895 0.4936683 0.7739891 0.5032569 0.7730652 0.5033466 0.7739891 0.5032569 0.7744553 0.5130524 0.7527091 0.4497669 0.7519758 0.4503359 0.7456581 0.4416146 0.7456581 0.4416146 0.7519758 0.4503359 0.7449884 0.4422569 0.7456581 0.4416146 0.7449884 0.4422569 0.7379716 0.4343524 0.1760159 0.5946112 0.1760159 0.6051288 0.1751565 0.5954077 0.7662012 0.8320302 0.7656585 0.8257708 0.7666847 0.8254196 0.7662012 0.8320302 0.7666847 0.8254196 0.7673304 0.8329578 0.7656585 0.8257708 0.7570481 0.8148362 0.7666847 0.8254196 0.7666847 0.8254196 0.7570481 0.8148362 0.7573099 0.813512 0.7039492 0.964509 0.7039489 0.9651598 0.6887974 0.9645078 0.6887974 0.9645078 0.7039489 0.9651598 0.6887972 0.9651587 0.705766 0.9327241 0.6906143 0.9327285 0.7057674 0.9322224 0.7057674 0.9322224 0.6906143 0.9327285 0.690616 0.932147 0.7057674 0.9322224 0.690616 0.932147 0.7058605 0.9321445 0.7058605 0.9321445 0.690616 0.932147 0.6906164 0.9313485 0.7058605 0.9321445 0.6906164 0.9313485 0.7066618 0.9313439 0.7066618 0.9313439 0.6906164 0.9313485 0.6906157 0.9305299 0.7066618 0.9313439 0.6906157 0.9305299 0.7072397 0.9305251 0.7072397 0.9305251 0.6906157 0.9305299 0.7073935 0.9301812 0.7073935 0.9301812 0.6906157 0.9305299 0.690614 0.9298928 0.7073935 0.9301812 0.690614 0.9298928 0.7074489 0.9298878 0.8878884 0.4224466 0.8710531 0.4224457 0.8710529 0.4212296 0.8878884 0.4224466 0.8710529 0.4212296 0.8876127 0.4212306 0.8876127 0.4212306 0.8710529 0.4212296 0.8710525 0.4197908 0.8876127 0.4212306 0.8710525 0.4197908 0.8868257 0.4197917 0.8710529 0.418309 0.8862044 0.4183099 0.8710525 0.4197908 0.8710525 0.4197908 0.8862044 0.4183099 0.8862043 0.41896 0.8710525 0.4197908 0.8862043 0.41896 0.8868257 0.4197917 0.1603584 0.6378445 0.1620347 0.6380147 0.1560353 0.680209 0.1560353 0.680209 0.1620347 0.6380147 0.1573753 0.6837339 0.1560353 0.680209 0.1573753 0.6837339 0.1560494 0.6811843 0.1560494 0.6811843 0.1573753 0.6837339 0.156288 0.68213 0.45055 0.2630081 0.4519012 0.2620043 0.4627524 0.2832272 0.4627524 0.2832272 0.4519012 0.2620043 0.4642719 0.2825023 0.4627524 0.2832272 0.4642719 0.2825023 0.4708325 0.3054178 0.4708325 0.3054178 0.4642719 0.2825023 0.4724635 0.3049989 0.4708325 0.3054178 0.4724635 0.3049989 0.474488 0.3287491 0.474488 0.3287491 0.4724635 0.3049989 0.4761694 0.328652 0.474488 0.3287491 0.4761694 0.328652 0.473582 0.3523476 0.473582 0.3523476 0.4761694 0.328652 0.4752509 0.3525761 0.473582 0.3523476 0.4752509 0.3525761 0.4681484 0.3753299 0.4681484 0.3753299 0.4752509 0.3525761 0.4697423 0.3758754 0.4681484 0.3753299 0.4697423 0.3758754 0.4583905 0.3968356 0.4583905 0.3968356 0.4697423 0.3758754 0.4598499 0.3976777 0.4583905 0.3968356 0.4598499 0.3976777 0.4446738 0.4160597 0.4446738 0.4160597 0.4598499 0.3976777 0.445944 0.417167 0.4446738 0.4160597 0.445944 0.417167 0.4275118 0.4322823 0.4275118 0.4322823 0.445944 0.417167 0.4285452 0.4336133 0.4275118 0.4322823 0.4285452 0.4336133 0.4075468 0.4448963 0.4075468 0.4448963 0.4285452 0.4336133 0.4083048 0.4464012 0.8929361 0.09645175 0.8946191 0.09632807 0.8929375 0.1200612 0.8929375 0.1200612 0.8946191 0.09632807 0.8946204 0.1202632 0.1560353 0.5910335 0.1576519 0.5905579 0.1604719 0.6142289 0.1604719 0.6142289 0.1576519 0.5905579 0.1621496 0.6140733 0.1604719 0.6142289 0.1621496 0.6140733 0.1603584 0.6378445 0.1603584 0.6378445 0.1621496 0.6140733 0.1620347 0.6380147 0.4519012 0.2620043 0.45055 0.2630081 0.4498178 0.2614091 0.4519012 0.2620043 0.4498178 0.2614091 0.4514619 0.2610448 0.4514619 0.2610448 0.4498178 0.2614091 0.449803 0.2596504 0.4514619 0.2610448 0.449803 0.2596504 0.451453 0.2599897 0.4522258 0.2478229 0.4537211 0.2489178 0.449803 0.2596504 0.449803 0.2596504 0.4537211 0.2489178 0.451453 0.2599897 0.466122 0.2159031 0.4645278 0.2164446 0.4620602 0.2082083 0.4620602 0.2082083 0.4645278 0.2164446 0.4602554 0.2086245 0.4604812 0.2434399 0.4537211 0.2489178 0.4522258 0.2478229 0.4522258 0.2478229 0.4592288 0.2423126 0.4604812 0.2434399 0.4604812 0.2434399 0.4592288 0.2423126 0.4607758 0.2404218 0.1751566 0.5897287 0.1734736 0.5883008 0.1751566 0.581786 0.4607758 0.2404218 0.4640719 0.2345135 0.4656368 0.2351377 0.4656368 0.2351377 0.4640719 0.2345135 0.4653917 0.2300983 0.4656368 0.2351377 0.4653917 0.2300983 0.467598 0.2255637 0.467598 0.2255637 0.4653917 0.2300983 0.4659143 0.2255198 0.467598 0.2255637 0.4659143 0.2255198 0.466122 0.2159031 0.7552835 0.9647461 0.7487526 0.9630421 0.7539346 0.9630547 0.466122 0.2159031 0.4652067 0.2187914 0.4645278 0.2164446 0.474299 0.1400677 0.4759491 0.140407 0.4602554 0.2086245 0.4602554 0.2086245 0.4759491 0.140407 0.4620602 0.2082083 0.474299 0.1400677 0.4751894 0.1376648 0.4759491 0.140407 0.4759491 0.140407 0.4751894 0.1376648 0.4766613 0.1384846 0.4836512 0.07135957 0.4820422 0.0718559 0.4775781 0.0566979 0.4775781 0.0566979 0.4820422 0.0718559 0.4756585 0.05667734 0.4766613 0.1384846 0.4751894 0.1376648 0.4835087 0.1225863 0.4751894 0.1376648 0.4819025 0.1220782 0.4835087 0.1225863 0.4835087 0.1225863 0.4819025 0.1220782 0.4830496 0.1181063 0.4835087 0.1225863 0.4830496 0.1181063 0.487028 0.1056377 0.4830496 0.1181063 0.4853528 0.1054619 0.487028 0.1056377 0.487028 0.1056377 0.4853528 0.1054619 0.4858042 0.09722352 0.487028 0.1056377 0.4858042 0.09722352 0.4870762 0.08832758 0.4870762 0.08832758 0.4858042 0.09722352 0.4854 0.0884912 0.4870762 0.08832758 0.4854 0.0884912 0.4836512 0.07135957 0.9665027 0.3701646 0.9533411 0.3684787 0.9633201 0.3684774 0.4836512 0.07135957 0.4832879 0.07631075 0.4820422 0.0718559 0.4755453 0.04752075 0.4769473 0.04658889 0.4767859 0.05049937 0.4767859 0.05049937 0.4769473 0.04658889 0.478436 0.0501635 0.4767859 0.05049937 0.478436 0.0501635 0.4768146 0.05372595 0.4768146 0.05372595 0.478436 0.0501635 0.4784705 0.05403536 0.4768146 0.05372595 0.4784705 0.05403536 0.4756585 0.05667734 0.4756585 0.05667734 0.4784705 0.05403536 0.4775781 0.0566979 0.4769473 0.04658889 0.4755453 0.04752075 0.4688221 0.03867822 0.6904911 0.8697399 0.6888117 0.8800302 0.6887974 0.8590977 0.6887972 0.8380743 0.690484 0.8494123 0.6887974 0.8590977 0.6887974 0.8590977 0.690484 0.8494123 0.6904858 0.8590661 0.6887974 0.8590977 0.6904858 0.8590661 0.6904911 0.8697399 0.557145 0.5583532 0.5565611 0.5683978 0.5548785 0.5683941 0.5548785 0.5683941 0.5565611 0.5683978 0.557145 0.5786868 0.1805963 0.6207814 0.1822832 0.6301757 0.1805963 0.640482 0.5548784 0.5583533 0.554295 0.5687997 0.5526127 0.5688039 0.5526127 0.5688039 0.554295 0.5687997 0.5548784 0.5786868 0.7915674 0.7578073 0.7932547 0.7655073 0.7915674 0.7752023 0.5434753 0.8240216 0.5418303 0.8243718 0.5418303 0.8128771 0.4623152 0.8066898 0.460627 0.8151403 0.460627 0.800999 0.5526127 0.5786867 0.5503492 0.5692137 0.5520314 0.5692016 0.5520314 0.5692016 0.5503492 0.5692137 0.5526127 0.5583531 0.3832029 0.007412135 0.3836033 0.00667864 0.3848353 0.007828414 0.3832029 0.007412135 0.3848353 0.007828414 0.3832044 0.008247792 0.3836076 0.008979797 0.3832044 0.008247792 0.3848353 0.007828414 0.6906157 0.9305299 0.6906164 0.9313485 0.688928 0.9312669 0.5434753 0.8240216 0.5434412 0.8248565 0.5418303 0.8243718 0.3848353 0.007828414 0.3836033 0.00667864 0.3902679 0.00188148 0.3848353 0.007828414 0.3902679 0.00188148 0.3909666 0.003414928 0.7056334 0.9564573 0.7039505 0.9565151 0.7039507 0.9484111 0.7056334 0.9564573 0.7039507 0.9484111 0.7056334 0.9490016 0.3983203 0.00168401 0.398261 0 0.4156354 9.60013e-4 0.3983203 0.00168401 0.4156354 9.60013e-4 0.4153926 0.002627313 0.4153926 0.002627313 0.4156354 9.60013e-4 0.4325573 0.005015015 0.4153926 0.002627313 0.4325573 0.005015015 0.4320201 0.006611645 0.1560399 0.9458755 0.1569109 0.9467841 0.1522312 0.9451014 0.1522312 0.9451014 0.1569109 0.9467841 0.1494231 0.9467847 0.4320201 0.006611645 0.4325573 0.005015015 0.4396708 0.007799506 0.4396708 0.007799506 0.4325573 0.005015015 0.4396412 0.00611478 0.4396708 0.007799506 0.4396412 0.00611478 0.4419431 0.005948722 0.8581787 3.97142e-4 0.858654 8.04806e-4 0.8590335 0.001353561 0.8574485 6.6255e-5 0.8581787 3.97142e-4 0.8564509 0 0.8564509 0 0.8581787 3.97142e-4 0.8590335 0.001353561 0.8564509 0 0.8590335 0.001353561 0.8591964 0.005369544 0.8591964 0.005369544 0.8590335 0.001353561 0.8606944 0.004601836 0.8606944 0.004601836 0.8616117 0.008129477 0.8591964 0.005369544 0.8591964 0.005369544 0.8616117 0.008129477 0.8599302 0.008191704 0.8693701 0.4187647 0.8710529 0.418309 0.8710525 0.4197908 0.8693701 0.4187647 0.8710525 0.4197908 0.8693701 0.4196537 0.8598042 0.00907588 0.8614016 0.009603202 0.8606916 0.01091158 0.8598042 0.00907588 0.8606916 0.01091158 0.8593782 0.009860992 0.8593782 0.009860992 0.8606916 0.01091158 0.8595706 0.01189106 0.8593782 0.009860992 0.8595706 0.01189106 0.8587056 0.01044863 0.9405705 0.3746004 0.9422528 0.3746013 0.9405705 0.4150971 0.9405705 0.4150971 0.9422528 0.3746013 0.9422528 0.4100474 0.9405705 0.4150971 0.9422528 0.4100474 0.94121 0.4141064 0.94121 0.4141064 0.9422528 0.4100474 0.9419879 0.4121431 0.8429867 0.1513687 0.8429826 0.1521363 0.8413407 0.1520538 0.871618 0.4818714 0.8731665 0.4846264 0.8731656 0.4965043 0.871618 0.4818714 0.8693795 0.4969766 0.8710634 0.478684 0.8710634 0.478684 0.8693795 0.4969766 0.8693807 0.4762641 0.7325059 0.8246204 0.7307125 0.8224328 0.7323935 0.8223693 0.7323935 0.8223693 0.7307125 0.8224328 0.7325059 0.8135121 0.5403004 0.5521693 0.5386174 0.5607466 0.5386174 0.540528 0.5425564 0.5786868 0.5403005 0.5671735 0.5419824 0.5671979 0.5419824 0.5671979 0.5403005 0.5671735 0.5425564 0.5583532 0.5435152 0.7248448 0.5418321 0.7325118 0.5418321 0.7138466 0.5503494 0.5786868 0.5480936 0.5671787 0.5497753 0.5672034 0.5497753 0.5672034 0.5480936 0.5671787 0.5503494 0.5583532 0.09195381 0.8006368 0.09027087 0.8069907 0.09027087 0.7908568 0.8501184 0.01842778 0.8587056 0.01044863 0.8595706 0.01189106 0.9581627 0.908656 0.9583464 0.9070444 0.9619171 0.9046382 0.8413407 0.1520538 0.8418242 0.1474279 0.8425077 0.1488903 0.8413407 0.1520538 0.8425077 0.1488903 0.8429867 0.1513687 0.8413013 0.152069 0.8293314 0.1372866 0.8413407 0.1520538 0.8413407 0.1520538 0.8293314 0.1372866 0.8325073 0.1352225 0.9619171 0.9046382 0.9581673 0.9218394 0.9581627 0.908656 0.871618 0.4818714 0.8731656 0.4965043 0.8693795 0.4969766 0.578675 0.8388572 0.5752316 0.8372847 0.578675 0.8285325 0.5443071 0.5583531 0.5480934 0.5671346 0.5443071 0.5784742 0.8153764 0.09856998 0.8185491 0.08766919 0.8191364 0.09812659 0.8153764 0.09856998 0.8191364 0.09812659 0.8201236 0.1187322 0.8731619 0.5157831 0.8731592 0.5256842 0.8693701 0.535573 0.8201236 0.1187322 0.8210647 0.1087823 0.8236849 0.1174448 0.8201236 0.1187322 0.8236849 0.1174448 0.8293314 0.1372866 0.9619628 0.9231262 0.9581661 0.9396033 0.9581679 0.9288881 0.8293314 0.1372866 0.8286433 0.1286483 0.8325073 0.1352225 0.1624574 0.7162382 0.1620015 0.7145555 0.1636387 0.7145555 0.1624574 0.7162382 0.1636387 0.7145555 0.1634397 0.7162382 0.9390116 0.3722674 0.9396546 0.3707129 0.94102 0.3716253 0.9390116 0.3722674 0.94102 0.3716253 0.939831 0.3728148 0.939831 0.3728148 0.94102 0.3716253 0.9419324 0.3729907 0.939831 0.3728148 0.9419324 0.3729907 0.9403784 0.373634 0.9403784 0.373634 0.9419324 0.3729907 0.9422528 0.3746013 0.9403784 0.373634 0.9422528 0.3746013 0.9405705 0.3746004 0.8429826 0.1521363 0.837208 0.2653703 0.8413407 0.1520538 0.8413407 0.1520538 0.837208 0.2653703 0.8355276 0.2652859 0.8413407 0.1520538 0.8355276 0.2652859 0.8413013 0.152069 0.9337522 0.3720752 0.9337509 0.3703925 0.9380453 0.3720752 0.9380453 0.3720752 0.9337509 0.3703925 0.938044 0.3703925 0.7936103 0.7783527 0.795293 0.7780399 0.7952929 0.7812048 0.7936103 0.7783527 0.7952929 0.7812048 0.7936102 0.7808846 0.8349256 0.2677452 0.8364555 0.2684444 0.834621 0.2710233 0.8349256 0.2677452 0.834621 0.2710233 0.833458 0.2698083 0.9312291 0.3744994 0.9295455 0.374433 0.9301635 0.3724005 0.9312291 0.3744994 0.9301635 0.3724005 0.9315998 0.3732799 0.5773203 0.6469797 0.5770955 0.6452929 0.5792043 0.6452934 0.5773203 0.6469797 0.5792043 0.6452934 0.5785856 0.6469799 0.9325189 0.3723968 0.9316954 0.3709287 0.9337509 0.3703925 0.9325189 0.3723968 0.9337509 0.3703925 0.9337522 0.3720752 0.820496 0.2855681 0.833458 0.2698083 0.834621 0.2710233 0.7952933 0.7841433 0.7952961 0.7970529 0.7936142 0.8016062 0.820496 0.2855681 0.8250022 0.2819743 0.8219132 0.2864741 0.820496 0.2855681 0.8219132 0.2864741 0.811619 0.3039414 0.7952968 0.8021538 0.7952979 0.8173859 0.7936154 0.8215542 0.5776494 0.7806715 0.5776494 0.7759612 0.5792043 0.7800297 0.7936154 0.8215542 0.795298 0.8217107 0.7936139 0.8419528 0.795298 0.8217107 0.7952972 0.8384821 0.7936139 0.8419528 0.8073284 0.3238907 0.8093675 0.3208128 0.8090037 0.3240453 0.8073284 0.3238907 0.8090037 0.3240453 0.8078666 0.3442891 0.7952967 0.8417093 0.7952934 0.8590159 0.7936102 0.8616496 0.8078666 0.3442891 0.8092468 0.3419126 0.8095313 0.3440437 0.8078666 0.3442891 0.8095313 0.3440437 0.813203 0.3639844 0.8095313 0.3440437 0.8143773 0.3623794 0.813203 0.3639844 0.813203 0.3639844 0.8143773 0.3623794 0.8147632 0.3633528 0.813203 0.3639844 0.8147632 0.3633528 0.8230365 0.3818641 0.8230365 0.3818641 0.8147632 0.3633528 0.8244038 0.380882 0.8230365 0.3818641 0.8244038 0.380882 0.8368115 0.3969185 0.8676965 0.9133686 0.8693832 0.9130747 0.8676983 0.9321851 0.8676983 0.9321851 0.8693832 0.9130747 0.8693848 0.9334477 0.8676983 0.9321851 0.8693848 0.9334477 0.8676982 0.9333421 0.8379087 0.3956412 0.8368115 0.3969185 0.8244038 0.380882 0.9295455 0.374433 0.9312291 0.3744994 0.9280254 0.3883052 0.9280254 0.3883052 0.9312291 0.3744994 0.9296836 0.3886028 0.9280254 0.3883052 0.9296836 0.3886028 0.9246079 0.4018355 0.9246079 0.4018355 0.9296836 0.3886028 0.926209 0.4023587 0.8693832 0.9130747 0.8676965 0.9133686 0.8676968 0.9101638 0.8693832 0.9130747 0.8676968 0.9101638 0.8693833 0.9105108 0.8557693 0.4098773 0.8570393 0.4087718 0.8586422 0.4115474 0.8557693 0.4098773 0.8586422 0.4115474 0.8570517 0.4120977 0.8570517 0.4120977 0.8586422 0.4115474 0.8590914 0.414721 0.8570517 0.4120977 0.8590914 0.414721 0.857411 0.4146366 0.5507746 0.6453194 0.5513797 0.6470059 0.5470805 0.6453205 0.5470805 0.6453205 0.5513797 0.6470059 0.5469468 0.6470072 0.8616117 0.427109 0.8604932 0.4283676 0.8594433 0.4240704 0.8594433 0.4240704 0.8604932 0.4283676 0.8578912 0.4247214 0.8594433 0.4240704 0.8578912 0.4247214 0.8588021 0.4203931 0.8588021 0.4203931 0.8578912 0.4247214 0.8571218 0.4203087 0.8588021 0.4203931 0.8571218 0.4203087 0.8590914 0.414721 0.8590914 0.414721 0.8571218 0.4203087 0.857411 0.4146366 0.1788439 0.5376992 0.1785345 0.5361162 0.1788437 0.5359908 0.1788437 0.5359908 0.1785345 0.5361162 0.1788439 0.5335767 0.09206032 0.9321594 0.09375047 0.9310585 0.09374964 0.9315531 0.8773778 0.3539733 0.8784409 0.3521673 0.8773939 0.3540014 0.8773939 0.3540014 0.8784409 0.3521673 0.8788542 0.3531641 0.09206026 0.9321909 0.09374839 0.9325656 0.09206008 0.9345028 0.881425 0.3551353 0.880993 0.3567612 0.8799423 0.354407 0.8799423 0.354407 0.880993 0.3567612 0.8789172 0.3557415 0.8799423 0.354407 0.8789172 0.3557415 0.8795353 0.3540511 0.09374809 0.9336794 0.09206008 0.9345028 0.09374839 0.9325656 0.8935508 0.3583497 0.8931187 0.3599755 0.881425 0.3551353 0.881425 0.3551353 0.8931187 0.3599755 0.880993 0.3567612 0.8931187 0.3599755 0.8935508 0.3583497 0.9031693 0.3634003 0.8931187 0.3599755 0.9031693 0.3634003 0.9020739 0.3646778 0.0920915 0.9567822 0.0937798 0.9565858 0.09377652 0.967387 0.0920915 0.9567822 0.09377652 0.967387 0.09208846 0.9668384 0.9081019 0.3727999 0.9096438 0.3721241 0.9116922 0.3827931 0.9081019 0.3727999 0.9116922 0.3827931 0.910009 0.3827332 0.910009 0.3827332 0.9116922 0.3827931 0.9089085 0.3932944 0.910009 0.3827332 0.9089085 0.3932944 0.9074172 0.3925102 0.9074172 0.3925102 0.9089085 0.3932944 0.9018442 0.4015479 0.9074172 0.3925102 0.9018442 0.4015479 0.9008402 0.4001945 0.9131428 0.8787533 0.9114603 0.8792554 0.9114561 0.8684245 0.9131428 0.8787533 0.9114561 0.8684245 0.9131391 0.8686694 0.8915803 0.4042641 0.8918983 0.4059188 0.881041 0.4055418 0.8915803 0.4042641 0.881041 0.4055418 0.8814717 0.403913 0.8629246 0.4084984 0.8637249 0.4091007 0.8616116 0.4134538 0.8637249 0.4091007 0.8629246 0.4084984 0.8674226 0.4058013 0.8629246 0.4084984 0.8633365 0.4069431 0.8674226 0.4058013 0.8674226 0.4058013 0.8633365 0.4069431 0.8665695 0.4043481 0.9114438 0.8453566 0.9131264 0.8450298 0.9114457 0.8503123 0.9114457 0.8503123 0.9131264 0.8450298 0.9131286 0.8506463 0.8721054 0.4041793 0.8718766 0.4025098 0.8770518 0.4044843 0.8770518 0.4044843 0.8718766 0.4025098 0.8774825 0.4028555 0.8770518 0.4044843 0.8774825 0.4028555 0.881041 0.4055418 0.881041 0.4055418 0.8774825 0.4028555 0.8814717 0.403913 0.01745069 0.7637583 0.01646071 0.7621497 0.0309509 0.7673065 0.0309509 0.7673065 0.01646071 0.7621497 0.01596552 0.7611035 0.01596552 0.7611035 0.01646071 0.7621497 0.0153234 0.7609578 0.01596552 0.7611035 0.0153234 0.7609578 0.01398324 0.7600144 0.005096912 0.6193756 0 0.6235057 0.001112878 0.6223212 0.01745069 0.7637583 0.0309509 0.7673065 0.03046071 0.7689182 0.03046071 0.7689182 0.0309509 0.7673065 0.0356884 0.7686014 0.1667433 0.7845596 0.1650571 0.7807309 0.1667433 0.7662518 0.7848305 0.7789075 0.7853321 0.7631344 0.7870136 0.763029 0.7870136 0.763029 0.7853321 0.7631344 0.7848305 0.7578074 0.5435167 0.6759888 0.5418336 0.6704612 0.5435167 0.6568094 0.7826207 0.7789074 0.7831483 0.7635731 0.7848306 0.7634767 0.7848306 0.7634767 0.7831483 0.7635731 0.7826207 0.7578073 0.5399996 0.5096769 0.5383164 0.5035921 0.5399996 0.4889459 0.5392516 0.7777472 0.539803 0.7628517 0.5414859 0.7627644 0.5414859 0.7627644 0.539803 0.7628517 0.5392516 0.7566471 0.5399995 0.4889458 0.5383164 0.4826199 0.5399995 0.4679125 0.5769112 0.7759612 0.5774843 0.7615046 0.5791676 0.7614265 0.5791676 0.7614265 0.5774843 0.7615046 0.5769112 0.7548611 0.1822823 0.6207814 0.1805992 0.614599 0.1822823 0.6007133 0.5392515 0.7566471 0.5398438 0.7426296 0.5415274 0.7425607 0.5415274 0.7425607 0.5398438 0.7426296 0.5392515 0.7355471 0.7925844 0.456318 0.7909013 0.4507087 0.7925844 0.4384245 0.5768668 0.7548611 0.577476 0.7412827 0.5791599 0.741223 0.5791599 0.741223 0.577476 0.7412827 0.5768668 0.733761 0.5588278 0.577684 0.5571451 0.5730932 0.5588278 0.5630434 0.1359078 0.711703 0.1388072 0.6988725 0.1404742 0.6991155 0.1404742 0.6991155 0.1388072 0.6988725 0.1395772 0.6909245 0.1404742 0.6991155 0.1395772 0.6909245 0.1409162 0.6780429 0.1395772 0.6909245 0.1392406 0.6782131 0.1409162 0.6780429 0.1409162 0.6780429 0.1392406 0.6782131 0.1379638 0.6698862 0.1650571 0.7845597 0.1667444 0.7918878 0.1650571 0.8008742 0.5415669 0.714447 0.5409206 0.7267075 0.539237 0.7267401 0.539237 0.7267401 0.5409206 0.7267075 0.5415669 0.7355471 0.5418347 0.6759888 0.5435217 0.6846202 0.5418347 0.6950629 0.5792042 0.7126609 0.5785501 0.724482 0.5768668 0.7245058 0.5768668 0.7245058 0.5785501 0.724482 0.5792042 0.733761 0.1805992 0.5194846 0.1822857 0.5289942 0.1805992 0.540169 0.7333677 0.813512 0.7350133 0.8247935 0.7333677 0.8251471 0.5715409 0.5061056 0.5732294 0.5062236 0.5732304 0.5159636 0.5715409 0.5061056 0.5732304 0.5159636 0.5715473 0.5271535 0.5415809 0.6722468 0.5409181 0.6831891 0.5392353 0.6831955 0.5392353 0.6831955 0.5409181 0.6831891 0.5415809 0.6933469 0.1805992 0.5604782 0.1822859 0.5700819 0.1805992 0.5806214 0.5613539 0.5702174 0.5596662 0.5778633 0.5596662 0.5630434 0.5415815 0.6511468 0.5409178 0.6616496 0.5392354 0.6616474 0.5392354 0.6616474 0.5409178 0.6616496 0.5415815 0.6722468 0.5386175 0.5607467 0.5403044 0.5694539 0.5386175 0.5787714 0.5392359 0.7033995 0.5415804 0.6933468 0.5409181 0.7034101 0.5392359 0.7033995 0.5409181 0.7034101 0.5415804 0.7144469 0.04380935 0.6034311 0.03434896 0.6053164 0.03392678 0.6036882 0.03392678 0.6036882 0.03434896 0.6053164 0.02344602 0.6089581 0.03392678 0.6036882 0.02344602 0.6089581 0.01433038 0.6114491 0.01433038 0.6114491 0.02344602 0.6089581 0.01513677 0.612925 0.01433038 0.6114491 0.01513677 0.612925 0.002636611 0.6191394 0.002636611 0.6191394 0.01513677 0.612925 0.005096912 0.6193756 0.002636611 0.6191394 0.005096912 0.6193756 0.001945018 0.6210093 0.001945018 0.6210093 0.005096912 0.6193756 0.001112878 0.6223212 0.9506674 0.4529001 0.9514705 0.4545831 0.9464304 0.4528999 0.9464304 0.4528999 0.9514705 0.4545831 0.9463861 0.4545827 0.4757322 0.2609368 0.4763367 0.2625097 0.4713989 0.2613934 0.4713989 0.2613934 0.4763367 0.2625097 0.4711368 0.2630577 0.4713989 0.2613934 0.4711368 0.2630577 0.4674179 0.2596222 0.4674179 0.2596222 0.4711368 0.2630577 0.4663595 0.2609323 0.7875966 0.7291874 0.7877959 0.7308743 0.7832839 0.7291864 0.7832839 0.7291864 0.7877959 0.7308743 0.7826206 0.7308728 0.4648558 0.2560977 0.463285 0.256703 0.4643992 0.2517645 0.4643992 0.2517645 0.463285 0.256703 0.4627371 0.251503 0.919755 0.384833 0.9201424 0.3865157 0.9153997 0.3848329 0.9153997 0.3848329 0.9201424 0.3865157 0.914916 0.3865158 0.4661704 0.2477834 0.4648625 0.2467257 0.4696949 0.2452214 0.4696949 0.2452214 0.4648625 0.2467257 0.4690919 0.2436513 0.4696949 0.2452214 0.4690919 0.2436513 0.4740281 0.2447648 0.4740281 0.2447648 0.4690919 0.2436513 0.4742918 0.2431033 0.4740281 0.2447648 0.4742918 0.2431033 0.4780092 0.246536 0.4780092 0.246536 0.4742918 0.2431033 0.4790691 0.2452288 0.08337587 0.8700094 0.08352267 0.8716977 0.07908475 0.8700073 0.07908475 0.8700073 0.08352267 0.8716977 0.07837331 0.8716952 0.4805712 0.2500604 0.4821435 0.2494581 0.4810279 0.2543937 0.4810279 0.2543937 0.4821435 0.2494581 0.4826914 0.2546581 0.4810279 0.2543937 0.4826914 0.2546581 0.4792566 0.2583747 0.4792566 0.2583747 0.4826914 0.2546581 0.480566 0.2594352 0.7901795 0.8081633 0.7909826 0.8098463 0.7859424 0.8081628 0.7859424 0.8081628 0.7909826 0.8098463 0.7858982 0.8098459 0.4910352 0.1652592 0.4916396 0.1668322 0.4867019 0.1657158 0.4867019 0.1657158 0.4916396 0.1668322 0.4864397 0.1673801 0.4867019 0.1657158 0.4864397 0.1673801 0.4827209 0.1639446 0.4827209 0.1639446 0.4864397 0.1673801 0.4816625 0.1652546 0.1610113 0.7730606 0.1612105 0.7747474 0.1566986 0.7730596 0.1566986 0.7730596 0.1612105 0.7747474 0.1560353 0.774746 0.4801588 0.1604201 0.478588 0.1610253 0.4797022 0.1560869 0.4797022 0.1560869 0.478588 0.1610253 0.4780401 0.1558254 0.08380943 0.9238821 0.08419686 0.9255647 0.07945412 0.9238819 0.07945412 0.9238819 0.08419686 0.9255647 0.07897043 0.9255646 0.4814734 0.1521059 0.4801656 0.1510482 0.4849978 0.1495438 0.4849978 0.1495438 0.4801656 0.1510482 0.4843949 0.1479737 0.4849978 0.1495438 0.4843949 0.1479737 0.4893311 0.1490872 0.4893311 0.1490872 0.4843949 0.1479737 0.4895948 0.1474258 0.4893311 0.1490872 0.4895948 0.1474258 0.4933121 0.1508584 0.4933121 0.1508584 0.4895948 0.1474258 0.494372 0.1495512 0.08337587 0.8161231 0.08352267 0.8178116 0.07908475 0.8161211 0.07908475 0.8161211 0.08352267 0.8178116 0.07837331 0.8178088 0.4958742 0.1543828 0.4974465 0.1537805 0.4963308 0.1587161 0.4963308 0.1587161 0.4974465 0.1537805 0.4979944 0.1589804 0.4963308 0.1587161 0.4979944 0.1589804 0.4945596 0.1626971 0.4945596 0.1626971 0.4979944 0.1589804 0.4958689 0.1637576 0.1945543 0.7278884 0.1948053 0.7294412 0.1934191 0.7280672 0.1934191 0.7280672 0.1824554 0.7143808 0.1839728 0.7158508 0.1946861 0.7269548 0.1945543 0.7278884 0.1869285 0.7172706 0.1869285 0.7172706 0.1945543 0.7278884 0.1934191 0.7280672 0.1869285 0.7172706 0.1934191 0.7280672 0.1858088 0.716897 0.1858088 0.716897 0.1934191 0.7280672 0.1839728 0.7158508 0.7826207 0.782063 0.7819676 0.7807254 0.7806267 0.7734157 0.7806267 0.7734157 0.7819676 0.7807254 0.7808902 0.7796987 0.7788178 0.7658587 0.7806267 0.7734157 0.7780438 0.7661771 0.7780438 0.7661771 0.7806267 0.7734157 0.7808902 0.7796987 0.7780438 0.7661771 0.7808902 0.7796987 0.7779513 0.7661874 0.7779513 0.7661874 0.7808902 0.7796987 0.7801544 0.7793114 0.7788178 0.7658587 0.7793418 0.7652083 0.7806267 0.7734157 0.7806267 0.7734157 0.7793418 0.7652083 0.7794647 0.7648175 0.7806267 0.7734157 0.7794647 0.7648175 0.7794884 0.7643857 0.07030642 0.9409118 0.07030707 0.946967 0.06862246 0.9448519 0.02271163 0.949727 0.02271425 0.95529 0.02103412 0.9531205 0.6124877 0.1679669 0.6114041 0.1665622 0.6146491 0.1652711 0.7842338 0.7826905 0.7842338 0.7789074 0.7860783 0.7826318 0.6146491 0.1652711 0.6142143 0.163349 0.6173093 0.1630365 0.6173093 0.1630365 0.6142143 0.163349 0.6163579 0.1616474 0.6173093 0.1630365 0.6163579 0.1616474 0.6182863 0.1624137 0.02103292 0.9508471 0.02271163 0.949727 0.02103412 0.9531205 0.6305379 0.1602468 0.6270979 0.1599476 0.6270709 0.1582645 0.6270709 0.1582645 0.6270979 0.1599476 0.6214289 0.1591728 0.02271425 0.95529 0.02104192 0.9594453 0.0210371 0.9564197 0.5715409 0.5760983 0.5714927 0.578598 0.5690849 0.5760983 0.06862246 0.9448519 0.06862217 0.9426118 0.07030642 0.9409118 0.6432615 0.1666763 0.6425036 0.1686159 0.6418735 0.1676281 0.6432615 0.1666763 0.6418735 0.1676281 0.6419345 0.1649562 0.6419345 0.1649562 0.6418735 0.1676281 0.6396485 0.1649808 0.6419345 0.1649562 0.6396485 0.1649808 0.6369363 0.1608356 0.6369363 0.1608356 0.6396485 0.1649808 0.6369376 0.1628089 0.6369363 0.1608356 0.6369376 0.1628089 0.6344988 0.159654 0.6344988 0.159654 0.6369376 0.1628089 0.6359621 0.1622178 0.6344988 0.159654 0.6359621 0.1622178 0.6308463 0.1585921 0.6308463 0.1585921 0.6359621 0.1622178 0.6305379 0.1602468 0.6308463 0.1585921 0.6305379 0.1602468 0.628985 0.1583372 0.628985 0.1583372 0.6305379 0.1602468 0.6270709 0.1582645 0.6113189 0.1885618 0.6098157 0.1859517 0.6110372 0.1845656 0.6110372 0.1845656 0.6098157 0.1859517 0.6099976 0.181272 0.6099976 0.181272 0.6098157 0.1859517 0.6083498 0.1816196 0.6099976 0.181272 0.6083498 0.1816196 0.6096181 0.1778195 0.4625726 0.951096 0.4642568 0.9533877 0.4625726 0.9560651 0.4625726 0.9560651 0.4642568 0.9533877 0.4642569 0.9545455 0.6191148 0.1951718 0.6186257 0.1930292 0.620087 0.1955929 0.6110372 0.1845656 0.6120842 0.1866312 0.6113189 0.1885618 0.6113189 0.1885618 0.6120842 0.1866312 0.6127085 0.1876105 0.6113189 0.1885618 0.6127085 0.1876105 0.6149162 0.192511 0.4625726 0.951096 0.4642575 0.9466862 0.4642571 0.9499544 0.175238 0.7260518 0.1774895 0.7260518 0.17534 0.7287708 0.6275112 0.1969829 0.6274928 0.1952993 0.6306064 0.1966986 0.6306064 0.1966986 0.6274928 0.1952993 0.630927 0.1949231 0.6382247 0.1936028 0.6348983 0.195428 0.6342375 0.1938796 0.6342375 0.1938796 0.6348983 0.195428 0.630927 0.1949231 0.630927 0.1949231 0.6348983 0.195428 0.6312724 0.1965708 0.630927 0.1949231 0.6312724 0.1965708 0.6306064 0.1966986 0.6420996 0.1872808 0.6435092 0.1882007 0.6434359 0.1883122 0.6420996 0.1872808 0.6434359 0.1883122 0.6399258 0.1899892 0.5124948 0.9406955 0.5102198 0.9406961 0.50916 0.9390157 0.6382247 0.1936028 0.6363015 0.1928333 0.6372747 0.1922131 0.6382247 0.1936028 0.6372747 0.1922131 0.6383354 0.1935266 0.6383354 0.1935266 0.6372747 0.1922131 0.6399258 0.1899892 0.7842339 0.7789074 0.7842339 0.782711 0.7826206 0.7821838 0.6411283 0.191167 0.6399258 0.1899892 0.6434359 0.1883122 0.620087 0.1955929 0.6186257 0.1930292 0.6222969 0.1963283 0.6222969 0.1963283 0.6186257 0.1930292 0.6240317 0.1949968 0.5418335 0.7694684 0.5435177 0.7702741 0.5418335 0.7742798 0.6275112 0.1969829 0.6240317 0.1949968 0.6274928 0.1952993 0.6083498 0.1816196 0.6079341 0.1778383 0.6096181 0.1778195 0.6096181 0.1778195 0.6079341 0.1778383 0.608228 0.1742562 0.6096181 0.1778195 0.608228 0.1742562 0.6099184 0.1743733 0.6099184 0.1743733 0.608228 0.1742562 0.608263 0.174064 0.6099184 0.1743733 0.608263 0.174064 0.6118882 0.1689553 0.6118882 0.1689553 0.608263 0.174064 0.6093233 0.1704194 0.02103763 0.9418357 0.02272021 0.9388987 0.02103638 0.9428989 0.6124877 0.1679669 0.6093233 0.1704194 0.6110771 0.1670474 0.6124877 0.1679669 0.6110771 0.1670474 0.6114041 0.1665622 0.6435092 0.1882007 0.6420996 0.1872808 0.6452564 0.1848456 0.4982535 0.9390096 0.5022407 0.9406935 0.5011631 0.9406926 0.6452564 0.1848456 0.6426996 0.1862917 0.6463235 0.1811846 0.6463235 0.1811846 0.6426996 0.1862917 0.6446692 0.1808748 0.6463235 0.1811846 0.6446692 0.1808748 0.6464299 0.1805596 0.6464299 0.1805596 0.6446692 0.1808748 0.6449698 0.1774275 0.6464299 0.1805596 0.6449698 0.1774275 0.6466524 0.1773886 0.6466524 0.1773886 0.6449698 0.1774275 0.6449695 0.1774089 0.07030659 0.9521255 0.06862217 0.9517398 0.07030707 0.946967 0.07030707 0.946967 0.06862217 0.9517398 0.06862252 0.9483146 0.1718571 0.5904764 0.1697064 0.5903565 0.1718571 0.587634 0.5533957 0.9702959 0.5541988 0.9719787 0.5476757 0.9702953 0.5476757 0.9702953 0.5541988 0.9719787 0.5476314 0.9719781 0.8838324 0.3711227 0.8833186 0.3695178 0.8897079 0.3708409 0.8897079 0.3708409 0.8833186 0.3695178 0.8900646 0.3691943 0.8897079 0.3708409 0.8900646 0.3691943 0.8949372 0.3735347 0.8949372 0.3735347 0.8900646 0.3691943 0.8960686 0.3722872 0.9636074 0.7715179 0.9638066 0.7732048 0.9577853 0.7715164 0.9577853 0.7715164 0.9638066 0.7732048 0.957122 0.7732027 0.8981189 0.3784822 0.8997217 0.3779677 0.8984007 0.3843578 0.8984007 0.3843578 0.8997217 0.3779677 0.9000452 0.3847137 0.7401104 0.952089 0.7404978 0.9537716 0.7342307 0.9520889 0.7342307 0.9520889 0.7404978 0.9537716 0.733747 0.9537716 0.8957068 0.389587 0.8969523 0.3907176 0.8907594 0.3927688 0.8907594 0.3927688 0.8969523 0.3907176 0.8912718 0.3943707 0.8907594 0.3927688 0.8912718 0.3943707 0.8848838 0.3930505 0.8848838 0.3930505 0.8912718 0.3943707 0.8845258 0.3946942 0.8848838 0.3930505 0.8845258 0.3946942 0.8796545 0.3903567 0.8796545 0.3903567 0.8845258 0.3946942 0.8785219 0.3916013 0.9537339 0.9029501 0.9538808 0.9046383 0.947941 0.9029472 0.947941 0.9029472 0.9538808 0.9046383 0.9472296 0.9046349 0.8764728 0.3854092 0.8748687 0.3859208 0.8761911 0.3795337 0.8761911 0.3795337 0.8748687 0.3859208 0.8745452 0.3791748 0.8761911 0.3795337 0.8745452 0.3791748 0.8788849 0.3743044 0.8788849 0.3743044 0.8745452 0.3791748 0.8776381 0.3731709 0.7918704 0.6501566 0.7918703 0.633365 0.7935529 0.6345802 0.7810655 0.5218763 0.7794598 0.522382 0.7744553 0.5063552 0.985143 0.155548 0.9834478 0.1712655 0.9834546 0.1599617 0.985143 0.155548 0.9834546 0.1599617 0.9841089 0.1570547 0.9841089 0.1570547 0.9834546 0.1599617 0.9836278 0.1584158 0.7886413 0.4352542 0.7881163 0.4505778 0.7864367 0.4506749 0.7864367 0.4506749 0.7881163 0.4505778 0.7886413 0.4563179 0.7918783 0.6672605 0.7935613 0.6725478 0.7918783 0.6838869 0.7881739 0.5228188 0.7875158 0.5340979 0.7858331 0.5341143 0.7858331 0.5341143 0.7875158 0.5340979 0.7881739 0.5438824 0.5613538 0.5630435 0.5630366 0.571196 0.5613538 0.5783069 0.7845669 0.5389035 0.7833154 0.5463206 0.7828927 0.5390754 0.7845669 0.5389035 0.7828927 0.5390754 0.7810655 0.5218763 0.9851342 0.1718547 0.983433 0.1865448 0.9834453 0.1742529 0.7810655 0.5218763 0.7803635 0.5254649 0.7794598 0.522382 0.1550693 0.4826222 0.148317 0.4937484 0.1554086 0.4790297 0.1554086 0.4790297 0.148317 0.4937484 0.1469472 0.492767 0.1554086 0.4790297 0.1469472 0.492767 0.1560353 0.4765447 0.5387799 0.4664576 0.5387799 0.4603498 0.5389935 0.4648544 0.932279 0.158421 0.9321095 0.1539514 0.9337983 0.1414638 0.01298052 0.4968808 0.0240274 0.5101316 0.01355546 0.4983336 0.01355546 0.4983336 0.0240274 0.5101316 0.01388382 0.5003016 0.9321095 0.1539514 0.9321118 0.1414704 0.9337983 0.1414638 0.9337983 0.1414638 0.9321118 0.1414704 0.9321112 0.1328917 0.9337983 0.1414638 0.9321112 0.1328917 0.9337949 0.1215791 0.7918782 0.6948651 0.7935642 0.6872714 0.7935642 0.7039319 0.7858331 0.5900214 0.7864929 0.5789617 0.7881771 0.5789497 0.7881771 0.5789497 0.7864929 0.5789617 0.7858331 0.5689579 0.5435162 0.7138466 0.5418307 0.7046567 0.5435162 0.6950629 0.7881741 0.513212 0.7858331 0.5228188 0.7864896 0.513195 0.7881741 0.513212 0.7864896 0.513195 0.7858331 0.5017551 0.7858331 0.564946 0.7864619 0.556758 0.7881461 0.5568041 0.7881461 0.5568041 0.7864619 0.556758 0.7858331 0.5438823 0.5768668 0.7313381 0.5751836 0.7187279 0.5768668 0.7126609 0.09957766 0.5270013 0.09253185 0.5267655 0.09916359 0.5253679 0.09957766 0.5270013 0.09916359 0.5253679 0.1182897 0.5198534 0.8752757 0.8792624 0.8752692 0.8651407 0.8769496 0.8598367 0.1677281 0.5817861 0.1677281 0.5874387 0.1661363 0.5823391 0.8769496 0.8598367 0.8752667 0.8598054 0.8769423 0.8399018 0.8752667 0.8598054 0.8752608 0.8440966 0.8769423 0.8399018 0.1348364 0.5085642 0.130724 0.5097865 0.133731 0.5072924 0.1348364 0.5085642 0.133731 0.5072924 0.148317 0.4937484 0.8769374 0.8209632 0.8752596 0.8402614 0.8752551 0.8239359 0.148317 0.4937484 0.1454795 0.4947549 0.1469472 0.492767 0.1973199 0.5042371 0.1824555 0.4786943 0.1829781 0.4794076 0.1856163 0.4807766 0.1987764 0.5033909 0.1852507 0.4807012 0.1852507 0.4807012 0.1987764 0.5033909 0.1973199 0.5042371 0.1852507 0.4807012 0.1973199 0.5042371 0.1836385 0.4799961 0.1836385 0.4799961 0.1973199 0.5042371 0.1829781 0.4794076 0.2320028 0.6719088 0.2331913 0.6731032 0.219335 0.6846469 0.219335 0.6846469 0.2176734 0.6844186 0.2320028 0.6719088 0.2320028 0.6719088 0.2176734 0.6844186 0.2166517 0.6846126 0.2320028 0.6719088 0.2166517 0.6846126 0.2156559 0.6850849 0.2019006 0.5061746 0.201225 0.5077167 0.1989953 0.5062879 0.2019006 0.5061746 0.1989953 0.5062879 0.2001168 0.5050315 0.2001168 0.5050315 0.1989953 0.5062879 0.1973199 0.5042371 0.2001168 0.5050315 0.1973199 0.5042371 0.1987764 0.5033909 0.2331913 0.6731032 0.2320028 0.6719088 0.2332867 0.671036 0.2331913 0.6731032 0.2332867 0.671036 0.2339617 0.6725795 0.2339617 0.6725795 0.2332867 0.671036 0.2347997 0.6706881 0.2339617 0.6725795 0.2347997 0.6706881 0.2348694 0.6723708 0.7862622 0.8734061 0.7860766 0.8717193 0.7876247 0.8717197 0.7862622 0.8734061 0.7876247 0.8717197 0.787191 0.8734061 0.201225 0.5077167 0.2019006 0.5061746 0.2204498 0.5187733 0.2204498 0.5187733 0.2019006 0.5061746 0.2214458 0.5174155 0.2204498 0.5187733 0.2214458 0.5174155 0.2367984 0.5337588 0.2367984 0.5337588 0.2214458 0.5174155 0.2380668 0.5326507 0.2367984 0.5337588 0.2380668 0.5326507 0.2494826 0.5519509 0.2494826 0.5519509 0.2380668 0.5326507 0.2509626 0.551146 0.2494826 0.5519509 0.2509626 0.551146 0.2578912 0.5724725 0.2578912 0.5724725 0.2509626 0.551146 0.2595112 0.5720096 0.2578912 0.5724725 0.2595112 0.5720096 0.2616187 0.5943346 0.2616187 0.5943346 0.2595112 0.5720096 0.2633008 0.5942361 0.2616187 0.5943346 0.2633008 0.5942361 0.2604854 0.6164831 0.2604854 0.6164831 0.2633008 0.5942361 0.2621486 0.6167538 0.2604854 0.6164831 0.2621486 0.6167538 0.254546 0.6378505 0.254546 0.6378505 0.2621486 0.6167538 0.2561103 0.6384773 0.765647 0.7791361 0.7673299 0.7790226 0.7656475 0.8012936 0.7656475 0.8012936 0.7673299 0.7790226 0.7673303 0.8015493 0.2438884 0.6618486 0.2453576 0.6610245 0.2446948 0.6647561 0.2446948 0.6647561 0.2453576 0.6610245 0.2463791 0.6647076 0.2446948 0.6647561 0.2463791 0.6647076 0.2440596 0.667706 0.2440596 0.667706 0.2463791 0.6647076 0.2455746 0.6684439 0.2440596 0.667706 0.2455746 0.6684439 0.2421281 0.670024 0.2421281 0.670024 0.2455746 0.6684439 0.2431279 0.6713801 0.2421281 0.670024 0.2431279 0.6713801 0.2393413 0.6711809 0.2393413 0.6711809 0.2431279 0.6713801 0.239598 0.6728456 0.7906416 0.8717197 0.7910124 0.8734064 0.7876247 0.8717197 0.7876247 0.8717197 0.7910124 0.8734064 0.787191 0.8734061 0.2453576 0.6610245 0.2438884 0.6618486 0.2433907 0.660378 0.2453576 0.6610245 0.2433907 0.660378 0.245059 0.6601422 0.245059 0.6601422 0.2433907 0.660378 0.2434599 0.6588271 0.245059 0.6601422 0.2434599 0.6588271 0.2451006 0.6592116 0.7673302 0.8024803 0.7656473 0.8028452 0.7656475 0.8012936 0.7673302 0.8024803 0.7656475 0.8012936 0.7673303 0.8015493</float_array>
          <technique_common>
            <accessor source="#LINK_THUMB_MID_L-mesh-map-array" count="19242" stride="2">
              <param name="S" type="float"/>
              <param name="T" type="float"/>
            </accessor>
          </technique_common>
        </source>
        <vertices id="LINK_THUMB_MID_L-mesh-vertices">
          <input semantic="POSITION" source="#LINK_THUMB_MID_L-mesh-positions"/>
        </vertices>
        <triangles material="超量金属太空银-光面_001-material" count="6414">
          <input semantic="VERTEX" source="#LINK_THUMB_MID_L-mesh-vertices" offset="0"/>
          <input semantic="NORMAL" source="#LINK_THUMB_MID_L-mesh-normals" offset="1"/>
          <input semantic="TEXCOORD" source="#LINK_THUMB_MID_L-mesh-map" offset="2" set="0"/>
          <p>0 0 0 1 1 1 2 2 2 2 2 3 1 1 4 3 3 5 4 4 6 5 5 7 6 6 8 6 6 9 5 5 10 2 2 11 3 3 12 7 7 13 2 2 14 2 2 15 7 7 16 8 8 17 2 2 18 8 8 19 6 6 20 6 6 21 8 8 22 9 9 23 6 6 24 9 9 25 10 10 26 11 11 27 12 12 28 13 13 29 14 14 30 15 15 31 16 16 32 14 14 33 16 16 34 17 17 35 17 17 36 16 16 37 18 18 38 18 18 39 16 16 40 19 19 41 18 18 42 19 19 43 20 20 44 13 13 45 21 21 46 11 11 47 11 11 48 21 21 49 22 22 50 11 11 51 22 22 52 16 16 53 16 16 54 22 22 55 23 23 56 16 16 57 23 23 58 19 19 59 24 24 60 25 25 61 26 26 62 27 27 63 28 28 64 29 29 65 30 30 66 31 31 67 32 32 68 32 32 69 31 31 70 33 33 71 32 32 72 33 33 73 34 34 74 34 34 75 33 33 76 35 35 77 34 34 78 35 35 79 36 36 80 36 36 81 35 35 82 37 37 83 38 38 84 39 39 85 40 40 86 41 41 87 42 42 88 43 43 89 43 43 90 42 42 91 44 44 92 43 45 93 44 46 94 45 47 95 45 47 96 44 46 97 46 48 98 45 49 99 46 50 100 47 51 101 29 29 102 48 52 103 49 53 104 49 53 105 48 52 106 50 54 107 49 53 108 50 54 109 51 55 110 52 56 111 53 57 112 54 58 113 54 58 114 53 57 115 55 59 116 54 60 117 55 61 118 56 62 119 56 62 120 55 61 121 57 63 122 58 64 123 59 65 124 60 66 125 24 67 126 26 68 127 61 69 128 62 70 129 63 71 130 64 72 131 64 72 132 63 71 133 53 73 134 64 72 135 53 73 136 46 50 137 46 50 138 53 73 139 52 74 140 46 50 141 52 74 142 47 51 143 65 75 144 66 75 145 67 75 146 29 29 147 28 28 148 43 76 149 43 76 150 28 28 151 68 77 152 43 76 153 68 77 154 41 78 155 40 40 156 39 39 157 26 68 158 26 68 159 39 39 160 69 79 161 26 68 162 69 79 163 61 69 164 70 80 165 71 81 166 72 82 167 72 82 168 71 81 169 73 83 170 72 82 171 73 83 172 74 84 173 74 84 174 73 83 175 75 85 176 74 84 177 75 85 178 76 86 179 76 86 180 75 85 181 66 87 182 76 86 183 66 87 184 77 88 185 77 88 186 66 87 187 65 89 188 78 90 189 79 90 190 80 90 191 80 91 192 79 92 193 81 93 194 60 66 195 59 65 196 82 94 197 82 94 198 59 65 199 83 95 200 82 94 201 83 95 202 84 96 203 40 40 204 85 97 205 38 38 206 38 98 207 85 98 208 86 98 209 38 99 210 86 100 211 87 101 212 87 101 213 86 100 214 88 102 215 87 103 216 88 104 217 89 105 218 89 105 219 88 104 220 90 106 221 70 80 222 91 107 223 71 81 224 71 81 225 91 107 226 92 108 227 71 109 228 92 110 229 93 111 230 81 93 231 94 112 232 80 91 233 80 91 234 94 112 235 95 113 236 80 91 237 95 113 238 67 114 239 67 114 240 95 113 241 96 115 242 67 114 243 96 115 244 65 116 245 97 117 246 98 118 247 49 53 248 49 53 249 98 118 250 99 119 251 49 53 252 99 119 253 29 29 254 29 29 255 99 119 256 100 120 257 29 29 258 100 120 259 27 27 260 101 121 261 84 96 262 102 122 263 102 122 264 84 96 265 83 95 266 102 122 267 83 95 268 103 123 269 103 123 270 83 95 271 104 124 272 30 30 273 26 26 274 31 31 275 31 31 276 26 26 277 25 25 278 31 31 279 25 25 280 105 125 281 105 125 282 25 25 283 106 126 284 105 125 285 106 126 286 107 127 287 107 127 288 106 126 289 108 128 290 107 127 291 108 128 292 109 129 293 90 130 294 49 131 295 89 132 296 89 132 297 49 131 298 51 133 299 89 134 300 51 135 301 110 136 302 110 136 303 51 135 304 111 137 305 110 138 306 111 139 307 57 140 308 57 140 309 111 139 310 112 141 311 92 110 312 113 142 313 93 111 314 93 111 315 113 142 316 114 143 317 93 111 318 114 143 319 115 144 320 115 144 321 114 143 322 116 145 323 115 144 324 116 145 325 117 146 326 117 146 327 116 145 328 118 147 329 117 146 330 118 147 331 62 148 332 62 148 333 118 147 334 119 149 335 120 150 336 121 151 337 122 152 338 37 37 339 35 35 340 49 53 341 49 53 342 35 35 343 123 153 344 49 53 345 123 153 346 97 117 347 124 154 348 125 155 349 126 156 350 60 66 351 127 157 352 58 64 353 58 64 354 127 157 355 128 158 356 58 64 357 128 158 358 129 159 359 130 160 360 120 150 361 122 152 362 108 128 363 131 161 364 109 129 365 109 129 366 131 161 367 132 162 368 109 129 369 132 162 370 104 124 371 104 124 372 132 162 373 133 163 374 104 124 375 133 163 376 103 123 377 128 158 378 134 164 379 129 159 380 129 159 381 134 164 382 124 154 383 129 159 384 124 154 385 135 165 386 135 165 387 124 154 388 126 156 389 136 166 390 137 167 391 138 168 392 139 169 393 140 170 394 141 171 395 141 172 396 142 172 397 143 172 398 143 173 399 142 174 400 144 175 401 144 175 402 142 174 403 145 176 404 144 177 405 145 178 406 146 179 407 138 168 408 137 167 409 147 180 410 145 178 411 148 181 412 146 179 413 146 182 414 148 183 415 149 184 416 146 182 417 149 184 418 150 185 419 150 185 420 149 184 421 151 186 422 152 187 423 153 188 424 139 189 425 139 189 426 153 188 427 154 190 428 139 169 429 154 191 430 140 170 431 155 192 432 156 193 433 157 194 434 151 186 435 158 195 436 150 185 437 150 185 438 158 195 439 159 196 440 150 185 441 159 196 442 160 197 443 160 197 444 159 196 445 161 198 446 160 197 447 161 198 448 162 199 449 162 199 450 161 198 451 163 200 452 162 199 453 163 200 454 164 201 455 164 201 456 163 200 457 165 202 458 164 201 459 165 202 460 166 203 461 166 203 462 165 202 463 156 193 464 166 203 465 156 193 466 167 204 467 167 204 468 156 193 469 155 192 470 138 168 471 168 205 472 136 166 473 136 166 474 168 205 475 169 206 476 136 166 477 169 206 478 157 194 479 157 194 480 169 206 481 170 207 482 157 194 483 170 207 484 155 192 485 171 208 486 172 209 487 173 210 488 173 210 489 172 209 490 174 211 491 175 212 492 176 213 493 177 214 494 177 214 495 176 213 496 178 215 497 179 216 498 180 217 499 181 218 500 181 218 501 180 217 502 153 219 503 181 220 504 153 221 505 178 222 506 178 222 507 153 221 508 152 223 509 178 224 510 152 224 511 177 224 512 182 225 513 183 226 514 184 227 515 185 228 516 186 229 517 187 230 518 187 230 519 186 229 520 188 231 521 187 230 522 188 231 523 189 232 524 190 233 525 191 234 526 192 235 527 184 227 528 193 236 529 182 225 530 182 225 531 193 236 532 194 237 533 182 225 534 194 237 535 195 238 536 195 238 537 194 237 538 196 239 539 195 238 540 196 239 541 197 240 542 197 240 543 196 239 544 198 241 545 197 240 546 198 241 547 199 242 548 199 242 549 198 241 550 200 243 551 199 242 552 200 243 553 201 244 554 201 244 555 200 243 556 202 245 557 201 244 558 202 245 559 171 208 560 171 208 561 202 245 562 203 246 563 171 208 564 203 246 565 172 209 566 185 228 567 204 247 568 186 229 569 186 229 570 204 247 571 205 248 572 186 229 573 205 248 574 206 249 575 206 249 576 205 248 577 207 250 578 206 249 579 207 250 580 183 226 581 183 226 582 207 250 583 208 251 584 183 226 585 208 251 586 184 227 587 174 211 588 209 252 589 173 210 590 173 210 591 209 252 592 210 253 593 173 210 594 210 253 595 211 254 596 211 254 597 210 253 598 147 180 599 211 254 600 147 180 601 212 255 602 212 255 603 147 180 604 137 167 605 213 256 606 214 257 607 215 258 608 189 232 609 188 231 610 216 259 611 216 259 612 188 231 613 213 256 614 216 259 615 213 256 616 192 235 617 192 235 618 213 256 619 190 233 620 190 233 621 213 256 622 215 258 623 190 233 624 215 258 625 217 260 626 218 261 627 219 262 628 220 263 629 220 263 630 219 262 631 221 264 632 220 263 633 221 264 634 222 265 635 222 265 636 221 264 637 223 266 638 222 265 639 223 266 640 224 267 641 224 267 642 223 266 643 225 268 644 224 267 645 225 268 646 226 269 647 226 269 648 225 268 649 227 270 650 226 269 651 227 270 652 228 271 653 228 271 654 227 270 655 229 272 656 228 271 657 229 272 658 230 273 659 230 273 660 229 272 661 231 274 662 230 273 663 231 274 664 232 275 665 232 275 666 231 274 667 233 276 668 232 275 669 233 276 670 234 277 671 234 277 672 233 276 673 235 278 674 236 279 675 237 280 676 238 281 677 239 282 678 240 283 679 241 284 680 241 284 681 240 283 682 242 285 683 241 284 684 242 285 685 243 286 686 243 286 687 242 285 688 244 287 689 243 286 690 244 287 691 238 281 692 238 281 693 244 287 694 245 288 695 238 281 696 245 288 697 236 279 698 236 279 699 245 288 700 246 289 701 236 279 702 246 289 703 247 290 704 248 291 705 249 292 706 250 293 707 251 294 708 252 295 709 253 296 710 249 292 711 248 291 712 254 297 713 255 298 714 256 299 715 257 300 716 253 296 717 252 295 718 258 301 719 256 299 720 255 298 721 253 296 722 247 290 723 254 297 724 236 279 725 236 279 726 254 297 727 248 291 728 236 279 729 248 291 730 237 280 731 237 280 732 248 291 733 257 300 734 259 302 735 260 303 736 261 304 737 261 304 738 260 303 739 262 305 740 252 295 741 263 306 742 258 301 743 258 301 744 263 306 745 264 307 746 258 301 747 264 307 748 262 305 749 262 305 750 264 307 751 265 308 752 262 305 753 265 308 754 261 304 755 257 300 756 248 291 757 255 298 758 255 298 759 248 291 760 250 293 761 255 298 762 250 293 763 253 296 764 253 296 765 250 293 766 266 309 767 253 296 768 266 309 769 251 294 770 267 310 771 268 311 772 269 312 773 267 310 774 269 312 775 270 313 776 271 314 777 272 315 778 273 316 779 273 316 780 272 315 781 274 317 782 269 312 783 275 318 784 270 313 785 270 313 786 275 318 787 276 319 788 270 313 789 276 319 790 274 317 791 274 317 792 276 319 793 277 320 794 274 317 795 277 320 796 273 316 797 278 321 798 279 322 799 280 323 800 280 323 801 279 322 802 281 324 803 280 323 804 281 324 805 282 325 806 282 325 807 281 324 808 283 326 809 282 325 810 283 326 811 284 327 812 284 327 813 283 326 814 285 328 815 285 328 816 283 326 817 286 329 818 286 329 819 283 326 820 272 315 821 286 329 822 272 315 823 271 314 824 287 330 825 288 331 826 289 332 827 289 332 828 288 331 829 290 333 830 289 332 831 290 333 832 291 334 833 291 334 834 290 333 835 292 335 836 291 334 837 292 335 838 293 336 839 293 336 840 292 335 841 294 337 842 293 336 843 294 337 844 295 338 845 295 338 846 294 337 847 296 339 848 295 338 849 296 339 850 297 340 851 297 340 852 296 339 853 298 341 854 297 340 855 298 341 856 299 342 857 299 342 858 298 341 859 300 343 860 299 342 861 300 343 862 301 344 863 301 344 864 300 343 865 302 345 866 301 344 867 302 345 868 218 261 869 218 261 870 302 345 871 219 262 872 303 346 873 304 347 874 267 310 875 267 310 876 304 347 877 305 348 878 267 310 879 305 348 880 268 311 881 306 349 882 307 350 883 308 351 884 308 351 885 307 350 886 309 352 887 308 351 888 309 352 889 303 346 890 303 346 891 309 352 892 310 353 893 303 346 894 310 353 895 304 347 896 311 354 897 312 355 898 313 356 899 313 356 900 312 355 901 314 357 902 313 356 903 314 357 904 315 358 905 315 358 906 314 357 907 316 359 908 259 302 909 317 360 910 260 303 911 260 303 912 317 360 913 318 361 914 260 303 915 318 361 916 311 354 917 311 354 918 318 361 919 319 362 920 311 354 921 319 362 922 312 355 923 320 363 924 321 364 925 322 365 926 321 364 927 240 283 928 322 365 929 322 365 930 240 283 931 239 282 932 322 365 933 239 282 934 323 366 935 320 363 936 322 365 937 324 367 938 324 367 939 322 365 940 325 368 941 324 367 942 325 368 943 326 369 944 326 369 945 325 368 946 327 370 947 326 369 948 327 370 949 328 371 950 234 277 951 235 278 952 329 372 953 329 372 954 235 278 955 330 373 956 329 372 957 330 373 958 331 374 959 331 374 960 330 373 961 332 375 962 331 374 963 332 375 964 333 376 965 333 376 966 332 375 967 328 371 968 333 376 969 328 371 970 334 377 971 334 377 972 328 371 973 327 370 974 288 331 975 287 330 976 335 378 977 335 378 978 287 330 979 336 379 980 335 378 981 336 379 982 337 380 983 337 380 984 336 379 985 338 381 986 338 381 987 336 379 988 339 382 989 338 381 990 339 382 991 340 383 992 340 383 993 339 382 994 341 384 995 340 383 996 341 384 997 342 385 998 342 385 999 341 384 1000 343 386 1001 342 385 1002 343 386 1003 344 387 1004 344 387 1005 343 386 1006 345 388 1007 345 388 1008 343 386 1009 346 389 1010 345 388 1011 346 389 1012 347 390 1013 348 391 1014 349 392 1015 350 393 1016 350 393 1017 349 392 1018 351 394 1019 350 393 1020 351 394 1021 352 395 1022 352 395 1023 351 394 1024 347 390 1025 352 395 1026 347 390 1027 353 396 1028 353 396 1029 347 390 1030 346 389 1031 279 322 1032 278 321 1033 354 397 1034 355 398 1035 279 322 1036 356 399 1037 356 399 1038 279 322 1039 354 397 1040 356 399 1041 354 397 1042 357 400 1043 357 400 1044 354 397 1045 358 401 1046 357 400 1047 358 401 1048 359 402 1049 359 402 1050 358 401 1051 360 403 1052 359 402 1053 360 403 1054 361 404 1055 361 404 1056 360 403 1057 362 405 1058 361 404 1059 362 405 1060 363 406 1061 363 406 1062 362 405 1063 364 407 1064 363 406 1065 364 407 1066 348 391 1067 348 391 1068 364 407 1069 349 392 1070 365 408 1071 366 409 1072 367 410 1073 367 410 1074 366 409 1075 368 411 1076 367 410 1077 368 411 1078 369 412 1079 370 413 1080 371 414 1081 372 415 1082 372 415 1083 371 414 1084 373 416 1085 372 415 1086 373 416 1087 374 417 1088 374 417 1089 373 416 1090 375 418 1091 374 417 1092 375 418 1093 376 419 1094 376 419 1095 375 418 1096 369 412 1097 376 419 1098 369 412 1099 377 420 1100 377 420 1101 369 412 1102 368 411 1103 378 421 1104 379 422 1105 380 423 1106 380 423 1107 379 422 1108 381 424 1109 380 423 1110 381 424 1111 382 425 1112 382 425 1113 381 424 1114 383 426 1115 382 425 1116 383 426 1117 384 427 1118 366 409 1119 365 408 1120 385 428 1121 385 428 1122 365 408 1123 386 429 1124 385 428 1125 386 429 1126 387 430 1127 387 430 1128 386 429 1129 388 431 1130 387 430 1131 388 431 1132 389 432 1133 389 432 1134 388 431 1135 390 433 1136 389 432 1137 390 433 1138 391 434 1139 391 434 1140 390 433 1141 392 435 1142 391 434 1143 392 435 1144 393 436 1145 393 436 1146 392 435 1147 394 437 1148 393 436 1149 394 437 1150 395 438 1151 395 438 1152 394 437 1153 384 427 1154 395 438 1155 384 427 1156 396 439 1157 396 439 1158 384 427 1159 383 426 1160 397 440 1161 398 441 1162 272 315 1163 279 322 1164 355 398 1165 281 324 1166 281 324 1167 355 398 1168 397 440 1169 281 324 1170 397 440 1171 283 326 1172 283 326 1173 397 440 1174 272 315 1175 237 280 1176 399 442 1177 238 281 1178 238 281 1179 399 442 1180 400 443 1181 238 281 1182 400 443 1183 243 286 1184 243 286 1185 400 443 1186 401 444 1187 243 286 1188 401 444 1189 241 284 1190 241 284 1191 401 444 1192 402 445 1193 241 284 1194 402 445 1195 239 282 1196 239 282 1197 402 445 1198 323 366 1199 306 349 1200 403 446 1201 404 447 1202 379 422 1203 378 421 1204 405 448 1205 405 448 1206 378 421 1207 406 449 1208 405 448 1209 406 449 1210 407 450 1211 407 450 1212 406 449 1213 408 451 1214 407 450 1215 408 451 1216 409 452 1217 409 452 1218 408 451 1219 410 453 1220 409 452 1221 410 453 1222 411 454 1223 411 454 1224 410 453 1225 412 455 1226 411 454 1227 412 455 1228 413 456 1229 413 456 1230 412 455 1231 414 457 1232 413 456 1233 414 457 1234 415 458 1235 415 458 1236 414 457 1237 416 459 1238 415 458 1239 416 459 1240 404 447 1241 404 447 1242 416 459 1243 417 460 1244 404 447 1245 417 460 1246 306 349 1247 306 349 1248 417 460 1249 307 350 1250 418 461 1251 267 310 1252 270 313 1253 418 461 1254 270 313 1255 419 462 1256 419 462 1257 270 313 1258 274 317 1259 419 462 1260 274 317 1261 420 463 1262 420 463 1263 274 317 1264 272 315 1265 420 463 1266 272 315 1267 398 441 1268 260 303 1269 421 464 1270 262 305 1271 262 305 1272 421 464 1273 422 465 1274 262 305 1275 422 465 1276 258 301 1277 258 301 1278 422 465 1279 253 296 1280 253 296 1281 422 465 1282 423 466 1283 253 296 1284 423 466 1285 256 299 1286 256 299 1287 423 466 1288 424 467 1289 256 299 1290 424 467 1291 257 300 1292 257 300 1293 424 467 1294 399 442 1295 257 300 1296 399 442 1297 237 280 1298 403 446 1299 306 349 1300 425 468 1301 425 468 1302 306 349 1303 308 351 1304 425 468 1305 308 351 1306 426 469 1307 426 469 1308 308 351 1309 303 346 1310 426 469 1311 303 346 1312 418 461 1313 418 461 1314 303 346 1315 267 310 1316 421 464 1317 260 303 1318 427 470 1319 427 470 1320 260 303 1321 311 354 1322 427 470 1323 311 354 1324 428 471 1325 428 471 1326 311 354 1327 313 356 1328 428 471 1329 313 356 1330 429 472 1331 429 472 1332 313 356 1333 315 358 1334 315 358 1335 316 359 1336 430 473 1337 429 472 1338 315 358 1339 431 474 1340 431 474 1341 315 358 1342 430 473 1343 431 474 1344 430 473 1345 432 475 1346 432 475 1347 430 473 1348 433 476 1349 432 475 1350 433 476 1351 434 477 1352 434 477 1353 433 476 1354 435 478 1355 434 477 1356 435 478 1357 436 479 1358 436 479 1359 435 478 1360 437 480 1361 436 479 1362 437 480 1363 438 481 1364 438 481 1365 437 480 1366 439 482 1367 438 481 1368 439 482 1369 440 483 1370 440 483 1371 439 482 1372 441 484 1373 440 483 1374 441 484 1375 442 485 1376 442 485 1377 441 484 1378 443 486 1379 444 487 1380 445 488 1381 446 489 1382 446 489 1383 445 488 1384 447 490 1385 448 491 1386 449 492 1387 450 493 1388 450 493 1389 449 492 1390 451 494 1391 450 493 1392 451 494 1393 444 487 1394 444 487 1395 451 494 1396 452 495 1397 444 487 1398 452 495 1399 445 488 1400 442 485 1401 443 486 1402 453 496 1403 453 496 1404 443 486 1405 454 497 1406 453 496 1407 454 497 1408 455 498 1409 455 498 1410 454 497 1411 456 499 1412 455 498 1413 456 499 1414 448 491 1415 448 491 1416 456 499 1417 457 500 1418 448 491 1419 457 500 1420 449 492 1421 458 501 1422 459 502 1423 460 503 1424 460 503 1425 459 502 1426 461 504 1427 460 503 1428 461 504 1429 462 505 1430 462 505 1431 461 504 1432 463 506 1433 462 505 1434 463 506 1435 464 507 1436 464 507 1437 463 506 1438 465 508 1439 464 507 1440 465 508 1441 466 509 1442 466 509 1443 465 508 1444 467 510 1445 466 509 1446 467 510 1447 468 511 1448 468 511 1449 467 510 1450 469 512 1451 468 511 1452 469 512 1453 470 513 1454 470 513 1455 469 512 1456 471 514 1457 470 513 1458 471 514 1459 472 515 1460 472 515 1461 471 514 1462 473 516 1463 472 515 1464 473 516 1465 474 517 1466 474 517 1467 473 516 1468 475 518 1469 234 519 1470 458 501 1471 232 520 1472 232 520 1473 458 501 1474 460 503 1475 232 520 1476 460 503 1477 230 521 1478 230 521 1479 460 503 1480 462 505 1481 230 521 1482 462 505 1483 228 522 1484 228 522 1485 462 505 1486 464 507 1487 228 522 1488 464 507 1489 226 523 1490 226 523 1491 464 507 1492 466 509 1493 226 523 1494 466 509 1495 224 524 1496 224 524 1497 466 509 1498 468 511 1499 224 524 1500 468 511 1501 222 525 1502 222 525 1503 468 511 1504 470 513 1505 222 525 1506 470 513 1507 220 526 1508 220 526 1509 470 513 1510 472 515 1511 220 526 1512 472 515 1513 218 527 1514 218 527 1515 472 515 1516 474 517 1517 476 528 1518 235 529 1519 233 530 1520 476 528 1521 233 530 1522 477 531 1523 477 531 1524 233 530 1525 231 532 1526 477 531 1527 231 532 1528 478 533 1529 478 533 1530 231 532 1531 229 534 1532 478 533 1533 229 534 1534 479 535 1535 479 535 1536 229 534 1537 227 536 1538 479 535 1539 227 536 1540 480 537 1541 480 537 1542 227 536 1543 225 538 1544 480 537 1545 225 538 1546 481 539 1547 481 539 1548 225 538 1549 223 540 1550 481 539 1551 223 540 1552 482 541 1553 482 541 1554 223 540 1555 221 542 1556 482 541 1557 221 542 1558 483 543 1559 483 543 1560 221 542 1561 219 544 1562 483 543 1563 219 544 1564 484 545 1565 485 546 1566 240 547 1567 486 548 1568 486 548 1569 240 547 1570 321 549 1571 486 548 1572 321 549 1573 487 550 1574 321 549 1575 320 551 1576 487 550 1577 487 550 1578 320 551 1579 324 552 1580 487 550 1581 324 552 1582 488 553 1583 488 553 1584 324 552 1585 326 554 1586 488 553 1587 326 554 1588 489 555 1589 489 555 1590 326 554 1591 328 556 1592 489 555 1593 328 556 1594 490 557 1595 490 557 1596 328 556 1597 332 558 1598 490 557 1599 332 558 1600 491 559 1601 491 559 1602 332 558 1603 330 560 1604 491 559 1605 330 560 1606 492 561 1607 492 561 1608 330 560 1609 235 529 1610 492 561 1611 235 529 1612 476 528 1613 493 562 1614 494 563 1615 495 564 1616 494 563 1617 493 562 1618 496 565 1619 496 565 1620 493 562 1621 497 566 1622 496 565 1623 497 566 1624 498 567 1625 499 568 1626 500 569 1627 495 564 1628 495 564 1629 500 569 1630 501 570 1631 495 564 1632 501 570 1633 493 562 1634 244 571 1635 242 572 1636 502 573 1637 502 573 1638 242 572 1639 240 547 1640 502 573 1641 240 547 1642 485 546 1643 496 565 1644 247 574 1645 246 575 1646 496 565 1647 246 575 1648 494 563 1649 494 563 1650 246 575 1651 245 576 1652 494 563 1653 245 576 1654 495 564 1655 495 564 1656 245 576 1657 244 571 1658 495 564 1659 244 571 1660 499 568 1661 499 568 1662 244 571 1663 502 573 1664 499 568 1665 502 573 1666 500 569 1667 503 577 1668 504 578 1669 505 579 1670 505 579 1671 504 578 1672 506 580 1673 505 579 1674 506 580 1675 507 581 1676 507 581 1677 506 580 1678 508 582 1679 507 581 1680 508 582 1681 509 583 1682 498 567 1683 503 577 1684 496 565 1685 496 565 1686 503 577 1687 505 579 1688 496 565 1689 505 579 1690 247 574 1691 247 574 1692 505 579 1693 507 581 1694 510 584 1695 511 585 1696 512 586 1697 249 587 1698 254 588 1699 513 589 1700 514 590 1701 515 591 1702 516 592 1703 517 593 1704 518 594 1705 519 595 1706 520 596 1707 521 597 1708 522 598 1709 522 598 1710 521 597 1711 523 599 1712 522 598 1713 523 599 1714 524 600 1715 525 601 1716 520 596 1717 526 602 1718 527 603 1719 528 604 1720 515 591 1721 515 591 1722 528 604 1723 529 605 1724 515 591 1725 529 605 1726 516 592 1727 516 592 1728 529 605 1729 525 601 1730 516 592 1731 525 601 1732 250 606 1733 250 606 1734 525 601 1735 526 602 1736 250 606 1737 526 602 1738 266 607 1739 266 607 1740 526 602 1741 251 608 1742 519 595 1743 518 594 1744 530 609 1745 531 610 1746 532 611 1747 533 612 1748 533 612 1749 532 611 1750 534 613 1751 533 612 1752 534 613 1753 515 591 1754 515 591 1755 534 613 1756 535 614 1757 515 591 1758 535 614 1759 527 603 1760 518 594 1761 536 615 1762 530 609 1763 530 609 1764 536 615 1765 537 616 1766 530 609 1767 537 616 1768 538 617 1769 539 618 1770 540 619 1771 512 586 1772 540 619 1773 541 620 1774 512 586 1775 512 586 1776 541 620 1777 542 621 1778 512 586 1779 542 621 1780 543 622 1781 544 623 1782 275 624 1783 545 625 1784 545 625 1785 275 624 1786 512 586 1787 545 625 1788 512 586 1789 546 626 1790 546 626 1791 512 586 1792 543 622 1793 544 623 1794 547 627 1795 275 624 1796 275 624 1797 547 627 1798 548 628 1799 275 624 1800 548 628 1801 549 629 1802 549 629 1803 548 628 1804 550 630 1805 549 629 1806 550 630 1807 519 595 1808 519 595 1809 550 630 1810 551 631 1811 519 595 1812 551 631 1813 517 593 1814 539 618 1815 512 586 1816 552 632 1817 552 632 1818 512 586 1819 511 585 1820 552 632 1821 511 585 1822 553 633 1823 554 634 1824 555 635 1825 556 636 1826 556 636 1827 555 635 1828 557 637 1829 556 636 1830 557 637 1831 553 633 1832 553 633 1833 557 637 1834 558 638 1835 553 633 1836 558 638 1837 552 632 1838 254 588 1839 247 574 1840 513 589 1841 513 589 1842 247 574 1843 507 581 1844 513 589 1845 507 581 1846 559 639 1847 559 639 1848 507 581 1849 509 583 1850 560 640 1851 561 641 1852 562 642 1853 562 642 1854 561 641 1855 533 612 1856 562 642 1857 533 612 1858 563 643 1859 563 643 1860 533 612 1861 515 591 1862 563 643 1863 515 591 1864 509 583 1865 509 583 1866 515 591 1867 514 590 1868 509 583 1869 514 590 1870 559 639 1871 559 639 1872 514 590 1873 516 592 1874 559 639 1875 516 592 1876 513 589 1877 513 589 1878 516 592 1879 250 606 1880 513 589 1881 250 606 1882 249 587 1883 524 600 1884 554 634 1885 522 598 1886 522 598 1887 554 634 1888 556 636 1889 522 598 1890 556 636 1891 564 644 1892 564 644 1893 556 636 1894 553 633 1895 565 645 1896 566 646 1897 567 647 1898 567 647 1899 566 646 1900 568 648 1901 567 647 1902 568 648 1903 569 649 1904 569 649 1905 568 648 1906 570 650 1907 520 596 1908 522 598 1909 526 602 1910 526 602 1911 522 598 1912 252 651 1913 526 602 1914 252 651 1915 251 608 1916 510 584 1917 512 586 1918 571 652 1919 571 652 1920 512 586 1921 275 624 1922 571 652 1923 275 624 1924 269 653 1925 269 653 1926 268 654 1927 571 652 1928 571 652 1929 268 654 1930 572 655 1931 571 652 1932 572 655 1933 510 584 1934 510 584 1935 572 655 1936 573 656 1937 510 584 1938 573 656 1939 511 585 1940 271 657 1941 273 658 1942 574 659 1943 574 659 1944 273 658 1945 575 660 1946 273 658 1947 277 661 1948 575 660 1949 575 660 1950 277 661 1951 576 662 1952 575 660 1953 576 662 1954 574 659 1955 574 659 1956 576 662 1957 577 663 1958 574 659 1959 577 663 1960 578 664 1961 538 617 1962 531 610 1963 530 609 1964 530 609 1965 531 610 1966 533 612 1967 530 609 1968 533 612 1969 579 665 1970 579 665 1971 533 612 1972 561 641 1973 579 665 1974 561 641 1975 580 666 1976 580 666 1977 561 641 1978 560 640 1979 580 666 1980 578 664 1981 579 665 1982 579 665 1983 578 664 1984 577 663 1985 579 665 1986 577 663 1987 530 609 1988 530 609 1989 577 663 1990 576 662 1991 530 609 1992 576 662 1993 519 595 1994 519 595 1995 576 662 1996 277 661 1997 519 595 1998 277 661 1999 549 629 2000 549 629 2001 277 661 2002 276 667 2003 549 629 2004 276 667 2005 275 624 2006 264 668 2007 570 650 2008 265 669 2009 265 669 2010 570 650 2011 568 648 2012 265 669 2013 568 648 2014 261 670 2015 261 670 2016 568 648 2017 566 646 2018 261 670 2019 566 646 2020 259 671 2021 264 668 2022 263 672 2023 570 650 2024 570 650 2025 263 672 2026 252 651 2027 570 650 2028 252 651 2029 569 649 2030 569 649 2031 252 651 2032 522 598 2033 569 649 2034 522 598 2035 567 647 2036 567 647 2037 522 598 2038 564 644 2039 567 647 2040 564 644 2041 565 645 2042 565 645 2043 564 644 2044 553 633 2045 565 645 2046 553 633 2047 581 673 2048 581 673 2049 553 633 2050 511 585 2051 581 673 2052 511 585 2053 582 674 2054 582 674 2055 511 585 2056 573 656 2057 583 675 2058 584 676 2059 585 677 2060 584 676 2061 586 678 2062 585 677 2063 585 677 2064 586 678 2065 587 679 2066 585 677 2067 587 679 2068 588 680 2069 560 640 2070 586 678 2071 580 666 2072 580 666 2073 586 678 2074 584 676 2075 580 666 2076 584 676 2077 578 664 2078 578 664 2079 584 676 2080 583 675 2081 578 664 2082 583 675 2083 574 659 2084 589 681 2085 590 682 2086 591 683 2087 591 683 2088 590 682 2089 592 684 2090 591 683 2091 592 684 2092 593 685 2093 593 685 2094 592 684 2095 594 686 2096 588 680 2097 594 686 2098 585 677 2099 585 677 2100 594 686 2101 592 684 2102 585 677 2103 592 684 2104 583 675 2105 583 675 2106 592 684 2107 590 682 2108 583 675 2109 590 682 2110 574 659 2111 574 659 2112 590 682 2113 589 681 2114 574 659 2115 589 681 2116 271 657 2117 595 687 2118 596 688 2119 597 689 2120 597 689 2121 596 688 2122 598 690 2123 597 689 2124 598 690 2125 599 691 2126 599 691 2127 598 690 2128 600 692 2129 601 693 2130 602 694 2131 603 695 2132 603 695 2133 602 694 2134 604 696 2135 603 695 2136 604 696 2137 605 697 2138 605 697 2139 604 696 2140 606 698 2141 606 698 2142 604 696 2143 591 683 2144 606 698 2145 591 683 2146 593 685 2147 271 657 2148 589 681 2149 607 699 2150 607 699 2151 589 681 2152 608 700 2153 607 699 2154 608 700 2155 609 701 2156 589 681 2157 591 683 2158 608 700 2159 608 700 2160 591 683 2161 604 696 2162 608 700 2163 604 696 2164 609 701 2165 609 701 2166 604 696 2167 602 694 2168 609 701 2169 602 694 2170 595 687 2171 595 687 2172 602 694 2173 601 693 2174 595 687 2175 601 693 2176 596 688 2177 600 692 2178 278 702 2179 599 691 2180 599 691 2181 278 702 2182 280 703 2183 599 691 2184 280 703 2185 597 689 2186 597 689 2187 280 703 2188 282 704 2189 597 689 2190 282 704 2191 595 687 2192 595 687 2193 282 704 2194 284 705 2195 595 687 2196 284 705 2197 609 701 2198 609 701 2199 284 705 2200 285 706 2201 609 701 2202 285 706 2203 607 699 2204 607 699 2205 285 706 2206 286 707 2207 607 699 2208 286 707 2209 271 657 2210 610 708 2211 349 709 2212 364 710 2213 610 708 2214 364 710 2215 611 711 2216 611 711 2217 364 710 2218 362 712 2219 611 711 2220 362 712 2221 612 713 2222 612 713 2223 362 712 2224 613 714 2225 613 714 2226 362 712 2227 360 715 2228 613 714 2229 360 715 2230 614 716 2231 360 715 2232 358 717 2233 614 716 2234 614 716 2235 358 717 2236 354 718 2237 614 716 2238 354 718 2239 615 719 2240 615 719 2241 354 718 2242 278 702 2243 615 719 2244 278 702 2245 600 692 2246 616 720 2247 288 721 2248 335 722 2249 616 720 2250 335 722 2251 617 723 2252 617 723 2253 335 722 2254 337 724 2255 617 723 2256 337 724 2257 618 725 2258 618 725 2259 337 724 2260 338 726 2261 618 725 2262 338 726 2263 619 727 2264 619 727 2265 338 726 2266 340 728 2267 619 727 2268 340 728 2269 620 729 2270 340 728 2271 342 730 2272 620 729 2273 620 729 2274 342 730 2275 344 731 2276 620 729 2277 344 731 2278 621 732 2279 621 732 2280 344 731 2281 345 733 2282 621 732 2283 345 733 2284 622 734 2285 622 734 2286 345 733 2287 347 735 2288 622 734 2289 347 735 2290 623 736 2291 623 736 2292 347 735 2293 351 737 2294 623 736 2295 351 737 2296 624 738 2297 624 738 2298 351 737 2299 349 709 2300 624 738 2301 349 709 2302 610 708 2303 219 544 2304 302 739 2305 484 545 2306 484 545 2307 302 739 2308 625 740 2309 302 739 2310 300 741 2311 625 740 2312 625 740 2313 300 741 2314 298 742 2315 625 740 2316 298 742 2317 626 743 2318 626 743 2319 298 742 2320 627 744 2321 627 744 2322 298 742 2323 296 745 2324 627 744 2325 296 745 2326 628 746 2327 628 746 2328 296 745 2329 294 747 2330 628 746 2331 294 747 2332 629 748 2333 629 748 2334 294 747 2335 292 749 2336 629 748 2337 292 749 2338 630 750 2339 630 750 2340 292 749 2341 290 751 2342 630 750 2343 290 751 2344 631 752 2345 631 752 2346 290 751 2347 288 721 2348 631 752 2349 288 721 2350 616 720 2351 632 753 2352 287 754 2353 633 755 2354 633 755 2355 287 754 2356 289 756 2357 633 755 2358 289 756 2359 634 757 2360 634 757 2361 289 756 2362 291 758 2363 634 757 2364 291 758 2365 635 759 2366 635 759 2367 291 758 2368 293 760 2369 635 759 2370 293 760 2371 636 761 2372 636 761 2373 293 760 2374 295 762 2375 636 761 2376 295 762 2377 637 763 2378 637 763 2379 295 762 2380 297 764 2381 637 763 2382 297 764 2383 638 765 2384 638 765 2385 297 764 2386 299 766 2387 638 765 2388 299 766 2389 639 767 2390 639 767 2391 299 766 2392 301 768 2393 639 767 2394 301 768 2395 474 517 2396 474 517 2397 301 768 2398 218 527 2399 640 769 2400 632 753 2401 641 770 2402 641 770 2403 632 753 2404 633 755 2405 641 770 2406 633 755 2407 642 771 2408 642 771 2409 633 755 2410 634 757 2411 642 771 2412 634 757 2413 643 772 2414 643 772 2415 634 757 2416 635 759 2417 643 772 2418 635 759 2419 644 773 2420 644 773 2421 635 759 2422 636 761 2423 644 773 2424 636 761 2425 645 774 2426 645 774 2427 636 761 2428 637 763 2429 645 774 2430 637 763 2431 646 775 2432 646 775 2433 637 763 2434 638 765 2435 646 775 2436 638 765 2437 647 776 2438 647 776 2439 638 765 2440 639 767 2441 647 776 2442 639 767 2443 475 518 2444 475 518 2445 639 767 2446 474 517 2447 648 777 2448 443 778 2449 441 779 2450 648 777 2451 441 779 2452 649 780 2453 649 780 2454 441 779 2455 439 781 2456 649 780 2457 439 781 2458 650 782 2459 650 782 2460 439 781 2461 437 783 2462 650 782 2463 437 783 2464 651 784 2465 437 783 2466 435 785 2467 651 784 2468 651 784 2469 435 785 2470 433 786 2471 651 784 2472 433 786 2473 652 787 2474 652 787 2475 433 786 2476 653 788 2477 653 788 2478 433 786 2479 430 789 2480 653 788 2481 430 789 2482 316 790 2483 654 791 2484 451 792 2485 449 793 2486 654 791 2487 449 793 2488 655 794 2489 449 793 2490 457 795 2491 655 794 2492 655 794 2493 457 795 2494 456 796 2495 655 794 2496 456 796 2497 656 797 2498 656 797 2499 456 796 2500 454 798 2501 656 797 2502 454 798 2503 657 799 2504 657 799 2505 454 798 2506 443 778 2507 657 799 2508 443 778 2509 648 777 2510 658 800 2511 447 801 2512 445 802 2513 658 800 2514 445 802 2515 659 803 2516 659 803 2517 445 802 2518 452 804 2519 659 803 2520 452 804 2521 660 805 2522 660 805 2523 452 804 2524 451 792 2525 660 805 2526 451 792 2527 654 791 2528 661 806 2529 662 807 2530 663 808 2531 663 808 2532 662 807 2533 664 809 2534 663 808 2535 664 809 2536 665 810 2537 665 810 2538 664 809 2539 666 811 2540 665 810 2541 666 811 2542 667 812 2543 667 812 2544 666 811 2545 668 813 2546 667 812 2547 668 813 2548 669 814 2549 669 814 2550 668 813 2551 670 815 2552 670 815 2553 668 813 2554 447 801 2555 670 815 2556 447 801 2557 658 800 2558 671 816 2559 672 817 2560 673 818 2561 674 819 2562 675 820 2563 671 816 2564 676 821 2565 677 822 2566 678 823 2567 676 821 2568 678 823 2569 679 824 2570 679 824 2571 678 823 2572 680 825 2573 679 824 2574 680 825 2575 371 826 2576 681 827 2577 682 828 2578 683 829 2579 683 829 2580 682 828 2581 684 830 2582 683 829 2583 684 830 2584 685 831 2585 685 831 2586 684 830 2587 686 832 2588 683 829 2589 687 833 2590 674 819 2591 675 820 2592 688 834 2593 671 816 2594 671 816 2595 688 834 2596 689 835 2597 671 816 2598 689 835 2599 672 817 2600 674 819 2601 671 816 2602 683 829 2603 683 829 2604 671 816 2605 673 818 2606 683 829 2607 673 818 2608 681 827 2609 681 827 2610 673 818 2611 662 807 2612 681 827 2613 662 807 2614 661 806 2615 687 833 2616 683 829 2617 690 836 2618 690 836 2619 683 829 2620 685 831 2621 690 836 2622 685 831 2623 691 837 2624 691 837 2625 685 831 2626 686 832 2627 691 837 2628 686 832 2629 679 824 2630 679 824 2631 686 832 2632 692 838 2633 679 824 2634 692 838 2635 676 821 2636 678 823 2637 677 822 2638 693 839 2639 694 840 2640 365 841 2641 695 842 2642 695 842 2643 365 841 2644 367 843 2645 695 842 2646 367 843 2647 696 844 2648 696 844 2649 367 843 2650 369 845 2651 696 844 2652 369 845 2653 697 846 2654 697 846 2655 369 845 2656 375 847 2657 697 846 2658 375 847 2659 698 848 2660 373 849 2661 371 826 2662 680 825 2663 680 825 2664 678 823 2665 373 849 2666 373 849 2667 678 823 2668 693 839 2669 373 849 2670 693 839 2671 375 847 2672 375 847 2673 693 839 2674 699 850 2675 375 847 2676 699 850 2677 698 848 2678 700 851 2679 701 852 2680 378 853 2681 700 851 2682 378 853 2683 702 854 2684 384 855 2685 703 856 2686 382 857 2687 382 857 2688 703 856 2689 702 854 2690 382 857 2691 702 854 2692 380 858 2693 380 858 2694 702 854 2695 378 853 2696 704 859 2697 705 860 2698 384 855 2699 384 855 2700 705 860 2701 706 861 2702 384 855 2703 706 861 2704 703 856 2705 384 855 2706 394 862 2707 704 859 2708 704 859 2709 394 862 2710 392 863 2711 704 859 2712 392 863 2713 707 864 2714 392 863 2715 390 865 2716 707 864 2717 707 864 2718 390 865 2719 388 866 2720 707 864 2721 388 866 2722 708 867 2723 708 867 2724 388 866 2725 386 868 2726 708 867 2727 386 868 2728 709 869 2729 709 869 2730 386 868 2731 365 841 2732 709 869 2733 365 841 2734 694 840 2735 710 870 2736 307 871 2737 417 872 2738 710 870 2739 417 872 2740 711 873 2741 417 872 2742 416 874 2743 711 873 2744 711 873 2745 416 874 2746 414 875 2747 711 873 2748 414 875 2749 712 876 2750 414 875 2751 412 877 2752 712 876 2753 712 876 2754 412 877 2755 410 878 2756 712 876 2757 410 878 2758 713 879 2759 713 879 2760 410 878 2761 408 880 2762 713 879 2763 408 880 2764 714 881 2765 714 881 2766 408 880 2767 406 882 2768 714 881 2769 406 882 2770 715 883 2771 715 883 2772 406 882 2773 378 853 2774 715 883 2775 378 853 2776 701 852 2777 716 884 2778 268 654 2779 305 885 2780 717 886 2781 718 887 2782 719 888 2783 720 889 2784 721 890 2785 722 891 2786 723 892 2787 724 893 2788 725 894 2789 723 892 2790 725 894 2791 726 895 2792 726 895 2793 725 894 2794 727 896 2795 726 895 2796 727 896 2797 728 897 2798 728 897 2799 727 896 2800 729 898 2801 728 897 2802 729 898 2803 730 899 2804 731 900 2805 732 901 2806 729 898 2807 729 898 2808 732 901 2809 733 902 2810 729 898 2811 733 902 2812 730 899 2813 720 889 2814 722 891 2815 710 870 2816 710 870 2817 722 891 2818 309 903 2819 710 870 2820 309 903 2821 307 871 2822 724 893 2823 717 886 2824 725 894 2825 725 894 2826 717 886 2827 719 888 2828 725 894 2829 719 888 2830 727 896 2831 727 896 2832 719 888 2833 734 904 2834 727 896 2835 734 904 2836 729 898 2837 729 898 2838 734 904 2839 735 905 2840 729 898 2841 735 905 2842 731 900 2843 731 900 2844 735 905 2845 736 906 2846 737 907 2847 738 908 2848 739 909 2849 739 909 2850 716 884 2851 737 907 2852 737 907 2853 716 884 2854 305 885 2855 737 907 2856 305 885 2857 740 910 2858 740 910 2859 305 885 2860 304 911 2861 740 910 2862 304 911 2863 310 912 2864 721 890 2865 732 901 2866 722 891 2867 722 891 2868 732 901 2869 731 900 2870 722 891 2871 731 900 2872 309 903 2873 309 903 2874 731 900 2875 736 906 2876 309 903 2877 736 906 2878 310 912 2879 310 912 2880 736 906 2881 735 905 2882 310 912 2883 735 905 2884 740 910 2885 740 910 2886 735 905 2887 734 904 2888 740 910 2889 734 904 2890 737 907 2891 737 907 2892 734 904 2893 719 888 2894 737 907 2895 719 888 2896 738 908 2897 738 908 2898 719 888 2899 718 887 2900 741 913 2901 565 645 2902 581 673 2903 573 656 2904 572 655 2905 742 914 2906 743 915 2907 744 916 2908 745 917 2909 746 918 2910 747 919 2911 748 920 2912 748 920 2913 747 919 2914 749 921 2915 748 920 2916 749 921 2917 743 915 2918 743 915 2919 749 921 2920 750 922 2921 743 915 2922 750 922 2923 744 916 2924 751 923 2925 717 886 2926 724 893 2927 723 892 2928 752 924 2929 724 893 2930 724 893 2931 752 924 2932 753 925 2933 724 893 2934 753 925 2935 751 923 2936 751 923 2937 753 925 2938 754 926 2939 751 923 2940 754 926 2941 755 927 2942 572 655 2943 268 654 2944 716 884 2945 572 655 2946 716 884 2947 742 914 2948 742 914 2949 716 884 2950 739 909 2951 742 914 2952 739 909 2953 738 908 2954 582 674 2955 573 656 2956 756 928 2957 756 928 2958 573 656 2959 742 914 2960 756 928 2961 742 914 2962 757 929 2963 757 929 2964 742 914 2965 738 908 2966 757 929 2967 738 908 2968 718 887 2969 758 930 2970 759 931 2971 566 646 2972 259 671 2973 566 646 2974 760 932 2975 760 932 2976 566 646 2977 759 931 2978 760 932 2979 759 931 2980 761 933 2981 761 933 2982 759 931 2983 762 934 2984 758 930 2985 763 935 2986 759 931 2987 759 931 2988 763 935 2989 764 936 2990 759 931 2991 764 936 2992 762 934 2993 765 937 2994 766 938 2995 767 939 2996 767 939 2997 766 938 2998 762 934 2999 767 939 3000 762 934 3001 768 940 3002 768 940 3003 762 934 3004 764 936 3005 768 940 3006 764 936 3007 745 917 3008 745 917 3009 764 936 3010 763 935 3011 745 917 3012 763 935 3013 743 915 3014 743 915 3015 763 935 3016 758 930 3017 754 926 3018 747 919 3019 755 927 3020 755 927 3021 747 919 3022 746 918 3023 755 927 3024 746 918 3025 751 923 3026 751 923 3027 746 918 3028 769 941 3029 751 923 3030 769 941 3031 717 886 3032 718 887 3033 717 886 3034 757 929 3035 757 929 3036 717 886 3037 769 941 3038 757 929 3039 769 941 3040 756 928 3041 756 928 3042 769 941 3043 746 918 3044 756 928 3045 746 918 3046 582 674 3047 582 674 3048 746 918 3049 748 920 3050 582 674 3051 748 920 3052 581 673 3053 581 673 3054 748 920 3055 743 915 3056 581 673 3057 743 915 3058 741 913 3059 741 913 3060 743 915 3061 758 930 3062 741 913 3063 758 930 3064 565 645 3065 565 645 3066 758 930 3067 566 646 3068 760 932 3069 761 933 3070 770 942 3071 762 934 3072 766 938 3073 771 943 3074 653 788 3075 316 790 3076 772 944 3077 772 944 3078 316 790 3079 314 945 3080 773 946 3081 774 947 3082 775 948 3083 775 948 3084 774 947 3085 776 949 3086 775 948 3087 776 949 3088 777 950 3089 777 950 3090 776 949 3091 778 951 3092 779 952 3093 780 953 3094 781 954 3095 780 953 3096 779 952 3097 782 955 3098 782 955 3099 779 952 3100 771 943 3101 782 955 3102 771 943 3103 783 956 3104 783 956 3105 771 943 3106 766 938 3107 783 956 3108 766 938 3109 765 937 3110 761 933 3111 762 934 3112 770 942 3113 770 942 3114 762 934 3115 771 943 3116 770 942 3117 771 943 3118 784 957 3119 784 957 3120 771 943 3121 779 952 3122 784 957 3123 779 952 3124 778 951 3125 778 951 3126 779 952 3127 781 954 3128 778 951 3129 781 954 3130 777 950 3131 773 946 3132 772 944 3133 774 947 3134 774 947 3135 772 944 3136 314 945 3137 774 947 3138 314 945 3139 776 949 3140 776 949 3141 314 945 3142 312 958 3143 776 949 3144 312 958 3145 778 951 3146 778 951 3147 312 958 3148 319 959 3149 778 951 3150 319 959 3151 784 957 3152 784 957 3153 319 959 3154 318 960 3155 784 957 3156 318 960 3157 770 942 3158 770 942 3159 318 960 3160 317 961 3161 770 942 3162 317 961 3163 760 932 3164 760 932 3165 317 961 3166 259 671 3167 690 962 3168 785 963 3169 687 964 3170 687 964 3171 785 963 3172 786 965 3173 687 964 3174 786 965 3175 674 966 3176 674 966 3177 786 965 3178 787 967 3179 674 966 3180 787 967 3181 675 968 3182 675 968 3183 787 967 3184 788 969 3185 675 968 3186 788 969 3187 688 970 3188 688 970 3189 788 969 3190 789 971 3191 688 970 3192 789 971 3193 689 972 3194 371 414 3195 370 413 3196 679 973 3197 679 973 3198 370 413 3199 790 974 3200 679 973 3201 790 974 3202 691 975 3203 691 975 3204 790 974 3205 791 976 3206 691 975 3207 791 976 3208 690 962 3209 690 962 3210 791 976 3211 792 977 3212 690 962 3213 792 977 3214 785 963 3215 793 978 3216 794 979 3217 795 980 3218 322 981 3219 323 982 3220 796 983 3221 327 984 3222 325 985 3223 795 980 3224 458 501 3225 234 519 3226 797 986 3227 797 986 3228 234 519 3229 329 987 3230 797 986 3231 329 987 3232 798 988 3233 798 988 3234 329 987 3235 331 989 3236 798 988 3237 331 989 3238 799 990 3239 799 990 3240 331 989 3241 333 991 3242 799 990 3243 333 991 3244 800 992 3245 800 992 3246 333 991 3247 334 993 3248 801 994 3249 793 978 3250 796 983 3251 796 983 3252 793 978 3253 795 980 3254 796 983 3255 795 980 3256 322 981 3257 322 981 3258 795 980 3259 325 985 3260 794 979 3261 802 995 3262 795 980 3263 795 980 3264 802 995 3265 800 992 3266 795 980 3267 800 992 3268 327 984 3269 327 984 3270 800 992 3271 334 993 3272 459 502 3273 458 501 3274 803 996 3275 803 996 3276 458 501 3277 797 986 3278 803 996 3279 797 986 3280 804 997 3281 804 997 3282 797 986 3283 798 988 3284 804 997 3285 798 988 3286 805 998 3287 805 998 3288 798 988 3289 799 990 3290 805 998 3291 799 990 3292 806 999 3293 806 999 3294 799 990 3295 800 992 3296 806 999 3297 800 992 3298 807 1000 3299 807 1000 3300 800 992 3301 802 995 3302 287 754 3303 632 753 3304 336 1001 3305 336 1001 3306 632 753 3307 808 1002 3308 809 1003 3309 343 1004 3310 810 1005 3311 810 1005 3312 343 1004 3313 341 1006 3314 810 1005 3315 341 1006 3316 808 1002 3317 808 1002 3318 341 1006 3319 339 1007 3320 808 1002 3321 339 1007 3322 336 1001 3323 811 1008 3324 348 1009 3325 812 1010 3326 812 1010 3327 348 1009 3328 350 1011 3329 812 1010 3330 350 1011 3331 813 1012 3332 813 1012 3333 350 1011 3334 352 1013 3335 813 1012 3336 352 1013 3337 814 1014 3338 814 1014 3339 352 1013 3340 353 1015 3341 814 1014 3342 353 1015 3343 815 1016 3344 815 1016 3345 353 1015 3346 346 1017 3347 816 1018 3348 809 1003 3349 817 1019 3350 817 1019 3351 809 1003 3352 810 1005 3353 817 1019 3354 810 1005 3355 818 1020 3356 818 1020 3357 810 1005 3358 808 1002 3359 818 1020 3360 808 1002 3361 640 769 3362 640 769 3363 808 1002 3364 632 753 3365 819 1021 3366 811 1008 3367 820 1022 3368 820 1022 3369 811 1008 3370 812 1010 3371 820 1022 3372 812 1010 3373 821 1023 3374 821 1023 3375 812 1010 3376 813 1012 3377 821 1023 3378 813 1012 3379 822 1024 3380 822 1024 3381 813 1012 3382 814 1014 3383 822 1024 3384 814 1014 3385 816 1018 3386 816 1018 3387 814 1014 3388 815 1016 3389 816 1018 3390 815 1016 3391 809 1003 3392 809 1003 3393 815 1016 3394 346 1017 3395 809 1003 3396 346 1017 3397 343 1004 3398 785 1025 3399 792 1026 3400 823 1027 3401 823 1027 3402 792 1026 3403 791 1028 3404 823 1027 3405 791 1028 3406 824 1029 3407 824 1029 3408 791 1028 3409 790 1030 3410 824 1029 3411 790 1030 3412 825 1031 3413 370 1032 3414 826 1033 3415 790 1030 3416 790 1030 3417 826 1033 3418 827 1034 3419 790 1030 3420 827 1034 3421 825 1031 3422 811 1008 3423 819 1021 3424 828 1035 3425 828 1035 3426 819 1021 3427 829 1036 3428 828 1035 3429 829 1036 3430 830 1037 3431 829 1036 3432 831 1038 3433 830 1037 3434 830 1037 3435 831 1038 3436 832 1039 3437 830 1037 3438 832 1039 3439 833 1040 3440 833 1040 3441 832 1039 3442 834 1041 3443 833 1040 3444 834 1041 3445 835 1042 3446 835 1042 3447 834 1041 3448 836 1043 3449 835 1042 3450 836 1043 3451 837 1044 3452 348 1009 3453 811 1008 3454 363 1045 3455 363 1045 3456 811 1008 3457 828 1035 3458 363 1045 3459 828 1035 3460 361 1046 3461 361 1046 3462 828 1035 3463 830 1037 3464 361 1046 3465 830 1037 3466 359 1047 3467 359 1047 3468 830 1037 3469 833 1040 3470 359 1047 3471 833 1040 3472 357 1048 3473 357 1048 3474 833 1040 3475 835 1042 3476 357 1048 3477 835 1042 3478 356 1049 3479 356 1049 3480 835 1042 3481 837 1044 3482 356 1049 3483 837 1044 3484 355 1050 3485 838 1051 3486 103 1052 3487 133 1053 3488 640 769 3489 838 1051 3490 839 1054 3491 838 1051 3492 133 1053 3493 839 1054 3494 839 1054 3495 133 1053 3496 132 1055 3497 839 1054 3498 132 1055 3499 840 1056 3500 840 1056 3501 132 1055 3502 131 1057 3503 840 1056 3504 131 1057 3505 841 1058 3506 841 1058 3507 131 1057 3508 108 1059 3509 841 1058 3510 108 1059 3511 842 1060 3512 842 1060 3513 108 1059 3514 106 1061 3515 842 1060 3516 106 1061 3517 843 1062 3518 843 1062 3519 106 1061 3520 25 1063 3521 843 1062 3522 25 1063 3523 844 1064 3524 844 1064 3525 25 1063 3526 24 1065 3527 844 1064 3528 24 1065 3529 845 1066 3530 640 769 3531 839 1054 3532 818 1020 3533 818 1020 3534 839 1054 3535 840 1056 3536 818 1020 3537 840 1056 3538 817 1019 3539 817 1019 3540 840 1056 3541 841 1058 3542 817 1019 3543 841 1058 3544 816 1018 3545 816 1018 3546 841 1058 3547 842 1060 3548 816 1018 3549 842 1060 3550 822 1024 3551 822 1024 3552 842 1060 3553 843 1062 3554 822 1024 3555 843 1062 3556 821 1023 3557 821 1023 3558 843 1062 3559 844 1064 3560 821 1023 3561 844 1064 3562 820 1022 3563 820 1022 3564 844 1064 3565 845 1066 3566 820 1022 3567 845 1066 3568 819 1021 3569 846 1067 3570 377 1068 3571 368 1069 3572 368 1069 3573 366 1070 3574 846 1067 3575 846 1067 3576 366 1070 3577 847 1071 3578 846 1067 3579 847 1071 3580 848 1072 3581 377 1068 3582 846 1067 3583 376 1073 3584 376 1073 3585 846 1067 3586 849 1074 3587 376 1073 3588 849 1074 3589 374 1075 3590 849 1074 3591 850 1076 3592 374 1075 3593 374 1075 3594 850 1076 3595 851 1077 3596 374 1075 3597 851 1077 3598 372 1078 3599 826 1033 3600 370 1032 3601 852 1079 3602 852 1079 3603 370 1032 3604 372 1078 3605 852 1079 3606 372 1078 3607 853 1080 3608 853 1080 3609 372 1078 3610 851 1077 3611 796 983 3612 323 982 3613 854 1081 3614 854 1081 3615 323 982 3616 402 1082 3617 854 1081 3618 402 1082 3619 855 1083 3620 855 1083 3621 402 1082 3622 401 1084 3623 855 1083 3624 401 1084 3625 856 1085 3626 856 1085 3627 401 1084 3628 400 1086 3629 856 1085 3630 400 1086 3631 857 1087 3632 857 1087 3633 400 1086 3634 399 1088 3635 801 994 3636 796 983 3637 858 1089 3638 858 1089 3639 796 983 3640 854 1081 3641 858 1089 3642 854 1081 3643 859 1090 3644 859 1090 3645 854 1081 3646 855 1083 3647 859 1090 3648 855 1083 3649 860 1091 3650 860 1091 3651 855 1083 3652 856 1085 3653 860 1091 3654 856 1085 3655 861 1092 3656 861 1092 3657 856 1085 3658 857 1087 3659 862 1093 3660 194 1094 3661 193 1095 3662 801 994 3663 862 1093 3664 863 1096 3665 864 1097 3666 794 979 3667 863 1096 3668 863 1096 3669 794 979 3670 793 978 3671 863 1096 3672 793 978 3673 801 994 3674 862 1093 3675 193 1095 3676 863 1096 3677 863 1096 3678 193 1095 3679 184 1098 3680 863 1096 3681 184 1098 3682 864 1097 3683 864 1097 3684 184 1098 3685 208 1099 3686 864 1097 3687 208 1099 3688 865 1100 3689 865 1100 3690 807 1000 3691 864 1097 3692 864 1097 3693 807 1000 3694 802 995 3695 864 1097 3696 802 995 3697 794 979 3698 804 997 3699 805 998 3700 865 1100 3701 865 1100 3702 805 998 3703 806 999 3704 865 1100 3705 806 999 3706 807 1000 3707 866 1101 3708 207 1102 3709 205 1103 3710 866 1101 3711 205 1103 3712 867 1104 3713 867 1104 3714 205 1103 3715 204 1105 3716 867 1104 3717 204 1105 3718 868 1106 3719 208 1099 3720 207 1102 3721 865 1100 3722 865 1100 3723 207 1102 3724 866 1101 3725 865 1100 3726 866 1101 3727 804 997 3728 804 997 3729 866 1101 3730 867 1104 3731 804 997 3732 867 1104 3733 803 996 3734 803 996 3735 867 1104 3736 868 1106 3737 803 996 3738 868 1106 3739 459 502 3740 869 1107 3741 870 1108 3742 871 1109 3743 421 1110 3744 869 1107 3745 872 1111 3746 872 1111 3747 869 1107 3748 871 1109 3749 872 1111 3750 871 1109 3751 873 1112 3752 871 1109 3753 874 1113 3754 873 1112 3755 873 1112 3756 874 1113 3757 875 1114 3758 873 1112 3759 875 1114 3760 876 1115 3761 875 1114 3762 877 1116 3763 876 1115 3764 876 1115 3765 877 1116 3766 878 1117 3767 876 1115 3768 878 1117 3769 857 1087 3770 857 1087 3771 878 1117 3772 879 1118 3773 857 1087 3774 879 1118 3775 861 1092 3776 421 1110 3777 872 1111 3778 422 1119 3779 422 1119 3780 872 1111 3781 873 1112 3782 422 1119 3783 873 1112 3784 423 1120 3785 423 1120 3786 873 1112 3787 876 1115 3788 423 1120 3789 876 1115 3790 424 1121 3791 424 1121 3792 876 1115 3793 857 1087 3794 424 1121 3795 857 1087 3796 399 1088 3797 862 1093 3798 801 994 3799 858 1089 3800 880 1122 3801 202 1123 3802 200 1124 3803 860 1091 3804 861 1092 3805 880 1122 3806 880 1122 3807 200 1124 3808 860 1091 3809 860 1091 3810 200 1124 3811 198 1125 3812 860 1091 3813 198 1125 3814 859 1090 3815 859 1090 3816 198 1125 3817 196 1126 3818 859 1090 3819 196 1126 3820 858 1089 3821 858 1089 3822 196 1126 3823 194 1094 3824 858 1089 3825 194 1094 3826 862 1093 3827 869 1107 3828 421 1110 3829 881 1127 3830 881 1127 3831 421 1110 3832 427 1128 3833 881 1127 3834 427 1128 3835 882 1129 3836 882 1129 3837 427 1128 3838 428 1130 3839 882 1129 3840 428 1130 3841 883 1131 3842 883 1131 3843 428 1130 3844 429 1132 3845 870 1108 3846 869 1107 3847 884 1133 3848 884 1133 3849 869 1107 3850 881 1127 3851 884 1133 3852 881 1127 3853 885 1134 3854 885 1134 3855 881 1127 3856 882 1129 3857 885 1134 3858 882 1129 3859 886 1135 3860 886 1135 3861 882 1129 3862 883 1131 3863 887 1136 3864 210 1137 3865 209 1138 3866 875 1114 3867 874 1113 3868 888 1139 3869 888 1139 3870 874 1113 3871 871 1109 3872 888 1139 3873 871 1109 3874 889 1140 3875 889 1140 3876 871 1109 3877 870 1108 3878 889 1140 3879 870 1108 3880 887 1136 3881 887 1136 3882 209 1138 3883 889 1140 3884 889 1140 3885 209 1138 3886 174 1141 3887 889 1140 3888 174 1141 3889 888 1139 3890 888 1139 3891 174 1141 3892 172 1142 3893 888 1139 3894 172 1142 3895 890 1143 3896 890 1143 3897 172 1142 3898 203 1144 3899 890 1143 3900 203 1144 3901 891 1145 3902 891 1145 3903 203 1144 3904 202 1123 3905 891 1145 3906 202 1123 3907 880 1122 3908 875 1114 3909 888 1139 3910 877 1116 3911 877 1116 3912 888 1139 3913 890 1143 3914 877 1116 3915 890 1143 3916 878 1117 3917 878 1117 3918 890 1143 3919 891 1145 3920 878 1117 3921 891 1145 3922 879 1118 3923 879 1118 3924 891 1145 3925 880 1122 3926 879 1118 3927 880 1122 3928 861 1092 3929 892 1146 3930 893 1147 3931 446 1148 3932 446 1148 3933 893 1147 3934 894 1149 3935 446 1148 3936 894 1149 3937 895 1150 3938 896 1151 3939 446 1148 3940 897 1152 3941 897 1152 3942 446 1148 3943 898 1153 3944 897 1152 3945 898 1153 3946 899 1154 3947 896 1151 3948 900 1155 3949 446 1148 3950 446 1148 3951 900 1155 3952 901 1156 3953 446 1148 3954 901 1156 3955 892 1146 3956 902 1157 3957 903 1158 3958 450 1159 3959 904 1160 3960 905 1161 3961 455 1162 3962 455 1162 3963 905 1161 3964 453 1163 3965 905 1161 3966 906 1164 3967 453 1163 3968 453 1163 3969 906 1164 3970 907 1165 3971 453 1163 3972 907 1165 3973 442 1166 3974 442 1166 3975 907 1165 3976 908 1167 3977 442 1166 3978 908 1167 3979 909 1168 3980 904 1160 3981 455 1162 3982 903 1158 3983 903 1158 3984 455 1162 3985 448 1169 3986 903 1158 3987 448 1169 3988 450 1159 3989 902 1157 3990 450 1159 3991 910 1170 3992 910 1170 3993 450 1159 3994 444 1171 3995 910 1170 3996 444 1171 3997 911 1172 3998 911 1172 3999 444 1171 4000 446 1148 4001 911 1172 4002 446 1148 4003 895 1150 4004 432 1173 4005 434 1174 4006 912 1175 4007 909 1168 4008 913 1176 4009 914 1177 4010 914 1177 4011 913 1176 4012 915 1178 4013 914 1177 4014 915 1178 4015 916 1179 4016 912 1175 4017 434 1174 4018 916 1179 4019 442 1166 4020 909 1168 4021 440 1180 4022 440 1180 4023 909 1168 4024 914 1177 4025 440 1180 4026 914 1177 4027 438 1181 4028 438 1181 4029 914 1177 4030 916 1179 4031 438 1181 4032 916 1179 4033 436 1182 4034 436 1182 4035 916 1179 4036 434 1174 4037 883 1131 4038 429 1132 4039 917 1183 4040 917 1183 4041 429 1132 4042 431 1184 4043 918 1185 4044 912 1175 4045 919 1186 4046 919 1186 4047 912 1175 4048 916 1179 4049 919 1186 4050 916 1179 4051 920 1187 4052 920 1187 4053 916 1179 4054 915 1178 4055 920 1187 4056 915 1178 4057 921 1188 4058 918 1185 4059 922 1189 4060 912 1175 4061 912 1175 4062 922 1189 4063 917 1183 4064 912 1175 4065 917 1183 4066 432 1173 4067 432 1173 4068 917 1183 4069 431 1184 4070 886 1135 4071 883 1131 4072 923 1190 4073 923 1190 4074 883 1131 4075 917 1183 4076 923 1190 4077 917 1183 4078 924 1191 4079 924 1191 4080 917 1183 4081 922 1189 4082 925 1192 4083 166 1193 4084 167 1194 4085 925 1192 4086 167 1194 4087 926 1195 4088 920 1187 4089 921 1188 4090 927 1196 4091 918 1185 4092 919 1186 4093 928 1197 4094 928 1197 4095 919 1186 4096 920 1187 4097 928 1197 4098 920 1187 4099 929 1198 4100 929 1198 4101 920 1187 4102 927 1196 4103 929 1198 4104 927 1196 4105 926 1195 4106 926 1195 4107 167 1194 4108 929 1198 4109 929 1198 4110 167 1194 4111 155 1199 4112 929 1198 4113 155 1199 4114 928 1197 4115 928 1197 4116 155 1199 4117 170 1200 4118 928 1197 4119 170 1200 4120 930 1201 4121 930 1201 4122 170 1200 4123 169 1202 4124 930 1201 4125 169 1202 4126 931 1203 4127 931 1203 4128 169 1202 4129 168 1204 4130 931 1203 4131 168 1204 4132 932 1205 4133 918 1185 4134 928 1197 4135 922 1189 4136 922 1189 4137 928 1197 4138 930 1201 4139 922 1189 4140 930 1201 4141 924 1191 4142 924 1191 4143 930 1201 4144 931 1203 4145 924 1191 4146 931 1203 4147 923 1190 4148 923 1190 4149 931 1203 4150 932 1205 4151 923 1190 4152 932 1205 4153 886 1135 4154 933 1206 4155 934 1207 4156 747 1208 4157 935 1209 4158 936 1210 4159 937 1211 4160 938 1212 4161 935 1209 4162 781 1213 4163 781 1213 4164 780 1214 4165 938 1212 4166 938 1212 4167 780 1214 4168 782 1215 4169 938 1212 4170 782 1215 4171 939 1216 4172 782 1215 4173 783 1217 4174 939 1216 4175 939 1216 4176 783 1217 4177 765 1218 4178 939 1216 4179 765 1218 4180 940 1219 4181 765 1218 4182 767 1220 4183 940 1219 4184 940 1219 4185 767 1220 4186 768 1221 4187 940 1219 4188 768 1221 4189 941 1222 4190 941 1222 4191 768 1221 4192 745 1223 4193 941 1222 4194 745 1223 4195 942 1224 4196 942 1224 4197 745 1223 4198 744 1225 4199 942 1224 4200 744 1225 4201 750 1226 4202 747 1208 4203 934 1207 4204 749 1227 4205 934 1207 4206 943 1228 4207 749 1227 4208 749 1227 4209 943 1228 4210 944 1229 4211 749 1227 4212 944 1229 4213 750 1226 4214 750 1226 4215 944 1229 4216 945 1230 4217 750 1226 4218 945 1230 4219 942 1224 4220 933 1206 4221 747 1208 4222 946 1231 4223 946 1231 4224 747 1208 4225 754 1232 4226 946 1231 4227 754 1232 4228 947 1233 4229 947 1233 4230 754 1232 4231 753 1234 4232 947 1233 4233 753 1234 4234 948 1235 4235 753 1234 4236 752 1236 4237 948 1235 4238 948 1235 4239 752 1236 4240 723 1237 4241 948 1235 4242 723 1237 4243 949 1238 4244 730 1239 4245 950 1240 4246 728 1241 4247 728 1241 4248 950 1240 4249 949 1238 4250 728 1241 4251 949 1238 4252 726 1242 4253 726 1242 4254 949 1238 4255 723 1237 4256 730 1239 4257 733 1243 4258 950 1240 4259 950 1240 4260 733 1243 4261 732 1244 4262 950 1240 4263 732 1244 4264 951 1245 4265 951 1245 4266 732 1244 4267 952 1246 4268 732 1244 4269 721 1247 4270 952 1246 4271 952 1246 4272 721 1247 4273 720 1248 4274 952 1246 4275 720 1248 4276 953 1249 4277 953 1249 4278 720 1248 4279 710 1250 4280 953 1249 4281 710 1250 4282 954 1251 4283 954 1251 4284 710 1250 4285 711 1252 4286 954 1251 4287 711 1252 4288 955 1253 4289 955 1253 4290 711 1252 4291 712 1254 4292 955 1253 4293 712 1254 4294 956 1255 4295 956 1255 4296 712 1254 4297 713 1256 4298 956 1255 4299 713 1256 4300 957 1257 4301 713 1256 4302 714 1258 4303 957 1257 4304 957 1257 4305 714 1258 4306 715 1259 4307 957 1257 4308 715 1259 4309 958 1260 4310 715 1259 4311 701 1261 4312 958 1260 4313 958 1260 4314 701 1261 4315 700 1262 4316 958 1260 4317 700 1262 4318 959 1263 4319 700 1262 4320 702 1264 4321 959 1263 4322 959 1263 4323 702 1264 4324 703 1265 4325 959 1263 4326 703 1265 4327 960 1266 4328 703 1265 4329 706 1267 4330 960 1266 4331 960 1266 4332 706 1267 4333 705 1268 4334 960 1266 4335 705 1268 4336 961 1269 4337 961 1269 4338 705 1268 4339 704 1270 4340 961 1269 4341 704 1270 4342 962 1271 4343 694 1272 4344 963 1273 4345 709 1274 4346 709 1274 4347 963 1273 4348 964 1275 4349 709 1274 4350 964 1275 4351 708 1276 4352 708 1276 4353 964 1275 4354 962 1271 4355 708 1276 4356 962 1271 4357 707 1277 4358 707 1277 4359 962 1271 4360 704 1270 4361 694 1272 4362 695 1278 4363 963 1273 4364 963 1273 4365 695 1278 4366 696 1279 4367 963 1273 4368 696 1279 4369 965 1280 4370 965 1280 4371 696 1279 4372 697 1281 4373 965 1280 4374 697 1281 4375 966 1282 4376 697 1281 4377 698 1283 4378 966 1282 4379 966 1282 4380 698 1283 4381 699 1284 4382 966 1282 4383 699 1284 4384 967 1285 4385 967 1285 4386 699 1284 4387 693 1286 4388 967 1285 4389 693 1286 4390 968 1287 4391 968 1287 4392 693 1286 4393 677 1288 4394 968 1287 4395 677 1288 4396 676 1289 4397 676 1289 4398 692 1290 4399 968 1287 4400 968 1287 4401 692 1290 4402 686 1291 4403 968 1287 4404 686 1291 4405 969 1292 4406 969 1292 4407 686 1291 4408 684 1293 4409 661 1294 4410 970 1295 4411 681 1296 4412 681 1296 4413 970 1295 4414 969 1292 4415 681 1296 4416 969 1292 4417 682 1297 4418 682 1297 4419 969 1292 4420 684 1293 4421 971 1298 4422 972 1299 4423 973 1300 4424 661 1294 4425 663 1301 4426 970 1295 4427 970 1295 4428 663 1301 4429 665 1302 4430 970 1295 4431 665 1302 4432 973 1300 4433 665 1302 4434 667 1303 4435 973 1300 4436 973 1300 4437 667 1303 4438 669 1304 4439 973 1300 4440 669 1304 4441 971 1298 4442 971 1298 4443 669 1304 4444 670 1305 4445 971 1298 4446 670 1305 4447 974 1306 4448 670 1305 4449 658 1307 4450 974 1306 4451 974 1306 4452 658 1307 4453 659 1308 4454 974 1306 4455 659 1308 4456 975 1309 4457 975 1309 4458 659 1308 4459 660 1310 4460 975 1309 4461 660 1310 4462 654 1311 4463 654 1311 4464 655 1312 4465 975 1309 4466 975 1309 4467 655 1312 4468 656 1313 4469 975 1309 4470 656 1313 4471 976 1314 4472 976 1314 4473 656 1313 4474 657 1315 4475 976 1314 4476 657 1315 4477 977 1316 4478 977 1316 4479 657 1315 4480 978 1317 4481 978 1317 4482 657 1315 4483 648 1318 4484 978 1317 4485 648 1318 4486 979 1319 4487 648 1318 4488 649 1320 4489 979 1319 4490 979 1319 4491 649 1320 4492 650 1321 4493 979 1319 4494 650 1321 4495 980 1322 4496 980 1322 4497 650 1321 4498 651 1323 4499 980 1322 4500 651 1323 4501 981 1324 4502 981 1324 4503 651 1323 4504 652 1325 4505 981 1324 4506 652 1325 4507 982 1326 4508 982 1326 4509 652 1325 4510 653 1327 4511 982 1326 4512 653 1327 4513 983 1328 4514 983 1328 4515 653 1327 4516 772 1329 4517 983 1328 4518 772 1329 4519 984 1330 4520 984 1330 4521 772 1329 4522 773 1331 4523 984 1330 4524 773 1331 4525 937 1211 4526 937 1211 4527 773 1331 4528 775 1332 4529 937 1211 4530 775 1332 4531 935 1209 4532 935 1209 4533 775 1332 4534 777 1333 4535 935 1209 4536 777 1333 4537 781 1213 4538 985 1334 4539 986 1335 4540 987 1336 4541 987 1336 4542 986 1335 4543 988 1337 4544 989 1338 4545 990 1339 4546 991 1340 4547 991 1340 4548 990 1339 4549 992 1341 4550 993 1342 4551 994 1343 4552 995 1344 4553 995 1344 4554 994 1343 4555 996 1345 4556 995 1344 4557 996 1345 4558 997 1346 4559 997 1346 4560 996 1345 4561 998 1347 4562 997 1346 4563 998 1347 4564 999 1348 4565 999 1348 4566 998 1347 4567 1000 1349 4568 999 1348 4569 1000 1349 4570 1001 1350 4571 1001 1350 4572 1000 1349 4573 1002 1351 4574 1001 1350 4575 1002 1351 4576 1003 1352 4577 1003 1352 4578 1002 1351 4579 1004 1353 4580 1003 1352 4581 1004 1353 4582 1005 1354 4583 1005 1354 4584 1004 1353 4585 1006 1355 4586 1005 1354 4587 1006 1355 4588 1007 1356 4589 1007 1356 4590 1006 1355 4591 1008 1357 4592 1007 1356 4593 1008 1357 4594 1009 1358 4595 1009 1358 4596 1008 1357 4597 1010 1359 4598 1009 1358 4599 1010 1359 4600 1011 1360 4601 1011 1360 4602 1010 1359 4603 1012 1361 4604 1011 1360 4605 1012 1361 4606 1013 1362 4607 1013 1362 4608 1012 1361 4609 1014 1363 4610 1013 1362 4611 1014 1363 4612 1015 1364 4613 1015 1364 4614 1014 1363 4615 1016 1365 4616 1015 1364 4617 1016 1365 4618 1017 1366 4619 1017 1366 4620 1016 1365 4621 1018 1367 4622 1017 1366 4623 1018 1367 4624 1019 1368 4625 1018 1367 4626 1020 1369 4627 1019 1368 4628 1019 1368 4629 1020 1369 4630 1021 1370 4631 1021 1370 4632 1020 1369 4633 1022 1371 4634 1022 1371 4635 1020 1369 4636 0 0 4637 1022 1371 4638 0 0 4639 2 2 4640 1023 1372 4641 1024 1373 4642 1025 1374 4643 1025 1374 4644 1024 1373 4645 1026 1375 4646 995 1376 4647 1027 1377 4648 1028 1378 4649 1029 1379 4650 1030 1380 4651 1031 1381 4652 1031 1381 4653 1030 1380 4654 992 1382 4655 995 1376 4656 1028 1378 4657 993 1383 4658 1028 1378 4659 1032 1384 4660 993 1383 4661 993 1383 4662 1032 1384 4663 1033 1385 4664 993 1383 4665 1033 1385 4666 1034 1386 4667 1034 1386 4668 1033 1385 4669 1035 1387 4670 1034 1386 4671 1035 1387 4672 1036 1388 4673 1036 1388 4674 1035 1387 4675 1026 1375 4676 1036 1388 4677 1026 1375 4678 1037 1389 4679 1037 1389 4680 1026 1375 4681 1024 1373 4682 1037 1389 4683 1024 1373 4684 1038 1390 4685 1027 1377 4686 995 1376 4687 990 1391 4688 990 1391 4689 995 1376 4690 997 1392 4691 990 1391 4692 997 1392 4693 992 1382 4694 1001 1393 4695 1039 1394 4696 1040 1395 4697 1041 1396 4698 1042 1397 4699 1005 1398 4700 1005 1398 4701 1042 1397 4702 1003 1399 4703 1003 1399 4704 1042 1397 4705 1043 1400 4706 1003 1399 4707 1043 1400 4708 1001 1393 4709 1001 1393 4710 1043 1400 4711 1044 1401 4712 1001 1393 4713 1044 1401 4714 1039 1394 4715 997 1392 4716 999 1402 4717 992 1382 4718 992 1382 4719 999 1402 4720 1001 1393 4721 992 1382 4722 1001 1393 4723 1031 1381 4724 1031 1381 4725 1001 1393 4726 1040 1395 4727 1015 1403 4728 1017 1404 4729 1045 1405 4730 1005 1398 4731 1007 1406 4732 1041 1396 4733 1041 1396 4734 1007 1406 4735 1009 1407 4736 1041 1396 4737 1009 1407 4738 1046 1408 4739 1046 1408 4740 1009 1407 4741 1011 1409 4742 1046 1408 4743 1011 1409 4744 1047 1410 4745 1047 1410 4746 1011 1409 4747 1013 1411 4748 1047 1410 4749 1013 1411 4750 1048 1412 4751 1048 1412 4752 1013 1411 4753 1015 1403 4754 1048 1412 4755 1015 1403 4756 1049 1413 4757 1049 1413 4758 1015 1403 4759 1045 1405 4760 1050 1414 4761 1051 1415 4762 1052 1416 4763 1052 1416 4764 1051 1415 4765 1053 1417 4766 1052 1416 4767 1053 1417 4768 1054 1418 4769 1055 1419 4770 1056 1420 4771 1050 1414 4772 1050 1414 4773 1056 1420 4774 1057 1421 4775 1050 1414 4776 1057 1421 4777 1051 1415 4778 1058 1422 4779 1059 1423 4780 1055 1419 4781 1055 1419 4782 1059 1423 4783 1060 1424 4784 1055 1419 4785 1060 1424 4786 1056 1420 4787 1061 1425 4788 1062 1426 4789 1058 1422 4790 1058 1422 4791 1062 1426 4792 1063 1427 4793 1058 1422 4794 1063 1427 4795 1059 1423 4796 1064 1428 4797 1065 1429 4798 1061 1425 4799 1061 1425 4800 1065 1429 4801 1066 1430 4802 1061 1425 4803 1066 1430 4804 1062 1426 4805 1067 1431 4806 1068 1432 4807 1064 1428 4808 1064 1428 4809 1068 1432 4810 1069 1433 4811 1064 1428 4812 1069 1433 4813 1065 1429 4814 1070 1434 4815 1071 1435 4816 1067 1431 4817 1067 1431 4818 1071 1435 4819 1072 1436 4820 1067 1431 4821 1072 1436 4822 1068 1432 4823 1073 1437 4824 1074 1438 4825 1070 1434 4826 1070 1434 4827 1074 1438 4828 1075 1439 4829 1070 1434 4830 1075 1439 4831 1071 1435 4832 1076 1440 4833 1077 1441 4834 1073 1437 4835 1073 1437 4836 1077 1441 4837 1078 1442 4838 1073 1437 4839 1078 1442 4840 1074 1438 4841 1079 1443 4842 1077 1441 4843 1080 1444 4844 1080 1444 4845 1077 1441 4846 1076 1440 4847 1080 1444 4848 1076 1440 4849 1081 1445 4850 1081 1445 4851 1076 1440 4852 1082 1446 4853 1081 1445 4854 1082 1446 4855 1083 1447 4856 1084 1448 4857 1085 1449 4858 1086 1450 4859 1087 1451 4860 1088 1452 4861 1082 1453 4862 1089 1454 4863 1090 1455 4864 4 1456 4865 1091 1457 4866 1092 1458 4867 1093 1459 4868 11 1460 4869 16 1461 4870 1094 1462 4871 1095 1463 4872 1096 1464 4873 1097 1465 4874 1098 1466 4875 1099 1467 4876 1100 1468 4877 1100 1468 4878 1099 1467 4879 1101 1469 4880 1101 1469 4881 1099 1467 4882 1102 1470 4883 1101 1469 4884 1102 1470 4885 1103 1471 4886 1103 1471 4887 1102 1470 4888 1104 1472 4889 1103 1471 4890 1104 1472 4891 1105 1473 4892 1095 1463 4893 1106 1474 4894 1096 1464 4895 1096 1464 4896 1106 1474 4897 1107 1475 4898 1096 1464 4899 1107 1475 4900 1108 1476 4901 1108 1476 4902 1107 1475 4903 1109 1477 4904 1108 1476 4905 1109 1477 4906 1110 1478 4907 1110 1478 4908 1109 1477 4909 1111 1479 4910 1110 1478 4911 1111 1479 4912 1112 1480 4913 1113 1481 4914 1114 1482 4915 1115 1483 4916 1111 1479 4917 1116 1484 4918 1112 1480 4919 1112 1480 4920 1116 1484 4921 1117 1485 4922 1112 1480 4923 1117 1485 4924 1118 1486 4925 1097 1465 4926 1119 1487 4927 1095 1463 4928 1095 1463 4929 1119 1487 4930 1120 1488 4931 1095 1463 4932 1120 1488 4933 1121 1489 4934 6 1490 4935 1122 1491 4936 1123 1492 4937 1117 1485 4938 1084 1448 4939 1118 1486 4940 1118 1486 4941 1084 1448 4942 1086 1450 4943 1118 1486 4944 1086 1450 4945 1124 1493 4946 1124 1493 4947 1086 1450 4948 1113 1481 4949 1124 1493 4950 1113 1481 4951 1104 1472 4952 1104 1472 4953 1113 1481 4954 1115 1483 4955 1104 1472 4956 1115 1483 4957 1105 1473 4958 1125 1494 4959 1126 1495 4960 1127 1496 4961 1127 1496 4962 1126 1495 4963 988 1497 4964 1127 1496 4965 988 1497 4966 986 1498 4967 1100 1468 4968 1128 1499 4969 1098 1466 4970 1098 1466 4971 1128 1499 4972 1089 1454 4973 1098 1466 4974 1089 1454 4975 1093 1459 4976 1093 1459 4977 1089 1454 4978 4 1456 4979 1093 1459 4980 4 1456 4981 1091 1457 4982 1091 1457 4983 4 1456 4984 6 1490 4985 1091 1457 4986 6 1490 4987 1129 1500 4988 1129 1500 4989 6 1490 4990 1123 1492 4991 1130 1501 4992 1131 1502 4993 1121 1489 4994 1121 1489 4995 1131 1502 4996 11 1460 4997 1121 1489 4998 11 1460 4999 1095 1463 5000 1095 1463 5001 11 1460 5002 1094 1462 5003 1132 1503 5004 1067 1504 5005 1133 1505 5006 1133 1505 5007 1067 1504 5008 1064 1506 5009 1133 1505 5010 1064 1506 5011 1134 1507 5012 1134 1507 5013 1064 1506 5014 1061 1508 5015 1134 1507 5016 1061 1508 5017 1135 1509 5018 1135 1509 5019 1061 1508 5020 1058 1510 5021 1135 1509 5022 1058 1510 5023 1136 1511 5024 1136 1511 5025 1058 1510 5026 1055 1512 5027 1136 1511 5028 1055 1512 5029 1137 1513 5030 1137 1513 5031 1055 1512 5032 1050 1514 5033 1137 1513 5034 1050 1514 5035 1138 1515 5036 1138 1515 5037 1050 1514 5038 1052 1516 5039 1138 1515 5040 1052 1516 5041 1089 1454 5042 1089 1454 5043 1052 1516 5044 1054 1517 5045 1089 1454 5046 1054 1517 5047 1090 1455 5048 986 1498 5049 1087 1451 5050 1127 1496 5051 1127 1496 5052 1087 1451 5053 1082 1453 5054 1127 1496 5055 1082 1453 5056 1139 1518 5057 1139 1518 5058 1082 1453 5059 1076 1519 5060 1139 1518 5061 1076 1519 5062 1140 1520 5063 1140 1520 5064 1076 1519 5065 1073 1521 5066 1140 1520 5067 1073 1521 5068 1132 1503 5069 1132 1503 5070 1073 1521 5071 1070 1522 5072 1132 1503 5073 1070 1522 5074 1067 1504 5075 101 1523 5076 102 1524 5077 1141 1525 5078 1142 1526 5079 642 771 5080 643 772 5081 1142 1526 5082 643 772 5083 1143 1527 5084 1143 1527 5085 643 772 5086 644 773 5087 1143 1527 5088 644 773 5089 1144 1528 5090 1144 1528 5091 644 773 5092 645 774 5093 1144 1528 5094 645 774 5095 1145 1529 5096 1145 1529 5097 645 774 5098 646 775 5099 1145 1529 5100 646 775 5101 1146 1530 5102 1146 1530 5103 646 775 5104 647 776 5105 1146 1530 5106 647 776 5107 1147 1531 5108 1147 1531 5109 647 776 5110 475 518 5111 1147 1531 5112 475 518 5113 1148 1532 5114 642 771 5115 1142 1526 5116 641 770 5117 641 770 5118 1142 1526 5119 1149 1533 5120 641 770 5121 1149 1533 5122 1141 1525 5123 1141 1525 5124 1149 1533 5125 1150 1534 5126 1141 1525 5127 1150 1534 5128 101 1523 5129 640 769 5130 641 770 5131 838 1051 5132 838 1051 5133 641 770 5134 1141 1525 5135 838 1051 5136 1141 1525 5137 103 1052 5138 103 1052 5139 1141 1525 5140 102 1524 5141 15 15 5142 14 14 5143 1151 1535 5144 1152 1536 5145 601 1537 5146 1153 1538 5147 1153 1538 5148 601 1537 5149 603 1539 5150 603 1539 5151 605 1540 5152 1153 1538 5153 1153 1538 5154 605 1540 5155 606 1541 5156 1153 1538 5157 606 1541 5158 1154 1542 5159 606 1541 5160 593 1543 5161 1154 1542 5162 1154 1542 5163 593 1543 5164 594 1544 5165 1154 1542 5166 594 1544 5167 1155 1545 5168 1155 1545 5169 594 1544 5170 588 1546 5171 1155 1545 5172 588 1546 5173 1156 1547 5174 1156 1547 5175 588 1546 5176 587 1548 5177 1156 1547 5178 587 1548 5179 1157 1549 5180 1157 1549 5181 587 1548 5182 586 1550 5183 1157 1549 5184 586 1550 5185 1158 1551 5186 1158 1551 5187 586 1550 5188 1159 1552 5189 586 1550 5190 560 1553 5191 1159 1552 5192 1159 1552 5193 560 1553 5194 562 1554 5195 1159 1552 5196 562 1554 5197 1160 1555 5198 1160 1555 5199 562 1554 5200 563 1556 5201 508 1557 5202 1161 1558 5203 509 1559 5204 509 1559 5205 1161 1558 5206 1162 1560 5207 509 1559 5208 1162 1560 5209 563 1556 5210 563 1556 5211 1162 1560 5212 1163 1561 5213 563 1556 5214 1163 1561 5215 1160 1555 5216 508 1557 5217 506 1562 5218 1161 1558 5219 1161 1558 5220 506 1562 5221 504 1563 5222 1161 1558 5223 504 1563 5224 1164 1564 5225 1164 1564 5226 504 1563 5227 503 1565 5228 503 1565 5229 498 1566 5230 1164 1564 5231 1164 1564 5232 498 1566 5233 497 1567 5234 1164 1564 5235 497 1567 5236 1165 1568 5237 1165 1568 5238 497 1567 5239 493 1569 5240 1165 1568 5241 493 1569 5242 1166 1570 5243 1166 1570 5244 493 1569 5245 501 1571 5246 1166 1570 5247 501 1571 5248 500 1572 5249 1167 1573 5250 1166 1570 5251 1168 1574 5252 1168 1574 5253 1166 1570 5254 500 1572 5255 1168 1574 5256 500 1572 5257 1169 1575 5258 1169 1575 5259 500 1572 5260 502 1576 5261 1169 1575 5262 502 1576 5263 1170 1577 5264 1170 1577 5265 502 1576 5266 1171 1578 5267 1171 1578 5268 502 1576 5269 485 1579 5270 1171 1578 5271 485 1579 5272 1172 1580 5273 1172 1580 5274 485 1579 5275 486 1581 5276 1172 1580 5277 486 1581 5278 1173 1582 5279 1173 1582 5280 486 1581 5281 487 1583 5282 1173 1582 5283 487 1583 5284 1174 1584 5285 487 1583 5286 488 1585 5287 1174 1584 5288 1174 1584 5289 488 1585 5290 489 1586 5291 1174 1584 5292 489 1586 5293 1175 1587 5294 1175 1587 5295 489 1586 5296 490 1588 5297 1175 1587 5298 490 1588 5299 1176 1589 5300 490 1588 5301 491 1590 5302 1176 1589 5303 1176 1589 5304 491 1590 5305 492 1591 5306 1176 1589 5307 492 1591 5308 1177 1592 5309 1177 1592 5310 492 1591 5311 476 1593 5312 1177 1592 5313 476 1593 5314 1178 1594 5315 1178 1594 5316 476 1593 5317 477 1595 5318 1178 1594 5319 477 1595 5320 1179 1596 5321 477 1595 5322 478 1597 5323 1179 1596 5324 1179 1596 5325 478 1597 5326 479 1598 5327 1179 1596 5328 479 1598 5329 1180 1599 5330 479 1598 5331 480 1600 5332 1180 1599 5333 1180 1599 5334 480 1600 5335 481 1601 5336 1180 1599 5337 481 1601 5338 1181 1602 5339 1181 1602 5340 481 1601 5341 482 1603 5342 1181 1602 5343 482 1603 5344 1182 1604 5345 1183 1605 5346 1184 1606 5347 1185 1607 5348 482 1603 5349 483 1608 5350 1182 1604 5351 1182 1604 5352 483 1608 5353 484 1609 5354 1182 1604 5355 484 1609 5356 1185 1607 5357 1185 1607 5358 484 1609 5359 625 1610 5360 1185 1607 5361 625 1610 5362 1183 1605 5363 627 1611 5364 1186 1612 5365 626 1613 5366 626 1613 5367 1186 1612 5368 1187 1614 5369 626 1613 5370 1187 1614 5371 625 1610 5372 625 1610 5373 1187 1614 5374 1188 1615 5375 625 1610 5376 1188 1615 5377 1183 1605 5378 617 1616 5379 1189 1617 5380 616 1618 5381 616 1618 5382 1189 1617 5383 1190 1619 5384 616 1618 5385 1190 1619 5386 631 1620 5387 631 1620 5388 1190 1619 5389 1191 1621 5390 631 1620 5391 1191 1621 5392 630 1622 5393 630 1622 5394 1191 1621 5395 1192 1623 5396 630 1622 5397 1192 1623 5398 629 1624 5399 629 1624 5400 1192 1623 5401 1186 1612 5402 629 1624 5403 1186 1612 5404 628 1625 5405 628 1625 5406 1186 1612 5407 627 1611 5408 617 1616 5409 618 1626 5410 1189 1617 5411 1189 1617 5412 618 1626 5413 619 1627 5414 1189 1617 5415 619 1627 5416 1193 1628 5417 1193 1628 5418 619 1627 5419 620 1629 5420 1193 1628 5421 620 1629 5422 1194 1630 5423 1194 1630 5424 620 1629 5425 621 1631 5426 1194 1630 5427 621 1631 5428 1195 1632 5429 1195 1632 5430 621 1631 5431 622 1633 5432 1195 1632 5433 622 1633 5434 1196 1634 5435 1196 1634 5436 622 1633 5437 623 1635 5438 1196 1634 5439 623 1635 5440 1197 1636 5441 623 1635 5442 624 1637 5443 1197 1636 5444 1197 1636 5445 624 1637 5446 610 1638 5447 1197 1636 5448 610 1638 5449 1198 1639 5450 1198 1639 5451 610 1638 5452 611 1640 5453 1198 1639 5454 611 1640 5455 1199 1641 5456 1199 1641 5457 611 1640 5458 612 1642 5459 1199 1641 5460 612 1642 5461 1151 1535 5462 1151 1535 5463 612 1642 5464 613 1643 5465 1151 1535 5466 613 1643 5467 15 15 5468 15 15 5469 613 1643 5470 614 1644 5471 15 15 5472 614 1644 5473 1200 1645 5474 1200 1645 5475 614 1644 5476 615 1646 5477 1200 1645 5478 615 1646 5479 1201 1647 5480 1201 1647 5481 615 1646 5482 600 1648 5483 1201 1647 5484 600 1648 5485 1202 1649 5486 1202 1649 5487 600 1648 5488 598 1650 5489 1202 1649 5490 598 1650 5491 1152 1536 5492 1152 1536 5493 598 1650 5494 596 1651 5495 1152 1536 5496 596 1651 5497 601 1537 5498 1203 1652 5499 1204 1653 5500 1205 1654 5501 1206 1655 5502 1204 1653 5503 191 1656 5504 191 1656 5505 1204 1653 5506 1203 1652 5507 191 1656 5508 1203 1652 5509 192 1657 5510 192 1657 5511 1203 1652 5512 1207 1658 5513 192 1657 5514 1207 1658 5515 216 1659 5516 216 1659 5517 1207 1658 5518 1208 1660 5519 216 1659 5520 1208 1660 5521 189 1661 5522 189 1661 5523 1208 1660 5524 1209 1662 5525 189 1661 5526 1209 1662 5527 187 1663 5528 187 1663 5529 1209 1662 5530 1210 1664 5531 187 1663 5532 1210 1664 5533 185 1665 5534 185 1665 5535 1210 1664 5536 868 1106 5537 185 1665 5538 868 1106 5539 204 1105 5540 1148 1532 5541 475 518 5542 1211 1666 5543 1211 1666 5544 475 518 5545 473 516 5546 1211 1666 5547 473 516 5548 1212 1667 5549 1212 1667 5550 473 516 5551 471 514 5552 1212 1667 5553 471 514 5554 1205 1654 5555 1205 1654 5556 471 514 5557 469 512 5558 1205 1654 5559 469 512 5560 1203 1652 5561 1203 1652 5562 469 512 5563 467 510 5564 1203 1652 5565 467 510 5566 1207 1658 5567 1207 1658 5568 467 510 5569 465 508 5570 1207 1658 5571 465 508 5572 1208 1660 5573 1208 1660 5574 465 508 5575 463 506 5576 1208 1660 5577 463 506 5578 1209 1662 5579 1209 1662 5580 463 506 5581 461 504 5582 1209 1662 5583 461 504 5584 1210 1664 5585 1210 1664 5586 461 504 5587 459 502 5588 1210 1664 5589 459 502 5590 868 1106 5591 1144 1668 5592 1145 1669 5593 1213 1670 5594 1214 1671 5595 1215 1672 5596 1216 1673 5597 1216 1673 5598 1215 1672 5599 1217 1674 5600 1205 1675 5601 1218 1676 5602 1212 1677 5603 1212 1677 5604 1218 1676 5605 1219 1678 5606 1212 1677 5607 1219 1678 5608 1220 1679 5609 1213 1670 5610 1145 1669 5611 1221 1680 5612 1222 1681 5613 1223 1682 5614 1224 1683 5615 1224 1683 5616 1223 1682 5617 1225 1684 5618 1224 1683 5619 1225 1684 5620 1226 1685 5621 1226 1685 5622 1225 1684 5623 1227 1686 5624 1226 1685 5625 1227 1686 5626 1228 1687 5627 1228 1687 5628 1227 1686 5629 1229 1688 5630 1228 1687 5631 1229 1688 5632 1230 1689 5633 1230 1689 5634 1229 1688 5635 1231 1690 5636 1230 1689 5637 1231 1690 5638 1232 1691 5639 1232 1691 5640 1231 1690 5641 1233 1692 5642 1232 1691 5643 1233 1692 5644 1234 1693 5645 1234 1693 5646 1233 1692 5647 1235 1694 5648 1234 1693 5649 1235 1694 5650 1236 1695 5651 1236 1695 5652 1235 1694 5653 1237 1696 5654 1236 1695 5655 1237 1696 5656 1214 1671 5657 1214 1671 5658 1237 1696 5659 1238 1697 5660 1214 1671 5661 1238 1697 5662 1215 1672 5663 1222 1681 5664 1239 1698 5665 1223 1682 5666 1223 1682 5667 1239 1698 5668 1240 1699 5669 1223 1682 5670 1240 1699 5671 1241 1700 5672 1241 1700 5673 1240 1699 5674 1242 1701 5675 1241 1700 5676 1242 1701 5677 1243 1702 5678 1243 1702 5679 1242 1701 5680 1244 1703 5681 1243 1702 5682 1244 1703 5683 1245 1704 5684 1220 1679 5685 1246 1705 5686 1212 1677 5687 1212 1677 5688 1246 1705 5689 1247 1706 5690 1212 1677 5691 1247 1706 5692 1245 1704 5693 1144 1668 5694 1213 1670 5695 1143 1707 5696 1143 1707 5697 1213 1670 5698 1248 1708 5699 1143 1707 5700 1248 1708 5701 1142 1709 5702 1142 1709 5703 1248 1708 5704 1249 1710 5705 1142 1709 5706 1249 1710 5707 1149 1711 5708 1145 1669 5709 1146 1712 5710 1221 1680 5711 1221 1680 5712 1146 1712 5713 1147 1713 5714 1221 1680 5715 1147 1713 5716 1244 1703 5717 1244 1703 5718 1147 1713 5719 1148 1714 5720 1244 1703 5721 1148 1714 5722 1245 1704 5723 1245 1704 5724 1148 1714 5725 1211 1715 5726 1245 1704 5727 1211 1715 5728 1212 1677 5729 1249 1716 5730 1250 1717 5731 1149 1533 5732 1149 1533 5733 1250 1717 5734 1150 1534 5735 1251 1718 5736 1248 1719 5737 1213 1720 5738 1251 1718 5739 1213 1720 5740 1252 1721 5741 1252 1721 5742 1213 1720 5743 1221 1722 5744 1252 1721 5745 1221 1722 5746 1253 1723 5747 1250 1717 5748 1249 1716 5749 1254 1724 5750 1254 1724 5751 1249 1716 5752 1248 1719 5753 1254 1724 5754 1248 1719 5755 1251 1718 5756 1255 1725 5757 1256 1726 5758 1257 1727 5759 1257 1727 5760 1256 1726 5761 1243 1728 5762 1257 1727 5763 1243 1728 5764 1245 1729 5765 1258 1730 5766 1255 1725 5767 1257 1727 5768 1205 1654 5769 1204 1653 5770 1259 1731 5771 1205 1654 5772 1259 1731 5773 1218 1732 5774 1218 1732 5775 1259 1731 5776 1260 1733 5777 1218 1732 5778 1260 1733 5779 1219 1734 5780 1219 1734 5781 1260 1733 5782 1220 1735 5783 1220 1735 5784 1260 1733 5785 1261 1736 5786 1220 1735 5787 1261 1736 5788 1246 1737 5789 1257 1727 5790 1245 1729 5791 1261 1736 5792 1261 1736 5793 1245 1729 5794 1247 1738 5795 1261 1736 5796 1247 1738 5797 1246 1737 5798 1258 1730 5799 1257 1727 5800 1262 1739 5801 1262 1739 5802 1257 1727 5803 1261 1736 5804 1262 1739 5805 1261 1736 5806 1263 1740 5807 1263 1740 5808 1261 1736 5809 1260 1733 5810 1263 1740 5811 1260 1733 5812 1264 1741 5813 1264 1741 5814 1260 1733 5815 1265 1742 5816 1265 1742 5817 1260 1733 5818 1259 1731 5819 1265 1742 5820 1259 1731 5821 1266 1743 5822 1266 1743 5823 1259 1731 5824 1204 1653 5825 1266 1743 5826 1204 1653 5827 1206 1655 5828 1240 1744 5829 1267 1745 5830 1268 1746 5831 1240 1744 5832 1268 1746 5833 1242 1747 5834 1242 1747 5835 1268 1746 5836 1269 1748 5837 1242 1747 5838 1269 1748 5839 1244 1749 5840 1244 1749 5841 1269 1748 5842 1253 1723 5843 1244 1749 5844 1253 1723 5845 1221 1722 5846 1185 1607 5847 1184 1606 5848 1270 1750 5849 1270 1750 5850 1184 1606 5851 1271 1751 5852 1270 1750 5853 1271 1751 5854 1272 1752 5855 1272 1752 5856 1271 1751 5857 1273 1753 5858 1239 1754 5859 1222 1755 5860 1273 1753 5861 1273 1753 5862 1222 1755 5863 1274 1756 5864 1273 1753 5865 1274 1756 5866 1272 1752 5867 1273 1753 5868 1275 1757 5869 1239 1754 5870 1239 1754 5871 1275 1757 5872 1267 1745 5873 1239 1754 5874 1267 1745 5875 1240 1744 5876 1276 1758 5877 1238 1759 5878 1277 1760 5879 1277 1760 5880 1238 1759 5881 1237 1761 5882 1277 1760 5883 1237 1761 5884 1278 1762 5885 1278 1762 5886 1237 1761 5887 1279 1763 5888 1279 1763 5889 1237 1761 5890 1235 1764 5891 1279 1763 5892 1235 1764 5893 1280 1765 5894 1280 1765 5895 1235 1764 5896 1281 1766 5897 1281 1766 5898 1235 1764 5899 1233 1767 5900 1281 1766 5901 1233 1767 5902 1282 1768 5903 1282 1768 5904 1233 1767 5905 1283 1769 5906 1283 1769 5907 1233 1767 5908 1231 1770 5909 1283 1769 5910 1231 1770 5911 1284 1771 5912 1284 1771 5913 1231 1770 5914 1285 1772 5915 1285 1772 5916 1231 1770 5917 1229 1773 5918 1285 1772 5919 1229 1773 5920 1286 1774 5921 1286 1774 5922 1229 1773 5923 1287 1775 5924 1287 1775 5925 1229 1773 5926 1227 1776 5927 1287 1775 5928 1227 1776 5929 1288 1777 5930 1288 1777 5931 1227 1776 5932 1289 1778 5933 1289 1778 5934 1227 1776 5935 1225 1779 5936 1289 1778 5937 1225 1779 5938 1290 1780 5939 1290 1780 5940 1225 1779 5941 1223 1781 5942 1290 1780 5943 1223 1781 5944 1291 1782 5945 1291 1782 5946 1223 1781 5947 1241 1783 5948 1291 1782 5949 1241 1783 5950 1292 1784 5951 1292 1784 5952 1241 1783 5953 1243 1728 5954 1292 1784 5955 1243 1728 5956 1256 1726 5957 1293 1785 5958 1294 1786 5959 1217 1787 5960 1217 1787 5961 1294 1786 5962 1113 1788 5963 1217 1787 5964 1113 1788 5965 1216 1789 5966 1216 1789 5967 1113 1788 5968 1086 1790 5969 1293 1785 5970 1217 1787 5971 1215 1791 5972 1293 1785 5973 1215 1791 5974 1295 1792 5975 1295 1792 5976 1215 1791 5977 1238 1759 5978 1295 1792 5979 1238 1759 5980 1276 1758 5981 994 1343 5982 993 1342 5983 1296 1793 5984 1296 1793 5985 993 1342 5986 1034 1794 5987 1297 1795 5988 825 1031 5989 827 1034 5990 1297 1795 5991 827 1034 5992 1298 1796 5993 78 1797 5994 130 1798 5995 1298 1796 5996 827 1034 5997 826 1033 5998 1299 1799 5999 1298 1796 6000 827 1034 6001 78 1797 6002 78 1797 6003 827 1034 6004 1299 1799 6005 78 1797 6006 1299 1799 6007 79 1800 6008 1300 1801 6009 1301 1802 6010 1038 1803 6011 1038 1803 6012 1301 1802 6013 1302 1804 6014 1303 1805 6015 786 1806 6016 785 1025 6017 1304 1807 6018 787 1808 6019 786 1806 6020 786 1806 6021 1303 1805 6022 1304 1807 6023 1304 1807 6024 1303 1805 6025 1300 1801 6026 1304 1807 6027 1300 1801 6028 1305 1809 6029 1305 1809 6030 1300 1801 6031 1038 1803 6032 1305 1809 6033 1038 1803 6034 1024 1810 6035 785 1025 6036 823 1027 6037 1303 1805 6038 1303 1805 6039 823 1027 6040 824 1029 6041 1303 1805 6042 824 1029 6043 1300 1801 6044 1300 1801 6045 824 1029 6046 825 1031 6047 1300 1801 6048 825 1031 6049 1301 1802 6050 1038 1811 6051 1302 1812 6052 1037 1813 6053 1037 1813 6054 1302 1812 6055 1306 1814 6056 1296 1793 6057 1034 1794 6058 1307 1815 6059 1307 1815 6060 1034 1794 6061 1036 1816 6062 1307 1815 6063 1036 1816 6064 1308 1817 6065 1308 1817 6066 1036 1816 6067 120 1818 6068 120 1818 6069 1036 1816 6070 1037 1813 6071 120 1818 6072 1037 1813 6073 1306 1814 6074 120 1818 6075 1306 1814 6076 121 1819 6077 122 1820 6078 121 1821 6079 1309 1822 6080 1309 1822 6081 121 1821 6082 1306 1823 6083 1309 1822 6084 1306 1823 6085 1310 1824 6086 1310 1824 6087 1306 1823 6088 1302 1804 6089 1310 1824 6090 1302 1804 6091 1301 1802 6092 1301 1802 6093 825 1031 6094 1297 1795 6095 1301 1802 6096 1297 1795 6097 1310 1824 6098 1310 1824 6099 1297 1795 6100 1298 1796 6101 1310 1824 6102 1298 1796 6103 1309 1822 6104 1309 1822 6105 1298 1796 6106 130 1798 6107 1309 1822 6108 130 1798 6109 122 1820 6110 1311 1825 6111 1035 1826 6112 1312 1827 6113 1312 1827 6114 1035 1826 6115 1033 1828 6116 990 1339 6117 989 1338 6118 1313 1829 6119 990 1339 6120 1313 1829 6121 1027 1830 6122 1027 1830 6123 1313 1829 6124 1314 1831 6125 1027 1830 6126 1314 1831 6127 1028 1832 6128 1028 1832 6129 1314 1831 6130 1315 1833 6131 1028 1832 6132 1315 1833 6133 1032 1834 6134 1032 1834 6135 1315 1833 6136 1312 1827 6137 1032 1834 6138 1312 1827 6139 1033 1828 6140 673 1835 6141 1316 1836 6142 1317 1837 6143 662 1838 6144 673 1835 6145 1318 1839 6146 1318 1839 6147 673 1835 6148 1317 1837 6149 1318 1839 6150 1317 1837 6151 1319 1840 6152 1316 1836 6153 673 1835 6154 1320 1841 6155 1320 1841 6156 673 1835 6157 672 1842 6158 1320 1841 6159 672 1842 6160 1321 1843 6161 1321 1843 6162 672 1842 6163 1322 1844 6164 1322 1844 6165 672 1842 6166 689 972 6167 1322 1844 6168 689 972 6169 789 971 6170 1318 1839 6171 1319 1840 6172 1323 1845 6173 1324 1846 6174 664 1847 6175 1323 1845 6176 1323 1845 6177 664 1847 6178 662 1838 6179 1323 1845 6180 662 1838 6181 1318 1839 6182 898 1848 6183 446 489 6184 447 490 6185 1324 1846 6186 1325 1849 6187 664 1847 6188 664 1847 6189 1325 1849 6190 899 1850 6191 664 1847 6192 899 1850 6193 666 1851 6194 666 1851 6195 899 1850 6196 898 1848 6197 666 1851 6198 898 1848 6199 668 1852 6200 668 1852 6201 898 1848 6202 447 490 6203 901 1156 6204 900 1155 6205 150 1853 6206 901 1156 6207 150 1853 6208 892 1146 6209 892 1146 6210 150 1853 6211 893 1147 6212 893 1147 6213 150 1853 6214 160 1854 6215 893 1147 6216 160 1854 6217 894 1149 6218 899 1154 6219 1325 1855 6220 897 1152 6221 897 1152 6222 1325 1855 6223 150 1853 6224 897 1152 6225 150 1853 6226 896 1151 6227 896 1151 6228 150 1853 6229 900 1155 6230 902 1157 6231 910 1170 6232 162 1856 6233 162 1856 6234 910 1170 6235 911 1172 6236 162 1856 6237 911 1172 6238 160 1854 6239 160 1854 6240 911 1172 6241 895 1150 6242 160 1854 6243 895 1150 6244 894 1149 6245 905 1161 6246 904 1160 6247 162 1856 6248 162 1856 6249 904 1160 6250 903 1158 6251 162 1856 6252 903 1158 6253 902 1157 6254 164 1857 6255 166 1193 6256 925 1192 6257 925 1192 6258 926 1195 6259 164 1857 6260 164 1857 6261 926 1195 6262 927 1196 6263 164 1857 6264 927 1196 6265 921 1188 6266 921 1188 6267 915 1178 6268 164 1857 6269 164 1857 6270 915 1178 6271 913 1176 6272 164 1857 6273 913 1176 6274 909 1168 6275 909 1168 6276 908 1167 6277 164 1857 6278 164 1857 6279 908 1167 6280 907 1165 6281 164 1857 6282 907 1165 6283 162 1856 6284 162 1856 6285 907 1165 6286 906 1164 6287 162 1856 6288 906 1164 6289 905 1161 6290 1023 1858 6291 143 1859 6292 144 1860 6293 1305 1809 6294 1024 1810 6295 1023 1858 6296 144 1860 6297 1317 1861 6298 1023 1858 6299 1023 1858 6300 1317 1861 6301 1316 1862 6302 1023 1858 6303 1316 1862 6304 1320 1863 6305 1305 1809 6306 1023 1858 6307 1304 1807 6308 788 1864 6309 787 1808 6310 1304 1807 6311 1320 1863 6312 1321 1865 6313 1023 1858 6314 1023 1858 6315 1321 1865 6316 1322 1866 6317 1023 1858 6318 1322 1866 6319 1304 1807 6320 1304 1807 6321 1322 1866 6322 789 1867 6323 1304 1807 6324 789 1867 6325 788 1864 6326 1317 1861 6327 144 1860 6328 1319 1868 6329 1319 1868 6330 144 1860 6331 146 1869 6332 1319 1868 6333 146 1869 6334 1323 1870 6335 1323 1870 6336 146 1869 6337 1324 1871 6338 1324 1871 6339 146 1869 6340 150 1853 6341 1324 1871 6342 150 1853 6343 1325 1855 6344 1326 1872 6345 139 1873 6346 1026 1874 6347 1026 1874 6348 139 1873 6349 1025 1875 6350 1035 1826 6351 1311 1825 6352 1026 1874 6353 1026 1874 6354 1311 1825 6355 1327 1876 6356 1026 1874 6357 1327 1876 6358 1326 1872 6359 139 1873 6360 141 1877 6361 1025 1875 6362 1025 1875 6363 141 1877 6364 143 1859 6365 1025 1875 6366 143 1859 6367 1023 1858 6368 887 1136 6369 870 1108 6370 884 1133 6371 932 1205 6372 168 1204 6373 138 1878 6374 885 1134 6375 886 1135 6376 932 1205 6377 932 1205 6378 138 1878 6379 885 1134 6380 885 1134 6381 138 1878 6382 147 1879 6383 885 1134 6384 147 1879 6385 884 1133 6386 884 1133 6387 147 1879 6388 210 1137 6389 884 1133 6390 210 1137 6391 887 1136 6392 379 1880 6393 1328 1881 6394 381 1882 6395 381 1882 6396 1328 1881 6397 1329 1883 6398 381 1882 6399 1329 1883 6400 383 1884 6401 383 1884 6402 1329 1883 6403 1330 1885 6404 383 1884 6405 1330 1885 6406 396 1886 6407 396 1886 6408 1330 1885 6409 1331 1887 6410 1332 1888 6411 393 1889 6412 1331 1887 6413 1331 1887 6414 393 1889 6415 395 1890 6416 1331 1887 6417 395 1890 6418 396 1886 6419 847 1071 6420 366 1070 6421 1333 1891 6422 1333 1891 6423 366 1070 6424 385 1892 6425 1333 1891 6426 385 1892 6427 1334 1893 6428 1334 1893 6429 385 1892 6430 387 1894 6431 1334 1893 6432 387 1894 6433 1335 1895 6434 1335 1895 6435 387 1894 6436 389 1896 6437 1335 1895 6438 389 1896 6439 1332 1888 6440 1332 1888 6441 389 1896 6442 391 1897 6443 1332 1888 6444 391 1897 6445 393 1889 6446 848 1072 6447 847 1071 6448 1336 1898 6449 1336 1898 6450 847 1071 6451 1333 1891 6452 1336 1898 6453 1333 1891 6454 1337 1899 6455 1337 1899 6456 1333 1891 6457 1334 1893 6458 1337 1899 6459 1334 1893 6460 1338 1900 6461 1338 1900 6462 1334 1893 6463 1335 1895 6464 1338 1900 6465 1335 1895 6466 1339 1901 6467 1339 1901 6468 1335 1895 6469 1332 1888 6470 1339 1901 6471 1332 1888 6472 1340 1902 6473 1340 1902 6474 1332 1888 6475 1331 1887 6476 1340 1902 6477 1331 1887 6478 1341 1903 6479 1341 1903 6480 1331 1887 6481 1330 1885 6482 1341 1903 6483 1330 1885 6484 1342 1904 6485 1342 1904 6486 1330 1885 6487 1329 1883 6488 1342 1904 6489 1329 1883 6490 1343 1905 6491 1343 1905 6492 1329 1883 6493 1328 1881 6494 1344 1906 6495 65 1907 6496 96 1908 6497 848 1072 6498 1344 1906 6499 1345 1909 6500 848 1072 6501 1345 1909 6502 846 1067 6503 846 1067 6504 1345 1909 6505 1346 1910 6506 846 1067 6507 1346 1910 6508 849 1074 6509 1344 1906 6510 96 1908 6511 1345 1909 6512 1345 1909 6513 96 1908 6514 95 1911 6515 1345 1909 6516 95 1911 6517 1346 1910 6518 1346 1910 6519 95 1911 6520 94 1912 6521 1346 1910 6522 94 1912 6523 1347 1913 6524 852 1079 6525 853 1080 6526 1347 1913 6527 1347 1913 6528 853 1080 6529 851 1077 6530 1347 1913 6531 851 1077 6532 1346 1910 6533 1346 1910 6534 851 1077 6535 850 1076 6536 1346 1910 6537 850 1076 6538 849 1074 6539 1299 1799 6540 1348 1914 6541 79 1800 6542 79 1800 6543 1348 1914 6544 81 1915 6545 94 1912 6546 81 1915 6547 1347 1913 6548 1347 1913 6549 81 1915 6550 1348 1914 6551 1347 1913 6552 1348 1914 6553 852 1079 6554 852 1079 6555 1348 1914 6556 1299 1799 6557 852 1079 6558 1299 1799 6559 826 1033 6560 1349 1916 6561 398 1917 6562 1350 1918 6563 1350 1918 6564 398 1917 6565 397 1919 6566 1350 1918 6567 397 1919 6568 837 1044 6569 837 1044 6570 397 1919 6571 355 1050 6572 1351 1920 6573 1349 1916 6574 1352 1921 6575 1352 1921 6576 1349 1916 6577 1350 1918 6578 1352 1921 6579 1350 1918 6580 836 1043 6581 836 1043 6582 1350 1918 6583 837 1044 6584 24 1065 6585 61 1922 6586 845 1066 6587 845 1066 6588 61 1922 6589 1353 1923 6590 845 1066 6591 1353 1923 6592 819 1021 6593 832 1039 6594 831 1038 6595 1353 1923 6596 1353 1923 6597 831 1038 6598 829 1036 6599 1353 1923 6600 829 1036 6601 819 1021 6602 1354 1924 6603 69 1925 6604 39 1926 6605 1354 1924 6606 39 1926 6607 1355 1927 6608 1355 1927 6609 39 1926 6610 38 1928 6611 1355 1927 6612 38 1928 6613 1356 1929 6614 61 1922 6615 69 1925 6616 1353 1923 6617 1353 1923 6618 69 1925 6619 1354 1924 6620 1353 1923 6621 1354 1924 6622 832 1039 6623 832 1039 6624 1354 1924 6625 1355 1927 6626 832 1039 6627 1355 1927 6628 834 1041 6629 834 1041 6630 1355 1927 6631 1356 1929 6632 834 1041 6633 1356 1929 6634 836 1043 6635 413 1930 6636 415 1931 6637 1357 1932 6638 1357 1932 6639 415 1931 6640 404 1933 6641 1328 1881 6642 379 1880 6643 1358 1934 6644 1358 1934 6645 379 1880 6646 405 1935 6647 1358 1934 6648 405 1935 6649 1359 1936 6650 1359 1936 6651 405 1935 6652 407 1937 6653 1359 1936 6654 407 1937 6655 1360 1938 6656 1360 1938 6657 407 1937 6658 409 1939 6659 1360 1938 6660 409 1939 6661 1361 1940 6662 1361 1940 6663 409 1939 6664 411 1941 6665 1362 1942 6666 1357 1932 6667 1363 1943 6668 1363 1943 6669 1357 1932 6670 404 1933 6671 1363 1943 6672 404 1933 6673 403 1944 6674 1362 1942 6675 1364 1945 6676 1357 1932 6677 1357 1932 6678 1364 1945 6679 1361 1940 6680 1357 1932 6681 1361 1940 6682 413 1930 6683 413 1930 6684 1361 1940 6685 411 1941 6686 1343 1905 6687 1328 1881 6688 1365 1946 6689 1365 1946 6690 1328 1881 6691 1358 1934 6692 1365 1946 6693 1358 1934 6694 1366 1947 6695 1366 1947 6696 1358 1934 6697 1359 1936 6698 1366 1947 6699 1359 1936 6700 1367 1948 6701 1367 1948 6702 1359 1936 6703 1360 1938 6704 1367 1948 6705 1360 1938 6706 1368 1949 6707 1368 1949 6708 1360 1938 6709 1361 1940 6710 1368 1949 6711 1361 1940 6712 1369 1950 6713 1369 1950 6714 1361 1940 6715 1364 1945 6716 1370 1951 6717 92 1952 6718 91 1953 6719 1343 1905 6720 1370 1951 6721 1371 1954 6722 1343 1905 6723 1371 1954 6724 1342 1904 6725 1342 1904 6726 1371 1954 6727 1372 1955 6728 1342 1904 6729 1372 1955 6730 1341 1903 6731 1341 1903 6732 1372 1955 6733 1373 1956 6734 1341 1903 6735 1373 1956 6736 1340 1902 6737 1370 1951 6738 91 1953 6739 1371 1954 6740 1371 1954 6741 91 1953 6742 70 1957 6743 1371 1954 6744 70 1957 6745 1372 1955 6746 1372 1955 6747 70 1957 6748 72 1958 6749 1372 1955 6750 72 1958 6751 1373 1956 6752 1373 1956 6753 72 1958 6754 74 1959 6755 1373 1956 6756 74 1959 6757 1374 1960 6758 1374 1960 6759 74 1959 6760 76 1961 6761 1374 1960 6762 76 1961 6763 1375 1962 6764 1375 1962 6765 76 1961 6766 77 1963 6767 1375 1962 6768 77 1963 6769 1376 1964 6770 1376 1964 6771 77 1963 6772 65 1907 6773 1376 1964 6774 65 1907 6775 1344 1906 6776 1340 1902 6777 1373 1956 6778 1339 1901 6779 1339 1901 6780 1373 1956 6781 1374 1960 6782 1339 1901 6783 1374 1960 6784 1338 1900 6785 1338 1900 6786 1374 1960 6787 1375 1962 6788 1338 1900 6789 1375 1962 6790 1337 1899 6791 1337 1899 6792 1375 1962 6793 1376 1964 6794 1337 1899 6795 1376 1964 6796 1336 1898 6797 1336 1898 6798 1376 1964 6799 1344 1906 6800 1336 1898 6801 1344 1906 6802 848 1072 6803 1377 1965 6804 418 1966 6805 419 1967 6806 1378 1968 6807 1377 1965 6808 1379 1969 6809 1377 1965 6810 419 1967 6811 1379 1969 6812 1379 1969 6813 419 1967 6814 420 1970 6815 1379 1969 6816 420 1970 6817 1380 1971 6818 1380 1971 6819 420 1970 6820 398 1917 6821 1380 1971 6822 398 1917 6823 1349 1916 6824 1378 1968 6825 1379 1969 6826 1381 1972 6827 1381 1972 6828 1379 1969 6829 1380 1971 6830 1381 1972 6831 1380 1971 6832 1382 1973 6833 1382 1973 6834 1380 1971 6835 1349 1916 6836 1382 1973 6837 1349 1916 6838 1351 1920 6839 1356 1929 6840 38 1928 6841 87 1974 6842 1352 1921 6843 836 1043 6844 1356 1929 6845 1356 1929 6846 87 1974 6847 1352 1921 6848 1352 1921 6849 87 1974 6850 89 1975 6851 1352 1921 6852 89 1975 6853 1351 1920 6854 1362 1942 6855 1363 1943 6856 1383 1976 6857 1362 1942 6858 1383 1976 6859 1384 1977 6860 1384 1977 6861 1383 1976 6862 1385 1978 6863 1384 1977 6864 1385 1978 6865 1386 1979 6866 1378 1968 6867 1386 1979 6868 1377 1965 6869 1377 1965 6870 1386 1979 6871 1385 1978 6872 1377 1965 6873 1385 1978 6874 418 1966 6875 418 1966 6876 1385 1978 6877 426 1980 6878 426 1980 6879 1385 1978 6880 1383 1976 6881 426 1980 6882 1383 1976 6883 425 1981 6884 425 1981 6885 1383 1976 6886 1363 1943 6887 425 1981 6888 1363 1943 6889 403 1944 6890 1387 1982 6891 119 1983 6892 118 1984 6893 1364 1945 6894 1362 1942 6895 1388 1985 6896 1388 1985 6897 1362 1942 6898 1387 1982 6899 1364 1945 6900 1388 1985 6901 1369 1950 6902 1369 1950 6903 1388 1985 6904 1389 1986 6905 1369 1950 6906 1389 1986 6907 1368 1949 6908 1387 1982 6909 118 1984 6910 1388 1985 6911 1388 1985 6912 118 1984 6913 116 1987 6914 1388 1985 6915 116 1987 6916 1389 1986 6917 1389 1986 6918 116 1987 6919 114 1988 6920 1389 1986 6921 114 1988 6922 1390 1989 6923 1390 1989 6924 114 1988 6925 113 1990 6926 1390 1989 6927 113 1990 6928 1391 1991 6929 1391 1991 6930 113 1990 6931 92 1952 6932 1391 1991 6933 92 1952 6934 1370 1951 6935 1368 1949 6936 1389 1986 6937 1367 1948 6938 1367 1948 6939 1389 1986 6940 1390 1989 6941 1367 1948 6942 1390 1989 6943 1366 1947 6944 1366 1947 6945 1390 1989 6946 1391 1991 6947 1366 1947 6948 1391 1991 6949 1365 1946 6950 1365 1946 6951 1391 1991 6952 1370 1951 6953 1365 1946 6954 1370 1951 6955 1343 1905 6956 1351 1920 6957 89 1975 6958 110 1992 6959 1351 1920 6960 110 1992 6961 1382 1973 6962 1382 1973 6963 110 1992 6964 57 1993 6965 1382 1973 6966 57 1993 6967 1381 1972 6968 1381 1972 6969 57 1993 6970 55 1994 6971 1381 1972 6972 55 1994 6973 1378 1968 6974 1387 1982 6975 1362 1942 6976 1384 1977 6977 1378 1968 6978 55 1994 6979 53 1995 6980 1378 1968 6981 53 1995 6982 1386 1979 6983 1386 1979 6984 53 1995 6985 63 1996 6986 1386 1979 6987 63 1996 6988 1384 1977 6989 1384 1977 6990 63 1996 6991 119 1983 6992 1384 1977 6993 119 1983 6994 1387 1982 6995 1392 1997 6996 1393 1998 6997 1394 1999 6998 1394 1999 6999 1393 1998 7000 1395 2000 7001 1394 1999 7002 1395 2000 7003 1396 2001 7004 1397 2002 7005 1398 2003 7006 1394 1999 7007 1394 1999 7008 1398 2003 7009 1399 2004 7010 1394 1999 7011 1399 2004 7012 1392 1997 7013 1400 2005 7014 1401 2006 7015 1394 1999 7016 1394 1999 7017 1401 2006 7018 1402 2007 7019 1394 1999 7020 1402 2007 7021 1397 2002 7022 1396 2001 7023 1403 2008 7024 1394 1999 7025 1394 1999 7026 1403 2008 7027 1404 2009 7028 1394 1999 7029 1404 2009 7030 1400 2005 7031 1405 2010 7032 1395 2011 7033 1406 2012 7034 1406 2012 7035 1395 2011 7036 1393 2013 7037 1406 2012 7038 1393 2013 7039 1407 2014 7040 1407 2014 7041 1393 2013 7042 1392 2015 7043 1407 2016 7044 1392 2017 7045 1408 2018 7046 1408 2018 7047 1392 2017 7048 1399 2019 7049 1408 2018 7050 1399 2019 7051 1409 2020 7052 1409 2020 7053 1399 2019 7054 1398 2021 7055 1409 2022 7056 1398 2023 7057 1410 2024 7058 1410 2024 7059 1398 2023 7060 1397 2025 7061 1410 2024 7062 1397 2025 7063 1411 2026 7064 1411 2026 7065 1397 2025 7066 1402 2027 7067 1411 2026 7068 1402 2027 7069 1412 2028 7070 1412 2028 7071 1402 2027 7072 1401 2029 7073 1412 2028 7074 1401 2029 7075 1413 2030 7076 1413 2030 7077 1401 2029 7078 1400 2031 7079 1413 2032 7080 1400 2033 7081 1414 2034 7082 1414 2034 7083 1400 2033 7084 1404 2035 7085 1414 2034 7086 1404 2035 7087 1415 2036 7088 1415 2036 7089 1404 2035 7090 1403 2037 7091 1415 2036 7092 1403 2037 7093 1416 2038 7094 1416 2038 7095 1403 2037 7096 1396 2039 7097 1416 2038 7098 1396 2039 7099 1405 2040 7100 1405 2040 7101 1396 2039 7102 1395 2041 7103 1417 2042 7104 1418 2043 7105 1419 2044 7106 1419 2044 7107 1418 2043 7108 1420 2045 7109 1419 2044 7110 1420 2045 7111 1421 2046 7112 1422 2047 7113 1423 2048 7114 1419 2044 7115 1419 2044 7116 1423 2048 7117 1424 2049 7118 1419 2044 7119 1424 2049 7120 1417 2042 7121 1425 2050 7122 1426 2051 7123 1419 2044 7124 1419 2044 7125 1426 2051 7126 1427 2052 7127 1419 2044 7128 1427 2052 7129 1422 2047 7130 1421 2046 7131 1428 2053 7132 1419 2044 7133 1419 2044 7134 1428 2053 7135 1429 2054 7136 1419 2044 7137 1429 2054 7138 1425 2050 7139 1430 2055 7140 1420 2056 7141 1431 2057 7142 1431 2057 7143 1420 2056 7144 1418 2058 7145 1431 2057 7146 1418 2058 7147 1432 2059 7148 1432 2059 7149 1418 2058 7150 1417 2060 7151 1432 2061 7152 1417 2062 7153 1433 2063 7154 1433 2063 7155 1417 2062 7156 1424 2064 7157 1433 2063 7158 1424 2064 7159 1434 2065 7160 1434 2065 7161 1424 2064 7162 1423 2066 7163 1434 2065 7164 1423 2066 7165 1435 2067 7166 1435 2067 7167 1423 2066 7168 1422 2068 7169 1435 2067 7170 1422 2068 7171 1436 2069 7172 1436 2069 7173 1422 2068 7174 1427 2070 7175 1436 2071 7176 1427 2072 7177 1437 2073 7178 1437 2073 7179 1427 2072 7180 1426 2074 7181 1437 2073 7182 1426 2074 7183 1438 2075 7184 1438 2075 7185 1426 2074 7186 1425 2076 7187 1438 2077 7188 1425 2078 7189 1439 2079 7190 1439 2079 7191 1425 2078 7192 1429 2080 7193 1439 2079 7194 1429 2080 7195 1440 2081 7196 1440 2081 7197 1429 2080 7198 1428 2082 7199 1440 2083 7200 1428 2084 7201 1441 2085 7202 1441 2085 7203 1428 2084 7204 1421 2086 7205 1441 2085 7206 1421 2086 7207 1430 2087 7208 1430 2087 7209 1421 2086 7210 1420 2088 7211 1442 2089 7212 1121 2090 7213 1443 2091 7214 1443 2091 7215 1121 2090 7216 1120 2092 7217 1444 2093 7218 1091 2094 7219 1445 2095 7220 1445 2095 7221 1091 2094 7222 1129 2096 7223 1446 2097 7224 1097 2098 7225 1096 2099 7226 1446 2097 7227 1096 2099 7228 1447 2100 7229 1447 2100 7230 1096 2099 7231 1108 2101 7232 1447 2100 7233 1108 2101 7234 1448 2102 7235 1448 2102 7236 1108 2101 7237 1110 2103 7238 1448 2102 7239 1110 2103 7240 1449 2104 7241 1449 2104 7242 1110 2103 7243 1112 2105 7244 1449 2104 7245 1112 2105 7246 1450 2106 7247 1450 2106 7248 1112 2105 7249 1118 2107 7250 1450 2106 7251 1118 2107 7252 1451 2108 7253 1451 2108 7254 1118 2107 7255 1124 2109 7256 1451 2108 7257 1124 2109 7258 1452 2110 7259 1452 2110 7260 1124 2109 7261 1104 2111 7262 1452 2110 7263 1104 2111 7264 1453 2112 7265 1453 2112 7266 1104 2111 7267 1102 2113 7268 1453 2112 7269 1102 2113 7270 1454 2114 7271 1454 2114 7272 1102 2113 7273 1099 2115 7274 1454 2114 7275 1099 2115 7276 1455 2116 7277 1455 2116 7278 1099 2115 7279 1098 2117 7280 1455 2116 7281 1098 2117 7282 1456 2118 7283 1456 2118 7284 1098 2117 7285 1093 2119 7286 1456 2118 7287 1093 2119 7288 1457 2120 7289 1458 2121 7290 1459 2122 7291 1460 2123 7292 1460 2123 7293 1459 2122 7294 1461 2124 7295 1460 2123 7296 1461 2124 7297 1462 2125 7298 1462 2125 7299 1461 2124 7300 1463 2126 7301 1462 2125 7302 1463 2126 7303 1464 2127 7304 1464 2127 7305 1463 2126 7306 1465 2128 7307 1464 2127 7308 1465 2128 7309 1466 2129 7310 1465 2128 7311 1467 2130 7312 1466 2129 7313 1466 2129 7314 1467 2130 7315 1468 2131 7316 1466 2129 7317 1468 2131 7318 1469 2132 7319 1469 2132 7320 1468 2131 7321 1470 2133 7322 1469 2132 7323 1470 2133 7324 1471 2134 7325 1471 2134 7326 1470 2133 7327 1472 2135 7328 1471 2134 7329 1472 2135 7330 1473 2136 7331 1473 2136 7332 1472 2135 7333 1474 2137 7334 1473 2136 7335 1474 2137 7336 1475 2138 7337 1475 2138 7338 1474 2137 7339 1476 2139 7340 1475 2138 7341 1476 2139 7342 1477 2140 7343 1477 2140 7344 1476 2139 7345 1478 2141 7346 1477 2140 7347 1478 2141 7348 1479 2142 7349 1480 2143 7350 1481 2144 7351 1482 2145 7352 1482 2145 7353 1481 2144 7354 1483 2146 7355 1482 2145 7356 1483 2146 7357 1484 2147 7358 1484 2147 7359 1483 2146 7360 1485 2148 7361 1484 2147 7362 1485 2148 7363 1486 2149 7364 1487 2150 7365 1480 2143 7366 1488 2151 7367 1488 2151 7368 1480 2143 7369 1489 2152 7370 1488 2151 7371 1489 2152 7372 1490 2153 7373 1487 2150 7374 1491 2154 7375 1480 2143 7376 1480 2143 7377 1491 2154 7378 1492 2155 7379 1480 2143 7380 1492 2155 7381 1493 2156 7382 1493 2156 7383 1492 2155 7384 1494 2157 7385 1493 2156 7386 1494 2157 7387 1458 2121 7388 1458 2121 7389 1494 2157 7390 1495 2158 7391 1458 2121 7392 1495 2158 7393 1459 2122 7394 1478 2141 7395 1496 2159 7396 1479 2142 7397 1479 2142 7398 1496 2159 7399 1497 2160 7400 1479 2142 7401 1497 2160 7402 1493 2156 7403 1493 2156 7404 1497 2160 7405 1498 2161 7406 1493 2156 7407 1498 2161 7408 1480 2143 7409 1480 2143 7410 1498 2161 7411 1499 2162 7412 1480 2143 7413 1499 2162 7414 1481 2144 7415 1500 2163 7416 1501 2164 7417 1502 2165 7418 1502 2165 7419 1501 2164 7420 1503 2166 7421 1502 2165 7422 1503 2166 7423 1504 2167 7424 1504 2167 7425 1503 2166 7426 1505 2168 7427 1504 2167 7428 1505 2168 7429 1506 2169 7430 1506 2169 7431 1505 2168 7432 1507 2170 7433 1506 2171 7434 1507 2172 7435 1508 2173 7436 1508 2173 7437 1507 2172 7438 1509 2174 7439 1508 2173 7440 1509 2174 7441 1510 2175 7442 1510 2175 7443 1509 2174 7444 1511 2176 7445 1510 2177 7446 1511 2178 7447 1512 2179 7448 1512 2179 7449 1511 2178 7450 1513 2180 7451 1512 2179 7452 1513 2180 7453 1514 2181 7454 1514 2181 7455 1513 2180 7456 1515 2182 7457 1514 2183 7458 1515 2184 7459 1516 2185 7460 1516 2185 7461 1515 2184 7462 1517 2186 7463 1516 2187 7464 1517 2188 7465 1518 2189 7466 1518 2189 7467 1517 2188 7468 1519 2190 7469 1518 2191 7470 1519 2192 7471 1520 2193 7472 1520 2193 7473 1519 2192 7474 1521 2194 7475 1520 2193 7476 1521 2194 7477 1522 2195 7478 1522 2195 7479 1521 2194 7480 1523 2196 7481 1522 2197 7482 1523 2198 7483 1500 2163 7484 1500 2163 7485 1523 2198 7486 1501 2164 7487 1524 2199 7488 1525 2200 7489 1526 2201 7490 1526 2201 7491 1525 2200 7492 1527 2202 7493 1528 2203 7494 1529 2204 7495 1530 2205 7496 1530 2205 7497 1529 2204 7498 1531 2206 7499 1530 2205 7500 1531 2206 7501 1527 2202 7502 1527 2202 7503 1531 2206 7504 1532 2207 7505 1527 2202 7506 1532 2207 7507 1526 2201 7508 1533 2208 7509 1534 2209 7510 1530 2205 7511 1530 2205 7512 1534 2209 7513 1535 2210 7514 1530 2205 7515 1535 2210 7516 1528 2203 7517 1536 2211 7518 1537 2212 7519 1538 2213 7520 1538 2213 7521 1537 2212 7522 1539 2214 7523 1538 2213 7524 1539 2214 7525 1530 2205 7526 1530 2205 7527 1539 2214 7528 1533 2208 7529 1540 2215 7530 1536 2211 7531 1541 2216 7532 1541 2216 7533 1536 2211 7534 1542 2217 7535 1540 2215 7536 1543 2218 7537 1536 2211 7538 1536 2211 7539 1543 2218 7540 1544 2219 7541 1536 2211 7542 1544 2219 7543 1537 2212 7544 1545 2220 7545 1546 2221 7546 1542 2217 7547 1542 2217 7548 1546 2221 7549 1547 2222 7550 1542 2217 7551 1547 2222 7552 1541 2216 7553 1548 2223 7554 1549 2224 7555 1550 2225 7556 1550 2225 7557 1549 2224 7558 1551 2226 7559 1550 2225 7560 1551 2226 7561 1545 2220 7562 1545 2220 7563 1551 2226 7564 1552 2227 7565 1545 2220 7566 1552 2227 7567 1546 2221 7568 1553 2228 7569 1554 2229 7570 1550 2225 7571 1550 2225 7572 1554 2229 7573 1555 2230 7574 1550 2225 7575 1555 2230 7576 1548 2223 7577 1556 2231 7578 1557 2232 7579 1558 2233 7580 1556 2231 7581 1558 2233 7582 1553 2228 7583 1553 2228 7584 1558 2233 7585 1559 2234 7586 1553 2228 7587 1559 2234 7588 1554 2229 7589 1560 2235 7590 1561 2236 7591 1562 2237 7592 1562 2237 7593 1561 2236 7594 1563 2238 7595 1562 2237 7596 1563 2238 7597 1556 2231 7598 1556 2231 7599 1563 2238 7600 1564 2239 7601 1556 2231 7602 1564 2239 7603 1557 2232 7604 1560 2235 7605 1562 2237 7606 1565 2240 7607 1565 2240 7608 1562 2237 7609 1566 2241 7610 1565 2240 7611 1566 2241 7612 1567 2242 7613 1524 2199 7614 1568 2243 7615 1525 2200 7616 1525 2200 7617 1568 2243 7618 1569 2244 7619 1525 2200 7620 1569 2244 7621 1566 2241 7622 1566 2241 7623 1569 2244 7624 1570 2245 7625 1566 2241 7626 1570 2245 7627 1567 2242 7628 1514 2246 7629 1550 2247 7630 1512 2248 7631 1512 2248 7632 1550 2247 7633 1545 2249 7634 1512 2248 7635 1545 2249 7636 1510 2250 7637 1510 2250 7638 1545 2249 7639 1542 2251 7640 1510 2250 7641 1542 2251 7642 1508 2252 7643 1508 2252 7644 1542 2251 7645 1536 2253 7646 1508 2252 7647 1536 2253 7648 1506 2254 7649 1506 2254 7650 1536 2253 7651 1538 2255 7652 1506 2254 7653 1538 2255 7654 1504 2256 7655 1504 2256 7656 1538 2255 7657 1530 2257 7658 1504 2256 7659 1530 2257 7660 1502 2258 7661 1502 2258 7662 1530 2257 7663 1527 2259 7664 1502 2258 7665 1527 2259 7666 1500 2260 7667 1500 2260 7668 1527 2259 7669 1525 2261 7670 1500 2260 7671 1525 2261 7672 1522 2262 7673 1522 2262 7674 1525 2261 7675 1566 2263 7676 1522 2262 7677 1566 2263 7678 1520 2264 7679 1520 2264 7680 1566 2263 7681 1562 2265 7682 1520 2264 7683 1562 2265 7684 1518 2266 7685 1518 2266 7686 1562 2265 7687 1556 2267 7688 1518 2266 7689 1556 2267 7690 1516 2268 7691 1516 2268 7692 1556 2267 7693 1553 2269 7694 1516 2268 7695 1553 2269 7696 1514 2246 7697 1514 2246 7698 1553 2269 7699 1550 2247 7700 1571 2270 7701 1572 2271 7702 1484 2272 7703 1484 2272 7704 1572 2271 7705 1482 2273 7706 1572 2271 7707 1573 2274 7708 1482 2273 7709 1482 2273 7710 1573 2274 7711 1574 2275 7712 1482 2273 7713 1574 2275 7714 1480 2276 7715 1575 2277 7716 1489 2278 7717 1576 2279 7718 1576 2279 7719 1489 2278 7720 1480 2276 7721 1576 2279 7722 1480 2276 7723 1577 2280 7724 1577 2280 7725 1480 2276 7726 1574 2275 7727 1054 1418 7728 1053 1417 7729 1578 2281 7730 1054 1418 7731 1578 2281 7732 1090 2282 7733 1090 2282 7734 1578 2281 7735 5 5 7736 1090 2282 7737 5 5 7738 4 4 7739 1579 2283 7740 1580 2284 7741 1581 2285 7742 3 3 7743 1 1 7744 7 7 7745 7 7 7746 1 1 7747 1579 2283 7748 7 7 7749 1579 2283 7750 1582 2286 7751 1582 2286 7752 1579 2283 7753 1581 2285 7754 1571 2270 7755 1484 2272 7756 1579 2283 7757 1579 2283 7758 1484 2272 7759 1486 2287 7760 1579 2283 7761 1486 2287 7762 1580 2284 7763 1489 2278 7764 1575 2277 7765 1490 2288 7766 1490 2288 7767 1575 2277 7768 1583 2289 7769 17 17 7770 18 18 7771 1583 2289 7772 1583 2289 7773 18 18 7774 20 20 7775 1583 2289 7776 20 20 7777 1584 2290 7778 1584 2290 7779 1585 2291 7780 1583 2289 7781 1583 2289 7782 1585 2291 7783 1586 2292 7784 1583 2289 7785 1586 2292 7786 1587 2293 7787 1587 2293 7788 1588 2294 7789 1583 2289 7790 1583 2289 7791 1588 2294 7792 1589 2295 7793 1583 2289 7794 1589 2295 7795 1490 2288 7796 1457 2120 7797 1093 2119 7798 1590 2296 7799 1590 2296 7800 1093 2119 7801 1092 2297 7802 1590 2296 7803 1092 2297 7804 1444 2093 7805 1444 2093 7806 1092 2297 7807 1091 2094 7808 1443 2091 7809 1120 2092 7810 1591 2298 7811 1591 2298 7812 1120 2092 7813 1119 2299 7814 1591 2298 7815 1119 2299 7816 1446 2097 7817 1446 2097 7818 1119 2299 7819 1097 2098 7820 12 12 7821 11 11 7822 1592 2300 7823 1592 2300 7824 11 11 7825 1131 2301 7826 1592 2300 7827 1131 2301 7828 1593 2302 7829 1593 2302 7830 1131 2301 7831 1594 2303 7832 1594 2303 7833 1131 2301 7834 1130 2304 7835 1594 2303 7836 1130 2304 7837 1595 2305 7838 1595 2305 7839 1130 2304 7840 1596 2306 7841 1596 2306 7842 1130 2304 7843 1121 2090 7844 1596 2306 7845 1121 2090 7846 1442 2089 7847 10 10 7848 1597 2307 7849 6 6 7850 6 6 7851 1597 2307 7852 1122 2308 7853 1597 2307 7854 1598 2309 7855 1122 2308 7856 1122 2308 7857 1598 2309 7858 1599 2310 7859 1122 2308 7860 1599 2310 7861 1123 2311 7862 1445 2095 7863 1129 2096 7864 1600 2312 7865 1600 2312 7866 1129 2096 7867 1123 2311 7868 1600 2312 7869 1123 2311 7870 1601 2313 7871 1601 2313 7872 1123 2311 7873 1599 2310 7874 1077 1441 7875 1079 1443 7876 1602 2314 7877 1602 2314 7878 1079 1443 7879 1603 2315 7880 1030 2316 7881 1029 2317 7882 1603 2315 7883 1603 2315 7884 1029 2317 7885 1604 2318 7886 1603 2315 7887 1604 2318 7888 1602 2314 7889 1603 2315 7890 1605 2319 7891 1030 2316 7892 1030 2316 7893 1605 2319 7894 991 1340 7895 1030 2316 7896 991 1340 7897 992 1341 7898 1166 1570 7899 1167 1573 7900 1606 2320 7901 1216 1789 7902 1086 1790 7903 1214 2321 7904 1214 2321 7905 1086 1790 7906 1085 2322 7907 1214 2321 7908 1085 2322 7909 1606 2320 7910 1606 2320 7911 1085 2322 7912 1607 2323 7913 1606 2320 7914 1607 2323 7915 1166 1570 7916 1113 1788 7917 1294 1786 7918 1114 2324 7919 1114 2324 7920 1294 1786 7921 1608 2325 7922 1114 2324 7923 1608 2325 7924 1609 2326 7925 1609 2326 7926 1608 2325 7927 936 1210 7928 1609 2326 7929 936 1210 7930 935 1209 7931 987 1336 7932 988 1337 7933 1126 2327 7934 973 1300 7935 972 1299 7936 1610 2328 7937 1610 2328 7938 972 1299 7939 1611 2329 7940 1610 2328 7941 1611 2329 7942 1612 2330 7943 1612 2330 7944 1611 2329 7945 1125 2331 7946 1125 2331 7947 1611 2329 7948 1126 2327 7949 1126 2327 7950 1611 2329 7951 1613 2332 7952 1126 2327 7953 1613 2332 7954 987 1336 7955 986 1335 7956 985 1334 7957 1087 2333 7958 1087 2333 7959 985 1334 7960 1614 2334 7961 1087 2333 7962 1614 2334 7963 1088 2335 7964 1088 2335 7965 1614 2334 7966 1615 2336 7967 1088 2335 7968 1615 2336 7969 1082 1446 7970 1082 1446 7971 1615 2336 7972 1083 1447 7973 120 2337 7974 80 2338 7975 994 2339 7976 994 2339 7977 1296 2340 7978 120 2337 7979 120 2337 7980 1296 2340 7981 1307 2341 7982 120 2337 7983 1307 2341 7984 1308 2342 7985 994 2339 7986 80 2338 7987 996 2343 7988 996 2343 7989 80 2338 7990 67 2344 7991 996 2343 7992 67 2344 7993 998 2345 7994 998 2345 7995 67 2344 7996 66 2346 7997 998 2345 7998 66 2346 7999 1000 2347 8000 1000 2347 8001 66 2346 8002 75 2348 8003 1000 2347 8004 75 2348 8005 1002 2349 8006 1002 2349 8007 75 2348 8008 73 2350 8009 1002 2349 8010 73 2350 8011 1004 2351 8012 1004 2351 8013 73 2350 8014 71 2352 8015 1004 2351 8016 71 2352 8017 1006 2353 8018 1006 2353 8019 71 2352 8020 93 2354 8021 1006 2353 8022 93 2354 8023 1008 2355 8024 1008 2355 8025 93 2354 8026 115 2356 8027 1008 2355 8028 115 2356 8029 1010 2357 8030 1010 2357 8031 115 2356 8032 117 2358 8033 1010 2357 8034 117 2358 8035 1012 2359 8036 1012 2359 8037 117 2358 8038 62 2360 8039 1012 2359 8040 62 2360 8041 1014 2361 8042 1014 2361 8043 62 2360 8044 64 2362 8045 1014 2361 8046 64 2362 8047 1016 2363 8048 1016 2363 8049 64 2362 8050 46 2364 8051 1016 2363 8052 46 2364 8053 1018 2365 8054 1018 2365 8055 46 2364 8056 44 2366 8057 41 2367 8058 0 2368 8059 1020 2369 8060 41 2367 8061 1020 2369 8062 42 2370 8063 42 2370 8064 1020 2369 8065 1018 2365 8066 42 2370 8067 1018 2365 8068 44 2366 8069 68 2371 8070 1 2372 8071 41 2367 8072 41 2367 8073 1 2372 8074 0 2368 8075 27 2373 8076 1571 2374 8077 1579 2375 8078 27 2373 8079 1579 2375 8080 28 2376 8081 28 2376 8082 1579 2375 8083 1 2372 8084 28 2376 8085 1 2372 8086 68 2371 8087 98 2377 8088 97 2378 8089 1575 2379 8090 1575 2379 8091 1576 2380 8092 98 2377 8093 98 2377 8094 1576 2380 8095 1577 2381 8096 98 2377 8097 1577 2381 8098 99 2382 8099 99 2382 8100 1577 2381 8101 1574 2383 8102 99 2382 8103 1574 2383 8104 100 2384 8105 1571 2374 8106 27 2373 8107 1572 2385 8108 1572 2385 8109 27 2373 8110 100 2384 8111 1572 2385 8112 100 2384 8113 1573 2386 8114 1573 2386 8115 100 2384 8116 1574 2383 8117 35 2387 8118 17 2388 8119 1583 2389 8120 35 2387 8121 1583 2389 8122 123 2390 8123 123 2390 8124 1583 2389 8125 1575 2379 8126 123 2390 8127 1575 2379 8128 97 2378 8129 33 2391 8130 14 2392 8131 35 2387 8132 35 2387 8133 14 2392 8134 17 2388 8135 14 2392 8136 33 2391 8137 1151 2393 8138 1151 2393 8139 33 2391 8140 31 2394 8141 58 2395 8142 129 2396 8143 1184 2397 8144 1184 2397 8145 1183 2398 8146 58 2395 8147 58 2395 8148 1183 2398 8149 1188 2399 8150 58 2395 8151 1188 2399 8152 59 2400 8153 1188 2399 8154 1187 2401 8155 59 2400 8156 59 2400 8157 1187 2401 8158 1186 2402 8159 59 2400 8160 1186 2402 8161 83 2403 8162 1186 2402 8163 1192 2404 8164 83 2403 8165 83 2403 8166 1192 2404 8167 1191 2405 8168 83 2403 8169 1191 2405 8170 104 2406 8171 1191 2405 8172 1190 2407 8173 104 2406 8174 104 2406 8175 1190 2407 8176 1189 2408 8177 104 2406 8178 1189 2408 8179 109 2409 8180 1189 2408 8181 1193 2410 8182 109 2409 8183 109 2409 8184 1193 2410 8185 1194 2411 8186 109 2409 8187 1194 2411 8188 107 2412 8189 1194 2411 8190 1195 2413 8191 107 2412 8192 107 2412 8193 1195 2413 8194 1196 2414 8195 107 2412 8196 1196 2414 8197 105 2415 8198 1196 2414 8199 1197 2416 8200 105 2415 8201 105 2415 8202 1197 2416 8203 1198 2417 8204 105 2415 8205 1198 2417 8206 31 2394 8207 31 2394 8208 1198 2417 8209 1199 2418 8210 31 2394 8211 1199 2418 8212 1151 2393 8213 124 2419 8214 1267 2420 8215 1275 2421 8216 124 2419 8217 1275 2421 8218 125 2422 8219 125 2422 8220 1275 2421 8221 1273 2423 8222 125 2422 8223 1273 2423 8224 126 2424 8225 126 2424 8226 1273 2423 8227 1271 2425 8228 126 2424 8229 1271 2425 8230 135 2426 8231 135 2426 8232 1271 2425 8233 1184 2397 8234 135 2426 8235 1184 2397 8236 129 2396 8237 127 2427 8238 1253 2428 8239 1269 2429 8240 127 2427 8241 1269 2429 8242 128 2430 8243 128 2430 8244 1269 2429 8245 1268 2431 8246 128 2430 8247 1268 2431 8248 134 2432 8249 134 2432 8250 1268 2431 8251 1267 2420 8252 134 2432 8253 1267 2420 8254 124 2419 8255 82 2433 8256 1251 2434 8257 1252 2435 8258 82 2433 8259 1252 2435 8260 60 2436 8261 60 2436 8262 1252 2435 8263 1253 2428 8264 60 2436 8265 1253 2428 8266 127 2427 8267 84 2437 8268 101 2438 8269 1150 2439 8270 1251 2434 8271 82 2433 8272 1254 2440 8273 1254 2440 8274 82 2433 8275 84 2437 8276 1254 2440 8277 84 2437 8278 1250 2441 8279 1250 2441 8280 84 2437 8281 1150 2439 8282 1584 2442 8283 20 2443 8284 19 2444 8285 1584 2442 8286 19 2444 8287 1585 2445 8288 1585 2445 8289 19 2444 8290 1586 2446 8291 1586 2446 8292 19 2444 8293 23 2447 8294 1586 2446 8295 23 2447 8296 1587 2448 8297 1587 2448 8298 23 2447 8299 22 2449 8300 1587 2448 8301 22 2449 8302 1588 2450 8303 1588 2450 8304 22 2449 8305 21 2451 8306 1588 2450 8307 21 2451 8308 1589 2452 8309 1589 2452 8310 21 2451 8311 13 2453 8312 1589 2452 8313 13 2453 8314 1490 2454 8315 1490 2454 8316 13 2453 8317 12 2455 8318 1490 2454 8319 12 2455 8320 1488 2456 8321 1488 2456 8322 12 2455 8323 1592 2457 8324 1488 2456 8325 1592 2457 8326 1487 2458 8327 1592 2457 8328 1593 2459 8329 1487 2458 8330 1487 2458 8331 1593 2459 8332 1594 2460 8333 1487 2458 8334 1594 2460 8335 1491 2461 8336 1442 2462 8337 1492 2463 8338 1596 2464 8339 1596 2464 8340 1492 2463 8341 1491 2461 8342 1596 2464 8343 1491 2461 8344 1595 2465 8345 1595 2465 8346 1491 2461 8347 1594 2460 8348 1443 2466 8349 1494 2467 8350 1442 2462 8351 1442 2462 8352 1494 2467 8353 1492 2463 8354 1446 2468 8355 1459 2469 8356 1591 2470 8357 1591 2470 8358 1459 2469 8359 1495 2471 8360 1591 2470 8361 1495 2471 8362 1443 2466 8363 1443 2466 8364 1495 2471 8365 1494 2467 8366 8 2472 8367 7 2473 8368 1582 2474 8369 8 2472 8370 1582 2474 8371 9 2475 8372 1481 2476 8373 1499 2477 8374 1445 2478 8375 1445 2478 8376 1600 2479 8377 1481 2476 8378 1481 2476 8379 1600 2479 8380 1601 2480 8381 1481 2476 8382 1601 2480 8383 1483 2481 8384 1582 2474 8385 1581 2482 8386 9 2475 8387 9 2475 8388 1581 2482 8389 1580 2483 8390 9 2475 8391 1580 2483 8392 10 2484 8393 10 2484 8394 1580 2483 8395 1486 2485 8396 10 2484 8397 1486 2485 8398 1597 2486 8399 1597 2486 8400 1486 2485 8401 1485 2487 8402 1597 2486 8403 1485 2487 8404 1598 2488 8405 1598 2488 8406 1485 2487 8407 1483 2481 8408 1598 2488 8409 1483 2481 8410 1599 2489 8411 1599 2489 8412 1483 2481 8413 1601 2480 8414 1459 2469 8415 1446 2468 8416 1447 2490 8417 1459 2469 8418 1447 2490 8419 1461 2491 8420 1461 2491 8421 1447 2490 8422 1448 2492 8423 1461 2491 8424 1448 2492 8425 1463 2493 8426 1463 2493 8427 1448 2492 8428 1449 2494 8429 1463 2493 8430 1449 2494 8431 1465 2495 8432 1465 2495 8433 1449 2494 8434 1450 2496 8435 1465 2495 8436 1450 2496 8437 1467 2497 8438 1467 2497 8439 1450 2496 8440 1451 2498 8441 1467 2497 8442 1451 2498 8443 1468 2499 8444 1468 2499 8445 1451 2498 8446 1452 2500 8447 1468 2499 8448 1452 2500 8449 1470 2501 8450 1470 2501 8451 1452 2500 8452 1453 2502 8453 1470 2501 8454 1453 2502 8455 1472 2503 8456 1472 2503 8457 1453 2502 8458 1454 2504 8459 1472 2503 8460 1454 2504 8461 1474 2505 8462 1474 2505 8463 1454 2504 8464 1455 2506 8465 1474 2505 8466 1455 2506 8467 1476 2507 8468 1476 2507 8469 1455 2506 8470 1456 2508 8471 1476 2507 8472 1456 2508 8473 1478 2509 8474 1478 2509 8475 1456 2508 8476 1457 2510 8477 1478 2509 8478 1457 2510 8479 1496 2511 8480 1498 2512 8481 1444 2513 8482 1499 2477 8483 1499 2477 8484 1444 2513 8485 1445 2478 8486 1444 2513 8487 1498 2512 8488 1590 2514 8489 1590 2514 8490 1498 2512 8491 1497 2515 8492 1590 2514 8493 1497 2515 8494 1457 2510 8495 1457 2510 8496 1497 2515 8497 1496 2511 8498 1606 2516 8499 1167 2517 8500 1214 2518 8501 1214 2518 8502 1167 2517 8503 1168 2519 8504 1214 2518 8505 1168 2519 8506 1236 2520 8507 1222 2521 8508 1224 2522 8509 1274 2523 8510 1274 2523 8511 1224 2522 8512 1181 2524 8513 1274 2523 8514 1181 2524 8515 1272 2525 8516 1272 2525 8517 1181 2524 8518 1182 2526 8519 1272 2525 8520 1182 2526 8521 1270 2527 8522 1270 2527 8523 1182 2526 8524 1185 2528 8525 1168 2519 8526 1169 2529 8527 1236 2520 8528 1236 2520 8529 1169 2529 8530 1170 2530 8531 1236 2520 8532 1170 2530 8533 1234 2531 8534 1174 2532 8535 1230 2533 8536 1232 2534 8537 1170 2530 8538 1171 2535 8539 1234 2531 8540 1234 2531 8541 1171 2535 8542 1172 2536 8543 1234 2531 8544 1172 2536 8545 1232 2534 8546 1232 2534 8547 1172 2536 8548 1173 2537 8549 1232 2534 8550 1173 2537 8551 1174 2532 8552 1174 2532 8553 1175 2538 8554 1230 2533 8555 1230 2533 8556 1175 2538 8557 1176 2539 8558 1230 2533 8559 1176 2539 8560 1228 2540 8561 1228 2540 8562 1176 2539 8563 1177 2541 8564 1228 2540 8565 1177 2541 8566 1226 2542 8567 1177 2541 8568 1178 2543 8569 1226 2542 8570 1226 2542 8571 1178 2543 8572 1179 2544 8573 1226 2542 8574 1179 2544 8575 1224 2522 8576 1224 2522 8577 1179 2544 8578 1180 2545 8579 1224 2522 8580 1180 2545 8581 1181 2524 8582 1326 2546 8583 1327 2547 8584 1311 2548 8585 1312 2549 8586 152 2550 8587 1311 2548 8588 1311 2548 8589 152 2550 8590 139 2551 8591 1311 2548 8592 139 2551 8593 1326 2546 8594 152 2550 8595 1312 2549 8596 1315 2552 8597 152 2550 8598 1315 2552 8599 177 2553 8600 177 2553 8601 1315 2552 8602 1314 2554 8603 177 2553 8604 1314 2554 8605 175 2555 8606 175 2555 8607 1314 2554 8608 1313 2556 8609 175 2555 8610 1313 2556 8611 176 2557 8612 176 2557 8613 1313 2556 8614 989 2558 8615 176 2557 8616 989 2558 8617 178 2559 8618 991 2560 8619 181 2561 8620 989 2558 8621 989 2558 8622 181 2561 8623 178 2559 8624 181 2561 8625 991 2560 8626 1605 2562 8627 181 2561 8628 1605 2562 8629 179 2563 8630 179 2563 8631 1605 2562 8632 1603 2564 8633 179 2563 8634 1603 2564 8635 180 2565 8636 180 2565 8637 1603 2564 8638 1079 2566 8639 180 2565 8640 1079 2566 8641 153 2567 8642 1083 2568 8643 140 2569 8644 1081 2570 8645 1081 2570 8646 140 2569 8647 154 2571 8648 1081 2570 8649 154 2571 8650 1080 2572 8651 1080 2572 8652 154 2571 8653 153 2567 8654 1080 2572 8655 153 2567 8656 1079 2566 8657 985 2573 8658 148 2574 8659 1614 2575 8660 1614 2575 8661 148 2574 8662 145 2576 8663 1614 2575 8664 145 2576 8665 1615 2577 8666 1615 2577 8667 145 2576 8668 142 2578 8669 1615 2577 8670 142 2578 8671 1083 2568 8672 1083 2568 8673 142 2578 8674 140 2569 8675 987 2579 8676 149 2580 8677 985 2573 8678 985 2573 8679 149 2580 8680 148 2574 8681 149 2580 8682 987 2579 8683 1613 2581 8684 149 2580 8685 1613 2581 8686 151 2582 8687 151 2582 8688 1613 2581 8689 1611 2583 8690 151 2582 8691 1611 2583 8692 158 2584 8693 158 2584 8694 1611 2583 8695 972 2585 8696 158 2584 8697 972 2585 8698 159 2586 8699 161 2587 8700 159 2586 8701 972 2585 8702 972 2585 8703 971 2588 8704 161 2587 8705 161 2587 8706 971 2588 8707 974 2589 8708 161 2587 8709 974 2589 8710 163 2590 8711 163 2590 8712 974 2589 8713 975 2591 8714 163 2590 8715 975 2591 8716 165 2592 8717 975 2591 8718 976 2593 8719 165 2592 8720 165 2592 8721 976 2593 8722 977 2594 8723 165 2592 8724 977 2594 8725 156 2595 8726 977 2594 8727 978 2596 8728 156 2595 8729 156 2595 8730 978 2596 8731 979 2597 8732 156 2595 8733 979 2597 8734 157 2598 8735 979 2597 8736 980 2599 8737 157 2598 8738 157 2598 8739 980 2599 8740 981 2600 8741 157 2598 8742 981 2600 8743 136 2601 8744 981 2600 8745 982 2602 8746 136 2601 8747 136 2601 8748 982 2602 8749 983 2603 8750 136 2601 8751 983 2603 8752 137 2604 8753 936 2605 8754 212 2606 8755 937 2607 8756 937 2607 8757 212 2606 8758 137 2604 8759 937 2607 8760 137 2604 8761 984 2608 8762 984 2608 8763 137 2604 8764 983 2603 8765 212 2606 8766 936 2605 8767 1608 2609 8768 212 2606 8769 1608 2609 8770 211 2610 8771 211 2610 8772 1608 2609 8773 1294 2611 8774 211 2610 8775 1294 2611 8776 173 2612 8777 1293 2613 8778 171 2614 8779 1294 2611 8780 1294 2611 8781 171 2614 8782 173 2612 8783 171 2614 8784 1293 2613 8785 1295 2615 8786 171 2614 8787 1295 2615 8788 201 2616 8789 201 2616 8790 1295 2615 8791 1276 2617 8792 201 2616 8793 1276 2617 8794 199 2618 8795 197 2619 8796 199 2618 8797 1276 2617 8798 1276 2617 8799 1277 2620 8800 197 2619 8801 197 2619 8802 1277 2620 8803 1278 2621 8804 197 2619 8805 1278 2621 8806 195 2622 8807 1278 2621 8808 1279 2623 8809 195 2622 8810 195 2622 8811 1279 2623 8812 1280 2624 8813 195 2622 8814 1280 2624 8815 182 2625 8816 1280 2624 8817 1281 2626 8818 182 2625 8819 182 2625 8820 1281 2626 8821 1282 2627 8822 182 2625 8823 1282 2627 8824 183 2628 8825 1282 2627 8826 1283 2629 8827 183 2628 8828 183 2628 8829 1283 2629 8830 1284 2630 8831 183 2628 8832 1284 2630 8833 206 2631 8834 206 2631 8835 1284 2630 8836 1285 2632 8837 206 2631 8838 1285 2632 8839 186 2633 8840 1285 2632 8841 1286 2634 8842 186 2633 8843 186 2633 8844 1286 2634 8845 1287 2635 8846 186 2633 8847 1287 2635 8848 188 2636 8849 1290 2637 8850 213 2638 8851 1289 2639 8852 1289 2639 8853 213 2638 8854 188 2636 8855 1289 2639 8856 188 2636 8857 1288 2640 8858 1288 2640 8859 188 2636 8860 1287 2635 8861 1206 2641 8862 191 2642 8863 190 2643 8864 1266 2644 8865 1206 2641 8866 1265 2645 8867 1265 2645 8868 1206 2641 8869 190 2643 8870 1265 2645 8871 190 2643 8872 1264 2646 8873 1264 2646 8874 190 2643 8875 1263 2647 8876 1262 2648 8877 1263 2647 8878 1258 2649 8879 1258 2649 8880 1263 2647 8881 190 2643 8882 1258 2649 8883 190 2643 8884 1255 2650 8885 1255 2650 8886 190 2643 8887 1256 2651 8888 190 2643 8889 217 2652 8890 1256 2651 8891 1256 2651 8892 217 2652 8893 215 2653 8894 1256 2651 8895 215 2653 8896 1292 2654 8897 1292 2654 8898 215 2653 8899 214 2655 8900 1292 2654 8901 214 2655 8902 1291 2656 8903 1291 2656 8904 214 2655 8905 213 2638 8906 1291 2656 8907 213 2638 8908 1290 2637 8909 1609 2657 8910 935 2658 8911 938 2659 8912 970 2660 8913 973 2661 8914 1610 2662 8915 1115 2663 8916 1114 2664 8917 1609 2657 8918 940 2665 8919 1105 2666 8920 1115 2663 8921 1609 2657 8922 938 2659 8923 1115 2663 8924 1115 2663 8925 938 2659 8926 939 2667 8927 1115 2663 8928 939 2667 8929 940 2665 8930 944 2668 8931 1101 2669 8932 1103 2670 8933 940 2665 8934 941 2671 8935 1105 2666 8936 1105 2666 8937 941 2671 8938 942 2672 8939 1105 2666 8940 942 2672 8941 1103 2670 8942 1103 2670 8943 942 2672 8944 945 2673 8945 1103 2670 8946 945 2673 8947 944 2668 8948 946 2674 8949 1128 2675 8950 1100 2676 8951 944 2668 8952 943 2677 8953 1101 2669 8954 1101 2669 8955 943 2677 8956 934 2678 8957 1101 2669 8958 934 2678 8959 1100 2676 8960 1100 2676 8961 934 2678 8962 933 2679 8963 1100 2676 8964 933 2679 8965 946 2674 8966 950 2680 8967 1138 2681 8968 1089 2682 8969 946 2674 8970 947 2683 8971 1128 2675 8972 1128 2675 8973 947 2683 8974 948 2684 8975 1128 2675 8976 948 2684 8977 1089 2682 8978 1089 2682 8979 948 2684 8980 949 2685 8981 1089 2682 8982 949 2685 8983 950 2680 8984 954 2686 8985 1136 2687 8986 1137 2688 8987 950 2680 8988 951 2689 8989 1138 2681 8990 1138 2681 8991 951 2689 8992 952 2690 8993 1138 2681 8994 952 2690 8995 1137 2688 8996 1137 2688 8997 952 2690 8998 953 2691 8999 1137 2688 9000 953 2691 9001 954 2686 9002 958 2692 9003 1134 2693 9004 1135 2694 9005 954 2686 9006 955 2695 9007 1136 2687 9008 1136 2687 9009 955 2695 9010 956 2696 9011 1136 2687 9012 956 2696 9013 1135 2694 9014 1135 2694 9015 956 2696 9016 957 2697 9017 1135 2694 9018 957 2697 9019 958 2692 9020 962 2698 9021 1132 2699 9022 1133 2700 9023 958 2692 9024 959 2701 9025 1134 2693 9026 1134 2693 9027 959 2701 9028 960 2702 9029 1134 2693 9030 960 2702 9031 1133 2700 9032 1133 2700 9033 960 2702 9034 961 2703 9035 1133 2700 9036 961 2703 9037 962 2698 9038 966 2704 9039 1139 2705 9040 1140 2706 9041 962 2698 9042 964 2707 9043 1132 2699 9044 1132 2699 9045 964 2707 9046 963 2708 9047 1132 2699 9048 963 2708 9049 1140 2706 9050 1140 2706 9051 963 2708 9052 965 2709 9053 1140 2706 9054 965 2709 9055 966 2704 9056 966 2704 9057 967 2710 9058 1139 2705 9059 1139 2705 9060 967 2710 9061 968 2711 9062 1139 2705 9063 968 2711 9064 1127 2712 9065 1127 2712 9066 968 2711 9067 969 2713 9068 1127 2712 9069 969 2713 9070 1125 2714 9071 1125 2714 9072 969 2713 9073 970 2660 9074 1125 2714 9075 970 2660 9076 1612 2715 9077 1612 2715 9078 970 2660 9079 1610 2662 9080 1166 2716 9081 1607 2717 9082 1165 2718 9083 1165 2718 9084 1607 2717 9085 1085 2719 9086 1165 2718 9087 1085 2719 9088 1084 2720 9089 16 2721 9090 15 2722 9091 1200 2723 9092 16 2721 9093 1200 2723 9094 1094 2724 9095 1094 2724 9096 1200 2723 9097 1201 2725 9098 1094 2724 9099 1201 2725 9100 1095 2726 9101 1201 2725 9102 1202 2727 9103 1095 2726 9104 1095 2726 9105 1202 2727 9106 1152 2728 9107 1095 2726 9108 1152 2728 9109 1106 2729 9110 1152 2728 9111 1153 2730 9112 1106 2729 9113 1106 2729 9114 1153 2730 9115 1154 2731 9116 1106 2729 9117 1154 2731 9118 1107 2732 9119 1154 2731 9120 1155 2733 9121 1107 2732 9122 1107 2732 9123 1155 2733 9124 1156 2734 9125 1107 2732 9126 1156 2734 9127 1109 2735 9128 1156 2734 9129 1157 2736 9130 1109 2735 9131 1109 2735 9132 1157 2736 9133 1158 2737 9134 1109 2735 9135 1158 2737 9136 1111 2738 9137 1158 2737 9138 1159 2739 9139 1111 2738 9140 1111 2738 9141 1159 2739 9142 1160 2740 9143 1111 2738 9144 1160 2740 9145 1116 2741 9146 1160 2740 9147 1163 2742 9148 1116 2741 9149 1116 2741 9150 1163 2742 9151 1162 2743 9152 1116 2741 9153 1162 2743 9154 1117 2744 9155 1117 2744 9156 1162 2743 9157 1161 2745 9158 1117 2744 9159 1161 2745 9160 1084 2720 9161 1084 2720 9162 1161 2745 9163 1164 2746 9164 1084 2720 9165 1164 2746 9166 1165 2718 9167 2 2747 9168 5 2748 9169 1022 2749 9170 1022 2749 9171 5 2748 9172 1021 2750 9173 1045 2751 9174 1017 2752 9175 5 2748 9176 5 2748 9177 1017 2752 9178 1019 2753 9179 5 2748 9180 1019 2753 9181 1021 2750 9182 1045 2751 9183 5 2748 9184 1578 2754 9185 1045 2751 9186 1578 2754 9187 1049 2755 9188 1049 2755 9189 1578 2754 9190 1053 2756 9191 1049 2755 9192 1053 2756 9193 1048 2757 9194 1078 2758 9195 1077 2759 9196 1602 2760 9197 1602 2760 9198 1604 2761 9199 1078 2758 9200 1078 2758 9201 1604 2761 9202 1029 2762 9203 1078 2758 9204 1029 2762 9205 1031 2763 9206 1048 2757 9207 1053 2756 9208 1047 2764 9209 1047 2764 9210 1053 2756 9211 1051 2765 9212 1047 2764 9213 1051 2765 9214 1046 2766 9215 1046 2766 9216 1051 2765 9217 1057 2767 9218 1046 2766 9219 1057 2767 9220 1041 2768 9221 1057 2767 9222 1056 2769 9223 1041 2768 9224 1041 2768 9225 1056 2769 9226 1060 2770 9227 1041 2768 9228 1060 2770 9229 1042 2771 9230 1060 2770 9231 1059 2772 9232 1042 2771 9233 1042 2771 9234 1059 2772 9235 1063 2773 9236 1042 2771 9237 1063 2773 9238 1043 2774 9239 1063 2773 9240 1062 2775 9241 1043 2774 9242 1043 2774 9243 1062 2775 9244 1066 2776 9245 1043 2774 9246 1066 2776 9247 1044 2777 9248 1066 2776 9249 1065 2778 9250 1044 2777 9251 1044 2777 9252 1065 2778 9253 1069 2779 9254 1044 2777 9255 1069 2779 9256 1039 2780 9257 1069 2779 9258 1068 2781 9259 1039 2780 9260 1039 2780 9261 1068 2781 9262 1072 2782 9263 1039 2780 9264 1072 2782 9265 1040 2783 9266 1072 2782 9267 1071 2784 9268 1040 2783 9269 1040 2783 9270 1071 2784 9271 1075 2785 9272 1040 2783 9273 1075 2785 9274 1031 2763 9275 1031 2763 9276 1075 2785 9277 1074 2786 9278 1031 2763 9279 1074 2786 9280 1078 2758 9281 1503 2787 9282 1471 2788 9283 1505 2789 9284 1505 2789 9285 1471 2788 9286 1473 2790 9287 1505 2789 9288 1473 2790 9289 1507 2791 9290 1507 2791 9291 1473 2790 9292 1475 2792 9293 1507 2791 9294 1475 2792 9295 1509 2793 9296 1509 2793 9297 1475 2792 9298 1477 2794 9299 1509 2793 9300 1477 2794 9301 1511 2795 9302 1511 2795 9303 1477 2794 9304 1479 2796 9305 1511 2795 9306 1479 2796 9307 1513 2797 9308 1513 2797 9309 1479 2796 9310 1493 2798 9311 1513 2797 9312 1493 2798 9313 1515 2799 9314 1515 2799 9315 1493 2798 9316 1458 2800 9317 1515 2799 9318 1458 2800 9319 1517 2801 9320 1517 2801 9321 1458 2800 9322 1460 2802 9323 1517 2801 9324 1460 2802 9325 1519 2803 9326 1519 2803 9327 1460 2802 9328 1462 2804 9329 1519 2803 9330 1462 2804 9331 1521 2805 9332 1521 2805 9333 1462 2804 9334 1464 2806 9335 1521 2805 9336 1464 2806 9337 1523 2807 9338 1523 2807 9339 1464 2806 9340 1466 2808 9341 1523 2807 9342 1466 2808 9343 1501 2809 9344 1501 2809 9345 1466 2808 9346 1469 2810 9347 1501 2809 9348 1469 2810 9349 1503 2787 9350 1503 2787 9351 1469 2810 9352 1471 2788 9353 1410 2811 9354 43 2812 9355 1409 2813 9356 1409 2813 9357 43 2812 9358 45 2814 9359 1409 2813 9360 45 2814 9361 1408 2815 9362 1408 2815 9363 45 2814 9364 47 2816 9365 1408 2815 9366 47 2816 9367 1407 2817 9368 1407 2817 9369 47 2816 9370 52 2818 9371 1407 2817 9372 52 2818 9373 1406 2819 9374 1406 2819 9375 52 2818 9376 54 2820 9377 1406 2819 9378 54 2820 9379 1405 2821 9380 1405 2821 9381 54 2820 9382 56 2822 9383 1405 2821 9384 56 2822 9385 1416 2823 9386 1416 2823 9387 56 2822 9388 112 2824 9389 1416 2823 9390 112 2824 9391 1415 2825 9392 1415 2825 9393 112 2824 9394 111 2826 9395 1415 2825 9396 111 2826 9397 1414 2827 9398 1414 2827 9399 111 2826 9400 51 2828 9401 1414 2827 9402 51 2828 9403 1413 2829 9404 1413 2829 9405 51 2828 9406 50 2830 9407 1413 2829 9408 50 2830 9409 1412 2831 9410 1412 2831 9411 50 2830 9412 48 2832 9413 1412 2831 9414 48 2832 9415 1411 2833 9416 1411 2833 9417 48 2832 9418 29 2834 9419 1411 2833 9420 29 2834 9421 1410 2811 9422 1410 2811 9423 29 2834 9424 43 2812 9425 1435 2835 9426 36 2836 9427 1434 2837 9428 1434 2837 9429 36 2836 9430 37 2838 9431 1434 2837 9432 37 2838 9433 1433 2839 9434 1433 2839 9435 37 2838 9436 49 2840 9437 1433 2839 9438 49 2840 9439 1432 2841 9440 1432 2841 9441 49 2840 9442 90 2842 9443 1432 2841 9444 90 2842 9445 1431 2843 9446 1431 2843 9447 90 2842 9448 88 2844 9449 1431 2843 9450 88 2844 9451 1430 2845 9452 1430 2845 9453 88 2844 9454 86 2846 9455 1430 2845 9456 86 2846 9457 1441 2847 9458 1441 2847 9459 86 2846 9460 85 2848 9461 1441 2847 9462 85 2848 9463 1440 2849 9464 1440 2849 9465 85 2848 9466 40 2850 9467 1440 2849 9468 40 2850 9469 1439 2851 9470 1439 2851 9471 40 2850 9472 26 2852 9473 1439 2851 9474 26 2852 9475 1438 2853 9476 1438 2853 9477 26 2852 9478 30 2854 9479 1438 2853 9480 30 2854 9481 1437 2855 9482 1437 2855 9483 30 2854 9484 32 2856 9485 1437 2855 9486 32 2856 9487 1436 2857 9488 1436 2857 9489 32 2856 9490 34 2858 9491 1436 2857 9492 34 2858 9493 1435 2835 9494 1435 2835 9495 34 2858 9496 36 2836 9497 535 2859 9498 534 2860 9499 1563 2861 9500 1552 2862 9501 1551 2863 9502 551 2864 9503 551 2864 9504 1551 2863 9505 1549 2865 9506 551 2864 9507 1549 2865 9508 517 2866 9509 517 2866 9510 1549 2865 9511 1548 2867 9512 517 2866 9513 1548 2867 9514 518 2868 9515 518 2868 9516 1548 2867 9517 1555 2869 9518 518 2868 9519 1555 2869 9520 536 2870 9521 536 2870 9522 1555 2869 9523 1554 2871 9524 536 2870 9525 1554 2871 9526 537 2872 9527 537 2872 9528 1554 2871 9529 1559 2873 9530 537 2872 9531 1559 2873 9532 538 2874 9533 538 2874 9534 1559 2873 9535 1558 2875 9536 538 2874 9537 1558 2875 9538 531 2876 9539 531 2876 9540 1558 2875 9541 1557 2877 9542 531 2876 9543 1557 2877 9544 532 2878 9545 532 2878 9546 1557 2877 9547 534 2860 9548 534 2860 9549 1557 2877 9550 1564 2879 9551 534 2860 9552 1564 2879 9553 1563 2861 9554 555 2880 9555 554 2881 9556 1528 2882 9557 524 2883 9558 1531 2884 9559 554 2881 9560 554 2881 9561 1531 2884 9562 1529 2885 9563 554 2881 9564 1529 2885 9565 1528 2882 9566 1540 2886 9567 1541 2887 9568 546 2888 9569 546 2888 9570 543 2889 9571 1540 2886 9572 1540 2886 9573 543 2889 9574 542 2890 9575 1540 2886 9576 542 2890 9577 1543 2891 9578 1543 2891 9579 542 2890 9580 541 2892 9581 1543 2891 9582 541 2892 9583 1544 2893 9584 1544 2893 9585 541 2892 9586 540 2894 9587 1544 2893 9588 540 2894 9589 1537 2895 9590 1537 2895 9591 540 2894 9592 539 2896 9593 1537 2895 9594 539 2896 9595 1539 2897 9596 1539 2897 9597 539 2896 9598 552 2898 9599 1539 2897 9600 552 2898 9601 558 2899 9602 1539 2897 9603 558 2899 9604 1533 2900 9605 1533 2900 9606 558 2899 9607 557 2901 9608 1533 2900 9609 557 2901 9610 1534 2902 9611 1534 2902 9612 557 2901 9613 555 2880 9614 1534 2902 9615 555 2880 9616 1535 2903 9617 1535 2903 9618 555 2880 9619 1528 2882 9620 1563 2861 9621 1561 2904 9622 535 2859 9623 535 2859 9624 1561 2904 9625 1560 2905 9626 535 2859 9627 1560 2905 9628 527 2906 9629 527 2906 9630 1560 2905 9631 1565 2907 9632 527 2906 9633 1565 2907 9634 528 2908 9635 528 2908 9636 1565 2907 9637 1567 2909 9638 528 2908 9639 1567 2909 9640 529 2910 9641 529 2910 9642 1567 2909 9643 1570 2911 9644 529 2910 9645 1570 2911 9646 525 2912 9647 525 2912 9648 1570 2911 9649 1569 2913 9650 525 2912 9651 1569 2913 9652 520 2914 9653 520 2914 9654 1569 2913 9655 1568 2915 9656 520 2914 9657 1568 2915 9658 521 2916 9659 521 2916 9660 1568 2915 9661 1524 2917 9662 521 2916 9663 1524 2917 9664 523 2918 9665 523 2918 9666 1524 2917 9667 1526 2919 9668 523 2918 9669 1526 2919 9670 524 2883 9671 524 2883 9672 1526 2919 9673 1532 2920 9674 524 2883 9675 1532 2920 9676 1531 2884 9677 551 2864 9678 550 2921 9679 1552 2862 9680 1552 2862 9681 550 2921 9682 548 2922 9683 1552 2862 9684 548 2922 9685 1546 2923 9686 1546 2923 9687 548 2922 9688 547 2924 9689 1546 2923 9690 547 2924 9691 1547 2925 9692 1547 2925 9693 547 2924 9694 544 2926 9695 1547 2925 9696 544 2926 9697 1541 2887 9698 1541 2887 9699 544 2926 9700 545 2927 9701 1541 2887 9702 545 2927 9703 546 2888 9704 1616 2928 9705 1617 2929 9706 1618 2930 9707 1618 2930 9708 1617 2929 9709 1619 2931 9710 1618 2930 9711 1619 2931 9712 1620 2932 9713 1620 2932 9714 1619 2931 9715 1621 2933 9716 1620 2932 9717 1621 2933 9718 1622 2934 9719 1622 2934 9720 1621 2933 9721 1623 2935 9722 1622 2934 9723 1623 2935 9724 1624 2936 9725 1624 2936 9726 1623 2935 9727 1625 2937 9728 1624 2936 9729 1625 2937 9730 1626 2938 9731 1626 2938 9732 1625 2937 9733 1627 2939 9734 1626 2938 9735 1627 2939 9736 1628 2940 9737 1628 2940 9738 1627 2939 9739 1629 2941 9740 1628 2940 9741 1629 2941 9742 1630 2942 9743 1630 2942 9744 1629 2941 9745 1631 2943 9746 1630 2942 9747 1631 2943 9748 1632 2944 9749 1632 2944 9750 1631 2943 9751 1633 2945 9752 1634 2946 9753 1635 2947 9754 1636 2948 9755 1635 2947 9756 1637 2949 9757 1638 2950 9758 1636 2948 9759 1635 2947 9760 1639 2951 9761 1639 2951 9762 1635 2947 9763 1638 2950 9764 1639 2951 9765 1638 2950 9766 1640 2952 9767 1641 2953 9768 1642 2954 9769 1636 2948 9770 1636 2948 9771 1642 2954 9772 1643 2955 9773 1636 2948 9774 1643 2955 9775 1634 2946 9776 1644 2956 9777 1645 2957 9778 1646 2958 9779 1646 2958 9780 1645 2957 9781 1647 2959 9782 1646 2958 9783 1647 2959 9784 1648 2960 9785 1648 2960 9786 1647 2959 9787 1649 2961 9788 1641 2953 9789 1650 2962 9790 1642 2954 9791 1642 2954 9792 1650 2962 9793 1651 2963 9794 1642 2954 9795 1651 2963 9796 1652 2964 9797 1652 2964 9798 1651 2963 9799 1653 2965 9800 1652 2964 9801 1653 2965 9802 1654 2966 9803 1654 2966 9804 1653 2965 9805 1655 2967 9806 1654 2966 9807 1655 2967 9808 1656 2968 9809 1656 2968 9810 1655 2967 9811 1657 2969 9812 1644 2956 9813 1646 2958 9814 1635 2947 9815 1635 2947 9816 1646 2958 9817 1658 2970 9818 1635 2947 9819 1658 2970 9820 1637 2949 9821 1659 2971 9822 1646 2972 9823 1660 2973 9824 1660 2973 9825 1646 2972 9826 1648 2974 9827 1640 2975 9828 1638 2976 9829 1661 2977 9830 1661 2977 9831 1638 2976 9832 1637 2978 9833 1661 2977 9834 1637 2978 9835 1659 2971 9836 1659 2971 9837 1637 2978 9838 1658 2979 9839 1659 2971 9840 1658 2979 9841 1646 2972 9842 52 2980 9843 54 2981 9844 55 2982 9845 1662 2983 9846 1663 2984 9847 1664 2985 9848 34 2986 9849 36 2987 9850 51 2988 9851 51 2988 9852 36 2987 9853 37 2989 9854 51 2988 9855 37 2989 9856 49 2990 9857 55 2991 9858 54 2992 9859 57 2993 9860 26 2994 9861 1665 2995 9862 24 2996 9863 30 2997 9864 32 2998 9865 1666 2999 9866 1666 2999 9867 32 2998 9868 34 2986 9869 89 3000 9870 90 3001 9871 87 3002 9872 87 3002 9873 90 3001 9874 88 3003 9875 87 3004 9876 88 3005 9877 38 3006 9878 88 3005 9879 86 3007 9880 38 3006 9881 38 3008 9882 85 3009 9883 1667 3010 9884 1667 3010 9885 85 3009 9886 40 3011 9887 1667 3010 9888 40 3011 9889 1668 3012 9890 1668 3012 9891 40 3011 9892 26 3013 9893 1668 3012 9894 26 3013 9895 1669 3014 9896 1669 3014 9897 26 3013 9898 24 3015 9899 1670 3016 9900 1665 2995 9901 1671 3017 9902 84 3018 9903 1672 3019 9904 82 3020 9905 82 3020 9906 1672 3019 9907 1673 3021 9908 82 3020 9909 1673 3021 9910 60 3022 9911 60 3022 9912 1673 3021 9913 1662 2983 9914 60 3022 9915 1662 2983 9916 127 3023 9917 127 3023 9918 1662 2983 9919 1664 2985 9920 1666 2999 9921 1674 3024 9922 30 2997 9923 30 2997 9924 1674 3024 9925 1675 3025 9926 30 2997 9927 1675 3025 9928 26 2994 9929 26 2994 9930 1675 3025 9931 1676 3026 9932 26 2994 9933 1676 3026 9934 1665 2995 9935 1665 2995 9936 1676 3026 9937 1677 3027 9938 1665 2995 9939 1677 3027 9940 1671 3017 9941 54 2992 9942 56 3028 9943 57 2993 9944 57 3029 9945 56 3029 9946 112 3029 9947 57 3030 9948 112 3031 9949 110 3032 9950 110 3032 9951 112 3031 9952 111 3033 9953 110 3034 9954 111 3035 9955 89 3036 9956 89 3036 9957 111 3035 9958 51 3037 9959 89 3038 9960 51 3039 9961 90 3040 9962 90 3040 9963 51 3039 9964 49 3041 9965 1671 3017 9966 1678 3042 9967 1670 3016 9968 1670 3016 9969 1678 3042 9970 1679 3043 9971 1670 3016 9972 1679 3043 9973 1680 3044 9974 1680 3044 9975 1679 3043 9976 1681 3045 9977 1680 3044 9978 1681 3045 9979 1682 3046 9980 1682 3046 9981 1681 3045 9982 1683 3047 9983 1682 3046 9984 1683 3047 9985 1684 3048 9986 1684 3048 9987 1683 3047 9988 1685 3049 9989 1684 3048 9990 1685 3049 9991 1686 3050 9992 1687 3051 9993 1688 3052 9994 80 3053 9995 1689 3054 9996 66 3055 9997 1690 3056 9998 1690 3056 9999 66 3055 10000 75 3057 10001 1690 3056 10002 75 3057 10003 1691 3058 10004 1691 3058 10005 75 3057 10006 73 3059 10007 1691 3058 10008 73 3059 10009 1692 3060 10010 1692 3060 10011 73 3059 10012 71 3061 10013 1692 3060 10014 71 3061 10015 1693 3062 10016 84 3018 10017 101 3063 10018 1672 3019 10019 1672 3019 10020 101 3063 10021 1694 3064 10022 1672 3019 10023 1694 3064 10024 1685 3049 10025 1685 3049 10026 1694 3064 10027 103 3065 10028 1685 3049 10029 103 3065 10030 1686 3050 10031 1695 3066 10032 1666 2999 10033 1696 3067 10034 1696 3067 10035 1666 2999 10036 34 2986 10037 1696 3067 10038 34 2986 10039 1697 3068 10040 1697 3068 10041 34 2986 10042 51 2988 10043 1697 3068 10044 51 2988 10045 1698 3069 10046 1698 3069 10047 51 2988 10048 50 3070 10049 1698 3069 10050 50 3070 10051 1699 3071 10052 1699 3071 10053 50 3070 10054 48 3072 10055 1699 3071 10056 48 3072 10057 1700 3073 10058 1700 3073 10059 48 3072 10060 29 3074 10061 1700 3073 10062 29 3074 10063 41 3075 10064 41 3075 10065 29 3074 10066 43 3076 10067 1689 3054 10068 1701 3077 10069 66 3055 10070 66 3055 10071 1701 3077 10072 65 3078 10073 67 3079 10074 65 3080 10075 1702 3081 10076 67 3079 10077 1702 3081 10078 80 3053 10079 80 3053 10080 1702 3081 10081 1703 3082 10082 80 3053 10083 1703 3082 10084 1687 3051 10085 93 3083 10086 1704 3084 10087 71 3085 10088 71 3085 10089 1704 3084 10090 92 3086 10091 71 3061 10092 92 3087 10093 1693 3062 10094 53 3088 10095 63 3089 10096 62 3090 10097 62 3091 10098 63 3091 10099 119 3091 10100 62 3092 10101 119 3093 10102 117 3094 10103 117 3094 10104 119 3093 10105 1705 3095 10106 117 3094 10107 1705 3095 10108 115 3096 10109 115 3096 10110 1705 3095 10111 1706 3097 10112 115 3096 10113 1706 3097 10114 93 3083 10115 93 3083 10116 1706 3097 10117 1707 3098 10118 93 3083 10119 1707 3098 10120 1704 3084 10121 122 3099 10122 121 3100 10123 130 3101 10124 130 3101 10125 121 3100 10126 120 3102 10127 130 3103 10128 120 3104 10129 78 3105 10130 78 3105 10131 120 3104 10132 80 3106 10133 79 3107 10134 80 3053 10135 1688 3052 10136 55 2982 10137 53 3108 10138 52 2980 10139 52 3109 10140 53 3088 10141 62 3090 10142 52 3109 10143 62 3090 10144 47 3110 10145 47 3110 10146 62 3090 10147 64 3111 10148 47 3110 10149 64 3111 10150 45 3112 10151 45 3112 10152 64 3111 10153 46 3113 10154 45 3114 10155 46 3115 10156 43 3116 10157 43 3116 10158 46 3115 10159 44 3117 10160 1708 3118 10161 1709 3119 10162 1710 3120 10163 1709 3119 10164 1708 3118 10165 1711 3121 10166 1711 3121 10167 1708 3118 10168 1712 3122 10169 1711 3121 10170 1712 3122 10171 1713 3123 10172 1713 3123 10173 1712 3122 10174 1714 3124 10175 1713 3123 10176 1714 3124 10177 1715 3125 10178 1710 3120 10179 1716 3126 10180 1708 3118 10181 1708 3118 10182 1716 3126 10183 1717 3127 10184 1708 3118 10185 1717 3127 10186 1718 3128 10187 1718 3128 10188 1717 3127 10189 1719 3129 10190 1720 3130 10191 1721 3131 10192 1722 3132 10193 1722 3132 10194 1721 3131 10195 1718 3128 10196 1722 3132 10197 1718 3128 10198 1723 3133 10199 1723 3133 10200 1718 3128 10201 1719 3129 10202 1724 3134 10203 1725 3135 10204 1726 3136 10205 1727 3137 10206 1728 3138 10207 1729 3139 10208 1724 3134 10209 1726 3136 10210 1730 3140 10211 1730 3140 10212 1726 3136 10213 1731 3141 10214 1730 3140 10215 1731 3141 10216 1732 3142 10217 1732 3142 10218 1731 3141 10219 1733 3143 10220 1732 3142 10221 1733 3143 10222 1734 3144 10223 1734 3144 10224 1733 3143 10225 1735 3145 10226 1734 3144 10227 1735 3145 10228 1736 3146 10229 1736 3146 10230 1735 3145 10231 1737 3147 10232 1736 3146 10233 1737 3147 10234 1729 3139 10235 1729 3139 10236 1737 3147 10237 1738 3148 10238 1729 3139 10239 1738 3148 10240 1727 3137 10241 1739 3149 10242 1740 3150 10243 1741 3151 10244 1739 3149 10245 1741 3151 10246 1742 3152 10247 1742 3152 10248 1741 3151 10249 1743 3153 10250 1742 3152 10251 1743 3153 10252 1744 3154 10253 1733 3155 10254 1731 3156 10255 1745 3157 10256 1745 3157 10257 1746 3158 10258 1733 3155 10259 1733 3155 10260 1746 3158 10261 1747 3159 10262 1733 3155 10263 1747 3159 10264 1735 3160 10265 1747 3159 10266 1748 3161 10267 1735 3160 10268 1735 3160 10269 1748 3161 10270 1749 3162 10271 1735 3160 10272 1749 3162 10273 1737 3163 10274 1737 3163 10275 1749 3162 10276 1750 3164 10277 1751 3165 10278 1738 3166 10279 1752 3167 10280 1752 3167 10281 1738 3166 10282 1737 3163 10283 1752 3167 10284 1737 3163 10285 1753 3168 10286 1753 3168 10287 1737 3163 10288 1750 3164 10289 1754 3169 10290 1755 3170 10291 1756 3171 10292 1756 3171 10293 1755 3170 10294 1757 3172 10295 1758 3173 10296 1759 3174 10297 1760 3175 10298 1761 3176 10299 1648 3177 10300 1762 3178 10301 1762 3178 10302 1648 3177 10303 1649 3179 10304 1762 3178 10305 1649 3179 10306 1763 3180 10307 1763 3180 10308 1649 3179 10309 1764 3181 10310 1765 3182 10311 1661 3183 10312 1766 3184 10313 1766 3184 10314 1661 3183 10315 1659 3185 10316 1766 3184 10317 1659 3185 10318 1761 3176 10319 1761 3176 10320 1659 3185 10321 1660 3186 10322 1761 3176 10323 1660 3186 10324 1648 3177 10325 1767 3187 10326 1768 3188 10327 1769 3189 10328 1764 3181 10329 1770 3190 10330 1763 3180 10331 1763 3180 10332 1770 3190 10333 1771 3191 10334 1763 3180 10335 1771 3191 10336 1772 3192 10337 1772 3192 10338 1771 3191 10339 1773 3193 10340 1772 3192 10341 1773 3193 10342 1774 3194 10343 1774 3194 10344 1773 3193 10345 1775 3195 10346 1774 3194 10347 1775 3195 10348 1776 3196 10349 1768 3188 10350 1777 3197 10351 1769 3189 10352 1769 3189 10353 1777 3197 10354 1776 3196 10355 1769 3189 10356 1776 3196 10357 1778 3198 10358 1778 3198 10359 1776 3196 10360 1775 3195 10361 1769 3189 10362 1779 3199 10363 1767 3187 10364 1767 3187 10365 1779 3199 10366 1780 3200 10367 1767 3187 10368 1780 3200 10369 1781 3201 10370 1781 3201 10371 1780 3200 10372 1782 3202 10373 1781 3201 10374 1782 3202 10375 1783 3203 10376 1760 3175 10377 1759 3174 10378 1784 3204 10379 1782 3202 10380 1785 3205 10381 1783 3203 10382 1783 3203 10383 1785 3205 10384 1786 3206 10385 1783 3203 10386 1786 3206 10387 1787 3207 10388 1787 3207 10389 1786 3206 10390 1788 3208 10391 1787 3207 10392 1788 3208 10393 1789 3209 10394 1789 3209 10395 1788 3208 10396 1784 3204 10397 1789 3209 10398 1784 3204 10399 1790 3210 10400 1790 3210 10401 1784 3204 10402 1759 3174 10403 1758 3173 10404 1760 3175 10405 1791 3211 10406 1791 3211 10407 1760 3175 10408 1792 3212 10409 1791 3211 10410 1792 3212 10411 1793 3213 10412 1793 3213 10413 1792 3212 10414 1794 3214 10415 1793 3213 10416 1794 3214 10417 1795 3215 10418 1795 3215 10419 1794 3214 10420 1796 3216 10421 1795 3215 10422 1796 3216 10423 1797 3217 10424 1796 3216 10425 1798 3218 10426 1797 3217 10427 1797 3217 10428 1798 3218 10429 1799 3219 10430 1797 3217 10431 1799 3219 10432 1800 3220 10433 1800 3220 10434 1799 3219 10435 1801 3221 10436 1801 3221 10437 1802 3222 10438 1800 3220 10439 1800 3220 10440 1802 3222 10441 1803 3223 10442 1800 3220 10443 1803 3223 10444 1804 3224 10445 1804 3224 10446 1803 3223 10447 1805 3225 10448 1804 3224 10449 1805 3225 10450 1806 3226 10451 1806 3226 10452 1805 3225 10453 1807 3227 10454 1808 3228 10455 1809 3229 10456 1810 3230 10457 1810 3230 10458 1809 3229 10459 1811 3231 10460 1807 3227 10461 1812 3232 10462 1806 3226 10463 1806 3226 10464 1812 3232 10465 1808 3228 10466 1806 3226 10467 1808 3228 10468 1813 3233 10469 1813 3233 10470 1808 3228 10471 1810 3230 10472 1814 3234 10473 1815 3235 10474 1816 3236 10475 1816 3236 10476 1815 3235 10477 1817 3237 10478 1816 3236 10479 1817 3237 10480 1818 3238 10481 1819 3239 10482 1820 3240 10483 1821 3241 10484 1821 3241 10485 1820 3240 10486 1822 3242 10487 1821 3241 10488 1822 3242 10489 1823 3243 10490 1823 3243 10491 1822 3242 10492 1824 3244 10493 1823 3243 10494 1824 3244 10495 1817 3237 10496 1817 3237 10497 1824 3244 10498 1825 3245 10499 1817 3237 10500 1825 3245 10501 1818 3238 10502 1811 3231 10503 1826 3246 10504 1810 3230 10505 1810 3230 10506 1826 3246 10507 1827 3247 10508 1810 3230 10509 1827 3247 10510 1828 3248 10511 1828 3248 10512 1827 3247 10513 1829 3249 10514 1828 3248 10515 1829 3249 10516 1830 3250 10517 1830 3250 10518 1829 3249 10519 1831 3251 10520 1830 3250 10521 1831 3251 10522 1832 3252 10523 1832 3252 10524 1831 3251 10525 1833 3253 10526 1832 3252 10527 1833 3253 10528 1834 3254 10529 1834 3254 10530 1833 3253 10531 1835 3255 10532 1834 3254 10533 1835 3255 10534 1819 3239 10535 1819 3239 10536 1835 3255 10537 1836 3256 10538 1819 3239 10539 1836 3256 10540 1820 3240 10541 1837 3257 10542 1838 3258 10543 1839 3259 10544 1839 3259 10545 1838 3258 10546 1840 3260 10547 1841 3261 10548 1842 3262 10549 1843 3263 10550 1843 3263 10551 1842 3262 10552 1844 3264 10553 1843 3263 10554 1844 3264 10555 1845 3265 10556 1845 3265 10557 1844 3264 10558 1846 3266 10559 1847 3267 10560 1848 3268 10561 1849 3269 10562 1847 3267 10563 1849 3269 10564 1850 3270 10565 1850 3270 10566 1849 3269 10567 1851 3271 10568 1850 3270 10569 1851 3271 10570 1852 3272 10571 1852 3272 10572 1851 3271 10573 1853 3273 10574 1852 3272 10575 1853 3273 10576 1854 3274 10577 1854 3274 10578 1853 3273 10579 1855 3275 10580 1854 3274 10581 1855 3275 10582 1856 3276 10583 1856 3276 10584 1855 3275 10585 1857 3277 10586 1856 3276 10587 1857 3277 10588 1858 3278 10589 1858 3278 10590 1857 3277 10591 1859 3279 10592 1858 3278 10593 1859 3279 10594 1860 3280 10595 1860 3280 10596 1859 3279 10597 1861 3281 10598 1860 3280 10599 1861 3281 10600 1862 3282 10601 1863 3283 10602 1864 3284 10603 1861 3281 10604 1861 3281 10605 1864 3284 10606 1862 3282 10607 1848 3268 10608 1847 3267 10609 1865 3285 10610 1865 3285 10611 1847 3267 10612 1866 3286 10613 1867 3287 10614 1868 3288 10615 1869 3289 10616 1867 3287 10617 1869 3289 10618 1870 3290 10619 1870 3290 10620 1869 3289 10621 1871 3291 10622 1870 3290 10623 1871 3291 10624 1872 3292 10625 1872 3292 10626 1871 3291 10627 1873 3293 10628 1872 3292 10629 1873 3293 10630 1874 3294 10631 1874 3294 10632 1873 3293 10633 1865 3285 10634 1874 3294 10635 1865 3285 10636 1866 3286 10637 1875 3295 10638 1876 3296 10639 1877 3297 10640 1877 3297 10641 1876 3296 10642 1878 3298 10643 1877 3297 10644 1878 3298 10645 1879 3299 10646 1879 3299 10647 1878 3298 10648 1880 3300 10649 1880 3300 10650 1878 3298 10651 1881 3301 10652 1880 3300 10653 1881 3301 10654 1882 3302 10655 1882 3302 10656 1881 3301 10657 1883 3303 10658 1883 3303 10659 1881 3301 10660 1864 3284 10661 1883 3303 10662 1864 3284 10663 1863 3283 10664 1884 3304 10665 1885 3305 10666 1886 3306 10667 1884 3304 10668 1886 3306 10669 1887 3307 10670 1887 3307 10671 1886 3306 10672 1888 3308 10673 1887 3307 10674 1888 3308 10675 1889 3309 10676 1890 3310 10677 150 3311 10678 1891 3312 10679 1891 3312 10680 150 3311 10681 160 3313 10682 1891 3312 10683 160 3313 10684 1892 3314 10685 1892 3314 10686 160 3313 10687 162 3315 10688 1892 3314 10689 162 3315 10690 1893 3316 10691 146 3317 10692 148 3318 10693 144 3319 10694 144 3319 10695 148 3318 10696 145 3320 10697 144 3321 10698 145 3322 10699 143 3323 10700 143 3323 10701 145 3322 10702 142 3324 10703 141 3325 10704 142 3325 10705 140 3325 10706 139 3326 10707 154 3327 10708 152 3328 10709 152 3328 10710 154 3327 10711 153 3329 10712 1894 3330 10713 1895 3331 10714 1896 3332 10715 1897 3333 10716 1898 3334 10717 1896 3332 10718 1896 3332 10719 1898 3334 10720 1899 3335 10721 1896 3332 10722 1899 3335 10723 1894 3330 10724 162 3315 10725 164 3336 10726 1893 3316 10727 1893 3316 10728 164 3336 10729 166 3337 10730 1893 3316 10731 166 3337 10732 1897 3333 10733 1897 3333 10734 166 3337 10735 1900 3338 10736 1897 3333 10737 1900 3338 10738 1898 3334 10739 178 3339 10740 176 3340 10741 175 3341 10742 1901 3342 10743 1902 3343 10744 1903 3344 10745 1890 3310 10746 1904 3345 10747 150 3311 10748 150 3311 10749 1904 3345 10750 1905 3346 10751 150 3311 10752 1905 3346 10753 146 3347 10754 146 3347 10755 1905 3346 10756 1906 3348 10757 146 3347 10758 1906 3348 10759 148 3349 10760 180 3350 10761 179 3351 10762 153 3352 10763 153 3352 10764 179 3351 10765 181 3353 10766 153 3354 10767 181 3355 10768 152 3356 10769 152 3356 10770 181 3355 10771 178 3357 10772 177 3358 10773 178 3339 10774 175 3341 10775 1907 3359 10776 1908 3360 10777 1909 3361 10778 1910 3362 10779 1911 3363 10780 1912 3364 10781 1912 3364 10782 1911 3363 10783 1913 3365 10784 1912 3364 10785 1913 3365 10786 1914 3366 10787 1907 3359 10788 1909 3361 10789 1915 3367 10790 1916 3368 10791 1917 3369 10792 1918 3370 10793 1918 3370 10794 1917 3369 10795 1919 3371 10796 1918 3370 10797 1919 3371 10798 1920 3372 10799 1910 3362 10800 1901 3342 10801 1911 3363 10802 1911 3363 10803 1901 3342 10804 1903 3344 10805 1911 3363 10806 1903 3344 10807 1921 3373 10808 1921 3373 10809 1903 3344 10810 1915 3367 10811 1921 3373 10812 1915 3367 10813 1922 3374 10814 1922 3374 10815 1915 3367 10816 1909 3361 10817 1916 3368 10818 1923 3375 10819 1917 3369 10820 1917 3369 10821 1923 3375 10822 1924 3376 10823 1917 3369 10824 1924 3376 10825 1907 3359 10826 1907 3359 10827 1924 3376 10828 204 3377 10829 1907 3359 10830 204 3377 10831 1908 3360 10832 1920 3372 10833 1919 3371 10834 194 3378 10835 194 3378 10836 1919 3371 10837 1925 3379 10838 194 3378 10839 1925 3379 10840 196 3380 10841 196 3380 10842 1925 3379 10843 1926 3381 10844 196 3380 10845 1926 3381 10846 198 3382 10847 198 3382 10848 1926 3381 10849 1927 3383 10850 198 3382 10851 1927 3383 10852 200 3384 10853 200 3384 10854 1927 3383 10855 202 3385 10856 202 3385 10857 1927 3383 10858 1928 3386 10859 202 3385 10860 1928 3386 10861 1929 3387 10862 210 3388 10863 1930 3389 10864 1931 3390 10865 1931 3390 10866 1930 3389 10867 1932 3391 10868 1931 3390 10869 1932 3391 10870 1928 3386 10871 1928 3386 10872 1932 3391 10873 1933 3392 10874 1928 3386 10875 1933 3392 10876 1929 3387 10877 1894 3330 10878 168 3393 10879 1895 3331 10880 1895 3331 10881 168 3393 10882 138 3394 10883 1895 3331 10884 138 3394 10885 1934 3395 10886 1934 3395 10887 138 3394 10888 147 3396 10889 1934 3395 10890 147 3396 10891 1935 3397 10892 1935 3397 10893 147 3396 10894 210 3388 10895 1935 3397 10896 210 3388 10897 1936 3398 10898 1936 3398 10899 210 3388 10900 1931 3390 10901 1937 3399 10902 1938 3400 10903 1939 3401 10904 1939 3401 10905 1938 3400 10906 1940 3402 10907 1939 3401 10908 1940 3402 10909 1941 3403 10910 1941 3403 10911 1940 3402 10912 1942 3404 10913 1941 3405 10914 1942 3406 10915 1943 3407 10916 1943 3407 10917 1942 3406 10918 1944 3408 10919 1943 3407 10920 1944 3408 10921 1945 3409 10922 1945 3409 10923 1944 3408 10924 1946 3410 10925 1945 3409 10926 1946 3410 10927 1947 3411 10928 1947 3411 10929 1946 3410 10930 1948 3412 10931 1947 3413 10932 1948 3414 10933 1949 3415 10934 1949 3415 10935 1948 3414 10936 1950 3416 10937 1949 3417 10938 1950 3418 10939 1951 3419 10940 1951 3419 10941 1950 3418 10942 1952 3420 10943 1951 3419 10944 1952 3420 10945 1953 3421 10946 1953 3421 10947 1952 3420 10948 1954 3422 10949 1953 3423 10950 1954 3424 10951 1955 3425 10952 1955 3425 10953 1954 3424 10954 1956 3426 10955 1955 3425 10956 1956 3426 10957 1957 3427 10958 1957 3427 10959 1956 3426 10960 1958 3428 10961 1957 3429 10962 1958 3430 10963 1959 3431 10964 1959 3431 10965 1958 3430 10966 1960 3432 10967 1959 3433 10968 1960 3434 10969 1937 3435 10970 1937 3435 10971 1960 3434 10972 1938 3436 10973 1957 3437 10974 1959 3438 10975 1961 3439 10976 1961 3439 10977 1959 3438 10978 1937 3440 10979 1961 3439 10980 1937 3440 10981 1939 3441 10982 1951 3442 10983 1953 3443 10984 1961 3439 10985 1961 3439 10986 1953 3443 10987 1955 3444 10988 1961 3439 10989 1955 3444 10990 1957 3437 10991 1945 3445 10992 1947 3446 10993 1961 3439 10994 1961 3439 10995 1947 3446 10996 1949 3447 10997 1961 3439 10998 1949 3447 10999 1951 3442 11000 1939 3441 11001 1941 3448 11002 1961 3439 11003 1961 3439 11004 1941 3448 11005 1943 3449 11006 1961 3439 11007 1943 3449 11008 1945 3445 11009 1962 3450 11010 1963 3451 11011 1964 3452 11012 1964 3452 11013 1963 3451 11014 1965 3453 11015 1964 3452 11016 1965 3453 11017 1966 3454 11018 1966 3454 11019 1965 3453 11020 1967 3455 11021 1966 3456 11022 1967 3457 11023 1968 3458 11024 1968 3458 11025 1967 3457 11026 1969 3459 11027 1968 3458 11028 1969 3459 11029 1970 3460 11030 1970 3460 11031 1969 3459 11032 1971 3461 11033 1970 3462 11034 1971 3463 11035 1972 3464 11036 1972 3464 11037 1971 3463 11038 1973 3465 11039 1972 3464 11040 1973 3465 11041 1974 3466 11042 1974 3466 11043 1973 3465 11044 1975 3467 11045 1974 3468 11046 1975 3469 11047 1976 3470 11048 1976 3470 11049 1975 3469 11050 1977 3471 11051 1976 3470 11052 1977 3471 11053 1978 3472 11054 1978 3472 11055 1977 3471 11056 1979 3473 11057 1978 3474 11058 1979 3475 11059 1980 3476 11060 1980 3476 11061 1979 3475 11062 1981 3477 11063 1980 3476 11064 1981 3477 11065 1982 3478 11066 1982 3478 11067 1981 3477 11068 1983 3479 11069 1982 3480 11070 1983 3481 11071 1984 3482 11072 1984 3482 11073 1983 3481 11074 1985 3483 11075 1984 3484 11076 1985 3485 11077 1962 3486 11078 1962 3486 11079 1985 3485 11080 1963 3487 11081 1982 3488 11082 1984 3489 11083 1986 3490 11084 1986 3490 11085 1984 3489 11086 1962 3491 11087 1986 3490 11088 1962 3491 11089 1964 3492 11090 1976 3493 11091 1978 3494 11092 1986 3490 11093 1986 3490 11094 1978 3494 11095 1980 3495 11096 1986 3490 11097 1980 3495 11098 1982 3488 11099 1970 3496 11100 1972 3497 11101 1986 3490 11102 1986 3490 11103 1972 3497 11104 1974 3498 11105 1986 3490 11106 1974 3498 11107 1976 3493 11108 1964 3492 11109 1966 3499 11110 1986 3490 11111 1986 3490 11112 1966 3499 11113 1968 3500 11114 1986 3490 11115 1968 3500 11116 1970 3496 11117 1987 3501 11118 1988 3502 11119 1989 3503 11120 1989 3503 11121 1988 3502 11122 1990 3504 11123 1989 3503 11124 1990 3504 11125 1991 3505 11126 1991 3505 11127 1990 3504 11128 1992 3506 11129 1987 3501 11130 1993 3507 11131 1988 3502 11132 1988 3502 11133 1993 3507 11134 1994 3508 11135 1988 3502 11136 1994 3508 11137 1995 3509 11138 1995 3509 11139 1994 3508 11140 1996 3510 11141 1995 3509 11142 1996 3510 11143 1997 3511 11144 1998 3512 11145 1999 3513 11146 2000 3514 11147 2000 3514 11148 1999 3513 11149 1995 3509 11150 2000 3514 11151 1995 3509 11152 1997 3511 11153 1998 3512 11154 2001 3515 11155 1999 3513 11156 1999 3513 11157 2001 3515 11158 2002 3516 11159 1999 3513 11160 2002 3516 11161 2003 3517 11162 2003 3517 11163 2002 3516 11164 2004 3518 11165 2003 3517 11166 2004 3518 11167 2005 3519 11168 2006 3520 11169 2007 3521 11170 2008 3522 11171 2009 3523 11172 2010 3524 11173 2011 3525 11174 2011 3525 11175 2010 3524 11176 2012 3526 11177 2011 3525 11178 2012 3526 11179 2013 3527 11180 2011 3525 11181 2014 3528 11182 2009 3523 11183 2009 3523 11184 2014 3528 11185 2015 3529 11186 2009 3523 11187 2015 3529 11188 2016 3530 11189 2008 3522 11190 2017 3531 11191 2006 3520 11192 2006 3520 11193 2017 3531 11194 2018 3532 11195 2006 3520 11196 2018 3532 11197 2019 3533 11198 2019 3533 11199 2018 3532 11200 2020 3534 11201 2019 3533 11202 2020 3534 11203 2021 3535 11204 2021 3535 11205 2020 3534 11206 2022 3536 11207 2021 3535 11208 2022 3536 11209 2016 3530 11210 2016 3530 11211 2022 3536 11212 2023 3537 11213 2016 3530 11214 2023 3537 11215 2009 3523 11216 2009 3523 11217 2023 3537 11218 2024 3538 11219 2024 3538 11220 2025 3539 11221 2009 3523 11222 2009 3523 11223 2025 3539 11224 2026 3540 11225 2009 3523 11226 2026 3540 11227 2010 3524 11228 2010 3524 11229 2026 3540 11230 2027 3541 11231 2010 3524 11232 2027 3541 11233 2012 3526 11234 2012 3526 11235 2027 3541 11236 2028 3542 11237 1764 3543 11238 1649 2961 11239 1647 2959 11240 1764 3543 11241 1647 2959 11242 1770 3544 11243 1770 3544 11244 1647 2959 11245 2029 3545 11246 1770 3544 11247 2029 3545 11248 1771 3546 11249 1771 3546 11250 2029 3545 11251 1773 3547 11252 1773 3547 11253 2029 3545 11254 2030 3548 11255 1773 3547 11256 2030 3548 11257 2031 3549 11258 2032 3550 11259 2012 3526 11260 2033 3551 11261 2033 3551 11262 2012 3526 11263 2028 3542 11264 2031 3549 11265 2030 3548 11266 2034 3552 11267 2034 3552 11268 2030 3548 11269 2035 3553 11270 2034 3552 11271 2035 3553 11272 2032 3550 11273 2032 3550 11274 2035 3553 11275 2013 3527 11276 2032 3550 11277 2013 3527 11278 2012 3526 11279 2036 3554 11280 2037 3555 11281 2038 3556 11282 2038 3556 11283 2037 3555 11284 2039 3557 11285 2038 3556 11286 2039 3557 11287 1885 3558 11288 1885 3558 11289 2039 3557 11290 2040 3559 11291 2036 3554 11292 2041 3560 11293 2037 3555 11294 2037 3555 11295 2041 3560 11296 2042 3561 11297 2037 3555 11298 2042 3561 11299 2007 3521 11300 2007 3521 11301 2042 3561 11302 2043 3562 11303 2007 3521 11304 2043 3562 11305 2008 3522 11306 2044 3563 11307 2045 3564 11308 2046 3565 11309 2046 3565 11310 2045 3564 11311 2047 3566 11312 2046 3565 11313 2047 3566 11314 2048 3567 11315 2048 3567 11316 2047 3566 11317 2049 3568 11318 2048 3567 11319 2049 3568 11320 2050 3569 11321 2050 3569 11322 2049 3568 11323 2005 3519 11324 2050 3569 11325 2005 3519 11326 2051 3570 11327 2051 3570 11328 2005 3519 11329 2004 3518 11330 1992 3506 11331 2052 3571 11332 2053 3572 11333 1991 3505 11334 1992 3506 11335 2054 3573 11336 2054 3573 11337 1992 3506 11338 2053 3572 11339 2054 3573 11340 2053 3572 11341 2055 3574 11342 2055 3574 11343 2053 3572 11344 2056 3575 11345 2055 3574 11346 2056 3575 11347 2057 3576 11348 2057 3576 11349 2056 3575 11350 2058 3577 11351 2057 3576 11352 2058 3577 11353 2059 3578 11354 2059 3578 11355 2058 3577 11356 2060 3579 11357 2059 3578 11358 2060 3579 11359 2061 3580 11360 2061 3580 11361 2060 3579 11362 2062 3581 11363 2061 3580 11364 2062 3581 11365 1720 3130 11366 1720 3130 11367 2062 3581 11368 1721 3131 11369 2063 3582 11370 2064 3583 11371 2065 3584 11372 2065 3584 11373 2064 3583 11374 2066 3585 11375 2065 3584 11376 2066 3585 11377 2067 3586 11378 2067 3586 11379 2066 3585 11380 2068 3587 11381 2067 3586 11382 2068 3587 11383 2069 3588 11384 2069 3588 11385 2068 3587 11386 2070 3589 11387 2071 3590 11388 2072 3591 11389 2073 3592 11390 2073 3592 11391 2072 3591 11392 2074 3593 11393 2073 3592 11394 2074 3593 11395 2070 3589 11396 2070 3589 11397 2074 3593 11398 2075 3594 11399 2070 3589 11400 2075 3594 11401 2069 3588 11402 2076 3595 11403 2064 3583 11404 2063 3582 11405 2077 3596 11406 2078 3597 11407 2079 3598 11408 2079 3598 11409 2080 3599 11410 2077 3596 11411 2077 3596 11412 2080 3599 11413 2081 3600 11414 2077 3596 11415 2081 3600 11416 2082 3601 11417 2081 3600 11418 2083 3602 11419 2082 3601 11420 2082 3601 11421 2083 3602 11422 2084 3603 11423 2082 3601 11424 2084 3603 11425 2085 3604 11426 2085 3604 11427 2084 3603 11428 2086 3605 11429 2085 3604 11430 2086 3605 11431 2087 3606 11432 2087 3606 11433 2086 3605 11434 2088 3607 11435 2087 3606 11436 2088 3607 11437 2089 3608 11438 2089 3608 11439 2088 3607 11440 2090 3609 11441 2089 3608 11442 2090 3609 11443 2091 3610 11444 2091 3610 11445 2090 3609 11446 2092 3611 11447 2091 3610 11448 2092 3611 11449 2093 3612 11450 2093 3612 11451 2092 3611 11452 2094 3613 11453 2093 3612 11454 2094 3613 11455 2095 3614 11456 2095 3614 11457 2094 3613 11458 2076 3595 11459 2095 3614 11460 2076 3595 11461 2096 3615 11462 2096 3615 11463 2076 3595 11464 2063 3582 11465 2097 3616 11466 2052 3571 11467 1992 3506 11468 1995 3509 11469 2098 3617 11470 1988 3502 11471 1988 3502 11472 2098 3617 11473 2097 3616 11474 1988 3502 11475 2097 3616 11476 1990 3504 11477 1990 3504 11478 2097 3616 11479 1992 3506 11480 1647 2959 11481 1645 2957 11482 2029 3545 11483 2029 3545 11484 1645 2957 11485 2099 3618 11486 2029 3545 11487 2099 3618 11488 2030 3548 11489 2030 3548 11490 2099 3618 11491 2100 3619 11492 2030 3548 11493 2100 3619 11494 2035 3553 11495 2035 3553 11496 2100 3619 11497 2101 3620 11498 2035 3553 11499 2101 3620 11500 2013 3527 11501 2013 3527 11502 2101 3620 11503 2102 3621 11504 2045 3564 11505 2044 3563 11506 2103 3622 11507 2079 3598 11508 2078 3597 11509 2104 3623 11510 2104 3623 11511 2078 3597 11512 2105 3624 11513 2104 3623 11514 2105 3624 11515 2106 3625 11516 2106 3625 11517 2105 3624 11518 2107 3626 11519 2106 3625 11520 2107 3626 11521 2108 3627 11522 2108 3627 11523 2107 3626 11524 2109 3628 11525 2108 3627 11526 2109 3628 11527 2110 3629 11528 2110 3629 11529 2109 3628 11530 2111 3630 11531 2110 3629 11532 2111 3630 11533 2112 3631 11534 2112 3631 11535 2111 3630 11536 2113 3632 11537 2112 3631 11538 2113 3632 11539 2114 3633 11540 2114 3633 11541 2113 3632 11542 2115 3634 11543 2114 3633 11544 2115 3634 11545 2103 3622 11546 2103 3622 11547 2115 3634 11548 2116 3635 11549 2103 3622 11550 2116 3635 11551 2045 3564 11552 2045 3564 11553 2116 3635 11554 2117 3636 11555 2098 3617 11556 1995 3509 11557 1999 3513 11558 2098 3617 11559 1999 3513 11560 2118 3637 11561 2118 3637 11562 1999 3513 11563 2003 3517 11564 2118 3637 11565 2003 3517 11566 2119 3638 11567 2119 3638 11568 2003 3517 11569 2005 3519 11570 2119 3638 11571 2005 3519 11572 2120 3639 11573 2121 3640 11574 2007 3521 11575 2006 3520 11576 2121 3640 11577 2006 3520 11578 2122 3641 11579 2006 3520 11580 2019 3533 11581 2122 3641 11582 2122 3641 11583 2019 3533 11584 2021 3535 11585 2122 3641 11586 2021 3535 11587 2123 3642 11588 2021 3535 11589 2016 3530 11590 2123 3642 11591 2123 3642 11592 2016 3530 11593 2015 3529 11594 2123 3642 11595 2015 3529 11596 2124 3643 11597 2124 3643 11598 2015 3529 11599 2014 3528 11600 2124 3643 11601 2014 3528 11602 2102 3621 11603 2102 3621 11604 2014 3528 11605 2011 3525 11606 2102 3621 11607 2011 3525 11608 2013 3527 11609 2045 3564 11610 2117 3636 11611 2047 3566 11612 2047 3566 11613 2117 3636 11614 2125 3644 11615 2047 3566 11616 2125 3644 11617 2049 3568 11618 2049 3568 11619 2125 3644 11620 2126 3645 11621 2049 3568 11622 2126 3645 11623 2005 3519 11624 2005 3519 11625 2126 3645 11626 2120 3639 11627 2007 3521 11628 2121 3640 11629 2037 3555 11630 2037 3555 11631 2121 3640 11632 2127 3646 11633 2037 3555 11634 2127 3646 11635 2039 3557 11636 2039 3557 11637 2127 3646 11638 2128 3647 11639 2039 3557 11640 2128 3647 11641 2040 3559 11642 2040 3559 11643 2128 3647 11644 2129 3648 11645 2040 3559 11646 2129 3648 11647 2130 3649 11648 2131 3650 11649 2132 3651 11650 2133 3652 11651 2133 3652 11652 2132 3651 11653 2134 3653 11654 2133 3652 11655 2134 3653 11656 2135 3654 11657 2135 3654 11658 2134 3653 11659 2136 3655 11660 2135 3654 11661 2136 3655 11662 2137 3656 11663 2137 3656 11664 2136 3655 11665 2138 3657 11666 2138 3657 11667 2136 3655 11668 2139 3658 11669 2138 3657 11670 2139 3658 11671 2140 3659 11672 1885 3558 11673 2040 3559 11674 1886 3660 11675 1886 3660 11676 2040 3559 11677 2130 3649 11678 1886 3660 11679 2130 3649 11680 1888 3661 11681 1888 3661 11682 2130 3649 11683 2140 3659 11684 1888 3661 11685 2140 3659 11686 1889 3662 11687 1889 3662 11688 2140 3659 11689 2139 3658 11690 2132 3651 11691 2131 3650 11692 2141 3663 11693 2141 3663 11694 2131 3650 11695 2142 3664 11696 2141 3663 11697 2142 3664 11698 2143 3665 11699 2143 3665 11700 2142 3664 11701 2144 3666 11702 2143 3665 11703 2144 3666 11704 2145 3667 11705 2145 3667 11706 2144 3666 11707 2146 3668 11708 2145 3667 11709 2146 3668 11710 2147 3669 11711 2147 3669 11712 2146 3668 11713 2148 3670 11714 2147 3669 11715 2148 3670 11716 2149 3671 11717 2149 3671 11718 2148 3670 11719 2150 3672 11720 2151 3673 11721 2152 3674 11722 2153 3675 11723 2154 3676 11724 2155 3677 11725 2156 3678 11726 2154 3676 11727 2156 3678 11728 2157 3679 11729 2157 3679 11730 2156 3678 11731 2158 3680 11732 2157 3679 11733 2158 3680 11734 2159 3681 11735 2159 3681 11736 2158 3680 11737 2160 3682 11738 2159 3681 11739 2160 3682 11740 2161 3683 11741 2161 3683 11742 2160 3682 11743 2162 3684 11744 2161 3683 11745 2162 3684 11746 2163 3685 11747 2163 3685 11748 2162 3684 11749 2164 3686 11750 2163 3685 11751 2164 3686 11752 2165 3687 11753 2165 3687 11754 2164 3686 11755 2166 3688 11756 2165 3687 11757 2166 3688 11758 2167 3689 11759 2167 3689 11760 2166 3688 11761 2168 3690 11762 2167 3689 11763 2168 3690 11764 2153 3675 11765 2153 3675 11766 2168 3690 11767 2169 3691 11768 2153 3675 11769 2169 3691 11770 2151 3673 11771 1822 3692 11772 1720 3693 11773 1824 3694 11774 1824 3694 11775 1720 3693 11776 1722 3695 11777 1824 3694 11778 1722 3695 11779 1825 3696 11780 1825 3696 11781 1722 3695 11782 1723 3697 11783 1825 3696 11784 1723 3697 11785 1818 3698 11786 1716 3699 11787 1710 3700 11788 2170 3701 11789 2170 3701 11790 1814 3702 11791 1716 3699 11792 1716 3699 11793 1814 3702 11794 1816 3703 11795 1716 3699 11796 1816 3703 11797 1717 3704 11798 1717 3704 11799 1816 3703 11800 1818 3698 11801 1717 3704 11802 1818 3698 11803 1719 3705 11804 1719 3705 11805 1818 3698 11806 1723 3697 11807 1820 3706 11808 1836 3707 11809 2059 3708 11810 2059 3708 11811 1836 3707 11812 1835 3709 11813 2059 3708 11814 1835 3709 11815 2057 3710 11816 2057 3710 11817 1835 3709 11818 1833 3711 11819 2057 3710 11820 1833 3711 11821 2055 3712 11822 2055 3712 11823 1833 3711 11824 1831 3713 11825 2055 3712 11826 1831 3713 11827 2054 3714 11828 2054 3714 11829 1831 3713 11830 1829 3715 11831 2054 3714 11832 1829 3715 11833 1991 3716 11834 1991 3716 11835 1829 3715 11836 1827 3717 11837 1991 3716 11838 1827 3717 11839 1826 3718 11840 2059 3708 11841 2061 3719 11842 1820 3706 11843 1820 3706 11844 2061 3719 11845 1720 3693 11846 1820 3706 11847 1720 3693 11848 1822 3692 11849 2171 3720 11850 1805 3721 11851 2172 3722 11852 2172 3722 11853 1805 3721 11854 1803 3723 11855 2172 3722 11856 1803 3723 11857 2173 3724 11858 1809 3725 11859 1808 3726 11860 2174 3727 11861 2174 3727 11862 1808 3726 11863 1812 3728 11864 2174 3727 11865 1812 3728 11866 1807 3729 11867 1826 3718 11868 1811 3730 11869 2175 3731 11870 2175 3731 11871 1811 3730 11872 1809 3725 11873 2175 3731 11874 1809 3725 11875 2176 3732 11876 2176 3732 11877 1809 3725 11878 2174 3727 11879 1994 3733 11880 2177 3734 11881 1996 3735 11882 1996 3735 11883 2177 3734 11884 2178 3736 11885 1997 3737 11886 1996 3735 11887 2179 3738 11888 2179 3738 11889 1996 3735 11890 2178 3736 11891 2179 3738 11892 2178 3736 11893 2180 3739 11894 2180 3739 11895 2178 3736 11896 2181 3740 11897 2173 3724 11898 2181 3740 11899 2172 3722 11900 2172 3722 11901 2181 3740 11902 2178 3736 11903 2172 3722 11904 2178 3736 11905 2171 3720 11906 2171 3720 11907 2178 3736 11908 2177 3734 11909 2171 3720 11910 2177 3734 11911 1993 3741 11912 1993 3741 11913 2177 3734 11914 1994 3733 11915 1991 3716 11916 1826 3718 11917 1989 3742 11918 1989 3742 11919 1826 3718 11920 2175 3731 11921 1989 3742 11922 2175 3731 11923 1987 3743 11924 1987 3743 11925 2175 3731 11926 2176 3732 11927 1987 3743 11928 2176 3732 11929 1993 3741 11930 1993 3741 11931 2176 3732 11932 2174 3727 11933 1993 3741 11934 2174 3727 11935 2171 3720 11936 2171 3720 11937 2174 3727 11938 1807 3729 11939 2171 3720 11940 1807 3729 11941 1805 3721 11942 1796 3744 11943 1794 3745 11944 2182 3746 11945 2183 3747 11946 2184 3748 11947 1799 3749 11948 1799 3749 11949 2184 3748 11950 1801 3750 11951 2184 3748 11952 2181 3740 11953 2173 3724 11954 1801 3750 11955 2184 3748 11956 1802 3751 11957 1802 3751 11958 2184 3748 11959 2173 3724 11960 1802 3751 11961 2173 3724 11962 1803 3723 11963 1798 3752 11964 1796 3744 11965 2185 3753 11966 2185 3753 11967 1796 3744 11968 2182 3746 11969 2185 3753 11970 2182 3746 11971 2186 3754 11972 2186 3754 11973 2182 3746 11974 2187 3755 11975 2186 3754 11976 2187 3755 11977 2188 3756 11978 1799 3749 11979 1798 3752 11980 2183 3747 11981 2183 3747 11982 1798 3752 11983 2185 3753 11984 2183 3747 11985 2185 3753 11986 2184 3748 11987 2184 3748 11988 2185 3753 11989 2186 3754 11990 2184 3748 11991 2186 3754 11992 2181 3740 11993 2181 3740 11994 2186 3754 11995 2188 3756 11996 2181 3740 11997 2188 3756 11998 2180 3739 11999 2180 3739 12000 2188 3756 12001 2179 3738 12002 2187 3755 12003 2189 3757 12004 2188 3756 12005 2188 3756 12006 2189 3757 12007 2190 3758 12008 2188 3756 12009 2190 3758 12010 2179 3738 12011 2179 3738 12012 2190 3758 12013 2191 3759 12014 2179 3738 12015 2191 3759 12016 1997 3737 12017 2017 3760 12018 2008 3761 12019 2192 3762 12020 2193 3763 12021 2004 3764 12022 2002 3765 12023 2194 3766 12024 2028 3767 12025 2027 3768 12026 2195 3769 12027 2196 3770 12028 2197 3771 12029 2198 3772 12030 1784 3773 12031 1788 3774 12032 1784 3773 12033 2198 3772 12034 1760 3775 12035 2182 3746 12036 1794 3745 12037 2199 3776 12038 2200 3777 12039 2201 3778 12040 2002 3765 12041 2202 3779 12042 2203 3780 12043 1998 3781 12044 2203 3780 12045 2204 3782 12046 1998 3781 12047 1998 3781 12048 2204 3782 12049 2205 3783 12050 1998 3781 12051 2205 3783 12052 2001 3784 12053 2001 3784 12054 2205 3783 12055 2206 3785 12056 2001 3784 12057 2206 3785 12058 2002 3765 12059 2002 3765 12060 2206 3785 12061 2207 3786 12062 2002 3765 12063 2207 3786 12064 2200 3777 12065 2208 3787 12066 2209 3788 12067 2210 3789 12068 2210 3789 12069 2209 3788 12070 2211 3790 12071 2210 3789 12072 2211 3790 12073 2212 3791 12074 2208 3787 12075 2213 3792 12076 2209 3788 12077 2209 3788 12078 2213 3792 12079 2214 3793 12080 2209 3788 12081 2214 3793 12082 2215 3794 12083 2215 3794 12084 2214 3793 12085 2216 3795 12086 2217 3796 12087 2218 3797 12088 2219 3798 12089 2219 3798 12090 2220 3799 12091 2217 3796 12092 2217 3796 12093 2220 3799 12094 2221 3800 12095 2217 3796 12096 2221 3800 12097 2211 3790 12098 2211 3790 12099 2221 3800 12100 2222 3801 12101 2211 3790 12102 2222 3801 12103 2212 3791 12104 2223 3802 12105 2224 3803 12106 2225 3804 12107 2225 3804 12108 2224 3803 12109 2226 3805 12110 2225 3804 12111 2226 3805 12112 2218 3797 12113 2218 3797 12114 2226 3805 12115 2227 3806 12116 2218 3797 12117 2227 3806 12118 2219 3798 12119 2228 3807 12120 2229 3808 12121 2230 3809 12122 2230 3809 12123 2229 3808 12124 2231 3810 12125 2230 3809 12126 2231 3810 12127 2232 3811 12128 2232 3811 12129 2233 3812 12130 2230 3809 12131 2230 3809 12132 2233 3812 12133 2234 3813 12134 2230 3809 12135 2234 3813 12136 2235 3814 12137 2236 3815 12138 2237 3816 12139 2238 3817 12140 2238 3817 12141 2237 3816 12142 2239 3818 12143 2240 3819 12144 2241 3820 12145 2238 3817 12146 2238 3817 12147 2241 3820 12148 2242 3821 12149 2238 3817 12150 2242 3821 12151 2236 3815 12152 2243 3822 12153 2244 3823 12154 2002 3765 12155 2245 3824 12156 2243 3822 12157 2246 3825 12158 2246 3825 12159 2243 3822 12160 2002 3765 12161 2246 3825 12162 2002 3765 12163 2247 3826 12164 2247 3826 12165 2002 3765 12166 2201 3778 12167 1794 3745 12168 1792 3827 12169 2199 3776 12170 2199 3776 12171 1792 3827 12172 1760 3775 12173 2199 3776 12174 1760 3775 12175 2248 3828 12176 2248 3828 12177 1760 3775 12178 2198 3772 12179 2248 3828 12180 2198 3772 12181 2197 3771 12182 2197 3771 12183 2198 3772 12184 1788 3774 12185 2197 3771 12186 1788 3774 12187 2195 3769 12188 2239 3818 12189 2249 3829 12190 2250 3830 12191 2250 3830 12192 2249 3829 12193 2251 3831 12194 2250 3830 12195 2251 3831 12196 2252 3832 12197 2018 3833 12198 2253 3834 12199 2020 3835 12200 2020 3835 12201 2253 3834 12202 2254 3836 12203 2020 3835 12204 2254 3836 12205 2022 3837 12206 2237 3816 12207 2228 3807 12208 2239 3818 12209 2239 3818 12210 2228 3807 12211 2230 3809 12212 2239 3818 12213 2230 3809 12214 2249 3829 12215 2249 3829 12216 2230 3809 12217 2255 3838 12218 2249 3829 12219 2255 3838 12220 2251 3831 12221 2251 3831 12222 2255 3838 12223 2254 3836 12224 2251 3831 12225 2254 3836 12226 2252 3832 12227 2252 3832 12228 2254 3836 12229 2253 3834 12230 2193 3763 12231 2002 3765 12232 2256 3839 12233 2256 3839 12234 2002 3765 12235 2244 3823 12236 2256 3839 12237 2244 3823 12238 2257 3840 12239 2257 3840 12240 2244 3823 12241 2243 3822 12242 2257 3840 12243 2243 3822 12244 2258 3841 12245 2191 3759 12246 2190 3758 12247 2215 3794 12248 1997 3737 12249 2191 3759 12250 2000 3842 12251 2000 3842 12252 2191 3759 12253 2215 3794 12254 2000 3842 12255 2215 3794 12256 1998 3781 12257 1998 3781 12258 2215 3794 12259 2216 3795 12260 1998 3781 12261 2216 3795 12262 2202 3779 12263 2199 3776 12264 2259 3843 12265 2182 3746 12266 2182 3746 12267 2259 3843 12268 2260 3844 12269 2182 3746 12270 2260 3844 12271 2187 3755 12272 2187 3755 12273 2260 3844 12274 2189 3757 12275 2194 3766 12276 2027 3768 12277 2261 3845 12278 2261 3845 12279 2027 3768 12280 2026 3846 12281 2261 3845 12282 2026 3846 12283 2262 3847 12284 2262 3847 12285 2026 3846 12286 2025 3848 12287 2262 3847 12288 2025 3848 12289 2024 3849 12290 2022 3837 12291 2254 3836 12292 2023 3850 12293 2023 3850 12294 2254 3836 12295 2255 3838 12296 2023 3850 12297 2255 3838 12298 2024 3849 12299 2024 3849 12300 2255 3838 12301 2248 3828 12302 2024 3849 12303 2248 3828 12304 2262 3847 12305 2262 3847 12306 2248 3828 12307 2197 3771 12308 2262 3847 12309 2197 3771 12310 2261 3845 12311 2261 3845 12312 2197 3771 12313 2196 3770 12314 2261 3845 12315 2196 3770 12316 2194 3766 12317 2190 3758 12318 2189 3757 12319 2215 3794 12320 2215 3794 12321 2189 3757 12322 2260 3844 12323 2215 3794 12324 2260 3844 12325 2209 3788 12326 2209 3788 12327 2260 3844 12328 2259 3843 12329 2209 3788 12330 2259 3843 12331 2211 3790 12332 2211 3790 12333 2259 3843 12334 2199 3776 12335 2211 3790 12336 2199 3776 12337 2217 3796 12338 2217 3796 12339 2199 3776 12340 2248 3828 12341 2217 3796 12342 2248 3828 12343 2218 3797 12344 2218 3797 12345 2248 3828 12346 2255 3838 12347 2218 3797 12348 2255 3838 12349 2225 3804 12350 2225 3804 12351 2255 3838 12352 2230 3809 12353 2225 3804 12354 2230 3809 12355 2223 3802 12356 2223 3802 12357 2230 3809 12358 2235 3814 12359 2245 3824 12360 2240 3819 12361 2243 3822 12362 2243 3822 12363 2240 3819 12364 2238 3817 12365 2243 3822 12366 2238 3817 12367 2258 3841 12368 2258 3841 12369 2238 3817 12370 2239 3818 12371 2258 3841 12372 2239 3818 12373 2263 3851 12374 2263 3851 12375 2239 3818 12376 2250 3830 12377 2263 3851 12378 2250 3830 12379 2264 3852 12380 2264 3852 12381 2250 3830 12382 2252 3832 12383 2264 3852 12384 2252 3832 12385 2265 3853 12386 2265 3853 12387 2252 3832 12388 2253 3834 12389 2265 3853 12390 2253 3834 12391 2192 3762 12392 2192 3762 12393 2253 3834 12394 2018 3833 12395 2192 3762 12396 2018 3833 12397 2017 3760 12398 1785 3854 12399 2266 3855 12400 1786 3856 12401 2266 3855 12402 1785 3854 12403 2267 3857 12404 2267 3857 12405 1785 3854 12406 1782 3858 12407 2267 3857 12408 1782 3858 12409 2268 3859 12410 2268 3859 12411 2028 3767 12412 2267 3857 12413 2267 3857 12414 2028 3767 12415 2194 3766 12416 2267 3857 12417 2194 3766 12418 2266 3855 12419 2266 3855 12420 2194 3766 12421 2196 3770 12422 2266 3855 12423 2196 3770 12424 1786 3856 12425 1786 3856 12426 2196 3770 12427 2195 3769 12428 1786 3856 12429 2195 3769 12430 1788 3774 12431 1769 3860 12432 2269 3861 12433 1779 3862 12434 1779 3862 12435 2269 3861 12436 2270 3863 12437 1779 3862 12438 2270 3863 12439 1780 3864 12440 2033 3865 12441 2028 3767 12442 2268 3859 12443 1782 3858 12444 1780 3864 12445 2268 3859 12446 2268 3859 12447 1780 3864 12448 2270 3863 12449 2268 3859 12450 2270 3863 12451 2033 3865 12452 2033 3865 12453 2270 3863 12454 2269 3861 12455 2033 3865 12456 2269 3861 12457 2032 3866 12458 2032 3866 12459 2269 3861 12460 1769 3860 12461 2032 3866 12462 1769 3860 12463 2034 3867 12464 2034 3867 12465 1769 3860 12466 1778 3868 12467 2034 3867 12468 1778 3868 12469 2031 3869 12470 2031 3869 12471 1778 3868 12472 1775 3870 12473 2031 3869 12474 1775 3870 12475 1773 3871 12476 2271 3872 12477 2272 3873 12478 2273 3874 12479 2274 3875 12480 2275 3876 12481 2271 3872 12482 2271 3872 12483 2273 3874 12484 2274 3875 12485 2274 3875 12486 2273 3874 12487 2276 3877 12488 2274 3875 12489 2276 3877 12490 2277 3878 12491 2276 3877 12492 2278 3879 12493 2277 3878 12494 2277 3878 12495 2278 3879 12496 2279 3880 12497 2277 3878 12498 2279 3880 12499 2280 3881 12500 2279 3880 12501 2281 3882 12502 2280 3881 12503 2280 3881 12504 2281 3882 12505 2282 3883 12506 2280 3881 12507 2282 3883 12508 2283 3884 12509 2283 3884 12510 2282 3883 12511 2284 3885 12512 2283 3884 12513 2284 3885 12514 2285 3886 12515 2284 3885 12516 2286 3887 12517 2285 3886 12518 2285 3886 12519 2286 3887 12520 2287 3888 12521 2285 3886 12522 2287 3888 12523 2288 3889 12524 2288 3889 12525 2287 3888 12526 2289 3890 12527 2288 3889 12528 2289 3890 12529 2290 3891 12530 2290 3891 12531 2289 3890 12532 2155 3677 12533 2290 3891 12534 2155 3677 12535 2154 3676 12536 2291 3892 12537 2292 3893 12538 2149 3894 12539 2291 3892 12540 2149 3894 12541 2293 3895 12542 2293 3895 12543 2149 3894 12544 2294 3896 12545 2293 3895 12546 2294 3896 12547 2295 3897 12548 2295 3897 12549 2294 3896 12550 2296 3898 12551 2295 3897 12552 2296 3898 12553 2297 3899 12554 2296 3898 12555 2298 3900 12556 2299 3901 12557 2297 3899 12558 2296 3898 12559 2300 3902 12560 2300 3902 12561 2296 3898 12562 2299 3901 12563 2300 3902 12564 2299 3901 12565 2301 3903 12566 2302 3904 12567 2145 3905 12568 2147 3906 12569 2302 3904 12570 2147 3906 12571 2303 3907 12572 2303 3907 12573 2147 3906 12574 2149 3894 12575 2303 3907 12576 2149 3894 12577 2292 3893 12578 2304 3908 12579 2305 3909 12580 2132 3910 12581 2304 3908 12582 2132 3910 12583 2306 3911 12584 2132 3910 12585 2141 3912 12586 2306 3911 12587 2306 3911 12588 2141 3912 12589 2143 3913 12590 2306 3911 12591 2143 3913 12592 2307 3914 12593 2307 3914 12594 2143 3913 12595 2145 3905 12596 2307 3914 12597 2145 3905 12598 2302 3904 12599 2139 3915 12600 2136 3916 12601 2308 3917 12602 2308 3917 12603 2136 3916 12604 2134 3918 12605 2308 3917 12606 2134 3918 12607 2309 3919 12608 2309 3919 12609 2134 3918 12610 2132 3910 12611 2309 3919 12612 2132 3910 12613 2305 3909 12614 2310 3920 12615 2008 3761 12616 2043 3921 12617 2311 3922 12618 2312 3923 12619 2313 3924 12620 2314 3925 12621 2315 3926 12622 2313 3924 12623 2313 3924 12624 2315 3926 12625 2316 3927 12626 2313 3924 12627 2316 3927 12628 2311 3922 12629 2317 3928 12630 2318 3929 12631 2319 3930 12632 2319 3930 12633 2318 3929 12634 2320 3931 12635 2319 3930 12636 2320 3931 12637 2321 3932 12638 2321 3932 12639 2320 3931 12640 2314 3925 12641 2321 3932 12642 2314 3925 12643 2322 3933 12644 2322 3933 12645 2314 3925 12646 2313 3924 12647 1885 3305 12648 1884 3304 12649 2323 3934 12650 1885 3305 12651 2323 3934 12652 2038 3935 12653 2324 3936 12654 2310 3920 12655 2325 3937 12656 2325 3937 12657 2310 3920 12658 2043 3921 12659 2325 3937 12660 2043 3921 12661 2326 3938 12662 2326 3938 12663 2043 3921 12664 2042 3939 12665 2326 3938 12666 2042 3939 12667 2041 3940 12668 2323 3934 12669 2327 3941 12670 2038 3935 12671 2038 3935 12672 2327 3941 12673 2317 3928 12674 2038 3935 12675 2317 3928 12676 2036 3942 12677 2036 3942 12678 2317 3928 12679 2319 3930 12680 2036 3942 12681 2319 3930 12682 2041 3940 12683 2041 3940 12684 2319 3930 12685 2321 3932 12686 2041 3940 12687 2321 3932 12688 2326 3938 12689 2326 3938 12690 2321 3932 12691 2322 3933 12692 2326 3938 12693 2322 3933 12694 2325 3937 12695 2325 3937 12696 2322 3933 12697 2313 3924 12698 2325 3937 12699 2313 3924 12700 2324 3936 12701 2324 3936 12702 2313 3924 12703 2312 3923 12704 2328 3943 12705 2329 3944 12706 2330 3945 12707 2331 3946 12708 2324 3936 12709 2312 3923 12710 2265 3853 12711 2192 3762 12712 2331 3946 12713 2332 3947 12714 2257 3840 12715 2258 3841 12716 2257 3840 12717 2332 3947 12718 2256 3839 12719 2333 3948 12720 2334 3949 12721 2335 3950 12722 2335 3950 12723 2334 3949 12724 2336 3951 12725 2335 3950 12726 2336 3951 12727 2337 3952 12728 2264 3852 12729 2338 3953 12730 2263 3851 12731 2263 3851 12732 2338 3953 12733 2339 3954 12734 2263 3851 12735 2339 3954 12736 2340 3955 12737 2341 3956 12738 2342 3957 12739 2343 3958 12740 2330 3945 12741 2329 3944 12742 2341 3956 12743 2341 3956 12744 2329 3944 12745 2344 3959 12746 2341 3956 12747 2344 3959 12748 2342 3957 12749 2328 3943 12750 2345 3960 12751 2329 3944 12752 2329 3944 12753 2345 3960 12754 2346 3961 12755 2329 3944 12756 2346 3961 12757 2344 3959 12758 2347 3962 12759 2348 3963 12760 2349 3964 12761 2350 3965 12762 2004 3764 12763 2193 3763 12764 2350 3965 12765 2193 3763 12766 2349 3964 12767 2193 3763 12768 2256 3839 12769 2349 3964 12770 2349 3964 12771 2256 3839 12772 2332 3947 12773 2349 3964 12774 2332 3947 12775 2347 3962 12776 2347 3962 12777 2332 3947 12778 2258 3841 12779 2347 3962 12780 2258 3841 12781 2351 3966 12782 2258 3841 12783 2263 3851 12784 2351 3966 12785 2351 3966 12786 2263 3851 12787 2340 3955 12788 2351 3966 12789 2340 3955 12790 2347 3962 12791 2347 3962 12792 2340 3955 12793 2352 3967 12794 2347 3962 12795 2352 3967 12796 2348 3963 12797 2324 3936 12798 2331 3946 12799 2310 3920 12800 2310 3920 12801 2331 3946 12802 2192 3762 12803 2310 3920 12804 2192 3762 12805 2008 3761 12806 2311 3922 12807 2345 3960 12808 2312 3923 12809 2312 3923 12810 2345 3960 12811 2328 3943 12812 2312 3923 12813 2328 3943 12814 2331 3946 12815 2331 3946 12816 2328 3943 12817 2330 3945 12818 2331 3946 12819 2330 3945 12820 2265 3853 12821 2265 3853 12822 2330 3945 12823 2341 3956 12824 2265 3853 12825 2341 3956 12826 2264 3852 12827 2264 3852 12828 2341 3956 12829 2343 3958 12830 2264 3852 12831 2343 3958 12832 2338 3953 12833 2339 3954 12834 2353 3968 12835 2340 3955 12836 2340 3955 12837 2353 3968 12838 2337 3952 12839 2340 3955 12840 2337 3952 12841 2352 3967 12842 2352 3967 12843 2337 3952 12844 2336 3951 12845 2352 3967 12846 2336 3951 12847 2348 3963 12848 2348 3963 12849 2336 3951 12850 2354 3969 12851 2348 3963 12852 2354 3969 12853 2349 3964 12854 2349 3964 12855 2354 3969 12856 2355 3970 12857 2349 3964 12858 2355 3970 12859 2350 3965 12860 2356 3971 12861 2357 3972 12862 2358 3973 12863 2359 3974 12864 2360 3975 12865 2361 3976 12866 2362 3977 12867 2363 3978 12868 2364 3979 12869 2363 3978 12870 2362 3977 12871 2365 3980 12872 2365 3980 12873 2362 3977 12874 2366 3981 12875 2365 3980 12876 2366 3981 12877 2367 3982 12878 2367 3982 12879 2366 3981 12880 2357 3972 12881 2367 3982 12882 2357 3972 12883 2368 3983 12884 2368 3983 12885 2357 3972 12886 2356 3971 12887 2368 3983 12888 2356 3971 12889 2369 3984 12890 2369 3984 12891 2356 3971 12892 2334 3949 12893 2369 3984 12894 2334 3949 12895 2333 3948 12896 2358 3973 12897 2357 3972 12898 2370 3985 12899 2370 3985 12900 2357 3972 12901 2366 3981 12902 2370 3985 12903 2366 3981 12904 2371 3986 12905 2371 3986 12906 2366 3981 12907 2362 3977 12908 2371 3986 12909 2362 3977 12910 2361 3976 12911 2361 3976 12912 2362 3977 12913 2364 3979 12914 2361 3976 12915 2364 3979 12916 2359 3974 12917 2372 3987 12918 2373 3988 12919 2374 3989 12920 2336 3951 12921 2374 3989 12922 2354 3969 12923 2354 3969 12924 2374 3989 12925 2373 3988 12926 2354 3969 12927 2373 3988 12928 2355 3970 12929 2355 3970 12930 2373 3988 12931 2350 3965 12932 2004 3764 12933 2350 3965 12934 2051 3990 12935 2051 3990 12936 2350 3965 12937 2373 3988 12938 2051 3990 12939 2373 3988 12940 2050 3991 12941 2050 3991 12942 2373 3988 12943 2372 3987 12944 2050 3991 12945 2372 3987 12946 2048 3992 12947 2360 3975 12948 2044 3993 12949 2361 3976 12950 2361 3976 12951 2044 3993 12952 2046 3994 12953 2361 3976 12954 2046 3994 12955 2371 3986 12956 2371 3986 12957 2046 3994 12958 2048 3992 12959 2371 3986 12960 2048 3992 12961 2370 3985 12962 2370 3985 12963 2048 3992 12964 2372 3987 12965 2370 3985 12966 2372 3987 12967 2358 3973 12968 2358 3973 12969 2372 3987 12970 2374 3989 12971 2358 3973 12972 2374 3989 12973 2356 3971 12974 2356 3971 12975 2374 3989 12976 2336 3951 12977 2356 3971 12978 2336 3951 12979 2334 3949 12980 2375 3995 12981 2079 3996 12982 2104 3997 12983 2375 3995 12984 2104 3997 12985 2376 3998 12986 2376 3998 12987 2104 3997 12988 2106 3999 12989 2376 3998 12990 2106 3999 12991 2377 4000 12992 2377 4000 12993 2106 3999 12994 2108 4001 12995 2377 4000 12996 2108 4001 12997 2378 4002 12998 2378 4002 12999 2108 4001 13000 2110 4003 13001 2378 4002 13002 2110 4003 13003 2379 4004 13004 2379 4004 13005 2110 4003 13006 2112 4005 13007 2379 4004 13008 2112 4005 13009 2380 4006 13010 2044 3993 13011 2360 3975 13012 2103 4007 13013 2103 4007 13014 2360 3975 13015 2380 4006 13016 2103 4007 13017 2380 4006 13018 2114 4008 13019 2114 4008 13020 2380 4006 13021 2112 4005 13022 2088 4009 13023 2381 4010 13024 2090 4011 13025 2090 4011 13026 2381 4010 13027 2382 4012 13028 2090 4011 13029 2382 4012 13030 2092 4013 13031 2092 4013 13032 2382 4012 13033 2383 4014 13034 2092 4013 13035 2383 4014 13036 2094 4015 13037 2094 4015 13038 2383 4014 13039 2384 4016 13040 2094 4015 13041 2384 4016 13042 2076 4017 13043 2076 4017 13044 2384 4016 13045 2385 4018 13046 2076 4017 13047 2385 4018 13048 2064 4019 13049 2084 4020 13050 2386 4021 13051 2086 4022 13052 2086 4022 13053 2386 4021 13054 2387 4023 13055 2086 4022 13056 2387 4023 13057 2088 4009 13058 2088 4009 13059 2387 4023 13060 2388 4024 13061 2088 4009 13062 2388 4024 13063 2381 4010 13064 2084 4020 13065 2083 4025 13066 2386 4021 13067 2386 4021 13068 2083 4025 13069 2081 4026 13070 2386 4021 13071 2081 4026 13072 2389 4027 13073 2389 4027 13074 2081 4026 13075 2080 4028 13076 2389 4027 13077 2080 4028 13078 2390 4029 13079 2390 4029 13080 2080 4028 13081 2079 3996 13082 2390 4029 13083 2079 3996 13084 2375 3995 13085 2391 4030 13086 2392 4031 13087 2073 4032 13088 2073 4032 13089 2392 4031 13090 2393 4033 13091 2073 4032 13092 2393 4033 13093 2071 4034 13094 2391 4030 13095 2073 4032 13096 2394 4035 13097 2394 4035 13098 2073 4032 13099 2070 4036 13100 2394 4035 13101 2070 4036 13102 2395 4037 13103 2395 4037 13104 2070 4036 13105 2068 4038 13106 2395 4037 13107 2068 4038 13108 2396 4039 13109 2396 4039 13110 2068 4038 13111 2066 4040 13112 2396 4039 13113 2066 4040 13114 2397 4041 13115 2064 4019 13116 2385 4018 13117 2066 4040 13118 2066 4040 13119 2385 4018 13120 2398 4042 13121 2066 4040 13122 2398 4042 13123 2397 4041 13124 2298 3900 13125 2399 4043 13126 2299 3901 13127 2299 3901 13128 2399 4043 13129 2400 4044 13130 2299 3901 13131 2400 4044 13132 2301 3903 13133 2401 4045 13134 2402 4046 13135 2403 4047 13136 2403 4047 13137 2402 4046 13138 2404 4048 13139 2405 4049 13140 2406 4050 13141 2404 4048 13142 2404 4048 13143 2406 4050 13144 2407 4051 13145 2406 4050 13146 2071 4034 13147 2393 4033 13148 2407 4051 13149 2406 4050 13150 2408 4052 13151 2408 4052 13152 2406 4050 13153 2393 4033 13154 2408 4052 13155 2393 4033 13156 2392 4031 13157 2401 4045 13158 2400 4044 13159 2402 4046 13160 2402 4046 13161 2400 4044 13162 2399 4043 13163 2402 4046 13164 2399 4043 13165 2409 4053 13166 2409 4053 13167 2399 4043 13168 2410 4054 13169 2409 4053 13170 2410 4054 13171 2411 4055 13172 2411 4055 13173 2412 4056 13174 2409 4053 13175 2409 4053 13176 2412 4056 13177 2413 4057 13178 2409 4053 13179 2413 4057 13180 2402 4046 13181 2413 4057 13182 2414 4058 13183 2402 4046 13184 2402 4046 13185 2414 4058 13186 2415 4059 13187 2402 4046 13188 2415 4059 13189 2404 4048 13190 2404 4048 13191 2415 4059 13192 2416 4060 13193 2404 4048 13194 2416 4060 13195 2405 4049 13196 2416 4061 13197 2415 4062 13198 2417 4063 13199 2417 4063 13200 2415 4062 13201 2414 4064 13202 2417 4063 13203 2414 4064 13204 2418 4065 13205 2418 4065 13206 2414 4064 13207 2419 4066 13208 2419 4066 13209 2414 4064 13210 2413 4067 13211 2419 4066 13212 2413 4067 13213 2420 4068 13214 2413 4067 13215 2412 4069 13216 2420 4068 13217 2420 4068 13218 2412 4069 13219 2411 4070 13220 2420 4068 13221 2411 4070 13222 2421 4071 13223 2072 3591 13224 2071 3590 13225 2422 4072 13226 2422 4072 13227 2071 3590 13228 2406 4073 13229 2422 4072 13230 2406 4073 13231 2423 4074 13232 2423 4074 13233 2406 4073 13234 2405 4075 13235 2423 4074 13236 2405 4075 13237 2424 4076 13238 2424 4076 13239 2405 4075 13240 2416 4061 13241 2424 4076 13242 2416 4061 13243 2425 4077 13244 2425 4077 13245 2416 4061 13246 2417 4063 13247 2152 3674 13248 2151 3673 13249 2426 4078 13250 2426 4078 13251 2151 3673 13252 2427 4079 13253 2426 4078 13254 2427 4079 13255 1656 4080 13256 2428 4081 13257 2429 4082 13258 2430 4083 13259 2151 3673 13260 2169 3691 13261 2427 4079 13262 2427 4079 13263 2169 3691 13264 2431 4084 13265 2427 4079 13266 2431 4084 13267 2432 4085 13268 2432 4085 13269 2431 4084 13270 2433 4086 13271 2432 4085 13272 2433 4086 13273 2434 4087 13274 2434 4087 13275 2433 4086 13276 2435 4088 13277 2434 4087 13278 2435 4088 13279 2436 4089 13280 1645 4090 13281 2430 4083 13282 2437 4091 13283 2437 4091 13284 2430 4083 13285 2429 4082 13286 2437 4091 13287 2429 4082 13288 2438 4092 13289 1645 4090 13290 1644 4093 13291 2430 4083 13292 2430 4083 13293 1644 4093 13294 2436 4089 13295 2430 4083 13296 2436 4089 13297 2428 4081 13298 2428 4081 13299 2436 4089 13300 2435 4088 13301 1644 4093 13302 1635 4094 13303 2436 4089 13304 2436 4089 13305 1635 4094 13306 1634 4095 13307 2436 4089 13308 1634 4095 13309 2434 4087 13310 2434 4087 13311 1634 4095 13312 1643 4096 13313 2434 4087 13314 1643 4096 13315 2432 4085 13316 1643 4096 13317 1642 4097 13318 2432 4085 13319 2432 4085 13320 1642 4097 13321 1652 4098 13322 2432 4085 13323 1652 4098 13324 2427 4079 13325 2427 4079 13326 1652 4098 13327 1654 4099 13328 2427 4079 13329 1654 4099 13330 1656 4080 13331 1718 4100 13332 1721 4101 13333 2439 4102 13334 2440 4103 13335 1714 4104 13336 1712 4105 13337 1712 4105 13338 2441 4106 13339 2442 4107 13340 1712 4105 13341 2442 4107 13342 2440 4103 13343 2440 4103 13344 2442 4107 13345 2443 4108 13346 2440 4103 13347 2443 4108 13348 2444 4109 13349 2444 4109 13350 2443 4108 13351 2271 3872 13352 2444 4109 13353 2271 3872 13354 2275 3876 13355 2272 3873 13356 2271 3872 13357 2445 4110 13358 2445 4110 13359 2271 3872 13360 2443 4108 13361 2445 4110 13362 2443 4108 13363 2446 4111 13364 2446 4111 13365 2443 4108 13366 2442 4107 13367 2446 4111 13368 2442 4107 13369 2447 4112 13370 2447 4112 13371 2442 4107 13372 2441 4106 13373 2447 4112 13374 2441 4106 13375 2448 4113 13376 2449 4114 13377 2450 4115 13378 2448 4113 13379 2450 4115 13380 2449 4114 13381 2451 4116 13382 2451 4116 13383 2449 4114 13384 2452 4117 13385 2451 4116 13386 2452 4117 13387 2453 4118 13388 2453 4118 13389 2452 4117 13390 2454 4119 13391 2453 4118 13392 2454 4119 13393 2455 4120 13394 2455 4120 13395 2454 4119 13396 2456 4121 13397 2455 4120 13398 2456 4121 13399 2457 4122 13400 2448 4113 13401 2441 4106 13402 2449 4114 13403 2449 4114 13404 2441 4106 13405 1712 4105 13406 2449 4114 13407 1712 4105 13408 2452 4117 13409 2452 4117 13410 1712 4105 13411 1708 4123 13412 2452 4117 13413 1708 4123 13414 2454 4119 13415 2454 4119 13416 1708 4123 13417 1718 4100 13418 2454 4119 13419 1718 4100 13420 2456 4121 13421 2456 4121 13422 1718 4100 13423 2439 4102 13424 2456 4121 13425 2439 4102 13426 2457 4122 13427 2458 4124 13428 2155 3677 13429 2289 3890 13430 2287 3888 13431 2459 4125 13432 2289 3890 13433 2289 3890 13434 2459 4125 13435 2460 4126 13436 2289 3890 13437 2460 4126 13438 2458 4124 13439 2286 3887 13440 2461 4127 13441 2287 3888 13442 2287 3888 13443 2461 4127 13444 2462 4128 13445 2287 3888 13446 2462 4128 13447 2459 4125 13448 2282 3883 13449 2463 4129 13450 2284 3885 13451 2284 3885 13452 2463 4129 13453 2464 4130 13454 2284 3885 13455 2464 4130 13456 2286 3887 13457 2286 3887 13458 2464 4130 13459 2465 4131 13460 2286 3887 13461 2465 4131 13462 2461 4127 13463 2282 3883 13464 2281 3882 13465 2463 4129 13466 2463 4129 13467 2281 3882 13468 2279 3880 13469 2463 4129 13470 2279 3880 13471 2466 4132 13472 2466 4132 13473 2279 3880 13474 2467 4133 13475 2272 3873 13476 2468 4134 13477 2273 3874 13478 2273 3874 13479 2468 4134 13480 2469 4135 13481 2273 3874 13482 2469 4135 13483 2276 3877 13484 2276 3877 13485 2469 4135 13486 2467 4133 13487 2276 3877 13488 2467 4133 13489 2278 3879 13490 2278 3879 13491 2467 4133 13492 2279 3880 13493 2470 4136 13494 2467 4133 13495 101 4137 13496 101 4137 13497 2467 4133 13498 2469 4135 13499 101 4137 13500 2469 4135 13501 1694 4138 13502 1694 4138 13503 2469 4135 13504 2468 4134 13505 1694 4138 13506 2468 4134 13507 103 4139 13508 2471 4140 13509 2467 4133 13510 2472 4141 13511 2472 4141 13512 2467 4133 13513 2470 4136 13514 2473 4142 13515 2474 4143 13516 2475 4144 13517 2476 4145 13518 2477 4146 13519 1756 4147 13520 2475 4144 13521 2474 4143 13522 1740 4148 13523 2474 4143 13524 2478 4149 13525 2479 4150 13526 2479 4150 13527 2478 4149 13528 2480 4151 13529 2476 4145 13530 1756 4147 13531 2475 4144 13532 2475 4144 13533 1756 4147 13534 1757 4152 13535 2475 4144 13536 1757 4152 13537 2473 4142 13538 2474 4143 13539 2479 4150 13540 1740 4148 13541 1740 4148 13542 2479 4150 13543 2481 4153 13544 1740 4148 13545 2481 4153 13546 1741 4154 13547 2459 4155 13548 1743 4156 13549 2460 4157 13550 2460 4157 13551 1743 4156 13552 1741 4154 13553 2460 4157 13554 1741 4154 13555 2458 4158 13556 2458 4158 13557 1741 4154 13558 2481 4153 13559 2480 4151 13560 2482 4159 13561 2479 4150 13562 2479 4150 13563 2482 4159 13564 2483 4160 13565 2479 4150 13566 2483 4160 13567 2484 4161 13568 2485 4162 13569 2486 4163 13570 2464 4164 13571 2459 4155 13572 2462 4165 13573 1743 4156 13574 1743 4156 13575 2462 4165 13576 2461 4166 13577 1743 4156 13578 2461 4166 13579 2486 4163 13580 2486 4163 13581 2461 4166 13582 2465 4167 13583 2486 4163 13584 2465 4167 13585 2464 4164 13586 2464 4164 13587 2463 4168 13588 2485 4162 13589 2485 4162 13590 2463 4168 13591 2466 4169 13592 2485 4162 13593 2466 4169 13594 2471 4170 13595 2471 4170 13596 2466 4169 13597 2467 4171 13598 2485 4172 13599 2487 4173 13600 2488 4174 13601 2485 4172 13602 2488 4174 13603 2486 4175 13604 2486 4175 13605 2488 4174 13606 1744 3154 13607 2486 4175 13608 1744 3154 13609 1743 3153 13610 2487 4173 13611 2485 4172 13612 2489 4176 13613 2489 4176 13614 2485 4172 13615 2471 4140 13616 2489 4176 13617 2471 4140 13618 2472 4141 13619 2490 4177 13620 1913 4178 13621 1911 4179 13622 2160 3682 13623 2158 3680 13624 2484 4180 13625 2484 4180 13626 2158 3680 13627 2156 3678 13628 2484 4180 13629 2156 3678 13630 2479 4181 13631 2479 4181 13632 2156 3678 13633 2481 4182 13634 2481 4182 13635 2156 3678 13636 2155 3677 13637 2481 4182 13638 2155 3677 13639 2458 4124 13640 204 4183 13641 2491 4184 13642 2492 4185 13643 2484 4180 13644 2493 4186 13645 2160 3682 13646 2160 3682 13647 2493 4186 13648 2494 4187 13649 2160 3682 13650 2494 4187 13651 2162 3684 13652 2162 3684 13653 2494 4187 13654 2495 4188 13655 2162 3684 13656 2495 4188 13657 2164 3686 13658 2164 3686 13659 2495 4188 13660 2496 4189 13661 2164 3686 13662 2496 4189 13663 2166 3688 13664 2166 3688 13665 2496 4189 13666 2492 4185 13667 2166 3688 13668 2492 4185 13669 2168 3690 13670 2168 3690 13671 2492 4185 13672 2491 4184 13673 2168 3690 13674 2491 4184 13675 2169 3691 13676 204 4183 13677 2492 4185 13678 1908 4190 13679 1908 4190 13680 2492 4185 13681 2496 4189 13682 1908 4190 13683 2496 4189 13684 1909 4191 13685 1909 4191 13686 2496 4189 13687 2495 4188 13688 1909 4191 13689 2495 4188 13690 1922 4192 13691 1922 4192 13692 2495 4188 13693 2494 4187 13694 1922 4192 13695 2494 4187 13696 1921 4193 13697 1921 4193 13698 2494 4187 13699 2493 4186 13700 1921 4193 13701 2493 4186 13702 1911 4179 13703 1911 4179 13704 2493 4186 13705 2484 4180 13706 1911 4179 13707 2484 4180 13708 2490 4177 13709 2473 4194 13710 1757 3172 13711 2497 4195 13712 2497 4195 13713 1757 3172 13714 1755 3170 13715 2497 4195 13716 1755 3170 13717 2498 4196 13718 1914 4197 13719 1913 4178 13720 2490 4177 13721 2473 4194 13722 2497 4195 13723 2499 4198 13724 2473 4194 13725 2499 4198 13726 2474 4199 13727 2474 4199 13728 2499 4198 13729 2500 4200 13730 2474 4199 13731 2500 4200 13732 2478 4201 13733 2501 4202 13734 2490 4177 13735 2484 4180 13736 2484 4180 13737 2483 4203 13738 2501 4202 13739 2501 4202 13740 2483 4203 13741 2482 4204 13742 2501 4202 13743 2482 4204 13744 2500 4200 13745 2500 4200 13746 2482 4204 13747 2480 4205 13748 2500 4200 13749 2480 4205 13750 2478 4201 13751 2490 4177 13752 2501 4202 13753 1914 4197 13754 1914 4197 13755 2501 4202 13756 2500 4200 13757 1914 4197 13758 2500 4200 13759 2502 4206 13760 2502 4206 13761 2500 4200 13762 2499 4198 13763 2502 4206 13764 2499 4198 13765 2503 4207 13766 2497 4195 13767 2498 4196 13768 2499 4198 13769 2499 4198 13770 2498 4196 13771 2504 4208 13772 2499 4198 13773 2504 4208 13774 2503 4207 13775 1724 4209 13776 2505 4210 13777 1725 4211 13778 1725 4211 13779 2505 4210 13780 2506 4212 13781 1725 4211 13782 2506 4212 13783 2507 4213 13784 2507 4213 13785 2506 4212 13786 2508 4214 13787 1745 3157 13788 1731 3156 13789 2509 4215 13790 2509 4215 13791 1731 3156 13792 1726 4216 13793 2509 4215 13794 1726 4216 13795 2510 4217 13796 2510 4217 13797 1726 4216 13798 2511 4218 13799 2511 4218 13800 1726 4216 13801 1725 4211 13802 2511 4218 13803 1725 4211 13804 2507 4213 13805 2512 4219 13806 2513 4220 13807 2514 4221 13808 2515 4222 13809 2072 4223 13810 2516 4224 13811 2516 4224 13812 2072 4223 13813 2422 4225 13814 2516 4224 13815 2422 4225 13816 2514 4221 13817 2514 4221 13818 2422 4225 13819 2423 4226 13820 2514 4221 13821 2423 4226 13822 2512 4219 13823 2512 4219 13824 2423 4226 13825 2424 4227 13826 2512 4219 13827 2424 4227 13828 2517 4228 13829 2517 4228 13830 2424 4227 13831 2425 4229 13832 2517 4228 13833 2425 4229 13834 2417 4230 13835 2457 4122 13836 2439 4102 13837 2518 4231 13838 2518 4231 13839 2439 4102 13840 2519 4232 13841 2518 4231 13842 2519 4232 13843 2520 4233 13844 2520 4233 13845 2519 4232 13846 2521 4234 13847 2522 4235 13848 2523 4236 13849 2521 4234 13850 2521 4234 13851 2523 4236 13852 2524 4237 13853 2521 4234 13854 2524 4237 13855 2520 4233 13856 2525 4238 13857 2526 4239 13858 2527 4240 13859 2527 4240 13860 2526 4239 13861 2528 4241 13862 2527 4240 13863 2528 4241 13864 2522 4235 13865 2522 4235 13866 2528 4241 13867 2529 4242 13868 2522 4235 13869 2529 4242 13870 2523 4236 13871 2439 4102 13872 1721 4101 13873 2519 4232 13874 2519 4232 13875 1721 4101 13876 2062 4243 13877 2519 4232 13878 2062 4243 13879 2521 4234 13880 2521 4234 13881 2062 4243 13882 2060 4244 13883 2521 4234 13884 2060 4244 13885 2522 4235 13886 2052 4245 13887 2525 4238 13888 2053 4246 13889 2053 4246 13890 2525 4238 13891 2527 4240 13892 2053 4246 13893 2527 4240 13894 2056 4247 13895 2056 4247 13896 2527 4240 13897 2522 4235 13898 2056 4247 13899 2522 4235 13900 2058 4248 13901 2058 4248 13902 2522 4235 13903 2060 4244 13904 103 4139 13905 2468 4134 13906 2530 4249 13907 2446 4111 13908 2530 4249 13909 2445 4110 13910 2445 4110 13911 2530 4249 13912 2468 4134 13913 2445 4110 13914 2468 4134 13915 2272 3873 13916 2447 4112 13917 2531 4250 13918 2446 4111 13919 2446 4111 13920 2531 4250 13921 2532 4251 13922 2446 4111 13923 2532 4251 13924 2530 4249 13925 2447 4112 13926 2448 4113 13927 2531 4250 13928 2531 4250 13929 2448 4113 13930 2450 4115 13931 2531 4250 13932 2450 4115 13933 2533 4252 13934 2450 4115 13935 2451 4116 13936 2533 4252 13937 2533 4252 13938 2451 4116 13939 2453 4118 13940 2533 4252 13941 2453 4118 13942 2534 4253 13943 2534 4253 13944 2453 4118 13945 2455 4120 13946 2534 4253 13947 2455 4120 13948 2535 4254 13949 2535 4254 13950 2455 4120 13951 2457 4122 13952 2535 4254 13953 2457 4122 13954 2536 4255 13955 103 4139 13956 2530 4249 13957 1686 4256 13958 1686 4256 13959 2530 4249 13960 2532 4251 13961 1686 4256 13962 2532 4251 13963 1684 4257 13964 1684 4257 13965 2532 4251 13966 2531 4250 13967 1684 4257 13968 2531 4250 13969 1682 4258 13970 1682 4258 13971 2531 4250 13972 2533 4252 13973 1682 4258 13974 2533 4252 13975 1680 4259 13976 1680 4259 13977 2533 4252 13978 2534 4253 13979 1680 4259 13980 2534 4253 13981 1670 4260 13982 1670 4260 13983 2534 4253 13984 2535 4254 13985 1670 4260 13986 2535 4254 13987 1665 4261 13988 1665 4261 13989 2535 4254 13990 2536 4255 13991 1665 4261 13992 2536 4255 13993 24 4262 13994 194 4263 13995 2438 4092 13996 2429 4082 13997 2431 4084 13998 2169 3691 13999 2491 4184 14000 194 4263 14001 2429 4082 14002 1920 4264 14003 1920 4264 14004 2429 4082 14005 2428 4081 14006 1920 4264 14007 2428 4081 14008 1918 4265 14009 1918 4265 14010 2428 4081 14011 2435 4088 14012 1918 4265 14013 2435 4088 14014 1916 4266 14015 1916 4266 14016 2435 4088 14017 2433 4086 14018 1916 4266 14019 2433 4086 14020 1923 4267 14021 1923 4267 14022 2433 4086 14023 2431 4084 14024 1923 4267 14025 2431 4084 14026 1924 4268 14027 1924 4268 14028 2431 4084 14029 2491 4184 14030 1924 4268 14031 2491 4184 14032 204 4183 14033 2437 4091 14034 2438 4092 14035 2537 4269 14036 2537 4269 14037 2438 4092 14038 2538 4270 14039 2537 4269 14040 2538 4270 14041 2539 4271 14042 2539 4271 14043 2538 4270 14044 2540 4272 14045 2539 4271 14046 2540 4272 14047 2541 4273 14048 2541 4273 14049 2540 4272 14050 2542 4274 14051 2541 4273 14052 2542 4274 14053 2543 4275 14054 2543 4275 14055 2542 4274 14056 2544 4276 14057 1645 4090 14058 2437 4091 14059 2099 4277 14060 2099 4277 14061 2437 4091 14062 2537 4269 14063 2099 4277 14064 2537 4269 14065 2100 4278 14066 2100 4278 14067 2537 4269 14068 2539 4271 14069 2100 4278 14070 2539 4271 14071 2101 4279 14072 2101 4279 14073 2539 4271 14074 2541 4273 14075 2101 4279 14076 2541 4273 14077 2102 4280 14078 2102 4280 14079 2541 4273 14080 2543 4275 14081 2545 4281 14082 2544 4276 14083 2542 4274 14084 2545 4281 14085 2542 4274 14086 202 4282 14087 202 4282 14088 2542 4274 14089 200 4283 14090 200 4283 14091 2542 4274 14092 2540 4272 14093 200 4283 14094 2540 4272 14095 198 4284 14096 198 4284 14097 2540 4272 14098 2538 4270 14099 198 4284 14100 2538 4270 14101 196 4285 14102 196 4285 14103 2538 4270 14104 2438 4092 14105 196 4285 14106 2438 4092 14107 194 4263 14108 2543 4275 14109 2544 4276 14110 2546 4286 14111 2102 4280 14112 2543 4275 14113 2547 4287 14114 2543 4275 14115 2546 4286 14116 2547 4287 14117 2547 4287 14118 2546 4286 14119 2548 4288 14120 2547 4287 14121 2548 4288 14122 2549 4289 14123 2548 4288 14124 2550 4290 14125 2549 4289 14126 2549 4289 14127 2550 4290 14128 2551 4291 14129 2549 4289 14130 2551 4291 14131 2552 4292 14132 2552 4292 14133 2551 4291 14134 2553 4293 14135 2552 4292 14136 2553 4293 14137 2554 4294 14138 2102 4280 14139 2547 4287 14140 2124 4295 14141 2124 4295 14142 2547 4287 14143 2549 4289 14144 2124 4295 14145 2549 4289 14146 2123 4296 14147 2123 4296 14148 2549 4289 14149 2552 4292 14150 2123 4296 14151 2552 4292 14152 2122 4297 14153 2122 4297 14154 2552 4292 14155 2554 4294 14156 2122 4297 14157 2554 4294 14158 2121 4298 14159 2555 4299 14160 2553 4293 14161 2551 4291 14162 210 4300 14163 2555 4299 14164 2556 4301 14165 2555 4299 14166 2551 4291 14167 2556 4301 14168 2556 4301 14169 2551 4291 14170 2550 4290 14171 2556 4301 14172 2550 4290 14173 2557 4302 14174 2557 4302 14175 2550 4290 14176 2548 4288 14177 2557 4302 14178 2548 4288 14179 2558 4303 14180 2558 4303 14181 2548 4288 14182 2546 4286 14183 2558 4303 14184 2546 4286 14185 2559 4304 14186 2559 4304 14187 2546 4286 14188 2544 4276 14189 2559 4304 14190 2544 4276 14191 2545 4281 14192 210 4300 14193 2556 4301 14194 1930 4305 14195 1930 4305 14196 2556 4301 14197 2557 4302 14198 1930 4305 14199 2557 4302 14200 1932 4306 14201 1932 4306 14202 2557 4302 14203 2558 4303 14204 1932 4306 14205 2558 4303 14206 1933 4307 14207 1933 4307 14208 2558 4303 14209 2559 4304 14210 1933 4307 14211 2559 4304 14212 1929 4308 14213 1929 4308 14214 2559 4304 14215 2545 4281 14216 1929 4308 14217 2545 4281 14218 202 4282 14219 2554 4294 14220 2553 4293 14221 2560 4309 14222 2560 4309 14223 2553 4293 14224 2561 4310 14225 2560 4309 14226 2561 4310 14227 2562 4311 14228 2562 4311 14229 2561 4310 14230 2563 4312 14231 2562 4311 14232 2563 4312 14233 2564 4313 14234 2564 4313 14235 2563 4312 14236 2565 4314 14237 2121 4298 14238 2554 4294 14239 2127 4315 14240 2127 4315 14241 2554 4294 14242 2560 4309 14243 2127 4315 14244 2560 4309 14245 2128 4316 14246 2128 4316 14247 2560 4309 14248 2562 4311 14249 2128 4316 14250 2562 4311 14251 2129 4317 14252 2129 4317 14253 2562 4311 14254 2564 4313 14255 2566 4318 14256 2567 4319 14257 2568 4320 14258 2569 4321 14259 2570 4322 14260 2571 4323 14261 2571 4323 14262 2570 4322 14263 2572 4324 14264 2571 4323 14265 2572 4324 14266 2573 4325 14267 2573 4325 14268 2572 4324 14269 2574 4326 14270 2574 4326 14271 2572 4324 14272 2575 4327 14273 2574 4326 14274 2575 4327 14275 2576 4328 14276 2576 4328 14277 2575 4327 14278 2577 4329 14279 2577 4329 14280 2575 4327 14281 2564 4313 14282 2577 4329 14283 2564 4313 14284 2565 4314 14285 2131 4330 14286 2566 4318 14287 2578 4331 14288 2578 4331 14289 2566 4318 14290 2568 4320 14291 2578 4331 14292 2568 4320 14293 2579 4332 14294 2131 4330 14295 2133 4333 14296 2566 4318 14297 2566 4318 14298 2133 4333 14299 2570 4322 14300 2566 4318 14301 2570 4322 14302 2567 4319 14303 2567 4319 14304 2570 4322 14305 2569 4321 14306 2567 4319 14307 2569 4321 14308 2580 4334 14309 2133 4333 14310 2135 4335 14311 2570 4322 14312 2570 4322 14313 2135 4335 14314 2137 4336 14315 2570 4322 14316 2137 4336 14317 2572 4324 14318 2572 4324 14319 2137 4336 14320 2138 4337 14321 2572 4324 14322 2138 4337 14323 2575 4327 14324 2129 4317 14325 2564 4313 14326 2130 4338 14327 2130 4338 14328 2564 4313 14329 2575 4327 14330 2130 4338 14331 2575 4327 14332 2140 4339 14333 2140 4339 14334 2575 4327 14335 2138 4337 14336 2581 4340 14337 2150 4341 14338 2582 4342 14339 2582 4342 14340 2150 4341 14341 2148 4343 14342 2582 4342 14343 2148 4343 14344 2583 4344 14345 2144 4345 14346 2584 4346 14347 2585 4347 14348 2144 4345 14349 2585 4347 14350 2146 4348 14351 2585 4347 14352 2586 4349 14353 2146 4348 14354 2146 4348 14355 2586 4349 14356 2587 4350 14357 2146 4348 14358 2587 4350 14359 2148 4343 14360 2148 4343 14361 2587 4350 14362 2588 4351 14363 2148 4343 14364 2588 4351 14365 2583 4344 14366 2584 4346 14367 2144 4345 14368 2589 4352 14369 2589 4352 14370 2144 4345 14371 2142 4353 14372 2589 4352 14373 2142 4353 14374 2590 4354 14375 2578 4331 14376 2579 4332 14377 2591 4355 14378 2590 4354 14379 2142 4353 14380 2591 4355 14381 2591 4355 14382 2142 4353 14383 2131 4330 14384 2591 4355 14385 2131 4330 14386 2578 4331 14387 2581 4340 14388 2592 4356 14389 2150 4341 14390 2150 4341 14391 2592 4356 14392 2593 4357 14393 2150 4341 14394 2593 4357 14395 2594 4358 14396 2595 4359 14397 2596 4360 14398 2597 4361 14399 2594 4358 14400 2595 4359 14401 2150 4341 14402 2150 4341 14403 2595 4359 14404 2597 4361 14405 2150 4341 14406 2597 4361 14407 2598 4362 14408 2598 4362 14409 2597 4361 14410 2599 4363 14411 2598 4362 14412 2599 4363 14413 2600 4364 14414 2601 4365 14415 2602 4366 14416 2603 4367 14417 1900 4368 14418 166 4369 14419 2602 4366 14420 2576 4328 14421 2604 4370 14422 2574 4326 14423 2574 4326 14424 2604 4370 14425 2605 4371 14426 2574 4326 14427 2605 4371 14428 2573 4325 14429 2573 4325 14430 2605 4371 14431 2606 4372 14432 2573 4325 14433 2606 4372 14434 2571 4323 14435 2571 4323 14436 2606 4372 14437 2601 4365 14438 2571 4323 14439 2601 4365 14440 2569 4321 14441 2569 4321 14442 2601 4365 14443 2603 4367 14444 2569 4321 14445 2603 4367 14446 2580 4334 14447 2576 4328 14448 2577 4329 14449 2604 4370 14450 2604 4370 14451 2577 4329 14452 2565 4314 14453 2604 4370 14454 2565 4314 14455 2607 4373 14456 2602 4366 14457 2601 4365 14458 1900 4368 14459 1900 4368 14460 2601 4365 14461 2606 4372 14462 1900 4368 14463 2606 4372 14464 1898 4374 14465 1898 4374 14466 2606 4372 14467 2605 4371 14468 1898 4374 14469 2605 4371 14470 1899 4375 14471 1899 4375 14472 2605 4371 14473 2604 4370 14474 1899 4375 14475 2604 4370 14476 1894 4376 14477 1894 4376 14478 2604 4370 14479 2607 4373 14480 1894 4376 14481 2607 4373 14482 168 4377 14483 2608 4378 14484 2609 4379 14485 2610 4380 14486 2611 4381 14487 2612 4382 14488 2613 4383 14489 2611 4381 14490 2613 4383 14491 2614 4384 14492 2615 4385 14493 2616 4386 14494 2617 4387 14495 2618 4388 14496 2619 4389 14497 2620 4390 14498 2620 4390 14499 2619 4389 14500 2621 4391 14501 2620 4390 14502 2621 4391 14503 2622 4392 14504 2622 4392 14505 2621 4391 14506 2623 4393 14507 2622 4392 14508 2623 4393 14509 2616 4386 14510 2616 4386 14511 2623 4393 14512 2624 4394 14513 2616 4386 14514 2624 4394 14515 2617 4387 14516 2614 4384 14517 2613 4383 14518 2625 4395 14519 2625 4395 14520 2613 4383 14521 2626 4396 14522 2625 4395 14523 2626 4396 14524 2620 4390 14525 2620 4390 14526 2626 4396 14527 2627 4397 14528 2620 4390 14529 2627 4397 14530 2618 4388 14531 2617 4387 14532 2628 4398 14533 2615 4385 14534 2615 4385 14535 2628 4398 14536 2629 4399 14537 2615 4385 14538 2629 4399 14539 2630 4400 14540 2631 4401 14541 2632 4402 14542 2633 4403 14543 2633 4403 14544 2632 4402 14545 2621 4391 14546 2633 4403 14547 2621 4391 14548 2634 4404 14549 2634 4404 14550 2621 4391 14551 2619 4389 14552 2635 4405 14553 2636 4406 14554 2610 4380 14555 2610 4380 14556 2636 4406 14557 2632 4402 14558 2610 4380 14559 2632 4402 14560 2608 4378 14561 2608 4378 14562 2632 4402 14563 2631 4401 14564 2637 4407 14565 2638 4408 14566 2639 4409 14567 2639 4409 14568 2638 4408 14569 2640 4410 14570 2639 4409 14571 2640 4410 14572 2641 4411 14573 2641 4411 14574 2640 4410 14575 2642 4412 14576 2641 4411 14577 2642 4412 14578 2643 4413 14579 2630 4400 14580 2644 4414 14581 2615 4385 14582 2615 4385 14583 2644 4414 14584 2645 4415 14585 2615 4385 14586 2645 4415 14587 2646 4416 14588 2646 4416 14589 2645 4415 14590 2647 4417 14591 2646 4416 14592 2647 4417 14593 2648 4418 14594 2648 4418 14595 2647 4417 14596 2649 4419 14597 2648 4418 14598 2649 4419 14599 2650 4420 14600 2650 4420 14601 2649 4419 14602 2651 4421 14603 2650 4420 14604 2651 4421 14605 2652 4422 14606 2652 4422 14607 2651 4421 14608 2643 4413 14609 2652 4422 14610 2643 4413 14611 2653 4423 14612 2653 4423 14613 2643 4413 14614 2642 4412 14615 2637 4407 14616 2654 4424 14617 2638 4408 14618 2638 4408 14619 2654 4424 14620 2655 4425 14621 2638 4408 14622 2655 4425 14623 2656 4426 14624 2657 4427 14625 2620 4428 14626 2658 4429 14627 2658 4429 14628 2620 4428 14629 2622 4430 14630 2658 4429 14631 2622 4430 14632 2659 4431 14633 2659 4431 14634 2622 4430 14635 2616 4432 14636 2659 4431 14637 2616 4432 14638 2660 4433 14639 2660 4433 14640 2616 4432 14641 2615 4434 14642 2660 4433 14643 2615 4434 14644 2661 4435 14645 2661 4435 14646 2615 4434 14647 2646 4436 14648 2661 4435 14649 2646 4436 14650 2662 4437 14651 2662 4437 14652 2646 4436 14653 2648 4438 14654 2662 4437 14655 2648 4438 14656 2663 4439 14657 2663 4439 14658 2648 4438 14659 2650 4440 14660 2663 4439 14661 2650 4440 14662 2664 4441 14663 2664 4441 14664 2650 4440 14665 2652 4442 14666 2664 4441 14667 2652 4442 14668 2665 4443 14669 2665 4443 14670 2652 4442 14671 2653 4444 14672 2665 4443 14673 2653 4444 14674 2666 4445 14675 2666 4445 14676 2653 4444 14677 2642 4446 14678 2666 4445 14679 2642 4446 14680 2667 4447 14681 2667 4447 14682 2642 4446 14683 2640 4448 14684 2667 4447 14685 2640 4448 14686 2668 4449 14687 2668 4449 14688 2640 4448 14689 2638 4450 14690 2668 4449 14691 2638 4450 14692 2669 4451 14693 2669 4451 14694 2638 4450 14695 2656 4452 14696 2669 4451 14697 2656 4452 14698 2670 4453 14699 2671 4454 14700 2672 4455 14701 2673 4456 14702 1875 3295 14703 2674 4457 14704 2675 4458 14705 2673 4456 14706 1876 3296 14707 2671 4454 14708 2671 4454 14709 1876 3296 14710 1875 3295 14711 2671 4454 14712 1875 3295 14713 2676 4459 14714 2676 4459 14715 1875 3295 14716 2675 4458 14717 2676 4459 14718 2675 4458 14719 2677 4460 14720 2677 4460 14721 2675 4458 14722 2678 4461 14723 2679 4462 14724 2680 4463 14725 2681 4464 14726 2679 4462 14727 2681 4464 14728 1867 3287 14729 2682 4465 14730 2683 4466 14731 2684 4467 14732 2684 4467 14733 2683 4466 14734 2685 4468 14735 2684 4467 14736 2685 4468 14737 2681 4464 14738 2681 4464 14739 2685 4468 14740 1868 3288 14741 2681 4464 14742 1868 3288 14743 1867 3287 14744 2686 4469 14745 2687 4470 14746 2688 4471 14747 2689 4472 14748 2679 4473 14749 1867 4474 14750 2505 4475 14751 2690 4476 14752 2691 4477 14753 2692 4478 14754 2693 4479 14755 1856 4480 14756 1854 4481 14757 2694 4482 14758 2695 4483 14759 2696 4484 14760 2697 4485 14761 2698 4486 14762 2698 4486 14763 2697 4485 14764 2699 4487 14765 2698 4486 14766 2699 4487 14767 2687 4470 14768 2687 4470 14769 2699 4487 14770 2700 4488 14771 2687 4470 14772 2700 4488 14773 2701 4489 14774 1854 4481 14775 2695 4483 14776 1852 4490 14777 2693 4479 14778 2702 4491 14779 2506 4492 14780 1854 4481 14781 1856 4480 14782 2694 4482 14783 2694 4482 14784 1856 4480 14785 2693 4479 14786 2694 4482 14787 2693 4479 14788 2691 4477 14789 2691 4477 14790 2693 4479 14791 2506 4492 14792 2691 4477 14793 2506 4492 14794 2505 4475 14795 1858 4493 14796 2703 4494 14797 1856 4480 14798 1856 4480 14799 2703 4494 14800 2704 4495 14801 1856 4480 14802 2704 4495 14803 2692 4478 14804 2705 4496 14805 2706 4497 14806 1860 4498 14807 1860 4498 14808 2706 4497 14809 2707 4499 14810 1860 4498 14811 2707 4499 14812 1858 4493 14813 1858 4493 14814 2707 4499 14815 2708 4500 14816 1858 4493 14817 2708 4500 14818 2703 4494 14819 2709 4501 14820 2710 4502 14821 2711 4503 14822 2711 4503 14823 2710 4502 14824 2686 4469 14825 2711 4503 14826 2686 4469 14827 2712 4504 14828 2712 4504 14829 2686 4469 14830 2688 4471 14831 2713 4505 14832 2714 4506 14833 2698 4486 14834 2698 4486 14835 2714 4506 14836 2715 4507 14837 2698 4486 14838 2715 4507 14839 2696 4484 14840 2696 4484 14841 2715 4507 14842 2716 4508 14843 2689 4472 14844 1867 4474 14845 2717 4509 14846 2717 4509 14847 1867 4474 14848 1870 4510 14849 2717 4509 14850 1870 4510 14851 1872 4511 14852 2695 4483 14853 2718 4512 14854 1852 4490 14855 1852 4490 14856 2718 4512 14857 2719 4513 14858 1852 4490 14859 2719 4513 14860 1850 4514 14861 1850 4514 14862 2719 4513 14863 2720 4515 14864 1850 4514 14865 2720 4515 14866 1847 4516 14867 1847 4516 14868 2720 4515 14869 2717 4509 14870 1847 4516 14871 2717 4509 14872 1866 4517 14873 1866 4517 14874 2717 4509 14875 1872 4511 14876 1866 4517 14877 1872 4511 14878 1874 4518 14879 1633 4519 14880 2721 4520 14881 2722 4521 14882 2722 4521 14883 2721 4520 14884 2705 4496 14885 2722 4521 14886 2705 4496 14887 1862 4522 14888 1862 4522 14889 2705 4496 14890 1860 4498 14891 1881 4523 14892 1878 4524 14893 1864 4525 14894 1864 4525 14895 1878 4524 14896 1876 4526 14897 1864 4525 14898 1876 4526 14899 1862 4522 14900 1862 4522 14901 1876 4526 14902 2673 4527 14903 1862 4522 14904 2673 4527 14905 2722 4521 14906 1619 4528 14907 1617 4529 14908 2701 4489 14909 2701 4489 14910 1617 4529 14911 2723 4530 14912 2701 4489 14913 2723 4530 14914 2687 4470 14915 2687 4470 14916 2723 4530 14917 2724 4531 14918 2687 4470 14919 2724 4531 14920 2688 4471 14921 1633 4519 14922 1631 4532 14923 2721 4520 14924 2721 4520 14925 1631 4532 14926 1629 4533 14927 2721 4520 14928 1629 4533 14929 2725 4534 14930 2725 4534 14931 1629 4533 14932 1627 4535 14933 2725 4534 14934 1627 4535 14935 2726 4536 14936 2726 4536 14937 1627 4535 14938 1625 4537 14939 2726 4536 14940 1625 4537 14941 2727 4538 14942 2727 4538 14943 1625 4537 14944 1623 4539 14945 2727 4538 14946 1623 4539 14947 2701 4489 14948 2701 4489 14949 1623 4539 14950 1621 4540 14951 2701 4489 14952 1621 4540 14953 1619 4528 14954 2728 4541 14955 2729 4542 14956 2730 4543 14957 2730 4543 14958 2729 4542 14959 2731 4544 14960 2730 4543 14961 2731 4544 14962 2732 4545 14963 2732 4545 14964 2731 4544 14965 2714 4506 14966 2732 4545 14967 2714 4506 14968 2733 4546 14969 2733 4546 14970 2714 4506 14971 2713 4505 14972 2671 4454 14973 2676 4459 14974 2734 4547 14975 2734 4547 14976 2676 4459 14977 2735 4548 14978 2734 4547 14979 2735 4548 14980 2736 4549 14981 2736 4549 14982 2735 4548 14983 2669 4451 14984 2736 4549 14985 2669 4451 14986 2670 4453 14987 2737 4550 14988 2714 4551 14989 2738 4552 14990 2738 4552 14991 2714 4551 14992 2731 4553 14993 2739 4554 14994 2631 4555 14995 2740 4556 14996 2740 4556 14997 2631 4555 14998 2633 4557 14999 2741 4558 15000 2742 4559 15001 2743 4560 15002 2732 4561 15003 2733 4562 15004 2741 4558 15005 2741 4558 15006 2733 4562 15007 2713 4563 15008 2741 4558 15009 2713 4563 15010 2744 4564 15011 2741 4558 15012 2743 4560 15013 2732 4561 15014 2732 4561 15015 2743 4560 15016 2745 4565 15017 2732 4561 15018 2745 4565 15019 2730 4566 15020 2746 4567 15021 2625 4568 15022 2657 4427 15023 2657 4427 15024 2625 4568 15025 2620 4428 15026 2747 4569 15027 2418 4570 15028 2419 4571 15029 2517 4228 15030 2417 4230 15031 2418 4570 15032 2419 4571 15033 2748 4572 15034 2747 4569 15035 2747 4569 15036 2748 4572 15037 2749 4573 15038 2747 4569 15039 2749 4573 15040 2750 4574 15041 2750 4574 15042 2749 4573 15043 2751 4575 15044 2750 4574 15045 2751 4575 15046 2752 4576 15047 2753 4577 15048 2750 4574 15049 2754 4578 15050 2754 4578 15051 2750 4574 15052 2752 4576 15053 2754 4578 15054 2752 4576 15055 2755 4579 15056 2418 4570 15057 2747 4569 15058 2517 4228 15059 2517 4228 15060 2747 4569 15061 2750 4574 15062 2517 4228 15063 2750 4574 15064 2512 4219 15065 2512 4219 15066 2750 4574 15067 2753 4577 15068 2512 4219 15069 2753 4577 15070 2513 4220 15071 2756 4580 15072 2515 4222 15073 2516 4224 15074 2757 4581 15075 130 4582 15076 78 4583 15077 2514 4221 15078 2513 4220 15079 2757 4581 15080 2514 4221 15081 2757 4581 15082 2516 4224 15083 2757 4581 15084 78 4583 15085 2516 4224 15086 2516 4224 15087 78 4583 15088 79 4584 15089 2516 4224 15090 79 4584 15091 2756 4580 15092 2755 4585 15093 2752 4586 15094 2758 4587 15095 2614 4588 15096 2625 4568 15097 2746 4567 15098 2746 4567 15099 2759 4589 15100 2614 4588 15101 2614 4588 15102 2759 4589 15103 2760 4590 15104 2614 4588 15105 2760 4590 15106 2611 4591 15107 120 4592 15108 121 4593 15109 2761 4594 15110 2760 4590 15111 120 4592 15112 2611 4591 15113 2611 4591 15114 120 4592 15115 2758 4587 15116 2758 4587 15117 120 4592 15118 2761 4594 15119 2758 4587 15120 2761 4594 15121 2755 4585 15122 121 4595 15123 122 4596 15124 2762 4597 15125 2762 4597 15126 2753 4577 15127 2754 4578 15128 121 4595 15129 2762 4597 15130 2761 4598 15131 2761 4598 15132 2762 4597 15133 2754 4578 15134 2761 4598 15135 2754 4578 15136 2755 4579 15137 122 4596 15138 130 4582 15139 2757 4581 15140 122 4596 15141 2757 4581 15142 2762 4597 15143 2762 4597 15144 2757 4581 15145 2513 4220 15146 2762 4597 15147 2513 4220 15148 2753 4577 15149 2763 4599 15150 2627 4600 15151 2764 4601 15152 2764 4601 15153 2627 4600 15154 2626 4602 15155 2740 4556 15156 2633 4557 15157 2634 4603 15158 2740 4556 15159 2634 4603 15160 2765 4604 15161 2765 4604 15162 2634 4603 15163 2619 4605 15164 2765 4604 15165 2619 4605 15166 2766 4606 15167 2766 4606 15168 2619 4605 15169 2618 4607 15170 2766 4606 15171 2618 4607 15172 2767 4608 15173 2767 4608 15174 2618 4607 15175 2627 4600 15176 2767 4608 15177 2627 4600 15178 2763 4599 15179 2591 4355 15180 2579 4332 15181 164 4609 15182 2579 4332 15183 2568 4320 15184 164 4609 15185 164 4609 15186 2568 4320 15187 2567 4319 15188 164 4609 15189 2567 4319 15190 2580 4334 15191 2580 4334 15192 2603 4367 15193 164 4609 15194 164 4609 15195 2603 4367 15196 2602 4366 15197 164 4609 15198 2602 4366 15199 166 4369 15200 162 4610 15201 2586 4349 15202 2585 4347 15203 2585 4347 15204 2584 4346 15205 162 4610 15206 162 4610 15207 2584 4346 15208 2589 4352 15209 162 4610 15210 2589 4352 15211 164 4609 15212 164 4609 15213 2589 4352 15214 2590 4354 15215 164 4609 15216 2590 4354 15217 2591 4355 15218 2583 4344 15219 2588 4351 15220 162 4610 15221 162 4610 15222 2588 4351 15223 2587 4350 15224 162 4610 15225 2587 4350 15226 2586 4349 15227 2597 4361 15228 2596 4360 15229 150 4611 15230 2768 4612 15231 2600 4364 15232 150 4611 15233 150 4611 15234 2600 4364 15235 2599 4363 15236 150 4611 15237 2599 4363 15238 2597 4361 15239 2596 4360 15240 2595 4359 15241 150 4611 15242 150 4611 15243 2595 4359 15244 2594 4358 15245 150 4611 15246 2594 4358 15247 160 4613 15248 160 4613 15249 2594 4358 15250 2593 4357 15251 2593 4357 15252 2592 4356 15253 160 4613 15254 160 4613 15255 2592 4356 15256 2581 4340 15257 160 4613 15258 2581 4340 15259 162 4610 15260 162 4610 15261 2581 4340 15262 2582 4342 15263 162 4610 15264 2582 4342 15265 2583 4344 15266 2294 4614 15267 2149 3671 15268 2150 3672 15269 2296 4615 15270 2769 4616 15271 2298 4617 15272 2298 4617 15273 2769 4616 15274 2770 4618 15275 2298 4617 15276 2770 4618 15277 2771 4619 15278 2771 4619 15279 2770 4618 15280 2772 4620 15281 2150 3672 15282 2598 4621 15283 2294 4614 15284 2294 4614 15285 2598 4621 15286 2600 4622 15287 2294 4614 15288 2600 4622 15289 2296 4615 15290 2296 4615 15291 2600 4622 15292 2768 4623 15293 2296 4615 15294 2768 4623 15295 2769 4616 15296 2773 4624 15297 2421 4071 15298 2411 4070 15299 2773 4624 15300 2411 4070 15301 2774 4625 15302 2774 4625 15303 2411 4070 15304 2410 4626 15305 2774 4625 15306 2410 4626 15307 2775 4627 15308 2775 4627 15309 2410 4626 15310 2399 4628 15311 2775 4627 15312 2399 4628 15313 2776 4629 15314 2399 4628 15315 2298 4617 15316 2771 4619 15317 2776 4629 15318 2399 4628 15319 2777 4630 15320 2777 4630 15321 2399 4628 15322 2771 4619 15323 2777 4630 15324 2771 4619 15325 2772 4620 15326 144 4631 15327 143 4632 15328 2777 4633 15329 2777 4633 15330 143 4632 15331 2778 4634 15332 2774 4635 15333 2775 4636 15334 2778 4634 15335 2778 4634 15336 2775 4636 15337 2776 4637 15338 2778 4634 15339 2776 4637 15340 2777 4633 15341 2778 4634 15342 2751 4575 15343 2749 4573 15344 2774 4635 15345 2778 4634 15346 2773 4638 15347 2773 4638 15348 2778 4634 15349 2749 4573 15350 2773 4638 15351 2749 4573 15352 2748 4572 15353 2419 4571 15354 2420 4639 15355 2748 4572 15356 2748 4572 15357 2420 4639 15358 2421 4640 15359 2748 4572 15360 2421 4640 15361 2773 4638 15362 2768 4612 15363 150 4611 15364 2769 4641 15365 2769 4641 15366 150 4611 15367 146 4642 15368 2769 4641 15369 146 4642 15370 2770 4643 15371 2770 4643 15372 146 4642 15373 2772 4644 15374 2772 4644 15375 146 4642 15376 144 4631 15377 2772 4644 15378 144 4631 15379 2777 4633 15380 2778 4634 15381 143 4632 15382 2779 4645 15383 2779 4645 15384 143 4632 15385 141 4646 15386 2779 4645 15387 141 4646 15388 2780 4647 15389 2780 4647 15390 141 4646 15391 2612 4648 15392 2612 4648 15393 141 4646 15394 139 4649 15395 2612 4648 15396 139 4649 15397 2613 4650 15398 2764 4601 15399 2626 4602 15400 2781 4651 15401 2781 4651 15402 2626 4602 15403 2613 4650 15404 2781 4651 15405 2613 4650 15406 2782 4652 15407 2782 4652 15408 2613 4650 15409 139 4649 15410 2607 4373 15411 2565 4314 15412 2563 4312 15413 2607 4373 15414 2563 4312 15415 168 4377 15416 2561 4310 15417 2553 4293 15418 2555 4299 15419 168 4377 15420 2563 4312 15421 138 4653 15422 138 4653 15423 2563 4312 15424 2561 4310 15425 138 4653 15426 2561 4310 15427 147 4654 15428 147 4654 15429 2561 4310 15430 2555 4299 15431 147 4654 15432 2555 4299 15433 210 4300 15434 2074 4655 15435 2072 4223 15436 2515 4222 15437 2783 4656 15438 2063 4657 15439 2065 4658 15440 2783 4656 15441 2065 4658 15442 2784 4659 15443 2067 4660 15444 2785 4661 15445 2065 4658 15446 2065 4658 15447 2785 4661 15448 2786 4662 15449 2065 4658 15450 2786 4662 15451 2784 4659 15452 2075 4663 15453 2787 4664 15454 2069 4665 15455 2069 4665 15456 2787 4664 15457 2788 4666 15458 2069 4665 15459 2788 4666 15460 2067 4660 15461 2067 4660 15462 2788 4666 15463 2789 4667 15464 2067 4660 15465 2789 4667 15466 2785 4661 15467 2515 4222 15468 2790 4668 15469 2074 4655 15470 2074 4655 15471 2790 4668 15472 2791 4669 15473 2074 4655 15474 2791 4669 15475 2075 4663 15476 2075 4663 15477 2791 4669 15478 2792 4670 15479 2075 4663 15480 2792 4670 15481 2787 4664 15482 65 4671 15483 2793 4672 15484 2794 4673 15485 2794 4673 15486 2793 4672 15487 2784 4659 15488 2794 4673 15489 2784 4659 15490 2786 4662 15491 2786 4662 15492 2785 4661 15493 2794 4673 15494 2794 4673 15495 2785 4661 15496 2789 4667 15497 2794 4673 15498 2789 4667 15499 2795 4674 15500 2795 4674 15501 2789 4667 15502 2788 4666 15503 2788 4666 15504 2787 4664 15505 2795 4674 15506 2795 4674 15507 2787 4664 15508 2792 4670 15509 2795 4674 15510 2792 4670 15511 2796 4675 15512 2792 4670 15513 2791 4669 15514 2796 4675 15515 2796 4675 15516 2791 4669 15517 2790 4668 15518 2796 4675 15519 2790 4668 15520 2797 4676 15521 2797 4676 15522 2790 4668 15523 2515 4222 15524 2797 4676 15525 2515 4222 15526 2756 4580 15527 65 4671 15528 2794 4673 15529 1702 4677 15530 1702 4677 15531 2794 4673 15532 2795 4674 15533 1702 4677 15534 2795 4674 15535 1703 4678 15536 1703 4678 15537 2795 4674 15538 2796 4675 15539 1703 4678 15540 2796 4675 15541 1687 4679 15542 1687 4679 15543 2796 4675 15544 2797 4676 15545 1687 4679 15546 2797 4676 15547 1688 4680 15548 1688 4680 15549 2797 4676 15550 2756 4580 15551 1688 4680 15552 2756 4580 15553 79 4584 15554 2798 4681 15555 2783 4656 15556 2784 4659 15557 2799 4682 15558 2800 4683 15559 2801 4684 15560 2801 4684 15561 2800 4683 15562 2802 4685 15563 2801 4684 15564 2802 4685 15565 2803 4686 15566 2803 4686 15567 2802 4685 15568 2804 4687 15569 2803 4686 15570 2804 4687 15571 2805 4688 15572 2805 4688 15573 2804 4687 15574 2806 4689 15575 2805 4688 15576 2806 4689 15577 2807 4690 15578 2807 4690 15579 2806 4689 15580 2808 4691 15581 2807 4690 15582 2808 4691 15583 2809 4692 15584 2809 4692 15585 2808 4691 15586 2810 4693 15587 2810 4693 15588 2808 4691 15589 2811 4694 15590 2810 4693 15591 2811 4694 15592 2812 4695 15593 2812 4695 15594 2811 4694 15595 2813 4696 15596 2813 4696 15597 2811 4694 15598 2814 4697 15599 2813 4696 15600 2814 4697 15601 2815 4698 15602 2091 4699 15603 2814 4697 15604 2089 4700 15605 2089 4700 15606 2814 4697 15607 2811 4694 15608 2089 4700 15609 2811 4694 15610 2087 4701 15611 2087 4701 15612 2811 4694 15613 2808 4691 15614 2087 4701 15615 2808 4691 15616 2085 4702 15617 2085 4702 15618 2808 4691 15619 2806 4689 15620 2085 4702 15621 2806 4689 15622 2082 4703 15623 2082 4703 15624 2806 4689 15625 2804 4687 15626 2082 4703 15627 2804 4687 15628 2077 4704 15629 2077 4704 15630 2804 4687 15631 2802 4685 15632 2077 4704 15633 2802 4685 15634 2078 4705 15635 2078 4705 15636 2802 4685 15637 2800 4683 15638 2091 4699 15639 2093 4706 15640 2814 4697 15641 2814 4697 15642 2093 4706 15643 2798 4681 15644 2814 4697 15645 2798 4681 15646 2815 4698 15647 2815 4698 15648 2798 4681 15649 2784 4659 15650 2063 4657 15651 2783 4656 15652 2096 4707 15653 2096 4707 15654 2783 4656 15655 2798 4681 15656 2096 4707 15657 2798 4681 15658 2095 4708 15659 2095 4708 15660 2798 4681 15661 2093 4706 15662 2816 4709 15663 2817 4710 15664 2818 4711 15665 2818 4711 15666 2817 4710 15667 2819 4712 15668 2818 4711 15669 2819 4712 15670 2525 4238 15671 2525 4238 15672 2819 4712 15673 2526 4239 15674 2098 4713 15675 2816 4709 15676 2097 4714 15677 2097 4714 15678 2816 4709 15679 2818 4711 15680 2097 4714 15681 2818 4711 15682 2052 4245 15683 2052 4245 15684 2818 4711 15685 2525 4238 15686 2526 4239 15687 2820 4715 15688 2821 4716 15689 24 4262 15690 2536 4255 15691 2822 4717 15692 2822 4717 15693 2536 4255 15694 2457 4122 15695 2822 4717 15696 2457 4122 15697 2518 4231 15698 2518 4231 15699 2520 4233 15700 2822 4717 15701 2822 4717 15702 2520 4233 15703 2524 4237 15704 2822 4717 15705 2524 4237 15706 2823 4718 15707 2524 4237 15708 2523 4236 15709 2823 4718 15710 2823 4718 15711 2523 4236 15712 2529 4242 15713 2823 4718 15714 2529 4242 15715 2821 4716 15716 2821 4716 15717 2529 4242 15718 2528 4241 15719 2821 4716 15720 2528 4241 15721 2526 4239 15722 24 4262 15723 2822 4717 15724 1669 4719 15725 1669 4719 15726 2822 4717 15727 2823 4718 15728 1669 4719 15729 2823 4718 15730 1668 4720 15731 1668 4720 15732 2823 4718 15733 2821 4716 15734 1668 4720 15735 2821 4716 15736 1667 4721 15737 1667 4721 15738 2821 4716 15739 2820 4715 15740 1667 4721 15741 2820 4715 15742 38 4722 15743 92 4723 15744 2824 4724 15745 2825 4725 15746 2826 4726 15747 2827 4727 15748 2803 4686 15749 2803 4686 15750 2827 4727 15751 2825 4725 15752 2803 4686 15753 2825 4725 15754 2801 4684 15755 2801 4684 15756 2825 4725 15757 2824 4724 15758 2801 4684 15759 2824 4724 15760 2799 4682 15761 2803 4686 15762 2805 4688 15763 2826 4726 15764 2826 4726 15765 2805 4688 15766 2807 4690 15767 2826 4726 15768 2807 4690 15769 2828 4728 15770 2828 4728 15771 2807 4690 15772 2809 4692 15773 2809 4692 15774 2810 4693 15775 2828 4728 15776 2828 4728 15777 2810 4693 15778 2812 4695 15779 2828 4728 15780 2812 4695 15781 2829 4729 15782 2812 4695 15783 2813 4696 15784 2829 4729 15785 2829 4729 15786 2813 4696 15787 2815 4698 15788 2829 4729 15789 2815 4698 15790 2830 4730 15791 2830 4730 15792 2815 4698 15793 2784 4659 15794 2830 4730 15795 2784 4659 15796 2793 4672 15797 92 4723 15798 2825 4725 15799 1693 4731 15800 1693 4731 15801 2825 4725 15802 2827 4727 15803 1693 4731 15804 2827 4727 15805 1692 4732 15806 1692 4732 15807 2827 4727 15808 2826 4726 15809 1692 4732 15810 2826 4726 15811 1691 4733 15812 1691 4733 15813 2826 4726 15814 2828 4728 15815 1691 4733 15816 2828 4728 15817 1690 4734 15818 1690 4734 15819 2828 4728 15820 2829 4729 15821 1690 4734 15822 2829 4729 15823 1689 4735 15824 1689 4735 15825 2829 4729 15826 2830 4730 15827 1689 4735 15828 2830 4730 15829 1701 4736 15830 1701 4736 15831 2830 4730 15832 2793 4672 15833 1701 4736 15834 2793 4672 15835 65 4671 15836 2831 4737 15837 2832 4738 15838 2833 4739 15839 2832 4738 15840 2834 4740 15841 2835 4741 15842 2836 4742 15843 2837 4743 15844 2838 4744 15845 2838 4744 15846 2837 4743 15847 2839 4745 15848 2840 4746 15849 2841 4747 15850 2839 4745 15851 2839 4745 15852 2841 4747 15853 2842 4748 15854 2839 4745 15855 2842 4748 15856 2838 4744 15857 2800 4683 15858 2799 4682 15859 2843 4749 15860 2843 4749 15861 2799 4682 15862 2844 4750 15863 2843 4749 15864 2844 4750 15865 2840 4746 15866 2840 4746 15867 2844 4750 15868 2845 4751 15869 2840 4746 15870 2845 4751 15871 2841 4747 15872 2832 4738 15873 2835 4741 15874 2833 4739 15875 2833 4739 15876 2835 4741 15877 2117 4752 15878 2833 4739 15879 2117 4752 15880 2116 4753 15881 2116 4753 15882 2115 4754 15883 2833 4739 15884 2833 4739 15885 2115 4754 15886 2837 4743 15887 2833 4739 15888 2837 4743 15889 2831 4737 15890 2831 4737 15891 2837 4743 15892 2836 4742 15893 2078 4705 15894 2800 4683 15895 2105 4755 15896 2105 4755 15897 2800 4683 15898 2843 4749 15899 2105 4755 15900 2843 4749 15901 2107 4756 15902 2107 4756 15903 2843 4749 15904 2840 4746 15905 2107 4756 15906 2840 4746 15907 2109 4757 15908 2109 4757 15909 2840 4746 15910 2839 4745 15911 2109 4757 15912 2839 4745 15913 2111 4758 15914 2111 4758 15915 2839 4745 15916 2837 4743 15917 2111 4758 15918 2837 4743 15919 2113 4759 15920 2113 4759 15921 2837 4743 15922 2115 4754 15923 2816 4709 15924 2098 4713 15925 2118 4760 15926 2817 4710 15927 2816 4709 15928 2846 4761 15929 2816 4709 15930 2118 4760 15931 2846 4761 15932 2846 4761 15933 2118 4760 15934 2119 4762 15935 2846 4761 15936 2119 4762 15937 2847 4763 15938 2847 4763 15939 2119 4762 15940 2120 4764 15941 2847 4763 15942 2120 4764 15943 2848 4765 15944 2817 4710 15945 2846 4761 15946 2849 4766 15947 2849 4766 15948 2846 4761 15949 2847 4763 15950 2849 4766 15951 2847 4763 15952 2850 4767 15953 2850 4767 15954 2847 4763 15955 2848 4765 15956 2850 4767 15957 2848 4765 15958 2851 4768 15959 2820 4715 15960 2526 4239 15961 2819 4712 15962 87 4769 15963 38 4722 15964 2820 4715 15965 2820 4715 15966 2819 4712 15967 87 4769 15968 87 4769 15969 2819 4712 15970 2817 4710 15971 87 4769 15972 2817 4710 15973 89 4770 15974 2799 4682 15975 2824 4724 15976 2852 4771 15977 2853 4772 15978 2854 4773 15979 2834 4740 15980 2854 4773 15981 2853 4772 15982 119 4774 15983 2834 4740 15984 2832 4738 15985 2853 4772 15986 2853 4772 15987 2832 4738 15988 2831 4737 15989 2853 4772 15990 2831 4737 15991 2855 4775 15992 2831 4737 15993 2836 4742 15994 2855 4775 15995 2855 4775 15996 2836 4742 15997 2838 4744 15998 2855 4775 15999 2838 4744 16000 2856 4776 16001 2856 4776 16002 2838 4744 16003 2842 4748 16004 2842 4748 16005 2841 4747 16006 2856 4776 16007 2856 4776 16008 2841 4747 16009 2845 4751 16010 2856 4776 16011 2845 4751 16012 2852 4771 16013 2852 4771 16014 2845 4751 16015 2844 4750 16016 2852 4771 16017 2844 4750 16018 2799 4682 16019 119 4774 16020 2853 4772 16021 1705 4777 16022 1705 4777 16023 2853 4772 16024 2855 4775 16025 1705 4777 16026 2855 4775 16027 1706 4778 16028 1706 4778 16029 2855 4775 16030 2856 4776 16031 1706 4778 16032 2856 4776 16033 1707 4779 16034 1707 4779 16035 2856 4776 16036 2852 4771 16037 1707 4779 16038 2852 4771 16039 1704 4780 16040 1704 4780 16041 2852 4771 16042 2824 4724 16043 1704 4780 16044 2824 4724 16045 92 4723 16046 2835 4741 16047 2834 4740 16048 2857 4781 16049 2857 4781 16050 2834 4740 16051 2858 4782 16052 2857 4781 16053 2858 4782 16054 2859 4783 16055 2859 4783 16056 2858 4782 16057 2860 4784 16058 2859 4783 16059 2860 4784 16060 2848 4765 16061 2848 4765 16062 2860 4784 16063 2851 4768 16064 2117 4752 16065 2835 4741 16066 2125 4785 16067 2125 4785 16068 2835 4741 16069 2857 4781 16070 2125 4785 16071 2857 4781 16072 2126 4786 16073 2126 4786 16074 2857 4781 16075 2859 4783 16076 2126 4786 16077 2859 4783 16078 2120 4764 16079 2120 4764 16080 2859 4783 16081 2848 4765 16082 89 4770 16083 2817 4710 16084 2849 4766 16085 89 4770 16086 2849 4766 16087 110 4787 16088 110 4787 16089 2849 4766 16090 2850 4767 16091 110 4787 16092 2850 4767 16093 57 4788 16094 57 4788 16095 2850 4767 16096 2851 4768 16097 57 4788 16098 2851 4768 16099 55 4789 16100 55 4789 16101 2851 4768 16102 2860 4784 16103 2858 4782 16104 2834 4740 16105 2854 4773 16106 55 4789 16107 2860 4784 16108 53 4790 16109 53 4790 16110 2860 4784 16111 2858 4782 16112 53 4790 16113 2858 4782 16114 63 4791 16115 63 4791 16116 2858 4782 16117 2854 4773 16118 63 4791 16119 2854 4773 16120 119 4774 16121 2861 4792 16122 2862 4793 16123 2863 4794 16124 2864 4795 16125 2865 4796 16126 2866 4797 16127 2297 4798 16128 2867 4799 16129 2295 4800 16130 2295 4800 16131 2867 4799 16132 2861 4792 16133 2295 4800 16134 2861 4792 16135 2293 4801 16136 2293 4801 16137 2861 4792 16138 2863 4794 16139 2297 4798 16140 2300 4802 16141 2867 4799 16142 2867 4799 16143 2300 4802 16144 2301 4803 16145 2867 4799 16146 2301 4803 16147 2868 4804 16148 2868 4804 16149 2301 4803 16150 2400 4805 16151 2868 4804 16152 2400 4805 16153 2401 4806 16154 2407 4807 16155 2869 4808 16156 2404 4809 16157 2404 4809 16158 2869 4808 16159 2868 4804 16160 2404 4809 16161 2868 4804 16162 2403 4810 16163 2403 4810 16164 2868 4804 16165 2401 4806 16166 2407 4807 16167 2408 4811 16168 2869 4808 16169 2869 4808 16170 2408 4811 16171 2392 4812 16172 2869 4808 16173 2392 4812 16174 2870 4813 16175 2870 4813 16176 2392 4812 16177 2391 4814 16178 2870 4813 16179 2391 4814 16180 2871 4815 16181 2391 4814 16182 2394 4816 16183 2871 4815 16184 2871 4815 16185 2394 4816 16186 2395 4817 16187 2871 4815 16188 2395 4817 16189 2872 4818 16190 2872 4818 16191 2395 4817 16192 2396 4819 16193 2872 4818 16194 2396 4819 16195 2873 4820 16196 2873 4820 16197 2396 4819 16198 2397 4821 16199 2397 4821 16200 2398 4822 16201 2873 4820 16202 2873 4820 16203 2398 4822 16204 2385 4823 16205 2873 4820 16206 2385 4823 16207 2874 4824 16208 2874 4824 16209 2385 4823 16210 2384 4825 16211 2874 4824 16212 2384 4825 16213 2875 4826 16214 2384 4825 16215 2383 4827 16216 2875 4826 16217 2875 4826 16218 2383 4827 16219 2382 4828 16220 2875 4826 16221 2382 4828 16222 2876 4829 16223 2876 4829 16224 2382 4828 16225 2381 4830 16226 2876 4829 16227 2381 4830 16228 2877 4831 16229 2381 4830 16230 2388 4832 16231 2877 4831 16232 2877 4831 16233 2388 4832 16234 2387 4833 16235 2877 4831 16236 2387 4833 16237 2878 4834 16238 2387 4833 16239 2386 4835 16240 2878 4834 16241 2878 4834 16242 2386 4835 16243 2389 4836 16244 2878 4834 16245 2389 4836 16246 2879 4837 16247 2389 4836 16248 2390 4838 16249 2879 4837 16250 2879 4837 16251 2390 4838 16252 2375 4839 16253 2879 4837 16254 2375 4839 16255 2880 4840 16256 2363 4841 16257 2881 4842 16258 2364 4843 16259 2364 4843 16260 2881 4842 16261 2882 4844 16262 2364 4843 16263 2882 4844 16264 2359 4845 16265 2359 4845 16266 2882 4844 16267 2883 4846 16268 2359 4845 16269 2883 4846 16270 2360 4847 16271 2360 4847 16272 2883 4846 16273 2884 4848 16274 2360 4847 16275 2884 4848 16276 2380 4849 16277 2380 4849 16278 2884 4848 16279 2885 4850 16280 2380 4849 16281 2885 4850 16282 2379 4851 16283 2379 4851 16284 2885 4850 16285 2886 4852 16286 2379 4851 16287 2886 4852 16288 2378 4853 16289 2378 4853 16290 2886 4852 16291 2887 4854 16292 2378 4853 16293 2887 4854 16294 2377 4855 16295 2377 4855 16296 2887 4854 16297 2880 4840 16298 2377 4855 16299 2880 4840 16300 2376 4856 16301 2376 4856 16302 2880 4840 16303 2375 4839 16304 2363 4841 16305 2365 4857 16306 2881 4842 16307 2881 4842 16308 2365 4857 16309 2367 4858 16310 2881 4842 16311 2367 4858 16312 2888 4859 16313 2367 4858 16314 2368 4860 16315 2888 4859 16316 2888 4859 16317 2368 4860 16318 2369 4861 16319 2888 4859 16320 2369 4861 16321 2889 4862 16322 2369 4861 16323 2333 4863 16324 2889 4862 16325 2889 4862 16326 2333 4863 16327 2335 4864 16328 2889 4862 16329 2335 4864 16330 2890 4865 16331 2890 4865 16332 2335 4864 16333 2337 4866 16334 2890 4865 16335 2337 4866 16336 2891 4867 16337 2891 4867 16338 2337 4866 16339 2353 4868 16340 2891 4867 16341 2353 4868 16342 2892 4869 16343 2892 4869 16344 2353 4868 16345 2339 4870 16346 2892 4869 16347 2339 4870 16348 2893 4871 16349 2894 4872 16350 2895 4873 16351 2338 4874 16352 2338 4874 16353 2895 4873 16354 2896 4875 16355 2338 4874 16356 2896 4875 16357 2339 4870 16358 2339 4870 16359 2896 4875 16360 2897 4876 16361 2339 4870 16362 2897 4876 16363 2893 4871 16364 2338 4874 16365 2343 4877 16366 2894 4872 16367 2894 4872 16368 2343 4877 16369 2342 4878 16370 2894 4872 16371 2342 4878 16372 2898 4879 16373 2898 4879 16374 2342 4878 16375 2344 4880 16376 2898 4879 16377 2344 4880 16378 2899 4881 16379 2344 4880 16380 2346 4882 16381 2899 4881 16382 2899 4881 16383 2346 4882 16384 2345 4883 16385 2899 4881 16386 2345 4883 16387 2900 4884 16388 2900 4884 16389 2345 4883 16390 2311 4885 16391 2900 4884 16392 2311 4885 16393 2901 4886 16394 2901 4886 16395 2311 4885 16396 2316 4887 16397 2901 4886 16398 2316 4887 16399 2315 4888 16400 2902 4889 16401 2903 4890 16402 2302 4891 16403 2302 4891 16404 2303 4892 16405 2902 4889 16406 2902 4889 16407 2303 4892 16408 2292 4893 16409 2902 4889 16410 2292 4893 16411 2863 4794 16412 2863 4794 16413 2292 4893 16414 2291 4894 16415 2863 4794 16416 2291 4894 16417 2293 4801 16418 2904 4895 16419 2304 4896 16420 2905 4897 16421 2905 4897 16422 2304 4896 16423 2306 4898 16424 2905 4897 16425 2306 4898 16426 2903 4890 16427 2903 4890 16428 2306 4898 16429 2307 4899 16430 2903 4890 16431 2307 4899 16432 2302 4891 16433 1887 4900 16434 1889 4901 16435 2906 4902 16436 2906 4902 16437 1889 4901 16438 2139 4903 16439 2906 4902 16440 2139 4903 16441 2907 4904 16442 2907 4904 16443 2139 4903 16444 2308 4905 16445 2907 4904 16446 2308 4905 16447 2908 4906 16448 2908 4906 16449 2308 4905 16450 2309 4907 16451 2908 4906 16452 2309 4907 16453 2904 4895 16454 2904 4895 16455 2309 4907 16456 2305 4908 16457 2904 4895 16458 2305 4908 16459 2304 4896 16460 2909 4909 16461 1884 4910 16462 2910 4911 16463 2910 4911 16464 1884 4910 16465 1887 4900 16466 2910 4911 16467 1887 4900 16468 2911 4912 16469 2911 4912 16470 1887 4900 16471 2906 4902 16472 2315 4888 16473 2314 4913 16474 2901 4886 16475 2901 4886 16476 2314 4913 16477 2320 4914 16478 2901 4886 16479 2320 4914 16480 2866 4797 16481 2866 4797 16482 2320 4914 16483 2318 4915 16484 2866 4797 16485 2318 4915 16486 2864 4795 16487 2864 4795 16488 2318 4915 16489 2317 4916 16490 2864 4795 16491 2317 4916 16492 2912 4917 16493 2912 4917 16494 2317 4916 16495 2327 4918 16496 2912 4917 16497 2327 4918 16498 2909 4909 16499 2909 4909 16500 2327 4918 16501 2323 4919 16502 2909 4909 16503 2323 4919 16504 1884 4910 16505 2684 4920 16506 2913 4921 16507 2682 4922 16508 2682 4922 16509 2913 4921 16510 2914 4923 16511 2913 4921 16512 2915 4924 16513 2914 4923 16514 2914 4923 16515 2915 4924 16516 2916 4925 16517 2914 4923 16518 2916 4925 16519 2917 4926 16520 2916 4925 16521 2918 4927 16522 2917 4926 16523 2917 4926 16524 2918 4927 16525 2919 4928 16526 2917 4926 16527 2919 4928 16528 2920 4929 16529 2677 4930 16530 2678 4931 16531 2921 4932 16532 2921 4932 16533 2678 4931 16534 2920 4929 16535 2921 4932 16536 2920 4929 16537 2922 4933 16538 2922 4933 16539 2920 4929 16540 2919 4928 16541 2923 4934 16542 2683 4935 16543 2682 4936 16544 2924 4937 16545 2925 4938 16546 2682 4936 16547 2682 4936 16548 2925 4938 16549 2926 4939 16550 2682 4936 16551 2926 4939 16552 2923 4934 16553 2927 4940 16554 2928 4941 16555 2929 4942 16556 2929 4942 16557 2928 4941 16558 2930 4943 16559 2929 4942 16560 2930 4943 16561 2924 4937 16562 2924 4937 16563 2930 4943 16564 2931 4944 16565 2924 4937 16566 2931 4944 16567 2925 4938 16568 2932 4945 16569 2933 4946 16570 2678 4947 16571 2678 4947 16572 2933 4946 16573 2934 4948 16574 2678 4947 16575 2934 4948 16576 2920 4949 16577 2920 4949 16578 2934 4948 16579 2935 4950 16580 2920 4949 16581 2935 4950 16582 2917 4951 16583 2917 4951 16584 2935 4950 16585 2936 4952 16586 2917 4951 16587 2936 4952 16588 2914 4953 16589 2914 4953 16590 2936 4952 16591 2937 4954 16592 2914 4953 16593 2937 4954 16594 2682 4936 16595 2682 4936 16596 2937 4954 16597 2938 4955 16598 2682 4936 16599 2938 4955 16600 2924 4937 16601 2678 4947 16602 2675 4956 16603 2939 4957 16604 2939 4957 16605 2940 4958 16606 2678 4947 16607 2678 4947 16608 2940 4958 16609 2941 4959 16610 2678 4947 16611 2941 4959 16612 2932 4945 16613 2941 4959 16614 2942 4960 16615 2932 4945 16616 2932 4945 16617 2942 4960 16618 2943 4961 16619 2932 4945 16620 2943 4961 16621 2944 4962 16622 2944 4962 16623 2943 4961 16624 2945 4963 16625 2944 4962 16626 2945 4963 16627 2946 4964 16628 2946 4964 16629 2945 4963 16630 2947 4965 16631 2946 4964 16632 2947 4965 16633 2927 4940 16634 2927 4940 16635 2947 4965 16636 2948 4966 16637 2927 4940 16638 2948 4966 16639 2928 4941 16640 2949 4967 16641 2950 4968 16642 2951 4969 16643 2951 4969 16644 2950 4968 16645 2952 4970 16646 2951 4969 16647 2952 4970 16648 2953 4971 16649 2953 4971 16650 2952 4970 16651 2954 4972 16652 2953 4971 16653 2954 4972 16654 2955 4973 16655 2955 4973 16656 2954 4972 16657 2956 4974 16658 2955 4975 16659 2956 4976 16660 2957 4977 16661 2957 4977 16662 2956 4976 16663 2958 4978 16664 2957 4979 16665 2958 4980 16666 2959 4981 16667 2959 4981 16668 2958 4980 16669 2960 4982 16670 2959 4981 16671 2960 4982 16672 2961 4983 16673 2961 4983 16674 2960 4982 16675 2962 4984 16676 2961 4983 16677 2962 4984 16678 2963 4985 16679 2963 4985 16680 2962 4984 16681 2964 4986 16682 2963 4987 16683 2964 4988 16684 2965 4989 16685 2965 4989 16686 2964 4988 16687 2966 4990 16688 2965 4991 16689 2966 4992 16690 2967 4993 16691 2967 4993 16692 2966 4992 16693 2968 4994 16694 2967 4993 16695 2968 4994 16696 2969 4995 16697 2969 4995 16698 2968 4994 16699 2970 4996 16700 2969 4997 16701 2970 4998 16702 2971 4999 16703 2971 4999 16704 2970 4998 16705 2972 5000 16706 2971 5001 16707 2972 5002 16708 2949 4967 16709 2949 4967 16710 2972 5002 16711 2950 4968 16712 2973 5003 16713 2974 5004 16714 2975 5005 16715 2975 5005 16716 2974 5004 16717 2976 5006 16718 2977 5007 16719 2978 5008 16720 2979 5009 16721 2979 5009 16722 2978 5008 16723 2980 5010 16724 2979 5009 16725 2980 5010 16726 2975 5005 16727 2975 5005 16728 2980 5010 16729 2981 5011 16730 2975 5005 16731 2981 5011 16732 2973 5003 16733 2982 5012 16734 2983 5013 16735 2984 5014 16736 2982 5012 16737 2984 5014 16738 2979 5009 16739 2979 5009 16740 2984 5014 16741 2985 5015 16742 2979 5009 16743 2985 5015 16744 2977 5007 16745 2986 5016 16746 2987 5017 16747 2988 5018 16748 2988 5018 16749 2987 5017 16750 2989 5019 16751 2988 5018 16752 2989 5019 16753 2982 5012 16754 2982 5012 16755 2989 5019 16756 2990 5020 16757 2982 5012 16758 2990 5020 16759 2983 5013 16760 2986 5016 16761 2988 5018 16762 2991 5021 16763 2991 5021 16764 2988 5018 16765 2992 5022 16766 2991 5021 16767 2992 5022 16768 2993 5023 16769 2994 5024 16770 2995 5025 16771 2992 5022 16772 2992 5022 16773 2995 5025 16774 2996 5026 16775 2992 5022 16776 2996 5026 16777 2993 5023 16778 2997 5027 16779 2998 5028 16780 2994 5024 16781 2994 5024 16782 2998 5028 16783 2999 5029 16784 2999 5029 16785 3000 5030 16786 2994 5024 16787 2994 5024 16788 3000 5030 16789 3001 5031 16790 2994 5024 16791 3001 5031 16792 2995 5025 16793 3002 5032 16794 3003 5033 16795 3004 5034 16796 3004 5034 16797 3003 5033 16798 3005 5035 16799 3004 5034 16800 3005 5035 16801 2997 5027 16802 2997 5027 16803 3005 5035 16804 3006 5036 16805 2997 5027 16806 3006 5036 16807 2998 5028 16808 3007 5037 16809 3008 5038 16810 3009 5039 16811 3007 5037 16812 3009 5039 16813 3004 5034 16814 3004 5034 16815 3009 5039 16816 3010 5040 16817 3004 5034 16818 3010 5040 16819 3002 5032 16820 3008 5038 16821 3007 5037 16822 3011 5041 16823 3011 5041 16824 3007 5037 16825 3012 5042 16826 3011 5041 16827 3012 5042 16828 3013 5043 16829 3014 5044 16830 3015 5045 16831 3016 5046 16832 3016 5046 16833 3015 5045 16834 3017 5047 16835 3016 5046 16836 3017 5047 16837 3012 5042 16838 3012 5042 16839 3017 5047 16840 3018 5048 16841 3012 5042 16842 3018 5048 16843 3013 5043 16844 2974 5004 16845 3019 5049 16846 2976 5006 16847 2976 5006 16848 3019 5049 16849 3020 5050 16850 2976 5006 16851 3020 5050 16852 3016 5046 16853 3016 5046 16854 3020 5050 16855 3021 5051 16856 3016 5046 16857 3021 5051 16858 3014 5044 16859 2969 5052 16860 3012 5053 16861 2967 5054 16862 2967 5054 16863 3012 5053 16864 3007 5055 16865 2967 5054 16866 3007 5055 16867 2965 5056 16868 2965 5056 16869 3007 5055 16870 3004 5057 16871 2965 5056 16872 3004 5057 16873 2963 5058 16874 2963 5058 16875 3004 5057 16876 2997 5059 16877 2963 5058 16878 2997 5059 16879 2961 5060 16880 2961 5060 16881 2997 5059 16882 2994 5061 16883 2961 5060 16884 2994 5061 16885 2959 5062 16886 2959 5062 16887 2994 5061 16888 2992 5063 16889 2959 5062 16890 2992 5063 16891 2957 5064 16892 2957 5064 16893 2992 5063 16894 2988 5065 16895 2957 5064 16896 2988 5065 16897 2955 5066 16898 2955 5066 16899 2988 5065 16900 2982 5067 16901 2955 5066 16902 2982 5067 16903 2953 5068 16904 2953 5068 16905 2982 5067 16906 2979 5069 16907 2953 5068 16908 2979 5069 16909 2951 5070 16910 2951 5070 16911 2979 5069 16912 2975 5071 16913 2951 5070 16914 2975 5071 16915 2949 5072 16916 2949 5072 16917 2975 5071 16918 2976 5073 16919 2949 5072 16920 2976 5073 16921 2971 5074 16922 2971 5074 16923 2976 5073 16924 3016 5075 16925 2971 5074 16926 3016 5075 16927 2969 5052 16928 2969 5052 16929 3016 5075 16930 3012 5053 16931 3022 5076 16932 3023 5077 16933 3024 5078 16934 3022 5076 16935 3024 5078 16936 3025 5079 16937 3023 5077 16938 3022 5076 16939 3026 5080 16940 3026 5080 16941 3022 5076 16942 3027 5081 16943 3026 5080 16944 3027 5081 16945 3028 5082 16946 3028 5082 16947 3027 5081 16948 3029 5083 16949 3028 5082 16950 3029 5083 16951 3030 5084 16952 1844 5085 16953 1842 5086 16954 3031 5087 16955 3031 5087 16956 1842 5086 16957 3032 5088 16958 3031 5087 16959 3032 5088 16960 3033 5089 16961 3030 5084 16962 3029 5083 16963 3034 5090 16964 3034 5090 16965 3029 5083 16966 3035 5091 16967 3034 5090 16968 3035 5091 16969 3036 5092 16970 3036 5092 16971 3035 5091 16972 3037 5093 16973 3037 5093 16974 3035 5091 16975 1840 5094 16976 3037 5093 16977 1840 5094 16978 1838 5095 16979 3024 5078 16980 3038 5096 16981 3025 5079 16982 3025 5079 16983 3038 5096 16984 3039 5097 16985 3025 5079 16986 3039 5097 16987 3040 5098 16988 3040 5098 16989 3039 5097 16990 3041 5099 16991 3040 5098 16992 3041 5099 16993 3032 5088 16994 3032 5088 16995 3041 5099 16996 3042 5100 16997 3032 5088 16998 3042 5100 16999 3033 5089 17000 3043 5101 17001 3044 5102 17002 3045 5103 17003 3043 5101 17004 3022 5104 17005 3046 5105 17006 3046 5105 17007 3022 5104 17008 3025 5106 17009 3046 5105 17010 3025 5106 17011 3047 5107 17012 3047 5107 17013 3025 5106 17014 3040 5108 17015 3048 5109 17016 3049 5110 17017 1842 5111 17018 1842 5111 17019 3049 5110 17020 3032 5112 17021 1651 5113 17022 3050 5114 17023 1653 5115 17024 1653 5115 17025 3050 5114 17026 3051 5116 17027 1653 5115 17028 3051 5116 17029 1655 5117 17030 1655 5117 17031 3051 5116 17032 3048 5109 17033 1655 5117 17034 3048 5109 17035 1657 5118 17036 1657 5118 17037 3048 5109 17038 1842 5111 17039 1657 5118 17040 1842 5111 17041 1841 5119 17042 3052 5120 17043 3047 5107 17044 3053 5121 17045 3053 5121 17046 3047 5107 17047 3040 5108 17048 3053 5121 17049 3040 5108 17050 3054 5122 17051 3054 5122 17052 3040 5108 17053 3032 5112 17054 3054 5122 17055 3032 5112 17056 3055 5123 17057 3055 5123 17058 3032 5112 17059 3049 5110 17060 3043 5101 17061 3045 5103 17062 3022 5104 17063 3022 5104 17064 3045 5103 17065 3056 5124 17066 3022 5104 17067 3056 5124 17068 3027 5125 17069 3056 5124 17070 3057 5126 17071 3027 5125 17072 3027 5125 17073 3057 5126 17074 3058 5127 17075 3027 5125 17076 3058 5127 17077 3029 5128 17078 3058 5127 17079 3059 5129 17080 3029 5128 17081 3029 5128 17082 3059 5129 17083 3060 5130 17084 3029 5128 17085 3060 5130 17086 3035 5131 17087 3061 5132 17088 1840 5133 17089 3062 5134 17090 3062 5134 17091 1840 5133 17092 3035 5131 17093 3062 5134 17094 3035 5131 17095 3063 5135 17096 3063 5135 17097 3035 5131 17098 3060 5130 17099 3061 5132 17100 3064 5136 17101 1711 5137 17102 1839 5138 17103 1840 5133 17104 1715 5139 17105 1715 5139 17106 1840 5133 17107 3061 5132 17108 1715 5139 17109 3061 5132 17110 1713 5140 17111 1713 5140 17112 3061 5132 17113 1711 5137 17114 2688 5141 17115 3065 5142 17116 2712 5143 17117 2712 5143 17118 3065 5142 17119 3066 5144 17120 2712 5143 17121 3066 5144 17122 2711 5145 17123 2711 5145 17124 3066 5144 17125 3067 5146 17126 2711 5145 17127 3067 5146 17128 2709 5147 17129 2709 5147 17130 3067 5146 17131 3068 5148 17132 2709 5147 17133 3068 5148 17134 2710 5149 17135 2710 5149 17136 3068 5148 17137 3069 5150 17138 2710 5149 17139 3069 5150 17140 2686 5151 17141 2686 5151 17142 3069 5150 17143 3070 5152 17144 1617 2929 17145 1616 2928 17146 3071 5153 17147 1617 2929 17148 3071 5153 17149 2723 5154 17150 2723 5154 17151 3071 5153 17152 3072 5155 17153 2723 5154 17154 3072 5155 17155 2724 5156 17156 2724 5156 17157 3072 5155 17158 3065 5142 17159 2724 5156 17160 3065 5142 17161 2688 5141 17162 2744 4564 17163 2713 4563 17164 2698 5157 17165 2744 4564 17166 2698 5157 17167 3073 5158 17168 3073 5158 17169 2698 5157 17170 2687 5159 17171 3073 5158 17172 2687 5159 17173 3074 5160 17174 3074 5160 17175 2687 5159 17176 2686 5151 17177 3074 5160 17178 2686 5151 17179 3070 5152 17180 2608 5161 17181 2631 4555 17182 3075 5162 17183 3075 5162 17184 2631 4555 17185 2739 4554 17186 2608 5161 17187 3075 5162 17188 2609 5163 17189 2609 5163 17190 3075 5162 17191 3076 5164 17192 2609 5163 17193 3076 5164 17194 3077 5165 17195 3077 5165 17196 3076 5164 17197 3078 5166 17198 3078 5166 17199 3076 5164 17200 2742 4559 17201 3078 5166 17202 2742 4559 17203 2741 4558 17204 1640 5167 17205 1661 5168 17206 1765 5169 17207 1738 3166 17208 1751 3165 17209 3079 5170 17210 1636 5171 17211 1639 5172 17212 1727 5173 17213 1636 5171 17214 1727 5173 17215 1641 5174 17216 1640 5167 17217 1765 5169 17218 1639 5172 17219 1639 5172 17220 1765 5169 17221 1728 5175 17222 1639 5172 17223 1728 5175 17224 1727 5173 17225 3079 5170 17226 3050 5114 17227 1651 5113 17228 1727 5173 17229 1738 3166 17230 1641 5174 17231 1641 5174 17232 1738 3166 17233 3079 5170 17234 1641 5174 17235 3079 5170 17236 1650 5176 17237 1650 5176 17238 3079 5170 17239 1651 5113 17240 1711 5137 17241 3064 5136 17242 1709 5177 17243 1709 5177 17244 3064 5136 17245 3080 5178 17246 1709 5177 17247 3080 5178 17248 1710 5179 17249 1710 5179 17250 3080 5178 17251 3081 5180 17252 1710 5179 17253 3081 5180 17254 2170 5181 17255 2170 5181 17256 3081 5180 17257 1815 5182 17258 2170 5181 17259 1815 5182 17260 1814 5183 17261 1828 3248 17262 2681 4464 17263 1810 3230 17264 1810 3230 17265 2681 4464 17266 2680 4463 17267 1632 2944 17268 1633 2945 17269 2722 5184 17270 1632 2944 17271 2722 5184 17272 3082 5185 17273 3082 5185 17274 2722 5184 17275 2673 4456 17276 3082 5185 17277 2673 4456 17278 2672 4455 17279 2505 4210 17280 1724 4209 17281 1730 5186 17282 2505 4210 17283 1730 5186 17284 2690 5187 17285 2690 5187 17286 1730 5186 17287 3083 5188 17288 2690 5187 17289 3083 5188 17290 3084 5189 17291 3084 5189 17292 3083 5188 17293 3085 5190 17294 3084 5189 17295 3085 5190 17296 3086 5191 17297 3086 5191 17298 3085 5190 17299 1777 3197 17300 3086 5191 17301 1777 3197 17302 1768 3188 17303 2866 4797 17304 2865 4796 17305 3087 5192 17306 3087 5192 17307 2865 4796 17308 3088 5193 17309 3087 5192 17310 3088 5193 17311 3089 5194 17312 2508 4214 17313 2506 4212 17314 3088 5193 17315 3088 5193 17316 2506 4212 17317 2702 5195 17318 3088 5193 17319 2702 5195 17320 3089 5194 17321 2738 4552 17322 2731 4553 17323 3090 5196 17324 3090 5196 17325 2731 4553 17326 2729 5197 17327 3090 5196 17328 2729 5197 17329 3091 5198 17330 3091 5198 17331 2729 5197 17332 2728 5199 17333 3091 5198 17334 2728 5199 17335 2745 4565 17336 2745 4565 17337 2728 5199 17338 2730 4566 17339 2737 4550 17340 3092 5200 17341 2714 4551 17342 2714 4551 17343 3092 5200 17344 2715 5201 17345 2715 5201 17346 3092 5200 17347 2716 5202 17348 2716 5202 17349 3092 5200 17350 3093 5203 17351 2716 5202 17352 3093 5203 17353 3094 5204 17354 3094 5204 17355 3093 5203 17356 3095 5205 17357 3095 5205 17358 3093 5203 17359 2862 4793 17360 3095 5205 17361 2862 4793 17362 2861 4792 17363 1841 5206 17364 1843 5207 17365 1657 5208 17366 1657 5208 17367 1843 5207 17368 1656 5209 17369 1656 5209 17370 1843 5207 17371 2426 5210 17372 2426 5210 17373 1843 5207 17374 1845 5211 17375 2426 5210 17376 1845 5211 17377 1846 5212 17378 1844 5213 17379 3031 5214 17380 1846 5215 17381 1846 5215 17382 3031 5214 17383 2152 5216 17384 1846 5215 17385 2152 5216 17386 2426 5217 17387 3024 5218 17388 2154 5219 17389 3038 5220 17390 3038 5220 17391 2154 5219 17392 2157 5221 17393 3038 5220 17394 2157 5221 17395 3039 5222 17396 2152 5216 17397 3031 5214 17398 2153 5223 17399 2153 5223 17400 3031 5214 17401 3033 5224 17402 2157 5221 17403 2159 5225 17404 3039 5222 17405 3039 5222 17406 2159 5225 17407 2161 5226 17408 3039 5222 17409 2161 5226 17410 3041 5227 17411 3041 5227 17412 2161 5226 17413 2163 5228 17414 3041 5227 17415 2163 5228 17416 3042 5229 17417 3042 5229 17418 2163 5228 17419 2165 5230 17420 3042 5229 17421 2165 5230 17422 3033 5224 17423 3033 5224 17424 2165 5230 17425 2167 5231 17426 3033 5224 17427 2167 5231 17428 2153 5223 17429 3036 5232 17430 2275 5233 17431 3034 5234 17432 3034 5234 17433 2275 5233 17434 2274 5235 17435 3034 5234 17436 2274 5235 17437 3030 5236 17438 2154 5219 17439 3024 5218 17440 2290 5237 17441 2290 5237 17442 3024 5218 17443 3023 5238 17444 2274 5235 17445 2277 5239 17446 3030 5236 17447 3030 5236 17448 2277 5239 17449 2280 5240 17450 3030 5236 17451 2280 5240 17452 3028 5241 17453 3028 5241 17454 2280 5240 17455 2283 5242 17456 3028 5241 17457 2283 5242 17458 3026 5243 17459 3026 5243 17460 2283 5242 17461 2285 5244 17462 3026 5243 17463 2285 5244 17464 3023 5238 17465 3023 5238 17466 2285 5244 17467 2288 5245 17468 3023 5238 17469 2288 5245 17470 2290 5237 17471 2275 5233 17472 3036 5232 17473 2444 5246 17474 2444 5246 17475 3036 5232 17476 3037 5247 17477 2444 5246 17478 3037 5247 17479 2440 5248 17480 2440 5248 17481 3037 5247 17482 1838 5249 17483 1838 5250 17484 1837 5251 17485 1714 5252 17486 1838 5250 17487 1714 5252 17488 2440 5253 17489 1837 5251 17490 1839 5254 17491 1714 5252 17492 1714 5252 17493 1839 5254 17494 1715 5255 17495 1739 3149 17496 3096 5256 17497 1740 3150 17498 1740 3150 17499 3096 5256 17500 2475 5257 17501 2475 5257 17502 3096 5256 17503 2476 5258 17504 2476 5258 17505 3096 5256 17506 3097 5259 17507 2476 5258 17508 3097 5259 17509 3098 5260 17510 3098 5260 17511 3097 5259 17512 3099 5261 17513 3098 5260 17514 3099 5261 17515 3100 5262 17516 3100 5262 17517 3099 5261 17518 3101 5263 17519 3100 5262 17520 3101 5263 17521 3102 5264 17522 3102 5264 17523 3101 5263 17524 3103 5265 17525 3103 5265 17526 3101 5263 17527 3044 5102 17528 3103 5265 17529 3044 5102 17530 3043 5101 17531 3047 5107 17532 3052 5120 17533 3104 5266 17534 3047 5107 17535 3104 5266 17536 3105 5267 17537 3105 5267 17538 3104 5266 17539 3106 5268 17540 3105 5267 17541 3106 5268 17542 3107 5269 17543 1754 3169 17544 1756 3171 17545 3106 5268 17546 3106 5268 17547 1756 3171 17548 2477 5270 17549 3106 5268 17550 2477 5270 17551 3107 5269 17552 2657 5271 17553 80 5272 17554 2746 5273 17555 2746 5273 17556 80 5272 17557 120 5274 17558 2746 5273 17559 120 5274 17560 2759 5275 17561 2759 5275 17562 120 5274 17563 2760 5276 17564 2669 5277 17565 44 5278 17566 2668 5279 17567 2668 5279 17568 44 5278 17569 46 5280 17570 2668 5279 17571 46 5280 17572 2667 5281 17573 2667 5281 17574 46 5280 17575 64 5282 17576 2667 5281 17577 64 5282 17578 2666 5283 17579 2666 5283 17580 64 5282 17581 62 5284 17582 2666 5283 17583 62 5284 17584 2665 5285 17585 2665 5285 17586 62 5284 17587 117 5286 17588 2665 5285 17589 117 5286 17590 2664 5287 17591 2664 5287 17592 117 5286 17593 115 5288 17594 2664 5287 17595 115 5288 17596 2663 5289 17597 2663 5289 17598 115 5288 17599 93 5290 17600 2663 5289 17601 93 5290 17602 2662 5291 17603 2662 5291 17604 93 5290 17605 71 5292 17606 2662 5291 17607 71 5292 17608 2661 5293 17609 2661 5293 17610 71 5292 17611 73 5294 17612 2661 5293 17613 73 5294 17614 2660 5295 17615 2660 5295 17616 73 5294 17617 75 5296 17618 2660 5295 17619 75 5296 17620 2659 5297 17621 2659 5297 17622 75 5296 17623 66 5298 17624 2659 5297 17625 66 5298 17626 2658 5299 17627 2658 5299 17628 66 5298 17629 67 5300 17630 2658 5299 17631 67 5300 17632 2657 5271 17633 2657 5271 17634 67 5300 17635 80 5272 17636 44 5278 17637 2669 5277 17638 2735 5301 17639 44 5278 17640 2735 5301 17641 42 5302 17642 42 5302 17643 2735 5301 17644 2676 5303 17645 42 5302 17646 2676 5303 17647 41 5304 17648 2677 5305 17649 1700 5306 17650 2676 5303 17651 2676 5303 17652 1700 5306 17653 41 5304 17654 1696 5307 17655 2913 5308 17656 1695 5309 17657 1695 5309 17658 2913 5308 17659 2684 5310 17660 1699 5311 17661 1700 5306 17662 2677 5305 17663 2677 5305 17664 2921 5312 17665 1699 5311 17666 1699 5311 17667 2921 5312 17668 2922 5313 17669 1699 5311 17670 2922 5313 17671 1698 5314 17672 2922 5313 17673 2919 5315 17674 1698 5314 17675 1698 5314 17676 2919 5315 17677 2918 5316 17678 1698 5314 17679 2918 5316 17680 1697 5317 17681 1697 5317 17682 2918 5316 17683 2916 5318 17684 1697 5317 17685 2916 5318 17686 1696 5307 17687 1696 5307 17688 2916 5318 17689 2915 5319 17690 1696 5307 17691 2915 5319 17692 2913 5308 17693 2681 5320 17694 1666 5321 17695 2684 5310 17696 2684 5310 17697 1666 5321 17698 1695 5309 17699 2681 5320 17700 1828 5322 17701 1666 5321 17702 1666 5321 17703 1828 5322 17704 1674 5323 17705 1671 5324 17706 1817 5325 17707 1678 5326 17708 1678 5326 17709 1817 5325 17710 1815 5327 17711 1674 5323 17712 1828 5322 17713 1675 5328 17714 1828 5322 17715 1830 5329 17716 1675 5328 17717 1675 5328 17718 1830 5329 17719 1832 5330 17720 1675 5328 17721 1832 5330 17722 1676 5331 17723 1832 5330 17724 1834 5332 17725 1676 5331 17726 1676 5331 17727 1834 5332 17728 1819 5333 17729 1676 5331 17730 1819 5333 17731 1677 5334 17732 1677 5334 17733 1819 5333 17734 1821 5335 17735 1677 5334 17736 1821 5335 17737 1671 5324 17738 1671 5324 17739 1821 5335 17740 1823 5336 17741 1671 5324 17742 1823 5336 17743 1817 5325 17744 3064 5337 17745 1683 5338 17746 3080 5339 17747 3080 5339 17748 1683 5338 17749 1681 5340 17750 3080 5339 17751 1681 5340 17752 3081 5341 17753 3081 5341 17754 1681 5340 17755 1679 5342 17756 3081 5341 17757 1679 5342 17758 1815 5327 17759 1815 5327 17760 1679 5342 17761 1678 5326 17762 1683 5338 17763 3064 5337 17764 3061 5343 17765 3063 5344 17766 1672 5345 17767 1685 5346 17768 1683 5338 17769 3061 5343 17770 1685 5346 17771 1685 5346 17772 3061 5343 17773 3062 5347 17774 1685 5346 17775 3062 5347 17776 3063 5344 17777 3063 5344 17778 3060 5348 17779 1672 5345 17780 1672 5345 17781 3060 5348 17782 3059 5349 17783 1672 5345 17784 3059 5349 17785 1673 5350 17786 3059 5349 17787 3058 5351 17788 1673 5350 17789 1673 5350 17790 3058 5351 17791 3057 5352 17792 1673 5350 17793 3057 5352 17794 1662 5353 17795 3044 5354 17796 1663 5355 17797 3045 5356 17798 3045 5356 17799 1663 5355 17800 1662 5353 17801 3045 5356 17802 1662 5353 17803 3056 5357 17804 3056 5357 17805 1662 5353 17806 3057 5352 17807 3096 5358 17808 1739 5359 17809 1663 5355 17810 3096 5358 17811 1663 5355 17812 3097 5360 17813 3099 5361 17814 3097 5360 17815 1663 5355 17816 3101 5362 17817 3099 5361 17818 1663 5355 17819 3044 5354 17820 3101 5362 17821 1663 5355 17822 1663 5355 17823 1739 5359 17824 1742 5363 17825 1663 5355 17826 1742 5363 17827 1664 5364 17828 1664 5364 17829 1742 5363 17830 1744 5365 17831 1664 5364 17832 1744 5365 17833 127 5366 17834 127 5366 17835 1744 5365 17836 2488 5367 17837 127 5366 17838 2488 5367 17839 60 5368 17840 60 5368 17841 2488 5367 17842 2487 5369 17843 60 5368 17844 2487 5369 17845 82 5370 17846 2470 5371 17847 101 5372 17848 2472 5373 17849 2472 5373 17850 101 5372 17851 84 5374 17852 82 5370 17853 2487 5369 17854 84 5374 17855 84 5374 17856 2487 5369 17857 2489 5375 17858 84 5374 17859 2489 5375 17860 2472 5373 17861 2503 5376 17862 2504 5377 17863 2498 5378 17864 2502 5379 17865 2503 5376 17866 1914 5380 17867 1914 5380 17868 2503 5376 17869 2498 5378 17870 1914 5380 17871 2498 5378 17872 1912 5381 17873 1912 5381 17874 2498 5378 17875 1755 5382 17876 1755 5382 17877 1754 5383 17878 1912 5381 17879 1912 5381 17880 1754 5383 17881 1910 5384 17882 1910 5384 17883 1754 5383 17884 3106 5385 17885 1910 5384 17886 3106 5385 17887 1901 5386 17888 1901 5386 17889 3106 5385 17890 3104 5387 17891 1901 5386 17892 3104 5387 17893 1902 5388 17894 1902 5388 17895 3104 5387 17896 3052 5389 17897 1902 5388 17898 3052 5389 17899 1903 5390 17900 152 5391 17901 2763 5392 17902 139 5393 17903 139 5393 17904 2763 5392 17905 2764 5394 17906 139 5393 17907 2764 5394 17908 2782 5395 17909 2782 5395 17910 2764 5394 17911 2781 5396 17912 2511 5397 17913 2507 5398 17914 3108 5399 17915 3079 5400 17916 1751 5401 17917 1752 5402 17918 3079 5400 17919 1919 5403 17920 3050 5404 17921 3050 5404 17922 1919 5403 17923 1917 5405 17924 3050 5404 17925 1917 5405 17926 3051 5406 17927 3051 5406 17928 1917 5405 17929 3048 5407 17930 3048 5407 17931 1917 5405 17932 1907 5408 17933 3048 5407 17934 1907 5408 17935 3049 5409 17936 3049 5409 17937 1907 5408 17938 3055 5410 17939 3055 5410 17940 1907 5408 17941 1915 5411 17942 3055 5410 17943 1915 5411 17944 3054 5412 17945 3054 5412 17946 1915 5411 17947 3053 5413 17948 3053 5413 17949 1915 5411 17950 1903 5390 17951 3053 5413 17952 1903 5390 17953 3052 5389 17954 1745 5414 17955 2509 5415 17956 3108 5399 17957 3108 5399 17958 2509 5415 17959 2510 5416 17960 3108 5399 17961 2510 5416 17962 2511 5417 17963 1928 5418 17964 1927 5419 17965 3108 5399 17966 3108 5399 17967 1927 5419 17968 1746 5420 17969 3108 5399 17970 1746 5420 17971 1745 5414 17972 3079 5400 17973 1752 5402 17974 1919 5403 17975 1919 5403 17976 1752 5402 17977 1753 5421 17978 1919 5403 17979 1753 5421 17980 1925 5422 17981 1925 5422 17982 1753 5421 17983 1750 3164 17984 1925 5422 17985 1750 3164 17986 1926 5423 17987 1750 3164 17988 1749 3162 17989 1926 5423 17990 1926 5423 17991 1749 3162 17992 1748 5424 17993 1926 5423 17994 1748 5424 17995 1927 5419 17996 1927 5419 17997 1748 5424 17998 1747 5425 17999 1927 5419 18000 1747 5425 18001 1746 5420 18002 178 5426 18003 2740 5427 18004 2765 5428 18005 178 5426 18006 2765 5428 18007 176 5429 18008 176 5429 18009 2765 5428 18010 2766 5430 18011 176 5429 18012 2766 5430 18013 175 5431 18014 175 5431 18015 2766 5430 18016 2767 5432 18017 175 5431 18018 2767 5432 18019 177 5433 18020 177 5433 18021 2767 5432 18022 2763 5392 18023 177 5433 18024 2763 5392 18025 152 5391 18026 2507 5398 18027 2508 5434 18028 3108 5399 18029 3108 5399 18030 2508 5434 18031 1931 5435 18032 3108 5399 18033 1931 5435 18034 1928 5418 18035 181 5436 18036 2739 5437 18037 178 5426 18038 178 5426 18039 2739 5437 18040 2740 5427 18041 1931 5435 18042 2508 5434 18043 3088 5438 18044 1931 5435 18045 3088 5438 18046 1936 5439 18047 1936 5439 18048 3088 5438 18049 2865 5440 18050 1936 5439 18051 2865 5440 18052 1935 5441 18053 153 5442 18054 2742 5443 18055 3076 5444 18056 153 5442 18057 3076 5444 18058 180 5445 18059 180 5445 18060 3076 5444 18061 3075 5446 18062 180 5445 18063 3075 5446 18064 179 5447 18065 179 5447 18066 3075 5446 18067 2739 5437 18068 179 5447 18069 2739 5437 18070 181 5436 18071 1934 5448 18072 1935 5441 18073 2865 5440 18074 2865 5440 18075 2864 5449 18076 1934 5448 18077 1934 5448 18078 2864 5449 18079 2912 5450 18080 1934 5448 18081 2912 5450 18082 1895 5451 18083 2912 5450 18084 2909 5452 18085 1895 5451 18086 1895 5451 18087 2909 5452 18088 2910 5453 18089 1895 5451 18090 2910 5453 18091 1896 5454 18092 2910 5453 18093 2911 5455 18094 1896 5454 18095 1896 5454 18096 2911 5455 18097 2906 5456 18098 1896 5454 18099 2906 5456 18100 1897 5457 18101 2906 5456 18102 2907 5458 18103 1897 5457 18104 1897 5457 18105 2907 5458 18106 2908 5459 18107 1897 5457 18108 2908 5459 18109 1893 5460 18110 2908 5459 18111 2904 5461 18112 1893 5460 18113 1893 5460 18114 2904 5461 18115 2905 5462 18116 1893 5460 18117 2905 5462 18118 1892 5463 18119 1892 5463 18120 2905 5462 18121 2903 5464 18122 1892 5463 18123 2903 5464 18124 1891 5465 18125 2862 5466 18126 1890 5467 18127 2863 5468 18128 2863 5468 18129 1890 5467 18130 1891 5465 18131 2863 5468 18132 1891 5465 18133 2902 5469 18134 2902 5469 18135 1891 5465 18136 2903 5464 18137 2742 5443 18138 153 5442 18139 2743 5470 18140 2743 5470 18141 153 5442 18142 154 5471 18143 2743 5470 18144 154 5471 18145 2745 5472 18146 2745 5472 18147 154 5471 18148 140 5473 18149 1890 5467 18150 2862 5466 18151 3093 5474 18152 1890 5467 18153 3093 5474 18154 1904 5475 18155 1904 5475 18156 3093 5474 18157 3092 5476 18158 1904 5475 18159 3092 5476 18160 1905 5477 18161 1905 5477 18162 3092 5476 18163 2737 5478 18164 1905 5477 18165 2737 5478 18166 1906 5479 18167 2745 5472 18168 140 5473 18169 3091 5480 18170 3091 5480 18171 140 5473 18172 142 5481 18173 3091 5480 18174 142 5481 18175 3090 5482 18176 3090 5482 18177 142 5481 18178 145 5483 18179 3090 5482 18180 145 5483 18181 2738 5484 18182 2738 5484 18183 145 5483 18184 148 5485 18185 2738 5484 18186 148 5485 18187 2737 5478 18188 2737 5478 18189 148 5485 18190 1906 5479 18191 1875 5486 18192 1877 5487 18193 2674 5488 18194 2674 5488 18195 1877 5487 18196 2675 5489 18197 2675 5489 18198 1877 5487 18199 1879 5490 18200 2675 5489 18201 1879 5490 18202 2939 5491 18203 2939 5491 18204 1879 5490 18205 1880 5492 18206 2939 5491 18207 1880 5492 18208 2940 5493 18209 1863 5494 18210 2941 5495 18211 1883 5496 18212 1883 5496 18213 2941 5495 18214 2940 5493 18215 1883 5496 18216 2940 5493 18217 1882 5497 18218 1882 5497 18219 2940 5493 18220 1880 5492 18221 1861 5498 18222 2942 5499 18223 1863 5494 18224 1863 5494 18225 2942 5499 18226 2941 5495 18227 2942 5499 18228 1861 5498 18229 1859 5500 18230 2942 5499 18231 1859 5500 18232 2943 5501 18233 2943 5501 18234 1859 5500 18235 1857 5502 18236 2943 5501 18237 1857 5502 18238 2945 5503 18239 2945 5503 18240 1857 5502 18241 1855 5504 18242 2945 5503 18243 1855 5504 18244 2947 5505 18245 2947 5505 18246 1855 5504 18247 1853 5506 18248 2947 5505 18249 1853 5506 18250 2948 5507 18251 2948 5507 18252 1853 5506 18253 1851 5508 18254 2948 5507 18255 1851 5508 18256 2928 5509 18257 2928 5509 18258 1851 5508 18259 1849 5510 18260 2928 5509 18261 1849 5510 18262 2930 5511 18263 2930 5511 18264 1849 5510 18265 1848 5512 18266 2930 5511 18267 1848 5512 18268 2931 5513 18269 2685 5514 18270 1869 5515 18271 1868 5516 18272 1869 5515 18273 2685 5514 18274 1871 5517 18275 2685 5514 18276 2683 5518 18277 1871 5517 18278 1871 5517 18279 2683 5518 18280 2923 5519 18281 1871 5517 18282 2923 5519 18283 1873 5520 18284 1873 5520 18285 2923 5519 18286 2926 5521 18287 1873 5520 18288 2926 5521 18289 1865 5522 18290 1865 5522 18291 2926 5521 18292 2925 5523 18293 1865 5522 18294 2925 5523 18295 1848 5512 18296 1848 5512 18297 2925 5523 18298 2931 5513 18299 2716 5524 18300 3094 5525 18301 2868 5526 18302 2868 5526 18303 3094 5525 18304 2867 5527 18305 2867 5527 18306 3094 5525 18307 3095 5528 18308 2867 5527 18309 3095 5528 18310 2861 5529 18311 2901 5530 18312 2866 5531 18313 3087 5532 18314 2716 5524 18315 2868 5526 18316 2696 5533 18317 2696 5533 18318 2868 5526 18319 2869 5534 18320 2696 5533 18321 2869 5534 18322 2697 5535 18323 2869 5534 18324 2870 5536 18325 2697 5535 18326 2697 5535 18327 2870 5536 18328 2871 5537 18329 2697 5535 18330 2871 5537 18331 2699 5538 18332 2871 5537 18333 2872 5539 18334 2699 5538 18335 2699 5538 18336 2872 5539 18337 2873 5540 18338 2699 5538 18339 2873 5540 18340 2700 5541 18341 2873 5540 18342 2874 5542 18343 2700 5541 18344 2700 5541 18345 2874 5542 18346 2875 5543 18347 2700 5541 18348 2875 5543 18349 2701 5544 18350 2875 5543 18351 2876 5545 18352 2701 5544 18353 2701 5544 18354 2876 5545 18355 2877 5546 18356 2701 5544 18357 2877 5546 18358 2727 5547 18359 2877 5546 18360 2878 5548 18361 2727 5547 18362 2727 5547 18363 2878 5548 18364 2879 5549 18365 2727 5547 18366 2879 5549 18367 2726 5550 18368 2879 5549 18369 2880 5551 18370 2726 5550 18371 2726 5550 18372 2880 5551 18373 2887 5552 18374 2726 5550 18375 2887 5552 18376 2725 5553 18377 2887 5552 18378 2886 5554 18379 2725 5553 18380 2725 5553 18381 2886 5554 18382 2885 5555 18383 2725 5553 18384 2885 5555 18385 2721 5556 18386 2885 5555 18387 2884 5557 18388 2721 5556 18389 2721 5556 18390 2884 5557 18391 2883 5558 18392 2721 5556 18393 2883 5558 18394 2705 5559 18395 2883 5558 18396 2882 5560 18397 2705 5559 18398 2705 5559 18399 2882 5560 18400 2881 5561 18401 2705 5559 18402 2881 5561 18403 2706 5562 18404 2881 5561 18405 2888 5563 18406 2706 5562 18407 2706 5562 18408 2888 5563 18409 2889 5564 18410 2706 5562 18411 2889 5564 18412 2707 5565 18413 2889 5564 18414 2890 5566 18415 2707 5565 18416 2707 5565 18417 2890 5566 18418 2891 5567 18419 2707 5565 18420 2891 5567 18421 2708 5568 18422 2891 5567 18423 2892 5569 18424 2708 5568 18425 2708 5568 18426 2892 5569 18427 2893 5570 18428 2708 5568 18429 2893 5570 18430 2703 5571 18431 2894 5572 18432 2692 5573 18433 2704 5574 18434 2893 5570 18435 2897 5575 18436 2703 5571 18437 2703 5571 18438 2897 5575 18439 2896 5576 18440 2703 5571 18441 2896 5576 18442 2704 5574 18443 2704 5574 18444 2896 5576 18445 2895 5577 18446 2704 5574 18447 2895 5577 18448 2894 5572 18449 2894 5572 18450 2898 5578 18451 2692 5573 18452 2692 5573 18453 2898 5578 18454 2899 5579 18455 2692 5573 18456 2899 5579 18457 2693 5580 18458 2693 5580 18459 2899 5579 18460 2900 5581 18461 2693 5580 18462 2900 5581 18463 2702 5582 18464 2702 5582 18465 2900 5581 18466 2901 5530 18467 2702 5582 18468 2901 5530 18469 3089 5583 18470 3089 5583 18471 2901 5530 18472 3087 5532 18473 1940 5584 18474 54 5585 18475 1942 5586 18476 1942 5586 18477 54 5585 18478 52 5587 18479 1942 5586 18480 52 5587 18481 1944 5588 18482 1944 5588 18483 52 5587 18484 47 5589 18485 1944 5588 18486 47 5589 18487 1946 5590 18488 1946 5590 18489 47 5589 18490 45 5591 18491 1946 5590 18492 45 5591 18493 1948 5592 18494 1948 5592 18495 45 5591 18496 43 5593 18497 1948 5592 18498 43 5593 18499 1950 5594 18500 1950 5594 18501 43 5593 18502 29 5595 18503 1950 5594 18504 29 5595 18505 1952 5596 18506 1952 5596 18507 29 5595 18508 48 5597 18509 1952 5596 18510 48 5597 18511 1954 5598 18512 1954 5598 18513 48 5597 18514 50 5599 18515 1954 5598 18516 50 5599 18517 1956 5600 18518 1956 5600 18519 50 5599 18520 51 5601 18521 1956 5600 18522 51 5601 18523 1958 5602 18524 1958 5602 18525 51 5601 18526 111 5603 18527 1958 5602 18528 111 5603 18529 1960 5604 18530 1960 5604 18531 111 5603 18532 112 5605 18533 1960 5604 18534 112 5605 18535 1938 5606 18536 1938 5606 18537 112 5605 18538 56 5607 18539 1938 5606 18540 56 5607 18541 1940 5584 18542 1940 5584 18543 56 5607 18544 54 5585 18545 1965 5608 18546 88 5609 18547 1967 5610 18548 1967 5610 18549 88 5609 18550 90 5611 18551 1967 5610 18552 90 5611 18553 1969 5612 18554 1969 5612 18555 90 5611 18556 49 5613 18557 1969 5612 18558 49 5613 18559 1971 5614 18560 1971 5614 18561 49 5613 18562 37 5615 18563 1971 5614 18564 37 5615 18565 1973 5616 18566 1973 5616 18567 37 5615 18568 36 5617 18569 1973 5616 18570 36 5617 18571 1975 5618 18572 1975 5618 18573 36 5617 18574 34 5619 18575 1975 5618 18576 34 5619 18577 1977 5620 18578 1977 5620 18579 34 5619 18580 32 5621 18581 1977 5620 18582 32 5621 18583 1979 5622 18584 1979 5622 18585 32 5621 18586 30 5623 18587 1979 5622 18588 30 5623 18589 1981 5624 18590 1981 5624 18591 30 5623 18592 26 5625 18593 1981 5624 18594 26 5625 18595 1983 5626 18596 1983 5626 18597 26 5625 18598 40 5627 18599 1983 5626 18600 40 5627 18601 1985 5628 18602 1985 5628 18603 40 5627 18604 85 5629 18605 1985 5628 18606 85 5629 18607 1963 5630 18608 1963 5630 18609 85 5629 18610 86 5631 18611 1963 5630 18612 86 5631 18613 1965 5608 18614 1965 5608 18615 86 5631 18616 88 5609 18617 2758 5632 18618 2752 5633 18619 2751 5634 18620 2751 5634 18621 2778 5635 18622 2779 5636 18623 2611 5637 18624 2758 5632 18625 2612 5638 18626 2612 5638 18627 2758 5632 18628 2751 5634 18629 2612 5638 18630 2751 5634 18631 2780 5639 18632 2780 5639 18633 2751 5634 18634 2779 5636 18635 3047 5640 18636 3105 5641 18637 3046 5642 18638 3046 5642 18639 3105 5641 18640 3107 5643 18641 3100 5644 18642 3046 5642 18643 3098 5645 18644 3098 5645 18645 3046 5642 18646 3107 5643 18647 3098 5645 18648 3107 5643 18649 2476 5646 18650 2476 5646 18651 3107 5643 18652 2477 5647 18653 3100 5644 18654 3102 5648 18655 3046 5642 18656 3046 5642 18657 3102 5648 18658 3103 5649 18659 3046 5642 18660 3103 5649 18661 3043 5650 18662 2227 5651 18663 2226 5652 18664 2998 5653 18665 2213 5654 18666 2208 5655 18667 3013 5656 18668 3014 5657 18669 2216 5658 18670 3015 5659 18671 3015 5659 18672 2216 5658 18673 2214 5660 18674 3015 5659 18675 2214 5660 18676 3017 5661 18677 3017 5661 18678 2214 5660 18679 2213 5654 18680 3017 5661 18681 2213 5654 18682 3018 5662 18683 3018 5662 18684 2213 5654 18685 3013 5656 18686 3009 5663 18687 3008 5664 18688 2210 5665 18689 2210 5665 18690 3008 5664 18691 2208 5655 18692 2208 5655 18693 3008 5664 18694 3011 5666 18695 2208 5655 18696 3011 5666 18697 3013 5656 18698 2998 5653 18699 3006 5667 18700 2227 5651 18701 2227 5651 18702 3006 5667 18703 3005 5668 18704 2227 5651 18705 3005 5668 18706 2219 5669 18707 2219 5669 18708 3005 5668 18709 3003 5670 18710 2219 5669 18711 3003 5670 18712 2220 5671 18713 2220 5671 18714 3003 5670 18715 3002 5672 18716 2220 5671 18717 3002 5672 18718 2221 5673 18719 2221 5673 18720 3002 5672 18721 3010 5674 18722 2221 5673 18723 3010 5674 18724 2222 5675 18725 2222 5675 18726 3010 5674 18727 3009 5663 18728 2222 5675 18729 3009 5663 18730 2212 5676 18731 2212 5676 18732 3009 5663 18733 2210 5665 18734 2201 5677 18735 2200 5678 18736 2973 5679 18737 2973 5679 18738 2200 5678 18739 2974 5680 18740 2974 5680 18741 2200 5678 18742 2207 5681 18743 2974 5680 18744 2207 5681 18745 3019 5682 18746 2247 5683 18747 2977 5684 18748 2246 5685 18749 2246 5685 18750 2977 5684 18751 2985 5686 18752 2246 5685 18753 2985 5686 18754 2245 5687 18755 2973 5679 18756 2981 5688 18757 2201 5677 18758 2201 5677 18759 2981 5688 18760 2980 5689 18761 2201 5677 18762 2980 5689 18763 2247 5683 18764 2247 5683 18765 2980 5689 18766 2978 5690 18767 2247 5683 18768 2978 5690 18769 2977 5684 18770 2241 5691 18771 2983 5692 18772 2242 5693 18773 2242 5693 18774 2983 5692 18775 2990 5694 18776 2228 5695 18777 2237 5696 18778 2989 5697 18779 2989 5697 18780 2237 5696 18781 2990 5694 18782 2990 5694 18783 2237 5696 18784 2236 5698 18785 2990 5694 18786 2236 5698 18787 2242 5693 18788 2993 5699 18789 2233 5700 18790 2232 5701 18791 2993 5699 18792 2232 5701 18793 2991 5702 18794 2989 5697 18795 2987 5703 18796 2228 5695 18797 2228 5695 18798 2987 5703 18799 2986 5704 18800 2228 5695 18801 2986 5704 18802 2229 5705 18803 2229 5705 18804 2986 5704 18805 2991 5702 18806 2229 5705 18807 2991 5702 18808 2231 5706 18809 2231 5706 18810 2991 5702 18811 2232 5701 18812 2245 5687 18813 2985 5686 18814 2240 5707 18815 2240 5707 18816 2985 5686 18817 2984 5708 18818 2240 5707 18819 2984 5708 18820 2241 5691 18821 2241 5691 18822 2984 5708 18823 2983 5692 18824 2207 5681 18825 2206 5709 18826 3019 5682 18827 3019 5682 18828 2206 5709 18829 2205 5710 18830 3019 5682 18831 2205 5710 18832 3020 5711 18833 3020 5711 18834 2205 5710 18835 2204 5712 18836 3020 5711 18837 2204 5712 18838 3021 5713 18839 3021 5713 18840 2204 5712 18841 2203 5714 18842 3021 5713 18843 2203 5714 18844 3014 5657 18845 3014 5657 18846 2203 5714 18847 2202 5715 18848 3014 5657 18849 2202 5715 18850 2216 5658 18851 2233 5700 18852 2993 5699 18853 2234 5716 18854 2234 5716 18855 2993 5699 18856 2996 5717 18857 2234 5716 18858 2996 5717 18859 2235 5718 18860 2235 5718 18861 2996 5717 18862 2995 5719 18863 2235 5718 18864 2995 5719 18865 2223 5720 18866 2223 5720 18867 2995 5719 18868 3001 5721 18869 2223 5720 18870 3001 5721 18871 2224 5722 18872 2224 5722 18873 3001 5721 18874 3000 5723 18875 2224 5722 18876 3000 5723 18877 2226 5652 18878 2226 5652 18879 3000 5723 18880 2999 5724 18881 2226 5652 18882 2999 5724 18883 2998 5653 18884 2952 5725 18885 2935 5726 18886 2954 5727 18887 2954 5727 18888 2935 5726 18889 2934 5728 18890 2954 5727 18891 2934 5728 18892 2956 5729 18893 2956 5729 18894 2934 5728 18895 2933 5730 18896 2956 5729 18897 2933 5730 18898 2958 5731 18899 2958 5731 18900 2933 5730 18901 2932 5732 18902 2958 5731 18903 2932 5732 18904 2960 5733 18905 2960 5733 18906 2932 5732 18907 2944 5734 18908 2960 5733 18909 2944 5734 18910 2962 5735 18911 2962 5735 18912 2944 5734 18913 2946 5736 18914 2962 5735 18915 2946 5736 18916 2964 5737 18917 2964 5737 18918 2946 5736 18919 2927 5738 18920 2964 5737 18921 2927 5738 18922 2966 5739 18923 2966 5739 18924 2927 5738 18925 2929 5740 18926 2966 5739 18927 2929 5740 18928 2968 5741 18929 2968 5741 18930 2929 5740 18931 2924 5742 18932 2968 5741 18933 2924 5742 18934 2970 5743 18935 2970 5743 18936 2924 5742 18937 2938 5744 18938 2970 5743 18939 2938 5744 18940 2972 5745 18941 2972 5745 18942 2938 5744 18943 2937 5746 18944 2972 5745 18945 2937 5746 18946 2950 5747 18947 2950 5747 18948 2937 5746 18949 2936 5748 18950 2950 5747 18951 2936 5748 18952 2952 5725 18953 2952 5725 18954 2936 5748 18955 2935 5726 18956 1729 5749 18957 1728 5750 18958 1765 5751 18959 1732 5752 18960 1776 5753 18961 1730 5754 18962 1730 5754 18963 1776 5753 18964 1777 5755 18965 1730 5754 18966 1777 5755 18967 3083 5756 18968 3083 5756 18969 1777 5755 18970 3085 5757 18971 1765 5751 18972 1766 5758 18973 1729 5749 18974 1729 5749 18975 1766 5758 18976 1761 5759 18977 1729 5749 18978 1761 5759 18979 1736 5760 18980 1761 5759 18981 1762 5761 18982 1736 5760 18983 1736 5760 18984 1762 5761 18985 1763 5762 18986 1736 5760 18987 1763 5762 18988 1734 5763 18989 1734 5763 18990 1763 5762 18991 1772 5764 18992 1734 5763 18993 1772 5764 18994 1732 5752 18995 1732 5752 18996 1772 5764 18997 1774 5765 18998 1732 5752 18999 1774 5765 19000 1776 5753 19001 2679 5766 19002 2689 5767 19003 2680 5768 19004 2680 5768 19005 2689 5767 19006 1813 5769 19007 2680 5768 19008 1813 5769 19009 1810 5770 19010 1768 5771 19011 1767 5772 19012 3086 5773 19013 3086 5773 19014 1767 5772 19015 2691 5774 19016 3086 5775 19017 2691 5776 19018 3084 5777 19019 3084 5777 19020 2691 5776 19021 2690 5778 19022 1767 5772 19023 1781 5779 19024 2691 5774 19025 2691 5774 19026 1781 5779 19027 1783 5780 19028 2691 5774 19029 1783 5780 19030 2694 5781 19031 1759 5782 19032 2718 5783 19033 2695 5784 19034 1783 5780 19035 1787 5785 19036 2694 5781 19037 2694 5781 19038 1787 5785 19039 1789 5786 19040 2694 5781 19041 1789 5786 19042 2695 5784 19043 2695 5784 19044 1789 5786 19045 1790 5787 19046 2695 5784 19047 1790 5787 19048 1759 5782 19049 1759 5782 19050 1758 5788 19051 2718 5783 19052 2718 5783 19053 1758 5788 19054 1791 5789 19055 2718 5783 19056 1791 5789 19057 2719 5790 19058 2719 5790 19059 1791 5789 19060 1793 5791 19061 2719 5790 19062 1793 5791 19063 2720 5792 19064 1793 5791 19065 1795 5793 19066 2720 5792 19067 2720 5792 19068 1795 5793 19069 1797 5794 19070 2720 5792 19071 1797 5794 19072 2717 5795 19073 1797 5794 19074 1800 5796 19075 2717 5795 19076 2717 5795 19077 1800 5796 19078 1804 5797 19079 2717 5795 19080 1804 5797 19081 2689 5767 19082 2689 5767 19083 1804 5797 19084 1806 5798 19085 2689 5767 19086 1806 5798 19087 1813 5769 19088 2672 5799 19089 2671 5800 19090 2734 5801 19091 2656 5802 19092 2655 5803 19093 2670 5804 19094 2670 5804 19095 2655 5803 19096 2672 5799 19097 2670 5804 19098 2672 5799 19099 2736 5805 19100 2736 5805 19101 2672 5799 19102 2734 5801 19103 2744 5806 19104 2610 5807 19105 2609 5808 19106 2609 5808 19107 3077 5809 19108 2744 5806 19109 2744 5806 19110 3077 5809 19111 3078 5810 19112 2744 5806 19113 3078 5810 19114 2741 5811 19115 2637 5812 19116 1632 5813 19117 3082 5814 19118 2637 5812 19119 3082 5814 19120 2654 5815 19121 2654 5815 19122 3082 5814 19123 2672 5799 19124 2654 5815 19125 2672 5799 19126 2655 5803 19127 2610 5807 19128 2744 5806 19129 3073 5816 19130 2610 5807 19131 3073 5816 19132 2635 5817 19133 2635 5817 19134 3073 5816 19135 3074 5818 19136 2635 5817 19137 3074 5818 19138 2636 5819 19139 2636 5819 19140 3074 5818 19141 3070 5820 19142 2636 5819 19143 3070 5820 19144 2632 5821 19145 1632 5813 19146 2637 5812 19147 1630 5822 19148 1630 5822 19149 2637 5812 19150 2639 5823 19151 1630 5822 19152 2639 5823 19153 1628 5824 19154 1628 5824 19155 2639 5823 19156 2641 5825 19157 1628 5824 19158 2641 5825 19159 1626 5826 19160 1626 5826 19161 2641 5825 19162 2643 5827 19163 1626 5826 19164 2643 5827 19165 1624 5828 19166 1624 5828 19167 2643 5827 19168 2651 5829 19169 1624 5828 19170 2651 5829 19171 1622 5830 19172 1622 5830 19173 2651 5829 19174 2649 5831 19175 1622 5830 19176 2649 5831 19177 1620 5832 19178 1620 5832 19179 2649 5831 19180 2647 5833 19181 1620 5832 19182 2647 5833 19183 1618 5834 19184 1618 5834 19185 2647 5833 19186 2645 5835 19187 1618 5834 19188 2645 5835 19189 1616 5836 19190 1616 5836 19191 2645 5835 19192 2644 5837 19193 3065 5838 19194 2628 5839 19195 3066 5840 19196 3066 5840 19197 2628 5839 19198 2617 5841 19199 3066 5840 19200 2617 5841 19201 3067 5842 19202 3067 5842 19203 2617 5841 19204 2624 5843 19205 3067 5842 19206 2624 5843 19207 3068 5844 19208 3068 5844 19209 2624 5843 19210 2623 5845 19211 3068 5844 19212 2623 5845 19213 3069 5846 19214 3069 5846 19215 2623 5845 19216 2621 5847 19217 3069 5846 19218 2621 5847 19219 3070 5820 19220 3070 5820 19221 2621 5847 19222 2632 5821 19223 2628 5839 19224 3065 5838 19225 3072 5848 19226 2628 5839 19227 3072 5848 19228 2629 5849 19229 2629 5849 19230 3072 5848 19231 3071 5850 19232 2629 5849 19233 3071 5850 19234 2630 5851 19235 2630 5851 19236 3071 5850 19237 1616 5836 19238 2630 5851 19239 1616 5836 19240 2644 5837 19241</p>
        </triangles>
      </mesh>
    </geometry>
  </library_geometries>
  <library_visual_scenes>
    <visual_scene id="Scene" name="Scene">
      <node id="LINK_THUMB_MID_L" name="LINK_THUMB_MID_L" type="NODE">
        <matrix sid="transform">1 0 0 0 0 1 0 0 0 0 1 0 0 0 0 1</matrix>
        <instance_geometry url="#LINK_THUMB_MID_L-mesh" name="LINK_THUMB_MID_L">
          <bind_material>
            <technique_common>
              <instance_material symbol="超量金属太空银-光面_001-material" target="#超量金属太空银-光面_001-material"/>
            </technique_common>
          </bind_material>
        </instance_geometry>
      </node>
    </visual_scene>
  </library_visual_scenes>
  <scene>
    <instance_visual_scene url="#Scene"/>
  </scene>
</COLLADA>