<?xml version="1.0" encoding="utf-8"?>
<COLLADA xmlns="http://www.collada.org/2005/11/COLLADASchema" version="1.4.1" xmlns:xsi="http://www.w3.org/2001/XMLSchema-instance">
  <asset>
    <contributor>
      <author>Blender User</author>
      <authoring_tool>Blender 3.6.9 commit date:2024-02-19, commit time:16:48, hash:e958717a0c25</authoring_tool>
    </contributor>
    <created>2026-05-14T12:22:15</created>
    <modified>2026-05-14T12:22:15</modified>
    <unit name="meter" meter="1"/>
    <up_axis>Z_UP</up_axis>
  </asset>
  <library_effects>
    <effect id="分色槽-纯黑-effect">
      <profile_COMMON>
        <technique sid="common">
          <lambert>
            <emission>
              <color sid="emission">0 0 0 1</color>
            </emission>
            <diffuse>
              <color sid="diffuse">0 0 0 1</color>
            </diffuse>
            <reflectivity>
              <float sid="specular">0.8571528</float>
            </reflectivity>
            <index_of_refraction>
              <float sid="ior">1.5</float>
            </index_of_refraction>
          </lambert>
        </technique>
      </profile_COMMON>
    </effect>
  </library_effects>
  <library_images/>
  <library_materials>
    <material id="分色槽-纯黑-material" name="分色槽-纯黑">
      <instance_effect url="#分色槽-纯黑-effect"/>
    </material>
  </library_materials>
  <library_geometries>
    <geometry id="LINK_WRIST_PITCH_L-mesh" name="LINK_WRIST_PITCH_L">
      <mesh>
        <source id="LINK_WRIST_PITCH_L-mesh-positions">
          <float_array id="LINK_WRIST_PITCH_L-mesh-positions-array" count="2760">0.0137667 -0.007791101 -0.008794605 0.0137667 -0.002404928 -0.008408486 0.01230227 -0.007767915 -0.009118437 0.01230227 -0.002381742 -0.008732318 -0.007223606 -0.007458388 -0.01343613 -0.007223606 -0.002072215 -0.01305007 -0.008688032 -0.007435202 -0.01375997 -0.008688032 -0.002049028 -0.01337385 0.008099555 -0.01013427 -0.01946431 0.007220864 -0.01012033 -0.01965862 0.008099555 -0.007042169 -0.0192427 0.007220864 -0.001642107 -0.01905089 0.01571464 -0.007162868 -0.01755875 0.01571464 -0.001776695 -0.01717269 0.007190942 -0.01208096 0.004423081 0.007146358 -0.01086467 0.004711806 0.006518661 -0.01106709 0.007535815 0.007319808 -0.008480668 0.004098415 0.007519006 -0.007571399 0.003262758 0.006518661 -0.006329238 0.007875442 0.007190942 -0.009619593 0.004599511 0.007766902 -0.006990253 0.002183139 0.008036732 -0.006800174 9.76592e-4 0.009702622 -0.005302429 -0.00644946 0.008299231 -0.007021844 -2.2623e-4 0.007766902 -0.01433885 0.001656413 0.00782305 -0.01729542 0.001190543 0.008036732 -0.01435482 4.35068e-4 0.008177399 -0.01714551 -4.01118e-4 0.008299231 -0.01396387 -7.23844e-4 0.008519291 -0.01660454 -0.001908421 0.008525848 -0.01320838 -0.001694679 0.009746909 -0.008776187 -0.00689888 0.009916782 -0.00826025 -0.007630109 0.009916782 -0.005081892 -0.007402241 0.006561994 -0.01267421 0.007224738 0.006689369 -0.01415741 0.006542503 0.007319808 -0.01313674 0.003764688 0.006893098 -0.01542806 0.00552988 0.007519006 -0.01391756 0.002807855 0.00716114 -0.01641029 0.004247367 0.007477462 -0.01704537 0.002771496 0.008525848 -0.007631182 -0.00129491 0.008692145 -0.008562147 -0.002113699 0.008780062 -0.009713947 -0.002593815 0.009573757 -0.009602785 -0.00617516 0.008828282 -0.01570487 -0.0032413 0.009085953 -0.0145002 -0.004320144 0.008692145 -0.01217013 -0.002372324 0.009276866 -0.01306253 -0.005080521 0.008780062 -0.01096165 -0.002683222 0.009389698 -0.01147776 -0.005477011 0.009449362 -0.01059257 -0.005683362 -2.59033e-4 -0.01703113 -0.007166981 -7.7845e-4 -0.01708132 -0.006466865 -0.001722276 -0.016842 -0.009805262 -0.003453791 -0.01740044 -0.002014935 -9.67451e-4 -0.01714229 -0.005616486 -7.93357e-4 -0.01720345 -0.004763007 0.002842068 -0.0170564 -0.006814599 0.002198278 -0.0170142 -0.007403016 0.005502283 -0.0169565 -0.008207738 0.001370191 -0.01699441 -0.007679402 5.00987e-4 -0.01700037 -0.007595896 0.002166509 -0.01727426 -0.003775119 0.002820551 -0.01723289 -0.004352271 0.003770768 -0.01751494 -4.17382e-4 0.003182649 -0.01717609 -0.005144834 0.003190279 -0.01711368 -0.006015837 -2.86271e-4 -0.01725429 -0.00405389 4.66129e-4 -0.017286 -0.003611862 0.001333713 -0.01729303 -0.003513216 0.006151616 -0.01275736 -0.01084315 0.006151616 -0.01375478 -0.01091462 0.002539277 -0.01270008 -0.01164191 -0.001072943 -0.01364028 -0.0125122 -0.001072943 -0.01264286 -0.01244068 -0.007202029 -0.007033646 -0.004239201 -0.007449924 -0.00661242 -0.003087759 -0.005703866 -0.008012652 -0.01108425 -0.007202029 -0.01337981 -0.004694104 -0.007101356 -0.01635694 -0.00536257 -0.007449924 -0.01396101 -0.003614485 -0.007443249 -0.01689791 -0.003855288 -0.007719755 -0.01415103 -0.002407908 -0.007797598 -0.01704782 -0.002263545 -0.007982254 -0.01392942 -0.001205086 -0.005703866 -0.004834294 -0.01085644 -0.005918085 -0.005054831 -0.009903669 -0.009101986 -0.00608164 0.004421293 -0.007719755 -0.006596386 -0.0018664 -0.007982254 -0.006987333 -7.0751e-4 -0.006046891 -0.009355187 -0.009629368 -0.00682938 -0.01008659 -0.006143152 -0.005873739 -0.00852859 -0.01035308 -0.006873965 -0.008870244 -0.005854427 -0.00700283 -0.007814466 -0.005196034 -0.006171345 -0.01034498 -0.009137511 -0.006231009 -0.01123017 -0.008931159 -0.006873965 -0.01133161 -0.006030857 -0.006343781 -0.01281493 -0.008534669 -0.00700283 -0.01247054 -0.005529761 -0.006534695 -0.0142526 -0.007774293 -0.006792366 -0.01545727 -0.006695449 -0.00820887 -0.007742881 2.6336e-4 -0.008375167 -0.008781135 9.40979e-4 -0.009101986 -0.01081949 0.004081666 -0.008143246 -0.01679778 -6.82622e-4 -0.008459508 -0.01616269 7.93219e-4 -0.00820887 -0.01332008 -1.36418e-4 -0.00872755 -0.01518046 0.002075731 -0.008375167 -0.01238906 6.82359e-4 -0.008931338 -0.01390981 0.003088355 -0.008463084 -0.01123732 0.001162469 -0.009058654 -0.01242661 0.003770589 -0.00847429 -0.01061707 0.001257658 -0.008463084 -0.009989559 0.001251876 0.001753628 -0.01003366 -0.02086758 8.74987e-4 -0.01001971 -0.02106189 8.74987e-4 -0.006927669 -0.02084022 -0.006740093 -0.006806969 -0.02252411 -0.006740093 -0.001420795 -0.02213805 0.001753628 -0.001555442 -0.02025985 0.006379544 -0.01378041 -0.01055771 0.006379544 -0.01278293 -0.01048624 0.005430281 -0.01311093 -0.006216824 0.005230784 -0.01461297 -0.005422413 0.004961609 -0.01587158 -0.004295229 0.00579518 -0.01666194 -0.00812149 0.004638791 -0.01681154 -0.002902686 0.004502415 -0.01707887 -0.002305328 0.006525337 -0.01111376 -0.01102596 0.005754411 -0.009509801 -0.007424473 0.006417453 -0.01189279 -0.01059377 0.005610942 -0.01055455 -0.006850659 0.005548119 -0.01145517 -0.006631076 0.006138682 -0.0160368 -0.009630084 0.006267964 -0.01539933 -0.01016902 0.006350934 -0.01462179 -0.01048868 0.008327484 -0.009860634 -0.01908594 0.008327484 -0.007367014 -0.01890724 0.006877362 -0.01032829 -0.0125615 0.006396353 -0.007989823 -0.01021873 0.006686866 -0.01056432 -0.01171696 0.006196618 -0.008161842 -0.009327828 0.005955636 -0.008687555 -0.008275747 0.005975723 -0.01647192 -0.008924543 -0.001413941 -0.007866024 -0.01194584 5.17167e-4 -0.007243216 -0.02063429 5.17167e-4 -0.009736835 -0.02081304 -9.32979e-4 -0.01020449 -0.0142886 -0.001123428 -0.01044052 -0.013444 -0.001613676 -0.008038043 -0.01105493 -0.001284956 -0.01098996 -0.01275306 -0.001854658 -0.008563756 -0.01000285 -0.002055943 -0.009386003 -0.009151518 -0.001392841 -0.01176899 -0.01232087 -0.002199351 -0.01043075 -0.008577704 -0.002015173 -0.01653814 -0.009848594 -0.003307878 -0.01695507 -0.004032433 -0.003171563 -0.01668775 -0.00462979 -0.002380013 -0.01298713 -0.007943928 -0.00145936 -0.01449799 -0.01221579 -0.001542389 -0.01527553 -0.01189613 -0.002262175 -0.01133137 -0.00835812 -0.001430749 -0.01265913 -0.01221334 -0.001430749 -0.01365661 -0.01228481 -0.002848684 -0.01574778 -0.006022334 -0.00257951 -0.01448917 -0.007149517 -0.001834571 -0.01634812 -0.01065164 -0.001671671 -0.015913 -0.01135718 0.006160855 -0.01108336 0.007763206 0.006160855 -0.006046295 0.008124232 -0.008874058 -0.01084506 0.004438579 0.002255678 -0.005984425 0.007260739 -0.008874058 -0.005807995 0.004799604 -0.004968881 -0.005869925 0.005663156 -0.004968881 -6.33362e-4 0.006038546 0.002255678 -7.47876e-4 0.00763607 -0.001388072 -0.002172231 -0.01165467 -0.001374602 -0.00216788 -0.01171535 -0.001399934 -0.002614915 -0.01163274 -0.001893103 -0.001648664 -0.009333193 -0.00328809 -0.004419922 -0.00322324 -0.002093613 -9.07818e-4 -0.00837326 -0.003023803 -0.0035519 -0.004356324 -0.001501321 -0.003503084 -0.01123785 -0.001657009 -0.004213213 -0.01058477 -0.001850426 -0.004669964 -0.009742677 -0.001651346 -0.00208199 -0.01045757 -0.00264281 4.15381e-4 -0.005794823 -0.002236485 8.01585e-5 -0.007656335 -0.002687513 -0.001032173 -0.005696415 -0.002818048 -0.002391338 -0.005203604 -0.004805803 0.001150965 0.004039406 -0.004850506 -2.96606e-4 0.004137814 -0.005196809 -6.07779e-4 0.005681633 -0.002012908 -0.004817485 -0.009018659 -0.005196809 -0.005844295 0.005306243 -0.00358957 -0.004925072 -0.001896202 -0.003903746 -0.0050264 -4.82634e-4 -0.004675269 -0.002990305 0.00315231 -0.004469513 -0.004018187 0.002148151 -0.004205226 -0.00471574 9.02922e-4 -0.004805803 -0.001715302 0.003833949 -0.005158245 9.35607e-4 0.005617856 -0.005044579 0.002421736 0.005210459 -0.004675269 0.00251007 0.003546595 -0.00486195 0.003771662 0.004481077 -0.004469513 0.003670692 0.002699315 -0.004619956 0.004913508 0.003468573 -0.004205226 0.004538714 0.00156629 -0.004331469 0.005786597 0.00222671 -0.003903746 0.005043864 2.39217e-4 -0.004011929 0.006344377 8.2166e-4 -0.00358957 0.005145192 -0.00117433 -0.003678262 0.006557345 -6.71968e-4 -0.00328809 0.004834473 -0.0025599 -0.003348231 0.006414055 -0.002174675 -0.003039419 0.005922138 -0.003606498 -0.003023803 0.004136919 -0.00380516 -0.002768218 0.00510782 -0.004891395 -0.002818048 0.003109037 -0.004809319 -0.002549052 0.004014372 -0.005960941 -0.002687513 0.001834094 -0.005490958 -0.002393543 0.002699971 -0.006758272 -0.002310037 0.001234471 -0.007240951 0.004786491 -0.003675699 -0.00262922 0.004522204 -0.004543721 -0.001496195 0.005716681 -0.001031577 -0.006646215 0.004522204 0.004710674 -8.32829e-4 0.004770874 0.005798339 -0.001879453 0.004462063 0.006290256 -4.47597e-4 0.005959868 -0.004793763 -0.008015573 0.006153285 -0.004337012 -0.008857667 0.006158947 -0.002205789 -0.008730471 0.006308972 -0.003626883 -0.009510755 0.006422221 -0.00229603 -0.00992757 0.00641036 -0.002738714 -0.009905636 0.006435751 -0.002291679 -0.009988307 0.005797445 -0.004941284 -0.007291555 0.005917191 -0.001772463 -0.007606089 0.004220724 0.005021393 5.52727e-4 0.004132032 0.006433546 0.001055061 0.003906548 0.004920065 0.001966297 0.003798365 0.006220579 0.002548694 0.003605067 0.004414916 0.003293335 0.003478825 0.005662798 0.003953814 0.00334078 0.003546893 0.004426419 0.003190398 0.00478971 0.005195677 0.003135025 0.002386271 0.005273699 0.002948403 0.003647863 0.006208181 0.003004491 0.001027166 0.00576651 0.004220724 -0.005048871 -1.69124e-4 0.002613484 -0.005968093 0.007033348 0.003906548 -0.005150198 0.001244425 0.003605067 -0.004839539 0.002629995 0.00334078 -0.004141986 0.003875255 0.005042076 0.004984021 -0.003164291 0.004786491 0.004013121 -0.002078056 0.005261242 0.003890573 -0.004233837 0.004992246 0.002985239 -0.003082215 0.00541675 0.002576172 -0.005031168 0.00512278 0.001710295 -0.003763854 0.005500257 0.001110672 -0.005513846 0.005167484 2.91582e-4 -0.004067718 0.005573809 -4.36405e-5 -0.005929291 0.00512278 -0.001155972 -0.003969311 0.004992246 -0.002515137 -0.0034765 0.002765715 0.002297937 0.006937563 0.002652049 8.11808e-4 0.007344961 0.002959787 -4.20405e-4 0.005864918 0.002613484 -7.31578e-4 0.007408678 0.003004491 -0.001839101 0.005561053 0.003135025 -0.003114104 0.004879415 0.005271673 0.001176893 -0.005865097 -0.001952826 0.001291394 -0.00746268 -0.002040088 0.002822458 -0.006958365 0.005184412 0.002707958 -0.005360782 -0.00220251 0.004195749 -0.00612533 0.005021989 0.004081249 -0.004527807 -0.002431511 0.005338191 -0.005007922 0.004792988 0.005223691 -0.003410339 -0.002714872 0.006188988 -0.003665506 0.004509687 0.006074428 -0.002067983 -0.003037512 0.006702899 -0.002169549 0.004186987 0.006588399 -5.71999e-4 -0.003382325 0.006852567 -5.99554e-4 0.003842175 0.006738066 9.98e-4 -0.003730952 0.006630122 9.60953e-4 0.003493607 0.006515622 0.002558469 -0.004064798 0.006047308 0.002428948 0.003159761 0.005932807 0.004026472 -0.004366159 0.005135178 0.003726363 0.0028584 0.005020618 0.005323946 -0.004618942 0.003942191 0.004784226 0.002605557 0.003827631 0.006381809 -0.004809856 0.002531826 0.005546271 0.002414703 0.002417325 0.007143795 -0.004928588 9.79131e-4 0.005971908 0.00229597 8.64617e-4 0.007569432 -0.0044927 -2.80308e-4 0.003910481 0.002731859 -3.94822e-4 0.005508005 -0.004450619 -0.001615583 0.003624439 0.00277394 -0.001730084 0.005222022 -0.004327774 -0.002815544 0.002982914 0.002896785 -0.002930045 0.004580438 -0.004134118 -0.003782927 0.002037823 0.003090441 -0.003897488 0.003635406 -0.003885328 -0.004439473 8.65839e-4 0.003339171 -0.004553973 0.00246334 -0.00360161 -0.004731893 -4.38213e-4 0.003622889 -0.004846394 0.00115931 -0.003305912 -0.004636526 -0.001768589 0.003918588 -0.004751026 -1.71083e-4 -0.003022193 -0.004161119 -0.003017604 0.004202306 -0.004275619 -0.00142008 -0.002773463 -0.003344118 -0.00408405 0.004451096 -0.003458619 -0.002486467 -0.002579808 -0.002251803 -0.004881441 0.004644751 -0.002366304 -0.003283917 -0.002456963 -9.7263e-4 -0.005345284 0.004767596 -0.001087129 -0.003747701 -0.002414882 3.89798e-4 -0.00543791 0.004809677 2.75284e-4 -0.003840386 -0.002456963 0.001725077 -0.005151927 0.004767596 0.001610517 -0.003554344 -0.002579808 0.002925038 -0.004510343 0.004644751 0.002810478 -0.002912819 -0.002773463 0.003892421 -0.003565311 0.004451096 0.003777921 -0.001967728 -0.003022193 0.004548966 -0.002393245 0.004202306 0.004434466 -7.95746e-4 -0.003305912 0.004841387 -0.001089215 0.003918588 0.004726886 5.08306e-4 -0.00360161 0.004746019 2.41176e-4 0.003622889 0.004631519 0.001838684 -0.003885328 0.004270613 0.001490175 0.003339171 0.004156053 0.003087699 -0.004134118 0.003453612 0.002556562 0.003090441 0.003339111 0.004154145 -0.004327774 0.002361297 0.003354012 0.002896785 0.002246797 0.004951536 -0.004450619 0.001082062 0.003817796 0.00277394 9.67605e-4 0.00541538 0.002444565 -0.01140296 -0.003673434 0.008392453 -0.01149725 -0.002358198 0.002568542 -0.01083832 -0.003750681 0.008423149 -0.01092839 -0.002456307 0.002606987 -0.01025813 -0.003750026 0.00827372 -0.008257746 -0.001589238 0.002183675 -0.008600115 -0.003279983 0.008342146 -0.008718371 -0.001931726 0.002444565 -0.009135901 -0.003510951 0.008392453 -0.009230136 -0.002195715 0.002568423 -0.009683251 -0.003667831 0.008423149 -0.009779214 -0.002373933 0.008433461 -0.01035046 -0.002461612 0.00144267 -0.008008658 -0.002962529 0.001722395 -0.008153915 -0.003037929 0.001977682 -0.008356332 -0.003151059 -5.39324e-4 -0.008556962 -0.00388211 -0.006761133 -0.008019447 -0.004913866 -6.94625e-4 -0.009086132 -0.004205107 -0.00664246 -0.008991837 -0.005520343 -7.57375e-4 -0.009631454 -0.004403471 -3.99932e-4 -0.00831902 -0.003677189 -2.09857e-4 -0.008123278 -0.003465235 -0.006944596 -0.007300257 -0.004032611 1.63128e-5 -0.007986068 -0.003277957 -7.07056e-4 -0.01182985 -0.00420171 -0.00664246 -0.0112589 -0.005682826 -5.77869e-4 -0.01214253 -0.004018127 -0.006761133 -0.01230788 -0.005221307 -7.74965e-4 -0.01020449 -0.004497885 -0.006601393 -0.01011216 -0.00578624 -7.57306e-4 -0.01078623 -0.004486024 -6.94625e-4 -0.01135319 -0.004367589 -5.95638e-4 -0.01176947 -0.004203617 0.002273142 -0.01181495 -0.003569245 0.00237149 -0.0118786 -0.003520965 0.008342146 -0.01204144 -0.002169907 0.002166509 -0.0121873 -0.003410518 0.00827372 -0.01254624 -0.001896619 0.00190705 -0.01244533 -0.003304481 0.008189022 -0.01299774 -0.001545786 0.001638114 -0.01262247 -0.00323069 0.008090257 -0.01338374 -0.001127004 0.001333713 -0.01275134 -0.003187656 8.99533e-4 -0.01284039 -0.003197371 4.66129e-4 -0.01283407 -0.003292739 5.31317e-5 -0.01272565 -0.003475546 -0.006944596 -0.01314544 -0.004451632 -2.86271e-4 -0.01251596 -0.003714263 -3.94463e-4 -0.01240885 -0.003813445 0.007980227 -0.01369363 -6.51616e-4 -0.007173001 -0.01368069 -0.003457248 -0.007421493 -0.01385575 -0.002345919 0.007738471 -0.0140537 4.15802e-4 0.007861912 -0.01391899 -1.32627e-4 -0.007663249 -0.0136516 -0.001238048 0.007489979 -0.01403898 0.00154072 0.00761336 -0.01409405 9.78711e-4 -0.007872045 -0.01309037 -2.53732e-4 0.007261633 -0.01365095 0.002601265 0.007371664 -0.0138899 0.00208652 -0.008025169 -0.01223289 5.00404e-4 0.007078111 -0.01293182 0.00348252 0.007162868 -0.01332867 0.00307089 -0.008106172 -0.01117205 9.42621e-4 0.006959438 -0.01195937 0.004088997 0.007009685 -0.01247119 0.003825008 -0.008025169 -0.008909761 7.38607e-4 0.006959438 -0.009692311 0.00425148 -0.008106172 -0.01002281 0.001024961 0.006928741 -0.01026111 0.004349589 -0.008116483 -0.01060074 0.001030266 0.00691843 -0.0108391 0.004354894 0.006928741 -0.01141035 0.004267215 -0.007872045 -0.007953464 1.14485e-4 0.007078111 -0.008643329 0.003789961 0.007009685 -0.009148061 0.004063189 -0.007663249 -0.00725758 -7.79737e-4 0.007261633 -0.007805824 0.003020286 0.007162868 -0.008191764 0.003439068 -0.007421493 -0.006897509 -0.001847147 0.007489979 -0.007270514 0.002025902 0.007371664 -0.00749588 0.002544879 -0.007173001 -0.006912291 -0.002972066 0.007738471 -0.007095456 9.14575e-4 0.00761336 -0.007135808 0.001477479 0.008189022 -0.007860839 -0.001177608 0.008090257 -0.007538557 -7.08022e-4 0.007980227 -0.007299602 -1.93288e-4 0.007861912 -0.00715059 3.52541e-4 0.002183675 -0.007989048 -0.003236174 0.002821147 -0.01177406 -0.004139006 0.002798259 -0.00794655 -0.0038293 -8.45036e-4 -0.007888793 -0.004634916 -5.39324e-4 -0.007945895 -0.0038383 -8.5089e-4 -0.01171588 -0.004951 -7.79886e-4 -0.01165562 -0.005791902 -7.89208e-4 -0.007827758 -0.005486071 -3.66682e-4 -0.01160281 -0.006528258 -3.82047e-4 -0.007773995 -0.006236195 3.14783e-4 -0.01156699 -0.0070284 3.02008e-4 -0.007737278 -0.00674808 0.001142561 -0.01155447 -0.007202684 0.001137852 -0.007724404 -0.006928145 0.001968502 -0.01156759 -0.007020056 0.001972734 -0.007737636 -0.00674355 0.002644896 -0.01160389 -0.006513118 0.002654016 -0.007774591 -0.00622797 0.003050625 -0.01165699 -0.00577265 0.003057122 -0.007828533 -0.005475699 0.00311309 -0.01171731 -0.004931092 0.003108322 -0.007889509 -0.004624247 0.009160399 -0.01151245 -0.005832254 0.009042561 -0.01316821 -0.005418062 0.008843064 -0.01467025 -0.004623651 0.008573889 -0.0159288 -0.003496468 0.00825107 -0.01686877 -0.002103924 0.00789386 -0.01743394 -5.29131e-4 0.004059731 -0.0173732 -0.001376926 0.007523655 -0.01759064 0.001133799 -0.007511258 -0.01735228 -0.002190768 -0.003306925 -0.01725643 -0.003005921 -0.007141053 -0.01719564 -0.003853738 -0.006783843 -0.01663047 -0.005428552 -0.006461024 -0.0156905 -0.006821095 -0.00619179 -0.01443195 -0.007948279 -0.005992352 -0.01292991 -0.00874269 -0.005874514 -0.01127415 -0.009156942 0.00716257 -0.01732933 0.002785563 -0.007872343 -0.01709103 -5.39044e-4 0.006832122 -0.01666581 0.004327476 -0.008202791 -0.01642751 0.001002848 0.00655204 -0.0156396 0.005667448 -0.008482813 -0.0154013 0.00234282 0.006339192 -0.01431208 0.00672543 -0.008695721 -0.01407378 0.003400802 0.006206095 -0.01276248 0.007438182 -0.008828759 -0.01252418 0.004113554 -0.007080197 -0.007347702 -0.01917648 -0.007518827 -0.0074234 -0.01812034 -0.007666826 -0.007173836 -0.02160191 -0.009128093 -0.00764513 -0.01502734 -0.006683707 -0.007129073 -0.02222663 -0.005289375 -0.007249474 -0.02054709 -0.006305932 -0.007287263 -0.02001929 -0.001369893 -0.007365524 -0.01892775 -0.002067565 -0.007300496 -0.01983469 -0.003034174 -0.007256507 -0.02044892 -0.004153072 -0.007238745 -0.02069634 -0.003304719 -0.007699489 -0.01426869 -0.002288103 -0.00766164 -0.01479655 -0.007568776 -0.007505297 -0.01697826 -0.007224142 -0.007583439 -0.01588803 -0.008501827 -0.007715404 -0.01404672 -0.00652647 -0.007648408 -0.01498109 -0.001513838 -0.007601261 -0.01563936 -0.001075267 -0.007525563 -0.01669549 -0.001025259 -0.007443666 -0.01783752 -0.004440963 -0.007710218 -0.0141195 -0.005846977 -0.007795751 -0.0129261 -0.005559861 -0.007692456 -0.01436692 -0.006431162 -0.00775808 -0.01345145 -0.007158696 -0.007736682 -0.01374971 -0.009447932 -0.007349908 -0.01494961 -0.009447932 -0.001963734 -0.01456356 -0.007932841 -0.006861269 -0.02176624 -0.007932841 -0.001475095 -0.02138012 0.01647454 -0.007248163 -0.0163691 0.01647454 -0.001861989 -0.01598298 0.01495945 -0.007736802 -0.009552478 0.01495945 -0.002350628 -0.009166419 -0.001072943 -0.001870512 -0.0116685 -0.001095175 -0.001877665 -0.01156848 0.001416325 -0.001877963 -0.01156383 0.002115666 -0.001917362 -0.01101464 0.006129324 -0.001992166 -0.009970903 0.002984642 -0.00193113 -0.01082247 0.00491923 -0.001755475 -0.01327335 0.004924774 -0.001819074 -0.01238554 0.006151616 -0.001985013 -0.01007097 0.004543602 -0.001876592 -0.01158326 0.003851175 -0.001916587 -0.01102542 0.001019597 -0.001757204 -0.01324909 0.001400768 -0.001699686 -0.01405137 -0.002246797 -0.001522302 -0.01652556 -0.002608954 -0.001579165 -0.015733 0.00102514 -0.001820802 -0.01236134 -0.003262937 -0.001620531 -0.01515585 -0.004095733 -0.001639306 -0.01489394 -0.006114721 -0.001790583 -0.0127834 -0.004963397 -0.001632213 -0.01499253 -0.006598591 -0.001766562 -0.01311802 -0.005715787 -0.001600503 -0.01543462 -0.007158696 -0.001752078 -0.01332074 -0.008501827 -0.00173074 -0.01361775 -0.006222844 -0.00154972 -0.01614367 -0.009128093 -0.001660466 -0.01459836 -0.006396949 -0.001488506 -0.01699721 -0.007666826 -0.001189231 -0.02117294 -0.006207942 -0.00142759 -0.01784753 -0.005688548 -0.001377403 -0.01854771 -0.006683707 -0.001144409 -0.02179765 0.002093195 -0.001659691 -0.01460921 -0.002587378 -0.001402616 -0.01819527 -0.002239167 -0.001459896 -0.0173965 0.002246975 -0.001566112 -0.01591503 0.003068387 -0.00159192 -0.01555454 0.002959728 -0.001645147 -0.01481217 0.004044711 -0.001607418 -0.01533865 0.003828704 -0.001658916 -0.01462 0.00494194 -0.001608788 -0.0153191 0.004528045 -0.001698315 -0.0140708 0.005778312 -0.001585543 -0.01564353 0.0161547 -0.001566767 -0.01590532 0.01337385 -0.0017699 -0.01307135 0.01469343 -0.002038061 -0.009330749 0.01301175 -0.001826763 -0.01227879 0.01371031 -0.002082824 -0.008706033 0.01235771 -0.001868128 -0.0117017 0.01236718 -0.002061545 -0.009003043 0.001626431 -0.001519739 -0.01656162 0.001301169 -0.001459956 -0.01739591 -0.003231227 -0.001360476 -0.01878368 0.009397804 -0.001797318 -0.01268953 0.009223699 -0.001736104 -0.013543 0.009412705 -0.001675188 -0.01439338 -0.004928529 -0.001346647 -0.01897662 -0.004059314 -0.001340627 -0.01906007 0.001688718 -0.001277148 -0.01994627 0.001320719 -0.001395821 -0.01829081 0.0117737 -0.00205779 -0.009055435 0.01152491 -0.001886904 -0.01143974 0.01119339 -0.002064943 -0.008956074 0.01065731 -0.001879811 -0.01153838 0.009904921 -0.001848101 -0.01198041 0.006426572 -0.001541197 -0.01626253 0.006788015 -0.001482427 -0.01708185 0.00993216 -0.001625001 -0.0150935 0.007155954 -0.001363813 -0.01873731 0.01552844 -0.001496493 -0.01688593 0.01303327 -0.001650214 -0.01474112 0.01338148 -0.001707494 -0.01394236 0.01069217 -0.001594245 -0.01552242 0.01156139 -0.001588225 -0.01560592 0.01238948 -0.001608073 -0.01532953 0.01552844 -0.007481157 -0.01731491 0.01258647 -0.007504105 -0.01699471 0.01146757 -0.007486343 -0.01724213 0.01033133 -0.007497072 -0.01709294 0.009314715 -0.007534861 -0.01656508 0.0161547 -0.007551431 -0.01633429 0.01469343 -0.008022725 -0.009759724 0.01454544 -0.00777316 -0.01324129 0.01410686 -0.007848858 -0.01218515 0.008051872 -0.007752895 -0.01352411 0.00810188 -0.007670998 -0.01466614 0.008540451 -0.0075953 -0.01572227 0.01459538 -0.007691264 -0.01438337 0.01425075 -0.007613122 -0.0154736 0.01355308 -0.007548093 -0.01638054 0.008396506 -0.007831037 -0.01243388 0.009094178 -0.007896006 -0.01152694 0.01082944 -0.008060097 -0.009238481 0.01006078 -0.007940053 -0.01091271 0.01117968 -0.007957816 -0.01066529 0.01333254 -0.007909238 -0.01134234 0.01371031 -0.008067488 -0.009135007 0.01231598 -0.007947087 -0.01081454 0.01236718 -0.008046209 -0.009432017 0.01158148 -0.008043587 -0.009468317 0.001301169 -0.01023745 -0.0180251 0.002093195 -0.01043719 -0.0152384 0.001400768 -0.01047718 -0.01468056 0.006788015 -0.01025992 -0.01771104 0.001320719 -0.01017326 -0.01892 0.006426572 -0.01031869 -0.01689171 0.001019597 -0.01053464 -0.01387828 -6.4009e-4 -0.01050835 -0.01424527 0.006584465 -0.01062285 -0.01264774 0.004924774 -0.01059657 -0.01301473 0.00491923 -0.01053291 -0.01390254 0.004528045 -0.01047575 -0.01469999 0.005778312 -0.01036304 -0.01627272 0.001626431 -0.01029723 -0.01719081 0.002246975 -0.01034355 -0.01654422 0.002959728 -0.01042264 -0.01544135 0.003068387 -0.01036942 -0.01618373 0.003828704 -0.01043641 -0.01524919 0.004044711 -0.01038491 -0.01596784 0.00494194 -0.01038628 -0.01594829 0.006495118 -0.009956061 -0.01775431 0.006495118 -0.001777052 -0.01716804 0.006863057 -0.009837388 -0.01940977 0.006863057 -0.00165838 -0.0188235 0.003133356 -0.01004922 -0.01645439 0.003133356 -0.001870214 -0.01586812 0.004109621 -0.01006472 -0.01623851 0.004109621 -0.001885712 -0.01565223 0.001981556 -0.009760022 -0.02048921 0.001981556 -0.001581013 -0.01990294 0.001613616 -0.009878695 -0.01883375 0.001613616 -0.001699686 -0.01824748 0.01385384 -0.00753808 -0.01232451 0.01382017 -0.004848718 -0.01208001 0.01425254 -0.004776179 -0.01309156 0.01382017 -0.007541775 -0.01227301 0.01314991 -0.007593035 -0.01155829 0.01305067 -0.004905164 -0.01129245 0.01305067 -0.007598221 -0.01148551 0.01222574 -0.007627427 -0.01107847 0.01204794 -0.004937887 -0.0108354 0.01204794 -0.007631003 -0.01102846 0.01119279 -0.007637143 -0.01094281 0.01094734 -0.004942536 -0.01077055 0.01094734 -0.007635653 -0.01096361 0.01017558 -0.00762099 -0.01116776 0.009897589 -0.004918456 -0.01110661 0.009897589 -0.007611572 -0.01129966 0.009296894 -0.007580995 -0.01172608 0.009040415 -0.004868865 -0.0117982 0.009040415 -0.007561981 -0.01199126 0.008662641 -0.007521867 -0.01255059 0.008491635 -0.004800498 -0.01275199 0.008491635 -0.007493615 -0.01294499 0.008349299 -0.007450819 -0.01354169 0.008325338 -0.004722595 -0.01383906 0.008325338 -0.007415711 -0.01403212 0.008394777 -0.004683315 -0.01438689 0.008394777 -0.007376432 -0.01457995 0.008563935 -0.004645645 -0.01491266 0.008563935 -0.007338702 -0.01510572 0.008793473 -0.007307589 -0.01554006 0.0091753 -0.00458002 -0.01582777 0.0091753 -0.007273137 -0.01602083 0.009497344 -0.007252693 -0.01630628 0.01007676 -0.004534661 -0.01646083 0.01007676 -0.007227778 -0.01665389 0.01042151 -0.007218301 -0.01678609 0.01114666 -0.004515647 -0.01672637 0.01114666 -0.007208704 -0.01691937 0.01145452 -0.007208526 -0.01692175 0.01224046 -0.004525542 -0.01658838 0.01224046 -0.007218599 -0.01678144 0.01247167 -0.007224678 -0.01669681 0.01321041 -0.004562973 -0.01606565 0.01321041 -0.00725609 -0.01625871 0.01335042 -0.007264673 -0.01613843 0.01392555 -0.004622995 -0.01522874 0.01392555 -0.007316052 -0.0154218 0.01398468 -0.007323801 -0.01531398 0.01428931 -0.004697382 -0.01419067 0.01428931 -0.007390499 -0.01438367 0.01429796 -0.00739485 -0.01432287 0.01425254 -0.007469296 -0.01328462 0.009223699 -0.004728436 -0.01375752 0.009412705 -0.00466746 -0.01460784 0.00993216 -0.004617273 -0.01530802 0.01069217 -0.004586577 -0.01573693 0.01156139 -0.004580557 -0.01582038 0.01065731 -0.004872143 -0.01175284 0.009904921 -0.004840433 -0.01219493 0.009397804 -0.00478965 -0.01290398 0.01238948 -0.004600405 -0.01554405 0.01303327 -0.004642546 -0.01495558 0.01338148 -0.004699826 -0.01415681 0.01337385 -0.004762232 -0.01328587 0.01301175 -0.004819035 -0.01249331 0.01235771 -0.00486046 -0.01191616 0.01152491 -0.004879236 -0.01165425 -0.00176686 -0.007290482 -0.01577866 -0.001800477 -0.00460112 -0.01553416 -0.001368165 -0.004528582 -0.01654577 -0.001800477 -0.007294178 -0.01572722 -0.002470731 -0.007345438 -0.0150125 -0.002569973 -0.004657566 -0.01474666 -0.002569973 -0.007350623 -0.01493972 -0.003394901 -0.007379829 -0.01453262 -0.003572762 -0.004690289 -0.01428961 -0.003572762 -0.007383406 -0.01448261 -0.004427909 -0.007389545 -0.01439696 -0.004673361 -0.004694938 -0.0142247 -0.004673361 -0.007388055 -0.01441776 -0.005445063 -0.007373392 -0.01462191 -0.005723118 -0.004670858 -0.01456075 -0.005723118 -0.007363975 -0.01475381 -0.006323814 -0.007333397 -0.01518028 -0.006580233 -0.004621267 -0.01525241 -0.006580233 -0.007314383 -0.01544541 -0.006958067 -0.00727427 -0.01600474 -0.007129073 -0.0045529 -0.01620614 -0.007129073 -0.007246017 -0.0163992 -0.007271349 -0.007203221 -0.0169959 -0.00729537 -0.004474997 -0.01729321 -0.00729537 -0.007168114 -0.01748627 -0.00722593 -0.007128834 -0.0180341 -0.007056713 -0.004398047 -0.01836687 -0.007056713 -0.007091104 -0.01855987 -0.006827235 -0.007059991 -0.01899421 -0.006445407 -0.004332423 -0.01928198 -0.006445407 -0.007025539 -0.01947504 -0.006123304 -0.007005095 -0.01976042 -0.005543887 -0.004287064 -0.01991504 -0.005543887 -0.00698018 -0.0201081 -0.005199134 -0.006970703 -0.0202403 -0.004474043 -0.00426805 -0.02018052 -0.004474043 -0.006961107 -0.02037358 -0.004166185 -0.006960928 -0.0203759 -0.003380239 -0.004277944 -0.02004259 -0.003380239 -0.006971001 -0.02023559 -0.003148972 -0.006977081 -0.02015101 -0.002410292 -0.004315376 -0.01951986 -0.002410292 -0.007008492 -0.01971286 -0.002270281 -0.007017076 -0.01959264 -0.001695096 -0.004375398 -0.01868289 -0.001695096 -0.007068455 -0.01887595 -0.001636028 -0.007076203 -0.01876813 -0.001331388 -0.004449784 -0.01764482 -0.001331388 -0.007142901 -0.01783788 -0.001322686 -0.007147252 -0.01777702 -0.001368165 -0.007221698 -0.01673877 -0.004963397 -0.004624545 -0.01520705 -0.005715787 -0.004592835 -0.01564908 -0.006222844 -0.004542052 -0.01635819 -0.006396949 -0.004480838 -0.01721167 -0.006207942 -0.004419863 -0.01806205 -0.005688548 -0.004369676 -0.01876217 -0.004928529 -0.004338979 -0.01919108 -0.004059314 -0.004332959 -0.01927459 -0.003231227 -0.004352807 -0.0189982 -0.002587378 -0.004394948 -0.01840978 -0.002239167 -0.004452228 -0.01761102 -0.002246797 -0.004514634 -0.01674002 -0.002608954 -0.004571437 -0.01594746 -0.003262937 -0.004612863 -0.01537036 -0.004095733 -0.004631578 -0.0151084 0.00102514 -0.01079589 -0.01300466 0.001285374 -0.01122671 -0.01241654 0.001416325 -0.01140654 -0.01224684 0.002984642 -0.0122596 -0.01156282 0.001825034 -0.01191425 -0.01190066 0.002115666 -0.01224583 -0.01175498 0.004543602 -0.01085162 -0.01222664 0.004046797 -0.01127052 -0.01180595 0.003851175 -0.01144516 -0.01170843 0.003319501 -0.01193791 -0.01157021 0.00100255 -0.0107423 -0.01311099 9.72681e-4 -0.0106008 -0.01349276 0.004802823 -0.01066154 -0.01264584 0.002820551 -0.01184672 -0.003966212 0.002905607 -0.01183784 -0.004089891 -9.50057e-4 -0.01177674 -0.004942476 -7.93357e-4 -0.01181727 -0.004376888 -8.75503e-4 -0.01171344 -0.0058254 -9.67451e-4 -0.01175612 -0.005230426 -4.41639e-4 -0.01165801 -0.006598591 -7.7845e-4 -0.01169514 -0.006080746 2.73899e-4 -0.0116204 -0.007123708 -2.59033e-4 -0.01164495 -0.006780922 0.001143038 -0.01160728 -0.007306754 5.00987e-4 -0.0116142 -0.007209837 0.002010345 -0.01162099 -0.007114946 0.001370191 -0.01160824 -0.007293283 0.002720475 -0.01165914 -0.006582677 0.002198278 -0.01162803 -0.007016897 0.003146529 -0.01171487 -0.005805134 0.002842068 -0.01167023 -0.00642848 0.003182649 -0.01178991 -0.004758775 0.003212153 -0.01177823 -0.004921495 0.003190279 -0.01172745 -0.005629718 -0.005625188 -0.004760205 -0.009817421 0.009409725 -0.004998564 -0.006492793 0.01005101 -0.008047163 -0.008015811 0.01005136 -0.004858613 -0.007787942 0.01027715 -0.007898747 -0.008383572 0.01025211 -0.004574179 -0.008111536 0.01058721 -0.00781399 -0.008702993 0.01049691 -0.004247069 -0.008366942 0.01079463 -0.007789552 -0.008853375 0.01076894 -0.003892183 -0.008557319 0.01135557 -0.003134429 -0.008766531 0.0110566 -0.003520131 -0.008688449 0.01159965 -0.007765829 -0.009147465 0.0109651 -0.007779955 -0.008950114 0.01161903 -0.00776565 -0.009150028 0.01195275 -0.002378463 -0.008777856 0.01165801 -0.002745747 -0.008794724 0.01160001 -0.002819955 -0.008792996 -0.00565654 -0.004609644 -0.0112614 -0.005702137 -0.007645249 -0.01191782 -0.00565654 -0.007797718 -0.01149034 -0.006887555 -0.002079844 -0.01294398 -0.006606519 -0.002483189 -0.01282852 -0.006575226 -0.00253123 -0.01281219 -0.006591022 -0.007476985 -0.01317673 -0.006121695 -0.003295302 -0.01246571 -0.006083011 -0.007509768 -0.01271992 -0.005974054 -0.003583967 -0.01228499 -0.005969643 -0.007523834 -0.01256042 -0.005808055 -0.003962039 -0.01199364 -0.005846261 -0.007553339 -0.01233792 -0.005675315 -0.004408776 -0.01153457 -0.005666434 -0.004465162 -0.01146358 0.006418824 -0.01082813 -0.01191329 0.006278395 -0.01130586 -0.01131248 0.006184518 -0.01198333 -0.01093667 -0.001039981 -0.01186883 -0.0125342 -9.46182e-4 -0.01119136 -0.01291 -8.05745e-4 -0.01071363 -0.01351088 -0.006798624 -0.002070546 -0.01291608 -0.006407558 -0.002526223 -0.01274263 -0.006241202 -0.002737998 -0.01263976 -0.00611025 -0.00291258 -0.01254302 -0.005760788 -0.003427565 -0.01218527 -0.005748867 -0.003446996 -0.01216936 -0.005416154 -0.004155099 -0.01141411 -0.005563914 -0.003779113 -0.01186323 -0.005628943 -0.003654181 -0.01198649 -0.005385518 -0.004351377 -0.01110988 -0.005404591 -0.004500269 -0.01082187 -0.005430459 -0.004559755 -0.01068359 0.01156395 -0.002661347 -0.008805692 0.01186072 -0.002366304 -0.008790016 0.009604454 -0.004798054 -0.007358968 0.00974965 -0.004591286 -0.007763087 0.009971976 -0.004329502 -0.008101165 0.01024621 -0.00402975 -0.00836718 0.01055288 -0.003705382 -0.008564591 0.01121884 -0.003014743 -0.00877881 0.0108788 -0.003365993 -0.008699595 0.006119787 -0.01468974 -0.01083791 -0.001104712 -0.01457524 -0.01243549 0.006027579 -0.01555365 -0.01048278 -0.00119692 -0.01543915 -0.01208031 0.005883932 -0.01626199 -0.00988394 -0.001340627 -0.01614743 -0.01148146 0.005702912 -0.01674538 -0.009100019 -0.001521587 -0.01663088 -0.01069754 0.005884468 -0.001908183 -0.008857309 -0.001340091 -0.001793682 -0.01045489 0.00565952 -0.001505136 -0.007811367 -0.001564979 -0.001390635 -0.009408891 0.005473017 -8.1596e-4 -0.00691843 -0.001751542 -7.01446e-4 -0.008516013 0.005340099 1.03087e-4 -0.006251513 -0.0018844 2.17601e-4 -0.007849097 0.01040053 -0.008093774 -0.00897938 0.01005059 -0.008175611 -0.008641064 0.009215891 -0.01068902 -0.006024241 0.009331643 -0.009768307 -0.006481766 0.009492754 -0.008999347 -0.007155001 0.009366691 -0.009567081 -0.006625652 0.009797811 -0.008317291 -0.008248865 0.009650766 -0.008519411 -0.007835149 0.009567975 -0.008744835 -0.007476985 -0.005384147 -0.008281111 -0.01115983 -0.005336999 -0.008076906 -0.01159685 -0.0055691 -0.007840514 -0.01251178 -0.005396664 -0.007930576 -0.01205772 -0.005466938 -0.008506476 -0.01080161 -0.005542159 -0.008761048 -0.01047962 -0.005668222 -0.009328782 -0.009950339 -0.00570321 -0.009530007 -0.009806394 -0.005818963 -0.01045072 -0.009348928 0.006180822 -0.001828134 -0.01645559 0.006180822 -0.01000714 -0.01704192 0.005617141 -0.001866698 -0.01591736 0.005617141 -0.0100457 -0.01650363 0.004889845 -0.001886904 -0.01563525 0.004889845 -0.01006591 -0.01622152 0.002419054 -0.001847743 -0.01618158 0.002419054 -0.01002675 -0.01676785 0.001879453 -0.001807451 -0.01674389 0.001879453 -0.00998646 -0.01733016 0.001596629 -0.001755475 -0.01746928 0.001596629 -0.009934484 -0.01805561</float_array>
          <technique_common>
            <accessor source="#LINK_WRIST_PITCH_L-mesh-positions-array" count="920" stride="3">
              <param name="X" type="float"/>
              <param name="Y" type="float"/>
              <param name="Z" type="float"/>
            </accessor>
          </technique_common>
        </source>
        <source id="LINK_WRIST_PITCH_L-mesh-normals">
          <float_array id="LINK_WRIST_PITCH_L-mesh-normals-array" count="5736">-0.2164399 -0.0698027 0.9737974 -0.2164399 -0.0698027 0.9737975 -0.1318617 -0.07087308 0.9887313 -0.1698701 -0.06559938 0.9832807 -0.2996145 -0.06845951 0.9516011 -0.2842836 -0.04582059 0.9576447 -0.2164404 -0.06980258 0.9737973 -0.2164393 -0.0698027 0.9737976 0.2164375 0.0698027 -0.973798 0.2164387 0.06980264 -0.9737977 0.2164424 0.06980258 -0.9737969 0.2164401 0.06980264 -0.9737975 0.2164394 0.06980258 -0.9737975 0.2164392 0.06980246 -0.9737976 0.976296 -0.01547533 0.2158856 0.9762961 -0.01547515 0.2158855 0.9762961 -0.01547497 0.2158856 0.9762961 -0.01547443 0.2158856 0.9762961 -0.01547545 0.2158854 0.9762961 -0.01547485 0.2158856 0.976296 -0.01547497 0.2158858 0.976296 -0.01547509 0.2158861 0.9762961 -0.01547414 0.2158856 0.976296 -0.01547819 0.2158858 0.9762961 -0.01547199 0.2158856 0.976296 -0.01547461 0.2158858 0.9762961 -0.01547473 0.2158858 0.976296 -0.01547491 0.2158858 0.976296 -0.01547461 0.2158859 0.976296 -0.01547497 0.2158856 0.9762961 -0.01547479 0.2158855 0.976296 -0.01547515 0.2158856 0.9762961 -0.01547408 0.2158856 0.967495 -0.01808065 0.2522428 0.9610176 -0.01978254 0.2757789 0.9762961 -0.01547491 0.2158857 0.9762961 -0.01547485 0.2158855 0.976296 -0.01547557 0.2158858 0.9762961 -0.01547455 0.2158855 0.976296 -0.01547473 0.2158859 0.976296 -0.01547431 0.2158856 0.9762961 -0.01547467 0.2158855 0.976296 -0.01547557 0.2158856 0.976296 -0.01547527 0.2158856 0.976296 -0.01547557 0.2158856 0.976296 -0.01547288 0.2158858 0.9762961 -0.01547521 0.2158855 0.976296 -0.01547473 0.2158857 0.9762961 -0.01547503 0.2158855 0.9762961 -0.01547431 0.2158858 0.9762961 -0.01547521 0.2158853 0.976296 -0.01547473 0.2158859 0.976296 -0.01547527 0.215886 5.79416e-7 -0.9974409 -0.07149642 1.20252e-7 -0.9974408 -0.07149708 0.01698166 -0.9888894 -0.1476801 -0.006685853 -0.9976757 -0.06781286 5.85235e-7 -0.9974406 -0.07149982 -2.1894e-7 -0.9974407 -0.07149904 1.33967e-7 -0.9974407 -0.07149893 0 -0.9974411 -0.07149493 0.0169816 -0.9888895 -0.1476794 1.78297e-7 -0.9974408 -0.07149815 1.30564e-7 -0.9974409 -0.07149744 2.53e-7 -0.9974408 -0.07149761 0 -0.9974408 -0.07149702 -8.99569e-4 -0.9979828 -0.06347912 2.75516e-7 -0.9974408 -0.07149732 1.07085e-6 -0.9974409 -0.0714966 0 -0.9974408 -0.07149678 -3.19849e-7 -0.9974409 -0.0714966 -4.27615e-7 -0.9974408 -0.07149738 0.2102923 -0.02455925 -0.97733 0.2157723 -0.008670866 -0.9764053 0.216099 0.0137661 -0.9762745 0.2157723 -0.008670449 -0.9764052 0.2163211 -0.02818942 -0.9759153 -0.9762961 0.01547622 -0.2158854 -0.976296 0.01547545 -0.2158858 -0.9837443 0.01283895 -0.1791157 -0.976296 0.01547491 -0.2158856 -0.9762961 0.01547503 -0.2158858 -0.9762961 0.01547491 -0.2158857 -0.9762961 0.01547497 -0.2158856 -0.9762961 0.01547479 -0.2158857 -0.976296 0.01547479 -0.2158856 -0.9762961 0.01547485 -0.2158858 -0.990076 0.02315628 -0.1386123 -0.976296 0.01547485 -0.2158857 -0.976296 0.01547491 -0.2158857 -0.976296 0.01547241 -0.2158863 -0.9762961 0.01547545 -0.2158854 -0.976296 0.0154758 -0.2158855 -0.976296 0.01547497 -0.2158858 -0.9762959 0.01547336 -0.2158866 -0.9762961 0.01547509 -0.2158856 -0.976296 0.01547485 -0.2158858 -0.976296 0.01547443 -0.2158858 -0.9762961 0.01547503 -0.2158858 -0.976296 0.01547461 -0.2158857 -0.976296 0.01547479 -0.2158859 -0.9762961 0.01547473 -0.2158855 -0.976296 0.01547503 -0.215886 -0.976296 0.01547485 -0.2158859 -0.976296 0.01547539 -0.2158858 -0.976296 0.01547449 -0.2158856 -0.9762961 0.01547521 -0.2158857 -0.9762961 0.01547563 -0.2158856 -0.9762961 0.01547557 -0.2158855 -0.976296 0.01547437 -0.2158857 -0.9762961 0.01547491 -0.2158856 -0.976296 0.01547455 -0.2158857 -0.9762961 0.01547455 -0.2158856 -0.9762961 0.01547652 -0.2158852 -0.9762961 0.01547515 -0.2158855 -0.976296 0.01547563 -0.2158855 -0.9762961 0.01547437 -0.2158856 0.2164416 0.06980252 -0.973797 0.2164425 0.06980246 -0.9737969 0.2164387 0.06980276 -0.9737977 0.2164393 0.06980282 -0.9737975 0.2164396 0.06980276 -0.9737975 0.2164399 0.0698027 -0.9737975 0.9762961 -0.0154742 0.2158856 0.9762961 -0.01547473 0.2158855 0.976296 -0.01547491 0.2158857 0.976296 -0.01547503 0.2158857 0.9762961 -0.01547455 0.2158855 0.976296 -0.01547473 0.2158858 0.9762956 -0.01547652 0.2158877 0.9762954 -0.01547706 0.2158882 0.976296 -0.01547503 0.2158856 0.976296 -0.01547467 0.2158858 0.9762961 -0.01547473 0.2158854 0.976296 -0.01547467 0.2158856 0.976296 -0.01547503 0.2158856 0.9762961 -0.01547473 0.2158856 0.976296 -0.01547503 0.2158858 0.9762961 -0.01547467 0.2158857 0.976296 -0.01547455 0.2158857 0.9762961 -0.01547455 0.2158857 0.976296 -0.01547467 0.2158856 0.976296 -0.01547449 0.2158858 0.9762961 -0.01547503 0.2158856 0.9762961 -0.01547491 0.2158855 0.976296 -0.01547467 0.2158856 0.976296 -0.01547479 0.2158856 -0.976296 0.01547485 -0.2158856 -0.976296 0.01547479 -0.2158858 -0.976296 0.01547479 -0.2158858 -0.9762961 0.01547491 -0.2158855 -0.9762961 0.01547491 -0.2158855 -0.976296 0.01547491 -0.2158856 -0.9762961 0.01547479 -0.2158855 -0.976296 0.01547491 -0.2158858 -0.976296 0.01547479 -0.2158856 -0.9762961 0.01547485 -0.2158852 -0.9762961 0.01547479 -0.2158858 -0.976296 0.01547491 -0.2158859 -0.9762957 0.01547533 -0.2158872 -0.9762957 0.01547521 -0.215887 -0.976296 0.01547485 -0.2158857 -0.9762961 0.01547485 -0.2158855 -0.9762961 0.01547485 -0.2158855 -0.976296 0.01547491 -0.2158858 -0.9762961 0.01547485 -0.2158855 -0.9762961 0.01547467 -0.2158858 -0.976296 0.01547455 -0.2158857 -0.9762961 0.01547479 -0.2158855 -0.9762961 0.01547509 -0.2158857 -0.9762961 0.01547485 -0.2158857 -0.2160336 -0.1307318 0.9675943 -0.2164396 -0.06980264 0.9737975 -0.2160337 -0.1307318 0.9675943 -0.2164396 -0.0698024 0.9737975 -0.2164397 -0.0698027 0.9737975 -0.2164397 -0.06980264 0.9737975 -0.2160782 -0.01208144 0.9763014 -0.2160783 -0.01208132 0.9763014 -0.9762951 0.01547503 -0.2158897 -0.9762943 0.01547533 -0.2158936 -0.976296 0.01547467 -0.2158858 -0.9762961 0.01547479 -0.2158857 -0.9762961 0.01547425 -0.2158859 -0.976296 0.01547473 -0.2158858 -0.9762966 0.01547217 -0.2158839 -0.9762961 0.01547473 -0.2158855 -0.9762964 0.01547348 -0.2158839 -0.9762961 0.01547479 -0.2158854 -0.9762961 0.01547479 -0.2158855 -0.9762961 0.01547473 -0.2158856 -0.976296 0.01547479 -0.2158856 -0.976296 0.01547479 -0.2158856 -0.9762961 0.01547557 -0.2158858 -0.9762961 0.01547461 -0.2158858 -0.9762961 0.01547509 -0.2158858 -0.976296 0.01547473 -0.2158858 -0.9762961 0.01547485 -0.2158856 -0.9762961 0.01547402 -0.2158858 -0.9762961 0.01546555 -0.2158861 -0.9762961 0.01547527 -0.2158855 -0.976296 0.01547431 -0.2158856 -0.9762961 0.01547598 -0.2158856 -0.9762961 0.01547497 -0.2158854 -0.9762961 0.01547443 -0.2158858 -0.9762961 0.01547503 -0.2158857 -0.976296 0.01547491 -0.2158856 -0.9762961 0.01547521 -0.2158855 -0.976296 0.01547497 -0.2158855 -0.9762961 0.01547491 -0.2158855 -0.9762961 0.01547515 -0.2158856 -0.9762961 0.01547503 -0.2158857 -0.9762961 0.01547551 -0.2158857 -0.9762961 0.01547527 -0.2158857 -0.9762961 0.01547521 -0.2158857 -0.9762961 0.01547497 -0.2158856 -0.9762961 0.01547491 -0.2158857 -0.9762961 0.01547497 -0.2158856 -0.9762961 0.01547485 -0.2158857 -0.9762961 0.01547473 -0.2158856 -0.9762961 0.01547473 -0.2158856 -0.976296 0.01547479 -0.2158858 -0.9762961 0.01547485 -0.2158857 -0.976296 0.01547497 -0.2158857 -0.9762961 0.01547497 -0.2158856 -0.9762961 0.01547491 -0.2158857 0.9762964 -0.01545697 0.2158854 0.9762961 -0.01547402 0.2158856 0.976296 -0.01547467 0.2158857 0.9762961 -0.01547491 0.2158855 0.9762961 -0.01547503 0.2158856 0.9762961 -0.01547503 0.2158856 0.976296 -0.01547515 0.2158858 0.9762961 -0.01547485 0.2158855 0.9762961 -0.01547491 0.2158856 0.976296 -0.01547509 0.2158861 0.9762956 -0.01547485 0.215888 0.9762957 -0.01547694 0.2158872 0.9762951 -0.01547425 0.21589 0.976296 -0.01547503 0.2158857 0.976296 -0.01547467 0.2158858 0.976296 -0.01547485 0.2158858 0.9762961 -0.01547497 0.2158858 0.976296 -0.01547473 0.2158856 0.9762961 -0.01547491 0.2158856 0.976296 -0.01547485 0.2158856 0.9762961 -0.01547497 0.2158857 0.976296 -0.01547485 0.2158857 0.9762961 -0.01547479 0.2158856 0.976296 -0.01547485 0.2158856 0.9762961 -0.01547491 0.2158855 0.976296 -0.01547497 0.2158856 0.9762961 -0.01547634 0.2158856 0.9762961 -0.01547497 0.2158858 0.9762958 -0.01547092 0.215887 0.9762961 -0.0154742 0.2158854 0.9762961 -0.01547521 0.2158858 0.9762961 -0.01547455 0.2158856 0.976296 -0.01547479 0.2158856 0.9762961 -0.01547497 0.2158856 0.976296 -0.01547503 0.2158855 0.9762961 -0.01547515 0.2158856 0.9762961 -0.01547449 0.2158857 0.9762961 -0.01547461 0.2158857 0.976296 -0.01547497 0.2158856 0.9762961 -0.01547473 0.2158856 0.9762961 -0.01547515 0.2158856 0.9762961 -0.0154767 0.2158855 0.9762961 -0.01547491 0.2158857 0.976296 -0.01547485 0.2158856 0.976296 -0.01547491 0.2158856 0.9762961 -0.01547473 0.2158856 0.9762961 -0.01547485 0.2158858 0.976296 -0.01547509 0.2158858 0.2088119 0.3298084 -0.920665 0.2088119 0.3298084 -0.920665 0.2019543 0.423894 -0.8829091 0.2019543 0.423894 -0.882909 0.1787493 0.6200767 -0.7639068 0.1787492 0.6200767 -0.763907 0.1460369 0.7832789 -0.6042745 0.1460369 0.7832788 -0.6042745 0.1055573 0.9048206 -0.4125015 0.1055573 0.9048205 -0.4125019 0.05946332 0.9782368 -0.1987891 0.05946332 0.9782367 -0.198789 0.01020663 0.9996228 0.0254963 0.01020663 0.9996228 0.0254969 -0.03959292 0.9678413 0.2484261 -0.03959292 0.9678414 0.2484261 -0.08728665 0.8845826 0.4581426 -0.08728665 0.8845826 0.4581425 -0.1303377 0.754275 0.6434915 -0.1303378 0.7542752 0.6434913 -0.1664566 0.5838494 0.7946145 -0.1664566 0.5838495 0.7946144 -0.1937219 0.3823701 0.9034738 -0.1937219 0.3823699 0.9034739 -0.2106835 0.1605534 0.9642796 -0.2106837 0.1605534 0.9642796 0.2164397 0.06980264 -0.9737975 0.2164395 0.06980276 -0.9737975 0.2076723 0.3479868 -0.9142087 0.2076722 0.347987 -0.9142086 0.1820805 0.5979788 -0.7805562 0.1820806 0.5979789 -0.7805562 0.1417378 0.7995265 -0.5836675 0.1417378 0.7995263 -0.5836679 0.08991223 0.9363013 -0.3394935 0.08991223 0.9363011 -0.3394938 0.03080248 0.9972224 -0.06781589 0.03080248 0.9972224 -0.06781595 -0.03080248 0.9773544 0.2093551 -0.03080248 0.9773544 0.2093554 -0.08991223 0.8783072 0.4695661 -0.08991223 0.878307 0.4695664 -0.1417378 0.7081043 0.6917361 -0.1417378 0.7081044 0.6917359 -0.1820805 0.4805354 0.8578652 -0.1820806 0.4805355 0.857865 -0.2076721 0.2140365 0.954495 -0.2076723 0.2140365 0.954495 -0.2164395 -0.06980264 0.9737975 -0.2164397 -0.0698027 0.9737975 -0.2076722 -0.3479867 0.9142087 -0.2076724 -0.3479869 0.9142087 -0.1820806 -0.597979 0.7805562 -0.1820806 -0.597979 0.7805562 -0.1417378 -0.7995263 0.5836678 -0.1417378 -0.7995263 0.5836678 -0.08991223 -0.9363012 0.3394935 -0.08991223 -0.936301 0.3394941 -0.03080254 -0.9972224 0.0678153 -0.03080254 -0.9972223 0.06781637 0.03080254 -0.9773542 -0.2093561 0.03080254 -0.9773544 -0.2093554 0.08991223 -0.878307 -0.4695667 0.08991223 -0.8783072 -0.4695662 0.1417378 -0.7081043 -0.6917361 0.1417378 -0.7081044 -0.6917359 0.1820806 -0.4805353 -0.8578651 0.1820805 -0.4805355 -0.857865 0.2076723 -0.2140365 -0.954495 0.2076721 -0.2140365 -0.954495 -0.2046779 0.2583194 0.9441282 -0.2051714 0.2575972 0.9442184 -0.2132593 0.1011396 0.9717465 -0.2135053 0.09531158 0.9722815 -0.2164016 -0.06983661 0.9738035 -0.1717779 -0.6674204 0.7245981 -0.1916497 -0.5395334 0.8198623 -0.1905035 -0.5360335 0.8224213 -0.2034873 -0.4033483 0.892134 -0.2047315 -0.389902 0.8978092 -0.2132539 -0.2387755 0.9473695 -0.2135089 -0.2330105 0.9487467 -0.21644 -0.06980282 0.9737975 -0.1465055 -0.7809531 0.6071643 -0.1692771 -0.676151 0.7170531 -0.1796668 -0.6204056 0.7634245 -0.182941 -0.5375961 0.8231179 -0.1703076 -0.6677647 0.724628 -0.1959814 -0.4099754 0.8907926 -0.2042352 -0.3899391 0.8979061 -0.2057859 -0.2344273 0.9501032 -0.1777319 -0.620375 0.763902 -0.1528311 -0.6943049 0.7032663 -0.1168563 -0.8727576 0.4739609 -0.1428732 -0.7805851 0.6085016 -0.1806011 0.3811065 0.9067201 -0.1981164 0.2583577 0.9455165 -0.1771681 0.4923238 0.8521906 -0.1664494 0.5583015 0.8127694 -0.2096282 -0.07499706 0.9749008 -0.2127414 -0.07238125 0.974424 -0.2128139 0.1012173 0.971836 -0.2015194 0.2637866 0.9432956 -0.1621008 0.328091 0.930634 -0.1995538 0.3387608 0.919467 -0.193601 0.4041674 0.8939617 -0.1917044 0.4130661 0.8902953 -0.1801795 0.4938433 0.8506787 -0.1716193 0.5580703 0.8118525 -0.1715508 0.5700962 0.803468 -0.1427393 0.6881216 0.711417 -0.166991 0.6338396 0.7552228 -0.1158133 0.7954641 0.5948312 -0.1575983 0.6725147 0.7231092 -0.1370344 0.7314945 0.6679353 -0.135136 0.7323944 0.6673356 -0.1418913 0.6690965 0.7295045 -0.1153862 0.7967502 0.5931906 -0.1497302 0.6222944 0.7683297 -0.1707166 0.558096 0.8120251 -0.08687061 0.885388 0.4566637 -0.05013853 0.9497325 0.3090219 0.02086746 0.9997461 -0.00850284 -0.01780092 0.9882685 0.1516858 -0.05313253 0.9497841 0.3083623 0.08993649 0.9414166 -0.3250327 0.05320507 0.9840539 -0.1697266 0.0178731 0.9997984 -0.009157538 0.149584 0.7810662 -0.6062675 0.1184536 0.8732011 -0.4727457 0.08694291 0.941469 -0.3256946 0.1933461 0.5360696 -0.8217339 0.1708731 0.6677227 -0.7245335 0.1465906 0.7811167 -0.6069334 0.2133644 0.2720342 -0.9383352 0.2047848 0.3898887 -0.897803 0.190353 0.5361193 -0.8224 0.193346 -0.4133847 -0.8897923 0.2047845 -0.257849 -0.9442338 0.2133651 -0.1354196 -0.9675418 0.2134876 -0.09532237 -0.9722843 0.2164393 0.06980204 -0.9737976 0.21644 0.0698027 -0.9737975 0.2134878 0.2330238 -0.9487481 0.1495839 -0.6866092 -0.7114721 0.1708737 -0.5575576 -0.8123618 0.1903529 -0.4133393 -0.8904586 0.08993637 -0.8854338 -0.455981 0.1184534 -0.7968464 -0.5924566 0.1465906 -0.6865647 -0.7121378 0.0208674 -0.9883126 -0.1510062 0.05320501 -0.949785 -0.3083468 0.08694279 -0.8853906 -0.4566448 -0.05013841 -0.9840978 0.1704043 -0.01780116 -0.9997994 0.009178876 0.0178734 -0.9882699 -0.1516684 -0.1430267 -0.7829605 0.6054059 -0.1154358 -0.8720852 0.4755439 -0.08687049 -0.9414702 0.3257108 -0.05313271 -0.9840549 0.169744 -0.5674974 0.05886912 -0.821268 -0.4409063 0.03945505 -0.8966856 -0.5543106 0.008881688 -0.8322625 -0.3561818 -0.1182317 -0.9269066 -0.3374519 -0.1694937 -0.9259579 -0.7194593 0.1266429 -0.6828909 -0.7348659 0.09648591 -0.6713142 -0.8575052 0.05779409 -0.5112191 -0.7691373 0.05653148 -0.6365785 -0.7880522 0.04506832 -0.6139566 -0.710488 0.03052943 -0.7030468 -0.8386781 0.02271175 -0.5441536 -0.7578319 0.03972035 -0.6512396 0.9895001 3.01858e-4 -0.1445318 0.860007 0.001384079 -0.5102805 0.90184 0.003277897 -0.4320579 0.9407149 -0.00358951 -0.3391793 0.9625661 0.01245683 -0.2707611 0.9743851 0.01713424 -0.2242323 0.9671154 0.02902543 -0.2526767 0.994579 0.02650833 -0.1005488 0.951911 0.0697602 -0.2983267 0.9437417 0.1002808 -0.3151117 0.6910399 -0.1857981 -0.6985291 0.7099775 -0.135094 -0.6911452 0.7788497 0.02019423 -0.6268854 0.9562208 -0.02280908 0.2917563 0.9608912 -0.01837635 0.2763158 0.7496783 -0.0487172 0.6600069 0.7573779 -0.04574692 0.6513724 0.408988 -0.0661683 0.9101378 0.4153897 -0.06457173 0.9073489 -0.004886865 -0.07195448 0.997396 -0.002546012 -0.07149553 0.9974378 -0.4178884 -0.0649569 0.9061732 -0.4200158 -0.0653373 0.9051617 -0.7561126 -0.04634612 0.6527985 -0.7606924 -0.04730606 0.6473864 -0.9590374 -0.01937234 0.2826164 -0.9622884 -0.02077949 0.2712366 -0.990351 0.01121562 -0.1381271 -0.9879459 0.009312808 -0.1545197 3.77148e-7 -0.9974408 -0.07149821 -2.14002e-6 -0.9974406 -0.07149988 -3.39106e-7 -0.9974408 -0.07149708 0 -0.9974408 -0.07149821 0 -0.9974409 -0.07149672 1.41136e-7 -0.9974409 -0.07149714 2.62206e-7 -0.9974409 -0.0714972 0 -0.9974407 -0.07149839 -1.81714e-7 -0.9974403 -0.0715053 0 -0.9974408 -0.07149761 4.30797e-7 -0.9974409 -0.07149726 0 -0.9974409 -0.0714963 2.54723e-7 -0.9974408 -0.07149803 0 -0.9974408 -0.07149678 0.2064322 -0.247592 -0.9466171 0.2057451 -0.2433044 -0.9478777 0.195232 -0.367633 -0.9092473 0.1952322 -0.3676327 -0.9092473 0.1667354 -0.5822094 -0.7957585 0.1667355 -0.5822091 -0.7957587 0.1282789 -0.7620075 -0.6347356 0.1282788 -0.7620078 -0.6347351 0.08888763 -0.8944719 -0.4381998 0.08958381 -0.8791037 -0.4681363 0.06084078 -0.9405717 -0.3341009 0.04180848 -0.9771869 -0.2082255 0.0299049 -0.9782298 -0.2053586 -0.01706433 -0.9993463 0.03187543 -0.02340131 -0.9993695 0.02670156 0.01973915 -0.9795864 -0.2000524 0.02932953 -0.9770887 -0.2108021 0.04257881 -0.9366152 -0.3477628 0.07527488 -0.8836928 -0.461975 0.08215963 -0.8962877 -0.4357962 0.1282789 -0.762008 -0.634735 0.1282789 -0.7620075 -0.6347355 0.1667355 -0.5822097 -0.7957583 0.1667355 -0.5822091 -0.7957587 0.1952326 -0.367633 -0.9092471 0.1952324 -0.3676323 -0.9092473 0.2057453 -0.2433044 -0.9478775 0.2044616 -0.2475605 -0.947053 -0.07334131 -0.9620841 0.2627077 -0.07334148 -0.9620842 0.2627074 -0.1205477 -0.8672927 0.4829822 -0.1205475 -0.8672922 0.482983 -0.1605531 -0.7206934 0.6744062 -0.160553 -0.7206931 0.6744066 -0.1909679 -0.531044 0.8255444 -0.1909677 -0.5310438 0.8255445 -0.2099752 -0.3096725 0.9273691 -0.209975 -0.3096724 0.9273691 -3.34261e-7 -0.9974408 -0.07149755 1.34963e-7 -0.9974408 -0.07149726 0 -0.9974409 -0.07149732 1.61389e-7 -0.9974408 -0.07149761 -1.76466e-7 -0.9974409 -0.07149744 0 -0.9974408 -0.07149702 0 -0.9974408 -0.07149738 0 -0.9974408 -0.07149714 0 -0.9974408 -0.07149702 0 -0.9974408 -0.07149726 0 -0.9974408 -0.07149779 1.20498e-7 -0.9974406 -0.0715003 0.0166431 -0.9912948 -0.1306055 -1.34085e-7 -0.9974409 -0.07149684 0 -0.9974408 -0.07149767 1.93927e-7 -0.9974408 -0.07149749 0 -0.9974408 -0.07149738 1.71549e-7 -0.9974408 -0.07149773 0 -0.9974408 -0.07149767 -1.19599e-6 -0.9974408 -0.07149779 -2.49784e-7 -0.9974408 -0.07149767 1.27311e-7 -0.9974408 -0.07149761 0 -0.9974408 -0.07149744 0.002116143 -0.9967107 -0.08101481 0 -0.9974408 -0.07149732 -1.72207e-7 -0.9974408 -0.0714972 0 -0.9974408 -0.07149785 -0.9762961 0.01547503 -0.2158854 -0.9762961 0.01547497 -0.2158855 -0.9762961 0.01547491 -0.2158855 -0.9762961 0.01547485 -0.2158856 0.9762961 -0.01547503 0.2158857 0.976296 -0.01547491 0.2158857 0.976296 -0.01547485 0.2158857 0.976296 -0.01547467 0.2158858 0 0.9974408 0.07149797 0.01550543 0.9998786 0.00155282 0 0.9974409 0.07149749 0 0.9974408 0.07149833 0.01550543 0.9998786 0.001551687 7.20024e-7 0.9974406 0.07150036 0 0.9974408 0.0714972 2.96675e-7 0.9974408 0.0714972 0 0.9974409 0.07149678 0 0.9974409 0.07149732 0 0.9974408 0.07149803 0 0.9974408 0.07149755 0 0.9974409 0.07149749 0 0.9974409 0.07149744 0 0.9974408 0.07149732 0 0.9974409 0.07149755 0 0.9974409 0.07149744 0 0.9974408 0.07149755 0 0.9974408 0.0714972 0 0.9974408 0.07149761 0 0.9974408 0.07149726 0 0.9974408 0.07149761 0 0.9974408 0.07149749 0 0.9974408 0.07149761 0 0.9974408 0.07149732 0 0.9974409 0.07149755 0 0.9974409 0.07149732 0 0.9974409 0.07149744 2.93647e-7 0.9974409 0.07149755 0 0.9974409 0.07149744 0 0.9974409 0.07149744 0 0.9974409 0.07149749 0 0.9974409 0.07149744 -4.98084e-7 0.9974409 0.07149755 0 0.9974408 0.07149738 1.53898e-7 0.9974409 0.07149749 0 0.9974409 0.07149755 1.36173e-7 0.9974408 0.07149761 0 0.9974409 0.07149744 -1.30615e-7 0.9974408 0.07149738 0 0.9974409 0.07149726 -1.6073e-6 0.9974408 0.07149696 0 0.9974409 0.07149738 0 0.9974409 0.07149738 0 0.9974409 0.07149744 0 0.9974408 0.07149767 0 0.9974409 0.07149744 0 0.9974409 0.07149749 0 0.9974409 0.07149738 1.56995e-6 0.9974408 0.07149755 0 0.9974409 0.0714972 0 0.9974408 0.07149767 0 0.9974409 0.07149744 0 0.9974409 0.07149744 0 0.9974409 0.07149749 1.67957e-7 0.9974409 0.07149755 0 0.9974409 0.07149749 0 0.9974408 0.07149749 0 0.9974409 0.0714972 -1.52482e-7 0.9974409 0.07149749 0 0.9974408 0.07149738 -1.35888e-7 0.9974408 0.07149755 0 0.9974409 0.07149749 0 0.9974409 0.07149749 0 0.9974408 0.07149732 0 0.9974409 0.07149732 0 0.9974409 0.07149755 0 0.9974408 0.07149738 0 0.9974409 0.07149744 0 0.9974408 0.07149761 0 0.9974409 0.07149744 1.57515e-7 0.9974409 0.07149714 0 0.9974409 0.07149732 0 0.9974408 0.07149726 1.96152e-7 -0.9974409 -0.07149726 0 -0.9974409 -0.07149672 0 -0.9974408 -0.07149761 0 -0.9974408 -0.07149732 -2.32915e-7 -0.9974408 -0.07149678 1.48323e-7 -0.9974408 -0.07149744 2.83541e-7 -0.9974409 -0.0714972 3.44084e-7 -0.9974408 -0.07149755 3.59695e-7 -0.9974408 -0.07149738 0 -0.9974408 -0.07149732 -4.09972e-7 -0.9974408 -0.07149696 0.01432007 -0.9918883 -0.1263042 -1.5732e-7 -0.9974408 -0.07149708 -8.19964e-7 -0.9974408 -0.07149738 -1.6713e-7 -0.9974408 -0.07149761 0 -0.9974408 -0.07149732 0 -0.9974408 -0.07149726 0 -0.9974409 -0.07149749 0 -0.9974408 -0.07149744 0.002123415 -0.996708 -0.08104777 7.90064e-7 -0.9974408 -0.07149726 -1.55118e-7 -0.9974408 -0.07149714 0 -0.9974408 -0.07149696 1.80719e-7 -0.9974409 -0.07149744 0 -0.9974408 -0.07149761 2.27291e-7 -0.9974409 -0.07149702 -2.47761e-7 -0.997441 -0.07149589 1.3861e-6 -0.9974408 -0.07149732 0 -0.9974409 -0.07149749 0 -0.9974408 -0.07149791 0 -0.9974411 -0.07149267 3.78956e-7 -0.9974409 -0.07149636 3.92263e-7 -0.9974409 -0.07149618 4.27967e-7 -0.9974408 -0.07149732 5.05275e-7 -0.9974408 -0.07149738 0 -0.9974409 -0.0714963 1.95023e-6 -0.9974412 -0.07149159 0.0282588 -0.9914549 -0.127353 0.0212146 -0.9857962 -0.1666008 0.0104103 -0.9867385 -0.1619848 0.01023149 -0.9930257 -0.1174535 2.14479e-7 -0.9974406 -0.07150059 -2.19402e-7 -0.9974408 -0.07149779 -3.12124e-6 -0.9974406 -0.07149964 0 -0.9974413 -0.07149046 0 -0.9974408 -0.07149785 1.7268e-7 -0.9974408 -0.07149887 3.09947e-7 -0.9974406 -0.07149946 2.41025e-7 -0.9974409 -0.07149738 0 -0.9974409 -0.0714969 0 -0.997441 -0.07149541 -0.9503802 0.02224212 -0.3102945 -0.95038 0.02224236 -0.3102952 -0.9762961 0.01547491 -0.2158853 -0.9762961 0.01547491 -0.2158853 0.3110899 0.06794989 -0.9479483 0.3110891 0.06794983 -0.9479485 0.1197066 0.0709834 -0.9902685 0.1197021 0.07098329 -0.9902691 0.9762961 -0.01547479 0.2158854 0.976296 -0.01547485 0.2158855 0.9928097 -0.008558452 0.1193971 0.9928097 -0.008558452 0.1193972 -0.8846542 0.0328412 -0.4650899 -0.8327355 0.03466087 -0.5525851 -0.9762913 0.01239901 -0.2161056 -0.7870602 0.04410433 -0.6152976 -0.6642302 0.05250972 -0.7456817 -0.5763516 0.05054378 -0.8156374 -0.5198739 0.06107574 -0.8520569 -0.3589582 0.06540733 -0.9310591 -0.2420812 0.05895423 -0.9684633 -0.1862748 0.07024604 -0.9799833 -0.007820904 0.06983709 -0.9975278 0.1248819 0.05841255 -0.9904507 0.171119 0.07044303 -0.9827289 0.3443269 0.06519204 -0.9365837 0.47494 0.04870748 -0.8786693 0.5066565 0.06164133 -0.8599416 0.6524941 0.05203086 -0.7560055 0.7607927 0.03092342 -0.6482579 0.77747 0.04496639 -0.6273105 0.877309 0.03200888 -0.4788576 0.9438219 0.007292449 -0.3303745 0.9489734 0.02254688 -0.3145492 0.9900447 0.007663965 -0.1405448 0.9999411 -0.007829368 -0.007523059 0.9992591 -0.002751886 0.03839075 0.976296 -0.01547509 0.2158858 0.976296 -0.01547467 0.2158861 0.9033192 -0.03899061 0.4271934 0.9219027 -0.02769953 0.38643 0.8378105 -0.0414322 0.5443869 0.7159079 -0.0662108 0.6950482 0.7267858 -0.0491088 0.6851064 0.5922852 -0.05991137 0.8034979 0.4153144 -0.08049488 0.9061096 0.4388332 -0.06424528 0.896269 0.2711049 -0.0709688 0.95993 0.05857765 -0.08557027 0.9946087 0.09482318 -0.07117497 0.9929465 -0.0847125 -0.0731737 0.9937149 -0.306096 -0.0805791 0.9485844 -0.261295 -0.06901407 0.9627887 -0.4296901 -0.06621867 0.9005452 -0.6294242 -0.06596535 0.774257 -0.58404 -0.05803614 0.8096476 -0.719775 -0.05095869 0.6923347 -0.8677 -0.04341691 0.4951888 -0.8321861 -0.03964543 0.5530775 -0.9179168 -0.02930438 0.3956893 -0.988697 -0.01563668 0.1491106 -0.9740245 -0.01619029 0.2258634 -0.9988144 -0.003974676 0.04852074 -0.976296 0.01547449 -0.2158861 0 -0.9974408 -0.07149744 -2.31606e-7 -0.9974408 -0.07149672 0 -0.9974409 -0.07149738 0 -0.9974409 -0.07149666 0 -0.9974409 -0.07149636 2.40349e-7 -0.9974409 -0.07149726 1.94295e-7 -0.9974408 -0.07149785 0 -0.9974407 -0.07149845 0 -0.9974408 -0.07149779 1.80849e-7 -0.9974408 -0.07149761 2.97292e-7 -0.9974408 -0.07149767 1.57922e-7 -0.9974409 -0.07149738 1.68847e-7 -0.9974409 -0.07149749 3.18156e-7 -0.9974408 -0.07149761 2.63764e-7 -0.9974408 -0.07149779 -1.22125e-7 -0.9974409 -0.0714972 1.22494e-7 -0.9974408 -0.07149779 0 -0.9974408 -0.07149791 -1.24567e-7 -0.9974408 -0.07149797 0 -0.9974408 -0.07149797 0 -0.9974408 -0.07149732 0 -0.9974409 -0.07149749 0 -0.9974408 -0.07149708 0 -0.9974409 -0.07149726 0 -0.9974408 -0.07149684 0 -0.9974409 -0.0714972 0 -0.9974408 -0.0714972 0 -0.9974409 -0.07149732 0 -0.9974408 -0.07149803 0 -0.9974409 -0.0714972 -1.44214e-7 -0.9974409 -0.07149636 0 -0.9974409 -0.07149702 0 -0.9974408 -0.07149809 -0.8846582 0.03284126 -0.4650822 -0.8327353 0.03466075 -0.5525853 -0.9762914 0.01239866 -0.2161052 -0.7870658 0.04410445 -0.6152904 -0.6642302 0.05251026 -0.7456815 -0.5763512 0.05054384 -0.8156376 -0.519873 0.06107616 -0.8520575 -0.3589576 0.06540715 -0.9310593 -0.242082 0.05895417 -0.9684631 -0.1862748 0.07024586 -0.9799833 -0.007820904 0.06983715 -0.9975277 0.1248819 0.05841261 -0.9904507 0.1711174 0.07044303 -0.9827292 0.3443223 0.06519198 -0.9365854 0.4749411 0.04870748 -0.8786686 0.5066528 0.06164145 -0.8599438 0.6524907 0.05203104 -0.7560084 0.7607927 0.0309233 -0.6482578 0.7774677 0.04496657 -0.6273134 0.8773086 0.03200876 -0.4788582 0.9438217 0.00729233 -0.330375 0.9489732 0.02254706 -0.3145498 0.990045 0.007664144 -0.1405434 0.9993049 -0.01910614 0.03201454 0.9992591 -0.002752125 0.03839159 0.9762932 -0.01790398 0.2157108 0.9197502 -0.0447629 0.3899435 0.9219025 -0.02769982 0.3864305 0.8378095 -0.04143249 0.5443884 0.7159073 -0.0662108 0.6950489 0.7267858 -0.04910898 0.6851064 0.5922858 -0.05991142 0.8034975 0.415314 -0.08049488 0.9061098 0.4388357 -0.06424522 0.8962677 0.2711086 -0.07096874 0.9599289 0.05857759 -0.08557027 0.9946087 0.09482038 -0.07117515 0.9929467 -0.08471548 -0.0731737 0.9937147 -0.3060948 -0.0805791 0.9485848 -0.2612974 -0.06901395 0.9627881 -0.4296929 -0.06621849 0.9005438 -0.6294236 -0.06596547 0.7742575 -0.584041 -0.05803602 0.8096469 -0.7197772 -0.05095863 0.6923323 -0.8677003 -0.04341703 0.4951881 -0.8321799 -0.03964567 0.5530867 -0.9179121 -0.02930498 0.3957003 -0.9886969 -0.01563715 0.1491107 -0.9740229 -0.01619052 0.2258699 -0.9988139 -0.003974676 0.04852831 -0.9762961 0.01547485 -0.2158856 1.36083e-7 -0.9974408 -0.07149749 0 -0.9974408 -0.07149755 0 -0.9974409 -0.07149738 0 -0.9974409 -0.07149732 -1.22912e-7 -0.9974409 -0.07149744 0 -0.9974409 -0.07149714 0 -0.9974409 -0.07149749 0 -0.9974409 -0.07149738 -2.199e-7 -0.9974408 -0.07149791 -2.45e-7 -0.9974408 -0.07149767 -1.55733e-7 -0.9974408 -0.07149767 0 -0.9974409 -0.07149702 2.15792e-7 -0.9974409 -0.07149624 1.69818e-7 -0.9974409 -0.0714969 0 -0.9974408 -0.07149702 0 -0.9974409 -0.07149755 -1.285e-7 -0.9974409 -0.07149726 0 -0.9974408 -0.07149761 0 -0.9974408 -0.07149761 0 -0.9974408 -0.07149779 0 -0.9974409 -0.07149749 1.9959e-7 -0.9974408 -0.07149779 0 -0.9974409 -0.07149749 0 -0.9974409 -0.0714972 -1.52222e-7 -0.9974409 -0.07149738 -1.54785e-7 -0.9974409 -0.0714972 0 -0.9974408 -0.07149767 -1.35222e-7 -0.9974408 -0.0714969 0 -0.9974408 -0.07149767 1.70047e-7 -0.9974408 -0.07149791 0 -0.9974408 -0.07149755 0 -0.9974409 -0.07149702 -0.9762961 0.01547473 -0.2158851 -0.976296 0.01547509 -0.2158859 -0.8038576 0.04252833 -0.5932995 -0.8038568 0.04252839 -0.5933006 -0.4924235 0.0622282 -0.8681284 -0.4924237 0.06222808 -0.8681284 -0.09584474 0.07116806 -0.9928489 -0.09584599 0.07116818 -0.9928488 0.3173044 0.06780272 -0.9458968 0.3173044 0.06780284 -0.9458969 0.6755897 0.05271339 -0.7353909 0.6755903 0.05271351 -0.7353905 0.9170602 0.02850949 -0.3977286 0.9170603 0.02850949 -0.3977283 0.9999619 -6.2383e-4 0.008703887 0.9999619 -6.24285e-4 0.008704125 0.9099612 -0.02964949 0.413632 0.9099612 -0.02964955 0.4136323 0.6626193 -0.05354845 0.7470397 0.6626206 -0.05354815 0.7470386 0.3007028 -0.0681883 0.9512772 0.3007085 -0.06818807 0.9512754 -0.1132041 -0.0710377 0.991029 -0.1132006 -0.07103782 0.9910294 -0.5075384 -0.06160444 0.8594241 -0.5075384 -0.06160444 0.859424 -0.8141156 -0.04151892 0.5792167 -0.8141156 -0.04151874 0.5792167 -0.9799247 -0.01425445 0.1988576 -0.9799249 -0.01425409 0.1988568 -0.9762959 0.01547479 -0.2158861 -0.976296 0.01547485 -0.2158859 -0.8038571 0.04252827 -0.5933003 -0.8038568 0.04252833 -0.5933007 -0.4924248 0.06222814 -0.8681276 -0.4924231 0.06222808 -0.8681285 -0.09584587 0.07116818 -0.9928488 -0.09584569 0.07116824 -0.9928489 0.3173052 0.06780272 -0.9458965 0.3173043 0.06780278 -0.9458968 0.6755905 0.05271345 -0.7353903 0.6755905 0.05271333 -0.7353902 0.9170602 0.02850949 -0.3977283 0.9170605 0.02850925 -0.3977279 0.9999619 -6.23845e-4 0.008704781 0.9999619 -6.24098e-4 0.008704304 0.9099618 -0.02964943 0.4136309 0.9099615 -0.02964949 0.4136316 0.6626197 -0.05354827 0.7470393 0.6626212 -0.05354809 0.7470381 0.3007033 -0.06818789 0.951277 0.3007073 -0.06818813 0.9512758 -0.1132023 -0.07103776 0.9910292 -0.1132019 -0.071038 0.9910293 -0.5075381 -0.06160444 0.8594242 -0.5075362 -0.06160444 0.8594254 -0.8141165 -0.04151874 0.5792153 -0.8141148 -0.04151874 0.5792179 -0.9799249 -0.01425421 0.198857 -0.9799248 -0.01425415 0.1988573 0.9466369 0.02304375 -0.3214774 0.9733956 0.01165086 -0.2288347 0.8517847 0.03734022 -0.5225597 0.7780579 0.04058778 -0.6268801 0.7228121 0.04940795 -0.6892762 0.4269097 0.06231009 -0.9021451 -0.006228208 0.0713545 -0.9974316 0.1765643 -0.02503532 -0.9839707 0.3982624 -0.1092921 -0.9107373 0.2570248 -0.02713137 -0.9660239 -0.4394888 0.06409394 -0.8959585 -0.7856981 0.04404622 -0.61704 -0.7463883 0.0444377 -0.6640255 -0.5510951 0.05793261 -0.832429 -0.3567789 0.06184005 -0.9321399 0.02648913 -0.1167702 -0.9928057 0.9884377 0.01021158 -0.1512838 0.9999512 -0.001722991 0.009732604 0.9759061 -0.01837438 0.2174162 0.9620518 -0.01950925 0.2721685 0.7857032 -0.04422855 0.6170206 0.7857027 -0.04422861 0.6170212 0.4394909 -0.06422233 0.8959483 0.4394927 -0.06422227 0.8959474 0.006229758 -0.071496 0.9974215 0.006234467 -0.071496 0.9974214 -0.4282608 -0.06460893 0.9013425 -0.4282588 -0.06460911 0.9013435 -0.7779296 -0.04492551 0.6267434 -0.7779303 -0.04492551 0.6267427 -0.973522 -0.01634383 0.2280086 -0.973522 -0.01634389 0.2280083 -0.9762962 0.01547485 -0.2158852 -0.9864853 0.005532741 -0.1637566 -0.9051872 0.02460962 -0.4243001 -0.3925619 0.06829541 -0.9171865 -0.615103 0.08510911 -0.7838398 -0.49248 0.0629248 -0.868046 -0.6951344 0.2162689 -0.6855771 -0.7531802 0.06490629 -0.6546044 -0.8029429 0.04502522 -0.5943531 -0.09590679 0.07180643 -0.992797 -0.1094623 0.08391535 -0.9904425 -0.2585684 0.08326709 -0.9623975 0.6766578 0.06015682 -0.7338361 0.5276429 0.06130737 -0.8472511 0.3142712 0.07267403 -0.9465476 0.3191108 0.07611936 -0.9446556 0.1116412 0.08114802 -0.9904299 0.882978 0.03471338 -0.468129 0.8306401 0.0463007 -0.5548813 0.9167823 0.03494 -0.3978563 0.7602786 0.05572378 -0.6472027 0.6671224 0.05326181 -0.7430416 -0.8792519 0.03430539 -0.4751205 -0.9762564 0.0203216 -0.2156634 0.9999357 0.006511092 0.009291648 0.9864332 0.01212328 -0.1637153 0.9347683 0.02539998 -0.3543491 0.9099048 -0.02273088 0.4141938 0.9669924 -0.01784294 0.25418 0.9989249 -0.003314554 0.04624062 0.6625379 -0.04686558 0.7475609 0.7774458 -0.04460561 0.6273663 0.8920515 -0.03231209 0.4507771 0.3006074 -0.06176066 0.9517462 0.4511356 -0.06345885 0.8901965 0.6282547 -0.05562555 0.7760167 -0.1133044 -0.06488502 0.9914395 0.04546165 -0.07108843 0.9964336 0.2539385 -0.06915378 0.9647451 -0.5076252 -0.05574661 0.8597728 -0.3682028 -0.06615471 0.927389 -0.1650497 -0.07051676 0.9837613 -0.8141711 -0.03597682 0.5795093 -0.7171006 -0.04952841 0.6952077 -0.5550001 -0.05947512 0.8297215 -0.9799361 -0.009049117 0.1991064 -0.9398494 -0.02413731 0.3407353 -0.8473211 -0.0379709 0.5297218 -0.9595949 0.02011829 -0.2806653 -0.997267 0.005549252 -0.07367491 -0.9905865 -0.009787201 0.136538 0.4269927 -0.869817 -0.2471755 0.4531255 -0.8450554 -0.2838287 0.4083557 -0.887961 -0.2115918 0.4836157 -0.8645073 -0.1369054 -0.345881 -0.8442721 -0.4093543 -0.3416776 -0.8489396 -0.4031848 -0.3440991 -0.8639907 -0.3675811 -0.4254274 -0.8510135 -0.3078762 -0.4869087 -0.8662559 -0.1118958 -0.4299521 -0.8798242 -0.2026099 -0.4526569 -0.8368038 -0.3079954 -0.4636004 -0.8811611 0.09289687 -0.4441354 -0.8958311 -0.01518172 -0.514212 -0.8516924 -0.1010256 -0.357863 -0.8940068 0.2696034 -0.3807878 -0.9107494 0.1598006 -0.4852232 -0.8670743 0.1128739 -0.1887126 -0.90257 0.3869819 -0.2523773 -0.9224324 0.2922741 -0.3708375 -0.8802458 0.2960523 0.01367664 -0.9053818 0.4243783 -0.08237069 -0.9292928 0.3600419 -0.1911907 -0.8889055 0.4162852 0.2133785 -0.9019696 0.3753938 0.09901511 -0.9305793 0.3524463 0.02206063 -0.8915427 0.4523991 0.3750317 -0.892987 0.2488483 0.2600787 -0.9264725 0.2720439 0.2313798 -0.8876799 0.3981051 0.4700982 -0.880047 0.0672701 0.3731207 -0.9180727 0.1338792 0.3999128 -0.8780272 0.2629414 0.5084173 -0.8488681 -0.1446886 0.4191407 -0.9071602 -0.03716975 0.4980126 -0.8642814 0.07071834 -0.0136727 0.9910392 0.1328703 -0.01385021 0.9894434 0.1442573 0 0.9974408 0.07149791 0 0.9974408 0.07149744 0 0.9974408 0.07149827 -0.01646345 0.9892417 0.145362 -0.01673406 0.9908121 0.1342068 0 0.9974408 0.07149749 0 0.9974407 0.07149851 -1.42108e-7 0.9974406 0.07149934 0.9174248 -0.02843952 0.3968918 0.8962937 -0.03087663 0.4423849 0.8035429 -0.04317182 0.5936792 0.785844 -0.0412395 0.6170484 0.6630415 -0.05565077 0.7465112 0.6577453 -0.05227768 0.7514241 0.5452128 -0.0622664 0.8359821 0.3695929 0.1065194 0.9230681 0.1259189 0.0286656 0.9916264 0.2367499 0.06713902 0.9692481 0.2135298 -0.06819295 0.9745537 0.4007453 -0.06475949 0.9138981 0.04205876 -0.07126444 0.9965704 -0.09775882 -0.02669513 0.9948521 -0.01162058 -0.009177982 0.9998905 0.06218332 0.003057718 0.9980602 -0.9998438 0.01642739 -0.006527423 -0.9818603 -0.02907425 0.1873638 -0.9996953 -0.01128304 -0.02195733 -0.3007417 0.062958 0.9516253 -0.3952025 -0.009150147 0.9185485 -0.4628509 0.02678871 0.8860313 -0.5319557 -0.05980938 0.8446574 -0.6195946 0.07106739 0.7816981 -0.7481634 -0.04628264 0.6618984 -0.7160399 0.1181961 0.6879801 -0.8484739 -0.03889733 0.5278059 -0.9123731 -0.02835386 0.4083768 -0.9180296 -0.03257703 0.3951713 -0.9750916 -0.01286172 0.2214299 -0.9953258 -0.002617001 0.09653842 0.04749226 -0.9578242 -0.2834032 0.06992274 -0.8928195 -0.4449542 0.1061586 -0.8377091 -0.5356993 0.1430357 -0.656527 -0.7406167 0.1506057 -0.6677948 -0.72895 0.1786669 -0.4966038 -0.8493898 0.1891605 -0.316709 -0.9294696 0.2012616 -0.317007 -0.9268227 0.1542395 -0.6557381 -0.7390655 0.1769403 -0.6448489 -0.743547 0.1928335 -0.4997774 -0.8444157 0.08582657 -0.8945596 -0.4386311 0.06378871 -0.9646503 -0.255697 0.1133146 -0.8901661 -0.4413212 0.138145 -0.8210974 -0.5538186 -0.2225993 0.1422366 0.9644783 -0.2924005 0.08864754 0.9521784 -0.3045247 0.1492323 0.9407415 -0.2017018 0.3004646 0.9322218 -0.2094905 0.1163129 0.9708682 -0.2145023 0.0639835 0.9746255 -0.252923 0.2921277 0.9223294 -0.3021252 0.2989019 0.9051951 -0.1787609 0.5589934 0.8096734 -0.3787971 0.3870722 0.8406474 -0.3826397 0.453716 0.8048159 -0.1243336 0.7762784 0.6180073 -0.1273207 0.7961876 0.5915022 -0.1510536 0.6814626 0.7160946 -0.3933699 0.4932719 0.7758498 -0.1026897 0.8579193 0.5034174 -0.08574062 0.9026306 0.4217899 -0.06138241 0.9432519 0.3263559 -0.05099844 0.9508492 0.305426 -0.09728622 0.1084551 0.9893295 -0.1412226 0.07950019 0.9867807 -0.1891727 0.1636497 0.968211 -0.1138576 0.7955985 0.5950291 -0.05768305 0.9434933 0.3263328 -0.05336755 0.9404116 0.3358245 -0.09248328 0.8590865 0.5034058 -0.1218771 0.7579602 0.6408138 -0.1687052 0.5580368 0.8124861 -0.1468305 0.6590251 0.7376494 0.01990211 0.4130108 0.9105087 -0.2029819 0.3039461 0.9308142 -0.08088201 0.1836946 0.9796501 -0.03689873 0.315234 0.9482964 -0.2147275 0.1155984 0.9698088 -0.2145029 0.06398457 0.9746254 0.2058466 -0.2418394 -0.9482305 0.2058463 -0.24184 -0.9482303 0.1751031 -0.5298087 -0.8298444 0.1751033 -0.529809 -0.8298441 0.1272197 -0.7659178 -0.6302262 0.1272201 -0.7659181 -0.6302258 0.06688338 -0.9270532 -0.3689159 0.06688344 -0.9270532 -0.368916 0.06122756 0.9764451 -0.2068964 0.06122761 0.9764452 -0.2068961 0.1174535 0.875681 -0.4683883 0.1174534 0.875681 -0.4683882 0.1640843 0.7033804 -0.6916159 0.164084 0.7033804 -0.6916159 0.1973105 0.4736185 -0.8583438 0.1973103 0.4736185 -0.8583438 0.01803058 -0.9898008 -0.1413126 0.04130852 -0.9705041 -0.2375195 0.06007128 -0.949982 -0.306473 0.1961256 -0.3472006 -0.9170532 0.1991745 -0.3706369 -0.9071703 0.1752958 -0.5265765 -0.8318586 0.1691639 -0.6168218 -0.7687095 0.1204025 -0.8230881 -0.5550039 0.1340873 -0.7441107 -0.6544616 0.1555272 -0.6435157 -0.7494657 0.06691139 -0.9315062 -0.357518 0.09236556 -0.8830317 -0.4601346 0.1100153 -0.8234981 -0.5565496 0.06977736 -0.877994 -0.4735588 0.04607981 -0.9362328 -0.3483462 0.05743837 -0.9504929 -0.3053917 0.01329123 -0.9897521 -0.1421762 0.02262318 -0.9689563 -0.2461948 0.09593302 -0.8286667 -0.5514602 0.1044405 -0.8249011 -0.5555452 0.1318704 -0.7440758 -0.6549516 0.1520864 -0.6165511 -0.772486 0.1555269 -0.643513 -0.7494681 0.1758756 -0.5265835 -0.8317318 0.1906929 -0.3705021 -0.9090459 0.1983301 -0.3472365 -0.9165654 -0.8191512 0.04100942 -0.5721097 -0.8191518 0.04100912 -0.572109 -0.5373004 0.06030029 -0.8412325 -0.537299 0.06030023 -0.8412334 -0.1736508 0.07041114 -0.982287 -0.1736455 0.07041126 -0.982288 0.5735757 0.05856734 -0.8170562 0.5735743 0.05856734 -0.8170571 0.8433924 0.03841537 -0.5359231 0.8433911 0.03841561 -0.5359253 0.9848081 0.01241528 -0.1732025 0.9848079 0.0124154 -0.1732038 0.5372991 -0.06030046 0.8412334 0.537299 -0.0603004 0.8412334 0.5372991 -0.06030046 0.8412333 0.537299 -0.06030035 0.8412334 0.843391 0.03841555 -0.5359252 0.8433923 0.03841584 -0.5359233 0.8433913 0.03841561 -0.5359248 0.8433924 0.0384159 -0.5359229 -0.8433914 -0.03841561 0.5359247 -0.8433911 -0.03841561 0.535925 -0.8433913 -0.03841561 0.5359247 -0.8433911 -0.03841561 0.5359251 -0.5372989 0.06030058 -0.8412334 -0.5372986 0.06030052 -0.8412337 -0.5372988 0.06030058 -0.8412336 -0.5372985 0.06030046 -0.8412337 0.7016707 -0.7110278 0.04580193 0.6903463 -0.716239 0.1020962 0.7009702 -0.7114596 0.04965901 0.6903436 -0.7162417 0.1020959 0.6903433 -0.716242 0.1020959 0.7376373 -0.6664696 -0.1082103 0.7376372 -0.6664698 -0.1082103 0.7803036 -0.5525288 -0.2929819 0.780304 -0.5525279 -0.2929822 0.8141635 -0.3855737 -0.4341325 0.8141638 -0.3855728 -0.4341325 0.8359023 -0.1819483 -0.5178438 0.8359018 -0.181948 -0.5178447 0.8421738 -0.01520073 -0.5389919 0.841988 -0.01913714 -0.5391568 0.8411554 -0.03425592 -0.5397076 0.8415184 -0.0280928 -0.5394977 0.7042621 -0.7092639 0.03097802 0.7032256 -0.7100022 0.037023 0.7489126 -0.6436645 -0.1575624 0.7489131 -0.6436641 -0.1575621 0.7985654 -0.4747609 -0.3699941 0.7985656 -0.4747603 -0.3699941 0.8317415 -0.235247 -0.5028568 0.8317413 -0.2352464 -0.5028573 0.6903483 -0.7162368 0.1020987 0.6903482 -0.7162368 0.1020987 0.8433923 0.03841561 -0.5359232 0.8433919 0.03841561 -0.5359238 0.8433877 0.03841555 -0.5359305 0.843387 0.03841555 -0.5359318 0.1530464 -0.655937 -0.739137 0.1530463 -0.6559371 -0.7391369 0.1530461 -0.6559391 -0.7391352 0.1530461 -0.6559392 -0.7391351 0.5963698 -0.6781319 -0.4295115 0.5963695 -0.6781319 -0.429512 0.5963685 -0.6781319 -0.4295134 0.5963681 -0.6781319 -0.4295141 0.6903443 -0.7162408 0.102097 0.6903444 -0.7162408 0.1020971 0.6903465 -0.7162385 0.1020984 0.6903467 -0.7162383 0.1020984 0.3799277 -0.7479349 0.544287 0.3799276 -0.7479355 0.5442863 0.3799275 -0.7479373 0.544284 0.3799274 -0.747938 0.544283 -0.09095805 -0.7541229 0.6504039 -0.09560555 -0.754267 0.6495698 -0.1530457 -0.7546554 0.6380221 -0.1530457 -0.7546552 0.6380224 0.2842988 -0.7510808 0.5958624 0.3006713 -0.7466754 0.5933571 0.1554885 -0.7518737 0.6407101 0.08720535 -0.7537164 0.6513885 0.02728968 -0.7545651 0.6556577 0.7454414 -0.6440359 -0.1718575 0.7542464 -0.6394235 -0.1491646 0.7119684 -0.7019067 0.02068734 0.7174707 -0.6951005 0.04551154 0.6164327 -0.7484749 0.2445324 0.6172823 -0.7397106 0.2679381 0.4943293 -0.7605476 0.4209582 0.4804361 -0.7488396 0.4565309 0.3946844 -0.7496228 0.5313096 0.7544764 -0.6057281 -0.2527036 0.7733743 -0.5499142 -0.3154154 0.8340079 -0.1838061 -0.5202367 0.8340744 -0.1832184 -0.5203374 0.8297718 -0.2566546 -0.4955879 0.8296879 -0.257489 -0.4952952 0.8034939 -0.4081097 -0.4334099 0.8143706 -0.3819299 -0.4369556 0.7846447 -0.4812675 -0.3907867 0.7843849 -0.5367978 -0.3107872 0.5367658 -0.1046985 0.8372102 0.5368218 -0.1023182 0.8374686 0.5418688 -0.2299138 0.8084046 0.5418686 -0.2299141 0.8084046 0.5553116 -0.3864471 0.7364018 0.5553114 -0.3864473 0.736402 0.5768168 -0.5205489 0.6295326 0.5768163 -0.520549 0.629533 0.6051057 -0.6242105 0.4941744 0.6051055 -0.624211 0.4941741 0.6384845 -0.6912395 0.3384162 0.6384844 -0.6912398 0.3384159 0.6749628 -0.7176292 0.1715626 0.6749628 -0.7176292 0.1715624 0.7123601 -0.7018051 0.003578782 0.7123603 -0.7018049 0.003578484 0.7484426 -0.6447124 -0.1554985 0.7484429 -0.6447118 -0.155499 0.7810531 -0.5497624 -0.296171 0.7810533 -0.5497621 -0.2961716 0.8082456 -0.4226255 -0.4100328 0.8082455 -0.4226254 -0.4100328 0.8283949 -0.2708994 -0.4902812 0.8283948 -0.2708995 -0.4902811 0.5373012 -0.06030029 0.8412321 0.537301 -0.06030035 0.8412323 0.6781302 0.6897739 0.2536759 0.6771923 0.6893756 0.2572387 0.6903463 0.6943541 0.2032104 0.6903463 0.694354 0.2032104 0.6429418 0.6444383 0.4139145 0.6341665 0.6439789 0.4279299 0.5499854 0.5506746 0.6279121 0.5361049 0.554899 0.6361436 0.431354 0.4506465 0.78157 0.4189503 0.4537515 0.7865051 0.3142313 0.3549075 0.8805109 0.3040949 0.3574799 0.8830258 -0.1218838 0.6551138 0.7456341 -0.1160858 0.6497695 0.7512148 -0.05569744 0.6442219 0.762808 0.04131287 0.6553159 0.7542244 0.02705091 0.6562721 0.7540393 0.1178365 0.6664944 0.7361385 -0.6903366 -0.6943636 -0.2032109 -0.6903374 -0.6943629 -0.2032108 -0.6777267 -0.6896054 -0.2552078 -0.6903447 -0.6943559 -0.2032098 -0.6767231 -0.6891779 -0.2589974 -0.1530465 0.6559383 0.7391358 -0.1530464 0.6559385 0.7391357 -0.5364062 0.002712368 -0.8439556 -0.5365238 0.006653487 -0.843859 -0.5447899 -0.1600644 -0.8231546 -0.5447901 -0.1600643 -0.8231544 -0.5665308 -0.363688 -0.7394416 -0.5665295 -0.3636883 -0.7394425 -0.6003895 -0.5306423 -0.5982903 -0.6003882 -0.5306426 -0.5982913 -0.6430522 -0.6445831 -0.4135174 -0.6430522 -0.6445832 -0.4135172 0.3799293 0.6626578 0.6453979 0.379929 0.6626579 0.6453979 0.3799283 0.6626585 0.6453977 0.3799281 0.6626586 0.6453977 -0.5361065 -0.006256997 -0.8441272 -0.5358734 -0.01242989 -0.8442068 0.6903467 0.6943535 0.203211 0.6903468 0.6943535 0.203211 0.6903488 0.6943513 0.2032116 0.6903489 0.6943512 0.2032116 -0.5489514 -0.2133621 -0.808164 -0.5489519 -0.2133619 -0.8081638 -0.5821236 -0.4528774 -0.6753031 -0.5821233 -0.4528772 -0.6753034 -0.6317771 -0.6217797 -0.4628691 -0.6317779 -0.6217787 -0.4628695 -0.67277 -0.6874343 -0.2735227 -0.6744014 -0.6881628 -0.2676094 0.5963701 0.7324583 -0.3284016 0.5963699 0.7324585 -0.3284013 0.5963693 0.7324594 -0.3284006 0.596369 0.7324598 -0.3284002 -0.6903474 -0.6943534 -0.2032093 -0.6903474 -0.6943533 -0.2032094 -0.537302 0.06029999 -0.8412316 -0.5373018 0.06029999 -0.8412317 -0.5372951 0.06030064 -0.841236 -0.5372948 0.06030064 -0.8412361 0.1530463 0.7546533 -0.6380246 0.1530463 0.7546533 -0.6380246 0.1530461 0.7546541 -0.6380236 0.1530461 0.7546542 -0.6380235 -0.5372977 0.06030029 -0.8412344 -0.5372982 0.06030023 -0.841234 -0.5373012 0.06030011 -0.8412321 -0.5373015 0.06030011 -0.841232 -0.6744022 -0.6881618 -0.2676097 -0.6727707 -0.6874336 -0.2735231 -0.6903455 -0.6943547 -0.203211 -0.6903445 -0.6943557 -0.2032109 -0.4387021 0.6251069 -0.6455864 0.1530463 -0.6559407 -0.7391338 0.1530463 -0.6559405 -0.739134 0.1530463 -0.6559368 -0.7391372 0.1530463 -0.6559367 -0.7391373 -0.5792302 -0.6762962 -0.4550997 -0.579231 -0.6762958 -0.4550994 -0.3799309 -0.6626539 -0.6454009 -0.3799307 -0.6626548 -0.6454002 -0.122789 -0.6555076 -0.7451394 -0.1227883 -0.6555079 -0.7451392 0.08160984 -0.6530727 -0.7528851 0.08769166 -0.6534504 -0.7518728 -0.6727698 0.7194187 -0.1726778 -0.6744008 0.7192968 -0.1667206 -0.6903473 0.7162378 -0.1020981 -0.6903475 0.7162377 -0.1020981 -0.3799299 -0.6626586 -0.6453968 -0.379929 -0.6626587 -0.6453971 -0.379927 -0.6626589 -0.645398 -0.3799264 -0.662659 -0.6453983 0.2177195 -0.6555156 -0.7231166 0.2236701 -0.6553288 -0.7214679 0.08160853 0.7537825 -0.6520369 0.08769142 0.7540117 -0.6509814 -0.1227886 0.7550857 -0.6440253 -0.1227885 0.7550852 -0.644026 -0.3799281 0.7479352 -0.5442862 -0.3799287 0.7479347 -0.5442867 -0.579229 0.7342936 -0.353987 -0.5792296 0.7342932 -0.3539867 -0.6903454 -0.6943547 -0.2032116 -0.6903452 -0.6943548 -0.2032116 -0.6903424 -0.6943582 -0.2032099 -0.6903423 -0.6943583 -0.2032099 0.4055808 -0.6638832 -0.628302 0.4055818 -0.6638822 -0.6283023 0.5963702 -0.6781296 -0.4295148 0.5963703 -0.6781297 -0.4295144 0.6963658 -0.6965165 -0.1730301 0.6963654 -0.6965169 -0.1730305 0.7042651 -0.709261 0.03097695 0.7032283 -0.7099996 0.03702193 0.2236714 0.7515295 -0.6206243 0.2177216 0.7519499 -0.6222288 -0.5963668 -0.7324615 0.3284006 -0.5963666 -0.7324618 0.3284003 -0.5963661 -0.7324625 0.3283997 -0.5963659 -0.7324627 0.3283995 0.6903471 -0.7162381 0.1020978 0.6903471 -0.716238 0.1020978 0.7042642 0.6975923 0.1318221 0.7032267 0.6974618 0.1379109 0.6963637 0.7140766 -0.07191759 0.6963639 0.7140765 -0.07191765 0.5963699 0.7324588 -0.3284007 0.5963702 0.732459 -0.3284 0.4055798 0.7467097 -0.5271904 0.4055798 0.7467101 -0.5271899 -0.2099612 -0.7524539 0.6242833 -0.2145207 -0.7521647 0.6230806 -0.1530461 -0.7546567 0.6380206 -0.1530461 -0.7546569 0.6380202 0.8433882 0.0384159 -0.5359296 0.8433884 0.0384159 -0.5359295 0.8433914 0.03841555 -0.5359247 0.8433916 0.03841549 -0.5359244 0.6903461 0.6943542 0.2032105 0.6903459 0.6943544 0.2032106 -0.3767031 -0.7480822 0.546322 -0.376704 -0.7480816 0.5463222 -0.5303292 -0.7382 0.4169075 -0.5458598 -0.7383723 0.3960347 0.6886253 0.6072388 -0.3963032 -0.6229733 -0.6289975 -0.4650446 -0.6385232 -0.6113627 -0.4674653 -0.6753311 -0.6859569 -0.2709078 -0.6907708 -0.6669695 -0.2792623 -0.6813819 -0.7313305 -0.02957487 -0.6983528 -0.714827 -0.03641152 -0.6340109 -0.7471626 0.1994451 -0.6623725 -0.7244495 0.1908811 -0.642672 -0.7021456 0.3065361 0.1530463 0.7546543 -0.6380234 0.1530464 0.7546541 -0.6380237 0.1530464 0.7546539 -0.6380237 -0.5906811 -0.5216344 -0.6156244 -0.5651253 -0.6210134 -0.5431169 -0.5891197 -0.5124406 -0.624774 -0.5605893 -0.3890877 -0.7309929 -0.5421239 -0.1614055 -0.8246514 -0.5421236 -0.1619938 -0.8245363 -0.5509477 -0.2356051 -0.8005917 -0.550875 -0.2347695 -0.8008871 -0.5654169 -0.3600581 -0.742066 -0.5482891 -0.4779374 -0.6862617 -0.3799291 0.7479347 -0.5442864 -0.379929 0.7479348 -0.5442863 -0.3799285 0.7479353 -0.5442858 -0.3799284 0.7479355 -0.5442857 -0.5522968 -0.2490131 -0.7955884 -0.5522965 -0.2490133 -0.7955885 -0.5724456 -0.4007415 -0.7153408 -0.5724453 -0.4007413 -0.715341 -0.5996374 -0.5278785 -0.601481 -0.5996374 -0.5278789 -0.6014806 -0.6322487 -0.6228296 -0.460809 -0.6322489 -0.6228296 -0.4608087 -0.6683332 -0.6799189 -0.3017302 -0.6683334 -0.6799187 -0.3017302 -0.7057284 -0.695744 -0.133745 -0.705728 -0.6957444 -0.1337451 -0.7422021 -0.6693578 0.03310859 -0.7422022 -0.6693578 0.03310823 -0.7755854 -0.6023267 0.1888653 -0.7755858 -0.602326 0.188865 -0.8038743 -0.4986641 0.3242224 -0.8038744 -0.4986639 0.3242225 -0.8253798 -0.3645623 0.4310945 -0.8253796 -0.3645626 0.4310947 -0.8388198 -0.2080283 0.5030961 -0.8388196 -0.2080286 0.503096 -0.8426412 -0.08045339 0.5324313 -0.8425536 -0.08283638 0.5322045 -0.6903439 0.7162411 -0.1020978 -0.690344 0.7162411 -0.1020978 -0.690347 0.7162382 -0.1020981 -0.6903471 0.716238 -0.1020981 -0.8433914 -0.03841578 0.5359247 -0.8433915 -0.03841578 0.5359246 -0.5963657 0.6781364 0.4295104 -0.5963663 0.6781354 0.4295109 -0.5963686 0.6781323 0.4295127 -0.5963696 0.678131 0.4295135 -0.7013485 0.711228 -0.04759389 -0.7006858 0.7116293 -0.05121749 -0.6903463 0.7162389 -0.1020976 -0.6903463 0.7162389 -0.1020976 -0.1840516 0.6560993 0.7318872 -0.1918203 0.6509697 0.7344682 -0.1530454 0.6559399 0.7391346 -0.1530454 0.6559399 0.7391346 -0.7285526 0.6813833 0.07019984 -0.7285003 0.673722 0.124041 -0.3969671 0.6746534 0.6223021 -0.335574 0.6612899 0.6708844 -0.3225452 0.6618247 0.6767221 -0.251607 0.6473322 0.7194824 -0.6354568 0.3856236 0.6689463 -0.7029193 0.4609014 0.5417327 -0.7098171 0.4776947 0.517656 -0.7302048 0.5188928 0.4444674 -0.741565 0.5761363 0.3437272 -0.7395007 0.5809711 0.3400166 -0.7404175 0.6360186 0.2173991 -0.648994 0.4088978 0.6415679 0.8371921 0.2351216 -0.4937889 0.8371922 0.2351214 -0.4937888 0.8190962 0.4118929 -0.3992818 0.8190961 0.4118928 -0.3992817 0.7905689 0.5544089 -0.260061 0.790569 0.5544087 -0.260061 0.7539226 0.6511232 -0.08740401 0.7539227 0.6511231 -0.08740395 0.7121262 0.6942003 0.1047011 0.7121264 0.6942002 0.1047012 0.668565 0.6801514 0.3006908 0.6685649 0.6801515 0.3006908 0.6267673 0.610115 0.484688 0.6267672 0.610115 0.4846881 0.5901217 0.4897632 0.6417854 0.5901219 0.4897632 0.6417853 0.5615958 0.3288478 0.7592558 0.5615957 0.3288478 0.7592558 0.5434994 0.1404038 0.8275839 0.5434992 0.1404037 0.8275842 0.537299 -0.06030064 0.8412335 0.537299 -0.06030046 0.8412334 0.5435 -0.2570052 0.7990972 0.5434998 -0.2570053 0.7990971 0.5615952 -0.433778 0.7045903 0.5615949 -0.4337782 0.7045904 0.5901218 -0.5762928 0.5653697 0.5901217 -0.5762928 0.5653698 0.6267681 -0.673007 0.392713 0.6267681 -0.6730071 0.3927129 0.6685639 -0.7160859 0.2006073 0.6685639 -0.716086 0.2006071 0.7121254 -0.7020372 0.004617333 0.7121255 -0.702037 0.004617214 0.7539225 -0.6319999 -0.1793797 0.7539226 -0.6319998 -0.1793796 0.7905693 -0.5116478 -0.3364773 0.7905693 -0.5116478 -0.3364772 0.8190963 -0.3507322 -0.4539475 0.8190963 -0.3507323 -0.4539474 0.8371918 -0.162289 -0.5222761 0.8371919 -0.162289 -0.5222758 0.8433917 0.03841567 -0.5359242 0.8433918 0.03841567 -0.535924 -0.8371918 0.1622894 0.522276 -0.8371919 0.1622892 0.5222758 -0.8190964 0.350732 0.4539475 -0.8190964 0.3507319 0.4539474 -0.7905696 0.5116477 0.3364769 -0.7905695 0.5116477 0.3364769 -0.7539228 0.6319996 0.1793796 -0.7539228 0.6319997 0.1793797 -0.7121264 0.702036 -0.004617393 -0.7121263 0.7020362 -0.004617452 -0.6685647 0.716085 -0.2006077 -0.6685644 0.7160853 -0.2006077 -0.6267672 0.6730082 -0.3927122 -0.6267671 0.6730083 -0.3927122 -0.5901207 0.576294 -0.5653697 -0.5901209 0.5762937 -0.5653697 -0.5615955 0.4337771 -0.7045907 -0.5615955 0.433777 -0.7045907 -0.5434989 0.2570064 -0.7990974 -0.5434989 0.2570064 -0.7990975 -0.5372998 0.06030046 -0.841233 -0.5372998 0.06030046 -0.8412329 -0.5434993 -0.1404044 -0.8275839 -0.5434992 -0.1404044 -0.8275841 -0.5615947 -0.3288471 -0.7592568 -0.5615947 -0.3288472 -0.7592569 -0.5901211 -0.4897636 -0.6417856 -0.5901212 -0.4897635 -0.6417856 -0.6267679 -0.6101144 -0.4846881 -0.6267681 -0.6101142 -0.484688 -0.6685646 -0.6801519 -0.3006908 -0.6685647 -0.6801517 -0.300691 -0.7121264 -0.6942 -0.1047016 -0.7121265 -0.6941999 -0.1047015 -0.7539232 -0.6511224 0.08740407 -0.7539231 -0.6511226 0.08740437 -0.7905689 -0.5544086 0.2600614 -0.7905689 -0.5544086 0.2600615 -0.8190959 -0.4118927 0.3992824 -0.8190961 -0.4118924 0.3992823 -0.8371928 -0.2351209 0.4937877 -0.8371928 -0.2351208 0.4937878 -0.8433915 -0.03841572 0.5359245 -0.8433914 -0.03841561 0.5359247 -0.8350982 0.1932693 0.5150322 -0.8350985 0.1932691 0.5150319 -0.8111205 0.4051949 0.4217831 -0.8111205 0.4051951 0.4217827 -0.7740537 0.5743971 0.2662876 -0.7740532 0.5743976 0.2662875 -0.7279141 0.6825431 0.06539171 -0.727914 0.6825431 0.06539195 -0.677706 0.7179076 -0.1591334 -0.6777064 0.7179073 -0.1591328 -0.6288682 0.6766617 -0.382954 -0.6288687 0.6766615 -0.3829535 -0.5866909 0.5632746 -0.581821 -0.5866912 0.5632745 -0.5818208 -0.5557465 0.390035 -0.7341788 -0.5557465 0.390035 -0.7341789 -0.5402305 0.2057805 -0.815969 -0.5401662 0.2026093 -0.8168048 -0.537299 0.06030029 -0.8412334 -0.5372998 0.06030046 -0.841233 -0.5402312 -0.08729505 -0.8369766 -0.5401666 -0.08403748 -0.8373517 -0.5557461 -0.2813315 -0.7823037 -0.5557459 -0.2813326 -0.7823033 -0.5866893 -0.4745336 -0.6562116 -0.5866889 -0.4745342 -0.6562114 -0.6288676 -0.6151232 -0.4755514 -0.628867 -0.615124 -0.4755511 -0.6777051 -0.6878721 -0.2598996 -0.6777046 -0.6878727 -0.2598995 -0.7279155 -0.6848902 -0.03262722 -0.7279153 -0.6848903 -0.03262722 -0.7740531 -0.6065058 0.1816391 -0.7740527 -0.606506 0.1816393 -0.8111196 -0.4612108 0.3596798 -0.8111196 -0.461211 0.3596796 -0.8350992 -0.2647505 0.4821995 -0.8350993 -0.2647508 0.4821994 -0.8433912 -0.03841567 0.5359251 -0.8433911 -0.03841537 0.5359252 0.8262827 -0.2065643 -0.5240116 0.835483 0.02807748 -0.5487988 0.8333609 0.01409274 -0.5525497 0.7406905 -0.0414853 -0.6705644 0.8231358 -0.2208287 -0.5231466 0.8012577 -0.4199897 -0.4261394 0.7249119 -0.3042143 -0.6180263 0.7971447 -0.4329839 -0.4208152 0.7631191 -0.5890726 -0.2657873 0.6918314 -0.5349472 -0.4849753 0.7582038 -0.5993847 -0.256642 0.7083212 -0.701161 -0.08157521 0.6450399 -0.7086817 -0.2858216 0.7279154 -0.6825417 -0.06539165 0.6619316 -0.7489616 0.03005194 0.6539178 -0.7406897 0.1541761 0.677707 -0.7179067 0.1591327 0.6088582 -0.7458111 0.2702915 0.6034784 -0.6980945 0.3853285 0.6288669 -0.6766626 0.3829545 0.5600882 -0.6629542 0.4967826 0.5599198 -0.5809948 0.5907072 0.5866898 -0.5632761 0.5818206 0.5209069 -0.5093706 0.6849801 0.5279619 -0.40208 0.7480561 0.5557451 -0.3900343 0.7341803 0.4955607 -0.3017016 0.8144912 0.5110682 -0.1807407 0.8403226 0.5393872 -0.1757147 0.8235204 0.486796 -0.0624538 0.8712802 0.5110684 0.05903899 0.8575101 0.5393876 0.05646121 0.8401626 0.4955609 0.1824473 0.8491953 0.5279618 0.2912758 0.7977561 0.5557453 0.2813326 0.7823038 0.5209071 0.4064659 0.7506275 0.5599199 0.4908025 0.6675347 0.5866898 0.4745319 0.6562123 0.5600888 0.5853201 0.5862602 0.6034783 0.6359981 0.4809579 0.6288671 0.6151234 0.4755517 0.608857 0.6996359 0.3739022 0.669311 0.701998 0.2433551 0.6702809 0.7041121 0.2344136 0.720713 0.693003 0.01787966 0.5700644 0.8055194 0.1617565 0.7212117 0.6927071 0.003258109 0.7671893 0.6100164 -0.1982442 0.627089 0.7727009 -0.09845179 0.7674259 0.6050686 -0.2120128 0.8042442 0.4597568 -0.3765833 0.6774109 0.655182 -0.3344414 0.8039108 0.4506982 -0.3880704 0.827861 0.2585085 -0.4978147 0.7155785 0.4656969 -0.5206475 0.8267121 0.2463249 -0.5058371 0.7374647 0.2247708 -0.6368862 -0.8427214 0.001360416 0.5383483 -0.842648 0.003487229 0.5384538 -0.8433922 -0.03841537 0.5359236 -0.8433923 -0.03841537 0.5359235 -0.8393208 0.1244711 0.5291953 -0.8393209 0.124471 0.5291951 -0.8273276 0.2813195 0.4861981 -0.8273277 0.2813193 0.4861978 -0.8080488 0.4237856 0.4092226 -0.8080487 0.4237857 0.4092226 -0.7825079 0.5442962 0.3023629 -0.7825078 0.5442962 0.302363 -0.7520664 0.636437 0.1713013 -0.7520666 0.6364368 0.1713014 -0.7183417 0.6953098 0.02300995 -0.718342 0.6953096 0.02301001 -0.6831293 0.7177815 -0.1346259 -0.6831294 0.7177814 -0.1346259 -0.648298 0.7026609 -0.293219 -0.648298 0.7026609 -0.2932191 -0.6157053 0.6507468 -0.4443373 -0.6157052 0.6507467 -0.4443376 -0.587082 0.5648047 -0.57994 -0.587082 0.5648049 -0.57994 -0.5639509 0.449403 -0.6928177 -0.5639508 0.4494029 -0.6928179 -0.5475415 0.3106808 -0.7769657 -0.5475415 0.3106808 -0.7769657 -0.5391538 0.245644 -0.8055881 -0.5391767 0.2445349 -0.8059101 -0.6780459 0.7189143 -0.1530229 -0.6788755 0.7188015 -0.1498421 -0.6470509 0.7013935 -0.298952 -0.6470512 0.7013934 -0.2989519 -0.607293 0.6301426 -0.483855 -0.6072933 0.6301423 -0.4838548 -0.5743192 0.5083082 -0.6417012 -0.57432 0.5083077 -0.6417008 -0.5508278 0.3458407 -0.759594 -0.5508278 0.3458405 -0.759594 -0.6903455 0.7162393 -0.1020992 -0.6903529 0.7162332 -0.1020931 0.5368283 -0.01837849 0.8434914 0.5368747 -0.02050715 0.8434128 0.5372968 -0.06030046 0.8412349 0.5372964 -0.06030046 0.8412351 0.8357698 0.2227408 -0.501872 0.8356467 0.223852 -0.5015826 0.8331487 0.2887958 -0.4716571 0.8331486 0.288796 -0.4716571 0.8167396 0.4275189 -0.3875102 0.8167395 0.427519 -0.3875101 0.7936093 0.5429196 -0.2746317 0.7936093 0.5429198 -0.2746316 0.7649859 0.6288623 -0.1390283 0.7649858 0.6288624 -0.1390282 0.7323922 0.6807758 0.01208949 0.7323921 0.6807759 0.01208943 0.6975618 0.6958988 0.1706822 0.6975616 0.6958991 0.1706823 0.6623488 0.673425 0.3283184 0.6623486 0.673425 0.3283185 0.6286246 0.6145518 0.4766103 0.6286246 0.6145518 0.4766101 0.5981828 0.5224112 0.607671 0.5981829 0.5224112 0.6076709 0.5726425 0.4019012 0.714532 0.5726426 0.4019012 0.714532 0.5533643 0.2594342 0.7915061 0.5533642 0.2594342 0.7915062 0.541368 0.1025864 0.834504 0.5413681 0.1025863 0.8345038 0.8298647 0.3239567 -0.4542869 0.8298648 0.3239568 -0.4542867 0.8063704 0.486423 -0.3363917 0.8063706 0.4864227 -0.3363919 0.7733986 0.6082566 -0.178546 0.7733985 0.6082566 -0.1785461 0.7336403 0.6795083 0.006356418 0.73364 0.6795087 0.006356298 0.7007462 0.6970598 0.1518632 0.7001523 0.6969443 0.1550986 0.6903498 0.6943473 0.2032218 0.6903486 0.6943528 0.2032069 -0.6399221 -0.7175015 0.2751207 -0.7071332 -0.7060679 0.03782576 -0.6945149 -0.7099693 0.1165878 -0.6508374 -0.7242501 0.2277557 -0.5953285 -0.7208095 0.3549897 -0.4933338 -0.7277599 0.4764319 -0.5107621 -0.7396065 0.4382972 -0.4173502 -0.7280771 0.5438038 -0.2844879 -0.7347229 0.6158319 -0.3054294 -0.7504271 0.5861502 -0.1831113 -0.730368 0.6580525 -0.03876274 -0.7368192 0.6749777 -0.06112748 -0.7553614 0.6524514 0.07730895 -0.7269472 0.6823278 0.2134392 -0.7332485 0.6455931 0.1908834 -0.7538077 0.6287587 0.3301692 -0.7178493 0.612928 0.4406237 -0.7240654 0.5306411 0.4183791 -0.7459815 0.5181415 0.5425351 -0.7039068 0.4584441 0.6142806 -0.7101585 0.3439975 0.5922759 -0.7328985 0.3347672 0.6866561 -0.6866815 0.2386882 0.7048932 -0.7035687 0.09009277 0.7076267 -0.7018826 0.08139693 0.7100494 -0.6871178 -0.1539448 0.7993245 -0.6000486 0.03196853 0.70768 -0.6851899 -0.172348 0.6319417 -0.669593 -0.3902498 0.759999 -0.5984138 -0.2535795 0.619403 -0.6696548 -0.4097589 0.4774307 -0.6553211 -0.5853326 0.6243046 -0.5980572 -0.5025649 0.4541794 -0.6573946 -0.6012932 0.2655639 -0.6460936 -0.715569 0.4126006 -0.6011247 -0.6844048 0.2329476 -0.6501036 -0.7232571 0.0223729 -0.6431556 -0.7654086 0.1542453 -0.6090772 -0.7779675 -0.01645928 -0.6488547 -0.7607344 -0.2223888 -0.6470635 -0.7292819 -0.1163806 -0.6225064 -0.773913 -0.2628218 -0.6539566 -0.709412 -0.4389704 -0.6576235 -0.6122388 -0.364317 -0.641087 -0.6754856 -0.4754199 -0.6649266 -0.576063 -0.6013302 -0.6739072 -0.4292448 -0.5583931 -0.6636561 -0.4977528 -0.6278787 -0.6805405 -0.377668 -0.690346 -0.6943542 -0.203211 -0.6903458 -0.6943541 -0.2032117 -0.7076817 -0.7062867 -0.01859408 -0.6399242 -0.7174998 0.2751201 -0.7071323 -0.7060688 0.03782713 -0.6945146 -0.7099679 0.116598 -0.6508465 -0.7242435 0.2277507 -0.5953344 -0.7208065 0.354986 -0.4933339 -0.7277595 0.4764323 -0.5107618 -0.7396056 0.4382991 -0.4173507 -0.7280759 0.5438051 -0.2844878 -0.7347232 0.6158316 -0.3054287 -0.7504284 0.586149 -0.1831129 -0.7303681 0.6580517 -0.03876245 -0.7368195 0.6749776 -0.06112599 -0.7553635 0.652449 0.0773099 -0.7269479 0.682327 0.2134392 -0.7332484 0.6455932 0.1908828 -0.7538077 0.6287589 0.3301703 -0.7178499 0.6129267 0.4406251 -0.7240651 0.5306406 0.418381 -0.7459815 0.5181398 0.5425346 -0.7039067 0.458445 0.6142804 -0.7101585 0.343998 0.5922767 -0.7328979 0.3347671 0.6866548 -0.6866825 0.2386888 0.7048911 -0.7035707 0.09009301 0.7076259 -0.7018834 0.08139592 0.7100481 -0.6871193 -0.1539441 0.7993296 -0.6000418 0.03196847 0.7076774 -0.6851927 -0.1723477 0.6319407 -0.6695947 -0.3902486 0.7599961 -0.5984178 -0.253579 0.6194014 -0.6696563 -0.409759 0.4774299 -0.6553222 -0.585332 0.6243043 -0.5980561 -0.5025665 0.4541792 -0.6573952 -0.6012927 0.2655649 -0.6460933 -0.7155689 0.4126034 -0.6011235 -0.6844041 0.23295 -0.6501023 -0.7232575 0.02237159 -0.6431579 -0.7654069 0.1542441 -0.6090788 -0.7779664 -0.01645976 -0.6488555 -0.7607336 -0.2223904 -0.647063 -0.7292819 -0.1163835 -0.6225056 -0.7739132 -0.2628259 -0.6539568 -0.7094103 -0.4389701 -0.6576214 -0.6122413 -0.3643132 -0.641087 -0.6754875 -0.475417 -0.6649248 -0.5760676 -0.6013309 -0.6739063 -0.4292451 -0.5583889 -0.6636568 -0.4977565 -0.6278766 -0.6805391 -0.3776738 -0.6903455 -0.694355 -0.2032099 -0.6903453 -0.694355 -0.2032104 -0.7076835 -0.7062852 -0.0185827</float_array>
          <technique_common>
            <accessor source="#LINK_WRIST_PITCH_L-mesh-normals-array" count="1912" stride="3">
              <param name="X" type="float"/>
              <param name="Y" type="float"/>
              <param name="Z" type="float"/>
            </accessor>
          </technique_common>
        </source>
        <source id="LINK_WRIST_PITCH_L-mesh-map">
          <float_array id="LINK_WRIST_PITCH_L-mesh-map-array" count="11160">0.8274481 0.4775959 0.9096136 0.4773214 0.8275178 0.5004663 0.8275178 0.5004663 0.9096136 0.4773214 0.9096834 0.5001918 0.8270134 0.4232761 0.9091767 0.4239471 0.82682 0.4461458 0.82682 0.4461458 0.9091767 0.4239471 0.9089832 0.4468168 0.2005864 0.8303021 0.2005714 0.8440235 0.1535028 0.8303022 0.1535028 0.8303022 0.2005714 0.8440235 0.07147115 0.8440235 0.1535028 0.8303022 0.07147115 0.8440235 0.1536327 0.7113835 0.1536327 0.7113835 0.07147115 0.8440235 0.07161611 0.7113835 0.3289275 0.06066226 0.3154687 0.05571132 0.3168149 0.01177841 0.2894568 0.06438499 0.2797225 0.07706958 0.2646343 0.004726707 0.3168149 0.01177841 0.3154687 0.05571132 0.2646343 0.004726707 0.2646343 0.004726707 0.3154687 0.05571132 0.3018187 0.05699872 0.2646343 0.004726707 0.3018187 0.05699872 0.2894568 0.06438499 0.2797225 0.07706958 0.2736706 0.09367799 0.2646343 0.004726707 0.2646343 0.004726707 0.2736706 0.09367799 0.2719572 0.1124104 0.2646343 0.004726707 0.2719572 0.1124104 0.2578057 0.2275794 0.2578057 0.2275794 0.2719572 0.1124104 0.2747676 0.131237 0.3546048 0.1046155 0.3872467 0.1129732 0.355161 0.1236546 0.355161 0.1236546 0.3872467 0.1129732 0.3860941 0.1377217 0.355161 0.1236546 0.3860941 0.1377217 0.3512246 0.1415694 0.3512246 0.1415694 0.3860941 0.1377217 0.3806172 0.16101 0.3512246 0.1415694 0.3806172 0.16101 0.3432224 0.1564185 0.2961264 0.2358728 0.2906836 0.2470758 0.255678 0.2423451 0.3168149 0.01177841 0.3345761 0.01722276 0.3289275 0.06066226 0.3289275 0.06066226 0.3345761 0.01722276 0.3510904 0.02840501 0.3289275 0.06066226 0.3510904 0.02840501 0.3407368 0.07131499 0.3407368 0.07131499 0.3510904 0.02840501 0.3653717 0.04465717 0.3407368 0.07131499 0.3653717 0.04465717 0.3496166 0.08651512 0.3496166 0.08651512 0.3653717 0.04465717 0.3765665 0.0650084 0.3496166 0.08651512 0.3765665 0.0650084 0.3546048 0.1046155 0.3546048 0.1046155 0.3765665 0.0650084 0.3840063 0.08824306 0.3546048 0.1046155 0.3840063 0.08824306 0.3872467 0.1129732 0.2747676 0.131237 0.2817976 0.1481174 0.2578057 0.2275794 0.2578057 0.2275794 0.2817976 0.1481174 0.2922852 0.1612226 0.2578057 0.2275794 0.2922852 0.1612226 0.255678 0.2423451 0.255678 0.2423451 0.2922852 0.1612226 0.2961264 0.2358728 0.2961264 0.2358728 0.2922852 0.1612226 0.3050939 0.1691323 0.2961264 0.2358728 0.3050939 0.1691323 0.304987 0.2249017 0.3806172 0.16101 0.3711434 0.181447 0.3432224 0.1564185 0.3432224 0.1564185 0.3711434 0.181447 0.3582385 0.1978121 0.3432224 0.1564185 0.3582385 0.1978121 0.3320215 0.1665926 0.3320215 0.1665926 0.3582385 0.1978121 0.3426734 0.2091276 0.3320215 0.1665926 0.3426734 0.2091276 0.3188357 0.1709893 0.3188357 0.1709893 0.3426734 0.2091276 0.3253778 0.2147175 0.3188357 0.1709893 0.3253778 0.2147175 0.3050939 0.1691323 0.3050939 0.1691323 0.3253778 0.2147175 0.3157131 0.2176049 0.3050939 0.1691323 0.3157131 0.2176049 0.304987 0.2249017 0.6511877 0.7858315 0.6567369 0.7737749 0.6798672 0.8209148 0.6798672 0.8209148 0.6567369 0.7737749 0.6829259 0.6990109 0.6829259 0.6990109 0.6567369 0.7737749 0.6570708 0.7604686 0.6829259 0.6990109 0.6570708 0.7604686 0.6521316 0.7482135 0.6052307 0.7899352 0.6162297 0.7967998 0.5706061 0.8188463 0.5706061 0.8188463 0.6162297 0.7967998 0.6290174 0.7984334 0.5706061 0.8188463 0.6290174 0.7984334 0.6798672 0.8209148 0.6798672 0.8209148 0.6290174 0.7984334 0.6413828 0.7945537 0.6798672 0.8209148 0.6413828 0.7945537 0.6511877 0.7858315 0.606424 0.7423743 0.5985755 0.7529958 0.5736647 0.6969423 0.5736647 0.6969423 0.5985755 0.7529958 0.5955682 0.7659606 0.5736647 0.6969423 0.5955682 0.7659606 0.5706061 0.8188463 0.5706061 0.8188463 0.5955682 0.7659606 0.5979223 0.7790268 0.5706061 0.8188463 0.5979223 0.7790268 0.6052307 0.7899352 0.6521316 0.7482135 0.6427734 0.7391284 0.6829259 0.6990109 0.6829259 0.6990109 0.6427734 0.7391284 0.6306144 0.7347844 0.6829259 0.6990109 0.6306144 0.7347844 0.5736647 0.6969423 0.5736647 0.6969423 0.6306144 0.7347844 0.6177569 0.7359325 0.5736647 0.6969423 0.6177569 0.7359325 0.606424 0.7423743 0.746738 0.6537551 0.7467214 0.6385669 0.8031482 0.6537551 0.8031482 0.6537551 0.7467214 0.6385669 0.8595418 0.6385669 0.8031482 0.6537551 0.8595418 0.6385669 0.8595584 0.6537551 0.6508172 0.4688714 0.6594641 0.4518713 0.6224732 0.5729555 0.5539661 0.4633293 0.5076313 0.4677776 0.547315 0.4454538 0.547315 0.4454538 0.5076313 0.4677776 0.5024341 0.4433572 0.547315 0.4454538 0.5024341 0.4433572 0.5468285 0.4263873 0.5468285 0.4263873 0.5024341 0.4433572 0.5033161 0.4184054 0.5468285 0.4263873 0.5033161 0.4184054 0.5525593 0.4081959 0.6709799 0.5757312 0.6224732 0.5729555 0.6695302 0.5605357 0.6695302 0.5605357 0.6224732 0.5729555 0.6594641 0.4518713 0.6695302 0.5605357 0.6594641 0.4518713 0.6823441 0.3366125 0.6823441 0.3366125 0.6594641 0.4518713 0.6621225 0.4329848 0.6823441 0.3366125 0.6621225 0.4329848 0.6585043 0.4142584 0.605053 0.5477566 0.600892 0.4923066 0.6161196 0.5606063 0.6161196 0.5606063 0.600892 0.4923066 0.6198535 0.4902472 0.6161196 0.5606063 0.6198535 0.4902472 0.6224732 0.5729555 0.6224732 0.5729555 0.6198535 0.4902472 0.6371189 0.4821428 0.6224732 0.5729555 0.6371189 0.4821428 0.6508172 0.4688714 0.605053 0.5477566 0.5910608 0.5381752 0.600892 0.4923066 0.600892 0.4923066 0.5910608 0.5381752 0.578086 0.5332228 0.600892 0.4923066 0.578086 0.5332228 0.5822893 0.4880977 0.5822893 0.4880977 0.578086 0.5332228 0.5549089 0.523938 0.5822893 0.4880977 0.5549089 0.523938 0.5660611 0.4780766 0.5660611 0.4780766 0.5549089 0.523938 0.5346764 0.5093085 0.5660611 0.4780766 0.5346764 0.5093085 0.5539661 0.4633293 0.5539661 0.4633293 0.5346764 0.5093085 0.518597 0.490208 0.5539661 0.4633293 0.518597 0.490208 0.5076313 0.4677776 0.6585043 0.4142584 0.6490017 0.3977215 0.6823441 0.3366125 0.6823441 0.3366125 0.6490017 0.3977215 0.6346443 0.385166 0.6823441 0.3366125 0.6346443 0.385166 0.6100384 0.3324749 0.5033161 0.4184054 0.5102244 0.3944128 0.5525593 0.4081959 0.5525593 0.4081959 0.5102244 0.3944128 0.5227465 0.3728126 0.5525593 0.4081959 0.5227465 0.3728126 0.5638864 0.3928509 0.5638864 0.3928509 0.5227465 0.3728126 0.5401344 0.3548951 0.5638864 0.3928509 0.5401344 0.3548951 0.5795823 0.3820152 0.5795823 0.3820152 0.5401344 0.3548951 0.5613493 0.3417305 0.5795823 0.3820152 0.5613493 0.3417305 0.5979462 0.376863 0.5979462 0.376863 0.5613493 0.3417305 0.585124 0.3341053 0.5979462 0.376863 0.585124 0.3341053 0.6075122 0.3766189 0.6075122 0.3766189 0.585124 0.3341053 0.6100384 0.3324749 0.6075122 0.3766189 0.6100384 0.3324749 0.616988 0.3779526 0.616988 0.3779526 0.6100384 0.3324749 0.6346443 0.385166 0.4582257 0.6980993 0.4582257 0.7118207 0.4111421 0.7118721 0.4111421 0.8307909 0.3291256 0.8308805 0.4111421 0.7118721 0.4111421 0.7118721 0.3291256 0.8308805 0.3291256 0.6982403 0.4111421 0.7118721 0.3291256 0.6982403 0.4582257 0.6980993 0.1837779 0.5520022 0.1731449 0.5551359 0.148087 0.4935921 0.158099 0.4761571 0.1634186 0.4550426 0.196918 0.5056964 0.196918 0.5056964 0.1634186 0.4550426 0.163728 0.4315099 0.196918 0.5056964 0.163728 0.4315099 0.1624771 0.4219796 0.1597363 0.5696747 0.1194473 0.5255672 0.1647955 0.5603481 0.1647955 0.5603481 0.1194473 0.5255672 0.1262698 0.5131408 0.1647955 0.5603481 0.1262698 0.5131408 0.1731449 0.5551359 0.1731449 0.5551359 0.1262698 0.5131408 0.1339807 0.5063061 0.1731449 0.5551359 0.1339807 0.5063061 0.148087 0.4935921 0.2005864 0.5295569 0.1976794 0.5398012 0.148087 0.4935921 0.148087 0.4935921 0.1976794 0.5398012 0.1918876 0.5475354 0.148087 0.4935921 0.1918876 0.5475354 0.1837779 0.5520022 0.2005864 0.6884928 0.1740037 0.6963272 0.1619515 0.5945816 0.1619515 0.5945816 0.1740037 0.6963272 0.1225544 0.5712676 0.1619515 0.5945816 0.1225544 0.5712676 0.1587377 0.581696 0.1587377 0.581696 0.1225544 0.5712676 0.1183804 0.5579945 0.1587377 0.581696 0.1183804 0.5579945 0.1597363 0.5696747 0.1597363 0.5696747 0.1183804 0.5579945 0.1167361 0.5409813 0.1597363 0.5696747 0.1167361 0.5409813 0.1194473 0.5255672 0.158099 0.4761571 0.196918 0.5056964 0.148087 0.4935921 0.148087 0.4935921 0.196918 0.5056964 0.2003241 0.5178052 0.148087 0.4935921 0.2003241 0.5178052 0.2005864 0.5295569 0.490839 0.5359449 0.4271181 0.6561354 0.3934404 0.6382807 0.3934404 0.6382807 0.4412906 0.5480258 0.490839 0.5359449 0.490839 0.5359449 0.4412906 0.5480258 0.4452181 0.5349187 0.490839 0.5359449 0.4452181 0.5349187 0.4959761 0.5227429 0.4959761 0.5227429 0.4452181 0.5349187 0.4438307 0.5213063 0.4959761 0.5227429 0.4438307 0.5213063 0.4978771 0.5045371 0.4978771 0.5045371 0.4438307 0.5213063 0.4942901 0.4865871 0.4942901 0.4865871 0.4438307 0.5213063 0.4373397 0.509261 0.4942901 0.4865871 0.4373397 0.509261 0.4855381 0.47051 0.3961732 0.4378201 0.438829 0.3573627 0.4373472 0.3674468 0.4577613 0.4413783 0.4029664 0.4857356 0.3955661 0.4751939 0.4855381 0.47051 0.4373397 0.509261 0.4757217 0.460296 0.4757217 0.460296 0.4373397 0.509261 0.4267333 0.5006164 0.4757217 0.460296 0.4267333 0.5006164 0.4577613 0.4413783 0.4577613 0.4413783 0.4267333 0.5006164 0.4132622 0.4934746 0.4577613 0.4413783 0.4132622 0.4934746 0.4029664 0.4857356 0.4373472 0.3674468 0.4379833 0.3935244 0.3961732 0.4378201 0.3961732 0.4378201 0.4379833 0.3935244 0.4449263 0.4186689 0.3961732 0.4378201 0.4449263 0.4186689 0.3919946 0.4500032 0.3919946 0.4500032 0.4449263 0.4186689 0.4577613 0.4413783 0.3919946 0.4500032 0.4577613 0.4413783 0.3917854 0.4628814 0.3917854 0.4628814 0.4577613 0.4413783 0.3955661 0.4751939 0.3918212 0.2582653 0.3917987 0.1814249 0.6266251 0.2582653 0.6266251 0.2582653 0.3917987 0.1814249 0.4527867 0.1814249 0.6266026 0.1814249 0.6266251 0.2582653 0.5656146 0.1814249 0.5656146 0.1814249 0.6266251 0.2582653 0.4527867 0.1814249 0.5656146 0.1814249 0.4527867 0.1814249 0.5655912 0.1015413 0.5655912 0.1015413 0.4527867 0.1814249 0.4527633 0.1015413 0.237942 0.6919968 0.237942 0.6929473 0.2312341 0.6911606 0.2484352 0.6564189 0.21295 0.5581493 0.2607493 0.6422939 0.2607493 0.6422939 0.21295 0.5581493 0.224916 0.5767685 0.2181566 0.6840182 0.2080687 0.6730517 0.2020409 0.6594246 0.237942 0.6919968 0.2312341 0.6911606 0.24062 0.6734503 0.2836835 0.6036063 0.2765561 0.6322293 0.2617759 0.6004565 0.2617759 0.6004565 0.2765561 0.6322293 0.2607493 0.6422939 0.2617759 0.6004565 0.2607493 0.6422939 0.241643 0.5912624 0.241643 0.5912624 0.2607493 0.6422939 0.224916 0.5767685 0.3055912 0.451237 0.2836835 0.4480872 0.2806341 0.4236921 0.2005864 0.6479818 0.2005864 0.4236922 0.2067144 0.5369132 0.2067144 0.5369132 0.2005864 0.4236922 0.2067144 0.5147805 0.2067144 0.5369132 0.21295 0.5581493 0.2005864 0.6479818 0.2005864 0.6479818 0.21295 0.5581493 0.2484352 0.6564189 0.2005864 0.6479818 0.2484352 0.6564189 0.2020409 0.6594246 0.2020409 0.6594246 0.2484352 0.6564189 0.24062 0.6734503 0.2020409 0.6594246 0.24062 0.6734503 0.2181566 0.6840182 0.2181566 0.6840182 0.24062 0.6734503 0.2312341 0.6911606 0.241643 0.4604313 0.224916 0.4749252 0.2005864 0.4236922 0.2005864 0.4236922 0.224916 0.4749252 0.21295 0.4935444 0.2005864 0.4236922 0.21295 0.4935444 0.2067144 0.5147805 0.2806341 0.4236921 0.2836835 0.4480872 0.2005864 0.4236922 0.2005864 0.4236922 0.2836835 0.4480872 0.2617758 0.451237 0.2005864 0.4236922 0.2617758 0.451237 0.241643 0.4604313 0.2806341 0.4236921 0.3040366 0.4264087 0.3055912 0.451237 0.3055912 0.451237 0.3040366 0.4264087 0.3261944 0.4344142 0.3055912 0.451237 0.3261944 0.4344142 0.325724 0.4604312 0.325724 0.4604312 0.3261944 0.4344142 0.3459289 0.4472829 0.325724 0.4604312 0.3459289 0.4472829 0.342451 0.474925 0.342451 0.474925 0.3459289 0.4472829 0.3621906 0.4643301 0.342451 0.474925 0.3621906 0.4643301 0.354417 0.4935442 0.354417 0.4935442 0.3621906 0.4643301 0.3741145 0.4846493 0.354417 0.4935442 0.3741145 0.4846493 0.3606526 0.5147804 0.3606526 0.5147804 0.3741145 0.4846493 0.3810663 0.5071597 0.3606526 0.5147804 0.3810663 0.5071597 0.3606526 0.536913 0.3606526 0.536913 0.3810663 0.5071597 0.3826764 0.5306639 0.3606526 0.536913 0.3826764 0.5306639 0.354417 0.5581492 0.3826764 0.5306639 0.3788591 0.553912 0.354417 0.5581492 0.354417 0.5581492 0.3788591 0.553912 0.3698175 0.5756673 0.354417 0.5581492 0.3698175 0.5756673 0.342451 0.5767683 0.342451 0.5767683 0.3698175 0.5756673 0.3560324 0.5947729 0.342451 0.5767683 0.3560324 0.5947729 0.325724 0.5912622 0.325724 0.5912622 0.3560324 0.5947729 0.3382371 0.6102123 0.325724 0.5912622 0.3382371 0.6102123 0.3055912 0.6004565 0.3055912 0.6004565 0.3382371 0.6102123 0.3173779 0.6211647 0.3055912 0.6004565 0.3173779 0.6211647 0.2836835 0.6036063 0.2836835 0.6036063 0.3173779 0.6211647 0.2945644 0.6270472 0.2836835 0.6036063 0.2945644 0.6270472 0.2765561 0.6322293 0.1968961 0.1575208 0.2060843 0.140186 0.1690837 0.2191374 0.1041591 0.1264117 0.09252995 0.1423183 0.0866779 0.1198219 0.2108607 0.2418746 0.2061029 0.2548274 0.182638 0.2520542 0.182638 0.2520542 0.2061029 0.2548274 0.1985008 0.2647415 0.182638 0.2520542 0.1985008 0.2647415 0.1840028 0.2707426 0.1840028 0.2707426 0.1985008 0.2647415 0.1888611 0.2705648 0.1840028 0.2707426 0.1888611 0.2705648 0.1839739 0.271687 0.2108607 0.2418746 0.182638 0.2520542 0.212257 0.2306466 0.212257 0.2306466 0.182638 0.2520542 0.1775258 0.2343708 0.212257 0.2306466 0.1775258 0.2343708 0.1690837 0.2191374 0.1041591 0.1264117 0.0866779 0.1198219 0.1003131 0.1047045 0.1003131 0.1047045 0.0866779 0.1198219 0.08463537 0.09635108 0.1003131 0.1047045 0.08463537 0.09635108 0.1009869 0.0827136 0.1009869 0.0827136 0.08463537 0.09635108 0.08651107 0.07315415 0.1009869 0.0827136 0.08651107 0.07315415 0.1061261 0.06222063 0.1061261 0.06222063 0.08651107 0.07315415 0.09220516 0.05146485 0.1061261 0.06222063 0.09220516 0.05146485 0.1153143 0.04488581 0.1153143 0.04488581 0.09220516 0.05146485 0.1014147 0.03243684 0.1153143 0.04488581 0.1014147 0.03243684 0.1278071 0.03211355 0.1278071 0.03211355 0.1014147 0.03243684 0.1136501 0.01708215 0.1278071 0.03211355 0.1136501 0.01708215 0.1425926 0.02493846 0.1690837 0.2191374 0.2060843 0.140186 0.212257 0.2306466 0.212257 0.2306466 0.2060843 0.140186 0.2112235 0.119693 0.212257 0.2306466 0.2112235 0.119693 0.2190857 0.007793962 0.2112235 0.119693 0.2118973 0.09770214 0.2190857 0.007793962 0.2190857 0.007793962 0.2118973 0.09770214 0.2080512 0.0759949 0.2190857 0.007793962 0.2080512 0.0759949 0.1999968 0.05632984 0.09252995 0.1423183 0.1041591 0.1264117 0.1018803 0.1626436 0.1018803 0.1626436 0.1041591 0.1264117 0.1122136 0.1460767 0.1018803 0.1626436 0.1122136 0.1460767 0.1142315 0.1797168 0.1142315 0.1797168 0.1122136 0.1460767 0.1238239 0.1621063 0.1142315 0.1797168 0.1238239 0.1621063 0.1289268 0.1926299 0.1289268 0.1926299 0.1238239 0.1621063 0.1380494 0.173202 0.1289268 0.1926299 0.1380494 0.173202 0.1451845 0.200696 0.1451845 0.200696 0.1380494 0.173202 0.1537377 0.1784647 0.1451845 0.200696 0.1537377 0.1784647 0.1580015 0.2075982 0.1580015 0.2075982 0.1537377 0.1784647 0.1696178 0.1774681 0.1580015 0.2075982 0.1696178 0.1774681 0.1690837 0.2191374 0.1690837 0.2191374 0.1696178 0.1774681 0.1844033 0.1702931 0.1690837 0.2191374 0.1844033 0.1702931 0.1968961 0.1575208 0.1136501 0.01708215 0.1282604 0.00621742 0.1425926 0.02493846 0.1425926 0.02493846 0.1282604 0.00621742 0.1444685 4.20635e-4 0.1425926 0.02493846 0.1444685 4.20635e-4 0.1584727 0.02394193 0.1584727 0.02394193 0.1444685 4.20635e-4 0.1614124 0 0.1584727 0.02394193 0.1614124 0 0.174161 0.0292046 0.174161 0.0292046 0.1614124 0 0.2190857 0.007793962 0.174161 0.0292046 0.2190857 0.007793962 0.1883865 0.04030025 0.1883865 0.04030025 0.2190857 0.007793962 0.1999968 0.05632984 0.9251994 0.8697549 0.9251994 0.9825753 0.9019963 0.9826771 0.9251994 0.8697549 0.9019963 0.9826771 0.9019963 0.8698567 0.9019963 0.8698567 0.9019963 0.9826771 0.8812924 0.982842 0.9019963 0.8698567 0.8812924 0.982842 0.8812923 0.8700217 0.8812923 0.8700217 0.8812924 0.982842 0.8641887 0.9830614 0.8812923 0.8700217 0.8641887 0.9830614 0.8641887 0.870241 0.0961849 0.1656448 0.01801699 0.1721432 0.008247971 0.1509078 0.0961849 0.1656448 0.008247971 0.1509078 0.08641594 0.1444094 0.08641594 0.1444094 0.008247971 0.1509078 0.002133905 0.1274041 0.08641594 0.1444094 0.002133905 0.1274041 0.08030188 0.1209058 0.08030188 0.1209058 0.002133905 0.1274041 0 0.1028824 0.08030188 0.1209058 0 0.1028824 0.07816791 0.09638398 0.07816791 0.09638398 0 0.1028824 0.001959621 0.07864677 0.07816791 0.09638398 0.001959621 0.07864677 0.08012753 0.07214838 0.08012753 0.07214838 0.001959621 0.07864677 0.007908642 0.05598634 0.08012753 0.07214838 0.007908642 0.05598634 0.08607661 0.04948794 0.4530251 0 0.5658529 0 0.5657598 0.01379072 0.4530251 0 0.5657598 0.01379072 0.452932 0.01379072 0.452932 0.01379072 0.5657598 0.01379072 0.5656836 0.03188544 0.452932 0.01379072 0.5656836 0.03188544 0.4528557 0.03188544 0.4528557 0.03188544 0.5656836 0.03188544 0.5656283 0.05332171 0.4528557 0.03188544 0.5656283 0.05332171 0.4528005 0.05332171 0.4528005 0.05332171 0.5656283 0.05332171 0.5655969 0.07695943 0.4528005 0.05332171 0.5655969 0.07695943 0.4527691 0.07695943 0.4527691 0.07695943 0.5655969 0.07695943 0.5655912 0.1015413 0.4527691 0.07695943 0.5655912 0.1015413 0.4527633 0.1015413 0.5551924 0.972719 0.5551924 0.8598987 0.5754714 0.97266 0.5754714 0.97266 0.5551924 0.8598987 0.5754714 0.8598396 0.5754714 0.97266 0.5754714 0.8598396 0.5935868 0.9725326 0.5935868 0.9725326 0.5754714 0.8598396 0.5935868 0.8597122 0.5935868 0.9725326 0.5935868 0.8597122 0.6080709 0.9723471 0.6080709 0.9723471 0.5935868 0.8597122 0.6080709 0.8595267 0.116078 0.06573134 0.1942459 0.05923295 0.1236587 0.08423954 0.1236587 0.08423954 0.1942459 0.05923295 0.2018266 0.0777412 0.1236587 0.08423954 0.2018266 0.0777412 0.1272786 0.1046699 0.1272786 0.1046699 0.2018266 0.0777412 0.2054465 0.09817153 0.1272786 0.1046699 0.2054465 0.09817153 0.1266443 0.1253672 0.1266443 0.1253672 0.2054465 0.09817153 0.2048122 0.1188688 0.1266443 0.1253672 0.2048122 0.1188688 0.1218075 0.1446547 0.1218075 0.1446547 0.2048122 0.1188688 0.1999754 0.1381563 0.1845904 0.9714092 0.07176256 0.9714092 0.184667 0.9590488 0.184667 0.9590488 0.07176256 0.9714092 0.07183915 0.9590488 0.184667 0.9590488 0.07183915 0.9590488 0.1847246 0.9424651 0.1847246 0.9424651 0.07183915 0.9590488 0.07189679 0.9424651 0.1847246 0.9424651 0.07189679 0.9424651 0.1847586 0.9230016 0.1847586 0.9230016 0.07189679 0.9424651 0.0719307 0.9230016 0.1847586 0.9230016 0.0719307 0.9230016 0.184766 0.9022352 0.184766 0.9022352 0.0719307 0.9230016 0.07193815 0.9022352 0.184766 0.9022352 0.07193815 0.9022352 0.1847465 0.8818481 0.1847465 0.8818481 0.07193815 0.9022352 0.0719186 0.8818481 0.1847465 0.8818481 0.0719186 0.8818481 0.1847015 0.8634921 0.1847015 0.8634921 0.0719186 0.8818481 0.07187366 0.8634921 0.1847015 0.8634921 0.07187366 0.8634921 0.1846347 0.8486543 0.1846347 0.8486543 0.07187366 0.8634921 0.07180684 0.8486543 0.4440701 0.9586174 0.3347914 0.9592902 0.4412672 0.940837 0.4412672 0.940837 0.3347914 0.9592902 0.3319885 0.9415097 0.4412672 0.940837 0.3319885 0.9415097 0.4398065 0.9207193 0.4398065 0.9207193 0.3319885 0.9415097 0.3305279 0.921392 0.4398065 0.9207193 0.3305279 0.921392 0.4398065 0.8998942 0.4398065 0.8998942 0.3305279 0.921392 0.3305279 0.900567 0.4398065 0.8998942 0.3305279 0.900567 0.4412672 0.8800489 0.4412672 0.8800489 0.3305279 0.900567 0.3319885 0.8807217 0.4412672 0.8800489 0.3319885 0.8807217 0.4440701 0.8627911 0.4440701 0.8627911 0.3319885 0.8807217 0.3347914 0.8634638 0.4978771 0.9724674 0.4978771 0.8596471 0.5147574 0.9726187 0.5147574 0.9726187 0.4978771 0.8596471 0.5147574 0.8597983 0.5147574 0.9726187 0.5147574 0.8597983 0.5343927 0.9727049 0.5343927 0.9727049 0.5147574 0.8597983 0.5343927 0.8598845 0.5343927 0.9727049 0.5343927 0.8598845 0.5551924 0.972719 0.5551924 0.972719 0.5343927 0.8598845 0.5551924 0.8598987 0.06117945 0.5194538 0.06117945 0.4265647 0.06980317 0.5180034 0.06980317 0.5180034 0.06117945 0.4265647 0.06984442 0.426572 0.06980317 0.5180034 0.06984442 0.426572 0.07865655 0.5175662 0.1106469 0.4265119 0.1039082 0.5226742 0.1035919 0.426536 0.1035919 0.426536 0.1039082 0.5226742 0.09576368 0.5194436 0.1035919 0.426536 0.09576368 0.5194436 0.09576368 0.4265546 0.09576368 0.4265546 0.09576368 0.5194436 0.08742314 0.517999 0.09576368 0.4265546 0.08742314 0.517999 0.08737558 0.4265669 0.08737558 0.4265669 0.08742314 0.517999 0.07865655 0.5175662 0.08737558 0.4265669 0.07865655 0.5175662 0.07865661 0.4265727 0.07865661 0.4265727 0.07865655 0.5175662 0.06984442 0.426572 0.1128123 0.5327666 0.1106469 0.5288253 0.1106469 0.4265119 0.1106469 0.4265119 0.1106469 0.5288253 0.1075991 0.5253614 0.1106469 0.4265119 0.1075991 0.5253614 0.1039082 0.5226742 0.1039082 0.5652 0.1106469 0.6613159 0.09576362 0.5684694 0.09576362 0.5684694 0.1106469 0.6613159 0.09576362 0.6613585 0.09576362 0.5684694 0.09576362 0.6613585 0.08740967 0.5699401 0.1039082 0.5652 0.1075931 0.5624948 0.1106469 0.6613159 0.1106469 0.6613159 0.1075931 0.5624948 0.1106469 0.5590025 0.002487897 0.5210765 0.002487897 0.4219796 0.01570284 0.5181966 0.002487838 0.5285611 0 0.4257453 0.002487838 0.4219796 0.7613898 0.5639706 0.7459987 0.4639164 0.745113 0.442359 0.05393338 0.5679945 0.06117945 0.6613686 0.04921925 0.5653826 0.04921925 0.5653826 0.06117945 0.6613686 0.04522615 0.661335 0.08740967 0.5699401 0.09576362 0.6613585 0.07865655 0.5703834 0.07865655 0.5703834 0.09576362 0.6613585 0.07865655 0.6613767 0.07865655 0.5703834 0.07865655 0.6613767 0.06979328 0.5699436 0.06979328 0.5699436 0.07865655 0.6613767 0.06117945 0.6613686 0.06979328 0.5699436 0.06117945 0.6613686 0.06117945 0.5684795 0.06117945 0.5684795 0.06117945 0.6613686 0.05393338 0.5679945 0.06117945 0.5684795 0.05393338 0.5679945 0.0548771 0.5663582 0.06117945 0.5194538 0.0548771 0.5215554 0.06117945 0.4265647 0.06117945 0.4265647 0.0548771 0.5215554 0.05393338 0.5199155 0.06117945 0.4265647 0.05393338 0.5199155 0.0528981 0.4265509 0.0528981 0.4265509 0.05393338 0.5199155 0.04919958 0.5225195 0.0528981 0.4265509 0.04919958 0.5225195 0.04522621 0.4265311 0.04522621 0.4265311 0.04919958 0.5225195 0.04522621 0.5259614 0.04522621 0.4265311 0.04522621 0.5259614 0.03837305 0.4265058 0.03837305 0.4265058 0.04522621 0.5259614 0.04247856 0.5296702 0.03837305 0.4265058 0.04247856 0.5296702 0.03252559 0.4264756 0.03252559 0.4264756 0.04247856 0.5296702 0.04045563 0.534022 0.03252559 0.4264756 0.04045563 0.534022 0.0390048 0.5404905 0.03899693 0.5472573 0.04053699 0.5540385 0.03252553 0.6612796 0.03252553 0.6612796 0.04053699 0.5540385 0.04362916 0.5599372 0.03252553 0.6612796 0.04362916 0.5599372 0.04522615 0.661335 0.04522615 0.661335 0.04362916 0.5599372 0.04522615 0.5619046 0.04522615 0.661335 0.04522615 0.5619046 0.04921925 0.5653826 0.0390048 0.5404905 0.03899693 0.5472573 0.03252559 0.4264756 0.03252559 0.4264756 0.03899693 0.5472573 0.03252553 0.6612796 0.3418352 0.1468926 0.1791614 0.1604163 0.3450936 0.1395994 0.3450936 0.1395994 0.1791614 0.1604163 0.1847354 0.145119 0.1863136 0.1278654 0.3487191 0.1230989 0.1847354 0.145119 0.1847354 0.145119 0.3487191 0.1230989 0.3474093 0.1315954 0.1847354 0.145119 0.3474093 0.1315954 0.3450936 0.1395994 0.183725 0.1105252 0.3482069 0.1055629 0.1863136 0.1278654 0.1863136 0.1278654 0.3482069 0.1055629 0.3489875 0.1143418 0.1863136 0.1278654 0.3489875 0.1143418 0.3487191 0.1230989 0.1772501 0.09497743 0.3436125 0.08889144 0.183725 0.1105252 0.183725 0.1105252 0.3436125 0.08889144 0.3463988 0.09700155 0.183725 0.1105252 0.3463988 0.09700155 0.3482069 0.1055629 0.7391609 0.2393108 0.7460875 0.004454851 0.7520227 0.2391625 0.7520227 0.2391625 0.7460875 0.004454851 0.7520227 0.004374146 0.1772501 0.09497743 0.3399239 0.08145374 0.3436125 0.08889144 0.7231107 0.2393992 0.7314316 0.004574894 0.7391609 0.2393108 0.7391609 0.2393108 0.7314316 0.004574894 0.7391609 0.004522383 0.7391609 0.2393108 0.7391609 0.004522383 0.7460875 0.004454851 0.6885592 0.239366 0.6969103 0.004612565 0.7056114 0.2394183 0.7056114 0.2394183 0.6969103 0.004612565 0.7056113 0.004629969 0.7056114 0.2394183 0.7056113 0.004629969 0.7144249 0.2394177 0.7144249 0.2394177 0.7056113 0.004629969 0.7144249 0.004629433 0.7144249 0.2394177 0.7144249 0.004629433 0.7231107 0.2393992 0.7231107 0.2393992 0.7144249 0.004629433 0.7231106 0.004610896 0.7231107 0.2393992 0.7231106 0.004610896 0.7314316 0.004574894 0.6738021 0.2392479 0.6807858 0.004526197 0.6885592 0.239366 0.6885592 0.239366 0.6807858 0.004526197 0.6885592 0.004577636 0.6885592 0.239366 0.6885592 0.004577636 0.6969103 0.004612565 0.8120297 0.5611577 0.8103781 0.3347036 0.8265839 0.5630423 0.8265839 0.5630423 0.8103781 0.3347036 0.8172486 0.3358119 0.6738021 0.2392479 0.6738021 0.004459559 0.6807858 0.004526197 0.7950779 0.5606756 0.7944073 0.3335039 0.8120297 0.5611577 0.8120297 0.5611577 0.7944073 0.3335039 0.8026944 0.3339272 0.8120297 0.5611577 0.8026944 0.3339272 0.8103781 0.3347036 0.7775653 0.5616484 0.7769368 0.3337527 0.7950779 0.5606756 0.7950779 0.5606756 0.7769368 0.3337527 0.7857426 0.3334452 0.7950779 0.5606756 0.7857426 0.3334452 0.7944073 0.3335039 0.1106469 0.4265119 0.116736 0.4264828 0.1128123 0.5327666 0.745113 0.442359 0.745027 0.3383337 0.7520545 0.3367401 0.745113 0.442359 0.7520545 0.3367401 0.7613898 0.5639706 0.7613898 0.5639706 0.7520545 0.3367401 0.7598598 0.3354229 0.7613898 0.5639706 0.7598598 0.3354229 0.7775653 0.5616484 0.7775653 0.5616484 0.7598598 0.3354229 0.76823 0.3344179 0.7775653 0.5616484 0.76823 0.3344179 0.7769368 0.3337527 0.02658486 0.4695605 0.02280896 0.4720844 0.01729387 0.4690487 0.01729387 0.4690487 0.02280896 0.4720844 0.01962995 0.4754185 0.01729387 0.4690487 0.01962995 0.4754185 0.01729387 0.4792696 0.915621 0.3864816 0.9181964 0.3803349 0.9259649 0.3865024 0.9259649 0.3865024 0.9181964 0.3803349 0.9203791 0.3718361 0.9259649 0.3865024 0.9203791 0.3718361 0.9211351 0.3630131 0.9145538 0.3372727 0.9145741 0.3279317 0.9182717 0.3456797 0.9182717 0.3456797 0.9145741 0.3279317 0.9254903 0.3279535 0.9182717 0.3456797 0.9254903 0.3279535 0.9204162 0.3541799 0.4859735 0.7632012 0.497832 0.7668815 0.4978771 0.7736728 0.4978771 0.7736728 0.4937409 0.7779837 0.4859735 0.7632012 0.4859735 0.7632012 0.4937409 0.7779837 0.4914249 0.7834179 0.4859735 0.7632012 0.4914249 0.7834179 0.4906752 0.7896127 0.4906752 0.7896127 0.4915131 0.7962524 0.485628 0.8056802 0.485628 0.8056802 0.4915131 0.7962524 0.4939083 0.8031787 0.485628 0.8056802 0.4939083 0.8031787 0.4967846 0.8088032 0.02431982 0.4557478 0.02333992 0.4600976 0.01729393 0.4629479 0.01729393 0.4629479 0.02333992 0.4600976 0.02333366 0.4646638 0.01729393 0.4629479 0.02333366 0.4646638 0.02431982 0.4690486 0.4906752 0.7896127 0.485628 0.8056802 0.4859735 0.7632012 0.4859735 0.7632012 0.485628 0.8056802 0.4727314 0.8059101 0.4859735 0.7632012 0.4727314 0.8059101 0.4729349 0.7632662 0.4729349 0.7632662 0.4727314 0.8059101 0.4610998 0.80978 0.4729349 0.7632662 0.4610998 0.80978 0.4610998 0.7670647 0.9597185 0.4759122 0.9597185 0.5343202 0.9512718 0.5337207 0.9597185 0.4759122 0.9512718 0.5337207 0.951273 0.4753009 0.951273 0.4753009 0.9512718 0.5337207 0.9395499 0.53341 0.951273 0.4753009 0.9395499 0.53341 0.9394502 0.4749832 0.9394502 0.4749832 0.9395499 0.53341 0.9266505 0.5334435 0.9394502 0.4749832 0.9266505 0.5334435 0.9264116 0.4750171 0.9264116 0.4750171 0.9266505 0.5334435 0.9148818 0.5338155 0.9264116 0.4750171 0.9148818 0.5338155 0.9145409 0.4753965 0.9607599 0.3280329 0.9607599 0.386581 0.9510912 0.3865576 0.9607599 0.3280329 0.9510912 0.3865576 0.9509066 0.3280091 0.9509066 0.3280091 0.9510912 0.3865576 0.9387572 0.3865297 0.9509066 0.3280091 0.9387572 0.3865297 0.9383871 0.3279809 0.9383871 0.3279809 0.9387572 0.3865297 0.9259649 0.3865024 0.9383871 0.3279809 0.9259649 0.3865024 0.9254903 0.3279535 0.9254903 0.3279535 0.9259649 0.3865024 0.9211351 0.3630131 0.9254903 0.3279535 0.9211351 0.3630131 0.9204162 0.3541799 0.7140773 0.4247421 0.7270315 0.4262135 0.7381871 0.4327884 0.7398779 0.4739426 0.7292937 0.4812767 0.6921424 0.4372036 0.6921424 0.4372036 0.7292937 0.4812767 0.7164973 0.4836472 0.6921424 0.4372036 0.7164973 0.4836472 0.7038283 0.480621 0.7459987 0.4639164 0.7398779 0.4739426 0.745113 0.442359 0.745113 0.442359 0.7398779 0.4739426 0.6921424 0.4372036 0.745113 0.442359 0.6921424 0.4372036 0.7381871 0.4327884 0.7381871 0.4327884 0.6921424 0.4372036 0.7016929 0.4286432 0.7381871 0.4327884 0.7016929 0.4286432 0.7140773 0.4247421 0.7038283 0.480621 0.6936028 0.4727511 0.6921424 0.4372036 0.6921424 0.4372036 0.6936028 0.4727511 0.6876904 0.4614764 0.6921424 0.4372036 0.6876904 0.4614764 0.687172 0.4488583 0.9428532 0.07084763 0.886444 0.07117843 0.8863708 0.04581546 0.9428532 0.07084763 0.8863708 0.04581546 0.94278 0.04548466 0.94278 0.04548466 0.8863708 0.04581546 0.8863847 0.02268862 0.94278 0.04548466 0.8863847 0.02268862 0.942794 0.02235782 0.942794 0.02235782 0.8863847 0.02268862 0.8864849 0.00317943 0.942794 0.02235782 0.8864849 0.00317943 0.9428941 0.002848625 0.5624945 0.7594658 0.5078639 0.7584315 0.5116058 0.7360791 0.5624945 0.7594658 0.5116058 0.7360791 0.5662364 0.7371134 0.5662364 0.7371134 0.5116058 0.7360791 0.5673247 0.727616 0.5673247 0.727616 0.5116058 0.7360791 0.5139442 0.7111344 0.5673247 0.727616 0.5139442 0.7111344 0.5719295 0.7122321 0.5719295 0.7122321 0.5139442 0.7111344 0.5736647 0.6969423 0.5736647 0.6969423 0.5139442 0.7111344 0.5147395 0.6850875 0.5736647 0.6969423 0.5147395 0.6850875 0.6829259 0.6990109 0.6829259 0.6990109 0.7421209 0.6893922 0.6833403 0.7143414 0.6833403 0.7143414 0.7421209 0.6893922 0.7413256 0.7154391 0.6833403 0.7143414 0.7413256 0.7154391 0.6854449 0.7298523 0.6854449 0.7298523 0.7413256 0.7154391 0.6843566 0.7393496 0.7413256 0.7154391 0.7389872 0.7403838 0.6843566 0.7393496 0.6843566 0.7393496 0.7389872 0.7403838 0.7352453 0.7627363 0.6843566 0.7393496 0.7352453 0.7627363 0.6806147 0.761702 0.01090717 0.8397835 0.06731635 0.8394514 0.06721663 0.8589606 0.01090717 0.8397835 0.06721663 0.8589606 0.01080739 0.8592927 0.01080739 0.8592927 0.06721663 0.8589606 0.06720322 0.8820874 0.01080739 0.8592927 0.06720322 0.8820874 0.01079398 0.8824195 0.01079398 0.8824195 0.06720322 0.8820874 0.06727695 0.9074504 0.01079398 0.8824195 0.06727695 0.9074504 0.01086777 0.9077825 0.6829259 0.6990109 0.5147395 0.6850875 0.7421209 0.6893922 0.7421209 0.6893922 0.5147395 0.6850875 0.5139442 0.6594942 0.7421209 0.6893922 0.5139442 0.6594942 0.7413255 0.6637989 0.7413255 0.6637989 0.5139442 0.6594942 0.5116058 0.6358834 0.7413255 0.6637989 0.5116058 0.6358834 0.7389872 0.6401881 0.7389872 0.6401881 0.5116058 0.6358834 0.5078639 0.6156655 0.7389872 0.6401881 0.5078639 0.6156655 0.7352453 0.6199702 0.6267717 0.3279316 0.3919678 0.3279317 0.3918932 0.3075923 0.6267717 0.3279316 0.3918932 0.3075923 0.6266971 0.3075922 0.6266971 0.3075922 0.3918932 0.3075923 0.3918433 0.2838984 0.6266971 0.3075922 0.3918433 0.2838984 0.6266472 0.2838984 0.6266472 0.2838984 0.3918433 0.2838984 0.3918212 0.2582653 0.6266472 0.2838984 0.3918212 0.2582653 0.6266251 0.2582653 0.3054494 0.8268722 0.3083884 0.8096501 0.321679 0.8610239 0.321679 0.8610239 0.3083884 0.8096501 0.321679 0.7581126 0.3095068 0.873663 0.2840222 0.8533622 0.321679 0.8610239 0.321679 0.8610239 0.2840222 0.8533622 0.2969871 0.8420533 0.321679 0.8610239 0.2969871 0.8420533 0.3054494 0.8268722 0.2223247 0.8425129 0.2352898 0.8536622 0.2005864 0.8743335 0.2005864 0.8743335 0.2352898 0.8536622 0.2511937 0.8595392 0.2005864 0.8743335 0.2511937 0.8595392 0.3095068 0.873663 0.3095068 0.873663 0.2511937 0.8595392 0.2681183 0.859435 0.3095068 0.873663 0.2681183 0.859435 0.2840222 0.8533622 0.2005864 0.7383335 0.2352898 0.766538 0.2223248 0.7778469 0.3083884 0.8096501 0.3054494 0.7924641 0.321679 0.7581126 0.321679 0.7581126 0.3054494 0.7924641 0.2969871 0.7773873 0.321679 0.7581126 0.2969871 0.7773873 0.3095068 0.7456235 0.3095068 0.7456235 0.2969871 0.7773873 0.2840222 0.7662379 0.2223248 0.7778469 0.2138625 0.7930279 0.2005864 0.7383335 0.2005864 0.7383335 0.2138625 0.7930279 0.2109236 0.8102501 0.2005864 0.7383335 0.2109236 0.8102501 0.2005864 0.8743335 0.2005864 0.8743335 0.2109236 0.8102501 0.2138625 0.827436 0.2005864 0.8743335 0.2138625 0.827436 0.2223247 0.8425129 0.2352898 0.766538 0.2005864 0.7383335 0.2511937 0.7604652 0.2511937 0.7604652 0.2005864 0.7383335 0.2676405 0.7379207 0.2511937 0.7604652 0.2676405 0.7379207 0.2681183 0.760361 0.2681183 0.760361 0.2676405 0.7379207 0.2777464 0.7437689 0.2681183 0.760361 0.2777464 0.7437689 0.2840222 0.7662379 0.2840222 0.7662379 0.2777464 0.7437689 0.2891908 0.7457485 0.2840222 0.7662379 0.2891908 0.7457485 0.3095068 0.7456235 0.612644 0.8552747 0.6949787 0.8552747 0.6126439 0.9620035 0.6126439 0.9620035 0.6949787 0.8552747 0.6949785 0.9620034 0.3293501 0.3940459 0.270029 0.3860292 0.3325995 0.2880009 0.3325995 0.2880009 0.270029 0.3860292 0.2732784 0.2799842 0.09932261 0.2786157 0.0993703 0.2770591 0.1250318 0.2830718 0.1250318 0.2830718 0.0993703 0.2770591 0.1336822 0.276517 0.1336822 0.276517 0.0993703 0.2770591 0.1775382 0.2705607 0.1336822 0.276517 0.1775382 0.2705607 0.1430844 0.2757353 0.1561096 0.3172288 0.1586046 0.3039088 0.1774905 0.2721173 0.1774905 0.2721173 0.1586046 0.3039088 0.1569153 0.2909367 0.1774905 0.2721173 0.1569153 0.2909367 0.1775382 0.2705607 0.1775382 0.2705607 0.1569153 0.2909367 0.1513761 0.2808817 0.1775382 0.2705607 0.1513761 0.2808817 0.1430844 0.2757353 0.1163517 0.3074214 0.118041 0.3203936 0.07399457 0.3487195 0.07399457 0.3487195 0.07247322 0.3359392 0.1163517 0.3074214 0.1163517 0.3074214 0.07247322 0.3359392 0.09932261 0.2786157 0.1163517 0.3074214 0.09932261 0.2786157 0.1188467 0.2941014 0.1188467 0.2941014 0.09932261 0.2786157 0.1250318 0.2830718 0.07247322 0.3359392 0.06737941 0.3256876 0.09932261 0.2786157 0.09932261 0.2786157 0.06737941 0.3256876 0.05959373 0.3197373 0.09932261 0.2786157 0.05959373 0.3197373 0.04477173 0.2831507 0.04477173 0.2831507 0.05959373 0.3197373 0.05046254 0.3191171 0.04477173 0.2831507 0.05046254 0.3191171 0.03891164 0.2870049 0.03891164 0.2870049 0.05046254 0.3191171 0.04156458 0.3239344 0.03891164 0.2870049 0.04156458 0.3239344 0.03263497 0.2886929 0.03263497 0.2886929 0.04156458 0.3239344 0.01810276 0.289901 0.01810276 0.289901 0.04156458 0.3239344 0.03443849 0.333356 0.01810276 0.289901 0.03443849 0.333356 0.009013235 0.3031119 0.009013235 0.3031119 0.03443849 0.333356 0.03031641 0.3457531 0.009013235 0.3031119 0.03031641 0.3457531 0.005879163 0.4053919 0.03031641 0.3457531 0.02991104 0.3589819 0.005879163 0.4053919 0.005879163 0.4053919 0.02991104 0.3589819 0.03329253 0.3707551 0.005879163 0.4053919 0.03329253 0.3707551 0.01420342 0.4171551 0.1235802 0.3304485 0.06593048 0.3729717 0.118041 0.3203936 0.118041 0.3203936 0.06593048 0.3729717 0.07168024 0.3618187 0.118041 0.3203936 0.07168024 0.3618187 0.07399457 0.3487195 0.1215645 0.3504325 0.1235802 0.3304485 0.1309432 0.3470072 0.1309432 0.3470072 0.1235802 0.3304485 0.1318719 0.3355948 0.1309432 0.3470072 0.1318719 0.3355948 0.1415064 0.3461291 0.1415064 0.3461291 0.1318719 0.3355948 0.1412741 0.3348132 0.1415064 0.3461291 0.1412741 0.3348132 0.1507226 0.3480085 0.1507226 0.3480085 0.1412741 0.3348132 0.1499244 0.3282585 0.1507226 0.3480085 0.1499244 0.3282585 0.1583731 0.3549063 0.2636221 0.3839648 0.2430062 0.3346689 0.2667561 0.2816848 0.2667561 0.2816848 0.2430062 0.3346689 0.2414849 0.3218886 0.2667561 0.2816848 0.2414849 0.3218886 0.2584319 0.2699216 0.2584319 0.2699216 0.2414849 0.3218886 0.2363911 0.3116371 0.2584319 0.2699216 0.2363911 0.3116371 0.2438996 0.2711297 0.1215645 0.3504325 0.113451 0.3586409 0.1235802 0.3304485 0.1235802 0.3304485 0.113451 0.3586409 0.107838 0.3703827 0.1235802 0.3304485 0.107838 0.3703827 0.06593048 0.3729717 0.06593048 0.3729717 0.107838 0.3703827 0.05773949 0.3802502 0.1774905 0.2721173 0.2034502 0.3193055 0.1561096 0.3172288 0.1561096 0.3172288 0.2034502 0.3193055 0.1993281 0.3317025 0.1561096 0.3172288 0.1993281 0.3317025 0.1499244 0.3282585 0.1499244 0.3282585 0.1993281 0.3317025 0.1989228 0.3449313 0.03329253 0.3707551 0.0398761 0.379037 0.01420342 0.4171551 0.01420342 0.4171551 0.0398761 0.379037 0.04852354 0.3823956 0.01420342 0.4171551 0.04852354 0.3823956 0.1047909 0.4096242 0.1047909 0.4096242 0.04852354 0.3823956 0.05773949 0.3802502 0.1047909 0.4096242 0.05773949 0.3802502 0.10558 0.3838704 0.10558 0.3838704 0.05773949 0.3802502 0.107838 0.3703827 0.2438996 0.2711297 0.2363911 0.3116371 0.2376946 0.2704793 0.2376946 0.2704793 0.2363911 0.3116371 0.2286055 0.3056867 0.2376946 0.2704793 0.2286055 0.3056867 0.2320414 0.2675823 0.2320414 0.2675823 0.2286055 0.3056867 0.2194743 0.3050666 0.2320414 0.2675823 0.2194743 0.3050666 0.1774905 0.2721173 0.1774905 0.2721173 0.2194743 0.3050666 0.2105763 0.3098838 0.1774905 0.2721173 0.2105763 0.3098838 0.2034502 0.3193055 0.1583731 0.3549063 0.1499244 0.3282585 0.1632934 0.3657725 0.1632934 0.3657725 0.1499244 0.3282585 0.1989228 0.3449313 0.1632934 0.3657725 0.1989228 0.3449313 0.1647341 0.3789527 0.1647341 0.3789527 0.1989228 0.3449313 0.2023043 0.3567045 0.1647341 0.3789527 0.2023043 0.3567045 0.163945 0.4047065 0.2545325 0.3971756 0.2349422 0.3589211 0.2636221 0.3839648 0.2636221 0.3839648 0.2349422 0.3589211 0.240692 0.3477681 0.2636221 0.3839648 0.240692 0.3477681 0.2430062 0.3346689 0.2023043 0.3567045 0.2088878 0.3649864 0.163945 0.4047065 0.163945 0.4047065 0.2088878 0.3649864 0.2175353 0.368345 0.163945 0.4047065 0.2175353 0.368345 0.2545325 0.3971756 0.2545325 0.3971756 0.2175353 0.368345 0.2267512 0.3661996 0.2545325 0.3971756 0.2267512 0.3661996 0.2349422 0.3589211 0.7729993 0.2394902 0.8139649 0.2236149 0.8308801 0.2230432 0.7729993 0.2394902 0.8308801 0.2230432 0.8818596 0.2358109 0.8818596 0.2358109 0.8308801 0.2230432 0.8466102 0.2165334 0.8818596 0.2358109 0.8466102 0.2165334 0.8592578 0.2048705 0.7604867 0.2273421 0.7576436 0.1244701 0.7723485 0.1754571 0.7723485 0.1754571 0.7576436 0.1244701 0.7748104 0.1581604 0.8663469 0.1550666 0.8781024 0.09986287 0.8697595 0.1721647 0.8697595 0.1721647 0.8781024 0.09986287 0.8818596 0.2358109 0.8697595 0.1721647 0.8818596 0.2358109 0.8672975 0.1894615 0.8672975 0.1894615 0.8818596 0.2358109 0.8592578 0.2048705 0.7723485 0.1754571 0.7757611 0.1925553 0.7604867 0.2273421 0.7604867 0.2273421 0.7757611 0.1925553 0.7846366 0.2073926 0.7604867 0.2273421 0.7846366 0.2073926 0.7729993 0.2394902 0.7729993 0.2394902 0.7846366 0.2073926 0.7979047 0.2181795 0.7729993 0.2394902 0.7979047 0.2181795 0.8139649 0.2236149 0.8663469 0.1550666 0.8574713 0.1402293 0.8781024 0.09986287 0.8781024 0.09986287 0.8574713 0.1402293 0.8442032 0.1294424 0.8781024 0.09986287 0.8442032 0.1294424 0.8110853 0.102128 0.8110853 0.102128 0.8442032 0.1294424 0.8281431 0.124007 0.8110853 0.102128 0.8281431 0.124007 0.8112278 0.1245787 0.7748104 0.1581604 0.7576436 0.1244701 0.7828502 0.1427513 0.7828502 0.1427513 0.7576436 0.1244701 0.7694621 0.1114996 0.7828502 0.1427513 0.7694621 0.1114996 0.7954978 0.1310886 0.7954978 0.1310886 0.7694621 0.1114996 0.7897669 0.1108134 0.7954978 0.1310886 0.7897669 0.1108134 0.8112278 0.1245787 0.8112278 0.1245787 0.7897669 0.1108134 0.8011482 0.1083775 0.8112278 0.1245787 0.8011482 0.1083775 0.8110853 0.102128 0.8421586 0.9035392 0.8211389 0.8650604 0.829148 0.8542619 0.7623002 0.918837 0.7628293 0.9493181 0.7495421 0.9496306 0.8587927 0.9470611 0.8455054 0.9473736 0.8449763 0.9168927 0.7623002 0.918837 0.7495421 0.9496306 0.7646521 0.905362 0.8318426 0.840968 0.8569406 0.8403777 0.829148 0.8542619 0.829148 0.8542619 0.8569406 0.8403777 0.8587927 0.9470611 0.829148 0.8542619 0.8587927 0.9470611 0.8421586 0.9035392 0.8421586 0.9035392 0.8587927 0.9470611 0.8449763 0.9168927 0.7476901 0.8429471 0.7727882 0.8423568 0.7495421 0.9496306 0.7495421 0.9496306 0.7727882 0.8423568 0.7759419 0.8555132 0.7495421 0.9496306 0.7759419 0.8555132 0.7646521 0.905362 0.7646521 0.905362 0.7759419 0.8555132 0.7843192 0.8659263 0.7646521 0.905362 0.7843192 0.8659263 0.7718154 0.8938169 0.8421586 0.9035392 0.8346005 0.8923403 0.8211389 0.8650604 0.8211389 0.8650604 0.8346005 0.8923403 0.8234523 0.8850008 0.8211389 0.8650604 0.8234523 0.8850008 0.8094016 0.8712246 0.8094016 0.8712246 0.8234523 0.8850008 0.8104115 0.8826381 0.8094016 0.8712246 0.8104115 0.8826381 0.7962608 0.8715336 0.7962608 0.8715336 0.8104115 0.8826381 0.7956479 0.8829853 0.7962608 0.8715336 0.7956479 0.8829853 0.7843192 0.8659263 0.7843192 0.8659263 0.7956479 0.8829853 0.7826998 0.8859592 0.7843192 0.8659263 0.7826998 0.8859592 0.7718154 0.8938169 0.9066855 0.2394729 0.9066855 0.1144462 0.9326054 0.2394729 0.9326054 0.2394729 0.9066855 0.1144462 0.9326053 0.1144462 0.9043008 0.605023 0.9043008 0.7295668 0.8890548 0.6050064 0.8890548 0.6050064 0.9043008 0.7295668 0.8890548 0.7295501 0.2013357 0.4219796 0.1112555 0.4098061 0.2021248 0.3962258 0.2021248 0.3962258 0.1112555 0.4098061 0.1120446 0.3840523 0.1959563 0.8910537 0.2371236 0.8901728 0.2371244 0.9067121 0.1959563 0.8910537 0.1959562 0.8901728 0.2371236 0.8901728 0.2371236 0.8901728 0.1959562 0.8901728 0.1959541 0.8772558 0.2371236 0.8901728 0.1959541 0.8772558 0.2371211 0.8758357 0.1959541 0.8772558 0.1959537 0.8758357 0.2371211 0.8758357 0.8159592 0.2539377 0.8569657 0.2535588 0.8578283 0.2645925 0.8159592 0.2539377 0.8578283 0.2645925 0.8169592 0.2674687 0.8578283 0.2645925 0.8579657 0.2670898 0.8169592 0.2674687 0.8169592 0.2674687 0.8579657 0.2670898 0.8584277 0.2795819 0.8169592 0.2674687 0.8584277 0.2795819 0.8174954 0.2836887 0.8584277 0.2795819 0.8585019 0.2833097 0.8174954 0.2836887 0.8174954 0.2836887 0.8585019 0.2833097 0.8585571 0.295466 0.8174954 0.2836887 0.8585571 0.295466 0.8174954 0.300407 0.8585571 0.295466 0.8585019 0.3000281 0.8174954 0.300407 0.8174954 0.300407 0.8585019 0.3000281 0.858201 0.310329 0.8174954 0.300407 0.858201 0.310329 0.8169592 0.3153659 0.858201 0.310329 0.8579657 0.314987 0.8169592 0.3153659 0.8169592 0.3153659 0.8579657 0.314987 0.8574023 0.3223782 0.8169592 0.3153659 0.8574023 0.3223782 0.8159592 0.326545 0.4978772 0.6561354 0.495499 0.6618546 0.4656124 0.6602392 0.4656124 0.6602392 0.495499 0.6618546 0.4931082 0.6706917 0.4656124 0.6602392 0.4931082 0.6706917 0.4622211 0.6764877 0.4622211 0.6764877 0.4931082 0.6706917 0.4921076 0.678103 0.4622211 0.6764877 0.4921076 0.678103 0.4621019 0.6849203 0.4621019 0.6849203 0.4921076 0.678103 0.4919885 0.6865357 0.4621019 0.6849203 0.4919885 0.6865357 0.4630512 0.6931769 0.4919885 0.6865357 0.4929378 0.6947922 0.4630512 0.6931769 0.4630512 0.6931769 0.4929378 0.6947922 0.4946532 0.7017561 0.4630512 0.6931769 0.4946532 0.7017561 0.4679906 0.7080529 0.4946532 0.7017561 0.4978772 0.7096683 0.4679906 0.7080529 0.4851523 0.918978 0.4440701 0.9192338 0.444388 0.9154059 0.4851523 0.918978 0.444388 0.9154059 0.4858804 0.9077055 0.444388 0.9154059 0.4447982 0.9079613 0.4858804 0.9077055 0.4858804 0.9077055 0.4447982 0.9079613 0.4449695 0.9032797 0.4858804 0.9077055 0.4449695 0.9032797 0.4862708 0.8926896 0.4449695 0.9032797 0.4451886 0.8929453 0.4862708 0.8926896 0.4862708 0.8926896 0.4451886 0.8929453 0.4452288 0.888375 0.4862708 0.8926896 0.4452288 0.888375 0.4862708 0.8759583 0.4452288 0.888375 0.4451886 0.876214 0.4862708 0.8759583 0.4862708 0.8759583 0.4451886 0.876214 0.4451345 0.8724896 0.4862708 0.8759583 0.4451345 0.8724896 0.4858804 0.8597713 0.4451345 0.8724896 0.4447982 0.860027 0.4858804 0.8597713 0.4858804 0.8597713 0.4447982 0.860027 0.4446981 0.8575395 0.4858804 0.8597713 0.4446981 0.8575395 0.4851523 0.8463146 0.4446981 0.8575395 0.4440701 0.8465704 0.4851523 0.8463146 0.2371211 0.9374666 0.1959538 0.9374666 0.1959541 0.9360591 0.2371211 0.9374666 0.1959541 0.9360591 0.2371236 0.9232198 0.1959541 0.9360591 0.1959562 0.9232199 0.2371236 0.9232198 0.2371236 0.9232198 0.1959562 0.9232199 0.1959563 0.9223424 0.2371236 0.9232198 0.1959563 0.9223424 0.2371244 0.9067121 0.2371244 0.9067121 0.1959563 0.9223424 0.195957 0.9067121 0.2371244 0.9067121 0.195957 0.9067121 0.1959563 0.8910537 0.9829219 0.8396805 0.9890045 0.8538675 0.9740837 0.8496332 0.9740837 0.8496332 0.9890045 0.8538675 0.9828581 0.8596529 0.9740837 0.8496332 0.9828581 0.8596529 0.9620664 0.8552668 0.9620664 0.8552668 0.9828581 0.8596529 0.9680313 0.867492 0.9620664 0.8552668 0.9680313 0.867492 0.9489478 0.8556075 0.9489478 0.8556075 0.9680313 0.867492 0.9515386 0.8695457 0.9489478 0.8556075 0.9515386 0.8695457 0.9369962 0.850596 0.9792724 0.8029886 0.9940167 0.7997619 0.9857617 0.8141511 0.9857617 0.8141511 0.9940167 0.7997619 1 0.8149731 0.9857617 0.8141511 1 0.8149731 0.9870526 0.8271297 0.9870526 0.8271297 1 0.8149731 1 0.8314918 0.9870526 0.8271297 1 0.8314918 0.9829219 0.8396805 0.9829219 0.8396805 1 0.8314918 0.9940167 0.8470872 0.9829219 0.8396805 0.9940167 0.8470872 0.9890045 0.8538675 0.9515386 0.8695457 0.9356077 0.8655366 0.9369962 0.850596 0.9369962 0.850596 0.9356077 0.8655366 0.9223899 0.8560062 0.9369962 0.850596 0.9223899 0.8560062 0.9282782 0.8410992 0.9282782 0.8410992 0.9223899 0.8560062 0.9136705 0.8422416 0.9282782 0.8410992 0.9136705 0.8422416 0.9243012 0.8287589 0.9243012 0.8287589 0.9136705 0.8422416 0.910627 0.8261018 0.9243012 0.8287589 0.910627 0.8261018 0.9257528 0.815709 0.9257528 0.815709 0.910627 0.8261018 0.9136705 0.8097666 0.9257528 0.815709 0.9136705 0.8097666 0.9323821 0.8042059 0.9323821 0.8042059 0.9136705 0.8097666 0.9223899 0.7954421 0.9323821 0.8042059 0.9223899 0.7954421 0.9430428 0.7962387 0.9430428 0.7962387 0.9223899 0.7954421 0.9356077 0.785063 0.9430428 0.7962387 0.9356077 0.785063 0.9558916 0.7931848 0.9558916 0.7931848 0.9356077 0.785063 0.9515386 0.780031 0.9558916 0.7931848 0.9515386 0.780031 0.9687067 0.7955724 0.9687067 0.7955724 0.9515386 0.780031 0.9680312 0.7810256 0.9687067 0.7955724 0.9680312 0.7810256 0.9792724 0.8029886 0.9792724 0.8029886 0.9680312 0.7810256 0.9828581 0.7879126 0.9792724 0.8029886 0.9828581 0.7879126 0.9940167 0.7997619 0.9156478 0.2655145 0.9568151 0.2646335 0.9568159 0.2811728 0.9156478 0.2655145 0.9156478 0.2646336 0.9568151 0.2646335 0.9568151 0.2646335 0.9156478 0.2646336 0.9156457 0.2517166 0.9568151 0.2646335 0.9156457 0.2517166 0.9568126 0.2502964 0.9156457 0.2517166 0.9156453 0.2502965 0.9568126 0.2502964 0.8635158 0.2539377 0.9045224 0.2535588 0.9053849 0.2645925 0.8635158 0.2539377 0.9053849 0.2645925 0.8645158 0.2674686 0.9053849 0.2645925 0.9055224 0.2670897 0.8645158 0.2674686 0.8645158 0.2674686 0.9055224 0.2670897 0.9059842 0.2795819 0.8645158 0.2674686 0.9059842 0.2795819 0.865052 0.2836886 0.9059842 0.2795819 0.9060585 0.2833097 0.865052 0.2836886 0.865052 0.2836886 0.9060585 0.2833097 0.9061137 0.295466 0.865052 0.2836886 0.9061137 0.295466 0.865052 0.300407 0.9061137 0.295466 0.9060585 0.3000281 0.865052 0.300407 0.865052 0.300407 0.9060585 0.3000281 0.9057576 0.310329 0.865052 0.300407 0.9057576 0.310329 0.8645158 0.3153659 0.9057576 0.310329 0.9055224 0.314987 0.8645158 0.3153659 0.8645158 0.3153659 0.9055224 0.314987 0.904959 0.3223782 0.8645158 0.3153659 0.904959 0.3223782 0.8635158 0.326545 0.497758 0.7096682 0.4953798 0.7153874 0.4654932 0.7137721 0.4654932 0.7137721 0.4953798 0.7153874 0.492989 0.7242246 0.4654932 0.7137721 0.492989 0.7242246 0.4621019 0.7300205 0.492989 0.7242246 0.4919884 0.7316359 0.4621019 0.7300205 0.4621019 0.7300205 0.4919884 0.7316359 0.4918693 0.7400685 0.4621019 0.7300205 0.4918693 0.7400685 0.462932 0.7467098 0.4918693 0.7400685 0.4928185 0.7483251 0.462932 0.7467098 0.462932 0.7467098 0.4928185 0.7483251 0.494534 0.755289 0.462932 0.7467098 0.494534 0.755289 0.4678714 0.7615858 0.494534 0.755289 0.497758 0.7632011 0.4678714 0.7615858 0.6723022 0.3276759 0.63122 0.3279317 0.6315379 0.3241038 0.6723022 0.3276759 0.6315379 0.3241038 0.6730303 0.3164034 0.6315379 0.3241038 0.6319481 0.3166591 0.6730303 0.3164034 0.6730303 0.3164034 0.6319481 0.3166591 0.6321194 0.3119776 0.6730303 0.3164034 0.6321194 0.3119776 0.6734207 0.3013875 0.6321194 0.3119776 0.6323385 0.3016432 0.6734207 0.3013875 0.6734207 0.3013875 0.6323385 0.3016432 0.6323786 0.2970729 0.6734207 0.3013875 0.6323786 0.2970729 0.6734207 0.2846562 0.6323786 0.2970729 0.6323385 0.2849119 0.6734207 0.2846562 0.6734207 0.2846562 0.6323385 0.2849119 0.6322845 0.2811875 0.6734207 0.2846562 0.6322845 0.2811875 0.6730303 0.2684692 0.6322845 0.2811875 0.6319481 0.2687249 0.6730303 0.2684692 0.6730303 0.2684692 0.6319481 0.2687249 0.6318481 0.2662374 0.6730303 0.2684692 0.6318481 0.2662374 0.6723022 0.2550126 0.6318481 0.2662374 0.6312201 0.2552683 0.6723022 0.2550126 0.9568127 0.3119273 0.9156453 0.3119274 0.9156457 0.3105199 0.9568127 0.3119273 0.9156457 0.3105199 0.9568151 0.2976806 0.9156457 0.3105199 0.9156478 0.2976807 0.9568151 0.2976806 0.9568151 0.2976806 0.9156478 0.2976807 0.9156478 0.2968031 0.9568151 0.2976806 0.9156478 0.2968031 0.9568159 0.2811728 0.9568159 0.2811728 0.9156478 0.2968031 0.9156486 0.2811729 0.9568159 0.2811728 0.9156486 0.2811729 0.9156478 0.2655145 0.2781898 0.8879227 0.284758 0.8743335 0.2909768 0.8897126 0.2909768 0.8897126 0.284758 0.8743335 0.3004168 0.8790219 0.2909768 0.8897126 0.3004168 0.8790219 0.3019818 0.8967128 0.3019818 0.8967128 0.3004168 0.8790219 0.3134088 0.8892237 0.3019818 0.8967128 0.3134088 0.8892237 0.3093019 0.9077129 0.3093019 0.9077129 0.3134088 0.8892237 0.3219793 0.9035612 0.3093019 0.9077129 0.3219793 0.9035612 0.3116713 0.9208108 0.3116713 0.9208108 0.3219793 0.9035612 0.3249708 0.9200979 0.3116713 0.9208108 0.3249708 0.9200979 0.3086804 0.9337417 0.3086804 0.9337417 0.3249708 0.9200979 0.3219793 0.9366005 0.3086804 0.9337417 0.3219793 0.9366005 0.3008463 0.9442698 0.3008463 0.9442698 0.3219793 0.9366005 0.3134088 0.9508402 0.3008463 0.9442698 0.3134088 0.9508402 0.2895236 0.9505748 0.3134088 0.9508402 0.3004168 0.960894 0.2895236 0.9505748 0.2895236 0.9505748 0.3004168 0.960894 0.284758 0.9654038 0.2895236 0.9505748 0.284758 0.9654038 0.2766702 0.9515663 0.2766702 0.9515663 0.284758 0.9654038 0.2685471 0.9637608 0.2766702 0.9515663 0.2685471 0.9637608 0.2645084 0.947073 0.2645084 0.947073 0.2685471 0.9637608 0.2539736 0.9561867 0.2645084 0.947073 0.2539736 0.9561867 0.2551412 0.9378718 0.2551412 0.9378718 0.2539736 0.9561867 0.2430055 0.9437046 0.2551412 0.9378718 0.2430055 0.9437046 0.2501882 0.9255536 0.2501882 0.9255536 0.2430055 0.9437046 0.2371244 0.928 0.2501882 0.9255536 0.2371244 0.928 0.2505059 0.9122485 0.2505059 0.9122485 0.2371244 0.928 0.2371244 0.9111942 0.2505059 0.9122485 0.2371244 0.9111942 0.2560393 0.9002569 0.2560393 0.9002569 0.2371244 0.9111942 0.2430055 0.8955568 0.2560393 0.9002569 0.2430055 0.8955568 0.2658317 0.8916524 0.2658317 0.8916524 0.2430055 0.8955568 0.2539735 0.8831996 0.2658317 0.8916524 0.2539735 0.8831996 0.2781898 0.8879227 0.2781898 0.8879227 0.2539735 0.8831996 0.2685471 0.8757917 0.2781898 0.8879227 0.2685471 0.8757917 0.284758 0.8743335 0.8435115 0.02384859 0.79777 0.02384853 0.8435108 0.01081126 0.8435108 0.01081126 0.79777 0.02384853 0.7977693 0.01081126 0.8435108 0.01081126 0.7977693 0.01081126 0.8435086 0 0.8435086 0 0.7977693 0.01081126 0.7977671 0 0.9262393 0.6400531 0.971804 0.6400531 0.9268112 0.6516655 0.9268112 0.6516655 0.971804 0.6400531 0.972376 0.6516655 0.9268112 0.6516655 0.972376 0.6516655 0.9269189 0.6649231 0.9269189 0.6649231 0.972376 0.6516655 0.9724838 0.6649231 0.9269189 0.6649231 0.9724838 0.6649231 0.9265438 0.6775336 0.9265438 0.6775336 0.9724838 0.6649231 0.9721086 0.6775336 0.9265438 0.6775336 0.9721086 0.6775336 0.9257507 0.6873164 0.9257507 0.6873164 0.9721086 0.6775336 0.9713155 0.6873164 0.2034502 0.3193055 0.2364064 0.3237592 0.1993281 0.3317025 0.1993281 0.3317025 0.2364064 0.3237592 0.2322843 0.3361562 0.1993281 0.3317025 0.2322843 0.3361562 0.1989228 0.3449313 0.1989228 0.3449313 0.2322843 0.3361562 0.2318789 0.349385 0.1989228 0.3449313 0.2318789 0.349385 0.2023043 0.3567045 0.2023043 0.3567045 0.2318789 0.349385 0.2352604 0.3611582 0.9602016 0.4338865 0.9145538 0.4338865 0.9607746 0.424033 0.9607746 0.424033 0.9145538 0.4338865 0.9151268 0.424033 0.9607746 0.424033 0.9151268 0.424033 0.9610415 0.4113894 0.9610415 0.4113894 0.9151268 0.424033 0.9153938 0.4113894 0.9610415 0.4113894 0.9153938 0.4113894 0.9609563 0.3981418 0.9609563 0.3981418 0.9153938 0.4113894 0.9153086 0.3981418 0.9609563 0.3981418 0.9153086 0.3981418 0.9605337 0.386581 0.9605337 0.386581 0.9153086 0.3981418 0.914886 0.386581 0.8435086 0.04758894 0.7977671 0.04758894 0.8435107 0.03685754 0.8435107 0.03685754 0.7977671 0.04758894 0.7977692 0.0368576 0.8435107 0.03685754 0.7977692 0.0368576 0.8435115 0.02384859 0.8435115 0.02384859 0.7977692 0.0368576 0.79777 0.02384853 0.7977672 0.02384859 0.7520257 0.02384859 0.7977665 0.01081126 0.7977665 0.01081126 0.7520257 0.02384859 0.7520249 0.01081126 0.7977665 0.01081126 0.7520249 0.01081126 0.7977643 0 0.7977643 0 0.7520249 0.01081126 0.7520228 0 0.9262392 0.6873164 0.971804 0.6873164 0.9268112 0.6989288 0.9268112 0.6989288 0.971804 0.6873164 0.9723759 0.6989288 0.9268112 0.6989288 0.9723759 0.6989288 0.9269189 0.7121864 0.9269189 0.7121864 0.9723759 0.6989288 0.9724837 0.7121864 0.9269189 0.7121864 0.9724837 0.7121864 0.9265438 0.7247969 0.9265438 0.7247969 0.9724837 0.7121864 0.9721086 0.7247969 0.9265438 0.7247969 0.9721086 0.7247969 0.9257507 0.7345797 0.9257507 0.7345797 0.9721086 0.7247969 0.9713155 0.7345797 0.03443849 0.333356 0.06739467 0.3378098 0.03031641 0.3457531 0.03031641 0.3457531 0.06739467 0.3378098 0.06327259 0.3502067 0.03031641 0.3457531 0.06327259 0.3502067 0.02991104 0.3589819 0.02991104 0.3589819 0.06327259 0.3502067 0.06286722 0.3634356 0.02991104 0.3589819 0.06286722 0.3634356 0.03329253 0.3707551 0.03329253 0.3707551 0.06286722 0.3634356 0.06624871 0.3752087 0.4897179 0.9665394 0.4440701 0.9665394 0.4902908 0.9566859 0.4902908 0.9566859 0.4440701 0.9665394 0.4446431 0.9566859 0.4902908 0.9566859 0.4446431 0.9566859 0.4905578 0.9440422 0.4905578 0.9440422 0.4446431 0.9566859 0.4449101 0.9440422 0.4905578 0.9440422 0.4449101 0.9440422 0.4904726 0.9307946 0.4904726 0.9307946 0.4449101 0.9440422 0.4448249 0.9307947 0.4904726 0.9307946 0.4448249 0.9307947 0.49005 0.9192338 0.49005 0.9192338 0.4448249 0.9307947 0.4444023 0.9192338 0.7977643 0.04758894 0.7520228 0.04758894 0.7977664 0.0368576 0.7977664 0.0368576 0.7520228 0.04758894 0.7520249 0.03685754 0.7977664 0.0368576 0.7520249 0.03685754 0.7977672 0.02384859 0.7977672 0.02384859 0.7520249 0.03685754 0.7520257 0.02384859 0.2176939 0.3074597 0.1188467 0.2941014 0.2263025 0.2994166 0.2263025 0.2994166 0.1188467 0.2941014 0.1250318 0.2830718 0.8246225 0.676019 0.8222567 0.8183726 0.8220982 0.6732789 0.8101031 0.8178554 0.7965328 0.8178554 0.796361 0.6605817 0.8220982 0.6732789 0.8222567 0.8183726 0.814801 0.6655836 0.814801 0.6655836 0.8222567 0.8183726 0.8101031 0.8178554 0.814801 0.6655836 0.8101031 0.8178554 0.8099312 0.6605817 0.8099312 0.6605817 0.8101031 0.8178554 0.796361 0.6605817 0.8099312 0.6605817 0.796361 0.6605817 0.8031482 0.6537551 0.0196402 0.6963271 0.03029239 0.6964954 0.02809566 0.8336728 0.02809566 0.8336728 0.0196402 0.8394514 0.0196402 0.6963271 0.7842338 0.8183726 0.7815003 0.676019 0.7840753 0.6732789 0.7842338 0.8183726 0.7840753 0.6732789 0.7965328 0.8178554 0.7965328 0.8178554 0.7840753 0.6732789 0.7914634 0.6655836 0.7965328 0.8178554 0.7914634 0.6655836 0.796361 0.6605817 0.2176939 0.3074597 0.216659 0.3089832 0.1188467 0.2941014 0.1188467 0.2941014 0.216659 0.3089832 0.2140323 0.314598 0.1188467 0.2941014 0.2140323 0.314598 0.1163517 0.3074214 0.1163517 0.3074214 0.2140323 0.314598 0.2130231 0.3204857 0.1163517 0.3074214 0.2130231 0.3204857 0.118041 0.3203936 0.118041 0.3203936 0.2130231 0.3204857 0.2147125 0.3334578 0.910627 0.7356455 0.9106269 0.8695456 0.9022141 0.7349641 0.9022141 0.7349641 0.9106269 0.8695456 0.9022141 0.8688642 0.9022141 0.7349641 0.9022141 0.8688642 0.8900139 0.7345837 0.8900139 0.7345837 0.9022141 0.8688642 0.8900138 0.8684838 0.8900139 0.7345837 0.8900138 0.8684838 0.8764427 0.7345798 0.8764427 0.7345798 0.8900138 0.8684838 0.8764427 0.8684798 0.8764427 0.7345798 0.8764427 0.8684798 0.8641886 0.7349529 0.8641886 0.7349529 0.8764427 0.8684798 0.8641886 0.868853 0.06731635 0.6970906 0.06516796 0.8312485 0.05675065 0.6969191 0.05675065 0.6969191 0.06516796 0.8312485 0.05460226 0.831077 0.05675065 0.6969191 0.05460226 0.831077 0.04353696 0.6967067 0.04353696 0.6967067 0.05460226 0.831077 0.04138857 0.8308646 0.04353696 0.6967067 0.04138857 0.8308646 0.03029239 0.6964954 0.03029239 0.6964954 0.04138857 0.8308646 0.03542792 0.8313552 0.03029239 0.6964954 0.03542792 0.8313552 0.02809566 0.8336728 0.7262402 0.3186225 0.7228449 0.3227267 0.7211078 0.2452859 0.7683702 0.2487841 0.7710286 0.2442095 0.7791815 0.244208 0.7683702 0.3265449 0.7683702 0.2487841 0.7791815 0.3265427 0.7327045 0.2444536 0.7342553 0.3135938 0.7211078 0.2452859 0.7211078 0.2452859 0.7342553 0.3135938 0.7299214 0.3157486 0.7211078 0.2452859 0.7299214 0.3157486 0.7262402 0.3186225 0.7585721 0.2441409 0.7542666 0.3132498 0.7459563 0.2440487 0.7459563 0.2440487 0.7542666 0.3132498 0.7474766 0.311822 0.7459563 0.2440487 0.7474766 0.311822 0.7327045 0.2444536 0.7327045 0.2444536 0.7474766 0.311822 0.7407118 0.3119744 0.7327045 0.2444536 0.7407118 0.3119744 0.7342553 0.3135938 0.7683702 0.326545 0.7656956 0.3218324 0.7683702 0.2447144 0.7683702 0.2447144 0.7656956 0.3218324 0.7621728 0.3178557 0.7683702 0.2447144 0.7621728 0.3178557 0.7585721 0.2441409 0.7585721 0.2441409 0.7621728 0.3178557 0.7601901 0.3162742 0.7585721 0.2441409 0.7601901 0.3162742 0.7542666 0.3132498 0.7683702 0.2487841 0.7791815 0.244208 0.7791815 0.3265427 0.7791815 0.3265427 0.7791815 0.244208 0.7813124 0.2442078 0.7791815 0.3265427 0.7813124 0.2442078 0.7922188 0.326542 0.726701 0.915135 0.7310743 0.8556609 0.7395384 0.9175598 0.7395384 0.9175598 0.7310743 0.8556609 0.7395384 0.8576994 0.7395384 0.9175598 0.7395384 0.8576994 0.7421208 0.8587252 0.7135371 0.9165049 0.7175316 0.8558123 0.726701 0.915135 0.726701 0.915135 0.7175316 0.8558123 0.726701 0.8552747 0.726701 0.915135 0.726701 0.8552747 0.7310743 0.8556609 0.7023228 0.9214326 0.7052917 0.8597946 0.7135371 0.9165049 0.7135371 0.9165049 0.7052917 0.8597946 0.7135371 0.8566446 0.7135371 0.9165049 0.7135371 0.8566446 0.7175316 0.8558123 0.7112542 0.3264816 0.7143403 0.2444467 0.7211077 0.3270546 0.7211077 0.3270546 0.7143403 0.2444467 0.7211077 0.2448886 0.7023228 0.9214326 0.7023228 0.8615723 0.7052917 0.8597946 0.6986106 0.3262146 0.7020334 0.2440848 0.7112542 0.3264816 0.7112542 0.3264816 0.7020334 0.2440848 0.7112542 0.2443156 0.7112542 0.3264816 0.7112542 0.2443156 0.7143403 0.2444467 0.685363 0.3262998 0.688489 0.2440808 0.6986106 0.3262146 0.6986106 0.3262146 0.688489 0.2440808 0.6986106 0.2440487 0.6986106 0.3262146 0.6986106 0.2440487 0.7020334 0.2440848 0.6738021 0.3267224 0.6761308 0.2444356 0.685363 0.3262998 0.685363 0.3262998 0.6761308 0.2444356 0.685363 0.2441338 0.685363 0.3262998 0.685363 0.2441338 0.688489 0.2440808 0.8052278 0.3265429 0.8076951 0.2442084 0.8159592 0.326545 0.8159592 0.326545 0.8076951 0.2442084 0.8159592 0.2442103 0.6738021 0.3267224 0.6738021 0.2445564 0.6761308 0.2444356 0.7813124 0.2442078 0.7922188 0.2442073 0.7922188 0.326542 0.7922188 0.326542 0.7922188 0.2442073 0.7947443 0.2442073 0.7922188 0.326542 0.7947443 0.2442073 0.8052278 0.3265429 0.8052278 0.3265429 0.7947443 0.2442073 0.8052278 0.2442081 0.8052278 0.3265429 0.8052278 0.2442081 0.8076951 0.2442084 0.9670811 0.586929 0.9675182 0.5887463 0.9651895 0.5905376 0.9670811 0.586929 0.9651895 0.5905376 0.9567723 0.5929408 0.9675182 0.5421789 0.9670811 0.5435348 0.9593942 0.5370816 0.9593942 0.5370816 0.9670811 0.5435348 0.9567723 0.5373961 0.9439925 0.5356464 0.9463749 0.5343203 0.9567723 0.5373961 0.9567723 0.5373961 0.9463749 0.5343203 0.9572684 0.5362385 0.9567723 0.5373961 0.9572684 0.5362385 0.9593942 0.5370816 0.9316431 0.5391682 0.9333556 0.5369213 0.9439925 0.5356464 0.9439925 0.5356464 0.9333556 0.5369213 0.9438496 0.5344014 0.9439925 0.5356464 0.9438496 0.5344014 0.9463749 0.5343203 0.9219338 0.5473309 0.9225874 0.5444349 0.9316431 0.5391682 0.9316431 0.5391682 0.9225874 0.5444349 0.9308827 0.5380992 0.9316431 0.5391682 0.9308827 0.5380992 0.9333556 0.5369213 0.9166023 0.5586742 0.9159323 0.5555617 0.9219338 0.5473309 0.9219338 0.5473309 0.9159323 0.5555617 0.920688 0.5466701 0.9219338 0.5473309 0.920688 0.5466701 0.9225874 0.5444349 0.9166022 0.5711681 0.914541 0.5683781 0.9166023 0.5586742 0.9166023 0.5586742 0.914541 0.5683781 0.9150898 0.5585805 0.9166023 0.5586742 0.9150898 0.5585805 0.9159323 0.5555617 0.9219338 0.5825769 0.9186541 0.5806679 0.9166022 0.5711681 0.9166022 0.5711681 0.9186541 0.5806679 0.9150898 0.5716992 0.9166022 0.5711681 0.9150898 0.5716992 0.914541 0.5683781 0.9316431 0.5908593 0.9275603 0.5903059 0.9219338 0.5825769 0.9219338 0.5825769 0.9275603 0.5903059 0.920688 0.5836785 0.9219338 0.5825769 0.920688 0.5836785 0.9186541 0.5806679 0.9439925 0.594533 0.9397198 0.5956259 0.9316431 0.5908593 0.9316431 0.5908593 0.9397198 0.5956259 0.9308827 0.5923749 0.9316431 0.5908593 0.9308827 0.5923749 0.9275603 0.5903059 0.9651895 0.5905376 0.9572683 0.5945605 0.9567723 0.5929408 0.9567723 0.5929408 0.9572683 0.5945605 0.95303 0.5957078 0.9567723 0.5929408 0.95303 0.5957078 0.9439925 0.594533 0.9439925 0.594533 0.95303 0.5957078 0.9438496 0.5962323 0.9439925 0.594533 0.9438496 0.5962323 0.9397198 0.5956259 0.6738022 0.2278858 0.6349134 0.2329625 0.6701827 0.004957914 0.6701827 0.004957914 0.6349134 0.2329625 0.6312201 0.005488276 0.6701827 0.004957914 0.6312201 0.005488276 0.6732621 0 0.2513411 0.2273975 0.212257 0.2306466 0.258309 0 0.258309 0 0.212257 0.2306466 0.2190857 0.007793962 0.258309 0 0.2190857 0.007793962 0.216056 0.00351262 0.255678 0.2423451 0.2906836 0.2470758 0.288927 0.2531177 0.255678 0.2423451 0.288927 0.2531177 0.2538117 0.2483835 0.2538117 0.2483835 0.288927 0.2531177 0.2888646 0.2591386 0.2538117 0.2483835 0.2888646 0.2591386 0.252059 0.2536224 0.252059 0.2536224 0.2888646 0.2591386 0.2904636 0.2646614 0.252059 0.2536224 0.2904636 0.2646614 0.2504139 0.2579247 0.8809918 0.5254571 0.8265839 0.5245665 0.8269712 0.5219916 0.8809918 0.5254571 0.8269712 0.5219916 0.8864229 0.5221191 0.8980469 0.5142423 0.8921264 0.5183525 0.8274294 0.5110125 0.8864229 0.5221191 0.8269712 0.5219916 0.8921264 0.5183525 0.8921264 0.5183525 0.8269712 0.5219916 0.8271336 0.5197839 0.8921264 0.5183525 0.8271336 0.5197839 0.8274294 0.5110125 0.827435 0.5107333 0.8275178 0.5004663 0.9096834 0.5001918 0.9096834 0.5001918 0.9096693 0.5055432 0.827435 0.5107333 0.827435 0.5107333 0.9096693 0.5055432 0.9040186 0.5099126 0.827435 0.5107333 0.9040186 0.5099126 0.8274294 0.5110125 0.8274294 0.5110125 0.9040186 0.5099126 0.9028778 0.5107557 0.8274294 0.5110125 0.9028778 0.5107557 0.8980469 0.5142423 0.6735833 0.5822954 0.6264148 0.5859603 0.6709799 0.5757312 0.6709799 0.5757312 0.6264148 0.5859603 0.6249289 0.5795177 0.6709799 0.5757312 0.6249289 0.5795177 0.6224732 0.5729555 0.9091917 0.4185914 0.9091767 0.4239471 0.903157 0.4138782 0.903157 0.4138782 0.9091767 0.4239471 0.8270134 0.4232761 0.903157 0.4138782 0.8270134 0.4232761 0.9024386 0.4133408 0.9024386 0.4133408 0.8270134 0.4232761 0.8269863 0.4129927 0.9024386 0.4133408 0.8269863 0.4129927 0.8910025 0.4051544 0.8910025 0.4051544 0.8269863 0.4129927 0.8267343 0.4038936 0.8910025 0.4051544 0.8267343 0.4038936 0.886682 0.4022468 0.886682 0.4022468 0.8267343 0.4038936 0.8265839 0.4016668 0.6871721 0.5982964 0.6270568 0.5947682 0.6819875 0.5938305 0.6819875 0.5938305 0.6270568 0.5947682 0.6270188 0.5918456 0.6819875 0.5938305 0.6270188 0.5918456 0.6760961 0.5866471 0.6760961 0.5866471 0.6270188 0.5918456 0.6264148 0.5859603 0.6760961 0.5866471 0.6264148 0.5859603 0.6753793 0.5855213 0.6753793 0.5855213 0.6264148 0.5859603 0.6735833 0.5822954 0.7727882 0.8423568 0.7476901 0.8429471 0.7733983 0.836408 0.7733983 0.836408 0.7476901 0.8429471 0.7480661 0.8313263 0.7733983 0.836408 0.7480661 0.8313263 0.7762354 0.8291199 0.7762354 0.8291199 0.7480661 0.8313263 0.7495421 0.8215624 0.7762354 0.8291199 0.7495421 0.8215624 0.7832885 0.8207687 0.7815003 0.676019 0.7466512 0.676019 0.7840753 0.6732789 0.7840753 0.6732789 0.7466512 0.676019 0.7467221 0.6655836 0.7840753 0.6732789 0.7467221 0.6655836 0.7914634 0.6655836 0.7914634 0.6655836 0.7467221 0.6655836 0.796361 0.6605817 0.796361 0.6605817 0.7467221 0.6655836 0.746738 0.6537551 0.796361 0.6605817 0.746738 0.6537551 0.8031482 0.6537551 0.8595424 0.6655836 0.8594716 0.676019 0.8246225 0.676019 0.8246225 0.676019 0.8220982 0.6732789 0.8595424 0.6655836 0.8595424 0.6655836 0.8220982 0.6732789 0.814801 0.6655836 0.8595424 0.6655836 0.814801 0.6655836 0.8595584 0.6537551 0.8595584 0.6537551 0.814801 0.6655836 0.8099312 0.6605817 0.8595584 0.6537551 0.8099312 0.6605817 0.8031482 0.6537551 0.8573167 0.8287569 0.8569406 0.8403777 0.8318426 0.840968 0.8318426 0.840968 0.831318 0.8350458 0.8573167 0.8287569 0.8573167 0.8287569 0.831318 0.8350458 0.829971 0.8294001 0.8573167 0.8287569 0.829971 0.8294001 0.8587927 0.818993 0.8587927 0.818993 0.829971 0.8294001 0.8294416 0.8278685 0.8587927 0.818993 0.8294416 0.8278685 0.8250463 0.8197866 0.9138878 0.4066677 0.9093674 0.4171795 0.9025828 0.4106159 0.9025828 0.4106159 0.9031029 0.3324014 0.9138878 0.4066677 0.9138878 0.4066677 0.9031029 0.3324014 0.9099111 0.3324652 0.9138878 0.4066677 0.9099111 0.3324652 0.9145538 0.3279317 0.9025828 0.4106159 0.899428 0.4077194 0.9031029 0.3324014 0.9031029 0.3324014 0.899428 0.4077194 0.8968272 0.4053841 0.9031029 0.3324014 0.8968272 0.4053841 0.8895959 0.3322584 0.8895959 0.3322584 0.8968272 0.4053841 0.8891544 0.3987981 0.8895959 0.3322584 0.8891544 0.3987981 0.8888651 0.3985605 0.8783097 0.3908185 0.8788277 0.3321203 0.8839155 0.3946609 0.8839155 0.3946609 0.8788277 0.3321203 0.8895959 0.3322584 0.8839155 0.3946609 0.8895959 0.3322584 0.8857778 0.3960872 0.8857778 0.3960872 0.8895959 0.3322584 0.8888651 0.3985605 0.8783097 0.3908185 0.8753785 0.3892697 0.8788277 0.3321203 0.6687877 0.2523283 0.6312201 0.2530194 0.633042 0.2486094 0.6687877 0.2523283 0.633042 0.2486094 0.6729335 0.2391668 0.633042 0.2486094 0.6336102 0.2464618 0.6729335 0.2391668 0.6729335 0.2391668 0.6336102 0.2464618 0.6349134 0.2329625 0.6729335 0.2391668 0.6349134 0.2329625 0.6738022 0.2278858 0.9052885 0.5113645 0.9098374 0.5069549 0.9143009 0.5174937 0.2061029 0.2548274 0.2108607 0.2418746 0.2494068 0.2408208 0.2494068 0.2408208 0.2108607 0.2418746 0.212257 0.2306466 0.2494068 0.2408208 0.212257 0.2306466 0.2513411 0.2273975 0.2494068 0.2408208 0.2477971 0.2471691 0.2061029 0.2548274 0.8788374 0.5916835 0.8756974 0.5344754 0.879682 0.532355 0.8788374 0.5916835 0.879682 0.532355 0.8896065 0.5916977 0.879682 0.532355 0.8842637 0.529228 0.8896065 0.5916977 0.8896065 0.5916977 0.8842637 0.529228 0.8892344 0.5253916 0.8896065 0.5916977 0.8892344 0.5253916 0.9031143 0.5916853 0.9052885 0.5113645 0.9143009 0.5174937 0.8998469 0.5163397 0.8892344 0.5253916 0.8944454 0.5210629 0.9031143 0.5916853 0.9031143 0.5916853 0.8944454 0.5210629 0.8998469 0.5163397 0.9031143 0.5916853 0.8998469 0.5163397 0.9099227 0.5916707 0.9099227 0.5916707 0.8998469 0.5163397 0.9143009 0.5174937 0.9099227 0.5916707 0.9143009 0.5174937 0.9145408 0.5962322 0.8595418 0.6385669 0.7467214 0.6385669 0.7467337 0.62429 0.8595418 0.6385669 0.7467337 0.62429 0.8595541 0.62429 0.8595541 0.62429 0.7467337 0.62429 0.7468 0.6110174 0.8595541 0.62429 0.7468 0.6110174 0.8596203 0.6110174 0.8596203 0.6110174 0.7468 0.6110174 0.7469139 0.6000483 0.8596203 0.6110174 0.7469139 0.6000483 0.8597342 0.6000483 0.6770246 0.8475276 0.5677635 0.8454591 0.5696959 0.8329068 0.6770246 0.8475276 0.5696959 0.8329068 0.6789571 0.8349753 0.6789571 0.8349753 0.5696959 0.8329068 0.5706061 0.8188463 0.6789571 0.8349753 0.5706061 0.8188463 0.6798672 0.8209148 0.1775382 0.2705607 0.0993703 0.2770591 0.1762686 0.2531761 0.1762686 0.2531761 0.0993703 0.2770591 0.09810072 0.2596744 0.1762686 0.2531761 0.09810072 0.2596744 0.171513 0.2367265 0.171513 0.2367265 0.09810072 0.2596744 0.09334516 0.2432249 0.171513 0.2367265 0.09334516 0.2432249 0.16366 0.2225559 0.16366 0.2225559 0.09334516 0.2432249 0.08549207 0.2290543 0.9552882 0.8695456 0.9552882 0.982366 0.9414632 0.8696772 0.9414632 0.8696772 0.9552882 0.982366 0.9414632 0.9824976 0.9414632 0.8696772 0.9414632 0.9824976 0.9251994 0.8697549 0.9251994 0.8697549 0.9414632 0.9824976 0.9251994 0.9825753 0.8110853 0.102128 0.8163436 0.0966562 0.8781024 0.09986287 0.8781024 0.09986287 0.8163436 0.0966562 0.8203344 0.09027653 0.8781024 0.09986287 0.8203344 0.09027653 0.8781242 0.0858286 0.886444 0.07117843 0.9428532 0.07084763 0.8864831 0.08378738 0.8864831 0.08378738 0.9428532 0.07084763 0.9428941 0.08464157 0.8864831 0.08378738 0.9428941 0.08464157 0.8864802 0.09795558 0.8864802 0.09795558 0.9428941 0.08464157 0.9428803 0.1007335 0.8793635 0.06897592 0.8254858 0.06558293 0.8818596 0.05499529 0.9428803 0.1007335 0.886422 0.1098708 0.8864712 0.1010643 0.9428803 0.1007335 0.8864712 0.1010643 0.8864802 0.09795558 0.8203344 0.09027653 0.8229372 0.08342093 0.8781242 0.0858286 0.8781242 0.0858286 0.8229372 0.08342093 0.8241578 0.07659983 0.8781242 0.0858286 0.8241578 0.07659983 0.8793635 0.06897592 0.8793635 0.06897592 0.8241578 0.07659983 0.8247543 0.07082164 0.8793635 0.06897592 0.8247543 0.07082164 0.8254858 0.06558293 0.2565838 0.7129164 0.2566893 0.719711 0.2009959 0.7243052 0.2623603 0.7326781 0.2676405 0.7379207 0.2005864 0.7383335 0.2009959 0.7243052 0.2566893 0.719711 0.2005864 0.7383335 0.2005864 0.7383335 0.2566893 0.719711 0.2586235 0.7264562 0.2005864 0.7383335 0.2586235 0.7264562 0.2623603 0.7326781 0.2565838 0.7129164 0.2009959 0.7243052 0.2573397 0.7071568 0.2573397 0.7071568 0.2009959 0.7243052 0.2027003 0.7074932 0.2573397 0.7071568 0.2027003 0.7074932 0.2582157 0.7019404 0.2582157 0.7019404 0.2027003 0.7074932 0.2055816 0.6935869 0.06725579 0.9461427 0.0108956 0.9376684 0.06730479 0.9373363 0.06730479 0.9373363 0.0108956 0.9376684 0.06731379 0.9342275 0.06731379 0.9342275 0.0108956 0.9376684 0.01090896 0.9215764 0.06731379 0.9342275 0.01090896 0.9215764 0.06731635 0.9200593 0.06731635 0.9200593 0.01090896 0.9215764 0.01086777 0.9077825 0.06731635 0.9200593 0.01086777 0.9077825 0.06727695 0.9074504 0.9066855 0.1144462 0.9066855 0.2394729 0.8950041 0.1144468 0.8950041 0.1144468 0.9066855 0.2394729 0.8950041 0.2394735 0.8950041 0.1144468 0.8950041 0.2394735 0.8850774 0.1144486 0.8850774 0.1144486 0.8950041 0.2394735 0.8850774 0.2394753 0.8673827 0.7303109 0.8673827 0.6057671 0.8773572 0.7297412 0.8773572 0.7297412 0.8673827 0.6057671 0.8773572 0.6051975 0.8773572 0.7297412 0.8773572 0.6051975 0.8890548 0.7295501 0.8890548 0.7295501 0.8773572 0.6051975 0.8890548 0.6050064 0.9043008 0.7295668 0.9043008 0.605023 0.9159407 0.7297834 0.9159407 0.7297834 0.9043008 0.605023 0.9159407 0.6052396 0.9159407 0.7297834 0.9159407 0.6052396 0.9257508 0.7303746 0.9257508 0.7303746 0.9159407 0.6052396 0.9257508 0.6058309 0.1188889 0.3621135 0.2089691 0.374287 0.1140081 0.3723239 0.1140081 0.3723239 0.2089691 0.374287 0.2040883 0.3844974 0.1140081 0.3723239 0.2040883 0.3844974 0.1120446 0.3840523 0.1120446 0.3840523 0.2040883 0.3844974 0.2021248 0.3962258 0.8283776 0.4624155 0.910543 0.462141 0.8274481 0.4775959 0.8274481 0.4775959 0.910543 0.462141 0.9096136 0.4773214 0.1536327 0.7113835 0.07161611 0.7113835 0.1549882 0.6963272 0.1549882 0.6963272 0.07161611 0.7113835 0.07297158 0.6963271 0.82682 0.4461458 0.9089832 0.4468168 0.8276661 0.4614701 0.8276661 0.4614701 0.9089832 0.4468168 0.9098293 0.462141 0.4124812 0.8462251 0.3304647 0.8463147 0.4111421 0.8307909 0.4111421 0.8307909 0.3304647 0.8463147 0.3291256 0.8308805 0.5650411 0.8186278 0.5673247 0.727616 0.5706061 0.8188463 0.5706061 0.8188463 0.5673247 0.727616 0.5719295 0.7122321 0.5706061 0.8188463 0.5719295 0.7122321 0.5736647 0.6969423 0.5650411 0.8186278 0.5706061 0.8188463 0.5696959 0.8329068 0.5650411 0.8186278 0.5696959 0.8329068 0.564222 0.8312823 0.564222 0.8312823 0.5696959 0.8329068 0.5677635 0.8454591 0.564222 0.8312823 0.5677635 0.8454591 0.5624828 0.8425794 0.5624828 0.8425794 0.5677635 0.8454591 0.5649978 0.8552746 0.5624828 0.8425794 0.5649978 0.8552746 0.5599937 0.8514133 0.7422748 0.6133706 0.7468 0.6110174 0.7467337 0.62429 0.7422748 0.6133706 0.7467337 0.62429 0.7422151 0.625316 0.7422151 0.625316 0.7467337 0.62429 0.7467214 0.6385669 0.7422151 0.625316 0.7467214 0.6385669 0.7422041 0.6381652 0.746738 0.6537551 0.7422206 0.6533535 0.7467214 0.6385669 0.7467214 0.6385669 0.7422206 0.6533535 0.7422041 0.6381652 0.7476901 0.8429471 0.7421209 0.8429649 0.7480661 0.8313263 0.7480661 0.8313263 0.7421209 0.8429649 0.7425534 0.8296011 0.7480661 0.8313263 0.7425534 0.8296011 0.7495421 0.8215624 0.7495421 0.8215624 0.7425534 0.8296011 0.7442507 0.8183725 0.7466512 0.676019 0.7421209 0.6789569 0.7467221 0.6655836 0.7467221 0.6655836 0.7421209 0.6789569 0.7422023 0.6669561 0.7467221 0.6655836 0.7422023 0.6669561 0.746738 0.6537551 0.746738 0.6537551 0.7422023 0.6669561 0.7422206 0.6533535 0.7495421 0.9496306 0.7438936 0.9450762 0.7476901 0.8429471 0.7476901 0.8429471 0.7438936 0.9450762 0.7421209 0.8429649 0.1535028 0.8303022 0.1584659 0.8257853 0.2005864 0.8303021 0.2005864 0.8303021 0.1584659 0.8257853 0.1964365 0.8257853 0.1536327 0.7113835 0.1585888 0.7133349 0.1535028 0.8303022 0.1535028 0.8303022 0.1585888 0.7133349 0.1584659 0.8257853 0.7549703 0.2293105 0.7604867 0.2273421 0.7701507 0.2440487 0.7701507 0.2440487 0.7604867 0.2273421 0.7729993 0.2394902 0.7520226 0.1226517 0.7576436 0.1244701 0.7549703 0.2293105 0.7549703 0.2293105 0.7576436 0.1244701 0.7604867 0.2273421 0.7663608 0.1069159 0.7694621 0.1114996 0.7520226 0.1226517 0.7520226 0.1226517 0.7694621 0.1114996 0.7576436 0.1244701 0.7884996 0.1061676 0.7897669 0.1108134 0.7663608 0.1069159 0.7663608 0.1069159 0.7897669 0.1108134 0.7694621 0.1114996 0.8070374 0.0986151 0.8110853 0.102128 0.7986644 0.1039388 0.7986644 0.1039388 0.8110853 0.102128 0.8011482 0.1083775 0.7897669 0.1108134 0.7884996 0.1061676 0.8011482 0.1083775 0.8011482 0.1083775 0.7884996 0.1061676 0.7983965 0.1040495 0.8011482 0.1083775 0.7983965 0.1040495 0.7986644 0.1039388 0.8186389 0.07479172 0.8241578 0.07659983 0.8174554 0.08116024 0.8174554 0.08116024 0.8241578 0.07659983 0.8229372 0.08342093 0.8174554 0.08116024 0.8229372 0.08342093 0.8151159 0.08755958 0.8151159 0.08755958 0.8229372 0.08342093 0.8203344 0.09027653 0.8151159 0.08755958 0.8203344 0.09027653 0.8116121 0.09351253 0.8116121 0.09351253 0.8203344 0.09027653 0.8163436 0.0966562 0.8116121 0.09351253 0.8163436 0.0966562 0.8091374 0.09653544 0.8091374 0.09653544 0.8163436 0.0966562 0.8110853 0.102128 0.8091374 0.09653544 0.8110853 0.102128 0.8070374 0.0986151 0.8241578 0.07659983 0.8186389 0.07479172 0.8247543 0.07082164 0.8247543 0.07082164 0.8186389 0.07479172 0.8200666 0.06294852 0.8819296 0.07172262 0.886444 0.07117843 0.8819716 0.08527719 0.8819716 0.08527719 0.886444 0.07117843 0.8864831 0.08378738 0.8819716 0.08527719 0.8864831 0.08378738 0.8819686 0.100508 0.8864831 0.08378738 0.8864802 0.09795558 0.8819686 0.100508 0.8226687 0.05095237 0.8279064 0.05442368 0.8272504 0.05684101 0.8226687 0.05095237 0.8272504 0.05684101 0.8200666 0.06294852 0.8200666 0.06294852 0.8272504 0.05684101 0.8254858 0.06558293 0.8200666 0.06294852 0.8254858 0.06558293 0.8247543 0.07082164 0.387268 0.2579726 0.3918212 0.2582653 0.3918433 0.2838984 0.387268 0.2579726 0.3918433 0.2838984 0.3872891 0.2825071 0.3872891 0.2825071 0.3918433 0.2838984 0.3918932 0.3075923 0.3872891 0.2825071 0.3918932 0.3075923 0.3873368 0.3051856 0.4978771 0.6039344 0.5029423 0.6000481 0.5078639 0.6156655 0.4978771 0.6039344 0.5078639 0.6156655 0.5025879 0.6188823 0.5025879 0.6188823 0.5078639 0.6156655 0.5116058 0.6358834 0.5025879 0.6188823 0.5116058 0.6358834 0.5061694 0.6382338 0.5061694 0.6382338 0.5116058 0.6358834 0.5139442 0.6594942 0.5061694 0.6382338 0.5139442 0.6594942 0.5084075 0.6608327 0.5084075 0.6608327 0.5139442 0.6594942 0.5147395 0.6850875 0.5084075 0.6608327 0.5147395 0.6850875 0.5091688 0.6853291 0.5091688 0.6853291 0.5147395 0.6850875 0.5139442 0.7111344 0.5091688 0.6853291 0.5139442 0.7111344 0.5084075 0.7102597 0.5084075 0.7102597 0.5139442 0.7111344 0.5116058 0.7360791 0.5084075 0.7102597 0.5116058 0.7360791 0.5061694 0.7341354 0.5061694 0.7341354 0.5116058 0.7360791 0.5078639 0.7584315 0.5061694 0.7341354 0.5078639 0.7584315 0.5025879 0.7555298 0.5025879 0.7555298 0.5078639 0.7584315 0.5029423 0.7768564 0.5025879 0.7555298 0.5029423 0.7768564 0.4978771 0.7731651 0.8818729 0.02531093 0.8863847 0.02268862 0.8863708 0.04581546 0.8818729 0.02531093 0.8863708 0.04581546 0.8818596 0.0474466 0.8818596 0.0474466 0.8863708 0.04581546 0.886444 0.07117843 0.8818596 0.0474466 0.886444 0.07117843 0.8819296 0.07172262 0.3872467 0.185697 0.3917987 0.1814249 0.387268 0.2579726 0.387268 0.2579726 0.3917987 0.1814249 0.3918212 0.2582653 0.2578057 0.2275794 0.2513411 0.2273975 0.2646343 0.004726707 0.2646343 0.004726707 0.2513411 0.2273975 0.258309 0 0.2513411 0.2273975 0.2578057 0.2275794 0.2494068 0.2408208 0.2494068 0.2408208 0.2578057 0.2275794 0.255678 0.2423451 0.9052885 0.5113645 0.9040186 0.5099126 0.9098374 0.5069549 0.9098374 0.5069549 0.9040186 0.5099126 0.9096693 0.5055432 0.2494068 0.2408208 0.255678 0.2423451 0.2477971 0.2471691 0.2477971 0.2471691 0.255678 0.2423451 0.2538117 0.2483835 0.2477971 0.2471691 0.2538117 0.2483835 0.2464897 0.2526877 0.2464897 0.2526877 0.2538117 0.2483835 0.252059 0.2536224 0.879682 0.532355 0.8759973 0.5281774 0.8842637 0.529228 0.8842637 0.529228 0.8759973 0.5281774 0.8809918 0.5254571 0.8842637 0.529228 0.8809918 0.5254571 0.8892344 0.5253916 0.8892344 0.5253916 0.8809918 0.5254571 0.8864229 0.5221191 0.8892344 0.5253916 0.8864229 0.5221191 0.8944454 0.5210629 0.8944454 0.5210629 0.8864229 0.5221191 0.8921264 0.5183525 0.8944454 0.5210629 0.8921264 0.5183525 0.8998469 0.5163397 0.8998469 0.5163397 0.8921264 0.5183525 0.8980469 0.5142423 0.8998469 0.5163397 0.8980469 0.5142423 0.9052885 0.5113645 0.9052885 0.5113645 0.8980469 0.5142423 0.9028778 0.5107557 0.9052885 0.5113645 0.9028778 0.5107557 0.9040186 0.5099126 0.9096834 0.5001918 0.9145408 0.5001965 0.9096693 0.5055432 0.9096693 0.5055432 0.9145408 0.5001965 0.914493 0.5091995 0.9096693 0.5055432 0.914493 0.5091995 0.9098374 0.5069549 0.9098374 0.5069549 0.914493 0.5091995 0.9143009 0.5174937 0.4492565 0.3279317 0.4430485 0.34201 0.392122 0.4356988 0.392122 0.4356988 0.4430485 0.34201 0.438829 0.3573627 0.392122 0.4356988 0.438829 0.3573627 0.3961732 0.4378201 0.9096136 0.4773214 0.9144769 0.4792208 0.9096834 0.5001918 0.9096834 0.5001918 0.9144769 0.4792208 0.9145408 0.5001965 0.8641721 0.6381652 0.8595418 0.6385669 0.8595541 0.62429 0.8641721 0.6381652 0.8595541 0.62429 0.8641831 0.625316 0.4029664 0.4857356 0.3996701 0.4889382 0.3914474 0.4772252 0.4029664 0.4857356 0.3914474 0.4772252 0.3955661 0.4751939 0.3955661 0.4751939 0.3914474 0.4772252 0.3872467 0.4635446 0.3955661 0.4751939 0.3872467 0.4635446 0.3917854 0.4628814 0.3917854 0.4628814 0.3872467 0.4635446 0.3874792 0.4492356 0.3917854 0.4628814 0.3874792 0.4492356 0.3919946 0.4500032 0.3919946 0.4500032 0.3874792 0.4492356 0.392122 0.4356988 0.3919946 0.4500032 0.392122 0.4356988 0.3961732 0.4378201 0.2732784 0.2799842 0.2667561 0.2816848 0.2631794 0.265713 0.2631794 0.265713 0.2667561 0.2816848 0.2584319 0.2699216 0.8641886 0.6533534 0.8595584 0.6537551 0.8641721 0.6381652 0.8641721 0.6381652 0.8595584 0.6537551 0.8595418 0.6385669 0.270029 0.3860292 0.2636221 0.3839648 0.2732784 0.2799842 0.2732784 0.2799842 0.2636221 0.3839648 0.2667561 0.2816848 0.8595584 0.6537551 0.8641886 0.6533534 0.8595424 0.6655836 0.8595424 0.6655836 0.8641886 0.6533534 0.8641703 0.6669561 0.4338039 0.5121959 0.4373397 0.509261 0.4394482 0.5226702 0.4394482 0.5226702 0.4373397 0.509261 0.4438307 0.5213063 0.4394482 0.5226702 0.4438307 0.5213063 0.4406546 0.534507 0.4406546 0.534507 0.4438307 0.5213063 0.4452181 0.5349187 0.4406546 0.534507 0.4452181 0.5349187 0.4372394 0.5459045 0.4372394 0.5459045 0.4452181 0.5349187 0.4412906 0.5480258 0.2590015 0.4020567 0.2545325 0.3971756 0.270029 0.3860292 0.270029 0.3860292 0.2545325 0.3971756 0.2636221 0.3839648 0.3934404 0.6382807 0.3872467 0.6402006 0.4412906 0.5480258 0.4412906 0.5480258 0.3872467 0.6402006 0.4372394 0.5459045 0.2005714 0.8440235 0.1964116 0.8486543 0.07147115 0.8440235 0.07147115 0.8440235 0.1964116 0.8486543 0.07186782 0.8486542 0.07147115 0.8440235 0.06731635 0.8440805 0.07161611 0.7113835 0.07161611 0.7113835 0.06731635 0.8440805 0.06745916 0.7133349 0.4161003 0.7164974 0.4111421 0.7118721 0.4540709 0.7164559 0.4540709 0.7164559 0.4111421 0.7118721 0.4582257 0.7118207 0.9067088 0.2440459 0.9066855 0.2394729 0.9372028 0.2440459 0.9372028 0.2440459 0.9066855 0.2394729 0.9326054 0.2394729 0.9372028 0.114445 0.9326053 0.1144462 0.9326287 0.1098708 0.4161003 0.8289478 0.4111421 0.8307909 0.4161003 0.7164974 0.4161003 0.7164974 0.4111421 0.8307909 0.4111421 0.7118721 0.9066855 0.2394729 0.9067088 0.2440459 0.8950041 0.2394735 0.8950041 0.2394735 0.9067088 0.2440459 0.8932753 0.2440466 0.8950041 0.2394735 0.8932753 0.2440466 0.8850774 0.2394753 0.8850774 0.2394753 0.8932753 0.2440466 0.8818596 0.2440486 0.8673827 0.6057671 0.8641887 0.6009231 0.8773572 0.6051975 0.8773572 0.6051975 0.8641887 0.6009231 0.8756594 0.600268 0.8773572 0.6051975 0.8756594 0.600268 0.8890548 0.6050064 0.8890548 0.6050064 0.8756594 0.600268 0.8891118 0.6000483 0.9066855 0.1144462 0.9067088 0.1098708 0.9326053 0.1144462 0.9326053 0.1144462 0.9067088 0.1098708 0.9326287 0.1098708 0.4172041 0.8416697 0.4124812 0.8462251 0.4161003 0.8289478 0.4161003 0.8289478 0.4124812 0.8462251 0.4111421 0.8307909 0.9043577 0.6000649 0.9043008 0.605023 0.8891118 0.6000483 0.8891118 0.6000483 0.9043008 0.605023 0.8890548 0.6050064 0.8890548 0.7295501 0.8891117 0.733705 0.8773572 0.7297412 0.8773572 0.7297412 0.8891117 0.733705 0.8756594 0.7339247 0.8773572 0.7297412 0.8756594 0.7339247 0.8673827 0.7303109 0.8673827 0.7303109 0.8756594 0.7339247 0.8641887 0.7345798 0.8850774 0.1144486 0.8818596 0.1098735 0.8950041 0.1144468 0.8950041 0.1144468 0.8818596 0.1098735 0.8932753 0.1098715 0.8950041 0.1144468 0.8932753 0.1098715 0.9066855 0.1144462 0.9066855 0.1144462 0.8932753 0.1098715 0.9067088 0.1098708 0.6080711 0.8571927 0.612644 0.8552747 0.608071 0.9601322 0.608071 0.9601322 0.612644 0.8552747 0.6126439 0.9620035 0.9043008 0.605023 0.9043577 0.6000649 0.9159407 0.6052396 0.9159407 0.6052396 0.9043577 0.6000649 0.9177436 0.600314 0.8206906 0.8891784 0.8234523 0.8850008 0.8303846 0.8955605 0.8303846 0.8955605 0.8234523 0.8850008 0.8346005 0.8923403 0.8303846 0.8955605 0.8346005 0.8923403 0.836957 0.9052988 0.836957 0.9052988 0.8346005 0.8923403 0.8421586 0.9035392 0.836957 0.9052988 0.8421586 0.9035392 0.8394071 0.9169104 0.8394071 0.9169104 0.8421586 0.9035392 0.8449763 0.9168927 0.9043008 0.7295668 0.9043577 0.7337216 0.8890548 0.7295501 0.8890548 0.7295501 0.9043577 0.7337216 0.8891117 0.733705 0.3095068 0.7456235 0.3102034 0.7409332 0.321679 0.7581126 0.321679 0.7581126 0.3102034 0.7409332 0.3249708 0.7560851 0.8455054 0.9473736 0.8398569 0.9428193 0.8449763 0.9168927 0.8449763 0.9168927 0.8398569 0.9428193 0.8394071 0.9169104 0.1120446 0.3840523 0.10558 0.3838704 0.1140081 0.3723239 0.1140081 0.3723239 0.10558 0.3838704 0.107838 0.3703827 0.1140081 0.3723239 0.107838 0.3703827 0.1188889 0.3621135 0.1188889 0.3621135 0.107838 0.3703827 0.113451 0.3586409 0.1188889 0.3621135 0.113451 0.3586409 0.1259441 0.3549759 0.1259441 0.3549759 0.113451 0.3586409 0.1215645 0.3504325 0.1259441 0.3549759 0.1215645 0.3504325 0.1340996 0.3519974 0.1340996 0.3519974 0.1215645 0.3504325 0.1309432 0.3470072 0.2891908 0.7457485 0.2880523 0.7410696 0.3095068 0.7456235 0.3095068 0.7456235 0.2880523 0.7410696 0.3102034 0.7409332 0.3291256 0.6982403 0.3295273 0.693723 0.4582257 0.6980993 0.4582257 0.6980993 0.3295273 0.693723 0.4540709 0.6935869 0.1112555 0.4098061 0.1047909 0.4096242 0.1120446 0.3840523 0.1120446 0.3840523 0.1047909 0.4096242 0.10558 0.3838704 0.2880523 0.7410696 0.2891908 0.7457485 0.2781007 0.7393482 0.2781007 0.7393482 0.2891908 0.7457485 0.2777464 0.7437689 0.2781007 0.7393482 0.2777464 0.7437689 0.269313 0.7342628 0.269313 0.7342628 0.2777464 0.7437689 0.2676405 0.7379207 0.1112555 0.4098061 0.1079473 0.4146143 0.1047909 0.4096242 0.6182069 0.5746289 0.6224732 0.5729555 0.6204402 0.5816261 0.6204402 0.5816261 0.6224732 0.5729555 0.6249289 0.5795177 0.6204402 0.5816261 0.6249289 0.5795177 0.6217718 0.5885025 0.6217718 0.5885025 0.6249289 0.5795177 0.6264148 0.5859603 0.6217718 0.5885025 0.6264148 0.5859603 0.6222869 0.5947896 0.6222869 0.5947896 0.6264148 0.5859603 0.6270188 0.5918456 0.2623603 0.7326781 0.2647332 0.7293606 0.2676405 0.7379207 0.622214 0.6000482 0.6270188 0.5918456 0.6270568 0.5947682 0.2676405 0.7379207 0.2671766 0.7322684 0.269313 0.7342628 0.3291256 0.8308805 0.3249708 0.8290474 0.3291256 0.6982403 0.3291256 0.6982403 0.3249708 0.8290474 0.3249708 0.6983017 0.6161196 0.5606063 0.6224732 0.5729555 0.6182069 0.5746289 0.6182069 0.5746289 0.6155079 0.5686333 0.6161196 0.5606063 0.6161196 0.5606063 0.6155079 0.5686333 0.6122967 0.5631413 0.6161196 0.5606063 0.6122967 0.5631413 0.605053 0.5477566 0.5769165 0.5376682 0.578086 0.5332228 0.5889862 0.5422752 0.5889862 0.5422752 0.578086 0.5332228 0.5910608 0.5381752 0.5889862 0.5422752 0.5910608 0.5381752 0.6020022 0.5511881 0.6020022 0.5511881 0.5910608 0.5381752 0.605053 0.5477566 0.6020022 0.5511881 0.605053 0.5477566 0.6047598 0.5538163 0.6047598 0.5538163 0.605053 0.5477566 0.6122967 0.5631413 0.6949785 0.9620034 0.699554 0.9601322 0.6949827 0.9773283 0.6949827 0.9773283 0.699554 0.9601322 0.6995574 0.9727638 0.578086 0.5332228 0.5769165 0.5376682 0.5527017 0.5279678 0.578086 0.5332228 0.5527017 0.5279678 0.5549089 0.523938 0.5549089 0.523938 0.5527017 0.5279678 0.5315632 0.5126832 0.5549089 0.523938 0.5315632 0.5126832 0.5346764 0.5093085 0.5346764 0.5093085 0.5315632 0.5126832 0.5147639 0.4927274 0.5346764 0.5093085 0.5147639 0.4927274 0.518597 0.490208 0.518597 0.490208 0.5147639 0.4927274 0.5033071 0.4692927 0.518597 0.490208 0.5033071 0.4692927 0.5076313 0.4677776 0.5076313 0.4677776 0.5033071 0.4692927 0.4978771 0.4437788 0.5076313 0.4677776 0.4978771 0.4437788 0.5024341 0.4433572 0.5024341 0.4433572 0.4978771 0.4437788 0.4987986 0.4177098 0.5024341 0.4433572 0.4987986 0.4177098 0.5033161 0.4184054 0.5033161 0.4184054 0.4987986 0.4177098 0.5060164 0.392643 0.5033161 0.4184054 0.5060164 0.392643 0.5102244 0.3944128 0.5102244 0.3944128 0.5060164 0.392643 0.5190991 0.3700756 0.5102244 0.3944128 0.5190991 0.3700756 0.5227465 0.3728126 0.5227465 0.3728126 0.5190991 0.3700756 0.5372655 0.3513558 0.5227465 0.3728126 0.5372655 0.3513558 0.5401344 0.3548951 0.5401344 0.3548951 0.5372655 0.3513558 0.5594304 0.3376017 0.5401344 0.3548951 0.5594304 0.3376017 0.5613493 0.3417305 0.5613493 0.3417305 0.5594304 0.3376017 0.5842697 0.3296351 0.5613493 0.3417305 0.5842697 0.3296351 0.585124 0.3341053 0.585124 0.3341053 0.5842697 0.3296351 0.6102996 0.3279317 0.585124 0.3341053 0.6102996 0.3279317 0.6100384 0.3324749 0.6949787 0.8552747 0.6995541 0.8571927 0.6949785 0.9620034 0.6949785 0.9620034 0.6995541 0.8571927 0.699554 0.9601322 0.6266026 0.1814249 0.6311989 0.185697 0.6266251 0.2582653 0.6266251 0.2582653 0.6311989 0.185697 0.6312201 0.2579726 0.9089832 0.4468168 0.9138564 0.4449828 0.9098293 0.462141 0.9098293 0.462141 0.9138564 0.4449828 0.9145538 0.457614 0.6740967 0.5608204 0.6695302 0.5605357 0.6871721 0.3323306 0.6871721 0.3323306 0.6695302 0.5605357 0.6823441 0.3366125 0.9091767 0.4239471 0.9140338 0.4240077 0.9089832 0.4468168 0.9089832 0.4468168 0.9140338 0.4240077 0.9138564 0.4449828 0.6754146 0.5746345 0.6709799 0.5757312 0.6740967 0.5608204 0.6740967 0.5608204 0.6709799 0.5757312 0.6695302 0.5605357 0.9138878 0.4066677 0.9140348 0.414994 0.9093674 0.4171795 0.9093674 0.4171795 0.9140348 0.414994 0.9091917 0.4185914 0.9091917 0.4185914 0.9140348 0.414994 0.9140338 0.4240077 0.9091917 0.4185914 0.9140338 0.4240077 0.9091767 0.4239471 0.9024386 0.4133408 0.9025828 0.4106159 0.903157 0.4138782 0.903157 0.4138782 0.9025828 0.4106159 0.9093674 0.4171795 0.903157 0.4138782 0.9093674 0.4171795 0.9091917 0.4185914 0.886682 0.4022468 0.8891544 0.3987981 0.8910025 0.4051544 0.8910025 0.4051544 0.8891544 0.3987981 0.8968272 0.4053841 0.8910025 0.4051544 0.8968272 0.4053841 0.9024386 0.4133408 0.9024386 0.4133408 0.8968272 0.4053841 0.899428 0.4077194 0.9024386 0.4133408 0.899428 0.4077194 0.9025828 0.4106159 0.8810236 0.3986624 0.8743357 0.394984 0.8783097 0.3908185 0.8783097 0.3908185 0.8743357 0.394984 0.8734911 0.3945924 0.6801167 0.5862342 0.6753793 0.5855213 0.6777315 0.5814736 0.6777315 0.5814736 0.6753793 0.5855213 0.6735833 0.5822954 0.6777315 0.5814736 0.6735833 0.5822954 0.6760416 0.5768749 0.6760416 0.5768749 0.6735833 0.5822954 0.6709799 0.5757312 0.6760416 0.5768749 0.6709799 0.5757312 0.6754146 0.5746345 0.8783097 0.3908185 0.8839155 0.3946609 0.8810236 0.3986624 0.8810236 0.3986624 0.8839155 0.3946609 0.8857778 0.3960872 0.8810236 0.3986624 0.8857778 0.3960872 0.886682 0.4022468 0.886682 0.4022468 0.8857778 0.3960872 0.8888651 0.3985605 0.886682 0.4022468 0.8888651 0.3985605 0.8891544 0.3987981 0.1699299 0.03370332 0.174161 0.0292046 0.1833186 0.04414623 0.1833186 0.04414623 0.174161 0.0292046 0.1883865 0.04030025 0.1833186 0.04414623 0.1883865 0.04030025 0.1942459 0.05923295 0.1942459 0.05923295 0.1883865 0.04030025 0.1999968 0.05632984 0.1942459 0.05923295 0.1999968 0.05632984 0.2018266 0.0777412 0.2018266 0.0777412 0.1999968 0.05632984 0.2080512 0.0759949 0.2018266 0.0777412 0.2080512 0.0759949 0.2054465 0.09817153 0.2054465 0.09817153 0.2080512 0.0759949 0.2118973 0.09770214 0.2054465 0.09817153 0.2118973 0.09770214 0.2048122 0.1188688 0.2048122 0.1188688 0.2118973 0.09770214 0.2112235 0.119693 0.2048122 0.1188688 0.2112235 0.119693 0.1999754 0.1381563 0.1999754 0.1381563 0.2112235 0.119693 0.2060843 0.140186 0.1999754 0.1381563 0.2060843 0.140186 0.1913276 0.1544714 0.1913276 0.1544714 0.2060843 0.140186 0.1968961 0.1575208 0.1913276 0.1544714 0.1968961 0.1575208 0.1795697 0.1664924 0.1795697 0.1664924 0.1968961 0.1575208 0.1844033 0.1702931 0.07189679 0.9424651 0.06734091 0.9446867 0.0719307 0.9230016 0.0719307 0.9230016 0.06734091 0.9446867 0.06737697 0.9240068 0.0719307 0.9230016 0.06737697 0.9240068 0.07193815 0.9022352 0.07193815 0.9022352 0.06737697 0.9240068 0.06738489 0.9019424 0.07193815 0.9022352 0.06738489 0.9019424 0.0719186 0.8818481 0.0719186 0.8818481 0.06738489 0.9019424 0.06736415 0.8802812 0.0719186 0.8818481 0.06736415 0.8802812 0.07187366 0.8634921 0.07187366 0.8634921 0.06736415 0.8802812 0.06731635 0.860778 0.3387097 0.9732929 0.333664 0.9771097 0.3347914 0.9592902 0.3347914 0.9592902 0.333664 0.9771097 0.3295009 0.9622318 0.3347914 0.9592902 0.3295009 0.9622318 0.3319885 0.9415097 0.3319885 0.9415097 0.3295009 0.9622318 0.3265227 0.94334 0.3319885 0.9415097 0.3265227 0.94334 0.3305279 0.921392 0.3305279 0.921392 0.3265227 0.94334 0.3249708 0.921965 0.3305279 0.921392 0.3249708 0.921965 0.3305279 0.900567 0.3305279 0.900567 0.3249708 0.921965 0.3249708 0.8998384 0.3305279 0.900567 0.3249708 0.8998384 0.3319885 0.8807217 0.3319885 0.8807217 0.3249708 0.8998384 0.3265227 0.8787528 0.3319885 0.8807217 0.3265227 0.8787528 0.3347914 0.8634638 0.3347914 0.8634638 0.3265227 0.8787528 0.3295009 0.8604163 0.3347914 0.8634638 0.3295009 0.8604163 0.3387097 0.8501916 0.3387097 0.8501916 0.3295009 0.8604163 0.333664 0.8463146 0.5147574 0.8597983 0.512632 0.8552747 0.5343927 0.8598845 0.5343927 0.8598845 0.512632 0.8552747 0.5334945 0.8553663 0.5343927 0.8598845 0.5334945 0.8553663 0.5551924 0.8598987 0.5551924 0.8598987 0.5334945 0.8553663 0.5555942 0.8553813 0.5551924 0.8598987 0.5555942 0.8553813 0.5754714 0.8598396 0.5754714 0.8598396 0.5555942 0.8553813 0.5771405 0.8553186 0.2630658 0.5960911 0.2617759 0.6004565 0.2441172 0.5874377 0.2441172 0.5874377 0.2617759 0.6004565 0.241643 0.5912624 0.2441172 0.5874377 0.241643 0.5912624 0.2283741 0.5737965 0.2283741 0.5737965 0.241643 0.5912624 0.224916 0.5767685 0.2283741 0.5737965 0.224916 0.5767685 0.217112 0.5562726 0.217112 0.5562726 0.224916 0.5767685 0.21295 0.5581493 0.217112 0.5562726 0.21295 0.5581493 0.2112433 0.5362856 0.2112433 0.5362856 0.21295 0.5581493 0.2067144 0.5369132 0.2112433 0.5362856 0.2067144 0.5369132 0.2112433 0.5154549 0.2112433 0.5154549 0.2067144 0.5369132 0.2067144 0.5147805 0.2112433 0.5154549 0.2067144 0.5147805 0.217112 0.4954679 0.217112 0.4954679 0.2067144 0.5147805 0.21295 0.4935444 0.217112 0.4954679 0.21295 0.4935444 0.2283741 0.4779439 0.2283741 0.4779439 0.21295 0.4935444 0.224916 0.4749252 0.2283741 0.4779439 0.224916 0.4749252 0.2441172 0.4643027 0.2441172 0.4643027 0.224916 0.4749252 0.241643 0.4604313 0.2441172 0.4643027 0.241643 0.4604313 0.2630658 0.4556492 0.2630658 0.4556492 0.241643 0.4604313 0.2617758 0.451237 0.2630658 0.4556492 0.2617758 0.451237 0.2836847 0.4526847 0.2836847 0.4526847 0.2617758 0.451237 0.2836835 0.4480872 0.5551924 0.972719 0.5555942 0.9773493 0.5343927 0.9727049 0.5343927 0.9727049 0.5555942 0.9773493 0.5334945 0.9773343 0.3043037 0.4556491 0.3055912 0.451237 0.3232523 0.4643025 0.3232523 0.4643025 0.3055912 0.451237 0.325724 0.4604312 0.3232523 0.4643025 0.325724 0.4604312 0.3389953 0.4779438 0.3389953 0.4779438 0.325724 0.4604312 0.342451 0.474925 0.3389953 0.4779438 0.342451 0.474925 0.3502575 0.4954677 0.3502575 0.4954677 0.342451 0.474925 0.354417 0.4935442 0.3502575 0.4954677 0.354417 0.4935442 0.3561262 0.5154547 0.3561262 0.5154547 0.354417 0.4935442 0.3606526 0.5147804 0.3561262 0.5154547 0.3606526 0.5147804 0.3561262 0.5362854 0.3561262 0.5362854 0.3606526 0.5147804 0.3606526 0.536913 0.3561262 0.5362854 0.3606526 0.536913 0.3502575 0.5562724 0.3502575 0.5562724 0.3606526 0.536913 0.354417 0.5581492 0.3502575 0.5562724 0.354417 0.5581492 0.3389953 0.5737963 0.3389953 0.5737963 0.354417 0.5581492 0.342451 0.5767683 0.3389953 0.5737963 0.342451 0.5767683 0.3232523 0.5874376 0.3232523 0.5874376 0.342451 0.5767683 0.325724 0.5912622 0.3232523 0.5874376 0.325724 0.5912622 0.3043038 0.596091 0.3043038 0.596091 0.325724 0.5912622 0.3055912 0.6004565 0.3043038 0.596091 0.3055912 0.6004565 0.2836847 0.5990556 0.2836847 0.5990556 0.3055912 0.6004565 0.2836835 0.6036063 0.184766 0.9022352 0.189361 0.9019424 0.1847586 0.9230016 0.1847586 0.9230016 0.189361 0.9019424 0.189353 0.9240068 0.5840191 0.4838867 0.5822893 0.4880977 0.5690721 0.4746568 0.5690721 0.4746568 0.5822893 0.4880977 0.5660611 0.4780766 0.5690721 0.4746568 0.5660611 0.4780766 0.557932 0.4610737 0.557932 0.4610737 0.5660611 0.4780766 0.5539661 0.4633293 0.557932 0.4610737 0.5539661 0.4633293 0.551806 0.4446095 0.551806 0.4446095 0.5539661 0.4633293 0.547315 0.4454538 0.551806 0.4446095 0.547315 0.4454538 0.5513579 0.4270482 0.5513579 0.4270482 0.547315 0.4454538 0.5468285 0.4263873 0.5513579 0.4270482 0.5468285 0.4263873 0.5566362 0.4102929 0.5566362 0.4102929 0.5468285 0.4263873 0.5525593 0.4081959 0.5566362 0.4102929 0.5525593 0.4081959 0.5670691 0.3961594 0.5670691 0.3961594 0.5525593 0.4081959 0.5638864 0.3928509 0.5670691 0.3961594 0.5638864 0.3928509 0.5815259 0.3861792 0.5815259 0.3861792 0.5638864 0.3928509 0.5795823 0.3820152 0.5815259 0.3861792 0.5795823 0.3820152 0.59844 0.3814337 0.59844 0.3814337 0.5795823 0.3820152 0.5979462 0.376863 0.59844 0.3814337 0.5979462 0.376863 0.6072508 0.3812089 0.6072508 0.3812089 0.5979462 0.376863 0.6075122 0.3766189 0.7144249 0.2394177 0.7148267 0.244048 0.7056114 0.2394183 0.7056114 0.2394183 0.7148267 0.244048 0.7052576 0.2440487 0.6159785 0.3824374 0.616988 0.3779526 0.6322408 0.3890812 0.6322408 0.3890812 0.616988 0.3779526 0.6346443 0.385166 0.6322408 0.3890812 0.6346443 0.385166 0.6454648 0.4006455 0.6454648 0.4006455 0.6346443 0.385166 0.6490017 0.3977215 0.6454648 0.4006455 0.6490017 0.3977215 0.6542173 0.4158769 0.6542173 0.4158769 0.6490017 0.3977215 0.6585043 0.4142584 0.6542173 0.4158769 0.6585043 0.4142584 0.6575497 0.4331248 0.6575497 0.4331248 0.6585043 0.4142584 0.6621225 0.4329848 0.6575497 0.4331248 0.6621225 0.4329848 0.6551012 0.4505203 0.6551012 0.4505203 0.6621225 0.4329848 0.6594641 0.4518713 0.6551012 0.4505203 0.6594641 0.4518713 0.647137 0.4661783 0.647137 0.4661783 0.6594641 0.4518713 0.6508172 0.4688714 0.647137 0.4661783 0.6508172 0.4688714 0.6345201 0.4784019 0.6345201 0.4784019 0.6508172 0.4688714 0.6371189 0.4821428 0.6345201 0.4784019 0.6371189 0.4821428 0.6186178 0.4858666 0.6186178 0.4858666 0.6371189 0.4821428 0.6198535 0.4902472 0.6186178 0.4858666 0.6198535 0.4902472 0.6011533 0.4877634 0.6011533 0.4877634 0.6198535 0.4902472 0.600892 0.4923066 0.07865655 0.6613767 0.07894927 0.6659717 0.06117945 0.6613686 0.06117945 0.6613686 0.07894927 0.6659717 0.05997407 0.6659629 0.6958107 9.38058e-5 0.7148267 1.12099e-4 0.7144249 0.004629433 0.7144249 0.004629433 0.7056113 0.004629969 0.6958107 9.38058e-5 0.6958107 9.38058e-5 0.7056113 0.004629969 0.6969103 0.004612565 0.6958107 9.38058e-5 0.6969103 0.004612565 0.6783041 0 0.6969103 0.004612565 0.6885592 0.004577636 0.6783041 0 0.6783041 0 0.6885592 0.004577636 0.6807858 0.004526197 0.8265839 0.3319681 0.8231186 0.3372218 0.8127514 0.3292342 0.8231186 0.3372218 0.8172486 0.3358119 0.8127514 0.3292342 0.8127514 0.3292342 0.8172486 0.3358119 0.8103781 0.3347036 0.8127514 0.3292342 0.8103781 0.3347036 0.7954116 0.3279317 0.7954116 0.3279317 0.8103781 0.3347036 0.8026944 0.3339272 0.8026944 0.3339272 0.7944073 0.3335039 0.7954116 0.3279317 0.7954116 0.3279317 0.7944073 0.3335039 0.7857426 0.3334452 0.7954116 0.3279317 0.7857426 0.3334452 0.7764437 0.3282017 0.7857426 0.3334452 0.7769368 0.3337527 0.7764437 0.3282017 0.7764437 0.3282017 0.7769368 0.3337527 0.76823 0.3344179 0.7764437 0.3282017 0.76823 0.3344179 0.7579029 0.3300151 0.76823 0.3344179 0.7598598 0.3354229 0.7579029 0.3300151 0.7579029 0.3300151 0.7598598 0.3354229 0.7520545 0.3367401 0.7579029 0.3300151 0.7520545 0.3367401 0.7417987 0.3331754 0.7520545 0.3367401 0.745027 0.3383337 0.7417987 0.3331754 0.7417987 0.3331754 0.745027 0.3383337 0.7389689 0.3401601 0.7417987 0.3331754 0.7389689 0.3401601 0.7298761 0.33734 0.7389689 0.3401601 0.7340456 0.3421695 0.7298761 0.33734 0.106022 0.4219796 0.1035919 0.426536 0.09576368 0.4265546 0.106022 0.4219796 0.09576368 0.4265546 0.08841568 0.4220132 0.09576368 0.4265546 0.08737558 0.4265669 0.08841568 0.4220132 0.08841568 0.4220132 0.08737558 0.4265669 0.07865661 0.4265727 0.08841568 0.4220132 0.07865661 0.4265727 0.06938177 0.4220187 0.07865661 0.4265727 0.06984442 0.426572 0.06938177 0.4220187 0.06938177 0.4220187 0.06984442 0.426572 0.06117945 0.4265647 0.06938177 0.4220187 0.06117945 0.4265647 0.05098289 0.4219958 0.06117945 0.4265647 0.0528981 0.4265509 0.05098289 0.4219958 0.3320215 0.1665926 0.3274065 0.162647 0.3328694 0.1585758 0.3320215 0.1665926 0.3328694 0.1585758 0.3432224 0.1564185 0.3328694 0.1585758 0.3377231 0.1532761 0.3432224 0.1564185 0.3432224 0.1564185 0.3377231 0.1532761 0.3418352 0.1468926 0.3432224 0.1564185 0.3418352 0.1468926 0.3512246 0.1415694 0.3418352 0.1468926 0.3450936 0.1395994 0.3512246 0.1415694 0.3512246 0.1415694 0.3450936 0.1395994 0.3474093 0.1315954 0.3512246 0.1415694 0.3474093 0.1315954 0.355161 0.1236546 0.355161 0.1236546 0.3474093 0.1315954 0.3487191 0.1230989 0.355161 0.1236546 0.3487191 0.1230989 0.3546048 0.1046155 0.3487191 0.1230989 0.3489875 0.1143418 0.3546048 0.1046155 0.3546048 0.1046155 0.3489875 0.1143418 0.3482069 0.1055629 0.3546048 0.1046155 0.3482069 0.1055629 0.3496166 0.08651512 0.3482069 0.1055629 0.3463988 0.09700155 0.3496166 0.08651512 0.3496166 0.08651512 0.3463988 0.09700155 0.3436125 0.08889144 0.3496166 0.08651512 0.3436125 0.08889144 0.3407368 0.07131499 0.3436125 0.08889144 0.3399239 0.08145374 0.3407368 0.07131499 0.3407368 0.07131499 0.3399239 0.08145374 0.3354337 0.07489132 0.3407368 0.07131499 0.3354337 0.07489132 0.3289275 0.06066226 0.3354337 0.07489132 0.3302643 0.0693832 0.3289275 0.06066226 0.3289275 0.06066226 0.3302643 0.0693832 0.3245568 0.06507962 0.733291 5.28721e-5 0.7314316 0.004574894 0.7148267 1.12099e-4 0.7148267 1.12099e-4 0.7314316 0.004574894 0.7231106 0.004610896 0.7148267 1.12099e-4 0.7231106 0.004610896 0.7144249 0.004629433 0.5655912 0.1015413 0.5701861 0.1012486 0.5656146 0.1814249 0.5656146 0.1814249 0.5701861 0.1012486 0.5702095 0.1811322 0.5701861 0.1012486 0.5655912 0.1015413 0.5655969 0.07695943 0.5701861 0.1012486 0.5655969 0.07695943 0.5701916 0.07772022 0.3040366 0.4264087 0.3050857 0.4219796 0.3282356 0.4303436 0.3040366 0.4264087 0.3282356 0.4303436 0.3261944 0.4344142 0.3261944 0.4344142 0.3282356 0.4303436 0.3488538 0.4437884 0.3261944 0.4344142 0.3488538 0.4437884 0.3459289 0.4472829 0.3459289 0.4472829 0.3488538 0.4437884 0.3658436 0.461599 0.3459289 0.4472829 0.3658436 0.461599 0.3621906 0.4643301 0.3621906 0.4643301 0.3658436 0.461599 0.3783014 0.482828 0.3621906 0.4643301 0.3783014 0.482828 0.3741145 0.4846493 0.3741145 0.4846493 0.3783014 0.482828 0.3855645 0.5063462 0.3741145 0.4846493 0.3855645 0.5063462 0.3810663 0.5071597 0.3810663 0.5071597 0.3855645 0.5063462 0.3872467 0.530903 0.3810663 0.5071597 0.3872467 0.530903 0.3826764 0.5306639 0.3826764 0.5306639 0.3872467 0.530903 0.3832585 0.555192 0.3826764 0.5306639 0.3832585 0.555192 0.3788591 0.553912 0.3788591 0.553912 0.3832585 0.555192 0.373812 0.5779215 0.3788591 0.553912 0.373812 0.5779215 0.3698175 0.5756673 0.3698175 0.5756673 0.373812 0.5779215 0.3594097 0.5978825 0.3698175 0.5756673 0.3594097 0.5978825 0.3560324 0.5947729 0.3560324 0.5947729 0.3594097 0.5978825 0.3408175 0.6140133 0.3560324 0.5947729 0.3408175 0.6140133 0.3382371 0.6102123 0.3382371 0.6102123 0.3408175 0.6140133 0.3190244 0.625456 0.3382371 0.6102123 0.3190244 0.625456 0.3173779 0.6211647 0.3173779 0.6211647 0.3190244 0.625456 0.2951894 0.6316019 0.3173779 0.6211647 0.2951894 0.6316019 0.2945644 0.6270472 0.2425174 0.6920202 0.237942 0.6919968 0.2450085 0.6747676 0.2450085 0.6747676 0.237942 0.6919968 0.24062 0.6734503 0.2450085 0.6747676 0.24062 0.6734503 0.2522786 0.6589244 0.2522786 0.6589244 0.24062 0.6734503 0.2484352 0.6564189 0.2522786 0.6589244 0.2484352 0.6564189 0.2637335 0.6457849 0.2637335 0.6457849 0.2484352 0.6564189 0.2607493 0.6422939 0.2637335 0.6457849 0.2607493 0.6422939 0.2784375 0.6364225 0.2784375 0.6364225 0.2607493 0.6422939 0.2765561 0.6322293 0.2784375 0.6364225 0.2765561 0.6322293 0.2951894 0.6316019 0.2951894 0.6316019 0.2765561 0.6322293 0.2945644 0.6270472 0.2425174 0.6935868 0.237942 0.6929473 0.2425174 0.6920202 0.2425174 0.6920202 0.237942 0.6929473 0.237942 0.6919968 0.44821 0.1012486 0.4527633 0.1015413 0.4482334 0.1811322 0.4482334 0.1811322 0.4527633 0.1015413 0.4527867 0.1814249 0.1451845 0.200696 0.1414282 0.205401 0.1244425 0.1969738 0.1451845 0.200696 0.1244425 0.1969738 0.1289268 0.1926299 0.1289268 0.1926299 0.1244425 0.1969738 0.1090892 0.1834825 0.1289268 0.1926299 0.1090892 0.1834825 0.1142315 0.1797168 0.1142315 0.1797168 0.1090892 0.1834825 0.0961849 0.1656448 0.1142315 0.1797168 0.0961849 0.1656448 0.1018803 0.1626436 0.1018803 0.1626436 0.0961849 0.1656448 0.08641594 0.1444094 0.1018803 0.1626436 0.08641594 0.1444094 0.09252995 0.1423183 0.09252995 0.1423183 0.08641594 0.1444094 0.08030188 0.1209058 0.09252995 0.1423183 0.08030188 0.1209058 0.0866779 0.1198219 0.0866779 0.1198219 0.08030188 0.1209058 0.07816791 0.09638398 0.0866779 0.1198219 0.07816791 0.09638398 0.08463537 0.09635108 0.08463537 0.09635108 0.07816791 0.09638398 0.08012753 0.07214838 0.08463537 0.09635108 0.08012753 0.07214838 0.08651107 0.07315415 0.08651107 0.07315415 0.08012753 0.07214838 0.08607661 0.04948794 0.08651107 0.07315415 0.08607661 0.04948794 0.09220516 0.05146485 0.09220516 0.05146485 0.08607661 0.04948794 0.09569859 0.02960789 0.09220516 0.05146485 0.09569859 0.02960789 0.1014147 0.03243684 0.1014147 0.03243684 0.09569859 0.02960789 0.1084818 0.01356565 0.1014147 0.03243684 0.1084818 0.01356565 0.1136501 0.01708215 0.1136501 0.01708215 0.1084818 0.01356565 0.1237462 0.002214491 0.1136501 0.01708215 0.1237462 0.002214491 0.1282604 0.00621742 0.4482456 0.05509555 0.4528005 0.05332171 0.4527691 0.07695943 0.4482456 0.05509555 0.4527691 0.07695943 0.4482156 0.07772028 0.4482156 0.07772028 0.4527691 0.07695943 0.4527633 0.1015413 0.4482156 0.07772028 0.4527633 0.1015413 0.44821 0.1012486 0.1414282 0.205401 0.1451845 0.200696 0.153351 0.2118217 0.153351 0.2118217 0.1451845 0.200696 0.1580015 0.2075982 0.153351 0.2118217 0.1580015 0.2075982 0.16366 0.2225559 0.16366 0.2225559 0.1580015 0.2075982 0.1690837 0.2191374 0.16366 0.2225559 0.1690837 0.2191374 0.171513 0.2367265 0.171513 0.2367265 0.1690837 0.2191374 0.1775258 0.2343708 0.171513 0.2367265 0.1775258 0.2343708 0.1762686 0.2531761 0.1762686 0.2531761 0.1775258 0.2343708 0.182638 0.2520542 0.1762686 0.2531761 0.182638 0.2520542 0.1775382 0.2705607 0.1775382 0.2705607 0.182638 0.2520542 0.1840028 0.2707426 0.1839739 0.271687 0.1774905 0.2721173 0.1840028 0.2707426 0.1840028 0.2707426 0.1774905 0.2721173 0.1775382 0.2705607 0.1913809 0.9390172 0.1913833 0.9239287 0.1959562 0.9232199 0.1959562 0.9232199 0.1959541 0.9360591 0.1913809 0.9390172 0.7846366 0.2073926 0.7868064 0.2042651 0.7880425 0.2056375 0.7846366 0.2073926 0.7880425 0.2056375 0.7979047 0.2181795 0.7880425 0.2056375 0.7988682 0.2140714 0.7979047 0.2181795 0.7979047 0.2181795 0.7988682 0.2140714 0.8013076 0.2153221 0.02824074 0.4384317 0.03252553 0.4432884 0.02824074 0.4548839 0.03252553 0.4548838 0.0319882 0.4675809 0.0276556 0.4692107 0.0276556 0.4692107 0.0319882 0.4675809 0.03252553 0.4711778 0.01570284 0.4219796 0.02001136 0.4264767 0.01570284 0.4394538 0.8170855 0.2193903 0.8288459 0.2184929 0.8308801 0.2230432 0.8308801 0.2230432 0.8288459 0.2184929 0.8332453 0.2172927 0.8308801 0.2230432 0.8332453 0.2172927 0.8466102 0.2165334 0.8332453 0.2172927 0.843146 0.2125749 0.8466102 0.2165334 0.8466102 0.2165334 0.843146 0.2125749 0.8476045 0.2093126 0.8466102 0.2165334 0.8476045 0.2093126 0.8592578 0.2048705 0.8476045 0.2093126 0.8546438 0.2019723 0.8592578 0.2048705 0.8592578 0.2048705 0.8546438 0.2019723 0.8582237 0.1965276 0.8592578 0.2048705 0.8582237 0.1965276 0.8672975 0.1894615 0.8582237 0.1965276 0.8619526 0.1879641 0.8672975 0.1894615 0.8672975 0.1894615 0.8619526 0.1879641 0.863669 0.1806646 0.8672975 0.1894615 0.863669 0.1806646 0.8697595 0.1721647 0.8697595 0.1721647 0.863669 0.1806646 0.8641908 0.1722398 0.8697595 0.1721647 0.8641908 0.1722398 0.8663469 0.1550666 0.8641908 0.1722398 0.8632047 0.1638659 0.8663469 0.1550666 0.8663469 0.1550666 0.8632047 0.1638659 0.8610884 0.156696 0.8663469 0.1550666 0.8610884 0.156696 0.8574713 0.1402293 0.8610884 0.156696 0.8568937 0.1484003 0.8574713 0.1402293 0.8574713 0.1402293 0.8568937 0.1484003 0.8530197 0.1432075 0.8574713 0.1402293 0.8530197 0.1432075 0.8442032 0.1294424 0.8530197 0.1432075 0.8455882 0.1363564 0.8442032 0.1294424 0.8442032 0.1294424 0.8455882 0.1363564 0.8409578 0.1334012 0.8631242 0.3126198 0.858201 0.310329 0.8635159 0.2962705 0.858201 0.310329 0.8585019 0.3000281 0.8635159 0.2962705 0.8635159 0.2962705 0.8585019 0.3000281 0.8585571 0.295466 0.8635159 0.2962705 0.8585571 0.295466 0.8633735 0.2787979 0.8585571 0.295466 0.8585019 0.2833097 0.8633735 0.2787979 0.8633735 0.2787979 0.8585019 0.2833097 0.8584277 0.2795819 0.8633735 0.2787979 0.8584277 0.2795819 0.8627142 0.2623097 0.8584277 0.2795819 0.8579657 0.2670898 0.8627142 0.2623097 0.8627142 0.2623097 0.8579657 0.2670898 0.8578283 0.2645925 0.8627142 0.2623097 0.8578283 0.2645925 0.8616176 0.2487943 0.8578283 0.2645925 0.8569657 0.2535588 0.8616176 0.2487943 0.02824074 0.4219796 0.02824074 0.4257025 0.02647531 0.4251226 0.1913809 0.8743335 0.1959541 0.8772558 0.1913833 0.8895112 0.1959541 0.8772558 0.1959562 0.8901728 0.1913833 0.8895112 0.1913833 0.8895112 0.1959562 0.8901728 0.1959563 0.8910537 0.1913833 0.8895112 0.1959563 0.8910537 0.1913841 0.9067355 0.1913841 0.9067355 0.1959563 0.8910537 0.195957 0.9067121 0.1913841 0.9067355 0.195957 0.9067121 0.1913833 0.9239287 0.1913833 0.9239287 0.195957 0.9067121 0.1959563 0.9223424 0.1913833 0.9239287 0.1959563 0.9223424 0.1959562 0.9232199 0.9110725 0.313478 0.9110749 0.2983895 0.9156478 0.2976807 0.9156478 0.2976807 0.9156457 0.3105199 0.9110725 0.313478 0.2223247 0.8425129 0.2245801 0.8394465 0.2257778 0.8408525 0.2223247 0.8425129 0.2257778 0.8408525 0.2352898 0.8536622 0.2257778 0.8408525 0.2363665 0.8495823 0.2352898 0.8536622 0.2352898 0.8536622 0.2363665 0.8495823 0.2387703 0.8508999 0.02824074 0.4219796 0.03252553 0.4268362 0.02824074 0.4384317 0.02431982 0.4394538 0.02378249 0.4521509 0.01944983 0.4537807 0.01944983 0.4537807 0.02378249 0.4521509 0.02431982 0.4557478 0.02001136 0.4219796 0.02431982 0.4264767 0.02001136 0.4394538 0.2544299 0.8554024 0.2662106 0.8548303 0.2681183 0.859435 0.2681183 0.859435 0.2662106 0.8548303 0.2706414 0.853752 0.2681183 0.859435 0.2706414 0.853752 0.2840222 0.8533622 0.2706414 0.853752 0.2806686 0.8493095 0.2840222 0.8533622 0.2840222 0.8533622 0.2806686 0.8493095 0.2852156 0.8461716 0.2840222 0.8533622 0.2852156 0.8461716 0.2969871 0.8420533 0.2852156 0.8461716 0.292455 0.8390287 0.2969871 0.8420533 0.2969871 0.8420533 0.292455 0.8390287 0.296184 0.8336849 0.2969871 0.8420533 0.296184 0.8336849 0.3054494 0.8268722 0.296184 0.8336849 0.300148 0.8252277 0.3054494 0.8268722 0.3054494 0.8268722 0.300148 0.8252277 0.3020654 0.8179785 0.3054494 0.8268722 0.3020654 0.8179785 0.3083884 0.8096501 0.3083884 0.8096501 0.3020654 0.8179785 0.3028197 0.8095712 0.3083884 0.8096501 0.3028197 0.8095712 0.3054494 0.7924641 0.3028197 0.8095712 0.3020654 0.8011733 0.3054494 0.7924641 0.3054494 0.7924641 0.3020654 0.8011733 0.300148 0.7939476 0.3054494 0.7924641 0.300148 0.7939476 0.2969871 0.7773873 0.300148 0.7939476 0.296184 0.7855392 0.2969871 0.7773873 0.2969871 0.7773873 0.296184 0.7855392 0.292455 0.7802414 0.2969871 0.7773873 0.292455 0.7802414 0.2840222 0.7662379 0.292455 0.7802414 0.2852156 0.7731876 0.2840222 0.7662379 0.2840222 0.7662379 0.2852156 0.7731876 0.2806686 0.7701057 0.9106808 0.3126198 0.9057576 0.310329 0.9110725 0.2962704 0.9057576 0.310329 0.9060585 0.3000281 0.9110725 0.2962704 0.9110725 0.2962704 0.9060585 0.3000281 0.9061137 0.295466 0.9110725 0.2962704 0.9061137 0.295466 0.9109301 0.2787979 0.9061137 0.295466 0.9060585 0.2833097 0.9109301 0.2787979 0.9109301 0.2787979 0.9060585 0.2833097 0.9059842 0.2795819 0.9109301 0.2787979 0.9059842 0.2795819 0.9102709 0.2623096 0.9059842 0.2795819 0.9055224 0.2670897 0.9102709 0.2623096 0.9102709 0.2623096 0.9055224 0.2670897 0.9053849 0.2645925 0.9102709 0.2623096 0.9053849 0.2645925 0.9091743 0.2487943 0.9053849 0.2645925 0.9045224 0.2535588 0.9091743 0.2487943 0.02531355 0.4219796 0.02647531 0.4255166 0.02461707 0.4255166 0.9110724 0.2487943 0.9156457 0.2517166 0.9110749 0.2639721 0.9156457 0.2517166 0.9156478 0.2646336 0.9110749 0.2639721 0.9110749 0.2639721 0.9156478 0.2646336 0.9156478 0.2655145 0.9110749 0.2639721 0.9156478 0.2655145 0.9110757 0.2811963 0.9110757 0.2811963 0.9156478 0.2655145 0.9156486 0.2811729 0.9110757 0.2811963 0.9156486 0.2811729 0.9110749 0.2983895 0.9110749 0.2983895 0.9156486 0.2811729 0.9156478 0.2968031 0.9110749 0.2983895 0.9156478 0.2968031 0.9156478 0.2976807</float_array>
          <technique_common>
            <accessor source="#LINK_WRIST_PITCH_L-mesh-map-array" count="5580" stride="2">
              <param name="S" type="float"/>
              <param name="T" type="float"/>
            </accessor>
          </technique_common>
        </source>
        <vertices id="LINK_WRIST_PITCH_L-mesh-vertices">
          <input semantic="POSITION" source="#LINK_WRIST_PITCH_L-mesh-positions"/>
        </vertices>
        <triangles material="分色槽-纯黑-material" count="1860">
          <input semantic="VERTEX" source="#LINK_WRIST_PITCH_L-mesh-vertices" offset="0"/>
          <input semantic="NORMAL" source="#LINK_WRIST_PITCH_L-mesh-normals" offset="1"/>
          <input semantic="TEXCOORD" source="#LINK_WRIST_PITCH_L-mesh-map" offset="2" set="0"/>
          <p>0 0 0 1 1 1 2 2 2 2 2 3 1 1 4 3 3 5 4 4 6 5 5 7 6 6 8 6 6 9 5 5 10 7 7 11 8 8 12 9 9 13 10 10 14 10 10 15 9 9 16 11 11 17 10 10 18 11 11 19 12 12 20 12 12 21 11 11 22 13 13 23 14 14 24 15 15 25 16 16 26 17 17 27 18 18 28 19 19 29 16 16 30 15 15 31 19 19 32 19 19 33 15 15 34 20 20 35 19 19 36 20 20 37 17 17 38 18 18 39 21 21 40 19 19 41 19 19 42 21 21 43 22 22 44 19 19 45 22 22 46 23 23 47 23 23 48 22 22 49 24 24 50 25 25 51 26 26 52 27 27 53 27 27 54 26 26 55 28 28 56 27 27 57 28 28 58 29 29 59 29 29 60 28 28 61 30 30 62 29 29 63 30 30 64 31 31 65 32 32 66 33 33 67 34 34 68 16 16 69 35 35 70 14 14 71 14 14 72 35 35 73 36 36 74 14 14 75 36 36 76 37 37 77 37 37 78 36 36 79 38 38 80 37 37 81 38 38 82 39 39 83 39 39 84 38 38 85 40 40 86 39 39 87 40 40 88 25 25 89 25 25 90 40 40 91 41 41 92 25 25 93 41 41 94 26 26 95 24 24 96 42 42 97 23 23 98 23 23 99 42 42 100 43 43 101 23 23 102 43 43 103 34 34 104 34 34 105 43 43 106 32 32 107 32 32 108 43 43 109 44 44 110 32 32 111 44 44 112 45 45 113 30 30 114 46 46 115 31 31 116 31 31 117 46 46 118 47 47 119 31 31 120 47 47 121 48 48 122 48 48 123 47 47 124 49 49 125 48 48 126 49 49 127 50 50 128 50 50 129 49 49 130 51 51 131 50 50 132 51 51 133 44 44 134 44 44 135 51 51 136 52 52 137 44 44 138 52 52 139 45 45 140 53 53 141 54 54 142 55 55 143 55 55 144 54 54 145 56 56 146 56 56 147 54 54 148 57 57 149 56 56 150 57 57 151 58 58 152 59 59 153 60 60 154 61 61 155 61 61 156 60 60 157 62 62 158 61 61 159 62 62 160 55 55 161 55 55 162 62 62 163 63 63 164 55 55 165 63 63 166 53 53 167 64 64 168 65 65 169 66 66 170 66 66 171 65 65 172 67 67 173 66 66 174 67 67 175 61 61 176 61 61 177 67 67 178 68 68 179 61 61 180 68 68 181 59 59 182 58 58 183 69 69 184 56 56 185 56 56 186 69 69 187 70 70 188 56 56 189 70 70 190 66 66 191 66 66 192 70 70 193 71 71 194 66 66 195 71 71 196 64 64 197 72 72 198 73 73 199 74 74 200 74 74 201 73 73 202 75 75 203 74 74 204 75 75 205 76 76 206 77 77 207 78 78 208 79 79 209 80 80 210 81 81 211 82 82 212 82 82 213 81 81 214 83 83 215 82 82 216 83 83 217 84 84 218 84 84 219 83 83 220 85 85 221 84 84 222 85 85 223 86 86 224 87 87 225 79 79 226 88 88 227 88 88 228 79 79 229 78 78 230 88 88 231 78 78 232 89 89 233 89 89 234 78 78 235 90 90 236 89 89 237 90 90 238 91 91 239 92 92 240 93 93 241 94 94 242 94 94 243 93 93 244 95 95 245 94 94 246 95 95 247 79 79 248 79 79 249 95 95 250 96 96 251 79 79 252 96 96 253 77 77 254 92 92 255 97 97 256 93 93 257 93 93 258 97 97 259 98 98 260 93 93 261 98 98 262 99 99 263 99 99 264 98 98 265 100 100 266 99 99 267 100 100 268 101 101 269 101 101 270 100 100 271 102 102 272 101 101 273 102 102 274 80 80 275 80 80 276 102 102 277 103 103 278 80 80 279 103 103 280 81 81 281 91 91 282 104 104 283 89 89 284 89 89 285 104 104 286 105 105 287 89 89 288 105 105 289 106 106 290 85 85 291 107 107 292 86 86 293 86 86 294 107 107 295 108 108 296 86 86 297 108 108 298 109 109 299 109 109 300 108 108 301 110 110 302 109 109 303 110 110 304 111 111 305 111 111 306 110 110 307 112 112 308 111 111 309 112 112 310 113 113 311 113 113 312 112 112 313 114 114 314 113 113 315 114 114 316 115 115 317 115 115 318 114 114 319 106 106 320 115 115 321 106 106 322 116 116 323 116 116 324 106 106 325 105 105 326 117 117 327 118 118 328 119 119 329 120 120 330 121 121 331 119 119 332 119 119 333 121 121 334 122 122 335 119 119 336 122 122 337 117 117 338 123 123 339 124 124 340 125 125 341 126 126 342 127 127 343 128 128 344 128 128 345 127 127 346 129 129 347 128 128 348 129 129 349 130 130 350 131 131 351 132 132 352 133 133 353 133 133 354 132 132 355 134 134 356 133 133 357 134 134 358 124 124 359 124 124 360 134 134 361 135 135 362 124 124 363 135 135 364 125 125 365 136 136 366 137 137 367 125 125 368 125 125 369 137 137 370 138 138 371 125 125 372 138 138 373 123 123 374 139 139 375 140 140 376 141 141 377 141 141 378 140 140 379 142 142 380 141 141 381 142 142 382 143 143 383 143 143 384 142 142 385 144 144 386 143 143 387 144 144 388 131 131 389 131 131 390 144 144 391 145 145 392 131 131 393 145 145 394 132 132 395 126 126 396 128 128 397 125 125 398 125 125 399 128 128 400 146 146 401 125 125 402 146 146 403 136 136 404 147 147 405 148 148 406 149 149 407 149 149 408 150 150 409 147 147 410 147 147 411 150 150 412 151 151 413 147 147 414 151 151 415 152 152 416 152 152 417 151 151 418 153 153 419 152 152 420 153 153 421 154 154 422 154 154 423 153 153 424 155 155 425 155 155 426 153 153 427 156 156 428 155 155 429 156 156 430 157 157 431 158 158 432 159 159 433 160 160 434 161 161 435 162 162 436 163 163 437 157 157 438 156 156 439 164 164 440 164 164 441 156 156 442 165 165 443 164 164 444 165 165 445 161 161 446 161 161 447 165 165 448 166 166 449 161 161 450 166 166 451 162 162 452 160 160 453 167 167 454 158 158 455 158 158 456 167 167 457 168 168 458 158 158 459 168 168 460 169 169 461 169 169 462 168 168 463 161 161 464 169 169 465 161 161 466 170 170 467 170 170 468 161 161 469 163 163 470 171 171 471 172 172 472 173 173 473 173 173 474 172 172 475 174 174 476 175 175 477 173 173 478 176 176 479 176 176 480 173 173 481 174 174 482 176 176 483 174 174 484 177 177 485 177 177 486 174 174 487 178 178 488 179 179 489 180 180 490 181 181 491 182 182 492 183 183 493 184 184 494 184 184 495 183 183 496 185 185 497 186 186 498 187 187 499 188 188 500 179 179 501 181 181 502 189 189 503 190 190 504 191 191 505 192 192 506 192 192 507 191 191 508 184 184 509 192 192 510 184 184 511 193 193 512 193 193 513 184 184 514 185 185 515 194 194 516 195 195 517 196 196 518 197 163 519 198 197 520 199 198 521 199 198 522 198 197 523 200 199 524 199 198 525 183 183 526 197 163 527 197 163 528 183 183 529 182 182 530 197 163 531 182 182 532 188 188 533 188 188 534 182 182 535 189 189 536 188 188 537 189 189 538 186 186 539 186 186 540 189 189 541 181 181 542 201 200 543 202 201 544 198 197 545 198 197 546 202 201 547 203 202 548 198 197 549 203 202 550 200 199 551 196 196 552 195 195 553 198 197 554 198 197 555 195 195 556 204 203 557 198 197 558 204 203 559 201 200 560 196 196 561 205 204 562 194 194 563 194 194 564 205 204 565 206 205 566 194 194 567 206 205 568 207 206 569 207 206 570 206 205 571 208 207 572 207 206 573 208 207 574 209 208 575 209 208 576 208 207 577 210 209 578 209 208 579 210 209 580 211 210 581 211 210 582 210 209 583 212 211 584 211 210 585 212 211 586 213 212 587 213 212 588 212 211 589 214 213 590 213 212 591 214 213 592 215 214 593 215 214 594 214 213 595 216 215 596 215 214 597 216 215 598 217 216 599 216 215 600 218 217 601 217 216 602 217 216 603 218 217 604 219 218 605 217 216 606 219 218 607 220 219 608 220 219 609 219 218 610 221 220 611 220 219 612 221 220 613 222 221 614 222 221 615 221 220 616 223 222 617 222 221 618 223 222 619 224 223 620 224 223 621 223 222 622 225 224 623 224 223 624 225 224 625 190 190 626 190 190 627 225 224 628 226 225 629 190 190 630 226 225 631 191 191 632 227 226 633 228 227 634 229 228 635 230 229 636 231 230 637 232 231 638 233 232 639 234 233 640 235 234 641 235 234 642 234 233 643 236 235 644 235 234 645 236 235 646 237 236 647 237 236 648 236 235 649 238 237 650 237 236 651 238 237 652 239 238 653 233 232 654 235 234 655 240 239 656 240 239 657 235 234 658 241 240 659 240 239 660 241 240 661 229 228 662 230 229 663 232 231 664 242 241 665 242 241 666 232 231 667 243 242 668 242 241 669 243 242 670 244 243 671 244 243 672 243 242 673 245 244 674 244 243 675 245 244 676 246 245 677 246 245 678 245 244 679 247 246 680 246 245 681 247 246 682 248 247 683 248 247 684 247 246 685 249 248 686 248 247 687 249 248 688 250 249 689 250 249 690 249 248 691 251 250 692 250 249 693 251 250 694 252 251 695 229 228 696 228 227 697 240 239 698 240 239 699 228 227 700 253 252 701 240 239 702 253 252 703 254 253 704 253 252 705 255 254 706 254 253 707 254 253 708 255 254 709 256 255 710 254 253 711 256 255 712 257 256 713 231 230 714 230 229 715 258 257 716 258 257 717 230 229 718 259 258 719 258 257 720 259 258 721 260 259 722 260 259 723 259 258 724 261 260 725 260 259 726 261 260 727 262 261 728 262 261 729 261 260 730 263 262 731 262 261 732 263 262 733 264 263 734 264 263 735 263 262 736 265 264 737 264 263 738 265 264 739 266 265 740 266 265 741 265 264 742 267 266 743 266 265 744 267 266 745 229 228 746 229 228 747 267 266 748 268 267 749 229 228 750 268 267 751 227 226 752 251 250 753 269 268 754 252 251 755 252 251 756 269 268 757 270 269 758 252 251 759 270 269 760 271 270 761 271 270 762 270 269 763 272 271 764 271 270 765 272 271 766 273 272 767 273 272 768 272 271 769 254 253 770 273 272 771 254 253 772 274 273 773 274 273 774 254 253 775 257 256 776 275 274 777 276 275 778 277 276 779 275 274 780 277 276 781 278 277 782 278 277 783 277 276 784 279 278 785 278 277 786 279 278 787 280 279 788 280 279 789 279 278 790 281 280 791 280 279 792 281 280 793 282 281 794 282 281 795 281 280 796 283 282 797 282 281 798 283 282 799 284 283 800 284 283 801 283 282 802 285 284 803 284 283 804 285 284 805 286 285 806 286 285 807 285 284 808 287 286 809 286 285 810 287 286 811 288 287 812 288 287 813 287 286 814 289 288 815 288 287 816 289 288 817 290 289 818 290 289 819 289 288 820 291 290 821 290 289 822 291 290 823 292 291 824 292 291 825 291 290 826 293 292 827 292 291 828 293 292 829 294 293 830 294 293 831 293 292 832 295 294 833 294 293 834 295 294 835 296 295 836 296 295 837 295 294 838 297 296 839 296 295 840 297 296 841 298 297 842 298 297 843 297 296 844 299 298 845 298 297 846 299 298 847 300 299 848 300 299 849 299 298 850 177 177 851 300 299 852 177 177 853 178 178 854 301 300 855 302 301 856 303 302 857 303 302 858 302 301 859 304 303 860 303 302 861 304 303 862 305 304 863 305 304 864 304 303 865 306 305 866 305 304 867 306 305 868 307 306 869 307 306 870 306 305 871 308 307 872 307 306 873 308 307 874 309 308 875 309 308 876 308 307 877 310 309 878 309 308 879 310 309 880 311 310 881 311 310 882 310 309 883 312 311 884 311 310 885 312 311 886 313 312 887 313 312 888 312 311 889 314 313 890 313 312 891 314 313 892 315 314 893 315 314 894 314 313 895 316 315 896 315 314 897 316 315 898 317 316 899 317 316 900 316 315 901 318 317 902 317 316 903 318 317 904 319 318 905 319 318 906 318 317 907 320 319 908 319 318 909 320 319 910 321 320 911 321 320 912 320 319 913 322 321 914 321 320 915 322 321 916 323 322 917 323 322 918 322 321 919 324 323 920 323 322 921 324 323 922 325 324 923 325 324 924 324 323 925 326 325 926 325 324 927 326 325 928 327 326 929 327 326 930 326 325 931 328 327 932 327 326 933 328 327 934 329 328 935 329 328 936 328 327 937 330 329 938 329 328 939 330 329 940 331 330 941 331 330 942 330 329 943 332 331 944 331 330 945 332 331 946 333 332 947 333 332 948 332 331 949 334 333 950 333 332 951 334 333 952 335 334 953 335 334 954 334 333 955 336 335 956 335 334 957 336 335 958 337 336 959 337 336 960 336 335 961 338 337 962 337 336 963 338 337 964 339 338 965 339 338 966 338 337 967 340 339 968 339 338 969 340 339 970 341 340 971 341 340 972 340 339 973 342 341 974 341 340 975 342 341 976 343 342 977 343 342 978 342 341 979 344 343 980 343 342 981 344 343 982 301 300 983 301 300 984 344 343 985 302 301 986 345 344 987 346 345 988 347 346 989 347 346 990 346 345 991 348 347 992 347 346 993 348 347 994 349 348 995 350 349 996 351 350 997 352 351 998 352 351 999 351 350 1000 353 352 1001 352 351 1002 353 352 1003 354 353 1004 354 353 1005 353 352 1006 355 354 1007 354 353 1008 355 354 1009 356 355 1010 356 355 1011 355 354 1012 349 348 1013 356 355 1014 349 348 1015 357 356 1016 357 356 1017 349 348 1018 348 347 1019 358 357 1020 359 358 1021 350 349 1022 350 349 1023 359 358 1024 360 359 1025 350 349 1026 360 359 1027 351 350 1028 361 360 1029 362 361 1030 363 362 1031 363 362 1032 362 361 1033 364 363 1034 363 362 1035 364 363 1036 365 364 1037 361 360 1038 366 365 1039 362 361 1040 362 361 1041 366 365 1042 367 366 1043 362 361 1044 367 366 1045 368 367 1046 368 367 1047 367 366 1048 369 368 1049 368 367 1050 369 368 1051 358 357 1052 370 369 1053 371 370 1054 372 371 1055 372 371 1056 371 370 1057 373 372 1058 365 364 1059 364 363 1060 374 373 1061 374 373 1062 364 363 1063 375 374 1064 374 373 1065 375 374 1066 376 375 1067 376 375 1068 375 374 1069 371 370 1070 376 375 1071 371 370 1072 377 376 1073 377 376 1074 371 370 1075 370 369 1076 377 376 1077 370 369 1078 378 377 1079 345 344 1080 379 378 1081 346 345 1082 346 345 1083 379 378 1084 380 379 1085 346 345 1086 380 379 1087 381 380 1088 381 380 1089 380 379 1090 382 381 1091 381 380 1092 382 381 1093 383 382 1094 383 382 1095 382 381 1096 384 383 1097 383 382 1098 384 383 1099 385 384 1100 385 384 1101 384 383 1102 386 385 1103 385 384 1104 386 385 1105 387 386 1106 387 386 1107 386 385 1108 388 387 1109 387 386 1110 388 387 1111 389 388 1112 390 389 1113 391 390 1114 392 391 1115 392 391 1116 391 390 1117 393 392 1118 392 391 1119 393 392 1120 373 372 1121 373 372 1122 393 392 1123 394 393 1124 373 372 1125 394 393 1126 372 371 1127 389 388 1128 390 389 1129 387 386 1130 387 386 1131 390 389 1132 392 391 1133 387 386 1134 392 391 1135 395 394 1136 395 394 1137 392 391 1138 396 395 1139 397 396 1140 398 397 1141 396 395 1142 396 395 1143 398 397 1144 399 398 1145 396 395 1146 399 398 1147 395 394 1148 400 399 1149 401 400 1150 397 396 1151 397 396 1152 401 400 1153 402 401 1154 397 396 1155 402 401 1156 398 397 1157 403 402 1158 404 403 1159 400 399 1160 400 399 1161 404 403 1162 405 404 1163 400 399 1164 405 404 1165 401 400 1166 406 405 1167 407 406 1168 403 402 1169 403 402 1170 407 406 1171 408 407 1172 403 402 1173 408 407 1174 404 403 1175 409 408 1176 410 409 1177 406 405 1178 406 405 1179 410 409 1180 411 410 1181 406 405 1182 411 410 1183 407 406 1184 412 411 1185 413 412 1186 414 413 1187 414 413 1188 413 412 1189 415 414 1190 414 413 1191 415 414 1192 416 415 1193 416 415 1194 415 414 1195 417 416 1196 416 415 1197 417 416 1198 409 408 1199 409 408 1200 417 416 1201 418 417 1202 409 408 1203 418 417 1204 410 409 1205 419 418 1206 420 419 1207 412 411 1208 412 411 1209 420 419 1210 421 420 1211 412 411 1212 421 420 1213 413 412 1214 422 421 1215 423 422 1216 419 418 1217 419 418 1218 423 422 1219 424 423 1220 419 418 1221 424 423 1222 420 419 1223 425 424 1224 426 425 1225 422 421 1226 422 421 1227 426 425 1228 427 426 1229 422 421 1230 427 426 1231 423 422 1232 428 427 1233 429 428 1234 425 424 1235 425 424 1236 429 428 1237 430 429 1238 425 424 1239 430 429 1240 426 425 1241 350 349 1242 431 430 1243 358 357 1244 358 357 1245 431 430 1246 432 431 1247 358 357 1248 432 431 1249 368 367 1250 368 367 1251 432 431 1252 433 432 1253 368 367 1254 433 432 1255 428 427 1256 428 427 1257 433 432 1258 434 433 1259 428 427 1260 434 433 1261 429 428 1262 351 434 1263 360 435 1264 435 436 1265 435 436 1266 360 435 1267 359 437 1268 435 436 1269 359 437 1270 358 438 1271 379 439 1272 345 440 1273 436 441 1274 436 441 1275 345 440 1276 347 442 1277 436 441 1278 347 442 1279 349 443 1280 351 434 1281 435 436 1282 353 444 1283 353 444 1284 435 436 1285 437 445 1286 353 444 1287 437 445 1288 355 446 1289 438 447 1290 439 448 1291 361 449 1292 361 449 1293 363 450 1294 438 447 1295 438 447 1296 363 450 1297 365 451 1298 438 447 1299 365 451 1300 374 452 1301 374 452 1302 376 453 1303 440 454 1304 440 454 1305 376 453 1306 377 455 1307 440 454 1308 377 455 1309 378 456 1310 369 457 1311 367 458 1312 439 448 1313 439 448 1314 367 458 1315 366 459 1316 439 448 1317 366 459 1318 361 449 1319 374 452 1320 440 454 1321 438 447 1322 438 447 1323 440 454 1324 441 460 1325 438 447 1326 441 460 1327 442 461 1328 442 461 1329 441 460 1330 443 462 1331 442 461 1332 443 462 1333 444 463 1334 444 463 1335 443 462 1336 445 464 1337 444 463 1338 445 464 1339 446 465 1340 446 465 1341 445 464 1342 447 466 1343 446 465 1344 447 466 1345 448 467 1346 448 467 1347 447 466 1348 449 468 1349 448 467 1350 449 468 1351 450 469 1352 450 469 1353 449 468 1354 451 470 1355 450 469 1356 451 470 1357 452 471 1358 452 471 1359 451 470 1360 453 472 1361 452 471 1362 453 472 1363 454 473 1364 454 473 1365 453 472 1366 455 474 1367 454 473 1368 455 474 1369 456 475 1370 456 475 1371 455 474 1372 436 441 1373 456 475 1374 436 441 1375 437 445 1376 437 445 1377 436 441 1378 349 443 1379 437 445 1380 349 443 1381 355 446 1382 456 476 1383 437 477 1384 435 478 1385 439 479 1386 438 480 1387 452 481 1388 452 481 1389 438 480 1390 442 482 1391 452 481 1392 442 482 1393 444 483 1394 369 484 1395 439 479 1396 358 485 1397 358 485 1398 439 479 1399 452 481 1400 358 485 1401 452 481 1402 435 478 1403 435 478 1404 452 481 1405 454 486 1406 435 478 1407 454 486 1408 456 476 1409 444 483 1410 446 487 1411 452 481 1412 452 481 1413 446 487 1414 448 488 1415 452 481 1416 448 488 1417 450 489 1418 135 490 1419 457 491 1420 458 492 1421 135 490 1422 458 492 1423 125 493 1424 125 493 1425 458 492 1426 459 494 1427 125 493 1428 459 494 1429 126 495 1430 126 495 1431 459 494 1432 460 496 1433 126 495 1434 460 496 1435 127 497 1436 127 497 1437 460 496 1438 461 498 1439 127 497 1440 461 498 1441 129 499 1442 129 499 1443 461 498 1444 130 500 1445 130 500 1446 461 498 1447 462 501 1448 130 500 1449 462 501 1450 463 502 1451 463 502 1452 462 501 1453 66 66 1454 66 66 1455 462 501 1456 464 503 1457 66 66 1458 464 503 1459 56 56 1460 56 56 1461 465 504 1462 466 505 1463 466 505 1464 465 504 1465 467 506 1466 466 505 1467 467 506 1468 159 507 1469 159 507 1470 467 506 1471 160 508 1472 467 506 1473 468 509 1474 160 508 1475 160 508 1476 468 509 1477 469 510 1478 160 508 1479 469 510 1480 167 511 1481 167 511 1482 469 510 1483 470 512 1484 167 511 1485 470 512 1486 168 513 1487 168 513 1488 470 512 1489 471 514 1490 168 513 1491 471 514 1492 161 515 1493 161 515 1494 471 514 1495 472 516 1496 161 515 1497 472 516 1498 164 517 1499 56 56 1500 464 503 1501 465 504 1502 465 504 1503 464 503 1504 473 518 1505 465 504 1506 473 518 1507 474 519 1508 474 519 1509 473 518 1510 475 520 1511 474 519 1512 475 520 1513 476 521 1514 476 521 1515 475 520 1516 477 522 1517 476 521 1518 477 522 1519 478 523 1520 478 523 1521 477 522 1522 479 524 1523 478 523 1524 479 524 1525 480 525 1526 480 525 1527 479 524 1528 481 526 1529 480 525 1530 481 526 1531 482 527 1532 482 527 1533 481 526 1534 171 171 1535 482 527 1536 171 171 1537 173 173 1538 483 528 1539 484 529 1540 485 530 1541 485 530 1542 484 529 1543 486 531 1544 487 532 1545 488 533 1546 485 530 1547 485 530 1548 488 533 1549 489 534 1550 485 530 1551 489 534 1552 483 528 1553 490 535 1554 491 536 1555 148 537 1556 148 537 1557 491 536 1558 492 538 1559 148 537 1560 492 538 1561 487 532 1562 487 532 1563 492 538 1564 493 539 1565 487 532 1566 493 539 1567 488 533 1568 147 540 1569 494 541 1570 495 542 1571 484 529 1572 496 543 1573 486 531 1574 486 531 1575 496 543 1576 497 544 1577 486 531 1578 497 544 1579 498 545 1580 498 545 1581 497 544 1582 499 546 1583 495 542 1584 500 547 1585 147 540 1586 147 540 1587 500 547 1588 501 548 1589 147 540 1590 501 548 1591 148 537 1592 148 537 1593 501 548 1594 502 549 1595 148 537 1596 502 549 1597 490 535 1598 494 541 1599 147 540 1600 503 550 1601 503 550 1602 147 540 1603 504 551 1604 503 550 1605 504 551 1606 505 552 1607 505 552 1608 504 551 1609 506 553 1610 505 552 1611 506 553 1612 499 546 1613 499 546 1614 506 553 1615 507 554 1616 499 546 1617 507 554 1618 498 545 1619 508 555 1620 509 556 1621 510 557 1622 510 557 1623 509 556 1624 511 558 1625 512 559 1626 513 560 1627 514 561 1628 514 561 1629 513 560 1630 515 562 1631 516 563 1632 517 564 1633 518 565 1634 518 565 1635 517 564 1636 519 566 1637 519 566 1638 517 564 1639 520 567 1640 519 566 1641 520 567 1642 521 568 1643 522 569 1644 523 570 1645 524 571 1646 524 571 1647 523 570 1648 525 572 1649 524 571 1650 525 572 1651 520 567 1652 520 567 1653 525 572 1654 526 573 1655 520 567 1656 526 573 1657 521 568 1658 527 574 1659 528 575 1660 529 576 1661 529 576 1662 530 577 1663 527 574 1664 527 574 1665 530 577 1666 516 563 1667 527 574 1668 516 563 1669 531 578 1670 531 578 1671 516 563 1672 518 565 1673 530 577 1674 532 579 1675 516 563 1676 516 563 1677 532 579 1678 533 580 1679 516 563 1680 533 580 1681 534 581 1682 534 581 1683 533 580 1684 535 582 1685 534 581 1686 535 582 1687 536 583 1688 536 583 1689 535 582 1690 537 584 1691 536 583 1692 537 584 1693 538 585 1694 538 585 1695 537 584 1696 539 586 1697 539 586 1698 537 584 1699 540 587 1700 539 586 1701 540 587 1702 541 588 1703 541 588 1704 540 587 1705 542 589 1706 541 588 1707 542 589 1708 543 590 1709 542 589 1710 544 591 1711 543 590 1712 543 590 1713 544 591 1714 545 592 1715 543 590 1716 545 592 1717 546 593 1718 547 594 1719 548 595 1720 528 575 1721 528 575 1722 548 595 1723 549 596 1724 528 575 1725 549 596 1726 529 576 1727 550 597 1728 547 594 1729 551 598 1730 551 598 1731 547 594 1732 552 599 1733 551 598 1734 552 599 1735 553 600 1736 553 600 1737 552 599 1738 554 601 1739 553 600 1740 554 601 1741 555 602 1742 555 602 1743 554 601 1744 556 603 1745 555 602 1746 556 603 1747 557 604 1748 558 605 1749 559 606 1750 560 607 1751 560 607 1752 559 606 1753 561 608 1754 560 607 1755 561 608 1756 562 609 1757 562 609 1758 561 608 1759 563 610 1760 562 609 1761 563 610 1762 564 611 1763 550 597 1764 565 612 1765 547 594 1766 547 594 1767 565 612 1768 566 613 1769 547 594 1770 566 613 1771 548 595 1772 548 595 1773 566 613 1774 567 614 1775 524 571 1776 568 615 1777 522 569 1778 522 569 1779 568 615 1780 569 616 1781 522 569 1782 569 616 1783 556 603 1784 556 603 1785 569 616 1786 570 617 1787 545 592 1788 571 618 1789 546 593 1790 546 593 1791 571 618 1792 572 619 1793 546 593 1794 572 619 1795 573 620 1796 573 620 1797 572 619 1798 567 614 1799 573 620 1800 567 614 1801 574 621 1802 574 621 1803 567 614 1804 566 613 1805 564 611 1806 563 610 1807 575 622 1808 575 622 1809 563 610 1810 576 623 1811 575 622 1812 576 623 1813 577 624 1814 577 624 1815 576 623 1816 578 625 1817 577 624 1818 578 625 1819 524 571 1820 524 571 1821 578 625 1822 579 626 1823 524 571 1824 579 626 1825 568 615 1826 557 604 1827 556 603 1828 580 627 1829 580 627 1830 556 603 1831 570 617 1832 580 627 1833 570 617 1834 581 628 1835 581 628 1836 570 617 1837 582 629 1838 581 628 1839 582 629 1840 583 630 1841 584 631 1842 585 632 1843 558 605 1844 558 605 1845 585 632 1846 586 633 1847 558 605 1848 586 633 1849 559 606 1850 582 629 1851 587 634 1852 583 630 1853 583 630 1854 587 634 1855 588 635 1856 583 630 1857 588 635 1858 584 631 1859 584 631 1860 588 635 1861 589 636 1862 584 631 1863 589 636 1864 585 632 1865 590 637 1866 591 638 1867 592 639 1868 590 637 1869 592 639 1870 140 640 1871 140 640 1872 592 639 1873 593 641 1874 140 640 1875 593 641 1876 594 642 1877 595 643 1878 596 644 1879 597 645 1880 597 645 1881 596 644 1882 598 646 1883 599 647 1884 142 648 1885 600 649 1886 600 649 1887 142 648 1888 140 640 1889 600 649 1890 140 640 1891 601 650 1892 601 650 1893 140 640 1894 594 642 1895 597 645 1896 602 651 1897 595 643 1898 595 643 1899 602 651 1900 603 652 1901 595 643 1902 603 652 1903 590 637 1904 590 637 1905 603 652 1906 604 653 1907 590 637 1908 604 653 1909 591 638 1910 599 647 1911 605 654 1912 142 648 1913 142 648 1914 605 654 1915 606 655 1916 142 648 1917 606 655 1918 607 656 1919 607 656 1920 606 655 1921 608 657 1922 607 656 1923 608 657 1924 609 658 1925 598 646 1926 596 644 1927 610 659 1928 610 659 1929 596 644 1930 611 660 1931 610 659 1932 611 660 1933 612 661 1934 612 661 1935 611 660 1936 613 662 1937 612 661 1938 613 662 1939 609 658 1940 609 658 1941 613 662 1942 614 663 1943 609 658 1944 614 663 1945 607 656 1946 615 664 1947 616 665 1948 617 666 1949 618 667 1950 9 668 1951 8 669 1952 118 670 1953 117 671 1954 619 672 1955 618 667 1956 8 669 1957 620 673 1958 621 674 1959 622 675 1960 617 666 1961 617 666 1962 622 675 1963 118 670 1964 617 666 1965 118 670 1966 615 664 1967 615 664 1968 118 670 1969 619 672 1970 623 676 1971 624 677 1972 8 669 1973 8 669 1974 624 677 1975 625 678 1976 8 669 1977 625 678 1978 620 673 1979 620 673 1980 625 678 1981 626 679 1982 620 673 1983 626 679 1984 627 680 1985 615 664 1986 628 681 1987 616 665 1988 616 665 1989 628 681 1990 629 682 1991 616 665 1992 629 682 1993 630 683 1994 630 683 1995 629 682 1996 631 684 1997 630 683 1998 631 684 1999 632 685 2000 632 685 2001 631 684 2002 633 686 2003 632 685 2004 633 686 2005 626 679 2006 626 679 2007 633 686 2008 634 687 2009 626 679 2010 634 687 2011 627 680 2012 635 688 2013 636 689 2014 637 690 2015 637 690 2016 636 689 2017 638 691 2018 639 692 2019 640 693 2020 641 694 2021 641 694 2022 640 693 2023 642 695 2024 643 696 2025 644 697 2026 645 698 2027 645 698 2028 644 697 2029 646 699 2030 647 700 2031 648 701 2032 649 702 2033 647 700 2034 650 703 2035 648 701 2036 648 701 2037 650 703 2038 651 704 2039 648 701 2040 651 704 2041 652 705 2042 651 704 2043 653 706 2044 652 705 2045 652 705 2046 653 706 2047 654 707 2048 652 705 2049 654 707 2050 655 708 2051 654 707 2052 656 709 2053 655 708 2054 655 708 2055 656 709 2056 657 710 2057 655 708 2058 657 710 2059 658 711 2060 657 710 2061 659 712 2062 658 711 2063 658 711 2064 659 712 2065 660 713 2066 658 711 2067 660 713 2068 661 714 2069 660 713 2070 662 715 2071 661 714 2072 661 714 2073 662 715 2074 663 716 2075 661 714 2076 663 716 2077 664 717 2078 663 716 2079 665 718 2080 664 717 2081 664 717 2082 665 718 2083 666 719 2084 664 717 2085 666 719 2086 667 720 2087 666 719 2088 668 721 2089 667 720 2090 667 720 2091 668 721 2092 669 722 2093 667 720 2094 669 722 2095 670 723 2096 670 723 2097 669 722 2098 671 724 2099 670 723 2100 671 724 2101 672 725 2102 672 725 2103 671 724 2104 673 726 2105 672 725 2106 673 726 2107 674 727 2108 673 726 2109 675 728 2110 674 727 2111 674 727 2112 675 728 2113 676 729 2114 674 727 2115 676 729 2116 677 730 2117 676 729 2118 678 731 2119 677 730 2120 677 730 2121 678 731 2122 679 732 2123 677 730 2124 679 732 2125 680 733 2126 679 732 2127 681 734 2128 680 733 2129 680 733 2130 681 734 2131 682 735 2132 680 733 2133 682 735 2134 683 736 2135 682 735 2136 684 737 2137 683 736 2138 683 736 2139 684 737 2140 685 738 2141 683 736 2142 685 738 2143 686 739 2144 685 738 2145 687 740 2146 686 739 2147 686 739 2148 687 740 2149 688 741 2150 686 739 2151 688 741 2152 689 742 2153 688 741 2154 690 743 2155 689 742 2156 689 742 2157 690 743 2158 691 744 2159 689 742 2160 691 744 2161 692 745 2162 691 744 2163 693 746 2164 692 745 2165 692 745 2166 693 746 2167 694 747 2168 692 745 2169 694 747 2170 695 748 2171 694 747 2172 696 749 2173 695 748 2174 695 748 2175 696 749 2176 697 750 2177 695 748 2178 697 750 2179 649 702 2180 649 702 2181 697 750 2182 698 751 2183 649 702 2184 698 751 2185 647 700 2186 699 752 2187 672 753 2188 700 754 2189 700 754 2190 672 753 2191 674 755 2192 700 754 2193 674 755 2194 701 756 2195 701 756 2196 674 755 2197 677 757 2198 701 756 2199 677 757 2200 702 758 2201 702 758 2202 677 757 2203 680 759 2204 702 758 2205 680 759 2206 703 760 2207 704 761 2208 661 762 2209 705 763 2210 705 763 2211 661 762 2212 664 764 2213 705 763 2214 664 764 2215 706 765 2216 706 765 2217 664 764 2218 667 766 2219 706 765 2220 667 766 2221 699 752 2222 699 752 2223 667 766 2224 670 767 2225 699 752 2226 670 767 2227 672 753 2228 680 759 2229 683 768 2230 703 760 2231 703 760 2232 683 768 2233 686 769 2234 703 760 2235 686 769 2236 707 770 2237 707 770 2238 686 769 2239 689 771 2240 707 770 2241 689 771 2242 708 772 2243 708 772 2244 689 771 2245 692 773 2246 708 772 2247 692 773 2248 709 774 2249 709 774 2250 692 773 2251 695 775 2252 709 774 2253 695 775 2254 710 776 2255 710 776 2256 695 775 2257 649 777 2258 710 776 2259 649 777 2260 711 778 2261 711 778 2262 649 777 2263 648 779 2264 711 778 2265 648 779 2266 712 780 2267 712 780 2268 648 779 2269 652 781 2270 712 780 2271 652 781 2272 713 782 2273 713 782 2274 652 781 2275 655 783 2276 713 782 2277 655 783 2278 704 761 2279 704 761 2280 655 783 2281 658 784 2282 704 761 2283 658 784 2284 661 762 2285 714 785 2286 715 786 2287 716 787 2288 714 785 2289 717 788 2290 715 786 2291 715 786 2292 717 788 2293 718 789 2294 715 786 2295 718 789 2296 719 790 2297 718 789 2298 720 791 2299 719 790 2300 719 790 2301 720 791 2302 721 792 2303 719 790 2304 721 792 2305 722 793 2306 721 792 2307 723 794 2308 722 793 2309 722 793 2310 723 794 2311 724 795 2312 722 793 2313 724 795 2314 725 796 2315 724 795 2316 726 797 2317 725 796 2318 725 796 2319 726 797 2320 727 798 2321 725 796 2322 727 798 2323 728 799 2324 727 798 2325 729 800 2326 728 799 2327 728 799 2328 729 800 2329 730 801 2330 728 799 2331 730 801 2332 731 802 2333 730 801 2334 732 803 2335 731 802 2336 731 802 2337 732 803 2338 733 804 2339 731 802 2340 733 804 2341 734 805 2342 733 804 2343 735 806 2344 734 805 2345 734 805 2346 735 806 2347 736 807 2348 734 805 2349 736 807 2350 737 808 2351 736 807 2352 738 809 2353 737 808 2354 737 808 2355 738 809 2356 739 810 2357 737 808 2358 739 810 2359 740 811 2360 739 810 2361 741 812 2362 740 811 2363 740 811 2364 741 812 2365 742 813 2366 740 811 2367 742 813 2368 743 814 2369 742 813 2370 744 815 2371 743 814 2372 743 814 2373 744 815 2374 745 816 2375 743 814 2376 745 816 2377 746 817 2378 745 816 2379 747 818 2380 746 817 2381 746 817 2382 747 818 2383 748 819 2384 746 817 2385 748 819 2386 749 820 2387 748 819 2388 750 821 2389 749 820 2390 749 820 2391 750 821 2392 751 822 2393 749 820 2394 751 822 2395 752 823 2396 751 822 2397 753 824 2398 752 823 2399 752 823 2400 753 824 2401 754 825 2402 752 823 2403 754 825 2404 755 826 2405 754 825 2406 756 827 2407 755 826 2408 755 826 2409 756 827 2410 757 828 2411 755 826 2412 757 828 2413 758 829 2414 757 828 2415 759 830 2416 758 829 2417 758 829 2418 759 830 2419 760 831 2420 758 829 2421 760 831 2422 761 832 2423 760 831 2424 762 833 2425 761 832 2426 761 832 2427 762 833 2428 763 834 2429 761 832 2430 763 834 2431 716 787 2432 716 787 2433 763 834 2434 764 835 2435 716 787 2436 764 835 2437 714 785 2438 765 836 2439 728 837 2440 766 838 2441 766 838 2442 728 837 2443 731 839 2444 766 838 2445 731 839 2446 767 840 2447 767 840 2448 731 839 2449 734 841 2450 767 840 2451 734 841 2452 768 842 2453 768 842 2454 734 841 2455 737 843 2456 768 842 2457 737 843 2458 769 844 2459 769 844 2460 737 843 2461 740 845 2462 769 844 2463 740 845 2464 770 846 2465 770 846 2466 740 845 2467 743 847 2468 770 846 2469 743 847 2470 771 848 2471 771 848 2472 743 847 2473 746 849 2474 771 848 2475 746 849 2476 772 850 2477 746 849 2478 749 851 2479 772 850 2480 772 850 2481 749 851 2482 752 852 2483 772 850 2484 752 852 2485 773 853 2486 773 853 2487 752 852 2488 755 854 2489 773 853 2490 755 854 2491 774 855 2492 774 855 2493 755 854 2494 758 856 2495 774 855 2496 758 856 2497 775 857 2498 775 857 2499 758 856 2500 761 858 2501 775 857 2502 761 858 2503 776 859 2504 776 859 2505 761 858 2506 716 860 2507 776 859 2508 716 860 2509 777 861 2510 777 861 2511 716 860 2512 715 862 2513 777 861 2514 715 862 2515 778 863 2516 778 863 2517 715 862 2518 719 864 2519 778 863 2520 719 864 2521 779 865 2522 779 865 2523 719 864 2524 722 866 2525 779 865 2526 722 866 2527 765 836 2528 765 836 2529 722 866 2530 725 867 2531 765 836 2532 725 867 2533 728 837 2534 559 868 2535 710 869 2536 561 870 2537 561 870 2538 710 869 2539 711 871 2540 561 870 2541 711 871 2542 563 872 2543 563 872 2544 711 871 2545 712 873 2546 563 872 2547 712 873 2548 576 874 2549 576 874 2550 712 873 2551 713 875 2552 576 874 2553 713 875 2554 578 876 2555 578 876 2556 713 875 2557 704 877 2558 578 876 2559 704 877 2560 579 878 2561 579 878 2562 704 877 2563 705 879 2564 579 878 2565 705 879 2566 568 880 2567 568 880 2568 705 879 2569 706 881 2570 568 880 2571 706 881 2572 569 882 2573 569 882 2574 706 881 2575 699 883 2576 569 882 2577 699 883 2578 570 884 2579 570 884 2580 699 883 2581 700 885 2582 570 884 2583 700 885 2584 582 886 2585 582 886 2586 700 885 2587 701 887 2588 582 886 2589 701 887 2590 587 888 2591 587 888 2592 701 887 2593 702 889 2594 587 888 2595 702 889 2596 588 890 2597 588 890 2598 702 889 2599 703 891 2600 588 890 2601 703 891 2602 589 892 2603 589 892 2604 703 891 2605 707 893 2606 589 892 2607 707 893 2608 585 894 2609 585 894 2610 707 893 2611 708 895 2612 585 894 2613 708 895 2614 586 896 2615 586 896 2616 708 895 2617 709 897 2618 586 896 2619 709 897 2620 559 868 2621 559 868 2622 709 897 2623 710 869 2624 529 898 2625 776 899 2626 530 900 2627 530 900 2628 776 899 2629 777 901 2630 530 900 2631 777 901 2632 532 902 2633 532 902 2634 777 901 2635 778 903 2636 532 902 2637 778 903 2638 533 904 2639 533 904 2640 778 903 2641 779 905 2642 533 904 2643 779 905 2644 535 906 2645 535 906 2646 779 905 2647 765 907 2648 535 906 2649 765 907 2650 537 908 2651 537 908 2652 765 907 2653 766 909 2654 537 908 2655 766 909 2656 540 910 2657 540 910 2658 766 909 2659 767 911 2660 540 910 2661 767 911 2662 542 912 2663 542 912 2664 767 911 2665 768 913 2666 542 912 2667 768 913 2668 544 914 2669 544 914 2670 768 913 2671 769 915 2672 544 914 2673 769 915 2674 545 916 2675 545 916 2676 769 915 2677 770 917 2678 545 916 2679 770 917 2680 571 918 2681 571 918 2682 770 917 2683 771 919 2684 571 918 2685 771 919 2686 572 920 2687 572 920 2688 771 919 2689 772 921 2690 572 920 2691 772 921 2692 567 922 2693 567 922 2694 772 921 2695 773 923 2696 567 922 2697 773 923 2698 548 924 2699 548 924 2700 773 923 2701 774 925 2702 548 924 2703 774 925 2704 549 926 2705 549 926 2706 774 925 2707 775 927 2708 549 926 2709 775 927 2710 529 898 2711 529 898 2712 775 927 2713 776 899 2714 780 928 2715 531 929 2716 781 930 2717 781 930 2718 531 929 2719 518 931 2720 781 930 2721 518 931 2722 782 932 2723 519 933 2724 521 934 2725 783 935 2726 782 932 2727 518 931 2728 784 936 2729 784 936 2730 518 931 2731 519 933 2732 784 936 2733 519 933 2734 785 937 2735 785 937 2736 519 933 2737 783 935 2738 785 937 2739 783 935 2740 74 74 2741 526 938 2742 525 939 2743 786 940 2744 786 940 2745 787 941 2746 526 938 2747 526 938 2748 787 941 2749 788 942 2750 526 938 2751 788 942 2752 521 934 2753 521 934 2754 788 942 2755 789 943 2756 521 934 2757 789 943 2758 783 935 2759 780 928 2760 790 944 2761 531 929 2762 531 929 2763 790 944 2764 791 945 2765 531 929 2766 791 945 2767 527 946 2768 527 946 2769 791 945 2770 621 947 2771 527 946 2772 621 947 2773 528 948 2774 528 948 2775 621 947 2776 617 949 2777 528 948 2778 617 949 2779 547 950 2780 547 950 2781 617 949 2782 616 951 2783 547 950 2784 616 951 2785 552 952 2786 552 952 2787 616 951 2788 630 953 2789 552 952 2790 630 953 2791 554 954 2792 554 954 2793 630 953 2794 632 955 2795 554 954 2796 632 955 2797 556 956 2798 556 956 2799 632 955 2800 626 957 2801 556 956 2802 626 957 2803 522 958 2804 522 958 2805 626 957 2806 625 959 2807 522 958 2808 625 959 2809 523 960 2810 523 960 2811 625 959 2812 624 961 2813 523 960 2814 624 961 2815 525 939 2816 525 939 2817 624 961 2818 792 962 2819 525 939 2820 792 962 2821 786 940 2822 384 963 2823 382 964 2824 64 965 2825 382 964 2826 380 966 2827 793 967 2828 64 965 2829 382 964 2830 65 968 2831 71 969 2832 388 970 2833 64 965 2834 64 965 2835 388 970 2836 386 971 2837 64 965 2838 386 971 2839 384 963 2840 69 972 2841 391 973 2842 70 974 2843 70 974 2844 391 973 2845 390 975 2846 70 974 2847 390 975 2848 71 969 2849 71 969 2850 390 975 2851 389 976 2852 71 969 2853 389 976 2854 388 970 2855 370 977 2856 372 978 2857 58 979 2858 58 979 2859 372 978 2860 394 980 2861 58 979 2862 394 980 2863 69 972 2864 69 972 2865 394 980 2866 393 981 2867 69 972 2868 393 981 2869 391 973 2870 382 964 2871 793 967 2872 65 968 2873 65 968 2874 793 967 2875 794 982 2876 65 968 2877 794 982 2878 67 983 2879 57 984 2880 795 985 2881 58 979 2882 58 979 2883 795 985 2884 796 986 2885 58 979 2886 796 986 2887 370 977 2888 54 987 2889 797 988 2890 57 984 2891 57 984 2892 797 988 2893 798 989 2894 57 984 2895 798 989 2896 795 985 2897 53 990 2898 799 991 2899 54 987 2900 54 987 2901 799 991 2902 800 992 2903 54 987 2904 800 992 2905 797 988 2906 63 993 2907 801 994 2908 53 990 2909 53 990 2910 801 994 2911 802 995 2912 53 990 2913 802 995 2914 799 991 2915 62 996 2916 803 997 2917 63 993 2918 63 993 2919 803 997 2920 804 998 2921 63 993 2922 804 998 2923 801 994 2924 60 999 2925 805 1000 2926 62 996 2927 62 996 2928 805 1000 2929 806 1001 2930 62 996 2931 806 1001 2932 803 997 2933 59 1002 2934 807 1003 2935 60 999 2936 60 999 2937 807 1003 2938 808 1004 2939 60 999 2940 808 1004 2941 805 1000 2942 68 1005 2943 809 1006 2944 59 1002 2945 59 1002 2946 809 1006 2947 810 1007 2948 59 1002 2949 810 1007 2950 807 1003 2951 794 982 2952 811 1008 2953 67 983 2954 67 983 2955 811 1008 2956 812 1009 2957 67 983 2958 812 1009 2959 68 1005 2960 68 1005 2961 812 1009 2962 813 1010 2963 68 1005 2964 813 1010 2965 809 1006 2966 378 1011 2967 370 1012 2968 796 1013 2969 378 1011 2970 796 1013 2971 440 1014 2972 380 1015 2973 379 1016 2974 793 1017 2975 793 1017 2976 379 1016 2977 436 1018 2978 455 1019 2979 811 1020 2980 436 1018 2981 436 1018 2982 811 1020 2983 794 1021 2984 436 1018 2985 794 1021 2986 793 1017 2987 453 1022 2988 813 1023 2989 455 1019 2990 455 1019 2991 813 1023 2992 812 1024 2993 455 1019 2994 812 1024 2995 811 1020 2996 451 1025 2997 810 1026 2998 453 1022 2999 453 1022 3000 810 1026 3001 809 1027 3002 453 1022 3003 809 1027 3004 813 1023 3005 449 1028 3006 808 1029 3007 451 1025 3008 451 1025 3009 808 1029 3010 807 1030 3011 451 1025 3012 807 1030 3013 810 1026 3014 447 1031 3015 806 1032 3016 449 1028 3017 449 1028 3018 806 1032 3019 805 1033 3020 449 1028 3021 805 1033 3022 808 1029 3023 445 1034 3024 804 1035 3025 447 1031 3026 447 1031 3027 804 1035 3028 803 1036 3029 447 1031 3030 803 1036 3031 806 1032 3032 443 1037 3033 802 1038 3034 445 1034 3035 445 1034 3036 802 1038 3037 801 1039 3038 445 1034 3039 801 1039 3040 804 1035 3041 441 1040 3042 800 1041 3043 443 1037 3044 443 1037 3045 800 1041 3046 799 1042 3047 443 1037 3048 799 1042 3049 802 1038 3050 796 1013 3051 795 1043 3052 440 1014 3053 440 1014 3054 795 1043 3055 798 1044 3056 440 1014 3057 798 1044 3058 441 1040 3059 441 1040 3060 798 1044 3061 797 1045 3062 441 1040 3063 797 1045 3064 800 1041 3065 197 1046 3066 814 1047 3067 198 1048 3068 198 1048 3069 814 1047 3070 175 1049 3071 198 1048 3072 175 1049 3073 176 1050 3074 815 1051 3075 240 1052 3076 172 1053 3077 172 1053 3078 240 1052 3079 254 1054 3080 172 1053 3081 254 1054 3082 174 1055 3083 34 34 3084 33 33 3085 816 1056 3086 34 34 3087 816 1056 3088 817 1057 3089 817 1057 3090 816 1056 3091 818 1058 3092 817 1057 3093 818 1058 3094 819 1059 3095 819 1059 3096 818 1058 3097 820 1060 3098 819 1059 3099 820 1060 3100 821 1061 3101 821 1061 3102 820 1060 3103 822 1062 3104 821 1061 3105 822 1062 3106 823 1063 3107 824 1064 3108 825 1065 3109 826 1066 3110 823 1063 3111 822 1062 3112 825 1065 3113 825 1065 3114 822 1062 3115 827 1067 3116 825 1065 3117 827 1067 3118 826 1066 3119 828 1068 3120 2 2 3121 3 3 3122 3 3 3123 829 1069 3124 828 1068 3125 828 1068 3126 829 1069 3127 830 1070 3128 828 1068 3129 830 1070 3130 826 1066 3131 826 1066 3132 830 1070 3133 831 1071 3134 826 1066 3135 831 1071 3136 824 1064 3137 832 1072 3138 833 1073 3139 87 87 3140 87 87 3141 833 1073 3142 834 1074 3143 87 87 3144 834 1074 3145 79 79 3146 835 1075 3147 5 5 3148 836 1076 3149 836 1076 3150 5 5 3151 4 4 3152 836 1076 3153 4 4 3154 837 1077 3155 837 1077 3156 4 4 3157 838 1078 3158 837 1077 3159 838 1078 3160 839 1079 3161 839 1079 3162 838 1078 3163 840 1080 3164 839 1079 3165 840 1080 3166 841 1081 3167 841 1081 3168 840 1080 3169 842 1082 3170 841 1081 3171 842 1082 3172 843 1083 3173 843 1083 3174 842 1082 3175 844 1084 3176 843 1083 3177 844 1084 3178 845 1085 3179 845 1085 3180 844 1084 3181 833 1073 3182 845 1085 3183 833 1073 3184 846 1086 3185 846 1086 3186 833 1073 3187 832 1072 3188 624 677 3189 623 676 3190 792 1087 3191 792 1087 3192 623 676 3193 847 1088 3194 792 1087 3195 847 1088 3196 786 1089 3197 786 1089 3198 847 1088 3199 848 1090 3200 786 1089 3201 848 1090 3202 787 1091 3203 787 1091 3204 848 1090 3205 788 1092 3206 788 1092 3207 848 1090 3208 849 1093 3209 788 1092 3210 849 1093 3211 789 943 3212 789 943 3213 849 1093 3214 783 935 3215 783 935 3216 849 1093 3217 72 72 3218 783 935 3219 72 72 3220 74 74 3221 850 1094 3222 851 1095 3223 781 1096 3224 781 1096 3225 782 1097 3226 850 1094 3227 850 1094 3228 782 1097 3229 784 936 3230 850 1094 3231 784 936 3232 76 76 3233 76 76 3234 784 936 3235 785 937 3236 76 76 3237 785 937 3238 74 74 3239 852 1098 3240 622 675 3241 621 674 3242 621 674 3243 791 1099 3244 852 1098 3245 852 1098 3246 791 1099 3247 790 1100 3248 852 1098 3249 790 1100 3250 851 1095 3251 851 1095 3252 790 1100 3253 780 1101 3254 851 1095 3255 780 1101 3256 781 1096 3257 534 1102 3258 853 1103 3259 854 1104 3260 854 1104 3261 181 1105 3262 534 1102 3263 534 1102 3264 181 1105 3265 180 1106 3266 534 1102 3267 180 1106 3268 516 1107 3269 854 1104 3270 855 1108 3271 181 1105 3272 181 1105 3273 855 1108 3274 856 1109 3275 181 1105 3276 856 1109 3277 186 1110 3278 186 1110 3279 856 1109 3280 857 1111 3281 186 1110 3282 857 1111 3283 858 1112 3284 859 1113 3285 187 1114 3286 860 1115 3287 860 1115 3288 187 1114 3289 186 1110 3290 860 1115 3291 186 1110 3292 861 1116 3293 861 1116 3294 186 1110 3295 858 1112 3296 859 1113 3297 862 1117 3298 187 1114 3299 187 1114 3300 862 1117 3301 863 1118 3302 187 1114 3303 863 1118 3304 188 1119 3305 863 1118 3306 864 1120 3307 188 1119 3308 188 1119 3309 864 1120 3310 814 1047 3311 188 1119 3312 814 1047 3313 197 1046 3314 865 1121 3315 866 1122 3316 577 1123 3317 234 1124 3318 233 1125 3319 867 1126 3320 867 1126 3321 233 1125 3322 240 1052 3323 867 1126 3324 240 1052 3325 815 1051 3326 867 1126 3327 868 1127 3328 234 1124 3329 234 1124 3330 868 1127 3331 869 1128 3332 234 1124 3333 869 1128 3334 236 1129 3335 869 1128 3336 870 1130 3337 236 1129 3338 236 1129 3339 870 1130 3340 871 1131 3341 236 1129 3342 871 1131 3343 238 1132 3344 865 1121 3345 577 1123 3346 872 1133 3347 871 1131 3348 873 1134 3349 238 1132 3350 238 1132 3351 873 1134 3352 872 1133 3353 238 1132 3354 872 1133 3355 239 1135 3356 239 1135 3357 872 1133 3358 577 1123 3359 239 1135 3360 577 1123 3361 524 1136 3362 75 75 3363 73 73 3364 874 1137 3365 75 75 3366 874 1137 3367 875 1138 3368 875 1138 3369 874 1137 3370 876 1139 3371 875 1138 3372 876 1139 3373 877 1140 3374 877 1140 3375 876 1139 3376 878 1141 3377 877 1140 3378 878 1141 3379 879 1142 3380 879 1142 3381 878 1141 3382 880 1143 3383 879 1142 3384 880 1143 3385 881 1144 3386 881 1144 3387 880 1143 3388 61 61 3389 881 1144 3390 61 61 3391 55 55 3392 520 567 3393 517 564 3394 882 1145 3395 882 1145 3396 517 564 3397 883 1146 3398 882 1145 3399 883 1146 3400 884 1147 3401 884 1147 3402 883 1146 3403 885 1148 3404 884 1147 3405 885 1148 3406 886 1149 3407 886 1149 3408 885 1148 3409 887 1150 3410 886 1149 3411 887 1150 3412 888 1151 3413 888 1151 3414 887 1150 3415 889 1152 3416 888 1151 3417 889 1152 3418 275 274 3419 275 274 3420 889 1152 3421 276 275 3422 607 656 3423 890 1153 3424 142 648 3425 142 648 3426 890 1153 3427 891 1154 3428 142 648 3429 891 1154 3430 144 1155 3431 457 491 3432 135 490 3433 892 1156 3434 892 1156 3435 135 490 3436 134 1157 3437 892 1156 3438 134 1157 3439 893 1158 3440 893 1158 3441 134 1157 3442 132 1159 3443 145 1160 3444 894 1161 3445 132 1159 3446 132 1159 3447 894 1161 3448 895 1162 3449 132 1159 3450 895 1162 3451 893 1158 3452 891 1154 3453 896 1163 3454 144 1155 3455 144 1155 3456 896 1163 3457 897 1164 3458 144 1155 3459 897 1164 3460 145 1160 3461 145 1160 3462 897 1164 3463 898 1165 3464 145 1160 3465 898 1165 3466 894 1161 3467 899 1166 3468 900 1167 3469 152 1168 3470 901 1169 3471 504 551 3472 147 540 3473 152 1168 3474 900 1167 3475 147 540 3476 147 540 3477 900 1167 3478 902 1170 3479 147 540 3480 902 1170 3481 901 1169 3482 899 1166 3483 152 1168 3484 903 1171 3485 903 1171 3486 152 1168 3487 154 1172 3488 903 1171 3489 154 1172 3490 904 1173 3491 904 1173 3492 154 1172 3493 155 1174 3494 904 1173 3495 155 1174 3496 905 1175 3497 905 1175 3498 155 1174 3499 906 1176 3500 906 1176 3501 155 1174 3502 157 1177 3503 906 1176 3504 157 1177 3505 907 1178 3506 907 1178 3507 157 1177 3508 164 517 3509 907 1178 3510 164 517 3511 472 516 3512 636 689 3513 635 688 3514 908 1179 3515 908 1179 3516 635 688 3517 909 1180 3518 908 1179 3519 909 1180 3520 910 1181 3521 910 1181 3522 909 1180 3523 911 1182 3524 910 1181 3525 911 1182 3526 912 1183 3527 912 1183 3528 911 1182 3529 913 1184 3530 912 1183 3531 913 1184 3532 642 695 3533 642 695 3534 913 1184 3535 641 694 3536 640 693 3537 639 692 3538 914 1185 3539 914 1185 3540 639 692 3541 915 1186 3542 914 1185 3543 915 1186 3544 916 1187 3545 916 1187 3546 915 1186 3547 917 1188 3548 916 1187 3549 917 1188 3550 918 1189 3551 918 1189 3552 917 1188 3553 919 1190 3554 918 1189 3555 919 1190 3556 646 699 3557 646 699 3558 919 1190 3559 645 698 3560 514 1191 3561 515 1192 3562 0 1193 3563 0 1193 3564 515 1192 3565 1 1194 3566 12 1195 3567 13 1196 3568 512 1197 3569 512 1197 3570 13 1196 3571 513 1198 3572 6 1199 3573 7 1200 3574 508 1201 3575 508 1201 3576 7 1200 3577 509 1202 3578 510 1203 3579 511 1204 3580 120 1205 3581 120 1205 3582 511 1204 3583 121 1206 3584 128 1207 3585 130 1208 3586 61 1209 3587 61 1209 3588 130 1208 3589 463 1210 3590 61 1209 3591 463 1210 3592 66 1211 3593 128 1207 3594 61 1209 3595 880 1212 3596 128 1207 3597 880 1212 3598 146 1213 3599 146 1213 3600 880 1212 3601 878 1214 3602 146 1213 3603 878 1214 3604 136 1215 3605 136 1215 3606 878 1214 3607 876 1216 3608 136 1215 3609 876 1216 3610 137 1217 3611 137 1217 3612 876 1216 3613 874 1218 3614 137 1217 3615 874 1218 3616 138 1219 3617 138 1219 3618 874 1218 3619 73 1220 3620 138 1219 3621 73 1220 3622 123 1221 3623 72 1222 3624 124 1223 3625 73 1220 3626 73 1220 3627 124 1223 3628 123 1221 3629 623 1224 3630 141 1225 3631 847 1226 3632 847 1226 3633 141 1225 3634 143 1227 3635 847 1226 3636 143 1227 3637 848 1228 3638 848 1228 3639 143 1227 3640 131 1229 3641 848 1228 3642 131 1229 3643 849 1230 3644 849 1230 3645 131 1229 3646 133 1231 3647 849 1230 3648 133 1231 3649 72 1222 3650 72 1222 3651 133 1231 3652 124 1223 3653 8 1232 3654 139 1233 3655 623 1224 3656 623 1224 3657 139 1233 3658 141 1225 3659 10 1234 3660 140 1235 3661 8 1236 3662 8 1236 3663 140 1235 3664 139 1237 3665 12 1238 3666 590 1239 3667 10 1240 3668 10 1240 3669 590 1239 3670 140 1241 3671 512 1242 3672 595 1243 3673 12 1244 3674 12 1244 3675 595 1243 3676 590 1245 3677 514 1246 3678 596 1247 3679 512 1248 3680 512 1248 3681 596 1247 3682 595 1249 3683 0 1250 3684 611 1251 3685 514 1252 3686 514 1252 3687 611 1251 3688 596 1253 3689 2 1254 3690 613 1255 3691 0 1256 3692 0 1256 3693 613 1255 3694 611 1257 3695 827 1258 3696 607 1259 3697 826 1260 3698 826 1260 3699 607 1259 3700 614 1261 3701 613 1255 3702 2 1254 3703 614 1261 3704 614 1261 3705 2 1254 3706 828 1262 3707 614 1261 3708 828 1262 3709 826 1260 3710 33 1263 3711 897 1264 3712 816 1265 3713 816 1265 3714 897 1264 3715 896 1266 3716 816 1265 3717 896 1266 3718 818 1267 3719 818 1267 3720 896 1266 3721 891 1268 3722 818 1267 3723 891 1268 3724 820 1269 3725 820 1269 3726 891 1268 3727 890 1270 3728 820 1269 3729 890 1270 3730 822 1271 3731 822 1271 3732 890 1270 3733 607 1259 3734 822 1271 3735 607 1259 3736 827 1258 3737 897 1264 3738 33 1263 3739 898 1272 3740 898 1272 3741 33 1263 3742 32 1273 3743 51 1274 3744 457 1275 3745 52 1276 3746 52 1276 3747 457 1275 3748 892 1277 3749 52 1276 3750 892 1277 3751 45 1278 3752 892 1277 3753 893 1279 3754 45 1278 3755 45 1278 3756 893 1279 3757 895 1280 3758 45 1278 3759 895 1280 3760 32 1273 3761 32 1273 3762 895 1280 3763 894 1281 3764 32 1273 3765 894 1281 3766 898 1272 3767 16 1282 3768 171 1283 3769 481 1284 3770 16 1282 3771 481 1284 3772 35 1285 3773 35 1285 3774 481 1284 3775 479 1286 3776 35 1285 3777 479 1286 3778 36 1287 3779 36 1287 3780 479 1286 3781 477 1288 3782 36 1287 3783 477 1288 3784 38 1289 3785 38 1289 3786 477 1288 3787 475 1290 3788 38 1289 3789 475 1290 3790 40 1291 3791 40 1291 3792 475 1290 3793 473 1292 3794 40 1291 3795 473 1292 3796 41 1293 3797 41 1293 3798 473 1292 3799 464 1294 3800 41 1293 3801 464 1294 3802 26 1295 3803 26 1295 3804 464 1294 3805 462 1296 3806 26 1295 3807 462 1296 3808 28 1297 3809 28 1297 3810 462 1296 3811 461 1298 3812 28 1297 3813 461 1298 3814 30 1299 3815 30 1299 3816 461 1298 3817 460 1300 3818 30 1299 3819 460 1300 3820 46 1301 3821 46 1301 3822 460 1300 3823 459 1302 3824 46 1301 3825 459 1302 3826 47 1303 3827 47 1303 3828 459 1302 3829 458 1304 3830 47 1303 3831 458 1304 3832 49 1305 3833 49 1305 3834 458 1304 3835 457 1275 3836 49 1305 3837 457 1275 3838 51 1274 3839 19 1306 3840 172 1307 3841 16 1282 3842 16 1282 3843 172 1307 3844 171 1283 3845 23 1308 3846 815 1309 3847 19 1310 3848 19 1310 3849 815 1309 3850 172 1311 3851 815 1309 3852 23 1308 3853 867 1312 3854 867 1312 3855 23 1308 3856 34 1313 3857 865 1121 3858 830 1070 3859 866 1122 3860 866 1122 3861 830 1070 3862 829 1069 3863 867 1312 3864 34 1313 3865 868 1314 3866 868 1314 3867 34 1313 3868 817 1315 3869 868 1314 3870 817 1315 3871 869 1316 3872 869 1316 3873 817 1315 3874 819 1317 3875 869 1316 3876 819 1317 3877 870 1318 3878 870 1318 3879 819 1317 3880 821 1319 3881 870 1318 3882 821 1319 3883 871 1131 3884 871 1131 3885 821 1319 3886 823 1063 3887 871 1131 3888 823 1063 3889 873 1134 3890 873 1134 3891 823 1063 3892 825 1065 3893 873 1134 3894 825 1065 3895 872 1133 3896 872 1133 3897 825 1065 3898 824 1064 3899 872 1133 3900 824 1064 3901 865 1121 3902 865 1121 3903 824 1064 3904 831 1071 3905 865 1121 3906 831 1071 3907 830 1070 3908 3 1320 3909 564 1321 3910 829 1322 3911 829 1322 3912 564 1321 3913 575 1323 3914 829 1322 3915 575 1323 3916 866 1324 3917 866 1324 3918 575 1323 3919 577 1325 3920 56 1326 3921 466 1327 3922 55 1328 3923 55 1328 3924 466 1327 3925 159 1329 3926 55 1328 3927 159 1329 3928 158 1330 3929 1 1331 3930 562 1332 3931 3 1320 3932 3 1320 3933 562 1332 3934 564 1321 3935 166 1333 3936 75 1334 3937 875 1335 3938 166 1333 3939 875 1335 3940 162 1336 3941 162 1336 3942 875 1335 3943 877 1337 3944 162 1336 3945 877 1337 3946 163 1338 3947 163 1338 3948 877 1337 3949 879 1339 3950 163 1338 3951 879 1339 3952 170 1340 3953 170 1340 3954 879 1339 3955 881 1341 3956 170 1340 3957 881 1341 3958 169 1342 3959 169 1342 3960 881 1341 3961 55 1328 3962 169 1342 3963 55 1328 3964 158 1330 3965 515 1343 3966 560 1344 3967 1 1345 3968 1 1345 3969 560 1344 3970 562 1346 3971 165 1347 3972 76 1348 3973 166 1333 3974 166 1333 3975 76 1348 3976 75 1334 3977 513 1349 3978 558 1350 3979 515 1351 3980 515 1351 3981 558 1350 3982 560 1352 3983 76 1348 3984 165 1347 3985 850 1353 3986 850 1353 3987 165 1347 3988 156 1354 3989 850 1353 3990 156 1354 3991 851 1355 3992 851 1355 3993 156 1354 3994 153 1356 3995 851 1355 3996 153 1356 3997 852 1357 3998 852 1357 3999 153 1356 4000 151 1358 4001 852 1357 4002 151 1358 4003 622 1359 4004 622 1359 4005 151 1358 4006 150 1360 4007 13 1361 4008 584 1362 4009 513 1363 4010 513 1363 4011 584 1362 4012 558 1364 4013 149 1365 4014 118 1366 4015 150 1360 4016 150 1360 4017 118 1366 4018 622 1359 4019 9 1367 4020 637 1368 4021 11 1369 4022 11 1369 4023 637 1368 4024 638 1370 4025 11 1371 4026 583 1372 4027 13 1373 4028 13 1373 4029 583 1372 4030 584 1374 4031 148 1375 4032 119 1376 4033 149 1377 4034 149 1377 4035 119 1376 4036 118 1378 4037 618 1379 4038 635 1380 4039 9 1381 4040 9 1381 4041 635 1380 4042 637 1382 4043 11 1383 4044 638 1383 4045 583 1383 4046 487 1384 4047 120 1385 4048 148 1386 4049 148 1386 4050 120 1385 4051 119 1387 4052 635 1380 4053 618 1379 4054 909 1388 4055 909 1388 4056 618 1379 4057 620 1389 4058 909 1388 4059 620 1389 4060 911 1390 4061 911 1390 4062 620 1389 4063 627 1391 4064 911 1390 4065 627 1391 4066 913 1392 4067 913 1392 4068 627 1391 4069 634 1393 4070 913 1392 4071 634 1393 4072 641 1394 4073 641 1394 4074 634 1393 4075 633 1395 4076 636 1396 4077 581 1397 4078 638 1398 4079 638 1398 4080 581 1397 4081 583 1399 4082 485 1400 4083 510 1401 4084 487 1402 4085 487 1402 4086 510 1401 4087 120 1403 4088 631 1404 4089 639 1405 4090 633 1395 4091 633 1395 4092 639 1405 4093 641 1394 4094 642 1406 4095 553 1407 4096 912 1408 4097 912 1408 4098 553 1407 4099 555 1409 4100 912 1408 4101 555 1409 4102 910 1410 4103 910 1410 4104 555 1409 4105 557 1411 4106 910 1410 4107 557 1411 4108 908 1412 4109 908 1412 4110 557 1411 4111 580 1413 4112 908 1412 4113 580 1413 4114 636 1396 4115 636 1396 4116 580 1413 4117 581 1397 4118 486 1414 4119 508 1415 4120 485 1416 4121 485 1416 4122 508 1415 4123 510 1417 4124 639 1405 4125 631 1404 4126 915 1418 4127 915 1418 4128 631 1404 4129 629 1419 4130 915 1418 4131 629 1419 4132 917 1420 4133 917 1420 4134 629 1419 4135 628 1421 4136 917 1420 4137 628 1421 4138 919 1422 4139 919 1422 4140 628 1421 4141 615 1423 4142 919 1422 4143 615 1423 4144 645 1424 4145 645 1424 4146 615 1423 4147 619 1425 4148 640 1426 4149 551 1427 4150 642 1406 4151 642 1406 4152 551 1427 4153 553 1407 4154 498 1428 4155 6 1429 4156 486 1430 4157 486 1430 4158 6 1429 4159 508 1431 4160 117 1432 4161 643 1433 4162 619 1425 4163 619 1425 4164 643 1433 4165 645 1424 4166 646 1434 4167 574 1435 4168 918 1436 4169 918 1436 4170 574 1435 4171 566 1437 4172 918 1436 4173 566 1437 4174 916 1438 4175 916 1438 4176 566 1437 4177 565 1439 4178 916 1438 4179 565 1439 4180 914 1440 4181 914 1440 4182 565 1439 4183 550 1441 4184 914 1440 4185 550 1441 4186 640 1426 4187 640 1426 4188 550 1441 4189 551 1427 4190 507 1442 4191 4 1443 4192 498 1444 4193 498 1444 4194 4 1443 4195 6 1445 4196 122 1446 4197 644 1447 4198 117 1448 4199 117 1448 4200 644 1447 4201 643 1449 4202 644 1450 4203 573 1451 4204 646 1434 4205 646 1434 4206 573 1451 4207 574 1435 4208 4 1443 4209 507 1442 4210 838 1452 4211 838 1452 4212 507 1442 4213 506 1453 4214 838 1452 4215 506 1453 4216 840 1454 4217 840 1454 4218 506 1453 4219 504 1455 4220 644 1456 4221 122 1456 4222 573 1456 4223 899 1457 4224 79 1458 4225 900 1459 4226 900 1459 4227 79 1458 4228 834 1460 4229 900 1459 4230 834 1460 4231 902 1461 4232 902 1461 4233 834 1460 4234 833 1462 4235 902 1461 4236 833 1462 4237 901 1463 4238 901 1463 4239 833 1462 4240 844 1464 4241 901 1463 4242 844 1464 4243 504 1455 4244 504 1455 4245 844 1464 4246 842 1465 4247 504 1455 4248 842 1465 4249 840 1454 4250 121 1466 4251 546 1466 4252 122 1467 4253 122 1467 4254 546 1466 4255 573 1468 4256 94 1469 4257 79 1458 4258 899 1457 4259 899 1457 4260 903 1470 4261 94 1469 4262 94 1469 4263 903 1470 4264 904 1471 4265 94 1469 4266 904 1471 4267 92 1472 4268 472 1473 4269 98 1474 4270 907 1475 4271 907 1475 4272 98 1474 4273 97 1476 4274 907 1475 4275 97 1476 4276 906 1477 4277 906 1477 4278 97 1476 4279 92 1472 4280 906 1477 4281 92 1472 4282 905 1478 4283 905 1478 4284 92 1472 4285 904 1471 4286 511 1479 4287 543 1480 4288 121 1481 4289 121 1481 4290 543 1480 4291 546 1482 4292 98 1474 4293 472 1473 4294 471 1483 4295 98 1474 4296 471 1483 4297 100 1484 4298 100 1484 4299 471 1483 4300 470 1485 4301 100 1484 4302 470 1485 4303 102 1486 4304 102 1486 4305 470 1485 4306 469 1487 4307 102 1486 4308 469 1487 4309 103 1488 4310 103 1488 4311 469 1487 4312 468 1489 4313 103 1488 4314 468 1489 4315 81 1490 4316 81 1490 4317 468 1489 4318 467 1491 4319 81 1490 4320 467 1491 4321 83 1492 4322 83 1492 4323 467 1491 4324 465 1493 4325 83 1492 4326 465 1493 4327 85 1494 4328 85 1494 4329 465 1493 4330 474 1495 4331 85 1494 4332 474 1495 4333 107 1496 4334 107 1496 4335 474 1495 4336 476 1497 4337 107 1496 4338 476 1497 4339 108 1498 4340 108 1498 4341 476 1497 4342 478 1499 4343 108 1498 4344 478 1499 4345 110 1500 4346 110 1500 4347 478 1499 4348 480 1501 4349 110 1500 4350 480 1501 4351 112 1502 4352 112 1502 4353 480 1501 4354 482 1503 4355 112 1502 4356 482 1503 4357 114 1504 4358 114 1504 4359 482 1503 4360 173 1505 4361 114 1504 4362 173 1505 4363 106 1506 4364 509 1507 4365 541 1508 4366 511 1509 4367 511 1509 4368 541 1508 4369 543 1510 4370 175 1511 4371 89 1512 4372 173 1505 4373 173 1505 4374 89 1512 4375 106 1506 4376 7 1513 4377 539 1514 4378 509 1515 4379 509 1515 4380 539 1514 4381 541 1516 4382 814 1517 4383 88 1518 4384 175 1519 4385 175 1519 4386 88 1518 4387 89 1520 4388 5 1521 4389 538 1522 4390 7 1523 4391 7 1523 4392 538 1522 4393 539 1524 4394 864 1525 4395 87 1526 4396 814 1517 4397 814 1517 4398 87 1526 4399 88 1518 4400 534 1527 4401 536 1528 4402 853 1529 4403 853 1529 4404 536 1528 4405 835 1530 4406 835 1530 4407 536 1528 4408 538 1522 4409 835 1530 4410 538 1522 4411 5 1521 4412 837 1077 4413 854 1104 4414 836 1076 4415 836 1076 4416 854 1104 4417 853 1103 4418 836 1076 4419 853 1103 4420 835 1075 4421 841 1081 4422 857 1111 4423 839 1079 4424 839 1079 4425 857 1111 4426 856 1109 4427 839 1079 4428 856 1109 4429 837 1077 4430 837 1077 4431 856 1109 4432 855 1108 4433 837 1077 4434 855 1108 4435 854 1104 4436 843 1531 4437 845 1532 4438 859 1533 4439 859 1533 4440 845 1532 4441 846 1534 4442 859 1533 4443 846 1534 4444 862 1535 4445 862 1535 4446 846 1534 4447 832 1536 4448 862 1535 4449 832 1536 4450 863 1537 4451 863 1537 4452 832 1536 4453 87 1526 4454 863 1537 4455 87 1526 4456 864 1525 4457 859 1533 4458 860 1538 4459 843 1531 4460 843 1531 4461 860 1538 4462 861 1116 4463 843 1531 4464 861 1116 4465 841 1081 4466 841 1081 4467 861 1116 4468 858 1112 4469 841 1081 4470 858 1112 4471 857 1111 4472 304 1539 4473 273 1540 4474 306 1541 4475 306 1541 4476 273 1540 4477 274 1542 4478 306 1541 4479 274 1542 4480 308 1543 4481 308 1543 4482 274 1542 4483 257 1544 4484 308 1543 4485 257 1544 4486 310 1545 4487 310 1545 4488 257 1544 4489 256 1546 4490 310 1545 4491 256 1546 4492 312 1547 4493 312 1547 4494 256 1546 4495 255 1548 4496 312 1547 4497 255 1548 4498 314 1549 4499 314 1549 4500 255 1548 4501 253 1550 4502 314 1549 4503 253 1550 4504 316 1551 4505 316 1551 4506 253 1550 4507 228 1552 4508 316 1551 4509 228 1552 4510 318 1553 4511 318 1553 4512 228 1552 4513 227 1554 4514 318 1553 4515 227 1554 4516 320 1555 4517 320 1555 4518 227 1554 4519 268 1556 4520 320 1555 4521 268 1556 4522 322 1557 4523 322 1557 4524 268 1556 4525 267 1558 4526 322 1557 4527 267 1558 4528 324 1559 4529 324 1559 4530 267 1558 4531 265 1560 4532 324 1559 4533 265 1560 4534 326 1561 4535 326 1561 4536 265 1560 4537 263 1562 4538 326 1561 4539 263 1562 4540 328 1563 4541 328 1563 4542 263 1562 4543 261 1564 4544 328 1563 4545 261 1564 4546 330 1565 4547 330 1565 4548 261 1564 4549 259 1566 4550 330 1565 4551 259 1566 4552 332 1567 4553 332 1567 4554 259 1566 4555 230 1568 4556 332 1567 4557 230 1568 4558 334 1569 4559 334 1569 4560 230 1568 4561 242 1570 4562 334 1569 4563 242 1570 4564 336 1571 4565 336 1571 4566 242 1570 4567 244 1572 4568 336 1571 4569 244 1572 4570 338 1573 4571 338 1573 4572 244 1572 4573 246 1574 4574 338 1573 4575 246 1574 4576 340 1575 4577 340 1575 4578 246 1574 4579 248 1576 4580 340 1575 4581 248 1576 4582 342 1577 4583 342 1577 4584 248 1576 4585 250 1578 4586 342 1577 4587 250 1578 4588 344 1579 4589 344 1579 4590 250 1578 4591 252 1580 4592 344 1579 4593 252 1580 4594 302 1581 4595 302 1581 4596 252 1580 4597 271 1582 4598 302 1581 4599 271 1582 4600 304 1539 4601 304 1539 4602 271 1582 4603 273 1540 4604 321 1583 4605 192 1584 4606 319 1585 4607 319 1585 4608 192 1584 4609 193 1586 4610 319 1585 4611 193 1586 4612 317 1587 4613 317 1587 4614 193 1586 4615 185 1588 4616 317 1587 4617 185 1588 4618 315 1589 4619 315 1589 4620 185 1588 4621 183 1590 4622 315 1589 4623 183 1590 4624 313 1591 4625 313 1591 4626 183 1590 4627 199 1592 4628 313 1591 4629 199 1592 4630 311 1593 4631 311 1593 4632 199 1592 4633 200 1594 4634 311 1593 4635 200 1594 4636 309 1595 4637 309 1595 4638 200 1594 4639 203 1596 4640 309 1595 4641 203 1596 4642 307 1597 4643 307 1597 4644 203 1596 4645 202 1598 4646 307 1597 4647 202 1598 4648 305 1599 4649 305 1599 4650 202 1598 4651 201 1600 4652 305 1599 4653 201 1600 4654 303 1601 4655 303 1601 4656 201 1600 4657 204 1602 4658 303 1601 4659 204 1602 4660 301 1603 4661 301 1603 4662 204 1602 4663 195 1604 4664 301 1603 4665 195 1604 4666 343 1605 4667 343 1605 4668 195 1604 4669 194 1606 4670 343 1605 4671 194 1606 4672 341 1607 4673 341 1607 4674 194 1606 4675 207 1608 4676 341 1607 4677 207 1608 4678 339 1609 4679 339 1609 4680 207 1608 4681 209 1610 4682 339 1609 4683 209 1610 4684 337 1611 4685 337 1611 4686 209 1610 4687 211 1612 4688 337 1611 4689 211 1612 4690 335 1613 4691 335 1613 4692 211 1612 4693 213 1614 4694 335 1613 4695 213 1614 4696 333 1615 4697 333 1615 4698 213 1614 4699 215 1616 4700 333 1615 4701 215 1616 4702 331 1617 4703 331 1617 4704 215 1616 4705 217 1618 4706 331 1617 4707 217 1618 4708 329 1619 4709 329 1619 4710 217 1618 4711 220 1620 4712 329 1619 4713 220 1620 4714 327 1621 4715 327 1621 4716 220 1620 4717 222 1622 4718 327 1621 4719 222 1622 4720 325 1623 4721 325 1623 4722 222 1622 4723 224 1624 4724 325 1623 4725 224 1624 4726 323 1625 4727 323 1625 4728 224 1624 4729 190 1626 4730 323 1625 4731 190 1626 4732 321 1583 4733 321 1583 4734 190 1626 4735 192 1584 4736 371 1627 4737 99 1628 4738 373 1629 4739 373 1629 4740 99 1628 4741 101 1630 4742 373 1629 4743 101 1630 4744 392 1631 4745 392 1631 4746 101 1630 4747 80 1632 4748 392 1631 4749 80 1632 4750 396 1633 4751 396 1633 4752 80 1632 4753 82 1634 4754 396 1633 4755 82 1634 4756 397 1635 4757 397 1635 4758 82 1634 4759 84 1636 4760 397 1635 4761 84 1636 4762 400 1637 4763 400 1637 4764 84 1636 4765 86 1638 4766 400 1637 4767 86 1638 4768 403 1639 4769 403 1639 4770 86 1638 4771 109 1640 4772 403 1639 4773 109 1640 4774 406 1641 4775 406 1641 4776 109 1640 4777 111 1642 4778 406 1641 4779 111 1642 4780 409 1643 4781 409 1643 4782 111 1642 4783 113 1644 4784 409 1643 4785 113 1644 4786 416 1645 4787 416 1645 4788 113 1644 4789 115 1646 4790 416 1645 4791 115 1646 4792 414 1647 4793 414 1647 4794 115 1646 4795 116 1648 4796 414 1647 4797 116 1648 4798 412 1649 4799 412 1649 4800 116 1648 4801 105 1650 4802 412 1649 4803 105 1650 4804 419 1651 4805 419 1651 4806 105 1650 4807 104 1652 4808 419 1651 4809 104 1652 4810 422 1653 4811 422 1653 4812 104 1652 4813 91 1654 4814 422 1653 4815 91 1654 4816 425 1655 4817 425 1655 4818 91 1654 4819 90 1656 4820 425 1655 4821 90 1656 4822 428 1657 4823 428 1657 4824 90 1656 4825 78 1658 4826 428 1657 4827 78 1658 4828 368 1659 4829 368 1659 4830 78 1658 4831 77 1660 4832 368 1659 4833 77 1660 4834 362 1661 4835 362 1661 4836 77 1660 4837 96 1662 4838 362 1661 4839 96 1662 4840 364 1663 4841 364 1663 4842 96 1662 4843 95 1664 4844 364 1663 4845 95 1664 4846 375 1665 4847 375 1665 4848 95 1664 4849 93 1666 4850 375 1665 4851 93 1666 4852 371 1627 4853 371 1627 4854 93 1666 4855 99 1628 4856 20 1667 4857 15 1668 4858 417 1669 4859 417 1669 4860 415 1670 4861 20 1667 4862 20 1667 4863 415 1670 4864 413 1671 4865 20 1667 4866 413 1671 4867 17 1672 4868 413 1671 4869 421 1673 4870 17 1672 4871 17 1672 4872 421 1673 4873 420 1674 4874 17 1672 4875 420 1674 4876 18 1675 4877 420 1674 4878 424 1676 4879 18 1675 4880 18 1675 4881 424 1676 4882 423 1677 4883 18 1675 4884 423 1677 4885 21 1678 4886 21 1678 4887 423 1677 4888 427 1679 4889 427 1679 4890 426 1680 4891 21 1678 4892 21 1678 4893 426 1680 4894 430 1681 4895 21 1678 4896 430 1681 4897 22 1682 4898 430 1681 4899 429 1683 4900 22 1682 4901 22 1682 4902 429 1683 4903 434 1684 4904 22 1682 4905 434 1684 4906 24 1685 4907 434 1684 4908 433 1686 4909 24 1685 4910 24 1685 4911 433 1686 4912 432 1687 4913 24 1685 4914 432 1687 4915 42 1688 4916 432 1687 4917 431 1689 4918 42 1688 4919 42 1688 4920 431 1689 4921 350 1690 4922 42 1688 4923 350 1690 4924 43 1691 4925 350 1690 4926 352 1692 4927 43 1691 4928 43 1691 4929 352 1692 4930 354 1693 4931 43 1691 4932 354 1693 4933 44 1694 4934 354 1693 4935 356 1695 4936 44 1694 4937 44 1694 4938 356 1695 4939 357 1696 4940 44 1694 4941 357 1696 4942 50 1697 4943 357 1696 4944 348 1698 4945 50 1697 4946 50 1697 4947 348 1698 4948 346 1699 4949 50 1697 4950 346 1699 4951 48 1700 4952 346 1699 4953 381 1701 4954 48 1700 4955 48 1700 4956 381 1701 4957 383 1702 4958 48 1700 4959 383 1702 4960 31 1703 4961 383 1702 4962 385 1704 4963 31 1703 4964 31 1703 4965 385 1704 4966 387 1705 4967 31 1703 4968 387 1705 4969 29 1706 4970 387 1705 4971 395 1707 4972 29 1706 4973 29 1706 4974 395 1707 4975 399 1708 4976 29 1706 4977 399 1708 4978 27 1709 4979 27 1709 4980 399 1708 4981 398 1710 4982 27 1709 4983 398 1710 4984 25 1711 4985 398 1710 4986 402 1712 4987 25 1711 4988 25 1711 4989 402 1712 4990 401 1713 4991 25 1711 4992 401 1713 4993 39 1714 4994 401 1713 4995 405 1715 4996 39 1714 4997 39 1714 4998 405 1715 4999 404 1716 5000 39 1714 5001 404 1716 5002 37 1717 5003 404 1716 5004 408 1718 5005 37 1717 5006 37 1717 5007 408 1718 5008 407 1719 5009 37 1717 5010 407 1719 5011 14 1720 5012 407 1719 5013 411 1721 5014 14 1720 5015 14 1720 5016 411 1721 5017 410 1722 5018 14 1720 5019 410 1722 5020 15 1668 5021 15 1668 5022 410 1722 5023 418 1723 5024 15 1668 5025 418 1723 5026 417 1669 5027 177 1724 5028 196 1725 5029 176 1726 5030 176 1726 5031 196 1725 5032 198 1727 5033 196 1725 5034 177 1724 5035 299 1728 5036 196 1725 5037 299 1728 5038 205 1729 5039 205 1729 5040 299 1728 5041 297 1730 5042 205 1729 5043 297 1730 5044 206 1731 5045 206 1731 5046 297 1730 5047 295 1732 5048 206 1731 5049 295 1732 5050 208 1733 5051 208 1733 5052 295 1732 5053 293 1734 5054 208 1733 5055 293 1734 5056 210 1735 5057 210 1735 5058 293 1734 5059 291 1736 5060 210 1735 5061 291 1736 5062 212 1737 5063 212 1737 5064 291 1736 5065 289 1738 5066 212 1737 5067 289 1738 5068 214 1739 5069 214 1739 5070 289 1738 5071 287 1740 5072 214 1739 5073 287 1740 5074 216 1741 5075 216 1741 5076 287 1740 5077 285 1742 5078 216 1741 5079 285 1742 5080 218 1743 5081 218 1743 5082 285 1742 5083 283 1744 5084 218 1743 5085 283 1744 5086 219 1745 5087 219 1745 5088 283 1744 5089 281 1746 5090 219 1745 5091 281 1746 5092 221 1747 5093 221 1747 5094 281 1746 5095 279 1748 5096 221 1747 5097 279 1748 5098 223 1749 5099 223 1749 5100 279 1748 5101 277 1750 5102 223 1749 5103 277 1750 5104 225 1751 5105 225 1751 5106 277 1750 5107 276 1752 5108 225 1751 5109 276 1752 5110 226 1753 5111 517 1754 5112 179 1755 5113 883 1756 5114 883 1756 5115 179 1755 5116 189 1757 5117 883 1756 5118 189 1757 5119 885 1758 5120 885 1758 5121 189 1757 5122 182 1759 5123 885 1758 5124 182 1759 5125 887 1760 5126 887 1760 5127 182 1759 5128 184 1761 5129 887 1760 5130 184 1761 5131 889 1762 5132 889 1762 5133 184 1761 5134 191 1763 5135 889 1762 5136 191 1763 5137 276 1752 5138 276 1752 5139 191 1763 5140 226 1753 5141 516 1764 5142 180 1765 5143 517 1754 5144 517 1754 5145 180 1765 5146 179 1755 5147 272 1766 5148 178 1767 5149 254 1768 5150 254 1768 5151 178 1767 5152 174 1769 5153 264 1770 5154 275 1771 5155 278 1772 5156 264 1770 5157 278 1772 5158 262 1773 5159 262 1773 5160 278 1772 5161 280 1774 5162 262 1773 5163 280 1774 5164 260 1775 5165 260 1775 5166 280 1774 5167 282 1776 5168 260 1775 5169 282 1776 5170 258 1777 5171 258 1777 5172 282 1776 5173 284 1778 5174 258 1777 5175 284 1778 5176 231 1779 5177 231 1779 5178 284 1778 5179 286 1780 5180 231 1779 5181 286 1780 5182 232 1781 5183 232 1781 5184 286 1780 5185 288 1782 5186 232 1781 5187 288 1782 5188 243 1783 5189 243 1783 5190 288 1782 5191 290 1784 5192 243 1783 5193 290 1784 5194 245 1785 5195 245 1785 5196 290 1784 5197 292 1786 5198 245 1785 5199 292 1786 5200 247 1787 5201 247 1787 5202 292 1786 5203 294 1788 5204 247 1787 5205 294 1788 5206 249 1789 5207 249 1789 5208 294 1788 5209 296 1790 5210 249 1789 5211 296 1790 5212 251 1791 5213 251 1791 5214 296 1790 5215 298 1792 5216 251 1791 5217 298 1792 5218 269 1793 5219 269 1793 5220 298 1792 5221 300 1794 5222 269 1793 5223 300 1794 5224 270 1795 5225 270 1795 5226 300 1794 5227 178 1767 5228 270 1795 5229 178 1767 5230 272 1766 5231 275 1771 5232 264 1770 5233 888 1796 5234 888 1796 5235 264 1770 5236 266 1797 5237 888 1796 5238 266 1797 5239 886 1798 5240 886 1798 5241 266 1797 5242 229 1799 5243 886 1798 5244 229 1799 5245 884 1800 5246 884 1800 5247 229 1799 5248 241 1801 5249 884 1800 5250 241 1801 5251 882 1802 5252 882 1802 5253 241 1801 5254 235 1803 5255 882 1802 5256 235 1803 5257 520 1804 5258 520 1804 5259 235 1803 5260 237 1805 5261 239 1806 5262 524 1807 5263 237 1805 5264 237 1805 5265 524 1807 5266 520 1804 5267 603 1808 5268 602 1809 5269 696 1810 5270 696 1810 5271 694 1811 5272 603 1808 5273 603 1808 5274 694 1811 5275 693 1812 5276 603 1808 5277 693 1812 5278 604 1813 5279 693 1812 5280 691 1814 5281 604 1813 5282 604 1813 5283 691 1814 5284 690 1815 5285 604 1813 5286 690 1815 5287 591 1816 5288 690 1815 5289 688 1817 5290 591 1816 5291 591 1816 5292 688 1817 5293 687 1818 5294 591 1816 5295 687 1818 5296 592 1819 5297 687 1818 5298 685 1820 5299 592 1819 5300 592 1819 5301 685 1820 5302 684 1821 5303 592 1819 5304 684 1821 5305 593 1822 5306 684 1821 5307 682 1823 5308 593 1822 5309 593 1822 5310 682 1823 5311 681 1824 5312 593 1822 5313 681 1824 5314 594 1825 5315 681 1824 5316 679 1826 5317 594 1825 5318 594 1825 5319 679 1826 5320 678 1827 5321 594 1825 5322 678 1827 5323 601 1828 5324 678 1827 5325 676 1829 5326 601 1828 5327 601 1828 5328 676 1829 5329 675 1830 5330 601 1828 5331 675 1830 5332 600 1831 5333 600 1831 5334 675 1830 5335 673 1832 5336 600 1831 5337 673 1832 5338 599 1833 5339 673 1832 5340 671 1834 5341 599 1833 5342 599 1833 5343 671 1834 5344 669 1835 5345 599 1833 5346 669 1835 5347 605 1836 5348 669 1835 5349 668 1837 5350 605 1836 5351 605 1836 5352 668 1837 5353 666 1838 5354 605 1836 5355 666 1838 5356 606 1839 5357 666 1838 5358 665 1840 5359 606 1839 5360 606 1839 5361 665 1840 5362 663 1841 5363 606 1839 5364 663 1841 5365 608 1842 5366 663 1841 5367 662 1843 5368 608 1842 5369 608 1842 5370 662 1843 5371 660 1844 5372 608 1842 5373 660 1844 5374 609 1845 5375 660 1844 5376 659 1846 5377 609 1845 5378 609 1845 5379 659 1846 5380 657 1847 5381 609 1845 5382 657 1847 5383 612 1848 5384 657 1847 5385 656 1849 5386 612 1848 5387 612 1848 5388 656 1849 5389 654 1850 5390 612 1848 5391 654 1850 5392 610 1851 5393 654 1850 5394 653 1852 5395 610 1851 5396 610 1851 5397 653 1852 5398 651 1853 5399 610 1851 5400 651 1853 5401 598 1854 5402 651 1853 5403 650 1855 5404 598 1854 5405 598 1854 5406 650 1855 5407 647 1856 5408 598 1854 5409 647 1856 5410 597 1857 5411 597 1857 5412 647 1856 5413 698 1858 5414 597 1857 5415 698 1858 5416 602 1809 5417 602 1809 5418 698 1858 5419 697 1859 5420 602 1809 5421 697 1859 5422 696 1810 5423 490 1860 5424 502 1861 5425 762 1862 5426 762 1862 5427 760 1863 5428 490 1860 5429 490 1860 5430 760 1863 5431 759 1864 5432 490 1860 5433 759 1864 5434 491 1865 5435 759 1864 5436 757 1866 5437 491 1865 5438 491 1865 5439 757 1866 5440 756 1867 5441 491 1865 5442 756 1867 5443 492 1868 5444 756 1867 5445 754 1869 5446 492 1868 5447 492 1868 5448 754 1869 5449 753 1870 5450 492 1868 5451 753 1870 5452 493 1871 5453 753 1870 5454 751 1872 5455 493 1871 5456 493 1871 5457 751 1872 5458 750 1873 5459 493 1871 5460 750 1873 5461 488 1874 5462 750 1873 5463 748 1875 5464 488 1874 5465 488 1874 5466 748 1875 5467 747 1876 5468 488 1874 5469 747 1876 5470 489 1877 5471 747 1876 5472 745 1878 5473 489 1877 5474 489 1877 5475 745 1878 5476 744 1879 5477 489 1877 5478 744 1879 5479 483 1880 5480 744 1879 5481 742 1881 5482 483 1880 5483 483 1880 5484 742 1881 5485 741 1882 5486 483 1880 5487 741 1882 5488 484 1883 5489 484 1883 5490 741 1882 5491 739 1884 5492 484 1883 5493 739 1884 5494 496 1885 5495 739 1884 5496 738 1886 5497 496 1885 5498 496 1885 5499 738 1886 5500 736 1887 5501 496 1885 5502 736 1887 5503 497 1888 5504 736 1887 5505 735 1889 5506 497 1888 5507 497 1888 5508 735 1889 5509 733 1890 5510 497 1888 5511 733 1890 5512 499 1891 5513 733 1890 5514 732 1892 5515 499 1891 5516 499 1891 5517 732 1892 5518 730 1893 5519 499 1891 5520 730 1893 5521 505 1894 5522 730 1893 5523 729 1895 5524 505 1894 5525 505 1894 5526 729 1895 5527 727 1896 5528 505 1894 5529 727 1896 5530 503 1897 5531 727 1896 5532 726 1898 5533 503 1897 5534 503 1897 5535 726 1898 5536 724 1899 5537 503 1897 5538 724 1899 5539 494 1900 5540 724 1899 5541 723 1901 5542 494 1900 5543 494 1900 5544 723 1901 5545 721 1902 5546 494 1900 5547 721 1902 5548 495 1903 5549 721 1902 5550 720 1904 5551 495 1903 5552 495 1903 5553 720 1904 5554 718 1905 5555 495 1903 5556 718 1905 5557 500 1906 5558 718 1905 5559 717 1907 5560 500 1906 5561 500 1906 5562 717 1907 5563 714 1908 5564 500 1906 5565 714 1908 5566 501 1909 5567 501 1909 5568 714 1908 5569 764 1910 5570 501 1909 5571 764 1910 5572 502 1861 5573 502 1861 5574 764 1910 5575 763 1911 5576 502 1861 5577 763 1911 5578 762 1862 5579</p>
        </triangles>
      </mesh>
    </geometry>
  </library_geometries>
  <library_visual_scenes>
    <visual_scene id="Scene" name="Scene">
      <node id="LINK_WRIST_PITCH_L" name="LINK_WRIST_PITCH_L" type="NODE">
        <matrix sid="transform">1 0 0 0 0 1 0 0 0 0 1 0 0 0 0 1</matrix>
        <instance_geometry url="#LINK_WRIST_PITCH_L-mesh" name="LINK_WRIST_PITCH_L">
          <bind_material>
            <technique_common>
              <instance_material symbol="分色槽-纯黑-material" target="#分色槽-纯黑-material"/>
            </technique_common>
          </bind_material>
        </instance_geometry>
      </node>
    </visual_scene>
  </library_visual_scenes>
  <scene>
    <instance_visual_scene url="#Scene"/>
  </scene>
</COLLADA>