# Blender 3.6.9
# www.blender.org
mtllib LINK_WRIST_PITCH_L.mtl
o LINK_WRIST_PITCH_L
v 0.013767 -0.007791 -0.008795
v 0.013767 -0.002405 -0.008409
v 0.012302 -0.007768 -0.009118
v 0.012302 -0.002382 -0.008732
v -0.007224 -0.007458 -0.013436
v -0.007224 -0.002072 -0.013050
v -0.008688 -0.007435 -0.013760
v -0.008688 -0.002049 -0.013374
v 0.008100 -0.010134 -0.019464
v 0.007221 -0.010120 -0.019659
v 0.008100 -0.007042 -0.019243
v 0.007221 -0.001642 -0.019051
v 0.015715 -0.007163 -0.017559
v 0.015715 -0.001777 -0.017173
v 0.007191 -0.012081 0.004423
v 0.007146 -0.010865 0.004712
v 0.006519 -0.011067 0.007536
v 0.007320 -0.008481 0.004098
v 0.007519 -0.007571 0.003263
v 0.006519 -0.006329 0.007875
v 0.007191 -0.009620 0.004600
v 0.007767 -0.006990 0.002183
v 0.008037 -0.006800 0.000977
v 0.009703 -0.005302 -0.006450
v 0.008299 -0.007022 -0.000226
v 0.007767 -0.014339 0.001656
v 0.007823 -0.017295 0.001191
v 0.008037 -0.014355 0.000435
v 0.008177 -0.017146 -0.000401
v 0.008299 -0.013964 -0.000724
v 0.008519 -0.016605 -0.001908
v 0.008526 -0.013208 -0.001695
v 0.009747 -0.008776 -0.006899
v 0.009917 -0.008260 -0.007630
v 0.009917 -0.005082 -0.007402
v 0.006562 -0.012674 0.007225
v 0.006689 -0.014157 0.006543
v 0.007320 -0.013137 0.003765
v 0.006893 -0.015428 0.005530
v 0.007519 -0.013918 0.002808
v 0.007161 -0.016410 0.004247
v 0.007477 -0.017045 0.002772
v 0.008526 -0.007631 -0.001295
v 0.008692 -0.008562 -0.002114
v 0.008780 -0.009714 -0.002594
v 0.009574 -0.009603 -0.006175
v 0.008828 -0.015705 -0.003241
v 0.009086 -0.014500 -0.004320
v 0.008692 -0.012170 -0.002372
v 0.009277 -0.013063 -0.005081
v 0.008780 -0.010962 -0.002683
v 0.009390 -0.011478 -0.005477
v 0.009449 -0.010593 -0.005683
v -0.000259 -0.017031 -0.007167
v -0.000778 -0.017081 -0.006467
v -0.001722 -0.016842 -0.009805
v -0.003454 -0.017400 -0.002015
v -0.000967 -0.017142 -0.005617
v -0.000793 -0.017203 -0.004763
v 0.002842 -0.017056 -0.006815
v 0.002198 -0.017014 -0.007403
v 0.005502 -0.016957 -0.008208
v 0.001370 -0.016994 -0.007679
v 0.000501 -0.017000 -0.007596
v 0.002167 -0.017274 -0.003775
v 0.002821 -0.017233 -0.004352
v 0.003771 -0.017515 -0.000417
v 0.003183 -0.017176 -0.005145
v 0.003190 -0.017114 -0.006016
v -0.000286 -0.017254 -0.004054
v 0.000466 -0.017286 -0.003612
v 0.001334 -0.017293 -0.003513
v 0.006152 -0.012757 -0.010843
v 0.006152 -0.013755 -0.010915
v 0.002539 -0.012700 -0.011642
v -0.001073 -0.013640 -0.012512
v -0.001073 -0.012643 -0.012441
v -0.007202 -0.007034 -0.004239
v -0.007450 -0.006612 -0.003088
v -0.005704 -0.008013 -0.011084
v -0.007202 -0.013380 -0.004694
v -0.007101 -0.016357 -0.005363
v -0.007450 -0.013961 -0.003615
v -0.007443 -0.016898 -0.003855
v -0.007720 -0.014151 -0.002408
v -0.007798 -0.017048 -0.002264
v -0.007982 -0.013929 -0.001205
v -0.005704 -0.004834 -0.010856
v -0.005918 -0.005055 -0.009904
v -0.009102 -0.006082 0.004421
v -0.007720 -0.006596 -0.001866
v -0.007982 -0.006987 -0.000708
v -0.006047 -0.009355 -0.009629
v -0.006829 -0.010087 -0.006143
v -0.005874 -0.008529 -0.010353
v -0.006874 -0.008870 -0.005854
v -0.007003 -0.007814 -0.005196
v -0.006171 -0.010345 -0.009138
v -0.006231 -0.011230 -0.008931
v -0.006874 -0.011332 -0.006031
v -0.006344 -0.012815 -0.008535
v -0.007003 -0.012471 -0.005530
v -0.006535 -0.014253 -0.007774
v -0.006792 -0.015457 -0.006695
v -0.008209 -0.007743 0.000263
v -0.008375 -0.008781 0.000941
v -0.009102 -0.010820 0.004082
v -0.008143 -0.016798 -0.000683
v -0.008460 -0.016163 0.000793
v -0.008209 -0.013320 -0.000136
v -0.008728 -0.015180 0.002076
v -0.008375 -0.012389 0.000682
v -0.008931 -0.013910 0.003088
v -0.008463 -0.011237 0.001162
v -0.009059 -0.012427 0.003771
v -0.008474 -0.010617 0.001258
v -0.008463 -0.009990 0.001252
v 0.001754 -0.010034 -0.020868
v 0.000875 -0.010020 -0.021062
v 0.000875 -0.006928 -0.020840
v -0.006740 -0.006807 -0.022524
v -0.006740 -0.001421 -0.022138
v 0.001754 -0.001555 -0.020260
v 0.006380 -0.013780 -0.010558
v 0.006380 -0.012783 -0.010486
v 0.005430 -0.013111 -0.006217
v 0.005231 -0.014613 -0.005422
v 0.004962 -0.015872 -0.004295
v 0.005795 -0.016662 -0.008122
v 0.004639 -0.016812 -0.002903
v 0.004502 -0.017079 -0.002305
v 0.006525 -0.011114 -0.011026
v 0.005754 -0.009510 -0.007424
v 0.006417 -0.011893 -0.010594
v 0.005611 -0.010555 -0.006851
v 0.005548 -0.011455 -0.006631
v 0.006139 -0.016037 -0.009630
v 0.006268 -0.015399 -0.010169
v 0.006351 -0.014622 -0.010489
v 0.008328 -0.009861 -0.019086
v 0.008328 -0.007367 -0.018907
v 0.006877 -0.010328 -0.012562
v 0.006396 -0.007990 -0.010219
v 0.006687 -0.010564 -0.011717
v 0.006197 -0.008162 -0.009328
v 0.005956 -0.008688 -0.008276
v 0.005976 -0.016472 -0.008925
v -0.001414 -0.007866 -0.011946
v 0.000517 -0.007243 -0.020634
v 0.000517 -0.009737 -0.020813
v -0.000933 -0.010205 -0.014289
v -0.001123 -0.010441 -0.013444
v -0.001614 -0.008038 -0.011055
v -0.001285 -0.010990 -0.012753
v -0.001855 -0.008564 -0.010003
v -0.002056 -0.009386 -0.009152
v -0.001393 -0.011769 -0.012321
v -0.002199 -0.010431 -0.008578
v -0.002015 -0.016538 -0.009849
v -0.003308 -0.016955 -0.004032
v -0.003172 -0.016688 -0.004630
v -0.002380 -0.012987 -0.007944
v -0.001459 -0.014498 -0.012216
v -0.001542 -0.015276 -0.011896
v -0.002262 -0.011331 -0.008358
v -0.001431 -0.012659 -0.012213
v -0.001431 -0.013657 -0.012285
v -0.002849 -0.015748 -0.006022
v -0.002580 -0.014489 -0.007150
v -0.001835 -0.016348 -0.010652
v -0.001672 -0.015913 -0.011357
v 0.006161 -0.011083 0.007763
v 0.006161 -0.006046 0.008124
v -0.008874 -0.010845 0.004439
v 0.002256 -0.005984 0.007261
v -0.008874 -0.005808 0.004800
v -0.004969 -0.005870 0.005663
v -0.004969 -0.000633 0.006039
v 0.002256 -0.000748 0.007636
v -0.001388 -0.002172 -0.011655
v -0.001375 -0.002168 -0.011715
v -0.001400 -0.002615 -0.011633
v -0.001893 -0.001649 -0.009333
v -0.003288 -0.004420 -0.003223
v -0.002094 -0.000908 -0.008373
v -0.003024 -0.003552 -0.004356
v -0.001501 -0.003503 -0.011238
v -0.001657 -0.004213 -0.010585
v -0.001850 -0.004670 -0.009743
v -0.001651 -0.002082 -0.010458
v -0.002643 0.000415 -0.005795
v -0.002237 0.000080 -0.007656
v -0.002688 -0.001032 -0.005696
v -0.002818 -0.002391 -0.005204
v -0.004806 0.001151 0.004039
v -0.004851 -0.000297 0.004138
v -0.005197 -0.000608 0.005682
v -0.002013 -0.004818 -0.009019
v -0.005197 -0.005844 0.005306
v -0.003590 -0.004925 -0.001896
v -0.003904 -0.005026 -0.000483
v -0.004675 -0.002990 0.003152
v -0.004470 -0.004018 0.002148
v -0.004205 -0.004716 0.000903
v -0.004806 -0.001715 0.003834
v -0.005158 0.000936 0.005618
v -0.005045 0.002422 0.005210
v -0.004675 0.002510 0.003547
v -0.004862 0.003772 0.004481
v -0.004470 0.003671 0.002699
v -0.004620 0.004914 0.003469
v -0.004205 0.004539 0.001566
v -0.004332 0.005787 0.002227
v -0.003904 0.005044 0.000239
v -0.004012 0.006344 0.000822
v -0.003590 0.005145 -0.001174
v -0.003678 0.006557 -0.000672
v -0.003288 0.004835 -0.002560
v -0.003348 0.006414 -0.002175
v -0.003039 0.005922 -0.003607
v -0.003024 0.004137 -0.003805
v -0.002768 0.005108 -0.004891
v -0.002818 0.003109 -0.004809
v -0.002549 0.004014 -0.005961
v -0.002688 0.001834 -0.005491
v -0.002394 0.002700 -0.006758
v -0.002310 0.001235 -0.007241
v 0.004787 -0.003676 -0.002629
v 0.004522 -0.004544 -0.001496
v 0.005717 -0.001032 -0.006646
v 0.004522 0.004711 -0.000833
v 0.004771 0.005798 -0.001879
v 0.004462 0.006290 -0.000448
v 0.005960 -0.004794 -0.008016
v 0.006153 -0.004337 -0.008858
v 0.006159 -0.002206 -0.008731
v 0.006309 -0.003627 -0.009511
v 0.006422 -0.002296 -0.009928
v 0.006410 -0.002739 -0.009906
v 0.006436 -0.002292 -0.009988
v 0.005797 -0.004941 -0.007292
v 0.005917 -0.001773 -0.007606
v 0.004221 0.005021 0.000553
v 0.004132 0.006434 0.001055
v 0.003907 0.004920 0.001966
v 0.003798 0.006221 0.002549
v 0.003605 0.004415 0.003293
v 0.003479 0.005663 0.003954
v 0.003341 0.003547 0.004426
v 0.003190 0.004790 0.005196
v 0.003135 0.002386 0.005274
v 0.002948 0.003648 0.006208
v 0.003005 0.001027 0.005767
v 0.004221 -0.005049 -0.000169
v 0.002614 -0.005968 0.007033
v 0.003907 -0.005150 0.001244
v 0.003605 -0.004840 0.002630
v 0.003341 -0.004142 0.003875
v 0.005042 0.004984 -0.003164
v 0.004787 0.004013 -0.002078
v 0.005261 0.003891 -0.004234
v 0.004992 0.002985 -0.003082
v 0.005417 0.002576 -0.005031
v 0.005123 0.001710 -0.003764
v 0.005500 0.001111 -0.005514
v 0.005168 0.000292 -0.004068
v 0.005574 -0.000044 -0.005929
v 0.005123 -0.001156 -0.003969
v 0.004992 -0.002515 -0.003477
v 0.002766 0.002298 0.006938
v 0.002652 0.000812 0.007345
v 0.002960 -0.000420 0.005865
v 0.002614 -0.000732 0.007409
v 0.003005 -0.001839 0.005561
v 0.003135 -0.003114 0.004879
v 0.005272 0.001177 -0.005865
v -0.001953 0.001291 -0.007463
v -0.002040 0.002823 -0.006958
v 0.005184 0.002708 -0.005361
v -0.002203 0.004196 -0.006125
v 0.005022 0.004081 -0.004528
v -0.002432 0.005338 -0.005008
v 0.004793 0.005224 -0.003410
v -0.002715 0.006189 -0.003666
v 0.004510 0.006074 -0.002068
v -0.003038 0.006703 -0.002170
v 0.004187 0.006588 -0.000572
v -0.003382 0.006853 -0.000600
v 0.003842 0.006738 0.000998
v -0.003731 0.006630 0.000961
v 0.003494 0.006516 0.002559
v -0.004065 0.006047 0.002429
v 0.003160 0.005933 0.004027
v -0.004366 0.005135 0.003726
v 0.002858 0.005021 0.005324
v -0.004619 0.003942 0.004784
v 0.002606 0.003828 0.006382
v -0.004810 0.002532 0.005546
v 0.002415 0.002417 0.007144
v -0.004929 0.000979 0.005972
v 0.002296 0.000865 0.007569
v -0.004493 -0.000280 0.003910
v 0.002732 -0.000395 0.005508
v -0.004451 -0.001616 0.003624
v 0.002774 -0.001730 0.005222
v -0.004328 -0.002816 0.002983
v 0.002897 -0.002930 0.004580
v -0.004134 -0.003783 0.002038
v 0.003090 -0.003897 0.003635
v -0.003885 -0.004440 0.000866
v 0.003339 -0.004554 0.002463
v -0.003602 -0.004732 -0.000438
v 0.003623 -0.004846 0.001159
v -0.003306 -0.004637 -0.001769
v 0.003919 -0.004751 -0.000171
v -0.003022 -0.004161 -0.003018
v 0.004202 -0.004276 -0.001420
v -0.002773 -0.003344 -0.004084
v 0.004451 -0.003459 -0.002487
v -0.002580 -0.002252 -0.004881
v 0.004645 -0.002366 -0.003284
v -0.002457 -0.000973 -0.005345
v 0.004768 -0.001087 -0.003748
v -0.002415 0.000390 -0.005438
v 0.004810 0.000275 -0.003840
v -0.002457 0.001725 -0.005152
v 0.004768 0.001611 -0.003554
v -0.002580 0.002925 -0.004510
v 0.004645 0.002811 -0.002913
v -0.002773 0.003892 -0.003565
v 0.004451 0.003778 -0.001968
v -0.003022 0.004549 -0.002393
v 0.004202 0.004434 -0.000796
v -0.003306 0.004841 -0.001089
v 0.003919 0.004727 0.000508
v -0.003602 0.004746 0.000241
v 0.003623 0.004632 0.001839
v -0.003885 0.004271 0.001490
v 0.003339 0.004156 0.003088
v -0.004134 0.003454 0.002557
v 0.003090 0.003339 0.004154
v -0.004328 0.002361 0.003354
v 0.002897 0.002247 0.004952
v -0.004451 0.001082 0.003818
v 0.002774 0.000968 0.005415
v 0.002445 -0.011403 -0.003673
v 0.008392 -0.011497 -0.002358
v 0.002569 -0.010838 -0.003751
v 0.008423 -0.010928 -0.002456
v 0.002607 -0.010258 -0.003750
v 0.008274 -0.008258 -0.001589
v 0.002184 -0.008600 -0.003280
v 0.008342 -0.008718 -0.001932
v 0.002445 -0.009136 -0.003511
v 0.008392 -0.009230 -0.002196
v 0.002568 -0.009683 -0.003668
v 0.008423 -0.009779 -0.002374
v 0.008434 -0.010350 -0.002462
v 0.001443 -0.008009 -0.002963
v 0.001722 -0.008154 -0.003038
v 0.001978 -0.008356 -0.003151
v -0.000539 -0.008557 -0.003882
v -0.006761 -0.008019 -0.004914
v -0.000695 -0.009086 -0.004205
v -0.006642 -0.008992 -0.005520
v -0.000757 -0.009631 -0.004403
v -0.000400 -0.008319 -0.003677
v -0.000210 -0.008123 -0.003465
v -0.006945 -0.007300 -0.004033
v 0.000016 -0.007986 -0.003278
v -0.000707 -0.011830 -0.004202
v -0.006642 -0.011259 -0.005683
v -0.000578 -0.012143 -0.004018
v -0.006761 -0.012308 -0.005221
v -0.000775 -0.010205 -0.004498
v -0.006601 -0.010112 -0.005786
v -0.000757 -0.010786 -0.004486
v -0.000695 -0.011353 -0.004368
v -0.000596 -0.011769 -0.004204
v 0.002273 -0.011815 -0.003569
v 0.002372 -0.011879 -0.003521
v 0.008342 -0.012041 -0.002170
v 0.002167 -0.012187 -0.003411
v 0.008274 -0.012546 -0.001897
v 0.001907 -0.012445 -0.003305
v 0.008189 -0.012998 -0.001546
v 0.001638 -0.012623 -0.003231
v 0.008090 -0.013384 -0.001127
v 0.001334 -0.012751 -0.003188
v 0.000900 -0.012840 -0.003197
v 0.000466 -0.012834 -0.003293
v 0.000053 -0.012726 -0.003476
v -0.006945 -0.013145 -0.004452
v -0.000286 -0.012516 -0.003714
v -0.000394 -0.012409 -0.003813
v 0.007980 -0.013694 -0.000652
v -0.007173 -0.013681 -0.003457
v -0.007422 -0.013856 -0.002346
v 0.007739 -0.014054 0.000416
v 0.007862 -0.013919 -0.000133
v -0.007663 -0.013652 -0.001238
v 0.007490 -0.014039 0.001541
v 0.007613 -0.014094 0.000979
v -0.007872 -0.013090 -0.000254
v 0.007262 -0.013651 0.002601
v 0.007372 -0.013890 0.002087
v -0.008025 -0.012233 0.000500
v 0.007078 -0.012932 0.003483
v 0.007163 -0.013329 0.003071
v -0.008106 -0.011172 0.000943
v 0.006959 -0.011959 0.004089
v 0.007010 -0.012471 0.003825
v -0.008025 -0.008910 0.000739
v 0.006959 -0.009692 0.004252
v -0.008106 -0.010023 0.001025
v 0.006929 -0.010261 0.004350
v -0.008117 -0.010601 0.001030
v 0.006918 -0.010839 0.004355
v 0.006929 -0.011410 0.004267
v -0.007872 -0.007954 0.000114
v 0.007078 -0.008643 0.003790
v 0.007010 -0.009148 0.004063
v -0.007663 -0.007258 -0.000780
v 0.007262 -0.007806 0.003020
v 0.007163 -0.008192 0.003439
v -0.007422 -0.006898 -0.001847
v 0.007490 -0.007271 0.002026
v 0.007372 -0.007496 0.002545
v -0.007173 -0.006912 -0.002972
v 0.007739 -0.007096 0.000915
v 0.007613 -0.007136 0.001477
v 0.008189 -0.007861 -0.001178
v 0.008090 -0.007539 -0.000708
v 0.007980 -0.007300 -0.000193
v 0.007862 -0.007151 0.000353
v 0.002184 -0.007989 -0.003236
v 0.002821 -0.011774 -0.004139
v 0.002798 -0.007947 -0.003829
v -0.000845 -0.007889 -0.004635
v -0.000539 -0.007946 -0.003838
v -0.000851 -0.011716 -0.004951
v -0.000780 -0.011656 -0.005792
v -0.000789 -0.007828 -0.005486
v -0.000367 -0.011603 -0.006528
v -0.000382 -0.007774 -0.006236
v 0.000315 -0.011567 -0.007028
v 0.000302 -0.007737 -0.006748
v 0.001143 -0.011555 -0.007203
v 0.001138 -0.007724 -0.006928
v 0.001969 -0.011568 -0.007020
v 0.001973 -0.007738 -0.006744
v 0.002645 -0.011604 -0.006513
v 0.002654 -0.007775 -0.006228
v 0.003051 -0.011657 -0.005773
v 0.003057 -0.007829 -0.005476
v 0.003113 -0.011717 -0.004931
v 0.003108 -0.007890 -0.004624
v 0.009160 -0.011512 -0.005832
v 0.009043 -0.013168 -0.005418
v 0.008843 -0.014670 -0.004624
v 0.008574 -0.015929 -0.003497
v 0.008251 -0.016869 -0.002104
v 0.007894 -0.017434 -0.000529
v 0.004060 -0.017373 -0.001377
v 0.007524 -0.017591 0.001134
v -0.007511 -0.017352 -0.002191
v -0.003307 -0.017256 -0.003006
v -0.007141 -0.017196 -0.003854
v -0.006784 -0.016630 -0.005429
v -0.006461 -0.015691 -0.006821
v -0.006192 -0.014432 -0.007948
v -0.005992 -0.012930 -0.008743
v -0.005875 -0.011274 -0.009157
v 0.007163 -0.017329 0.002786
v -0.007872 -0.017091 -0.000539
v 0.006832 -0.016666 0.004328
v -0.008203 -0.016428 0.001003
v 0.006552 -0.015640 0.005667
v -0.008483 -0.015401 0.002343
v 0.006339 -0.014312 0.006725
v -0.008696 -0.014074 0.003401
v 0.006206 -0.012763 0.007438
v -0.008829 -0.012524 0.004114
v -0.007080 -0.007348 -0.019176
v -0.007519 -0.007423 -0.018120
v -0.007667 -0.007174 -0.021602
v -0.009128 -0.007645 -0.015027
v -0.006684 -0.007129 -0.022227
v -0.005289 -0.007249 -0.020547
v -0.006306 -0.007287 -0.020019
v -0.001370 -0.007366 -0.018928
v -0.002068 -0.007301 -0.019835
v -0.003034 -0.007257 -0.020449
v -0.004153 -0.007239 -0.020696
v -0.003305 -0.007700 -0.014269
v -0.002288 -0.007662 -0.014797
v -0.007569 -0.007505 -0.016978
v -0.007224 -0.007583 -0.015888
v -0.008502 -0.007715 -0.014047
v -0.006527 -0.007648 -0.014981
v -0.001514 -0.007601 -0.015639
v -0.001075 -0.007526 -0.016696
v -0.001025 -0.007444 -0.017838
v -0.004441 -0.007710 -0.014120
v -0.005847 -0.007796 -0.012926
v -0.005560 -0.007692 -0.014367
v -0.006431 -0.007758 -0.013451
v -0.007159 -0.007737 -0.013750
v -0.009448 -0.007350 -0.014950
v -0.009448 -0.001964 -0.014564
v -0.007933 -0.006861 -0.021766
v -0.007933 -0.001475 -0.021380
v 0.016475 -0.007248 -0.016369
v 0.016475 -0.001862 -0.015983
v 0.014959 -0.007737 -0.009553
v 0.014959 -0.002351 -0.009166
v -0.001073 -0.001871 -0.011669
v -0.001095 -0.001878 -0.011568
v 0.001416 -0.001878 -0.011564
v 0.002116 -0.001917 -0.011015
v 0.006129 -0.001992 -0.009971
v 0.002985 -0.001931 -0.010823
v 0.004919 -0.001755 -0.013273
v 0.004925 -0.001819 -0.012386
v 0.006152 -0.001985 -0.010071
v 0.004544 -0.001877 -0.011583
v 0.003851 -0.001917 -0.011025
v 0.001020 -0.001757 -0.013249
v 0.001401 -0.001700 -0.014051
v -0.002247 -0.001522 -0.016526
v -0.002609 -0.001579 -0.015733
v 0.001025 -0.001821 -0.012361
v -0.003263 -0.001621 -0.015156
v -0.004096 -0.001639 -0.014894
v -0.006115 -0.001791 -0.012783
v -0.004963 -0.001632 -0.014993
v -0.006599 -0.001767 -0.013118
v -0.005716 -0.001601 -0.015435
v -0.007159 -0.001752 -0.013321
v -0.008502 -0.001731 -0.013618
v -0.006223 -0.001550 -0.016144
v -0.009128 -0.001661 -0.014598
v -0.006397 -0.001489 -0.016997
v -0.007667 -0.001189 -0.021173
v -0.006208 -0.001428 -0.017848
v -0.005689 -0.001377 -0.018548
v -0.006684 -0.001144 -0.021798
v 0.002093 -0.001660 -0.014609
v -0.002587 -0.001403 -0.018195
v -0.002239 -0.001460 -0.017397
v 0.002247 -0.001566 -0.015915
v 0.003068 -0.001592 -0.015555
v 0.002960 -0.001645 -0.014812
v 0.004045 -0.001607 -0.015339
v 0.003829 -0.001659 -0.014620
v 0.004942 -0.001609 -0.015319
v 0.004528 -0.001698 -0.014071
v 0.005778 -0.001586 -0.015644
v 0.016155 -0.001567 -0.015905
v 0.013374 -0.001770 -0.013071
v 0.014693 -0.002038 -0.009331
v 0.013012 -0.001827 -0.012279
v 0.013710 -0.002083 -0.008706
v 0.012358 -0.001868 -0.011702
v 0.012367 -0.002062 -0.009003
v 0.001626 -0.001520 -0.016562
v 0.001301 -0.001460 -0.017396
v -0.003231 -0.001360 -0.018784
v 0.009398 -0.001797 -0.012690
v 0.009224 -0.001736 -0.013543
v 0.009413 -0.001675 -0.014393
v -0.004929 -0.001347 -0.018977
v -0.004059 -0.001341 -0.019060
v 0.001689 -0.001277 -0.019946
v 0.001321 -0.001396 -0.018291
v 0.011774 -0.002058 -0.009055
v 0.011525 -0.001887 -0.011440
v 0.011193 -0.002065 -0.008956
v 0.010657 -0.001880 -0.011538
v 0.009905 -0.001848 -0.011980
v 0.006427 -0.001541 -0.016263
v 0.006788 -0.001482 -0.017082
v 0.009932 -0.001625 -0.015094
v 0.007156 -0.001364 -0.018737
v 0.015528 -0.001497 -0.016886
v 0.013033 -0.001650 -0.014741
v 0.013382 -0.001708 -0.013942
v 0.010692 -0.001594 -0.015522
v 0.011561 -0.001588 -0.015606
v 0.012390 -0.001608 -0.015330
v 0.015528 -0.007481 -0.017315
v 0.012587 -0.007504 -0.016995
v 0.011468 -0.007486 -0.017242
v 0.010331 -0.007497 -0.017093
v 0.009315 -0.007535 -0.016565
v 0.016155 -0.007551 -0.016334
v 0.014693 -0.008023 -0.009760
v 0.014545 -0.007773 -0.013241
v 0.014107 -0.007849 -0.012185
v 0.008052 -0.007753 -0.013524
v 0.008102 -0.007671 -0.014666
v 0.008540 -0.007595 -0.015722
v 0.014595 -0.007691 -0.014383
v 0.014251 -0.007613 -0.015474
v 0.013553 -0.007548 -0.016381
v 0.008397 -0.007831 -0.012434
v 0.009094 -0.007896 -0.011527
v 0.010829 -0.008060 -0.009239
v 0.010061 -0.007940 -0.010913
v 0.011180 -0.007958 -0.010665
v 0.013333 -0.007909 -0.011342
v 0.013710 -0.008068 -0.009135
v 0.012316 -0.007947 -0.010815
v 0.012367 -0.008046 -0.009432
v 0.011582 -0.008044 -0.009468
v 0.001301 -0.010237 -0.018025
v 0.002093 -0.010437 -0.015238
v 0.001401 -0.010477 -0.014681
v 0.006788 -0.010260 -0.017711
v 0.001321 -0.010173 -0.018920
v 0.006427 -0.010319 -0.016892
v 0.001020 -0.010535 -0.013878
v -0.000640 -0.010508 -0.014245
v 0.006585 -0.010623 -0.012648
v 0.004925 -0.010597 -0.013015
v 0.004919 -0.010533 -0.013903
v 0.004528 -0.010476 -0.014700
v 0.005778 -0.010363 -0.016273
v 0.001626 -0.010297 -0.017191
v 0.002247 -0.010344 -0.016544
v 0.002960 -0.010423 -0.015441
v 0.003068 -0.010369 -0.016184
v 0.003829 -0.010436 -0.015249
v 0.004045 -0.010385 -0.015968
v 0.004942 -0.010386 -0.015948
v 0.006495 -0.009956 -0.017754
v 0.006495 -0.001777 -0.017168
v 0.006863 -0.009837 -0.019410
v 0.006863 -0.001658 -0.018824
v 0.003133 -0.010049 -0.016454
v 0.003133 -0.001870 -0.015868
v 0.004110 -0.010065 -0.016239
v 0.004110 -0.001886 -0.015652
v 0.001982 -0.009760 -0.020489
v 0.001982 -0.001581 -0.019903
v 0.001614 -0.009879 -0.018834
v 0.001614 -0.001700 -0.018248
v 0.013854 -0.007538 -0.012325
v 0.013820 -0.004849 -0.012080
v 0.014253 -0.004776 -0.013092
v 0.013820 -0.007542 -0.012273
v 0.013150 -0.007593 -0.011558
v 0.013051 -0.004905 -0.011293
v 0.013051 -0.007598 -0.011486
v 0.012226 -0.007627 -0.011078
v 0.012048 -0.004938 -0.010835
v 0.012048 -0.007631 -0.011028
v 0.011193 -0.007637 -0.010943
v 0.010947 -0.004943 -0.010771
v 0.010947 -0.007636 -0.010964
v 0.010176 -0.007621 -0.011168
v 0.009898 -0.004918 -0.011107
v 0.009898 -0.007612 -0.011300
v 0.009297 -0.007581 -0.011726
v 0.009040 -0.004869 -0.011798
v 0.009040 -0.007562 -0.011991
v 0.008663 -0.007522 -0.012551
v 0.008492 -0.004801 -0.012752
v 0.008492 -0.007494 -0.012945
v 0.008349 -0.007451 -0.013542
v 0.008325 -0.004723 -0.013839
v 0.008325 -0.007416 -0.014032
v 0.008395 -0.004683 -0.014387
v 0.008395 -0.007376 -0.014580
v 0.008564 -0.004646 -0.014913
v 0.008564 -0.007339 -0.015106
v 0.008793 -0.007308 -0.015540
v 0.009175 -0.004580 -0.015828
v 0.009175 -0.007273 -0.016021
v 0.009497 -0.007253 -0.016306
v 0.010077 -0.004535 -0.016461
v 0.010077 -0.007228 -0.016654
v 0.010422 -0.007218 -0.016786
v 0.011147 -0.004516 -0.016726
v 0.011147 -0.007209 -0.016919
v 0.011455 -0.007209 -0.016922
v 0.012240 -0.004526 -0.016588
v 0.012240 -0.007219 -0.016781
v 0.012472 -0.007225 -0.016697
v 0.013210 -0.004563 -0.016066
v 0.013210 -0.007256 -0.016259
v 0.013350 -0.007265 -0.016138
v 0.013926 -0.004623 -0.015229
v 0.013926 -0.007316 -0.015422
v 0.013985 -0.007324 -0.015314
v 0.014289 -0.004697 -0.014191
v 0.014289 -0.007391 -0.014384
v 0.014298 -0.007395 -0.014323
v 0.014253 -0.007469 -0.013285
v 0.009224 -0.004728 -0.013758
v 0.009413 -0.004668 -0.014608
v 0.009932 -0.004617 -0.015308
v 0.010692 -0.004587 -0.015737
v 0.011561 -0.004581 -0.015820
v 0.010657 -0.004872 -0.011753
v 0.009905 -0.004840 -0.012195
v 0.009398 -0.004790 -0.012904
v 0.012390 -0.004600 -0.015544
v 0.013033 -0.004643 -0.014956
v 0.013382 -0.004700 -0.014157
v 0.013374 -0.004762 -0.013286
v 0.013012 -0.004819 -0.012493
v 0.012358 -0.004860 -0.011916
v 0.011525 -0.004879 -0.011654
v -0.001767 -0.007291 -0.015779
v -0.001801 -0.004601 -0.015534
v -0.001368 -0.004529 -0.016546
v -0.001801 -0.007294 -0.015727
v -0.002471 -0.007345 -0.015013
v -0.002570 -0.004658 -0.014747
v -0.002570 -0.007351 -0.014940
v -0.003395 -0.007380 -0.014533
v -0.003573 -0.004690 -0.014290
v -0.003573 -0.007383 -0.014483
v -0.004428 -0.007390 -0.014397
v -0.004673 -0.004695 -0.014225
v -0.004673 -0.007388 -0.014418
v -0.005445 -0.007373 -0.014622
v -0.005723 -0.004671 -0.014561
v -0.005723 -0.007364 -0.014754
v -0.006324 -0.007333 -0.015180
v -0.006580 -0.004621 -0.015252
v -0.006580 -0.007314 -0.015445
v -0.006958 -0.007274 -0.016005
v -0.007129 -0.004553 -0.016206
v -0.007129 -0.007246 -0.016399
v -0.007271 -0.007203 -0.016996
v -0.007295 -0.004475 -0.017293
v -0.007295 -0.007168 -0.017486
v -0.007226 -0.007129 -0.018034
v -0.007057 -0.004398 -0.018367
v -0.007057 -0.007091 -0.018560
v -0.006827 -0.007060 -0.018994
v -0.006445 -0.004332 -0.019282
v -0.006445 -0.007026 -0.019475
v -0.006123 -0.007005 -0.019760
v -0.005544 -0.004287 -0.019915
v -0.005544 -0.006980 -0.020108
v -0.005199 -0.006971 -0.020240
v -0.004474 -0.004268 -0.020181
v -0.004474 -0.006961 -0.020374
v -0.004166 -0.006961 -0.020376
v -0.003380 -0.004278 -0.020043
v -0.003380 -0.006971 -0.020236
v -0.003149 -0.006977 -0.020151
v -0.002410 -0.004315 -0.019520
v -0.002410 -0.007009 -0.019713
v -0.002270 -0.007017 -0.019593
v -0.001695 -0.004375 -0.018683
v -0.001695 -0.007069 -0.018876
v -0.001636 -0.007076 -0.018768
v -0.001331 -0.004450 -0.017645
v -0.001331 -0.007143 -0.017838
v -0.001323 -0.007147 -0.017777
v -0.001368 -0.007222 -0.016739
v -0.004963 -0.004625 -0.015207
v -0.005716 -0.004593 -0.015649
v -0.006223 -0.004542 -0.016358
v -0.006397 -0.004481 -0.017212
v -0.006208 -0.004420 -0.018062
v -0.005689 -0.004370 -0.018762
v -0.004929 -0.004339 -0.019191
v -0.004059 -0.004333 -0.019275
v -0.003231 -0.004353 -0.018998
v -0.002587 -0.004395 -0.018410
v -0.002239 -0.004452 -0.017611
v -0.002247 -0.004515 -0.016740
v -0.002609 -0.004571 -0.015948
v -0.003263 -0.004613 -0.015370
v -0.004096 -0.004632 -0.015108
v 0.001025 -0.010796 -0.013005
v 0.001285 -0.011227 -0.012417
v 0.001416 -0.011407 -0.012247
v 0.002985 -0.012260 -0.011563
v 0.001825 -0.011914 -0.011901
v 0.002116 -0.012246 -0.011755
v 0.004544 -0.010852 -0.012227
v 0.004047 -0.011271 -0.011806
v 0.003851 -0.011445 -0.011708
v 0.003320 -0.011938 -0.011570
v 0.001003 -0.010742 -0.013111
v 0.000973 -0.010601 -0.013493
v 0.004803 -0.010662 -0.012646
v 0.002821 -0.011847 -0.003966
v 0.002906 -0.011838 -0.004090
v -0.000950 -0.011777 -0.004943
v -0.000793 -0.011817 -0.004377
v -0.000876 -0.011713 -0.005825
v -0.000967 -0.011756 -0.005230
v -0.000442 -0.011658 -0.006599
v -0.000778 -0.011695 -0.006081
v 0.000274 -0.011620 -0.007124
v -0.000259 -0.011645 -0.006781
v 0.001143 -0.011607 -0.007307
v 0.000501 -0.011614 -0.007210
v 0.002010 -0.011621 -0.007115
v 0.001370 -0.011608 -0.007293
v 0.002721 -0.011659 -0.006583
v 0.002198 -0.011628 -0.007017
v 0.003147 -0.011715 -0.005805
v 0.002842 -0.011670 -0.006429
v 0.003183 -0.011790 -0.004759
v 0.003212 -0.011778 -0.004922
v 0.003190 -0.011727 -0.005630
v -0.005625 -0.004760 -0.009817
v 0.009410 -0.004999 -0.006493
v 0.010051 -0.008047 -0.008016
v 0.010051 -0.004859 -0.007788
v 0.010277 -0.007899 -0.008384
v 0.010252 -0.004574 -0.008112
v 0.010587 -0.007814 -0.008703
v 0.010497 -0.004247 -0.008367
v 0.010795 -0.007790 -0.008853
v 0.010769 -0.003892 -0.008557
v 0.011356 -0.003134 -0.008767
v 0.011057 -0.003520 -0.008688
v 0.011600 -0.007766 -0.009148
v 0.010965 -0.007780 -0.008950
v 0.011619 -0.007766 -0.009150
v 0.011953 -0.002378 -0.008778
v 0.011658 -0.002746 -0.008795
v 0.011600 -0.002820 -0.008793
v -0.005657 -0.004610 -0.011261
v -0.005702 -0.007645 -0.011918
v -0.005657 -0.007798 -0.011490
v -0.006888 -0.002080 -0.012944
v -0.006607 -0.002483 -0.012829
v -0.006575 -0.002531 -0.012812
v -0.006591 -0.007477 -0.013177
v -0.006122 -0.003295 -0.012466
v -0.006083 -0.007510 -0.012720
v -0.005974 -0.003584 -0.012285
v -0.005970 -0.007524 -0.012560
v -0.005808 -0.003962 -0.011994
v -0.005846 -0.007553 -0.012338
v -0.005675 -0.004409 -0.011535
v -0.005666 -0.004465 -0.011464
v 0.006419 -0.010828 -0.011913
v 0.006278 -0.011306 -0.011312
v 0.006185 -0.011983 -0.010937
v -0.001040 -0.011869 -0.012534
v -0.000946 -0.011191 -0.012910
v -0.000806 -0.010714 -0.013511
v -0.006799 -0.002071 -0.012916
v -0.006408 -0.002526 -0.012743
v -0.006241 -0.002738 -0.012640
v -0.006110 -0.002913 -0.012543
v -0.005761 -0.003428 -0.012185
v -0.005749 -0.003447 -0.012169
v -0.005416 -0.004155 -0.011414
v -0.005564 -0.003779 -0.011863
v -0.005629 -0.003654 -0.011986
v -0.005386 -0.004351 -0.011110
v -0.005405 -0.004500 -0.010822
v -0.005431 -0.004560 -0.010684
v 0.011564 -0.002661 -0.008806
v 0.011861 -0.002366 -0.008790
v 0.009604 -0.004798 -0.007359
v 0.009750 -0.004591 -0.007763
v 0.009972 -0.004330 -0.008101
v 0.010246 -0.004030 -0.008367
v 0.010553 -0.003705 -0.008565
v 0.011219 -0.003015 -0.008779
v 0.010879 -0.003366 -0.008700
v 0.006120 -0.014690 -0.010838
v -0.001105 -0.014575 -0.012436
v 0.006028 -0.015554 -0.010483
v -0.001197 -0.015439 -0.012080
v 0.005884 -0.016262 -0.009884
v -0.001341 -0.016147 -0.011482
v 0.005703 -0.016745 -0.009100
v -0.001522 -0.016631 -0.010698
v 0.005884 -0.001908 -0.008857
v -0.001340 -0.001794 -0.010455
v 0.005660 -0.001505 -0.007811
v -0.001565 -0.001391 -0.009409
v 0.005473 -0.000816 -0.006918
v -0.001752 -0.000701 -0.008516
v 0.005340 0.000103 -0.006252
v -0.001884 0.000218 -0.007849
v 0.010401 -0.008094 -0.008979
v 0.010051 -0.008176 -0.008641
v 0.009216 -0.010689 -0.006024
v 0.009332 -0.009768 -0.006482
v 0.009493 -0.008999 -0.007155
v 0.009367 -0.009567 -0.006626
v 0.009798 -0.008317 -0.008249
v 0.009651 -0.008519 -0.007835
v 0.009568 -0.008745 -0.007477
v -0.005384 -0.008281 -0.011160
v -0.005337 -0.008077 -0.011597
v -0.005569 -0.007841 -0.012512
v -0.005397 -0.007931 -0.012058
v -0.005467 -0.008507 -0.010802
v -0.005542 -0.008761 -0.010480
v -0.005668 -0.009329 -0.009950
v -0.005703 -0.009530 -0.009806
v -0.005819 -0.010451 -0.009349
v 0.006181 -0.001828 -0.016456
v 0.006181 -0.010007 -0.017042
v 0.005617 -0.001867 -0.015917
v 0.005617 -0.010046 -0.016504
v 0.004890 -0.001887 -0.015635
v 0.004890 -0.010066 -0.016222
v 0.002419 -0.001848 -0.016182
v 0.002419 -0.010027 -0.016768
v 0.001879 -0.001807 -0.016744
v 0.001879 -0.009986 -0.017330
v 0.001597 -0.001755 -0.017469
v 0.001597 -0.009934 -0.018056
vn -0.2164 -0.0698 0.9738
vn -0.1319 -0.0709 0.9887
vn -0.1699 -0.0656 0.9833
vn -0.2996 -0.0685 0.9516
vn -0.2843 -0.0458 0.9576
vn 0.2164 0.0698 -0.9738
vn 0.9763 -0.0155 0.2159
vn 0.9675 -0.0181 0.2522
vn 0.9610 -0.0198 0.2758
vn -0.0000 -0.9974 -0.0715
vn 0.0170 -0.9889 -0.1477
vn -0.0067 -0.9977 -0.0678
vn -0.0009 -0.9980 -0.0635
vn 0.2103 -0.0246 -0.9773
vn 0.2158 -0.0087 -0.9764
vn 0.2161 0.0138 -0.9763
vn 0.2163 -0.0282 -0.9759
vn -0.9763 0.0155 -0.2159
vn -0.9837 0.0128 -0.1791
vn -0.9901 0.0232 -0.1386
vn -0.2160 -0.1307 0.9676
vn -0.2161 -0.0121 0.9763
vn 0.2088 0.3298 -0.9207
vn 0.2020 0.4239 -0.8829
vn 0.1787 0.6201 -0.7639
vn 0.1460 0.7833 -0.6043
vn 0.1056 0.9048 -0.4125
vn 0.0595 0.9782 -0.1988
vn 0.0102 0.9996 0.0255
vn -0.0396 0.9678 0.2484
vn -0.0873 0.8846 0.4581
vn -0.1303 0.7543 0.6435
vn -0.1665 0.5838 0.7946
vn -0.1937 0.3824 0.9035
vn -0.2107 0.1606 0.9643
vn 0.2077 0.3480 -0.9142
vn 0.1821 0.5980 -0.7806
vn 0.1417 0.7995 -0.5837
vn 0.0899 0.9363 -0.3395
vn 0.0308 0.9972 -0.0678
vn -0.0308 0.9774 0.2094
vn -0.0899 0.8783 0.4696
vn -0.1417 0.7081 0.6917
vn -0.1821 0.4805 0.8579
vn -0.2077 0.2140 0.9545
vn -0.2077 -0.3480 0.9142
vn -0.1821 -0.5980 0.7806
vn -0.1417 -0.7995 0.5837
vn -0.0899 -0.9363 0.3395
vn -0.0308 -0.9972 0.0678
vn 0.0308 -0.9774 -0.2094
vn 0.0899 -0.8783 -0.4696
vn 0.1417 -0.7081 -0.6917
vn 0.1821 -0.4805 -0.8579
vn 0.2077 -0.2140 -0.9545
vn -0.2047 0.2583 0.9441
vn -0.2052 0.2576 0.9442
vn -0.2133 0.1011 0.9717
vn -0.2135 0.0953 0.9723
vn -0.1718 -0.6674 0.7246
vn -0.1916 -0.5395 0.8199
vn -0.1905 -0.5360 0.8224
vn -0.2035 -0.4033 0.8921
vn -0.2047 -0.3899 0.8978
vn -0.2133 -0.2388 0.9474
vn -0.2135 -0.2330 0.9487
vn -0.1465 -0.7810 0.6072
vn -0.1693 -0.6762 0.7171
vn -0.1797 -0.6204 0.7634
vn -0.1829 -0.5376 0.8231
vn -0.1703 -0.6678 0.7246
vn -0.1960 -0.4100 0.8908
vn -0.2042 -0.3899 0.8979
vn -0.2058 -0.2344 0.9501
vn -0.1777 -0.6204 0.7639
vn -0.1528 -0.6943 0.7033
vn -0.1169 -0.8728 0.4740
vn -0.1429 -0.7806 0.6085
vn -0.1806 0.3811 0.9067
vn -0.1981 0.2584 0.9455
vn -0.1772 0.4923 0.8522
vn -0.1664 0.5583 0.8128
vn -0.2096 -0.0750 0.9749
vn -0.2127 -0.0724 0.9744
vn -0.2128 0.1012 0.9718
vn -0.2015 0.2638 0.9433
vn -0.1621 0.3281 0.9306
vn -0.1996 0.3388 0.9195
vn -0.1936 0.4042 0.8940
vn -0.1917 0.4131 0.8903
vn -0.1802 0.4938 0.8507
vn -0.1716 0.5581 0.8119
vn -0.1716 0.5701 0.8035
vn -0.1427 0.6881 0.7114
vn -0.1670 0.6338 0.7552
vn -0.1158 0.7955 0.5948
vn -0.1576 0.6725 0.7231
vn -0.1370 0.7315 0.6679
vn -0.1351 0.7324 0.6673
vn -0.1419 0.6691 0.7295
vn -0.1154 0.7968 0.5932
vn -0.1497 0.6223 0.7683
vn -0.1707 0.5581 0.8120
vn -0.0869 0.8854 0.4567
vn -0.0501 0.9497 0.3090
vn 0.0209 0.9997 -0.0085
vn -0.0178 0.9883 0.1517
vn -0.0531 0.9498 0.3084
vn 0.0899 0.9414 -0.3250
vn 0.0532 0.9841 -0.1697
vn 0.0179 0.9998 -0.0092
vn 0.1496 0.7811 -0.6063
vn 0.1185 0.8732 -0.4727
vn 0.0869 0.9415 -0.3257
vn 0.1933 0.5361 -0.8217
vn 0.1709 0.6677 -0.7245
vn 0.1466 0.7811 -0.6069
vn 0.2134 0.2720 -0.9383
vn 0.2048 0.3899 -0.8978
vn 0.1904 0.5361 -0.8224
vn 0.1933 -0.4134 -0.8898
vn 0.2048 -0.2578 -0.9442
vn 0.2134 -0.1354 -0.9675
vn 0.2135 -0.0953 -0.9723
vn 0.2135 0.2330 -0.9487
vn 0.1496 -0.6866 -0.7115
vn 0.1709 -0.5576 -0.8124
vn 0.1904 -0.4133 -0.8905
vn 0.0899 -0.8854 -0.4560
vn 0.1185 -0.7968 -0.5925
vn 0.1466 -0.6866 -0.7121
vn 0.0209 -0.9883 -0.1510
vn 0.0532 -0.9498 -0.3083
vn 0.0869 -0.8854 -0.4566
vn -0.0501 -0.9841 0.1704
vn -0.0178 -0.9998 0.0092
vn 0.0179 -0.9883 -0.1517
vn -0.1430 -0.7830 0.6054
vn -0.1154 -0.8721 0.4755
vn -0.0869 -0.9415 0.3257
vn -0.0531 -0.9841 0.1697
vn -0.5675 0.0589 -0.8213
vn -0.4409 0.0395 -0.8967
vn -0.5543 0.0089 -0.8323
vn -0.3562 -0.1182 -0.9269
vn -0.3375 -0.1695 -0.9260
vn -0.7195 0.1266 -0.6829
vn -0.7349 0.0965 -0.6713
vn -0.8575 0.0578 -0.5112
vn -0.7691 0.0565 -0.6366
vn -0.7881 0.0451 -0.6140
vn -0.7105 0.0305 -0.7030
vn -0.8387 0.0227 -0.5442
vn -0.7578 0.0397 -0.6512
vn 0.9895 0.0003 -0.1445
vn 0.8600 0.0014 -0.5103
vn 0.9018 0.0033 -0.4321
vn 0.9407 -0.0036 -0.3392
vn 0.9626 0.0125 -0.2708
vn 0.9744 0.0171 -0.2242
vn 0.9671 0.0290 -0.2527
vn 0.9946 0.0265 -0.1005
vn 0.9519 0.0698 -0.2983
vn 0.9437 0.1003 -0.3151
vn 0.6910 -0.1858 -0.6985
vn 0.7100 -0.1351 -0.6911
vn 0.7788 0.0202 -0.6269
vn 0.9562 -0.0228 0.2918
vn 0.9609 -0.0184 0.2763
vn 0.7497 -0.0487 0.6600
vn 0.7574 -0.0457 0.6514
vn 0.4090 -0.0662 0.9101
vn 0.4154 -0.0646 0.9073
vn -0.0049 -0.0720 0.9974
vn -0.0025 -0.0715 0.9974
vn -0.4179 -0.0650 0.9062
vn -0.4200 -0.0653 0.9052
vn -0.7561 -0.0463 0.6528
vn -0.7607 -0.0473 0.6474
vn -0.9590 -0.0194 0.2826
vn -0.9623 -0.0208 0.2712
vn -0.9904 0.0112 -0.1381
vn -0.9879 0.0093 -0.1545
vn 0.2064 -0.2476 -0.9466
vn 0.2057 -0.2433 -0.9479
vn 0.1952 -0.3676 -0.9092
vn 0.1667 -0.5822 -0.7958
vn 0.1283 -0.7620 -0.6347
vn 0.0889 -0.8945 -0.4382
vn 0.0896 -0.8791 -0.4681
vn 0.0608 -0.9406 -0.3341
vn 0.0418 -0.9772 -0.2082
vn 0.0299 -0.9782 -0.2054
vn -0.0171 -0.9993 0.0319
vn -0.0234 -0.9994 0.0267
vn 0.0197 -0.9796 -0.2001
vn 0.0293 -0.9771 -0.2108
vn 0.0426 -0.9366 -0.3478
vn 0.0753 -0.8837 -0.4620
vn 0.0822 -0.8963 -0.4358
vn 0.2045 -0.2476 -0.9471
vn -0.0733 -0.9621 0.2627
vn -0.1205 -0.8673 0.4830
vn -0.1606 -0.7207 0.6744
vn -0.1910 -0.5310 0.8255
vn -0.2100 -0.3097 0.9274
vn 0.0166 -0.9913 -0.1306
vn 0.0021 -0.9967 -0.0810
vn -0.0000 0.9974 0.0715
vn 0.0155 0.9999 0.0016
vn 0.0143 -0.9919 -0.1263
vn 0.0283 -0.9915 -0.1274
vn 0.0212 -0.9858 -0.1666
vn 0.0104 -0.9867 -0.1620
vn 0.0102 -0.9930 -0.1175
vn -0.9504 0.0222 -0.3103
vn 0.3111 0.0679 -0.9479
vn 0.1197 0.0710 -0.9903
vn 0.9928 -0.0086 0.1194
vn -0.8847 0.0328 -0.4651
vn -0.8327 0.0347 -0.5526
vn -0.9763 0.0124 -0.2161
vn -0.7871 0.0441 -0.6153
vn -0.6642 0.0525 -0.7457
vn -0.5764 0.0505 -0.8156
vn -0.5199 0.0611 -0.8521
vn -0.3590 0.0654 -0.9311
vn -0.2421 0.0590 -0.9685
vn -0.1863 0.0702 -0.9800
vn -0.0078 0.0698 -0.9975
vn 0.1249 0.0584 -0.9905
vn 0.1711 0.0704 -0.9827
vn 0.3443 0.0652 -0.9366
vn 0.4749 0.0487 -0.8787
vn 0.5067 0.0616 -0.8599
vn 0.6525 0.0520 -0.7560
vn 0.7608 0.0309 -0.6483
vn 0.7775 0.0450 -0.6273
vn 0.8773 0.0320 -0.4789
vn 0.9438 0.0073 -0.3304
vn 0.9490 0.0225 -0.3145
vn 0.9900 0.0077 -0.1405
vn 0.9999 -0.0078 -0.0075
vn 0.9993 -0.0028 0.0384
vn 0.9033 -0.0390 0.4272
vn 0.9219 -0.0277 0.3864
vn 0.8378 -0.0414 0.5444
vn 0.7159 -0.0662 0.6950
vn 0.7268 -0.0491 0.6851
vn 0.5923 -0.0599 0.8035
vn 0.4153 -0.0805 0.9061
vn 0.4388 -0.0642 0.8963
vn 0.2711 -0.0710 0.9599
vn 0.0586 -0.0856 0.9946
vn 0.0948 -0.0712 0.9929
vn -0.0847 -0.0732 0.9937
vn -0.3061 -0.0806 0.9486
vn -0.2613 -0.0690 0.9628
vn -0.4297 -0.0662 0.9005
vn -0.6294 -0.0660 0.7743
vn -0.5840 -0.0580 0.8096
vn -0.7198 -0.0510 0.6923
vn -0.8677 -0.0434 0.4952
vn -0.8322 -0.0396 0.5531
vn -0.9179 -0.0293 0.3957
vn -0.9887 -0.0156 0.1491
vn -0.9740 -0.0162 0.2259
vn -0.9988 -0.0040 0.0485
vn 0.9993 -0.0191 0.0320
vn 0.9763 -0.0179 0.2157
vn 0.9198 -0.0448 0.3899
vn -0.8039 0.0425 -0.5933
vn -0.4924 0.0622 -0.8681
vn -0.0958 0.0712 -0.9928
vn 0.3173 0.0678 -0.9459
vn 0.6756 0.0527 -0.7354
vn 0.9171 0.0285 -0.3977
vn 1.0000 -0.0006 0.0087
vn 0.9100 -0.0296 0.4136
vn 0.6626 -0.0535 0.7470
vn 0.3007 -0.0682 0.9513
vn -0.1132 -0.0710 0.9910
vn -0.5075 -0.0616 0.8594
vn -0.8141 -0.0415 0.5792
vn -0.9799 -0.0143 0.1989
vn 0.9466 0.0230 -0.3215
vn 0.9734 0.0117 -0.2288
vn 0.8518 0.0373 -0.5226
vn 0.7781 0.0406 -0.6269
vn 0.7228 0.0494 -0.6893
vn 0.4269 0.0623 -0.9021
vn -0.0062 0.0714 -0.9974
vn 0.1766 -0.0250 -0.9840
vn 0.3983 -0.1093 -0.9107
vn 0.2570 -0.0271 -0.9660
vn -0.4395 0.0641 -0.8960
vn -0.7857 0.0440 -0.6170
vn -0.7464 0.0444 -0.6640
vn -0.5511 0.0579 -0.8324
vn -0.3568 0.0618 -0.9321
vn 0.0265 -0.1168 -0.9928
vn 0.9884 0.0102 -0.1513
vn 1.0000 -0.0017 0.0097
vn 0.9759 -0.0184 0.2174
vn 0.9621 -0.0195 0.2722
vn 0.7857 -0.0442 0.6170
vn 0.4395 -0.0642 0.8959
vn 0.0062 -0.0715 0.9974
vn -0.4283 -0.0646 0.9013
vn -0.7779 -0.0449 0.6267
vn -0.9735 -0.0163 0.2280
vn -0.9865 0.0055 -0.1638
vn -0.9052 0.0246 -0.4243
vn -0.3926 0.0683 -0.9172
vn -0.6151 0.0851 -0.7838
vn -0.4925 0.0629 -0.8680
vn -0.6951 0.2163 -0.6856
vn -0.7532 0.0649 -0.6546
vn -0.8029 0.0450 -0.5944
vn -0.0959 0.0718 -0.9928
vn -0.1095 0.0839 -0.9904
vn -0.2586 0.0833 -0.9624
vn 0.6767 0.0602 -0.7338
vn 0.5276 0.0613 -0.8473
vn 0.3143 0.0727 -0.9465
vn 0.3191 0.0761 -0.9447
vn 0.1116 0.0811 -0.9904
vn 0.8830 0.0347 -0.4681
vn 0.8306 0.0463 -0.5549
vn 0.9168 0.0349 -0.3979
vn 0.7603 0.0557 -0.6472
vn 0.6671 0.0533 -0.7430
vn -0.8793 0.0343 -0.4751
vn -0.9763 0.0203 -0.2157
vn 0.9999 0.0065 0.0093
vn 0.9864 0.0121 -0.1637
vn 0.9348 0.0254 -0.3543
vn 0.9099 -0.0227 0.4142
vn 0.9670 -0.0178 0.2542
vn 0.9989 -0.0033 0.0462
vn 0.6625 -0.0469 0.7476
vn 0.7774 -0.0446 0.6274
vn 0.8921 -0.0323 0.4508
vn 0.3006 -0.0618 0.9517
vn 0.4511 -0.0635 0.8902
vn 0.6283 -0.0556 0.7760
vn -0.1133 -0.0649 0.9914
vn 0.0455 -0.0711 0.9964
vn 0.2539 -0.0692 0.9647
vn -0.5076 -0.0557 0.8598
vn -0.3682 -0.0662 0.9274
vn -0.1650 -0.0705 0.9838
vn -0.8142 -0.0360 0.5795
vn -0.7171 -0.0495 0.6952
vn -0.5550 -0.0595 0.8297
vn -0.9799 -0.0090 0.1991
vn -0.9398 -0.0241 0.3407
vn -0.8473 -0.0380 0.5297
vn -0.9596 0.0201 -0.2807
vn -0.9973 0.0055 -0.0737
vn -0.9906 -0.0098 0.1365
vn 0.4270 -0.8698 -0.2472
vn 0.4531 -0.8451 -0.2838
vn 0.4084 -0.8880 -0.2116
vn 0.4836 -0.8645 -0.1369
vn -0.3459 -0.8443 -0.4094
vn -0.3417 -0.8489 -0.4032
vn -0.3441 -0.8640 -0.3676
vn -0.4254 -0.8510 -0.3079
vn -0.4869 -0.8663 -0.1119
vn -0.4300 -0.8798 -0.2026
vn -0.4527 -0.8368 -0.3080
vn -0.4636 -0.8812 0.0929
vn -0.4441 -0.8958 -0.0152
vn -0.5142 -0.8517 -0.1010
vn -0.3579 -0.8940 0.2696
vn -0.3808 -0.9107 0.1598
vn -0.4852 -0.8671 0.1129
vn -0.1887 -0.9026 0.3870
vn -0.2524 -0.9224 0.2923
vn -0.3708 -0.8802 0.2961
vn 0.0137 -0.9054 0.4244
vn -0.0824 -0.9293 0.3600
vn -0.1912 -0.8889 0.4163
vn 0.2134 -0.9020 0.3754
vn 0.0990 -0.9306 0.3524
vn 0.0221 -0.8915 0.4524
vn 0.3750 -0.8930 0.2488
vn 0.2601 -0.9265 0.2720
vn 0.2314 -0.8877 0.3981
vn 0.4701 -0.8800 0.0673
vn 0.3731 -0.9181 0.1339
vn 0.3999 -0.8780 0.2629
vn 0.5084 -0.8489 -0.1447
vn 0.4191 -0.9072 -0.0372
vn 0.4980 -0.8643 0.0707
vn -0.0137 0.9910 0.1329
vn -0.0139 0.9894 0.1443
vn -0.0165 0.9892 0.1454
vn -0.0167 0.9908 0.1342
vn 0.9174 -0.0284 0.3969
vn 0.8963 -0.0309 0.4424
vn 0.8035 -0.0432 0.5937
vn 0.7858 -0.0412 0.6170
vn 0.6630 -0.0557 0.7465
vn 0.6577 -0.0523 0.7514
vn 0.5452 -0.0623 0.8360
vn 0.3696 0.1065 0.9231
vn 0.1259 0.0287 0.9916
vn 0.2367 0.0671 0.9692
vn 0.2135 -0.0682 0.9746
vn 0.4007 -0.0648 0.9139
vn 0.0421 -0.0713 0.9966
vn -0.0978 -0.0267 0.9949
vn -0.0116 -0.0092 0.9999
vn 0.0622 0.0031 0.9981
vn -0.9998 0.0164 -0.0065
vn -0.9819 -0.0291 0.1874
vn -0.9997 -0.0113 -0.0220
vn -0.3007 0.0630 0.9516
vn -0.3952 -0.0092 0.9185
vn -0.4629 0.0268 0.8860
vn -0.5320 -0.0598 0.8447
vn -0.6196 0.0711 0.7817
vn -0.7482 -0.0463 0.6619
vn -0.7160 0.1182 0.6880
vn -0.8485 -0.0389 0.5278
vn -0.9124 -0.0284 0.4084
vn -0.9180 -0.0326 0.3952
vn -0.9751 -0.0129 0.2214
vn -0.9953 -0.0026 0.0965
vn 0.0475 -0.9578 -0.2834
vn 0.0699 -0.8928 -0.4450
vn 0.1062 -0.8377 -0.5357
vn 0.1430 -0.6565 -0.7406
vn 0.1506 -0.6678 -0.7289
vn 0.1787 -0.4966 -0.8494
vn 0.1892 -0.3167 -0.9295
vn 0.2013 -0.3170 -0.9268
vn 0.1542 -0.6557 -0.7391
vn 0.1769 -0.6448 -0.7435
vn 0.1928 -0.4998 -0.8444
vn 0.0858 -0.8946 -0.4386
vn 0.0638 -0.9647 -0.2557
vn 0.1133 -0.8902 -0.4413
vn 0.1381 -0.8211 -0.5538
vn -0.2226 0.1422 0.9645
vn -0.2924 0.0886 0.9522
vn -0.3045 0.1492 0.9407
vn -0.2017 0.3005 0.9322
vn -0.2095 0.1163 0.9709
vn -0.2145 0.0640 0.9746
vn -0.2529 0.2921 0.9223
vn -0.3021 0.2989 0.9052
vn -0.1788 0.5590 0.8097
vn -0.3788 0.3871 0.8406
vn -0.3826 0.4537 0.8048
vn -0.1243 0.7763 0.6180
vn -0.1273 0.7962 0.5915
vn -0.1511 0.6815 0.7161
vn -0.3934 0.4933 0.7758
vn -0.1027 0.8579 0.5034
vn -0.0857 0.9026 0.4218
vn -0.0614 0.9433 0.3264
vn -0.0510 0.9508 0.3054
vn -0.0973 0.1085 0.9893
vn -0.1412 0.0795 0.9868
vn -0.1892 0.1636 0.9682
vn -0.1139 0.7956 0.5950
vn -0.0577 0.9435 0.3263
vn -0.0534 0.9404 0.3358
vn -0.0925 0.8591 0.5034
vn -0.1219 0.7580 0.6408
vn -0.1687 0.5580 0.8125
vn -0.1468 0.6590 0.7376
vn 0.0199 0.4130 0.9105
vn -0.2030 0.3039 0.9308
vn -0.0809 0.1837 0.9797
vn -0.0369 0.3152 0.9483
vn -0.2147 0.1156 0.9698
vn 0.2058 -0.2418 -0.9482
vn 0.1751 -0.5298 -0.8298
vn 0.1272 -0.7659 -0.6302
vn 0.0669 -0.9271 -0.3689
vn 0.0612 0.9764 -0.2069
vn 0.1175 0.8757 -0.4684
vn 0.1641 0.7034 -0.6916
vn 0.1973 0.4736 -0.8583
vn 0.0180 -0.9898 -0.1413
vn 0.0413 -0.9705 -0.2375
vn 0.0601 -0.9500 -0.3065
vn 0.1961 -0.3472 -0.9171
vn 0.1992 -0.3706 -0.9072
vn 0.1753 -0.5266 -0.8319
vn 0.1692 -0.6168 -0.7687
vn 0.1204 -0.8231 -0.5550
vn 0.1341 -0.7441 -0.6545
vn 0.1555 -0.6435 -0.7495
vn 0.0669 -0.9315 -0.3575
vn 0.0924 -0.8830 -0.4601
vn 0.1100 -0.8235 -0.5565
vn 0.0698 -0.8780 -0.4736
vn 0.0461 -0.9362 -0.3483
vn 0.0574 -0.9505 -0.3054
vn 0.0133 -0.9898 -0.1422
vn 0.0226 -0.9690 -0.2462
vn 0.0959 -0.8287 -0.5515
vn 0.1044 -0.8249 -0.5555
vn 0.1319 -0.7441 -0.6550
vn 0.1521 -0.6166 -0.7725
vn 0.1759 -0.5266 -0.8317
vn 0.1907 -0.3705 -0.9090
vn 0.1983 -0.3472 -0.9166
vn -0.8192 0.0410 -0.5721
vn -0.5373 0.0603 -0.8412
vn -0.1737 0.0704 -0.9823
vn -0.1736 0.0704 -0.9823
vn 0.5736 0.0586 -0.8171
vn 0.8434 0.0384 -0.5359
vn 0.9848 0.0124 -0.1732
vn 0.5373 -0.0603 0.8412
vn -0.8434 -0.0384 0.5359
vn 0.7017 -0.7110 0.0458
vn 0.6903 -0.7162 0.1021
vn 0.7010 -0.7115 0.0497
vn 0.7376 -0.6665 -0.1082
vn 0.7803 -0.5525 -0.2930
vn 0.8142 -0.3856 -0.4341
vn 0.8359 -0.1819 -0.5178
vn 0.8422 -0.0152 -0.5390
vn 0.8420 -0.0191 -0.5392
vn 0.8412 -0.0343 -0.5397
vn 0.8415 -0.0281 -0.5395
vn 0.7043 -0.7093 0.0310
vn 0.7032 -0.7100 0.0370
vn 0.7489 -0.6437 -0.1576
vn 0.7986 -0.4748 -0.3700
vn 0.8317 -0.2352 -0.5029
vn 0.1530 -0.6559 -0.7391
vn 0.5964 -0.6781 -0.4295
vn 0.3799 -0.7479 0.5443
vn -0.0910 -0.7541 0.6504
vn -0.0956 -0.7543 0.6496
vn -0.1530 -0.7547 0.6380
vn 0.2843 -0.7511 0.5959
vn 0.3007 -0.7467 0.5934
vn 0.1555 -0.7519 0.6407
vn 0.0872 -0.7537 0.6514
vn 0.0273 -0.7546 0.6557
vn 0.7454 -0.6440 -0.1719
vn 0.7542 -0.6394 -0.1492
vn 0.7120 -0.7019 0.0207
vn 0.7175 -0.6951 0.0455
vn 0.6164 -0.7485 0.2445
vn 0.6173 -0.7397 0.2679
vn 0.4943 -0.7605 0.4210
vn 0.4804 -0.7488 0.4565
vn 0.3947 -0.7496 0.5313
vn 0.7545 -0.6057 -0.2527
vn 0.7734 -0.5499 -0.3154
vn 0.8340 -0.1838 -0.5202
vn 0.8341 -0.1832 -0.5203
vn 0.8298 -0.2567 -0.4956
vn 0.8297 -0.2575 -0.4953
vn 0.8035 -0.4081 -0.4334
vn 0.8144 -0.3819 -0.4370
vn 0.7846 -0.4813 -0.3908
vn 0.7844 -0.5368 -0.3108
vn 0.5368 -0.1047 0.8372
vn 0.5368 -0.1023 0.8375
vn 0.5419 -0.2299 0.8084
vn 0.5553 -0.3864 0.7364
vn 0.5768 -0.5205 0.6295
vn 0.6051 -0.6242 0.4942
vn 0.6385 -0.6912 0.3384
vn 0.6750 -0.7176 0.1716
vn 0.7124 -0.7018 0.0036
vn 0.7484 -0.6447 -0.1555
vn 0.7811 -0.5498 -0.2962
vn 0.8082 -0.4226 -0.4100
vn 0.8284 -0.2709 -0.4903
vn 0.6781 0.6898 0.2537
vn 0.6772 0.6894 0.2572
vn 0.6903 0.6944 0.2032
vn 0.6429 0.6444 0.4139
vn 0.6342 0.6440 0.4279
vn 0.5500 0.5507 0.6279
vn 0.5361 0.5549 0.6361
vn 0.4314 0.4506 0.7816
vn 0.4190 0.4538 0.7865
vn 0.3142 0.3549 0.8805
vn 0.3041 0.3575 0.8830
vn -0.1219 0.6551 0.7456
vn -0.1161 0.6498 0.7512
vn -0.0557 0.6442 0.7628
vn 0.0413 0.6553 0.7542
vn 0.0271 0.6563 0.7540
vn 0.1178 0.6665 0.7361
vn -0.6903 -0.6944 -0.2032
vn -0.6777 -0.6896 -0.2552
vn -0.6767 -0.6892 -0.2590
vn -0.1530 0.6559 0.7391
vn -0.5364 0.0027 -0.8440
vn -0.5365 0.0067 -0.8439
vn -0.5448 -0.1601 -0.8232
vn -0.5665 -0.3637 -0.7394
vn -0.6004 -0.5306 -0.5983
vn -0.6431 -0.6446 -0.4135
vn 0.3799 0.6627 0.6454
vn -0.5361 -0.0063 -0.8441
vn -0.5359 -0.0124 -0.8442
vn -0.5490 -0.2134 -0.8082
vn -0.5821 -0.4529 -0.6753
vn -0.6318 -0.6218 -0.4629
vn -0.6728 -0.6874 -0.2735
vn -0.6744 -0.6882 -0.2676
vn 0.5964 0.7325 -0.3284
vn 0.1530 0.7547 -0.6380
vn -0.4387 0.6251 -0.6456
vn -0.5792 -0.6763 -0.4551
vn -0.3799 -0.6627 -0.6454
vn -0.1228 -0.6555 -0.7451
vn 0.0816 -0.6531 -0.7529
vn 0.0877 -0.6535 -0.7519
vn -0.6728 0.7194 -0.1727
vn -0.6744 0.7193 -0.1667
vn -0.6903 0.7162 -0.1021
vn 0.2177 -0.6555 -0.7231
vn 0.2237 -0.6553 -0.7215
vn 0.0816 0.7538 -0.6520
vn 0.0877 0.7540 -0.6510
vn -0.1228 0.7551 -0.6440
vn -0.3799 0.7479 -0.5443
vn -0.5792 0.7343 -0.3540
vn 0.4056 -0.6639 -0.6283
vn 0.6964 -0.6965 -0.1730
vn 0.2237 0.7515 -0.6206
vn 0.2177 0.7519 -0.6222
vn -0.5964 -0.7325 0.3284
vn 0.7043 0.6976 0.1318
vn 0.7032 0.6975 0.1379
vn 0.6964 0.7141 -0.0719
vn 0.4056 0.7467 -0.5272
vn -0.2100 -0.7525 0.6243
vn -0.2145 -0.7522 0.6231
vn -0.3767 -0.7481 0.5463
vn -0.5303 -0.7382 0.4169
vn -0.5459 -0.7384 0.3960
vn 0.6886 0.6072 -0.3963
vn -0.6230 -0.6290 -0.4650
vn -0.6385 -0.6114 -0.4675
vn -0.6753 -0.6860 -0.2709
vn -0.6908 -0.6670 -0.2793
vn -0.6814 -0.7313 -0.0296
vn -0.6984 -0.7148 -0.0364
vn -0.6340 -0.7472 0.1994
vn -0.6624 -0.7244 0.1909
vn -0.6427 -0.7021 0.3065
vn -0.5907 -0.5216 -0.6156
vn -0.5651 -0.6210 -0.5431
vn -0.5891 -0.5124 -0.6248
vn -0.5606 -0.3891 -0.7310
vn -0.5421 -0.1614 -0.8247
vn -0.5421 -0.1620 -0.8245
vn -0.5509 -0.2356 -0.8006
vn -0.5509 -0.2348 -0.8009
vn -0.5654 -0.3601 -0.7421
vn -0.5483 -0.4779 -0.6863
vn -0.5523 -0.2490 -0.7956
vn -0.5724 -0.4007 -0.7153
vn -0.5996 -0.5279 -0.6015
vn -0.6322 -0.6228 -0.4608
vn -0.6683 -0.6799 -0.3017
vn -0.7057 -0.6957 -0.1337
vn -0.7422 -0.6694 0.0331
vn -0.7756 -0.6023 0.1889
vn -0.8039 -0.4987 0.3242
vn -0.8254 -0.3646 0.4311
vn -0.8388 -0.2080 0.5031
vn -0.8426 -0.0805 0.5324
vn -0.8426 -0.0828 0.5322
vn -0.5964 0.6781 0.4295
vn -0.7013 0.7112 -0.0476
vn -0.7007 0.7116 -0.0512
vn -0.1841 0.6561 0.7319
vn -0.1918 0.6510 0.7345
vn -0.7286 0.6814 0.0702
vn -0.7285 0.6737 0.1240
vn -0.3970 0.6747 0.6223
vn -0.3356 0.6613 0.6709
vn -0.3225 0.6618 0.6767
vn -0.2516 0.6473 0.7195
vn -0.6355 0.3856 0.6689
vn -0.7029 0.4609 0.5417
vn -0.7098 0.4777 0.5177
vn -0.7302 0.5189 0.4445
vn -0.7416 0.5761 0.3437
vn -0.7395 0.5810 0.3400
vn -0.7404 0.6360 0.2174
vn -0.6490 0.4089 0.6416
vn 0.8372 0.2351 -0.4938
vn 0.8191 0.4119 -0.3993
vn 0.7906 0.5544 -0.2601
vn 0.7539 0.6511 -0.0874
vn 0.7121 0.6942 0.1047
vn 0.6686 0.6802 0.3007
vn 0.6268 0.6101 0.4847
vn 0.5901 0.4898 0.6418
vn 0.5616 0.3288 0.7593
vn 0.5435 0.1404 0.8276
vn 0.5435 -0.2570 0.7991
vn 0.5616 -0.4338 0.7046
vn 0.5901 -0.5763 0.5654
vn 0.6268 -0.6730 0.3927
vn 0.6686 -0.7161 0.2006
vn 0.7121 -0.7020 0.0046
vn 0.7539 -0.6320 -0.1794
vn 0.7906 -0.5116 -0.3365
vn 0.8191 -0.3507 -0.4539
vn 0.8372 -0.1623 -0.5223
vn -0.8372 0.1623 0.5223
vn -0.8191 0.3507 0.4539
vn -0.7906 0.5116 0.3365
vn -0.7539 0.6320 0.1794
vn -0.7121 0.7020 -0.0046
vn -0.6686 0.7161 -0.2006
vn -0.6268 0.6730 -0.3927
vn -0.5901 0.5763 -0.5654
vn -0.5616 0.4338 -0.7046
vn -0.5435 0.2570 -0.7991
vn -0.5435 -0.1404 -0.8276
vn -0.5616 -0.3288 -0.7593
vn -0.5901 -0.4898 -0.6418
vn -0.6268 -0.6101 -0.4847
vn -0.6686 -0.6802 -0.3007
vn -0.7121 -0.6942 -0.1047
vn -0.7539 -0.6511 0.0874
vn -0.7906 -0.5544 0.2601
vn -0.8191 -0.4119 0.3993
vn -0.8372 -0.2351 0.4938
vn -0.8351 0.1933 0.5150
vn -0.8111 0.4052 0.4218
vn -0.7741 0.5744 0.2663
vn -0.7279 0.6825 0.0654
vn -0.6777 0.7179 -0.1591
vn -0.6289 0.6767 -0.3830
vn -0.5867 0.5633 -0.5818
vn -0.5557 0.3900 -0.7342
vn -0.5402 0.2058 -0.8160
vn -0.5402 0.2026 -0.8168
vn -0.5402 -0.0873 -0.8370
vn -0.5402 -0.0840 -0.8374
vn -0.5557 -0.2813 -0.7823
vn -0.5867 -0.4745 -0.6562
vn -0.6289 -0.6151 -0.4756
vn -0.6777 -0.6879 -0.2599
vn -0.7279 -0.6849 -0.0326
vn -0.7741 -0.6065 0.1816
vn -0.8111 -0.4612 0.3597
vn -0.8351 -0.2648 0.4822
vn 0.8263 -0.2066 -0.5240
vn 0.8355 0.0281 -0.5488
vn 0.8334 0.0141 -0.5525
vn 0.7407 -0.0415 -0.6706
vn 0.8231 -0.2208 -0.5231
vn 0.8013 -0.4200 -0.4261
vn 0.7249 -0.3042 -0.6180
vn 0.7971 -0.4330 -0.4208
vn 0.7631 -0.5891 -0.2658
vn 0.6918 -0.5349 -0.4850
vn 0.7582 -0.5994 -0.2566
vn 0.7083 -0.7012 -0.0816
vn 0.6450 -0.7087 -0.2858
vn 0.7279 -0.6825 -0.0654
vn 0.6619 -0.7490 0.0301
vn 0.6539 -0.7407 0.1542
vn 0.6777 -0.7179 0.1591
vn 0.6089 -0.7458 0.2703
vn 0.6035 -0.6981 0.3853
vn 0.6289 -0.6767 0.3830
vn 0.5601 -0.6630 0.4968
vn 0.5599 -0.5810 0.5907
vn 0.5867 -0.5633 0.5818
vn 0.5209 -0.5094 0.6850
vn 0.5280 -0.4021 0.7481
vn 0.5557 -0.3900 0.7342
vn 0.4956 -0.3017 0.8145
vn 0.5111 -0.1807 0.8403
vn 0.5394 -0.1757 0.8235
vn 0.4868 -0.0625 0.8713
vn 0.5111 0.0590 0.8575
vn 0.5394 0.0565 0.8402
vn 0.4956 0.1824 0.8492
vn 0.5280 0.2913 0.7978
vn 0.5557 0.2813 0.7823
vn 0.5209 0.4065 0.7506
vn 0.5599 0.4908 0.6675
vn 0.5867 0.4745 0.6562
vn 0.5601 0.5853 0.5863
vn 0.6035 0.6360 0.4810
vn 0.6289 0.6151 0.4756
vn 0.6089 0.6996 0.3739
vn 0.6693 0.7020 0.2434
vn 0.6703 0.7041 0.2344
vn 0.7207 0.6930 0.0179
vn 0.5701 0.8055 0.1618
vn 0.7212 0.6927 0.0033
vn 0.7672 0.6100 -0.1982
vn 0.6271 0.7727 -0.0985
vn 0.7674 0.6051 -0.2120
vn 0.8042 0.4598 -0.3766
vn 0.6774 0.6552 -0.3344
vn 0.8039 0.4507 -0.3881
vn 0.8279 0.2585 -0.4978
vn 0.7156 0.4657 -0.5206
vn 0.8267 0.2463 -0.5058
vn 0.7375 0.2248 -0.6369
vn -0.8427 0.0014 0.5383
vn -0.8426 0.0035 0.5385
vn -0.8393 0.1245 0.5292
vn -0.8273 0.2813 0.4862
vn -0.8080 0.4238 0.4092
vn -0.7825 0.5443 0.3024
vn -0.7521 0.6364 0.1713
vn -0.7183 0.6953 0.0230
vn -0.6831 0.7178 -0.1346
vn -0.6483 0.7027 -0.2932
vn -0.6157 0.6507 -0.4443
vn -0.5871 0.5648 -0.5799
vn -0.5640 0.4494 -0.6928
vn -0.5475 0.3107 -0.7770
vn -0.5392 0.2456 -0.8056
vn -0.5392 0.2445 -0.8059
vn -0.6780 0.7189 -0.1530
vn -0.6789 0.7188 -0.1498
vn -0.6471 0.7014 -0.2990
vn -0.6073 0.6301 -0.4839
vn -0.5743 0.5083 -0.6417
vn -0.5508 0.3458 -0.7596
vn -0.6904 0.7162 -0.1021
vn 0.5368 -0.0184 0.8435
vn 0.5369 -0.0205 0.8434
vn 0.8358 0.2227 -0.5019
vn 0.8356 0.2239 -0.5016
vn 0.8331 0.2888 -0.4717
vn 0.8167 0.4275 -0.3875
vn 0.7936 0.5429 -0.2746
vn 0.7650 0.6289 -0.1390
vn 0.7324 0.6808 0.0121
vn 0.6976 0.6959 0.1707
vn 0.6623 0.6734 0.3283
vn 0.6286 0.6146 0.4766
vn 0.5982 0.5224 0.6077
vn 0.5726 0.4019 0.7145
vn 0.5534 0.2594 0.7915
vn 0.5414 0.1026 0.8345
vn 0.8299 0.3240 -0.4543
vn 0.8064 0.4864 -0.3364
vn 0.7734 0.6083 -0.1785
vn 0.7336 0.6795 0.0064
vn 0.7007 0.6971 0.1519
vn 0.7002 0.6969 0.1551
vn 0.6903 0.6943 0.2032
vn -0.6399 -0.7175 0.2751
vn -0.7071 -0.7061 0.0378
vn -0.6945 -0.7100 0.1166
vn -0.6508 -0.7243 0.2278
vn -0.5953 -0.7208 0.3550
vn -0.4933 -0.7278 0.4764
vn -0.5108 -0.7396 0.4383
vn -0.4174 -0.7281 0.5438
vn -0.2845 -0.7347 0.6158
vn -0.3054 -0.7504 0.5862
vn -0.1831 -0.7304 0.6581
vn -0.0388 -0.7368 0.6750
vn -0.0611 -0.7554 0.6525
vn 0.0773 -0.7269 0.6823
vn 0.2134 -0.7332 0.6456
vn 0.1909 -0.7538 0.6288
vn 0.3302 -0.7178 0.6129
vn 0.4406 -0.7241 0.5306
vn 0.4184 -0.7460 0.5181
vn 0.5425 -0.7039 0.4584
vn 0.6143 -0.7102 0.3440
vn 0.5923 -0.7329 0.3348
vn 0.6867 -0.6867 0.2387
vn 0.7049 -0.7036 0.0901
vn 0.7076 -0.7019 0.0814
vn 0.7100 -0.6871 -0.1539
vn 0.7993 -0.6000 0.0320
vn 0.7077 -0.6852 -0.1723
vn 0.6319 -0.6696 -0.3902
vn 0.7600 -0.5984 -0.2536
vn 0.6194 -0.6697 -0.4098
vn 0.4774 -0.6553 -0.5853
vn 0.6243 -0.5981 -0.5026
vn 0.4542 -0.6574 -0.6013
vn 0.2656 -0.6461 -0.7156
vn 0.4126 -0.6011 -0.6844
vn 0.2329 -0.6501 -0.7233
vn 0.0224 -0.6432 -0.7654
vn 0.1542 -0.6091 -0.7780
vn -0.0165 -0.6489 -0.7607
vn -0.2224 -0.6471 -0.7293
vn -0.1164 -0.6225 -0.7739
vn -0.2628 -0.6540 -0.7094
vn -0.4390 -0.6576 -0.6122
vn -0.3643 -0.6411 -0.6755
vn -0.4754 -0.6649 -0.5761
vn -0.6013 -0.6739 -0.4292
vn -0.5584 -0.6637 -0.4978
vn -0.6279 -0.6805 -0.3777
vn -0.7077 -0.7063 -0.0186
vn -0.6508 -0.7242 0.2278
vn -0.3054 -0.7504 0.5861
vn -0.0611 -0.7554 0.6524
vt 0.827448 0.477596
vt 0.909614 0.477321
vt 0.827518 0.500466
vt 0.909683 0.500192
vt 0.827013 0.423276
vt 0.909177 0.423947
vt 0.826820 0.446146
vt 0.908983 0.446817
vt 0.200586 0.830302
vt 0.200571 0.844024
vt 0.153503 0.830302
vt 0.071471 0.844024
vt 0.153633 0.711383
vt 0.071616 0.711383
vt 0.328928 0.060662
vt 0.315469 0.055711
vt 0.316815 0.011778
vt 0.289457 0.064385
vt 0.279722 0.077070
vt 0.264634 0.004727
vt 0.301819 0.056999
vt 0.273671 0.093678
vt 0.271957 0.112410
vt 0.257806 0.227579
vt 0.274768 0.131237
vt 0.354605 0.104615
vt 0.387247 0.112973
vt 0.355161 0.123655
vt 0.386094 0.137722
vt 0.351225 0.141569
vt 0.380617 0.161010
vt 0.343222 0.156418
vt 0.296126 0.235873
vt 0.290684 0.247076
vt 0.255678 0.242345
vt 0.334576 0.017223
vt 0.351090 0.028405
vt 0.340737 0.071315
vt 0.365372 0.044657
vt 0.349617 0.086515
vt 0.376567 0.065008
vt 0.384006 0.088243
vt 0.281798 0.148117
vt 0.292285 0.161223
vt 0.305094 0.169132
vt 0.304987 0.224902
vt 0.371143 0.181447
vt 0.358239 0.197812
vt 0.332022 0.166593
vt 0.342673 0.209128
vt 0.318836 0.170989
vt 0.325378 0.214718
vt 0.315713 0.217605
vt 0.651188 0.785831
vt 0.656737 0.773775
vt 0.679867 0.820915
vt 0.682926 0.699011
vt 0.657071 0.760469
vt 0.652132 0.748213
vt 0.605231 0.789935
vt 0.616230 0.796800
vt 0.570606 0.818846
vt 0.629017 0.798433
vt 0.641383 0.794554
vt 0.606424 0.742374
vt 0.598575 0.752996
vt 0.573665 0.696942
vt 0.595568 0.765961
vt 0.597922 0.779027
vt 0.642773 0.739128
vt 0.630614 0.734784
vt 0.617757 0.735933
vt 0.746738 0.653755
vt 0.746721 0.638567
vt 0.803148 0.653755
vt 0.859542 0.638567
vt 0.859558 0.653755
vt 0.650817 0.468871
vt 0.659464 0.451871
vt 0.622473 0.572955
vt 0.553966 0.463329
vt 0.507631 0.467778
vt 0.547315 0.445454
vt 0.502434 0.443357
vt 0.546828 0.426387
vt 0.503316 0.418405
vt 0.552559 0.408196
vt 0.670980 0.575731
vt 0.669530 0.560536
vt 0.682344 0.336612
vt 0.662122 0.432985
vt 0.658504 0.414258
vt 0.605053 0.547757
vt 0.600892 0.492307
vt 0.616120 0.560606
vt 0.619853 0.490247
vt 0.637119 0.482143
vt 0.591061 0.538175
vt 0.578086 0.533223
vt 0.582289 0.488098
vt 0.554909 0.523938
vt 0.566061 0.478077
vt 0.534676 0.509308
vt 0.518597 0.490208
vt 0.649002 0.397721
vt 0.634644 0.385166
vt 0.610038 0.332475
vt 0.510224 0.394413
vt 0.522747 0.372813
vt 0.563886 0.392851
vt 0.540134 0.354895
vt 0.579582 0.382015
vt 0.561349 0.341731
vt 0.597946 0.376863
vt 0.585124 0.334105
vt 0.607512 0.376619
vt 0.616988 0.377953
vt 0.458226 0.698099
vt 0.458226 0.711821
vt 0.411142 0.711872
vt 0.411142 0.830791
vt 0.329126 0.830880
vt 0.329126 0.698240
vt 0.183778 0.552002
vt 0.173145 0.555136
vt 0.148087 0.493592
vt 0.158099 0.476157
vt 0.163419 0.455043
vt 0.196918 0.505696
vt 0.163728 0.431510
vt 0.162477 0.421980
vt 0.159736 0.569675
vt 0.119447 0.525567
vt 0.164796 0.560348
vt 0.126270 0.513141
vt 0.133981 0.506306
vt 0.200586 0.529557
vt 0.197679 0.539801
vt 0.191888 0.547535
vt 0.200586 0.688493
vt 0.174004 0.696327
vt 0.161952 0.594582
vt 0.122554 0.571268
vt 0.158738 0.581696
vt 0.118380 0.557994
vt 0.116736 0.540981
vt 0.200324 0.517805
vt 0.490839 0.535945
vt 0.427118 0.656135
vt 0.393440 0.638281
vt 0.441291 0.548026
vt 0.445218 0.534919
vt 0.495976 0.522743
vt 0.443831 0.521306
vt 0.497877 0.504537
vt 0.494290 0.486587
vt 0.437340 0.509261
vt 0.485538 0.470510
vt 0.396173 0.437820
vt 0.438829 0.357363
vt 0.437347 0.367447
vt 0.457761 0.441378
vt 0.402966 0.485736
vt 0.395566 0.475194
vt 0.475722 0.460296
vt 0.426733 0.500616
vt 0.413262 0.493475
vt 0.437983 0.393524
vt 0.444926 0.418669
vt 0.391995 0.450003
vt 0.391785 0.462881
vt 0.391821 0.258265
vt 0.391799 0.181425
vt 0.626625 0.258265
vt 0.452787 0.181425
vt 0.626603 0.181425
vt 0.565615 0.181425
vt 0.565591 0.101541
vt 0.452763 0.101541
vt 0.237942 0.691997
vt 0.237942 0.692947
vt 0.231234 0.691161
vt 0.248435 0.656419
vt 0.212950 0.558149
vt 0.260749 0.642294
vt 0.224916 0.576769
vt 0.218157 0.684018
vt 0.208069 0.673052
vt 0.202041 0.659425
vt 0.240620 0.673450
vt 0.283684 0.603606
vt 0.276556 0.632229
vt 0.261776 0.600457
vt 0.241643 0.591262
vt 0.305591 0.451237
vt 0.283683 0.448087
vt 0.280634 0.423692
vt 0.200586 0.647982
vt 0.200586 0.423692
vt 0.206714 0.536913
vt 0.206714 0.514781
vt 0.241643 0.460431
vt 0.224916 0.474925
vt 0.212950 0.493544
vt 0.261776 0.451237
vt 0.304037 0.426409
vt 0.326194 0.434414
vt 0.325724 0.460431
vt 0.345929 0.447283
vt 0.342451 0.474925
vt 0.362191 0.464330
vt 0.354417 0.493544
vt 0.374114 0.484649
vt 0.360653 0.514780
vt 0.381066 0.507160
vt 0.360653 0.536913
vt 0.382676 0.530664
vt 0.354417 0.558149
vt 0.378859 0.553912
vt 0.369817 0.575667
vt 0.342451 0.576768
vt 0.356032 0.594773
vt 0.325724 0.591262
vt 0.338237 0.610212
vt 0.305591 0.600456
vt 0.317378 0.621165
vt 0.294564 0.627047
vt 0.196896 0.157521
vt 0.206084 0.140186
vt 0.169084 0.219137
vt 0.104159 0.126412
vt 0.092530 0.142318
vt 0.086678 0.119822
vt 0.210861 0.241875
vt 0.206103 0.254827
vt 0.182638 0.252054
vt 0.198501 0.264742
vt 0.184003 0.270743
vt 0.188861 0.270565
vt 0.183974 0.271687
vt 0.212257 0.230647
vt 0.177526 0.234371
vt 0.100313 0.104705
vt 0.084635 0.096351
vt 0.100987 0.082714
vt 0.086511 0.073154
vt 0.106126 0.062221
vt 0.092205 0.051465
vt 0.115314 0.044886
vt 0.101415 0.032437
vt 0.127807 0.032114
vt 0.113650 0.017082
vt 0.142593 0.024938
vt 0.211224 0.119693
vt 0.219086 0.007794
vt 0.211897 0.097702
vt 0.208051 0.075995
vt 0.199997 0.056330
vt 0.101880 0.162644
vt 0.112214 0.146077
vt 0.114232 0.179717
vt 0.123824 0.162106
vt 0.128927 0.192630
vt 0.138049 0.173202
vt 0.145185 0.200696
vt 0.153738 0.178465
vt 0.158002 0.207598
vt 0.169618 0.177468
vt 0.184403 0.170293
vt 0.128260 0.006217
vt 0.144469 0.000421
vt 0.158473 0.023942
vt 0.161412 -0.000000
vt 0.174161 0.029205
vt 0.188387 0.040300
vt 0.925199 0.869755
vt 0.925199 0.982575
vt 0.901996 0.982677
vt 0.901996 0.869857
vt 0.881292 0.982842
vt 0.881292 0.870022
vt 0.864189 0.983061
vt 0.864189 0.870241
vt 0.096185 0.165645
vt 0.018017 0.172143
vt 0.008248 0.150908
vt 0.086416 0.144409
vt 0.002134 0.127404
vt 0.080302 0.120906
vt -0.000000 0.102882
vt 0.078168 0.096384
vt 0.001960 0.078647
vt 0.080128 0.072148
vt 0.007909 0.055986
vt 0.086077 0.049488
vt 0.453025 0.000000
vt 0.565853 0.000000
vt 0.565760 0.013791
vt 0.452932 0.013791
vt 0.565684 0.031885
vt 0.452856 0.031885
vt 0.565628 0.053322
vt 0.452800 0.053322
vt 0.565597 0.076959
vt 0.452769 0.076959
vt 0.555192 0.972719
vt 0.555192 0.859899
vt 0.575471 0.972660
vt 0.575471 0.859840
vt 0.593587 0.972533
vt 0.593587 0.859712
vt 0.608071 0.972347
vt 0.608071 0.859527
vt 0.116078 0.065731
vt 0.194246 0.059233
vt 0.123659 0.084240
vt 0.201827 0.077741
vt 0.127279 0.104670
vt 0.205446 0.098172
vt 0.126644 0.125367
vt 0.204812 0.118869
vt 0.121807 0.144655
vt 0.199975 0.138156
vt 0.184590 0.971409
vt 0.071763 0.971409
vt 0.184667 0.959049
vt 0.071839 0.959049
vt 0.184725 0.942465
vt 0.071897 0.942465
vt 0.184759 0.923002
vt 0.071931 0.923002
vt 0.184766 0.902235
vt 0.071938 0.902235
vt 0.184747 0.881848
vt 0.071919 0.881848
vt 0.184702 0.863492
vt 0.071874 0.863492
vt 0.184635 0.848654
vt 0.071807 0.848654
vt 0.444070 0.958617
vt 0.334791 0.959290
vt 0.441267 0.940837
vt 0.331989 0.941510
vt 0.439807 0.920719
vt 0.330528 0.921392
vt 0.439807 0.899894
vt 0.330528 0.900567
vt 0.441267 0.880049
vt 0.331989 0.880722
vt 0.444070 0.862791
vt 0.334791 0.863464
vt 0.497877 0.972467
vt 0.497877 0.859647
vt 0.514757 0.972619
vt 0.514757 0.859798
vt 0.534393 0.972705
vt 0.534393 0.859885
vt 0.061179 0.519454
vt 0.061179 0.426565
vt 0.069803 0.518003
vt 0.069844 0.426572
vt 0.078657 0.517566
vt 0.110647 0.426512
vt 0.103908 0.522674
vt 0.103592 0.426536
vt 0.095764 0.519444
vt 0.095764 0.426555
vt 0.087423 0.517999
vt 0.087376 0.426567
vt 0.078657 0.426573
vt 0.112812 0.532767
vt 0.110647 0.528825
vt 0.107599 0.525361
vt 0.103908 0.565200
vt 0.110647 0.661316
vt 0.095764 0.568469
vt 0.095764 0.661358
vt 0.087410 0.569940
vt 0.107593 0.562495
vt 0.110647 0.559002
vt 0.002488 0.521077
vt 0.002488 0.421980
vt 0.015703 0.518197
vt 0.002488 0.528561
vt -0.000000 0.425745
vt 0.002488 0.421980
vt 0.761390 0.563971
vt 0.745999 0.463916
vt 0.745113 0.442359
vt 0.053933 0.567994
vt 0.061179 0.661369
vt 0.049219 0.565383
vt 0.045226 0.661335
vt 0.078657 0.570383
vt 0.078657 0.661377
vt 0.069793 0.569944
vt 0.061179 0.568480
vt 0.054877 0.566358
vt 0.054877 0.521555
vt 0.053933 0.519915
vt 0.052898 0.426551
vt 0.049200 0.522520
vt 0.045226 0.426531
vt 0.045226 0.525961
vt 0.038373 0.426506
vt 0.042479 0.529670
vt 0.032526 0.426476
vt 0.040456 0.534022
vt 0.039005 0.540490
vt 0.038997 0.547257
vt 0.040537 0.554039
vt 0.032526 0.661280
vt 0.043629 0.559937
vt 0.045226 0.561905
vt 0.341835 0.146893
vt 0.179161 0.160416
vt 0.345094 0.139599
vt 0.184735 0.145119
vt 0.186314 0.127865
vt 0.348719 0.123099
vt 0.347409 0.131595
vt 0.183725 0.110525
vt 0.348207 0.105563
vt 0.348987 0.114342
vt 0.177250 0.094977
vt 0.343612 0.088891
vt 0.346399 0.097002
vt 0.739161 0.239311
vt 0.746087 0.004455
vt 0.752023 0.239162
vt 0.752023 0.004374
vt 0.339924 0.081454
vt 0.723111 0.239399
vt 0.731432 0.004575
vt 0.739161 0.004522
vt 0.688559 0.239366
vt 0.696910 0.004613
vt 0.705611 0.239418
vt 0.705611 0.004630
vt 0.714425 0.239418
vt 0.714425 0.004629
vt 0.723111 0.004611
vt 0.673802 0.239248
vt 0.680786 0.004526
vt 0.688559 0.004578
vt 0.812030 0.561158
vt 0.810378 0.334704
vt 0.826584 0.563042
vt 0.817249 0.335812
vt 0.673802 0.004460
vt 0.795078 0.560676
vt 0.794407 0.333504
vt 0.802694 0.333927
vt 0.777565 0.561648
vt 0.776937 0.333753
vt 0.785743 0.333445
vt 0.116736 0.426483
vt 0.745027 0.338334
vt 0.752055 0.336740
vt 0.759860 0.335423
vt 0.768230 0.334418
vt 0.026585 0.469561
vt 0.022809 0.472084
vt 0.017294 0.469049
vt 0.019630 0.475418
vt 0.017294 0.479270
vt 0.915621 0.386482
vt 0.918196 0.380335
vt 0.925965 0.386502
vt 0.920379 0.371836
vt 0.921135 0.363013
vt 0.914554 0.337273
vt 0.914574 0.327932
vt 0.918272 0.345680
vt 0.925490 0.327953
vt 0.920416 0.354180
vt 0.485974 0.763201
vt 0.497832 0.766882
vt 0.497877 0.773673
vt 0.493741 0.777984
vt 0.491425 0.783418
vt 0.490675 0.789613
vt 0.491513 0.796252
vt 0.485628 0.805680
vt 0.493908 0.803179
vt 0.496785 0.808803
vt 0.024320 0.455748
vt 0.023340 0.460098
vt 0.017294 0.462948
vt 0.023334 0.464664
vt 0.024320 0.469049
vt 0.472731 0.805910
vt 0.472935 0.763266
vt 0.461100 0.809780
vt 0.461100 0.767065
vt 0.959719 0.475912
vt 0.959719 0.534320
vt 0.951272 0.533721
vt 0.951273 0.475301
vt 0.939550 0.533410
vt 0.939450 0.474983
vt 0.926651 0.533444
vt 0.926412 0.475017
vt 0.914882 0.533815
vt 0.914541 0.475397
vt 0.960760 0.328033
vt 0.960760 0.386581
vt 0.951091 0.386558
vt 0.950907 0.328009
vt 0.938757 0.386530
vt 0.938387 0.327981
vt 0.714077 0.424742
vt 0.727032 0.426213
vt 0.738187 0.432788
vt 0.739878 0.473943
vt 0.729294 0.481277
vt 0.692142 0.437204
vt 0.716497 0.483647
vt 0.703828 0.480621
vt 0.701693 0.428643
vt 0.693603 0.472751
vt 0.687690 0.461476
vt 0.687172 0.448858
vt 0.942853 0.070848
vt 0.886444 0.071178
vt 0.886371 0.045815
vt 0.942780 0.045485
vt 0.886385 0.022689
vt 0.942794 0.022358
vt 0.886485 0.003179
vt 0.942894 0.002849
vt 0.562495 0.759466
vt 0.507864 0.758431
vt 0.511606 0.736079
vt 0.566236 0.737113
vt 0.567325 0.727616
vt 0.513944 0.711134
vt 0.571929 0.712232
vt 0.514739 0.685087
vt 0.742121 0.689392
vt 0.683340 0.714341
vt 0.741326 0.715439
vt 0.685445 0.729852
vt 0.684357 0.739350
vt 0.738987 0.740384
vt 0.735245 0.762736
vt 0.680615 0.761702
vt 0.010907 0.839783
vt 0.067316 0.839451
vt 0.067217 0.858961
vt 0.010807 0.859293
vt 0.067203 0.882087
vt 0.010794 0.882420
vt 0.067277 0.907450
vt 0.010868 0.907782
vt 0.513944 0.659494
vt 0.741325 0.663799
vt 0.511606 0.635883
vt 0.738987 0.640188
vt 0.507864 0.615665
vt 0.735245 0.619970
vt 0.626772 0.327932
vt 0.391968 0.327932
vt 0.391893 0.307592
vt 0.626697 0.307592
vt 0.391843 0.283898
vt 0.626647 0.283898
vt 0.305449 0.826872
vt 0.308388 0.809650
vt 0.321679 0.861024
vt 0.321679 0.758113
vt 0.309507 0.873663
vt 0.284022 0.853362
vt 0.296987 0.842053
vt 0.222325 0.842513
vt 0.235290 0.853662
vt 0.200586 0.874333
vt 0.251194 0.859539
vt 0.268118 0.859435
vt 0.200586 0.738334
vt 0.235290 0.766538
vt 0.222325 0.777847
vt 0.305449 0.792464
vt 0.296987 0.777387
vt 0.309507 0.745623
vt 0.284022 0.766238
vt 0.213863 0.793028
vt 0.210924 0.810250
vt 0.213863 0.827436
vt 0.251194 0.760465
vt 0.267641 0.737921
vt 0.268118 0.760361
vt 0.277746 0.743769
vt 0.289191 0.745749
vt 0.612644 0.855275
vt 0.694979 0.855275
vt 0.612644 0.962003
vt 0.694979 0.962003
vt 0.329350 0.394046
vt 0.270029 0.386029
vt 0.332599 0.288001
vt 0.273278 0.279984
vt 0.099323 0.278616
vt 0.099370 0.277059
vt 0.125032 0.283072
vt 0.133682 0.276517
vt 0.177538 0.270561
vt 0.143084 0.275735
vt 0.156110 0.317229
vt 0.158605 0.303909
vt 0.177491 0.272117
vt 0.156915 0.290937
vt 0.151376 0.280882
vt 0.116352 0.307421
vt 0.118041 0.320394
vt 0.073995 0.348720
vt 0.072473 0.335939
vt 0.118847 0.294101
vt 0.067379 0.325688
vt 0.059594 0.319737
vt 0.044772 0.283151
vt 0.050463 0.319117
vt 0.038912 0.287005
vt 0.041565 0.323934
vt 0.032635 0.288693
vt 0.018103 0.289901
vt 0.034439 0.333356
vt 0.009013 0.303112
vt 0.030316 0.345753
vt 0.005879 0.405392
vt 0.029911 0.358982
vt 0.033293 0.370755
vt 0.014203 0.417155
vt 0.123580 0.330449
vt 0.065931 0.372972
vt 0.071680 0.361819
vt 0.121564 0.350433
vt 0.130943 0.347007
vt 0.131872 0.335595
vt 0.141506 0.346129
vt 0.141274 0.334813
vt 0.150723 0.348008
vt 0.149924 0.328258
vt 0.158373 0.354906
vt 0.263622 0.383965
vt 0.243006 0.334669
vt 0.266756 0.281685
vt 0.241485 0.321889
vt 0.258432 0.269922
vt 0.236391 0.311637
vt 0.243900 0.271130
vt 0.113451 0.358641
vt 0.107838 0.370383
vt 0.057740 0.380250
vt 0.203450 0.319305
vt 0.199328 0.331703
vt 0.198923 0.344931
vt 0.039876 0.379037
vt 0.048524 0.382396
vt 0.104791 0.409624
vt 0.105580 0.383870
vt 0.237695 0.270479
vt 0.228605 0.305687
vt 0.232041 0.267582
vt 0.219474 0.305067
vt 0.210576 0.309884
vt 0.163293 0.365772
vt 0.164734 0.378953
vt 0.202304 0.356705
vt 0.163945 0.404707
vt 0.254533 0.397176
vt 0.234942 0.358921
vt 0.240692 0.347768
vt 0.208888 0.364986
vt 0.217535 0.368345
vt 0.226751 0.366200
vt 0.772999 0.239490
vt 0.813965 0.223615
vt 0.830880 0.223043
vt 0.881860 0.235811
vt 0.846610 0.216533
vt 0.859258 0.204871
vt 0.760487 0.227342
vt 0.757644 0.124470
vt 0.772348 0.175457
vt 0.774810 0.158160
vt 0.866347 0.155067
vt 0.878102 0.099863
vt 0.869759 0.172165
vt 0.867297 0.189462
vt 0.775761 0.192555
vt 0.784637 0.207393
vt 0.797905 0.218180
vt 0.857471 0.140229
vt 0.844203 0.129442
vt 0.811085 0.102128
vt 0.828143 0.124007
vt 0.811228 0.124579
vt 0.782850 0.142751
vt 0.769462 0.111500
vt 0.795498 0.131089
vt 0.789767 0.110813
vt 0.801148 0.108378
vt 0.842159 0.903539
vt 0.821139 0.865060
vt 0.829148 0.854262
vt 0.762300 0.918837
vt 0.762829 0.949318
vt 0.749542 0.949631
vt 0.858793 0.947061
vt 0.845505 0.947374
vt 0.844976 0.916893
vt 0.764652 0.905362
vt 0.831843 0.840968
vt 0.856941 0.840378
vt 0.747690 0.842947
vt 0.772788 0.842357
vt 0.775942 0.855513
vt 0.784319 0.865926
vt 0.771815 0.893817
vt 0.834600 0.892340
vt 0.823452 0.885001
vt 0.809402 0.871225
vt 0.810411 0.882638
vt 0.796261 0.871534
vt 0.795648 0.882985
vt 0.782700 0.885959
vt 0.906686 0.239473
vt 0.906685 0.114446
vt 0.932605 0.239473
vt 0.932605 0.114446
vt 0.904301 0.605023
vt 0.904301 0.729567
vt 0.889055 0.605006
vt 0.889055 0.729550
vt 0.201336 0.421980
vt 0.111256 0.409806
vt 0.202125 0.396226
vt 0.112045 0.384052
vt 0.195956 0.891054
vt 0.237124 0.890173
vt 0.237124 0.906712
vt 0.195956 0.890173
vt 0.195954 0.877256
vt 0.237121 0.875836
vt 0.195954 0.875836
vt 0.815959 0.253938
vt 0.856966 0.253559
vt 0.857828 0.264593
vt 0.816959 0.267469
vt 0.857966 0.267090
vt 0.858428 0.279582
vt 0.817495 0.283689
vt 0.858502 0.283310
vt 0.858557 0.295466
vt 0.817495 0.300407
vt 0.858502 0.300028
vt 0.858201 0.310329
vt 0.816959 0.315366
vt 0.857966 0.314987
vt 0.857402 0.322378
vt 0.815959 0.326545
vt 0.497877 0.656135
vt 0.495499 0.661855
vt 0.465612 0.660239
vt 0.493108 0.670692
vt 0.462221 0.676488
vt 0.492108 0.678103
vt 0.462102 0.684920
vt 0.491988 0.686536
vt 0.463051 0.693177
vt 0.492938 0.694792
vt 0.494653 0.701756
vt 0.467991 0.708053
vt 0.497877 0.709668
vt 0.485152 0.918978
vt 0.444070 0.919234
vt 0.444388 0.915406
vt 0.485880 0.907705
vt 0.444798 0.907961
vt 0.444969 0.903280
vt 0.486271 0.892690
vt 0.445189 0.892945
vt 0.445229 0.888375
vt 0.486271 0.875958
vt 0.445189 0.876214
vt 0.445135 0.872490
vt 0.485880 0.859771
vt 0.444798 0.860027
vt 0.444698 0.857539
vt 0.485152 0.846315
vt 0.444070 0.846570
vt 0.237121 0.937467
vt 0.195954 0.937467
vt 0.195954 0.936059
vt 0.237124 0.923220
vt 0.195956 0.923220
vt 0.195956 0.922342
vt 0.195957 0.906712
vt 0.982922 0.839680
vt 0.989004 0.853867
vt 0.974084 0.849633
vt 0.982858 0.859653
vt 0.962066 0.855267
vt 0.968031 0.867492
vt 0.948948 0.855607
vt 0.951539 0.869546
vt 0.936996 0.850596
vt 0.979272 0.802989
vt 0.994017 0.799762
vt 0.985762 0.814151
vt 1.000000 0.814973
vt 0.987053 0.827130
vt 1.000000 0.831492
vt 0.994017 0.847087
vt 0.935608 0.865537
vt 0.922390 0.856006
vt 0.928278 0.841099
vt 0.913670 0.842242
vt 0.924301 0.828759
vt 0.910627 0.826102
vt 0.925753 0.815709
vt 0.913670 0.809767
vt 0.932382 0.804206
vt 0.922390 0.795442
vt 0.943043 0.796239
vt 0.935608 0.785063
vt 0.955892 0.793185
vt 0.951539 0.780031
vt 0.968707 0.795572
vt 0.968031 0.781026
vt 0.982858 0.787913
vt 0.915648 0.265514
vt 0.956815 0.264634
vt 0.956816 0.281173
vt 0.915648 0.264634
vt 0.915646 0.251717
vt 0.956813 0.250296
vt 0.915645 0.250297
vt 0.863516 0.253938
vt 0.904522 0.253559
vt 0.905385 0.264593
vt 0.864516 0.267469
vt 0.905522 0.267090
vt 0.905984 0.279582
vt 0.865052 0.283689
vt 0.906058 0.283310
vt 0.906114 0.295466
vt 0.865052 0.300407
vt 0.906058 0.300028
vt 0.905758 0.310329
vt 0.864516 0.315366
vt 0.905522 0.314987
vt 0.904959 0.322378
vt 0.863516 0.326545
vt 0.497758 0.709668
vt 0.495380 0.715387
vt 0.465493 0.713772
vt 0.492989 0.724225
vt 0.462102 0.730021
vt 0.491988 0.731636
vt 0.491869 0.740068
vt 0.462932 0.746710
vt 0.492819 0.748325
vt 0.494534 0.755289
vt 0.467871 0.761586
vt 0.497758 0.763201
vt 0.672302 0.327676
vt 0.631220 0.327932
vt 0.631538 0.324104
vt 0.673030 0.316403
vt 0.631948 0.316659
vt 0.632119 0.311978
vt 0.673421 0.301387
vt 0.632339 0.301643
vt 0.632379 0.297073
vt 0.673421 0.284656
vt 0.632339 0.284912
vt 0.632284 0.281188
vt 0.673030 0.268469
vt 0.631948 0.268725
vt 0.631848 0.266237
vt 0.672302 0.255013
vt 0.631220 0.255268
vt 0.956813 0.311927
vt 0.915645 0.311927
vt 0.915646 0.310520
vt 0.956815 0.297681
vt 0.915648 0.297681
vt 0.915648 0.296803
vt 0.915649 0.281173
vt 0.278190 0.887923
vt 0.284758 0.874334
vt 0.290977 0.889713
vt 0.300417 0.879022
vt 0.301982 0.896713
vt 0.313409 0.889224
vt 0.309302 0.907713
vt 0.321979 0.903561
vt 0.311671 0.920811
vt 0.324971 0.920098
vt 0.308680 0.933742
vt 0.321979 0.936601
vt 0.300846 0.944270
vt 0.313409 0.950840
vt 0.289524 0.950575
vt 0.300417 0.960894
vt 0.284758 0.965404
vt 0.276670 0.951566
vt 0.268547 0.963761
vt 0.264508 0.947073
vt 0.253974 0.956187
vt 0.255141 0.937872
vt 0.243006 0.943705
vt 0.250188 0.925554
vt 0.237124 0.928000
vt 0.250506 0.912248
vt 0.237124 0.911194
vt 0.256039 0.900257
vt 0.243006 0.895557
vt 0.265832 0.891652
vt 0.253974 0.883200
vt 0.268547 0.875792
vt 0.843511 0.023849
vt 0.797770 0.023849
vt 0.843511 0.010811
vt 0.797769 0.010811
vt 0.843509 -0.000000
vt 0.797767 -0.000000
vt 0.926239 0.640053
vt 0.971804 0.640053
vt 0.926811 0.651666
vt 0.972376 0.651665
vt 0.926919 0.664923
vt 0.972484 0.664923
vt 0.926544 0.677534
vt 0.972109 0.677534
vt 0.925751 0.687316
vt 0.971316 0.687316
vt 0.236406 0.323759
vt 0.232284 0.336156
vt 0.231879 0.349385
vt 0.235260 0.361158
vt 0.960202 0.433887
vt 0.914554 0.433887
vt 0.960775 0.424033
vt 0.915127 0.424033
vt 0.961042 0.411389
vt 0.915394 0.411389
vt 0.960956 0.398142
vt 0.915309 0.398142
vt 0.960534 0.386581
vt 0.914886 0.386581
vt 0.843509 0.047589
vt 0.797767 0.047589
vt 0.843511 0.036858
vt 0.797769 0.036858
vt 0.797767 0.023849
vt 0.752026 0.023849
vt 0.797766 0.010811
vt 0.752025 0.010811
vt 0.797764 -0.000000
vt 0.752023 -0.000000
vt 0.926239 0.687316
vt 0.971804 0.687316
vt 0.926811 0.698929
vt 0.972376 0.698929
vt 0.926919 0.712186
vt 0.972484 0.712186
vt 0.926544 0.724797
vt 0.972109 0.724797
vt 0.925751 0.734580
vt 0.971315 0.734580
vt 0.067395 0.337810
vt 0.063273 0.350207
vt 0.062867 0.363436
vt 0.066249 0.375209
vt 0.489718 0.966539
vt 0.444070 0.966539
vt 0.490291 0.956686
vt 0.444643 0.956686
vt 0.490558 0.944042
vt 0.444910 0.944042
vt 0.490473 0.930795
vt 0.444825 0.930795
vt 0.490050 0.919234
vt 0.444402 0.919234
vt 0.797764 0.047589
vt 0.752023 0.047589
vt 0.797766 0.036858
vt 0.752025 0.036858
vt 0.217694 0.307460
vt 0.226302 0.299417
vt 0.824623 0.676019
vt 0.822257 0.818373
vt 0.822098 0.673279
vt 0.810103 0.817855
vt 0.796533 0.817855
vt 0.796361 0.660582
vt 0.814801 0.665584
vt 0.809931 0.660582
vt 0.019640 0.696327
vt 0.030292 0.696495
vt 0.028096 0.833673
vt 0.019640 0.839451
vt 0.784234 0.818373
vt 0.781500 0.676019
vt 0.784075 0.673279
vt 0.791463 0.665584
vt 0.216659 0.308983
vt 0.214032 0.314598
vt 0.213023 0.320486
vt 0.214712 0.333458
vt 0.910627 0.735646
vt 0.910627 0.869546
vt 0.902214 0.734964
vt 0.902214 0.868864
vt 0.890014 0.734584
vt 0.890014 0.868484
vt 0.876443 0.734580
vt 0.876443 0.868480
vt 0.864189 0.734953
vt 0.864189 0.868853
vt 0.067316 0.697091
vt 0.065168 0.831249
vt 0.056751 0.696919
vt 0.054602 0.831077
vt 0.043537 0.696707
vt 0.041389 0.830865
vt 0.035428 0.831355
vt 0.726240 0.318622
vt 0.722845 0.322727
vt 0.721108 0.245286
vt 0.768370 0.248784
vt 0.771029 0.244209
vt 0.779181 0.244208
vt 0.768370 0.326545
vt 0.779181 0.326543
vt 0.732704 0.244454
vt 0.734255 0.313594
vt 0.729921 0.315749
vt 0.758572 0.244141
vt 0.754267 0.313250
vt 0.745956 0.244049
vt 0.747477 0.311822
vt 0.740712 0.311974
vt 0.768370 0.326545
vt 0.765696 0.321832
vt 0.768370 0.244714
vt 0.762173 0.317856
vt 0.760190 0.316274
vt 0.781312 0.244208
vt 0.792219 0.326542
vt 0.726701 0.915135
vt 0.731074 0.855661
vt 0.739538 0.917560
vt 0.739538 0.857699
vt 0.742121 0.858725
vt 0.713537 0.916505
vt 0.717532 0.855812
vt 0.726701 0.855275
vt 0.702323 0.921433
vt 0.705292 0.859795
vt 0.713537 0.856645
vt 0.711254 0.326482
vt 0.714340 0.244447
vt 0.721108 0.327055
vt 0.721108 0.244889
vt 0.702323 0.861572
vt 0.698611 0.326215
vt 0.702033 0.244085
vt 0.711254 0.244316
vt 0.685363 0.326300
vt 0.688489 0.244081
vt 0.698611 0.244049
vt 0.673802 0.326722
vt 0.676131 0.244436
vt 0.685363 0.244134
vt 0.805228 0.326543
vt 0.807695 0.244208
vt 0.815959 0.326545
vt 0.815959 0.244210
vt 0.673802 0.244556
vt 0.792219 0.244207
vt 0.794744 0.244207
vt 0.805228 0.244208
vt 0.967081 0.586929
vt 0.967518 0.588746
vt 0.965189 0.590538
vt 0.956772 0.592941
vt 0.967518 0.542179
vt 0.967081 0.543535
vt 0.959394 0.537082
vt 0.956772 0.537396
vt 0.943992 0.535646
vt 0.946375 0.534320
vt 0.957268 0.536238
vt 0.931643 0.539168
vt 0.933356 0.536921
vt 0.943850 0.534401
vt 0.921934 0.547331
vt 0.922587 0.544435
vt 0.930883 0.538099
vt 0.916602 0.558674
vt 0.915932 0.555562
vt 0.920688 0.546670
vt 0.916602 0.571168
vt 0.914541 0.568378
vt 0.915090 0.558581
vt 0.921934 0.582577
vt 0.918654 0.580668
vt 0.915090 0.571699
vt 0.931643 0.590859
vt 0.927560 0.590306
vt 0.920688 0.583678
vt 0.943992 0.594533
vt 0.939720 0.595626
vt 0.930883 0.592375
vt 0.957268 0.594560
vt 0.953030 0.595708
vt 0.943850 0.596232
vt 0.673802 0.227886
vt 0.634913 0.232963
vt 0.670183 0.004958
vt 0.631220 0.005488
vt 0.673262 -0.000000
vt 0.251341 0.227397
vt 0.258309 -0.000000
vt 0.216056 0.003513
vt 0.288927 0.253118
vt 0.253812 0.248384
vt 0.288865 0.259139
vt 0.252059 0.253622
vt 0.290464 0.264661
vt 0.250414 0.257925
vt 0.880992 0.525457
vt 0.826584 0.524566
vt 0.826971 0.521992
vt 0.886423 0.522119
vt 0.898047 0.514242
vt 0.892126 0.518352
vt 0.827429 0.511012
vt 0.827134 0.519784
vt 0.827435 0.510733
vt 0.909669 0.505543
vt 0.904019 0.509913
vt 0.902878 0.510756
vt 0.673583 0.582295
vt 0.626415 0.585960
vt 0.624929 0.579518
vt 0.909192 0.418591
vt 0.903157 0.413878
vt 0.902439 0.413341
vt 0.826986 0.412993
vt 0.891003 0.405154
vt 0.826734 0.403894
vt 0.886682 0.402247
vt 0.826584 0.401667
vt 0.687172 0.598296
vt 0.627057 0.594768
vt 0.681987 0.593831
vt 0.627019 0.591846
vt 0.676096 0.586647
vt 0.675379 0.585521
vt 0.773398 0.836408
vt 0.748066 0.831326
vt 0.776235 0.829120
vt 0.749542 0.821562
vt 0.783288 0.820769
vt 0.746651 0.676019
vt 0.746722 0.665584
vt 0.859542 0.665584
vt 0.859472 0.676019
vt 0.857317 0.828757
vt 0.831318 0.835046
vt 0.829971 0.829400
vt 0.858793 0.818993
vt 0.829442 0.827869
vt 0.825046 0.819787
vt 0.913888 0.406668
vt 0.909367 0.417179
vt 0.902583 0.410616
vt 0.903103 0.332401
vt 0.909911 0.332465
vt 0.914554 0.327932
vt 0.899428 0.407719
vt 0.896827 0.405384
vt 0.889596 0.332258
vt 0.889154 0.398798
vt 0.888865 0.398560
vt 0.878310 0.390819
vt 0.878828 0.332120
vt 0.883915 0.394661
vt 0.885778 0.396087
vt 0.875378 0.389270
vt 0.668788 0.252328
vt 0.631220 0.253019
vt 0.633042 0.248609
vt 0.672933 0.239167
vt 0.633610 0.246462
vt 0.905289 0.511364
vt 0.909837 0.506955
vt 0.914301 0.517494
vt 0.249407 0.240821
vt 0.247797 0.247169
vt 0.878837 0.591684
vt 0.875697 0.534475
vt 0.879682 0.532355
vt 0.889607 0.591698
vt 0.884264 0.529228
vt 0.889234 0.525392
vt 0.903114 0.591685
vt 0.899847 0.516340
vt 0.894445 0.521063
vt 0.909923 0.591671
vt 0.914541 0.596232
vt 0.746734 0.624290
vt 0.859554 0.624290
vt 0.746800 0.611017
vt 0.859620 0.611017
vt 0.746914 0.600048
vt 0.859734 0.600048
vt 0.677025 0.847528
vt 0.567763 0.845459
vt 0.569696 0.832907
vt 0.678957 0.834975
vt 0.176269 0.253176
vt 0.098101 0.259674
vt 0.171513 0.236727
vt 0.093345 0.243225
vt 0.163660 0.222556
vt 0.085492 0.229054
vt 0.955288 0.869546
vt 0.955288 0.982366
vt 0.941463 0.869677
vt 0.941463 0.982498
vt 0.816344 0.096656
vt 0.820334 0.090277
vt 0.878124 0.085829
vt 0.886483 0.083787
vt 0.942894 0.084642
vt 0.886480 0.097956
vt 0.942880 0.100734
vt 0.879363 0.068976
vt 0.825486 0.065583
vt 0.881860 0.054995
vt 0.886422 0.109871
vt 0.886471 0.101064
vt 0.822937 0.083421
vt 0.824158 0.076600
vt 0.824754 0.070822
vt 0.256584 0.712916
vt 0.256689 0.719711
vt 0.200996 0.724305
vt 0.262360 0.732678
vt 0.258624 0.726456
vt 0.257340 0.707157
vt 0.202700 0.707493
vt 0.258216 0.701940
vt 0.205582 0.693587
vt 0.067256 0.946143
vt 0.010896 0.937668
vt 0.067305 0.937336
vt 0.067314 0.934228
vt 0.010909 0.921576
vt 0.067316 0.920059
vt 0.895004 0.114447
vt 0.895004 0.239474
vt 0.885077 0.114449
vt 0.885077 0.239475
vt 0.867383 0.730311
vt 0.867383 0.605767
vt 0.877357 0.729741
vt 0.877357 0.605197
vt 0.915941 0.729783
vt 0.915941 0.605240
vt 0.925751 0.730375
vt 0.925751 0.605831
vt 0.118889 0.362114
vt 0.208969 0.374287
vt 0.114008 0.372324
vt 0.204088 0.384497
vt 0.828378 0.462415
vt 0.910543 0.462141
vt 0.154988 0.696327
vt 0.072972 0.696327
vt 0.827666 0.461470
vt 0.909829 0.462141
vt 0.412481 0.846225
vt 0.330465 0.846315
vt 0.565041 0.818628
vt 0.564222 0.831282
vt 0.562483 0.842579
vt 0.564998 0.855275
vt 0.559994 0.851413
vt 0.742275 0.613371
vt 0.742215 0.625316
vt 0.742204 0.638165
vt 0.742221 0.653353
vt 0.742121 0.842965
vt 0.742553 0.829601
vt 0.744251 0.818372
vt 0.742121 0.678957
vt 0.742202 0.666956
vt 0.743894 0.945076
vt 0.158466 0.825785
vt 0.196437 0.825785
vt 0.158589 0.713335
vt 0.754970 0.229311
vt 0.770151 0.244049
vt 0.752023 0.122652
vt 0.766361 0.106916
vt 0.788500 0.106168
vt 0.807037 0.098615
vt 0.798664 0.103939
vt 0.798396 0.104050
vt 0.818639 0.074792
vt 0.817455 0.081160
vt 0.815116 0.087560
vt 0.811612 0.093513
vt 0.809137 0.096535
vt 0.820067 0.062949
vt 0.881930 0.071723
vt 0.881972 0.085277
vt 0.881969 0.100508
vt 0.822669 0.050952
vt 0.827906 0.054424
vt 0.827250 0.056841
vt 0.387268 0.257973
vt 0.387289 0.282507
vt 0.387337 0.305186
vt 0.497877 0.603934
vt 0.502942 0.600048
vt 0.502588 0.618882
vt 0.506169 0.638234
vt 0.508408 0.660833
vt 0.509169 0.685329
vt 0.508408 0.710260
vt 0.506169 0.734135
vt 0.502588 0.755530
vt 0.502942 0.776856
vt 0.497877 0.773165
vt 0.881873 0.025311
vt 0.881860 0.047447
vt 0.387247 0.185697
vt 0.246490 0.252688
vt 0.875997 0.528177
vt 0.914541 0.500197
vt 0.914493 0.509199
vt 0.449257 0.327932
vt 0.443049 0.342010
vt 0.392122 0.435699
vt 0.914477 0.479221
vt 0.864172 0.638165
vt 0.864183 0.625316
vt 0.399670 0.488938
vt 0.391447 0.477225
vt 0.387247 0.463545
vt 0.387479 0.449236
vt 0.263179 0.265713
vt 0.864189 0.653353
vt 0.864170 0.666956
vt 0.433804 0.512196
vt 0.439448 0.522670
vt 0.440655 0.534507
vt 0.437239 0.545904
vt 0.259002 0.402057
vt 0.387247 0.640201
vt 0.196412 0.848654
vt 0.071868 0.848654
vt 0.067316 0.844080
vt 0.067459 0.713335
vt 0.416100 0.716497
vt 0.454071 0.716456
vt 0.906709 0.244046
vt 0.937203 0.244046
vt 0.937203 0.114445
vt 0.932629 0.109871
vt 0.416100 0.828948
vt 0.893275 0.244047
vt 0.881860 0.244049
vt 0.864189 0.600923
vt 0.875659 0.600268
vt 0.889112 0.600048
vt 0.906709 0.109871
vt 0.417204 0.841670
vt 0.904358 0.600065
vt 0.889112 0.733705
vt 0.875659 0.733925
vt 0.864189 0.734580
vt 0.881860 0.109874
vt 0.893275 0.109872
vt 0.608071 0.857193
vt 0.608071 0.960132
vt 0.917744 0.600314
vt 0.820691 0.889178
vt 0.830385 0.895561
vt 0.836957 0.905299
vt 0.839407 0.916910
vt 0.904358 0.733722
vt 0.310203 0.740933
vt 0.324971 0.756085
vt 0.839857 0.942819
vt 0.125944 0.354976
vt 0.134100 0.351997
vt 0.288052 0.741070
vt 0.329527 0.693723
vt 0.454071 0.693587
vt 0.278101 0.739348
vt 0.269313 0.734263
vt 0.107947 0.414614
vt 0.618207 0.574629
vt 0.620440 0.581626
vt 0.621772 0.588503
vt 0.622287 0.594790
vt 0.264733 0.729361
vt 0.622214 0.600048
vt 0.267177 0.732268
vt 0.324971 0.829047
vt 0.324971 0.698302
vt 0.615508 0.568633
vt 0.612297 0.563141
vt 0.576917 0.537668
vt 0.588986 0.542275
vt 0.602002 0.551188
vt 0.604760 0.553816
vt 0.699554 0.960132
vt 0.694983 0.977328
vt 0.699557 0.972764
vt 0.552702 0.527968
vt 0.531563 0.512683
vt 0.514764 0.492727
vt 0.503307 0.469293
vt 0.497877 0.443779
vt 0.498799 0.417710
vt 0.506016 0.392643
vt 0.519099 0.370076
vt 0.537266 0.351356
vt 0.559430 0.337602
vt 0.584270 0.329635
vt 0.610300 0.327932
vt 0.699554 0.857193
vt 0.631199 0.185697
vt 0.631220 0.257973
vt 0.913856 0.444983
vt 0.914554 0.457614
vt 0.674097 0.560820
vt 0.687172 0.332331
vt 0.914034 0.424008
vt 0.675415 0.574634
vt 0.914035 0.414994
vt 0.881024 0.398662
vt 0.874336 0.394984
vt 0.873491 0.394592
vt 0.680117 0.586234
vt 0.677732 0.581474
vt 0.676042 0.576875
vt 0.169930 0.033703
vt 0.183319 0.044146
vt 0.191328 0.154471
vt 0.179570 0.166492
vt 0.067341 0.944687
vt 0.067377 0.924007
vt 0.067385 0.901942
vt 0.067364 0.880281
vt 0.067316 0.860778
vt 0.338710 0.973293
vt 0.333664 0.977110
vt 0.329501 0.962232
vt 0.326523 0.943340
vt 0.324971 0.921965
vt 0.324971 0.899838
vt 0.326523 0.878753
vt 0.329501 0.860416
vt 0.338710 0.850192
vt 0.333664 0.846315
vt 0.512632 0.855275
vt 0.533494 0.855366
vt 0.555594 0.855381
vt 0.577141 0.855319
vt 0.263066 0.596091
vt 0.244117 0.587438
vt 0.228374 0.573797
vt 0.217112 0.556273
vt 0.211243 0.536286
vt 0.211243 0.515455
vt 0.217112 0.495468
vt 0.228374 0.477944
vt 0.244117 0.464303
vt 0.263066 0.455649
vt 0.283685 0.452685
vt 0.555594 0.977349
vt 0.533494 0.977334
vt 0.304304 0.455649
vt 0.323252 0.464303
vt 0.338995 0.477944
vt 0.350257 0.495468
vt 0.356126 0.515455
vt 0.356126 0.536285
vt 0.350257 0.556272
vt 0.338995 0.573796
vt 0.323252 0.587438
vt 0.304304 0.596091
vt 0.283685 0.599056
vt 0.189361 0.901942
vt 0.189353 0.924007
vt 0.584019 0.483887
vt 0.569072 0.474657
vt 0.557932 0.461074
vt 0.551806 0.444609
vt 0.551358 0.427048
vt 0.556636 0.410293
vt 0.567069 0.396159
vt 0.581526 0.386179
vt 0.598440 0.381434
vt 0.607251 0.381209
vt 0.714827 0.244048
vt 0.705258 0.244049
vt 0.615978 0.382437
vt 0.632241 0.389081
vt 0.645465 0.400645
vt 0.654217 0.415877
vt 0.657550 0.433125
vt 0.655101 0.450520
vt 0.647137 0.466178
vt 0.634520 0.478402
vt 0.618618 0.485867
vt 0.601153 0.487763
vt 0.078949 0.665972
vt 0.059974 0.665963
vt 0.695811 0.000094
vt 0.714827 0.000112
vt 0.678304 0.000000
vt 0.826584 0.331968
vt 0.823119 0.337222
vt 0.812751 0.329234
vt 0.795412 0.327932
vt 0.776444 0.328202
vt 0.757903 0.330015
vt 0.741799 0.333175
vt 0.738969 0.340160
vt 0.729876 0.337340
vt 0.734046 0.342170
vt 0.106022 0.421980
vt 0.088416 0.422013
vt 0.069382 0.422019
vt 0.050983 0.421996
vt 0.327406 0.162647
vt 0.332869 0.158576
vt 0.337723 0.153276
vt 0.335434 0.074891
vt 0.330264 0.069383
vt 0.324557 0.065080
vt 0.733291 0.000053
vt 0.570186 0.101249
vt 0.570210 0.181132
vt 0.570192 0.077720
vt 0.305086 0.421980
vt 0.328236 0.430344
vt 0.348854 0.443788
vt 0.365844 0.461599
vt 0.378301 0.482828
vt 0.385565 0.506346
vt 0.387247 0.530903
vt 0.383259 0.555192
vt 0.373812 0.577921
vt 0.359410 0.597882
vt 0.340818 0.614013
vt 0.319024 0.625456
vt 0.295189 0.631602
vt 0.242517 0.692020
vt 0.245009 0.674768
vt 0.252279 0.658924
vt 0.263733 0.645785
vt 0.278437 0.636422
vt 0.242517 0.693587
vt 0.448210 0.101249
vt 0.448233 0.181132
vt 0.141428 0.205401
vt 0.124443 0.196974
vt 0.109089 0.183482
vt 0.095699 0.029608
vt 0.108482 0.013566
vt 0.123746 0.002215
vt 0.448246 0.055096
vt 0.448216 0.077720
vt 0.153351 0.211822
vt 0.191381 0.939017
vt 0.191383 0.923929
vt 0.786806 0.204265
vt 0.788042 0.205638
vt 0.798868 0.214071
vt 0.801308 0.215322
vt 0.028241 0.438432
vt 0.032526 0.443288
vt 0.028241 0.454884
vt 0.032526 0.454884
vt 0.031988 0.467581
vt 0.027656 0.469211
vt 0.032526 0.471178
vt 0.015703 0.421980
vt 0.020011 0.426477
vt 0.015703 0.439454
vt 0.817086 0.219390
vt 0.828846 0.218493
vt 0.833245 0.217293
vt 0.843146 0.212575
vt 0.847604 0.209313
vt 0.854644 0.201972
vt 0.858224 0.196528
vt 0.861953 0.187964
vt 0.863669 0.180665
vt 0.864191 0.172240
vt 0.863205 0.163866
vt 0.861088 0.156696
vt 0.856894 0.148400
vt 0.853020 0.143208
vt 0.845588 0.136356
vt 0.840958 0.133401
vt 0.863124 0.312620
vt 0.863516 0.296270
vt 0.863374 0.278798
vt 0.862714 0.262310
vt 0.861618 0.248794
vt 0.028241 0.421980
vt 0.028241 0.425703
vt 0.026475 0.425123
vt 0.191381 0.874334
vt 0.191383 0.889511
vt 0.191384 0.906735
vt 0.911072 0.313478
vt 0.911075 0.298390
vt 0.224580 0.839446
vt 0.225778 0.840852
vt 0.236366 0.849582
vt 0.238770 0.850900
vt 0.028241 0.421980
vt 0.032526 0.426836
vt 0.028241 0.438432
vt 0.024320 0.439454
vt 0.023782 0.452151
vt 0.019450 0.453781
vt 0.024320 0.455748
vt 0.020011 0.421980
vt 0.024320 0.426477
vt 0.020011 0.439454
vt 0.254430 0.855402
vt 0.266211 0.854830
vt 0.270641 0.853752
vt 0.280669 0.849310
vt 0.285216 0.846172
vt 0.292455 0.839029
vt 0.296184 0.833685
vt 0.300148 0.825228
vt 0.302065 0.817978
vt 0.302820 0.809571
vt 0.302065 0.801173
vt 0.300148 0.793948
vt 0.296184 0.785539
vt 0.292455 0.780241
vt 0.285216 0.773188
vt 0.280669 0.770106
vt 0.910681 0.312620
vt 0.911072 0.296270
vt 0.910930 0.278798
vt 0.910271 0.262310
vt 0.909174 0.248794
vt 0.025314 0.421980
vt 0.026475 0.425517
vt 0.024617 0.425517
vt 0.911072 0.248794
vt 0.911075 0.263972
vt 0.911076 0.281196
s 1
usemtl 分色槽-纯黑
f 1/1/1 2/2/1 3/3/2
f 3/3/2 2/2/1 4/4/3
f 5/5/4 6/6/5 7/7/1
f 7/7/1 6/6/5 8/8/1
f 9/9/6 10/10/6 11/11/6
f 11/11/6 10/10/6 12/12/6
f 11/11/6 12/12/6 13/13/6
f 13/13/6 12/12/6 14/14/6
f 15/15/7 16/16/7 17/17/7
f 18/18/7 19/19/7 20/20/7
f 17/17/7 16/16/7 20/20/7
f 20/20/7 16/16/7 21/21/7
f 20/20/7 21/21/7 18/18/7
f 19/19/7 22/22/7 20/20/7
f 20/20/7 22/22/7 23/23/7
f 20/20/7 23/23/7 24/24/7
f 24/24/7 23/23/7 25/25/7
f 26/26/7 27/27/7 28/28/7
f 28/28/7 27/27/7 29/29/7
f 28/28/7 29/29/7 30/30/7
f 30/30/7 29/29/7 31/31/7
f 30/30/7 31/31/7 32/32/7
f 33/33/7 34/34/8 35/35/9
f 17/17/7 36/36/7 15/15/7
f 15/15/7 36/36/7 37/37/7
f 15/15/7 37/37/7 38/38/7
f 38/38/7 37/37/7 39/39/7
f 38/38/7 39/39/7 40/40/7
f 40/40/7 39/39/7 41/41/7
f 40/40/7 41/41/7 26/26/7
f 26/26/7 41/41/7 42/42/7
f 26/26/7 42/42/7 27/27/7
f 25/25/7 43/43/7 24/24/7
f 24/24/7 43/43/7 44/44/7
f 24/24/7 44/44/7 35/35/9
f 35/35/9 44/44/7 33/33/7
f 33/33/7 44/44/7 45/45/7
f 33/33/7 45/45/7 46/46/7
f 31/31/7 47/47/7 32/32/7
f 32/32/7 47/47/7 48/48/7
f 32/32/7 48/48/7 49/49/7
f 49/49/7 48/48/7 50/50/7
f 49/49/7 50/50/7 51/51/7
f 51/51/7 50/50/7 52/52/7
f 51/51/7 52/52/7 45/45/7
f 45/45/7 52/52/7 53/53/7
f 45/45/7 53/53/7 46/46/7
f 54/54/10 55/55/10 56/56/11
f 56/56/11 55/55/10 57/57/12
f 57/57/12 55/55/10 58/58/10
f 57/57/12 58/58/10 59/59/10
f 60/60/10 61/61/10 62/62/11
f 62/62/11 61/61/10 63/63/10
f 62/62/11 63/63/10 56/56/11
f 56/56/11 63/63/10 64/64/10
f 56/56/11 64/64/10 54/54/10
f 65/65/10 66/66/10 67/67/13
f 67/67/13 66/66/10 68/68/10
f 67/67/13 68/68/10 62/62/11
f 62/62/11 68/68/10 69/69/10
f 62/62/11 69/69/10 60/60/10
f 59/59/10 70/70/10 57/57/12
f 57/57/12 70/70/10 71/71/10
f 57/57/12 71/71/10 67/67/13
f 67/67/13 71/71/10 72/72/10
f 67/67/13 72/72/10 65/65/10
f 73/73/14 74/74/15 75/75/16
f 75/75/16 74/74/15 76/76/15
f 75/75/16 76/76/15 77/77/17
f 78/78/18 79/79/18 80/80/19
f 81/81/18 82/82/18 83/83/18
f 83/83/18 82/82/18 84/84/18
f 83/83/18 84/84/18 85/85/18
f 85/85/18 84/84/18 86/86/18
f 85/85/18 86/86/18 87/87/18
f 88/88/20 80/80/19 89/89/18
f 89/89/18 80/80/19 79/79/18
f 89/89/18 79/79/18 90/90/18
f 90/90/18 79/79/18 91/91/18
f 90/90/18 91/91/18 92/92/18
f 93/93/18 94/94/18 95/95/18
f 95/95/18 94/94/18 96/96/18
f 95/95/18 96/96/18 80/80/19
f 80/80/19 96/96/18 97/97/18
f 80/80/19 97/97/18 78/78/18
f 93/93/18 98/98/18 94/94/18
f 94/94/18 98/98/18 99/99/18
f 94/94/18 99/99/18 100/100/18
f 100/100/18 99/99/18 101/101/18
f 100/100/18 101/101/18 102/102/18
f 102/102/18 101/101/18 103/103/18
f 102/102/18 103/103/18 81/81/18
f 81/81/18 103/103/18 104/104/18
f 81/81/18 104/104/18 82/82/18
f 92/92/18 105/105/18 90/90/18
f 90/90/18 105/105/18 106/106/18
f 90/90/18 106/106/18 107/107/18
f 86/86/18 108/108/18 87/87/18
f 87/87/18 108/108/18 109/109/18
f 87/87/18 109/109/18 110/110/18
f 110/110/18 109/109/18 111/111/18
f 110/110/18 111/111/18 112/112/18
f 112/112/18 111/111/18 113/113/18
f 112/112/18 113/113/18 114/114/18
f 114/114/18 113/113/18 115/115/18
f 114/114/18 115/115/18 116/116/18
f 116/116/18 115/115/18 107/107/18
f 116/116/18 107/107/18 117/117/18
f 117/117/18 107/107/18 106/106/18
f 118/118/6 119/119/6 120/120/6
f 121/121/6 122/122/6 120/120/6
f 120/120/6 122/122/6 123/123/6
f 120/120/6 123/123/6 118/118/6
f 124/124/7 125/125/7 126/126/7
f 127/127/7 128/128/7 129/129/7
f 129/129/7 128/128/7 130/130/7
f 129/129/7 130/130/7 131/131/7
f 132/132/7 133/133/7 134/134/7
f 134/134/7 133/133/7 135/135/7
f 134/134/7 135/135/7 125/125/7
f 125/125/7 135/135/7 136/136/7
f 125/125/7 136/136/7 126/126/7
f 137/137/7 138/138/7 126/126/7
f 126/126/7 138/138/7 139/139/7
f 126/126/7 139/139/7 124/124/7
f 140/140/7 141/141/7 142/142/7
f 142/142/7 141/141/7 143/143/7
f 142/142/7 143/143/7 144/144/7
f 144/144/7 143/143/7 145/145/7
f 144/144/7 145/145/7 132/132/7
f 132/132/7 145/145/7 146/146/7
f 132/132/7 146/146/7 133/133/7
f 127/127/7 129/129/7 126/126/7
f 126/126/7 129/129/7 147/147/7
f 126/126/7 147/147/7 137/137/7
f 148/148/18 149/149/18 150/150/18
f 150/150/18 151/151/18 148/148/18
f 148/148/18 151/151/18 152/152/18
f 148/148/18 152/152/18 153/153/18
f 153/153/18 152/152/18 154/154/18
f 153/153/18 154/154/18 155/155/18
f 155/155/18 154/154/18 156/156/18
f 156/156/18 154/154/18 157/157/18
f 156/156/18 157/157/18 158/158/18
f 159/159/18 160/160/18 161/161/18
f 162/162/18 163/163/18 164/164/18
f 158/158/18 157/157/18 165/165/18
f 165/165/18 157/157/18 166/166/18
f 165/165/18 166/166/18 162/162/18
f 162/162/18 166/166/18 167/167/18
f 162/162/18 167/167/18 163/163/18
f 161/161/18 168/168/18 159/159/18
f 159/159/18 168/168/18 169/169/18
f 159/159/18 169/169/18 170/170/18
f 170/170/18 169/169/18 162/162/18
f 170/170/18 162/162/18 171/171/18
f 171/171/18 162/162/18 164/164/18
f 172/172/21 173/173/1 174/174/21
f 174/174/21 173/173/1 175/175/1
f 176/176/1 174/174/21 177/177/1
f 177/177/1 174/174/21 175/175/1
f 177/177/1 175/175/1 178/178/22
f 178/178/22 175/175/1 179/179/22
f 180/180/18 181/181/18 182/182/18
f 183/183/18 184/184/18 185/185/18
f 185/185/18 184/184/18 186/186/18
f 187/187/18 188/188/18 189/189/18
f 180/180/18 182/182/18 190/190/18
f 191/191/18 192/192/18 193/193/18
f 193/193/18 192/192/18 185/185/18
f 193/193/18 185/185/18 194/194/18
f 194/194/18 185/185/18 186/186/18
f 195/195/18 196/196/18 197/197/18
f 198/198/18 199/199/18 200/200/18
f 200/200/18 199/199/18 201/201/18
f 200/200/18 184/184/18 198/198/18
f 198/198/18 184/184/18 183/183/18
f 198/198/18 183/183/18 189/189/18
f 189/189/18 183/183/18 190/190/18
f 189/189/18 190/190/18 187/187/18
f 187/187/18 190/190/18 182/182/18
f 202/202/18 203/203/18 199/199/18
f 199/199/18 203/203/18 204/204/18
f 199/199/18 204/204/18 201/201/18
f 197/197/18 196/196/18 199/199/18
f 199/199/18 196/196/18 205/205/18
f 199/199/18 205/205/18 202/202/18
f 197/197/18 206/206/18 195/195/18
f 195/195/18 206/206/18 207/207/18
f 195/195/18 207/207/18 208/208/18
f 208/208/18 207/207/18 209/209/18
f 208/208/18 209/209/18 210/210/18
f 210/210/18 209/209/18 211/211/18
f 210/210/18 211/211/18 212/212/18
f 212/212/18 211/211/18 213/213/18
f 212/212/18 213/213/18 214/214/18
f 214/214/18 213/213/18 215/215/18
f 214/214/18 215/215/18 216/216/18
f 216/216/18 215/215/18 217/217/18
f 216/216/18 217/217/18 218/218/18
f 217/217/18 219/219/18 218/218/18
f 218/218/18 219/219/18 220/220/18
f 218/218/18 220/220/18 221/221/18
f 221/221/18 220/220/18 222/222/18
f 221/221/18 222/222/18 223/223/18
f 223/223/18 222/222/18 224/224/18
f 223/223/18 224/224/18 225/225/18
f 225/225/18 224/224/18 226/226/18
f 225/225/18 226/226/18 191/191/18
f 191/191/18 226/226/18 227/227/18
f 191/191/18 227/227/18 192/192/18
f 228/228/7 229/229/7 230/230/7
f 231/231/7 232/232/7 233/233/7
f 234/234/7 235/235/7 236/236/7
f 236/236/7 235/235/7 237/237/7
f 236/236/7 237/237/7 238/238/7
f 238/238/7 237/237/7 239/239/7
f 238/238/7 239/239/7 240/240/7
f 234/234/7 236/236/7 241/241/7
f 241/241/7 236/236/7 242/242/7
f 241/241/7 242/242/7 230/230/7
f 231/231/7 233/233/7 243/243/7
f 243/243/7 233/233/7 244/244/7
f 243/243/7 244/244/7 245/245/7
f 245/245/7 244/244/7 246/246/7
f 245/245/7 246/246/7 247/247/7
f 247/247/7 246/246/7 248/248/7
f 247/247/7 248/248/7 249/249/7
f 249/249/7 248/248/7 250/250/7
f 249/249/7 250/250/7 251/251/7
f 251/251/7 250/250/7 252/252/7
f 251/251/7 252/252/7 253/253/7
f 230/230/7 229/229/7 241/241/7
f 241/241/7 229/229/7 254/254/7
f 241/241/7 254/254/7 255/255/7
f 254/254/7 256/256/7 255/255/7
f 255/255/7 256/256/7 257/257/7
f 255/255/7 257/257/7 258/258/7
f 232/232/7 231/231/7 259/259/7
f 259/259/7 231/231/7 260/260/7
f 259/259/7 260/260/7 261/261/7
f 261/261/7 260/260/7 262/262/7
f 261/261/7 262/262/7 263/263/7
f 263/263/7 262/262/7 264/264/7
f 263/263/7 264/264/7 265/265/7
f 265/265/7 264/264/7 266/266/7
f 265/265/7 266/266/7 267/267/7
f 267/267/7 266/266/7 268/268/7
f 267/267/7 268/268/7 230/230/7
f 230/230/7 268/268/7 269/269/7
f 230/230/7 269/269/7 228/228/7
f 252/252/7 270/270/7 253/253/7
f 253/253/7 270/270/7 271/271/7
f 253/253/7 271/271/7 272/272/7
f 272/272/7 271/271/7 273/273/7
f 272/272/7 273/273/7 274/274/7
f 274/274/7 273/273/7 255/255/7
f 274/274/7 255/255/7 275/275/7
f 275/275/7 255/255/7 258/258/7
f 276/276/23 277/277/23 278/278/24
f 276/276/23 278/278/24 279/279/24
f 279/279/24 278/278/24 280/280/25
f 279/279/24 280/280/25 281/281/25
f 281/281/25 280/280/25 282/282/26
f 281/281/25 282/282/26 283/283/26
f 283/284/26 282/285/26 284/286/27
f 283/284/26 284/286/27 285/287/27
f 285/287/27 284/286/27 286/288/28
f 285/287/27 286/288/28 287/289/28
f 287/289/28 286/288/28 288/290/29
f 287/289/28 288/290/29 289/291/29
f 289/291/29 288/290/29 290/292/30
f 289/291/29 290/292/30 291/293/30
f 291/293/30 290/292/30 292/294/31
f 291/293/30 292/294/31 293/295/31
f 293/296/31 292/297/31 294/298/32
f 293/296/31 294/298/32 295/299/32
f 295/299/32 294/298/32 296/300/33
f 295/299/32 296/300/33 297/301/33
f 297/301/33 296/300/33 298/302/34
f 297/301/33 298/302/34 299/303/34
f 299/303/34 298/302/34 300/304/35
f 299/303/34 300/304/35 301/305/35
f 301/305/35 300/304/35 178/178/22
f 301/305/35 178/178/22 179/179/22
f 302/306/6 303/307/6 304/308/36
f 304/308/36 303/307/6 305/309/36
f 304/308/36 305/309/36 306/310/37
f 306/310/37 305/309/36 307/311/37
f 306/310/37 307/311/37 308/312/38
f 308/312/38 307/311/37 309/313/38
f 308/314/38 309/315/38 310/316/39
f 310/316/39 309/315/38 311/317/39
f 310/316/39 311/317/39 312/318/40
f 312/318/40 311/317/39 313/319/40
f 312/318/40 313/319/40 314/320/41
f 314/320/41 313/319/40 315/321/41
f 314/320/41 315/321/41 316/322/42
f 316/322/42 315/321/41 317/323/42
f 316/324/42 317/325/42 318/326/43
f 318/326/43 317/325/42 319/327/43
f 318/326/43 319/327/43 320/328/44
f 320/328/44 319/327/43 321/329/44
f 320/328/44 321/329/44 322/330/45
f 322/330/45 321/329/44 323/331/45
f 322/330/45 323/331/45 324/332/1
f 324/332/1 323/331/45 325/333/1
f 324/332/1 325/333/1 326/334/46
f 326/334/46 325/333/1 327/335/46
f 326/334/46 327/335/46 328/336/47
f 328/336/47 327/335/46 329/337/47
f 328/336/47 329/337/47 330/338/48
f 330/338/48 329/337/47 331/339/48
f 330/340/48 331/341/48 332/342/49
f 332/342/49 331/341/48 333/343/49
f 332/342/49 333/343/49 334/344/50
f 334/344/50 333/343/49 335/345/50
f 334/344/50 335/345/50 336/346/51
f 336/346/51 335/345/50 337/347/51
f 336/346/51 337/347/51 338/348/52
f 338/348/52 337/347/51 339/349/52
f 338/348/52 339/349/52 340/350/53
f 340/350/53 339/349/52 341/351/53
f 340/352/53 341/353/53 342/354/54
f 342/354/54 341/353/53 343/355/54
f 342/354/54 343/355/54 344/356/55
f 344/356/55 343/355/54 345/357/55
f 344/356/55 345/357/55 302/306/6
f 302/306/6 345/357/55 303/307/6
f 346/358/56 347/359/57 348/360/58
f 348/360/58 347/359/57 349/361/59
f 348/360/58 349/361/59 350/362/1
f 351/363/60 352/364/61 353/365/62
f 353/365/62 352/364/61 354/366/63
f 353/365/62 354/366/63 355/367/64
f 355/367/64 354/366/63 356/368/65
f 355/367/64 356/368/65 357/369/66
f 357/369/66 356/368/65 350/362/1
f 357/369/66 350/362/1 358/370/1
f 358/370/1 350/362/1 349/361/59
f 359/371/67 360/372/68 351/363/60
f 351/363/60 360/372/68 361/373/69
f 351/363/60 361/373/69 352/364/61
f 362/374/70 363/375/71 364/376/72
f 364/376/72 363/375/71 365/377/73
f 364/376/72 365/377/73 366/378/74
f 362/374/70 367/379/75 363/375/71
f 363/375/71 367/379/75 368/380/76
f 363/381/71 368/382/76 369/383/77
f 369/384/77 368/385/76 370/386/78
f 369/387/77 370/388/78 359/389/67
f 371/390/79 372/391/80 373/392/81
f 373/392/81 372/391/80 374/393/82
f 366/378/74 365/377/73 375/394/83
f 375/394/83 365/377/73 376/395/84
f 375/394/83 376/395/84 377/396/85
f 377/396/85 376/395/84 372/391/80
f 377/396/85 372/391/80 378/397/86
f 378/397/86 372/391/80 371/390/79
f 378/397/86 371/390/79 379/398/87
f 346/358/56 380/399/88 347/359/57
f 347/359/57 380/399/88 381/400/89
f 347/359/57 381/400/89 382/401/90
f 382/401/90 381/400/89 383/402/91
f 382/401/90 383/402/91 384/403/92
f 384/403/92 383/402/91 385/404/93
f 384/403/92 385/404/93 386/405/94
f 386/405/94 385/404/93 387/406/95
f 386/405/94 387/406/95 388/407/96
f 388/407/96 387/406/95 389/408/97
f 388/407/96 389/408/97 390/409/98
f 391/410/99 392/411/100 393/412/101
f 393/412/101 392/411/100 394/413/102
f 393/412/101 394/413/102 374/393/82
f 374/393/82 394/413/102 395/414/103
f 374/393/82 395/414/103 373/392/81
f 390/409/98 391/410/99 388/407/96
f 388/407/96 391/410/99 393/412/101
f 388/415/96 393/416/101 396/417/104
f 396/417/104 393/416/101 397/418/105
f 398/419/106 399/420/107 397/418/105
f 397/418/105 399/420/107 400/421/108
f 397/418/105 400/421/108 396/417/104
f 401/422/109 402/423/110 398/419/106
f 398/419/106 402/423/110 403/424/111
f 398/419/106 403/424/111 399/420/107
f 404/425/112 405/426/113 401/422/109
f 401/422/109 405/426/113 406/427/114
f 401/422/109 406/427/114 402/423/110
f 407/428/115 408/429/116 404/430/112
f 404/430/112 408/429/116 409/431/117
f 404/425/112 409/432/117 405/426/113
f 410/433/118 411/434/119 407/428/115
f 407/428/115 411/434/119 412/435/120
f 407/428/115 412/435/120 408/429/116
f 413/436/121 414/437/122 415/438/123
f 415/438/123 414/437/122 416/439/124
f 415/438/123 416/439/124 417/440/6
f 417/440/6 416/439/124 418/441/6
f 417/440/6 418/441/6 410/433/118
f 410/433/118 418/441/6 419/442/125
f 410/433/118 419/442/125 411/434/119
f 420/443/126 421/444/127 413/436/121
f 413/436/121 421/444/127 422/445/128
f 413/436/121 422/445/128 414/437/122
f 423/446/129 424/447/130 420/448/126
f 420/448/126 424/447/130 425/449/131
f 420/443/126 425/450/131 421/444/127
f 426/451/132 427/452/133 423/446/129
f 423/446/129 427/452/133 428/453/134
f 423/446/129 428/453/134 424/447/130
f 429/454/135 430/455/136 426/451/132
f 426/451/132 430/455/136 431/456/137
f 426/451/132 431/456/137 427/452/133
f 351/363/60 432/457/138 359/371/67
f 359/389/67 432/458/138 433/459/139
f 359/389/67 433/459/139 369/387/77
f 369/387/77 433/459/139 434/460/140
f 369/387/77 434/460/140 429/454/135
f 429/454/135 434/460/140 435/461/141
f 429/454/135 435/461/141 430/455/136
f 352/462/142 361/463/143 436/464/144
f 436/464/144 361/463/143 360/465/145
f 436/464/144 360/465/145 359/466/146
f 380/467/147 346/468/148 437/469/149
f 437/469/149 346/468/148 348/470/150
f 437/469/149 348/470/150 350/471/151
f 352/472/142 436/473/144 354/474/152
f 354/474/152 436/473/144 438/475/153
f 354/474/152 438/475/153 356/476/154
f 439/477/155 440/478/156 362/479/157
f 362/479/157 364/480/158 439/477/155
f 439/477/155 364/480/158 366/481/159
f 439/477/155 366/481/159 375/482/160
f 375/482/160 377/483/161 441/484/162
f 441/484/162 377/483/161 378/485/163
f 441/484/162 378/485/163 379/486/164
f 370/487/165 368/488/166 440/489/156
f 440/489/156 368/488/166 367/490/167
f 440/489/156 367/490/167 362/491/157
f 375/482/160 441/484/162 439/477/155
f 439/477/155 441/484/162 442/492/168
f 439/477/155 442/492/168 443/493/169
f 443/493/169 442/492/168 444/494/170
f 443/493/169 444/494/170 445/495/171
f 445/496/171 444/497/170 446/498/172
f 445/496/171 446/498/172 447/499/173
f 447/499/173 446/498/172 448/500/174
f 447/499/173 448/500/174 449/501/175
f 449/501/175 448/500/174 450/502/176
f 449/501/175 450/502/176 451/503/177
f 451/503/177 450/502/176 452/504/178
f 451/503/177 452/504/178 453/505/179
f 453/506/179 452/507/178 454/508/180
f 453/506/179 454/508/180 455/509/181
f 455/509/181 454/508/180 456/510/182
f 455/509/181 456/510/182 457/511/183
f 457/511/183 456/510/182 437/469/149
f 457/511/183 437/469/149 438/475/153
f 438/475/153 437/469/149 350/471/151
f 438/475/153 350/471/151 356/476/154
f 457/512/10 438/513/10 436/514/10
f 440/515/10 439/516/10 453/517/10
f 453/517/10 439/516/10 443/518/10
f 453/517/10 443/518/10 445/519/10
f 370/388/10 440/515/10 359/389/10
f 359/389/10 440/515/10 453/517/10
f 359/389/10 453/517/10 436/514/10
f 436/514/10 453/517/10 455/520/10
f 436/514/10 455/520/10 457/512/10
f 445/519/10 447/521/10 453/517/10
f 453/517/10 447/521/10 449/522/10
f 453/517/10 449/522/10 451/523/10
f 136/524/184 458/525/185 459/526/186
f 136/524/184 459/526/186 126/527/186
f 126/527/186 459/526/186 460/528/187
f 126/527/186 460/528/187 127/529/187
f 127/529/187 460/528/187 461/530/188
f 127/529/187 461/530/188 128/531/188
f 128/532/188 461/533/188 462/534/189
f 128/532/188 462/534/189 130/535/190
f 130/535/190 462/534/189 131/536/191
f 131/536/191 462/534/189 463/537/192
f 131/536/191 463/537/192 464/538/193
f 464/538/193 463/537/192 67/67/13
f 67/67/13 463/537/192 465/539/194
f 67/67/13 465/539/194 57/57/12
f 57/57/12 466/540/195 467/541/196
f 467/541/196 466/540/195 468/542/197
f 467/541/196 468/542/197 160/543/198
f 160/543/198 468/542/197 161/544/199
f 468/542/197 469/545/200 161/544/199
f 161/544/199 469/545/200 470/546/188
f 161/544/199 470/546/188 168/547/188
f 168/548/188 470/549/188 471/550/187
f 168/548/188 471/550/187 169/551/187
f 169/551/187 471/550/187 472/552/186
f 169/551/187 472/552/186 162/553/186
f 162/553/186 472/552/186 473/554/185
f 162/553/186 473/554/185 165/555/201
f 57/57/12 465/539/194 466/540/195
f 466/540/195 465/539/194 474/556/202
f 466/540/195 474/556/202 475/557/202
f 475/557/202 474/556/202 476/558/203
f 475/557/202 476/558/203 477/559/203
f 477/559/203 476/558/203 478/560/204
f 477/559/203 478/560/204 479/561/204
f 479/562/204 478/563/204 480/564/205
f 479/562/204 480/564/205 481/565/205
f 481/565/205 480/564/205 482/566/206
f 481/565/205 482/566/206 483/567/206
f 483/567/206 482/566/206 172/172/21
f 483/567/206 172/172/21 174/174/21
f 484/568/10 485/569/10 486/570/10
f 486/570/10 485/569/10 487/571/10
f 488/572/10 489/573/10 486/570/10
f 486/570/10 489/573/10 490/574/10
f 486/570/10 490/574/10 484/568/10
f 491/575/10 492/576/10 149/577/10
f 149/577/10 492/576/10 493/578/10
f 149/577/10 493/578/10 488/572/10
f 488/572/10 493/578/10 494/579/10
f 488/572/10 494/579/10 489/573/10
f 148/580/207 495/581/10 496/582/10
f 485/569/10 497/583/10 487/571/10
f 487/571/10 497/583/10 498/584/10
f 487/571/10 498/584/10 499/585/10
f 499/585/10 498/584/10 500/586/10
f 496/582/10 501/587/10 148/580/207
f 148/580/207 501/587/10 502/588/10
f 148/580/207 502/588/10 149/577/10
f 149/577/10 502/588/10 503/589/10
f 149/577/10 503/589/10 491/575/10
f 495/581/10 148/580/207 504/590/10
f 504/590/10 148/580/207 505/591/208
f 504/590/10 505/591/208 506/592/10
f 506/592/10 505/591/208 507/593/10
f 506/592/10 507/593/10 500/586/10
f 500/586/10 507/593/10 508/594/10
f 500/586/10 508/594/10 499/585/10
f 509/595/18 510/596/18 511/597/18
f 511/597/18 510/596/18 512/598/18
f 513/599/7 514/600/7 515/601/7
f 515/601/7 514/600/7 516/602/7
f 517/603/209 518/604/210 519/605/209
f 519/605/209 518/604/210 520/606/209
f 520/606/209 518/604/210 521/607/210
f 520/606/209 521/607/210 522/608/209
f 523/609/209 524/610/209 525/611/209
f 525/611/209 524/610/209 526/612/209
f 525/611/209 526/612/209 521/607/210
f 521/607/210 526/612/209 527/613/209
f 521/607/210 527/613/209 522/608/209
f 528/614/209 529/615/209 530/616/209
f 530/616/209 531/617/209 528/614/209
f 528/614/209 531/617/209 517/603/209
f 528/614/209 517/603/209 532/618/209
f 532/618/209 517/603/209 519/605/209
f 531/617/209 533/619/209 517/603/209
f 517/603/209 533/619/209 534/620/209
f 517/603/209 534/620/209 535/621/209
f 535/621/209 534/620/209 536/622/209
f 535/621/209 536/622/209 537/623/209
f 537/623/209 536/622/209 538/624/209
f 537/623/209 538/624/209 539/625/209
f 539/625/209 538/624/209 540/626/209
f 540/626/209 538/624/209 541/627/209
f 540/626/209 541/627/209 542/628/209
f 542/628/209 541/627/209 543/629/209
f 542/628/209 543/629/209 544/630/209
f 543/629/209 545/631/209 544/630/209
f 544/630/209 545/631/209 546/632/209
f 544/630/209 546/632/209 547/633/209
f 548/634/209 549/635/209 529/615/209
f 529/615/209 549/635/209 550/636/209
f 529/615/209 550/636/209 530/616/209
f 551/637/209 548/634/209 552/638/209
f 552/638/209 548/634/209 553/639/209
f 552/638/209 553/639/209 554/640/209
f 554/640/209 553/639/209 555/641/209
f 554/640/209 555/641/209 556/642/209
f 556/642/209 555/641/209 557/643/209
f 556/642/209 557/643/209 558/644/209
f 559/645/209 560/646/209 561/647/209
f 561/647/209 560/646/209 562/648/209
f 561/647/209 562/648/209 563/649/209
f 563/649/209 562/648/209 564/650/209
f 563/649/209 564/650/209 565/651/209
f 551/637/209 566/652/209 548/634/209
f 548/634/209 566/652/209 567/653/209
f 548/634/209 567/653/209 549/635/209
f 549/635/209 567/653/209 568/654/209
f 525/611/209 569/655/209 523/609/209
f 523/609/209 569/655/209 570/656/209
f 523/609/209 570/656/209 557/643/209
f 557/643/209 570/656/209 571/657/209
f 546/632/209 572/658/209 547/633/209
f 547/633/209 572/658/209 573/659/209
f 547/633/209 573/659/209 574/660/209
f 574/660/209 573/659/209 568/654/209
f 574/660/209 568/654/209 575/661/209
f 575/661/209 568/654/209 567/653/209
f 565/651/209 564/650/209 576/662/209
f 576/662/209 564/650/209 577/663/209
f 576/662/209 577/663/209 578/664/209
f 578/664/209 577/663/209 579/665/209
f 578/664/209 579/665/209 525/611/209
f 525/611/209 579/665/209 580/666/209
f 525/611/209 580/666/209 569/655/209
f 558/644/209 557/643/209 581/667/209
f 581/667/209 557/643/209 571/657/209
f 581/667/209 571/657/209 582/668/209
f 582/668/209 571/657/209 583/669/209
f 582/668/209 583/669/209 584/670/209
f 585/671/209 586/672/209 559/645/209
f 559/645/209 586/672/209 587/673/209
f 559/645/209 587/673/209 560/646/209
f 583/669/209 588/674/209 584/670/209
f 584/670/209 588/674/209 589/675/209
f 584/670/209 589/675/209 585/671/209
f 585/671/209 589/675/209 590/676/209
f 585/671/209 590/676/209 586/672/209
f 591/677/10 592/678/10 593/679/10
f 591/677/10 593/679/10 141/680/10
f 141/680/10 593/679/10 594/681/10
f 141/680/10 594/681/10 595/682/10
f 596/683/10 597/684/10 598/685/10
f 598/685/10 597/684/10 599/686/10
f 600/687/10 143/688/211 601/689/10
f 601/689/10 143/688/211 141/680/10
f 601/689/10 141/680/10 602/690/10
f 602/690/10 141/680/10 595/682/10
f 598/685/10 603/691/10 596/683/10
f 596/683/10 603/691/10 604/692/10
f 596/683/10 604/692/10 591/677/10
f 591/677/10 604/692/10 605/693/10
f 591/677/10 605/693/10 592/678/10
f 600/687/10 606/694/10 143/688/211
f 143/688/211 606/694/10 607/695/10
f 143/688/211 607/695/10 608/696/208
f 608/696/208 607/695/10 609/697/10
f 608/696/208 609/697/10 610/698/10
f 599/686/10 597/684/10 611/699/10
f 611/699/10 597/684/10 612/700/10
f 611/699/10 612/700/10 613/701/10
f 613/701/10 612/700/10 614/702/10
f 613/701/10 614/702/10 610/698/10
f 610/698/10 614/702/10 615/703/10
f 610/698/10 615/703/10 608/696/208
f 616/704/10 617/705/10 618/706/10
f 619/707/10 10/708/10 9/709/10
f 119/710/10 118/711/10 620/712/10
f 619/707/10 9/709/10 621/713/10
f 622/714/212 623/715/213 618/706/10
f 618/706/10 623/715/213 119/710/10
f 618/706/10 119/710/10 616/704/10
f 616/704/10 119/710/10 620/712/10
f 624/716/214 625/717/215 9/709/10
f 9/709/10 625/717/215 626/718/10
f 9/709/10 626/718/10 621/713/10
f 621/713/10 626/718/10 627/719/10
f 621/713/10 627/719/10 628/720/10
f 616/704/10 629/721/10 617/705/10
f 617/705/10 629/721/10 630/722/10
f 617/705/10 630/722/10 631/723/10
f 631/723/10 630/722/10 632/724/10
f 631/723/10 632/724/10 633/725/10
f 633/725/10 632/724/10 634/726/10
f 633/725/10 634/726/10 627/719/10
f 627/719/10 634/726/10 635/727/10
f 627/719/10 635/727/10 628/720/10
f 636/728/216 637/729/216 638/730/18
f 638/730/18 637/729/216 639/731/18
f 640/732/217 641/733/217 642/734/218
f 642/734/218 641/733/217 643/735/218
f 644/736/7 645/737/7 646/738/219
f 646/738/219 645/737/7 647/739/219
f 648/740/220 649/741/221 650/742/222
f 648/740/220 651/743/223 649/741/221
f 649/741/221 651/743/223 652/744/224
f 649/741/221 652/744/224 653/745/225
f 652/744/224 654/746/226 653/745/225
f 653/747/225 654/748/226 655/749/227
f 653/747/225 655/749/227 656/750/228
f 655/749/227 657/751/229 656/750/228
f 656/750/228 657/751/229 658/752/230
f 656/750/228 658/752/230 659/753/231
f 658/752/230 660/754/232 659/753/231
f 659/753/231 660/754/232 661/755/233
f 659/753/231 661/755/233 662/756/234
f 661/755/233 663/757/235 662/756/234
f 662/756/234 663/757/235 664/758/236
f 662/756/234 664/758/236 665/759/237
f 664/758/236 666/760/238 665/759/237
f 665/759/237 666/760/238 667/761/239
f 665/759/237 667/761/239 668/762/240
f 667/763/239 669/764/241 668/765/240
f 668/765/240 669/764/241 670/766/242
f 668/765/240 670/766/242 671/767/243
f 671/767/243 670/766/242 672/768/244
f 671/767/243 672/768/244 673/769/7
f 673/769/7 672/768/244 674/770/7
f 673/769/7 674/770/7 675/771/245
f 674/770/7 676/772/246 675/771/245
f 675/771/245 676/772/246 677/773/247
f 675/771/245 677/773/247 678/774/248
f 677/773/247 679/775/249 678/774/248
f 678/776/248 679/777/249 680/778/250
f 678/776/248 680/778/250 681/779/251
f 680/778/250 682/780/252 681/779/251
f 681/779/251 682/780/252 683/781/253
f 681/779/251 683/781/253 684/782/254
f 683/781/253 685/783/255 684/782/254
f 684/782/254 685/783/255 686/784/256
f 684/782/254 686/784/256 687/785/257
f 686/784/256 688/786/258 687/785/257
f 687/785/257 688/786/258 689/787/259
f 687/785/257 689/787/259 690/788/260
f 689/787/259 691/789/261 690/788/260
f 690/788/260 691/789/261 692/790/262
f 690/788/260 692/790/262 693/791/263
f 692/790/262 694/792/264 693/791/263
f 693/793/263 694/794/264 695/795/265
f 693/793/263 695/795/265 696/796/266
f 695/795/265 697/797/267 696/796/266
f 696/796/266 697/797/267 698/798/268
f 696/796/266 698/798/268 650/742/222
f 650/742/222 698/798/268 699/799/18
f 650/742/222 699/799/18 648/740/220
f 700/800/10 673/801/10 701/802/10
f 701/802/10 673/801/10 675/803/10
f 701/802/10 675/803/10 702/804/10
f 702/804/10 675/803/10 678/805/10
f 702/804/10 678/805/10 703/806/10
f 703/806/10 678/805/10 681/807/10
f 703/806/10 681/807/10 704/808/10
f 705/809/10 662/810/10 706/811/10
f 706/811/10 662/810/10 665/812/10
f 706/811/10 665/812/10 707/813/10
f 707/813/10 665/812/10 668/814/10
f 707/813/10 668/814/10 700/800/10
f 700/800/10 668/814/10 671/815/10
f 700/800/10 671/815/10 673/801/10
f 681/807/10 684/816/10 704/808/10
f 704/808/10 684/816/10 687/817/10
f 704/808/10 687/817/10 708/818/10
f 708/818/10 687/817/10 690/819/10
f 708/818/10 690/819/10 709/820/10
f 709/820/10 690/819/10 693/821/10
f 709/820/10 693/821/10 710/822/10
f 710/822/10 693/821/10 696/823/10
f 710/822/10 696/823/10 711/824/10
f 711/824/10 696/823/10 650/825/10
f 711/824/10 650/825/10 712/826/10
f 712/826/10 650/825/10 649/827/10
f 712/826/10 649/827/10 713/828/10
f 713/828/10 649/827/10 653/829/10
f 713/828/10 653/829/10 714/830/10
f 714/830/10 653/829/10 656/831/10
f 714/830/10 656/831/10 705/809/10
f 705/809/10 656/831/10 659/832/10
f 705/809/10 659/832/10 662/810/10
f 715/833/220 716/834/221 717/835/222
f 715/833/220 718/836/223 716/834/221
f 716/834/221 718/836/223 719/837/224
f 716/834/221 719/837/224 720/838/225
f 719/837/224 721/839/226 720/838/225
f 720/840/225 721/841/226 722/842/227
f 720/840/225 722/842/227 723/843/228
f 722/842/227 724/844/229 723/843/228
f 723/843/228 724/844/229 725/845/230
f 723/843/228 725/845/230 726/846/231
f 725/845/230 727/847/232 726/846/231
f 726/846/231 727/847/232 728/848/233
f 726/846/231 728/848/233 729/849/234
f 728/848/233 730/850/235 729/849/234
f 729/849/234 730/850/235 731/851/236
f 729/849/234 731/851/236 732/852/237
f 731/851/236 733/853/238 732/852/237
f 732/852/237 733/853/238 734/854/239
f 732/852/237 734/854/239 735/855/240
f 734/856/239 736/857/241 735/858/240
f 735/858/240 736/857/241 737/859/242
f 735/858/240 737/859/242 738/860/269
f 737/859/242 739/861/244 738/860/269
f 738/860/269 739/861/244 740/862/270
f 738/860/269 740/862/270 741/863/271
f 740/862/270 742/864/246 741/863/271
f 741/863/271 742/864/246 743/865/247
f 741/863/271 743/865/247 744/866/248
f 743/865/247 745/867/249 744/866/248
f 744/868/248 745/869/249 746/870/250
f 744/868/248 746/870/250 747/871/251
f 746/870/250 748/872/252 747/871/251
f 747/871/251 748/872/252 749/873/253
f 747/871/251 749/873/253 750/874/254
f 749/873/253 751/875/255 750/874/254
f 750/874/254 751/875/255 752/876/256
f 750/874/254 752/876/256 753/877/257
f 752/876/256 754/878/258 753/877/257
f 753/877/257 754/878/258 755/879/259
f 753/877/257 755/879/259 756/880/260
f 755/879/259 757/881/261 756/880/260
f 756/880/260 757/881/261 758/882/262
f 756/880/260 758/882/262 759/883/263
f 758/882/262 760/884/264 759/883/263
f 759/885/263 760/886/264 761/887/265
f 759/885/263 761/887/265 762/888/266
f 761/887/265 763/889/267 762/888/266
f 762/888/266 763/889/267 764/890/268
f 762/888/266 764/890/268 717/835/222
f 717/835/222 764/890/268 765/891/18
f 717/835/222 765/891/18 715/833/220
f 766/892/10 729/893/10 767/894/10
f 767/894/10 729/893/10 732/895/10
f 767/894/10 732/895/10 768/896/10
f 768/896/10 732/895/10 735/897/10
f 768/896/10 735/897/10 769/898/10
f 769/898/10 735/897/10 738/899/10
f 769/898/10 738/899/10 770/900/10
f 770/900/10 738/899/10 741/901/10
f 770/900/10 741/901/10 771/902/10
f 771/902/10 741/901/10 744/903/10
f 771/902/10 744/903/10 772/904/10
f 772/904/10 744/903/10 747/905/10
f 772/904/10 747/905/10 773/906/10
f 747/905/10 750/907/10 773/906/10
f 773/906/10 750/907/10 753/908/10
f 773/906/10 753/908/10 774/909/10
f 774/909/10 753/908/10 756/910/10
f 774/909/10 756/910/10 775/911/10
f 775/911/10 756/910/10 759/912/10
f 775/911/10 759/912/10 776/913/10
f 776/913/10 759/912/10 762/914/10
f 776/913/10 762/914/10 777/915/10
f 777/915/10 762/914/10 717/916/10
f 777/915/10 717/916/10 778/917/10
f 778/917/10 717/916/10 716/918/10
f 778/917/10 716/918/10 779/919/10
f 779/919/10 716/918/10 720/920/10
f 779/919/10 720/920/10 780/921/10
f 780/921/10 720/920/10 723/922/10
f 780/921/10 723/922/10 766/892/10
f 766/892/10 723/922/10 726/923/10
f 766/892/10 726/923/10 729/893/10
f 560/924/18 711/925/18 562/926/272
f 562/926/272 711/925/18 712/927/272
f 562/926/272 712/927/272 564/928/273
f 564/928/273 712/927/272 713/929/273
f 564/930/273 713/931/273 577/932/274
f 577/932/274 713/931/273 714/933/274
f 577/932/274 714/933/274 579/934/275
f 579/934/275 714/933/274 705/935/275
f 579/934/275 705/935/275 580/936/276
f 580/936/276 705/935/275 706/937/276
f 580/936/276 706/937/276 569/938/277
f 569/938/277 706/937/276 707/939/277
f 569/655/277 707/940/277 570/656/278
f 570/656/278 707/940/277 700/941/278
f 570/656/278 700/941/278 571/657/279
f 571/657/279 700/941/278 701/942/279
f 571/657/279 701/942/279 583/669/280
f 583/669/280 701/942/279 702/943/280
f 583/944/280 702/945/280 588/946/281
f 588/946/281 702/945/280 703/947/281
f 588/946/281 703/947/281 589/948/282
f 589/948/282 703/947/281 704/949/282
f 589/948/282 704/949/282 590/950/283
f 590/950/283 704/949/282 708/951/283
f 590/950/283 708/951/283 586/952/284
f 586/952/284 708/951/283 709/953/284
f 586/954/284 709/955/284 587/956/285
f 587/956/285 709/955/284 710/957/285
f 587/956/285 710/957/285 560/924/18
f 560/924/18 710/957/285 711/925/18
f 530/958/18 777/959/18 531/960/272
f 531/960/272 777/959/18 778/961/272
f 531/960/272 778/961/272 533/962/273
f 533/962/273 778/961/272 779/963/273
f 533/964/273 779/965/273 534/966/274
f 534/966/274 779/965/273 780/967/274
f 534/966/274 780/967/274 536/968/275
f 536/968/275 780/967/274 766/969/275
f 536/968/275 766/969/275 538/970/276
f 538/970/276 766/969/275 767/971/276
f 538/970/276 767/971/276 541/972/277
f 541/972/277 767/971/276 768/973/277
f 541/627/277 768/974/277 543/629/278
f 543/629/278 768/974/277 769/975/278
f 543/629/278 769/975/278 545/631/279
f 545/631/279 769/975/278 770/976/279
f 545/631/279 770/976/279 546/632/280
f 546/632/280 770/976/279 771/977/280
f 546/978/280 771/979/280 572/980/281
f 572/980/281 771/979/280 772/981/281
f 572/980/281 772/981/281 573/982/282
f 573/982/282 772/981/281 773/983/282
f 573/982/282 773/983/282 568/984/283
f 568/984/283 773/983/282 774/985/283
f 568/984/283 774/985/283 549/986/284
f 549/986/284 774/985/283 775/987/284
f 549/988/284 775/989/284 550/990/285
f 550/990/285 775/989/284 776/991/285
f 550/990/285 776/991/285 530/958/18
f 530/958/18 776/991/285 777/959/18
f 781/992/286 532/618/287 782/993/288
f 782/993/288 532/618/287 519/605/289
f 782/994/288 519/995/289 783/996/290
f 520/997/291 522/998/292 784/999/293
f 783/996/290 519/995/289 785/1000/294
f 785/1000/294 519/995/289 520/997/291
f 785/1000/294 520/997/291 786/1001/295
f 786/1001/295 520/997/291 784/999/293
f 786/1001/295 784/999/293 75/75/16
f 527/1002/296 526/1003/297 787/1004/298
f 787/1004/298 788/1005/299 527/1002/296
f 527/1006/296 788/1007/299 789/1008/300
f 527/1006/296 789/1008/300 522/998/292
f 522/998/292 789/1008/300 790/1009/301
f 522/998/292 790/1009/301 784/999/293
f 781/992/286 791/1010/302 532/618/287
f 532/618/287 791/1010/302 792/1011/303
f 532/618/287 792/1011/303 528/614/304
f 528/614/304 792/1011/303 622/1012/305
f 528/614/304 622/1012/305 529/615/306
f 529/615/306 622/1012/305 618/1013/306
f 529/1014/306 618/1015/306 548/1016/307
f 548/1016/307 618/1015/306 617/1017/307
f 548/1016/307 617/1017/307 553/1018/308
f 553/1018/308 617/1017/307 631/1019/308
f 553/1018/308 631/1019/308 555/1020/309
f 555/1020/309 631/1019/308 633/1021/309
f 555/1020/309 633/1021/309 557/1022/310
f 557/1022/310 633/1021/309 627/1023/310
f 557/1024/310 627/1025/310 523/1026/311
f 523/1026/311 627/1025/310 626/1027/311
f 523/1026/311 626/1027/311 524/1028/18
f 524/1028/18 626/1027/311 625/1029/312
f 524/1028/18 625/1029/312 526/1003/297
f 526/1003/297 625/1029/312 793/1030/313
f 526/1003/297 793/1030/313 787/1004/298
f 385/1031/314 383/1032/315 65/1033/316
f 383/1034/315 381/1035/317 794/1036/318
f 65/1037/316 383/1034/315 66/1038/319
f 72/1039/320 389/1040/321 65/1033/316
f 65/1033/316 389/1040/321 387/1041/322
f 65/1033/316 387/1041/322 385/1031/314
f 70/1042/323 392/1043/324 71/1044/325
f 71/1044/325 392/1043/324 391/1045/326
f 71/1044/325 391/1045/326 72/1039/320
f 72/1039/320 391/1045/326 390/1046/327
f 72/1039/320 390/1046/327 389/1040/321
f 371/1047/328 373/1048/329 59/1049/330
f 59/1049/330 373/1048/329 395/1050/331
f 59/1049/330 395/1050/331 70/1042/323
f 70/1042/323 395/1050/331 394/1051/332
f 70/1042/323 394/1051/332 392/1043/324
f 383/1034/315 794/1036/318 66/1038/319
f 66/1038/319 794/1036/318 795/1052/333
f 66/1038/319 795/1052/333 68/1053/334
f 58/1054/335 796/1055/336 59/1056/330
f 59/1056/330 796/1055/336 797/1057/337
f 59/1056/330 797/1057/337 371/1058/328
f 55/1059/338 798/1060/339 58/1054/335
f 58/1054/335 798/1060/339 799/1061/340
f 58/1054/335 799/1061/340 796/1055/336
f 54/1062/341 800/1063/342 55/1059/338
f 55/1059/338 800/1063/342 801/1064/343
f 55/1059/338 801/1064/343 798/1060/339
f 64/1065/344 802/1066/345 54/1067/341
f 54/1067/341 802/1066/345 803/1068/346
f 54/1062/341 803/1069/346 800/1063/342
f 63/1070/347 804/1071/348 64/1065/344
f 64/1065/344 804/1071/348 805/1072/349
f 64/1065/344 805/1072/349 802/1066/345
f 61/1073/350 806/1074/351 63/1070/347
f 63/1070/347 806/1074/351 807/1075/352
f 63/1070/347 807/1075/352 804/1071/348
f 60/1076/353 808/1077/354 61/1073/350
f 61/1073/350 808/1077/354 809/1078/355
f 61/1073/350 809/1078/355 806/1074/351
f 69/1079/356 810/1080/357 60/1081/353
f 60/1081/353 810/1080/357 811/1082/358
f 60/1076/353 811/1083/358 808/1077/354
f 795/1052/333 812/1084/359 68/1053/334
f 68/1053/334 812/1084/359 813/1085/360
f 68/1053/334 813/1085/360 69/1079/356
f 69/1079/356 813/1085/360 814/1086/361
f 69/1079/356 814/1086/361 810/1080/357
f 379/1087/362 371/1088/363 797/1089/364
f 379/1087/362 797/1089/364 441/1090/365
f 381/1091/366 380/1092/367 794/1093/368
f 794/1093/368 380/1092/367 437/1094/369
f 456/1095/370 812/1096/371 437/1094/369
f 437/1094/369 812/1096/371 795/1097/372
f 437/1094/369 795/1097/372 794/1093/368
f 454/1098/373 814/1099/374 456/1095/370
f 456/1095/370 814/1099/374 813/1100/375
f 456/1095/370 813/1100/375 812/1096/371
f 452/1101/376 811/1102/377 454/1098/373
f 454/1098/373 811/1102/377 810/1103/378
f 454/1098/373 810/1103/378 814/1099/374
f 450/1104/379 809/1105/380 452/1101/376
f 452/1101/376 809/1105/380 808/1106/381
f 452/1101/376 808/1106/381 811/1102/377
f 448/1107/382 807/1108/383 450/1104/379
f 450/1104/379 807/1108/383 806/1109/384
f 450/1104/379 806/1109/384 809/1105/380
f 446/1110/385 805/1111/386 448/1107/382
f 448/1107/382 805/1111/386 804/1112/387
f 448/1107/382 804/1112/387 807/1108/383
f 444/1113/388 803/1114/389 446/1110/385
f 446/1110/385 803/1114/389 802/1115/390
f 446/1110/385 802/1115/390 805/1111/386
f 442/1116/391 801/1117/392 444/1113/388
f 444/1113/388 801/1117/392 800/1118/393
f 444/1113/388 800/1118/393 803/1114/389
f 797/1089/364 796/1119/394 441/1090/365
f 441/1090/365 796/1119/394 799/1120/395
f 441/1090/365 799/1120/395 442/1116/391
f 442/1116/391 799/1120/395 798/1121/396
f 442/1116/391 798/1121/396 801/1117/392
f 198/1122/397 815/1123/398 199/1124/209
f 199/1124/209 815/1123/398 176/1125/209
f 199/1124/209 176/1125/209 177/1126/209
f 816/1127/399 241/241/400 173/1128/209
f 173/1128/209 241/241/400 255/255/209
f 173/1128/209 255/255/209 175/1129/209
f 35/35/9 34/34/8 817/1130/401
f 35/35/9 817/1130/401 818/1131/402
f 818/1131/402 817/1130/401 819/1132/403
f 818/1131/402 819/1132/403 820/1133/404
f 820/1133/404 819/1132/403 821/1134/405
f 820/1133/404 821/1134/405 822/1135/406
f 822/1136/406 821/1137/405 823/1138/407
f 822/1136/406 823/1138/407 824/1139/408
f 825/1140/409 826/1141/410 827/1142/411
f 824/1139/408 823/1138/407 826/1141/410
f 826/1141/410 823/1138/407 828/1143/412
f 826/1141/410 828/1143/412 827/1142/411
f 829/1144/413 3/3/2 4/4/3
f 4/4/3 830/1145/414 829/1144/413
f 829/1144/413 830/1145/414 831/1146/415
f 829/1144/413 831/1146/415 827/1142/411
f 827/1142/411 831/1146/415 832/1147/416
f 827/1142/411 832/1147/416 825/1140/409
f 833/1148/417 834/1149/418 88/88/20
f 88/88/20 834/1149/418 835/1150/419
f 88/88/20 835/1150/419 80/80/19
f 836/1151/420 6/6/5 837/1152/421
f 837/1152/421 6/6/5 5/5/4
f 837/1152/421 5/5/4 838/1153/422
f 838/1153/422 5/5/4 839/1154/423
f 838/1153/422 839/1154/423 840/1155/424
f 840/1155/424 839/1154/423 841/1156/425
f 840/1155/424 841/1156/425 842/1157/426
f 842/1157/426 841/1156/425 843/1158/427
f 842/1159/426 843/1160/427 844/1161/428
f 844/1161/428 843/1160/427 845/1162/429
f 844/1161/428 845/1162/429 846/1163/430
f 846/1163/430 845/1162/429 834/1149/418
f 846/1163/430 834/1149/418 847/1164/431
f 847/1164/431 834/1149/418 833/1148/417
f 625/717/215 624/716/214 793/1165/432
f 793/1165/432 624/716/214 848/1166/433
f 793/1165/432 848/1166/433 787/1167/434
f 787/1167/434 848/1166/433 849/1168/435
f 787/1167/434 849/1168/435 788/1169/436
f 788/1007/436 849/1170/435 789/1008/437
f 789/1008/437 849/1170/435 850/1171/438
f 789/1008/437 850/1171/438 790/1009/301
f 790/1009/301 850/1171/438 784/999/293
f 784/999/293 850/1171/438 73/73/14
f 784/999/293 73/73/14 75/75/16
f 851/1172/439 852/1173/440 782/994/441
f 782/994/441 783/996/442 851/1172/439
f 851/1172/439 783/996/442 785/1000/294
f 851/1172/439 785/1000/294 77/77/17
f 77/77/17 785/1000/294 786/1001/295
f 77/77/17 786/1001/295 75/75/16
f 853/1174/443 623/715/213 622/714/212
f 622/714/212 792/1175/444 853/1174/443
f 853/1174/443 792/1175/444 791/1176/445
f 853/1174/443 791/1176/445 852/1177/440
f 852/1177/440 791/1176/445 781/1178/446
f 852/1177/440 781/1178/446 782/1179/441
f 535/1180/447 854/1181/448 855/1182/449
f 855/1182/449 182/1183/450 535/1180/447
f 535/1180/447 182/1183/450 181/1184/451
f 535/1180/447 181/1184/451 517/1185/452
f 855/1182/449 856/1186/453 182/1183/450
f 182/1183/450 856/1186/453 857/1187/454
f 182/1183/450 857/1187/454 187/1188/455
f 187/1188/455 857/1187/454 858/1189/456
f 187/1188/455 858/1189/456 859/1190/457
f 860/1191/458 188/1192/459 861/1193/460
f 861/1193/460 188/1192/459 187/1188/455
f 861/1193/460 187/1188/455 862/1194/461
f 862/1194/461 187/1188/455 859/1190/457
f 860/1191/458 863/1195/462 188/1192/459
f 188/1196/459 863/1197/462 864/1198/463
f 188/1196/459 864/1198/463 189/1199/464
f 864/1198/463 865/1200/465 189/1199/464
f 189/1199/464 865/1200/465 815/1123/398
f 189/1199/464 815/1123/398 198/1122/397
f 866/1201/466 867/1202/467 578/1203/468
f 235/235/469 234/234/470 868/1204/471
f 868/1204/471 234/234/470 241/241/400
f 868/1204/471 241/241/400 816/1127/399
f 868/1204/471 869/1205/472 235/235/469
f 235/1206/469 869/1207/472 870/1208/473
f 235/1206/469 870/1208/473 237/1209/474
f 870/1208/473 871/1210/475 237/1209/474
f 237/1209/474 871/1210/475 872/1211/476
f 237/1209/474 872/1211/476 239/1212/477
f 866/1201/466 578/1203/468 873/1213/478
f 872/1211/476 874/1214/479 239/1212/477
f 239/1212/477 874/1214/479 873/1213/478
f 239/1212/477 873/1213/478 240/1215/480
f 240/1215/480 873/1213/478 578/1203/468
f 240/1215/480 578/1203/468 525/1216/452
f 76/76/15 74/74/15 875/1217/481
f 76/76/15 875/1217/481 876/1218/481
f 876/1218/481 875/1217/481 877/1219/482
f 876/1218/481 877/1219/482 878/1220/482
f 878/1220/482 877/1219/482 879/1221/483
f 878/1220/482 879/1221/483 880/1222/483
f 880/1223/483 879/1224/483 881/1225/484
f 880/1223/483 881/1225/484 882/1226/484
f 882/1226/484 881/1225/484 62/62/11
f 882/1226/484 62/62/11 56/56/11
f 521/607/210 518/604/210 883/1227/485
f 883/1227/485 518/604/210 884/1228/485
f 883/1227/485 884/1228/485 885/1229/486
f 885/1229/486 884/1228/485 886/1230/486
f 885/1229/486 886/1230/486 887/1231/487
f 887/1231/487 886/1230/486 888/1232/487
f 887/1233/487 888/1234/487 889/1235/488
f 889/1235/488 888/1234/487 890/1236/488
f 889/1235/488 890/1236/488 276/276/23
f 276/276/23 890/1236/488 277/277/23
f 608/696/208 891/1237/489 143/688/211
f 143/688/211 891/1237/489 892/1238/490
f 143/688/211 892/1238/490 145/1239/491
f 458/525/185 136/524/184 893/1240/492
f 893/1240/492 136/524/184 135/1241/493
f 893/1240/492 135/1241/493 894/1242/494
f 894/1242/494 135/1241/493 133/1243/495
f 146/1244/496 895/1245/497 133/1246/495
f 133/1243/495 895/1247/497 896/1248/498
f 133/1243/495 896/1248/498 894/1242/494
f 892/1238/490 897/1249/499 145/1239/491
f 145/1239/491 897/1249/499 898/1250/500
f 145/1239/491 898/1250/500 146/1244/496
f 146/1244/496 898/1250/500 899/1251/501
f 146/1244/496 899/1251/501 895/1245/497
f 900/1252/502 901/1253/503 153/1254/504
f 902/1255/505 505/591/208 148/580/207
f 153/1254/504 901/1253/503 148/580/207
f 148/580/207 901/1253/503 903/1256/506
f 148/580/207 903/1256/506 902/1255/505
f 900/1252/502 153/1254/504 904/1257/507
f 904/1257/507 153/1254/504 155/1258/508
f 904/1257/507 155/1258/508 905/1259/509
f 905/1259/509 155/1258/508 156/1260/510
f 905/1261/509 156/1262/510 906/1263/498
f 906/1263/498 156/1262/510 907/1264/511
f 907/1264/511 156/1262/510 158/1265/512
f 907/1264/511 158/1265/512 908/1266/513
f 908/1266/513 158/1265/512 165/555/201
f 908/1266/513 165/555/201 473/554/185
f 637/729/216 636/728/216 909/1267/514
f 909/1267/514 636/728/216 910/1268/514
f 909/1267/514 910/1268/514 911/1269/515
f 911/1269/515 910/1268/514 912/1270/515
f 911/1271/515 912/1272/515 913/1273/516
f 913/1273/516 912/1272/515 914/1274/517
f 913/1273/516 914/1274/517 643/735/218
f 643/735/218 914/1274/517 642/734/218
f 641/733/217 640/732/217 915/1275/518
f 915/1275/518 640/732/217 916/1276/518
f 915/1275/518 916/1276/518 917/1277/519
f 917/1277/519 916/1276/518 918/1278/519
f 917/1279/519 918/1280/519 919/1281/520
f 919/1281/520 918/1280/519 920/1282/520
f 919/1281/520 920/1282/520 647/739/219
f 647/739/219 920/1282/520 646/738/219
f 515/1283/521 516/1284/521 1/1/521
f 1/1/521 516/1284/521 2/2/521
f 13/13/519 14/14/519 513/1285/519
f 513/1285/519 14/14/519 514/1286/519
f 7/7/522 8/8/522 509/1287/522
f 509/1287/522 8/8/522 510/1288/522
f 511/1289/515 512/1290/515 121/121/515
f 121/121/515 512/1290/515 122/122/515
f 129/1291/523 131/536/524 62/62/525
f 62/62/525 131/536/524 464/538/524
f 62/62/525 464/538/524 67/67/524
f 129/1291/523 62/62/525 881/1225/526
f 129/1291/523 881/1225/526 147/1292/526
f 147/1292/526 881/1225/526 879/1224/527
f 147/1292/526 879/1224/527 137/1293/527
f 137/1293/527 879/1224/527 877/1294/528
f 137/1293/527 877/1294/528 138/1295/528
f 138/1296/528 877/1219/528 875/1217/529
f 138/1296/528 875/1217/529 139/1297/529
f 139/1297/529 875/1217/529 74/74/530
f 139/1297/529 74/74/530 124/1298/531
f 73/73/532 125/1299/533 74/74/530
f 74/74/530 125/1299/533 124/1298/531
f 624/716/534 142/1300/535 848/1166/536
f 848/1166/536 142/1300/535 144/1301/536
f 848/1166/536 144/1301/536 849/1168/537
f 849/1168/537 144/1301/536 132/1302/537
f 849/1170/537 132/1303/537 850/1171/538
f 850/1171/538 132/1303/537 134/1304/538
f 850/1171/538 134/1304/538 73/73/532
f 73/73/532 134/1304/538 125/1299/533
f 9/709/524 140/1305/524 624/716/534
f 624/716/534 140/1305/524 142/1300/535
f 11/11/519 141/1306/519 9/9/519
f 9/9/519 141/1306/519 140/1307/519
f 13/13/539 591/1308/539 11/11/539
f 11/11/539 591/1308/539 141/1306/539
f 513/1309/540 596/683/540 13/1310/540
f 13/1310/540 596/683/540 591/677/540
f 515/1311/524 597/684/524 513/1309/524
f 513/1309/524 597/684/524 596/683/524
f 1/1312/541 612/700/541 515/1311/541
f 515/1311/541 612/700/541 597/684/541
f 3/1313/542 614/702/543 1/1312/544
f 1/1312/544 614/702/543 612/700/544
f 828/1314/545 608/696/546 827/1315/547
f 827/1315/547 608/696/546 615/703/548
f 614/702/543 3/1313/542 615/703/548
f 615/703/548 3/1313/542 829/1316/549
f 615/703/548 829/1316/549 827/1315/547
f 34/1317/550 898/1250/551 817/1318/552
f 817/1318/552 898/1250/551 897/1249/553
f 817/1318/552 897/1249/553 819/1319/554
f 819/1319/554 897/1249/553 892/1238/555
f 819/1319/554 892/1238/555 821/1320/556
f 821/1320/556 892/1238/555 891/1237/557
f 821/1320/556 891/1237/557 823/1321/558
f 823/1321/558 891/1237/557 608/696/546
f 823/1321/558 608/696/546 828/1314/545
f 898/1250/551 34/1317/550 899/1251/559
f 899/1251/559 34/1317/550 33/1322/560
f 52/1323/561 458/525/562 53/1324/563
f 53/1324/563 458/525/562 893/1240/564
f 53/1324/563 893/1240/564 46/1325/565
f 893/1240/564 894/1242/566 46/1325/565
f 46/1326/565 894/1327/566 896/1328/567
f 46/1326/565 896/1328/567 33/1322/560
f 33/1322/560 896/1328/567 895/1245/568
f 33/1322/560 895/1245/568 899/1251/559
f 17/1329/569 172/172/570 482/566/571
f 17/1329/569 482/566/571 36/1330/571
f 36/1330/571 482/566/571 480/564/572
f 36/1330/571 480/564/572 37/1331/572
f 37/1332/572 480/1333/572 478/560/573
f 37/1332/572 478/560/573 39/1334/573
f 39/1334/573 478/560/573 476/558/574
f 39/1334/573 476/558/574 41/1335/574
f 41/1335/574 476/558/574 474/556/575
f 41/1335/574 474/556/575 42/1336/575
f 42/1336/575 474/556/575 465/539/576
f 42/1336/575 465/539/576 27/1337/576
f 27/1337/576 465/539/576 463/537/577
f 27/1337/576 463/537/577 29/1338/577
f 29/1338/577 463/537/577 462/534/578
f 29/1338/577 462/534/578 31/1339/578
f 31/1339/578 462/534/578 461/533/579
f 31/1339/578 461/533/579 47/1340/579
f 47/1340/579 461/533/579 460/1341/580
f 47/1340/579 460/1341/580 48/1342/580
f 48/1343/580 460/528/580 459/526/581
f 48/1343/580 459/526/581 50/1344/581
f 50/1344/581 459/526/581 458/525/562
f 50/1344/581 458/525/562 52/1323/561
f 20/1345/521 173/173/521 17/1329/569
f 17/1329/569 173/173/521 172/172/570
f 24/24/582 816/1127/583 20/20/584
f 20/20/584 816/1127/583 173/1128/584
f 816/1127/583 24/24/582 868/1204/585
f 868/1204/585 24/24/582 35/35/586
f 866/1201/466 831/1146/415 867/1202/467
f 867/1202/467 831/1146/415 830/1145/414
f 868/1204/585 35/35/586 869/1205/587
f 869/1205/587 35/35/586 818/1131/588
f 869/1205/587 818/1131/588 870/1346/589
f 870/1346/589 818/1131/588 820/1133/590
f 870/1208/589 820/1347/590 871/1210/591
f 871/1210/591 820/1347/590 822/1136/592
f 871/1210/591 822/1136/592 872/1211/476
f 872/1211/476 822/1136/592 824/1139/408
f 872/1211/476 824/1139/408 874/1214/479
f 874/1214/479 824/1139/408 826/1141/410
f 874/1214/479 826/1141/410 873/1213/478
f 873/1213/478 826/1141/410 825/1140/409
f 873/1213/478 825/1140/409 866/1201/466
f 866/1201/466 825/1140/409 832/1147/416
f 866/1201/466 832/1147/416 831/1146/415
f 4/4/593 565/1348/594 830/1145/595
f 830/1145/595 565/1348/594 576/1349/596
f 830/1145/595 576/1349/596 867/1202/597
f 867/1202/597 576/1349/596 578/1203/598
f 57/1350/599 467/1351/599 56/1352/600
f 56/1352/600 467/1351/599 160/160/599
f 56/1352/600 160/160/599 159/159/601
f 2/2/602 563/1353/602 4/4/593
f 4/4/593 563/1353/602 565/1348/594
f 167/1354/603 76/76/604 876/1218/605
f 167/1354/603 876/1218/605 163/1355/605
f 163/163/605 876/1356/605 878/1357/606
f 163/163/605 878/1357/606 164/164/606
f 164/164/606 878/1357/606 880/1358/607
f 164/164/606 880/1358/607 171/171/607
f 171/171/607 880/1358/607 882/1359/608
f 171/171/607 882/1359/608 170/170/608
f 170/170/608 882/1359/608 56/1352/600
f 170/170/608 56/1352/600 159/159/601
f 516/602/609 561/647/609 2/1360/609
f 2/1360/609 561/647/609 563/649/609
f 166/1361/610 77/77/611 167/1354/603
f 167/1354/603 77/77/611 76/76/604
f 514/600/584 559/645/584 516/602/584
f 516/602/584 559/645/584 561/647/584
f 77/77/611 166/1361/610 851/1172/612
f 851/1172/612 166/1361/610 157/1362/612
f 851/1363/612 157/157/612 852/1364/613
f 852/1364/613 157/157/612 154/154/613
f 852/1364/613 154/154/613 853/1365/614
f 853/1365/614 154/154/613 152/152/614
f 853/1365/614 152/152/614 623/1366/615
f 623/1366/615 152/152/614 151/151/616
f 14/1367/617 585/671/617 514/600/617
f 514/600/617 585/671/617 559/645/617
f 150/150/599 119/1368/599 151/151/616
f 151/151/616 119/1368/599 623/1366/615
f 10/10/515 638/1369/515 12/12/515
f 12/12/515 638/1369/515 639/1370/515
f 12/12/618 584/1371/618 14/14/618
f 14/14/618 584/1371/618 585/1372/618
f 149/1373/515 120/120/515 150/1374/515
f 150/1374/515 120/120/515 119/119/515
f 619/1375/616 636/728/615 10/1376/599
f 10/1376/599 636/728/615 638/730/599
f 12/1377/619 639/731/619 584/1378/619
f 488/1379/539 121/121/539 149/1373/539
f 149/1373/539 121/121/539 120/120/539
f 636/728/615 619/1375/616 910/1268/620
f 910/1268/620 619/1375/616 621/1380/620
f 910/1268/620 621/1380/620 912/1270/621
f 912/1270/621 621/1380/620 628/1381/621
f 912/1272/621 628/1382/621 914/1274/622
f 914/1274/622 628/1382/621 635/1383/622
f 914/1274/622 635/1383/622 642/734/623
f 642/734/623 635/1383/622 634/1384/624
f 637/729/625 582/1385/626 639/731/627
f 639/731/627 582/1385/626 584/1378/627
f 486/1386/621 511/1289/621 488/1379/621
f 488/1379/621 511/1289/621 121/121/621
f 632/1387/628 640/732/629 634/1384/624
f 634/1384/624 640/732/629 642/734/623
f 643/735/630 554/1388/631 913/1273/632
f 913/1273/632 554/1388/631 556/1389/632
f 913/1273/632 556/1389/632 911/1271/633
f 911/1271/633 556/1389/632 558/1390/633
f 911/1269/633 558/1391/633 909/1267/634
f 909/1267/634 558/1391/633 581/1392/634
f 909/1267/634 581/1392/634 637/729/625
f 637/729/625 581/1392/634 582/1385/626
f 487/1393/599 509/595/599 486/1394/599
f 486/1394/599 509/595/599 511/597/599
f 640/732/629 632/1387/628 916/1276/635
f 916/1276/635 632/1387/628 630/1395/635
f 916/1396/635 630/722/635 918/1397/540
f 918/1397/540 630/722/635 629/721/540
f 918/1397/540 629/721/540 920/1398/636
f 920/1398/636 629/721/540 616/704/636
f 920/1398/636 616/704/636 646/1399/534
f 646/1399/534 616/704/636 620/712/535
f 641/733/637 552/1400/638 643/735/630
f 643/735/630 552/1400/638 554/1388/631
f 499/585/639 7/1401/639 487/571/639
f 487/571/639 7/1401/639 509/1402/639
f 118/711/524 644/1403/524 620/712/535
f 620/712/535 644/1403/524 646/1399/534
f 647/739/640 575/661/641 919/1281/642
f 919/1281/642 575/661/641 567/653/642
f 919/1281/642 567/653/642 917/1279/617
f 917/1279/617 567/653/642 566/652/617
f 917/1279/617 566/652/617 915/1404/643
f 915/1404/643 566/652/617 551/637/643
f 915/1404/643 551/637/643 641/1405/637
f 641/1405/637 551/637/643 552/638/638
f 508/594/644 5/1406/645 499/585/544
f 499/585/544 5/1406/645 7/1401/544
f 123/123/519 645/1407/519 118/118/519
f 118/118/519 645/1407/519 644/1408/519
f 645/737/584 574/660/584 647/739/640
f 647/739/640 574/660/584 575/661/641
f 5/1406/645 508/594/644 839/1409/646
f 839/1409/646 508/594/644 507/593/646
f 839/1409/646 507/593/646 841/1410/647
f 841/1410/647 507/593/646 505/591/648
f 645/737/649 123/1411/649 574/660/649
f 900/1412/650 80/80/651 901/1413/652
f 901/1413/652 80/80/651 835/1150/653
f 901/1413/652 835/1150/653 903/1414/654
f 903/1414/654 835/1150/653 834/1149/655
f 903/1414/654 834/1149/655 902/1415/656
f 902/1415/656 834/1149/655 845/1162/657
f 902/1255/656 845/1416/657 505/591/648
f 505/1417/648 845/1162/657 843/1160/658
f 505/591/648 843/1418/658 841/1410/647
f 122/122/618 547/1419/618 123/123/618
f 123/123/618 547/1419/618 574/1420/618
f 95/95/659 80/80/651 900/1412/650
f 900/1412/650 904/1421/660 95/95/659
f 95/95/659 904/1421/660 905/1422/661
f 95/95/659 905/1422/661 93/93/662
f 473/1423/663 99/99/664 908/1424/665
f 908/1424/665 99/99/664 98/98/666
f 908/1424/665 98/98/666 907/1425/667
f 907/1425/667 98/98/666 93/93/662
f 907/1425/667 93/93/662 906/1426/668
f 906/1426/668 93/93/662 905/1422/661
f 512/598/633 544/1427/633 122/1428/633
f 122/1428/633 544/1427/633 547/1429/633
f 99/99/664 473/1423/663 472/1430/669
f 99/99/664 472/1430/669 101/101/669
f 101/101/669 472/1430/669 471/1431/670
f 101/101/669 471/1431/670 103/103/670
f 103/103/670 471/1431/670 470/1432/671
f 103/103/670 470/1432/671 104/104/671
f 104/104/671 470/1432/671 469/1433/672
f 104/104/671 469/1433/672 82/82/672
f 82/82/672 469/1433/672 468/1434/673
f 82/82/672 468/1434/673 84/84/673
f 84/84/673 468/1434/673 466/1435/674
f 84/84/673 466/1435/674 86/86/674
f 86/86/674 466/1435/674 475/1436/675
f 86/86/674 475/1436/675 108/108/675
f 108/108/675 475/1436/675 477/1437/676
f 108/108/675 477/1437/676 109/109/676
f 109/109/676 477/1437/676 479/1438/677
f 109/109/676 479/1438/677 111/111/677
f 111/111/677 479/1438/677 481/1439/678
f 111/111/677 481/1439/678 113/113/678
f 113/113/678 481/1439/678 483/1440/679
f 113/113/678 483/1440/679 115/115/679
f 115/115/679 483/1440/679 174/1441/680
f 115/115/679 174/1441/680 107/107/681
f 510/596/627 542/1442/627 512/598/627
f 512/598/627 542/1442/627 544/1427/627
f 176/176/522 90/1443/522 174/174/680
f 174/174/680 90/1443/522 107/1444/681
f 8/8/682 540/1445/682 510/1288/682
f 510/1288/682 540/1445/682 542/1446/682
f 815/1447/683 89/89/684 176/1448/627
f 176/1448/627 89/89/684 90/90/627
f 6/6/685 539/1449/686 8/8/602
f 8/8/602 539/1449/686 540/1445/602
f 865/1450/687 88/88/688 815/1447/683
f 815/1447/683 88/88/688 89/89/684
f 535/1180/689 537/1451/690 854/1181/691
f 854/1181/691 537/1451/690 836/1151/692
f 836/1151/692 537/1451/690 539/1449/686
f 836/1151/692 539/1449/686 6/6/685
f 838/1153/422 855/1182/449 837/1152/421
f 837/1152/421 855/1182/449 854/1181/448
f 837/1152/421 854/1181/448 836/1151/420
f 842/1157/426 858/1189/456 840/1155/424
f 840/1155/424 858/1189/456 857/1187/454
f 840/1155/424 857/1187/454 838/1153/422
f 838/1153/422 857/1187/454 856/1186/453
f 838/1153/422 856/1186/453 855/1182/449
f 844/1452/693 846/1453/694 860/1191/695
f 860/1191/695 846/1453/694 847/1454/696
f 860/1455/695 847/1164/696 863/1456/697
f 863/1456/697 847/1164/696 833/1148/698
f 863/1456/697 833/1148/698 864/1457/699
f 864/1457/699 833/1148/698 88/88/688
f 864/1457/699 88/88/688 865/1450/687
f 860/1191/695 861/1193/700 844/1452/693
f 844/1452/693 861/1193/700 862/1194/461
f 844/1452/693 862/1194/461 842/1157/426
f 842/1157/426 862/1194/461 859/1190/457
f 842/1157/426 859/1190/457 858/1189/456
f 305/1458/701 274/274/701 307/1459/702
f 307/1459/702 274/274/701 275/275/702
f 307/1459/702 275/275/702 309/315/703
f 309/315/703 275/275/702 258/258/703
f 309/315/703 258/258/703 311/317/704
f 311/317/704 258/258/703 257/257/704
f 311/317/704 257/257/704 313/319/705
f 313/319/705 257/257/704 256/256/705
f 313/319/705 256/256/705 315/321/706
f 315/321/706 256/256/705 254/254/706
f 315/321/706 254/254/706 317/323/707
f 317/323/707 254/254/706 229/229/707
f 317/323/707 229/229/707 319/1460/708
f 319/1460/708 229/229/707 228/228/708
f 319/1460/708 228/228/708 321/1461/709
f 321/1461/709 228/228/708 269/269/709
f 321/329/709 269/1462/709 323/331/710
f 323/331/710 269/1462/709 268/1463/710
f 323/331/710 268/1463/710 325/333/521
f 325/333/521 268/1463/710 266/1464/521
f 325/333/521 266/1464/521 327/335/711
f 327/335/711 266/1464/521 264/1465/711
f 327/335/711 264/1465/711 329/337/712
f 329/337/712 264/1465/711 262/1466/712
f 329/1467/712 262/1468/712 331/341/713
f 331/341/713 262/1468/712 260/1469/713
f 331/341/713 260/1469/713 333/343/714
f 333/343/714 260/1469/713 231/1470/714
f 333/343/714 231/1470/714 335/345/715
f 335/345/715 231/1470/714 243/1471/715
f 335/345/715 243/1471/715 337/347/716
f 337/347/716 243/1471/715 245/1472/716
f 337/347/716 245/1472/716 339/349/717
f 339/349/717 245/1472/716 247/1473/717
f 339/349/717 247/1473/717 341/351/718
f 341/351/718 247/1473/717 249/1474/718
f 341/351/718 249/1474/718 343/1475/719
f 343/1475/719 249/1474/718 251/1476/719
f 343/355/719 251/1477/719 345/357/720
f 345/357/720 251/1477/719 253/1478/720
f 345/357/720 253/1478/720 303/307/519
f 303/307/519 253/1478/720 272/1479/519
f 303/307/519 272/1479/519 305/309/701
f 305/309/701 272/1479/519 274/1480/701
f 322/1481/721 193/193/721 320/1482/722
f 320/1482/722 193/193/721 194/194/722
f 320/1482/722 194/194/722 318/1483/723
f 318/1483/723 194/194/722 186/186/723
f 318/1483/723 186/186/723 316/1484/724
f 316/1484/724 186/186/723 184/184/724
f 316/1484/724 184/184/724 314/1485/725
f 314/1485/725 184/184/724 200/200/725
f 314/1485/725 200/200/725 312/1486/726
f 312/1486/726 200/200/725 201/201/726
f 312/1486/726 201/201/726 310/1487/727
f 310/1487/727 201/201/726 204/204/727
f 310/1487/727 204/204/727 308/1488/728
f 308/1488/728 204/204/727 203/203/728
f 308/1488/728 203/203/728 306/1489/729
f 306/1489/729 203/203/728 202/202/729
f 306/1489/729 202/202/729 304/1490/730
f 304/1490/730 202/202/729 205/205/730
f 304/1490/730 205/205/730 302/1491/515
f 302/1491/515 205/205/730 196/196/515
f 302/306/515 196/1492/515 344/356/731
f 344/356/731 196/1492/515 195/1493/731
f 344/1494/731 195/195/731 342/1495/732
f 342/1495/732 195/195/731 208/208/732
f 342/1495/732 208/208/732 340/1496/733
f 340/1496/733 208/208/732 210/210/733
f 340/1496/733 210/210/733 338/1497/734
f 338/1497/734 210/210/733 212/212/734
f 338/1497/734 212/212/734 336/1498/735
f 336/1498/735 212/212/734 214/214/735
f 336/1498/735 214/214/735 334/1499/736
f 334/1499/736 214/214/735 216/216/736
f 334/1499/736 216/216/736 332/1500/737
f 332/1500/737 216/216/736 218/218/737
f 332/1500/737 218/218/737 330/1501/738
f 330/1501/738 218/218/737 221/221/738
f 330/1501/738 221/221/738 328/1502/739
f 328/1502/739 221/221/738 223/223/739
f 328/1502/739 223/223/739 326/1503/740
f 326/1503/740 223/223/739 225/225/740
f 326/1503/740 225/225/740 324/1504/522
f 324/1504/522 225/225/740 191/191/522
f 324/332/522 191/1505/522 322/330/721
f 322/330/721 191/1505/522 193/1506/721
f 372/1507/741 100/100/741 374/1508/742
f 374/1508/742 100/100/741 102/102/742
f 374/1508/742 102/102/742 393/1509/743
f 393/1509/743 102/102/742 81/81/743
f 393/1509/743 81/81/743 397/1510/744
f 397/1510/744 81/81/743 83/83/744
f 397/1510/744 83/83/744 398/1511/745
f 398/1511/745 83/83/744 85/85/745
f 398/1511/745 85/85/745 401/1512/746
f 401/1512/746 85/85/745 87/87/746
f 401/1512/746 87/87/746 404/1513/747
f 404/1513/747 87/87/746 110/110/747
f 404/1513/747 110/110/747 407/1514/748
f 407/1514/748 110/110/747 112/112/748
f 407/1514/748 112/112/748 410/1515/749
f 410/1515/749 112/112/748 114/114/750
f 410/1515/749 114/114/750 417/1516/515
f 417/1516/515 114/114/750 116/116/515
f 417/440/515 116/1517/515 415/438/751
f 415/438/751 116/1517/515 117/1518/752
f 415/1519/751 117/117/752 413/1520/753
f 413/1520/753 117/117/752 106/106/753
f 413/1520/753 106/106/753 420/1521/754
f 420/1521/754 106/106/753 105/105/754
f 420/1521/754 105/105/754 423/1522/755
f 423/1522/755 105/105/754 92/92/755
f 423/1522/755 92/92/755 426/1523/756
f 426/1523/756 92/92/755 91/91/756
f 426/1523/756 91/91/756 429/1524/757
f 429/1524/757 91/91/756 79/79/757
f 429/1524/757 79/79/757 369/1525/758
f 369/1525/758 79/79/757 78/78/758
f 369/1525/758 78/78/758 363/1526/759
f 363/1526/759 78/78/758 97/97/759
f 363/1526/759 97/97/759 365/1527/760
f 365/1527/760 97/97/759 96/96/760
f 365/1527/760 96/96/760 376/1528/522
f 376/1528/522 96/96/760 94/94/522
f 376/395/522 94/1529/522 372/391/741
f 372/391/741 94/1529/522 100/1530/741
f 21/1531/761 16/1532/762 418/441/763
f 418/441/763 416/439/764 21/1531/761
f 21/1531/761 416/439/764 414/437/765
f 21/1531/761 414/437/765 18/1533/766
f 414/437/765 422/445/767 18/1533/766
f 18/1533/766 422/445/767 421/444/768
f 18/1534/766 421/1535/768 19/1536/769
f 421/1535/768 425/449/770 19/1536/769
f 19/1536/769 425/449/770 424/447/771
f 19/1536/769 424/447/771 22/1537/772
f 22/1537/772 424/447/771 428/453/773
f 428/453/773 427/452/774 22/1537/772
f 22/1537/772 427/452/774 431/456/775
f 22/1537/772 431/456/775 23/1538/776
f 431/456/775 430/455/777 23/1538/776
f 23/1538/776 430/455/777 435/461/778
f 23/1538/776 435/461/778 25/1539/779
f 435/461/778 434/460/780 25/1539/779
f 25/1539/779 434/460/780 433/459/781
f 25/1539/779 433/459/781 43/1540/782
f 433/459/781 432/458/783 43/1540/782
f 43/1540/782 432/458/783 351/1541/784
f 43/1540/782 351/1541/784 44/1542/785
f 351/1541/784 353/1543/786 44/1542/785
f 44/1544/785 353/365/786 355/367/787
f 44/1544/785 355/367/787 45/1545/788
f 355/367/787 357/369/789 45/1545/788
f 45/1545/788 357/369/789 358/370/790
f 45/1545/788 358/370/790 51/1546/791
f 358/370/790 349/361/792 51/1546/791
f 51/1546/791 349/361/792 347/359/793
f 51/1546/791 347/359/793 49/1547/794
f 347/359/793 382/401/795 49/1547/794
f 49/49/794 382/1548/795 384/1549/796
f 49/49/794 384/1549/796 32/32/797
f 384/1549/796 386/1550/798 32/32/797
f 32/32/797 386/1550/798 388/415/799
f 32/32/797 388/415/799 30/30/800
f 388/415/799 396/417/801 30/30/800
f 30/30/800 396/417/801 400/421/802
f 30/30/800 400/421/802 28/28/803
f 28/28/803 400/421/802 399/420/804
f 28/28/803 399/420/804 26/26/805
f 399/420/804 403/424/806 26/26/805
f 26/26/805 403/424/806 402/423/807
f 26/26/805 402/423/807 40/40/808
f 402/423/807 406/427/809 40/40/808
f 40/40/808 406/427/809 405/426/810
f 40/40/808 405/426/810 38/38/811
f 405/426/810 409/432/812 38/38/811
f 38/38/811 409/432/812 408/1551/813
f 38/38/811 408/1551/813 15/15/814
f 408/1551/813 412/1552/815 15/15/814
f 15/15/814 412/1552/815 411/1553/816
f 15/1554/814 411/434/816 16/1532/762
f 16/1532/762 411/434/816 419/442/817
f 16/1532/762 419/442/817 418/441/763
f 178/178/818 197/1555/819 177/177/522
f 177/177/522 197/1555/819 199/1556/522
f 197/1555/819 178/178/818 300/304/820
f 197/1555/819 300/304/820 206/1557/820
f 206/206/820 300/1558/820 298/1559/821
f 206/206/820 298/1559/821 207/207/821
f 207/207/821 298/1559/821 296/1560/822
f 207/207/821 296/1560/822 209/209/822
f 209/209/822 296/1560/822 294/1561/823
f 209/209/822 294/1561/823 211/211/823
f 211/211/823 294/1561/823 292/1562/824
f 211/211/823 292/1562/824 213/213/824
f 213/213/824 292/1562/824 290/1563/825
f 213/213/824 290/1563/825 215/215/825
f 215/215/825 290/1563/825 288/1564/826
f 215/215/825 288/1564/826 217/217/826
f 217/217/826 288/1564/826 286/1565/827
f 217/217/826 286/1565/827 219/219/827
f 219/219/827 286/1565/827 284/1566/828
f 219/219/827 284/1566/828 220/220/828
f 220/220/828 284/1566/828 282/1567/829
f 220/220/828 282/1567/829 222/222/829
f 222/222/829 282/1567/829 280/1568/830
f 222/222/829 280/1568/830 224/224/830
f 224/224/830 280/1568/830 278/1569/831
f 224/224/830 278/1569/831 226/226/831
f 226/226/831 278/1569/831 277/1570/832
f 226/226/831 277/1570/832 227/227/833
f 518/1571/834 180/180/835 884/1572/836
f 884/1572/836 180/180/835 190/190/836
f 884/1572/836 190/190/836 886/1573/837
f 886/1573/837 190/190/836 183/183/837
f 886/1573/837 183/183/837 888/1574/838
f 888/1574/838 183/183/837 185/185/838
f 888/1574/838 185/185/838 890/1575/839
f 890/1575/839 185/185/838 192/192/839
f 890/1575/839 192/192/839 277/1570/832
f 277/1570/832 192/192/839 227/227/833
f 517/1576/627 181/181/840 518/1571/834
f 518/1571/834 181/181/840 180/180/835
f 273/1577/841 179/179/842 255/1578/521
f 255/1578/521 179/179/842 175/175/521
f 265/265/843 276/1579/844 279/1580/845
f 265/265/843 279/1580/845 263/263/845
f 263/263/845 279/1580/845 281/1581/846
f 263/263/845 281/1581/846 261/261/846
f 261/261/846 281/1581/846 283/284/847
f 261/261/846 283/284/847 259/259/847
f 259/259/847 283/284/847 285/287/848
f 259/259/847 285/287/848 232/232/848
f 232/232/848 285/287/848 287/289/849
f 232/232/848 287/289/849 233/233/849
f 233/233/849 287/289/849 289/291/850
f 233/233/849 289/291/850 244/244/850
f 244/244/850 289/291/850 291/293/851
f 244/244/850 291/293/851 246/246/851
f 246/246/851 291/293/851 293/295/852
f 246/246/851 293/295/852 248/248/852
f 248/248/852 293/295/852 295/1582/853
f 248/248/852 295/1582/853 250/250/853
f 250/250/853 295/1582/853 297/1583/854
f 250/250/853 297/1583/854 252/252/854
f 252/252/854 297/1583/854 299/1584/855
f 252/252/854 299/1584/855 270/270/855
f 270/1585/855 299/303/855 301/305/856
f 270/1585/855 301/305/856 271/1586/856
f 271/1586/856 301/305/856 179/179/842
f 271/1586/856 179/179/842 273/1577/841
f 276/1579/844 265/265/843 889/1587/857
f 889/1587/857 265/265/843 267/267/857
f 889/1587/857 267/267/857 887/1231/858
f 887/1231/858 267/267/857 230/230/858
f 887/1231/858 230/230/858 885/1229/859
f 885/1229/859 230/230/858 242/242/859
f 885/1229/859 242/242/859 883/1227/860
f 883/1227/860 242/242/859 236/236/860
f 883/1227/860 236/236/860 521/607/861
f 521/607/861 236/236/860 238/238/862
f 240/240/863 525/611/584 238/238/862
f 238/238/862 525/611/584 521/607/861
f 604/1588/864 603/1589/865 697/797/866
f 697/797/866 695/795/867 604/1588/864
f 604/692/864 695/1590/867 694/1591/868
f 604/692/864 694/1591/868 605/693/869
f 694/1591/868 692/1592/870 605/693/869
f 605/693/869 692/1592/870 691/1593/871
f 605/1594/869 691/1595/871 592/1596/872
f 691/1597/871 689/1598/873 592/1599/872
f 592/1599/872 689/1598/873 688/1600/874
f 592/1601/872 688/1602/874 593/1603/875
f 688/1604/874 686/1605/876 593/679/875
f 593/679/875 686/1605/876 685/1606/877
f 593/679/875 685/1606/877 594/681/878
f 685/1606/877 683/1607/879 594/681/878
f 594/681/878 683/1607/879 682/1608/880
f 594/681/878 682/1608/880 595/682/881
f 682/1608/880 680/1609/882 595/682/881
f 595/682/881 680/1609/882 679/1610/883
f 595/682/881 679/1610/883 602/690/884
f 679/1610/883 677/1611/885 602/690/884
f 602/690/884 677/1611/885 676/1612/886
f 602/690/884 676/1612/886 601/689/887
f 601/689/887 676/1612/886 674/1613/888
f 601/689/887 674/1613/888 600/687/889
f 674/1613/888 672/1614/890 600/687/889
f 600/687/889 672/1614/890 670/1615/891
f 600/687/889 670/1615/891 606/694/892
f 670/1615/891 669/1616/893 606/694/892
f 606/694/892 669/1616/893 667/1617/894
f 606/694/892 667/1617/894 607/695/895
f 667/1617/894 666/1618/896 607/695/895
f 607/695/895 666/1618/896 664/1619/897
f 607/1620/895 664/758/897 609/1621/898
f 664/758/897 663/757/899 609/1621/898
f 609/1621/898 663/757/899 661/755/900
f 609/1621/898 661/755/900 610/1622/901
f 661/755/900 660/754/902 610/1622/901
f 610/1622/901 660/754/902 658/752/903
f 610/1622/901 658/752/903 613/1623/904
f 658/752/903 657/751/905 613/1623/904
f 613/1623/904 657/751/905 655/749/906
f 613/1623/904 655/749/906 611/1624/907
f 655/749/906 654/748/908 611/1624/907
f 611/1625/907 654/1626/908 652/1627/909
f 611/1628/907 652/744/909 599/1629/910
f 652/744/909 651/743/911 599/1629/910
f 599/1629/910 651/743/911 648/740/912
f 599/1629/910 648/740/912 598/1630/599
f 598/1630/599 648/740/912 699/799/599
f 598/1630/599 699/799/599 603/1589/865
f 603/1589/865 699/799/599 698/798/913
f 603/1589/865 698/798/913 697/797/866
f 491/1631/864 503/1632/865 763/889/866
f 763/889/866 761/887/914 491/1631/864
f 491/575/864 761/1633/914 760/1634/868
f 491/575/864 760/1634/868 492/576/869
f 760/1634/868 758/1635/870 492/576/869
f 492/576/869 758/1635/870 757/1636/871
f 492/1637/869 757/1638/871 493/1639/872
f 757/1640/871 755/1641/915 493/1642/872
f 493/1642/872 755/1641/915 754/1643/874
f 493/1644/872 754/1645/874 494/1646/875
f 754/1647/874 752/1648/916 494/579/875
f 494/579/875 752/1648/916 751/1649/877
f 494/579/875 751/1649/877 489/573/878
f 751/1649/877 749/1650/879 489/573/878
f 489/573/878 749/1650/879 748/1651/880
f 489/573/878 748/1651/880 490/574/881
f 748/1651/880 746/1652/882 490/574/881
f 490/574/881 746/1652/882 745/1653/883
f 490/574/881 745/1653/883 484/568/884
f 745/1653/883 743/1654/885 484/568/884
f 484/568/884 743/1654/885 742/1655/886
f 484/568/884 742/1655/886 485/569/887
f 485/569/887 742/1655/886 740/1656/888
f 485/569/887 740/1656/888 497/583/889
f 740/1656/888 739/1657/890 497/583/889
f 497/583/889 739/1657/890 737/1658/891
f 497/583/889 737/1658/891 498/584/892
f 737/1658/891 736/1659/893 498/584/892
f 498/584/892 736/1659/893 734/1660/894
f 498/584/892 734/1660/894 500/586/895
f 734/1660/894 733/1661/896 500/586/895
f 500/586/895 733/1661/896 731/1662/897
f 500/1663/895 731/851/897 506/1664/898
f 731/851/897 730/850/899 506/1664/898
f 506/1664/898 730/850/899 728/848/900
f 506/1664/898 728/848/900 504/1665/901
f 728/848/900 727/847/902 504/1665/901
f 504/1665/901 727/847/902 725/845/903
f 504/1665/901 725/845/903 495/1666/904
f 725/845/903 724/844/905 495/1666/904
f 495/1666/904 724/844/905 722/842/906
f 495/1666/904 722/842/906 496/1667/907
f 722/842/906 721/841/908 496/1667/907
f 496/1668/907 721/1669/908 719/1670/909
f 496/1671/907 719/837/909 501/1672/910
f 719/837/909 718/836/911 501/1672/910
f 501/1672/910 718/836/911 715/833/912
f 501/1672/910 715/833/912 502/1673/599
f 502/1673/599 715/833/912 765/891/599
f 502/1673/599 765/891/599 503/1632/865
f 503/1632/865 765/891/599 764/890/913
f 503/1632/865 764/890/913 763/889/866
