# Blender 3.6.9
# www.blender.org
mtllib LINK_THUMB_MID_L.mtl
o LINK_THUMB_MID_L
v 0.008873 -0.000286 0.011681
v 0.009493 -0.000296 0.011818
v 0.008821 -0.004035 0.011647
v 0.009465 -0.002295 0.011800
v 0.005653 -0.007835 0.010922
v 0.005706 -0.003986 0.010958
v 0.010048 -0.007905 0.011894
v 0.009478 -0.002295 0.011803
v 0.009711 -0.002413 0.011853
v 0.009961 -0.002489 0.011908
v 0.010123 -0.002506 0.011944
v 0.014930 -0.007982 0.012974
v 0.015004 -0.002583 0.013023
v 0.015167 -0.002572 0.013059
v 0.025843 -0.000555 0.015434
v 0.025735 -0.008354 0.015362
v 0.024198 -0.008129 0.015023
v 0.015695 -0.000394 0.013190
v 0.015667 -0.002394 0.013171
v 0.015618 -0.002413 0.013160
v 0.015654 -0.002393 0.013168
v 0.015355 -0.002526 0.013101
v 0.015508 -0.002467 0.013135
v 0.015582 -0.002432 0.013152
v 0.030286 -0.000446 0.018743
v 0.031526 -0.000460 0.018351
v 0.022131 -0.000314 0.016617
v 0.010462 -0.000116 0.012640
v 0.010010 -0.000107 0.012242
v 0.009820 -0.000113 0.013234
v 0.022076 -0.000308 0.015998
v 0.027889 -0.000388 0.015952
v 0.021719 -0.000298 0.015490
v 0.025798 -0.000356 0.015630
v 0.021155 -0.000288 0.015229
v 0.015654 -0.000195 0.013387
v 0.020536 -0.000280 0.015284
v 0.020028 -0.000276 0.015642
v 0.021753 -0.000330 0.018876
v 0.023914 -0.000362 0.019145
v 0.021870 -0.000316 0.017180
v 0.008833 -0.000087 0.011878
v 0.008707 -0.000085 0.011877
v 0.009201 -0.000105 0.013290
v 0.008593 -0.000084 0.011928
v 0.008693 -0.000101 0.013647
v 0.006135 -0.000063 0.013359
v 0.008432 -0.000103 0.014211
v 0.010383 -0.000123 0.013496
v 0.019767 -0.000278 0.016205
v 0.010740 -0.000133 0.014004
v 0.010796 -0.000139 0.014622
v 0.008487 -0.000109 0.014829
v 0.003932 -0.000060 0.016274
v 0.008844 -0.000119 0.015337
v 0.007932 -0.000116 0.016444
v 0.009408 -0.000129 0.015599
v 0.009960 -0.000146 0.016647
v 0.038013 -0.000438 0.006200
v 0.037768 -0.000455 0.008428
v 0.039468 -0.000475 0.008071
v 0.028233 -0.000422 0.019127
v 0.000631 0.000001 0.014687
v 0.001852 -0.000030 0.016175
v 0.003448 -0.000035 0.014291
v -0.015736 0.000331 0.003387
v -0.014213 0.000306 0.003741
v -0.014667 0.000338 0.000933
v 0.009453 -0.000097 0.012015
v 0.026166 -0.000394 0.019247
v -0.011523 0.000201 0.011192
v -0.009825 0.000180 0.010933
v -0.012895 0.000234 0.009574
v -0.011746 0.000225 0.008836
v -0.014097 0.000268 0.007688
v -0.013228 0.000268 0.006409
v -0.015065 0.000301 0.005596
v -0.015441 0.000316 0.004499
v -0.015073 0.000412 -0.006498
v -0.015394 0.000409 -0.005702
v -0.014572 0.000363 -0.001909
v -0.015551 0.000407 -0.005190
v 0.038963 -0.000486 0.010038
v 0.037019 -0.000464 0.010540
v 0.038808 -0.000493 0.010945
v 0.021362 -0.000312 0.017538
v 0.020743 -0.000304 0.017593
v 0.018638 -0.000281 0.018287
v 0.020180 -0.000294 0.017332
v 0.015646 -0.000234 0.017621
v 0.019822 -0.000284 0.016824
v -0.010769 0.000184 0.011910
v -0.009970 0.000167 0.012564
v -0.007537 0.000132 0.012621
v -0.015962 0.000394 -0.003191
v -0.016145 0.000377 -0.000995
v -0.016079 0.000356 0.001172
v 0.014475 -0.000180 0.013527
v 0.013416 -0.000168 0.013839
v 0.012314 -0.000153 0.013784
v 0.011291 -0.000135 0.013369
v 0.038962 -0.000503 0.011840
v 0.038805 -0.000504 0.012145
v 0.037993 -0.000504 0.013460
v 0.035805 -0.000465 0.012423
v 0.030124 -0.000417 0.015791
v 0.032503 -0.000470 0.017946
v 0.032263 -0.000441 0.015121
v 0.033453 -0.000479 0.017468
v 0.034191 -0.000457 0.013978
v 0.011972 -0.000177 0.016933
v 0.010534 -0.000141 0.015186
v 0.010026 -0.000137 0.015543
v -0.009201 0.000151 0.013102
v -0.007471 0.000118 0.014065
v -0.004965 0.000086 0.013836
v -0.005431 0.000083 0.014879
v -0.002208 0.000041 0.014534
v -0.003098 0.000045 0.015513
v -0.000370 0.000003 0.015970
v -0.013862 0.000403 -0.007322
v -0.014056 0.000407 -0.007439
v -0.014455 0.000411 -0.007309
v 0.015053 -0.000186 0.013357
v 0.037862 -0.000414 0.003855
v 0.037811 -0.000414 0.003856
v 0.037767 -0.000413 0.003882
v 0.039611 -0.000459 0.006045
v 0.039377 -0.000447 0.005076
v 0.037741 -0.000414 0.003976
v -0.014768 0.000413 -0.007022
v 0.035203 -0.000492 0.016329
v 0.036714 -0.000501 0.014994
v 0.037384 -0.000503 0.014251
v 0.038755 -0.000431 0.004298
v 0.037742 -0.000413 0.003925
v 0.004344 0.000164 -0.008673
v 0.006200 0.000127 -0.007460
v 0.007638 0.000129 -0.009813
v -0.012493 0.000381 -0.006993
v -0.010998 0.000345 -0.005271
v -0.012198 0.000379 -0.007201
v -0.010668 0.000344 -0.005688
v -0.011708 0.000373 -0.007292
v -0.010166 0.000351 -0.007185
v -0.010189 0.000339 -0.005921
v -0.009698 0.000345 -0.007265
v 0.009284 0.000099 -0.009021
v -0.009657 0.000332 -0.005924
v -0.008461 0.000313 -0.005659
v -0.009320 0.000342 -0.007553
v -0.008162 0.000309 -0.005650
v -0.013119 0.000346 -0.002223
v -0.012020 0.000329 -0.002067
v -0.011620 0.000339 -0.003704
v 0.000776 0.000242 -0.011820
v 0.000061 0.000233 -0.009698
v 0.002261 0.000200 -0.009432
v -0.007881 0.000306 -0.005752
v -0.007656 0.000305 -0.005950
v -0.007590 0.000335 -0.009290
v -0.006105 0.000298 -0.007533
v -0.005542 0.000319 -0.010640
v -0.004235 0.000283 -0.008723
v -0.003263 0.000295 -0.011545
v -0.002143 0.000261 -0.009458
v -0.000907 0.000267 -0.011964
v -0.000325 0.000258 -0.011933
v 0.005852 0.000160 -0.010546
v 0.004499 0.000183 -0.010997
v 0.003066 0.000207 -0.011386
v 0.022078 -0.000138 -0.002491
v 0.018356 -0.000059 -0.005455
v 0.008197 0.000082 -0.005560
v 0.015780 -0.000017 -0.006172
v -0.013059 0.000343 -0.002001
v -0.012971 0.000341 -0.001924
v -0.013111 0.000345 -0.002106
v -0.012860 0.000339 -0.001887
v -0.012204 0.000330 -0.001839
v -0.012083 0.000329 -0.001929
v -0.012355 0.000332 -0.001820
v 0.029158 -0.000220 -0.004204
v 0.031378 -0.000255 -0.003781
v 0.030572 -0.000229 -0.005363
v 0.036496 -0.000337 -0.002546
v 0.035295 -0.000329 -0.001582
v 0.037155 -0.000352 -0.001869
v 0.036811 -0.000365 0.000093
v 0.038336 -0.000383 -0.000314
v 0.039297 -0.000419 0.002226
v 0.039456 -0.000418 0.001863
v 0.039297 -0.000412 0.001481
v 0.029516 -0.000213 -0.005481
v 0.028470 -0.000198 -0.005517
v 0.026899 -0.000189 -0.004142
v 0.026635 -0.000174 -0.005414
v 0.024706 -0.000164 -0.003598
v 0.024812 -0.000151 -0.005211
v 0.022680 -0.000145 -0.002597
v 0.022945 -0.000126 -0.005045
v 0.022390 -0.000142 -0.002484
v 0.020979 -0.000099 -0.005054
v 0.020566 -0.000093 -0.005090
v 0.035799 -0.000321 -0.003152
v 0.035423 -0.000314 -0.003436
v 0.033455 -0.000291 -0.002894
v 0.033979 -0.000286 -0.004306
v 0.032358 -0.000257 -0.004954
v 0.014176 0.000010 -0.006748
v 0.012673 0.000037 -0.007371
v 0.007938 0.000087 -0.005668
v 0.007732 0.000091 -0.005858
v 0.037934 -0.000399 0.002054
v 0.038188 -0.000405 0.002374
v 0.038567 -0.000412 0.002527
v 0.038850 -0.000398 0.000560
v 0.038972 -0.000417 0.002473
v 0.039723 -0.007832 0.004492
v 0.038320 -0.009428 0.004690
v 0.039501 -0.007818 0.003386
v 0.038125 -0.009417 0.003719
v 0.039172 -0.007804 0.002311
v 0.037837 -0.009404 0.002775
v 0.038746 -0.007789 0.001277
v 0.037463 -0.009391 0.001867
v 0.038232 -0.007773 0.000293
v 0.037013 -0.009376 0.001004
v 0.037640 -0.007756 -0.000630
v 0.036493 -0.009362 0.000194
v 0.036977 -0.007739 -0.001482
v 0.035912 -0.009347 -0.000553
v 0.036254 -0.007722 -0.002253
v 0.035278 -0.009332 -0.001230
v 0.035480 -0.007705 -0.002934
v 0.034598 -0.009317 -0.001827
v 0.020720 -0.008927 -0.003458
v 0.020739 -0.008706 -0.003656
v 0.022769 -0.008734 -0.003632
v 0.028214 -0.008804 -0.004137
v 0.028174 -0.009210 -0.003781
v 0.026459 -0.008781 -0.004010
v 0.026439 -0.009188 -0.003648
v 0.024660 -0.008759 -0.003796
v 0.024646 -0.009165 -0.003431
v 0.022732 -0.009140 -0.003267
v 0.021640 -0.009125 -0.003248
v 0.020711 -0.009112 -0.003283
v 0.019658 -0.008904 -0.003587
v 0.019680 -0.009096 -0.003409
v 0.017768 -0.009067 -0.003777
v 0.016204 -0.009041 -0.004190
v 0.015522 -0.009030 -0.004398
v 0.016290 -0.008636 -0.004535
v 0.019734 -0.009097 -0.003401
v 0.018425 -0.008875 -0.003814
v 0.018549 -0.008672 -0.003972
v 0.019609 -0.008689 -0.003786
v 0.014079 -0.008599 -0.005267
v 0.011893 -0.008967 -0.005757
v 0.012037 -0.008563 -0.006087
v 0.012262 -0.008974 -0.005600
v 0.012490 -0.008571 -0.005893
v 0.013968 -0.009003 -0.004930
v 0.013870 -0.009002 -0.004966
v 0.012784 -0.008983 -0.005386
v 0.017376 -0.009060 -0.003872
v 0.007961 -0.008700 0.014912
v 0.007989 -0.009100 0.014549
v 0.008909 -0.009113 0.014634
v 0.010019 -0.008730 0.015120
v 0.015871 -0.009220 0.015757
v 0.015800 -0.008819 0.016109
v 0.014077 -0.009192 0.015399
v 0.012067 -0.008761 0.015412
v 0.010127 -0.009131 0.014772
v 0.012114 -0.009161 0.015057
v 0.013112 -0.009177 0.015224
v 0.021817 -0.009313 0.016995
v 0.021787 -0.008913 0.017353
v 0.020205 -0.009288 0.016707
v 0.020157 -0.008888 0.017063
v 0.018841 -0.009267 0.016419
v 0.018783 -0.008867 0.016773
v 0.018137 -0.009256 0.016261
v 0.017417 -0.009244 0.016098
v 0.016582 -0.009231 0.015911
v 0.037598 -0.007883 0.013188
v 0.036428 -0.009473 0.012359
v 0.038220 -0.007882 0.012213
v 0.036982 -0.009472 0.011494
v 0.038745 -0.007880 0.011185
v 0.037449 -0.009470 0.010584
v 0.039172 -0.007876 0.010115
v 0.037828 -0.009467 0.009638
v 0.039497 -0.007870 0.009012
v 0.038116 -0.009462 0.008666
v 0.039717 -0.007863 0.007888
v 0.038311 -0.009456 0.007676
v 0.039830 -0.007854 0.006753
v 0.038412 -0.009448 0.006677
v 0.039833 -0.007844 0.005617
v 0.038415 -0.009439 0.005679
v 0.003956 -0.008643 0.014740
v 0.005979 -0.009071 0.014444
v 0.007087 -0.009087 0.014493
v -0.000229 -0.008583 0.014463
v -0.000171 -0.008983 0.014109
v 0.001915 -0.008614 0.014650
v 0.001954 -0.009014 0.014293
v 0.003985 -0.009043 0.014381
v 0.008602 -0.008501 -0.007747
v 0.008458 -0.008904 -0.007420
v 0.006999 -0.008471 -0.008527
v 0.006866 -0.008875 -0.008196
v 0.005305 -0.008441 -0.009238
v 0.005195 -0.008846 -0.008901
v 0.011066 -0.008952 -0.006133
v 0.010096 -0.008935 -0.006598
v 0.009264 -0.008919 -0.007013
v 0.029884 -0.009235 -0.003709
v 0.028466 -0.009214 -0.003785
v 0.030182 -0.007613 -0.005095
v 0.028334 -0.007587 -0.005205
v 0.030259 -0.009240 -0.003659
v 0.030594 -0.007619 -0.005035
v 0.031547 -0.009261 -0.003381
v 0.032025 -0.007642 -0.004708
v 0.031844 -0.009265 -0.003290
v 0.034663 -0.007689 -0.003516
v 0.033950 -0.009304 -0.002294
v 0.033810 -0.007673 -0.004002
v 0.033273 -0.009291 -0.002690
v 0.032929 -0.007657 -0.004398
v 0.032358 -0.007647 -0.004604
v 0.036024 -0.009472 0.012891
v 0.037145 -0.007882 0.013787
v 0.035791 -0.009471 0.013171
v 0.035077 -0.009468 0.013924
v 0.036441 -0.007880 0.014587
v 0.034707 -0.009466 0.014266
v 0.035671 -0.007876 0.015328
v 0.034295 -0.009464 0.014615
v 0.034833 -0.007871 0.016012
v 0.033453 -0.009458 0.015237
v 0.033154 -0.009456 0.015432
v 0.033943 -0.007864 0.016628
v 0.031620 -0.009442 0.016258
v 0.030079 -0.007827 0.018320
v 0.029645 -0.009421 0.016951
v 0.031081 -0.007838 0.018015
v 0.030561 -0.009431 0.016678
v 0.032063 -0.007848 0.017630
v 0.033021 -0.007856 0.017166
v 0.024241 -0.009350 0.017295
v 0.021697 -0.007714 0.018424
v 0.024261 -0.007751 0.018730
v 0.025656 -0.007771 0.018797
v 0.025548 -0.009368 0.017364
v 0.026603 -0.007784 0.018792
v 0.026432 -0.009381 0.017364
v 0.027854 -0.007800 0.018712
v 0.027593 -0.009396 0.017298
v 0.028725 -0.007811 0.018601
v 0.028399 -0.009406 0.017201
v -0.014159 -0.008688 0.003009
v -0.015494 -0.007057 0.003256
v -0.014380 -0.008674 0.001870
v -0.015734 -0.007042 0.001964
v -0.014509 -0.008662 0.000749
v -0.015232 -0.006977 -0.005549
v -0.014130 -0.008618 -0.004625
v -0.015633 -0.006987 -0.003875
v -0.014383 -0.008627 -0.003204
v -0.015881 -0.007004 -0.001743
v -0.014547 -0.008642 -0.001367
v -0.015914 -0.007015 -0.000556
v -0.015870 -0.007028 0.000687
v -0.008999 -0.008833 0.011055
v -0.009848 -0.007218 0.012207
v -0.010004 -0.008811 0.010215
v -0.010942 -0.007194 0.011285
v -0.010740 -0.008794 0.009473
v -0.011746 -0.007176 0.010467
v -0.011419 -0.008778 0.008671
v -0.015195 -0.007072 0.004369
v -0.013886 -0.008701 0.003996
v -0.014811 -0.007087 0.005470
v -0.013536 -0.008714 0.004977
v -0.014345 -0.007104 0.006553
v -0.013112 -0.008729 0.005944
v -0.013801 -0.007121 0.007603
v -0.012617 -0.008745 0.006887
v -0.013180 -0.007139 0.008618
v -0.012051 -0.008761 0.007801
v -0.012662 -0.007153 0.009355
v -0.012488 -0.007157 0.009582
v 0.018610 -0.007666 0.017835
v 0.015618 -0.007619 0.017168
v 0.020845 -0.007488 -0.004737
v 0.022828 -0.007515 -0.004723
v 0.024701 -0.007540 -0.004889
v 0.026519 -0.007563 -0.005096
v -0.000404 -0.007381 0.015524
v -0.001652 -0.007362 0.015350
v -0.008993 -0.007236 0.012797
v -0.008211 -0.008849 0.011593
v -0.008101 -0.007253 0.013317
v -0.007388 -0.008865 0.012069
v -0.006212 -0.007287 0.014174
v -0.005636 -0.008896 0.012856
v -0.005217 -0.007304 0.014521
v -0.004710 -0.008912 0.013177
v -0.004057 -0.007324 0.014855
v -0.003626 -0.008930 0.013486
v -0.002773 -0.007345 0.015149
v -0.002418 -0.008949 0.013759
v -0.001358 -0.008965 0.013947
v 0.007868 -0.007501 0.015987
v 0.009905 -0.007531 0.016191
v 0.011926 -0.007561 0.016478
v 0.012433 -0.007351 -0.007077
v 0.014414 -0.007386 -0.006276
v 0.016546 -0.007421 -0.005569
v 0.018725 -0.007456 -0.005031
v 0.001798 -0.007414 0.015722
v 0.003867 -0.007444 0.015816
v 0.009032 -0.007289 -0.008729
v 0.007397 -0.007259 -0.009519
v 0.005635 -0.007228 -0.010249
v 0.003941 -0.008824 -0.009332
v 0.003664 -0.007194 -0.010885
v 0.002870 -0.007181 -0.011092
v 0.002629 -0.008803 -0.009700
v 0.001573 -0.007160 -0.011370
v 0.001441 -0.008784 -0.009962
v 0.000415 -0.007142 -0.011549
v 0.000387 -0.008768 -0.010131
v -0.000505 -0.007129 -0.011638
v -0.000446 -0.008756 -0.010218
v -0.001497 -0.007114 -0.011671
v -0.001427 -0.008742 -0.010256
v -0.002436 -0.007102 -0.011625
v -0.002180 -0.008732 -0.010224
v -0.006686 -0.007058 -0.010028
v -0.005971 -0.008692 -0.008798
v -0.007617 -0.007052 -0.009307
v -0.006817 -0.008687 -0.008105
v -0.005449 -0.007068 -0.010764
v -0.004850 -0.008702 -0.009484
v -0.005523 -0.007068 -0.010727
v -0.004916 -0.008701 -0.009451
v -0.005460 -0.008696 -0.009143
v -0.003308 -0.007091 -0.011496
v -0.002932 -0.008722 -0.010124
v -0.004112 -0.007082 -0.011295
v -0.003625 -0.008714 -0.009962
v -0.004320 -0.008707 -0.009723
v 0.035616 -0.005715 -0.003058
v 0.035729 -0.003321 -0.003142
v 0.036402 -0.005732 -0.002367
v 0.036424 -0.003336 -0.002539
v 0.037136 -0.005749 -0.001583
v 0.037079 -0.003351 -0.001864
v 0.037809 -0.005766 -0.000718
v 0.038256 -0.003381 -0.000316
v 0.038411 -0.005783 0.000220
v 0.038768 -0.003397 0.000555
v 0.038933 -0.005800 0.001219
v 0.039214 -0.003411 0.001472
v 0.039365 -0.005815 0.002269
v 0.039581 -0.003425 0.002418
v 0.039699 -0.005830 0.003360
v 0.039870 -0.003438 0.003394
v 0.039926 -0.005843 0.004482
v 0.040088 -0.003451 0.004484
v 0.034123 -0.009316 -0.001240
v 0.035010 -0.009335 -0.000434
v 0.035349 -0.009344 -0.000066
v 0.035896 -0.009357 0.000623
v 0.036384 -0.009371 0.001372
v 0.036440 -0.009373 0.001469
v 0.037148 -0.009397 0.003017
v 0.037352 -0.009406 0.003669
v 0.037588 -0.009419 0.004797
v 0.028164 -0.009214 -0.003320
v 0.028635 -0.009221 -0.003310
v 0.029784 -0.009238 -0.003186
v 0.030981 -0.009257 -0.002901
v 0.031329 -0.009263 -0.002787
v 0.032066 -0.009276 -0.002494
v 0.032778 -0.009289 -0.002140
v 0.033151 -0.009296 -0.001922
v 0.022643 -0.009155 -0.001532
v 0.022200 -0.009141 -0.002307
v 0.023111 -0.009152 -0.002520
v 0.021220 -0.009131 -0.001951
v 0.022019 -0.009150 -0.001042
v 0.021828 -0.009149 -0.000874
v 0.024859 -0.009174 -0.002790
v 0.024009 -0.009166 -0.002350
v 0.023371 -0.009160 -0.002006
v 0.026261 -0.009190 -0.003122
v 0.021326 -0.009147 -0.000386
v 0.020765 -0.009145 0.000255
v 0.021010 -0.009138 -0.000858
v 0.020741 -0.009145 0.000286
v 0.020519 -0.009122 -0.001879
v 0.020417 -0.009144 0.000720
v 0.019562 -0.009146 0.002207
v 0.009475 -0.009096 0.011878
v 0.009920 -0.009078 0.009301
v 0.010985 -0.009097 0.009704
v 0.019388 -0.009104 -0.002142
v 0.018553 -0.009126 0.001466
v 0.017454 -0.009108 0.001158
v 0.017973 -0.009093 -0.001223
v 0.014806 -0.009136 0.008189
v 0.015044 -0.009138 0.008066
v 0.014209 -0.009148 0.010424
v 0.014269 -0.009088 0.003820
v 0.013820 -0.009081 0.003787
v 0.012920 -0.009034 -0.000048
v 0.013287 -0.009075 0.003862
v 0.012944 -0.009071 0.003983
v 0.014796 -0.009097 0.003979
v 0.015187 -0.009071 0.000594
v 0.015805 -0.009119 0.004836
v 0.015591 -0.009113 0.004555
v 0.015106 -0.009103 0.004144
v 0.015273 -0.009164 0.010581
v 0.016080 -0.009140 0.006737
v 0.016140 -0.009138 0.006479
v 0.016393 -0.009136 0.005861
v 0.016150 -0.009132 0.005756
v 0.015977 -0.009124 0.005154
v 0.015604 -0.009141 0.007602
v 0.015817 -0.009141 0.007316
v 0.016019 -0.009141 0.006915
v 0.011575 -0.009072 0.006141
v 0.011630 -0.009077 0.006587
v 0.011771 -0.009083 0.007016
v 0.011773 -0.009083 0.007021
v 0.011992 -0.009089 0.007408
v 0.012642 -0.009104 0.008028
v 0.012286 -0.009097 0.007750
v 0.012283 -0.009097 0.007747
v 0.013043 -0.009112 0.008231
v 0.013128 -0.009113 0.008262
v 0.013142 -0.009131 0.010217
v 0.013479 -0.009119 0.008352
v 0.014108 -0.009128 0.008374
v 0.011575 -0.009071 0.006054
v 0.010812 -0.009046 0.004443
v 0.012409 -0.009067 0.004314
v 0.011932 -0.009065 0.004854
v 0.011931 -0.009065 0.004793
v 0.011799 -0.009066 0.005094
v 0.011609 -0.009068 0.005690
v 0.019076 -0.009111 -0.000904
v 0.018699 -0.009167 0.005793
v 0.017502 -0.009153 0.006035
v 0.018748 -0.009162 0.005141
v 0.019303 -0.009148 0.002825
v 0.011783 -0.009016 -0.000311
v 0.011084 -0.008983 -0.002854
v 0.011576 -0.008971 -0.004885
v 0.012316 -0.009001 -0.002756
v 0.012563 -0.008992 -0.004050
v 0.013439 -0.009019 -0.002484
v 0.013703 -0.009011 -0.003707
v 0.009207 -0.009105 0.013237
v 0.008104 -0.009087 0.013015
v 0.008187 -0.009083 0.012426
v 0.016198 -0.009217 0.014980
v 0.014380 -0.009185 0.014189
v 0.014681 -0.009178 0.012981
v 0.015709 -0.009192 0.013022
v 0.016869 -0.009207 0.012823
v 0.016350 -0.009179 0.010622
v 0.017542 -0.009193 0.010326
v 0.009695 -0.009027 0.004056
v 0.009225 -0.009044 0.006572
v 0.017765 -0.009213 0.012216
v 0.018329 -0.009201 0.010042
v 0.019125 -0.009209 0.009724
v 0.018786 -0.009184 0.007522
v 0.019233 -0.009207 0.009342
v 0.019415 -0.009214 0.009818
v 0.017134 -0.009224 0.014340
v 0.017451 -0.009219 0.013319
v 0.018290 -0.009230 0.013273
v 0.018706 -0.009220 0.011554
v 0.020326 -0.009242 0.011508
v 0.019880 -0.009229 0.010781
v 0.019787 -0.009262 0.014471
v 0.021698 -0.009276 0.013115
v 0.020328 -0.009272 0.014684
v 0.022253 -0.009288 0.013596
v 0.021488 -0.009291 0.015019
v 0.023335 -0.009310 0.014345
v 0.021364 -0.009268 0.012786
v 0.019287 -0.009253 0.014183
v 0.021032 -0.009260 0.012425
v 0.018902 -0.009243 0.013729
v 0.020693 -0.009252 0.012013
v 0.020596 -0.009250 0.011886
v 0.017209 -0.009234 0.015338
v 0.017802 -0.009238 0.014782
v 0.018357 -0.009248 0.015134
v 0.029464 -0.009406 0.015593
v 0.028938 -0.009399 0.015649
v 0.027683 -0.009382 0.015665
v 0.026560 -0.009366 0.015538
v 0.026003 -0.009357 0.015424
v 0.024284 -0.009328 0.014839
v 0.035789 -0.009459 0.011878
v 0.035218 -0.009458 0.012570
v 0.035182 -0.009458 0.012609
v 0.034503 -0.009454 0.013277
v 0.033761 -0.009450 0.013873
v 0.033408 -0.009447 0.014117
v 0.032125 -0.009436 0.014825
v 0.031270 -0.009427 0.015165
v 0.030363 -0.009417 0.015427
v 0.037688 -0.009432 0.006026
v 0.037587 -0.009445 0.007568
v 0.037428 -0.009450 0.008393
v 0.037404 -0.009451 0.008487
v 0.037131 -0.009455 0.009388
v 0.036768 -0.009458 0.010259
v 0.036586 -0.009459 0.010621
v 0.037772 -0.005895 0.013309
v 0.038403 -0.005894 0.012319
v 0.038936 -0.005892 0.011276
v 0.039368 -0.005888 0.010190
v 0.039697 -0.005882 0.009071
v 0.039920 -0.005875 0.007930
v 0.040034 -0.005866 0.006778
v 0.040037 -0.005855 0.005625
v 0.037914 -0.003503 0.013406
v 0.038722 -0.003502 0.012095
v 0.039164 -0.003500 0.011183
v 0.039530 -0.003496 0.010241
v 0.039858 -0.003490 0.009123
v 0.040028 -0.003485 0.008313
v 0.040212 -0.003470 0.006390
v 0.040189 -0.003461 0.005433
v -0.002010 -0.008742 -0.009391
v -0.000420 -0.008762 -0.009576
v 0.000322 -0.008772 -0.009571
v 0.001374 -0.008788 -0.009463
v 0.002668 -0.008808 -0.009162
v 0.004802 -0.008847 -0.008206
v -0.004395 -0.008716 -0.008565
v -0.004304 -0.008717 -0.008611
v -0.003326 -0.008727 -0.009024
v -0.002051 -0.008741 -0.009383
v -0.006134 -0.008703 -0.007435
v -0.005318 -0.008708 -0.008034
v -0.004869 -0.008712 -0.008310
v -0.008181 -0.008696 -0.005110
v -0.009517 -0.008669 -0.005968
v -0.007896 -0.008696 -0.005540
v -0.008821 -0.008676 -0.006289
v -0.007835 -0.008696 -0.005625
v -0.008184 -0.008680 -0.006788
v -0.007379 -0.008697 -0.006210
v -0.007540 -0.008683 -0.007411
v -0.006822 -0.008699 -0.006814
v -0.006294 -0.008702 -0.007302
v -0.010361 -0.008664 -0.005332
v -0.011164 -0.008647 -0.005904
v -0.010316 -0.008659 -0.005859
v -0.013314 -0.008615 -0.006159
v -0.013197 -0.008617 -0.006180
v -0.009009 -0.008700 -0.003436
v -0.009078 -0.008700 -0.003248
v -0.011628 -0.008659 -0.003945
v -0.013911 -0.008614 -0.005431
v -0.012832 -0.008639 -0.004273
v -0.008449 -0.008697 -0.004568
v -0.008484 -0.008697 -0.004497
v -0.009564 -0.008680 -0.004689
v -0.008712 -0.008698 -0.004037
v -0.008807 -0.008698 -0.003917
v -0.008880 -0.008699 -0.003696
v -0.013552 -0.008613 -0.006039
v -0.013019 -0.008619 -0.006184
v -0.012677 -0.008624 -0.006147
v -0.013651 -0.008612 -0.005938
v -0.013871 -0.008613 -0.005537
v -0.008894 -0.008699 -0.003668
v -0.009365 -0.008705 -0.002273
v -0.009402 -0.008744 0.001948
v -0.009526 -0.008736 0.001261
v -0.009537 -0.008735 0.001181
v -0.009608 -0.008727 0.000423
v -0.009575 -0.008714 -0.001015
v -0.009564 -0.008713 -0.001120
v -0.006059 -0.008839 0.007335
v -0.005996 -0.008841 0.007385
v -0.006616 -0.008827 0.006853
v -0.007191 -0.008814 0.006266
v -0.008183 -0.008788 0.004946
v -0.007717 -0.008801 0.005626
v -0.007715 -0.008801 0.005628
v -0.008589 -0.008776 0.004227
v -0.008897 -0.008765 0.003558
v -0.009200 -0.008754 0.002718
v -0.000034 -0.008942 0.009418
v -0.001753 -0.008917 0.009277
v -0.003144 -0.008894 0.008925
v -0.004029 -0.008879 0.008578
v -0.004639 -0.008868 0.008276
v -0.005337 -0.008854 0.007860
v 0.007927 -0.009097 0.014303
v 0.006453 -0.009043 0.010669
v 0.007241 -0.009069 0.012377
v 0.006273 -0.009059 0.012662
v 0.000626 -0.008951 0.009389
v 0.001379 -0.008960 0.009299
v 0.001651 -0.008986 0.011656
v 0.005075 -0.008998 0.007870
v 0.006288 -0.009037 0.010325
v 0.005576 -0.009034 0.010986
v 0.004425 -0.008993 0.008259
v 0.004871 -0.009027 0.011370
v 0.003817 -0.008987 0.008563
v 0.004100 -0.009018 0.011547
v 0.003237 -0.008981 0.008804
v 0.003303 -0.009008 0.011629
v 0.002654 -0.008975 0.009003
v 0.002957 -0.008978 0.008905
v 0.005422 -0.009049 0.012894
v 0.004541 -0.009038 0.012975
v 0.003644 -0.009026 0.013003
v 0.006661 -0.009072 0.013559
v 0.007626 -0.009084 0.013345
v 0.007662 -0.009085 0.013449
v 0.005700 -0.009060 0.013667
v 0.010138 -0.008991 -0.000486
v 0.007792 -0.009075 0.012151
v 0.009671 -0.008985 -0.000442
v 0.009371 -0.008981 -0.000410
v 0.009149 -0.008962 -0.002149
v 0.008071 -0.009041 0.008023
v 0.008274 -0.009010 0.004360
v 0.008881 -0.009013 0.003750
v 0.009115 -0.009001 0.002132
v 0.009376 -0.008983 -0.000235
v 0.006888 -0.009034 0.009015
v 0.005095 -0.008998 0.007856
v 0.005794 -0.009003 0.007350
v 0.006905 -0.009009 0.006309
v 0.007317 -0.009023 0.007230
v 0.008000 -0.009066 0.010860
v 0.007430 -0.009063 0.011343
v 0.010606 -0.008976 -0.002810
v 0.010876 -0.008969 -0.003979
v 0.011485 -0.008965 -0.005324
v 0.011068 -0.008963 -0.004952
v 0.010287 -0.008958 -0.004370
v 0.010059 -0.008971 -0.002536
v 0.010272 -0.008965 -0.003568
v 0.008767 -0.008945 -0.003430
v 0.010222 -0.008957 -0.004327
v 0.009039 -0.008957 -0.002592
v 0.009047 -0.008957 -0.002563
v 0.007636 -0.009055 0.010220
v 0.010306 -0.008946 -0.005642
v 0.009601 -0.008941 -0.005168
v 0.004839 -0.008847 -0.008183
v 0.006104 -0.008873 -0.007257
v 0.006214 -0.008874 -0.007391
v 0.006697 -0.008887 -0.006695
v 0.007620 -0.008900 -0.006645
v 0.007140 -0.008897 -0.006206
v 0.008311 -0.008913 -0.006230
v 0.008989 -0.008927 -0.005763
v 0.007993 -0.008920 -0.005019
v 0.007584 -0.008909 -0.005637
v 0.008128 -0.008924 -0.004791
v 0.008372 -0.008932 -0.004334
v 0.009541 -0.008931 -0.006179
v -0.014218 -0.006977 -0.007289
v -0.013904 -0.007001 -0.007442
v -0.013538 -0.007070 -0.007480
v -0.013383 -0.007105 -0.007470
v -0.012961 -0.007146 -0.007441
v -0.014839 -0.006974 -0.006522
v -0.014489 -0.006975 -0.007040
v -0.014368 -0.006976 -0.007165
v 0.029468 -0.003213 -0.005460
v 0.030302 -0.003225 -0.005375
v 0.030244 -0.005621 -0.005261
v 0.028379 -0.005594 -0.005376
v 0.034786 -0.005698 -0.003650
v 0.033920 -0.005681 -0.004145
v 0.033026 -0.005665 -0.004548
v 0.032110 -0.005650 -0.004865
v 0.028424 -0.003198 -0.005495
v 0.030521 -0.003229 -0.005343
v 0.035355 -0.003313 -0.003425
v 0.033916 -0.003285 -0.004291
v 0.033111 -0.003271 -0.004650
v 0.032301 -0.003257 -0.004936
v 0.032186 -0.003255 -0.004971
v 0.037048 -0.005893 0.014234
v 0.035354 -0.005885 0.015873
v 0.036238 -0.005890 0.015091
v 0.030159 -0.005838 0.018516
v 0.031268 -0.005850 0.018172
v 0.032351 -0.005861 0.017731
v 0.033400 -0.005870 0.017198
v 0.034404 -0.005878 0.016577
v 0.035132 -0.003491 0.016264
v 0.036638 -0.003499 0.014934
v 0.037307 -0.003502 0.014194
v 0.030231 -0.003445 0.018669
v 0.031467 -0.003459 0.018278
v 0.032442 -0.003468 0.017876
v 0.033389 -0.003477 0.017399
v -0.014425 -0.006145 -0.007196
v -0.014650 -0.004369 -0.007104
v -0.014749 -0.002587 -0.007060
v -0.015401 -0.002590 -0.005701
v -0.015084 -0.002587 -0.006492
v 0.029036 -0.005825 0.018761
v 0.028183 -0.003421 0.019051
v 0.027910 -0.005811 0.018916
v 0.027965 -0.003418 0.019075
v 0.026122 -0.003393 0.019170
v 0.025692 -0.005781 0.019005
v 0.023875 -0.003361 0.019067
v 0.023592 -0.005751 0.018879
v 0.021717 -0.003329 0.018799
v 0.021701 -0.005723 0.018634
v 0.037962 -0.002054 0.013439
v 0.037354 -0.002053 0.014230
v 0.036684 -0.002051 0.014972
v 0.035174 -0.002042 0.016305
v 0.033426 -0.002028 0.017443
v 0.032477 -0.002020 0.017921
v 0.031500 -0.002010 0.018325
v 0.030261 -0.001996 0.018717
v -0.016076 -0.002644 0.001144
v -0.015638 -0.005065 0.003306
v -0.015732 -0.002669 0.003351
v -0.016143 -0.002623 -0.001014
v -0.016108 -0.002617 -0.001777
v -0.015963 -0.002605 -0.003201
v -0.015556 -0.002593 -0.005191
v -0.015837 -0.002600 -0.003971
v 0.026554 -0.005570 -0.005271
v 0.024733 -0.005547 -0.005066
v 0.022863 -0.005522 -0.004900
v 0.020889 -0.005495 -0.004911
v 0.026592 -0.003174 -0.005391
v 0.024770 -0.003151 -0.005188
v 0.022902 -0.003126 -0.005021
v 0.020934 -0.003099 -0.005032
v 0.028448 -0.001749 -0.005518
v 0.029493 -0.001763 -0.005483
v 0.030548 -0.001779 -0.005366
v 0.032333 -0.001807 -0.004957
v 0.033952 -0.001836 -0.004310
v 0.035395 -0.001864 -0.003441
v 0.035770 -0.001871 -0.003157
v 0.012529 -0.005358 -0.007239
v 0.012614 -0.002963 -0.007351
v 0.014119 -0.002989 -0.006728
v 0.014500 -0.005393 -0.006441
v 0.016618 -0.005429 -0.005738
v 0.015726 -0.003017 -0.006152
v 0.016683 -0.003033 -0.005854
v 0.018781 -0.005463 -0.005203
v 0.018306 -0.003059 -0.005433
v 0.018836 -0.003067 -0.005322
v 0.020519 -0.003093 -0.005067
v 0.020957 -0.001649 -0.005056
v 0.009135 -0.005296 -0.008891
v 0.007494 -0.005266 -0.009682
v 0.005720 -0.005235 -0.010413
v 0.009223 -0.002901 -0.009002
v 0.007578 -0.002871 -0.009793
v 0.005796 -0.002839 -0.010526
v 0.012647 -0.001513 -0.007373
v 0.015755 -0.001567 -0.006175
v 0.014151 -0.001540 -0.006750
v 0.018332 -0.001609 -0.005457
v 0.020543 -0.001643 -0.005092
v -0.008383 -0.006123 -0.008727
v -0.008023 -0.006116 -0.009057
v -0.007921 -0.006132 -0.009146
v -0.007655 -0.006196 -0.009370
v -0.008925 -0.006549 -0.008184
v -0.008956 -0.006600 -0.008151
v -0.008938 -0.007042 -0.008116
v -0.009154 -0.007041 -0.007940
v -0.008685 -0.006267 -0.008430
v -0.008422 -0.006133 -0.008689
v -0.005971 -0.006660 -0.010524
v -0.005392 -0.006681 -0.010829
v -0.004801 -0.006585 -0.011099
v -0.004360 -0.006432 -0.011275
v -0.003770 -0.006111 -0.011477
v -0.003418 -0.005852 -0.011581
v -0.002842 -0.005307 -0.011726
v -0.002445 -0.004822 -0.011807
v -0.006584 -0.006535 -0.010153
v -0.006746 -0.006488 -0.010046
v 0.001617 -0.005167 -0.011537
v -0.001941 -0.004025 -0.011889
v -0.001492 -0.005121 -0.011836
v -0.001528 -0.003133 -0.011937
v -0.000487 -0.005136 -0.011805
v 0.003731 -0.005201 -0.011051
v 0.001662 -0.002772 -0.011652
v 0.000733 -0.002758 -0.011799
v -0.000364 -0.002741 -0.011913
v -0.001382 -0.002727 -0.011950
v 0.003016 -0.002793 -0.011366
v 0.004446 -0.002817 -0.010977
v 0.003793 -0.002806 -0.011165
v -0.000926 -0.000247 -0.011967
v -0.001047 -0.001334 -0.011969
v -0.001274 -0.002370 -0.011958
v 0.000754 -0.001308 -0.011822
v -0.000346 -0.001292 -0.011936
v 0.003042 -0.001344 -0.011389
v 0.004475 -0.001367 -0.010999
v 0.005827 -0.001390 -0.010548
v 0.007858 -0.008012 0.005100
v 0.008288 -0.008012 0.004369
v 0.007462 -0.007907 -0.005811
v 0.007570 -0.000108 -0.005739
v 0.006819 -0.000089 -0.006614
v 0.008141 -0.007925 -0.004782
v 0.008546 -0.007938 -0.003990
v 0.009053 -0.007958 -0.002583
v 0.009246 -0.007969 -0.001725
v 0.009389 -0.007985 -0.000225
v 0.008891 -0.008007 0.002966
v 0.009129 -0.008003 0.002142
v 0.009364 -0.007992 0.000643
v 0.006919 -0.008011 0.006318
v 0.006329 -0.008008 0.006912
v 0.005109 -0.008000 0.007865
v 0.004399 -0.007994 0.008289
v 0.002971 -0.007980 0.008914
v 0.002188 -0.007971 0.009145
v 0.000639 -0.007952 0.009398
v -0.000166 -0.007941 0.009427
v -0.001739 -0.007918 0.009287
v -0.002517 -0.007906 0.009117
v -0.004015 -0.007880 0.008587
v -0.004717 -0.007867 0.008235
v -0.006046 -0.007841 0.007344
v -0.006630 -0.007828 0.006835
v -0.007703 -0.007802 0.005635
v -0.008137 -0.007790 0.005005
v -0.008884 -0.007767 0.003567
v -0.009512 -0.007737 0.001270
v -0.009144 -0.007757 0.002859
v -0.009589 -0.007729 0.000530
v -0.009551 -0.007715 -0.001111
v -0.009442 -0.007709 -0.001836
v -0.008995 -0.007701 -0.003426
v -0.008714 -0.007699 -0.004093
v -0.007882 -0.007697 -0.005531
v -0.006172 0.000096 -0.007222
v -0.007501 0.000101 -0.005829
v -0.007609 -0.007697 -0.005900
v -0.005982 0.000095 -0.007380
v -0.004150 0.000080 -0.008545
v -0.002101 0.000058 -0.009265
v -0.001930 0.000056 -0.009302
v 0.000057 0.000031 -0.009500
v 0.000444 0.000025 -0.009490
v 0.002212 -0.000001 -0.009239
v 0.002790 -0.000011 -0.009081
v 0.004252 -0.000036 -0.008496
v 0.004960 -0.000050 -0.008102
v 0.006069 -0.000072 -0.007308
v -0.009703 0.000131 -0.005730
v -0.009808 -0.007468 -0.005800
v -0.008507 0.000112 -0.005466
v -0.008612 -0.007487 -0.005536
v -0.012889 0.000138 -0.001690
v -0.012938 -0.003412 -0.001723
v -0.012383 0.000130 -0.001624
v -0.012432 -0.003419 -0.001656
v -0.014425 -0.003389 -0.001918
v -0.014376 0.000160 -0.001885
v -0.014519 -0.003414 0.000886
v -0.014470 0.000136 0.000919
v -0.014072 -0.003445 0.003656
v -0.014023 0.000104 0.003688
v -0.013099 -0.003483 0.006287
v -0.013050 0.000067 0.006320
v -0.011638 -0.003525 0.008682
v -0.011589 0.000024 0.008714
v -0.009744 -0.003570 0.010750
v -0.009695 -0.000021 0.010783
v -0.007486 -0.003617 0.012415
v -0.007437 -0.000067 0.012448
v -0.004950 -0.003663 0.013614
v -0.004901 -0.000113 0.013646
v -0.002230 -0.003707 0.014302
v -0.002181 -0.000157 0.014334
v 0.000571 -0.003747 0.014453
v 0.000620 -0.000197 0.014485
v 0.003349 -0.003782 0.014062
v 0.003398 -0.000232 0.014094
v 0.006000 -0.003810 0.013143
v 0.006049 -0.000260 0.013176
v 0.008388 -0.003830 0.011757
v 0.008473 -0.000281 0.011764
v 0.008423 -0.003863 0.011731
v 0.008664 -0.000283 0.011680
v 0.008613 -0.003989 0.011646
v 0.008717 -0.004023 0.011635
v -0.011760 -0.003376 -0.007326
v -0.013849 -0.003346 -0.007471
v -0.012250 -0.003370 -0.007236
v -0.012635 -0.003368 -0.006921
v -0.013123 -0.003409 -0.001785
v -0.013270 -0.003405 -0.001914
v -0.012133 -0.003423 -0.001711
v -0.012182 -0.003422 -0.001688
v -0.012243 -0.003440 0.000349
v -0.013356 -0.003402 -0.002089
v -0.013369 -0.003401 -0.002283
v -0.013767 -0.003352 -0.006934
v -0.012821 -0.003370 -0.006458
v -0.013791 -0.003350 -0.007163
v -0.013914 -0.003346 -0.007357
v -0.014074 -0.003343 -0.007461
v -0.010980 -0.003504 0.005385
v -0.011883 -0.003469 0.002935
v -0.003103 -0.003672 0.011778
v -0.005546 -0.003629 0.010859
v -0.007738 -0.003586 0.009440
v -0.009577 -0.003544 0.007587
v 0.005666 -0.003787 0.011155
v -0.000520 -0.003711 0.012157
v 0.002085 -0.003745 0.011978
v 0.004592 -0.003773 0.011248
v 0.005122 -0.003779 0.011119
v -0.000675 -0.007757 0.011916
v 0.002047 -0.003943 0.011779
v 0.001941 -0.007792 0.011753
v 0.004513 -0.003970 0.011061
v 0.004460 -0.007820 0.011026
v -0.003265 -0.007717 0.011506
v -0.003056 -0.003871 0.011583
v -0.000515 -0.003909 0.011956
v -0.005703 -0.007675 0.010544
v -0.005459 -0.003829 0.010678
v -0.003212 -0.003868 0.011542
v -0.007875 -0.007631 0.009075
v -0.007615 -0.003786 0.009282
v -0.005650 -0.003825 0.010580
v -0.009675 -0.007589 0.007170
v -0.009424 -0.003745 0.007460
v -0.007821 -0.003782 0.009111
v -0.011019 -0.007550 0.004919
v -0.010804 -0.003706 0.005294
v -0.009622 -0.003740 0.007205
v -0.011842 -0.007516 0.002430
v -0.011691 -0.003671 0.002884
v -0.010966 -0.003700 0.004954
v -0.012104 -0.007488 -0.000179
v -0.012046 -0.003643 0.000341
v -0.011788 -0.003666 0.002465
v -0.011794 -0.007468 -0.002782
v -0.011877 -0.003623 -0.002069
v -0.012051 -0.003638 -0.000143
v -0.011826 0.000126 -0.002035
v -0.011689 0.000131 -0.002712
v -0.011432 0.000136 -0.003645
v -0.010926 -0.007458 -0.005256
v -0.010821 0.000141 -0.005186
v 0.021851 -0.007948 -0.001136
v 0.023168 -0.007958 -0.002097
v 0.023079 -0.007956 -0.002112
v -0.010251 -0.007462 -0.005798
v -0.010650 -0.007458 -0.005603
v 0.004496 -0.007797 0.008467
v 0.005049 -0.007827 0.010883
v 0.011780 -0.007900 0.008696
v 0.011779 -0.007896 0.008262
v 0.011595 -0.007889 0.007869
v 0.023636 -0.008119 0.014746
v 0.021719 -0.008080 0.013401
v 0.016203 -0.007953 0.007847
v 0.015225 -0.007947 0.008672
v 0.011056 -0.007871 0.006709
v 0.011069 -0.007860 0.005430
v 0.008029 -0.007816 0.005211
v 0.009083 -0.007810 0.003032
v 0.011630 -0.007857 0.004281
v 0.009566 -0.007795 0.000660
v 0.012631 -0.007863 0.003485
v 0.009446 -0.007771 -0.001758
v 0.020180 -0.008043 0.011636
v 0.019109 -0.008009 0.009554
v 0.016731 -0.007949 0.006682
v 0.018568 -0.007980 0.007275
v 0.016706 -0.007937 0.005404
v 0.018590 -0.007959 0.004933
v 0.016134 -0.007919 0.004260
v 0.008046 -0.007718 -0.005437
v 0.007959 -0.007717 -0.005460
v 0.008731 -0.007740 -0.004071
v 0.019172 -0.007946 0.002664
v 0.020281 -0.007943 0.000601
v 0.015126 -0.007898 0.003473
v 0.014892 -0.007945 0.008950
v 0.014709 -0.007946 0.009344
v 0.014169 -0.007961 0.011781
v 0.010565 -0.007912 0.011871
v 0.011002 -0.007915 0.011593
v 0.013877 -0.007878 0.003197
v -0.008104 -0.007494 -0.005556
v -0.008238 -0.007492 -0.005525
v -0.008893 -0.007496 -0.004175
v 0.006467 -0.007811 0.007061
v 0.011240 -0.007914 0.011134
v 0.014192 -0.007966 0.012299
v 0.014470 -0.007974 0.012735
v -0.009332 -0.007555 0.002923
v -0.008304 -0.007589 0.005114
v -0.006765 -0.007628 0.006983
v -0.004811 -0.007668 0.008412
v -0.002564 -0.007707 0.009313
v -0.000165 -0.007743 0.009629
v 0.002239 -0.007774 0.009341
v -0.009636 -0.007506 -0.001871
v -0.009785 -0.007527 0.000545
v 0.038773 -0.002053 0.012125
v 0.039468 -0.002498 0.010542
v 0.039851 -0.002492 0.009324
v 0.040068 -0.002486 0.008326
v 0.040110 -0.002484 0.008069
v 0.040231 -0.002476 0.006955
v 0.040244 -0.002465 0.005715
v 0.040128 -0.002452 0.004489
v 0.039007 -0.002502 0.011631
v 0.039029 -0.000611 0.011701
v 0.026681 -0.000568 0.015619
v 0.021850 -0.008281 0.013251
v 0.020609 -0.008251 0.011895
v 0.020343 -0.008244 0.011522
v 0.019429 -0.008216 0.009827
v 0.019294 -0.008211 0.009482
v 0.018800 -0.008186 0.007531
v 0.018764 -0.008183 0.007251
v 0.018762 -0.008163 0.005150
v 0.018785 -0.008162 0.004957
v 0.020441 -0.008146 0.000715
v 0.019355 -0.008149 0.002735
v 0.019317 -0.008150 0.002834
v 0.021980 -0.008151 -0.000987
v 0.022033 -0.008152 -0.001032
v 0.023760 -0.008165 -0.002207
v 0.023840 -0.002366 -0.002154
v 0.024103 -0.002368 -0.002287
v 0.025298 -0.002380 -0.002776
v 0.026355 -0.002392 -0.003060
v 0.027505 -0.002406 -0.003226
v 0.028729 -0.002423 -0.003247
v 0.029757 -0.002438 -0.003143
v 0.031075 -0.002459 -0.002839
v 0.031925 -0.002474 -0.002533
v 0.033245 -0.002498 -0.001860
v 0.033889 -0.002511 -0.001429
v 0.035104 -0.002538 -0.000372
v 0.035537 -0.002548 0.000107
v 0.036534 -0.002575 0.001532
v 0.036778 -0.002583 0.001987
v 0.037446 -0.002608 0.003731
v 0.037810 -0.000634 0.006107
v 0.037544 -0.000611 0.004021
v 0.037516 -0.002611 0.004003
v 0.037549 -0.000653 0.008474
v 0.037571 -0.000652 0.008381
v 0.037811 -0.000635 0.006200
v 0.035339 -0.000660 0.012651
v 0.035647 -0.000661 0.012295
v 0.036708 -0.000661 0.010702
v 0.036837 -0.000661 0.010450
v 0.034067 -0.000653 0.013817
v 0.033529 -0.000650 0.014198
v 0.032179 -0.000638 0.014937
v 0.031391 -0.000630 0.015246
v 0.030084 -0.000615 0.015593
v 0.029060 -0.000602 0.015730
v 0.027895 -0.000586 0.015751
v 0.024298 -0.008329 0.014848
v 0.023728 -0.008319 0.014568
v 0.022267 -0.008290 0.013605
v 0.039265 -0.001962 0.001471
v 0.039539 -0.002018 0.002155
v 0.039526 -0.002422 0.002154
v 0.039570 -0.000626 0.002165
v 0.038819 -0.001948 0.000551
v 0.038305 -0.001933 -0.000322
v 0.037125 -0.001902 -0.001875
v 0.036467 -0.001887 -0.002552
v 0.040009 -0.002444 0.003827
v 0.039893 -0.002438 0.003330
v 0.039637 -0.002478 0.008084
v 0.023248 -0.002158 -0.002044
v 0.022397 -0.002144 -0.002305
v 0.023159 -0.002157 -0.002059
v 0.022008 -0.002139 -0.002314
v 0.039545 -0.002423 0.002253
v 0.039529 -0.002424 0.002352
v 0.039482 -0.002424 0.002441
v 0.039784 -0.002461 0.006022
v 0.037643 -0.002410 0.003685
v 0.038018 -0.002404 0.002498
v 0.036960 -0.002384 0.001900
v 0.037723 -0.002397 0.002116
v 0.035693 -0.002349 -0.000020
v 0.036431 -0.002359 -0.000062
v 0.034010 -0.002311 -0.001588
v 0.034648 -0.002318 -0.001858
v 0.032005 -0.002273 -0.002716
v 0.032479 -0.002276 -0.003164
v 0.029790 -0.002237 -0.003339
v 0.030058 -0.002235 -0.003903
v 0.027492 -0.002204 -0.003423
v 0.027530 -0.002199 -0.004028
v 0.025238 -0.002178 -0.002964
v 0.025047 -0.002170 -0.003533
v 0.022760 -0.002148 -0.002447
v 0.037730 -0.002411 0.003645
v 0.037882 -0.002413 0.003643
v 0.038458 -0.002412 0.002698
v 0.038853 -0.002431 0.004123
v 0.038940 -0.002419 0.002668
v 0.039529 -0.002448 0.004970
v 0.039335 -0.002423 0.002544
v 0.039440 -0.002424 0.002485
v 0.039408 -0.002424 0.002509
v 0.039124 -0.002489 0.010087
v 0.038996 -0.002498 0.011200
v 0.039021 -0.000698 0.011216
v 0.039149 -0.000690 0.010103
v 0.039662 -0.000678 0.008101
v 0.039809 -0.000661 0.006039
v 0.039005 -0.000695 0.010943
v 0.039377 -0.000713 0.002554
v 0.038965 -0.000619 0.002685
v 0.039348 -0.002014 0.002545
v 0.039405 -0.000724 0.002543
v 0.039557 -0.002019 0.002275
v 0.039527 -0.002018 0.002391
v 0.039453 -0.002017 0.002487
v 0.039473 -0.000743 0.002502
v 0.039532 -0.000747 0.002440
v 0.039556 -0.000740 0.002399
v 0.039574 -0.000728 0.002353
v 0.039587 -0.000690 0.002264
v 0.037907 -0.000613 0.003659
v 0.038878 -0.000631 0.004140
v 0.039554 -0.000648 0.004986
v 0.037508 -0.002600 0.003925
v 0.037546 -0.000610 0.003869
v 0.037519 -0.002570 0.003851
v 0.037623 -0.000610 0.003738
v 0.037598 -0.002462 0.003721
v 0.037755 -0.000611 0.003662
v 0.022785 -0.000348 -0.002430
v 0.024772 -0.000367 -0.003412
v 0.025072 -0.000370 -0.003516
v 0.026924 -0.000392 -0.003945
v 0.027555 -0.000400 -0.004011
v 0.029139 -0.000422 -0.004006
v 0.030083 -0.000436 -0.003886
v 0.031316 -0.000455 -0.003592
v 0.032504 -0.000476 -0.003148
v 0.033355 -0.000492 -0.002721
v 0.034672 -0.000518 -0.001841
v 0.035159 -0.000528 -0.001434
v 0.036456 -0.000559 -0.000045
v 0.036647 -0.000564 0.000209
v 0.037748 -0.000597 0.002132
v 0.038065 -0.000605 0.002532
v 0.038539 -0.000613 0.002723
v 0.022032 -0.000339 -0.002297
v 0.008151 -0.000119 -0.005367
v 0.022422 -0.000345 -0.002289
v -0.013718 0.000197 -0.006901
v -0.014765 -0.001904 -0.007049
v -0.014774 -0.000132 -0.007027
v -0.015407 -0.001141 -0.005709
v -0.014271 -0.004345 -0.007394
v -0.014363 -0.002576 -0.007376
v -0.014077 -0.002568 -0.007460
v -0.014072 -0.006109 -0.007421
v -0.013659 -0.006066 -0.007480
v -0.013802 -0.004317 -0.007476
v -0.014075 -0.001568 -0.007455
v -0.013716 0.000212 -0.007017
v -0.013741 0.000253 -0.007129
v -0.014460 -0.000132 -0.007314
v -0.014453 -0.001898 -0.007331
v -0.012772 0.000180 -0.006426
v -0.013320 0.000149 -0.002251
v -0.013074 0.000141 -0.001753
v -0.013221 0.000144 -0.001881
v -0.013307 0.000147 -0.002056
v -0.010709 -0.007135 -0.007284
v -0.010270 -0.007204 -0.007254
v -0.009981 -0.007284 -0.007235
v -0.009995 -0.007241 -0.007273
v -0.010970 -0.007116 -0.007302
v -0.011128 -0.007111 -0.007313
v -0.012045 -0.007130 -0.007377
v -0.009803 -0.007242 -0.007335
v -0.009714 -0.007234 -0.007379
v -0.009423 -0.007151 -0.007622
v -0.012581 0.000308 -0.006891
v -0.012708 0.000213 -0.006668
v -0.009932 -0.005227 0.012370
v -0.010960 -0.005205 0.011509
v -0.011910 -0.005183 0.010542
v -0.012776 -0.005161 0.009483
v -0.013552 -0.005140 0.008346
v -0.015281 -0.005082 0.004611
v -0.014810 -0.005100 0.005895
v -0.014232 -0.005119 0.007145
v -0.015438 -0.002683 0.004459
v -0.015063 -0.002699 0.005553
v -0.014098 -0.002731 0.007638
v -0.013630 -0.002745 0.008439
v -0.012899 -0.002765 0.009518
v -0.011531 -0.002799 0.011131
v -0.010779 -0.002816 0.011847
v -0.009982 -0.002833 0.012499
v -0.015746 -0.001220 0.003371
v -0.016090 -0.001194 0.001158
v -0.016156 -0.001174 -0.001007
v -0.015973 -0.001156 -0.003201
v -0.015564 -0.001143 -0.005197
v 0.015608 -0.005628 0.017379
v 0.018600 -0.005675 0.018045
v 0.015614 -0.003233 0.017543
v 0.018606 -0.003281 0.018210
v 0.028209 -0.001972 0.019101
v 0.026144 -0.001944 0.019220
v 0.023894 -0.001912 0.019118
v 0.021733 -0.001880 0.018849
v -0.002794 -0.005354 0.015350
v -0.008834 -0.005249 0.013114
v -0.007678 -0.005271 0.013746
v -0.006481 -0.005293 0.014276
v -0.005258 -0.005314 0.014714
v -0.000403 -0.002997 0.015893
v -0.000411 -0.005391 0.015731
v -0.003126 -0.002955 0.015438
v -0.009215 -0.002848 0.013035
v -0.007489 -0.002881 0.013995
v -0.006506 -0.002899 0.014422
v -0.005455 -0.002917 0.014806
v -0.005275 -0.002920 0.014864
v -0.009984 -0.001383 0.012541
v -0.010782 -0.001366 0.011887
v -0.011536 -0.001349 0.011169
v -0.012907 -0.001316 0.009553
v -0.014109 -0.001282 0.007668
v -0.015075 -0.001249 0.005578
v -0.015452 -0.001234 0.004481
v 0.007876 -0.005510 0.016200
v 0.007895 -0.003116 0.016366
v 0.009909 -0.005540 0.016403
v 0.011926 -0.005570 0.016690
v 0.009925 -0.003146 0.016569
v 0.011938 -0.003176 0.016855
v 0.001801 -0.005423 0.015933
v 0.001817 -0.003029 0.016098
v 0.003876 -0.005453 0.016029
v 0.003896 -0.003059 0.016195
v -0.000389 -0.001547 0.015944
v -0.003116 -0.001506 0.015487
v -0.005448 -0.001467 0.014853
v -0.007486 -0.001432 0.014040
v -0.009216 -0.001399 0.013078
v 0.008631 -0.003311 0.014731
v 0.008928 -0.003319 0.015154
v 0.009570 -0.003321 0.014387
v 0.009398 -0.003327 0.015372
v 0.009913 -0.003334 0.015326
v 0.009226 -0.003307 0.013448
v 0.008802 -0.003304 0.013746
v 0.008584 -0.003305 0.014215
v 0.010508 -0.003330 0.014043
v 0.010211 -0.003322 0.013620
v 0.009741 -0.003314 0.013402
v 0.010337 -0.003337 0.015028
v 0.010555 -0.003336 0.014559
v 0.009439 -0.000328 0.015400
v 0.008970 -0.000319 0.015182
v 0.008672 -0.000311 0.014759
v 0.008626 -0.000306 0.014243
v 0.008844 -0.000305 0.013773
v 0.009267 -0.000308 0.013476
v 0.009783 -0.000314 0.013429
v 0.010252 -0.000323 0.013647
v 0.010550 -0.000331 0.014071
v 0.010596 -0.000336 0.014586
v 0.010378 -0.000338 0.015056
v 0.009955 -0.000334 0.015353
v 0.019966 -0.003486 0.016726
v 0.020264 -0.003494 0.017149
v 0.020905 -0.003496 0.016381
v 0.020733 -0.003502 0.017367
v 0.021249 -0.003509 0.017320
v 0.020561 -0.003482 0.015443
v 0.020138 -0.003479 0.015740
v 0.019920 -0.003480 0.016210
v 0.021844 -0.003505 0.016037
v 0.021546 -0.003497 0.015614
v 0.021077 -0.003489 0.015396
v 0.021672 -0.003512 0.017023
v 0.021890 -0.003511 0.016553
v 0.020775 -0.000503 0.017394
v 0.020305 -0.000494 0.017176
v 0.020007 -0.000486 0.016753
v 0.019961 -0.000481 0.016238
v 0.020179 -0.000480 0.015768
v 0.020602 -0.000483 0.015470
v 0.021118 -0.000489 0.015424
v 0.021588 -0.000498 0.015642
v 0.021885 -0.000506 0.016065
v 0.021931 -0.000511 0.016581
v 0.021714 -0.000512 0.017050
v 0.021290 -0.000509 0.017348
v 0.014244 -0.002562 0.011831
v 0.014783 -0.002547 0.009393
v 0.011854 -0.002500 0.008745
v 0.011315 -0.002515 0.011183
v 0.015299 -0.002548 0.008721
v 0.016277 -0.002554 0.007897
v 0.016805 -0.002550 0.006732
v 0.016781 -0.002538 0.005453
v 0.016209 -0.002520 0.004309
v 0.015201 -0.002498 0.003523
v 0.013952 -0.002479 0.003247
v 0.012706 -0.002464 0.003535
v 0.011705 -0.002458 0.004331
v 0.011143 -0.002460 0.005480
v 0.011131 -0.002472 0.006759
v 0.011670 -0.002490 0.007919
v 0.014501 -0.002326 0.007604
v 0.015210 -0.002345 0.008546
v 0.015157 -0.002331 0.007142
v 0.016121 -0.002350 0.007778
v 0.015495 -0.002329 0.006414
v 0.016612 -0.002347 0.006693
v 0.015423 -0.002321 0.005615
v 0.016590 -0.002336 0.005503
v 0.014962 -0.002308 0.004959
v 0.016057 -0.002319 0.004438
v 0.015118 -0.002299 0.003706
v 0.014234 -0.002295 0.004622
v 0.013956 -0.002281 0.003449
v 0.013435 -0.002285 0.004693
v 0.012795 -0.002267 0.003717
v 0.012779 -0.002280 0.005155
v 0.011863 -0.002261 0.004458
v 0.012441 -0.002282 0.005883
v 0.011341 -0.002264 0.005528
v 0.012513 -0.002290 0.006682
v 0.011329 -0.002274 0.006718
v 0.012974 -0.002303 0.007338
v 0.013016 -0.002361 0.013642
v 0.011295 -0.002320 0.011697
v 0.011671 -0.002340 0.013345
v 0.010901 -0.002317 0.012031
v 0.010587 -0.002317 0.012494
v 0.010403 -0.002312 0.012168
v 0.010251 -0.002309 0.012166
v 0.014268 -0.002371 0.012775
v 0.014661 -0.002379 0.013109
v 0.014357 -0.002377 0.013327
v 0.014800 -0.002382 0.013172
v 0.014051 -0.002363 0.012306
v 0.014051 -0.002359 0.011790
v 0.013702 -0.002316 0.007675
v 0.014591 -0.002344 0.009352
v 0.014811 -0.002342 0.008880
v 0.011831 -0.002291 0.007798
v 0.012052 -0.002299 0.008270
v 0.012052 -0.002303 0.008790
v 0.011513 -0.002318 0.011228
v 0.014144 -0.006296 0.004782
v 0.014197 -0.002496 0.004817
v 0.013449 -0.006287 0.004844
v 0.013501 -0.002487 0.004879
v 0.012877 -0.006283 0.005246
v 0.012929 -0.002483 0.005281
v 0.012583 -0.006284 0.005880
v 0.012635 -0.002485 0.005915
v 0.012645 -0.006292 0.006576
v 0.012698 -0.002492 0.006611
v 0.013047 -0.006303 0.007148
v 0.013100 -0.002503 0.007183
v 0.013681 -0.006314 0.007442
v 0.013734 -0.002515 0.007477
v 0.014377 -0.006323 0.007379
v 0.014430 -0.002524 0.007414
v 0.014949 -0.006327 0.006977
v 0.015001 -0.002528 0.007012
v 0.015243 -0.006325 0.006343
v 0.015295 -0.002526 0.006378
v 0.015180 -0.006318 0.005647
v 0.015233 -0.002519 0.005682
v 0.014778 -0.006307 0.005076
v 0.014831 -0.002508 0.005111
v 0.013827 -0.008883 0.003989
v 0.014273 -0.006291 0.004043
v 0.013418 -0.008878 0.004039
v 0.013191 -0.006277 0.004140
v 0.012358 -0.008869 0.004638
v 0.012669 -0.008871 0.004370
v 0.012301 -0.006270 0.004765
v 0.013028 -0.008874 0.004167
v 0.013155 -0.008875 0.004116
v 0.011918 -0.008869 0.005331
v 0.012104 -0.008869 0.004963
v 0.012266 -0.008869 0.004742
v 0.011941 -0.006284 0.006834
v 0.011778 -0.008875 0.006138
v 0.011844 -0.006273 0.005752
v 0.011808 -0.008871 0.005727
v 0.012159 -0.008891 0.007295
v 0.012427 -0.008897 0.007607
v 0.012566 -0.006301 0.007723
v 0.011956 -0.008885 0.006937
v 0.011905 -0.008883 0.006810
v 0.013552 -0.006319 0.008181
v 0.013118 -0.008911 0.008046
v 0.012530 -0.008900 0.007699
v 0.014728 -0.008933 0.008008
v 0.014599 -0.008931 0.008060
v 0.014635 -0.006333 0.008083
v 0.013929 -0.008923 0.008187
v 0.013516 -0.008917 0.008157
v 0.015524 -0.006340 0.007458
v 0.015397 -0.008938 0.007536
v 0.015086 -0.008936 0.007805
v 0.015981 -0.006337 0.006472
v 0.015946 -0.008935 0.006447
v 0.015835 -0.008937 0.006845
v 0.015488 -0.008938 0.007434
v 0.015797 -0.008922 0.005237
v 0.015849 -0.008924 0.005365
v 0.015884 -0.006326 0.005389
v 0.015926 -0.008927 0.005629
v 0.015976 -0.008932 0.006037
v 0.015595 -0.008916 0.004880
v 0.015259 -0.006309 0.004500
v 0.015325 -0.008909 0.004567
v 0.014237 -0.008889 0.004019
v 0.014634 -0.008896 0.004129
v 0.015223 -0.008907 0.004476
v 0.010615 -0.000317 0.012512
v 0.011393 -0.000334 0.013197
v 0.011698 -0.000340 0.013363
v 0.012354 -0.000351 0.013587
v 0.014385 -0.000377 0.013346
v 0.013390 -0.000366 0.013639
v 0.013043 -0.000362 0.013660
v 0.005102 -0.003977 0.010918
v 0.010113 -0.000306 0.012070
v 0.009937 -0.002425 0.011968
v 0.009810 -0.002421 0.011909
v 0.009704 -0.002398 0.011868
v 0.015026 -0.000384 0.013156
v 0.015640 -0.002401 0.013165
v 0.015626 -0.002408 0.013163
v 0.015598 -0.002422 0.013157
v 0.015540 -0.002448 0.013147
v 0.015419 -0.002488 0.013132
v 0.015164 -0.002508 0.013124
v 0.011854 -0.002496 0.008311
v 0.014967 -0.002546 0.009000
v 0.014752 -0.002579 0.012931
v 0.014545 -0.002575 0.012785
v 0.014424 -0.002572 0.012652
v 0.014267 -0.002567 0.012348
v 0.014243 -0.002566 0.012262
v 0.010390 -0.002510 0.011966
v 0.010640 -0.002513 0.011921
v 0.010805 -0.002514 0.011852
v 0.011134 -0.002516 0.011574
v 0.011076 -0.002516 0.011643
v -0.011916 -0.003606 -0.001944
v -0.011930 0.000126 -0.001805
v -0.011981 -0.003558 -0.001839
v -0.012133 0.000127 -0.001655
v 0.023508 -0.002294 -0.002046
v 0.023428 -0.008094 -0.002099
v 0.007827 -0.000113 -0.005501
v 0.007720 -0.007845 -0.005572
v -0.007740 -0.007677 -0.005761
v -0.007782 0.000103 -0.005582
v -0.007888 -0.007619 -0.005653
v -0.008133 0.000107 -0.005455
v -0.010146 0.000137 -0.005728
v -0.010545 0.000141 -0.005534
v -0.011640 0.004231 0.002715
v -0.011583 0.008380 0.002753
v -0.010774 0.004196 0.005203
v -0.010717 0.008345 0.005241
v -0.009386 0.004156 0.007442
v -0.009329 0.008306 0.007480
v -0.007543 0.004113 0.009324
v -0.007486 0.008263 0.009363
v -0.005334 0.004070 0.010759
v -0.005276 0.008219 0.010797
v -0.002864 0.004027 0.011677
v -0.002807 0.008177 0.011715
v -0.000254 0.003988 0.012033
v -0.000197 0.008137 0.012071
v 0.002371 0.003954 0.011811
v 0.002428 0.008103 0.011850
v 0.004885 0.003926 0.011022
v 0.004942 0.008075 0.011060
v 0.032229 0.007128 -0.004573
v 0.032001 0.007132 -0.004638
v 0.032739 0.008496 -0.003103
v 0.031592 0.008738 -0.003271
v 0.032324 0.008726 -0.003047
v 0.032594 0.008592 -0.003070
v 0.032437 0.008724 -0.003007
v 0.033003 0.008375 -0.003105
v 0.033686 0.007102 -0.004025
v 0.033133 0.007112 -0.004262
v 0.030386 0.007157 -0.004960
v 0.028538 0.007184 -0.005069
v 0.030257 0.008759 -0.003528
v 0.028451 0.008385 -0.003979
v 0.029507 0.008770 -0.003598
v 0.028426 0.008741 -0.003655
v 0.033280 0.008322 -0.003027
v 0.033339 0.008322 -0.002999
v 0.034014 0.007096 -0.003866
v 0.033525 0.008328 -0.002899
v 0.034867 0.007080 -0.003380
v 0.033960 0.008338 -0.002646
v 0.035243 0.007072 -0.003127
v 0.034503 0.008344 -0.002288
v 0.030997 0.008747 -0.003408
v 0.030974 0.008747 -0.003328
v 0.029848 0.008764 -0.003555
v 0.032261 0.008725 -0.002896
v 0.039042 -0.000459 0.006937
v 0.038907 -0.000434 0.004431
v 0.039420 -0.000448 0.005168
v 0.031510 -0.000460 0.018356
v 0.022990 -0.000311 0.015009
v 0.023902 -0.000362 0.019144
v 0.026158 -0.000394 0.019247
v 0.028229 -0.000422 0.019128
v 0.032490 -0.000470 0.017952
v 0.031177 -0.000434 0.016051
v 0.037583 -0.000483 0.011704
v 0.038593 -0.000475 0.009407
v 0.023217 -0.000315 0.015097
v 0.025093 -0.000349 0.015940
v 0.027099 -0.000381 0.016389
v 0.029155 -0.000410 0.016427
v 0.032930 -0.000452 0.015357
v 0.033244 -0.000457 0.015468
v 0.033442 -0.000478 0.017473
v 0.033704 -0.000464 0.015471
v 0.035196 -0.000492 0.016333
v 0.034131 -0.000468 0.015301
v 0.036711 -0.000501 0.014997
v 0.036069 -0.000480 0.013705
v 0.037383 -0.000503 0.014253
v -0.015961 0.000394 -0.003202
v -0.015548 0.000407 -0.005203
v -0.015071 0.000301 0.005580
v -0.014104 0.000269 0.007677
v -0.012900 0.000235 0.009567
v -0.011526 0.000201 0.011189
v -0.010770 0.000184 0.011909
v 0.038798 -0.000504 0.012159
v 0.014963 -0.000184 0.013234
v 0.014042 -0.000176 0.013702
v 0.012892 -0.000161 0.013860
v 0.011758 -0.000143 0.013609
v 0.010782 -0.000124 0.012981
v 0.010144 -0.000108 0.012168
v -0.015444 0.000316 0.004490
v -0.016080 0.000356 0.001168
v -0.016145 0.000377 -0.001003
v -0.009214 0.000151 0.013094
v -0.003103 0.000045 0.015512
v -0.005440 0.000083 0.014876
v -0.007481 0.000118 0.014060
v 0.033415 0.006911 0.017198
v 0.033914 0.008468 0.015325
v 0.033760 0.008537 0.015363
v 0.034146 0.008414 0.015214
v 0.034854 0.006899 0.016282
v 0.035083 0.008337 0.014534
v 0.036139 0.006891 0.015223
v 0.035245 0.008326 0.014400
v 0.033296 0.008540 0.015665
v 0.032742 0.008545 0.015988
v 0.031881 0.006926 0.017928
v 0.031913 0.008552 0.016404
v 0.029893 0.008574 0.017117
v 0.030283 0.006943 0.018456
v 0.030918 0.008563 0.016806
v 0.031352 0.008558 0.016643
v 0.022483 0.001854 -0.002184
v 0.022063 0.001861 -0.002277
v 0.022452 0.001855 -0.002269
v 0.032504 0.001724 -0.003134
v 0.032376 0.001726 -0.003088
v 0.030467 0.001757 -0.003696
v 0.022622 0.001852 -0.002164
v 0.022815 0.001851 -0.002410
v 0.024384 0.001836 -0.003119
v 0.025097 0.001830 -0.003494
v 0.026358 0.001815 -0.003724
v 0.027573 0.001800 -0.003990
v 0.028414 0.001788 -0.003919
v 0.030096 0.001764 -0.003869
v 0.032513 0.001724 -0.003137
v 0.039048 -0.000235 0.004289
v 0.039073 0.001565 0.004306
v 0.039630 0.001550 0.005106
v 0.039606 -0.000250 0.005090
v 0.039839 0.001538 0.006059
v 0.039814 -0.000261 0.006043
v 0.022794 0.000302 -0.002424
v 0.024229 0.000289 -0.003185
v 0.025075 0.000280 -0.003508
v 0.026485 0.000264 -0.003868
v 0.027552 0.000250 -0.004005
v 0.028838 0.000233 -0.004020
v 0.032492 0.000174 -0.003151
v 0.031164 0.000197 -0.003634
v 0.030075 0.000214 -0.003883
v 0.038539 -0.000213 0.002726
v 0.038971 -0.000219 0.002689
v 0.038564 0.001586 0.002743
v 0.038996 0.001581 0.002705
v 0.018490 0.008142 0.005249
v 0.018643 0.008148 0.004286
v 0.018653 0.008847 0.004292
v 0.029754 0.001967 -0.003618
v 0.028415 0.001986 -0.003717
v 0.027252 0.002002 -0.003657
v 0.027800 0.008740 -0.003635
v 0.032167 0.001927 -0.002958
v 0.030428 0.001956 -0.003498
v 0.022691 0.008149 -0.001850
v 0.023299 0.008144 -0.002244
v 0.023963 0.008837 -0.002596
v 0.027458 0.008746 -0.003607
v 0.027345 0.008750 -0.003595
v 0.026400 0.002012 -0.003526
v 0.026458 0.008810 -0.003456
v 0.024819 0.002030 -0.003074
v 0.024913 0.008828 -0.003012
v 0.024464 0.002033 -0.002933
v 0.023215 0.002045 -0.002300
v 0.024072 0.008836 -0.002650
v 0.022980 0.008845 -0.002033
v 0.022700 0.008847 -0.001843
v 0.021540 0.008156 -0.000908
v 0.021814 0.008853 -0.001145
v 0.020837 0.008159 -0.000168
v 0.019469 0.008857 0.001927
v 0.021089 0.008857 -0.000434
v 0.020847 0.008858 -0.000162
v 0.020048 0.008160 0.000885
v 0.020216 0.008859 0.000656
v 0.019459 0.008159 0.001921
v 0.019013 0.008155 0.002976
v 0.018440 0.008128 0.006780
v 0.018450 0.008827 0.006786
v 0.018508 0.008120 0.007582
v 0.018526 0.008818 0.007655
v 0.018862 0.008100 0.009246
v 0.018872 0.008798 0.009253
v 0.019066 0.008091 0.009847
v 0.019235 0.008784 0.010254
v 0.019356 0.008780 0.010527
v 0.019883 0.008065 0.011531
v 0.019812 0.008766 0.011401
v 0.019893 0.008763 0.011537
v 0.020191 0.008755 0.011999
v 0.020133 0.008058 0.011921
v 0.020585 0.008745 0.012534
v 0.021439 0.008025 0.013490
v 0.020939 0.008736 0.012959
v 0.021449 0.008724 0.013496
v 0.021606 0.008720 0.013646
v 0.023432 0.007984 0.015000
v 0.022377 0.008704 0.014298
v 0.021272 0.008728 0.013318
v 0.021652 0.008020 0.013692
v 0.033060 0.008548 0.015212
v 0.032938 -0.000250 0.015131
v 0.032641 0.008551 0.015418
v 0.031124 -0.000232 0.015861
v 0.031705 0.008561 0.015795
v 0.028104 -0.000193 0.016261
v 0.028835 0.008596 0.016336
v 0.029141 -0.000208 0.016229
v 0.029779 0.008583 0.016254
v 0.030592 -0.000225 0.016001
v 0.030714 0.008572 0.016082
v 0.030746 0.008572 0.016074
v 0.023335 0.008684 0.014944
v 0.023443 0.008682 0.015007
v 0.023320 -0.000115 0.014926
v 0.024590 0.008661 0.015574
v 0.025159 -0.000148 0.015752
v 0.025750 0.008642 0.015976
v 0.025628 -0.000156 0.015895
v 0.026139 0.008635 0.016076
v 0.027126 -0.000179 0.016192
v 0.027903 0.008609 0.016330
v 0.028225 0.008604 0.016342
v 0.036136 0.006851 0.015092
v 0.036179 0.006106 0.015133
v 0.035316 0.008168 0.014336
v 0.035288 0.006126 0.014317
v 0.034584 0.008204 -0.002231
v 0.034557 0.006288 -0.002248
v 0.035266 0.007031 -0.003005
v 0.035298 0.006286 -0.003058
v 0.035305 0.006285 -0.003065
v 0.035305 0.006275 -0.003066
v 0.015970 0.007921 0.011263
v 0.015913 0.003822 0.011225
v 0.015904 0.003834 0.009935
v 0.015961 0.007933 0.009972
v 0.015337 0.003852 0.008776
v 0.015393 0.007952 0.008813
v 0.014322 0.003874 0.007978
v 0.014379 0.007973 0.008016
v 0.013062 0.003894 0.007699
v 0.013119 0.007993 0.007737
v 0.011806 0.003908 0.007995
v 0.011863 0.008008 0.008033
v 0.010803 0.003915 0.008807
v 0.010859 0.008014 0.008844
v 0.010250 0.003912 0.009973
v 0.010307 0.008011 0.010011
v 0.009929 0.003903 0.011428
v 0.009985 0.008002 0.011466
v 0.015807 0.003819 0.011704
v 0.015864 0.007918 0.011742
v 0.017004 0.007886 0.013530
v 0.016948 0.003787 0.013492
v 0.016420 0.003796 0.013263
v 0.016468 0.007896 0.013295
v 0.016011 0.003806 0.012840
v 0.016064 0.007905 0.012872
v 0.015795 0.003814 0.012293
v 0.015851 0.007913 0.012327
v 0.009332 0.003907 0.011808
v 0.009389 0.008007 0.011846
v 0.009524 0.003905 0.011813
v 0.009648 0.008003 0.011835
v 0.009591 0.003904 0.011797
v 0.009707 0.003903 0.011743
v 0.009866 0.008002 0.011695
v 0.009809 0.003902 0.011658
v 0.009849 0.003902 0.011608
v 0.005297 0.009149 -0.008476
v 0.005444 0.009149 -0.008736
v 0.004188 0.009171 -0.009168
v 0.003064 0.009189 -0.009475
v 0.002873 0.009192 -0.009536
v 0.002716 0.009195 -0.009575
v -0.008184 0.000313 -0.006082
v -0.006517 0.000306 -0.007842
v -0.004482 0.000290 -0.009159
v -0.002193 0.000266 -0.009959
v 0.004504 0.000183 -0.010996
v 0.004871 0.000159 -0.008961
v 0.002619 0.000199 -0.009857
v 0.000219 0.000235 -0.010196
v 0.000780 0.000242 -0.011819
v 0.003075 0.000206 -0.011384
v -0.000323 0.000258 -0.011933
v 0.038462 -0.000410 0.002494
v 0.038378 -0.000408 0.002429
v 0.038322 -0.000407 0.002338
v -0.008408 0.000314 -0.005877
v -0.008694 0.000317 -0.005770
v -0.008998 0.000322 -0.005778
v 0.035550 -0.000331 -0.001688
v 0.036498 -0.000337 -0.002545
v 0.037157 -0.000352 -0.001866
v 0.038563 -0.000412 0.002526
v 0.039302 -0.000413 0.001492
v 0.038908 -0.000416 0.002496
v 0.039573 -0.000422 0.002166
v 0.039591 -0.000424 0.002280
v 0.037168 -0.000371 0.000165
v 0.033170 -0.000271 -0.004667
v 0.033553 -0.000291 -0.003125
v 0.032242 -0.000255 -0.004989
v 0.031282 -0.000251 -0.004070
v 0.030353 -0.000226 -0.005395
v 0.038855 -0.000398 0.000569
v 0.038340 -0.000383 -0.000308
v 0.034078 -0.000288 -0.004256
v 0.034956 -0.000304 -0.003753
v 0.028854 -0.000213 -0.004474
v 0.026399 -0.000181 -0.004315
v 0.024044 -0.000155 -0.003602
v 0.022076 -0.000138 -0.002491
v 0.020579 -0.000093 -0.005089
v 0.014179 0.000010 -0.006747
v 0.008928 0.000070 -0.005399
v 0.015786 -0.000017 -0.006170
v 0.018365 -0.000059 -0.005453
v 0.006849 0.000119 -0.007559
v 0.008439 0.000080 -0.005730
v 0.008652 0.000075 -0.005518
v 0.009486 0.003072 0.015431
v 0.009445 0.000072 0.015403
v 0.009017 0.003080 0.015213
v 0.008975 0.000081 0.015186
v 0.008719 0.003088 0.014790
v 0.008678 0.000089 0.014762
v 0.008673 0.003094 0.014274
v 0.008631 0.000094 0.014247
v 0.008891 0.003095 0.013805
v 0.008849 0.000095 0.013777
v 0.009314 0.003092 0.013507
v 0.009273 0.000092 0.013479
v 0.009830 0.003085 0.013461
v 0.009788 0.000086 0.013433
v 0.010299 0.003077 0.013678
v 0.010258 0.000077 0.013651
v 0.010597 0.003069 0.014102
v 0.010555 0.000069 0.014074
v 0.010643 0.003063 0.014617
v 0.010602 0.000064 0.014590
v 0.010425 0.003062 0.015087
v 0.010384 0.000062 0.015059
v 0.010002 0.003065 0.015385
v 0.009960 0.000066 0.015357
v 0.009658 0.003079 0.014446
v 0.020822 0.002897 0.017425
v 0.020780 -0.000103 0.017398
v 0.020352 0.002905 0.017208
v 0.020311 -0.000094 0.017180
v 0.020054 0.002913 0.016784
v 0.020013 -0.000086 0.016757
v 0.020008 0.002919 0.016269
v 0.019967 -0.000081 0.016241
v 0.020226 0.002920 0.015799
v 0.020185 -0.000080 0.015772
v 0.020649 0.002917 0.015501
v 0.020608 -0.000083 0.015474
v 0.021165 0.002910 0.015455
v 0.021124 -0.000089 0.015428
v 0.021634 0.002902 0.015673
v 0.021593 -0.000098 0.015645
v 0.021932 0.002894 0.016096
v 0.021891 -0.000106 0.016069
v 0.021978 0.002888 0.016612
v 0.021937 -0.000111 0.016584
v 0.021761 0.002887 0.017081
v 0.021719 -0.000113 0.017054
v 0.021337 0.002890 0.017379
v 0.021296 -0.000109 0.017352
v 0.020993 0.002904 0.016440
v 0.019090 0.008728 0.016585
v 0.019021 0.008323 0.016931
v 0.020454 0.008707 0.016873
v 0.020395 0.008301 0.017220
v 0.022065 0.008682 0.017161
v 0.022024 0.008276 0.017511
v 0.018386 0.008739 0.016427
v 0.017666 0.008751 0.016263
v 0.016037 0.008370 0.016267
v 0.016831 0.008764 0.016077
v 0.016119 0.008775 0.015922
v 0.013361 0.008818 0.015389
v 0.012305 0.008428 0.015570
v 0.014325 0.008803 0.015564
v 0.012363 0.008834 0.015222
v 0.010376 0.008864 0.014937
v 0.010340 0.008458 0.015288
v 0.008238 0.008895 0.014714
v 0.008199 0.008490 0.015070
v 0.012735 0.008618 -0.005732
v 0.012274 0.008626 -0.005929
v 0.012142 0.009028 -0.005591
v 0.018663 0.008719 -0.003653
v 0.019899 0.008711 -0.003426
v 0.019844 0.008500 -0.003628
v 0.020964 0.008702 -0.003296
v 0.020976 0.008483 -0.003498
v 0.018786 0.008517 -0.003814
v 0.018677 0.008518 -0.003836
v 0.016527 0.008553 -0.004377
v 0.012517 0.009021 -0.005432
v 0.013043 0.009012 -0.005217
v 0.014317 0.008590 -0.005109
v 0.014130 0.008993 -0.004797
v 0.015866 0.008564 -0.004579
v 0.015783 0.008965 -0.004229
v 0.015999 0.008961 -0.004162
v 0.018642 0.008919 -0.003473
v 0.018739 0.008917 -0.003453
v 0.018933 0.008914 -0.003415
v 0.019983 0.008898 -0.003236
v 0.020960 0.008883 -0.003118
v 0.026696 0.008408 -0.003852
v 0.024897 0.008431 -0.003638
v 0.024895 0.008830 -0.003266
v 0.022981 0.008855 -0.003101
v 0.022378 0.008863 -0.003084
v 0.023855 0.008844 -0.003159
v 0.023007 0.008455 -0.003474
v 0.008707 0.009091 -0.007255
v 0.008839 0.008689 -0.007589
v 0.007115 0.009120 -0.008031
v 0.007237 0.008718 -0.008369
v 0.005543 0.008748 -0.009080
v 0.009512 0.009076 -0.006848
v 0.010345 0.009060 -0.006433
v 0.011314 0.009043 -0.005968
v 0.000078 0.009012 0.014275
v 0.000008 0.008607 0.014621
v 0.002203 0.008981 0.014458
v 0.002152 0.008576 0.014808
v 0.004234 0.008952 0.014546
v 0.004193 0.008547 0.014898
v 0.006228 0.008924 0.014609
v 0.007335 0.008908 0.014658
v 0.021901 0.007060 0.018560
v 0.024471 0.007021 0.018867
v 0.024495 0.008645 0.017460
v 0.025797 0.008627 0.017529
v 0.025860 0.007001 0.018933
v 0.026689 0.008614 0.017529
v 0.026816 0.006988 0.018927
v 0.027842 0.008599 0.017463
v 0.028058 0.006971 0.018848
v 0.028658 0.008589 0.017364
v 0.028940 0.006960 0.018735
v -0.015290 0.007710 0.003391
v -0.013911 0.009307 0.003174
v -0.015530 0.007725 0.002100
v -0.014132 0.009321 0.002035
v -0.015666 0.007738 0.000822
v -0.014260 0.009333 0.000914
v -0.015710 0.007750 -0.000420
v -0.014298 0.009353 -0.001202
v -0.013882 0.009377 -0.004460
v -0.015028 0.007785 -0.005413
v -0.014135 0.009367 -0.003039
v -0.015429 0.007775 -0.003740
v -0.015677 0.007760 -0.001608
v -0.013587 0.009292 0.004316
v -0.010725 0.007574 0.011433
v -0.009644 0.007550 0.012343
v -0.008750 0.009162 0.011220
v -0.009684 0.009182 0.010446
v -0.009743 0.009183 0.010392
v -0.011531 0.007592 0.010615
v -0.010481 0.009200 0.009649
v -0.010546 0.009202 0.009578
v -0.012276 0.007611 0.009729
v -0.011163 0.009217 0.008846
v -0.012970 0.007629 0.008764
v -0.011329 0.009221 0.008631
v -0.013592 0.007647 0.007747
v -0.012364 0.009250 0.007060
v -0.014138 0.007664 0.006695
v -0.012642 0.009259 0.006551
v -0.014605 0.007680 0.005610
v -0.013286 0.009281 0.005146
v -0.014936 0.007694 0.004679
v -0.014990 0.007696 0.004507
v 0.018814 0.007108 0.017971
v 0.015822 0.007156 0.017304
v 0.026723 0.007208 -0.004960
v 0.024906 0.007231 -0.004753
v 0.023032 0.007256 -0.004588
v 0.021049 0.007283 -0.004601
v -0.001092 0.009030 0.014116
v -0.007961 0.009146 0.011760
v -0.008788 0.007533 0.012934
v -0.007136 0.009130 0.012236
v -0.007894 0.007516 0.013455
v -0.005381 0.009099 0.013025
v -0.006000 0.007483 0.014312
v -0.004461 0.009083 0.013342
v -0.005013 0.007466 0.014657
v -0.003365 0.009065 0.013654
v -0.003840 0.007447 0.014994
v -0.002170 0.009046 0.013925
v -0.002569 0.007427 0.015284
v -0.001429 0.007410 0.015489
v -0.000200 0.007392 0.015660
v 0.012130 0.007213 0.016614
v 0.010109 0.007244 0.016327
v 0.008072 0.007274 0.016122
v 0.012637 0.007422 -0.006941
v 0.014618 0.007387 -0.006140
v 0.016751 0.007351 -0.005433
v 0.018929 0.007316 -0.004896
v 0.002002 0.007360 0.015858
v 0.004071 0.007330 0.015952
v 0.009236 0.007484 -0.008593
v 0.007601 0.007514 -0.009383
v 0.005840 0.007545 -0.010113
v 0.003868 0.007577 -0.010749
v -0.002232 0.007667 -0.011489
v -0.001931 0.009263 -0.010059
v -0.001293 0.007655 -0.011535
v -0.001189 0.009253 -0.010090
v -0.000301 0.007641 -0.011502
v 0.000627 0.009227 -0.009967
v 0.000610 0.007628 -0.011414
v 0.001777 0.007610 -0.011234
v 0.001810 0.009209 -0.009773
v 0.003069 0.007590 -0.010958
v -0.002685 0.009273 -0.009958
v -0.003079 0.007678 -0.011366
v -0.003419 0.009281 -0.009784
v -0.003861 0.007687 -0.011173
v -0.004667 0.009294 -0.009286
v -0.005250 0.007701 -0.010626
v -0.005707 0.009303 -0.008644
v -0.006506 0.007712 -0.009876
v -0.006569 0.009308 -0.007939
v -0.007413 0.007718 -0.009171
v 0.035765 0.005072 -0.002959
v 0.035723 0.006168 -0.002874
v 0.036504 0.006151 -0.002189
v 0.039999 0.006040 0.004606
v 0.040171 0.002547 0.004539
v 0.039957 0.002560 0.003465
v 0.039781 0.006053 0.003519
v 0.039669 0.002573 0.002486
v 0.039461 0.006067 0.002462
v 0.039301 0.002587 0.001538
v 0.039014 0.006083 0.001368
v 0.038856 0.002602 0.000619
v 0.038549 0.006098 0.000470
v 0.038343 0.002617 -0.000254
v 0.037961 0.006115 -0.000465
v 0.037165 0.002647 -0.001806
v 0.037294 0.006132 -0.001338
v 0.036508 0.002663 -0.002482
v 0.035812 0.002678 -0.003087
v 0.033413 0.008541 0.015356
v 0.019344 0.008743 0.014545
v 0.018931 0.008753 0.014106
v 0.018552 0.008764 0.013427
v 0.019865 0.008734 0.014821
v 0.021609 0.008704 0.015361
v 0.020423 0.008724 0.015029
v 0.018509 0.008747 0.015399
v 0.017930 0.008758 0.015061
v 0.016794 0.008773 0.015114
v 0.017341 0.008771 0.014548
v 0.018291 0.008766 0.013660
v 0.017531 0.008797 0.011458
v 0.019036 0.008783 0.010685
v 0.018671 0.008774 0.012212
v 0.018282 0.008790 0.011072
v 0.017793 0.008780 0.012888
v 0.016953 0.008785 0.013576
v 0.017521 0.008775 0.013798
v 0.016641 0.008780 0.014594
v 0.016572 0.008779 0.014796
v 0.016251 0.008776 0.015631
v 0.011708 0.009022 -0.004315
v 0.008249 0.008899 0.014304
v 0.020791 0.008874 -0.001832
v 0.020228 0.008859 0.000607
v 0.020677 0.008870 -0.001282
v 0.019325 0.008884 -0.000739
v 0.018802 0.008869 0.001632
v 0.017751 0.008842 0.006200
v 0.011841 0.008865 0.012536
v 0.011563 0.008871 0.012309
v 0.014081 0.008832 0.012748
v 0.013652 0.008837 0.012890
v 0.013205 0.008843 0.012944
v 0.013182 0.008843 0.012945
v 0.012756 0.008849 0.012911
v 0.012321 0.008856 0.012790
v 0.015202 0.008827 0.011685
v 0.014930 0.008817 0.013147
v 0.015416 0.008830 0.011041
v 0.015522 0.008831 0.010747
v 0.015444 0.008831 0.010815
v 0.014815 0.008827 0.012232
v 0.014575 0.008828 0.012451
v 0.014628 0.008810 0.014354
v 0.014144 0.008832 0.012719
v 0.016642 0.008859 0.006026
v 0.015530 0.008876 0.005810
v 0.014915 0.008854 0.009170
v 0.015303 0.008842 0.009835
v 0.015395 0.008838 0.010143
v 0.015450 0.008833 0.010592
v 0.013172 0.008886 0.008345
v 0.013548 0.008880 0.008380
v 0.014415 0.008894 0.005558
v 0.014135 0.008870 0.008566
v 0.014739 0.008858 0.008982
v 0.011486 0.008902 0.009059
v 0.011497 0.008902 0.009047
v 0.012179 0.008930 0.004958
v 0.011827 0.008900 0.008765
v 0.012206 0.008897 0.008548
v 0.012220 0.008897 0.008542
v 0.012647 0.008892 0.008401
v 0.013097 0.008887 0.008346
v 0.011005 0.008902 0.009817
v 0.011209 0.008903 0.009414
v 0.010168 0.008917 0.009466
v 0.011061 0.008949 0.004608
v 0.010862 0.008894 0.010874
v 0.010885 0.008900 0.010250
v 0.010978 0.008902 0.009893
v 0.009724 0.008899 0.012043
v 0.009456 0.008890 0.013402
v 0.010906 0.008891 0.011147
v 0.010937 0.008890 0.011269
v 0.011169 0.008881 0.011812
v 0.017702 0.008887 0.001323
v 0.013169 0.008961 0.000117
v 0.012032 0.008979 -0.000146
v 0.013688 0.008976 -0.002319
v 0.012565 0.008994 -0.002591
v 0.012812 0.009003 -0.003885
v 0.013951 0.008984 -0.003541
v 0.015435 0.008924 0.000759
v 0.008352 0.008908 0.013180
v 0.008520 0.008916 0.012070
v 0.008981 0.008933 0.009487
v 0.016599 0.008816 0.010787
v 0.015958 0.008803 0.013187
v 0.019637 0.008891 -0.001976
v 0.018222 0.008902 -0.001058
v 0.009944 0.008968 0.004221
v 0.010551 0.008988 0.001105
v 0.011593 0.009020 -0.003864
v 0.021052 0.008858 -0.000482
v 0.021223 0.008863 -0.001278
v 0.021344 0.008868 -0.002051
v 0.022765 0.008852 -0.002421
v 0.022062 0.008860 -0.002270
v 0.037921 0.004892 0.013408
v 0.037997 0.002496 0.013461
v 0.038633 0.002496 0.012461
v 0.038484 0.005989 0.012386
v 0.037860 0.005989 0.013365
v 0.038798 0.002496 0.012165
v 0.039011 0.005991 0.011355
v 0.039172 0.002498 0.011407
v 0.039241 0.002499 0.011251
v 0.039444 0.005995 0.010270
v 0.039608 0.002502 0.010309
v 0.039941 0.002508 0.009178
v 0.039764 0.006001 0.009186
v 0.040109 0.002513 0.008375
v 0.039989 0.006008 0.008050
v 0.040166 0.002515 0.008025
v 0.040281 0.002525 0.006860
v 0.040105 0.006017 0.006905
v 0.040284 0.002535 0.005695
v 0.040109 0.006028 0.005740
v -0.006370 0.009301 -0.007517
v -0.006245 0.009301 -0.007622
v -0.006958 0.009304 -0.006972
v -0.007936 0.009315 -0.006623
v -0.007534 0.009307 -0.006342
v -0.008572 0.009319 -0.006123
v -0.008001 0.009308 -0.005740
v -0.009268 0.009326 -0.005803
v -0.008812 0.009317 -0.005510
v -0.008056 0.009308 -0.005662
v -0.008353 0.009308 -0.005215
v -0.004400 0.009286 -0.008832
v -0.005389 0.009295 -0.008256
v -0.001904 0.009260 -0.009707
v -0.001861 0.009259 -0.009716
v -0.003251 0.009275 -0.009328
v -0.004275 0.009285 -0.008894
v 0.000594 0.009227 -0.009905
v -0.001028 0.009249 -0.009849
v 0.011949 0.009029 -0.005377
v 0.009453 0.009046 -0.003523
v 0.010782 0.009035 -0.004376
v 0.010079 0.009052 -0.005159
v 0.008645 0.009072 -0.005153
v 0.008810 0.009067 -0.004874
v 0.009037 0.009060 -0.004454
v 0.007305 0.009107 -0.006878
v 0.007756 0.009096 -0.006380
v 0.008009 0.009094 -0.006608
v 0.008220 0.009084 -0.005789
v 0.008718 0.009081 -0.006195
v 0.009421 0.009067 -0.005736
v 0.005348 0.009148 -0.008444
v 0.011527 0.009031 -0.004967
v 0.010677 0.009048 -0.005558
v 0.009882 0.009064 -0.006083
v 0.006668 0.009121 -0.007480
v 0.010631 0.009029 -0.003471
v 0.010407 0.009023 -0.002417
v 0.010904 0.009018 -0.002672
v 0.011178 0.009025 -0.003855
v 0.008281 0.008928 0.011085
v 0.005552 0.008990 0.008483
v 0.006150 0.008970 0.009689
v 0.005618 0.008989 0.008439
v 0.006686 0.008953 0.010801
v 0.006311 0.008984 0.007941
v 0.009850 0.008986 0.002414
v 0.008964 0.008977 0.004759
v 0.007701 0.008968 0.007543
v 0.010429 0.009003 -0.000324
v 0.010118 0.009007 -0.000298
v 0.010124 0.009005 -0.000077
v 0.010097 0.009011 -0.000669
v 0.009770 0.009033 -0.002559
v 0.009867 0.009028 -0.002174
v 0.007952 0.008938 0.010500
v 0.007747 0.008930 0.011651
v 0.008071 0.008919 0.012392
v 0.007944 0.008908 0.013710
v 0.008389 0.008952 0.008258
v 0.007271 0.008957 0.009391
v 0.007524 0.008978 0.006811
v 0.007590 0.008922 0.012781
v 0.007910 0.008910 0.013610
v 0.005937 0.008957 0.011428
v 0.005214 0.008964 0.011796
v 0.005719 0.008944 0.013193
v 0.000914 0.009039 0.010052
v 0.000200 0.009049 0.010083
v 0.001926 0.009007 0.012049
v 0.003611 0.008984 0.012031
v 0.003023 0.009014 0.009655
v 0.001685 0.009029 0.009961
v 0.003368 0.009010 0.009543
v 0.004425 0.008973 0.011958
v 0.003635 0.009007 0.009447
v 0.004240 0.009001 0.009198
v 0.004873 0.008995 0.008885
v 0.004828 0.008956 0.013264
v 0.003922 0.008968 0.013287
v 0.005973 0.008934 0.013900
v 0.006945 0.008921 0.013804
v 0.006586 0.008934 0.012980
v -0.006064 0.009155 0.007937
v -0.005372 0.009141 0.008437
v -0.004638 0.009127 0.008876
v -0.003986 0.009115 0.009199
v -0.003068 0.009099 0.009560
v -0.001590 0.009075 0.009935
v -0.008361 0.009210 0.005372
v -0.008787 0.009223 0.004617
v -0.009110 0.009234 0.003915
v -0.009429 0.009247 0.003031
v -0.009642 0.009257 0.002222
v -0.007319 0.009183 0.006760
v -0.007868 0.009197 0.006091
v -0.007869 0.009197 0.006090
v -0.006715 0.009169 0.007378
v -0.006123 0.009156 0.007891
v -0.009608 0.009297 -0.002201
v -0.009312 0.009302 -0.003215
v -0.011615 0.009340 -0.003844
v -0.009813 0.009289 -0.001009
v -0.009825 0.009288 -0.000886
v -0.009858 0.009275 0.000621
v -0.009784 0.009266 0.001416
v -0.009773 0.009265 0.001497
v -0.010068 0.009336 -0.005693
v -0.008693 0.009307 -0.004626
v -0.008718 0.009307 -0.004579
v -0.009315 0.009315 -0.004523
v -0.008983 0.009305 -0.004038
v -0.009051 0.009305 -0.003886
v -0.013622 0.009382 -0.005372
v -0.013659 0.009381 -0.005274
v -0.009150 0.009304 -0.003647
v -0.009228 0.009303 -0.003447
v -0.010113 0.009331 -0.005166
v -0.010915 0.009348 -0.005738
v -0.012428 0.009371 -0.005981
v -0.012771 0.009376 -0.006018
v -0.012948 0.009378 -0.006014
v -0.013066 0.009380 -0.005994
v -0.013304 0.009382 -0.005873
v -0.013401 0.009382 -0.005775
v -0.014014 0.007788 -0.007154
v -0.013669 0.007810 -0.007314
v -0.013332 0.007866 -0.007343
v -0.013175 0.007896 -0.007332
v -0.012753 0.007925 -0.007302
v -0.014795 0.007788 -0.006050
v -0.014629 0.007789 -0.006396
v -0.014285 0.007789 -0.006904
v -0.014160 0.007789 -0.007033
v 0.035290 0.006177 -0.003199
v 0.034935 0.005089 -0.003551
v 0.032269 0.002744 -0.004916
v 0.030385 0.002773 -0.005319
v 0.030393 0.005167 -0.005162
v 0.034973 0.002695 -0.003686
v 0.034069 0.005106 -0.004046
v 0.034097 0.002712 -0.004187
v 0.033175 0.005122 -0.004449
v 0.033194 0.002728 -0.004595
v 0.032259 0.005137 -0.004765
v 0.028528 0.005194 -0.005277
v 0.028507 0.002801 -0.005440
v 0.030308 0.004950 0.018615
v 0.036191 0.005994 0.015271
v 0.035503 0.004902 0.015972
v 0.036387 0.004897 0.015190
v 0.037197 0.004893 0.014333
v 0.037065 0.005991 0.014369
v 0.037265 0.002497 0.014396
v 0.036447 0.002500 0.015262
v 0.035554 0.002505 0.016053
v 0.035209 0.002508 0.016324
v 0.034553 0.004909 0.016676
v 0.034596 0.002512 0.016764
v 0.033583 0.002520 0.017392
v 0.033549 0.004917 0.017297
v 0.032524 0.002530 0.017931
v 0.032500 0.004926 0.017831
v 0.031431 0.002541 0.018377
v 0.031417 0.004937 0.018271
v 0.030314 0.002553 0.018725
v 0.040184 0.001548 0.004526
v 0.040300 0.001535 0.005754
v 0.040285 0.001538 0.005479
v 0.040286 0.001524 0.006996
v 0.040308 0.001528 0.006440
v 0.039905 0.001507 0.009364
v 0.040122 0.001513 0.008371
v 0.040166 0.001515 0.008105
v 0.039522 0.001501 0.010583
v 0.039062 0.001498 0.011668
v 0.038005 0.001046 0.013468
v 0.038809 0.001047 0.012168
v 0.039032 -0.000395 0.011703
v 0.039051 0.001502 0.011237
v 0.039026 -0.000298 0.011220
v 0.039390 0.001577 0.002580
v 0.039480 0.001576 0.002534
v 0.038987 0.001567 0.004257
v 0.038899 0.001568 0.004253
v 0.038487 0.001588 0.002727
v 0.039549 0.001575 0.002461
v 0.039949 0.001562 0.003369
v 0.039591 0.001576 0.002369
v 0.040064 0.001555 0.003864
v 0.039600 0.001576 0.002310
v 0.039599 0.001576 0.002269
v 0.039582 0.001577 0.002191
v 0.039179 0.001510 0.010123
v 0.039693 0.001521 0.008121
v 0.039155 -0.000290 0.010107
v 0.039668 -0.000278 0.008104
v 0.039011 -0.000295 0.010946
v 0.039576 -0.000191 0.002169
v 0.035813 0.001229 -0.003128
v 0.036511 0.001213 -0.002522
v 0.039313 0.001138 0.001511
v 0.038866 0.001152 0.000589
v 0.038352 0.001167 -0.000287
v 0.037170 0.001198 -0.001843
v 0.039384 -0.000193 0.002558
v 0.039384 -0.000223 0.002558
v 0.039490 -0.000194 0.002500
v 0.039563 -0.000193 0.002404
v 0.039594 -0.000193 0.002288
v 0.039565 -0.000323 0.002397
v 0.039512 -0.000263 0.002476
v 0.039456 -0.000235 0.002524
v 0.022568 0.007953 -0.002128
v 0.008997 0.008168 -0.005129
v 0.022038 0.000061 -0.002294
v 0.008888 0.000269 -0.005202
v 0.022615 0.000281 -0.002334
v 0.022430 0.000222 -0.002284
v 0.022128 0.000059 -0.002278
v -0.014518 0.005191 -0.007016
v -0.014666 0.003411 -0.007005
v -0.014791 0.003411 -0.006820
v -0.015318 0.003407 -0.005646
v -0.015001 0.003410 -0.006437
v -0.014244 0.006961 -0.007076
v 0.029182 0.002567 0.018973
v 0.029186 0.004963 0.018860
v 0.028262 0.002578 0.019107
v 0.028059 0.004977 0.019015
v 0.025841 0.005007 0.019104
v 0.026197 0.002606 0.019225
v 0.028048 0.002581 0.019130
v 0.021850 0.005066 0.018734
v 0.021800 0.002670 0.018854
v 0.023741 0.005038 0.018978
v 0.023701 0.002642 0.019098
v 0.025814 0.002611 0.019223
v 0.037395 0.001047 0.014260
v 0.035211 0.001058 0.016338
v 0.036724 0.001049 0.015003
v 0.033458 0.001072 0.017477
v 0.032507 0.001081 0.017956
v 0.031527 0.001090 0.018359
v 0.030304 0.001104 0.018746
v 0.026703 0.005218 -0.005171
v 0.026675 0.002825 -0.005336
v 0.024882 0.005242 -0.004966
v 0.024852 0.002848 -0.005132
v 0.023012 0.005266 -0.004800
v 0.022985 0.002873 -0.004966
v 0.021038 0.005293 -0.004812
v 0.021017 0.002900 -0.004977
v 0.021000 0.001451 -0.005028
v 0.018919 0.002932 -0.005267
v 0.018931 0.005325 -0.005104
v 0.018398 0.002940 -0.005376
v 0.016767 0.005360 -0.005638
v 0.016766 0.002966 -0.005798
v 0.014658 0.003002 -0.006499
v 0.014649 0.005396 -0.006342
v 0.012696 0.003036 -0.007296
v 0.012678 0.005431 -0.007140
v 0.012690 0.001587 -0.007345
v 0.014197 0.001560 -0.006720
v 0.015804 0.001533 -0.006144
v 0.018385 0.001491 -0.005426
v 0.020599 0.001457 -0.005062
v 0.009284 0.005493 -0.008792
v 0.009306 0.003098 -0.008947
v 0.007643 0.005523 -0.009582
v 0.007661 0.003128 -0.009738
v 0.005869 0.005554 -0.010314
v 0.005879 0.003160 -0.010471
v -0.001343 0.005666 -0.011737
v -0.001433 0.003678 -0.011875
v -0.001821 0.004581 -0.011810
v -0.000279 0.003257 -0.011857
v -0.000338 0.005652 -0.011705
v 0.000820 0.003241 -0.011743
v 0.001766 0.005620 -0.011438
v 0.001745 0.003227 -0.011597
v 0.003108 0.003205 -0.011308
v 0.003880 0.005587 -0.010952
v 0.003876 0.003193 -0.011110
v 0.004533 0.003182 -0.010920
v -0.002295 0.005678 -0.011689
v -0.002304 0.005392 -0.011713
v -0.001300 0.003272 -0.011895
v -0.007475 0.006864 -0.009250
v -0.006556 0.007145 -0.009922
v -0.006395 0.007188 -0.010027
v -0.004173 0.007044 -0.011151
v -0.004609 0.007207 -0.010973
v -0.005199 0.007313 -0.010701
v -0.005342 0.007321 -0.010629
v -0.005777 0.007303 -0.010396
v -0.003592 0.006710 -0.011360
v -0.003248 0.006445 -0.011468
v -0.002686 0.005885 -0.011623
v -0.007742 0.006804 -0.009027
v -0.007844 0.006790 -0.008939
v -0.008204 0.006800 -0.008608
v -0.008243 0.006810 -0.008571
v -0.008503 0.006947 -0.008309
v -0.008735 0.007231 -0.008057
v -0.008734 0.007723 -0.007981
v -0.008764 0.007281 -0.008024
v -0.008950 0.007724 -0.007804
v -0.000301 0.001808 -0.011907
v -0.000962 0.001527 -0.011946
v -0.001057 0.002225 -0.011931
v 0.004522 0.001733 -0.010969
v 0.003094 0.001756 -0.011358
v 0.000801 0.001792 -0.011793
v 0.005870 0.001710 -0.010520
v -0.012078 0.004077 -0.001619
v -0.012029 0.004076 -0.001642
v -0.012136 0.004058 0.000498
v -0.013739 0.004151 -0.007201
v -0.012269 0.004130 -0.007099
v -0.012532 0.004131 -0.006852
v -0.013687 0.004149 -0.007094
v -0.012996 0.004016 0.006356
v -0.013968 0.004054 0.003725
v -0.012465 0.004046 0.002326
v -0.013252 0.004096 -0.002020
v -0.013166 0.004094 -0.001845
v -0.014322 0.004110 -0.001849
v -0.012630 0.004059 0.001078
v -0.014416 0.004085 0.000955
v -0.012786 0.004058 0.001505
v -0.012726 0.004053 0.001955
v -0.013663 0.004147 -0.006865
v -0.012717 0.004129 -0.006390
v -0.013265 0.004098 -0.002215
v -0.012061 0.004038 0.002533
v -0.011960 0.004036 0.002578
v -0.011882 0.004035 0.002657
v -0.012329 0.004080 -0.001588
v -0.012293 0.004058 0.000773
v -0.012834 0.004087 -0.001654
v -0.013019 0.004090 -0.001716
v -0.012153 0.004057 0.000607
v -0.012207 0.004057 0.000703
v 0.004962 0.003723 0.011204
v 0.006103 0.003689 0.013212
v 0.002407 0.003751 0.012006
v 0.003453 0.003717 0.014131
v -0.000262 0.003786 0.012231
v 0.000675 0.003752 0.014522
v -0.002916 0.003826 0.011869
v -0.011838 0.004033 0.002758
v -0.010957 0.003998 0.005288
v -0.011535 0.003974 0.008751
v -0.009546 0.003957 0.007564
v -0.009640 0.003929 0.010819
v -0.007673 0.003914 0.009477
v -0.007382 0.003882 0.012484
v -0.005426 0.003869 0.010936
v -0.004846 0.003836 0.013683
v -0.002127 0.003792 0.014371
v 0.005206 0.003720 0.011140
v 0.005457 0.003717 0.011155
v 0.008492 0.003669 0.011826
v -0.014371 0.000560 -0.001881
v -0.014465 0.000536 0.000922
v -0.014017 0.000504 0.003692
v -0.013045 0.000466 0.006323
v -0.011584 0.000424 0.008718
v -0.009689 0.000379 0.010787
v -0.007431 0.000333 0.012451
v -0.004895 0.000287 0.013650
v -0.002176 0.000243 0.014338
v 0.000626 0.000202 0.014489
v 0.003404 0.000168 0.014098
v 0.006054 0.000140 0.013179
v 0.008478 0.000119 0.011767
v 0.008528 0.003702 0.011800
v 0.008930 0.003864 0.011719
v 0.005503 0.003918 0.010961
v 0.005560 0.008067 0.010999
v 0.009530 0.003865 0.011852
v 0.009808 0.003700 0.011912
v 0.008879 0.000114 0.011685
v 0.010279 0.000092 0.011994
v 0.010329 0.003692 0.012028
v 0.022727 0.007795 0.014795
v 0.023147 0.007938 0.014889
v 0.023036 -0.000110 0.014815
v 0.014969 0.003618 0.013054
v 0.016164 0.003599 0.013318
v 0.014920 0.000018 0.013021
v 0.016351 0.003677 0.013360
v -0.012138 0.008404 0.000989
v -0.011995 0.008403 0.000873
v -0.011955 0.008389 0.002378
v 0.021514 0.007821 0.013837
v 0.022707 0.007951 -0.002107
v 0.021400 0.007959 -0.001055
v 0.010226 0.008116 -0.001254
v 0.009598 0.008147 -0.003678
v 0.019878 0.007964 0.000774
v 0.018822 0.007959 0.002907
v -0.009201 0.008410 -0.004076
v -0.009932 0.008398 -0.001681
v -0.011904 0.008403 0.000713
v -0.010058 0.008377 0.000820
v -0.009571 0.008348 0.003275
v -0.008500 0.008312 0.005539
v 0.008862 0.008170 -0.005169
v 0.009654 0.008078 0.003682
v 0.010245 0.008092 0.001249
v 0.002388 0.008120 0.010018
v 0.004741 0.008096 0.009165
v 0.006816 0.008080 0.007763
v 0.008487 0.008074 0.005898
v -0.012527 0.008404 0.001566
v -0.012404 0.008405 0.001230
v -0.012480 0.008400 0.001922
v -0.012274 0.008395 0.002215
v -0.011876 0.008405 0.000530
v -0.008930 0.008419 -0.005508
v -0.008549 0.008414 -0.005499
v -0.008403 0.008412 -0.005534
v 0.019965 0.007859 0.012031
v 0.018288 0.007945 0.005226
v 0.018307 0.007923 0.007605
v 0.018876 0.007893 0.009916
v -0.000103 0.008152 0.010273
v 0.005246 0.008072 0.010981
v -0.011656 0.008383 0.002584
v -0.011786 0.008386 0.002453
v -0.002581 0.008190 0.009913
v -0.004896 0.008231 0.008960
v -0.006910 0.008272 0.007472
v -0.010430 0.008440 -0.005457
v -0.010032 0.008436 -0.005652
v -0.010706 0.008440 -0.005110
v -0.009588 0.008430 -0.005654
v -0.011400 0.008433 -0.003301
v -0.011793 0.008421 -0.001405
v 0.008826 0.003854 0.011707
v 0.008670 0.000117 0.011683
v 0.008721 0.003823 0.011717
v -0.009039 0.000520 -0.005581
v -0.009697 0.000531 -0.005727
v -0.012378 0.000530 -0.001620
v -0.012884 0.000538 -0.001686
v -0.011768 0.004276 -0.001997
v -0.011820 0.000526 -0.002031
v -0.011427 0.000536 -0.003642
v -0.011934 0.004255 0.000492
v -0.010815 0.000541 -0.005183
v -0.013713 0.000597 -0.006897
v -0.013892 0.006919 -0.007301
v -0.013480 0.006866 -0.007361
v -0.013671 0.005122 -0.007389
v -0.014140 0.005162 -0.007307
v -0.013732 0.004353 -0.007399
v -0.013964 0.004329 -0.007389
v -0.014354 0.003398 -0.007283
v -0.014281 0.003395 -0.007321
v -0.013995 0.003382 -0.007405
v -0.015364 0.001959 -0.005681
v -0.014742 0.001637 -0.007012
v -0.013809 0.004234 -0.007287
v -0.013711 0.000585 -0.007013
v -0.013737 0.000547 -0.007127
v -0.014020 0.002395 -0.007418
v -0.014429 0.001632 -0.007298
v -0.013314 0.000549 -0.002247
v -0.012766 0.000580 -0.006422
v -0.013068 0.000541 -0.001749
v -0.013215 0.000544 -0.001878
v -0.013301 0.000547 -0.002052
v -0.009216 0.007836 -0.007484
v -0.009433 0.007910 -0.007284
v -0.009593 0.007932 -0.007196
v -0.009770 0.007977 -0.007094
v -0.009786 0.007936 -0.007134
v -0.011837 0.007883 -0.007239
v -0.010921 0.007837 -0.007176
v -0.010765 0.007838 -0.007165
v -0.010502 0.007849 -0.007146
v -0.010062 0.007905 -0.007115
v -0.011654 0.004323 -0.007255
v -0.011905 0.004294 -0.007241
v -0.012145 0.004204 -0.007166
v -0.012703 0.000550 -0.006665
v -0.012582 0.000457 -0.006885
v -0.015489 0.005722 0.003405
v -0.015649 0.003329 0.003407
v -0.015993 0.003354 0.001195
v -0.015891 0.003345 0.002083
v -0.016059 0.003375 -0.000968
v -0.016066 0.003371 -0.000501
v -0.016026 0.003358 0.000774
v -0.015754 0.003398 -0.003916
v -0.015878 0.003392 -0.003158
v -0.016025 0.003381 -0.001722
v -0.015703 0.001880 0.003399
v -0.016047 0.001906 0.001182
v -0.016112 0.001926 -0.000987
v -0.015929 0.001944 -0.003184
v -0.015517 0.001957 -0.005182
v -0.015132 0.005705 0.004710
v -0.009899 0.003166 0.012554
v -0.009783 0.005560 0.012469
v -0.010935 0.003188 0.011686
v -0.010811 0.005582 0.011609
v -0.011892 0.003210 0.010710
v -0.011761 0.005604 0.010641
v -0.012765 0.003232 0.009642
v -0.012627 0.005626 0.009582
v -0.012821 0.003234 0.009566
v -0.013403 0.005647 0.008445
v -0.013547 0.003253 0.008494
v -0.014022 0.003267 0.007682
v -0.014083 0.005667 0.007244
v -0.014233 0.003274 0.007283
v -0.014816 0.003294 0.006021
v -0.014661 0.005687 0.005994
v -0.015290 0.003312 0.004724
v 0.015757 0.005162 0.017478
v 0.015697 0.002766 0.017598
v 0.018750 0.005115 0.018145
v 0.018689 0.002719 0.018265
v 0.021776 0.001221 0.018878
v 0.023924 0.001188 0.019146
v 0.028248 0.001129 0.019130
v 0.026179 0.001156 0.019249
v -0.009941 0.001717 0.012569
v -0.010741 0.001734 0.011914
v -0.012869 0.001785 0.009574
v -0.011496 0.001751 0.011195
v -0.014072 0.001819 0.007685
v -0.015039 0.001851 0.005590
v -0.015411 0.001866 0.004501
v -0.003048 0.003044 0.015492
v -0.002715 0.003039 0.015563
v -0.002645 0.005435 0.015449
v -0.000320 0.003003 0.015948
v -0.000262 0.005398 0.015830
v -0.005192 0.003079 0.014920
v -0.005109 0.005474 0.014813
v -0.005380 0.003082 0.014858
v -0.006332 0.005495 0.014375
v -0.007529 0.005516 0.013845
v -0.007417 0.003118 0.014045
v -0.006423 0.003100 0.014477
v -0.008685 0.005538 0.013213
v -0.008792 0.003144 0.013304
v -0.007629 0.003122 0.013942
v 0.012075 0.005220 0.016789
v 0.010058 0.005250 0.016503
v 0.008025 0.005280 0.016299
v 0.012021 0.002823 0.016910
v 0.010008 0.002854 0.016624
v 0.007978 0.002884 0.016421
v -0.009186 0.001701 0.013098
v -0.003078 0.001595 0.015515
v -0.000346 0.001553 0.015972
v -0.005414 0.001633 0.014879
v -0.007454 0.001669 0.014063
v 0.001951 0.005366 0.016032
v 0.001900 0.002970 0.016153
v 0.004025 0.005337 0.016128
v 0.003979 0.002940 0.016250
v -0.007908 0.008609 -0.005887
v -0.008020 0.000510 -0.005961
v -0.006491 0.000504 -0.007598
v 0.007183 0.000309 -0.006959
v 0.008276 0.000282 -0.005616
v 0.008388 0.008380 -0.005542
v -0.008066 0.008609 -0.005669
v -0.009016 0.008607 -0.003993
v -0.009238 0.008605 -0.003453
v -0.009733 0.008595 -0.001645
v -0.009822 0.008590 -0.001016
v -0.009856 0.008574 0.000807
v -0.009782 0.008567 0.001491
v -0.009378 0.008545 0.003215
v -0.009120 0.008536 0.003908
v -0.008328 0.008511 0.005433
v -0.007878 0.008498 0.006085
v -0.006769 0.008472 0.007329
v -0.006133 0.008458 0.007884
v -0.004795 0.008431 0.008788
v 0.003358 0.008311 0.009537
v 0.002346 0.008323 0.009825
v 0.000904 0.008341 0.010046
v -0.000096 0.008354 0.010075
v -0.001600 0.008376 0.009929
v -0.002525 0.008391 0.009722
v -0.003995 0.008416 0.009193
v 0.004653 0.008299 0.008988
v 0.005609 0.008290 0.008433
v 0.006688 0.008283 0.007614
v 0.007514 0.008279 0.006804
v 0.008326 0.008277 0.005786
v 0.008955 0.008278 0.004753
v 0.010114 0.008306 -0.000084
v 0.010049 0.008295 0.001228
v 0.009840 0.008287 0.002408
v 0.009469 0.008281 0.003614
v 0.010030 0.008318 -0.001226
v 0.009761 0.008334 -0.002565
v 0.009414 0.008348 -0.003603
v 0.008801 0.008369 -0.004880
v -0.006386 0.000503 -0.007687
v -0.004391 0.000487 -0.008978
v -0.002026 0.000462 -0.009788
v -0.002147 0.000464 -0.009762
v 0.002571 0.000398 -0.009662
v 0.000473 0.000430 -0.009986
v 0.000218 0.000433 -0.009994
v 0.005227 0.000350 -0.008525
v 0.004779 0.000359 -0.008784
v 0.002942 0.000391 -0.009556
v 0.006717 0.000320 -0.007409
v 0.013983 0.000027 0.013514
v 0.013753 0.003630 0.013623
v 0.013703 0.000030 0.013590
v 0.012902 0.000040 0.013662
v 0.012409 0.003648 0.013624
v 0.012360 0.000049 0.013591
v 0.011838 0.000057 0.013426
v 0.011192 0.003670 0.013057
v 0.010920 0.000075 0.012836
v 0.011142 0.000071 0.013024
v 0.015840 0.003607 0.012947
v 0.014606 0.003643 0.010863
v 0.015609 0.003622 0.011659
v 0.015596 0.003616 0.012326
v 0.014073 0.003664 0.009408
v 0.015178 0.003653 0.008900
v 0.014534 0.003651 0.010064
v 0.015707 0.003636 0.009979
v 0.015715 0.003625 0.011180
v 0.011890 0.003692 0.009604
v 0.011552 0.003690 0.010331
v 0.011624 0.003682 0.011131
v 0.012085 0.003669 0.011787
v 0.012813 0.003656 0.012124
v 0.013612 0.003646 0.012053
v 0.014268 0.003641 0.011591
v 0.009811 0.003700 0.011910
v 0.010010 0.003699 0.011721
v 0.010121 0.003700 0.011470
v 0.010443 0.003708 0.010014
v 0.010957 0.003711 0.008928
v 0.012546 0.003687 0.009142
v 0.011891 0.003705 0.008173
v 0.013345 0.003677 0.009070
v 0.013061 0.003692 0.007898
v 0.014234 0.003673 0.008157
v 0.012882 0.006157 0.011950
v 0.012850 0.003858 0.011929
v 0.012248 0.006169 0.011656
v 0.012216 0.003869 0.011635
v 0.011846 0.006180 0.011085
v 0.011814 0.003880 0.011064
v 0.011784 0.006187 0.010389
v 0.011752 0.003887 0.010368
v 0.012078 0.006189 0.009755
v 0.012046 0.003889 0.009734
v 0.012649 0.006184 0.009353
v 0.012617 0.003885 0.009332
v 0.013345 0.006175 0.009290
v 0.013313 0.003876 0.009269
v 0.013979 0.006164 0.009584
v 0.013947 0.003864 0.009563
v 0.014381 0.006153 0.010156
v 0.014349 0.003853 0.010135
v 0.014443 0.006146 0.010852
v 0.014412 0.003846 0.010831
v 0.014149 0.006144 0.011486
v 0.014118 0.003844 0.011465
v 0.013578 0.006148 0.011888
v 0.013546 0.003849 0.011867
v 0.012024 0.008664 0.012417
v 0.012390 0.008657 0.012602
v 0.011767 0.006170 0.012232
v 0.012753 0.006152 0.012689
v 0.011228 0.008683 0.011493
v 0.011431 0.008677 0.011852
v 0.011142 0.006187 0.011343
v 0.011699 0.008671 0.012163
v 0.011802 0.008668 0.012255
v 0.011045 0.006198 0.010260
v 0.011079 0.008697 0.010283
v 0.011049 0.008693 0.010694
v 0.011176 0.008685 0.011366
v 0.011628 0.008699 0.009195
v 0.011537 0.008699 0.009297
v 0.011502 0.006201 0.009274
v 0.011375 0.008700 0.009519
v 0.011189 0.008699 0.009887
v 0.011939 0.008697 0.008926
v 0.012391 0.006194 0.008649
v 0.012298 0.008694 0.008723
v 0.013474 0.006180 0.008552
v 0.013099 0.008685 0.008544
v 0.012426 0.008693 0.008672
v 0.014460 0.006163 0.009009
v 0.014274 0.008665 0.008871
v 0.013906 0.008672 0.008685
v 0.013511 0.008679 0.008575
v 0.013508 0.008679 0.008574
v 0.015069 0.008646 0.009795
v 0.014866 0.008652 0.009436
v 0.015085 0.006146 0.009898
v 0.014598 0.008659 0.009124
v 0.014494 0.008661 0.009032
v 0.015182 0.006134 0.010980
v 0.015217 0.008633 0.011003
v 0.015247 0.008636 0.010594
v 0.015120 0.008644 0.009921
v 0.015106 0.008631 0.011401
v 0.014725 0.006132 0.011967
v 0.014920 0.008630 0.011769
v 0.013998 0.008635 0.012564
v 0.014355 0.008632 0.012362
v 0.013836 0.006138 0.012592
v 0.014668 0.008630 0.012092
v 0.014759 0.008630 0.011990
v 0.012788 0.008651 0.012712
v 0.013197 0.008645 0.012743
v 0.013870 0.008637 0.012615
v 0.038945 0.006153 0.005857
v 0.039996 0.006129 0.006900
v 0.039891 0.006151 0.004623
v 0.038563 0.006180 0.003472
v 0.039882 0.006120 0.008035
v 0.038774 0.006133 0.008266
v 0.039659 0.006113 0.009161
v 0.038060 0.006122 0.010574
v 0.038913 0.006104 0.011311
v 0.035656 0.006278 -0.002787
v 0.036249 0.006251 -0.000733
v 0.037211 0.006243 -0.001266
v 0.038390 0.006101 0.012332
v 0.036840 0.006120 0.012658
v 0.037771 0.006101 0.013302
v 0.036984 0.006103 0.014297
v 0.039675 0.006164 0.003547
v 0.039359 0.006178 0.002500
v 0.037648 0.006214 0.001236
v 0.038455 0.006209 0.000525
v 0.037872 0.006226 -0.000401
v 0.038740 0.001768 0.004486
v 0.038712 -0.000232 0.004467
v 0.038856 -0.000246 0.005798
v 0.038502 0.001781 0.003431
v 0.038167 0.001795 0.002432
v 0.034351 -0.000108 -0.002391
v 0.035418 -0.000131 -0.001538
v 0.033223 -0.000087 -0.003076
v 0.033458 -0.000091 -0.002949
v 0.038139 -0.000205 0.002413
v 0.037560 -0.000186 0.001177
v 0.037006 -0.000170 0.000281
v 0.036161 -0.000148 -0.000792
v 0.038845 -0.000256 0.006927
v 0.038686 -0.000266 0.008207
v 0.038405 -0.000272 0.009350
v 0.037971 -0.000277 0.010515
v 0.037414 -0.000279 0.011605
v 0.035089 -0.000272 0.014352
v 0.035927 -0.000277 0.013569
v 0.036751 -0.000279 0.012600
v 0.034026 -0.000265 0.015134
v -0.012012 0.004239 0.002340
v -0.012331 0.004245 0.002177
v -0.012537 0.004251 0.001884
v -0.012584 0.004255 0.001528
v -0.012461 0.004256 0.001192
v -0.012196 0.004255 0.000951
v -0.011714 0.004233 0.002546
v -0.011844 0.004236 0.002415
v -0.011961 0.004254 0.000674
v -0.012052 0.004254 0.000835
v -0.012128 0.000527 -0.001652
v -0.011924 0.000526 -0.001801
v -0.011873 0.004209 -0.001767
v -0.011808 0.004257 -0.001872
v 0.032859 -0.000015 -0.003185
v 0.033670 -0.000261 0.015276
v 0.033287 -0.000256 0.015274
v 0.005189 0.003923 0.010943
v 0.022861 0.001971 -0.002172
v 0.022945 0.008070 -0.002116
v 0.023040 0.002026 -0.002218
v 0.023125 0.008125 -0.002162
v 0.008511 0.008357 -0.005393
v 0.008542 0.000275 -0.005350
v 0.008653 0.008297 -0.005277
v -0.010141 0.000537 -0.005724
v -0.010540 0.000541 -0.005530
v -0.008658 0.000515 -0.005571
v -0.008301 0.000511 -0.005704
v -0.008197 0.008528 -0.005627
v -0.008039 0.008588 -0.005743
v 0.038962 -0.000233 0.004240
v 0.038863 -0.000232 0.004239
v 0.038888 0.001579 0.004255
v 0.038775 -0.000231 0.004285
v 0.038801 0.001675 0.004303
v 0.038720 -0.000231 0.004368
v 0.038748 0.001744 0.004387
v 0.038738 0.001762 0.004434
v 0.038232 -0.000208 0.002564
v 0.038259 0.001759 0.002582
v 0.038371 -0.000211 0.002673
v 0.038397 0.001663 0.002690
v 0.022077 -0.000133 -0.002486
vn 0.1132 0.0090 -0.9935
vn 0.2969 0.0052 -0.9549
vn 0.1916 0.0064 -0.9815
vn 0.2160 0.0060 -0.9764
vn 0.1412 0.0071 -0.9900
vn 0.0888 0.0110 -0.9960
vn 0.2448 0.0136 -0.9695
vn 0.1516 0.0070 -0.9884
vn 0.3397 0.0070 -0.9405
vn 0.2795 0.0050 -0.9601
vn 0.2518 0.0129 -0.9677
vn 0.1333 0.0073 -0.9911
vn 0.2069 0.0176 -0.9782
vn 0.2159 0.0063 -0.9764
vn 0.2046 0.0386 -0.9781
vn 0.0138 0.9999 0.0092
vn 0.0138 0.9999 0.0091
vn 0.0137 0.9999 0.0092
vn 0.0139 0.9999 0.0092
vn 0.0138 0.9999 0.0093
vn 0.0140 0.9999 0.0092
vn 0.0136 0.9999 0.0082
vn 0.0140 0.9999 0.0095
vn 0.0139 0.9999 0.0093
vn 0.0142 0.9999 0.0089
vn 0.0140 0.9999 0.0090
vn 0.0137 0.9999 0.0093
vn 0.0139 0.9999 0.0091
vn 0.7385 -0.6639 -0.1175
vn 0.7387 -0.6638 -0.1170
vn 0.7237 -0.6630 -0.1916
vn 0.7239 -0.6628 -0.1912
vn 0.7026 -0.6620 -0.2609
vn 0.7029 -0.6619 -0.2605
vn 0.6760 -0.6612 -0.3254
vn 0.6763 -0.6611 -0.3249
vn 0.6441 -0.6606 -0.3856
vn 0.6445 -0.6606 -0.3851
vn 0.6070 -0.6603 -0.4423
vn 0.6074 -0.6603 -0.4417
vn 0.5641 -0.6601 -0.4961
vn 0.5646 -0.6601 -0.4955
vn 0.5146 -0.6600 -0.5474
vn 0.5151 -0.6600 -0.5469
vn 0.4579 -0.6596 -0.5960
vn 0.4595 -0.6592 -0.5953
vn 0.0415 -0.6801 -0.7319
vn 0.0377 -0.6664 -0.7446
vn -0.0374 -0.6656 -0.7454
vn -0.0127 -0.6596 -0.7515
vn -0.0310 -0.6487 -0.7604
vn -0.0801 -0.6609 -0.7462
vn -0.0826 -0.6610 -0.7458
vn -0.0856 -0.6635 -0.7433
vn -0.0850 -0.6637 -0.7432
vn -0.0351 -0.6715 -0.7401
vn -0.0181 -0.7669 -0.6415
vn 0.0469 -0.6883 -0.7239
vn 0.1009 -0.6655 -0.7396
vn 0.1130 -0.6688 -0.7348
vn 0.1575 -0.6821 -0.7141
vn 0.1981 -0.6593 -0.7253
vn 0.2200 -0.6705 -0.7085
vn 0.1983 -0.6629 -0.7220
vn 0.0841 -0.6757 -0.7323
vn 0.1422 -0.6388 -0.7561
vn 0.1425 -0.6616 -0.7362
vn 0.0987 -0.6643 -0.7409
vn 0.2466 -0.6604 -0.7093
vn 0.2906 -0.6654 -0.6876
vn 0.2970 -0.6647 -0.6855
vn 0.2790 -0.6637 -0.6940
vn 0.2751 -0.6630 -0.6963
vn 0.2416 -0.6590 -0.7123
vn 0.2574 -0.6613 -0.7046
vn 0.2616 -0.6690 -0.6957
vn 0.1629 -0.6885 -0.7067
vn -0.0642 -0.6733 0.7366
vn -0.0665 -0.6732 0.7364
vn -0.0841 -0.6780 0.7302
vn -0.1010 -0.6688 0.7365
vn -0.1619 -0.6678 0.7265
vn -0.1604 -0.6686 0.7261
vn -0.1441 -0.6871 0.7121
vn -0.1281 -0.6685 0.7326
vn -0.1055 -0.6680 0.7367
vn -0.1240 -0.6671 0.7346
vn -0.1399 -0.6785 0.7212
vn -0.1217 -0.6662 0.7358
vn -0.1205 -0.6660 0.7362
vn -0.1526 -0.6662 0.7300
vn -0.1520 -0.6642 0.7320
vn -0.1686 -0.6664 0.7263
vn -0.1682 -0.6667 0.7261
vn -0.1749 -0.6650 0.7261
vn -0.1728 -0.6684 0.7234
vn -0.1707 -0.6705 0.7220
vn 0.6093 -0.6698 0.4244
vn 0.6092 -0.6696 0.4249
vn 0.6449 -0.6693 0.3689
vn 0.6448 -0.6690 0.3698
vn 0.6779 -0.6685 0.3059
vn 0.6778 -0.6681 0.3068
vn 0.7045 -0.6676 0.2408
vn 0.7045 -0.6672 0.2417
vn 0.7248 -0.6667 0.1736
vn 0.7249 -0.6664 0.1745
vn 0.7387 -0.6659 0.1041
vn 0.7388 -0.6657 0.1050
vn 0.7459 -0.6653 0.0324
vn 0.7460 -0.6651 0.0331
vn 0.7460 -0.6646 -0.0418
vn 0.7462 -0.6645 -0.0411
vn -0.0398 -0.6700 0.7413
vn -0.0403 -0.6895 0.7232
vn -0.0443 -0.6859 0.7263
vn -0.0932 -0.6667 0.7395
vn -0.0919 -0.6668 0.7395
vn -0.0583 -0.6682 0.7417
vn -0.0575 -0.6682 0.7417
vn -0.0371 -0.6691 0.7423
vn 0.3184 -0.6638 -0.6768
vn 0.3231 -0.6623 -0.6760
vn 0.2993 -0.6609 -0.6882
vn 0.3006 -0.6609 -0.6876
vn 0.2561 -0.6574 -0.7087
vn 0.2594 -0.6587 -0.7063
vn 0.3045 -0.6805 -0.6665
vn 0.3067 -0.6867 -0.6590
vn 0.3233 -0.6665 -0.6717
vn 0.0593 -0.6551 -0.7532
vn -0.0051 -0.6300 -0.7766
vn 0.0663 -0.6563 -0.7516
vn -0.0076 -0.6590 -0.7521
vn 0.1193 -0.6575 -0.7440
vn 0.1281 -0.6557 -0.7440
vn 0.1803 -0.6566 -0.7324
vn 0.1877 -0.6552 -0.7318
vn 0.2419 -0.6604 -0.7109
vn 0.3953 -0.6591 -0.6398
vn 0.4017 -0.6576 -0.6374
vn 0.3308 -0.6588 -0.6757
vn 0.3306 -0.6601 -0.6745
vn 0.2727 -0.6595 -0.7005
vn 0.2315 -0.6565 -0.7179
vn 0.5804 -0.6698 0.4632
vn 0.5719 -0.6714 0.4714
vn 0.5543 -0.6659 0.4994
vn 0.5228 -0.6655 0.5327
vn 0.5348 -0.6736 0.5101
vn 0.4927 -0.6675 0.5583
vn 0.4921 -0.6685 0.5577
vn 0.4587 -0.6701 0.5835
vn 0.4436 -0.6683 0.5972
vn 0.4191 -0.6658 0.6173
vn 0.3794 -0.6659 0.6423
vn 0.3888 -0.6731 0.6290
vn 0.3080 -0.6710 0.6744
vn 0.1765 -0.6692 0.7218
vn 0.1722 -0.6678 0.7242
vn 0.2376 -0.6693 0.7040
vn 0.2362 -0.6690 0.7047
vn 0.2918 -0.6687 0.6839
vn 0.3468 -0.6774 0.6487
vn -0.0750 -0.6655 0.7426
vn -0.1214 -0.6645 0.7374
vn -0.0713 -0.6666 0.7420
vn -0.0249 -0.6673 0.7444
vn -0.0293 -0.6660 0.7454
vn 0.0169 -0.6680 0.7440
vn 0.0122 -0.6665 0.7454
vn 0.0624 -0.6683 0.7412
vn 0.0572 -0.6668 0.7431
vn 0.1148 -0.6690 0.7343
vn 0.1100 -0.6675 0.7364
vn -0.7495 -0.6404 0.1680
vn -0.7520 -0.6387 0.1630
vn -0.7611 -0.6392 0.1101
vn -0.7634 -0.6375 0.1040
vn -0.7661 -0.6410 0.0472
vn -0.7490 -0.6173 -0.2407
vn -0.7583 -0.6269 -0.1789
vn -0.7673 -0.6265 -0.1371
vn -0.7651 -0.6349 -0.1075
vn -0.7708 -0.6344 -0.0588
vn -0.7661 -0.6417 -0.0347
vn -0.7687 -0.6397 -0.0016
vn -0.7686 -0.6381 0.0464
vn -0.4605 -0.6637 0.5895
vn -0.4628 -0.6628 0.5887
vn -0.5159 -0.6610 0.5449
vn -0.5180 -0.6600 0.5441
vn -0.5627 -0.6580 0.5004
vn -0.5647 -0.6570 0.4995
vn -0.6003 -0.6558 0.4578
vn -0.7363 -0.6403 0.2187
vn -0.7337 -0.6419 0.2230
vn -0.7171 -0.6424 0.2702
vn -0.7145 -0.6439 0.2736
vn -0.6944 -0.6449 0.3193
vn -0.6918 -0.6463 0.3219
vn -0.6680 -0.6477 0.3664
vn -0.6656 -0.6490 0.3684
vn -0.6395 -0.6507 0.4094
vn -0.6354 -0.6527 0.4127
vn -0.6161 -0.6535 0.4397
vn -0.5967 -0.6547 0.4640
vn -0.1644 -0.6640 0.7294
vn -0.1597 -0.6665 0.7282
vn 0.0416 -0.6688 -0.7423
vn -0.0402 -0.6660 -0.7449
vn -0.0853 -0.6630 -0.7438
vn -0.0750 -0.6595 -0.7480
vn -0.0952 -0.6667 0.7392
vn -0.1273 -0.6663 0.7347
vn -0.4101 -0.6644 0.6249
vn -0.4073 -0.6651 0.6259
vn -0.3530 -0.6651 0.6581
vn -0.3494 -0.6659 0.6592
vn -0.2876 -0.6658 0.6885
vn -0.2847 -0.6665 0.6890
vn -0.2367 -0.6658 0.7076
vn -0.2340 -0.6663 0.7080
vn -0.1970 -0.6658 0.7197
vn -0.1944 -0.6663 0.7199
vn -0.1597 -0.6659 0.7288
vn -0.1573 -0.6664 0.7288
vn -0.1252 -0.6664 0.7350
vn -0.0626 -0.6687 0.7409
vn -0.0994 -0.6677 0.7378
vn -0.1308 -0.6669 0.7336
vn 0.2965 -0.6617 -0.6886
vn 0.2477 -0.6603 -0.7090
vn 0.1996 -0.6596 -0.7246
vn 0.1366 -0.6659 -0.7334
vn -0.0598 -0.6677 0.7420
vn -0.0419 -0.6688 0.7422
vn 0.3163 -0.6622 -0.6793
vn 0.2967 -0.6617 -0.6886
vn 0.2496 -0.6596 -0.7090
vn 0.2162 -0.6538 -0.7251
vn 0.1976 -0.6595 -0.7253
vn 0.1654 -0.6583 -0.7344
vn 0.1732 -0.6554 -0.7352
vn 0.1264 -0.6563 -0.7439
vn 0.1317 -0.6548 -0.7442
vn 0.0839 -0.6562 -0.7499
vn 0.0901 -0.6547 -0.7505
vn 0.0387 -0.6567 -0.7532
vn 0.0450 -0.6553 -0.7540
vn -0.0152 -0.6569 -0.7539
vn -0.0104 -0.6557 -0.7549
vn -0.0827 -0.6575 -0.7489
vn -0.0741 -0.6556 -0.7515
vn -0.4316 -0.6529 -0.6224
vn -0.4517 -0.6571 -0.6035
vn -0.4879 -0.6565 -0.5753
vn -0.4966 -0.6625 -0.5608
vn -0.3148 -0.6537 -0.6882
vn -0.3309 -0.6542 -0.6800
vn -0.3687 -0.6534 -0.6612
vn -0.3664 -0.6505 -0.6653
vn -0.3998 -0.6490 -0.6473
vn -0.1544 -0.6577 -0.7372
vn -0.1437 -0.6551 -0.7417
vn -0.2375 -0.6572 -0.7154
vn -0.2220 -0.6502 -0.7266
vn -0.2803 -0.6449 -0.7110
vn 0.6192 -0.0751 -0.7817
vn 0.6290 -0.0418 -0.7763
vn 0.6934 -0.0745 -0.7167
vn 0.6861 -0.0440 -0.7261
vn 0.7581 -0.0744 -0.6479
vn 0.7550 -0.0429 -0.6543
vn 0.8122 -0.0760 -0.5784
vn 0.8301 -0.0424 -0.5560
vn 0.8614 -0.0807 -0.5015
vn 0.8803 -0.0457 -0.4722
vn 0.9029 -0.0818 -0.4219
vn 0.9147 -0.0487 -0.4012
vn 0.9379 -0.0827 -0.3369
vn 0.9453 -0.0504 -0.3222
vn 0.9658 -0.0833 -0.2454
vn 0.9688 -0.0546 -0.2417
vn 0.9854 -0.0840 -0.1478
vn 0.9876 -0.0541 -0.1475
vn 0.6172 -0.0913 -0.7815
vn 0.6917 -0.0924 -0.7163
vn 0.7562 -0.0935 -0.6476
vn 0.8119 -0.0946 -0.5761
vn 0.8601 -0.0958 -0.5010
vn 0.9016 -0.0970 -0.4215
vn 0.9365 -0.0982 -0.3366
vn 0.9643 -0.0995 -0.2453
vn 0.9839 -0.1008 -0.1477
vn -0.0138 -0.9999 -0.0092
vn -0.0139 -0.9999 -0.0091
vn -0.0140 -0.9999 -0.0092
vn -0.0137 -0.9999 -0.0092
vn -0.0139 -0.9999 -0.0092
vn -0.0136 -0.9999 -0.0091
vn -0.0154 -0.9998 -0.0096
vn -0.0194 -0.9998 -0.0108
vn -0.0150 -0.9998 -0.0101
vn -0.0148 -0.9998 -0.0099
vn -0.0142 -0.9999 -0.0094
vn -0.0139 -0.9999 -0.0093
vn -0.0138 -0.9999 -0.0093
vn 0.8145 -0.0861 0.5737
vn 0.8163 -0.1059 0.5679
vn 0.8642 -0.0859 0.4958
vn 0.8629 -0.1057 0.4943
vn 0.9071 -0.0874 0.4116
vn 0.9057 -0.1053 0.4106
vn 0.9417 -0.0878 0.3248
vn 0.9401 -0.1048 0.3244
vn 0.9676 -0.0882 0.2366
vn 0.9662 -0.1043 0.2357
vn 0.9862 -0.0849 0.1419
vn 0.9841 -0.1036 0.1442
vn 0.9953 -0.0824 0.0510
vn 0.9935 -0.1028 0.0498
vn 0.9954 -0.0839 -0.0472
vn 0.9936 -0.1019 -0.0479
vn 0.8211 -0.0569 0.5679
vn 0.8772 -0.0573 0.4767
vn 0.9127 -0.0435 0.4064
vn 0.9452 -0.0582 0.3211
vn 0.9687 -0.0571 0.2416
vn 0.9864 -0.0577 0.1542
vn 0.9986 -0.0483 0.0238
vn 0.9966 -0.0507 -0.0644
vn -0.0136 -0.9999 -0.0092
vn -0.0138 -0.9999 -0.0091
vn -0.0144 -0.9998 -0.0101
vn -0.0145 -0.9998 -0.0101
vn -0.0136 -0.9999 -0.0093
vn -0.0137 -0.9999 -0.0093
vn -0.0140 -0.9999 -0.0093
vn -0.0143 -0.9999 -0.0095
vn -0.6322 -0.6269 -0.4554
vn -0.4302 -0.6539 -0.6224
vn -0.4580 -0.6513 -0.6050
vn -0.2973 -0.6568 -0.6930
vn -0.2407 -0.6602 -0.7114
vn -0.1563 -0.6541 -0.7401
vn -0.0794 -0.6538 -0.7525
vn -0.0587 -0.6516 -0.7563
vn 0.0243 -0.6505 -0.7591
vn 0.0256 -0.6499 -0.7595
vn 0.0872 -0.6536 -0.7518
vn -0.7467 -0.6162 -0.2506
vn -0.6823 -0.6282 -0.3739
vn -0.7191 -0.6125 -0.3282
vn -0.5971 -0.6392 -0.4846
vn -0.5175 -0.6467 -0.5603
vn 0.0668 -0.0350 -0.9972
vn 0.1212 -0.0334 -0.9921
vn 0.1343 -0.0707 -0.9884
vn 0.1012 -0.0861 -0.9911
vn -0.0014 -0.0862 -0.9963
vn -0.0009 -0.0696 -0.9976
vn 0.2550 -0.0827 -0.9634
vn 0.1873 -0.0779 -0.9792
vn 0.5355 -0.0719 -0.8415
vn 0.5351 -0.0901 -0.8400
vn 0.4522 -0.0708 -0.8891
vn 0.4501 -0.0889 -0.8885
vn 0.3675 -0.0706 -0.9273
vn 0.3707 -0.0854 -0.9248
vn 0.2667 -0.0701 -0.9612
vn 0.3196 -0.0834 -0.9439
vn -0.0119 -0.0326 -0.9994
vn 0.1793 -0.0353 -0.9832
vn 0.5610 -0.0377 -0.8269
vn 0.4547 -0.0311 -0.8901
vn 0.3765 -0.0217 -0.9262
vn 0.3118 -0.0363 -0.9495
vn 0.2543 -0.0344 -0.9665
vn 0.7712 -0.1071 0.6275
vn 0.7524 -0.0881 0.6528
vn 0.6294 -0.0918 0.7717
vn 0.5980 -0.0948 0.7959
vn 0.6924 -0.0923 0.7156
vn 0.6599 -0.0919 0.7457
vn 0.7132 -0.0945 0.6946
vn 0.2525 -0.0877 0.9636
vn 0.2457 -0.1038 0.9638
vn 0.3347 -0.0875 0.9383
vn 0.3266 -0.1026 0.9396
vn 0.4131 -0.0896 0.9063
vn 0.3986 -0.1011 0.9115
vn 0.4910 -0.0875 0.8667
vn 0.4676 -0.0992 0.8784
vn 0.5560 -0.0863 0.8267
vn 0.5338 -0.0971 0.8400
vn 0.6037 -0.0519 0.7956
vn 0.7039 -0.0561 0.7081
vn 0.7661 -0.0583 0.6401
vn 0.2442 -0.0507 0.9684
vn 0.3414 -0.0546 0.9383
vn 0.4147 -0.0550 0.9083
vn 0.4968 -0.0544 0.8662
vn -0.5368 -0.0630 -0.8414
vn -0.6764 -0.0738 -0.7328
vn -0.6536 -0.0485 -0.7553
vn -0.7770 -0.0693 -0.6257
vn -0.7619 -0.0376 -0.6467
vn -0.8839 -0.0552 -0.4645
vn -0.7597 -0.0212 -0.6500
vn -0.9507 -0.0506 -0.3058
vn -0.9428 -0.0268 -0.3324
vn -0.8977 -0.0257 -0.4399
vn 0.1747 -0.0868 0.9808
vn 0.1431 -0.0498 0.9885
vn 0.0898 -0.0856 0.9923
vn 0.0780 -0.0493 0.9957
vn 0.0043 -0.0498 0.9988
vn -0.0141 -0.0841 0.9964
vn -0.0856 -0.0491 0.9951
vn -0.0983 -0.0886 0.9912
vn -0.1560 -0.0493 0.9865
vn -0.1570 -0.0864 0.9838
vn 0.1614 -0.1026 0.9815
vn 0.0949 -0.1023 0.9902
vn 0.0337 -0.0989 0.9945
vn -0.0256 -0.1005 0.9946
vn -0.0786 -0.0982 0.9921
vn -0.1539 -0.1036 0.9826
vn 0.8224 -0.0324 0.5680
vn 0.8226 -0.0241 0.5681
vn 0.7676 -0.0240 0.6405
vn 0.7674 -0.0323 0.6404
vn 0.7029 -0.0238 0.7109
vn 0.7027 -0.0321 0.7107
vn 0.6052 -0.0232 0.7958
vn 0.6050 -0.0316 0.7956
vn 0.4983 -0.0225 0.8667
vn 0.4981 -0.0309 0.8666
vn 0.4161 -0.0218 0.9090
vn 0.4159 -0.0302 0.9089
vn 0.3421 -0.0211 0.9394
vn 0.3419 -0.0296 0.9393
vn 0.2430 -0.0200 0.9698
vn 0.2428 -0.0286 0.9697
vn -0.9954 -0.0299 0.0915
vn -0.9962 -0.0539 0.0681
vn -0.9877 -0.0491 0.1485
vn -0.9753 -0.0634 0.2115
vn -0.9789 -0.0639 0.1941
vn -0.9784 -0.0270 0.2050
vn -0.9986 -0.0523 0.0049
vn -0.9995 -0.0298 -0.0080
vn -0.9959 -0.0552 -0.0714
vn -0.9967 -0.0205 -0.0781
vn -0.9914 -0.0268 -0.1282
vn -0.9830 -0.0542 -0.1756
vn -0.9668 -0.0240 -0.2543
vn -0.9801 -0.0172 -0.1978
vn -0.0858 -0.0670 -0.9941
vn -0.0873 -0.0859 -0.9925
vn -0.1009 -0.0675 -0.9926
vn -0.1012 -0.0861 -0.9911
vn -0.0422 -0.0687 -0.9967
vn -0.0417 -0.0871 -0.9953
vn 0.0704 -0.0691 -0.9951
vn 0.0709 -0.0886 -0.9935
vn -0.0849 -0.0278 -0.9960
vn -0.1003 -0.0276 -0.9946
vn -0.0411 -0.0296 -0.9987
vn 0.0449 -0.0344 -0.9984
vn -0.0162 -0.0055 -0.9999
vn -0.0134 -0.0015 -0.9999
vn 0.0724 0.0002 -0.9974
vn 0.0714 -0.0076 -0.9974
vn 0.1671 -0.0079 -0.9859
vn 0.1673 -0.0011 -0.9859
vn 0.2981 -0.0031 -0.9545
vn 0.2976 -0.0076 -0.9547
vn 0.4447 -0.0140 -0.8956
vn 0.4449 -0.0056 -0.8956
vn 0.5603 -0.0077 -0.8282
vn 0.5601 -0.0161 -0.8283
vn 0.6297 -0.0091 -0.7767
vn 0.6295 -0.0174 -0.7768
vn 0.4053 -0.0747 -0.9111
vn 0.4096 -0.0401 -0.9114
vn 0.3577 -0.0372 -0.9331
vn 0.4032 -0.0938 -0.9103
vn 0.3414 -0.0753 -0.9369
vn 0.2762 -0.0723 -0.9584
vn 0.3193 -0.0325 -0.9471
vn 0.2673 -0.0475 -0.9625
vn 0.1870 -0.0704 -0.9798
vn 0.2324 -0.0364 -0.9719
vn 0.1752 -0.0377 -0.9838
vn 0.1187 -0.0323 -0.9924
vn 0.3420 -0.0920 -0.9352
vn 0.2747 -0.0907 -0.9573
vn 0.1866 -0.0897 -0.9783
vn 0.0465 -0.0086 -0.9989
vn 0.0452 0.0004 -0.9990
vn -0.0400 -0.0053 -0.9992
vn -0.0999 -0.0063 -0.9950
vn -0.0834 -0.0064 -0.9965
vn 0.4332 -0.0763 -0.8980
vn 0.4324 -0.0948 -0.8967
vn 0.4055 -0.0753 -0.9110
vn 0.4055 -0.0935 -0.9093
vn 0.3426 -0.0747 -0.9365
vn 0.3421 -0.0912 -0.9352
vn 0.4345 -0.0363 -0.9000
vn 0.4071 -0.0365 -0.9127
vn 0.3479 -0.0386 -0.9367
vn 0.4084 -0.0133 -0.9127
vn 0.4087 -0.0073 -0.9127
vn 0.3603 -0.0045 -0.9328
vn 0.3043 -0.0149 -0.9525
vn 0.3601 -0.0135 -0.9328
vn 0.3031 -0.0035 -0.9530
vn 0.2160 -0.0021 -0.9764
vn 0.2182 -0.0142 -0.9758
vn 0.1243 -0.0007 -0.9922
vn 0.1222 -0.0115 -0.9924
vn -0.6812 -0.0296 -0.7315
vn -0.6713 -0.0320 -0.7405
vn -0.6392 -0.0874 -0.7641
vn -0.6555 -0.0349 -0.7544
vn -0.6257 -0.0334 -0.7794
vn -0.7045 -0.0243 -0.7093
vn -0.7118 -0.0279 -0.7019
vn -0.6496 -0.0852 -0.7555
vn -0.7329 0.0030 -0.6803
vn -0.6989 -0.0256 -0.7148
vn -0.6896 -0.0313 -0.7235
vn -0.5091 -0.0750 -0.8574
vn -0.4268 -0.0464 -0.9032
vn -0.4722 -0.0915 -0.8767
vn -0.3860 -0.0734 -0.9196
vn -0.3283 -0.0384 -0.9438
vn -0.2880 -0.0853 -0.9538
vn -0.1953 -0.0836 -0.9772
vn -0.2851 -0.0348 -0.9579
vn -0.2384 -0.0323 -0.9706
vn -0.0969 -0.0818 -0.9919
vn -0.1818 -0.0374 -0.9826
vn -0.1352 -0.0319 -0.9903
vn -0.4128 -0.0919 -0.9062
vn -0.5363 -0.0413 -0.8430
vn -0.5661 -0.0944 -0.8189
vn -0.5796 -0.0332 -0.8142
vn 0.2280 -0.0842 -0.9700
vn 0.1727 -0.0794 -0.9818
vn 0.1727 -0.0707 -0.9824
vn -0.1000 -0.0192 -0.9948
vn -0.0090 -0.0708 -0.9974
vn -0.0679 -0.0115 -0.9976
vn 0.0755 -0.0675 -0.9949
vn -0.0095 -0.0817 -0.9966
vn 0.0633 -0.0835 -0.9945
vn 0.1314 -0.0671 -0.9891
vn 0.2651 -0.0723 -0.9615
vn 0.2775 -0.0890 -0.9566
vn 0.1857 -0.0230 -0.9823
vn 0.1290 -0.0354 -0.9910
vn 0.0713 -0.0335 -0.9969
vn -0.0639 -0.0063 -0.9979
vn 0.2245 -0.0338 -0.9739
vn 0.2967 -0.0383 -0.9542
vn 0.2630 -0.0354 -0.9642
vn -0.0552 0.0072 -0.9984
vn -0.0601 0.0096 -0.9981
vn 0.0781 0.0006 -0.9969
vn -0.0571 0.0056 -0.9984
vn -0.0608 0.0010 -0.9981
vn 0.1432 -0.0069 -0.9897
vn 0.0748 -0.0085 -0.9972
vn 0.1445 -0.0006 -0.9895
vn 0.2242 -0.0020 -0.9746
vn 0.2231 -0.0095 -0.9748
vn 0.2894 -0.0031 -0.9572
vn 0.2904 -0.0106 -0.9569
vn 0.3482 -0.0042 -0.9374
vn 0.3496 -0.0131 -0.9368
vn -0.8091 0.0933 -0.5802
vn -0.8993 0.0301 -0.4363
vn -0.8888 0.0326 -0.4572
vn -0.7622 0.0006 0.6473
vn -0.7200 0.0036 0.6940
vn -0.7205 0.0031 0.6935
vn -0.8659 0.0020 0.5002
vn -0.8151 0.0011 0.5794
vn -0.8455 -0.0014 0.5340
vn -0.8740 0.0029 0.4860
vn -0.9147 0.0011 0.4042
vn -0.8957 0.0023 0.4446
vn -0.9363 0.0020 0.3512
vn -0.9620 0.0024 0.2731
vn -0.9582 0.0106 0.2858
vn -0.9692 0.0056 0.2461
vn -0.9889 0.0371 0.1440
vn -0.9816 0.0067 0.1909
vn -0.9992 0.0148 0.0383
vn -0.9967 0.0031 0.0816
vn -0.9991 0.0301 -0.0304
vn -0.9746 0.0316 -0.2217
vn -0.9278 0.0940 -0.3611
vn -0.9795 0.0292 -0.1993
vn -0.9884 0.0938 -0.1195
vn -0.7627 0.0300 -0.6461
vn -0.7599 0.0249 -0.6495
vn -0.6705 0.0190 -0.7417
vn -0.6294 0.0121 -0.7770
vn -0.5586 0.0063 -0.8294
vn -0.5675 0.0154 -0.8232
vn -0.5303 0.0143 -0.8477
vn -0.4649 0.0043 -0.8853
vn -0.3660 0.0050 -0.9306
vn -0.3370 -0.0003 -0.9415
vn -0.4115 -0.0022 -0.9114
vn -0.4814 0.0145 -0.8764
vn -0.3236 0.0132 -0.9461
vn -0.2598 0.0099 -0.9656
vn -0.2039 0.0439 -0.9780
vn -0.0999 0.0059 -0.9950
vn -0.1949 -0.0466 -0.9797
vn -0.0797 0.0085 -0.9968
vn 0.0310 0.0150 -0.9994
vn 0.0152 0.0094 -0.9998
vn 0.1487 0.0093 -0.9888
vn 0.1571 0.0146 -0.9875
vn 0.2646 0.0056 -0.9644
vn 0.3140 -0.0006 -0.9494
vn 0.3992 -0.0054 -0.9169
vn 0.4058 0.0015 -0.9140
vn 0.4959 -0.0089 -0.8683
vn 0.4762 0.0010 -0.8794
vn 0.5508 -0.0141 -0.8345
vn 0.6147 -0.0110 -0.7887
vn 0.6021 -0.0030 -0.7984
vn 0.6387 -0.0022 -0.7695
vn 0.6957 -0.0128 -0.7182
vn 0.6844 -0.0028 -0.7291
vn 0.7442 -0.0185 -0.6677
vn 0.7913 -0.0149 -0.6113
vn 0.7861 -0.0053 -0.6181
vn 0.8119 -0.0052 -0.5838
vn 0.8561 -0.0089 -0.5167
vn 0.8554 -0.0186 -0.5176
vn 0.9167 -0.0170 -0.3993
vn 0.9717 -0.0494 -0.2312
vn 0.9870 -0.0221 -0.1594
vn 0.9587 -0.0223 -0.2834
vn 0.9569 -0.0142 -0.2901
vn 0.9247 -0.0077 -0.3806
vn 0.8811 -0.0504 -0.4703
vn 0.9875 -0.0122 -0.1574
vn 0.9932 -0.0122 -0.1159
vn 0.9990 -0.0173 -0.0417
vn 0.9994 -0.0163 -0.0315
vn 0.9959 -0.0185 0.0880
vn 0.9980 -0.0189 0.0605
vn 0.9911 -0.0099 0.1326
vn 0.9794 -0.0201 0.2007
vn 0.9714 -0.0237 0.2364
vn 0.9394 -0.0179 0.3423
vn 0.9508 -0.0232 0.3091
vn 0.9190 -0.0163 0.3939
vn 0.8962 -0.0165 0.4434
vn 0.9021 0.0036 0.4315
vn 0.8963 0.0055 0.4434
vn 0.8959 0.0272 0.4433
vn 0.8745 -0.0587 0.4814
vn 0.8354 -0.0231 0.5491
vn 0.8836 -0.0131 0.4681
vn 0.8960 0.0272 0.4433
vn 0.6825 -0.0165 0.7307
vn 0.6933 -0.0151 0.7205
vn 0.7565 -0.0206 0.6537
vn 0.8244 -0.0166 0.5657
vn 0.8033 -0.0140 0.5954
vn 0.7560 -0.0289 0.6539
vn 0.7115 -0.0241 0.7022
vn 0.6598 -0.0161 0.7513
vn 0.5911 -0.0188 0.8064
vn 0.6164 -0.0157 0.7873
vn 0.5561 -0.0180 0.8309
vn 0.4367 -0.0209 0.8994
vn 0.5005 -0.0177 0.8656
vn 0.4601 -0.0148 0.8877
vn 0.4174 -0.0140 0.9086
vn 0.3310 -0.0131 0.9435
vn 0.2699 -0.0158 0.9627
vn 0.2284 -0.0215 0.9733
vn 0.1558 -0.0112 0.9877
vn 0.0280 0.0060 0.9996
vn 0.1621 -0.0286 0.9864
vn -0.0750 0.0027 0.9972
vn 0.0571 -0.0154 0.9982
vn -0.0576 -0.0118 0.9983
vn -0.2042 -0.0034 0.9789
vn -0.1621 -0.0108 0.9867
vn -0.3165 -0.0017 0.9486
vn -0.3169 -0.0011 0.9484
vn -0.4294 -0.0019 0.9031
vn -0.4676 0.0018 0.8840
vn -0.5347 -0.0005 0.8451
vn -0.5556 0.0008 0.8315
vn -0.6317 0.0012 0.7752
vn -0.6407 0.0026 0.7678
vn -0.7200 -0.0033 0.6940
vn -0.7587 -0.0128 0.6513
vn -0.1057 -0.0077 0.9944
vn -0.1234 -0.0074 0.9923
vn -0.2266 -0.0058 0.9740
vn -0.0029 -0.0091 1.0000
vn 0.9965 -0.0145 0.0818
vn 0.9979 -0.0132 -0.0634
vn 0.9670 -0.0110 -0.2544
vn 0.9000 -0.0084 -0.4359
vn 0.7992 -0.0055 -0.6010
vn 0.6685 -0.0024 -0.7437
vn 0.5128 0.0008 -0.8585
vn 0.3379 0.0040 -0.9412
vn 0.1504 0.0070 -0.9886
vn -0.0428 0.0098 -0.9990
vn -0.2344 0.0122 -0.9721
vn -0.4165 0.0141 -0.9090
vn -0.4169 0.0138 -0.9088
vn -0.5500 0.0151 -0.8350
vn -0.4536 0.0139 -0.8911
vn -0.4597 0.0145 -0.8880
vn -0.2027 0.0133 -0.9791
vn -0.2087 0.0119 -0.9779
vn 0.0218 0.0089 -0.9997
vn 0.0136 0.9999 0.0092
vn 0.0461 0.0095 -0.9989
vn -0.1747 0.0129 -0.9845
vn -0.1700 0.0109 -0.9854
vn -0.2574 0.0129 -0.9662
vn -0.2567 0.0124 -0.9664
vn 0.2631 0.0092 -0.9647
vn 0.2020 0.0061 -0.9794
vn 0.0366 0.0089 -0.9993
vn 0.4664 0.0066 -0.8846
vn 0.4091 0.0038 -0.9125
vn 0.3082 0.0045 -0.9513
vn 0.6474 0.0040 -0.7622
vn 0.5956 0.0005 -0.8033
vn 0.5055 0.0009 -0.8628
vn 0.7975 0.0014 -0.6034
vn 0.7544 -0.0028 -0.6565
vn 0.6791 -0.0026 -0.7340
vn 0.9095 -0.0010 -0.4157
vn 0.8778 -0.0059 -0.4789
vn 0.8210 -0.0061 -0.5709
vn 0.9781 -0.0030 -0.2083
vn 0.9602 -0.0087 -0.2790
vn 0.9245 -0.0093 -0.3810
vn 1.0000 -0.0036 0.0084
vn 0.9978 -0.0109 -0.0661
vn 0.9848 -0.0120 -0.1733
vn 0.9737 -0.0050 0.2278
vn 0.9809 -0.0138 0.1938
vn 0.9991 -0.0142 0.0393
vn 0.9519 -0.0138 0.3060
vn 0.9727 -0.0156 0.2316
vn 0.9482 -0.0151 0.3175
vn 0.8743 -0.0127 0.4853
vn 0.8656 -0.0166 0.5004
vn 0.0136 0.9999 0.0093
vn 0.0137 0.9999 0.0091
vn 0.8908 -0.0253 0.4537
vn 0.8701 -0.0241 0.4924
vn 0.8723 -0.0315 0.4880
vn 0.9353 -0.0404 0.3515
vn 0.9660 -0.0390 0.2556
vn 0.9818 -0.0402 0.1856
vn 0.9906 -0.0553 0.1252
vn 0.9956 -0.0640 0.0689
vn 0.9982 -0.0475 -0.0356
vn 0.9899 -0.0391 -0.1362
vn 0.9472 -0.0457 0.3174
vn 0.9600 -0.0215 0.2792
vn 0.1624 0.0065 -0.9867
vn 0.6849 -0.0153 -0.7285
vn 0.7253 -0.0343 -0.6876
vn 0.7841 -0.0187 -0.6203
vn 0.7466 -0.0359 -0.6643
vn 0.7820 -0.0083 -0.6233
vn 0.8042 -0.0056 -0.5943
vn 0.8415 -0.0200 -0.5399
vn 0.8336 -0.0065 -0.5523
vn 0.8774 -0.0313 -0.4787
vn 0.9119 -0.0204 -0.4099
vn 0.9176 -0.0080 -0.3974
vn 0.9506 -0.0162 -0.3100
vn 0.9550 -0.0146 -0.2963
vn 0.9829 -0.0140 -0.1839
vn 0.9904 -0.0126 -0.1377
vn 0.9986 0.0075 -0.0529
vn 0.9976 -0.0255 0.0639
vn 0.9975 -0.0698 -0.0113
vn 0.9890 -0.0052 0.1476
vn 0.9827 -0.0057 0.1849
vn 0.9497 -0.0115 0.3131
vn 0.8360 -0.0172 0.5485
vn 0.8193 -0.0432 0.5718
vn 0.8930 -0.0413 0.4482
vn 0.9147 -0.0331 0.4029
vn 0.9534 -0.0159 0.3012
vn 0.7892 -0.0266 0.6136
vn 0.7563 -0.0607 0.6514
vn 0.6865 -0.0345 0.7263
vn 0.7359 -0.0775 0.6727
vn 0.6805 -0.0206 0.7325
vn 0.6386 -0.0156 0.7694
vn 0.6195 -0.0313 0.7844
vn 0.5741 -0.0490 0.8173
vn 0.4438 -0.0219 0.8959
vn 0.5196 -0.0311 0.8539
vn 0.4018 -0.0064 0.9157
vn 0.3768 -0.0137 0.9262
vn 0.4164 -0.0141 0.9091
vn 0.3193 -0.0119 0.9476
vn 0.2140 -0.0039 0.9768
vn 0.2013 -0.0118 0.9795
vn 0.0812 -0.0110 0.9966
vn 0.0387 -0.0067 0.9992
vn -0.0427 -0.0099 0.9990
vn -0.0645 -0.0078 0.9979
vn -0.1630 -0.0073 0.9866
vn -0.1700 -0.0063 0.9854
vn -0.2823 -0.0062 0.9593
vn -0.2719 -0.0051 0.9623
vn -0.3406 -0.0035 0.9402
vn -0.3970 -0.0048 0.9178
vn -0.4095 -0.0042 0.9123
vn -0.5069 -0.0021 0.8620
vn -0.4734 -0.0037 0.8808
vn -0.5384 0.0008 0.8427
vn -0.6067 -0.0006 0.7950
vn -0.6253 0.0024 0.7803
vn -0.7008 0.0014 0.7133
vn -0.7051 0.0029 0.7091
vn -0.7807 0.0024 0.6249
vn -0.7597 0.0046 0.6502
vn -0.8116 0.0054 0.5841
vn -0.8530 0.0044 0.5219
vn -0.8517 0.0065 0.5239
vn -0.8877 0.0103 0.4604
vn -0.9087 0.0063 0.4175
vn -0.9341 0.0112 0.3567
vn -0.9538 0.0110 0.3001
vn -0.9975 0.0131 0.0691
vn -0.9983 0.0157 0.0559
vn -0.9878 0.0140 0.1549
vn -0.9676 0.0111 0.2523
vn -0.9903 0.0048 0.1389
vn -1.0000 0.0038 0.0090
vn -0.9767 0.0155 -0.2140
vn -0.9596 0.0145 -0.2810
vn -0.9922 0.0095 -0.1246
vn -0.9853 0.0171 -0.1698
vn -0.9987 0.0149 -0.0494
vn -0.7545 0.0165 -0.6561
vn -0.7186 0.0154 -0.6953
vn -0.8101 0.0141 -0.5861
vn -0.7953 0.0175 -0.6059
vn -0.8694 0.0144 -0.4939
vn -0.8629 0.0167 -0.5050
vn -0.9091 0.0160 -0.4164
vn -0.9166 0.0134 -0.3995
vn -0.9411 0.0150 -0.3378
vn -0.9642 0.0155 -0.2646
vn -0.7197 0.0162 -0.6941
vn -0.6648 0.0161 -0.7468
vn -0.6270 0.0135 -0.7789
vn -0.5972 0.0161 -0.8019
vn -0.5295 0.0148 -0.8482
vn -0.5260 0.0148 -0.8503
vn -0.4235 0.0143 -0.9058
vn -0.4274 0.0139 -0.9040
vn -0.3116 0.0132 -0.9501
vn -0.3226 0.0117 -0.9465
vn -0.1953 0.0109 -0.9807
vn -0.2309 0.0110 -0.9729
vn -0.1438 0.0116 -0.9895
vn -0.0748 0.0094 -0.9972
vn -0.0598 0.0103 -0.9982
vn 0.0451 0.0083 -0.9989
vn 0.0503 0.0088 -0.9987
vn 0.1604 0.0032 -0.9870
vn 0.2549 0.0046 -0.9670
vn 0.3849 0.0076 -0.9229
vn 0.3894 0.0078 -0.9210
vn 0.4887 -0.0054 -0.8724
vn 0.5223 -0.0068 -0.8528
vn 0.6052 -0.0073 -0.7961
vn 0.6117 0.0007 -0.7911
vn 0.6810 -0.0039 -0.7323
vn 0.9134 -0.0247 -0.4062
vn 0.9643 -0.0254 -0.2634
vn 0.9506 -0.0296 -0.3090
vn 0.9517 -0.0190 -0.3064
vn 0.9265 -0.0178 -0.3758
vn 0.9114 -0.0162 -0.4111
vn 0.8811 -0.0235 -0.4724
vn 0.8813 -0.0153 -0.4724
vn 0.8301 -0.0220 -0.5572
vn 0.8303 -0.0138 -0.5572
vn 0.7577 -0.0202 -0.6523
vn 0.7579 -0.0120 -0.6523
vn 0.6867 -0.0186 -0.7267
vn 0.6869 -0.0103 -0.7267
vn 0.9785 -0.0420 -0.2020
vn 0.9648 -0.0349 -0.2608
vn 0.0139 0.9999 0.0090
vn 0.0139 0.9999 0.0089
vn 0.0141 0.9999 0.0091
vn 0.0140 0.9999 0.0091
vn 0.9993 -0.0024 0.0368
vn 0.9993 -0.0124 -0.0351
vn 0.9779 -0.0154 0.2086
vn 0.9819 -0.0060 0.1894
vn 0.9870 -0.0151 0.1601
vn 0.9964 -0.0130 -0.0833
vn 0.9983 -0.0094 0.0571
vn 0.3203 -0.0133 0.9472
vn 0.1893 -0.0116 0.9819
vn 0.3958 -0.0157 0.9182
vn 0.1848 -0.0145 0.9827
vn 0.3694 -0.0068 0.9292
vn 0.4181 -0.0170 0.9083
vn 0.9981 -0.0313 0.0528
vn 0.9998 -0.0174 -0.0110
vn 0.8994 -0.0270 0.4363
vn 0.9513 -0.0230 0.3074
vn 0.8078 -0.0303 0.5886
vn 0.6502 -0.0187 0.7595
vn 0.6634 -0.0234 0.7479
vn 0.5087 -0.0081 0.8609
vn 0.6157 -0.0206 0.7877
vn 0.8015 -0.0215 0.5976
vn 0.9035 -0.0232 0.4279
vn 0.9731 -0.0225 0.2292
vn 0.9972 -0.0211 -0.0724
vn 0.2206 0.0059 -0.9753
vn 0.6273 -0.0015 -0.7788
vn 0.8978 -0.0084 -0.4404
vn -0.9999 0.0139 0.0003
vn -0.9619 0.0183 -0.2726
vn -0.9623 0.0158 -0.2714
vn -0.7058 0.0164 -0.7083
vn -0.2238 0.0160 -0.9745
vn -0.5497 0.0186 -0.8351
vn -0.8096 0.0166 -0.5868
vn -0.2678 0.0126 -0.9634
vn 0.4027 -0.0140 0.9152
vn 0.3997 -0.0098 0.9166
vn 0.3882 -0.0074 0.9215
vn 0.3166 0.0033 0.9485
vn 0.2778 -0.0127 0.9606
vn 0.1673 0.0006 0.9859
vn 0.0745 0.0137 0.9971
vn 0.0505 -0.0099 0.9987
vn -0.0635 0.0073 0.9980
vn -0.1714 0.0207 0.9850
vn -0.1795 -0.0066 0.9837
vn -0.2914 0.0122 0.9565
vn -0.4066 0.0246 0.9133
vn -0.4000 -0.0029 0.9165
vn -0.5038 0.0147 0.8637
vn -0.6175 0.0252 0.7861
vn -0.5992 0.0009 0.8006
vn -0.6887 0.0148 0.7249
vn -0.7916 0.0217 0.6106
vn -0.7666 0.0047 0.6421
vn -0.8362 0.0129 0.5482
vn -0.8299 0.0105 0.5578
vn -0.8286 0.0079 0.5598
vn -0.6222 -0.0001 0.7829
vn -0.5996 0.0057 0.8003
vn -0.1824 -0.0108 0.9832
vn -0.1440 -0.0041 0.9896
vn -0.1194 -0.0075 0.9928
vn -0.3005 -0.0038 0.9538
vn -0.1680 -0.0067 0.9858
vn -0.2379 -0.0056 0.9713
vn -0.1939 -0.0063 0.9810
vn 0.1735 -0.0114 0.9848
vn 0.9974 -0.0144 0.0702
vn 0.9998 -0.0158 0.0154
vn -0.7754 -0.0054 -0.6314
vn -0.7811 0.0075 -0.6244
vn -0.8984 0.0075 -0.4392
vn -0.7787 0.0142 -0.6273
vn -0.9413 0.0020 -0.3375
vn -0.9425 0.0093 -0.3341
vn -0.4091 -0.0288 -0.9120
vn -0.4652 -0.0029 -0.8852
vn -0.2142 -0.0055 -0.9768
vn -0.2867 0.0104 -0.9580
vn -0.3475 -0.0204 -0.9375
vn -0.2497 -0.0320 -0.9678
vn -0.0368 0.0019 -0.9993
vn -0.0008 -0.0002 -1.0000
vn -0.0472 -0.0058 -0.9989
vn 0.0110 0.0054 -0.9999
vn 0.5481 0.0040 -0.8364
vn 0.5449 0.0031 -0.8385
vn 0.7110 -0.0016 -0.7032
vn 0.5255 0.0007 -0.8508
vn 0.9930 -0.0127 -0.1171
vn 0.9442 -0.0119 -0.3292
vn 0.9052 -0.0086 -0.4250
vn 0.6615 -0.0017 -0.7500
vn 0.5175 0.0017 -0.8557
vn -0.5050 0.0133 -0.8630
vn -0.3101 0.0114 -0.9506
vn -0.5049 0.0101 -0.8631
vn -0.3159 0.0074 -0.9488
vn -0.5094 -0.0050 -0.8605
vn -0.9796 0.0071 -0.2007
vn -0.9672 0.0157 -0.2533
vn -0.9994 0.0141 -0.0322
vn -0.4996 -0.0011 0.8663
vn -0.7930 0.0054 0.6092
vn -0.9657 0.0110 0.2594
vn -0.9657 0.0110 0.2593
vn -0.0458 -0.6853 -0.7268
vn -0.0227 -0.6860 -0.7273
vn -0.0979 -0.6878 -0.7193
vn -0.2094 -0.6936 -0.6892
vn -0.1784 -0.6931 -0.6985
vn -0.1782 -0.6957 -0.6959
vn 0.0180 -0.6787 -0.7342
vn 0.0618 -0.6706 -0.7393
vn 0.0468 -0.6758 -0.7356
vn 0.0749 -0.6616 -0.7462
vn -0.2537 -0.6903 -0.6776
vn -0.3068 -0.6875 -0.6582
vn -0.3794 -0.6859 -0.6210
vn -0.4927 -0.6694 -0.5560
vn -0.3896 -0.6886 -0.6116
vn -0.4526 -0.6796 -0.5774
vn -0.4859 -0.6738 -0.5567
vn -0.5169 -0.6697 -0.5333
vn -0.6603 0.0179 -0.7508
vn -0.6333 0.0228 -0.7736
vn -0.6959 0.0193 -0.7179
vn -0.4599 0.0204 -0.8878
vn -0.2756 0.0182 -0.9611
vn 0.0067 0.0091 -0.9999
vn -0.0564 0.0100 -0.9984
vn -0.0493 0.0081 -0.9987
vn -0.0057 0.0093 -0.9999
vn 0.0693 0.0082 -0.9976
vn -0.1924 0.0116 -0.9813
vn -0.3991 0.0108 -0.9168
vn -0.3728 0.0137 -0.9278
vn -0.5374 0.0151 -0.8432
vn -0.8054 0.0166 -0.5925
vn -0.6564 0.0156 -0.7542
vn -0.8071 0.0128 -0.5903
vn -0.4184 0.0109 -0.9082
vn -0.9220 0.0086 -0.3870
vn -0.3883 0.0138 -0.9214
vn 0.4083 -0.0122 -0.9128
vn 0.4353 -0.0146 -0.9001
vn -0.6043 -0.0885 0.7918
vn -0.6023 -0.0744 0.7948
vn -0.6788 -0.0877 0.7291
vn -0.6781 -0.0693 0.7317
vn -0.7378 -0.0862 0.6695
vn -0.7449 -0.0621 0.6643
vn -0.7793 -0.0846 0.6209
vn -0.7982 -0.0624 0.5991
vn -0.8489 -0.0653 0.5245
vn -0.8326 -0.0840 0.5474
vn -0.8046 -0.0842 0.5878
vn -0.9508 -0.0630 0.3035
vn -0.9530 -0.0739 0.2937
vn -0.9211 -0.0631 0.3841
vn -0.9297 -0.0720 0.3611
vn -0.8882 -0.0661 0.4548
vn -0.9022 -0.0692 0.4258
vn -0.8734 -0.0708 0.4818
vn -0.9567 -0.0279 0.2899
vn -0.9282 -0.0274 0.3712
vn -0.8850 -0.0314 0.4646
vn -0.8464 -0.0289 0.5318
vn -0.7964 -0.0339 0.6038
vn -0.7249 -0.0394 0.6877
vn -0.6625 -0.0416 0.7479
vn -0.6044 -0.0405 0.7956
vn -0.9787 -0.0038 0.2051
vn -0.9787 0.0043 0.2051
vn -0.9957 0.0056 0.0920
vn -0.9957 -0.0023 0.0921
vn -0.9997 0.0015 -0.0248
vn -0.9996 0.0069 -0.0263
vn -0.9898 0.0080 -0.1424
vn -0.9900 0.0031 -0.1408
vn -0.9689 0.0016 -0.2476
vn -0.9688 0.0089 -0.2479
vn -0.2013 -0.0853 0.9758
vn -0.2012 -0.1040 0.9740
vn -0.2026 -0.0851 0.9756
vn -0.2027 -0.1037 0.9737
vn -0.2012 -0.0449 0.9785
vn -0.2030 -0.0455 0.9781
vn 0.1207 -0.0186 0.9925
vn 0.1209 -0.0263 0.9923
vn 0.0059 -0.0260 0.9996
vn 0.0061 -0.0172 0.9998
vn -0.0846 -0.0160 0.9963
vn -0.0848 -0.0249 0.9961
vn -0.1549 -0.0151 0.9878
vn -0.1557 -0.0240 0.9875
vn -0.2506 -0.0931 0.9636
vn -0.2006 -0.1008 0.9745
vn -0.2029 -0.0786 0.9760
vn -0.1586 -0.0980 0.9825
vn -0.5177 -0.0758 0.8522
vn -0.5343 -0.0859 0.8409
vn -0.4418 -0.0802 0.8935
vn -0.4647 -0.0898 0.8809
vn -0.3740 -0.0809 0.9239
vn -0.3695 -0.0990 0.9239
vn -0.2964 -0.0782 0.9518
vn -0.3031 -0.0979 0.9479
vn -0.1280 -0.0490 0.9906
vn -0.1233 -0.0830 0.9889
vn -0.1146 -0.1034 0.9880
vn -0.2130 -0.0474 0.9759
vn -0.5316 -0.0395 0.8461
vn -0.4413 -0.0422 0.8963
vn -0.3718 -0.0404 0.9274
vn -0.3270 -0.0457 0.9439
vn -0.2846 -0.0450 0.9576
vn -0.6039 -0.0152 0.7969
vn -0.6039 -0.0067 0.7970
vn -0.6621 -0.0054 0.7494
vn -0.6621 -0.0139 0.7493
vn -0.7274 -0.0123 0.6862
vn -0.8029 -0.0069 0.5961
vn -0.7273 -0.0039 0.6863
vn -0.8048 -0.0019 0.5936
vn -0.8773 0.0002 0.4799
vn -0.8791 -0.0040 0.4767
vn -0.9280 0.0020 0.3726
vn -0.9280 -0.0062 0.3725
vn -0.9569 0.0031 0.2905
vn -0.9569 -0.0050 0.2904
vn -0.0722 -0.0872 0.9936
vn -0.0724 -0.1059 0.9917
vn -0.1210 -0.1052 0.9871
vn -0.0718 -0.0468 0.9963
vn -0.1209 -0.0865 0.9889
vn -0.1628 -0.1045 0.9811
vn -0.1629 -0.0858 0.9829
vn -0.1206 -0.0461 0.9916
vn -0.1628 -0.0455 0.9856
vn -0.2035 -0.0219 0.9788
vn -0.2011 -0.0233 0.9793
vn -0.0696 -0.0865 0.9938
vn -0.0693 -0.0469 0.9965
vn -0.0456 -0.0873 0.9951
vn -0.0454 -0.0471 0.9979
vn -0.0455 -0.1059 0.9933
vn -0.0690 -0.1048 0.9921
vn -0.1249 -0.0227 0.9919
vn -0.1265 -0.0181 0.9918
vn -0.2142 -0.0140 0.9767
vn -0.2135 -0.0221 0.9767
vn -0.3153 -0.0160 0.9489
vn -0.3173 -0.0122 0.9483
vn -0.4293 -0.0102 0.9031
vn -0.4321 -0.0153 0.9017
vn -0.5306 -0.0082 0.8476
vn -0.5306 -0.0167 0.8475
vn -0.1626 -0.0238 0.9864
vn -0.1204 -0.0245 0.9924
vn -0.0715 -0.0252 0.9971
vn -0.0452 -0.0255 0.9987
vn -0.0699 -0.0251 0.9972
vn 0.4207 0.0025 -0.9072
vn 0.6412 -0.0018 -0.7674
vn 0.8179 -0.0060 -0.5753
vn 0.9959 -0.0129 -0.0893
vn 0.9851 -0.0152 0.1715
vn 0.9071 -0.0164 0.4206
vn 0.5752 -0.0155 0.8179
vn 0.3439 -0.0134 0.9389
vn -0.1716 -0.0067 0.9851
vn -0.6412 0.0018 0.7674
vn -0.8179 0.0060 0.5753
vn -0.9959 0.0129 0.0893
vn -0.9851 0.0152 -0.1715
vn -0.7673 0.0165 -0.6411
vn -0.3439 0.0134 -0.9389
vn -0.0892 0.0104 -0.9960
vn 0.7673 -0.0165 0.6411
vn 0.0892 -0.0104 0.9960
vn -0.4207 -0.0025 0.9072
vn -0.9071 0.0164 -0.4206
vn -0.5752 0.0155 -0.8179
vn 0.9939 -0.0147 0.1089
vn 0.9961 -0.0129 0.0877
vn 0.9469 -0.0160 0.3212
vn -0.9940 0.0147 -0.1080
vn -0.9472 0.0160 -0.3203
vn -0.9401 0.0178 -0.3404
vn 0.6431 -0.0159 0.7656
vn 0.7972 -0.0166 0.6035
vn 0.9793 -0.0154 0.2018
vn 0.9709 -0.0112 -0.2391
vn 0.7737 -0.0049 -0.6335
vn 0.4260 0.0024 -0.9047
vn -0.0046 0.0093 -0.9999
vn -0.4343 0.0143 -0.9007
vn -0.7795 0.0165 -0.6262
vn -0.9731 0.0156 -0.2299
vn -0.9774 0.0116 0.2111
vn -0.9061 0.0086 0.4230
vn 0.9389 -0.0098 -0.3440
vn 0.1716 0.0067 -0.9851
vn -0.9389 0.0098 0.3440
vn 0.0333 -0.0267 0.9991
vn -0.1703 -0.0288 0.9850
vn 0.1927 -0.0269 0.9809
vn 0.3462 -0.0293 0.9377
vn 0.6990 -0.0198 0.7149
vn 0.5638 -0.0456 0.8246
vn 0.7692 -0.0280 0.6384
vn 0.4470 -0.0346 0.8939
vn 0.3284 -0.0132 0.9444
vn 0.9365 -0.0630 0.3451
vn 0.8556 -0.0258 0.5169
vn 0.7776 -0.0165 0.6286
vn 0.9371 -0.0284 -0.3478
vn 0.9983 -0.0167 -0.0567
vn 0.9834 -0.0273 0.1794
vn 0.9806 -0.0410 0.1917
vn 0.8100 -0.0359 -0.5854
vn 0.7234 -0.0238 -0.6900
vn 0.6441 -0.0191 -0.7647
vn 0.8998 -0.0120 -0.4361
vn 0.9594 -0.0107 -0.2818
vn 0.1712 -0.0173 -0.9851
vn 0.3913 -0.0004 -0.9203
vn 0.5899 -0.0007 -0.8075
vn -0.4367 0.0107 -0.8995
vn -0.2821 0.0127 -0.9593
vn -0.3478 -0.0052 -0.9376
vn -0.0571 0.0066 -0.9983
vn -0.7647 -0.0006 -0.6444
vn -0.6904 -0.0041 -0.7234
vn -0.5862 -0.0148 -0.8101
vn -0.9854 -0.0069 -0.1701
vn -0.9851 0.0152 -0.1712
vn -0.9204 0.0129 -0.3907
vn -0.8076 0.0166 -0.5895
vn -0.8997 0.0048 0.4365
vn -0.9444 0.0100 0.3288
vn -0.9397 -0.0128 0.3417
vn -0.9812 -0.0034 0.1930
vn -0.9994 -0.0036 0.0338
vn -0.8179 -0.0036 0.5753
vn -0.6408 -0.0220 0.7674
vn -0.7147 -0.0001 0.6994
vn -0.3909 -0.0065 0.9204
vn -0.5895 0.0007 0.8078
vn 0.6608 -0.0022 -0.7506
vn 0.5733 0.0056 -0.8193
vn 0.6613 0.0146 -0.7500
vn 0.4302 0.0312 -0.9022
vn 0.4021 0.0029 -0.9156
vn 0.2161 0.0142 -0.9763
vn -0.0087 0.0381 -0.9992
vn -0.2860 0.0178 -0.9581
vn -0.2879 0.0229 -0.9574
vn -0.1741 0.0175 -0.9846
vn 0.0217 0.0089 -0.9997
vn -0.0862 0.0103 -0.9962
vn 0.5263 0.0035 -0.8503
vn 0.4694 0.0035 -0.8830
vn 0.3929 0.0136 -0.9195
vn 0.3316 0.0262 -0.9431
vn 0.6166 0.0048 -0.7873
vn -0.2222 0.0110 -0.9749
vn -0.1146 0.0178 -0.9933
vn 0.1800 0.0504 -0.9824
vn 0.1729 0.0483 -0.9838
vn 0.1596 0.0445 -0.9862
vn 0.1316 0.0373 -0.9906
vn 0.0711 0.0250 -0.9972
vn -0.0388 0.0127 -0.9992
vn -0.9759 0.0115 0.2181
vn 0.7928 -0.0166 0.6092
vn 0.4646 0.0019 -0.8855
vn 0.6754 0.0035 -0.7374
vn 0.6613 -0.0022 -0.7502
vn 0.8202 -0.0059 -0.5720
vn 0.9538 -0.0058 -0.3005
vn 0.9324 -0.0096 -0.3612
vn 0.9915 -0.0124 -0.1299
vn -0.0477 0.0100 -0.9988
vn -0.3012 0.0190 -0.9534
vn -0.2832 0.0127 -0.9590
vn -0.5024 0.0151 -0.8645
vn -0.7379 0.0210 -0.6746
vn -0.8442 0.0167 -0.5358
vn -0.6931 0.0162 -0.7207
vn 0.9182 -0.0162 0.3959
vn 0.7762 -0.0143 0.6303
vn 0.2803 -0.0058 0.9599
vn 0.5468 -0.0090 0.8372
vn 0.7867 -0.0165 0.6172
vn 0.3707 -0.0137 0.9287
vn 0.1269 -0.0109 0.9919
vn -0.0999 -0.0078 0.9950
vn -0.0730 -0.0082 0.9973
vn 0.1915 -0.0117 0.9814
vn -0.3544 -0.0037 0.9351
vn -0.5400 0.0005 0.8417
vn -0.5876 0.0007 0.8091
vn 0.1003 -0.0077 0.9949
vn 0.6690 -0.0160 0.7431
vn 0.5085 -0.0138 0.8610
vn 0.5212 -0.0150 0.8533
vn 0.3258 -0.0106 0.9454
vn 0.1576 -0.0113 0.9874
vn 0.2274 -0.0121 0.9737
vn 0.6261 -0.0158 0.7796
vn 0.7093 0.6980 0.0986
vn 0.7148 0.6963 0.0650
vn 0.7149 0.6963 0.0636
vn 0.7095 0.6978 0.0983
vn 0.7089 0.6984 0.0988
vn 0.7077 0.6994 0.1000
vn 0.7154 0.6977 -0.0383
vn 0.6936 0.6992 -0.1734
vn 0.6461 0.7011 -0.3017
vn 0.5749 0.7031 -0.4185
vn 0.4825 0.7053 -0.5194
vn 0.3724 0.7076 -0.6006
vn 0.2487 0.7098 -0.6590
vn 0.1161 0.7120 -0.6926
vn -0.0205 0.7139 -0.7000
vn -0.1560 0.7156 -0.6808
vn -0.2852 0.7170 -0.6360
vn -0.3150 0.7133 -0.6260
vn -0.3102 0.7128 -0.6290
vn 0.0856 0.7103 -0.6987
vn 0.0926 0.7105 -0.6975
vn -0.1330 0.7154 -0.6860
vn 0.2225 0.7090 -0.6692
vn 0.2182 0.7092 -0.6704
vn 0.4803 0.7004 -0.5281
vn 0.4803 0.7003 -0.5281
vn 0.3817 0.7074 -0.5949
vn 0.3816 0.7074 -0.5949
vn -0.0967 0.6991 -0.7084
vn -0.1915 0.7111 -0.6765
vn -0.1915 0.7111 -0.6766
vn -0.1152 0.7145 -0.6901
vn 0.0350 0.6560 -0.7539
vn 0.1778 0.7020 -0.6896
vn 0.1821 0.7023 -0.6882
vn 0.4023 0.6928 -0.5985
vn 0.4169 0.7061 -0.5725
vn 0.2911 0.5994 -0.7456
vn 0.1018 0.7108 -0.6960
vn 0.1063 0.7109 -0.6952
vn -0.0737 0.7146 -0.6956
vn 0.1600 0.7013 -0.6947
vn 0.1625 0.7113 -0.6839
vn 0.1320 0.6113 -0.7803
vn 0.0417 0.6968 -0.7160
vn -0.7043 0.7099 0.0047
vn -0.7031 0.7100 0.0391
vn -0.7027 0.7099 0.0475
vn -0.7079 0.7032 0.0660
vn -0.6970 0.7165 -0.0293
vn -0.6884 0.7105 -0.1456
vn -0.6878 0.7172 -0.1120
vn -0.6773 0.7064 -0.2055
vn -0.6441 0.7048 -0.2974
vn -0.6398 0.7181 -0.2739
vn -0.6269 0.6779 -0.3839
vn -0.5587 0.7028 -0.4405
vn -0.5536 0.7185 -0.4211
vn -0.5337 0.6482 -0.5432
vn -0.4393 0.7014 -0.5613
vn -0.4348 0.7180 -0.5435
vn -0.4003 0.6223 -0.6727
vn -0.2934 0.6999 -0.6512
vn -0.2902 0.7170 -0.6338
vn -0.2353 0.6033 -0.7620
vn -0.1297 0.6980 -0.7042
vn -0.1282 0.7153 -0.6870
vn -0.0510 0.5927 -0.8038
vn 0.0418 0.7130 -0.6999
vn 0.1641 0.7112 -0.6836
vn 0.1670 0.7111 -0.6829
vn -0.1796 0.7159 -0.6747
vn -0.4893 0.7185 -0.4943
vn -0.4892 0.7185 -0.4944
vn -0.6708 0.7182 -0.1853
vn -0.6708 0.7182 -0.1852
vn 0.7149 0.6970 -0.0560
vn 0.7152 0.6971 -0.0496
vn 0.6446 0.7011 -0.3049
vn 0.4533 0.7060 -0.5442
vn 0.7037 0.6931 0.1562
vn 0.7046 0.6929 0.1529
vn 0.7077 0.6963 0.1197
vn 0.7309 0.6820 0.0243
vn 0.7640 0.6331 -0.1243
vn 0.7647 0.6323 -0.1246
vn 0.7162 0.6962 0.0488
vn 0.7555 0.6472 -0.1020
vn -0.3917 0.8641 -0.3161
vn -0.3927 0.8647 -0.3133
vn -0.2086 0.6941 -0.6890
vn -0.2500 0.7366 -0.6285
vn -0.2388 0.7414 -0.6272
vn -0.1828 0.6864 -0.7039
vn -0.2091 0.7433 -0.6355
vn -0.1358 0.6786 -0.7218
vn -0.1353 0.7431 -0.6554
vn -0.0371 0.6702 -0.7412
vn 0.0764 0.7084 -0.7016
vn 0.0742 0.7014 -0.7089
vn 0.2545 0.7292 -0.6352
vn 0.1702 0.6852 -0.7082
vn 0.3711 0.7159 -0.5915
vn 0.3658 0.6943 -0.6198
vn 0.5840 0.6935 -0.4219
vn 0.4886 0.6364 -0.5969
vn 0.6037 0.6951 -0.3904
vn 0.7086 0.6911 -0.1426
vn 0.7153 0.6943 0.0797
vn 0.7141 0.6946 0.0872
vn 0.7128 0.6966 -0.0817
vn 0.6868 0.6707 -0.2802
vn 0.6801 0.6933 0.2382
vn 0.6822 0.6938 0.2308
vn 0.4699 0.6869 0.5545
vn 0.4701 0.6868 0.5543
vn 0.5704 0.6953 0.4373
vn 0.3955 0.7091 -0.5837
vn 0.4709 0.6986 -0.5387
vn 0.4227 0.7135 -0.5587
vn 0.2642 0.7164 -0.6458
vn -0.5680 0.7074 -0.4206
vn -0.6629 0.7165 -0.2173
vn -0.6609 0.7161 -0.2246
vn -0.5905 0.7173 -0.3699
vn -0.4865 0.7028 -0.5190
vn -0.3353 0.6978 -0.6330
vn 0.3549 0.7918 -0.4971
vn 0.2571 0.7002 -0.6660
vn 0.1562 0.6999 -0.6969
vn 0.0746 0.7115 -0.6987
vn -0.0319 0.7205 -0.6927
vn -0.0656 0.7033 -0.7079
vn -0.1950 0.6916 -0.6955
vn -0.3473 0.7172 -0.6041
vn 0.5735 0.6953 0.4332
vn 0.7022 0.6962 0.1492
vn 0.6963 0.6991 -0.1626
vn 0.5569 0.7036 -0.4415
vn 0.5569 0.7035 -0.4415
vn 0.3110 0.7087 -0.6333
vn 0.0065 0.7135 -0.7006
vn -0.2973 0.7171 -0.6304
vn -0.5414 0.7187 -0.4363
vn -0.6783 0.7180 -0.1561
vn -0.6814 0.7151 0.1557
vn -0.6388 0.7045 0.3093
vn -0.6389 0.7045 0.3091
vn -0.6947 0.7156 -0.0736
vn -0.6959 0.7151 -0.0661
vn -0.6803 0.7151 0.1607
vn 0.3551 0.6672 0.6548
vn 0.3519 0.6465 0.6769
vn 0.3535 0.6185 0.7017
vn 0.3470 0.5801 0.7370
vn 0.2394 0.6800 0.6930
vn -0.6373 0.7274 0.2544
vn -0.6398 0.6999 0.3175
vn -0.6294 0.7365 0.2478
vn -0.6343 0.7128 0.2993
vn -0.6669 0.7141 0.2128
vn -0.7683 0.5695 0.2922
vn -0.6521 0.7369 0.1781
vn -0.6484 0.7405 0.1767
vn 0.2356 0.6978 0.6765
vn 0.1716 0.5653 0.8068
vn 0.0681 0.6811 0.7291
vn -0.2148 0.5779 0.7873
vn -0.2753 0.6864 0.6731
vn -0.1071 0.6835 0.7220
vn 0.0666 0.6998 0.7113
vn -0.0231 0.5690 0.8220
vn -0.1059 0.7022 0.7041
vn -0.2715 0.7049 0.6553
vn -0.3903 0.5916 0.7054
vn -0.4315 0.6952 0.5748
vn -0.4330 0.7024 0.5649
vn -0.5523 0.6975 0.4565
vn -0.5513 0.5457 0.6311
vn -0.5529 0.7062 0.4423
vn -0.6622 0.5926 0.4585
vn -0.6912 0.7176 -0.0854
vn -0.6984 0.7155 -0.0192
vn -0.6989 0.7151 -0.0130
vn -0.6731 0.7148 0.1899
vn -0.5510 0.7108 0.4373
vn -0.5510 0.7108 0.4372
vn -0.3435 0.7063 0.6191
vn -0.3434 0.7063 0.6191
vn -0.1480 0.7013 0.6973
vn -0.1541 0.7011 0.6962
vn 0.0029 0.6980 0.7161
vn 0.0133 0.6972 0.7168
vn 0.2719 0.6974 0.6631
vn 0.5592 0.6954 0.4514
vn 0.6871 0.6924 0.2202
vn 0.6891 0.6854 0.2353
vn 0.6209 0.6941 0.3644
vn 0.6243 0.6944 0.3580
vn 0.6802 0.6956 0.2312
vn 0.6851 0.6910 0.2303
vn 0.7364 0.6516 0.1820
vn -0.0610 0.6990 0.7125
vn -0.0689 0.6996 0.7112
vn 0.1706 0.6985 0.6950
vn 0.4525 0.6958 0.5577
vn -0.0803 0.7004 0.7093
vn -0.0748 0.7000 0.7102
vn 0.1212 0.6991 0.7047
vn 0.3697 0.6965 0.6150
vn 0.5019 0.6894 0.5223
vn 0.4978 0.6913 0.5237
vn 0.4514 0.6838 0.5733
vn 0.5349 0.6521 0.5373
vn 0.4259 0.6955 0.5787
vn 0.3186 0.6969 0.6425
vn 0.1806 0.6873 0.7035
vn 0.2034 0.6976 0.6870
vn 0.1113 0.6753 0.7291
vn 0.0217 0.6851 0.7282
vn 0.0364 0.6998 0.7134
vn -0.0703 0.6436 0.7621
vn -0.1449 0.6863 0.7128
vn -0.1327 0.7024 0.6993
vn -0.2540 0.6162 0.7455
vn -0.3055 0.6886 0.6577
vn -0.2936 0.7053 0.6453
vn -0.4272 0.5979 0.6783
vn -0.4494 0.6912 0.5660
vn -0.5026 0.7072 0.4973
vn -0.5038 0.6984 0.5084
vn -0.5759 0.5908 0.5650
vn -0.4370 0.7081 0.5546
vn -0.3718 0.7068 0.6018
vn -0.2012 0.7024 0.6827
vn -0.2060 0.7023 0.6814
vn -0.0777 0.7002 0.7097
vn -0.0717 0.6998 0.7107
vn 0.1324 0.6989 0.7028
vn 0.1324 0.6989 0.7029
vn 0.2980 0.6931 0.6564
vn 0.2942 0.6928 0.6584
vn 0.2727 0.6846 0.6759
vn 0.2842 0.6968 0.6586
vn 0.2029 0.6543 0.7286
vn 0.1214 0.6842 0.7191
vn 0.1273 0.6988 0.7039
vn 0.0359 0.6130 0.7892
vn -0.0405 0.6860 0.7265
vn -0.0359 0.7011 0.7121
vn -0.1403 0.5909 0.7944
vn -0.2010 0.6884 0.6969
vn -0.1965 0.7037 0.6828
vn -0.3088 0.5937 0.7431
vn -0.3563 0.6964 0.6230
vn -0.3578 0.7015 0.6163
vn -0.4810 0.6972 0.5316
vn -0.4576 0.5672 0.6847
vn -0.4825 0.7065 0.5178
vn -0.5808 0.6994 0.4166
vn -0.5827 0.7059 0.4026
vn -0.5784 0.7050 0.4104
vn -0.5818 0.7112 0.3945
vn -0.5567 0.6551 0.5108
vn 0.6127 0.7173 0.3317
vn 0.6203 0.7349 0.2741
vn 0.5301 0.7215 0.4455
vn 0.5194 0.7570 0.3964
vn 0.5901 0.7016 0.3995
vn 0.5744 0.6955 0.4318
vn 0.5407 0.7019 0.4636
vn 0.4628 0.7927 0.3968
vn 0.4994 0.7082 0.4991
vn 0.4212 0.7238 0.5465
vn 0.2434 0.7114 0.6593
vn 0.3226 0.6807 0.6577
vn -0.0891 0.7079 0.7007
vn -0.0924 0.7019 0.7063
vn -0.4137 0.7076 0.5728
vn -0.5332 0.7688 0.3530
vn -0.5138 0.7817 0.3535
vn -0.6873 0.5929 0.4196
vn 0.5934 0.7033 0.3914
vn 0.5428 0.7383 0.4004
vn 0.5486 0.7323 0.4034
vn -0.6500 0.7004 0.2950
vn -0.5617 0.7609 0.3249
vn -0.7784 0.5781 0.2448
vn -0.7078 0.6953 0.1249
vn -0.6391 0.7133 0.2875
vn -0.7955 0.5840 -0.1618
vn -0.6765 0.6982 -0.2342
vn -0.7148 0.6971 -0.0566
vn -0.6885 0.7156 0.1177
vn -0.8125 0.5813 0.0425
vn -0.6943 0.7173 -0.0591
vn -0.6154 0.5869 -0.5261
vn -0.4765 0.6982 -0.5343
vn -0.5954 0.6986 -0.3968
vn -0.6559 0.7184 -0.2318
vn -0.7283 0.5859 -0.3553
vn -0.5759 0.7187 -0.3896
vn -0.2831 0.5867 -0.7587
vn -0.1571 0.6953 -0.7013
vn -0.3273 0.6971 -0.6379
vn -0.4593 0.7183 -0.5226
vn -0.4639 0.5872 -0.6634
vn -0.3133 0.7172 -0.6225
vn 0.1192 0.5838 -0.8031
vn 0.2033 0.6903 -0.6943
vn 0.0236 0.6930 -0.7205
vn -0.1471 0.7154 -0.6830
vn -0.0846 0.5855 -0.8063
vn 0.0289 0.7132 -0.7004
vn 0.4927 0.5796 -0.6490
vn 0.5160 0.6844 -0.5151
vn 0.3709 0.6874 -0.6244
vn 0.2037 0.7105 -0.6736
vn 0.3158 0.5818 -0.7495
vn 0.3664 0.7076 -0.6042
vn 0.7457 0.5758 -0.3351
vn 0.7041 0.6790 -0.2077
vn 0.6294 0.6815 -0.3733
vn 0.5068 0.7047 -0.4966
vn 0.6391 0.5776 -0.5079
vn 0.6161 0.7018 -0.3575
vn 0.8167 0.5738 0.0608
vn 0.7215 0.6755 0.1523
vn 0.7355 0.6769 -0.0288
vn 0.6874 0.6994 -0.1956
vn 0.8062 0.5745 -0.1415
vn 0.7164 0.6974 -0.0211
vn 0.7011 0.6960 0.1551
vn 0.7769 0.5739 0.2592
vn 0.6590 0.6814 0.3185
vn 0.6426 0.6962 0.3200
vn 0.6066 0.7052 0.3670
vn 0.5833 0.6970 0.4171
vn 0.3285 0.8169 0.4741
vn 0.3432 0.7999 0.4924
vn 0.4452 0.6947 0.5650
vn 0.3941 0.7333 0.5540
vn 0.4884 0.6912 0.5327
vn 0.2905 0.7084 -0.6433
vn 0.2492 0.7055 -0.6634
vn 0.2838 0.7079 -0.6468
vn 0.3692 0.7075 -0.6026
vn 0.3726 0.7028 -0.6060
vn 0.5061 0.6910 -0.5161
vn 0.4687 0.5747 -0.6708
vn 0.5097 0.7006 -0.4994
vn 0.6167 0.6881 -0.3824
vn 0.6063 0.5999 -0.5221
vn 0.6167 0.6985 -0.3630
vn 0.6916 0.6858 -0.2266
vn 0.7006 0.6231 -0.3479
vn 0.6874 0.6968 -0.2048
vn 0.7268 0.6844 -0.0583
vn 0.7480 0.6441 -0.1597
vn 0.7177 0.6955 -0.0344
vn 0.7202 0.6846 0.1119
vn 0.7479 0.6631 0.0308
vn 0.7059 0.6947 0.1382
vn 0.6730 0.6873 0.2734
vn 0.7022 0.6794 0.2129
vn 0.6525 0.6948 0.3025
vn 0.5876 0.6953 0.4139
vn 0.5049 0.6949 0.5120
vn 0.1627 0.7105 -0.6847
vn 0.1115 0.7111 -0.6942
vn 0.1626 0.7106 -0.6846
vn 0.1625 0.7114 -0.6837
vn 0.1079 0.7110 -0.6949
vn 0.1625 0.7112 -0.6839
vn -0.0512 0.7143 -0.6979
vn -0.0512 0.7144 -0.6979
vn -0.1742 0.7130 -0.6792
vn -0.1724 0.7128 -0.6798
vn 0.7589 0.6500 0.0398
vn 0.5536 0.8309 0.0564
vn 0.5731 0.8174 0.0577
vn 0.6702 0.7395 0.0630
vn 0.6984 0.7131 0.0617
vn 0.7281 0.6847 -0.0331
vn -0.1140 0.7151 -0.6897
vn 0.0370 0.7131 -0.7001
vn 0.1781 0.7011 -0.6904
vn 0.1513 0.7109 -0.6868
vn 0.2440 0.6897 -0.6818
vn 0.3231 0.6961 -0.6411
vn 0.2986 0.7085 -0.6394
vn 0.3920 0.6790 -0.6207
vn 0.4534 0.6923 -0.5613
vn 0.4306 0.7060 -0.5622
vn 0.5240 0.6679 -0.5285
vn 0.5642 0.6889 -0.4551
vn 0.5430 0.7036 -0.4583
vn 0.6336 0.6567 -0.4090
vn 0.6500 0.6859 -0.3272
vn 0.6305 0.7013 -0.3328
vn 0.7152 0.6457 -0.2674
vn 0.7067 0.6833 -0.1835
vn 0.6889 0.6992 -0.1914
vn 0.7645 0.6351 -0.1104
vn 0.7155 0.6975 -0.0407
vn 0.2529 0.6975 0.6704
vn 0.2530 0.6975 0.6704
vn 0.5523 0.6953 0.4598
vn 0.7063 0.6963 0.1278
vn 0.6737 0.7001 -0.2368
vn 0.4631 0.7057 -0.5361
vn 0.1311 0.7117 -0.6901
vn -0.2334 0.7165 -0.6574
vn -0.5328 0.7187 -0.4468
vn -0.6868 0.7177 -0.1148
vn -0.6542 0.7139 0.2498
vn -0.4436 0.7083 0.5491
vn -0.1116 0.7023 0.7031
vn 0.5523 0.6954 0.4598
vn 0.6737 0.7001 -0.2367
vn -0.6868 0.7178 -0.1148
vn -0.6541 0.7139 0.2498
vn -0.6541 0.7140 0.2498
vn -0.2334 0.7164 -0.6574
vn -0.6683 -0.6910 0.2755
vn -0.7230 -0.6853 0.0876
vn -0.7119 -0.6840 0.1592
vn 0.0972 -0.6988 -0.7086
vn -0.0150 -0.6821 -0.7311
vn -0.0911 -0.7046 -0.7037
vn -0.2155 -0.6848 -0.6961
vn -0.2804 -0.6861 -0.6713
vn -0.3093 -0.7018 -0.6417
vn -0.3892 -0.6913 -0.6088
vn -0.4434 -0.6766 -0.5879
vn -0.5360 -0.6942 -0.4804
vn -0.5201 -0.6766 -0.5213
vn -0.5761 -0.7472 -0.3313
vn -0.5850 -0.6632 -0.4668
vn -0.6470 -0.7050 -0.2905
vn -0.6518 -0.7010 -0.2894
vn -0.6832 -0.7027 -0.1986
vn -0.7144 -0.6921 -0.1035
vn -0.7118 -0.6961 -0.0939
vn -0.7725 -0.6344 -0.0274
vn 0.5868 -0.7074 0.3941
vn 0.4477 -0.7058 0.5490
vn 0.5278 -0.6852 0.5019
vn 0.2934 -0.7157 0.6337
vn 0.3105 -0.7109 0.6310
vn 0.3886 -0.6921 0.6083
vn 0.5685 -0.7116 -0.4129
vn 0.4903 -0.7003 -0.5189
vn 0.5024 -0.7094 -0.4943
vn 0.5688 -0.7113 -0.4130
vn 0.6212 -0.7126 -0.3260
vn 0.6269 -0.7132 -0.3137
vn 0.6520 -0.7079 -0.2715
vn 0.6590 -0.7193 -0.2198
vn 0.6611 -0.7354 -0.1489
vn 0.6874 -0.7256 -0.0314
vn 0.6854 -0.7274 -0.0337
vn 0.6843 -0.7198 0.1168
vn 0.6537 -0.7567 0.0051
vn 0.6901 -0.7124 0.1274
vn 0.6633 -0.7085 0.2410
vn 0.6368 -0.7159 0.2863
vn 0.5858 -0.7234 0.3655
vn 0.5600 -0.6755 0.4797
vn -0.6980 -0.6812 0.2208
vn -0.6459 -0.7035 0.2966
vn -0.6056 -0.7029 0.3731
vn -0.5830 -0.7097 0.3956
vn -0.5330 -0.6991 0.4766
vn -0.5085 -0.6841 0.5230
vn -0.3585 -0.7449 0.5626
vn -0.4713 -0.6755 0.5672
vn -0.2980 -0.7223 0.6241
vn -0.2729 -0.7117 0.6473
vn -0.1345 -0.7086 0.6927
vn -0.1311 -0.7117 0.6901
vn 0.0134 -0.7138 0.7002
vn 0.0122 -0.7111 0.7030
vn 0.1650 -0.7196 0.6744
vn 0.1326 -0.7031 0.6986
vn 0.2174 -0.6984 0.6818
vn 0.0922 -0.7018 -0.7063
vn 0.1977 -0.7076 -0.6784
vn 0.2717 -0.7096 -0.6501
vn 0.2814 -0.7143 -0.6408
vn 0.4511 -0.6769 -0.5816
vn 0.3187 -0.7544 -0.5738
vn 0.4530 -0.7080 -0.5417
vn 0.9313 -0.0095 -0.3642
vn 0.9026 -0.0085 -0.4305
vn 0.7869 -0.0052 -0.6171
vn 0.6333 -0.0016 -0.7739
vn 0.4492 0.0020 -0.8934
vn 0.2434 0.0056 -0.9699
vn 0.0259 0.0088 -0.9996
vn -0.1929 0.0117 -0.9812
vn -0.2764 0.0127 -0.9609
vn 0.2267 0.6725 -0.7045
vn 0.1903 0.6676 -0.7198
vn 0.2756 0.6560 -0.7026
vn 0.2031 0.6640 -0.7197
vn 0.2502 0.6585 -0.7097
vn 0.2667 0.6531 -0.7088
vn 0.2647 0.6566 -0.7063
vn 0.3023 0.6596 -0.6882
vn 0.3214 0.6607 -0.6783
vn 0.2794 0.6621 -0.6954
vn 0.1046 0.6674 -0.7373
vn 0.0066 0.6726 -0.7400
vn 0.0990 0.6567 -0.7476
vn -0.0008 0.6680 -0.7442
vn 0.0758 0.5890 -0.8046
vn -0.0026 0.6722 -0.7404
vn 0.3226 0.6611 -0.6774
vn 0.3348 0.6607 -0.6718
vn 0.3598 0.6603 -0.6592
vn 0.3574 0.6578 -0.6630
vn 0.4061 0.6624 -0.6296
vn 0.3884 0.6551 -0.6481
vn 0.4216 0.6628 -0.6188
vn 0.4099 0.6564 -0.6333
vn 0.1495 0.6559 -0.7399
vn 0.0138 0.9999 0.0094
vn 0.0139 0.9999 0.0087
vn -0.0137 -0.9999 -0.0090
vn 0.3738 0.6451 0.6664
vn 0.4448 0.6268 0.6397
vn 0.4309 0.6339 0.6423
vn 0.4582 0.6381 0.6187
vn 0.4508 0.6445 0.6176
vn 0.4984 0.6436 0.5808
vn 0.4931 0.6404 0.5888
vn 0.5149 0.6449 0.5649
vn 0.4099 0.6409 0.6490
vn 0.3658 0.6438 0.6721
vn 0.2917 0.6445 0.7068
vn 0.3317 0.6414 0.6918
vn 0.1924 0.6508 0.7345
vn 0.2024 0.6475 0.7347
vn 0.2511 0.6476 0.7194
vn 0.2885 0.6482 0.7048
vn -0.0138 -0.9999 -0.0094
vn -0.0142 -0.9999 -0.0076
vn -0.0139 -0.9999 -0.0090
vn -0.0143 -0.9999 -0.0074
vn 0.6735 -0.0025 -0.7392
vn 0.9163 -0.0090 -0.4004
vn 0.9973 -0.0131 -0.0724
vn 0.3089 -0.0243 0.9508
vn 0.3994 -0.0083 0.9167
vn 0.4462 -0.0265 0.8945
vn 0.4307 -0.0621 0.9003
vn 0.2860 -0.0277 0.9578
vn 0.0678 -0.0214 0.9975
vn 0.2092 -0.0707 0.9753
vn 0.0336 -0.3387 0.9403
vn -0.1638 -0.0327 0.9859
vn -0.0278 -0.4226 0.9059
vn -0.1026 -0.0077 0.9947
vn 0.0342 -0.0199 0.9992
vn -0.2840 -0.0263 0.9585
vn -0.1672 -0.0067 0.9859
vn -0.1101 -0.0076 0.9939
vn 0.1955 -0.0117 0.9806
vn -0.0640 -0.0129 0.9979
vn 0.9867 -0.1526 0.0558
vn 0.9708 -0.0335 0.2375
vn 0.9743 -0.0351 0.2223
vn -0.1266 -0.0079 0.9919
vn -0.0891 -0.0080 0.9960
vn -0.0109 -0.0076 0.9999
vn -0.0096 -0.0077 0.9999
vn 0.1020 -0.0101 0.9947
vn 0.0556 -0.0078 0.9984
vn -0.2965 -0.0047 0.9550
vn -0.3149 0.0008 0.9491
vn -0.2348 -0.0074 0.9720
vn -0.2605 -0.0021 0.9655
vn -0.1608 -0.0068 0.9870
vn 0.5821 -0.0189 0.8129
vn 0.4925 -0.0451 0.8691
vn 0.4696 -0.0159 0.8827
vn 0.0923 -0.0102 0.9957
vn 0.1293 -0.0110 0.9915
vn 0.2135 -0.0117 0.9769
vn 0.2167 -0.0120 0.9762
vn 0.3230 -0.0130 0.9463
vn 0.3359 -0.0140 0.9418
vn 0.4104 -0.0124 0.9118
vn 0.4404 -0.0127 0.8977
vn 0.4199 -0.0135 0.9075
vn 0.5203 0.0078 0.8539
vn 0.5952 -0.0103 0.8035
vn 0.6912 -0.0313 0.7220
vn 0.6537 0.0072 0.7567
vn 0.7626 -0.0147 0.6467
vn 0.9004 -0.0346 0.4337
vn 0.7167 0.0071 0.6974
vn 0.7731 -0.0124 0.6341
vn 0.8428 -0.0293 0.5375
vn 0.8218 -0.0070 0.5697
vn 0.8941 -0.0207 0.4473
vn 0.9404 -0.1822 0.2871
vn 0.9996 -0.0290 -0.0060
vn 0.9999 -0.0147 -0.0024
vn 0.9895 -0.0099 -0.1439
vn 0.9883 -0.0109 -0.1523
vn 0.9638 -0.0099 -0.2663
vn 0.9621 -0.0160 -0.2723
vn 0.9311 -0.0012 -0.3647
vn 0.9232 -0.0004 -0.3842
vn 0.9008 0.0340 -0.4329
vn 0.8654 0.0054 -0.5010
vn 0.8750 -0.0002 -0.4840
vn 0.8495 -0.0069 -0.5276
vn 0.8222 -0.0042 -0.5691
vn 0.8177 0.0098 -0.5756
vn 0.7770 0.0488 -0.6276
vn 0.7175 0.0151 -0.6964
vn 0.7595 0.0506 -0.6485
vn 0.6724 0.0180 -0.7399
vn 0.6450 0.3595 -0.6743
vn 0.4888 0.0092 -0.8724
vn 0.6247 0.1727 -0.7615
vn 0.7237 0.0044 -0.6900
vn 0.6286 -0.0345 -0.7769
vn -0.4412 0.0143 -0.8973
vn -0.3754 0.0175 -0.9267
vn -0.4066 0.0161 -0.9135
vn -0.3130 0.0149 -0.9496
vn -0.3285 0.0147 -0.9444
vn 0.0200 0.0102 -0.9997
vn -0.0476 0.0093 -0.9988
vn -0.0927 0.0125 -0.9956
vn -0.1345 0.0105 -0.9909
vn -0.2059 0.0131 -0.9785
vn -0.2056 0.0126 -0.9786
vn -0.2532 0.0125 -0.9673
vn 0.5355 0.0066 -0.8445
vn 0.4744 0.0015 -0.8803
vn 0.3877 0.0056 -0.9218
vn 0.3867 0.0026 -0.9222
vn 0.3503 0.0062 -0.9366
vn 0.2881 0.0038 -0.9576
vn 0.2447 0.0068 -0.9696
vn 0.1975 0.0045 -0.9803
vn 0.1323 0.0088 -0.9912
vn 0.0887 0.0060 -0.9960
vn 0.0142 0.0090 -0.9999
vn 0.6752 -0.0025 -0.7376
vn 0.7375 -0.0164 0.6751
vn 0.7375 -0.0163 0.6751
vn 0.7375 -0.0161 0.6751
vn 0.7375 -0.0158 0.6751
vn 0.9943 -0.0147 0.1052
vn 0.9733 -0.0113 -0.2291
vn 0.7776 -0.0050 -0.6288
vn 0.4278 0.0024 -0.9039
vn -0.0067 0.0093 -0.9999
vn -0.4398 0.0143 -0.8980
vn -0.7859 0.0165 -0.6181
vn -0.9460 0.0160 -0.3238
vn -0.9502 0.0160 -0.3111
vn -0.9401 0.0146 -0.3406
vn 0.9928 -0.0147 0.1186
vn 0.9928 -0.0148 0.1191
vn 0.3105 0.0042 -0.9506
vn 0.2642 0.0052 -0.9645
vn 0.5692 -0.0001 -0.8222
vn 0.5732 -0.0008 -0.8194
vn 0.8406 -0.0063 -0.5417
vn 0.8431 -0.0069 -0.5377
vn 0.9842 -0.0117 -0.1765
vn 0.9846 -0.0121 -0.1741
vn 0.1673 0.0067 -0.9859
vn 0.0877 0.0064 -0.9961
vn -0.1058 0.0105 -0.9943
vn -0.3009 0.0092 -0.9536
vn -0.3293 0.0132 -0.9441
vn -0.5356 0.0151 -0.8443
vn -0.7378 0.0127 -0.6749
vn -0.7138 0.0163 -0.7002
vn -0.8545 0.0165 -0.5193
vn 0.0136 0.9999 0.0101
vn 0.0132 0.9998 0.0114
vn -0.0137 -0.9999 -0.0094
vn -0.0140 -0.9999 -0.0090
vn -0.0142 -0.9999 -0.0087
vn -0.0140 -0.9999 -0.0094
vn -0.1505 0.6574 0.7383
vn -0.1499 0.6575 0.7383
vn -0.1344 0.6569 0.7419
vn -0.1322 0.6512 0.7473
vn -0.1031 0.6558 0.7478
vn -0.1040 0.6543 0.7491
vn -0.1566 0.6561 0.7382
vn -0.1535 0.6612 0.7344
vn -0.1420 0.6593 0.7383
vn -0.1527 0.6625 0.7334
vn -0.1435 0.6586 0.7387
vn -0.1212 0.6687 0.7336
vn -0.1101 0.6582 0.7448
vn -0.1253 0.6777 0.7246
vn -0.1060 0.6565 0.7468
vn -0.0828 0.6566 0.7497
vn -0.0827 0.6567 0.7496
vn -0.0519 0.6609 0.7487
vn -0.0470 0.6603 0.7495
vn 0.2935 0.6680 -0.6838
vn 0.3154 0.6688 -0.6732
vn 0.3096 0.6692 -0.6755
vn 0.1701 0.6701 -0.7225
vn 0.1159 0.6774 -0.7264
vn 0.1212 0.6809 -0.7223
vn 0.0588 0.6908 -0.7206
vn 0.0557 0.6792 -0.7318
vn 0.1432 0.6726 -0.7261
vn 0.1750 0.6701 -0.7214
vn 0.2082 0.6601 -0.7217
vn 0.2970 0.6679 -0.6824
vn 0.2837 0.6709 -0.6851
vn 0.2662 0.6651 -0.6977
vn 0.2669 0.6648 -0.6977
vn 0.2399 0.6666 -0.7058
vn 0.2406 0.6667 -0.7055
vn 0.2226 0.6652 -0.7127
vn 0.1778 0.6699 -0.7209
vn 0.1564 0.6719 -0.7239
vn 0.1402 0.6824 -0.7174
vn 0.1087 0.6848 -0.7206
vn 0.0611 0.7001 -0.7114
vn -0.0448 0.6517 -0.7572
vn -0.0485 0.6538 -0.7552
vn -0.0640 0.6735 -0.7364
vn -0.0591 0.6686 -0.7413
vn -0.0756 0.6763 -0.7328
vn -0.0683 0.6799 -0.7301
vn -0.0729 0.6791 -0.7304
vn -0.0100 0.6880 -0.7256
vn -0.0042 0.8094 -0.5873
vn -0.0524 0.6902 -0.7217
vn -0.0159 0.6822 -0.7310
vn 0.3417 0.6656 -0.6635
vn 0.3375 0.6670 -0.6643
vn 0.3189 0.6653 -0.6750
vn 0.3178 0.6653 -0.6756
vn 0.2771 0.6645 -0.6940
vn 0.2735 0.6633 -0.6966
vn 0.3418 0.6696 -0.6595
vn 0.3258 0.6900 -0.6464
vn 0.3233 0.6840 -0.6539
vn -0.0733 0.6552 0.7519
vn -0.0744 0.6552 0.7518
vn -0.0393 0.6556 0.7541
vn -0.0402 0.6556 0.7540
vn -0.0190 0.6560 0.7545
vn -0.0219 0.6571 0.7535
vn -0.0214 0.6769 0.7358
vn -0.0256 0.6734 0.7388
vn -0.1052 0.6556 0.7477
vn -0.0537 0.6539 0.7547
vn -0.0573 0.6541 0.7542
vn -0.0108 0.6539 0.7565
vn -0.0064 0.6528 0.7575
vn 0.0303 0.6534 0.7564
vn 0.0351 0.6522 0.7572
vn 0.0758 0.6526 0.7539
vn 0.0811 0.6513 0.7545
vn 0.1281 0.6520 0.7473
vn 0.1332 0.6506 0.7476
vn -0.7320 0.6584 0.1751
vn -0.7326 0.6558 0.1823
vn -0.7440 0.6581 0.1155
vn -0.7448 0.6559 0.1222
vn -0.7499 0.6589 0.0593
vn -0.7490 0.6598 0.0604
vn -0.7507 0.6606 0.0103
vn -0.7505 0.6602 -0.0277
vn -0.7556 0.6340 -0.1648
vn -0.7211 0.6586 -0.2150
vn -0.7562 0.6467 -0.0994
vn -0.7381 0.6623 -0.1284
vn -0.7486 0.6610 -0.0515
vn -0.7153 0.6566 0.2392
vn -0.4987 0.6647 0.5563
vn -0.4439 0.6652 0.6004
vn -0.4421 0.6639 0.6031
vn -0.4836 0.6634 0.5709
vn -0.5114 0.6640 0.5455
vn -0.5453 0.6635 0.5122
vn -0.5346 0.6634 0.5235
vn -0.5566 0.6629 0.5008
vn -0.5845 0.6625 0.4685
vn -0.5818 0.6588 0.4770
vn -0.6153 0.6702 0.4151
vn -0.6058 0.6569 0.4489
vn -0.6433 0.6641 0.3809
vn -0.6422 0.6571 0.3947
vn -0.6734 0.6632 0.3267
vn -0.6697 0.6558 0.3485
vn -0.6945 0.6603 0.2856
vn -0.6945 0.6566 0.2941
vn -0.7116 0.6574 0.2478
vn -0.7202 0.6587 0.2179
vn -0.1451 0.6552 0.7414
vn -0.1413 0.6571 0.7404
vn -0.0549 0.6775 -0.7335
vn -0.0652 0.6793 -0.7310
vn -0.0208 0.6794 -0.7334
vn 0.0620 0.6789 -0.7316
vn -0.1070 0.6557 0.7474
vn -0.3892 0.6637 0.6387
vn -0.3913 0.6646 0.6366
vn -0.3310 0.6622 0.6723
vn -0.3339 0.6632 0.6699
vn -0.2666 0.6606 0.7018
vn -0.2691 0.6614 0.7001
vn -0.2156 0.6588 0.7207
vn -0.2181 0.6595 0.7194
vn -0.1760 0.6575 0.7326
vn -0.1783 0.6582 0.7314
vn -0.1389 0.6564 0.7415
vn -0.1411 0.6571 0.7405
vn -0.1090 0.6563 0.7466
vn -0.0762 0.6558 0.7511
vn -0.1129 0.6568 0.7456
vn -0.0809 0.6568 0.7497
vn -0.0440 0.6565 0.7531
vn 0.3142 0.6662 -0.6763
vn 0.2674 0.6674 -0.6950
vn 0.2154 0.6697 -0.7107
vn 0.1501 0.6722 -0.7250
vn -0.0417 0.6561 0.7535
vn -0.0241 0.6562 0.7542
vn 0.3357 0.6655 -0.6667
vn 0.3159 0.6646 -0.6772
vn 0.2672 0.6647 -0.6977
vn 0.2192 0.6636 -0.7152
vn -0.0634 0.6717 -0.7381
vn -0.0552 0.6727 -0.7379
vn 0.0032 0.6698 -0.7425
vn 0.0161 0.6731 -0.7394
vn 0.0575 0.6705 -0.7396
vn 0.0983 0.6704 -0.7354
vn 0.1014 0.6668 -0.7383
vn 0.1445 0.6647 -0.7330
vn 0.1512 0.6657 -0.7308
vn 0.1829 0.6638 -0.7252
vn 0.2354 0.6617 -0.7119
vn 0.1985 0.6655 -0.7195
vn 0.1786 0.6646 -0.7256
vn -0.1262 0.6748 -0.7272
vn -0.1344 0.6735 -0.7269
vn -0.2167 0.6754 -0.7049
vn -0.2174 0.6753 -0.7048
vn -0.3278 0.6751 -0.6609
vn -0.3197 0.6772 -0.6627
vn -0.4234 0.6763 -0.6028
vn -0.4115 0.6806 -0.6062
vn -0.4841 0.6796 -0.5511
vn -0.4674 0.6868 -0.5567
vn 0.6314 0.0627 -0.7729
vn 0.6292 0.0836 -0.7727
vn 0.7005 0.0642 -0.7107
vn 0.9879 0.0517 -0.1460
vn 0.9889 0.0349 -0.1442
vn 0.9697 0.0351 -0.2419
vn 0.9688 0.0535 -0.2418
vn 0.9476 0.0317 -0.3180
vn 0.9414 0.0558 -0.3327
vn 0.9160 0.0358 -0.3995
vn 0.9066 0.0575 -0.4181
vn 0.8816 0.0349 -0.4708
vn 0.8671 0.0589 -0.4947
vn 0.8310 0.0353 -0.5551
vn 0.8187 0.0557 -0.5715
vn 0.7567 0.0395 -0.6526
vn 0.7650 0.0556 -0.6417
vn 0.6874 0.0430 -0.7250
vn 0.6203 0.0407 -0.7833
vn 0.0137 0.9999 0.0089
vn 0.0141 0.9999 0.0093
vn 0.0134 0.9999 0.0092
vn 0.0135 0.9999 0.0091
vn 0.0141 0.9999 0.0092
vn 0.0149 0.9998 0.0094
vn 0.0133 0.9999 0.0092
vn 0.0129 0.9999 0.0092
vn 0.0142 0.9999 0.0093
vn 0.8180 0.0533 0.5727
vn 0.8162 0.0230 0.5772
vn 0.8598 0.0244 0.5100
vn 0.8683 0.0543 0.4931
vn 0.8129 0.0684 0.5784
vn 0.8850 0.0294 0.4647
vn 0.9095 0.0503 0.4126
vn 0.9058 0.0289 0.4228
vn 0.9240 0.0249 0.3817
vn 0.9440 0.0488 0.3262
vn 0.9429 0.0014 0.3330
vn 0.9699 0.0293 0.2416
vn 0.9695 0.0496 0.2400
vn 0.9825 0.0293 0.1837
vn 0.9879 0.0504 0.1466
vn 0.9911 0.0308 0.1298
vn 0.9981 0.0341 0.0507
vn 0.9974 0.0495 0.0526
vn 0.9983 0.0338 -0.0472
vn 0.9977 0.0505 -0.0462
vn 0.0135 0.9999 0.0088
vn -0.6137 0.6526 -0.4444
vn -0.4392 0.6734 -0.5946
vn -0.4071 0.6778 -0.6122
vn -0.2248 0.6783 -0.6995
vn -0.2721 0.6783 -0.6825
vn -0.1338 0.6716 -0.7287
vn -0.0614 0.6695 -0.7403
vn -0.0369 0.6701 -0.7413
vn 0.0484 0.6555 -0.7536
vn 0.0949 0.6645 -0.7412
vn 0.0384 0.6693 -0.7420
vn -0.7014 0.6519 -0.2882
vn -0.7372 0.6335 -0.2350
vn -0.6519 0.6572 -0.3782
vn -0.7016 0.6380 -0.3173
vn -0.5783 0.6644 -0.4734
vn -0.4985 0.6709 -0.5489
vn 0.5605 0.0886 -0.8234
vn 0.5366 0.0704 -0.8409
vn 0.5533 0.0909 -0.8280
vn 0.2695 0.0416 -0.9621
vn 0.1374 0.0443 -0.9895
vn 0.1358 0.0827 -0.9873
vn 0.5386 0.0373 -0.8418
vn 0.4539 0.0748 -0.8879
vn 0.4549 0.0378 -0.8897
vn 0.3693 0.0772 -0.9261
vn 0.3705 0.0395 -0.9280
vn 0.2683 0.0785 -0.9601
vn 0.0013 0.1033 -0.9946
vn 0.0032 0.0858 -0.9963
vn 0.0044 0.0468 -0.9989
vn 0.1313 0.0976 -0.9865
vn 0.2321 0.0921 -0.9683
vn 0.2999 0.0961 -0.9491
vn 0.3621 0.0914 -0.9277
vn 0.4122 0.0885 -0.9068
vn 0.4655 0.0922 -0.8802
vn 0.5256 0.0907 -0.8459
vn 0.3694 0.0844 0.9254
vn 0.2606 0.0821 0.9620
vn 0.2571 0.0646 0.9642
vn 0.6568 0.0646 0.7513
vn 0.6347 0.0787 0.7687
vn 0.5869 0.0783 0.8058
vn 0.6329 0.0643 0.7716
vn 0.6931 0.0592 0.7185
vn 0.7568 0.0555 0.6513
vn 0.7492 0.0669 0.6589
vn 0.7571 0.0218 0.6529
vn 0.6940 0.0189 0.7197
vn 0.6426 0.0186 0.7660
vn 0.6005 0.0246 0.7992
vn 0.5576 0.0611 0.8279
vn 0.5545 0.0193 0.8320
vn 0.4917 0.0250 0.8704
vn 0.4913 0.0603 0.8689
vn 0.4158 0.0269 0.9091
vn 0.4157 0.0598 0.9075
vn 0.3372 0.0267 0.9411
vn 0.3335 0.0645 0.9405
vn 0.2519 0.0237 0.9675
vn 0.4855 0.0813 0.8705
vn 0.9901 0.0166 -0.1391
vn 0.9995 0.0182 -0.0273
vn 0.9964 0.0193 -0.0827
vn 0.9972 0.0121 0.0742
vn 0.9997 0.0237 0.0077
vn 0.9650 0.0121 0.2618
vn 0.9822 0.0119 0.1877
vn 0.9905 0.0107 0.1370
vn 0.9437 0.0462 0.3276
vn 0.9456 -0.0005 0.3254
vn 0.8213 -0.0015 0.5705
vn 0.8732 -0.0039 0.4873
vn 0.9601 -0.0099 0.2796
vn 0.8908 -0.0075 0.4542
vn 0.8699 -0.0090 0.4931
vn 0.8226 -0.0091 0.5686
vn 0.9990 -0.0259 0.0365
vn 0.9993 -0.0146 -0.0352
vn -0.0144 -0.9999 -0.0090
vn -0.0145 -0.9999 -0.0090
vn 0.9816 -0.0246 0.1892
vn 0.9982 -0.0192 0.0570
vn 0.9644 -0.0036 -0.2645
vn 0.9636 -0.0097 -0.2673
vn 0.9145 -0.0011 -0.4046
vn 0.9489 0.0079 -0.3155
vn 0.9643 0.0174 -0.2642
vn 0.9793 0.0183 -0.2014
vn 0.6192 0.0062 -0.7852
vn 0.6162 0.0146 -0.7874
vn 0.6873 0.0130 -0.7263
vn 0.9152 0.0052 -0.4030
vn 0.8819 0.0078 -0.4714
vn 0.8309 0.0093 -0.5564
vn 0.7584 0.0112 -0.6517
vn 0.6873 0.0047 -0.7264
vn 0.7583 0.0030 -0.6519
vn 0.8308 0.0011 -0.5565
vn 0.8818 -0.0004 -0.4715
vn 0.3805 -0.0139 0.9247
vn 0.3961 -0.0133 0.9181
vn 0.3949 0.0073 0.9187
vn 0.9997 -0.0108 -0.0206
vn 0.6604 0.0011 0.7509
vn 0.5996 -0.0157 0.8001
vn 0.8971 -0.0145 0.4415
vn 0.8290 -0.0114 0.5592
vn 0.9986 -0.0089 0.0529
vn 0.9929 -0.0043 -0.1187
vn 0.9975 -0.0076 0.0702
vn 0.9598 -0.0092 0.2805
vn 0.9436 0.0013 0.3310
vn 0.8260 0.0832 0.5574
vn 0.5101 0.0895 0.8554
vn -0.1815 -0.0065 0.9834
vn -0.1692 -0.0049 0.9856
vn -0.2520 -0.0081 0.9677
vn -0.1937 -0.0063 0.9810
vn -0.3072 -0.0045 0.9516
vn 0.3486 -0.0125 0.9372
vn 0.1721 -0.0022 0.9851
vn 0.1166 -0.0107 0.9931
vn -0.0929 -0.0072 0.9956
vn -0.7519 0.0739 -0.6551
vn -0.7525 0.0474 -0.6569
vn -0.8543 0.0537 -0.5170
vn -0.9486 0.0628 -0.3101
vn -0.9544 0.0760 -0.2888
vn -0.9020 0.0568 -0.4281
vn -0.9191 0.0751 -0.3869
vn -0.8682 0.0851 -0.4889
vn -0.7736 0.1023 -0.6253
vn -0.6476 0.0928 -0.7563
vn -0.6727 0.1058 -0.7323
vn -0.5119 0.0616 -0.8568
vn 0.1858 0.0142 0.9825
vn 0.1762 0.0640 0.9823
vn 0.1268 0.0308 0.9914
vn 0.0892 0.0664 0.9938
vn -0.0109 0.0675 0.9977
vn 0.0231 0.0334 0.9992
vn 0.0800 0.0300 0.9963
vn -0.1546 0.0726 0.9853
vn -0.1557 0.0353 0.9872
vn -0.0955 0.0727 0.9928
vn -0.0946 0.0343 0.9949
vn -0.0316 0.0319 0.9990
vn 0.1645 0.0838 0.9828
vn 0.0898 0.0772 0.9930
vn -0.1509 0.0899 0.9844
vn -0.0760 0.0820 0.9937
vn -0.0229 0.0828 0.9963
vn 0.0438 0.0675 0.9968
vn 0.7674 0.0021 0.6412
vn 0.6057 -0.0074 0.7956
vn 0.7062 0.0003 0.7080
vn 0.4949 -0.0021 0.8689
vn 0.4150 0.0025 0.9098
vn 0.3421 0.0034 0.9397
vn 0.2429 0.0041 0.9700
vn 0.7677 -0.0090 0.6407
vn 0.7029 -0.0087 0.7112
vn 0.6049 -0.0081 0.7963
vn 0.4978 -0.0072 0.8673
vn 0.4154 -0.0064 0.9096
vn 0.3415 -0.0056 0.9399
vn 0.2429 -0.0045 0.9700
vn 0.0047 0.0255 -0.9997
vn 0.1378 0.0233 -0.9902
vn 0.2699 0.0210 -0.9627
vn 0.3708 0.0192 -0.9285
vn 0.4551 0.0176 -0.8903
vn 0.5378 0.0135 -0.8429
vn -0.0834 0.0878 -0.9926
vn -0.0830 0.0483 -0.9954
vn -0.0985 0.0885 -0.9912
vn -0.0992 0.0487 -0.9939
vn -0.0399 0.0881 -0.9953
vn -0.0403 0.0485 -0.9980
vn 0.0726 0.0864 -0.9936
vn 0.0696 0.0481 -0.9964
vn -0.0844 0.1057 -0.9908
vn -0.0982 0.1069 -0.9894
vn -0.0389 0.1067 -0.9935
vn 0.0732 0.1049 -0.9918
vn 0.0500 0.0238 -0.9985
vn 0.0477 0.0194 -0.9987
vn -0.0415 0.0266 -0.9988
vn -0.0995 0.0273 -0.9947
vn -0.0830 0.0269 -0.9962
vn 0.1732 0.0508 -0.9836
vn 0.1883 0.0825 -0.9786
vn 0.2318 0.0498 -0.9715
vn 0.2791 0.0812 -0.9568
vn 0.2791 0.0578 -0.9585
vn 0.3440 0.0496 -0.9377
vn 0.3456 0.0815 -0.9348
vn 0.4074 0.0456 -0.9121
vn 0.4065 0.0809 -0.9101
vn 0.1894 0.1024 -0.9765
vn 0.2774 0.1008 -0.9554
vn 0.3447 0.1001 -0.9333
vn 0.4055 0.0995 -0.9086
vn 0.4094 0.0189 -0.9122
vn 0.4107 0.0108 -0.9117
vn 0.3602 0.0169 -0.9327
vn 0.3085 0.0138 -0.9511
vn 0.2183 0.0261 -0.9755
vn 0.1228 0.0237 -0.9922
vn 0.3605 0.0117 -0.9327
vn 0.3031 0.0126 -0.9529
vn 0.2157 0.0141 -0.9763
vn 0.1240 0.0155 -0.9922
vn 0.4357 0.0807 -0.8965
vn 0.4353 0.0412 -0.8993
vn 0.4078 0.0807 -0.9095
vn 0.4080 0.0412 -0.9121
vn 0.3447 0.0821 -0.9351
vn 0.3490 0.0461 -0.9360
vn 0.4355 0.0994 -0.8947
vn 0.4083 0.0996 -0.9074
vn 0.3448 0.0997 -0.9334
vn -0.0053 0.0883 -0.9961
vn -0.0672 0.0317 -0.9972
vn -0.0991 0.0401 -0.9943
vn 0.0727 0.0502 -0.9961
vn 0.0761 0.0824 -0.9937
vn 0.1303 0.0500 -0.9902
vn 0.1784 0.0828 -0.9805
vn 0.1822 0.0433 -0.9823
vn 0.2307 0.0468 -0.9719
vn 0.2661 0.0831 -0.9604
vn 0.2623 0.0427 -0.9640
vn 0.2980 0.0476 -0.9534
vn -0.0925 0.1057 -0.9901
vn -0.0833 0.0937 -0.9921
vn -0.1375 0.0486 -0.9893
vn -0.0064 0.1015 -0.9948
vn -0.0623 0.0252 -0.9977
vn 0.0659 0.1003 -0.9928
vn 0.1250 0.0951 -0.9876
vn 0.1856 0.0952 -0.9780
vn 0.2796 0.0993 -0.9550
vn 0.2258 0.0887 -0.9701
vn -0.6213 0.0608 -0.7812
vn -0.6363 0.1188 -0.7622
vn -0.5797 0.0600 -0.8126
vn -0.5674 0.1287 -0.8133
vn -0.5380 0.0680 -0.8402
vn -0.2878 0.1284 -0.9490
vn -0.3339 0.0629 -0.9405
vn -0.3780 0.0875 -0.9217
vn -0.4449 0.1353 -0.8853
vn -0.4243 0.0684 -0.9029
vn -0.4680 0.0766 -0.8804
vn -0.4870 0.1274 -0.8641
vn -0.2829 0.0599 -0.9573
vn -0.1871 0.1130 -0.9758
vn -0.2316 0.0617 -0.9709
vn -0.1837 0.0590 -0.9812
vn -0.6541 0.0668 -0.7535
vn -0.6678 0.0677 -0.7413
vn -0.6816 0.0662 -0.7287
vn -0.6874 0.0602 -0.7237
vn -0.7058 0.0418 -0.7072
vn -0.7033 0.0615 -0.7083
vn -0.6464 0.1161 -0.7541
vn -0.6999 0.0638 -0.7113
vn -0.7256 0.0459 -0.6866
vn 0.0769 0.0249 -0.9967
vn -0.0581 0.0116 -0.9982
vn -0.0587 0.0159 -0.9981
vn 0.0778 0.0158 -0.9968
vn -0.0576 0.0112 -0.9983
vn 0.2903 0.0207 -0.9567
vn 0.2273 0.0198 -0.9736
vn 0.1423 0.0203 -0.9896
vn 0.3531 0.0188 -0.9354
vn 0.1449 0.0149 -0.9893
vn 0.2247 0.0138 -0.9743
vn 0.2898 0.0128 -0.9570
vn 0.3508 0.0146 -0.9363
vn -0.0135 -0.9999 -0.0092
vn -0.0133 -0.9999 -0.0092
vn -0.0145 -0.9999 -0.0095
vn -0.4172 0.0141 -0.9087
vn -0.4168 0.0145 -0.9089
vn -0.4533 0.0147 -0.8912
vn -0.5498 0.0158 -0.8352
vn 0.1383 0.0072 -0.9904
vn 0.1132 0.0061 -0.9936
vn 0.3022 0.0046 -0.9532
vn 0.2899 0.0048 -0.9570
vn -0.0137 -0.9999 -0.0091
vn 0.0218 0.0088 -0.9997
vn -0.2028 0.0103 -0.9792
vn -0.1216 -0.0074 0.9925
vn 0.9784 -0.0142 0.2060
vn 0.9455 -0.0182 0.3251
vn 0.9523 -0.0172 0.3046
vn 0.9587 -0.0189 0.2836
vn 0.9931 -0.0107 0.1166
vn 0.9950 -0.0101 0.0992
vn 0.9942 -0.0147 0.1067
vn 0.8661 -0.0178 0.4996
vn 0.8685 -0.0166 0.4954
vn 0.9977 -0.0107 0.0675
vn 0.9998 -0.0139 0.0142
vn -0.3473 0.0682 -0.9353
vn -0.2362 0.0286 -0.9713
vn 0.0007 0.0119 -0.9999
vn -0.0368 0.0219 -0.9991
vn -0.0508 0.0180 -0.9985
vn -0.4006 0.0507 -0.9148
vn -0.0163 0.0408 -0.9990
vn -0.2081 0.0520 -0.9767
vn -0.5651 0.0397 -0.8241
vn -0.3722 0.0288 -0.9277
vn -0.2803 0.0224 -0.9596
vn -0.9389 0.0279 -0.3431
vn -0.7819 0.0283 -0.6228
vn -0.7788 0.0216 -0.6269
vn -0.8988 0.0274 -0.4375
vn -0.9414 0.0256 -0.3363
vn 0.5458 -0.0028 -0.8379
vn 0.5497 -0.0040 -0.8354
vn 0.6258 -0.0041 -0.7800
vn 0.9615 -0.0107 -0.2745
vn 0.9933 -0.0093 -0.1152
vn 0.9062 -0.0109 -0.4227
vn 0.8310 -0.0064 -0.5562
vn 0.6611 -0.0042 -0.7503
vn 0.5175 -0.0003 -0.8557
vn 0.5256 0.0004 -0.8507
vn -0.3106 0.0153 -0.9504
vn -0.5051 0.0182 -0.8628
vn -0.5044 0.0215 -0.8632
vn -0.3032 0.0141 -0.9528
vn -0.9808 0.0153 -0.1944
vn -0.9679 0.0199 -0.2506
vn -0.2744 0.0049 -0.9616
vn -0.4634 0.0102 -0.8861
vn -0.6614 0.0135 -0.7499
vn -0.7147 0.0163 -0.6992
vn -0.6306 0.0113 -0.7761
vn -0.4650 0.6940 -0.5497
vn -0.3611 0.7067 -0.6085
vn -0.3016 0.7119 -0.6342
vn -0.1896 0.7110 -0.6772
vn -0.2352 0.7138 -0.6597
vn -0.1590 0.7104 -0.6856
vn -0.1588 0.7130 -0.6829
vn -0.4663 0.6978 -0.5437
vn -0.4335 0.7023 -0.5646
vn -0.3750 0.7099 -0.5962
vn 0.0835 0.6622 -0.7446
vn 0.0749 0.6801 -0.7293
vn 0.0855 0.6867 -0.7219
vn 0.0370 0.6913 -0.7216
vn -0.0266 0.6996 -0.7141
vn -0.0035 0.6996 -0.7146
vn -0.0787 0.7033 -0.7065
vn -0.0493 0.0117 -0.9987
vn -0.0539 0.0060 -0.9985
vn 0.0399 0.0086 -0.9992
vn -0.5709 0.0155 -0.8209
vn -0.3987 0.0176 -0.9169
vn -0.3911 0.0139 -0.9203
vn -0.1925 0.0118 -0.9812
vn -0.1608 0.0109 -0.9869
vn -0.3895 0.0078 -0.9210
vn -0.3692 0.0136 -0.9293
vn -0.5739 0.0171 -0.8187
vn -0.6586 0.0138 -0.7524
vn -0.8251 0.0230 -0.5645
vn -0.9210 0.0167 -0.3893
vn -0.8072 0.0166 -0.5901
vn 0.4069 0.0196 -0.9133
vn 0.4345 0.0181 -0.9005
vn -0.9809 0.0818 -0.1765
vn -0.9762 0.0765 0.2030
vn -0.9701 0.0988 0.2215
vn -0.9863 0.0863 0.1403
vn -0.9753 0.0503 0.2149
vn -0.9942 0.0818 0.0702
vn -0.9936 0.0587 0.0961
vn -0.9872 0.0441 0.1531
vn -0.9940 0.0840 -0.0701
vn -0.9978 0.0590 -0.0289
vn -0.9967 0.0816 0.0053
vn -0.9984 0.0544 0.0116
vn -0.9971 0.0547 0.0524
vn -0.9779 0.0573 -0.2009
vn -0.9897 0.0592 -0.1307
vn -0.9957 0.0551 -0.0738
vn -0.9786 0.0190 0.2050
vn -0.9784 0.0271 0.2051
vn -0.9955 0.0225 0.0926
vn -0.9994 0.0228 -0.0256
vn -0.9896 0.0235 -0.1419
vn -0.9677 0.0300 -0.2502
vn -0.9956 0.0201 0.0920
vn -0.9994 0.0211 -0.0266
vn -0.9895 0.0218 -0.1429
vn -0.9684 0.0223 -0.2485
vn -0.9493 0.0796 0.3041
vn -0.6024 0.0432 0.7970
vn -0.5999 0.0740 0.7966
vn -0.6795 0.0402 0.7325
vn -0.6753 0.0758 0.7336
vn -0.7440 0.0401 0.6669
vn -0.7420 0.0774 0.6659
vn -0.7876 0.0443 0.6146
vn -0.7980 0.0806 0.5973
vn -0.8172 0.0419 0.5748
vn -0.8455 0.0844 0.5273
vn -0.8423 0.0313 0.5381
vn -0.8725 0.0475 0.4863
vn -0.8868 0.0875 0.4539
vn -0.8962 0.0426 0.4416
vn -0.9215 0.0449 0.3857
vn -0.9195 0.0807 0.3846
vn -0.9514 0.0516 0.3035
vn -0.8962 0.0831 0.4358
vn -0.8671 0.0824 0.4913
vn -0.8291 0.0862 0.5524
vn -0.7857 0.0891 0.6121
vn -0.7364 0.0915 0.6703
vn -0.6760 0.0934 0.7310
vn -0.6024 0.0930 0.7928
vn -0.9264 0.0986 0.3633
vn -0.9551 0.0977 0.2797
vn -0.9432 0.0981 0.3173
vn -0.1991 0.0729 0.9773
vn -0.2002 0.0325 0.9792
vn -0.2006 0.0727 0.9770
vn -0.2020 0.0330 0.9788
vn -0.1985 0.0916 0.9758
vn -0.2003 0.0916 0.9754
vn -0.1553 0.0102 0.9878
vn -0.0853 0.0082 0.9963
vn 0.1203 0.0011 0.9927
vn 0.0067 0.0044 1.0000
vn 0.1207 -0.0029 0.9927
vn 0.0059 -0.0013 1.0000
vn -0.0846 0.0001 0.9964
vn -0.1547 0.0012 0.9880
vn -0.6040 0.0087 0.7970
vn -0.6048 0.0187 0.7961
vn -0.6623 0.0231 0.7489
vn -0.8064 0.0186 0.5911
vn -0.7221 0.0239 0.6913
vn -0.8770 0.0171 0.4802
vn -0.9287 0.0221 0.3701
vn -0.9568 0.0258 0.2894
vn -0.6620 0.0099 0.7495
vn -0.7273 0.0114 0.6862
vn -0.8049 0.0132 0.5933
vn -0.8775 0.0152 0.4793
vn -0.9281 0.0168 0.3719
vn -0.9568 0.0179 0.2901
vn -0.2324 0.0363 0.9719
vn -0.1803 0.0322 0.9831
vn -0.2022 0.0707 0.9768
vn -0.1258 0.0343 0.9915
vn -0.1231 0.0701 0.9899
vn -0.2828 0.0344 0.9586
vn -0.2934 0.0706 0.9534
vn -0.3307 0.0331 0.9432
vn -0.3699 0.0740 0.9261
vn -0.4390 0.0745 0.8954
vn -0.4165 0.0387 0.9083
vn -0.3650 0.0214 0.9307
vn -0.5186 0.0713 0.8520
vn -0.5169 0.0370 0.8552
vn -0.4596 0.0357 0.8874
vn -0.1176 0.0830 0.9896
vn -0.1491 0.0719 0.9862
vn -0.2058 0.0811 0.9752
vn -0.5337 0.0920 0.8406
vn -0.4578 0.0957 0.8839
vn -0.3638 0.0916 0.9270
vn -0.3017 0.0872 0.9494
vn -0.2387 0.0646 0.9689
vn -0.1602 0.0909 0.9829
vn -0.1608 0.0722 0.9843
vn -0.1184 0.0903 0.9889
vn -0.1188 0.0716 0.9903
vn -0.0697 0.0896 0.9935
vn -0.0700 0.0709 0.9950
vn -0.1617 0.0318 0.9863
vn -0.1196 0.0312 0.9923
vn -0.0707 0.0305 0.9970
vn -0.2030 0.0095 0.9791
vn -0.2006 0.0108 0.9796
vn -0.5324 0.0145 0.8464
vn -0.2147 0.0092 0.9766
vn -0.1273 0.0097 0.9918
vn -0.1287 0.0007 0.9917
vn -0.3177 0.0112 0.9481
vn -0.4296 0.0094 0.9029
vn -0.2142 0.0019 0.9768
vn -0.3175 0.0035 0.9483
vn -0.4298 0.0054 0.9029
vn -0.5310 0.0073 0.8474
vn -0.0674 0.0701 0.9953
vn -0.0679 0.0310 0.9972
vn -0.0434 0.0703 0.9966
vn -0.0443 0.0300 0.9986
vn -0.0663 0.0884 0.9939
vn -0.0428 0.0888 0.9951
vn -0.1621 0.0102 0.9867
vn -0.1199 0.0096 0.9927
vn -0.0710 0.0088 0.9974
vn -0.0447 0.0084 0.9990
vn -0.0676 0.0069 0.9977
vn 0.7704 -0.0229 0.6371
vn 0.7035 -0.0174 0.7105
vn 0.6887 -0.0156 0.7249
vn -0.7365 0.0042 0.6765
vn -0.7426 0.0030 0.6698
vn -0.8055 0.0021 0.5926
vn 0.8018 -0.0134 0.5974
vn 0.8292 -0.0075 0.5589
vn 0.7541 0.0265 0.6563
vn 0.7178 -0.0038 0.6962
vn 0.8245 -0.0166 0.5656
vn 0.8588 0.0239 0.5118
vn 0.9051 0.0012 0.4252
vn 0.8691 0.0451 0.4925
vn 0.8873 0.0090 0.4612
vn 0.9264 -0.0119 0.3762
vn 0.9440 -0.0029 0.3299
vn 0.9195 -0.0134 0.3928
vn 0.9060 -0.0152 0.4230
vn 0.9357 -0.0162 0.3523
vn 0.9549 0.0065 0.2967
vn 0.9833 -0.0370 0.1780
vn 0.9690 0.0267 0.2458
vn 0.9954 -0.0162 0.0940
vn 0.9906 -0.0149 0.1362
vn 0.9984 -0.0049 0.0565
vn 0.9985 -0.0117 -0.0543
vn 0.9996 -0.0012 -0.0288
vn 0.9883 -0.0004 -0.1525
vn 0.9935 -0.0099 -0.1138
vn 0.9874 -0.0122 -0.1575
vn 0.9751 0.0224 -0.2207
vn 0.9522 -0.0046 -0.3053
vn 0.9565 -0.0046 -0.2916
vn 0.9203 0.0004 -0.3912
vn 0.9253 -0.0093 -0.3792
vn 0.8892 0.0225 -0.4569
vn 0.8497 0.0025 -0.5273
vn 0.8498 -0.0052 -0.5271
vn 0.7868 -0.0062 -0.6172
vn 0.8129 -0.0058 -0.5824
vn 0.7776 0.0071 -0.6288
vn 0.6990 0.0072 -0.7151
vn 0.7590 0.0683 -0.6475
vn 0.6846 -0.0034 -0.7289
vn 0.6113 0.0035 -0.7914
vn 0.6387 -0.0018 -0.7695
vn 0.5927 0.0128 -0.8053
vn 0.5029 0.0121 -0.8643
vn -0.2521 0.0417 -0.9668
vn -0.3197 0.0216 -0.9473
vn -0.1505 0.0586 -0.9869
vn -0.2397 -0.0429 -0.9699
vn -0.0923 0.0206 -0.9955
vn -0.0937 0.0141 -0.9955
vn 0.0095 0.0029 -1.0000
vn 0.0425 -0.0010 -0.9991
vn 0.1700 0.0024 -0.9854
vn 0.1680 -0.0019 -0.9858
vn 0.3291 0.0416 -0.9434
vn 0.2559 -0.0306 -0.9662
vn 0.3957 0.0116 -0.9183
vn 0.3940 0.0051 -0.9191
vn 0.4765 0.0009 -0.8792
vn 0.5672 0.0541 -0.8218
vn -0.3223 0.0131 -0.9466
vn -0.3684 0.0305 -0.9292
vn -0.4493 0.0271 -0.8930
vn -0.4004 0.0374 -0.9156
vn -0.4805 0.0183 -0.8768
vn -0.5575 0.0197 -0.8299
vn -0.5262 0.0177 -0.8502
vn -0.5724 0.0228 -0.8197
vn -0.6692 -0.0182 -0.7428
vn -0.6177 0.0393 -0.7854
vn -0.7360 0.0088 -0.6770
vn -0.7403 -0.0013 -0.6723
vn -0.8177 -0.0593 -0.5725
vn -0.8861 -0.0195 -0.4630
vn -0.8843 0.0165 -0.4666
vn -0.9998 0.0012 -0.0175
vn -0.9843 -0.1612 -0.0716
vn -0.9684 -0.0020 -0.2496
vn -0.9657 -0.0038 -0.2598
vn -0.9357 -0.1682 -0.3101
vn -0.9991 0.0142 -0.0412
vn -0.9983 0.0266 0.0515
vn -0.9864 -0.0361 0.1603
vn -0.9952 0.0318 0.0923
vn -0.9668 0.0148 0.2551
vn -0.9819 0.0481 0.1830
vn -0.9598 0.0118 0.2804
vn -0.9255 0.0065 0.3786
vn -0.9305 0.0172 0.3659
vn -0.8728 0.0153 0.4879
vn -0.9023 0.0438 0.4289
vn -0.8703 0.0075 0.4925
vn 0.5955 -0.0143 0.8032
vn 0.4414 -0.0097 0.8973
vn 0.4788 -0.0087 0.8779
vn 0.5464 -0.0077 0.8375
vn 0.6195 -0.0157 0.7848
vn 0.6617 -0.0160 0.7496
vn 0.1528 -0.0079 0.9882
vn 0.2358 -0.0126 0.9717
vn 0.2676 -0.0090 0.9635
vn 0.3312 -0.0130 0.9435
vn 0.4182 -0.0141 0.9082
vn -0.3418 -0.0061 0.9398
vn -0.2453 -0.0056 0.9694
vn -0.2162 -0.0030 0.9763
vn -0.1610 -0.0064 0.9869
vn -0.0915 -0.0050 0.9958
vn -0.0374 -0.0096 0.9993
vn 0.0266 -0.0066 0.9996
vn 0.0967 -0.0107 0.9953
vn 0.1790 -0.0114 0.9838
vn -0.5501 0.0009 0.8351
vn -0.4664 -0.0042 0.8846
vn -0.4445 -0.0025 0.8958
vn -0.3319 -0.0041 0.9433
vn -0.8417 0.0228 0.5395
vn -0.8068 0.0207 0.5905
vn -0.7677 0.0112 0.6407
vn -0.7145 0.0030 0.6996
vn -0.6489 0.0030 0.7609
vn -0.6395 0.0015 0.7688
vn -0.5554 -0.0000 0.8316
vn -0.4656 0.0146 -0.8849
vn -0.3665 0.0120 -0.9303
vn -0.4315 0.0030 -0.9021
vn -0.2193 -0.0034 -0.9757
vn -0.1766 0.0115 -0.9842
vn 0.0200 0.0066 -0.9998
vn 0.2157 -0.0122 -0.9764
vn 0.4035 0.0005 -0.9150
vn 0.6099 -0.0165 -0.7923
vn 0.7954 -0.0054 -0.6060
vn 0.7714 -0.0161 -0.6361
vn 0.7247 -0.0053 -0.6891
vn 0.5752 -0.0004 -0.8180
vn -0.0141 -0.9999 -0.0077
vn -0.0140 -0.9999 -0.0081
vn 0.5169 0.0103 -0.8560
vn 0.3661 0.0146 -0.9305
vn 0.6448 0.0168 -0.7642
vn 0.1719 0.0315 -0.9846
vn 0.8997 -0.0047 -0.4365
vn 0.8102 0.0257 -0.5856
vn 0.9376 0.0096 -0.3476
vn 0.7241 0.0172 -0.6895
vn 0.6285 -0.0015 -0.7778
vn 0.9848 0.0077 0.1733
vn 0.9851 -0.0152 0.1714
vn 0.9983 -0.0096 -0.0569
vn 0.9594 -0.0107 -0.2820
vn 0.6993 -0.0125 0.7147
vn 0.7777 -0.0165 0.6284
vn 0.7688 0.0069 0.6394
vn 0.8584 -0.0008 0.5129
vn 0.9291 0.0015 0.3697
vn 0.5755 -0.0053 0.8178
vn 0.3435 0.0112 0.9391
vn 0.4365 -0.0106 0.8997
vn -0.1729 0.0162 0.9848
vn 0.0566 -0.0063 0.9984
vn 0.2817 -0.0127 0.9594
vn -0.6430 0.0184 0.7657
vn -0.5131 0.0150 0.8582
vn -0.3703 0.0145 0.9288
vn -0.2208 -0.0059 0.9753
vn -0.1238 -0.0074 0.9923
vn -0.8999 0.0121 0.4360
vn -0.8097 0.0372 0.5856
vn -0.9371 0.0291 0.3479
vn -0.7238 0.0245 0.6896
vn -0.6288 0.0015 0.7775
vn -0.9844 0.0400 -0.1712
vn -0.9850 0.0152 -0.1718
vn -0.9983 0.0169 0.0565
vn -0.9595 0.0107 0.2815
vn -0.9303 0.0273 -0.3659
vn -0.7640 0.0351 -0.6443
vn -0.8556 0.0261 -0.5170
vn -0.4361 0.0180 -0.8997
vn -0.5850 0.0470 -0.8097
vn -0.3474 0.0327 -0.9372
vn -0.6892 0.0370 -0.7237
vn -0.7775 0.0165 -0.6286
vn 0.1718 0.0067 -0.9851
vn -0.0564 0.0136 -0.9983
vn -0.2817 0.0127 -0.9594
vn -0.9920 0.0020 0.1266
vn -0.9998 0.0121 0.0150
vn -0.9987 0.0133 0.0491
vn -0.9989 0.0062 0.0469
vn -0.9657 -0.0009 0.2597
vn -0.9641 0.0042 0.2655
vn -0.9070 0.0073 0.4210
vn -0.8755 -0.0035 0.4833
vn -0.5780 0.0019 0.8160
vn -0.6679 0.0019 0.7443
vn -0.6074 -0.0016 0.7944
vn -0.7456 -0.0048 0.6664
vn -0.4532 0.0015 0.8914
vn -0.3894 -0.0030 0.9210
vn -0.4890 -0.0013 0.8723
vn -0.5031 -0.0002 0.8643
vn -0.5272 -0.0006 0.8497
vn -0.5584 -0.0000 0.8295
vn -0.5791 0.0005 0.8152
vn -0.8800 0.0078 0.4749
vn -0.8796 0.0078 0.4757
vn -0.8194 0.0048 0.5732
vn -0.7484 0.0042 0.6632
vn -0.9977 0.0131 -0.0667
vn -0.9829 0.0057 -0.1843
vn -0.9833 0.0153 -0.1816
vn -0.9557 0.0146 -0.2940
vn -0.9152 0.0068 -0.4030
vn -0.9153 0.0163 -0.4025
vn -0.8626 0.0153 -0.5057
vn -0.8013 0.0076 -0.5982
vn -0.6384 0.0165 -0.7695
vn -0.6750 0.0133 -0.7377
vn -0.7236 0.0158 -0.6900
vn -0.7983 0.0166 -0.6020
vn -0.4857 0.0157 -0.8740
vn -0.5036 0.0154 -0.8638
vn -0.6488 0.0160 -0.7608
vn -0.6405 0.0159 -0.7678
vn -0.6111 0.0163 -0.7913
vn 0.4316 0.0023 -0.9021
vn 0.6560 -0.0021 -0.7548
vn 0.9939 -0.0147 0.1096
vn 0.8294 -0.0166 0.5584
vn 0.6510 -0.0160 0.7589
vn 0.8276 -0.0063 -0.5613
vn 0.5678 -0.0003 -0.8232
vn 0.9449 -0.0161 0.3270
vn 0.7620 -0.0165 0.6473
vn 0.2759 -0.0126 0.9611
vn 0.3698 -0.0152 0.9290
vn 0.5499 -0.0153 0.8351
vn 0.7767 -0.0202 0.6295
vn 0.7868 -0.0165 0.6170
vn 0.9183 -0.0164 0.3956
vn 0.4725 -0.0125 0.8812
vn 0.5334 -0.0151 0.8457
vn 0.5125 -0.0183 0.8585
vn -0.1446 -0.0071 0.9895
vn 0.1386 -0.0095 0.9903
vn 0.3222 -0.0094 0.9466
vn 0.3055 -0.0188 0.9520
vn -0.1080 -0.0049 0.9941
vn 0.4083 -0.0153 0.9127
vn -0.3522 0.0001 0.9359
vn -0.3144 0.0130 -0.9492
vn -0.1846 0.0129 -0.9827
vn -0.0881 0.0103 -0.9961
vn 0.1968 0.0066 -0.9804
vn 0.2022 0.0063 -0.9793
vn 0.3792 0.0032 -0.9253
vn 0.3771 0.0033 -0.9262
vn -0.0980 0.0105 -0.9951
vn -0.0697 -0.0082 0.9975
vn -0.0403 -0.0086 0.9992
vn 0.1222 -0.0108 0.9924
vn 0.1745 -0.0114 0.9846
vn 0.3296 -0.0132 0.9440
vn 0.3531 -0.0135 0.9355
vn -0.7145 0.0034 0.6996
vn -0.5607 -0.0010 0.8280
vn -0.5733 0.0004 0.8194
vn -0.3835 -0.0057 0.9235
vn 0.1639 -0.0124 0.9864
vn 0.1070 -0.0106 0.9942
vn 0.3401 -0.0134 0.9403
vn 0.5213 -0.0173 0.8532
vn 0.5324 -0.0151 0.8464
vn 0.6817 -0.0161 0.7315
vn 0.8653 0.5012 0.0035
vn 0.9554 0.2841 -0.0807
vn 0.8654 0.5011 0.0039
vn 0.9517 0.2978 -0.0753
vn 0.9848 0.0639 -0.1617
vn 0.9848 0.0637 -0.1619
vn 0.9849 0.0626 -0.1612
vn 0.4356 0.7073 -0.5568
vn 0.4530 0.7140 -0.5338
vn 0.4368 0.7032 -0.5610
vn 0.4568 0.7052 -0.5423
vn 0.4379 0.6992 -0.5652
vn 0.7023 0.7055 -0.0948
vn 0.7098 0.6976 -0.0976
vn 0.6959 0.6988 -0.1656
vn 0.6702 0.7059 -0.2291
vn 0.4100 0.8194 -0.4005
vn 0.5441 0.7109 -0.4457
vn 0.6765 0.6995 -0.2302
vn 0.5435 0.8053 -0.2368
vn 0.6182 0.7088 -0.3397
vn 0.6238 0.7014 -0.3448
vn 0.5907 0.7024 -0.3972
vn 0.5506 0.7035 -0.4494
vn 0.5861 0.6950 0.4166
vn 0.5861 0.6950 0.4165
vn 0.6232 0.6952 0.3581
vn 0.6480 0.7023 0.2948
vn 0.5756 0.8175 -0.0187
vn 0.7086 0.7044 0.0415
vn 0.6538 0.6952 0.2988
vn 0.5546 0.8087 0.1960
vn 0.6893 0.7030 0.1752
vn 0.6966 0.6957 0.1755
vn 0.7094 0.6961 0.1108
vn 0.7161 0.6966 0.0433
vn 0.5416 0.6953 0.4724
vn 0.5421 0.6949 0.4726
vn 0.5270 0.6836 0.5050
vn 0.5282 0.6820 0.5058
vn 0.9975 0.0559 -0.0424
vn 0.9608 0.2594 -0.0978
vn 0.9591 0.2650 -0.0999
vn 0.9975 0.0560 -0.0430
vn 0.8758 0.4574 -0.1543
vn 0.8757 0.4575 -0.1542
vn 0.2619 0.0046 -0.9651
vn 0.2752 0.0050 -0.9614
vn -0.1077 0.0106 -0.9941
vn -0.2352 0.0115 -0.9719
vn -0.4050 0.0140 -0.9142
vn -0.6732 0.0161 -0.7393
vn -0.7547 0.0165 -0.6559
vn -0.9455 0.0145 -0.3254
vn -0.9453 0.0161 -0.3259
vn -0.9980 0.0143 -0.0619
vn -0.7457 0.0042 0.6663
vn -0.7733 0.0049 0.6341
vn -0.4672 -0.0018 0.8842
vn -0.5464 -0.0001 0.8375
vn -0.3059 -0.0087 0.9520
vn 0.6954 -0.7168 0.0506
vn 0.6952 -0.7169 0.0521
vn 0.6900 -0.7188 0.0852
vn 0.6897 -0.7190 0.0855
vn 0.6895 -0.7192 0.0856
vn 0.6878 -0.7206 0.0873
vn -0.3344 -0.6927 -0.6390
vn -0.3297 -0.6923 -0.6419
vn -0.3048 -0.6970 -0.6491
vn -0.1755 -0.6984 -0.6939
vn -0.0401 -0.7001 -0.7129
vn -0.0400 -0.7001 -0.7129
vn 0.0966 -0.7021 -0.7055
vn 0.2292 -0.7042 -0.6720
vn 0.3528 -0.7065 -0.6135
vn 0.4629 -0.7088 -0.5323
vn 0.5554 -0.7109 -0.4315
vn 0.6266 -0.7129 -0.3147
vn 0.6740 -0.7148 -0.1864
vn 0.6959 -0.7163 -0.0513
vn -0.1525 -0.6986 -0.6990
vn 0.0731 -0.6999 -0.7105
vn 0.0661 -0.6994 -0.7116
vn 0.3570 -0.7364 -0.5746
vn 0.3388 -0.7376 -0.5841
vn -0.2414 -0.6820 -0.6904
vn -0.2661 -0.6990 -0.6638
vn -0.0881 -0.7291 -0.6787
vn -0.1066 -0.7316 -0.6733
vn 0.4954 -0.6943 -0.5221
vn 0.5048 -0.7089 -0.4926
vn 0.4160 -0.6520 -0.6339
vn 0.2781 -0.6833 -0.6751
vn 0.2763 -0.7050 -0.6532
vn 0.1592 -0.6244 -0.7647
vn -0.0005 -0.6866 -0.7271
vn -0.0116 -0.6928 -0.7210
vn -0.1075 -0.6064 -0.7879
vn 0.1938 -0.7026 -0.6846
vn 0.1974 -0.7025 -0.6837
vn 0.2653 -0.7020 -0.6609
vn 0.2635 -0.7018 -0.6618
vn -0.2232 -0.6869 -0.6916
vn -0.2308 -0.6984 -0.6774
vn -0.0316 -0.7440 -0.6674
vn -0.0130 -0.7391 -0.6735
vn 0.2339 -0.6926 -0.6824
vn 0.2399 -0.7041 -0.6684
vn 0.1655 -0.6416 -0.7490
vn 0.0833 -0.6892 -0.7197
vn 0.0844 -0.7018 -0.7074
vn 0.0064 -0.6078 -0.7941
vn -0.0825 -0.6915 -0.7177
vn -0.0855 -0.6951 -0.7138
vn -0.1428 -0.5920 -0.7932
vn -0.3508 -0.6958 -0.6268
vn -0.3619 -0.6866 -0.6305
vn -0.1406 -0.6988 -0.7014
vn 0.1291 -0.7026 -0.6998
vn 0.1209 -0.7094 -0.6944
vn -0.5344 -0.5479 -0.6436
vn -0.6683 -0.5466 -0.5047
vn -0.6359 -0.6753 -0.3737
vn -0.5344 -0.6754 -0.5082
vn -0.5213 -0.6954 -0.4946
vn -0.6197 -0.6953 -0.3640
vn -0.7661 -0.5465 -0.3384
vn -0.7037 -0.6757 -0.2195
vn -0.6856 -0.6957 -0.2144
vn -0.8223 -0.5479 -0.1538
vn -0.7342 -0.6768 -0.0538
vn -0.7207 -0.6932 0.0079
vn -0.1523 -0.9076 -0.3913
vn -0.8339 -0.5506 0.0386
vn -0.7152 -0.6968 -0.0537
vn 0.1751 -0.7033 -0.6890
vn 0.4678 -0.7087 -0.5281
vn -0.1758 -0.6984 -0.6938
vn -0.4858 -0.6956 -0.5293
vn -0.6786 -0.6956 -0.2359
vn 0.6381 -0.7134 -0.2896
vn 0.6960 -0.7159 -0.0555
vn 0.6958 -0.7157 -0.0604
vn 0.6881 -0.7177 0.1067
vn 0.6852 -0.7148 0.1400
vn 0.6843 -0.7150 0.1433
vn 0.7436 -0.6539 -0.1393
vn 0.7465 -0.6509 -0.1380
vn 0.7365 -0.6669 -0.1133
vn 0.7119 -0.7022 0.0117
vn 0.6967 -0.7165 0.0358
vn 0.2033 -0.7161 0.6678
vn 0.2030 -0.7164 0.6675
vn 0.2031 -0.7161 0.6677
vn 0.2030 -0.7161 0.6678
vn 0.2032 -0.7161 0.6678
vn 0.1249 -0.7129 0.6900
vn 0.1323 -0.7134 0.6882
vn -0.0887 -0.7123 0.6962
vn -0.0862 -0.7123 0.6965
vn -0.3401 -0.7082 0.6187
vn -0.5371 -0.7041 0.4646
vn -0.5371 -0.7040 0.4646
vn -0.6352 -0.6990 0.3287
vn -0.6389 -0.6908 0.3384
vn -0.7183 -0.6952 -0.0260
vn -0.7178 -0.6955 -0.0322
vn -0.7108 -0.6964 -0.0984
vn -0.7108 -0.6965 -0.0984
vn -0.7109 -0.6964 -0.0984
vn -0.1308 -0.7114 0.6905
vn -0.1468 -0.7114 0.6873
vn 0.0992 -0.7380 0.6675
vn -0.3213 -0.5928 0.7385
vn -0.2691 -0.6502 0.7105
vn -0.2156 -0.7079 0.6726
vn -0.2134 -0.6964 0.6851
vn -0.3155 -0.6591 0.6827
vn -0.3638 -0.6842 0.6321
vn -0.3660 -0.7076 0.6045
vn -0.4861 -0.5705 0.6620
vn -0.4951 -0.6863 0.5327
vn -0.4817 -0.7053 0.5201
vn -0.6253 -0.5674 0.5358
vn -0.6050 -0.6836 0.4082
vn -0.5891 -0.7027 0.3990
vn -0.7321 -0.5645 0.3812
vn 0.3533 -0.6746 0.6482
vn 0.3803 -0.7101 0.5926
vn 0.3885 -0.7153 0.5809
vn 0.3987 -0.7189 0.5695
vn 0.0816 -0.7440 0.6632
vn 0.2823 -0.7078 0.6476
vn 0.2920 -0.7129 0.6376
vn -0.1331 -0.6690 0.7312
vn -0.0328 -0.7049 0.7085
vn 0.1285 -0.7068 0.6956
vn 0.1379 -0.7085 0.6921
vn 0.1992 -0.6338 0.7474
vn -0.1736 -0.7092 0.6833
vn -0.1676 -0.7096 0.6844
vn -0.3630 -0.7078 0.6060
vn -0.5705 -0.7032 0.4243
vn -0.6926 -0.6993 0.1769
vn -0.2249 -0.7088 0.6686
vn -0.2304 -0.7084 0.6671
vn -0.0061 -0.7103 0.7039
vn -0.0166 -0.7108 0.7032
vn -0.4066 -0.7069 0.5787
vn -0.5352 -0.6948 0.4805
vn -0.5287 -0.6999 0.4802
vn 0.6617 -0.7133 0.2308
vn 0.6641 -0.7141 0.2215
vn 0.5397 -0.7187 0.4385
vn 0.5397 -0.7186 0.4385
vn 0.2524 -0.7166 0.6502
vn -0.4782 -0.6922 0.5406
vn -0.6520 -0.5387 0.5336
vn -0.4636 -0.7014 0.5414
vn -0.3364 -0.6945 0.6361
vn -0.4827 -0.5867 0.6502
vn -0.3189 -0.7052 0.6333
vn -0.1769 -0.6972 0.6947
vn -0.2955 -0.6291 0.7190
vn -0.1566 -0.7089 0.6877
vn -0.0100 -0.7009 0.7132
vn -0.1022 -0.6660 0.7389
vn 0.0138 -0.7124 0.7017
vn 0.1528 -0.7068 0.6907
vn 0.0868 -0.6959 0.7129
vn 0.1825 -0.7153 0.6746
vn 0.3010 -0.7172 0.6285
vn 0.4401 -0.7083 0.5519
vn 0.4915 -0.7146 0.4978
vn 0.4896 -0.7132 0.5016
vn 0.4981 -0.6998 0.5120
vn 0.4103 -0.7175 0.5629
vn 0.6638 -0.7183 0.2083
vn 0.6014 -0.7175 0.3514
vn 0.6048 -0.7178 0.3450
vn 0.3589 -0.7176 0.5968
vn 0.1066 -0.7150 0.6909
vn -0.0987 -0.7107 0.6965
vn -0.0929 -0.7105 0.6975
vn 0.4330 -0.7182 0.5448
vn 0.1510 -0.7155 0.6820
vn 0.1510 -0.7156 0.6820
vn -0.0805 -0.7101 0.6995
vn -0.0884 -0.7104 0.6982
vn 0.0081 -0.6940 -0.7200
vn -0.1073 -0.6829 -0.7226
vn -0.1702 -0.6977 -0.6958
vn -0.3541 -0.7172 -0.6002
vn -0.2298 -0.6522 -0.7224
vn -0.4268 -0.7057 -0.5655
vn -0.4036 -0.6878 -0.6034
vn -0.5910 -0.6924 -0.4138
vn -0.6824 -0.6938 -0.2302
vn -0.6841 -0.6941 -0.2242
vn -0.6163 -0.6944 -0.3716
vn -0.5169 -0.6746 -0.5270
vn -0.6817 -0.6937 -0.2326
vn -0.6795 -0.6932 -0.2404
vn -0.5655 -0.6953 -0.4436
vn -0.3208 -0.6969 -0.6415
vn -0.0145 -0.7004 -0.7136
vn 0.2928 -0.7053 -0.6456
vn 0.5400 -0.7106 -0.4511
vn 0.6785 -0.7150 -0.1685
vn 0.6950 -0.7154 0.0718
vn 0.6963 -0.7149 0.0639
vn 0.4037 -0.7277 -0.5545
vn 0.3929 -0.7072 -0.5878
vn 0.2752 -0.6983 -0.6609
vn 0.5844 -0.7189 -0.3764
vn 0.4498 -0.7582 -0.4721
vn 0.5938 -0.7119 -0.3751
vn 0.6862 -0.7155 -0.1313
vn 0.6946 -0.7156 0.0743
vn 0.6935 -0.7159 0.0804
vn 0.5719 -0.7543 0.3225
vn 0.5700 -0.7520 0.3310
vn 0.6258 -0.7208 0.2981
vn 0.5691 -0.7290 0.3805
vn 0.5575 -0.7270 0.4008
vn 0.5533 -0.7306 0.4003
vn -0.6557 -0.6811 0.3259
vn -0.5344 -0.7825 0.3194
vn -0.5436 -0.7741 0.3244
vn 0.6456 -0.7043 0.2952
vn 0.7485 -0.6204 0.2341
vn 0.7030 -0.6987 0.1326
vn 0.6826 -0.7177 0.1375
vn 0.7905 -0.6110 0.0418
vn 0.7155 -0.6971 -0.0461
vn 0.6967 -0.7163 -0.0374
vn 0.7836 -0.6013 -0.1562
vn 0.6838 -0.6949 -0.2225
vn 0.6674 -0.7143 -0.2104
vn 0.7275 -0.5916 -0.3475
vn 0.6098 -0.6923 -0.3858
vn 0.5963 -0.7119 -0.3709
vn 0.6253 -0.5820 -0.5199
vn 0.4979 -0.6894 -0.5261
vn 0.4880 -0.7092 -0.5089
vn 0.4829 -0.5728 -0.6624
vn 0.3550 -0.6864 -0.6347
vn 0.3489 -0.7063 -0.6159
vn 0.3089 -0.5642 -0.7657
vn 0.1898 -0.6835 -0.7049
vn 0.1878 -0.7035 -0.6854
vn 0.1140 -0.5564 -0.8230
vn 0.0124 -0.6807 -0.7324
vn 0.0146 -0.7009 -0.7132
vn -0.0897 -0.5497 -0.8305
vn -0.1664 -0.6783 -0.7156
vn -0.1602 -0.6985 -0.6974
vn -0.2895 -0.5442 -0.7874
vn -0.3357 -0.6765 -0.6554
vn -0.3257 -0.6968 -0.6391
vn -0.4729 -0.5402 -0.6961
vn -0.4850 -0.6754 -0.5555
vn -0.4717 -0.6957 -0.5418
vn -0.6283 -0.5378 -0.5622
vn -0.6052 -0.6750 -0.4220
vn -0.5893 -0.6953 -0.4115
vn -0.7460 -0.5370 -0.3939
vn -0.6891 -0.6752 -0.2631
vn -0.8415 -0.5403 0.0022
vn -0.7294 -0.6780 0.0912
vn -0.7313 -0.6763 -0.0885
vn -0.6712 -0.6955 -0.2563
vn -0.8185 -0.5379 -0.2018
vn -0.7123 -0.6966 -0.0858
vn -0.7103 -0.6982 0.0897
vn -0.8134 -0.5442 0.2053
vn -0.6752 -0.6892 0.2628
vn -0.6652 -0.6988 0.2631
vn -0.6336 -0.6948 0.3403
vn -0.6004 -0.7173 0.3535
vn 0.4436 -0.7083 -0.5491
vn 0.6541 -0.7139 -0.2498
vn 0.6868 -0.7178 0.1148
vn 0.5328 -0.7186 0.4469
vn 0.2334 -0.7165 0.6574
vn -0.4632 -0.7057 0.5362
vn -0.6737 -0.7000 0.2368
vn -0.6737 -0.7001 0.2368
vn -0.7063 -0.6963 -0.1278
vn -0.5523 -0.6953 -0.4599
vn -0.2529 -0.6975 -0.6704
vn 0.1116 -0.7023 -0.7031
vn 0.6542 -0.7139 -0.2498
vn 0.6868 -0.7177 0.1148
vn -0.4631 -0.7057 0.5361
vn -0.5523 -0.6953 -0.4598
vn -0.2529 -0.6976 -0.6704
vn 0.0392 -0.7012 -0.7118
vn 0.0392 -0.7013 -0.7118
vn 0.0392 -0.7014 -0.7117
vn 0.0393 -0.7012 -0.7119
vn -0.6115 -0.7670 0.1944
vn -0.6236 -0.7563 0.1976
vn -0.7466 -0.6343 0.2008
vn -0.6744 -0.7114 0.1975
vn -0.6887 -0.7093 0.1504
vn -0.6979 -0.6958 0.1698
vn -0.6913 -0.7000 0.1793
vn -0.6709 -0.7215 0.1714
vn -0.6688 -0.7295 0.1437
vn -0.5978 -0.7917 0.1255
vn -0.5847 -0.8020 0.1223
vn -0.4727 0.6959 0.5406
vn -0.2979 0.6926 0.6569
vn -0.3915 0.6756 0.6248
vn -0.5188 0.7079 -0.4793
vn -0.6346 0.7064 -0.3136
vn -0.6003 0.6981 -0.3903
vn -0.2814 0.7120 -0.6433
vn -0.3216 0.7166 -0.6189
vn -0.3921 0.7176 -0.5756
vn -0.4242 0.7172 -0.5529
vn -0.4866 0.7219 -0.4920
vn -0.5615 0.7007 -0.4401
vn -0.6919 0.7202 0.0516
vn -0.6917 0.7103 -0.1305
vn -0.6756 0.7245 -0.1367
vn -0.6996 0.6761 -0.2311
vn -0.4372 0.6894 0.5776
vn -0.4866 0.7143 0.5030
vn -0.5517 0.7048 0.4458
vn -0.6011 0.6880 0.4067
vn -0.6471 0.7144 0.2662
vn -0.6487 0.6884 0.3247
vn -0.6309 0.7665 0.1200
vn -0.6880 0.6832 0.2448
vn -0.6859 0.7256 0.0555
vn -0.6702 0.7400 -0.0566
vn 0.5121 0.7035 -0.4928
vn 0.4060 0.7114 -0.5736
vn 0.3816 0.6940 -0.6105
vn 0.2709 0.7064 -0.6539
vn 0.2713 0.7094 -0.6505
vn 0.1323 0.7124 -0.6892
vn 0.6231 0.6927 -0.3632
vn 0.6691 0.6825 -0.2943
vn 0.6829 0.7025 -0.2003
vn 0.6816 0.6984 -0.2182
vn 0.6589 0.7436 -0.1137
vn 0.4559 0.6877 -0.5650
vn 0.5271 0.6978 -0.4850
vn 0.5927 0.6752 -0.4392
vn 0.7133 0.6909 0.1176
vn 0.7047 0.6987 0.1235
vn 0.6817 0.6993 0.2151
vn 0.6631 0.7003 0.2645
vn 0.5450 0.6911 0.4746
vn 0.6069 0.6953 0.3850
vn 0.6130 0.6906 0.3839
vn 0.6591 0.6952 0.2870
vn 0.3055 0.6890 0.6573
vn 0.2654 0.6970 0.6661
vn 0.3286 0.6972 0.6371
vn 0.4161 0.6971 0.5839
vn 0.5806 0.6768 0.4526
vn 0.5050 0.6967 0.5096
vn 0.4955 0.6960 0.5197
vn 0.4166 0.6961 0.5847
vn 0.6957 0.7153 -0.0661
vn 0.7193 0.6945 -0.0142
vn 0.1330 0.7117 -0.6898
vn 0.0309 0.7139 -0.6995
vn -0.0333 0.7156 -0.6977
vn -0.0545 0.7232 -0.6885
vn -0.2294 0.6853 -0.6912
vn -0.1069 0.7630 -0.6375
vn -0.2498 0.7164 -0.6515
vn 0.1284 0.7475 0.6517
vn 0.2477 0.6666 0.7031
vn 0.0701 0.7088 0.7019
vn 0.0561 0.7041 0.7079
vn -0.0203 0.7041 0.7098
vn -0.0764 0.7036 0.7065
vn -0.1298 0.7023 0.7000
vn -0.1547 0.6968 0.7004
vn -0.2293 0.6815 0.6950
vn 0.6541 -0.7140 -0.2498
vn -0.5523 -0.6954 -0.4598
vn -0.1731 -0.6994 0.6935
vn -0.2316 -0.6841 0.6916
vn -0.2308 -0.6859 0.6901
vn 0.2816 -0.7058 0.6500
vn 0.2922 -0.7124 0.6381
vn 0.3571 -0.6568 0.6642
vn 0.3608 -0.6025 0.7119
vn 0.3688 -0.6904 0.6224
vn 0.3695 -0.6858 0.6271
vn -0.1773 -0.7108 0.6806
vn -0.0972 -0.6327 0.7683
vn -0.0170 -0.7008 0.7131
vn -0.0180 -0.7134 0.7005
vn 0.0674 -0.6248 0.7779
vn 0.1453 -0.7061 0.6930
vn 0.1488 -0.7124 0.6858
vn 0.2152 -0.6514 0.7276
vn 0.3760 -0.7822 -0.4967
vn 0.4700 -0.6992 -0.5386
vn 0.3221 -0.8298 -0.4558
vn 0.4460 -0.7104 -0.5445
vn 0.3081 -0.8421 -0.4426
vn 0.3286 -0.7907 0.5166
vn 0.5184 -0.4188 0.7456
vn 0.3391 -0.7771 0.5302
vn 0.4859 -0.7030 0.5194
vn 0.3634 -0.8192 0.4436
vn 0.3912 -0.7802 0.4882
vn 0.3712 -0.8089 0.4560
vn 0.4013 -0.7644 0.5046
vn 0.4712 -0.7184 0.5117
vn 0.6205 -0.5876 0.5193
vn 0.5969 -0.7011 0.3901
vn 0.7888 -0.5889 0.1759
vn 0.7114 -0.6997 0.0655
vn 0.6737 -0.7007 0.2347
vn 0.5816 -0.7187 0.3810
vn 0.7276 -0.5846 0.3588
vn 0.6574 -0.7184 0.2276
vn 0.6942 -0.7173 0.0604
vn 0.7997 -0.6001 -0.0158
vn 0.7013 -0.7033 -0.1163
vn 0.6931 -0.7104 -0.1223
vn 0.6576 -0.7006 -0.2770
vn 0.8059 -0.5610 -0.1893
vn 0.6447 -0.7095 -0.2845
vn 0.5775 -0.6976 -0.4240
vn 0.7007 -0.6126 -0.3656
vn 0.5595 -0.7083 -0.4305
vn 0.5606 -0.6556 -0.5060
vn 0.0901 -0.7009 -0.7075
vn 0.1429 -0.7030 -0.6967
vn 0.1429 -0.7029 -0.6967
vn 0.1430 -0.7027 -0.6970
vn 0.0861 -0.7007 -0.7082
vn 0.1430 -0.7028 -0.6969
vn 0.6945 -0.7168 0.0616
vn 0.6971 -0.7140 0.0658
vn 0.6666 -0.7447 0.0328
vn 0.6361 -0.7709 0.0327
vn 0.5161 -0.8561 0.0268
vn 0.4913 -0.8706 0.0254
vn -0.2051 -0.6948 -0.6894
vn -0.2070 -0.6949 -0.6887
vn -0.0791 -0.6996 -0.7101
vn 0.6584 -0.7184 0.2247
vn 0.6584 -0.7183 0.2247
vn 0.5291 -0.7186 0.4512
vn 0.5291 -0.7187 0.4513
vn 0.4576 -0.7101 0.5352
vn 0.4543 -0.7105 0.5374
vn -0.1461 -0.6988 -0.7003
vn 0.0085 -0.7008 -0.7133
vn 0.1623 -0.7031 -0.6923
vn 0.3078 -0.7056 -0.6382
vn 0.4380 -0.7082 -0.5537
vn 0.5467 -0.7107 -0.4428
vn 0.6284 -0.7130 -0.3109
vn 0.6529 -0.7101 -0.2638
vn 0.6518 -0.7098 -0.2671
vn 0.3009 -0.6970 -0.6509
vn 0.2972 -0.6973 -0.6522
vn 0.4541 -0.7085 -0.5402
vn 0.6487 -0.7137 -0.2640
vn 0.6930 -0.7174 0.0710
vn 0.5767 -0.7187 0.3884
vn 0.5767 -0.7187 0.3883
vn 0.3917 -0.7072 -0.5886
vn 0.3917 -0.7072 -0.5885
vn 0.5754 -0.7114 -0.4034
vt 0.542184 0.886662
vt 0.544894 0.885384
vt 0.555657 0.915208
vt 0.552080 0.900609
vt 0.555868 0.950935
vt 0.542036 0.921627
vt 0.575085 0.941878
vt 0.552134 0.900584
vt 0.553571 0.900970
vt 0.554926 0.901001
vt 0.555685 0.900771
vt 0.221578 0.970879
vt 0.176124 0.970906
vt 0.176008 0.970122
vt 0.157604 0.918673
vt 0.223262 0.918634
vt 0.221578 0.926075
vt 0.157605 0.967726
vt 0.174440 0.967716
vt 0.174608 0.967951
vt 0.174440 0.967777
vt 0.175600 0.969216
vt 0.175077 0.968482
vt 0.174771 0.968126
vt 0.245692 0.059385
vt 0.251091 0.049863
vt 0.248957 0.130258
vt 0.261320 0.233304
vt 0.263807 0.237721
vt 0.255302 0.237557
vt 0.253954 0.131795
vt 0.264487 0.083999
vt 0.257514 0.135626
vt 0.263490 0.101789
vt 0.258681 0.140723
vt 0.264240 0.189243
vt 0.257143 0.145720
vt 0.253313 0.149279
vt 0.229690 0.129426
vt 0.231254 0.111153
vt 0.243860 0.131425
vt 0.264744 0.248055
vt 0.264532 0.249089
vt 0.253765 0.242555
vt 0.263917 0.249946
vt 0.249934 0.246114
vt 0.247836 0.267683
vt 0.244837 0.247281
vt 0.254135 0.232461
vt 0.248216 0.150447
vt 0.250576 0.228630
vt 0.245578 0.227093
vt 0.239840 0.245744
vt 0.219990 0.280729
vt 0.236281 0.241914
vt 0.225570 0.247495
vt 0.235113 0.236817
vt 0.227442 0.230433
vt 0.362475 0.017672
vt 0.343705 0.015796
vt 0.349616 0.002428
vt 0.238944 0.075624
vt 0.227287 0.310684
vt 0.217164 0.298029
vt 0.235471 0.288185
vt 0.291742 0.465221
vt 0.291489 0.452067
vt 0.313816 0.460710
vt 0.264698 0.242711
vt 0.234350 0.092431
vt 0.234835 0.416885
vt 0.239929 0.403359
vt 0.245761 0.431010
vt 0.253841 0.422844
vt 0.259189 0.444211
vt 0.271245 0.439285
vt 0.274723 0.455834
vt 0.283106 0.460853
vt 0.374299 0.477042
vt 0.367187 0.478292
vt 0.337389 0.464893
vt 0.362692 0.478694
vt 0.332532 0.003141
vt 0.325004 0.018278
vt 0.324796 0.002836
vt 0.240030 0.134984
vt 0.238492 0.139982
vt 0.229098 0.156105
vt 0.239660 0.145079
vt 0.229361 0.181911
vt 0.243219 0.148909
vt 0.230236 0.409420
vt 0.226248 0.401697
vt 0.230030 0.381560
vt 0.345511 0.478584
vt 0.327112 0.476252
vt 0.309383 0.471923
vt 0.261024 0.198707
vt 0.256604 0.206882
vt 0.255128 0.216057
vt 0.256761 0.225206
vt 0.317690 -0.000000
vt 0.314910 0.000764
vt 0.302661 0.005148
vt 0.307373 0.024985
vt 0.269720 0.065876
vt 0.256127 0.042519
vt 0.278973 0.049436
vt 0.261730 0.035533
vt 0.291751 0.035559
vt 0.228606 0.213368
vt 0.240481 0.228260
vt 0.236651 0.231819
vt 0.223159 0.394427
vt 0.218258 0.378493
vt 0.224514 0.358262
vt 0.215118 0.360278
vt 0.223588 0.334338
vt 0.213968 0.339952
vt 0.214973 0.316688
vt 0.539779 0.517710
vt 0.538331 0.516474
vt 0.538317 0.512940
vt 0.263435 0.194248
vt 0.381520 0.023020
vt 0.381425 0.023436
vt 0.381138 0.023752
vt 0.366551 0.004785
vt 0.374117 0.008409
vt 0.380314 0.023806
vt 0.539779 0.509677
vt 0.274165 0.023116
vt 0.287795 0.013006
vt 0.295081 0.008781
vt 0.379439 0.014893
vt 0.380733 0.023887
vt 0.558063 0.307916
vt 0.550592 0.290815
vt 0.572129 0.282167
vt 0.945118 0.881039
vt 0.959480 0.868300
vt 0.947350 0.883100
vt 0.522750 0.443189
vt 0.512323 0.428368
vt 0.524184 0.439251
vt 0.525449 0.426296
vt 0.514925 0.424722
vt 0.526772 0.422523
vt 0.567857 0.267389
vt 0.515694 0.420309
vt 0.515169 0.410008
vt 0.529686 0.419786
vt 0.515513 0.407515
vt 0.945118 0.840542
vt 0.954460 0.840441
vt 0.956005 0.854544
vt 0.579204 0.341938
vt 0.560595 0.344908
vt 0.561457 0.326266
vt 0.516748 0.405322
vt 0.518702 0.403736
vt 0.546526 0.407849
vt 0.534015 0.393070
vt 0.560587 0.392739
vt 0.546506 0.379205
vt 0.571283 0.375085
vt 0.555524 0.362867
vt 0.578051 0.356105
vt 0.578612 0.351234
vt 0.575720 0.298014
vt 0.577576 0.309876
vt 0.578807 0.322321
vt 0.531513 0.152052
vt 0.550922 0.187100
vt 0.537609 0.271584
vt 0.553279 0.209483
vt 0.945858 0.838756
vt 0.946677 0.838209
vt 0.945310 0.839576
vt 0.947643 0.838017
vt 0.953170 0.838338
vt 0.954089 0.839221
vt 0.951936 0.838017
vt 0.555619 0.095672
vt 0.555210 0.076656
vt 0.567219 0.085557
vt 0.552106 0.032436
vt 0.542424 0.041062
vt 0.547401 0.026023
vt 0.530637 0.026133
vt 0.536150 0.014046
vt 0.516404 0.002515
vt 0.519643 0.001701
vt 0.522589 0.003556
vt 0.566722 0.094487
vt 0.565557 0.103216
vt 0.551948 0.114335
vt 0.562145 0.118306
vt 0.544370 0.131782
vt 0.557909 0.133158
vt 0.533235 0.147202
vt 0.553923 0.148424
vt 0.531892 0.149456
vt 0.551260 0.164758
vt 0.550976 0.168243
vt 0.556161 0.039073
vt 0.557997 0.042590
vt 0.550743 0.058167
vt 0.563200 0.055792
vt 0.566316 0.070157
vt 0.555815 0.223602
vt 0.558890 0.236953
vt 0.538140 0.273883
vt 0.539433 0.275858
vt 0.515929 0.014072
vt 0.513626 0.011517
vt 0.512886 0.008159
vt 0.529609 0.008554
vt 0.513900 0.004872
vt 0.062155 0.828443
vt 0.075736 0.831061
vt 0.062158 0.837784
vt 0.075739 0.839263
vt 0.062160 0.847216
vt 0.075741 0.847542
vt 0.062162 0.856632
vt 0.075743 0.855804
vt 0.062164 0.865924
vt 0.075744 0.863957
vt 0.062165 0.874986
vt 0.075745 0.871907
vt 0.062166 0.883710
vt 0.075746 0.879560
vt 0.062168 0.891989
vt 0.075747 0.886824
vt 0.062169 0.899717
vt 0.075747 0.893605
vt 0.031481 0.176365
vt 0.029805 0.176590
vt 0.026434 0.159832
vt 0.012683 0.115901
vt 0.015707 0.115553
vt 0.016819 0.130125
vt 0.019855 0.129602
vt 0.021754 0.144556
vt 0.024801 0.143978
vt 0.029523 0.159443
vt 0.031603 0.168401
vt 0.032947 0.176111
vt 0.032288 0.185337
vt 0.033726 0.184824
vt 0.034069 0.201209
vt 0.033418 0.214814
vt 0.032906 0.220793
vt 0.030407 0.214766
vt 0.033697 0.184364
vt 0.032595 0.195888
vt 0.031064 0.195175
vt 0.030730 0.186119
vt 0.028279 0.234249
vt 0.028118 0.253060
vt 0.025125 0.252509
vt 0.028758 0.249750
vt 0.025925 0.248439
vt 0.031266 0.234527
vt 0.031143 0.235391
vt 0.029598 0.245071
vt 0.033978 0.204605
vt 0.582599 0.610455
vt 0.579211 0.611386
vt 0.579211 0.603984
vt 0.582600 0.593835
vt 0.579213 0.546388
vt 0.582601 0.545825
vt 0.579213 0.561458
vt 0.582600 0.577021
vt 0.579212 0.594101
vt 0.579213 0.577781
vt 0.579213 0.569501
vt 0.579213 0.496267
vt 0.582602 0.495371
vt 0.579213 0.509692
vt 0.582601 0.508941
vt 0.579213 0.521205
vt 0.582601 0.520534
vt 0.579213 0.527175
vt 0.579213 0.533291
vt 0.579213 0.540368
vt 0.931545 0.752007
vt 0.945149 0.749685
vt 0.931550 0.761448
vt 0.945153 0.758074
vt 0.931556 0.770604
vt 0.945159 0.766191
vt 0.931563 0.779399
vt 0.945166 0.773972
vt 0.110631 0.000730
vt 0.109164 0.012434
vt 0.100983 0.000000
vt 0.100653 0.011775
vt 0.091342 0.000168
vt 0.092160 0.011912
vt 0.062146 0.801883
vt 0.075728 0.807719
vt 0.062149 0.810416
vt 0.075731 0.815223
vt 0.062152 0.819294
vt 0.075734 0.823025
vt 0.541582 0.651147
vt 0.538393 0.634191
vt 0.541582 0.617396
vt 0.579209 0.627290
vt 0.579210 0.618553
vt 0.582594 0.675325
vt 0.579205 0.675990
vt 0.582595 0.658111
vt 0.579206 0.658938
vt 0.582596 0.642022
vt 0.579208 0.642929
vt 0.017506 0.283712
vt 0.020475 0.284266
vt 0.013912 0.298280
vt 0.016890 0.298739
vt 0.011040 0.313476
vt 0.014029 0.313738
vt 0.026475 0.260536
vt 0.024354 0.269336
vt 0.022405 0.276919
vt 0.013292 0.101350
vt 0.015158 0.113160
vt 0.001262 0.101541
vt 0.003613 0.116946
vt 0.013041 0.098171
vt 0.001034 0.098038
vt 0.013063 0.087077
vt 0.001200 0.085681
vt 0.013284 0.084473
vt 0.009725 0.054116
vt 0.020477 0.059223
vt 0.006374 0.061869
vt 0.017779 0.065386
vt 0.003873 0.069746
vt 0.015703 0.071652
vt 0.002167 0.077699
vt 0.001472 0.082757
vt 0.945147 0.744136
vt 0.931543 0.745774
vt 0.945146 0.741093
vt 0.945145 0.732370
vt 0.931542 0.736843
vt 0.945145 0.728127
vt 0.931542 0.727851
vt 0.945145 0.723595
vt 0.931543 0.718767
vt 0.945146 0.714845
vt 0.945147 0.711890
vt 0.931546 0.709760
vt 0.945153 0.697724
vt 0.931571 0.676329
vt 0.945166 0.681623
vt 0.931563 0.684226
vt 0.945160 0.688811
vt 0.931556 0.692464
vt 0.931550 0.701007
vt 0.579215 0.476512
vt 0.592767 0.492682
vt 0.592772 0.471818
vt 0.592776 0.460805
vt 0.579215 0.466168
vt 0.592779 0.453491
vt 0.579216 0.459328
vt 0.592783 0.444078
vt 0.579218 0.450560
vt 0.201332 0.078753
vt 0.190239 0.083189
vt 0.198881 0.071778
vt 0.188020 0.076730
vt 0.194185 0.061123
vt 0.183773 0.066914
vt 0.146155 0.452082
vt 0.150445 0.462834
vt 0.137164 0.455907
vt 0.140234 0.467086
vt 0.128168 0.458942
vt 0.245320 0.786040
vt 0.231679 0.787138
vt 0.245281 0.773676
vt 0.091991 0.476545
vt 0.083262 0.465294
vt 0.095407 0.464873
vt 0.109976 0.474827
vt 0.110814 0.462981
vt 0.119812 0.473008
vt 0.129960 0.470453
vt 0.579210 0.754431
vt 0.592785 0.757406
vt 0.579212 0.764991
vt 0.592789 0.768929
vt 0.579215 0.773149
vt 0.592792 0.777857
vt 0.579218 0.781062
vt 0.159085 0.458406
vt 0.153801 0.448090
vt 0.167468 0.453308
vt 0.161253 0.443486
vt 0.175558 0.447562
vt 0.168473 0.438286
vt 0.183250 0.441236
vt 0.175361 0.432548
vt 0.190511 0.434335
vt 0.181885 0.426277
vt 0.195659 0.428769
vt 0.187936 0.419544
vt 0.197226 0.426942
vt 0.592795 0.786539
vt 0.592763 0.518521
vt 0.592763 0.543888
vt 0.020658 0.177770
vt 0.017274 0.161422
vt 0.012611 0.146291
vt 0.007710 0.131694
vt 0.592762 0.673329
vt 0.592764 0.683556
vt 0.592782 0.748836
vt 0.579208 0.746554
vt 0.592779 0.740209
vt 0.579207 0.738604
vt 0.592774 0.722745
vt 0.579205 0.722440
vt 0.592771 0.713896
vt 0.579204 0.714208
vt 0.592769 0.703816
vt 0.579204 0.704793
vt 0.592766 0.692901
vt 0.579204 0.694544
vt 0.579204 0.685718
vt 0.592762 0.607779
vt 0.592762 0.591339
vt 0.592763 0.574743
vt 0.016211 0.251143
vt 0.019316 0.233420
vt 0.021375 0.214622
vt 0.021964 0.195741
vt 0.592760 0.655631
vt 0.592760 0.639302
vt 0.008598 0.282051
vt 0.004976 0.296904
vt 0.002072 0.312689
vt 0.012688 0.324821
vt 0.000306 0.330039
vt 0.000000 0.336939
vt 0.011970 0.336273
vt 0.000000 0.348109
vt 0.011913 0.346517
vt 0.000565 0.357954
vt 0.012372 0.355488
vt 0.001452 0.365688
vt 0.013123 0.362499
vt 0.002930 0.373913
vt 0.014543 0.370643
vt 0.004959 0.381561
vt 0.016131 0.376785
vt 0.245315 0.863519
vt 0.231702 0.860495
vt 0.245308 0.853686
vt 0.231694 0.851330
vt 0.245322 0.875258
vt 0.231709 0.871244
vt 0.245322 0.874595
vt 0.231709 0.870654
vt 0.231706 0.865589
vt 0.007553 0.388511
vt 0.018281 0.382800
vt 0.010627 0.394772
vt 0.020834 0.388213
vt 0.245324 0.886367
vt 0.231708 0.881371
vt 0.231709 0.875815
vt 0.045410 0.900505
vt 0.025255 0.901089
vt 0.045410 0.892653
vt 0.025255 0.894211
vt 0.045409 0.884242
vt 0.025254 0.886895
vt 0.045407 0.875381
vt 0.025253 0.871131
vt 0.045406 0.866177
vt 0.025251 0.862725
vt 0.045404 0.856741
vt 0.025250 0.854165
vt 0.045402 0.847180
vt 0.025248 0.845624
vt 0.045400 0.837603
vt 0.025245 0.837084
vt 0.045397 0.828118
vt 0.025243 0.827880
vt 0.026143 0.062103
vt 0.024195 0.052577
vt 0.031216 0.053382
vt 0.028648 0.046163
vt 0.033654 0.049940
vt 0.033779 0.040063
vt 0.038358 0.044228
vt 0.039529 0.034358
vt 0.043662 0.038891
vt 0.045841 0.029128
vt 0.044366 0.038254
vt 0.052656 0.024455
vt 0.055861 0.029699
vt 0.059916 0.020421
vt 0.060866 0.026872
vt 0.067563 0.017105
vt 0.069733 0.022938
vt 0.019517 0.114823
vt 0.018773 0.110928
vt 0.017771 0.101252
vt 0.018004 0.090898
vt 0.018332 0.087830
vt 0.019446 0.081246
vt 0.021111 0.074761
vt 0.022240 0.071305
vt 0.043962 0.157118
vt 0.038361 0.162138
vt 0.035004 0.155011
vt 0.043016 0.169571
vt 0.049096 0.161395
vt 0.050817 0.162675
vt 0.029705 0.141092
vt 0.034823 0.147320
vt 0.038776 0.151967
vt 0.024500 0.130138
vt 0.055711 0.165945
vt 0.061976 0.169429
vt 0.052387 0.169381
vt 0.062278 0.169578
vt 0.044849 0.175220
vt 0.066420 0.171478
vt 0.080161 0.175896
vt 0.177534 0.241889
vt 0.155538 0.242773
vt 0.156979 0.233294
vt 0.044675 0.184990
vt 0.075844 0.185505
vt 0.075239 0.195103
vt 0.054725 0.195022
vt 0.137778 0.204509
vt 0.136349 0.202764
vt 0.157228 0.205487
vt 0.102765 0.216628
vt 0.103281 0.220384
vt 0.073296 0.234550
vt 0.104842 0.224636
vt 0.106434 0.227244
vt 0.103144 0.212004
vt 0.074589 0.214759
vt 0.108420 0.202196
vt 0.106488 0.204451
vt 0.103955 0.209163
vt 0.156648 0.196444
vt 0.123581 0.196580
vt 0.121358 0.196539
vt 0.115823 0.195542
vt 0.115388 0.197729
vt 0.110739 0.200216
vt 0.131543 0.198976
vt 0.128816 0.197722
vt 0.125156 0.196765
vt 0.126614 0.234714
vt 0.130189 0.233479
vt 0.133473 0.231561
vt 0.133505 0.231537
vt 0.136310 0.229046
vt 0.140268 0.222606
vt 0.200209 0.231426
vt 0.138604 0.226025
vt 0.138583 0.226058
vt 0.141228 0.218947
vt 0.141334 0.218193
vt 0.157406 0.214635
vt 0.141458 0.215141
vt 0.140533 0.209927
vt 0.125901 0.234870
vt 0.113978 0.243986
vt 0.110105 0.231072
vt 0.115391 0.234041
vt 0.114891 0.234162
vt 0.117598 0.234712
vt 0.122844 0.235231
vt 0.055408 0.185377
vt 0.111203 0.176681
vt 0.115301 0.186106
vt 0.105747 0.177426
vt 0.085708 0.176936
vt 0.073138 0.244372
vt 0.053440 0.254609
vt 0.035851 0.254136
vt 0.052072 0.244291
vt 0.040984 0.244536
vt 0.052330 0.234568
vt 0.041804 0.234551
vt 0.189193 0.241703
vt 0.201214 0.241694
vt 0.202136 0.249418
vt 0.189310 0.251179
vt 0.184318 0.251529
vt 0.198197 0.182407
vt 0.198414 0.197808
vt 0.191229 0.181084
vt 0.187920 0.197444
vt 0.198671 0.206054
vt 0.177447 0.197090
vt 0.175971 0.188557
vt 0.172292 0.179360
vt 0.155088 0.187507
vt 0.150550 0.178217
vt 0.199053 0.214567
vt 0.112762 0.253864
vt 0.134299 0.253298
vt 0.165719 0.173049
vt 0.146829 0.172239
vt 0.142813 0.166247
vt 0.125278 0.172917
vt 0.139476 0.166035
vt 0.143075 0.163692
vt 0.184315 0.174500
vt 0.175347 0.173696
vt 0.173493 0.166865
vt 0.158613 0.166476
vt 0.155382 0.153218
vt 0.150182 0.158174
vt 0.180714 0.152431
vt 0.166189 0.139092
vt 0.181516 0.147601
vt 0.169169 0.133675
vt 0.182235 0.137467
vt 0.173432 0.123449
vt 0.164072 0.142421
vt 0.179231 0.157053
vt 0.161681 0.145794
vt 0.176172 0.161026
vt 0.158891 0.149311
vt 0.158018 0.150332
vt 0.192397 0.172124
vt 0.186773 0.168231
vt 0.188694 0.163035
vt 0.197924 0.131277
vt 0.198389 0.145049
vt 0.198422 0.156788
vt 0.198361 0.162860
vt 0.198285 0.169078
vt 0.198218 0.176276
vt 0.172910 0.070791
vt 0.174301 0.075023
vt 0.176644 0.085329
vt 0.177575 0.094799
vt 0.192829 0.092632
vt 0.177615 0.099585
vt 0.194383 0.099908
vt 0.196117 0.110789
vt 0.175827 0.114768
vt 0.131195 0.025270
vt 0.134025 0.019166
vt 0.139120 0.021552
vt 0.137892 0.028755
vt 0.141831 0.022982
vt 0.138280 0.028982
vt 0.149290 0.027529
vt 0.144971 0.033393
vt 0.152758 0.029974
vt 0.151185 0.038450
vt 0.156349 0.032750
vt 0.162954 0.038586
vt 0.153816 0.040930
vt 0.165086 0.040699
vt 0.161905 0.050242
vt 0.174590 0.051870
vt 0.166212 0.056683
vt 0.179910 0.059854
vt 0.169959 0.063685
vt 0.075537 0.014576
vt 0.079679 0.019950
vt 0.083761 0.012845
vt 0.092550 0.018065
vt 0.099621 0.017925
vt 0.100437 0.017949
vt 0.108329 0.018615
vt 0.117615 0.013886
vt 0.116141 0.020064
vt 0.125928 0.016130
vt 0.119441 0.020923
vt 0.914783 0.752319
vt 0.914787 0.761894
vt 0.914794 0.771181
vt 0.914802 0.780103
vt 0.914811 0.788580
vt 0.931572 0.787755
vt 0.045384 0.792920
vt 0.062142 0.793769
vt 0.045387 0.801156
vt 0.045391 0.809817
vt 0.045394 0.818830
vt 0.894625 0.752550
vt 0.894632 0.765071
vt 0.894638 0.773040
vt 0.894645 0.780729
vt 0.894654 0.789191
vt 0.025229 0.792294
vt 0.025231 0.798108
vt 0.025238 0.812579
vt 0.025240 0.820140
vt 0.022686 0.373918
vt 0.018362 0.361152
vt 0.017101 0.355032
vt 0.016139 0.346189
vt 0.016332 0.335002
vt 0.020448 0.315754
vt 0.033685 0.392094
vt 0.027311 0.397945
vt 0.026921 0.397462
vt 0.033152 0.391424
vt 0.024024 0.393518
vt 0.028026 0.384103
vt 0.022828 0.374242
vt 0.046048 0.404423
vt 0.041742 0.411225
vt 0.034541 0.405479
vt 0.039685 0.398752
vt 0.030802 0.401879
vt 0.036624 0.395543
vt 0.068794 0.417171
vt 0.064081 0.429681
vt 0.064748 0.415582
vt 0.060217 0.424515
vt 0.063945 0.415236
vt 0.054989 0.420158
vt 0.058327 0.412512
vt 0.048722 0.415948
vt 0.052371 0.408993
vt 0.047424 0.405499
vt 0.070808 0.435512
vt 0.067514 0.443124
vt 0.066393 0.436072
vt 0.069196 0.461276
vt 0.068823 0.460351
vt 0.084036 0.421040
vt 0.085701 0.421274
vt 0.084452 0.443499
vt 0.076242 0.464905
vt 0.083877 0.453988
vt 0.073731 0.418424
vt 0.074371 0.418587
vt 0.074698 0.427812
vt 0.078565 0.419651
vt 0.079713 0.420221
vt 0.081663 0.420438
vt 0.070610 0.463027
vt 0.068477 0.458894
vt 0.068178 0.456010
vt 0.071614 0.463665
vt 0.075296 0.464765
vt 0.081916 0.420502
vt 0.094229 0.421920
vt 0.129045 0.414790
vt 0.123606 0.417021
vt 0.122964 0.417255
vt 0.116850 0.419172
vt 0.104959 0.421435
vt 0.104075 0.421530
vt 0.167497 0.377779
vt 0.167799 0.377171
vt 0.203292 0.395419
vt 0.164511 0.383206
vt 0.160689 0.388976
vt 0.193338 0.412541
vt 0.198154 0.405173
vt 0.151572 0.399469
vt 0.156346 0.394436
vt 0.156365 0.394415
vt 0.146372 0.404076
vt 0.141403 0.407797
vt 0.135025 0.411768
vt 0.174031 0.324506
vt 0.212889 0.317365
vt 0.213649 0.327428
vt 0.175903 0.338903
vt 0.213968 0.336486
vt 0.213844 0.346905
vt 0.175453 0.350977
vt 0.213210 0.356376
vt 0.212203 0.364567
vt 0.174156 0.358872
vt 0.208806 0.380373
vt 0.172745 0.364424
vt 0.206340 0.387991
vt 0.170544 0.370905
vt 0.200219 0.250363
vt 0.203267 0.256945
vt 0.172909 0.268896
vt 0.185579 0.259404
vt 0.189631 0.266871
vt 0.172629 0.319128
vt 0.170560 0.313081
vt 0.189487 0.306690
vt 0.152291 0.285179
vt 0.170365 0.270864
vt 0.177056 0.275564
vt 0.156636 0.289844
vt 0.181464 0.280688
vt 0.160209 0.294315
vt 0.184278 0.286720
vt 0.163218 0.298662
vt 0.186351 0.293137
vt 0.165884 0.303111
vt 0.164540 0.300787
vt 0.210658 0.299550
vt 0.193039 0.273467
vt 0.195252 0.280580
vt 0.197063 0.287914
vt 0.196330 0.262094
vt 0.192872 0.254531
vt 0.193660 0.254045
vt 0.198913 0.269815
vt 0.204811 0.266151
vt 0.207804 0.282676
vt 0.074592 0.258221
vt 0.182747 0.255269
vt 0.075775 0.261991
vt 0.076572 0.264400
vt 0.062647 0.269291
vt 0.148278 0.260242
vt 0.117769 0.265027
vt 0.111675 0.261107
vt 0.097949 0.262029
vt 0.078007 0.264055
vt 0.158524 0.268235
vt 0.152145 0.285034
vt 0.146743 0.280172
vt 0.136221 0.272859
vt 0.143080 0.267850
vt 0.171757 0.255828
vt 0.176729 0.259669
vt 0.054637 0.258462
vt 0.044543 0.258304
vt 0.032396 0.255655
vt 0.036194 0.258432
vt 0.042356 0.263835
vt 0.057861 0.262486
vt 0.048992 0.262548
vt 0.052773 0.274693
vt 0.042832 0.264294
vt 0.059195 0.270976
vt 0.059415 0.270862
vt 0.167131 0.259955
vt 0.031854 0.265928
vt 0.036998 0.270892
vt 0.020568 0.315410
vt 0.025967 0.303360
vt 0.024663 0.302695
vt 0.029544 0.297486
vt 0.028333 0.289799
vt 0.032793 0.292980
vt 0.030533 0.283382
vt 0.033184 0.276978
vt 0.041057 0.283864
vt 0.036692 0.288326
vt 0.042695 0.282358
vt 0.046029 0.279537
vt 0.028784 0.273165
vt 0.231707 0.797811
vt 0.245342 0.802444
vt 0.231708 0.799001
vt 0.245164 0.805220
vt 0.231709 0.801138
vt 0.059590 0.468591
vt 0.058634 0.465639
vt 0.058449 0.464336
vt 0.057947 0.460812
vt 0.231696 0.793249
vt 0.245337 0.794183
vt 0.231699 0.794120
vt 0.245342 0.799345
vt 0.245343 0.800815
vt 0.935618 0.623179
vt 0.940069 0.623194
vt 0.939107 0.643355
vt 0.937806 0.660121
vt 0.927483 0.660090
vt 0.928717 0.643322
vt 0.062172 0.924326
vt 0.062172 0.931322
vt 0.045408 0.934411
vt 0.045411 0.907710
vt 0.062170 0.906808
vt 0.045411 0.914268
vt 0.062171 0.913260
vt 0.045410 0.920197
vt 0.062171 0.919092
vt 0.045410 0.925517
vt 0.062172 0.922477
vt 0.929629 0.623161
vt 0.939895 0.660129
vt 0.941178 0.623198
vt 0.025250 0.934477
vt 0.025255 0.904466
vt 0.025255 0.915706
vt 0.025254 0.921015
vt 0.025253 0.925767
vt 0.025253 0.926399
vt 0.914780 0.742536
vt 0.914779 0.722697
vt 0.914779 0.732633
vt 0.914805 0.675624
vt 0.914797 0.684397
vt 0.914790 0.693578
vt 0.914785 0.703082
vt 0.914781 0.712817
vt 0.894621 0.719012
vt 0.894621 0.735913
vt 0.894622 0.744279
vt 0.894645 0.675103
vt 0.894636 0.684930
vt 0.894631 0.693225
vt 0.894626 0.701779
vt 0.252322 0.800626
vt 0.267252 0.798674
vt 0.282248 0.797761
vt 0.282221 0.785780
vt 0.282237 0.792378
vt 0.914815 0.667334
vt 0.894662 0.660357
vt 0.609550 0.435036
vt 0.629707 0.441005
vt 0.609547 0.443238
vt 0.629707 0.442616
vt 0.629704 0.456563
vt 0.609543 0.460112
vt 0.629702 0.474291
vt 0.609539 0.476775
vt 0.629700 0.491880
vt 0.609537 0.492222
vt 0.931584 0.666413
vt 0.592786 0.437706
vt 0.882424 0.752611
vt 0.869375 0.752632
vt 0.869372 0.744332
vt 0.882421 0.744318
vt 0.869370 0.735936
vt 0.882420 0.735930
vt 0.869370 0.718975
vt 0.882420 0.718984
vt 0.869375 0.701684
vt 0.882425 0.701707
vt 0.869380 0.693101
vt 0.882429 0.693131
vt 0.869385 0.684779
vt 0.882435 0.684817
vt 0.869393 0.674920
vt 0.882443 0.674966
vt 0.282057 0.740945
vt 0.245158 0.745063
vt 0.245123 0.738252
vt 0.245086 0.731973
vt 0.261844 0.730741
vt 0.281999 0.729821
vt 0.245193 0.752208
vt 0.282112 0.753422
vt 0.245225 0.759491
vt 0.282131 0.758174
vt 0.282165 0.767533
vt 0.282210 0.781814
vt 0.282182 0.772873
vt 0.917245 0.643293
vt 0.916050 0.660062
vt 0.905209 0.643266
vt 0.904022 0.660035
vt 0.893111 0.643237
vt 0.891905 0.660006
vt 0.881451 0.643203
vt 0.880204 0.659972
vt 0.918129 0.623131
vt 0.906087 0.623103
vt 0.894002 0.623074
vt 0.882372 0.623041
vt 0.929870 0.610959
vt 0.929951 0.597908
vt 0.935949 0.597927
vt 0.935867 0.610977
vt 0.941434 0.610997
vt 0.941519 0.597947
vt 0.013050 0.934737
vt 0.000000 0.934826
vt 0.000003 0.926080
vt 0.013052 0.926000
vt 0.013054 0.915908
vt 0.000005 0.915977
vt 0.000006 0.904690
vt 0.013055 0.904633
vt 0.000006 0.901299
vt 0.013055 0.901245
vt 0.652058 0.940816
vt 0.651163 0.920654
vt 0.660716 0.920655
vt 0.653266 0.957586
vt 0.664422 0.940817
vt 0.676499 0.940818
vt 0.670208 0.920656
vt 0.675513 0.920657
vt 0.687395 0.940819
vt 0.683836 0.920659
vt 0.686356 0.920659
vt 0.870676 0.643163
vt 0.871641 0.623000
vt 0.880122 0.623033
vt 0.665683 0.957586
vt 0.677829 0.957585
vt 0.688797 0.957586
vt 0.869370 0.659933
vt 0.882616 0.610838
vt 0.882697 0.597788
vt 0.894316 0.597822
vt 0.906397 0.597851
vt 0.918441 0.597879
vt 0.628600 0.940815
vt 0.629780 0.957585
vt 0.617319 0.940814
vt 0.618524 0.957583
vt 0.606093 0.940811
vt 0.607348 0.957578
vt 0.627725 0.920652
vt 0.616426 0.920651
vt 0.605163 0.920650
vt 0.650924 0.908452
vt 0.650842 0.895401
vt 0.660385 0.895402
vt 0.669952 0.908454
vt 0.660469 0.908453
vt 0.669864 0.895403
vt 0.683469 0.895406
vt 0.683563 0.908457
vt 0.869415 0.610787
vt 0.869501 0.597736
vt 0.880450 0.597780
vt 0.880368 0.610831
vt 0.253071 0.845648
vt 0.253150 0.849751
vt 0.253022 0.850890
vt 0.252507 0.853807
vt 0.249461 0.839200
vt 0.249027 0.838826
vt 0.245310 0.838740
vt 0.245311 0.836405
vt 0.251843 0.842087
vt 0.252989 0.845188
vt 0.248720 0.870711
vt 0.248590 0.875970
vt 0.249439 0.881085
vt 0.250772 0.884750
vt 0.245323 0.892343
vt 0.253524 0.889445
vt 0.255733 0.892151
vt 0.245318 0.898288
vt 0.260375 0.896415
vt 0.264495 0.899239
vt 0.249725 0.864849
vt 0.250104 0.863248
vt 0.592167 0.957569
vt 0.585968 0.957565
vt 0.584561 0.940802
vt 0.271256 0.902685
vt 0.262075 0.905079
vt 0.278804 0.905396
vt 0.262064 0.910864
vt 0.262036 0.921763
vt 0.245268 0.920580
vt 0.245309 0.904137
vt 0.245298 0.909836
vt 0.245285 0.914771
vt 0.594924 0.940807
vt 0.596250 0.957572
vt 0.282197 0.922628
vt 0.282210 0.917983
vt 0.282224 0.912147
vt 0.282235 0.906322
vt 0.583520 0.920643
vt 0.589963 0.920646
vt 0.597446 0.920648
vt 0.593942 0.920647
vt 0.303156 0.909044
vt 0.307482 0.909115
vt 0.307476 0.912390
vt 0.293996 0.908375
vt 0.285253 0.907000
vt 0.294412 0.918191
vt 0.294426 0.912338
vt 0.307462 0.918249
vt 0.307429 0.929270
vt 0.294379 0.929202
vt 0.589695 0.908445
vt 0.589603 0.895395
vt 0.597100 0.895396
vt 0.597188 0.908446
vt 0.604829 0.895398
vt 0.604914 0.908448
vt 0.579204 0.908441
vt 0.282177 0.928965
vt 0.571448 0.525165
vt 0.571453 0.532076
vt 0.563046 0.532076
vt 0.802027 0.575097
vt 0.867684 0.575103
vt 0.867685 0.583814
vt 0.802024 0.566431
vt 0.793619 0.573442
vt 0.793618 0.568223
vt 0.793618 0.566430
vt 0.802022 0.560677
vt 0.793616 0.563020
vt 0.793614 0.556967
vt 0.802019 0.552084
vt 0.793612 0.552083
vt 0.793611 0.551929
vt 0.802016 0.547750
vt 0.793610 0.549764
vt 0.571541 0.574117
vt 0.563143 0.576098
vt 0.571513 0.566024
vt 0.563109 0.567043
vt 0.563106 0.566024
vt 0.563070 0.550359
vt 0.571467 0.544029
vt 0.571477 0.550359
vt 0.571498 0.560693
vt 0.571443 0.512324
vt 0.563037 0.512324
vt 0.571443 0.505275
vt 0.563038 0.499518
vt 0.571448 0.492343
vt 0.563041 0.492343
vt 0.563041 0.492143
vt 0.571453 0.485597
vt 0.563057 0.475653
vt 0.571467 0.473390
vt 0.563051 0.480537
vt 0.563046 0.485962
vt 0.563060 0.473390
vt 0.563063 0.471001
vt 0.571476 0.467358
vt 0.571498 0.456655
vt 0.563080 0.461670
vt 0.563092 0.456655
vt 0.571512 0.451694
vt 0.563102 0.452563
vt 0.571541 0.443189
vt 0.563134 0.443189
vt 0.157730 0.476545
vt 0.166136 0.476545
vt 0.157728 0.480283
vt 0.166133 0.483619
vt 0.157724 0.489081
vt 0.166131 0.489080
vt 0.157723 0.494015
vt 0.166130 0.493334
vt 0.166129 0.498762
vt 0.157721 0.505112
vt 0.166128 0.504523
vt 0.166128 0.505111
vt 0.157720 0.510907
vt 0.166127 0.510607
vt 0.166127 0.516989
vt 0.157720 0.523632
vt 0.166127 0.523604
vt 0.166126 0.523632
vt 0.157720 0.529904
vt 0.166126 0.530396
vt 0.157720 0.543478
vt 0.166128 0.557639
vt 0.157723 0.563402
vt 0.166128 0.550987
vt 0.157721 0.549825
vt 0.166127 0.543477
vt 0.166126 0.537279
vt 0.166129 0.563401
vt 0.166129 0.564065
vt 0.157724 0.569428
vt 0.166131 0.570215
vt 0.157727 0.582152
vt 0.166133 0.581363
vt 0.166134 0.582151
vt 0.157729 0.587492
vt 0.166136 0.590558
vt 0.936684 0.904638
vt 0.945094 0.907670
vt 0.936696 0.916560
vt 0.945102 0.915057
vt 0.945103 0.916560
vt 0.945104 0.918611
vt 0.945104 0.918855
vt 0.936700 0.922127
vt 0.945106 0.921852
vt 0.945112 0.931304
vt 0.936707 0.935536
vt 0.945109 0.926529
vt 0.945109 0.925909
vt 0.871051 0.955517
vt 0.871051 0.939333
vt 0.936708 0.939338
vt 0.945114 0.935536
vt 0.945114 0.936394
vt 0.945115 0.942565
vt 0.945115 0.949466
vt 0.945115 0.955522
vt 0.871051 0.957596
vt 0.945115 0.957266
vt 0.945112 0.965723
vt 0.871043 0.975546
vt 0.945110 0.970066
vt 0.945107 0.974443
vt 0.945107 0.975263
vt 0.945100 0.983639
vt 0.871028 0.992244
vt 0.945090 0.993517
vt 0.871026 0.993511
vt 0.781765 0.785783
vt 0.767330 0.858426
vt 0.767330 0.782910
vt 0.540004 0.518458
vt 0.540004 0.443189
vt 0.540300 0.443243
vt 0.867680 0.645709
vt 0.793610 0.660129
vt 0.867680 0.642679
vt 0.793615 0.648435
vt 0.793617 0.642673
vt 0.867684 0.628165
vt 0.793619 0.634180
vt 0.867684 0.623172
vt 0.793621 0.623166
vt 0.867686 0.609916
vt 0.793622 0.603486
vt 0.867686 0.603131
vt 0.793622 0.603124
vt 0.867686 0.591915
vt 0.793622 0.590260
vt 0.793621 0.583808
vt 0.793620 0.578760
vt 0.780392 0.858428
vt 0.780392 0.922402
vt 0.770258 0.858427
vt 0.770258 0.922401
vt 0.162002 0.717922
vt 0.162002 0.747805
vt 0.157869 0.717922
vt 0.157869 0.747804
vt 0.926195 0.164770
vt 0.896312 0.164771
vt 0.926190 0.143121
vt 0.896307 0.143122
vt 0.926187 0.120060
vt 0.896304 0.120061
vt 0.926186 0.096450
vt 0.896303 0.096452
vt 0.926186 0.073176
vt 0.896304 0.073178
vt 0.926188 0.051109
vt 0.896306 0.051110
vt 0.926192 0.031074
vt 0.896310 0.031076
vt 0.926198 0.013823
vt 0.896315 0.013824
vt 0.926205 -0.000000
vt 0.896322 0.000001
vt 0.545203 0.712713
vt 0.575085 0.712661
vt 0.545180 0.728451
vt 0.575062 0.728399
vt 0.545172 0.747285
vt 0.575054 0.747232
vt 0.545179 0.768510
vt 0.575062 0.768458
vt 0.545201 0.790964
vt 0.575084 0.791279
vt 0.544924 0.791332
vt 0.575085 0.792917
vt 0.543887 0.792971
vt 0.543612 0.793654
vt 0.575084 0.794149
vt 0.543518 0.794204
vt 0.383203 0.714381
vt 0.372182 0.728139
vt 0.379850 0.716897
vt 0.375700 0.717484
vt 0.316633 0.684604
vt 0.341136 0.691202
vt 0.341094 0.692843
vt 0.346325 0.684646
vt 0.345899 0.684822
vt 0.332949 0.673578
vt 0.344277 0.686193
vt 0.334524 0.700019
vt 0.341684 0.694376
vt 0.342816 0.695566
vt 0.369324 0.724564
vt 0.371781 0.715997
vt 0.370607 0.726015
vt 0.371105 0.727888
vt 0.370841 0.729473
vt 0.341802 0.689701
vt 0.302046 0.666032
vt 0.284822 0.622291
vt 0.308981 0.637028
vt 0.318998 0.656593
vt 0.314352 0.551784
vt 0.306106 0.572159
vt 0.285407 0.575284
vt 0.282830 0.598759
vt 0.302384 0.593821
vt 0.303357 0.615780
vt 0.291308 0.644998
vt 0.357838 0.487651
vt 0.380043 0.480776
vt 0.368238 0.501061
vt 0.292456 0.552745
vt 0.303715 0.531985
vt 0.326745 0.533631
vt 0.318760 0.513782
vt 0.342717 0.518531
vt 0.337029 0.498817
vt 0.361537 0.507176
vt 0.365356 0.504632
vt 0.941521 0.548512
vt 0.973927 0.565317
vt 0.941519 0.565026
vt 0.973944 0.584246
vt 0.941536 0.584325
vt 0.941541 0.535573
vt 0.973946 0.536173
vt 0.973928 0.549044
vt 0.156030 0.806759
vt 0.123623 0.805396
vt 0.156035 0.791663
vt 0.123628 0.791665
vt 0.123628 0.790857
vt 0.156026 0.824992
vt 0.123619 0.823008
vt 0.123622 0.806761
vt 0.156024 0.845490
vt 0.123617 0.842885
vt 0.123618 0.824994
vt 0.156024 0.867275
vt 0.123616 0.864116
vt 0.123616 0.845492
vt 0.156026 0.889308
vt 0.123618 0.885729
vt 0.123616 0.867278
vt 0.156030 0.910535
vt 0.123621 0.906734
vt 0.123618 0.889310
vt 0.156035 0.929945
vt 0.123626 0.925070
vt 0.123622 0.910537
vt 0.092060 0.925072
vt 0.092062 0.929949
vt 0.570379 0.648668
vt 0.570379 0.712641
vt 0.563419 0.648676
vt 0.550775 0.712660
vt 0.550775 0.648686
vt 0.516691 0.518347
vt 0.526147 0.508404
vt 0.526179 0.509163
vt 0.520621 0.791412
vt 0.518566 0.794528
vt 0.515366 0.796450
vt 0.417623 0.652746
vt 0.398062 0.645501
vt 0.398389 0.640413
vt 0.423650 0.591699
vt 0.427272 0.592176
vt 0.430351 0.594142
vt 0.391375 0.560740
vt 0.384366 0.481132
vt 0.386068 0.486125
vt 0.395203 0.503597
vt 0.435553 0.555704
vt 0.427606 0.562967
vt 0.439445 0.599905
vt 0.450133 0.601195
vt 0.448649 0.626811
vt 0.467987 0.620384
vt 0.460337 0.597762
vt 0.488314 0.618945
vt 0.468072 0.590273
vt 0.508365 0.622584
vt 0.408259 0.518369
vt 0.424476 0.529581
vt 0.445852 0.552566
vt 0.442908 0.536579
vt 0.456499 0.554164
vt 0.462480 0.538955
vt 0.465423 0.560186
vt 0.537547 0.638282
vt 0.537647 0.639034
vt 0.526890 0.631076
vt 0.482050 0.536571
vt 0.500479 0.529565
vt 0.470888 0.569461
vt 0.424918 0.565441
vt 0.421435 0.566544
vt 0.400498 0.568387
vt 0.395066 0.602666
vt 0.395820 0.598374
vt 0.398619 0.595035
vt 0.471833 0.580186
vt 0.520941 0.773225
vt 0.520537 0.774309
vt 0.508561 0.778302
vt 0.520222 0.777439
vt 0.521127 0.787714
vt 0.431505 0.637827
vt 0.402713 0.593542
vt 0.396206 0.567633
vt 0.392867 0.564834
vt 0.448834 0.774226
vt 0.430334 0.786131
vt 0.431663 0.763253
vt 0.413009 0.772459
vt 0.417743 0.748369
vt 0.399067 0.755351
vt 0.407942 0.730503
vt 0.389173 0.735624
vt 0.402871 0.710765
vt 0.383799 0.714218
vt 0.402846 0.690387
vt 0.383203 0.692156
vt 0.407867 0.670637
vt 0.387412 0.670492
vt 0.396226 0.650258
vt 0.488519 0.781992
vt 0.493770 0.800999
vt 0.468189 0.780605
vt 0.471702 0.800750
vt 0.450215 0.795713
vt 0.869384 0.767919
vt 0.869382 0.765199
vt 0.882431 0.765166
vt 0.886228 0.778579
vt 0.886238 0.787953
vt 0.016814 0.790857
vt 0.016818 0.797994
vt 0.016818 0.799878
vt 0.016822 0.808222
vt 0.016826 0.817883
vt 0.016829 0.827832
vt 0.886220 0.769463
vt 0.870293 0.769134
vt 0.157604 0.914618
vt 0.167821 0.506552
vt 0.176228 0.511583
vt 0.167821 0.521010
vt 0.176228 0.515444
vt 0.176228 0.519717
vt 0.176227 0.521010
vt 0.167821 0.524758
vt 0.176227 0.524804
vt 0.176228 0.531880
vt 0.167821 0.540856
vt 0.176228 0.540855
vt 0.167822 0.543976
vt 0.176229 0.545148
vt 0.167824 0.560780
vt 0.176231 0.560779
vt 0.167825 0.563083
vt 0.167829 0.579530
vt 0.176234 0.574577
vt 0.176236 0.579529
vt 0.167829 0.580968
vt 0.976688 0.001257
vt 0.985093 0.000000
vt 0.985113 0.016774
vt 0.985125 0.035750
vt 0.976718 0.035900
vt 0.985117 0.021930
vt 0.976707 0.017580
vt 0.976706 0.016774
vt 0.985126 0.040238
vt 0.985126 0.040571
vt 0.976721 0.055148
vt 0.985128 0.047706
vt 0.985128 0.053592
vt 0.985128 0.055736
vt 0.976721 0.055736
vt 0.985127 0.062390
vt 0.976716 0.073098
vt 0.985124 0.069584
vt 0.985121 0.075476
vt 0.927894 0.073098
vt 0.927893 0.075476
vt 0.927885 0.085615
vt 0.985106 0.093730
vt 0.927877 0.093730
vt 0.787941 0.703932
vt 0.730713 0.703926
vt 0.787945 0.695582
vt 0.730718 0.689857
vt 0.787948 0.686185
vt 0.730719 0.686179
vt 0.787950 0.677885
vt 0.730722 0.676876
vt 0.787952 0.666678
vt 0.730724 0.666671
vt 0.730724 0.663598
vt 0.787954 0.659080
vt 0.730725 0.656922
vt 0.787954 0.646636
vt 0.730725 0.650239
vt 0.730726 0.646630
vt 0.787955 0.640224
vt 0.730726 0.636848
vt 0.787954 0.627320
vt 0.730725 0.627314
vt 0.787953 0.622377
vt 0.730725 0.623466
vt 0.730723 0.616955
vt 0.787950 0.609942
vt 0.730722 0.610697
vt 0.730722 0.609936
vt 0.787950 0.606544
vt 0.730718 0.599327
vt 0.787945 0.595595
vt 0.536708 0.923834
vt 0.536749 0.934692
vt 0.519913 0.934693
vt 0.730716 0.595589
vt 0.730713 0.590021
vt 0.787944 0.594151
vt 0.462667 0.930578
vt 0.462644 0.923837
vt 0.462608 0.908172
vt 0.536671 0.908169
vt 0.462619 0.914040
vt 0.536673 0.908850
vt 0.536706 0.923287
vt 0.462573 0.870137
vt 0.536636 0.870134
vt 0.462575 0.877654
vt 0.536637 0.874086
vt 0.462583 0.889889
vt 0.536647 0.889886
vt 0.462586 0.893128
vt 0.536649 0.892153
vt 0.462595 0.900479
vt 0.462606 0.907474
vt 0.462573 0.869688
vt 0.462573 0.861674
vt 0.536638 0.855615
vt 0.462575 0.853712
vt 0.536640 0.850153
vt 0.462576 0.850156
vt 0.536650 0.837725
vt 0.462586 0.838313
vt 0.536658 0.831200
vt 0.462594 0.831203
vt 0.536674 0.821371
vt 0.462605 0.824259
vt 0.462618 0.817930
vt 0.536689 0.814465
vt 0.462625 0.814468
vt 0.536708 0.807426
vt 0.462646 0.806915
vt 0.536731 0.800999
vt 0.462667 0.801002
vt 0.231668 0.914575
vt 0.462271 0.826050
vt 0.462271 0.835323
vt 0.459890 0.834215
vt 0.167828 0.477978
vt 0.176236 0.476545
vt 0.167825 0.486459
vt 0.176232 0.486458
vt 0.167824 0.490419
vt 0.176230 0.493268
vt 0.167822 0.502490
vt 0.176229 0.502489
vt 0.176228 0.507974
vt 0.013050 0.854181
vt 0.013429 0.847972
vt 0.016834 0.847976
vt 0.001716 0.847968
vt -0.000000 0.850707
vt 0.000001 0.854188
vt 0.013051 0.862766
vt 0.000002 0.862781
vt 0.013053 0.871197
vt 0.000004 0.871221
vt 0.013054 0.887008
vt 0.000005 0.887048
vt 0.013055 0.894346
vt 0.000006 0.894393
vt 0.016831 0.833387
vt 0.016832 0.837639
vt 0.194328 0.740208
vt 0.196231 0.741307
vt 0.193605 0.744303
vt 0.172021 0.905056
vt 0.169180 0.911995
vt 0.171648 0.905717
vt 0.167156 0.914575
vt 0.231607 0.776689
vt 0.231061 0.776040
vt 0.225913 0.768026
vt 0.230331 0.775609
vt 0.229500 0.775444
vt 0.207806 0.754359
vt 0.211585 0.780772
vt 0.221312 0.784667
vt 0.219558 0.794754
vt 0.222229 0.788631
vt 0.225292 0.813250
vt 0.229502 0.808663
vt 0.226510 0.832577
vt 0.231668 0.829864
vt 0.223142 0.851647
vt 0.228598 0.850953
vt 0.215377 0.869388
vt 0.220475 0.870656
vt 0.203653 0.884801
vt 0.207792 0.887782
vt 0.188629 0.897019
vt 0.191314 0.901297
vt 0.172037 0.910384
vt 0.212311 0.780419
vt 0.213138 0.779442
vt 0.222361 0.780737
vt 0.215192 0.770558
vt 0.225130 0.777757
vt 0.213296 0.761639
vt 0.228050 0.775853
vt 0.228993 0.775481
vt 0.228660 0.775563
vt 0.186673 0.736292
vt 0.177833 0.736951
vt 0.176707 0.732283
vt 0.169903 0.731844
vt 0.167156 0.729473
vt 0.204126 0.746471
vt 0.212267 0.753003
vt 0.219622 0.760301
vt 0.223296 0.764615
vt 0.152231 0.963620
vt 0.152231 0.948469
vt 0.155637 0.963620
vt 0.156040 0.947693
vt 0.968536 0.466352
vt 0.968536 0.481504
vt 0.953828 0.481521
vt 0.953828 0.466370
vt 0.946848 0.660129
vt 0.962000 0.660130
vt 0.962002 0.675811
vt 0.946850 0.675810
vt 0.150041 0.948469
vt 0.143919 0.963622
vt 0.143919 0.948470
vt 0.163494 0.847894
vt 0.166777 0.847140
vt 0.163583 0.858844
vt 0.166777 0.862292
vt 0.163639 0.862289
vt 0.163265 0.847984
vt 0.013426 0.846984
vt 0.016834 0.847144
vt 0.160676 0.862290
vt 0.160740 0.858882
vt 0.161599 0.858873
vt 0.538994 0.466458
vt 0.538994 0.462903
vt 0.539696 0.466256
vt 0.161345 0.862290
vt 0.162149 0.862289
vt 0.162600 0.858859
vt 0.162656 0.862289
vt 0.162997 0.862289
vt 0.162611 0.848141
vt 0.161890 0.848165
vt 0.161505 0.848114
vt 0.161129 0.848012
vt 0.002556 0.846468
vt 0.002244 0.847130
vt 0.961997 0.700333
vt 0.946846 0.700332
vt 0.946848 0.693559
vt 0.962000 0.693560
vt 0.946850 0.684840
vt 0.962002 0.684841
vt 0.520005 0.935112
vt 0.536751 0.935616
vt 0.520250 0.935616
vt 0.536752 0.936855
vt 0.521600 0.938093
vt 0.521600 0.937336
vt 0.521160 0.936856
vt 0.536751 0.938092
vt 0.536749 0.939009
vt 0.521597 0.939010
vt 0.166448 0.687722
vt 0.181600 0.687710
vt 0.166452 0.705562
vt 0.181604 0.707987
vt 0.166452 0.707999
vt 0.166448 0.721818
vt 0.181597 0.726052
vt 0.555450 0.558353
vt 0.540300 0.553689
vt 0.555452 0.553690
vt 0.555456 0.541409
vt 0.540306 0.533707
vt 0.555457 0.533708
vt 0.555459 0.523186
vt 0.540309 0.512521
vt 0.555460 0.512522
vt 0.555461 0.504528
vt 0.540309 0.491412
vt 0.555461 0.491413
vt 0.555460 0.486298
vt 0.540306 0.471654
vt 0.555458 0.471655
vt 0.555457 0.469341
vt 0.540301 0.454441
vt 0.555453 0.454442
vt 0.540300 0.450890
vt 0.555452 0.450661
vt 0.540301 0.446823
vt 0.555452 0.446362
vt 0.540302 0.443189
vt 0.555454 0.443191
vt 0.867706 0.451772
vt 0.867684 0.569373
vt 0.852554 0.451771
vt 0.803710 0.569368
vt 0.852556 0.442012
vt 0.803734 0.442008
vt 0.852555 0.448729
vt 0.867707 0.448731
vt 0.166448 0.684684
vt 0.181600 0.684672
vt 0.896322 0.201980
vt 0.926205 0.201979
vt 0.287991 0.797569
vt 0.302905 0.797320
vt 0.307484 0.792365
vt 0.307494 0.797302
vt 0.294420 0.785740
vt 0.307468 0.785716
vt 0.267479 0.802653
vt 0.282365 0.801932
vt 0.275931 0.804190
vt 0.282452 0.804132
vt 0.252658 0.804061
vt 0.253060 0.806869
vt 0.244616 0.807624
vt 0.267765 0.805929
vt 0.275929 0.805581
vt 0.926205 0.207061
vt 0.919684 0.207146
vt 0.926205 0.205747
vt 0.911267 0.207216
vt 0.896209 0.202882
vt 0.926205 0.203844
vt 0.895876 0.203845
vt 0.894639 0.205748
vt 0.894638 0.207264
vt 0.307498 0.800874
vt 0.307498 0.804024
vt 0.302923 0.800891
vt 0.290869 0.804078
vt 0.288060 0.801105
vt 0.305777 0.805613
vt 0.275894 0.805650
vt 0.305680 0.777458
vt 0.275797 0.777496
vt 0.163639 0.717923
vt 0.163639 0.747805
vt 0.165200 0.717922
vt 0.165200 0.747805
vt 0.166448 0.717922
vt 0.166448 0.747804
vt 0.275792 0.776411
vt 0.305675 0.776374
vt 0.055267 0.442000
vt 0.054744 0.438330
vt 0.054399 0.435905
vt 0.054102 0.436096
vt 0.055578 0.444186
vt 0.055765 0.445501
vt 0.056856 0.453157
vt 0.053256 0.434618
vt 0.052738 0.433966
vt 0.050224 0.432013
vt 0.231668 0.828601
vt 0.244368 0.832911
vt 0.231675 0.835356
vt 0.231684 0.842905
vt 0.307455 0.832832
vt 0.307481 0.853473
vt 0.307494 0.873683
vt 0.307494 0.892618
vt 0.275906 0.817126
vt 0.307471 0.817086
vt 0.307454 0.825610
vt 0.243854 0.825690
vt 0.244384 0.823261
vt 0.244513 0.821815
vt 0.244347 0.808486
vt 0.244541 0.820945
vt 0.244282 0.815881
vt 0.244043 0.810818
vt 0.243568 0.827441
vt 0.307451 0.828871
vt 0.243582 0.828953
vt 0.243654 0.829741
vt 0.306853 0.809517
vt 0.307472 0.810645
vt 0.275904 0.809509
vt 0.275908 0.813679
vt 0.306047 0.807438
vt 0.307474 0.813639
vt 0.616105 0.895399
vt 0.627411 0.895400
vt 0.609545 0.757790
vt 0.609548 0.768598
vt 0.609551 0.779154
vt 0.609555 0.789366
vt 0.609560 0.799140
vt 0.592799 0.795086
vt 0.592796 0.788633
vt 0.609582 0.831991
vt 0.592824 0.830769
vt 0.609575 0.824901
vt 0.592818 0.824759
vt 0.609570 0.817001
vt 0.592812 0.818142
vt 0.609564 0.808382
vt 0.592807 0.810946
vt 0.592803 0.803257
vt 0.629735 0.832894
vt 0.629731 0.826949
vt 0.629726 0.820416
vt 0.629718 0.806039
vt 0.629715 0.799763
vt 0.629711 0.790527
vt 0.629705 0.774595
vt 0.629702 0.766401
vt 0.629700 0.758074
vt 0.294199 0.729568
vt 0.307248 0.729473
vt 0.307305 0.740643
vt 0.294257 0.740727
vt 0.294311 0.753247
vt 0.307359 0.753177
vt 0.307412 0.767358
vt 0.294363 0.767410
vt 0.294409 0.781754
vt 0.307457 0.781723
vt 0.609535 0.543535
vt 0.609535 0.518169
vt 0.629699 0.543274
vt 0.629699 0.517908
vt 0.869410 0.660129
vt 0.882460 0.660186
vt 0.641908 0.440836
vt 0.641905 0.456422
vt 0.654956 0.456374
vt 0.654954 0.474138
vt 0.641904 0.474177
vt 0.654953 0.491758
vt 0.641902 0.491789
vt 0.654958 0.440779
vt 0.609532 0.692671
vt 0.609542 0.746823
vt 0.609539 0.735785
vt 0.609537 0.724763
vt 0.609535 0.713846
vt 0.629692 0.672690
vt 0.609530 0.672962
vt 0.629692 0.695273
vt 0.629698 0.750363
vt 0.629696 0.733823
vt 0.629695 0.724800
vt 0.629694 0.715391
vt 0.629693 0.713808
vt 0.641900 0.758148
vt 0.654950 0.758172
vt 0.654952 0.766522
vt 0.641903 0.766493
vt 0.641905 0.774704
vt 0.641911 0.790671
vt 0.654954 0.774739
vt 0.654960 0.790718
vt 0.654967 0.806276
vt 0.641918 0.806217
vt 0.654975 0.820696
vt 0.641926 0.820627
vt 0.654979 0.827248
vt 0.641931 0.827174
vt 0.654984 0.833211
vt 0.641935 0.833132
vt 0.609533 0.607279
vt 0.629697 0.606909
vt 0.609534 0.590873
vt 0.609534 0.574318
vt 0.629698 0.590527
vt 0.629699 0.574003
vt 0.654953 0.517814
vt 0.654953 0.543180
vt 0.609530 0.655174
vt 0.629693 0.654836
vt 0.609531 0.638799
vt 0.629694 0.638426
vt 0.641894 0.672617
vt 0.654944 0.672592
vt 0.654944 0.695217
vt 0.641894 0.695232
vt 0.641894 0.715383
vt 0.654944 0.715380
vt 0.654946 0.733857
vt 0.641896 0.733849
vt 0.654948 0.750440
vt 0.641899 0.750421
vt 0.654952 0.573891
vt 0.654952 0.590404
vt 0.654950 0.606777
vt 0.654947 0.638293
vt 0.654946 0.654714
vt 0.928383 0.193181
vt 0.932157 0.191003
vt 0.934335 0.199134
vt 0.936514 0.191003
vt 0.940288 0.193181
vt 0.928383 0.205086
vt 0.926205 0.201312
vt 0.926205 0.196955
vt 0.940288 0.205086
vt 0.936514 0.207264
vt 0.932157 0.207264
vt 0.942466 0.196955
vt 0.942466 0.201312
vt 0.953829 0.456268
vt 0.953829 0.481521
vt 0.950667 0.456267
vt 0.950667 0.481520
vt 0.946430 0.456267
vt 0.946430 0.481520
vt 0.942253 0.456267
vt 0.942253 0.481520
vt 0.791642 0.732552
vt 0.791642 0.757804
vt 0.787597 0.732554
vt 0.787597 0.757807
vt 0.783284 0.732553
vt 0.783284 0.757806
vt 0.923591 0.388201
vt 0.923591 0.413454
vt 0.919755 0.388200
vt 0.919755 0.413453
vt 0.915400 0.388200
vt 0.915400 0.413453
vt 0.911692 0.388201
vt 0.911692 0.413454
vt 0.090271 0.873363
vt 0.090271 0.898615
vt 0.087470 0.873372
vt 0.087470 0.898625
vt 0.083376 0.873376
vt 0.083376 0.898629
vt 0.079085 0.873374
vt 0.079085 0.898627
vt 0.075747 0.873366
vt 0.075747 0.898619
vt 0.944645 0.193181
vt 0.948418 0.191003
vt 0.950597 0.199134
vt 0.952776 0.191003
vt 0.956549 0.193181
vt 0.944645 0.205086
vt 0.942466 0.201312
vt 0.942466 0.196955
vt 0.956549 0.205086
vt 0.952776 0.207264
vt 0.948418 0.207264
vt 0.958728 0.196955
vt 0.958728 0.201312
vt 0.793341 0.811532
vt 0.793341 0.836784
vt 0.790179 0.811530
vt 0.790179 0.836783
vt 0.785942 0.811530
vt 0.785942 0.836783
vt 0.781765 0.811530
vt 0.781765 0.836783
vt 0.165057 0.776425
vt 0.165057 0.801677
vt 0.161011 0.776428
vt 0.161011 0.801681
vt 0.156699 0.776427
vt 0.156699 0.801679
vt 0.087646 0.927250
vt 0.087646 0.952503
vt 0.083809 0.927249
vt 0.083809 0.952502
vt 0.079454 0.927249
vt 0.079454 0.952502
vt 0.075747 0.927250
vt 0.075747 0.952503
vt 0.090271 0.819476
vt 0.090271 0.844729
vt 0.087470 0.819486
vt 0.087470 0.844739
vt 0.083376 0.819490
vt 0.083376 0.844743
vt 0.079085 0.819488
vt 0.079085 0.844741
vt 0.075747 0.819480
vt 0.075747 0.844733
vt 0.176130 0.982596
vt 0.221585 0.982569
vt 0.176144 1.000000
vt 0.221599 0.999973
vt 0.971615 0.382156
vt 0.971615 0.427611
vt 0.953871 0.382188
vt 0.953871 0.427643
vt 0.964145 0.790872
vt 0.964145 0.836327
vt 0.953396 0.836326
vt 0.953396 0.790871
vt 0.943435 0.836334
vt 0.943435 0.790879
vt 0.352270 0.930994
vt 0.352270 0.976449
vt 0.342188 0.976451
vt 0.342188 0.930996
vt 0.331463 0.976451
vt 0.331463 0.930996
vt 0.322179 0.976448
vt 0.322179 0.930993
vt 0.316143 0.976445
vt 0.316143 0.930990
vt 0.316143 0.931010
vt 0.316143 0.976465
vt 0.307024 0.976448
vt 0.307024 0.930994
vt 0.296330 0.976445
vt 0.296330 0.930990
vt 0.286141 0.976455
vt 0.286141 0.931000
vt 0.278439 0.976476
vt 0.278439 0.931022
vt 0.166777 0.801681
vt 0.166777 0.847136
vt 0.158763 0.847139
vt 0.158763 0.801684
vt 0.968120 0.259593
vt 0.975661 0.253142
vt 0.972674 0.264580
vt 0.981748 0.261105
vt 0.974126 0.271176
vt 0.983817 0.270913
vt 0.972084 0.277613
vt 0.981466 0.280657
vt 0.967098 0.282168
vt 0.975152 0.288442
vt 0.966103 0.292754
vt 0.960502 0.283619
vt 0.956080 0.292754
vt 0.954064 0.281578
vt 0.947031 0.288442
vt 0.949509 0.276592
vt 0.940717 0.280657
vt 0.948058 0.269996
vt 0.938367 0.270913
vt 0.950099 0.263558
vt 0.940436 0.261105
vt 0.955086 0.259003
vt 0.966890 0.207264
vt 0.949213 0.220124
vt 0.955293 0.207264
vt 0.946578 0.216665
vt 0.944841 0.212290
vt 0.942734 0.214633
vt 0.941480 0.214372
vt 0.975605 0.216665
vt 0.979450 0.214633
vt 0.977342 0.212290
vt 0.980703 0.214372
vt 0.972970 0.220124
vt 0.972034 0.224371
vt 0.961682 0.257552
vt 0.972035 0.245389
vt 0.972986 0.249668
vt 0.946523 0.253142
vt 0.949198 0.249668
vt 0.950149 0.245389
vt 0.950149 0.224371
vt 0.956051 0.752152
vt 0.956051 0.720165
vt 0.961230 0.752153
vt 0.961230 0.720167
vt 0.954492 0.461314
vt 0.954492 0.429328
vt 0.960314 0.461316
vt 0.960314 0.429329
vt 0.965776 0.461312
vt 0.965776 0.429325
vt 0.128292 0.963621
vt 0.128292 0.931634
vt 0.133932 0.963620
vt 0.133932 0.931633
vt 0.139652 0.963620
vt 0.139652 0.931634
vt 0.143919 0.963622
vt 0.143919 0.931635
vt 0.767330 0.956057
vt 0.767330 0.924071
vt 0.771837 0.956068
vt 0.771837 0.924082
vt 0.777630 0.956071
vt 0.777630 0.924084
vt 0.783157 0.956065
vt 0.783157 0.924079
vt 0.786938 0.956053
vt 0.786938 0.924066
vt 0.945166 0.752154
vt 0.945166 0.720167
vt 0.950171 0.752152
vt 0.950171 0.720165
vt 0.025442 0.956454
vt 0.047049 0.951719
vt 0.025643 0.959449
vt 0.047587 0.959758
vt 0.528668 0.960894
vt 0.525215 0.960895
vt 0.529820 0.939019
vt 0.521842 0.960895
vt 0.520764 0.939020
vt 0.520771 0.960894
vt 0.518713 0.960893
vt 0.535358 0.960889
vt 0.532097 0.960892
vt 0.529828 0.960894
vt 0.511206 0.458733
vt 0.533084 0.464381
vt 0.511211 0.467506
vt 0.533085 0.467506
vt 0.538316 0.939010
vt 0.538316 0.960884
vt 0.533080 0.454145
vt 0.533079 0.450871
vt 0.511204 0.449836
vt 0.533081 0.457573
vt 0.533081 0.458725
vt 0.511204 0.443197
vt 0.533079 0.445292
vt 0.533079 0.449828
vt 0.707325 0.940812
vt 0.707326 0.939738
vt 0.729201 0.939738
vt 0.707336 0.934996
vt 0.729218 0.932728
vt 0.707343 0.932728
vt 0.533079 0.443189
vt 0.729197 0.948750
vt 0.707322 0.947599
vt 0.707322 0.944148
vt 0.729206 0.957348
vt 0.707331 0.957355
vt 0.707326 0.954329
vt 0.707322 0.948750
vt 0.024141 0.937117
vt 0.024085 0.936293
vt 0.045911 0.934826
vt 0.023986 0.934826
vt 0.729226 0.963229
vt 0.707345 0.962119
vt 0.707337 0.959979
vt 0.024326 0.939860
vt 0.046435 0.942594
vt 0.024536 0.942973
vt 0.025223 0.953186
vt 0.024993 0.949763
vt 0.024610 0.944061
vt 0.397336 0.936196
vt 0.395702 0.930098
vt 0.403219 0.936196
vt 0.404853 0.930098
vt 0.408313 0.939137
vt 0.412777 0.934673
vt 0.411254 0.944231
vt 0.417352 0.942597
vt 0.411254 0.950113
vt 0.417352 0.951747
vt 0.408313 0.955208
vt 0.412777 0.959672
vt 0.403219 0.958149
vt 0.404853 0.964247
vt 0.397336 0.958149
vt 0.395702 0.964247
vt 0.392242 0.955208
vt 0.387778 0.959672
vt 0.389301 0.950113
vt 0.383203 0.951747
vt 0.389301 0.944231
vt 0.383203 0.942597
vt 0.392242 0.939137
vt 0.387778 0.934673
vt 0.552955 0.881583
vt 0.559989 0.878265
vt 0.560140 0.896808
vt 0.569203 0.892533
vt 0.562018 0.877308
vt 0.565448 0.875692
vt 0.575085 0.889761
vt 0.958305 0.949827
vt 0.954732 0.966279
vt 0.950824 0.948191
vt 0.945115 0.964172
vt 0.948688 0.947721
vt 0.945115 0.946932
vt 0.973946 0.588595
vt 0.941539 0.588675
vt 0.973944 0.591949
vt 0.941536 0.592028
vt 0.548416 0.883724
vt 0.555049 0.900345
vt 0.554265 0.900698
vt 0.553598 0.900810
vt 0.556877 0.898347
vt 0.958209 0.967039
vt 0.963131 0.950884
vt 0.578861 0.787508
vt 0.575183 0.803936
vt 0.575183 0.786672
vt 0.157604 0.970059
vt 0.963185 0.968135
vt 0.963107 0.968184
vt 0.963030 0.968231
vt 0.962872 0.968321
vt 0.962547 0.968478
vt 0.961862 0.968689
vt 0.960384 0.968569
vt 0.156035 0.801685
vt 0.156035 0.847140
vt 0.974201 0.382149
vt 0.974201 0.427604
vt 0.971187 0.790870
vt 0.971187 0.836325
vt 0.967792 0.790873
vt 0.967792 0.836328
vt 0.176124 0.972412
vt 0.221579 0.974173
vt 0.176124 0.974199
vt 0.176125 0.975610
vt 0.221582 0.978451
vt 0.176127 0.978478
vt 0.176127 0.979228
vt 0.942253 0.382181
vt 0.943708 0.382186
vt 0.942253 0.427636
vt 0.945461 0.427644
vt 0.945461 0.382190
vt 0.946855 0.382191
vt 0.949713 0.427647
vt 0.950465 0.382192
vt 0.949713 0.382192
vt 0.575130 0.680228
vt 0.575130 0.648662
vt 0.576092 0.680076
vt 0.577095 0.648660
vt 0.579204 0.678543
vt 0.578768 0.678543
vt 0.577095 0.679669
vt 0.579204 0.648660
vt 0.156035 0.747804
vt 0.156035 0.717921
vt 0.927327 0.070436
vt 0.852556 0.441274
vt 0.803734 0.441269
vt 0.851442 0.439255
vt 0.802620 0.439250
vt 0.976149 0.070436
vt 0.803710 0.570119
vt 0.867683 0.572323
vt 0.802595 0.572317
vt 0.767330 0.922400
vt 0.936536 0.937725
vt 0.871051 0.936189
vt 0.936061 0.936194
vt 0.935026 0.934307
vt 0.935027 0.933308
vt 0.871054 0.933304
vt 0.783815 0.922403
vt 0.783815 0.858429
vt 0.543518 0.712659
vt 0.543518 0.648686
vt 0.547080 0.712661
vt 0.547080 0.648688
vt 0.383203 0.468512
vt 0.337522 0.463214
vt 0.379975 0.466562
vt 0.380932 0.466751
vt 0.381820 0.467155
vt 0.314270 0.459089
vt 0.292246 0.450563
vt 0.894620 0.120263
vt 0.894619 0.096328
vt 0.272278 0.437955
vt 0.255110 0.421738
vt 0.241388 0.402518
vt 0.231623 0.381015
vt 0.226183 0.358034
vt 0.225269 0.334436
vt 0.228917 0.311104
vt 0.236991 0.288911
vt 0.249187 0.268688
vt 0.265049 0.251192
vt 0.266428 0.248041
vt 0.266075 0.249764
vt 0.266382 0.242697
vt 0.262629 0.232244
vt 0.265392 0.237152
vt 0.262350 0.199744
vt 0.258199 0.207423
vt 0.257415 0.210239
vt 0.256812 0.216043
vt 0.258346 0.224637
vt 0.257514 0.221836
vt 0.265924 0.189228
vt 0.265029 0.194789
vt 0.265174 0.101737
vt 0.265112 0.094505
vt 0.379587 0.025324
vt 0.362879 0.019487
vt 0.362116 0.019317
vt 0.343732 0.017479
vt 0.342933 0.017496
vt 0.325418 0.019910
vt 0.323118 0.020528
vt 0.166736 0.766252
vt 0.165057 0.763444
vt 0.166736 0.747805
vt 0.175096 0.629566
vt 0.175495 0.613463
vt 0.177173 0.613334
vt 0.175096 0.609521
vt 0.538316 0.874246
vt 0.538316 0.855386
vt 0.171857 0.587634
vt 0.170262 0.587095
vt 0.171857 0.581786
vt 0.576863 0.786672
vt 0.575183 0.781441
vt 0.576863 0.768405
vt 0.788641 0.456318
vt 0.789219 0.443372
vt 0.790901 0.443310
vt 0.788641 0.436273
vt 0.793554 0.630112
vt 0.791874 0.624195
vt 0.793554 0.613413
vt 0.786437 0.501755
vt 0.787056 0.490391
vt 0.788740 0.490362
vt 0.786437 0.481710
vt 0.460627 0.815238
vt 0.458948 0.809286
vt 0.460627 0.800999
vt 0.268351 0.074723
vt 0.266148 0.084276
vt 0.383203 0.022965
vt 0.382918 0.024213
vt 0.382059 0.025161
vt 0.380844 0.025566
vt 0.945166 0.676401
vt 0.945166 0.684708
vt 0.375156 0.007084
vt 0.380942 0.014132
vt 0.332312 0.001472
vt 0.349697 0.000747
vt 0.366932 0.003145
vt 0.149423 0.946785
vt 0.156911 0.946784
vt 0.325148 0.001190
vt 0.322921 0.000584
vt 0.987599 0.215951
vt 0.987719 0.215953
vt 0.987409 0.215953
vt 0.987479 0.215949
vt 0.987237 0.215943
vt 0.987096 0.215953
vt 0.986746 0.215918
vt 0.986461 0.215953
vt 0.985732 0.215822
vt 0.985152 0.215953
vt 0.983624 0.215420
vt 0.983535 0.215954
vt 0.982136 0.215954
vt 0.979897 0.216257
vt 0.174441 0.975158
vt 0.563037 0.578457
vt 0.563037 0.576098
vt 0.564109 0.577159
vt 0.174443 0.979499
vt 0.973718 0.224371
vt 0.974498 0.220832
vt 0.974846 0.220162
vt 0.973718 0.245390
vt 0.963683 0.789192
vt 0.968060 0.789192
vt 0.974511 0.248956
vt 0.936488 0.215953
vt 0.934464 0.215953
vt 0.936458 0.215822
vt 0.938648 0.215954
vt 0.948465 0.224371
vt 0.947685 0.220832
vt 0.947338 0.220162
vt 0.950687 0.380513
vt 0.946354 0.380512
vt 0.937403 0.215675
vt 0.938560 0.215420
vt 0.940048 0.215954
vt 0.942286 0.216257
vt 0.944257 0.217081
vt 0.179705 0.729390
vt 0.179705 0.726052
vt 0.181604 0.729315
vt 0.568013 0.578457
vt 0.568013 0.576098
vt 0.569085 0.577396
vt 0.953675 0.789191
vt 0.983278 0.260404
vt 0.985500 0.270938
vt 0.982975 0.281403
vt 0.341960 0.929312
vt 0.331974 0.929311
vt 0.976194 0.289765
vt 0.966475 0.294396
vt 0.955709 0.294396
vt 0.945990 0.289765
vt 0.306465 0.929315
vt 0.296509 0.929311
vt 0.939208 0.281403
vt 0.936683 0.270938
vt 0.938906 0.260404
vt 0.945444 0.251850
vt 0.948465 0.245390
vt 0.947673 0.248956
vt 0.926216 0.068830
vt 0.926205 0.086326
vt 0.211112 0.780866
vt 0.218021 0.795440
vt 0.209848 0.780667
vt 0.788279 0.594634
vt 0.539336 0.461774
vt 0.538994 0.462903
vt 0.539091 0.461198
vt 0.538994 0.460540
vt 0.179331 0.664583
vt 0.178705 0.675432
vt 0.177022 0.675449
vt 0.179331 0.684628
vt 0.791889 0.593609
vt 0.793570 0.601012
vt 0.791889 0.610067
vt 0.789638 0.659099
vt 0.789635 0.678301
vt 0.181645 0.664583
vt 0.181014 0.674344
vt 0.179331 0.674339
vt 0.181645 0.684628
vt 0.792127 0.543882
vt 0.790443 0.533698
vt 0.792127 0.525813
vt 0.788739 0.473064
vt 0.786437 0.481710
vt 0.787056 0.473035
vt 0.786437 0.461665
vt 0.789639 0.639846
vt 0.224199 0.838977
vt 0.224830 0.832483
vt 0.789638 0.621624
vt 0.224438 0.818934
vt 0.223637 0.813555
vt 0.789634 0.605457
vt 0.219684 0.799460
vt 0.944501 0.880089
vt 0.943700 0.878084
vt 0.943435 0.875989
vt 0.943435 0.840542
vt 0.943755 0.838932
vt 0.944667 0.837566
vt 0.946033 0.836654
vt 0.163440 0.716238
vt 0.162457 0.716238
vt 0.951937 0.836334
vt 0.947643 0.836334
vt 0.953992 0.836870
vt 0.578586 0.646980
vt 0.577320 0.646980
vt 0.955524 0.838342
vt 0.956142 0.840374
vt 0.961080 0.867777
vt 0.957662 0.854246
vt 0.956542 0.846178
vt 0.514014 0.420395
vt 0.513372 0.424072
vt 0.511204 0.427110
vt 0.546947 0.647007
vt 0.551380 0.647006
vt 0.513488 0.410094
vt 0.513918 0.406977
vt 0.515462 0.404236
vt 0.869371 0.936560
vt 0.869370 0.939075
vt 0.869370 0.957722
vt 0.531322 0.393165
vt 0.532902 0.391807
vt 0.545136 0.378229
vt 0.553967 0.362227
vt 0.554516 0.360854
vt 0.558934 0.344638
vt 0.559390 0.341410
vt 0.792127 0.525813
vt 0.790443 0.522130
vt 0.792127 0.507900
vt 0.790440 0.589003
vt 0.790914 0.573976
vt 0.792594 0.573871
vt 0.790440 0.568958
vt 0.869368 0.628449
vt 0.869370 0.609816
vt 0.173474 0.588880
vt 0.171857 0.588412
vt 0.173474 0.581786
vt 0.543518 0.769469
vt 0.541834 0.762783
vt 0.543518 0.751089
vt 0.538208 0.277012
vt 0.544422 0.284469
vt 0.791642 0.730749
vt 0.793327 0.721205
vt 0.793327 0.738371
vt 0.787014 0.757807
vt 0.789314 0.766354
vt 0.787631 0.766385
vt 0.787014 0.777852
vt 0.536592 0.274543
vt 0.869368 0.572046
vt 0.869368 0.569686
vt 0.529832 0.152138
vt 0.535928 0.271669
vt 0.530306 0.148893
vt 0.531984 0.146075
vt 0.542908 0.130948
vt 0.544193 0.128608
vt 0.791878 0.650689
vt 0.793559 0.652461
vt 0.791878 0.667261
vt 0.181645 0.643271
vt 0.181152 0.659265
vt 0.179472 0.659368
vt 0.181645 0.664583
vt 0.793327 0.721205
vt 0.791642 0.715676
vt 0.793327 0.703932
vt 0.177174 0.664583
vt 0.177790 0.651257
vt 0.179472 0.651205
vt 0.177174 0.643271
vt 0.543519 0.751089
vt 0.541835 0.742851
vt 0.543519 0.732512
vt 0.462271 0.826050
vt 0.460627 0.815501
vt 0.462271 0.815140
vt 0.557143 0.523369
vt 0.557145 0.504348
vt 0.551516 0.066390
vt 0.549159 0.058736
vt 0.557144 0.485764
vt 0.543697 0.046565
vt 0.540998 0.041957
vt 0.515008 0.015481
vt 0.529436 0.027312
vt 0.531277 0.029247
vt 0.557142 0.468478
vt 0.517282 0.000312
vt 0.516480 0.000021
vt 0.515719 -0.000000
vt 0.515312 0.000085
vt 0.514939 0.000229
vt 0.514338 0.000630
vt 0.513904 0.001140
vt 0.513780 0.001356
vt 0.512120 0.004603
vt 0.168885 0.586756
vt 0.167728 0.583538
vt 0.168885 0.581786
vt 0.511204 0.008089
vt 0.557137 0.446826
vt 0.557137 0.450265
vt 0.512130 0.012287
vt 0.539920 0.457485
vt 0.539216 0.460350
vt 0.539216 0.449972
vt 0.520969 0.771316
vt 0.524347 0.769441
vt 0.523039 0.770389
vt 0.538316 0.641129
vt 0.539293 0.818399
vt 0.540977 0.812657
vt 0.540977 0.825857
vt 0.176236 0.594611
vt 0.175157 0.588796
vt 0.176236 0.581786
vt 0.790418 0.557536
vt 0.788146 0.564946
vt 0.788736 0.557482
vt 0.788146 0.544901
vt 0.178844 0.539160
vt 0.180524 0.533577
vt 0.180524 0.550591
vt 0.788174 0.543882
vt 0.788761 0.536506
vt 0.790443 0.536561
vt 0.788174 0.523837
vt 0.091950 0.820697
vt 0.090271 0.811222
vt 0.091950 0.806991
vt 0.790440 0.516606
vt 0.788174 0.523837
vt 0.788758 0.516549
vt 0.788174 0.503792
vt 0.180599 0.547290
vt 0.182280 0.540169
vt 0.182280 0.560478
vt 0.788177 0.589003
vt 0.788758 0.581802
vt 0.790440 0.581861
vt 0.788177 0.568958
vt 0.176776 0.668362
vt 0.175096 0.655663
vt 0.176776 0.649101
vt 0.791000 0.494702
vt 0.788740 0.501755
vt 0.789317 0.494642
vt 0.788740 0.481710
vt 0.575184 0.738242
vt 0.576864 0.731338
vt 0.576864 0.749961
vt 0.788740 0.481710
vt 0.789314 0.474684
vt 0.790997 0.474747
vt 0.788740 0.461665
vt 0.182279 0.600713
vt 0.180599 0.587855
vt 0.182279 0.580621
vt 0.791568 0.770979
vt 0.789314 0.777852
vt 0.789885 0.770914
vt 0.789314 0.757807
vt 0.403977 0.703878
vt 0.789639 0.610067
vt 0.790207 0.603216
vt 0.791889 0.603282
vt 0.789639 0.590021
vt 0.543510 0.812877
vt 0.541830 0.803048
vt 0.543510 0.796883
vt 0.405640 0.683902
vt 0.404517 0.690595
vt 0.793327 0.752725
vt 0.791642 0.757807
vt 0.791642 0.740561
vt 0.404542 0.710553
vt 0.407333 0.723640
vt 0.577177 0.803936
vt 0.578861 0.814090
vt 0.577177 0.817958
vt 0.789639 0.690402
vt 0.791878 0.683887
vt 0.791322 0.690475
vt 0.791878 0.703932
vt 0.156037 0.549932
vt 0.156035 0.529592
vt 0.791874 0.610066
vt 0.791321 0.616567
vt 0.789639 0.616493
vt 0.791874 0.630112
vt 0.541834 0.637412
vt 0.543518 0.650849
vt 0.541834 0.656809
vt 0.789639 0.636448
vt 0.791870 0.630112
vt 0.791321 0.636524
vt 0.791870 0.650157
vt 0.576871 0.762165
vt 0.575187 0.768405
vt 0.575187 0.749961
vt 0.575529 0.803936
vt 0.577177 0.804281
vt 0.575529 0.817913
vt 0.541834 0.617396
vt 0.543518 0.630866
vt 0.541834 0.637412
vt 0.789639 0.669999
vt 0.791862 0.663842
vt 0.791321 0.670079
vt 0.791862 0.683887
vt 0.792636 0.544901
vt 0.792100 0.551051
vt 0.790418 0.550969
vt 0.792636 0.564946
vt 0.791000 0.481710
vt 0.792681 0.494622
vt 0.791000 0.499567
vt 0.502185 0.778316
vt 0.508052 0.776698
vt 0.521979 0.771513
vt 0.793063 0.481710
vt 0.792230 0.478880
vt 0.793063 0.464126
vt 0.791000 0.477056
vt 0.791320 0.650747
vt 0.789639 0.663842
vt 0.789639 0.650229
vt 0.383203 0.467913
vt 0.385925 0.480470
vt 0.387643 0.485531
vt 0.166137 0.505804
vt 0.394091 0.498777
vt 0.396590 0.502642
vt 0.166136 0.524393
vt 0.786437 0.460567
vt 0.786437 0.456318
vt 0.787966 0.459863
vt 0.166138 0.544015
vt 0.425260 0.528091
vt 0.166141 0.563525
vt 0.441012 0.534341
vt 0.443312 0.534944
vt 0.166145 0.581786
vt 0.460844 0.537255
vt 0.462480 0.537272
vt 0.480777 0.535146
vt 0.481647 0.534937
vt 0.499696 0.528075
vt 0.975038 0.035564
vt 0.975041 0.055217
vt 0.182839 0.478330
vt 0.182283 0.476741
vt 0.182839 0.476545
vt 0.383203 0.478694
vt 0.369694 0.501908
vt 0.382680 0.479408
vt 0.382020 0.479996
vt 0.380408 0.480701
vt 0.366492 0.505876
vt 0.362248 0.508703
vt 0.176988 0.668362
vt 0.176988 0.684639
vt 0.176755 0.683559
vt 0.176288 0.682633
vt 0.175096 0.681455
vt 0.540977 0.800115
vt 0.539293 0.812657
vt 0.539293 0.796883
vt 0.343737 0.519872
vt 0.328026 0.534724
vt 0.315836 0.552579
vt 0.315203 0.553781
vt 0.307725 0.572620
vt 0.307245 0.574366
vt 0.304065 0.593927
vt 0.303948 0.596188
vt 0.542623 0.558353
vt 0.544307 0.561163
vt 0.542623 0.578561
vt 0.540300 0.518458
vt 0.540040 0.537824
vt 0.538362 0.537963
vt 0.540300 0.540528
vt 0.180599 0.476545
vt 0.182283 0.479645
vt 0.180599 0.498130
vt 0.538780 0.445437
vt 0.538483 0.464352
vt 0.536804 0.464483
vt 0.538780 0.467506
vt 0.121932 0.863977
vt 0.121934 0.885950
vt 0.787014 0.777852
vt 0.788530 0.778585
vt 0.787014 0.781874
vt 0.180599 0.498130
vt 0.182283 0.501489
vt 0.180599 0.519485
vt 0.534761 0.463564
vt 0.536804 0.445437
vt 0.536441 0.463449
vt 0.536804 0.467506
vt 0.953829 0.427647
vt 0.960513 0.427649
vt 0.951004 0.275817
vt 0.949740 0.270072
vt 0.951518 0.264465
vt 0.133887 0.929949
vt 0.140455 0.929950
vt 0.955861 0.260498
vt 0.961606 0.259234
vt 0.967213 0.261012
vt 0.771125 0.922403
vt 0.777776 0.922406
vt 0.971180 0.265355
vt 0.972444 0.271100
vt 0.970666 0.276707
vt 0.966323 0.280674
vt 0.949687 0.718481
vt 0.956438 0.718481
vt 0.960578 0.281938
vt 0.954971 0.280160
vt 0.782621 0.730873
vt 0.787796 0.730874
vt 0.249147 0.244626
vt 0.244900 0.245599
vt 0.240735 0.244318
vt 0.946386 0.454583
vt 0.951470 0.454583
vt 0.237769 0.241126
vt 0.236796 0.236878
vt 0.238078 0.232714
vt 0.078373 0.871695
vt 0.083523 0.871698
vt 0.241269 0.229748
vt 0.245517 0.228775
vt 0.249681 0.230056
vt 0.252647 0.233248
vt 0.914916 0.386516
vt 0.920142 0.386516
vt 0.253620 0.237495
vt 0.252339 0.241660
vt 0.156035 0.774746
vt 0.161210 0.774747
vt 0.252526 0.147791
vt 0.248279 0.148764
vt 0.244114 0.147483
vt 0.785898 0.809846
vt 0.790983 0.809846
vt 0.241148 0.144291
vt 0.240175 0.140044
vt 0.241456 0.135879
vt 0.078373 0.817809
vt 0.083523 0.817812
vt 0.244648 0.132913
vt 0.248896 0.131940
vt 0.253060 0.133221
vt 0.256026 0.136413
vt 0.078970 0.925565
vt 0.084197 0.925565
vt 0.256999 0.140661
vt 0.255718 0.144825
vt 0.114721 0.199825
vt 0.139775 0.215205
vt 0.139299 0.211757
vt 0.137069 0.206464
vt 0.136414 0.205497
vt 0.134115 0.202907
vt 0.705635 0.942349
vt 0.705633 0.948441
vt 0.131356 0.200817
vt 0.705635 0.951412
vt 0.130355 0.200247
vt 0.124891 0.198426
vt 0.121423 0.198220
vt 0.117998 0.198691
vt 0.532513 0.962579
vt 0.526476 0.962582
vt 0.107796 0.226255
vt 0.179705 0.728805
vt 0.177490 0.728705
vt 0.179705 0.726052
vt 0.135074 0.227900
vt 0.137169 0.225142
vt 0.132484 0.230196
vt 0.131530 0.230841
vt 0.167728 0.587973
vt 0.169411 0.586756
vt 0.169411 0.590553
vt 0.126221 0.233076
vt 0.122780 0.233547
vt 0.119328 0.233340
vt 0.115974 0.232461
vt 0.113866 0.231520
vt 0.112691 0.200925
vt 0.111727 0.201577
vt 0.109142 0.203872
vt 0.107043 0.206640
vt 0.022720 0.941048
vt 0.023064 0.946149
vt 0.106474 0.207639
vt 0.104653 0.213105
vt 0.577522 0.780672
vt 0.579204 0.781463
vt 0.577522 0.785281
vt 0.104447 0.216562
vt 0.104918 0.219992
vt 0.106053 0.223273
vt 0.107152 0.225303
vt 0.139565 0.218679
vt 0.137747 0.224128
vt 0.534761 0.446886
vt 0.765648 0.801294
vt 0.730714 0.801294
vt 0.765647 0.779136
vt 0.730714 0.779136
vt 0.765649 0.757307
vt 0.730715 0.757307
vt 0.765652 0.736858
vt 0.730719 0.736858
vt 0.765657 0.718776
vt 0.730724 0.718776
vt 0.765664 0.703932
vt 0.730730 0.703932
vt 0.942272 0.481605
vt 0.977205 0.481521
vt 0.942253 0.494983
vt 0.977186 0.494899
vt 0.942253 0.511899
vt 0.977186 0.511814
vt 0.942270 0.531536
vt 0.977203 0.531452
vt 0.779434 0.039477
vt 0.779665 0.041462
vt 0.767985 0.033430
vt 0.767848 0.043221
vt 0.766975 0.036835
vt 0.767523 0.034608
vt 0.766791 0.035842
vt 0.768355 0.031225
vt 0.776852 0.026630
vt 0.778073 0.031553
vt 0.780157 0.055321
vt 0.778570 0.070823
vt 0.768178 0.054665
vt 0.769461 0.070221
vt 0.767743 0.060988
vt 0.766756 0.070042
vt 0.768084 0.028812
vt 0.767926 0.028284
vt 0.775976 0.023694
vt 0.767347 0.026606
vt 0.773088 0.015950
vt 0.765831 0.022652
vt 0.771498 0.012478
vt 0.763598 0.017661
vt 0.768182 0.048352
vt 0.767488 0.048430
vt 0.767850 0.058097
vt 0.765634 0.037150
vt 0.476337 0.262510
vt 0.480566 0.259435
vt 0.490003 0.266972
vt 0.405910 0.006357
vt 0.384835 0.007828
vt 0.390967 0.003415
vt 0.478040 0.155825
vt 0.478588 0.161025
vt 0.474292 0.243103
vt 0.481662 0.165255
vt 0.486440 0.167380
vt 0.491447 0.249868
vt 0.489595 0.147426
vt 0.503008 0.068250
vt 0.506426 0.078503
vt 0.484395 0.147974
vt 0.480166 0.151048
vt 0.475949 0.140407
vt 0.498893 0.201883
vt 0.491640 0.166832
vt 0.504113 0.176609
vt 0.495869 0.163758
vt 0.508662 0.150314
vt 0.497994 0.158980
vt 0.497446 0.153781
vt 0.510633 0.132188
vt 0.494372 0.149551
vt 0.511204 0.113182
vt 0.509930 0.095771
vt 0.499480 0.060054
vt 0.483651 0.071360
vt 0.439671 0.007800
vt 0.446223 0.018007
vt 0.432020 0.006612
vt 0.426751 0.009813
vt 0.415393 0.002627
vt 0.398320 0.001684
vt 0.476661 0.138485
vt 0.483509 0.122586
vt 0.487028 0.105638
vt 0.487076 0.088328
vt 0.482691 0.254658
vt 0.482144 0.249458
vt 0.493586 0.232898
vt 0.479069 0.245229
vt 0.477578 0.056698
vt 0.478471 0.054035
vt 0.495324 0.052101
vt 0.478436 0.050164
vt 0.485499 0.037489
vt 0.476947 0.046589
vt 0.474050 0.024917
vt 0.463265 0.030492
vt 0.467701 0.019358
vt 0.174035 0.648562
vt 0.171045 0.665494
vt 0.162035 0.638015
vt 0.401571 0.462029
vt 0.385981 0.455052
vt 0.419092 0.453608
vt 0.408305 0.446401
vt 0.434847 0.443224
vt 0.428545 0.433613
vt 0.448317 0.431445
vt 0.445944 0.417167
vt 0.454280 0.424991
vt 0.447189 0.006383
vt 0.449890 0.007728
vt 0.460948 0.014324
vt 0.462060 0.208208
vt 0.466122 0.215903
vt 0.467598 0.225564
vt 0.465637 0.235138
vt 0.469092 0.243651
vt 0.460481 0.243440
vt 0.464863 0.246726
vt 0.453721 0.248918
vt 0.462737 0.251503
vt 0.451453 0.259990
vt 0.463285 0.256703
vt 0.392447 0.465309
vt 0.383203 0.467913
vt 0.162150 0.614073
vt 0.170548 0.593167
vt 0.173980 0.611761
vt 0.175054 0.630012
vt 0.459850 0.397678
vt 0.464050 0.411735
vt 0.459690 0.418167
vt 0.489090 0.300658
vt 0.488537 0.318179
vt 0.476169 0.328652
vt 0.487099 0.336911
vt 0.475251 0.352576
vt 0.483604 0.359974
vt 0.469742 0.375875
vt 0.478553 0.379729
vt 0.471951 0.397021
vt 0.162358 0.683477
vt 0.159032 0.684672
vt 0.164924 0.680986
vt 0.157375 0.683734
vt 0.167365 0.676505
vt 0.169871 0.669733
vt 0.471137 0.263058
vt 0.472463 0.304999
vt 0.466359 0.260932
vt 0.464272 0.282502
vt 0.451901 0.262004
vt 0.396760 0.843685
vt 0.383762 0.857521
vt 0.383203 0.856353
vt 0.384202 0.859580
vt 0.396761 0.857791
vt 0.384788 0.869244
vt 0.396764 0.871778
vt 0.384878 0.871013
vt 0.383203 0.851769
vt 0.383204 0.846513
vt 0.396763 0.830080
vt 0.383206 0.839031
vt 0.383214 0.822547
vt 0.396767 0.817249
vt 0.383209 0.830616
vt 0.383207 0.834212
vt 0.774739 0.505206
vt 0.775852 0.501755
vt 0.775472 0.505012
vt 0.774745 0.589938
vt 0.774455 0.588835
vt 0.781065 0.573314
vt 0.774455 0.506355
vt 0.776366 0.508168
vt 0.781065 0.521876
vt 0.783640 0.528147
vt 0.784567 0.538903
vt 0.785833 0.549296
vt 0.784567 0.556287
vt 0.782812 0.570343
vt 0.774760 0.590021
vt 0.703949 0.964509
vt 0.688797 0.964508
vt 0.688799 0.956514
vt 0.703950 0.956515
vt 0.688799 0.948410
vt 0.703951 0.948411
vt 0.945121 0.928899
vt 0.945116 0.908667
vt 0.958163 0.908656
vt 0.958167 0.921839
vt 0.958168 0.928888
vt 0.945115 0.946932
vt 0.958166 0.939603
vt 0.886206 0.525685
vt 0.873156 0.533485
vt 0.873159 0.525684
vt 0.886211 0.505759
vt 0.873162 0.515783
vt 0.873166 0.484626
vt 0.886214 0.484627
vt 0.873166 0.496504
vt 0.873164 0.505759
vt 0.871053 0.418309
vt 0.871054 0.415097
vt 0.886204 0.418310
vt 0.886205 0.415098
vt 0.875286 0.897573
vt 0.875291 0.904636
vt 0.869409 0.904638
vt 0.252541 0.986540
vt 0.255312 0.929311
vt 0.263228 0.986540
vt 0.263862 0.929682
vt 0.272033 0.986541
vt 0.268634 0.929765
vt 0.231678 0.986542
vt 0.231668 0.929313
vt 0.246928 0.986540
vt 0.243062 0.929312
vt 0.252532 0.929311
vt 0.932110 0.153951
vt 0.932107 0.159959
vt 0.926222 0.166034
vt 0.271190 0.929748
vt 0.272025 0.929730
vt 0.278192 0.986542
vt 0.278439 0.929313
vt 0.983433 0.186545
vt 0.926205 0.186278
vt 0.983445 0.174253
vt 0.926217 0.174250
vt 0.983448 0.171266
vt 0.983455 0.159962
vt 0.926222 0.167013
vt 0.926227 0.156758
vt 0.926228 0.153951
vt 0.932112 0.141470
vt 0.926230 0.144493
vt 0.932111 0.132892
vt 0.926205 0.093730
vt 0.932086 0.093731
vt 0.926222 0.112390
vt 0.926230 0.135943
vt 0.926230 0.132891
vt 0.932108 0.121976
vt 0.926228 0.124306
vt 0.932103 0.112390
vt 0.932097 0.103560
vt 0.875279 0.885751
vt 0.869397 0.885753
vt 0.875276 0.879262
vt 0.869394 0.878723
vt 0.875269 0.865141
vt 0.869388 0.865143
vt 0.875267 0.859805
vt 0.869384 0.856182
vt 0.869383 0.853667
vt 0.875261 0.844097
vt 0.869380 0.845417
vt 0.869379 0.844099
vt 0.869378 0.839555
vt 0.875260 0.840261
vt 0.869376 0.834149
vt 0.875255 0.823936
vt 0.869375 0.829725
vt 0.869374 0.823938
vt 0.869373 0.822276
vt 0.875252 0.805933
vt 0.869372 0.814782
vt 0.869374 0.825878
vt 0.875255 0.821694
vt 0.982278 0.294396
vt 0.982445 0.368460
vt 0.978558 0.294401
vt 0.967310 0.368475
vt 0.970749 0.294409
vt 0.946986 0.368476
vt 0.950475 0.294415
vt 0.953341 0.368479
vt 0.956574 0.294416
vt 0.963320 0.368477
vt 0.963153 0.294414
vt 0.963394 0.294414
vt 0.869371 0.806753
vt 0.869371 0.805924
vt 0.943435 0.805906
vt 0.869370 0.797930
vt 0.943434 0.793734
vt 0.869371 0.791183
vt 0.943435 0.791153
vt 0.869371 0.789191
vt 0.934464 0.368455
vt 0.936011 0.294396
vt 0.941589 0.368470
vt 0.944980 0.294411
vt 0.946819 0.294412
vt 0.765658 0.825771
vt 0.766201 0.832030
vt 0.757048 0.814836
vt 0.757048 0.832028
vt 0.744315 0.813512
vt 0.744315 0.829638
vt 0.735630 0.823363
vt 0.735102 0.829639
vt 0.735022 0.829639
vt 0.735013 0.829728
vt 0.876938 0.858313
vt 0.911451 0.858299
vt 0.911456 0.868425
vt 0.876944 0.868438
vt 0.911460 0.879255
vt 0.876948 0.879269
vt 0.911462 0.888646
vt 0.876950 0.888660
vt 0.911461 0.894737
vt 0.876949 0.894751
vt 0.128272 0.976613
vt 0.093760 0.976613
vt 0.093777 0.967387
vt 0.128288 0.967387
vt 0.093780 0.956586
vt 0.128292 0.956586
vt 0.093769 0.946349
vt 0.128281 0.946348
vt 0.093750 0.935758
vt 0.128262 0.935758
vt 0.911448 0.854881
vt 0.876936 0.854895
vt 0.876930 0.837361
vt 0.911442 0.837347
vt 0.911443 0.840778
vt 0.876930 0.840866
vt 0.911444 0.845357
vt 0.876932 0.845429
vt 0.911446 0.850312
vt 0.876934 0.850355
vt 0.093754 0.929949
vt 0.128266 0.929949
vt 0.093750 0.931059
vt 0.128262 0.931553
vt 0.093750 0.931553
vt 0.093748 0.932566
vt 0.128260 0.933679
vt 0.093748 0.933679
vt 0.093748 0.934217
vt 0.775541 0.268753
vt 0.777902 0.267881
vt 0.779792 0.278905
vt 0.780823 0.288658
vt 0.781076 0.290330
vt 0.781184 0.291685
vt 0.853750 0.408297
vt 0.843130 0.419786
vt 0.836811 0.396919
vt 0.826290 0.407849
vt 0.823036 0.381864
vt 0.812229 0.392739
vt 0.813203 0.363984
vt 0.846044 0.422523
vt 0.857122 0.420309
vt 0.847367 0.426296
vt 0.857891 0.424721
vt 0.848632 0.439250
vt 0.860493 0.428368
vt 0.539293 0.779258
vt 0.543510 0.777747
vt 0.940571 0.415097
vt 0.929684 0.388603
vt 0.940571 0.374600
vt 0.931229 0.374499
vt 0.795245 0.309837
vt 0.811619 0.303941
vt 0.807328 0.323891
vt 0.807867 0.344289
vt 0.793610 0.341900
vt 0.794014 0.322241
vt 0.801532 0.375085
vt 0.794765 0.356105
vt 0.794202 0.351215
vt 0.938045 0.372075
vt 0.939012 0.372267
vt 0.939831 0.372815
vt 0.859804 0.009076
vt 0.859378 0.009861
vt 0.858706 0.010449
vt 0.855769 0.409877
vt 0.857052 0.412098
vt 0.857411 0.414637
vt 0.931600 0.373280
vt 0.932519 0.372397
vt 0.933752 0.372075
vt 0.940378 0.373634
vt 0.829151 0.039089
vt 0.820717 0.032422
vt 0.825434 0.025998
vt 0.859930 0.008192
vt 0.850311 0.003501
vt 0.859196 0.005370
vt 0.855532 0.000311
vt 0.856451 0.000000
vt 0.842279 0.023066
vt 0.807751 0.063009
vt 0.820012 0.057677
vt 0.806367 0.071166
vt 0.815338 0.077857
vt 0.805640 0.087417
vt 0.843272 0.008502
vt 0.836714 0.014002
vt 0.809889 0.054905
vt 0.812838 0.046908
vt 0.816653 0.039073
vt 0.807258 0.103216
vt 0.815376 0.098570
vt 0.810670 0.118306
vt 0.820124 0.118732
vt 0.814906 0.133158
vt 0.829331 0.137287
vt 0.818892 0.148424
vt 0.821555 0.164758
vt 0.841301 0.152069
vt 0.821832 0.168132
vt 0.813926 0.236953
vt 0.817006 0.223576
vt 0.835528 0.265286
vt 0.819544 0.209430
vt 0.821898 0.187016
vt 0.797096 0.298014
vt 0.800686 0.282167
vt 0.820496 0.285568
vt 0.804958 0.267389
vt 0.833458 0.269808
vt 0.834926 0.267745
vt 0.953828 0.427649
vt 0.953829 0.452901
vt 0.950667 0.427647
vt 0.950667 0.452900
vt 0.946430 0.427647
vt 0.946430 0.452900
vt 0.942253 0.427648
vt 0.942253 0.452900
vt 0.791642 0.703932
vt 0.791642 0.729185
vt 0.787597 0.703935
vt 0.787597 0.729187
vt 0.783284 0.703934
vt 0.783284 0.729186
vt 0.923591 0.359581
vt 0.923591 0.384834
vt 0.919755 0.359580
vt 0.919755 0.384833
vt 0.915400 0.359580
vt 0.915400 0.384833
vt 0.911692 0.359582
vt 0.911692 0.384834
vt 0.090271 0.844743
vt 0.090271 0.869996
vt 0.087470 0.844752
vt 0.087470 0.870005
vt 0.083376 0.844757
vt 0.083376 0.870009
vt 0.079085 0.844754
vt 0.079085 0.870007
vt 0.075747 0.844747
vt 0.075747 0.869999
vt 0.564776 0.950935
vt 0.569133 0.950935
vt 0.566954 0.959065
vt 0.572906 0.953113
vt 0.575085 0.956887
vt 0.558824 0.961244
vt 0.558824 0.956887
vt 0.561002 0.953113
vt 0.569133 0.967196
vt 0.564776 0.967196
vt 0.561002 0.965017
vt 0.575085 0.961244
vt 0.572906 0.965018
vt 0.793341 0.782912
vt 0.793341 0.808165
vt 0.790179 0.782911
vt 0.790179 0.808163
vt 0.785942 0.782910
vt 0.785942 0.808163
vt 0.781765 0.782911
vt 0.781765 0.808163
vt 0.165057 0.747805
vt 0.165057 0.773058
vt 0.161011 0.747808
vt 0.161011 0.773061
vt 0.156699 0.747807
vt 0.156699 0.773060
vt 0.087646 0.898630
vt 0.087646 0.923883
vt 0.083809 0.898629
vt 0.083809 0.923882
vt 0.079454 0.898629
vt 0.079454 0.923882
vt 0.075747 0.898631
vt 0.075747 0.923883
vt 0.090271 0.790857
vt 0.090271 0.816109
vt 0.087470 0.790866
vt 0.087470 0.816119
vt 0.083376 0.790871
vt 0.083376 0.816123
vt 0.079085 0.790868
vt 0.079085 0.816121
vt 0.075747 0.790860
vt 0.075747 0.816113
vt 0.947345 0.714416
vt 0.945166 0.710642
vt 0.953297 0.708464
vt 0.945166 0.706285
vt 0.947345 0.702512
vt 0.959249 0.714416
vt 0.955475 0.716595
vt 0.951118 0.716595
vt 0.959249 0.702512
vt 0.961427 0.706285
vt 0.961427 0.710642
vt 0.951118 0.700333
vt 0.955475 0.700333
vt 0.730708 0.521191
vt 0.727317 0.520520
vt 0.730708 0.509678
vt 0.727317 0.508927
vt 0.730708 0.496253
vt 0.727317 0.495357
vt 0.730708 0.527160
vt 0.730708 0.533277
vt 0.727318 0.545811
vt 0.730708 0.540354
vt 0.730708 0.546373
vt 0.730708 0.569486
vt 0.727317 0.577007
vt 0.730708 0.561444
vt 0.730708 0.577766
vt 0.730707 0.594087
vt 0.727316 0.593147
vt 0.730706 0.611371
vt 0.727315 0.610441
vt 0.762775 0.203187
vt 0.763791 0.207277
vt 0.760830 0.207973
vt 0.753532 0.151138
vt 0.753315 0.140562
vt 0.754909 0.141267
vt 0.753677 0.131539
vt 0.755362 0.131683
vt 0.755023 0.150307
vt 0.755061 0.151243
vt 0.756648 0.169842
vt 0.760012 0.204641
vt 0.758937 0.199982
vt 0.759738 0.189195
vt 0.756916 0.190381
vt 0.757428 0.175608
vt 0.754435 0.175872
vt 0.754166 0.173989
vt 0.752019 0.151093
vt 0.751985 0.150267
vt 0.751927 0.148600
vt 0.751860 0.139637
vt 0.752201 0.131357
vt 0.765741 0.075211
vt 0.765047 0.078016
vt 0.766034 0.084632
vt 0.764797 0.078940
vt 0.762446 0.086132
vt 0.761819 0.099290
vt 0.758748 0.098861
vt 0.754796 0.114540
vt 0.753833 0.119528
vt 0.756457 0.107359
vt 0.757901 0.114779
vt 0.770006 0.238763
vt 0.772944 0.238065
vt 0.774303 0.253041
vt 0.777254 0.252438
vt 0.780874 0.267473
vt 0.767716 0.231521
vt 0.765394 0.224043
vt 0.762840 0.215359
vt 0.730700 0.675975
vt 0.727307 0.675311
vt 0.730701 0.658923
vt 0.727309 0.658097
vt 0.730703 0.642914
vt 0.727311 0.642008
vt 0.730704 0.627275
vt 0.180363 0.626313
vt 0.177174 0.643271
vt 0.177174 0.609521
vt 0.730705 0.618539
vt 0.717143 0.492670
vt 0.717139 0.471763
vt 0.730709 0.476456
vt 0.730710 0.466154
vt 0.717138 0.460793
vt 0.730711 0.459251
vt 0.717137 0.453412
vt 0.730713 0.450546
vt 0.717136 0.444066
vt 0.590506 0.046327
vt 0.579204 0.042455
vt 0.592431 0.039681
vt 0.581338 0.035274
vt 0.596160 0.029753
vt 0.585471 0.024492
vt 0.649023 0.423550
vt 0.652780 0.412589
vt 0.659432 0.427291
vt 0.661948 0.415964
vt 0.669859 0.430146
vt 0.671084 0.418551
vt 0.680122 0.432196
vt 0.688616 0.421727
vt 0.383173 0.786947
vt 0.369600 0.785884
vt 0.383141 0.776967
vt 0.704097 0.422855
vt 0.722532 0.433286
vt 0.708083 0.434352
vt 0.690036 0.433526
vt 0.643729 0.408357
vt 0.717120 0.768776
vt 0.717118 0.757394
vt 0.730705 0.754416
vt 0.730707 0.764215
vt 0.730707 0.764848
vt 0.717122 0.777724
vt 0.730710 0.773023
vt 0.730710 0.773754
vt 0.717125 0.786424
vt 0.730713 0.780954
vt 0.166777 0.862292
vt 0.166010 0.874152
vt 0.156771 0.862292
vt 0.175096 0.649101
vt 0.175096 0.629566
vt 0.176487 0.631002
vt 0.607524 0.397000
vt 0.610935 0.383751
vt 0.615129 0.403551
vt 0.622588 0.394479
vt 0.623136 0.409505
vt 0.626437 0.397476
vt 0.631516 0.414857
vt 0.637245 0.404732
vt 0.638805 0.418864
vt 0.640157 0.419545
vt 0.717146 0.518509
vt 0.717146 0.543876
vt 0.775207 0.085756
vt 0.771034 0.100577
vt 0.767125 0.115920
vt 0.764554 0.132416
vt 0.730700 0.685560
vt 0.730703 0.746524
vt 0.717118 0.748807
vt 0.730702 0.738557
vt 0.717117 0.740162
vt 0.730700 0.722360
vt 0.717119 0.722664
vt 0.730700 0.714193
vt 0.717121 0.713884
vt 0.730699 0.704676
vt 0.717123 0.703695
vt 0.730699 0.694530
vt 0.717125 0.692889
vt 0.717128 0.683392
vt 0.717130 0.673317
vt 0.717145 0.574731
vt 0.717144 0.591327
vt 0.717142 0.607767
vt 0.772623 0.205479
vt 0.768646 0.187931
vt 0.765660 0.169258
vt 0.764138 0.150430
vt 0.717135 0.655619
vt 0.717138 0.639290
vt 0.781756 0.235973
vt 0.786108 0.250628
vt 0.789789 0.266251
vt 0.792411 0.283492
vt 0.790311 0.335181
vt 0.778921 0.330954
vt 0.791960 0.327442
vt 0.780188 0.324829
vt 0.793029 0.319153
vt 0.781620 0.309568
vt 0.793529 0.311464
vt 0.793610 0.301525
vt 0.781606 0.299482
vt 0.793061 0.290417
vt 0.777067 0.337080
vt 0.788140 0.342049
vt 0.774624 0.342945
vt 0.785481 0.348291
vt 0.383203 0.880846
vt 0.369663 0.886567
vt 0.383203 0.870463
vt 0.369665 0.875057
vt 0.383197 0.860465
vt 0.369660 0.863122
vt 0.383188 0.851139
vt 0.369649 0.853529
vt 0.889059 0.316943
vt 0.879835 0.316536
vt 0.879835 0.308749
vt 0.879823 0.244730
vt 0.909201 0.244309
vt 0.909204 0.253381
vt 0.879825 0.253912
vt 0.909206 0.261935
vt 0.879828 0.263175
vt 0.909208 0.270493
vt 0.879830 0.273126
vt 0.909210 0.279071
vt 0.879832 0.281597
vt 0.909212 0.287495
vt 0.879833 0.290739
vt 0.909214 0.303294
vt 0.879835 0.299639
vt 0.909214 0.310625
vt 0.909215 0.317517
vt 0.603172 0.031871
vt 0.605866 0.024336
vt 0.600128 0.021661
vt 0.605974 0.024075
vt 0.602066 0.018277
vt 0.609585 0.016488
vt 0.612823 0.003447
vt 0.615959 -0.000000
vt 0.615549 0.002892
vt 0.616265 0.006019
vt 0.613985 0.009224
vt 0.609390 0.007608
vt 0.604811 0.013936
vt 0.601211 0.039603
vt 0.600339 0.044662
vt 0.600004 0.047351
vt 0.588399 0.055820
vt 0.599726 0.062355
vt 0.587195 0.063231
vt 0.600032 0.065723
vt 0.586004 0.074142
vt 0.601805 0.075907
vt 0.585209 0.094736
vt 0.604964 0.086202
vt 0.605343 0.087185
vt 0.603267 0.120886
vt 0.621649 0.113299
vt 0.606353 0.124913
vt 0.625561 0.117291
vt 0.611481 0.128982
vt 0.613789 0.103307
vt 0.614825 0.104815
vt 0.601677 0.116181
vt 0.616061 0.106527
vt 0.618597 0.109780
vt 0.609416 0.096018
vt 0.599547 0.100961
vt 0.600701 0.111267
vt 0.586717 0.132509
vt 0.595037 0.126673
vt 0.587141 0.139696
vt 0.597062 0.131941
vt 0.587464 0.145818
vt 0.595093 0.141303
vt 0.600533 0.137530
vt 0.609197 0.130835
vt 0.586334 0.126302
vt 0.585425 0.108515
vt 0.585973 0.120241
vt 0.646596 0.131972
vt 0.659407 0.137007
vt 0.626462 0.140130
vt 0.634916 0.128668
vt 0.621736 0.129637
vt 0.636662 0.126223
vt 0.630019 0.121256
vt 0.628998 0.120396
vt 0.638770 0.127598
vt 0.630682 0.134414
vt 0.614934 0.136017
vt 0.608079 0.142064
vt 0.607004 0.137048
vt 0.599206 0.143278
vt 0.597428 0.143576
vt 0.590055 0.145121
vt 0.749640 0.209847
vt 0.590265 0.213402
vt 0.586844 0.212942
vt 0.587879 0.194876
vt 0.741286 0.131024
vt 0.720261 0.132397
vt 0.736562 0.131224
vt 0.730226 0.141722
vt 0.709821 0.142861
vt 0.708270 0.136918
vt 0.719840 0.132429
vt 0.687513 0.140500
vt 0.670442 0.145412
vt 0.609816 0.185952
vt 0.611319 0.188562
vt 0.611077 0.167047
vt 0.609323 0.170419
vt 0.588161 0.169459
vt 0.608263 0.174064
vt 0.608228 0.174256
vt 0.588200 0.177980
vt 0.607934 0.177838
vt 0.608350 0.181620
vt 0.621429 0.159173
vt 0.608915 0.159456
vt 0.627071 0.158265
vt 0.629657 0.157782
vt 0.628985 0.158337
vt 0.616358 0.161647
vt 0.614214 0.163349
vt 0.598473 0.160328
vt 0.611404 0.166562
vt 0.670388 0.154863
vt 0.670680 0.164396
vt 0.641934 0.164956
vt 0.636936 0.160836
vt 0.634499 0.159654
vt 0.630846 0.158592
vt 0.646430 0.180560
vt 0.646652 0.177389
vt 0.671269 0.174000
vt 0.645896 0.172261
vt 0.643261 0.166676
vt 0.638225 0.193603
vt 0.638335 0.193527
vt 0.673228 0.193389
vt 0.641128 0.191167
vt 0.643436 0.188312
vt 0.643509 0.188201
vt 0.645256 0.184846
vt 0.646324 0.181185
vt 0.631272 0.196571
vt 0.634898 0.195428
vt 0.633056 0.204000
vt 0.674626 0.203157
vt 0.622297 0.196328
vt 0.627511 0.196983
vt 0.630606 0.196699
vt 0.611044 0.204205
vt 0.599390 0.204596
vt 0.620087 0.195593
vt 0.619115 0.195172
vt 0.614916 0.192511
vt 0.666517 0.138816
vt 0.710900 0.152417
vt 0.714791 0.191720
vt 0.715435 0.201522
vt 0.735733 0.190702
vt 0.736471 0.200400
vt 0.747558 0.200096
vt 0.746244 0.190163
vt 0.712522 0.172017
vt 0.599742 0.214066
vt 0.609194 0.214173
vt 0.631276 0.213834
vt 0.588009 0.161210
vt 0.630773 0.148780
vt 0.609968 0.150861
vt 0.740927 0.140805
vt 0.731385 0.151322
vt 0.676329 0.212962
vt 0.703044 0.212131
vt 0.745740 0.210194
vt 0.730074 0.126654
vt 0.730428 0.127028
vt 0.727488 0.128296
vt 0.737266 0.126680
vt 0.736962 0.121586
vt 0.743852 0.126724
vt 0.751928 0.105698
vt 0.748852 0.115415
vt 0.745914 0.113102
vt 0.746650 0.121051
vt 0.743963 0.115172
vt 0.752523 0.104865
vt 0.756665 0.098369
vt 0.413533 0.893233
vt 0.433686 0.893456
vt 0.433694 0.903131
vt 0.404319 0.902551
vt 0.404312 0.893073
vt 0.433697 0.905851
vt 0.404328 0.911731
vt 0.433703 0.912515
vt 0.433705 0.913840
vt 0.404338 0.920652
vt 0.433714 0.921530
vt 0.433725 0.930098
vt 0.404350 0.928869
vt 0.879807 0.209615
vt 0.909185 0.208723
vt 0.909188 0.214481
vt 0.879811 0.217808
vt 0.909189 0.217049
vt 0.909194 0.225805
vt 0.879815 0.226411
vt 0.909197 0.234917
vt 0.879819 0.235514
vt 0.751804 0.364393
vt 0.752844 0.363499
vt 0.755044 0.366618
vt 0.746479 0.368544
vt 0.742255 0.376195
vt 0.740471 0.372475
vt 0.737249 0.380806
vt 0.734836 0.375543
vt 0.733645 0.386157
vt 0.731825 0.381970
vt 0.734115 0.375896
vt 0.729995 0.377756
vt 0.765388 0.349809
vt 0.768800 0.352641
vt 0.762067 0.360409
vt 0.759270 0.357245
vt 0.776036 0.330251
vt 0.776167 0.329907
vt 0.771064 0.340925
vt 0.766077 0.348853
vt 0.781057 0.309757
vt 0.778396 0.323166
vt 0.758785 0.209284
vt 0.740008 0.227519
vt 0.748896 0.217628
vt 0.754447 0.224524
vt 0.752462 0.236436
vt 0.750366 0.234684
vt 0.747182 0.232232
vt 0.764980 0.249904
vt 0.761452 0.245479
vt 0.763694 0.243692
vt 0.757171 0.240830
vt 0.761215 0.237235
vt 0.758351 0.230772
vt 0.775349 0.268281
vt 0.754810 0.212238
vt 0.758574 0.220102
vt 0.761864 0.227412
vt 0.769119 0.256012
vt 0.741175 0.217660
vt 0.732113 0.218093
vt 0.734902 0.214307
vt 0.745101 0.213630
vt 0.617055 0.217496
vt 0.634985 0.243690
vt 0.625770 0.237086
vt 0.635436 0.243195
vt 0.617258 0.231131
vt 0.640516 0.238117
vt 0.691216 0.216188
vt 0.670535 0.220371
vt 0.645704 0.227104
vt 0.714752 0.215080
vt 0.714111 0.217627
vt 0.712288 0.217279
vt 0.717168 0.218304
vt 0.732427 0.223576
vt 0.729361 0.222248
vt 0.621467 0.221018
vt 0.611630 0.221163
vt 0.605909 0.217468
vt 0.594788 0.216738
vt 0.640690 0.220420
vt 0.629764 0.228179
vt 0.651544 0.229566
vt 0.602033 0.220939
vt 0.595574 0.217162
vt 0.611034 0.236500
vt 0.607004 0.242015
vt 0.596078 0.235933
vt 0.615674 0.280105
vt 0.614453 0.285992
vt 0.600455 0.268994
vt 0.602884 0.255019
vt 0.621832 0.263119
vt 0.617477 0.273816
vt 0.623224 0.260402
vt 0.604589 0.248353
vt 0.624380 0.258314
vt 0.627272 0.253626
vt 0.630729 0.248789
vt 0.594284 0.243240
vt 0.592867 0.250734
vt 0.590549 0.232863
vt 0.592660 0.224917
vt 0.599021 0.229009
vt 0.586087 0.220515
vt 0.585000 0.229786
vt 0.582828 0.246439
vt 0.579465 0.281337
vt 0.580811 0.263434
vt 0.623813 0.340947
vt 0.592910 0.358821
vt 0.589492 0.351538
vt 0.620599 0.334516
vt 0.586648 0.344036
vt 0.617944 0.327829
vt 0.582472 0.328384
vt 0.616139 0.321970
vt 0.581073 0.320316
vt 0.614383 0.313857
vt 0.579963 0.310786
vt 0.613262 0.301067
vt 0.579204 0.291277
vt 0.579333 0.300488
vt 0.642022 0.363499
vt 0.647721 0.368062
vt 0.653120 0.371701
vt 0.660029 0.375543
vt 0.666460 0.378404
vt 0.604123 0.375963
vt 0.631900 0.352964
vt 0.609369 0.382079
vt 0.636714 0.358433
vt 0.636726 0.358445
vt 0.603624 0.375334
vt 0.598449 0.368195
vt 0.627584 0.347109
vt 0.598079 0.367635
vt 0.624123 0.341501
vt 0.703256 0.384108
vt 0.712085 0.383024
vt 0.714197 0.403008
vt 0.716249 0.422675
vt 0.693079 0.384197
vt 0.692034 0.384136
vt 0.679472 0.382371
vt 0.672966 0.380675
vt 0.672310 0.380473
vt 0.731652 0.392654
vt 0.724647 0.379789
vt 0.724218 0.379934
vt 0.722949 0.384815
vt 0.719361 0.381403
vt 0.718010 0.381756
vt 0.724179 0.421752
vt 0.723310 0.421926
vt 0.715893 0.382260
vt 0.714121 0.382638
vt 0.727215 0.392313
vt 0.730881 0.399753
vt 0.730855 0.412656
vt 0.730698 0.415557
vt 0.730425 0.417024
vt 0.730096 0.417974
vt 0.728767 0.419790
vt 0.727825 0.420458
vt 0.383201 0.797647
vt 0.383202 0.798802
vt 0.369644 0.802287
vt 0.383203 0.800940
vt 0.369855 0.805294
vt 0.740162 0.424563
vt 0.740860 0.421810
vt 0.740981 0.420499
vt 0.741308 0.416954
vt 0.369615 0.791065
vt 0.383191 0.793123
vt 0.369623 0.794116
vt 0.383193 0.793930
vt 0.369637 0.799189
vt 0.369640 0.800699
vt 0.879835 0.320425
vt 0.889058 0.324149
vt 0.872298 0.320107
vt 0.909211 0.342828
vt 0.909208 0.351827
vt 0.889049 0.350849
vt 0.909214 0.324808
vt 0.889057 0.330706
vt 0.909214 0.331444
vt 0.889055 0.336635
vt 0.909213 0.337444
vt 0.889053 0.341955
vt 0.927483 0.535739
vt 0.939107 0.552536
vt 0.928717 0.552501
vt 0.940069 0.572693
vt 0.929629 0.572658
vt 0.937806 0.535775
vt 0.872284 0.349523
vt 0.750475 0.813512
vt 0.757048 0.817476
vt 0.750475 0.833078
vt 0.872289 0.341989
vt 0.872290 0.340772
vt 0.872293 0.335538
vt 0.872294 0.331964
vt 0.872295 0.329706
vt 0.872297 0.323254
vt 0.413528 0.816538
vt 0.404301 0.871845
vt 0.413520 0.863611
vt 0.413522 0.873547
vt 0.413527 0.883450
vt 0.404305 0.882409
vt 0.433681 0.883574
vt 0.433676 0.873569
vt 0.433674 0.863534
vt 0.433673 0.859852
vt 0.413518 0.853731
vt 0.433673 0.853556
vt 0.433674 0.843725
vt 0.413519 0.843995
vt 0.433676 0.834131
vt 0.413521 0.834492
vt 0.433680 0.824863
vt 0.413524 0.825310
vt 0.433685 0.816010
vt 0.917615 0.244257
vt 0.917611 0.234289
vt 0.917612 0.236484
vt 0.917607 0.224610
vt 0.917609 0.228893
vt 0.917599 0.207264
vt 0.917602 0.214363
vt 0.917603 0.216302
vt 0.442137 0.928839
vt 0.442125 0.919445
vt 0.442114 0.910367
vt 0.445886 0.893514
vt 0.445896 0.905942
vt 0.458040 0.910033
vt 0.458948 0.908817
vt 0.458945 0.905970
vt 0.458935 0.893530
vt 0.152231 0.929950
vt 0.155637 0.929949
vt 0.152231 0.945101
vt 0.156040 0.945876
vt 0.772468 0.779801
vt 0.771680 0.780114
vt 0.777215 0.766084
vt 0.777951 0.766187
vt 0.780154 0.779311
vt 0.779523 0.779112
vt 0.776532 0.765604
vt 0.771039 0.780670
vt 0.768431 0.772741
vt 0.770619 0.781407
vt 0.775878 0.779078
vt 0.767867 0.768500
vt 0.772513 0.758443
vt 0.767432 0.752471
vt 0.771542 0.750289
vt 0.767330 0.754785
vt 0.767407 0.762852
vt 0.770494 0.781897
vt 0.770467 0.782241
vt 0.770549 0.782910
vt 0.780377 0.716773
vt 0.774447 0.733132
vt 0.771054 0.730691
vt 0.767922 0.746714
vt 0.768560 0.742073
vt 0.770471 0.732877
vt 0.773676 0.722548
vt 0.777885 0.712641
vt 0.782359 0.707552
vt 0.782621 0.703932
vt 0.087646 0.952503
vt 0.087646 0.967654
vt 0.072938 0.967672
vt 0.072938 0.952520
vt 0.688797 0.932728
vt 0.703949 0.932730
vt 0.143919 0.945103
vt 0.143919 0.929952
vt 0.150041 0.945102
vt 0.932509 0.264385
vt 0.934456 0.264385
vt 0.934458 0.270503
vt 0.917621 0.264401
vt 0.917618 0.254043
vt 0.917617 0.249811
vt 0.934464 0.317715
vt 0.921415 0.317668
vt 0.921415 0.310755
vt 0.921408 0.270502
vt 0.921410 0.279105
vt 0.921412 0.287555
vt 0.921414 0.303401
vt 0.934464 0.310796
vt 0.934463 0.303434
vt 0.934461 0.287572
vt 0.934459 0.279115
vt 0.747323 0.813512
vt 0.750461 0.813512
vt 0.747191 0.828406
vt 0.750475 0.828663
vt 0.747191 0.828664
vt 0.934456 0.263437
vt 0.746208 0.828405
vt 0.746508 0.813512
vt 0.745206 0.828404
vt 0.745661 0.813513
vt 0.932510 0.263397
vt 0.917621 0.263735
vt 0.917620 0.263412
vt 0.744347 0.828405
vt 0.744479 0.813516
vt 0.539216 0.445437
vt 0.539216 0.460350
vt 0.538780 0.460326
vt 0.744878 0.813515
vt 0.744314 0.830351
vt 0.745150 0.829491
vt 0.745932 0.828990
vt 0.746557 0.828752
vt 0.810462 0.663073
vt 0.861809 0.663075
vt 0.810462 0.666635
vt 0.861792 0.778043
vt 0.795310 0.666635
vt 0.795293 0.778040
vt 0.958346 0.907044
vt 0.945115 0.905629
vt 0.958861 0.905617
vt 0.796717 0.663593
vt 0.810462 0.663594
vt 0.795310 0.665888
vt 0.347735 0.798573
vt 0.332740 0.797697
vt 0.332737 0.795850
vt 0.332713 0.785716
vt 0.332729 0.792314
vt 0.362664 0.800487
vt 0.433691 0.807647
vt 0.413534 0.808248
vt 0.680211 0.434352
vt 0.700371 0.435027
vt 0.680210 0.441030
vt 0.700370 0.443229
vt 0.700370 0.460103
vt 0.680208 0.456622
vt 0.680209 0.442611
vt 0.700371 0.492213
vt 0.680206 0.491876
vt 0.700370 0.476766
vt 0.680207 0.476352
vt 0.680208 0.459593
vt 0.396774 0.807413
vt 0.717136 0.437611
vt 0.445881 0.885204
vt 0.445873 0.859820
vt 0.445877 0.876799
vt 0.445874 0.842510
vt 0.445876 0.833920
vt 0.445879 0.825592
vt 0.445885 0.815868
vt 0.458930 0.885213
vt 0.458927 0.876801
vt 0.458923 0.859806
vt 0.458923 0.842482
vt 0.458925 0.833884
vt 0.458929 0.825550
vt 0.458935 0.815818
vt 0.940408 0.597943
vt 0.934459 0.352167
vt 0.934462 0.343131
vt 0.934463 0.337725
vt 0.934464 0.331699
vt 0.934464 0.325036
vt 0.917245 0.552471
vt 0.918129 0.572628
vt 0.905209 0.552443
vt 0.906087 0.572600
vt 0.893111 0.552414
vt 0.894002 0.572571
vt 0.881451 0.552379
vt 0.882372 0.572537
vt 0.916050 0.535708
vt 0.904022 0.535680
vt 0.891905 0.535651
vt 0.880204 0.535616
vt 0.882616 0.584738
vt 0.871641 0.572496
vt 0.870676 0.552337
vt 0.687368 0.849993
vt 0.686342 0.870155
vt 0.683869 0.870154
vt 0.676472 0.849990
vt 0.675498 0.870152
vt 0.663473 0.870150
vt 0.664395 0.849986
vt 0.651148 0.870148
vt 0.652031 0.849984
vt 0.869370 0.535573
vt 0.688760 0.833226
vt 0.677792 0.833221
vt 0.665647 0.833216
vt 0.653229 0.833213
vt 0.650916 0.882350
vt 0.660479 0.882351
vt 0.669979 0.882353
vt 0.683602 0.882356
vt 0.869460 0.584686
vt 0.880438 0.584731
vt 0.660402 0.895402
vt 0.669898 0.895404
vt 0.683516 0.895407
vt 0.869546 0.597736
vt 0.880520 0.597781
vt 0.628573 0.849982
vt 0.627710 0.870146
vt 0.617292 0.849983
vt 0.616411 0.870146
vt 0.606066 0.849983
vt 0.605148 0.870145
vt 0.629743 0.833211
vt 0.618487 0.833212
vt 0.607311 0.833214
vt 0.352889 0.904964
vt 0.336138 0.905333
vt 0.343707 0.902600
vt 0.332725 0.912095
vt 0.352879 0.910749
vt 0.332711 0.917943
vt 0.352854 0.921648
vt 0.332699 0.922564
vt 0.583505 0.870141
vt 0.584534 0.849982
vt 0.589994 0.870143
vt 0.594897 0.849983
vt 0.593927 0.870144
vt 0.597455 0.870144
vt 0.369654 0.898132
vt 0.352897 0.899024
vt 0.350488 0.899131
vt 0.369646 0.903981
vt 0.332735 0.906258
vt 0.369637 0.909679
vt 0.369627 0.914566
vt 0.369614 0.920423
vt 0.585931 0.833218
vt 0.596213 0.833216
vt 0.592102 0.833217
vt 0.362455 0.853668
vt 0.364878 0.863122
vt 0.365254 0.864703
vt 0.364220 0.884607
vt 0.365550 0.880949
vt 0.366399 0.875822
vt 0.366451 0.874543
vt 0.366267 0.870575
vt 0.361460 0.889318
vt 0.369659 0.892365
vt 0.359256 0.892021
vt 0.354600 0.896304
vt 0.361934 0.850753
vt 0.361804 0.849623
vt 0.361873 0.845511
vt 0.361953 0.845057
vt 0.363093 0.841947
vt 0.365467 0.839054
vt 0.369615 0.838583
vt 0.365893 0.838685
vt 0.369609 0.836249
vt 0.320525 0.912317
vt 0.318087 0.908637
vt 0.323952 0.907953
vt 0.307476 0.912403
vt 0.597205 0.882346
vt 0.589734 0.882345
vt 0.320479 0.929211
vt 0.320511 0.918181
vt 0.604907 0.882347
vt 0.307462 0.918272
vt 0.307429 0.929311
vt 0.589649 0.895395
vt 0.597124 0.895396
vt 0.219760 0.684822
vt 0.219335 0.684647
vt 0.233191 0.673103
vt 0.194686 0.726955
vt 0.186929 0.717271
vt 0.189960 0.717484
vt 0.195052 0.726016
vt 0.274352 0.644999
vt 0.263614 0.666032
vt 0.246379 0.664708
vt 0.223976 0.694376
vt 0.224566 0.692844
vt 0.231135 0.700019
vt 0.239598 0.672846
vt 0.249026 0.684604
vt 0.243128 0.671380
vt 0.245575 0.668444
vt 0.196336 0.724565
vt 0.193878 0.715997
vt 0.222844 0.695567
vt 0.245358 0.661025
vt 0.245059 0.660142
vt 0.245101 0.659212
vt 0.221383 0.686193
vt 0.235791 0.672505
vt 0.223858 0.689701
vt 0.224524 0.691202
vt 0.233962 0.672580
vt 0.234869 0.672371
vt 0.201901 0.506175
vt 0.207821 0.487651
vt 0.221446 0.517415
vt 0.228630 0.498818
vt 0.238067 0.532651
vt 0.246899 0.513783
vt 0.250963 0.551146
vt 0.245477 0.658359
vt 0.256110 0.638477
vt 0.280838 0.622291
vt 0.262149 0.616754
vt 0.282830 0.598759
vt 0.263301 0.594236
vt 0.280253 0.575284
vt 0.259511 0.572010
vt 0.273203 0.552745
vt 0.261945 0.531986
vt 0.200117 0.505032
vt 0.198776 0.503391
vt 0.185616 0.480777
vt 0.892945 0.164771
vt 0.863063 0.164773
vt 0.892940 0.143122
vt 0.863058 0.143124
vt 0.892937 0.120061
vt 0.863055 0.120063
vt 0.892936 0.096452
vt 0.863054 0.096453
vt 0.892937 0.073178
vt 0.863054 0.073179
vt 0.892939 0.051110
vt 0.863057 0.051112
vt 0.892943 0.031076
vt 0.863060 0.031077
vt 0.892948 0.013824
vt 0.863066 0.013826
vt 0.892955 0.000002
vt 0.863073 0.000003
vt 0.543662 0.794204
vt 0.573544 0.794204
vt 0.543611 0.809942
vt 0.573494 0.809942
vt 0.543570 0.828776
vt 0.573453 0.828776
vt 0.543541 0.850001
vt 0.573423 0.850001
vt 0.543523 0.872822
vt 0.573406 0.872454
vt 0.573683 0.872822
vt 0.958088 0.628555
vt 0.941519 0.628545
vt 0.941519 0.593612
vt 0.960028 0.628135
vt 0.960986 0.628469
vt 0.962340 0.629820
vt 0.960028 0.593623
vt 0.958088 0.660121
vt 0.964857 0.660125
vt 0.964857 0.629821
vt 0.876935 0.809698
vt 0.875680 0.807676
vt 0.943435 0.807649
vt 0.913124 0.846895
vt 0.913125 0.841122
vt 0.943428 0.846883
vt 0.912443 0.840221
vt 0.075812 0.788207
vt 0.074694 0.787130
vt 0.087230 0.785235
vt 0.148317 0.493748
vt 0.155069 0.482622
vt 0.150420 0.531744
vt 0.013855 0.501485
vt 0.013884 0.500302
vt 0.024027 0.510132
vt 0.033927 0.603688
vt 0.014330 0.611449
vt 0.106047 0.570204
vt 0.107070 0.559388
vt 0.040887 0.520948
vt 0.059793 0.527564
vt 0.030461 0.768918
vt 0.051224 0.772545
vt 0.073261 0.786533
vt 0.072245 0.771004
vt 0.092257 0.764388
vt 0.110054 0.753096
vt 0.112685 0.550088
vt 0.002637 0.619139
vt 0.002831 0.617972
vt 0.109817 0.580392
vt 0.075761 0.603357
vt 0.054824 0.600935
vt 0.136211 0.657498
vt 0.126642 0.638718
vt 0.117635 0.587936
vt 0.112786 0.622835
vt 0.095478 0.610806
vt 0.081039 0.790857
vt 0.078100 0.790175
vt 0.083959 0.790097
vt 0.086193 0.788068
vt 0.071709 0.786495
vt 0.018212 0.768131
vt 0.017901 0.764941
vt 0.017451 0.763758
vt 0.134836 0.508564
vt 0.149008 0.536464
vt 0.145897 0.540284
vt 0.079719 0.529619
vt 0.099578 0.527001
vt 0.121780 0.544145
vt 0.118290 0.519853
vt 0.132552 0.542736
vt 0.136660 0.543125
vt 0.141561 0.542623
vt 0.142273 0.635078
vt 0.140916 0.678043
vt 0.141292 0.632618
vt 0.127952 0.591341
vt 0.142482 0.593282
vt 0.143871 0.594961
vt 0.140440 0.592523
vt 0.144234 0.597109
vt 0.141123 0.629975
vt 0.109866 0.771927
vt 0.089977 0.781739
vt 0.088640 0.782528
vt 0.087681 0.783749
vt 0.151467 0.655260
vt 0.156035 0.676962
vt 0.140474 0.699116
vt 0.155758 0.699137
vt 0.134912 0.719446
vt 0.150647 0.720718
vt 0.124563 0.737808
vt 0.140950 0.740663
vt 0.127135 0.758012
vt 0.020193 0.780617
vt 0.018158 0.777487
vt 0.023380 0.782559
vt 0.017677 0.773785
vt 0.039207 0.786480
vt 0.055457 0.787803
vt 0.575084 0.875692
vt 0.543518 0.875692
vt 0.574993 0.875142
vt 0.543521 0.874460
vt 0.574720 0.874460
vt 0.777433 0.501754
vt 0.777433 0.435255
vt 0.783014 0.501754
vt 0.783014 0.435255
vt 0.157869 0.714555
vt 0.157869 0.684672
vt 0.162002 0.714555
vt 0.162002 0.684673
vt 0.575130 0.613729
vt 0.575130 0.645294
vt 0.563419 0.645309
vt 0.352270 0.929312
vt 0.365890 0.929311
vt 0.361806 0.964244
vt 0.380774 0.929311
vt 0.380768 0.964244
vt 0.565467 0.578808
vt 0.550775 0.645319
vt 0.550775 0.578821
vt 0.892955 0.201980
vt 0.863073 0.201982
vt 0.362332 0.803923
vt 0.370366 0.807466
vt 0.361925 0.806732
vt 0.347224 0.805829
vt 0.347515 0.802553
vt 0.340744 0.805560
vt 0.340524 0.804122
vt 0.332653 0.801204
vt 0.332631 0.801869
vt 0.332543 0.804069
vt 0.320516 0.785707
vt 0.317805 0.797354
vt 0.869593 0.207148
vt 0.861612 0.207040
vt 0.862387 0.205750
vt 0.863073 0.203846
vt 0.893068 0.202882
vt 0.893401 0.203845
vt 0.863073 0.204851
vt 0.877904 0.207216
vt 0.317777 0.800917
vt 0.324232 0.804036
vt 0.309046 0.777454
vt 0.338929 0.777416
vt 0.309144 0.805609
vt 0.339026 0.805571
vt 0.163639 0.684673
vt 0.163639 0.714556
vt 0.165200 0.684673
vt 0.165200 0.714555
vt 0.166448 0.684672
vt 0.166448 0.714555
vt 0.309041 0.776369
vt 0.338924 0.776332
vt 0.370541 0.832752
vt 0.383169 0.835165
vt 0.745644 0.389349
vt 0.744700 0.390558
vt 0.743620 0.391902
vt 0.743926 0.392079
vt 0.383163 0.828410
vt 0.747597 0.387809
vt 0.742019 0.409255
vt 0.742729 0.401555
vt 0.742850 0.400244
vt 0.743054 0.398033
vt 0.743395 0.394342
vt 0.371054 0.825530
vt 0.340721 0.817044
vt 0.370386 0.820786
vt 0.370410 0.821649
vt 0.370534 0.823103
vt 0.370666 0.815722
vt 0.370632 0.808327
vt 0.370926 0.810658
vt 0.371154 0.830267
vt 0.371321 0.828795
vt 0.371336 0.827280
vt 0.340458 0.815472
vt 0.339680 0.813598
vt 0.339039 0.812466
vt 0.339036 0.809429
vt 0.308884 0.807435
vt 0.308110 0.809468
vt 0.369564 0.773520
vt 0.352649 0.730626
vt 0.369406 0.731816
vt 0.369438 0.738095
vt 0.332496 0.729757
vt 0.369467 0.744906
vt 0.332553 0.740905
vt 0.332530 0.736213
vt 0.369520 0.759334
vt 0.332606 0.753410
vt 0.369495 0.752052
vt 0.332595 0.750590
vt 0.332563 0.743224
vt 0.332675 0.772810
vt 0.332657 0.767550
vt 0.332624 0.758110
vt 0.320296 0.729535
vt 0.320354 0.740718
vt 0.320408 0.753265
vt 0.320460 0.767458
vt 0.320505 0.781822
vt 0.307306 0.740667
vt 0.307360 0.753228
vt 0.307412 0.767439
vt 0.307457 0.781823
vt 0.700382 0.824893
vt 0.700387 0.831982
vt 0.680232 0.832889
vt 0.680200 0.758069
vt 0.700357 0.757781
vt 0.680203 0.768963
vt 0.700359 0.768589
vt 0.680206 0.779605
vt 0.700362 0.779146
vt 0.680209 0.789902
vt 0.700365 0.789357
vt 0.680210 0.790583
vt 0.700369 0.799131
vt 0.680213 0.799758
vt 0.680216 0.806121
vt 0.700374 0.808374
vt 0.680218 0.809080
vt 0.680222 0.817771
vt 0.700378 0.816992
vt 0.680227 0.825740
vt 0.717136 0.810890
vt 0.717132 0.803182
vt 0.717128 0.794992
vt 0.717139 0.818103
vt 0.717145 0.830757
vt 0.717142 0.824735
vt 0.717142 0.823748
vt 0.700372 0.543527
vt 0.680207 0.543269
vt 0.700372 0.518160
vt 0.680206 0.517903
vt 0.668004 0.491787
vt 0.668004 0.474276
vt 0.445898 0.801060
vt 0.668008 0.440864
vt 0.668006 0.456483
vt 0.458948 0.800999
vt 0.654958 0.440810
vt 0.654956 0.456437
vt 0.654954 0.474240
vt 0.667999 0.758146
vt 0.668001 0.766506
vt 0.668009 0.790730
vt 0.668004 0.774734
vt 0.668016 0.806302
vt 0.668024 0.820728
vt 0.668028 0.827219
vt 0.668033 0.833130
vt 0.654952 0.766539
vt 0.654954 0.774772
vt 0.654960 0.790780
vt 0.654967 0.806363
vt 0.654975 0.820800
vt 0.654979 0.827296
vt 0.680196 0.695308
vt 0.680196 0.692496
vt 0.700357 0.692663
vt 0.680197 0.672685
vt 0.700360 0.672953
vt 0.680196 0.713803
vt 0.700355 0.713837
vt 0.680196 0.715458
vt 0.700355 0.724755
vt 0.700355 0.735776
vt 0.680196 0.733917
vt 0.680196 0.724795
vt 0.700355 0.746814
vt 0.680198 0.747017
vt 0.680197 0.735896
vt 0.700372 0.574309
vt 0.700371 0.590864
vt 0.700369 0.607271
vt 0.680206 0.573998
vt 0.680205 0.590523
vt 0.680204 0.606905
vt 0.667998 0.750546
vt 0.667994 0.695269
vt 0.667995 0.672614
vt 0.667994 0.715452
vt 0.667996 0.733945
vt 0.654944 0.695257
vt 0.654944 0.715451
vt 0.654946 0.733956
vt 0.654948 0.750568
vt 0.700363 0.655165
vt 0.680199 0.654831
vt 0.700366 0.638790
vt 0.680201 0.638421
vt 0.799514 0.913367
vt 0.867697 0.913369
vt 0.867698 0.932185
vt 0.795296 0.797053
vt 0.795293 0.784143
vt 0.863476 0.784147
vt 0.793632 0.911933
vt 0.799514 0.911145
vt 0.793634 0.918272
vt 0.793635 0.925431
vt 0.793632 0.911145
vt 0.793630 0.906743
vt 0.799505 0.895646
vt 0.793627 0.901260
vt 0.793627 0.900832
vt 0.793621 0.892807
vt 0.799501 0.891171
vt 0.793623 0.894795
vt 0.793624 0.896082
vt 0.793620 0.891170
vt 0.793618 0.889318
vt 0.799487 0.877697
vt 0.793610 0.881649
vt 0.563037 0.559000
vt 0.557156 0.563043
vt 0.563035 0.554354
vt 0.557153 0.554354
vt 0.557153 0.553427
vt 0.563031 0.540197
vt 0.557150 0.541739
vt 0.563030 0.534617
vt 0.557149 0.535284
vt 0.557149 0.534618
vt 0.557148 0.528535
vt 0.563028 0.519872
vt 0.557147 0.521547
vt 0.563027 0.513645
vt 0.557146 0.513645
vt 0.557145 0.507145
vt 0.563026 0.499251
vt 0.557145 0.499911
vt 0.563026 0.492755
vt 0.557145 0.492772
vt 0.557145 0.492755
vt 0.563027 0.479577
vt 0.557145 0.485817
vt 0.557146 0.479108
vt 0.563028 0.473260
vt 0.557146 0.473260
vt 0.557146 0.472710
vt 0.563030 0.462034
vt 0.579134 0.472265
vt 0.573249 0.474980
vt 0.579151 0.462493
vt 0.573260 0.467245
vt 0.579161 0.457364
vt 0.573280 0.457364
vt 0.579173 0.452941
vt 0.573296 0.451250
vt 0.579204 0.443189
vt 0.573323 0.443190
vt 0.557155 0.443190
vt 0.563037 0.443189
vt 0.557151 0.450715
vt 0.563034 0.447681
vt 0.557150 0.456385
vt 0.563031 0.456384
vt 0.557148 0.460941
vt 0.557147 0.466652
vt 0.579131 0.474980
vt 0.579128 0.477135
vt 0.573238 0.485945
vt 0.579123 0.482217
vt 0.579118 0.487846
vt 0.573232 0.494931
vt 0.579114 0.494276
vt 0.579114 0.494930
vt 0.573229 0.506224
vt 0.579111 0.502018
vt 0.573230 0.515964
vt 0.579112 0.515963
vt 0.573236 0.526859
vt 0.579125 0.536755
vt 0.573244 0.536756
vt 0.573312 0.572490
vt 0.573289 0.564278
vt 0.579153 0.556000
vt 0.573271 0.556001
vt 0.573256 0.546607
vt 0.579193 0.572489
vt 0.579197 0.573768
vt 0.573334 0.578808
vt 0.579204 0.575858
vt 0.575232 0.823109
vt 0.578861 0.817958
vt 0.578861 0.828532
vt 0.539293 0.825857
vt 0.543358 0.832291
vt 0.539293 0.836864
vt 0.863468 0.763662
vt 0.869348 0.761634
vt 0.869349 0.763662
vt 0.863471 0.769780
vt 0.869352 0.769315
vt 0.863474 0.778764
vt 0.869355 0.775618
vt 0.869356 0.778764
vt 0.867698 0.933342
vt 0.867691 0.953018
vt 0.793628 0.951835
vt 0.793632 0.942456
vt 0.793634 0.933553
vt 0.793634 0.932183
vt 0.867674 0.972179
vt 0.793611 0.972177
vt 0.867675 0.971284
vt 0.793621 0.961742
vt 0.793627 0.952963
vt 0.869361 0.838486
vt 0.869361 0.841511
vt 0.795297 0.841709
vt 0.869359 0.849179
vt 0.795293 0.859016
vt 0.869357 0.859020
vt 0.795293 0.861020
vt 0.869354 0.871393
vt 0.795287 0.877697
vt 0.869352 0.877399
vt 0.793610 0.972490
vt 0.795298 0.817386
vt 0.869362 0.817894
vt 0.795298 0.821711
vt 0.795297 0.838482
vt 0.869356 0.780970
vt 0.869358 0.786369
vt 0.869359 0.791912
vt 0.869360 0.797057
vt 0.795297 0.802154
vt 0.869361 0.803982
vt 0.869362 0.817390
vt 0.764558 0.963066
vt 0.756053 0.963058
vt 0.764558 0.932763
vt 0.753935 0.932752
vt 0.753935 0.963055
vt 0.748753 0.963042
vt 0.745949 0.932728
vt 0.745949 0.963032
vt 0.983808 0.629826
vt 0.983808 0.660129
vt 0.980898 0.660128
vt 0.975590 0.629823
vt 0.973436 0.660125
vt 0.975590 0.660126
vt 0.866569 0.404348
vt 0.863336 0.406943
vt 0.865975 0.396990
vt 0.884526 0.394694
vt 0.877482 0.402856
vt 0.871877 0.402510
vt 0.896952 0.390718
vt 0.900840 0.400195
vt 0.891272 0.394371
vt 0.891580 0.404264
vt 0.881472 0.403913
vt 0.896069 0.372287
vt 0.890065 0.369194
vt 0.876227 0.358313
vt 0.883319 0.369518
vt 0.867269 0.365215
vt 0.877638 0.373171
vt 0.862072 0.375258
vt 0.874545 0.379175
vt 0.861612 0.386557
vt 0.874869 0.385921
vt 0.878522 0.391601
vt 0.877378 0.353973
vt 0.877394 0.354001
vt 0.878917 0.355741
vt 0.880993 0.356761
vt 0.893119 0.359976
vt 0.902074 0.364678
vt 0.899722 0.377968
vt 0.908102 0.372800
vt 0.900045 0.384714
vt 0.910009 0.382733
vt 0.907417 0.392510
vt 0.557663 0.950937
vt 0.557663 0.970297
vt 0.553396 0.950935
vt 0.553396 0.970296
vt 0.547676 0.950935
vt 0.547676 0.970295
vt 0.542036 0.950935
vt 0.542036 0.970296
vt 0.969069 0.752154
vt 0.969069 0.771514
vt 0.963607 0.752158
vt 0.963607 0.771518
vt 0.957785 0.752156
vt 0.957785 0.771516
vt 0.745289 0.932730
vt 0.745289 0.952090
vt 0.740110 0.932728
vt 0.740110 0.952089
vt 0.734231 0.932729
vt 0.734231 0.952089
vt 0.729226 0.932730
vt 0.729226 0.952091
vt 0.963042 0.883571
vt 0.963042 0.902931
vt 0.959261 0.883584
vt 0.959261 0.902944
vt 0.953734 0.883590
vt 0.953734 0.902950
vt 0.947941 0.883587
vt 0.947941 0.902947
vt 0.943435 0.883576
vt 0.943435 0.902936
vt 0.464258 0.943689
vt 0.464259 0.941107
vt 0.485291 0.945648
vt 0.485293 0.939009
vt 0.464257 0.953388
vt 0.464257 0.949954
vt 0.485290 0.954545
vt 0.464258 0.946686
vt 0.464258 0.945648
vt 0.485291 0.963319
vt 0.464258 0.963321
vt 0.464257 0.960195
vt 0.464257 0.954545
vt 0.509070 0.940696
vt 0.510220 0.940696
vt 0.510217 0.961729
vt 0.512495 0.940695
vt 0.518714 0.961724
vt 0.515758 0.940694
vt 0.518714 0.940691
vt 0.505613 0.940695
vt 0.501161 0.961726
vt 0.502241 0.940693
vt 0.047589 0.951758
vt 0.068622 0.955031
vt 0.047587 0.959814
vt 0.496307 0.940686
vt 0.501163 0.940693
vt 0.047589 0.942611
vt 0.068622 0.944852
vt 0.068623 0.948315
vt 0.068622 0.951740
vt 0.068622 0.951758
vt 0.068620 0.935635
vt 0.068621 0.938396
vt 0.047587 0.934826
vt 0.068622 0.941501
vt 0.068622 0.942612
vt 0.000009 0.959445
vt 0.021042 0.959445
vt 0.021048 0.962067
vt 0.000029 0.965327
vt 0.021062 0.965327
vt 0.068620 0.934826
vt 0.021037 0.956420
vt -0.000000 0.950847
vt 0.021034 0.953121
vt 0.021036 0.942899
vt 0.021034 0.946226
vt 0.000004 0.941836
vt 0.021033 0.949690
vt 0.021033 0.950847
vt 0.464260 0.939009
vt 0.000021 0.934826
vt 0.021055 0.934826
vt 0.021047 0.937078
vt 0.021038 0.941836
vt 0.445403 0.944231
vt 0.451501 0.942597
vt 0.445403 0.950113
vt 0.451501 0.951747
vt 0.442462 0.955208
vt 0.446926 0.959672
vt 0.437368 0.958149
vt 0.439002 0.964247
vt 0.431485 0.958149
vt 0.429852 0.964247
vt 0.426391 0.955208
vt 0.421927 0.959672
vt 0.423450 0.950113
vt 0.417352 0.951747
vt 0.423450 0.944231
vt 0.417352 0.942597
vt 0.426391 0.939137
vt 0.421927 0.934673
vt 0.431486 0.936196
vt 0.429852 0.930098
vt 0.437368 0.936196
vt 0.439002 0.930098
vt 0.442462 0.939137
vt 0.446926 0.934673
vt 0.764606 0.512513
vt 0.773065 0.503347
vt 0.773024 0.522533
vt 0.762278 0.532713
vt 0.771678 0.493846
vt 0.762278 0.492313
vt 0.769387 0.484460
vt 0.755416 0.473172
vt 0.762314 0.466656
vt 0.737244 0.588837
vt 0.730713 0.582305
vt 0.740157 0.586426
vt 0.744381 0.568932
vt 0.752668 0.573058
vt 0.757540 0.458262
vt 0.744381 0.456093
vt 0.751976 0.450336
vt 0.744988 0.442257
vt 0.730713 0.442720
vt 0.737907 0.435525
vt 0.771610 0.531665
vt 0.769336 0.540589
vt 0.755416 0.551853
vt 0.762466 0.557531
vt 0.757902 0.565539
vt 0.707449 0.929888
vt 0.690614 0.929893
vt 0.690587 0.922811
vt 0.538393 0.615897
vt 0.543518 0.578808
vt 0.543518 0.617396
vt 0.957122 0.789191
vt 0.945166 0.752201
vt 0.957122 0.752154
vt 0.887885 0.416541
vt 0.924923 0.416543
vt 0.887888 0.422447
vt 0.924929 0.431029
vt 0.871063 0.467687
vt 0.871062 0.456597
vt 0.924936 0.466498
vt 0.924933 0.448381
vt 0.941853 0.478688
vt 0.871063 0.478684
vt 0.941930 0.476920
vt 0.871063 0.476440
vt 0.942087 0.472717
vt 0.942226 0.467335
vt 0.941062 0.466499
vt 0.871053 0.422446
vt 0.871057 0.431026
vt 0.871059 0.438279
vt 0.871061 0.448378
vt 0.744459 0.922795
vt 0.690566 0.916015
vt 0.744416 0.907411
vt 0.690544 0.907427
vt 0.690527 0.898943
vt 0.744384 0.889407
vt 0.690512 0.889422
vt 0.690500 0.879609
vt 0.744364 0.869724
vt 0.690484 0.849412
vt 0.744356 0.850611
vt 0.690486 0.859066
vt 0.690491 0.869740
vt 0.690486 0.838434
vt 0.763548 0.838413
vt 0.761548 0.850606
vt 0.762872 0.849798
vt 0.762962 0.848033
vt 0.730714 0.805382
vt 0.765647 0.805382
vt 0.730713 0.807652
vt 0.765646 0.807652
vt 0.730713 0.810585
vt 0.765646 0.810585
vt 0.730713 0.813512
vt 0.765646 0.813512
vt 0.793341 0.836784
vt 0.793341 0.871717
vt 0.790641 0.836787
vt 0.790642 0.871720
vt 0.787625 0.836787
vt 0.787625 0.871720
vt 0.765647 0.802845
vt 0.730714 0.802845
vt 0.765647 0.804273
vt 0.730714 0.804273
vt 0.382118 0.929311
vt 0.382111 0.964244
vt 0.784592 0.871720
vt 0.784592 0.836787
vt 0.786077 0.836787
vt 0.786077 0.871719
vt 0.156035 0.684672
vt 0.156035 0.714554
vt 0.579204 0.615411
vt 0.579204 0.645293
vt 0.578768 0.615411
vt 0.577095 0.645293
vt 0.577095 0.614284
vt 0.576090 0.613878
vt 0.178649 0.550609
vt 0.180363 0.550610
vt 0.180363 0.607838
vt 0.871618 0.481871
vt 0.176236 0.552496
vt 0.177318 0.551701
vt 0.177281 0.609520
vt 0.180524 0.476545
vt 0.180524 0.533577
vt 0.178455 0.477493
vt 0.178329 0.609521
vt 0.180524 0.476545
vt 0.180599 0.476548
vt 0.180599 0.532650
vt 0.942253 0.481646
vt 0.941846 0.479239
vt 0.763990 0.836376
vt 0.690489 0.835473
vt 0.764552 0.835229
vt 0.690494 0.833211
vt 0.764558 0.833211
vt 0.178455 0.476545
vt 0.178455 0.550609
vt 0.176257 0.550609
vt 0.176236 0.476545
vt 0.977205 0.533735
vt 0.942272 0.533819
vt 0.977203 0.535489
vt 0.942271 0.535573
vt 0.810462 0.661928
vt 0.861810 0.661931
vt 0.811494 0.660129
vt 0.862842 0.660132
vt 0.932762 0.157052
vt 0.984109 0.157055
vt 0.983628 0.158416
vt 0.932279 0.158421
vt 0.863303 0.782700
vt 0.795293 0.781205
vt 0.862823 0.781208
vt 0.861792 0.779219
vt 0.786437 0.501755
vt 0.786437 0.435256
vt 0.543518 0.645318
vt 0.543518 0.578820
vt 0.547081 0.645320
vt 0.547081 0.578822
vt 0.774455 0.501753
vt 0.774455 0.435254
vt 0.801200 0.907209
vt 0.867699 0.907211
vt 0.801199 0.908310
vt 0.867697 0.910164
vt 0.800210 0.910098
vt 0.799689 0.911733
vt 0.862777 0.315273
vt 0.872631 0.319074
vt 0.861612 0.315990
vt 0.878907 0.319339
vt 0.878995 0.319343
vt 0.737307 0.588900
vt 0.740765 0.587128
vt 0.737237 0.590021
vt 0.773947 0.522629
vt 0.772519 0.531852
vt 0.747072 0.581071
vt 0.770224 0.540860
vt 0.878898 0.263210
vt 0.766865 0.550227
vt 0.763293 0.557955
vt 0.758687 0.566034
vt 0.753405 0.573623
vt 0.752709 0.449767
vt 0.758325 0.457766
vt 0.774455 0.513052
vt 0.763141 0.466236
vt 0.767184 0.475206
vt 0.770278 0.484198
vt 0.772589 0.493668
vt 0.773989 0.503257
vt 0.745658 0.441615
vt 0.737972 0.434352
vt 0.176016 0.594611
vt 0.176016 0.605129
vt 0.175157 0.595408
vt 0.766685 0.825420
vt 0.767330 0.832958
vt 0.757310 0.813512
vt 0.703949 0.965160
vt 0.688797 0.965159
vt 0.705766 0.932724
vt 0.690614 0.932728
vt 0.705767 0.932222
vt 0.690616 0.932147
vt 0.705860 0.932145
vt 0.690616 0.931349
vt 0.706662 0.931344
vt 0.690616 0.930530
vt 0.707240 0.930525
vt 0.707393 0.930181
vt 0.871053 0.421230
vt 0.887613 0.421231
vt 0.871053 0.419791
vt 0.886826 0.419792
vt 0.886204 0.418960
vt 0.160358 0.637845
vt 0.156035 0.680209
vt 0.156049 0.681184
vt 0.156288 0.682130
vt 0.450550 0.263008
vt 0.462752 0.283227
vt 0.470833 0.305418
vt 0.474488 0.328749
vt 0.473582 0.352348
vt 0.468148 0.375330
vt 0.458391 0.396836
vt 0.444674 0.416060
vt 0.427512 0.432282
vt 0.407547 0.444896
vt 0.156035 0.591033
vt 0.157652 0.590558
vt 0.160472 0.614229
vt 0.449818 0.261409
vt 0.451462 0.261045
vt 0.449803 0.259650
vt 0.452226 0.247823
vt 0.464528 0.216445
vt 0.460255 0.208625
vt 0.459229 0.242313
vt 0.460776 0.240422
vt 0.175157 0.589729
vt 0.173474 0.588301
vt 0.175157 0.581786
vt 0.464072 0.234514
vt 0.465392 0.230098
vt 0.465914 0.225520
vt 0.755284 0.964746
vt 0.465207 0.218791
vt 0.474299 0.140068
vt 0.475189 0.137665
vt 0.482042 0.071856
vt 0.475659 0.056677
vt 0.481903 0.122078
vt 0.483050 0.118106
vt 0.485353 0.105462
vt 0.485804 0.097224
vt 0.485400 0.088491
vt 0.966503 0.370165
vt 0.483288 0.076311
vt 0.475545 0.047521
vt 0.476786 0.050499
vt 0.476815 0.053726
vt 0.468822 0.038678
vt 0.688812 0.880030
vt 0.688797 0.859098
vt 0.688797 0.838074
vt 0.557145 0.558353
vt 0.556561 0.568398
vt 0.554879 0.568394
vt 0.557145 0.578687
vt 0.180596 0.620781
vt 0.182283 0.630176
vt 0.180596 0.640482
vt 0.554878 0.558353
vt 0.554295 0.568800
vt 0.552613 0.568804
vt 0.554878 0.578687
vt 0.791567 0.757807
vt 0.793255 0.765507
vt 0.791567 0.775202
vt 0.543475 0.824022
vt 0.541830 0.824372
vt 0.541830 0.812877
vt 0.462315 0.806690
vt 0.460627 0.815140
vt 0.460627 0.800999
vt 0.552613 0.578687
vt 0.550349 0.569214
vt 0.552031 0.569202
vt 0.552613 0.558353
vt 0.383203 0.007412
vt 0.383603 0.006679
vt 0.383204 0.008248
vt 0.383608 0.008980
vt 0.688928 0.931267
vt 0.543441 0.824856
vt 0.390268 0.001882
vt 0.705633 0.956457
vt 0.705633 0.949002
vt 0.398261 0.000000
vt 0.415635 0.000960
vt 0.432557 0.005015
vt 0.439641 0.006115
vt 0.441943 0.005949
vt 0.858179 0.000397
vt 0.858654 0.000805
vt 0.859033 0.001354
vt 0.857449 0.000066
vt 0.860694 0.004602
vt 0.861612 0.008129
vt 0.869370 0.418765
vt 0.869370 0.419654
vt 0.861402 0.009603
vt 0.860692 0.010912
vt 0.859571 0.011891
vt 0.942253 0.374601
vt 0.942253 0.410047
vt 0.941210 0.414106
vt 0.941988 0.412143
vt 0.842987 0.151369
vt 0.842983 0.152136
vt 0.841341 0.152054
vt 0.869379 0.496977
vt 0.869381 0.476264
vt 0.732506 0.824620
vt 0.730713 0.822433
vt 0.732394 0.822369
vt 0.732506 0.813512
vt 0.540300 0.552169
vt 0.538617 0.560747
vt 0.538617 0.540528
vt 0.542556 0.578687
vt 0.540300 0.567173
vt 0.541982 0.567198
vt 0.542556 0.558353
vt 0.543515 0.724845
vt 0.541832 0.732512
vt 0.541832 0.713847
vt 0.550349 0.578687
vt 0.548094 0.567179
vt 0.549775 0.567203
vt 0.550349 0.558353
vt 0.091954 0.800637
vt 0.090271 0.806991
vt 0.090271 0.790857
vt 0.850118 0.018428
vt 0.961917 0.904638
vt 0.841824 0.147428
vt 0.842508 0.148890
vt 0.832507 0.135223
vt 0.578675 0.838857
vt 0.575232 0.837285
vt 0.578675 0.828533
vt 0.544307 0.558353
vt 0.548093 0.567135
vt 0.544307 0.578474
vt 0.818549 0.087669
vt 0.819136 0.098127
vt 0.869370 0.535573
vt 0.821065 0.108782
vt 0.823685 0.117445
vt 0.961963 0.923126
vt 0.828643 0.128648
vt 0.939655 0.370713
vt 0.941020 0.371625
vt 0.941932 0.372991
vt 0.837208 0.265370
vt 0.933751 0.370393
vt 0.938044 0.370393
vt 0.793610 0.778353
vt 0.793610 0.780885
vt 0.836455 0.268444
vt 0.834621 0.271023
vt 0.929546 0.374433
vt 0.930163 0.372400
vt 0.931695 0.370929
vt 0.793614 0.801606
vt 0.825002 0.281974
vt 0.821913 0.286474
vt 0.793615 0.821554
vt 0.577649 0.780672
vt 0.577649 0.775961
vt 0.579204 0.780030
vt 0.793614 0.841953
vt 0.809367 0.320813
vt 0.809004 0.324045
vt 0.793610 0.861650
vt 0.809247 0.341913
vt 0.809531 0.344044
vt 0.814377 0.362379
vt 0.814763 0.363353
vt 0.824404 0.380882
vt 0.869383 0.913075
vt 0.869385 0.933448
vt 0.837909 0.395641
vt 0.928025 0.388305
vt 0.924608 0.401836
vt 0.926209 0.402359
vt 0.869383 0.910511
vt 0.857039 0.408772
vt 0.858642 0.411547
vt 0.859091 0.414721
vt 0.861612 0.427109
vt 0.859443 0.424070
vt 0.858802 0.420393
vt 0.178844 0.537699
vt 0.178534 0.536116
vt 0.178844 0.535991
vt 0.178844 0.533577
vt 0.092060 0.932159
vt 0.878441 0.352167
vt 0.878854 0.353164
vt 0.092060 0.932191
vt 0.092060 0.934503
vt 0.881425 0.355135
vt 0.879942 0.354407
vt 0.879535 0.354051
vt 0.893551 0.358350
vt 0.903169 0.363400
vt 0.092092 0.956782
vt 0.092088 0.966838
vt 0.909644 0.372124
vt 0.911692 0.382793
vt 0.908908 0.393294
vt 0.901844 0.401548
vt 0.913143 0.878753
vt 0.913139 0.868669
vt 0.891898 0.405919
vt 0.881041 0.405542
vt 0.862925 0.408498
vt 0.863725 0.409101
vt 0.861612 0.413454
vt 0.867423 0.405801
vt 0.913126 0.845030
vt 0.913129 0.850646
vt 0.872105 0.404179
vt 0.877052 0.404484
vt 0.016461 0.762150
vt 0.030951 0.767306
vt 0.015966 0.761104
vt 0.015323 0.760958
vt 0.013983 0.760014
vt 0.005097 0.619376
vt 0.000000 0.623506
vt 0.001113 0.622321
vt 0.035688 0.768601
vt 0.166743 0.784560
vt 0.165057 0.780731
vt 0.166743 0.766252
vt 0.784831 0.778908
vt 0.785332 0.763134
vt 0.787014 0.763029
vt 0.784831 0.757807
vt 0.543517 0.675989
vt 0.541834 0.670461
vt 0.543517 0.656809
vt 0.782621 0.778907
vt 0.783148 0.763573
vt 0.784831 0.763477
vt 0.782621 0.757807
vt 0.540000 0.509677
vt 0.538316 0.503592
vt 0.540000 0.488946
vt 0.539252 0.777747
vt 0.539803 0.762852
vt 0.541486 0.762764
vt 0.539252 0.756647
vt 0.539999 0.488946
vt 0.538316 0.482620
vt 0.539999 0.467912
vt 0.576911 0.775961
vt 0.577484 0.761505
vt 0.579168 0.761427
vt 0.576911 0.754861
vt 0.182282 0.620781
vt 0.180599 0.614599
vt 0.182282 0.600713
vt 0.539252 0.756647
vt 0.539844 0.742630
vt 0.541527 0.742561
vt 0.539252 0.735547
vt 0.792584 0.456318
vt 0.790901 0.450709
vt 0.792584 0.438425
vt 0.576867 0.754861
vt 0.577476 0.741283
vt 0.579160 0.741223
vt 0.576867 0.733761
vt 0.558828 0.577684
vt 0.557145 0.573093
vt 0.558828 0.563043
vt 0.135908 0.711703
vt 0.138807 0.698873
vt 0.139577 0.690924
vt 0.139241 0.678213
vt 0.137964 0.669886
vt 0.165057 0.784560
vt 0.166744 0.791888
vt 0.165057 0.800874
vt 0.541567 0.714447
vt 0.540921 0.726708
vt 0.539237 0.726740
vt 0.541567 0.735547
vt 0.541835 0.675989
vt 0.543522 0.684620
vt 0.541835 0.695063
vt 0.579204 0.712661
vt 0.578550 0.724482
vt 0.576867 0.724506
vt 0.579204 0.733761
vt 0.180599 0.519485
vt 0.182286 0.528994
vt 0.180599 0.540169
vt 0.733368 0.813512
vt 0.735013 0.824793
vt 0.733368 0.825147
vt 0.571541 0.506106
vt 0.571547 0.527153
vt 0.541581 0.672247
vt 0.540918 0.683189
vt 0.539235 0.683195
vt 0.541581 0.693347
vt 0.180599 0.560478
vt 0.182286 0.570082
vt 0.180599 0.580621
vt 0.561354 0.570217
vt 0.559666 0.577863
vt 0.559666 0.563043
vt 0.540918 0.661650
vt 0.539235 0.661647
vt 0.541582 0.672247
vt 0.538617 0.560747
vt 0.540304 0.569454
vt 0.538617 0.578771
vt 0.539236 0.703400
vt 0.541580 0.693347
vt 0.540918 0.703410
vt 0.541580 0.714447
vt 0.043809 0.603431
vt 0.034349 0.605316
vt 0.023446 0.608958
vt 0.015137 0.612925
vt 0.001945 0.621009
vt 0.475732 0.260937
vt 0.471399 0.261393
vt 0.467418 0.259622
vt 0.464856 0.256098
vt 0.464399 0.251764
vt 0.466170 0.247783
vt 0.469695 0.245221
vt 0.474028 0.244765
vt 0.478009 0.246536
vt 0.480571 0.250060
vt 0.481028 0.254394
vt 0.479257 0.258375
vt 0.491035 0.165259
vt 0.486702 0.165716
vt 0.482721 0.163945
vt 0.480159 0.160420
vt 0.479702 0.156087
vt 0.481473 0.152106
vt 0.484998 0.149544
vt 0.489331 0.149087
vt 0.493312 0.150858
vt 0.495874 0.154383
vt 0.496331 0.158716
vt 0.494560 0.162697
vt 0.194554 0.727888
vt 0.194805 0.729441
vt 0.193419 0.728067
vt 0.182455 0.714381
vt 0.183973 0.715851
vt 0.185809 0.716897
vt 0.782621 0.782063
vt 0.781968 0.780725
vt 0.780627 0.773416
vt 0.780890 0.779699
vt 0.778818 0.765859
vt 0.778044 0.766177
vt 0.779342 0.765208
vt 0.779465 0.764818
vt 0.779488 0.764386
vt 0.070306 0.940912
vt 0.070307 0.946967
vt 0.022712 0.949727
vt 0.022714 0.955290
vt 0.612488 0.167967
vt 0.614649 0.165271
vt 0.784234 0.782690
vt 0.784234 0.778907
vt 0.786078 0.782632
vt 0.617309 0.163036
vt 0.618286 0.162414
vt 0.630538 0.160247
vt 0.627098 0.159948
vt 0.571541 0.576098
vt 0.571493 0.578598
vt 0.569085 0.576098
vt 0.642504 0.168616
vt 0.641873 0.167628
vt 0.639648 0.164981
vt 0.636938 0.162809
vt 0.635962 0.162218
vt 0.611037 0.184566
vt 0.609998 0.181272
vt 0.609618 0.177820
vt 0.462573 0.951096
vt 0.462573 0.956065
vt 0.618626 0.193029
vt 0.612084 0.186631
vt 0.612709 0.187611
vt 0.175238 0.726052
vt 0.177490 0.726052
vt 0.175340 0.728771
vt 0.627493 0.195299
vt 0.630927 0.194923
vt 0.634237 0.193880
vt 0.642100 0.187281
vt 0.639926 0.189989
vt 0.509160 0.939016
vt 0.636302 0.192833
vt 0.637275 0.192213
vt 0.784234 0.778907
vt 0.784234 0.782711
vt 0.782621 0.782184
vt 0.624032 0.194997
vt 0.541833 0.769468
vt 0.543518 0.770274
vt 0.541833 0.774280
vt 0.609918 0.174373
vt 0.611888 0.168955
vt 0.022720 0.938899
vt 0.498254 0.939010
vt 0.642700 0.186292
vt 0.644669 0.180875
vt 0.644970 0.177428
vt 0.644970 0.177409
vt 0.070307 0.952125
vt 0.171857 0.590476
vt 0.169706 0.590356
vt 0.171857 0.587634
vt 0.554199 0.971979
vt 0.547631 0.971978
vt 0.883832 0.371123
vt 0.889708 0.370841
vt 0.894937 0.373535
vt 0.963807 0.773205
vt 0.957122 0.773203
vt 0.898119 0.378482
vt 0.898401 0.384358
vt 0.740498 0.953772
vt 0.733747 0.953772
vt 0.895707 0.389587
vt 0.890759 0.392769
vt 0.884884 0.393050
vt 0.879655 0.390357
vt 0.953881 0.904638
vt 0.947230 0.904635
vt 0.876473 0.385409
vt 0.876191 0.379534
vt 0.878885 0.374304
vt 0.791870 0.650157
vt 0.791870 0.633365
vt 0.793553 0.634580
vt 0.779460 0.522382
vt 0.985143 0.155548
vt 0.788641 0.435254
vt 0.788116 0.450578
vt 0.786437 0.450675
vt 0.788641 0.456318
vt 0.791878 0.667261
vt 0.793561 0.672548
vt 0.791878 0.683887
vt 0.788174 0.522819
vt 0.787516 0.534098
vt 0.785833 0.534114
vt 0.788174 0.543882
vt 0.561354 0.563044
vt 0.563037 0.571196
vt 0.561354 0.578307
vt 0.783315 0.546321
vt 0.782893 0.539075
vt 0.985134 0.171855
vt 0.780363 0.525465
vt 0.155409 0.479030
vt 0.146947 0.492767
vt 0.156035 0.476545
vt 0.538780 0.466458
vt 0.538780 0.460350
vt 0.538994 0.464854
vt 0.933798 0.141464
vt 0.012981 0.496881
vt 0.013555 0.498334
vt 0.933795 0.121579
vt 0.791878 0.694865
vt 0.793564 0.687271
vt 0.793564 0.703932
vt 0.785833 0.590021
vt 0.786493 0.578962
vt 0.788177 0.578950
vt 0.785833 0.568958
vt 0.543516 0.713847
vt 0.541831 0.704657
vt 0.543516 0.695063
vt 0.788174 0.513212
vt 0.785833 0.522819
vt 0.786490 0.513195
vt 0.785833 0.501755
vt 0.785833 0.564946
vt 0.786462 0.556758
vt 0.788146 0.556804
vt 0.785833 0.543882
vt 0.576867 0.731338
vt 0.575184 0.718728
vt 0.576867 0.712661
vt 0.092532 0.526766
vt 0.099164 0.525368
vt 0.876950 0.859837
vt 0.167728 0.581786
vt 0.167728 0.587439
vt 0.166136 0.582339
vt 0.876942 0.839902
vt 0.130724 0.509786
vt 0.133731 0.507292
vt 0.876937 0.820963
vt 0.145480 0.494755
vt 0.197320 0.504237
vt 0.182455 0.478694
vt 0.182978 0.479408
vt 0.185251 0.480701
vt 0.183638 0.479996
vt 0.232003 0.671909
vt 0.217673 0.684419
vt 0.216652 0.684613
vt 0.215656 0.685085
vt 0.201225 0.507717
vt 0.198995 0.506288
vt 0.233287 0.671036
vt 0.234800 0.670688
vt 0.786262 0.873406
vt 0.787191 0.873406
vt 0.220450 0.518773
vt 0.236798 0.533759
vt 0.249483 0.551951
vt 0.257891 0.572473
vt 0.261619 0.594335
vt 0.260485 0.616483
vt 0.254546 0.637851
vt 0.767330 0.779023
vt 0.767330 0.801549
vt 0.243888 0.661849
vt 0.244695 0.664756
vt 0.244060 0.667706
vt 0.242128 0.670024
vt 0.239341 0.671181
vt 0.791012 0.873406
vt 0.243391 0.660378
vt 0.243460 0.658827
vt 0.767330 0.802480
s 1
usemtl 超量金属太空银-光面.001
f 1/1/1 2/2/2 3/3/3
f 3/3/3 2/2/2 4/4/4
f 5/5/5 6/6/5 7/7/6
f 7/7/6 6/6/5 3/3/3
f 4/4/4 8/8/7 3/3/3
f 3/3/3 8/8/7 9/9/4
f 3/3/3 9/9/4 7/7/6
f 7/7/6 9/9/4 10/10/4
f 7/7/6 10/10/4 11/11/8
f 12/12/9 13/13/10 14/14/4
f 15/15/4 16/16/11 17/17/4
f 15/15/4 17/17/4 18/18/12
f 18/18/12 17/17/4 19/19/13
f 19/19/13 17/17/4 20/20/14
f 19/19/13 20/20/14 21/21/15
f 14/14/4 22/22/4 12/12/9
f 12/12/9 22/22/4 23/23/4
f 12/12/9 23/23/4 17/17/4
f 17/17/4 23/23/4 24/24/4
f 17/17/4 24/24/4 20/20/14
f 25/25/16 26/26/16 27/27/16
f 28/28/16 29/29/16 30/30/16
f 31/31/16 32/32/16 33/33/17
f 33/33/17 32/32/16 34/34/17
f 33/33/17 34/34/17 35/35/16
f 35/35/16 34/34/17 36/36/16
f 35/35/16 36/36/16 37/37/16
f 37/37/16 36/36/16 38/38/16
f 39/39/16 40/40/16 41/41/16
f 42/42/18 43/43/16 44/44/16
f 44/44/16 43/43/16 45/45/19
f 44/44/16 45/45/16 46/46/16
f 46/46/16 45/45/16 47/47/16
f 46/46/16 47/47/16 48/48/16
f 30/30/16 49/49/16 50/50/16
f 50/50/16 49/49/16 51/51/16
f 50/50/16 51/51/16 52/52/16
f 53/53/16 54/54/16 55/55/16
f 55/55/16 54/54/16 56/56/16
f 55/55/16 56/56/16 57/57/16
f 57/57/16 56/56/16 58/58/16
f 59/59/16 60/60/16 61/61/16
f 25/25/16 27/27/16 62/62/16
f 63/63/16 64/64/16 65/65/16
f 65/65/16 64/64/16 54/54/16
f 65/65/16 54/54/16 47/47/16
f 47/47/16 54/54/16 53/53/16
f 47/47/16 53/53/16 48/48/16
f 66/66/16 67/67/16 68/68/16
f 30/30/16 29/29/16 44/44/16
f 44/44/16 29/29/16 69/69/16
f 44/44/16 69/69/16 42/42/16
f 41/41/16 40/40/16 27/27/16
f 27/27/16 40/40/16 70/70/16
f 27/27/16 70/70/16 62/62/16
f 71/71/16 72/72/16 73/73/16
f 73/73/16 72/72/16 74/74/16
f 73/73/16 74/74/16 75/75/16
f 75/75/16 74/74/16 76/76/16
f 75/75/16 76/76/16 77/77/16
f 77/77/16 76/76/16 67/67/16
f 77/77/16 67/67/16 78/78/16
f 78/78/16 67/67/16 66/66/16
f 79/79/16 80/80/16 81/81/16
f 81/81/16 80/80/16 82/82/16
f 61/61/16 60/60/16 83/83/16
f 83/83/16 60/60/16 84/84/16
f 83/83/16 84/84/16 85/85/16
f 41/41/16 86/86/16 39/39/16
f 39/39/16 86/86/16 87/87/16
f 39/39/16 87/87/16 88/88/16
f 88/88/16 87/87/16 89/89/16
f 88/88/16 89/89/16 90/90/16
f 90/90/16 89/89/16 91/91/16
f 71/71/16 92/92/16 72/72/16
f 72/72/16 92/92/16 93/93/16
f 72/72/16 93/93/16 94/94/16
f 82/82/16 95/95/16 81/81/16
f 81/81/16 95/95/16 96/96/16
f 81/81/16 96/96/16 68/68/16
f 68/68/16 96/96/16 97/97/16
f 68/68/16 97/97/16 66/66/16
f 98/98/16 99/99/16 50/50/16
f 50/50/16 99/99/16 100/100/16
f 50/50/16 100/100/16 30/30/16
f 30/30/16 100/100/16 101/101/20
f 30/30/16 101/101/20 28/28/16
f 102/102/21 85/85/16 103/103/16
f 103/103/16 85/85/16 84/84/16
f 103/103/16 84/84/16 104/104/16
f 104/104/16 84/84/16 105/105/16
f 31/31/16 27/27/16 32/32/16
f 32/32/16 27/27/16 26/26/16
f 32/32/16 26/26/16 106/106/16
f 106/106/16 26/26/16 107/107/16
f 106/106/16 107/107/16 108/108/16
f 108/108/16 107/107/16 109/109/16
f 108/108/16 109/109/16 110/110/16
f 91/91/16 50/50/16 90/90/16
f 90/90/16 50/50/16 52/52/16
f 90/90/16 52/52/16 111/111/16
f 111/111/16 52/52/16 112/112/16
f 111/111/16 112/112/16 58/58/16
f 58/58/16 112/112/16 113/113/16
f 93/93/16 114/114/16 94/94/16
f 94/94/16 114/114/16 115/115/16
f 94/94/16 115/115/16 116/116/16
f 116/116/16 115/115/16 117/117/16
f 116/116/16 117/117/16 118/118/16
f 118/118/16 117/117/16 119/119/16
f 118/118/16 119/119/16 63/63/16
f 63/63/16 119/119/16 120/120/16
f 121/121/16 122/122/20 123/123/17
f 38/38/16 36/36/16 50/50/16
f 50/50/16 36/36/16 124/124/16
f 50/50/16 124/124/16 98/98/16
f 125/125/17 126/126/22 127/127/23
f 61/61/16 128/128/16 59/59/16
f 59/59/16 128/128/16 129/129/16
f 59/59/16 129/129/16 130/130/16
f 131/131/17 121/121/16 123/123/17
f 109/109/16 132/132/16 110/110/16
f 110/110/16 132/132/16 133/133/16
f 110/110/16 133/133/16 105/105/16
f 105/105/16 133/133/16 134/134/16
f 105/105/16 134/134/16 104/104/16
f 129/129/16 135/135/16 130/130/16
f 130/130/16 135/135/16 125/125/17
f 130/130/16 125/125/17 136/136/16
f 136/136/16 125/125/17 127/127/23
f 137/137/16 138/138/16 139/139/16
f 140/140/16 141/141/16 142/142/16
f 142/143/16 143/144/16 144/145/16
f 144/145/16 143/144/16 145/146/16
f 145/146/16 143/144/16 146/147/16
f 145/146/16 146/147/16 147/148/16
f 139/139/16 138/138/16 148/149/16
f 146/147/16 149/150/16 147/148/16
f 147/148/16 149/150/16 150/151/16
f 147/148/16 150/151/16 151/152/16
f 151/152/16 150/151/16 152/153/16
f 153/154/16 154/155/16 140/140/16
f 140/140/16 154/155/16 155/156/16
f 140/140/16 155/156/16 141/141/16
f 156/157/16 157/158/16 158/159/16
f 152/153/16 159/160/16 151/152/16
f 151/152/16 159/160/16 160/161/16
f 151/152/16 160/161/16 161/162/16
f 161/162/16 160/161/16 162/163/16
f 161/162/16 162/163/16 163/164/16
f 163/164/16 162/163/16 164/165/16
f 163/164/16 164/165/16 165/166/16
f 165/166/16 164/165/16 166/167/16
f 165/166/16 166/167/16 167/168/16
f 167/168/16 166/167/16 157/158/16
f 167/168/16 157/158/16 168/169/16
f 168/169/16 157/158/16 156/157/16
f 139/139/16 169/170/16 137/137/16
f 137/137/16 169/170/16 170/171/16
f 137/137/16 170/171/16 158/159/16
f 158/159/16 170/171/16 171/172/16
f 158/159/16 171/172/16 156/157/16
f 172/173/16 173/174/16 174/175/24
f 174/175/24 173/174/16 175/176/16
f 176/177/25 177/178/19 178/179/26
f 178/179/26 177/178/19 179/180/16
f 180/181/16 181/182/24 182/183/19
f 182/183/19 181/182/24 154/155/24
f 182/183/16 154/155/16 179/180/16
f 179/180/16 154/155/16 153/154/16
f 179/180/27 153/154/27 178/179/27
f 183/184/16 184/185/16 185/186/16
f 186/187/16 187/188/16 188/189/16
f 188/189/16 187/188/16 189/190/16
f 188/189/16 189/190/16 190/191/16
f 191/192/16 192/193/19 193/194/16
f 185/186/16 194/195/16 183/184/16
f 183/184/16 194/195/16 195/196/16
f 183/184/16 195/196/16 196/197/16
f 196/197/16 195/196/16 197/198/16
f 196/197/16 197/198/16 198/199/16
f 198/199/16 197/198/16 199/200/16
f 198/199/16 199/200/16 200/201/16
f 200/201/16 199/200/16 201/202/16
f 200/201/16 201/202/16 202/203/16
f 202/203/16 201/202/16 203/204/16
f 202/203/16 203/204/16 172/173/16
f 172/173/16 203/204/16 204/205/16
f 172/173/16 204/205/16 173/174/16
f 186/187/16 205/206/16 187/188/16
f 187/188/16 205/206/16 206/207/16
f 187/188/16 206/207/16 207/208/16
f 207/208/16 206/207/16 208/209/16
f 207/208/16 208/209/16 184/185/16
f 184/185/16 208/209/16 209/210/16
f 184/185/16 209/210/16 185/186/16
f 175/176/16 210/211/16 174/175/24
f 174/175/24 210/211/16 211/212/16
f 174/175/24 211/212/16 212/213/16
f 212/213/16 211/212/16 148/149/16
f 212/213/16 148/149/16 213/214/16
f 213/214/16 148/149/16 138/138/16
f 214/215/16 215/216/28 216/217/16
f 190/191/16 189/190/16 217/218/16
f 217/218/16 189/190/16 214/215/16
f 217/218/16 214/215/16 193/194/16
f 193/194/16 214/215/16 191/192/16
f 191/192/16 214/215/16 216/217/16
f 191/192/16 216/217/16 218/219/17
f 219/220/29 220/221/30 221/222/31
f 221/222/31 220/221/30 222/223/32
f 221/222/31 222/223/32 223/224/33
f 223/224/33 222/223/32 224/225/34
f 223/224/33 224/225/34 225/226/35
f 225/226/35 224/225/34 226/227/36
f 225/226/35 226/227/36 227/228/37
f 227/228/37 226/227/36 228/229/38
f 227/228/37 228/229/38 229/230/39
f 229/230/39 228/229/38 230/231/40
f 229/230/39 230/231/40 231/232/41
f 231/232/41 230/231/40 232/233/42
f 231/232/41 232/233/42 233/234/43
f 233/234/43 232/233/42 234/235/44
f 233/234/43 234/235/44 235/236/45
f 235/236/45 234/235/44 236/237/46
f 237/238/47 238/239/48 239/240/49
f 240/241/50 241/242/51 242/243/52
f 242/243/52 241/242/51 243/244/53
f 242/243/52 243/244/53 244/245/54
f 244/245/54 243/244/53 245/246/55
f 244/245/54 245/246/55 239/240/49
f 239/240/49 245/246/55 246/247/56
f 239/240/49 246/247/56 237/238/47
f 237/238/47 246/247/56 247/248/57
f 237/238/47 247/248/57 248/249/58
f 249/250/59 250/251/60 251/252/61
f 252/253/62 253/254/63 254/255/64
f 250/251/60 249/250/59 255/256/65
f 256/257/66 257/258/67 258/259/68
f 254/255/64 253/254/63 259/260/69
f 257/258/67 256/257/66 254/255/64
f 248/249/58 255/256/65 237/238/47
f 237/238/47 255/256/65 249/250/59
f 237/238/47 249/250/59 238/239/48
f 238/239/48 249/250/59 258/259/68
f 260/261/70 261/262/71 262/263/72
f 262/263/72 261/262/71 263/264/73
f 253/254/63 264/265/74 259/260/69
f 259/260/69 264/265/74 265/266/75
f 259/260/69 265/266/75 263/264/73
f 263/264/73 265/266/75 266/267/76
f 263/264/73 266/267/76 262/263/72
f 258/259/68 249/250/59 256/257/66
f 256/257/66 249/250/59 251/252/61
f 256/257/66 251/252/61 254/255/64
f 254/255/64 251/252/61 267/268/77
f 254/255/64 267/268/77 252/253/62
f 268/269/78 269/270/79 270/271/80
f 268/269/78 270/271/80 271/272/81
f 272/273/82 273/274/83 274/275/84
f 274/275/84 273/274/83 275/276/85
f 270/271/80 276/277/86 271/272/81
f 271/272/81 276/277/86 277/278/87
f 271/272/81 277/278/87 275/276/85
f 275/276/85 277/278/87 278/279/88
f 275/276/85 278/279/88 274/275/84
f 279/280/89 280/281/90 281/282/91
f 281/282/91 280/281/90 282/283/92
f 281/282/91 282/283/92 283/284/93
f 283/284/93 282/283/92 284/285/94
f 283/284/93 284/285/94 285/286/95
f 285/286/95 284/285/94 286/287/96
f 286/287/96 284/285/94 287/288/97
f 287/288/97 284/285/94 273/274/83
f 287/288/97 273/274/83 272/273/82
f 288/289/98 289/290/99 290/291/100
f 290/291/100 289/290/99 291/292/101
f 290/291/100 291/292/101 292/293/102
f 292/293/102 291/292/101 293/294/103
f 292/293/102 293/294/103 294/295/104
f 294/295/104 293/294/103 295/296/105
f 294/297/104 295/298/105 296/299/106
f 296/299/106 295/298/105 297/300/107
f 296/299/106 297/300/107 298/301/108
f 298/301/108 297/300/107 299/302/109
f 298/303/108 299/304/109 300/305/110
f 300/305/110 299/304/109 301/306/111
f 300/305/110 301/306/111 302/307/112
f 302/307/112 301/306/111 303/308/113
f 302/307/112 303/308/113 219/220/29
f 219/220/29 303/308/113 220/221/30
f 304/309/114 305/310/115 268/311/78
f 268/269/78 305/312/115 306/313/116
f 268/269/78 306/313/116 269/270/79
f 307/314/117 308/315/118 309/316/119
f 309/316/119 308/315/118 310/317/120
f 309/316/119 310/317/120 304/318/114
f 304/318/114 310/317/120 311/319/121
f 304/318/114 311/319/121 305/312/115
f 312/320/122 313/321/123 314/322/124
f 314/322/124 313/321/123 315/323/125
f 314/322/124 315/323/125 316/324/126
f 316/324/126 315/323/125 317/325/127
f 260/261/70 318/326/128 261/262/71
f 261/262/71 318/326/128 319/327/129
f 261/262/71 319/327/129 312/320/122
f 312/320/122 319/327/129 320/328/130
f 312/320/122 320/328/130 313/321/123
f 321/329/131 322/330/132 323/331/133
f 322/330/132 241/242/51 323/331/133
f 323/331/133 241/242/51 240/241/50
f 323/331/133 240/241/50 324/332/134
f 321/329/131 323/331/133 325/333/135
f 325/333/135 323/331/133 326/334/136
f 325/333/135 326/334/136 327/335/137
f 327/335/137 326/334/136 328/336/138
f 327/335/137 328/336/138 329/337/139
f 235/338/45 236/339/46 330/340/140
f 330/340/140 236/339/46 331/341/141
f 330/340/140 331/341/141 332/342/142
f 332/342/142 331/341/141 333/343/143
f 332/342/142 333/343/143 334/344/144
f 334/344/144 333/343/143 329/337/139
f 334/344/144 329/337/139 335/345/145
f 335/345/145 329/337/139 328/336/138
f 289/290/99 288/289/98 336/346/146
f 336/346/146 288/289/98 337/347/147
f 336/346/146 337/347/147 338/348/148
f 338/348/148 337/347/147 339/349/149
f 339/349/149 337/347/147 340/350/150
f 339/349/149 340/350/150 341/351/151
f 341/351/151 340/350/150 342/352/152
f 341/351/151 342/352/152 343/353/153
f 343/353/153 342/352/152 344/354/154
f 343/353/153 344/354/154 345/355/155
f 345/355/155 344/354/154 346/356/156
f 346/356/156 344/354/154 347/357/157
f 346/356/156 347/357/157 348/358/158
f 349/359/159 350/360/160 351/361/161
f 351/361/161 350/360/160 352/362/162
f 351/361/161 352/362/162 353/363/163
f 353/363/163 352/362/162 348/358/158
f 353/363/163 348/358/158 354/364/164
f 354/364/164 348/358/158 347/357/157
f 280/281/90 279/280/89 355/365/165
f 356/366/166 280/281/90 357/367/167
f 357/367/167 280/281/90 355/365/165
f 357/367/167 355/365/165 358/368/168
f 358/368/168 355/365/165 359/369/169
f 358/368/168 359/369/169 360/370/170
f 360/370/170 359/369/169 361/371/171
f 360/370/170 361/371/171 362/372/172
f 362/372/172 361/371/171 363/373/173
f 362/374/172 363/375/173 364/376/174
f 364/376/174 363/375/173 365/377/175
f 364/376/174 365/377/175 349/378/159
f 349/378/159 365/377/175 350/379/160
f 366/380/176 367/381/177 368/382/178
f 368/382/178 367/381/177 369/383/179
f 368/382/178 369/383/179 370/384/180
f 371/385/181 372/386/182 373/387/183
f 373/388/183 372/389/182 374/390/184
f 373/388/183 374/390/184 375/391/185
f 375/391/185 374/390/184 376/392/186
f 375/391/185 376/392/186 377/393/187
f 377/393/187 376/392/186 370/384/180
f 377/393/187 370/384/180 378/394/188
f 378/394/188 370/384/180 369/383/179
f 379/395/189 380/396/190 381/397/191
f 381/397/191 380/396/190 382/398/192
f 381/397/191 382/398/192 383/399/193
f 383/399/193 382/398/192 384/400/194
f 383/399/193 384/400/194 385/401/195
f 367/381/177 366/380/176 386/402/196
f 386/402/196 366/380/176 387/403/197
f 386/402/196 387/403/197 388/404/198
f 388/404/198 387/403/197 389/405/199
f 388/404/198 389/405/199 390/406/200
f 390/406/200 389/405/199 391/407/201
f 390/406/200 391/407/201 392/408/202
f 392/408/202 391/407/201 393/409/203
f 392/408/202 393/409/203 394/410/204
f 394/410/204 393/409/203 395/411/205
f 394/410/204 395/411/205 396/412/206
f 396/412/206 395/411/205 385/413/195
f 396/412/206 385/413/195 397/414/207
f 397/415/207 385/401/195 384/400/194
f 398/416/208 399/417/209 273/274/83
f 280/281/90 356/366/166 282/283/92
f 282/283/92 356/366/166 398/416/208
f 282/283/92 398/416/208 284/285/94
f 284/285/94 398/416/208 273/274/83
f 238/239/48 400/418/210 239/240/49
f 239/240/49 400/418/210 401/419/211
f 239/240/49 401/419/211 244/245/54
f 244/245/54 401/419/211 402/420/212
f 244/245/54 402/420/212 242/243/52
f 242/243/52 402/420/212 403/421/213
f 242/243/52 403/421/213 240/241/50
f 240/241/50 403/421/213 324/332/134
f 307/314/117 404/422/214 405/423/215
f 380/396/190 379/395/189 406/424/216
f 406/424/216 379/395/189 407/425/217
f 406/424/216 407/425/217 408/426/218
f 408/426/218 407/425/217 409/427/219
f 408/426/218 409/427/219 410/428/220
f 410/428/220 409/427/219 411/429/221
f 410/428/220 411/429/221 412/430/222
f 412/430/222 411/429/221 413/431/223
f 412/430/222 413/431/223 414/432/224
f 414/432/224 413/431/223 415/433/225
f 414/432/224 415/433/225 416/434/226
f 416/434/226 415/433/225 417/435/227
f 416/434/226 417/435/227 405/423/215
f 405/423/215 417/435/227 418/436/228
f 405/423/215 418/436/228 307/314/117
f 307/314/117 418/436/228 308/315/118
f 419/437/229 268/269/78 271/272/81
f 419/437/229 271/272/81 420/438/230
f 420/438/230 271/272/81 275/276/85
f 420/438/230 275/276/85 421/439/231
f 421/439/231 275/276/85 273/274/83
f 421/439/231 273/274/83 399/417/209
f 261/262/71 422/440/232 263/264/73
f 263/264/73 422/440/232 423/441/233
f 263/264/73 423/441/233 259/260/69
f 259/260/69 423/441/233 254/255/64
f 254/255/64 423/441/233 424/442/234
f 254/255/64 424/442/234 257/258/67
f 257/258/67 424/442/234 425/443/235
f 257/258/67 425/443/235 258/259/68
f 258/259/68 425/443/235 400/418/210
f 258/259/68 400/418/210 238/239/48
f 404/422/214 307/314/117 426/444/236
f 426/444/236 307/314/117 309/316/119
f 426/444/236 309/316/119 427/445/237
f 427/445/237 309/316/119 304/318/114
f 427/445/237 304/318/114 419/437/229
f 419/437/229 304/318/114 268/269/78
f 422/440/232 261/262/71 428/446/238
f 428/446/238 261/262/71 312/320/122
f 428/446/238 312/320/122 429/447/239
f 429/447/239 312/320/122 314/322/124
f 429/447/239 314/322/124 430/448/240
f 430/448/240 314/322/124 316/324/126
f 316/324/126 317/325/127 431/449/241
f 430/448/240 316/324/126 432/450/242
f 432/450/242 316/324/126 431/449/241
f 432/450/242 431/449/241 433/451/243
f 433/451/243 431/449/241 434/452/244
f 433/451/243 434/452/244 435/453/245
f 435/453/245 434/452/244 436/454/246
f 435/453/245 436/454/246 437/455/247
f 437/455/247 436/454/246 438/456/248
f 437/455/247 438/456/248 439/457/249
f 439/457/249 438/456/248 440/458/250
f 439/457/249 440/458/250 441/459/251
f 441/459/251 440/458/250 442/460/252
f 441/459/251 442/460/252 443/461/253
f 443/461/253 442/460/252 444/462/254
f 445/463/255 446/464/256 447/465/257
f 447/465/257 446/464/256 448/466/258
f 449/467/259 450/468/260 451/469/261
f 451/469/261 450/468/260 452/470/262
f 451/469/261 452/470/262 445/463/255
f 445/463/255 452/470/262 453/471/263
f 445/463/255 453/471/263 446/464/256
f 443/461/253 444/462/254 454/472/264
f 454/472/264 444/462/254 455/473/265
f 454/472/264 455/473/265 456/474/266
f 456/474/266 455/473/265 457/475/267
f 456/476/266 457/477/267 449/467/259
f 449/467/259 457/477/267 458/478/268
f 449/467/259 458/478/268 450/468/260
f 459/479/269 460/480/270 461/481/271
f 461/481/271 460/480/270 462/482/272
f 461/481/271 462/482/272 463/483/273
f 463/483/273 462/482/272 464/484/274
f 463/483/273 464/484/274 465/485/275
f 465/485/275 464/484/274 466/486/276
f 465/485/275 466/486/276 467/487/277
f 467/487/277 466/486/276 468/488/278
f 467/487/277 468/488/278 469/489/279
f 469/489/279 468/488/278 470/490/280
f 469/489/279 470/490/280 471/491/281
f 471/491/281 470/490/280 472/492/282
f 471/491/281 472/492/282 473/493/283
f 473/493/283 472/492/282 474/494/284
f 473/493/283 474/494/284 475/495/285
f 475/495/285 474/494/284 476/496/286
f 235/236/287 459/479/269 233/234/288
f 233/234/288 459/479/269 461/481/271
f 233/234/288 461/481/271 231/232/289
f 231/232/289 461/481/271 463/483/273
f 231/232/289 463/483/273 229/230/290
f 229/230/290 463/483/273 465/485/275
f 229/230/290 465/485/275 227/228/291
f 227/228/291 465/485/275 467/487/277
f 227/228/291 467/487/277 225/226/292
f 225/226/292 467/487/277 469/489/279
f 225/226/292 469/489/279 223/224/293
f 223/224/293 469/489/279 471/491/281
f 223/224/293 471/491/281 221/222/294
f 221/222/294 471/491/281 473/493/283
f 221/222/294 473/493/283 219/220/295
f 219/220/295 473/493/283 475/495/285
f 477/497/296 236/339/296 234/498/296
f 477/497/296 234/498/296 478/499/296
f 478/499/296 234/498/296 232/500/296
f 478/499/296 232/500/296 479/501/296
f 479/501/296 232/500/296 230/502/296
f 479/501/296 230/502/296 480/503/296
f 480/503/296 230/502/296 228/504/296
f 480/503/296 228/504/296 481/505/296
f 481/505/296 228/504/296 226/506/296
f 481/505/296 226/506/296 482/507/297
f 482/507/297 226/506/296 224/508/296
f 482/507/297 224/508/296 483/509/296
f 483/509/296 224/508/296 222/510/296
f 483/509/296 222/510/296 484/511/296
f 484/511/296 222/510/296 220/512/296
f 484/511/296 220/512/296 485/513/296
f 486/514/296 241/242/296 487/515/296
f 487/515/296 241/242/296 322/330/296
f 487/515/296 322/330/296 488/516/296
f 322/330/296 321/329/296 488/516/296
f 488/516/296 321/329/296 325/333/296
f 488/516/296 325/333/296 489/517/296
f 489/517/296 325/333/296 327/335/296
f 489/517/296 327/335/296 490/518/296
f 490/518/296 327/335/296 329/337/296
f 490/518/296 329/337/296 491/519/296
f 491/519/296 329/337/296 333/343/296
f 491/519/296 333/343/296 492/520/296
f 492/520/296 333/343/296 331/341/296
f 492/520/296 331/341/296 493/521/296
f 493/521/296 331/341/296 236/339/296
f 493/521/296 236/339/296 477/497/296
f 494/522/296 495/523/296 496/524/296
f 495/523/296 494/522/296 497/525/296
f 497/525/296 494/522/296 498/526/296
f 497/525/296 498/526/296 499/527/296
f 500/528/296 501/529/296 496/524/296
f 496/524/296 501/529/296 502/530/296
f 496/524/296 502/530/296 494/522/296
f 245/246/296 243/244/296 503/531/296
f 503/531/296 243/244/296 241/242/296
f 503/531/296 241/242/296 486/514/296
f 497/525/296 248/249/296 247/248/296
f 497/525/296 247/248/296 495/523/296
f 495/523/296 247/248/296 246/247/296
f 495/523/296 246/247/296 496/524/296
f 496/524/296 246/247/296 245/246/296
f 496/524/296 245/246/296 500/528/296
f 500/528/296 245/246/296 503/531/296
f 500/528/296 503/531/296 501/529/296
f 504/532/296 505/533/298 506/534/296
f 506/534/296 505/533/298 507/535/296
f 506/534/296 507/535/296 508/536/296
f 508/536/296 507/535/296 509/537/296
f 508/536/296 509/537/296 510/538/296
f 499/527/296 504/532/296 497/525/296
f 497/525/296 504/532/296 506/534/296
f 497/525/296 506/534/296 248/249/296
f 248/249/296 506/534/296 508/536/296
f 511/539/296 512/540/296 513/541/296
f 250/251/299 255/256/299 514/542/296
f 515/543/296 516/544/296 517/545/296
f 518/546/300 519/547/296 520/548/296
f 521/549/296 522/550/296 523/551/296
f 523/551/296 522/550/296 524/552/296
f 523/551/296 524/552/296 525/553/296
f 526/554/296 521/549/296 527/555/296
f 528/556/300 529/557/296 516/544/296
f 516/544/296 529/557/296 530/558/296
f 516/544/296 530/558/296 517/545/296
f 517/545/296 530/558/296 526/554/296
f 517/545/296 526/554/296 251/252/296
f 251/252/296 526/554/296 527/555/296
f 251/252/296 527/555/296 267/268/296
f 267/268/296 527/555/296 252/253/296
f 520/548/296 519/547/296 531/559/296
f 532/560/298 533/561/301 534/562/296
f 534/562/296 533/561/301 535/563/296
f 534/562/296 535/563/296 516/544/296
f 516/544/296 535/563/296 536/564/296
f 516/544/296 536/564/296 528/556/300
f 519/547/296 537/565/296 531/559/296
f 531/559/296 537/565/296 538/566/296
f 531/559/296 538/566/296 539/567/299
f 540/568/298 541/569/296 513/541/296
f 541/569/296 542/570/302 513/541/296
f 513/541/296 542/570/302 543/571/303
f 513/541/296 543/571/303 544/572/296
f 545/573/296 276/574/296 546/575/304
f 546/575/304 276/574/296 513/541/296
f 546/575/304 513/541/296 547/576/305
f 547/576/305 513/541/296 544/572/296
f 545/573/296 548/577/296 276/574/296
f 276/574/296 548/577/296 549/578/296
f 276/574/296 549/578/296 550/579/296
f 550/579/296 549/578/296 551/580/296
f 550/579/296 551/580/296 520/548/296
f 520/548/296 551/580/296 552/581/296
f 520/548/296 552/581/296 518/546/300
f 540/568/298 513/541/296 553/582/296
f 553/582/296 513/541/296 512/540/296
f 553/582/296 512/540/296 554/583/296
f 555/584/296 556/585/306 557/586/307
f 557/586/307 556/585/306 558/587/296
f 557/586/307 558/587/296 554/583/296
f 554/583/296 558/587/296 559/588/296
f 554/583/296 559/588/296 553/582/296
f 255/256/299 248/249/296 514/542/296
f 514/542/296 248/249/296 508/536/296
f 514/542/296 508/536/296 560/589/296
f 560/589/296 508/536/296 510/538/296
f 561/590/296 562/591/296 563/592/296
f 563/592/296 562/591/296 534/562/296
f 563/592/296 534/562/296 564/593/296
f 564/593/296 534/562/296 516/544/296
f 564/593/296 516/544/296 510/538/296
f 510/538/296 516/544/296 515/543/296
f 510/538/296 515/543/296 560/589/296
f 560/589/296 515/543/296 517/545/296
f 560/589/296 517/545/296 514/542/296
f 514/542/296 517/545/296 251/252/296
f 514/542/296 251/252/296 250/251/299
f 525/553/296 555/584/296 523/551/296
f 523/551/296 555/584/296 557/586/307
f 523/551/296 557/586/307 565/594/296
f 565/594/296 557/586/307 554/583/296
f 566/595/296 567/596/296 568/597/296
f 568/597/296 567/596/296 569/598/296
f 568/597/296 569/598/296 570/599/296
f 570/599/296 569/598/296 571/600/296
f 521/549/296 523/551/296 527/555/296
f 527/555/296 523/551/296 253/254/296
f 527/555/296 253/254/296 252/253/296
f 511/539/296 513/541/296 572/601/296
f 572/601/296 513/541/296 276/574/296
f 572/601/296 276/574/296 270/602/296
f 270/602/296 269/603/296 572/601/296
f 572/601/296 269/603/296 573/604/296
f 572/601/296 573/604/296 511/539/296
f 511/539/296 573/604/296 574/605/296
f 511/539/296 574/605/296 512/540/296
f 272/606/296 274/607/296 575/608/296
f 575/608/296 274/607/296 576/609/296
f 274/607/296 278/610/296 576/609/296
f 576/609/296 278/610/296 577/611/296
f 576/609/296 577/611/296 575/608/296
f 575/608/296 577/611/296 578/612/296
f 575/608/296 578/612/296 579/613/296
f 539/567/299 532/560/298 531/559/296
f 531/559/296 532/560/298 534/562/296
f 531/559/296 534/562/296 580/614/296
f 580/614/296 534/562/296 562/591/296
f 580/614/296 562/591/296 581/615/296
f 581/615/296 562/591/296 561/590/296
f 581/615/296 579/613/296 580/614/296
f 580/614/296 579/613/296 578/612/296
f 580/614/296 578/612/296 531/559/296
f 531/559/296 578/612/296 577/611/296
f 531/559/296 577/611/296 520/548/296
f 520/548/296 577/611/296 278/610/296
f 520/548/296 278/610/296 550/579/296
f 550/579/296 278/610/296 277/616/296
f 550/579/296 277/616/296 276/574/296
f 265/266/296 571/600/296 266/267/296
f 266/267/296 571/600/296 569/598/296
f 266/267/296 569/598/296 262/263/296
f 262/263/296 569/598/296 567/596/296
f 262/263/296 567/596/296 260/261/296
f 265/266/296 264/265/296 571/600/296
f 571/600/296 264/265/296 253/254/296
f 571/600/296 253/254/296 570/599/296
f 570/599/296 253/254/296 523/551/296
f 570/599/296 523/551/296 568/597/296
f 568/597/296 523/551/296 565/594/296
f 568/597/296 565/594/296 566/595/296
f 566/595/296 565/594/296 554/583/296
f 566/595/296 554/583/296 582/617/296
f 582/617/296 554/583/296 512/540/296
f 582/617/296 512/540/296 583/618/296
f 583/618/296 512/540/296 574/605/296
f 584/619/296 585/620/296 586/621/296
f 585/620/296 587/622/296 586/621/296
f 586/621/296 587/622/296 588/623/296
f 586/621/296 588/623/296 589/624/296
f 561/590/296 587/622/296 581/615/296
f 581/615/296 587/622/296 585/620/296
f 581/615/296 585/620/296 579/613/296
f 579/613/296 585/620/296 584/619/296
f 579/613/296 584/619/296 575/608/296
f 590/625/296 591/626/296 592/627/296
f 592/627/296 591/626/296 593/628/296
f 592/627/296 593/628/296 594/629/296
f 594/629/296 593/628/296 595/630/296
f 589/624/296 595/630/296 586/621/296
f 586/621/296 595/630/296 593/628/296
f 586/621/296 593/628/296 584/619/296
f 584/619/296 593/628/296 591/626/296
f 584/619/296 591/626/296 575/608/296
f 575/608/296 591/626/296 590/625/296
f 575/608/296 590/625/296 272/606/296
f 596/631/296 597/632/296 598/633/296
f 598/633/296 597/632/296 599/634/296
f 598/633/296 599/634/296 600/635/296
f 600/635/296 599/634/296 601/636/296
f 602/637/296 603/638/296 604/639/296
f 604/639/296 603/638/296 605/640/296
f 604/639/296 605/640/296 606/641/296
f 606/641/296 605/640/296 607/642/296
f 607/642/296 605/640/296 592/627/296
f 607/642/296 592/627/296 594/629/296
f 272/606/296 590/625/296 608/643/296
f 608/643/296 590/625/296 609/644/296
f 608/643/296 609/644/296 610/645/296
f 590/625/296 592/627/296 609/644/296
f 609/644/296 592/627/296 605/640/296
f 609/644/296 605/640/296 610/645/296
f 610/645/296 605/640/296 603/638/296
f 610/645/296 603/638/296 596/631/296
f 596/631/296 603/638/296 602/637/296
f 596/631/296 602/637/296 597/632/296
f 601/636/296 279/646/296 600/635/296
f 600/635/296 279/646/296 281/647/296
f 600/635/296 281/647/296 598/633/296
f 598/633/296 281/647/296 283/648/296
f 598/633/296 283/648/296 596/631/296
f 596/631/296 283/648/296 285/649/296
f 596/631/296 285/649/296 610/645/296
f 610/645/296 285/649/296 286/650/296
f 610/645/296 286/650/296 608/643/296
f 608/643/296 286/650/296 287/651/296
f 608/643/296 287/651/296 272/606/296
f 611/652/296 350/379/296 365/377/296
f 611/652/296 365/377/296 612/653/296
f 612/653/296 365/377/296 363/375/296
f 612/653/296 363/375/296 613/654/296
f 613/654/296 363/375/296 614/655/296
f 614/655/296 363/375/296 361/656/296
f 614/655/296 361/656/296 615/657/296
f 361/656/296 359/658/296 615/657/296
f 615/657/296 359/658/296 355/659/296
f 615/657/296 355/659/296 616/660/296
f 616/660/296 355/659/296 279/646/296
f 616/660/296 279/646/296 601/636/296
f 617/661/296 289/662/296 336/663/296
f 617/661/296 336/663/296 618/664/297
f 618/664/297 336/663/296 338/665/296
f 618/664/297 338/665/296 619/666/297
f 619/666/297 338/665/296 339/667/296
f 619/666/297 339/667/296 620/668/296
f 620/668/296 339/667/296 341/669/296
f 620/668/296 341/669/296 621/670/296
f 341/669/296 343/671/296 621/670/296
f 621/670/296 343/671/296 345/672/300
f 621/670/296 345/672/300 622/673/296
f 622/673/296 345/672/300 346/674/296
f 622/673/296 346/674/296 623/675/296
f 623/675/296 346/674/296 348/676/296
f 623/675/296 348/676/296 624/677/296
f 624/677/296 348/676/296 352/678/296
f 624/677/296 352/678/296 625/679/296
f 625/679/296 352/678/296 350/379/296
f 625/679/296 350/379/296 611/652/296
f 220/512/296 303/680/296 485/513/296
f 485/513/296 303/680/296 626/681/296
f 303/680/296 301/682/296 626/681/296
f 626/681/296 301/682/296 299/302/296
f 626/681/296 299/302/296 627/683/296
f 627/683/296 299/302/296 628/684/308
f 628/684/308 299/302/296 297/300/296
f 628/684/308 297/300/296 629/685/308
f 629/685/308 297/300/296 295/298/296
f 629/685/308 295/298/296 630/686/296
f 630/686/296 295/298/296 293/687/296
f 630/686/296 293/687/296 631/688/296
f 631/688/296 293/687/296 291/689/296
f 631/688/296 291/689/296 632/690/300
f 632/690/300 291/689/296 289/662/296
f 632/690/300 289/662/296 617/661/296
f 633/691/309 288/289/310 634/692/311
f 634/692/311 288/289/310 290/291/312
f 634/692/311 290/291/312 635/693/313
f 635/693/313 290/291/312 292/293/314
f 635/693/313 292/293/314 636/694/315
f 636/694/315 292/293/314 294/295/316
f 636/694/315 294/295/316 637/695/317
f 637/695/317 294/295/316 296/696/318
f 637/697/317 296/698/318 638/699/319
f 638/699/319 296/698/318 298/303/320
f 638/699/319 298/303/320 639/700/321
f 639/700/321 298/303/320 300/305/322
f 639/700/321 300/305/322 640/701/323
f 640/701/323 300/305/322 302/307/324
f 640/701/323 302/307/324 475/495/285
f 475/495/285 302/307/324 219/220/295
f 641/702/325 633/691/309 642/703/326
f 642/703/326 633/691/309 634/692/311
f 642/703/326 634/692/311 643/704/327
f 643/704/327 634/692/311 635/693/313
f 643/704/327 635/693/313 644/705/328
f 644/705/328 635/693/313 636/694/315
f 644/705/328 636/694/315 645/706/329
f 645/706/329 636/694/315 637/695/317
f 645/707/329 637/697/317 646/708/330
f 646/708/330 637/697/317 638/699/319
f 646/708/330 638/699/319 647/709/331
f 647/709/331 638/699/319 639/700/321
f 647/709/331 639/700/321 648/710/332
f 648/710/332 639/700/321 640/701/323
f 648/710/332 640/701/323 476/496/286
f 476/496/286 640/701/323 475/495/285
f 649/711/333 444/462/296 442/460/296
f 649/711/333 442/460/296 650/712/296
f 650/712/296 442/460/296 440/458/296
f 650/712/296 440/458/296 651/713/296
f 651/713/296 440/458/296 438/456/334
f 651/713/296 438/456/334 652/714/296
f 438/456/334 436/454/296 652/714/296
f 652/714/296 436/454/296 434/452/296
f 652/714/296 434/452/296 653/715/296
f 653/715/296 434/452/296 654/716/296
f 654/716/296 434/452/296 431/449/296
f 654/716/296 431/449/296 317/325/296
f 655/717/296 452/718/297 450/719/297
f 655/717/296 450/719/297 656/720/296
f 450/719/297 458/721/296 656/720/296
f 656/720/296 458/721/296 457/475/296
f 656/720/296 457/475/296 657/722/296
f 657/722/296 457/475/296 455/473/296
f 657/722/296 455/473/296 658/723/299
f 658/723/299 455/473/296 444/462/296
f 658/723/299 444/462/296 649/711/333
f 659/724/296 448/725/296 446/726/296
f 659/724/296 446/726/296 660/727/296
f 660/727/296 446/726/296 453/728/296
f 660/727/296 453/728/296 661/729/296
f 661/729/296 453/728/296 452/718/297
f 661/729/296 452/718/297 655/717/296
f 662/730/296 663/731/296 664/732/296
f 664/732/296 663/731/296 665/733/296
f 664/732/296 665/733/296 666/734/296
f 666/734/296 665/733/296 667/735/296
f 666/734/296 667/735/296 668/736/296
f 668/736/296 667/735/296 669/737/296
f 668/736/296 669/737/296 670/738/296
f 670/738/296 669/737/296 671/739/296
f 671/739/296 669/737/296 448/725/296
f 671/739/296 448/725/296 659/724/296
f 672/740/296 673/741/296 674/742/296
f 675/743/334 676/744/334 672/740/296
f 677/745/296 678/746/296 679/747/296
f 677/745/296 679/747/296 680/748/308
f 680/748/308 679/747/296 681/749/296
f 680/748/308 681/749/296 372/389/296
f 682/750/308 683/751/308 684/752/296
f 684/752/296 683/751/308 685/753/296
f 684/752/296 685/753/296 686/754/296
f 686/754/296 685/753/296 687/755/334
f 684/752/296 688/756/334 675/743/334
f 676/744/334 689/757/308 672/740/296
f 672/740/296 689/757/308 690/758/308
f 672/740/296 690/758/308 673/741/296
f 675/743/334 672/740/296 684/752/296
f 684/752/296 672/740/296 674/742/296
f 684/752/296 674/742/296 682/750/308
f 682/750/308 674/742/296 663/731/296
f 682/750/308 663/731/296 662/730/296
f 688/756/334 684/752/296 691/759/296
f 691/759/296 684/752/296 686/754/296
f 691/759/296 686/754/296 692/760/308
f 692/760/308 686/754/296 687/755/334
f 692/760/308 687/755/334 680/748/308
f 680/748/308 687/755/334 693/761/334
f 680/748/308 693/761/334 677/745/296
f 679/747/296 678/746/296 694/762/296
f 695/763/296 366/380/296 696/764/296
f 696/764/296 366/380/296 368/382/296
f 696/764/296 368/382/296 697/765/296
f 697/765/296 368/382/296 370/384/296
f 697/765/296 370/384/296 698/766/296
f 698/766/296 370/384/296 376/392/296
f 698/766/296 376/392/296 699/767/296
f 374/390/296 372/389/296 681/749/296
f 681/749/296 679/747/296 374/390/296
f 374/390/296 679/747/296 694/762/296
f 374/390/296 694/762/296 376/392/296
f 376/392/296 694/762/296 700/768/334
f 376/392/296 700/768/334 699/767/296
f 701/769/296 702/770/296 379/771/296
f 701/769/296 379/771/296 703/772/296
f 385/413/296 704/773/296 383/774/296
f 383/774/296 704/773/296 703/772/296
f 383/774/296 703/772/296 381/775/296
f 381/775/296 703/772/296 379/771/296
f 705/776/296 706/777/335 385/413/296
f 385/413/296 706/777/335 707/778/336
f 385/413/296 707/778/336 704/773/296
f 385/413/296 395/411/296 705/776/296
f 705/776/296 395/411/296 393/409/296
f 705/776/296 393/409/296 708/779/296
f 393/409/296 391/407/296 708/779/296
f 708/779/296 391/407/296 389/405/296
f 708/779/296 389/405/296 709/780/296
f 709/780/296 389/405/296 387/403/296
f 709/780/296 387/403/296 710/781/296
f 710/781/296 387/403/296 366/380/296
f 710/781/296 366/380/296 695/763/296
f 711/782/296 308/783/296 418/784/296
f 711/782/296 418/784/296 712/785/296
f 418/784/296 417/786/296 712/785/296
f 712/785/296 417/786/296 415/787/296
f 712/785/296 415/787/296 713/788/296
f 415/787/296 413/789/296 713/788/296
f 713/788/296 413/789/296 411/790/296
f 713/788/296 411/790/296 714/791/296
f 714/791/296 411/790/296 409/792/296
f 714/791/296 409/792/296 715/793/296
f 715/793/296 409/792/296 407/794/296
f 715/793/296 407/794/296 716/795/296
f 716/795/296 407/794/296 379/771/296
f 716/795/296 379/771/296 702/770/296
f 717/796/300 269/603/296 306/797/296
f 718/798/296 719/799/296 720/800/296
f 721/801/296 722/802/296 723/803/296
f 724/804/337 725/805/296 726/806/296
f 724/804/337 726/806/296 727/807/296
f 727/807/296 726/806/296 728/808/296
f 727/807/296 728/808/296 729/809/296
f 729/809/296 728/808/296 730/810/296
f 729/809/296 730/810/296 731/811/296
f 732/812/296 733/813/296 730/810/296
f 730/810/296 733/813/296 734/814/296
f 730/810/296 734/814/296 731/811/296
f 721/801/296 723/803/296 711/782/296
f 711/782/296 723/803/296 310/815/296
f 711/782/296 310/815/296 308/783/296
f 725/805/296 718/798/296 726/806/296
f 726/806/296 718/798/296 720/800/296
f 726/806/296 720/800/296 728/808/296
f 728/808/296 720/800/296 735/816/296
f 728/808/296 735/816/296 730/810/296
f 730/810/296 735/816/296 736/817/296
f 730/810/296 736/817/296 732/812/296
f 732/812/296 736/817/296 737/818/296
f 738/819/296 739/820/296 740/821/296
f 740/821/296 717/796/300 738/819/296
f 738/819/296 717/796/300 306/797/296
f 738/819/296 306/797/296 741/822/296
f 741/822/296 306/797/296 305/823/296
f 741/822/296 305/823/296 311/824/296
f 722/802/296 733/813/296 723/803/296
f 723/803/296 733/813/296 732/812/296
f 723/803/296 732/812/296 310/815/296
f 310/815/296 732/812/296 737/818/296
f 310/815/296 737/818/296 311/824/296
f 311/824/296 737/818/296 736/817/296
f 311/824/296 736/817/296 741/822/296
f 741/822/296 736/817/296 735/816/296
f 741/822/296 735/816/296 738/819/296
f 738/819/296 735/816/296 720/800/296
f 738/819/296 720/800/296 739/820/296
f 739/820/296 720/800/296 719/799/296
f 742/825/296 566/595/296 582/617/296
f 574/605/296 573/604/296 743/826/296
f 744/827/296 745/828/296 746/829/296
f 747/830/296 748/831/296 749/832/296
f 749/832/296 748/831/296 750/833/296
f 749/832/296 750/833/296 744/827/296
f 744/827/296 750/833/296 751/834/296
f 744/827/296 751/834/296 745/828/296
f 752/835/296 718/798/296 725/805/296
f 724/804/337 753/836/338 725/805/296
f 725/805/296 753/836/338 754/837/296
f 725/805/296 754/837/296 752/835/296
f 752/835/296 754/837/296 755/838/296
f 752/835/296 755/838/296 756/839/296
f 573/604/296 269/603/296 717/796/300
f 573/604/296 717/796/300 743/826/296
f 743/826/296 717/796/300 740/821/296
f 743/826/296 740/821/296 739/820/296
f 583/618/296 574/605/296 757/840/296
f 757/840/296 574/605/296 743/826/296
f 757/840/296 743/826/296 758/841/296
f 758/841/296 743/826/296 739/820/296
f 758/841/296 739/820/296 719/799/296
f 759/842/296 760/843/296 567/596/296
f 260/261/296 567/596/296 761/844/296
f 761/844/296 567/596/296 760/843/296
f 761/844/296 760/843/296 762/845/296
f 762/845/296 760/843/296 763/846/300
f 759/842/296 764/847/296 760/843/296
f 760/843/296 764/847/296 765/848/296
f 760/843/296 765/848/296 763/846/300
f 766/849/296 767/850/339 768/851/340
f 768/851/340 767/850/339 763/846/300
f 768/851/340 763/846/300 769/852/339
f 769/852/339 763/846/300 765/848/296
f 769/852/339 765/848/296 746/829/296
f 746/829/296 765/848/296 764/847/296
f 746/829/296 764/847/296 744/827/296
f 744/827/296 764/847/296 759/842/296
f 755/838/296 748/831/296 756/839/296
f 756/839/296 748/831/296 747/830/296
f 756/839/296 747/830/296 752/835/296
f 752/835/296 747/830/296 770/853/296
f 752/835/296 770/853/296 718/798/296
f 719/799/296 718/798/296 758/841/296
f 758/841/296 718/798/296 770/853/296
f 758/841/296 770/853/296 757/840/296
f 757/840/296 770/853/296 747/830/296
f 757/840/296 747/830/296 583/618/296
f 583/618/296 747/830/296 749/832/296
f 583/618/296 749/832/296 582/617/296
f 582/617/296 749/832/296 744/827/296
f 582/617/296 744/827/296 742/825/296
f 742/825/296 744/827/296 759/842/296
f 742/825/296 759/842/296 566/595/296
f 566/595/296 759/842/296 567/596/296
f 761/844/296 762/845/296 771/854/296
f 763/846/300 767/850/339 772/855/296
f 654/716/296 317/325/296 773/856/296
f 773/856/296 317/325/296 315/323/296
f 774/857/296 775/858/296 776/859/296
f 776/859/296 775/858/296 777/860/296
f 776/859/296 777/860/296 778/861/296
f 778/861/296 777/860/296 779/862/296
f 780/863/296 781/864/296 782/865/296
f 781/864/296 780/863/296 783/866/296
f 783/866/296 780/863/296 772/855/296
f 783/866/296 772/855/296 784/867/296
f 784/867/296 772/855/296 767/850/339
f 784/867/296 767/850/339 766/849/296
f 762/845/296 763/846/300 771/854/296
f 771/854/296 763/846/300 772/855/296
f 771/854/296 772/855/296 785/868/296
f 785/868/296 772/855/296 780/863/296
f 785/868/296 780/863/296 779/862/296
f 779/862/296 780/863/296 782/865/296
f 779/862/296 782/865/296 778/861/296
f 774/857/296 773/856/296 775/858/296
f 775/858/296 773/856/296 315/323/296
f 775/858/296 315/323/296 777/860/296
f 777/860/296 315/323/296 313/321/296
f 777/860/296 313/321/296 779/862/296
f 779/862/296 313/321/296 320/328/296
f 779/862/296 320/328/296 785/868/296
f 785/868/296 320/328/296 319/327/296
f 785/868/296 319/327/296 771/854/296
f 771/854/296 319/327/296 318/326/296
f 771/854/296 318/326/296 761/844/296
f 761/844/296 318/326/296 260/261/296
f 691/869/341 786/870/342 688/871/343
f 688/871/343 786/870/342 787/872/344
f 688/871/343 787/872/344 675/873/345
f 675/743/345 787/874/344 788/875/346
f 675/743/345 788/875/346 676/744/347
f 676/744/347 788/875/346 789/876/348
f 676/744/347 789/876/348 689/757/349
f 689/757/349 789/876/348 790/877/350
f 689/757/349 790/877/350 690/758/351
f 372/386/182 371/385/181 680/878/352
f 680/878/352 371/385/181 791/879/353
f 680/878/352 791/879/353 692/880/354
f 692/880/354 791/879/353 792/881/355
f 692/880/354 792/881/355 691/869/341
f 691/869/341 792/881/355 793/882/356
f 691/869/341 793/882/356 786/870/342
f 794/883/357 795/884/358 796/885/359
f 323/886/360 324/887/361 797/888/362
f 328/889/363 326/890/364 796/891/359
f 459/479/269 235/236/287 798/892/365
f 798/892/365 235/236/287 330/893/366
f 798/892/365 330/893/366 799/894/367
f 799/894/367 330/893/366 332/895/368
f 799/894/367 332/895/368 800/896/369
f 800/896/369 332/895/368 334/897/370
f 800/896/369 334/897/370 801/898/371
f 801/898/371 334/897/370 335/899/372
f 802/900/373 794/883/357 797/888/362
f 797/888/362 794/883/357 796/885/359
f 797/888/362 796/885/359 323/886/360
f 323/886/360 796/885/359 326/901/364
f 795/884/358 803/902/374 796/885/359
f 796/891/359 803/903/374 801/898/371
f 796/891/359 801/898/371 328/889/363
f 328/889/363 801/898/371 335/899/372
f 460/480/270 459/479/269 804/904/375
f 804/904/375 459/479/269 798/892/365
f 804/904/375 798/892/365 805/905/376
f 805/905/376 798/892/365 799/894/367
f 805/905/376 799/894/367 806/906/377
f 806/906/377 799/894/367 800/896/369
f 806/906/377 800/896/369 807/907/378
f 807/907/378 800/896/369 801/898/371
f 807/907/378 801/898/371 808/908/379
f 808/908/379 801/898/371 803/903/374
f 288/289/310 633/691/309 337/347/380
f 337/347/380 633/691/309 809/909/381
f 810/910/382 344/354/383 811/911/384
f 811/911/384 344/354/383 342/352/385
f 811/911/384 342/352/385 809/909/381
f 809/909/381 342/352/385 340/350/386
f 809/909/381 340/350/386 337/347/380
f 812/912/387 349/359/388 813/913/389
f 813/913/389 349/359/388 351/361/390
f 813/913/389 351/361/390 814/914/391
f 814/914/391 351/361/390 353/363/392
f 814/914/391 353/363/392 815/915/393
f 815/915/393 353/363/392 354/364/394
f 815/915/393 354/364/394 816/916/395
f 816/916/395 354/364/394 347/357/396
f 817/917/397 810/910/382 818/918/398
f 818/918/398 810/910/382 811/911/384
f 818/918/398 811/911/384 819/919/399
f 819/919/399 811/911/384 809/909/381
f 819/919/399 809/909/381 641/702/325
f 641/702/325 809/909/381 633/691/309
f 820/920/400 812/912/387 821/921/401
f 821/921/401 812/912/387 813/913/389
f 821/921/401 813/913/389 822/922/402
f 822/922/402 813/913/389 814/914/391
f 822/922/402 814/914/391 823/923/403
f 823/923/403 814/914/391 815/915/393
f 823/923/403 815/915/393 817/917/397
f 817/917/397 815/915/393 816/916/395
f 817/917/397 816/916/395 810/910/382
f 810/910/382 816/916/395 347/357/396
f 810/910/382 347/357/396 344/354/383
f 786/870/404 793/882/405 824/924/406
f 824/924/406 793/882/405 792/881/407
f 824/924/406 792/881/407 825/925/408
f 825/925/408 792/881/407 791/879/409
f 825/925/408 791/879/409 826/926/410
f 371/385/411 827/927/412 791/879/409
f 791/879/409 827/927/412 828/928/413
f 791/879/409 828/928/413 826/926/410
f 812/912/387 820/920/400 829/929/414
f 829/929/414 820/920/400 830/930/415
f 829/931/414 830/932/415 831/933/416
f 830/932/415 832/934/417 831/933/416
f 831/933/416 832/934/417 833/935/418
f 831/933/416 833/935/418 834/936/419
f 834/936/419 833/935/418 835/937/420
f 834/936/419 835/937/420 836/938/421
f 836/938/421 835/937/420 837/939/422
f 836/938/421 837/939/422 838/940/423
f 349/359/388 812/912/387 364/941/424
f 364/941/424 812/912/387 829/929/414
f 364/942/424 829/931/414 362/372/425
f 362/372/425 829/931/414 831/933/416
f 362/372/425 831/933/416 360/370/426
f 360/370/426 831/933/416 834/936/419
f 360/370/426 834/936/419 358/368/427
f 358/368/427 834/936/419 836/938/421
f 358/368/427 836/938/421 357/367/428
f 357/367/428 836/938/421 838/940/423
f 357/367/428 838/940/423 356/366/429
f 839/943/430 104/944/431 134/945/432
f 641/702/325 839/943/430 840/946/433
f 839/943/430 134/945/432 840/946/433
f 840/946/433 134/945/432 133/947/434
f 840/946/433 133/947/434 841/948/435
f 841/948/435 133/947/434 132/949/436
f 841/948/435 132/949/436 842/950/437
f 842/950/437 132/949/436 109/951/438
f 842/950/437 109/951/438 843/952/439
f 843/952/439 109/951/438 107/953/440
f 843/952/439 107/953/440 844/954/441
f 844/954/441 107/953/440 26/955/442
f 844/954/441 26/955/442 845/956/443
f 845/956/443 26/955/442 25/957/444
f 845/956/443 25/957/444 846/958/445
f 641/702/325 840/946/433 819/919/399
f 819/919/399 840/946/433 841/948/435
f 819/919/399 841/948/435 818/918/398
f 818/918/398 841/948/435 842/950/437
f 818/918/398 842/950/437 817/917/397
f 817/917/397 842/950/437 843/952/439
f 817/917/397 843/952/439 823/923/403
f 823/923/403 843/952/439 844/954/441
f 823/923/403 844/954/441 822/922/402
f 822/922/402 844/954/441 845/956/443
f 822/922/402 845/956/443 821/921/401
f 821/921/401 845/956/443 846/958/445
f 821/921/401 846/958/445 820/920/400
f 847/959/446 378/960/447 369/961/448
f 369/961/448 367/962/449 847/959/446
f 847/959/446 367/962/449 848/963/450
f 847/959/446 848/963/450 849/964/451
f 378/960/447 847/959/446 377/965/452
f 377/965/452 847/959/446 850/966/453
f 377/965/452 850/966/453 375/967/454
f 850/966/453 851/968/455 375/967/454
f 375/967/454 851/968/455 852/969/456
f 375/967/454 852/969/456 373/387/457
f 827/927/412 371/385/411 853/970/458
f 853/970/458 371/385/411 373/387/457
f 853/970/458 373/387/457 854/971/459
f 854/971/459 373/387/457 852/969/456
f 797/888/362 324/887/361 855/972/460
f 855/972/460 324/887/361 403/973/461
f 855/972/460 403/973/461 856/974/462
f 856/974/462 403/973/461 402/975/463
f 856/974/462 402/975/463 857/976/464
f 857/976/464 402/975/463 401/977/465
f 857/976/464 401/977/465 858/978/466
f 858/978/466 401/977/465 400/979/467
f 802/900/373 797/888/362 859/980/468
f 859/980/468 797/888/362 855/972/460
f 859/980/468 855/972/460 860/981/469
f 860/981/469 855/972/460 856/974/462
f 860/981/469 856/974/462 861/982/470
f 861/982/470 856/974/462 857/976/464
f 861/982/470 857/976/464 862/983/471
f 862/983/471 857/976/464 858/978/466
f 863/984/472 195/985/473 194/986/474
f 802/900/373 863/984/472 864/987/475
f 865/988/476 795/884/358 864/987/475
f 864/987/475 795/884/358 794/883/357
f 864/987/475 794/883/357 802/900/373
f 863/984/472 194/986/474 864/987/475
f 864/987/475 194/986/474 185/989/477
f 864/987/475 185/989/477 865/988/476
f 865/990/476 185/991/477 209/992/478
f 865/990/476 209/992/478 866/993/479
f 866/993/479 808/908/379 865/990/476
f 865/990/476 808/908/379 803/903/374
f 865/988/476 803/902/374 795/884/358
f 805/905/376 806/906/377 866/993/479
f 866/993/479 806/906/377 807/907/378
f 866/993/479 807/907/378 808/908/379
f 867/994/480 208/995/481 206/996/482
f 867/994/480 206/996/482 868/997/483
f 868/997/483 206/996/482 205/998/484
f 868/997/483 205/998/484 869/999/485
f 209/992/478 208/995/481 866/993/479
f 866/993/479 208/995/481 867/994/480
f 866/993/479 867/994/480 805/905/376
f 805/905/376 867/994/480 868/997/483
f 805/905/376 868/997/483 804/904/375
f 804/904/375 868/997/483 869/999/485
f 804/904/375 869/999/485 460/480/270
f 870/1000/486 871/1001/487 872/1002/488
f 422/1003/489 870/1000/486 873/1004/490
f 873/1004/490 870/1000/486 872/1002/488
f 873/1004/490 872/1002/488 874/1005/491
f 872/1002/488 875/1006/492 874/1005/491
f 874/1005/491 875/1006/492 876/1007/493
f 874/1005/491 876/1007/493 877/1008/494
f 876/1007/493 878/1009/495 877/1008/494
f 877/1008/494 878/1009/495 879/1010/496
f 877/1011/494 879/1012/496 858/978/466
f 858/978/466 879/1012/496 880/1013/497
f 858/978/466 880/1013/497 862/983/471
f 422/1003/489 873/1004/490 423/1014/498
f 423/1014/498 873/1004/490 874/1005/491
f 423/1014/498 874/1005/491 424/1015/499
f 424/1015/499 874/1005/491 877/1008/494
f 424/1015/499 877/1008/494 425/1016/500
f 425/1017/500 877/1011/494 858/978/466
f 425/1017/500 858/978/466 400/979/467
f 863/984/472 802/900/373 859/980/468
f 881/1018/501 203/1019/502 201/1020/503
f 861/982/470 862/983/471 881/1018/501
f 881/1018/501 201/1020/503 861/982/470
f 861/982/470 201/1020/503 199/1021/504
f 861/982/470 199/1021/504 860/981/469
f 860/981/469 199/1021/504 197/1022/505
f 860/981/469 197/1022/505 859/980/468
f 859/980/468 197/1022/505 195/985/473
f 859/980/468 195/985/473 863/984/472
f 870/1000/486 422/1003/489 882/1023/506
f 882/1023/506 422/1003/489 428/1024/507
f 882/1023/506 428/1024/507 883/1025/508
f 883/1025/508 428/1024/507 429/1026/509
f 883/1025/508 429/1026/509 884/1027/510
f 884/1027/510 429/1026/509 430/1028/511
f 871/1001/487 870/1000/486 885/1029/512
f 885/1029/512 870/1000/486 882/1023/506
f 885/1029/512 882/1023/506 886/1030/513
f 886/1030/513 882/1023/506 883/1025/508
f 886/1030/513 883/1025/508 887/1031/514
f 887/1031/514 883/1025/508 884/1027/510
f 888/1032/515 211/1033/516 210/1034/517
f 876/1007/493 875/1006/492 889/1035/518
f 889/1035/518 875/1006/492 872/1002/488
f 889/1035/518 872/1002/488 890/1036/519
f 890/1036/519 872/1002/488 871/1001/487
f 890/1036/519 871/1001/487 888/1032/515
f 888/1032/515 210/1034/517 890/1036/519
f 890/1036/519 210/1034/517 175/1037/520
f 890/1036/519 175/1037/520 889/1035/518
f 889/1035/518 175/1037/520 173/1038/521
f 889/1035/518 173/1038/521 891/1039/522
f 891/1040/522 173/1041/521 204/1042/523
f 891/1040/522 204/1042/523 892/1043/524
f 892/1043/524 204/1042/523 203/1019/502
f 892/1043/524 203/1019/502 881/1018/501
f 876/1007/493 889/1035/518 878/1009/495
f 878/1009/495 889/1035/518 891/1039/522
f 878/1009/495 891/1039/522 879/1010/496
f 879/1012/496 891/1040/522 892/1043/524
f 879/1012/496 892/1043/524 880/1013/497
f 880/1013/497 892/1043/524 881/1018/501
f 880/1013/497 881/1018/501 862/983/471
f 893/1044/525 894/1045/526 447/465/527
f 447/465/527 894/1045/526 895/1046/528
f 447/465/527 895/1046/528 896/1047/529
f 897/1048/530 447/465/527 898/1049/531
f 898/1049/531 447/465/527 899/1050/532
f 898/1049/531 899/1050/532 900/1051/533
f 897/1048/530 901/1052/534 447/465/527
f 447/465/527 901/1052/534 902/1053/535
f 447/465/527 902/1053/535 893/1044/525
f 903/1054/536 904/1055/537 451/469/538
f 905/1056/539 906/1057/540 456/476/541
f 456/476/541 906/1057/540 454/1058/542
f 906/1057/540 907/1059/543 454/1058/542
f 454/1058/542 907/1059/543 908/1060/544
f 454/1058/542 908/1060/544 443/1061/545
f 443/1061/545 908/1060/544 909/1062/546
f 443/1061/545 909/1062/546 910/1063/547
f 905/1056/539 456/476/541 904/1055/537
f 904/1055/537 456/476/541 449/467/548
f 904/1055/537 449/467/548 451/469/538
f 903/1054/536 451/469/538 911/1064/549
f 911/1064/549 451/469/538 445/463/550
f 911/1064/549 445/463/550 912/1065/551
f 912/1065/551 445/463/550 447/465/527
f 912/1065/551 447/465/527 896/1047/529
f 433/1066/552 435/1067/553 913/1068/554
f 910/1063/547 914/1069/555 915/1070/556
f 915/1070/556 914/1069/555 916/1071/557
f 915/1070/556 916/1071/557 917/1072/558
f 913/1073/554 435/1074/553 917/1072/558
f 443/1061/545 910/1063/547 441/1075/559
f 441/1075/559 910/1063/547 915/1070/556
f 441/1075/559 915/1070/556 439/1076/560
f 439/1076/560 915/1070/556 917/1072/558
f 439/1076/560 917/1072/558 437/1077/561
f 437/1077/561 917/1072/558 435/1074/553
f 884/1027/510 430/1028/511 918/1078/562
f 918/1078/562 430/1028/511 432/1079/563
f 919/1080/564 913/1073/554 920/1081/565
f 920/1081/565 913/1073/554 917/1072/558
f 920/1081/565 917/1072/558 921/1082/566
f 921/1082/566 917/1072/558 916/1071/557
f 921/1082/566 916/1071/557 922/1083/567
f 919/1084/564 923/1085/568 913/1068/554
f 913/1068/554 923/1085/568 918/1078/562
f 913/1068/554 918/1078/562 433/1066/552
f 433/1066/552 918/1078/562 432/1079/563
f 887/1031/514 884/1027/510 924/1086/569
f 924/1086/569 884/1027/510 918/1078/562
f 924/1086/569 918/1078/562 925/1087/570
f 925/1087/570 918/1078/562 923/1085/568
f 926/1088/571 167/1089/572 168/1090/573
f 926/1088/571 168/1090/573 927/1091/574
f 921/1082/566 922/1083/567 928/1092/575
f 919/1080/564 920/1081/565 929/1093/576
f 929/1093/576 920/1081/565 921/1082/566
f 929/1093/576 921/1082/566 930/1094/577
f 930/1094/577 921/1082/566 928/1092/575
f 930/1094/577 928/1092/575 927/1091/574
f 927/1091/574 168/1090/573 930/1094/577
f 930/1094/577 168/1090/573 156/1095/578
f 930/1094/577 156/1095/578 929/1093/576
f 929/1093/576 156/1095/578 171/1096/579
f 929/1093/576 171/1096/579 931/1097/580
f 931/1098/580 171/1099/579 170/1100/581
f 931/1098/580 170/1100/581 932/1101/582
f 932/1101/582 170/1100/581 169/1102/583
f 932/1101/582 169/1102/583 933/1103/584
f 919/1084/564 929/1104/576 923/1085/568
f 923/1105/568 929/1093/576 931/1097/580
f 923/1085/568 931/1098/580 925/1087/570
f 925/1087/570 931/1098/580 932/1101/582
f 925/1087/570 932/1101/582 924/1086/569
f 924/1086/569 932/1101/582 933/1103/584
f 924/1086/569 933/1103/584 887/1031/514
f 934/1106/585 935/1107/586 748/1108/587
f 936/1109/588 937/1110/589 938/1111/590
f 939/1112/591 936/1109/588 782/1113/592
f 782/1113/592 781/1114/593 939/1112/591
f 939/1112/591 781/1114/593 783/1115/594
f 939/1112/591 783/1115/594 940/1116/595
f 783/1115/594 784/1117/596 940/1116/595
f 940/1116/595 784/1117/596 766/1118/597
f 940/1116/595 766/1118/597 941/1119/598
f 766/1118/597 768/1120/599 941/1119/598
f 941/1119/598 768/1120/599 769/1121/600
f 941/1119/598 769/1121/600 942/1122/601
f 942/1122/601 769/1121/600 746/1123/602
f 942/1124/601 746/1125/602 943/1126/603
f 943/1126/603 746/1125/602 745/1127/604
f 943/1126/603 745/1127/604 751/1128/605
f 748/1108/587 935/1107/586 750/1129/606
f 935/1107/586 944/1130/607 750/1129/606
f 750/1129/606 944/1130/607 945/1131/608
f 750/1129/606 945/1131/608 751/1128/605
f 751/1128/605 945/1131/608 946/1132/609
f 751/1128/605 946/1132/609 943/1126/603
f 934/1106/585 748/1108/587 947/1133/610
f 947/1133/610 748/1108/587 755/1134/611
f 947/1133/610 755/1134/611 948/1135/612
f 948/1135/612 755/1134/611 754/1136/613
f 948/1135/612 754/1136/613 949/1137/614
f 754/1136/613 753/1138/615 949/1137/614
f 949/1137/614 753/1138/615 724/1139/616
f 949/1137/614 724/1139/616 950/1140/617
f 731/1141/618 951/1142/619 729/1143/620
f 729/1143/620 951/1142/619 950/1140/617
f 729/1143/620 950/1140/617 727/1144/621
f 727/1144/621 950/1140/617 724/1139/616
f 731/1141/618 734/1145/622 951/1142/619
f 951/1142/619 734/1145/622 733/1146/623
f 951/1142/619 733/1146/623 952/1147/624
f 952/1147/624 733/1146/623 953/1148/625
f 733/1146/623 722/1149/626 953/1148/625
f 953/1148/625 722/1149/626 721/1150/627
f 953/1148/625 721/1150/627 954/1151/628
f 954/1151/628 721/1150/627 711/1152/629
f 954/1151/628 711/1152/629 955/1153/630
f 955/1153/630 711/1152/629 712/1154/631
f 955/1155/630 712/1156/631 956/1157/632
f 956/1157/632 712/1156/631 713/1158/633
f 956/1157/632 713/1158/633 957/1159/634
f 957/1159/634 713/1158/633 714/1160/635
f 957/1159/634 714/1160/635 958/1161/636
f 714/1160/635 715/1162/637 958/1161/636
f 958/1161/636 715/1162/637 716/1163/638
f 958/1161/636 716/1163/638 959/1164/639
f 716/1163/638 702/1165/640 959/1164/639
f 959/1164/639 702/1165/640 701/1166/641
f 959/1164/639 701/1166/641 960/1167/642
f 701/1166/641 703/1168/643 960/1167/642
f 960/1167/642 703/1168/643 704/1169/644
f 960/1167/642 704/1169/644 961/1170/645
f 704/1169/644 707/1171/646 961/1170/645
f 961/1170/645 707/1171/646 706/1172/647
f 961/1170/645 706/1172/647 962/1173/648
f 962/1173/648 706/1172/647 705/1174/649
f 962/1173/648 705/1174/649 963/1175/650
f 695/1176/651 964/1177/652 710/1178/653
f 710/1178/653 964/1177/652 965/1179/654
f 710/1178/653 965/1179/654 709/1180/655
f 709/1180/655 965/1179/654 963/1175/650
f 709/1180/655 963/1175/650 708/1181/656
f 708/1181/656 963/1175/650 705/1174/649
f 695/1176/651 696/1182/657 964/1177/652
f 964/1177/652 696/1182/657 697/1183/658
f 964/1177/652 697/1183/658 966/1184/659
f 966/1184/659 697/1183/658 698/1185/660
f 966/1184/659 698/1185/660 967/1186/661
f 698/1185/660 699/1187/662 967/1186/661
f 967/1186/661 699/1187/662 700/1188/663
f 967/1186/661 700/1188/663 968/1189/664
f 968/1189/664 700/1188/663 694/1190/665
f 968/1191/664 694/1192/665 969/1193/666
f 969/1193/666 694/1192/665 678/1194/667
f 969/1193/666 678/1194/667 677/1195/668
f 677/1195/668 693/1196/669 969/1193/666
f 969/1193/666 693/1196/669 687/1197/670
f 969/1193/666 687/1197/670 970/1198/671
f 970/1198/671 687/1197/670 685/1199/672
f 662/1200/673 971/1201/674 682/1202/675
f 682/1202/675 971/1201/674 970/1198/671
f 682/1202/675 970/1198/671 683/1203/676
f 683/1203/676 970/1198/671 685/1199/672
f 972/1204/677 973/1205/678 974/1206/679
f 662/1200/673 664/1207/680 971/1201/674
f 971/1201/674 664/1207/680 666/1208/681
f 971/1201/674 666/1208/681 974/1206/679
f 666/1208/681 668/1209/682 974/1206/679
f 974/1206/679 668/1209/682 670/1210/683
f 974/1206/679 670/1210/683 972/1204/677
f 972/1204/677 670/1210/683 671/1211/684
f 972/1204/677 671/1211/684 975/1212/685
f 671/1211/684 659/1213/686 975/1212/685
f 975/1212/685 659/1213/686 660/1214/687
f 975/1212/685 660/1214/687 976/1215/688
f 976/1215/688 660/1214/687 661/1216/689
f 976/1215/688 661/1216/689 655/1217/690
f 655/1217/690 656/1218/691 976/1215/688
f 976/1215/688 656/1218/691 657/1219/692
f 976/1215/688 657/1219/692 977/1220/693
f 977/1220/693 657/1219/692 658/1221/694
f 977/1220/693 658/1221/694 978/1222/695
f 978/1223/695 658/1224/694 979/1225/696
f 979/1226/696 658/1227/694 649/1228/697
f 979/1229/696 649/1230/697 980/1231/698
f 649/1230/697 650/1232/699 980/1231/698
f 980/1231/698 650/1232/699 651/1233/700
f 980/1231/698 651/1233/700 981/1234/701
f 981/1234/701 651/1233/700 652/1235/702
f 981/1234/701 652/1235/702 982/1236/703
f 982/1236/703 652/1235/702 653/1237/704
f 982/1236/703 653/1237/704 983/1238/705
f 983/1238/705 653/1237/704 654/1239/706
f 983/1238/705 654/1239/706 984/1240/707
f 984/1240/707 654/1239/706 773/1241/708
f 984/1240/707 773/1241/708 985/1242/709
f 985/1242/709 773/1241/708 774/1243/710
f 985/1242/709 774/1243/710 938/1111/590
f 938/1111/590 774/1243/710 776/1244/711
f 938/1111/590 776/1244/711 936/1109/588
f 936/1109/588 776/1244/711 778/1245/712
f 936/1109/588 778/1245/712 782/1113/592
f 986/1246/713 987/1247/713 988/1248/714
f 988/1248/714 987/1247/713 989/1249/714
f 990/1250/715 991/1251/715 992/1252/716
f 992/1252/716 991/1251/715 993/1253/716
f 994/1254/717 995/1255/717 996/1256/718
f 996/1256/718 995/1255/717 997/1257/718
f 996/1256/718 997/1257/718 998/1258/719
f 998/1258/719 997/1257/718 999/1259/719
f 998/1258/719 999/1259/719 1000/1260/720
f 1000/1260/720 999/1259/719 1001/1261/720
f 1000/1260/720 1001/1261/720 1002/1262/721
f 1002/1262/721 1001/1261/720 1003/1263/721
f 1002/1262/721 1003/1263/721 1004/1264/722
f 1004/1264/722 1003/1263/721 1005/1265/722
f 1004/1264/722 1005/1265/722 1006/1266/723
f 1006/1266/723 1005/1265/722 1007/1267/723
f 1006/1266/723 1007/1267/723 1008/1268/724
f 1008/1268/724 1007/1267/723 1009/1269/724
f 1008/1268/724 1009/1269/724 1010/1270/725
f 1010/1270/725 1009/1269/724 1011/1271/725
f 1010/1272/725 1011/1273/725 1012/1274/726
f 1012/1274/726 1011/1273/725 1013/1275/726
f 1012/1274/726 1013/1275/726 1014/1276/727
f 1014/1276/727 1013/1275/726 1015/1277/727
f 1014/1276/727 1015/1277/727 1016/1278/728
f 1016/1278/728 1015/1277/727 1017/1279/729
f 1016/1278/728 1017/1279/729 1018/1280/730
f 1018/1280/730 1017/1279/729 1019/1281/731
f 1018/1280/730 1019/1281/731 1020/1282/732
f 1019/1281/731 1021/1283/733 1020/1282/732
f 1020/1282/732 1021/1283/733 1022/1284/734
f 1022/1284/734 1021/1283/733 1023/1285/735
f 1023/1285/735 1021/1283/733 1/1286/1
f 1023/1285/735 1/1286/1 3/1287/3
f 1024/1288/16 1025/1289/17 1026/1290/16
f 1026/1290/16 1025/1289/17 1027/1291/16
f 996/1292/16 1028/1293/16 1029/1294/16
f 1030/1295/19 1031/1296/16 1032/1297/736
f 1032/1297/736 1031/1296/16 993/1298/16
f 996/1292/16 1029/1294/16 994/1299/16
f 1029/1294/16 1033/1300/16 994/1299/16
f 994/1299/16 1033/1300/16 1034/1301/16
f 994/1299/16 1034/1301/16 1035/1302/16
f 1035/1302/16 1034/1301/16 1036/1303/16
f 1035/1302/16 1036/1303/16 1037/1304/16
f 1037/1304/16 1036/1303/16 1027/1291/16
f 1037/1304/16 1027/1291/16 1038/1305/17
f 1038/1305/17 1027/1291/16 1025/1289/17
f 1038/1305/17 1025/1289/17 1039/1306/17
f 1028/1293/16 996/1292/16 991/1307/16
f 991/1307/16 996/1292/16 998/1308/16
f 991/1307/16 998/1308/16 993/1298/16
f 1002/1309/16 1040/1310/16 1041/1311/18
f 1042/1312/16 1043/1313/16 1006/1314/16
f 1006/1314/16 1043/1313/16 1004/1315/16
f 1004/1315/16 1043/1313/16 1044/1316/16
f 1004/1315/16 1044/1316/16 1002/1309/16
f 1002/1309/16 1044/1316/16 1045/1317/16
f 1002/1309/16 1045/1317/16 1040/1310/16
f 998/1308/16 1000/1318/16 993/1298/16
f 993/1298/16 1000/1318/16 1002/1309/16
f 993/1298/16 1002/1309/16 1032/1297/736
f 1032/1297/736 1002/1309/16 1041/1311/18
f 1016/1319/16 1018/1320/16 1046/1321/16
f 1006/1314/16 1008/1322/16 1042/1312/16
f 1042/1312/16 1008/1322/16 1010/1323/16
f 1042/1312/16 1010/1323/16 1047/1324/16
f 1047/1324/16 1010/1323/16 1012/1325/16
f 1047/1324/16 1012/1325/16 1048/1326/16
f 1048/1326/16 1012/1325/16 1014/1327/16
f 1048/1326/16 1014/1327/16 1049/1328/16
f 1049/1328/16 1014/1327/16 1016/1319/16
f 1049/1328/16 1016/1319/16 1050/1329/16
f 1050/1329/16 1016/1319/16 1046/1321/16
f 1051/1330/737 1052/1331/738 1053/1332/739
f 1053/1332/739 1052/1331/738 1054/1333/740
f 1053/1332/739 1054/1333/740 1055/1334/741
f 1056/1335/742 1057/1336/743 1051/1330/737
f 1051/1330/737 1057/1336/743 1058/1337/744
f 1051/1330/737 1058/1337/744 1052/1331/738
f 1059/1338/745 1060/1339/746 1056/1340/742
f 1056/1340/742 1060/1339/746 1061/1341/747
f 1056/1340/742 1061/1341/747 1057/1342/743
f 1062/1343/748 1063/1344/749 1059/1338/745
f 1059/1338/745 1063/1344/749 1064/1345/750
f 1059/1338/745 1064/1345/750 1060/1339/746
f 1065/1346/751 1066/1347/752 1062/1343/748
f 1062/1343/748 1066/1347/752 1067/1348/753
f 1062/1343/748 1067/1348/753 1063/1344/749
f 1068/1349/754 1069/1350/755 1065/1346/751
f 1065/1346/751 1069/1350/755 1070/1351/756
f 1065/1346/751 1070/1351/756 1066/1347/752
f 1071/1352/757 1072/1353/758 1068/1349/754
f 1068/1349/754 1072/1353/758 1073/1354/759
f 1068/1349/754 1073/1354/759 1069/1350/755
f 1074/1355/760 1075/1356/761 1071/1352/757
f 1071/1352/757 1075/1356/761 1076/1357/762
f 1071/1352/757 1076/1357/762 1072/1353/758
f 1077/1358/763 1078/1359/764 1074/1355/760
f 1074/1355/760 1078/1359/764 1079/1360/765
f 1074/1355/760 1079/1360/765 1075/1356/761
f 1080/1361/766 1078/1359/764 1081/1362/767
f 1081/1362/767 1078/1359/764 1077/1358/763
f 1081/1363/767 1077/1364/763 1082/1365/768
f 1082/1365/768 1077/1364/763 1083/1366/769
f 1082/1365/768 1083/1366/769 1084/1367/770
f 1085/1368/16 1086/1369/16 1087/1370/16
f 1088/1371/16 1089/1372/24 1083/1373/16
f 1090/1374/16 1091/1375/16 5/1376/16
f 1092/1377/16 1093/1378/19 1094/1379/16
f 12/1380/16 17/1381/16 1095/1382/16
f 1096/1383/16 1097/1384/16 1098/1385/16
f 1099/1386/16 1100/1387/16 1101/1388/16
f 1101/1388/16 1100/1387/16 1102/1389/16
f 1102/1389/16 1100/1387/16 1103/1390/16
f 1102/1389/16 1103/1390/16 1104/1391/16
f 1104/1391/16 1103/1390/16 1105/1392/16
f 1104/1391/16 1105/1392/16 1106/1393/16
f 1096/1383/16 1107/1394/16 1097/1384/16
f 1097/1384/16 1107/1394/16 1108/1395/16
f 1097/1384/16 1108/1395/16 1109/1396/16
f 1109/1396/16 1108/1395/16 1110/1397/16
f 1109/1396/16 1110/1397/16 1111/1398/16
f 1111/1398/16 1110/1397/16 1112/1399/16
f 1111/1398/16 1112/1399/16 1113/1400/16
f 1114/1401/771 1115/1402/771 1116/1403/771
f 1112/1399/16 1117/1404/16 1113/1400/16
f 1113/1400/16 1117/1404/16 1118/1405/16
f 1113/1400/16 1118/1405/16 1119/1406/16
f 1098/1385/16 1120/1407/16 1096/1383/16
f 1096/1383/16 1120/1407/16 1121/1408/16
f 1096/1383/16 1121/1408/16 1122/1409/16
f 7/1410/16 1123/1411/20 1124/1412/16
f 1118/1405/16 1085/1368/16 1119/1406/16
f 1119/1406/16 1085/1368/16 1087/1370/16
f 1119/1406/16 1087/1370/16 1125/1413/16
f 1125/1413/16 1087/1370/16 1114/1401/771
f 1125/1413/16 1114/1401/771 1105/1392/16
f 1105/1392/16 1114/1401/771 1116/1403/771
f 1105/1392/16 1116/1403/771 1106/1393/16
f 1126/1414/772 1127/1415/772 1128/1416/16
f 1128/1416/16 1127/1415/772 989/1417/16
f 1128/1416/16 989/1417/16 987/1418/16
f 1101/1388/16 1129/1419/16 1099/1386/16
f 1099/1386/16 1129/1419/16 1090/1374/16
f 1099/1386/16 1090/1374/16 1094/1379/16
f 1094/1379/16 1090/1374/16 5/1376/16
f 1094/1379/16 5/1376/16 1092/1377/16
f 1092/1377/16 5/1376/16 7/1410/16
f 1092/1377/16 7/1410/16 1130/1420/16
f 1130/1420/16 7/1410/16 1124/1412/16
f 1131/1421/19 1132/1422/16 1122/1409/16
f 1122/1409/16 1132/1422/16 12/1380/16
f 1122/1409/16 12/1380/16 1096/1383/16
f 1096/1383/16 12/1380/16 1095/1382/16
f 1133/1423/16 1068/1424/16 1134/1425/16
f 1134/1425/16 1068/1424/16 1065/1426/16
f 1134/1425/16 1065/1426/16 1135/1427/16
f 1135/1427/16 1065/1426/16 1062/1428/16
f 1135/1427/16 1062/1428/16 1136/1429/16
f 1136/1429/16 1062/1428/16 1059/1430/16
f 1136/1429/16 1059/1430/16 1137/1431/16
f 1137/1431/16 1059/1430/16 1056/1432/16
f 1137/1431/16 1056/1432/16 1138/1433/16
f 1138/1433/16 1056/1432/16 1051/1434/16
f 1138/1433/16 1051/1434/16 1139/1435/16
f 1139/1435/16 1051/1434/16 1053/1436/16
f 1139/1435/16 1053/1436/16 1090/1374/16
f 1090/1374/16 1053/1436/16 1055/1437/16
f 1090/1374/16 1055/1437/16 1091/1375/16
f 987/1418/16 1088/1371/16 1128/1416/16
f 1128/1416/16 1088/1371/16 1083/1373/16
f 1128/1416/16 1083/1373/16 1140/1438/16
f 1140/1438/16 1083/1373/16 1077/1439/16
f 1140/1438/16 1077/1439/16 1141/1440/16
f 1141/1440/16 1077/1439/16 1074/1441/16
f 1141/1440/16 1074/1441/16 1133/1423/16
f 1133/1423/16 1074/1441/16 1071/1442/16
f 1133/1423/16 1071/1442/16 1068/1424/16
f 102/1443/773 103/1444/774 1142/1445/775
f 1143/1446/776 643/704/327 644/705/328
f 1143/1446/776 644/705/328 1144/1447/777
f 1144/1447/777 644/705/328 645/706/329
f 1144/1448/777 645/707/329 1145/1449/778
f 1145/1449/778 645/707/329 646/708/330
f 1145/1449/778 646/708/330 1146/1450/779
f 1146/1450/779 646/708/330 647/709/331
f 1146/1450/779 647/709/331 1147/1451/780
f 1147/1451/780 647/709/331 648/710/332
f 1147/1451/780 648/710/332 1148/1452/781
f 1148/1452/781 648/710/332 476/496/286
f 1148/1452/781 476/496/286 1149/1453/782
f 643/704/327 1143/1446/776 642/703/326
f 642/703/326 1143/1446/776 1150/1454/783
f 642/703/326 1150/1454/783 1142/1445/775
f 1142/1445/775 1150/1454/783 1151/1455/784
f 1142/1445/775 1151/1455/784 102/1443/773
f 641/702/325 642/703/326 839/943/430
f 839/943/430 642/703/326 1142/1445/775
f 839/943/430 1142/1445/775 104/944/431
f 104/944/431 1142/1445/775 103/1444/774
f 16/16/11 15/15/4 1152/1456/785
f 1153/1457/786 602/1458/787 1154/1459/788
f 1154/1459/788 602/1458/787 604/1460/789
f 604/1460/789 606/1461/790 1154/1459/788
f 1154/1459/788 606/1461/790 607/1462/791
f 1154/1459/788 607/1462/791 1155/1463/792
f 607/1462/791 594/1464/793 1155/1463/792
f 1155/1463/792 594/1464/793 595/1465/794
f 1155/1463/792 595/1465/794 1156/1466/795
f 1156/1466/795 595/1465/794 589/1467/796
f 1156/1466/795 589/1467/796 1157/1468/797
f 1157/1468/797 589/1467/796 588/1469/798
f 1157/1468/797 588/1469/798 1158/1470/799
f 1158/1470/799 588/1469/798 587/1471/800
f 1158/1470/799 587/1471/800 1159/1472/801
f 1159/1472/801 587/1471/800 1160/1473/802
f 587/1471/800 561/1474/803 1160/1473/802
f 1160/1473/802 561/1474/803 563/1475/804
f 1160/1473/802 563/1475/804 1161/1476/805
f 1161/1477/805 563/1478/804 564/1479/806
f 509/1480/807 1162/1481/808 510/1482/809
f 510/1482/809 1162/1481/808 1163/1483/810
f 510/1482/809 1163/1483/810 564/1479/806
f 564/1479/806 1163/1483/810 1164/1484/811
f 564/1479/806 1164/1484/811 1161/1477/805
f 509/1480/807 507/1485/812 1162/1481/808
f 1162/1481/808 507/1485/812 505/1486/813
f 1162/1481/808 505/1486/813 1165/1487/814
f 1165/1487/814 505/1486/813 504/1488/815
f 504/1488/815 499/1489/816 1165/1487/814
f 1165/1487/814 499/1489/816 498/1490/817
f 1165/1487/814 498/1490/817 1166/1491/818
f 1166/1491/818 498/1490/817 494/1492/819
f 1166/1491/818 494/1492/819 1167/1493/820
f 1167/1493/820 494/1492/819 502/1494/821
f 1167/1493/820 502/1494/821 501/1495/822
f 1168/1496/823 1167/1493/820 1169/1497/824
f 1169/1497/824 1167/1493/820 501/1495/822
f 1169/1497/824 501/1495/822 1170/1498/825
f 1170/1498/825 501/1495/822 503/1499/826
f 1170/1498/825 503/1499/826 1171/1500/827
f 1171/1501/827 503/1502/826 1172/1503/828
f 1172/1503/828 503/1502/826 486/1504/829
f 1172/1503/828 486/1504/829 1173/1505/830
f 1173/1505/830 486/1504/829 487/1506/831
f 1173/1505/830 487/1506/831 1174/1507/832
f 1174/1507/832 487/1506/831 488/1508/833
f 1174/1507/832 488/1508/833 1175/1509/834
f 488/1508/833 489/1510/835 1175/1509/834
f 1175/1509/834 489/1510/835 490/1511/836
f 1175/1509/834 490/1511/836 1176/1512/837
f 1176/1512/837 490/1511/836 491/1513/838
f 1176/1512/837 491/1513/838 1177/1514/839
f 491/1513/838 492/1515/840 1177/1514/839
f 1177/1514/839 492/1515/840 493/1516/841
f 1177/1514/839 493/1516/841 1178/1517/842
f 1178/1517/842 493/1516/841 477/1518/843
f 1178/1517/842 477/1518/843 1179/1519/844
f 1179/1519/844 477/1518/843 478/1520/845
f 1179/1519/844 478/1520/845 1180/1521/846
f 478/1520/845 479/1522/847 1180/1521/846
f 1180/1521/846 479/1522/847 480/1523/848
f 1180/1521/846 480/1523/848 1181/1524/849
f 480/1523/848 481/1525/850 1181/1524/849
f 1181/1524/849 481/1525/850 482/1526/851
f 1181/1524/849 482/1526/851 1182/1527/852
f 1182/1527/852 482/1526/851 483/1528/853
f 1182/1527/852 483/1528/853 1183/1529/854
f 1184/1530/855 1185/1531/856 1186/1532/857
f 483/1528/853 484/1533/858 1183/1529/854
f 1183/1529/854 484/1533/858 485/1534/859
f 1183/1529/854 485/1534/859 1186/1535/857
f 1186/1532/857 485/1536/859 626/1537/860
f 1186/1532/857 626/1537/860 1184/1530/855
f 628/1538/861 1187/1539/862 627/1540/863
f 627/1540/863 1187/1539/862 1188/1541/864
f 627/1540/863 1188/1541/864 626/1537/860
f 626/1537/860 1188/1541/864 1189/1542/865
f 626/1537/860 1189/1542/865 1184/1530/855
f 618/1543/866 1190/1544/867 617/1545/868
f 617/1545/868 1190/1544/867 1191/1546/869
f 617/1545/868 1191/1546/869 632/1547/870
f 632/1547/870 1191/1546/869 1192/1548/871
f 632/1547/870 1192/1548/871 631/1549/872
f 631/1549/872 1192/1548/871 1193/1550/873
f 631/1549/872 1193/1550/873 630/1551/874
f 630/1551/874 1193/1550/873 1187/1539/862
f 630/1551/874 1187/1539/862 629/1552/875
f 629/1552/875 1187/1539/862 628/1538/861
f 618/1543/866 619/1553/876 1190/1544/867
f 1190/1544/867 619/1553/876 620/1554/877
f 1190/1544/867 620/1554/877 1194/1555/878
f 1194/1555/878 620/1554/877 621/1556/879
f 1194/1555/878 621/1556/879 1195/1557/880
f 1195/1557/880 621/1556/879 622/1558/881
f 1195/1557/880 622/1558/881 1196/1559/882
f 1196/1559/882 622/1558/881 623/1560/883
f 1196/1559/882 623/1560/883 1197/1561/884
f 1197/1561/884 623/1560/883 624/1562/885
f 1197/1561/884 624/1562/885 1198/1563/886
f 624/1562/885 625/1564/887 1198/1563/886
f 1198/1563/886 625/1564/887 611/1565/888
f 1198/1563/886 611/1565/888 1199/1566/889
f 1199/1566/889 611/1565/888 612/1567/890
f 1199/1566/889 612/1567/890 1200/1568/891
f 1200/1568/891 612/1567/890 613/1569/892
f 1200/1568/891 613/1569/892 1152/1570/785
f 1152/1570/785 613/1569/892 614/1571/893
f 1152/1456/785 614/1572/893 16/16/11
f 16/1573/11 614/1574/893 615/1575/894
f 16/1576/11 615/1577/894 1201/1578/895
f 1201/1578/895 615/1577/894 616/1579/896
f 1201/1578/895 616/1579/896 1202/1580/897
f 1202/1580/897 616/1579/896 601/1581/898
f 1202/1580/897 601/1581/898 1203/1582/899
f 1203/1582/899 601/1581/898 599/1583/900
f 1203/1582/899 599/1583/900 1153/1457/786
f 1153/1457/786 599/1583/900 597/1584/901
f 1153/1457/786 597/1584/901 602/1458/787
f 1204/1585/902 1205/1586/903 1206/1587/904
f 1207/1588/905 1205/1586/903 192/1589/906
f 192/1589/906 1205/1586/903 1204/1585/902
f 192/1589/906 1204/1585/902 193/1590/907
f 193/1590/907 1204/1585/902 1208/1591/908
f 193/1590/907 1208/1591/908 217/1592/909
f 217/1592/909 1208/1591/908 1209/1593/910
f 217/1592/909 1209/1593/910 190/1594/911
f 190/1594/911 1209/1593/910 1210/1595/912
f 190/1594/911 1210/1595/912 188/1596/913
f 188/1596/913 1210/1595/912 1211/1597/914
f 188/1596/913 1211/1597/914 186/1598/915
f 186/1598/915 1211/1597/914 869/999/485
f 186/1598/915 869/999/485 205/998/484
f 1149/1453/782 476/496/286 1212/1599/916
f 1212/1599/916 476/496/286 474/494/284
f 1212/1599/916 474/494/284 1213/1600/917
f 1213/1600/917 474/494/284 472/492/282
f 1213/1600/917 472/492/282 1206/1587/904
f 1206/1587/904 472/492/282 470/490/280
f 1206/1587/904 470/490/280 1204/1585/902
f 1204/1585/902 470/490/280 468/488/278
f 1204/1585/902 468/488/278 1208/1591/908
f 1208/1591/908 468/488/278 466/486/276
f 1208/1591/908 466/486/276 1209/1593/910
f 1209/1593/910 466/486/276 464/484/274
f 1209/1593/910 464/484/274 1210/1595/912
f 1210/1595/912 464/484/274 462/482/272
f 1210/1595/912 462/482/272 1211/1597/914
f 1211/1597/914 462/482/272 460/480/270
f 1211/1597/914 460/480/270 869/999/485
f 1145/1601/19 1146/1602/16 1214/1603/19
f 1215/1604/16 1216/1605/918 1217/1606/918
f 1217/1606/918 1216/1605/918 1218/1607/919
f 1206/1608/920 1219/1609/921 1213/1610/16
f 1213/1610/16 1219/1609/921 1220/1611/18
f 1213/1610/16 1220/1611/18 1221/1612/921
f 1214/1603/19 1146/1602/16 1222/1613/16
f 1223/1614/16 1224/1615/16 1225/1616/16
f 1225/1616/16 1224/1615/16 1226/1617/16
f 1225/1616/16 1226/1617/16 1227/1618/16
f 1227/1618/16 1226/1617/16 1228/1619/16
f 1227/1618/16 1228/1619/16 1229/1620/16
f 1229/1620/16 1228/1619/16 1230/1621/16
f 1229/1620/16 1230/1621/16 1231/1622/16
f 1231/1622/16 1230/1621/16 1232/1623/16
f 1231/1622/16 1232/1623/16 1233/1624/16
f 1233/1624/16 1232/1623/16 1234/1625/16
f 1233/1624/16 1234/1625/16 1235/1626/16
f 1235/1626/16 1234/1625/16 1236/1627/16
f 1235/1626/16 1236/1627/16 1237/1628/16
f 1237/1628/16 1236/1627/16 1238/1629/16
f 1237/1628/16 1238/1629/16 1215/1604/16
f 1215/1604/16 1238/1629/16 1239/1630/16
f 1215/1604/16 1239/1630/16 1216/1605/918
f 1223/1614/16 1240/1631/16 1224/1615/16
f 1224/1615/16 1240/1631/16 1241/1632/16
f 1224/1615/16 1241/1632/16 1242/1633/16
f 1242/1633/16 1241/1632/16 1243/1634/16
f 1242/1633/16 1243/1634/16 1244/1635/16
f 1244/1635/16 1243/1634/16 1245/1636/16
f 1244/1635/16 1245/1636/16 1246/1637/16
f 1221/1612/921 1247/1638/27 1213/1610/16
f 1213/1610/16 1247/1638/27 1248/1639/771
f 1213/1610/16 1248/1639/771 1246/1637/16
f 1145/1601/19 1214/1603/19 1144/1640/16
f 1144/1640/16 1214/1603/19 1249/1641/16
f 1144/1640/16 1249/1641/16 1143/1642/16
f 1143/1642/16 1249/1641/16 1250/1643/772
f 1143/1642/16 1250/1643/772 1150/1644/772
f 1146/1602/16 1147/1645/16 1222/1613/16
f 1222/1613/16 1147/1645/16 1148/1646/16
f 1222/1613/16 1148/1646/16 1245/1636/16
f 1245/1636/16 1148/1646/16 1149/1647/16
f 1245/1636/16 1149/1647/16 1246/1637/16
f 1246/1637/16 1149/1647/16 1212/1648/19
f 1246/1637/16 1212/1648/19 1213/1610/16
f 1250/1649/922 1251/1650/923 1150/1651/783
f 1150/1651/783 1251/1650/923 1151/1652/784
f 1252/1653/924 1249/1654/925 1214/1655/926
f 1252/1653/924 1214/1655/926 1253/1656/926
f 1253/1657/926 1214/1658/926 1222/1659/927
f 1253/1657/926 1222/1659/927 1254/1660/927
f 1251/1650/923 1250/1649/922 1255/1661/928
f 1255/1661/928 1250/1649/922 1249/1662/925
f 1255/1661/928 1249/1662/925 1252/1663/924
f 1256/1664/929 1257/1665/930 1258/1666/931
f 1258/1666/931 1257/1665/930 1244/1667/932
f 1258/1666/931 1244/1667/932 1246/1668/933
f 1259/1669/934 1256/1664/929 1258/1666/931
f 1206/1587/904 1205/1586/903 1260/1670/935
f 1206/1587/904 1260/1670/935 1219/1671/936
f 1219/1672/936 1260/1673/935 1261/1674/937
f 1219/1675/936 1261/1676/937 1220/1677/938
f 1220/1678/938 1261/1674/937 1221/1679/939
f 1221/1679/939 1261/1674/937 1262/1680/940
f 1221/1679/939 1262/1680/940 1247/1681/941
f 1258/1666/931 1246/1668/933 1262/1680/940
f 1262/1680/940 1246/1668/933 1248/1682/942
f 1262/1680/940 1248/1682/942 1247/1681/941
f 1259/1669/934 1258/1666/931 1263/1683/943
f 1263/1683/943 1258/1666/931 1262/1680/940
f 1263/1683/943 1262/1680/940 1264/1684/944
f 1264/1684/944 1262/1680/940 1261/1674/937
f 1264/1684/944 1261/1674/937 1265/1685/945
f 1265/1685/945 1261/1674/937 1266/1686/946
f 1266/1686/946 1261/1674/937 1260/1673/935
f 1266/1687/946 1260/1670/935 1267/1688/947
f 1267/1688/947 1260/1670/935 1205/1586/903
f 1267/1688/947 1205/1586/903 1207/1588/905
f 1241/1689/948 1268/1690/948 1269/1691/949
f 1241/1689/948 1269/1691/949 1243/1692/949
f 1243/1692/949 1269/1691/949 1270/1693/950
f 1243/1692/949 1270/1693/950 1245/1694/950
f 1245/1694/950 1270/1693/950 1254/1660/927
f 1245/1694/950 1254/1660/927 1222/1659/927
f 1186/1532/857 1185/1531/856 1271/1695/951
f 1271/1695/951 1185/1531/856 1272/1696/952
f 1271/1695/951 1272/1696/952 1273/1697/953
f 1273/1697/953 1272/1696/952 1274/1698/954
f 1240/1699/955 1223/1700/956 1274/1698/954
f 1274/1698/954 1223/1700/956 1275/1701/957
f 1274/1698/954 1275/1701/957 1273/1697/953
f 1274/1698/954 1276/1702/958 1240/1699/955
f 1240/1699/955 1276/1702/958 1268/1703/948
f 1240/1699/955 1268/1703/948 1241/1704/948
f 1277/1705/959 1239/1706/960 1278/1707/961
f 1278/1707/961 1239/1706/960 1238/1708/962
f 1278/1707/961 1238/1708/962 1279/1709/963
f 1279/1709/963 1238/1708/962 1280/1710/964
f 1280/1710/964 1238/1708/962 1236/1711/965
f 1280/1712/964 1236/1713/965 1281/1714/966
f 1281/1714/966 1236/1713/965 1282/1715/967
f 1282/1715/967 1236/1713/965 1234/1716/968
f 1282/1715/967 1234/1716/968 1283/1717/969
f 1283/1717/969 1234/1716/968 1284/1718/970
f 1284/1718/970 1234/1716/968 1232/1719/971
f 1284/1718/970 1232/1719/971 1285/1720/972
f 1285/1720/972 1232/1719/971 1286/1721/973
f 1286/1721/973 1232/1719/971 1230/1722/974
f 1286/1721/973 1230/1722/974 1287/1723/975
f 1287/1723/975 1230/1722/974 1288/1724/976
f 1288/1724/976 1230/1722/974 1228/1725/977
f 1288/1724/976 1228/1725/977 1289/1726/978
f 1289/1726/978 1228/1725/977 1290/1727/979
f 1290/1727/979 1228/1725/977 1226/1728/980
f 1290/1727/979 1226/1728/980 1291/1729/981
f 1291/1729/981 1226/1728/980 1224/1730/982
f 1291/1729/981 1224/1730/982 1292/1731/983
f 1292/1731/983 1224/1730/982 1242/1732/984
f 1292/1731/983 1242/1732/984 1293/1733/985
f 1293/1733/985 1242/1732/984 1244/1734/932
f 1293/1733/985 1244/1734/932 1257/1735/930
f 1294/1736/986 1295/1737/987 1218/1738/988
f 1218/1738/988 1295/1737/987 1114/1739/989
f 1218/1738/988 1114/1739/989 1217/1740/990
f 1217/1740/990 1114/1739/989 1087/1741/990
f 1294/1736/986 1218/1738/988 1216/1742/991
f 1294/1736/986 1216/1742/991 1296/1743/991
f 1296/1744/991 1216/1745/991 1239/1706/960
f 1296/1744/991 1239/1706/960 1277/1705/959
f 995/1255/717 994/1254/717 1297/1746/992
f 1297/1746/992 994/1254/717 1035/1747/993
f 1298/1748/994 826/926/410 828/928/413
f 1298/1748/994 828/928/413 1299/1749/995
f 79/1750/996 131/1751/997 1299/1749/995
f 828/928/413 827/927/412 1300/1752/998
f 1299/1749/995 828/928/413 79/1750/996
f 79/1750/996 828/928/413 1300/1752/998
f 79/1750/996 1300/1752/998 80/1753/999
f 1301/1754/1000 1302/1755/1001 1039/1756/1002
f 1039/1756/1002 1302/1755/1001 1303/1757/1003
f 1304/1758/1004 787/872/1005 786/870/404
f 1305/1759/1006 788/1760/1007 787/872/1005
f 787/872/1005 1304/1758/1004 1305/1759/1006
f 1305/1759/1006 1304/1758/1004 1301/1754/1000
f 1305/1759/1006 1301/1754/1000 1306/1761/1008
f 1306/1761/1008 1301/1754/1000 1039/1756/1002
f 1306/1761/1008 1039/1756/1002 1025/1762/1009
f 786/870/404 824/924/406 1304/1758/1004
f 1304/1758/1004 824/924/406 825/925/408
f 1304/1758/1004 825/925/408 1301/1754/1000
f 1301/1754/1000 825/925/408 826/926/410
f 1301/1754/1000 826/926/410 1302/1755/1001
f 1039/1763/1010 1303/1764/1011 1038/1765/1012
f 1038/1765/1012 1303/1764/1011 1307/1766/1013
f 1297/1746/992 1035/1747/993 1308/1767/1014
f 1308/1767/1014 1035/1747/993 1037/1768/1015
f 1308/1767/1014 1037/1768/1015 1309/1769/1016
f 1309/1769/1016 1037/1768/1015 121/1770/1017
f 121/1770/1017 1037/1768/1015 1038/1765/1012
f 121/1770/1017 1038/1765/1012 1307/1766/1013
f 121/1770/1017 1307/1766/1013 122/1771/1018
f 123/1772/1019 122/1773/1020 1310/1774/1021
f 1310/1774/1021 122/1773/1020 1307/1775/1022
f 1310/1774/1021 1307/1775/1022 1311/1776/1023
f 1311/1776/1023 1307/1775/1022 1303/1757/1003
f 1311/1776/1023 1303/1757/1003 1302/1755/1001
f 1302/1755/1001 826/926/410 1298/1748/994
f 1302/1755/1001 1298/1748/994 1311/1776/1023
f 1311/1776/1023 1298/1748/994 1299/1749/995
f 1311/1776/1023 1299/1749/995 1310/1774/1021
f 1310/1774/1021 1299/1749/995 131/1751/997
f 1310/1774/1021 131/1751/997 123/1772/1019
f 1312/1777/1024 1036/1778/1025 1313/1779/1026
f 1313/1779/1026 1036/1778/1025 1034/1780/1026
f 991/1251/715 990/1250/715 1314/1781/1027
f 991/1251/715 1314/1781/1027 1028/1782/1027
f 1028/1782/1027 1314/1781/1027 1315/1783/1028
f 1028/1782/1027 1315/1783/1028 1029/1784/1028
f 1029/1784/1028 1315/1783/1028 1316/1785/1029
f 1029/1784/1028 1316/1785/1029 1033/1786/1030
f 1033/1787/1030 1316/1788/1029 1313/1779/1026
f 1033/1787/1030 1313/1779/1026 1034/1780/1026
f 674/742/1031 1317/1789/1032 1318/1790/1033
f 663/731/1034 674/742/1031 1319/1791/1035
f 1319/1791/1035 674/742/1031 1318/1790/1033
f 1319/1791/1035 1318/1790/1033 1320/1792/1036
f 1317/1789/1032 674/742/1031 1321/1793/1037
f 1321/1793/1037 674/742/1031 673/741/1038
f 1321/1793/1037 673/741/1038 1322/1794/1039
f 1322/1794/1039 673/741/1038 1323/1795/1040
f 1323/1795/1040 673/741/1038 690/758/351
f 1323/1795/1040 690/758/351 790/877/350
f 1319/1791/1035 1320/1792/1036 1324/1796/1041
f 1325/1797/1042 665/733/1043 1324/1796/1041
f 1324/1796/1041 665/733/1043 663/731/1034
f 1324/1796/1041 663/731/1034 1319/1791/1035
f 899/1050/1044 447/465/257 448/466/258
f 1325/1797/1042 1326/1798/1045 665/733/1043
f 665/1799/1043 1326/1800/1045 900/1051/1046
f 665/1799/1043 900/1051/1046 667/1801/1047
f 667/1801/1047 900/1051/1046 899/1050/1044
f 667/1801/1047 899/1050/1044 669/1802/1048
f 669/1802/1048 899/1050/1044 448/466/258
f 902/1053/535 901/1052/534 151/1803/1049
f 902/1053/535 151/1803/1049 893/1044/525
f 893/1044/525 151/1803/1049 894/1045/526
f 894/1045/526 151/1803/1049 161/1804/1050
f 894/1045/526 161/1804/1050 895/1046/528
f 900/1051/533 1326/1800/1051 898/1049/531
f 898/1049/531 1326/1800/1051 151/1803/1049
f 898/1049/531 151/1803/1049 897/1048/530
f 897/1048/530 151/1803/1049 901/1052/534
f 903/1054/536 911/1064/549 163/1805/1052
f 163/1805/1052 911/1064/549 912/1065/551
f 163/1805/1052 912/1065/551 161/1804/1050
f 161/1804/1050 912/1065/551 896/1047/529
f 161/1804/1050 896/1047/529 895/1046/528
f 906/1057/540 905/1056/539 163/1805/1052
f 163/1805/1052 905/1056/539 904/1055/537
f 163/1805/1052 904/1055/537 903/1054/536
f 165/1806/1053 167/1089/572 926/1088/571
f 926/1088/571 927/1091/574 165/1806/1053
f 165/1806/1053 927/1091/574 928/1092/575
f 165/1806/1053 928/1092/575 922/1083/567
f 922/1083/567 916/1071/557 165/1806/1053
f 165/1806/1053 916/1071/557 914/1069/555
f 165/1806/1053 914/1069/555 910/1063/547
f 910/1063/547 909/1062/546 165/1806/1053
f 165/1806/1053 909/1062/546 908/1060/544
f 165/1806/1053 908/1060/544 163/1805/1052
f 163/1805/1052 908/1060/544 907/1059/543
f 163/1805/1052 907/1059/543 906/1057/540
f 1024/1807/1054 144/1808/1055 145/1809/1056
f 1306/1761/1008 1025/1762/1009 1024/1807/1054
f 145/1809/1056 1318/1810/1057 1024/1807/1054
f 1024/1807/1054 1318/1810/1057 1317/1811/1058
f 1024/1807/1054 1317/1811/1058 1321/1812/1058
f 1306/1761/1008 1024/1807/1054 1305/1759/1006
f 789/1813/1058 788/1760/1007 1305/1759/1006
f 1321/1812/1058 1322/1814/1058 1024/1807/1054
f 1024/1807/1054 1322/1814/1058 1323/1815/1058
f 1024/1807/1054 1323/1815/1058 1305/1759/1006
f 1305/1759/1006 1323/1815/1058 790/1816/1058
f 1305/1759/1006 790/1816/1058 789/1813/1058
f 1318/1810/1057 145/1809/1056 1320/1817/1059
f 1320/1817/1059 145/1809/1056 147/1818/1060
f 1320/1817/1059 147/1818/1060 1324/1819/1061
f 1324/1819/1061 147/1818/1060 1325/1820/1062
f 1325/1820/1062 147/1818/1060 151/1803/1049
f 1325/1820/1062 151/1803/1049 1326/1800/1051
f 1327/1821/1063 140/1822/1064 1027/1823/1065
f 1027/1823/1065 140/1822/1064 1026/1824/1066
f 1036/1778/1025 1312/1777/1024 1027/1823/1065
f 1027/1823/1065 1312/1777/1024 1328/1825/1067
f 1027/1823/1065 1328/1825/1067 1327/1821/1063
f 140/1822/1064 142/1826/1068 1026/1824/1066
f 1026/1824/1066 142/1826/1068 144/1808/1055
f 1026/1824/1066 144/1808/1055 1024/1807/1054
f 888/1032/515 871/1001/487 885/1029/512
f 933/1103/584 169/1102/583 139/1827/1069
f 886/1030/513 887/1031/514 933/1103/584
f 933/1103/584 139/1827/1069 886/1030/513
f 886/1030/513 139/1827/1069 148/1828/1070
f 886/1030/513 148/1828/1070 885/1029/512
f 885/1029/512 148/1828/1070 211/1033/516
f 885/1029/512 211/1033/516 888/1032/515
f 380/396/1071 1329/1829/1072 382/398/1073
f 382/398/1073 1329/1829/1072 1330/1830/1074
f 382/398/1073 1330/1830/1074 384/400/1075
f 384/400/1075 1330/1830/1074 1331/1831/1076
f 384/400/1075 1331/1831/1076 397/415/1077
f 397/415/1077 1331/1831/1076 1332/1832/1078
f 1333/1833/1079 394/1834/1080 1332/1832/1078
f 1332/1832/1078 394/1834/1080 396/1835/1081
f 1332/1832/1078 396/1835/1081 397/415/1077
f 848/1836/450 367/1837/449 1334/1838/1082
f 1334/1838/1082 367/1837/449 386/1839/1083
f 1334/1838/1082 386/1839/1083 1335/1840/1084
f 1335/1840/1084 386/1839/1083 388/1841/1085
f 1335/1840/1084 388/1841/1085 1336/1842/1086
f 1336/1842/1086 388/1841/1085 390/1843/1087
f 1336/1842/1086 390/1843/1087 1333/1833/1079
f 1333/1833/1079 390/1843/1087 392/1844/1088
f 1333/1833/1079 392/1844/1088 394/1834/1080
f 849/1845/451 848/1836/450 1337/1846/1089
f 1337/1846/1089 848/1836/450 1334/1838/1082
f 1337/1846/1089 1334/1838/1082 1338/1847/1090
f 1338/1847/1090 1334/1838/1082 1335/1840/1084
f 1338/1847/1090 1335/1840/1084 1339/1848/1091
f 1339/1848/1091 1335/1840/1084 1336/1842/1086
f 1339/1848/1091 1336/1842/1086 1340/1849/1092
f 1340/1849/1092 1336/1842/1086 1333/1833/1079
f 1340/1849/1092 1333/1833/1079 1341/1850/1093
f 1341/1850/1093 1333/1833/1079 1332/1832/1078
f 1341/1850/1093 1332/1832/1078 1342/1851/1094
f 1342/1851/1094 1332/1832/1078 1331/1831/1076
f 1342/1851/1094 1331/1831/1076 1343/1852/1095
f 1343/1852/1095 1331/1831/1076 1330/1830/1074
f 1343/1852/1095 1330/1830/1074 1344/1853/1096
f 1344/1853/1096 1330/1830/1074 1329/1829/1072
f 1345/1854/1097 66/1855/1098 97/1856/1099
f 849/964/451 1345/1854/1097 1346/1857/1100
f 849/964/451 1346/1857/1100 847/959/446
f 847/959/446 1346/1857/1100 1347/1858/1101
f 847/959/446 1347/1858/1101 850/966/453
f 1345/1854/1097 97/1856/1099 1346/1857/1100
f 1346/1857/1100 97/1856/1099 96/1859/1102
f 1346/1857/1100 96/1859/1102 1347/1858/1101
f 1347/1858/1101 96/1859/1102 95/1860/1103
f 1347/1858/1101 95/1860/1103 1348/1861/1104
f 853/970/458 854/971/459 1348/1861/1104
f 1348/1861/1104 854/971/459 852/969/456
f 1348/1861/1104 852/969/456 1347/1858/1101
f 1347/1858/1101 852/969/456 851/968/455
f 1347/1858/1101 851/968/455 850/966/453
f 1300/1752/998 1349/1862/1105 80/1753/999
f 80/1753/999 1349/1862/1105 82/1863/1106
f 95/1860/1103 82/1863/1106 1348/1861/1104
f 1348/1861/1104 82/1863/1106 1349/1862/1105
f 1348/1861/1104 1349/1862/1105 853/970/458
f 853/970/458 1349/1862/1105 1300/1752/998
f 853/970/458 1300/1752/998 827/927/412
f 1350/1864/1107 399/417/1108 1351/1865/1109
f 1351/1865/1109 399/417/1108 398/416/1110
f 1351/1865/1109 398/416/1110 838/940/423
f 838/940/423 398/416/1110 356/366/429
f 1352/1866/1111 1350/1864/1107 1353/1867/1112
f 1353/1867/1112 1350/1864/1107 1351/1865/1109
f 1353/1867/1112 1351/1865/1109 837/939/422
f 837/939/422 1351/1865/1109 838/940/423
f 25/957/444 62/1868/1113 846/958/445
f 846/958/445 62/1868/1113 1354/1869/1114
f 846/958/445 1354/1869/1114 820/920/400
f 833/935/418 832/934/417 1354/1870/1114
f 1354/1870/1114 832/934/417 830/932/415
f 1354/1869/1114 830/930/415 820/920/400
f 1355/1871/1115 70/1872/1116 40/1873/1117
f 1355/1871/1115 40/1873/1117 1356/1874/1118
f 1356/1874/1118 40/1873/1117 39/1875/1119
f 1356/1874/1118 39/1875/1119 1357/1876/1120
f 62/1877/1113 70/1872/1116 1354/1870/1114
f 1354/1870/1114 70/1872/1116 1355/1871/1115
f 1354/1870/1114 1355/1871/1115 833/935/418
f 833/935/418 1355/1871/1115 1356/1874/1118
f 833/935/418 1356/1874/1118 835/937/420
f 835/937/420 1356/1874/1118 1357/1876/1120
f 835/937/420 1357/1876/1120 837/939/422
f 414/432/1121 416/434/1122 1358/1878/1123
f 1358/1878/1123 416/434/1122 405/423/1124
f 1329/1829/1072 380/396/1071 1359/1879/1125
f 1359/1879/1125 380/396/1071 406/424/1126
f 1359/1879/1125 406/424/1126 1360/1880/1127
f 1360/1880/1127 406/424/1126 408/426/1128
f 1360/1880/1127 408/426/1128 1361/1881/1129
f 1361/1881/1129 408/426/1128 410/428/1130
f 1361/1881/1129 410/428/1130 1362/1882/1131
f 1362/1882/1131 410/428/1130 412/430/1132
f 1363/1883/1133 1358/1878/1123 1364/1884/1134
f 1364/1884/1134 1358/1878/1123 405/423/1124
f 1364/1884/1134 405/423/1124 404/422/1135
f 1363/1883/1133 1365/1885/1136 1358/1878/1123
f 1358/1878/1123 1365/1885/1136 1362/1882/1131
f 1358/1878/1123 1362/1882/1131 414/432/1121
f 414/432/1121 1362/1882/1131 412/430/1132
f 1344/1853/1096 1329/1829/1072 1366/1886/1137
f 1366/1886/1137 1329/1829/1072 1359/1879/1125
f 1366/1886/1137 1359/1879/1125 1367/1887/1138
f 1367/1887/1138 1359/1879/1125 1360/1880/1127
f 1367/1887/1138 1360/1880/1127 1368/1888/1139
f 1368/1888/1139 1360/1880/1127 1361/1881/1129
f 1368/1888/1139 1361/1881/1129 1369/1889/1140
f 1369/1889/1140 1361/1881/1129 1362/1882/1131
f 1369/1889/1140 1362/1882/1131 1370/1890/1141
f 1370/1890/1141 1362/1882/1131 1365/1885/1136
f 1371/1891/1142 93/1892/1143 92/1893/1144
f 1344/1853/1096 1371/1891/1142 1372/1894/1145
f 1344/1853/1096 1372/1894/1145 1343/1852/1095
f 1343/1852/1095 1372/1894/1145 1373/1895/1146
f 1343/1852/1095 1373/1895/1146 1342/1851/1094
f 1342/1851/1094 1373/1895/1146 1374/1896/1147
f 1342/1851/1094 1374/1896/1147 1341/1850/1093
f 1371/1891/1142 92/1893/1144 1372/1894/1145
f 1372/1894/1145 92/1893/1144 71/1897/1148
f 1372/1894/1145 71/1897/1148 1373/1895/1146
f 1373/1895/1146 71/1897/1148 73/1898/1149
f 1373/1895/1146 73/1898/1149 1374/1896/1147
f 1374/1896/1147 73/1898/1149 75/1899/1150
f 1374/1896/1147 75/1899/1150 1375/1900/1151
f 1375/1900/1151 75/1899/1150 77/1901/1152
f 1375/1900/1151 77/1901/1152 1376/1902/1153
f 1376/1902/1153 77/1901/1152 78/1903/1154
f 1376/1902/1153 78/1903/1154 1377/1904/1155
f 1377/1904/1155 78/1903/1154 66/1905/1098
f 1377/1904/1155 66/1905/1098 1345/1906/1097
f 1341/1850/1093 1374/1896/1147 1340/1849/1092
f 1340/1849/1092 1374/1896/1147 1375/1900/1151
f 1340/1849/1092 1375/1900/1151 1339/1848/1091
f 1339/1848/1091 1375/1900/1151 1376/1902/1153
f 1339/1848/1091 1376/1902/1153 1338/1847/1090
f 1338/1847/1090 1376/1902/1153 1377/1904/1155
f 1338/1847/1090 1377/1904/1155 1337/1846/1089
f 1337/1846/1089 1377/1904/1155 1345/1906/1097
f 1337/1846/1089 1345/1906/1097 849/1845/451
f 1378/1907/1156 419/437/1157 420/438/1158
f 1379/1908/1159 1378/1907/1156 1380/1909/1160
f 1378/1907/1156 420/438/1158 1380/1909/1160
f 1380/1909/1160 420/438/1158 421/439/1161
f 1380/1909/1160 421/439/1161 1381/1910/1162
f 1381/1910/1162 421/439/1161 399/417/1108
f 1381/1910/1162 399/417/1108 1350/1864/1107
f 1379/1908/1159 1380/1909/1160 1382/1911/1163
f 1382/1911/1163 1380/1909/1160 1381/1910/1162
f 1382/1911/1163 1381/1910/1162 1383/1912/1164
f 1383/1912/1164 1381/1910/1162 1350/1864/1107
f 1383/1912/1164 1350/1864/1107 1352/1866/1111
f 1357/1876/1120 39/1875/1119 88/1913/1165
f 1353/1867/1112 837/939/422 1357/1876/1120
f 1357/1876/1120 88/1913/1165 1353/1867/1112
f 1353/1867/1112 88/1913/1165 90/1914/1166
f 1353/1867/1112 90/1914/1166 1352/1866/1111
f 1363/1883/1133 1364/1884/1134 1384/1915/1167
f 1363/1883/1133 1384/1915/1167 1385/1916/1168
f 1385/1916/1168 1384/1915/1167 1386/1917/1169
f 1385/1916/1168 1386/1917/1169 1387/1918/1170
f 1379/1908/1159 1387/1918/1170 1378/1907/1156
f 1378/1907/1156 1387/1918/1170 1386/1917/1169
f 1378/1907/1156 1386/1917/1169 419/437/1157
f 419/437/1157 1386/1917/1169 427/445/1171
f 427/445/1171 1386/1917/1169 1384/1915/1167
f 427/445/1171 1384/1915/1167 426/444/1172
f 426/444/1172 1384/1915/1167 1364/1884/1134
f 426/444/1172 1364/1884/1134 404/422/1135
f 1388/1919/1173 120/1920/1174 119/1921/1175
f 1365/1885/1136 1363/1883/1133 1389/1922/1176
f 1389/1922/1176 1363/1883/1133 1388/1919/1173
f 1365/1885/1136 1389/1922/1176 1370/1890/1141
f 1370/1890/1141 1389/1922/1176 1390/1923/1177
f 1370/1890/1141 1390/1923/1177 1369/1889/1140
f 1388/1919/1173 119/1921/1175 1389/1922/1176
f 1389/1922/1176 119/1921/1175 117/1924/1178
f 1389/1922/1176 117/1924/1178 1390/1923/1177
f 1390/1923/1177 117/1924/1178 115/1925/1179
f 1390/1923/1177 115/1925/1179 1391/1926/1180
f 1391/1926/1180 115/1925/1179 114/1927/1181
f 1391/1926/1180 114/1927/1181 1392/1928/1182
f 1392/1928/1182 114/1927/1181 93/1892/1143
f 1392/1928/1182 93/1892/1143 1371/1891/1142
f 1369/1889/1140 1390/1923/1177 1368/1888/1139
f 1368/1888/1139 1390/1923/1177 1391/1926/1180
f 1368/1888/1139 1391/1926/1180 1367/1887/1138
f 1367/1887/1138 1391/1926/1180 1392/1928/1182
f 1367/1887/1138 1392/1928/1182 1366/1886/1137
f 1366/1886/1137 1392/1928/1182 1371/1891/1142
f 1366/1886/1137 1371/1891/1142 1344/1853/1096
f 1352/1866/1111 90/1914/1166 111/1929/1183
f 1352/1866/1111 111/1929/1183 1383/1912/1164
f 1383/1912/1164 111/1929/1183 58/1930/1184
f 1383/1912/1164 58/1930/1184 1382/1911/1163
f 1382/1911/1163 58/1930/1184 56/1931/1185
f 1382/1911/1163 56/1931/1185 1379/1908/1159
f 1388/1919/1173 1363/1883/1133 1385/1916/1168
f 1379/1908/1159 56/1931/1185 54/1932/1186
f 1379/1908/1159 54/1932/1186 1387/1918/1170
f 1387/1918/1170 54/1932/1186 64/1933/1187
f 1387/1918/1170 64/1933/1187 1385/1916/1168
f 1385/1916/1168 64/1933/1187 120/1920/1174
f 1385/1916/1168 120/1920/1174 1388/1919/1173
f 1393/1934/16 1394/1935/16 1395/1936/16
f 1395/1936/16 1394/1935/16 1396/1937/16
f 1395/1936/16 1396/1937/16 1397/1938/16
f 1398/1939/16 1399/1940/16 1395/1936/16
f 1395/1936/16 1399/1940/16 1400/1941/16
f 1395/1936/16 1400/1941/16 1393/1934/16
f 1401/1942/16 1402/1943/16 1395/1936/16
f 1395/1936/16 1402/1943/16 1403/1944/16
f 1395/1936/16 1403/1944/16 1398/1939/16
f 1397/1938/16 1404/1945/16 1395/1936/16
f 1395/1936/16 1404/1945/16 1405/1946/16
f 1395/1936/16 1405/1946/16 1401/1942/16
f 1406/1947/1188 1396/1948/1188 1407/1949/1189
f 1407/1949/1189 1396/1948/1188 1394/1950/1189
f 1407/1949/1189 1394/1950/1189 1408/1951/1190
f 1408/1951/1190 1394/1950/1189 1393/1952/1190
f 1408/1951/1191 1393/1952/1191 1409/1953/1192
f 1409/1953/1192 1393/1952/1191 1400/1954/1192
f 1409/1955/1192 1400/1956/1192 1410/1957/1193
f 1410/1957/1193 1400/1956/1192 1399/1958/1193
f 1410/1957/1194 1399/1958/1194 1411/1959/1195
f 1411/1959/1195 1399/1958/1194 1398/1960/1195
f 1411/1961/1195 1398/1962/1195 1412/1963/1196
f 1412/1963/1196 1398/1962/1195 1403/1964/1196
f 1412/1963/1196 1403/1964/1196 1413/1965/1197
f 1413/1965/1197 1403/1964/1196 1402/1966/1197
f 1413/1965/1197 1402/1966/1197 1414/1967/1198
f 1414/1967/1198 1402/1966/1197 1401/1968/1198
f 1414/1969/1199 1401/1970/1199 1415/1971/1200
f 1415/1971/1200 1401/1970/1199 1405/1972/1200
f 1415/1971/1200 1405/1972/1200 1416/1973/1201
f 1416/1973/1201 1405/1972/1200 1404/1974/1201
f 1416/1973/1201 1404/1974/1201 1417/1975/1202
f 1417/1975/1202 1404/1974/1201 1397/1976/1202
f 1417/1975/1202 1397/1976/1202 1406/1977/1203
f 1406/1977/1203 1397/1976/1202 1396/1978/1203
f 1418/1979/16 1419/1980/16 1420/1981/16
f 1420/1981/16 1419/1980/16 1421/1982/16
f 1420/1981/16 1421/1982/16 1422/1983/16
f 1423/1984/16 1424/1985/16 1420/1981/16
f 1420/1981/16 1424/1985/16 1425/1986/16
f 1420/1981/16 1425/1986/16 1418/1979/16
f 1426/1987/16 1427/1988/16 1420/1981/16
f 1420/1981/16 1427/1988/16 1428/1989/16
f 1420/1981/16 1428/1989/16 1423/1984/16
f 1422/1983/16 1429/1990/16 1420/1981/16
f 1420/1981/16 1429/1990/16 1430/1991/16
f 1420/1981/16 1430/1991/16 1426/1987/16
f 1431/1992/1188 1421/1993/1188 1432/1994/1189
f 1432/1994/1189 1421/1993/1188 1419/1995/1189
f 1432/1994/1189 1419/1995/1189 1433/1996/1190
f 1433/1996/1190 1419/1995/1189 1418/1997/1190
f 1433/1996/1191 1418/1997/1191 1434/1998/1192
f 1434/1998/1192 1418/1997/1191 1425/1999/1192
f 1434/2000/1192 1425/2001/1192 1435/2002/1204
f 1435/2002/1204 1425/2001/1192 1424/2003/1204
f 1435/2002/1204 1424/2003/1204 1436/2004/1195
f 1436/2004/1195 1424/2003/1204 1423/2005/1195
f 1436/2006/1195 1423/2007/1195 1437/2008/1205
f 1437/2008/1205 1423/2007/1195 1428/2009/1205
f 1437/2008/1206 1428/2009/1206 1438/2010/1197
f 1438/2010/1197 1428/2009/1206 1427/2011/1197
f 1438/2010/1197 1427/2011/1197 1439/2012/1198
f 1439/2012/1198 1427/2011/1197 1426/2013/1198
f 1439/2014/1199 1426/2015/1199 1440/2016/1200
f 1440/2016/1200 1426/2015/1199 1430/2017/1200
f 1440/2016/1200 1430/2017/1200 1441/2018/1207
f 1441/2018/1207 1430/2017/1200 1429/2019/1207
f 1441/2018/1208 1429/2019/1208 1442/2020/1202
f 1442/2020/1202 1429/2019/1208 1422/2021/1202
f 1442/2020/1202 1422/2021/1202 1431/2022/1203
f 1431/2022/1203 1422/2021/1202 1421/2023/1203
f 1443/2024/1209 1122/2025/1210 1444/2026/1211
f 1444/2026/1211 1122/2025/1210 1121/2027/1211
f 1445/2028/1212 1092/2029/1212 1446/2030/1213
f 1446/2030/1213 1092/2029/1212 1130/2031/1214
f 1447/2032/1215 1098/2033/1215 1097/2034/1216
f 1447/2032/1215 1097/2034/1216 1448/2035/1216
f 1448/2035/1216 1097/2034/1216 1109/2036/1217
f 1448/2035/1216 1109/2036/1217 1449/2037/1217
f 1449/2038/1217 1109/2039/1217 1111/2040/1218
f 1449/2038/1217 1111/2040/1218 1450/2041/1218
f 1450/2041/1218 1111/2040/1218 1113/2042/1219
f 1450/2041/1218 1113/2042/1219 1451/2043/1219
f 1451/2043/1219 1113/2042/1219 1119/2044/1220
f 1451/2043/1219 1119/2044/1220 1452/2045/1220
f 1452/2045/1220 1119/2044/1220 1125/2046/1221
f 1452/2045/1220 1125/2046/1221 1453/2047/1221
f 1453/2048/1221 1125/2049/1221 1105/2050/1222
f 1453/2048/1221 1105/2050/1222 1454/2051/1222
f 1454/2051/1222 1105/2050/1222 1103/2052/1223
f 1454/2051/1222 1103/2052/1223 1455/2053/1223
f 1455/2053/1223 1103/2052/1223 1100/2054/1224
f 1455/2053/1223 1100/2054/1224 1456/2055/1224
f 1456/2055/1224 1100/2054/1224 1099/2056/1225
f 1456/2055/1224 1099/2056/1225 1457/2057/1225
f 1457/2058/1225 1099/2059/1225 1094/2060/1226
f 1457/2058/1225 1094/2060/1226 1458/2061/1226
f 1459/2062/16 1460/2063/16 1461/2064/16
f 1461/2064/16 1460/2063/16 1462/2065/16
f 1461/2064/16 1462/2065/16 1463/2066/16
f 1463/2066/16 1462/2065/16 1464/2067/16
f 1463/2066/16 1464/2067/16 1465/2068/16
f 1465/2068/16 1464/2067/16 1466/2069/16
f 1465/2068/16 1466/2069/16 1467/2070/16
f 1466/2069/16 1468/2071/16 1467/2070/16
f 1467/2070/16 1468/2071/16 1469/2072/16
f 1467/2070/16 1469/2072/16 1470/2073/16
f 1470/2073/16 1469/2072/16 1471/2074/16
f 1470/2073/16 1471/2074/16 1472/2075/16
f 1472/2075/16 1471/2074/16 1473/2076/16
f 1472/2075/16 1473/2076/16 1474/2077/16
f 1474/2077/16 1473/2076/16 1475/2078/16
f 1474/2077/16 1475/2078/16 1476/2079/16
f 1476/2079/16 1475/2078/16 1477/2080/16
f 1476/2079/16 1477/2080/16 1478/2081/16
f 1478/2081/16 1477/2080/16 1479/2082/16
f 1478/2081/16 1479/2082/16 1480/2083/16
f 1481/2084/16 1482/2085/16 1483/2086/16
f 1483/2086/16 1482/2085/16 1484/2087/16
f 1483/2086/16 1484/2087/16 1485/2088/16
f 1485/2088/16 1484/2087/16 1486/2089/16
f 1485/2088/16 1486/2089/16 1487/2090/16
f 1488/2091/16 1481/2084/16 1489/2092/19
f 1489/2092/19 1481/2084/16 1490/2093/16
f 1489/2092/19 1490/2093/16 1491/2094/24
f 1488/2091/16 1492/2095/16 1481/2084/16
f 1481/2084/16 1492/2095/16 1493/2096/16
f 1481/2084/16 1493/2096/16 1494/2097/16
f 1494/2097/16 1493/2096/16 1495/2098/16
f 1494/2097/16 1495/2098/16 1459/2062/16
f 1459/2062/16 1495/2098/16 1496/2099/16
f 1459/2062/16 1496/2099/16 1460/2063/16
f 1479/2082/16 1497/2100/16 1480/2083/16
f 1480/2083/16 1497/2100/16 1498/2101/16
f 1480/2083/16 1498/2101/16 1494/2097/16
f 1494/2097/16 1498/2101/16 1499/2102/16
f 1494/2097/16 1499/2102/16 1481/2084/16
f 1481/2084/16 1499/2102/16 1500/2103/16
f 1481/2084/16 1500/2103/16 1482/2085/16
f 1501/2104/1196 1502/2105/1196 1503/2106/1195
f 1503/2106/1195 1502/2105/1196 1504/2107/1195
f 1503/2108/1195 1504/2109/1195 1505/2110/1204
f 1505/2110/1204 1504/2109/1195 1506/2111/1204
f 1505/2110/1204 1506/2111/1204 1507/2112/1193
f 1507/2112/1193 1506/2111/1204 1508/2113/1193
f 1507/2114/1191 1508/2115/1191 1509/2116/1227
f 1509/2116/1227 1508/2115/1191 1510/2117/1227
f 1509/2116/1227 1510/2117/1227 1511/2118/1190
f 1511/2118/1190 1510/2117/1227 1512/2119/1190
f 1511/2118/1188 1512/2119/1188 1513/2120/1228
f 1513/2120/1228 1512/2119/1188 1514/2121/1228
f 1513/2122/1228 1514/2123/1228 1515/2124/1203
f 1515/2124/1203 1514/2123/1228 1516/2125/1203
f 1515/2124/1208 1516/2125/1208 1517/2126/1208
f 1517/2126/1208 1516/2125/1208 1518/2127/1208
f 1517/2126/1207 1518/2127/1207 1519/2128/1207
f 1519/2128/1207 1518/2127/1207 1520/2129/1207
f 1519/2128/1199 1520/2129/1199 1521/2130/1229
f 1521/2130/1229 1520/2129/1199 1522/2131/1229
f 1521/2132/1229 1522/2133/1229 1523/2134/1198
f 1523/2134/1198 1522/2133/1229 1524/2135/1198
f 1523/2134/1206 1524/2135/1206 1501/2104/1196
f 1501/2104/1196 1524/2135/1206 1502/2105/1196
f 1525/2136/1230 1526/2137/1231 1527/2138/1232
f 1527/2138/1232 1526/2137/1231 1528/2139/1233
f 1529/2140/1234 1530/2141/1235 1531/2142/1236
f 1531/2142/1236 1530/2141/1235 1532/2143/1237
f 1531/2142/1236 1532/2143/1237 1528/2144/1233
f 1528/2144/1233 1532/2143/1237 1533/2145/1238
f 1528/2144/1233 1533/2145/1238 1527/2146/1232
f 1534/2147/1239 1535/2148/1240 1531/2142/1236
f 1531/2142/1236 1535/2148/1240 1536/2149/1241
f 1531/2142/1236 1536/2149/1241 1529/2140/1234
f 1537/2150/1242 1538/2151/1243 1539/2152/1244
f 1539/2152/1244 1538/2151/1243 1540/2153/1245
f 1539/2154/1244 1540/2155/1245 1531/2142/1236
f 1531/2142/1236 1540/2155/1245 1534/2147/1239
f 1541/2156/1246 1537/2150/1242 1542/2157/1247
f 1542/2157/1247 1537/2150/1242 1543/2158/1248
f 1541/2156/1246 1544/2159/1249 1537/2150/1242
f 1537/2150/1242 1544/2159/1249 1545/2160/1250
f 1537/2150/1242 1545/2160/1250 1538/2151/1243
f 1546/2161/1251 1547/2162/1252 1543/2158/1248
f 1543/2158/1248 1547/2162/1252 1548/2163/1253
f 1543/2158/1248 1548/2163/1253 1542/2157/1247
f 1549/2164/1254 1550/2165/1255 1551/2166/1256
f 1551/2166/1256 1550/2165/1255 1552/2167/1257
f 1551/2166/1256 1552/2167/1257 1546/2168/1251
f 1546/2168/1251 1552/2167/1257 1553/2169/1228
f 1546/2161/1251 1553/2170/1228 1547/2162/1252
f 1554/2171/1258 1555/2172/1259 1551/2166/1256
f 1551/2166/1256 1555/2172/1259 1556/2173/1260
f 1551/2166/1256 1556/2173/1260 1549/2164/1254
f 1557/2174/1261 1558/2175/1262 1559/2176/1263
f 1557/2174/1261 1559/2176/1263 1554/2171/1258
f 1554/2171/1258 1559/2176/1263 1560/2177/1264
f 1554/2171/1258 1560/2177/1264 1555/2172/1259
f 1561/2178/1265 1562/2179/1266 1563/2180/1267
f 1563/2180/1267 1562/2179/1266 1564/2181/1268
f 1563/2182/1267 1564/2183/1268 1557/2174/1261
f 1557/2174/1261 1564/2183/1268 1565/2184/1269
f 1557/2174/1261 1565/2184/1269 1558/2175/1262
f 1561/2178/1265 1563/2180/1267 1566/2185/1270
f 1566/2185/1270 1563/2180/1267 1567/2186/1271
f 1566/2185/1270 1567/2186/1271 1568/2187/1272
f 1525/2136/1230 1569/2188/1196 1526/2137/1231
f 1526/2137/1231 1569/2188/1196 1570/2189/1273
f 1526/2137/1231 1570/2189/1273 1567/2186/1271
f 1567/2186/1271 1570/2189/1273 1571/2190/1274
f 1567/2186/1271 1571/2190/1274 1568/2187/1272
f 1515/2191/296 1551/2192/296 1513/2193/296
f 1513/2193/296 1551/2192/296 1546/2194/296
f 1513/2193/296 1546/2194/296 1511/2195/296
f 1511/2195/296 1546/2194/296 1543/2196/296
f 1511/2195/296 1543/2196/296 1509/2197/296
f 1509/2197/296 1543/2196/296 1537/2198/296
f 1509/2197/296 1537/2198/296 1507/2199/296
f 1507/2199/296 1537/2198/296 1539/2200/296
f 1507/2199/296 1539/2200/296 1505/2201/296
f 1505/2201/296 1539/2200/296 1531/2202/296
f 1505/2201/296 1531/2202/296 1503/2203/296
f 1503/2203/296 1531/2202/296 1528/2204/296
f 1503/2203/296 1528/2204/296 1501/2205/296
f 1501/2205/296 1528/2204/296 1526/2206/296
f 1501/2205/296 1526/2206/296 1523/2207/296
f 1523/2207/296 1526/2206/296 1567/2208/296
f 1523/2207/296 1567/2208/296 1521/2209/296
f 1521/2209/296 1567/2208/296 1563/2210/296
f 1521/2209/296 1563/2210/296 1519/2211/296
f 1519/2211/296 1563/2210/296 1557/2212/296
f 1519/2211/296 1557/2212/296 1517/2213/296
f 1517/2213/296 1557/2212/296 1554/2214/296
f 1517/2213/296 1554/2214/296 1515/2191/296
f 1515/2191/296 1554/2214/296 1551/2192/296
f 1572/2215/1275 1573/2216/1276 1485/2217/1277
f 1485/2217/1277 1573/2216/1276 1483/2218/1278
f 1573/2216/1276 1574/2219/1279 1483/2218/1278
f 1483/2218/1278 1574/2219/1279 1575/2220/1280
f 1483/2218/1278 1575/2220/1280 1481/2221/1281
f 1576/2222/1282 1490/2223/1283 1577/2224/1284
f 1577/2224/1284 1490/2223/1283 1481/2225/1281
f 1577/2224/1284 1481/2225/1281 1578/2226/1285
f 1578/2226/1285 1481/2225/1281 1575/2227/1280
f 1055/1334/741 1054/1333/740 1579/2228/1286
f 1055/1334/741 1579/2228/1286 1091/2229/1286
f 1091/2229/1286 1579/2228/1286 6/2230/5
f 1091/2229/1286 6/2230/5 5/2231/5
f 1580/2232/1287 1581/2233/1288 1582/2234/1289
f 4/4/4 2/2/2 8/8/7
f 8/8/7 2/2/2 1580/2232/1287
f 8/8/7 1580/2232/1287 1583/2235/1290
f 1583/2235/1290 1580/2232/1287 1582/2234/1289
f 1572/2215/1275 1485/2217/1277 1580/2232/1287
f 1580/2232/1287 1485/2217/1277 1487/2236/1291
f 1580/2232/1287 1487/2236/1291 1581/2233/1288
f 1490/2223/1283 1576/2222/1282 1491/2237/1292
f 1491/2237/1292 1576/2222/1282 1584/2238/1293
f 18/2239/12 19/2240/13 1584/2241/1293
f 1584/2242/1293 19/19/13 21/21/15
f 1584/2238/1293 21/2243/15 1585/2244/1294
f 1585/2244/1294 1586/2245/1295 1584/2238/1293
f 1584/2238/1293 1586/2245/1295 1587/2246/1296
f 1584/2238/1293 1587/2246/1296 1588/2247/1297
f 1588/2247/1297 1589/2248/1298 1584/2238/1293
f 1584/2238/1293 1589/2248/1298 1590/2249/1299
f 1584/2238/1293 1590/2249/1299 1491/2237/1292
f 1458/2061/1226 1094/2060/1226 1591/2250/1300
f 1591/2250/1300 1094/2060/1226 1093/2251/1300
f 1591/2252/1300 1093/2253/1300 1445/2028/1212
f 1445/2028/1212 1093/2253/1300 1092/2029/1212
f 1444/2254/1211 1121/2255/1211 1592/2256/1301
f 1592/2256/1301 1121/2255/1211 1120/2257/1301
f 1592/2256/1301 1120/2257/1301 1447/2032/1215
f 1447/2032/1215 1120/2257/1301 1098/2033/1215
f 13/13/10 12/12/9 1593/2258/1302
f 1593/2258/1302 12/12/9 1132/2259/1303
f 1593/2258/1302 1132/2259/1303 1594/2260/1304
f 1594/2260/1304 1132/2259/1303 1595/2261/1305
f 1595/2261/1305 1132/2259/1303 1131/2262/1306
f 1595/2261/1305 1131/2262/1306 1596/2263/1307
f 1596/2263/1307 1131/2262/1306 1597/2264/1308
f 1597/2264/1308 1131/2262/1306 1122/2025/1210
f 1597/2264/1308 1122/2025/1210 1443/2024/1209
f 11/2265/8 1598/2266/1309 7/2267/6
f 7/2267/6 1598/2266/1309 1123/2268/1310
f 1598/2266/1309 1599/2269/1311 1123/2268/1310
f 1123/2268/1310 1599/2269/1311 1600/2270/1312
f 1123/2268/1310 1600/2270/1312 1124/2271/1313
f 1446/2030/1213 1130/2031/1214 1601/2272/1314
f 1601/2272/1314 1130/2031/1214 1124/2271/1313
f 1601/2272/1314 1124/2271/1313 1602/2273/1315
f 1602/2273/1315 1124/2271/1313 1600/2270/1312
f 1078/2274/764 1080/2275/766 1603/2276/1316
f 1603/2276/1316 1080/2275/766 1604/2277/1317
f 1031/2278/1318 1030/2279/1319 1604/2277/1317
f 1604/2277/1317 1030/2279/1319 1605/2280/1320
f 1604/2277/1317 1605/2280/1320 1603/2276/1316
f 1604/2277/1317 1606/2281/1321 1031/2278/1318
f 1031/2282/1318 1606/2283/1321 992/1252/716
f 1031/2282/1318 992/1252/716 993/1253/716
f 1167/1493/820 1168/1496/823 1607/2284/1322
f 1217/1740/990 1087/1741/990 1215/2285/1323
f 1215/2285/1323 1087/1741/990 1086/2286/1324
f 1215/2285/1323 1086/2286/1324 1607/2287/1322
f 1607/2287/1322 1086/2286/1324 1608/2288/1325
f 1607/2284/1322 1608/2289/1325 1167/1493/820
f 1114/1739/989 1295/1737/987 1115/2290/1326
f 1115/2290/1326 1295/1737/987 1609/2291/1327
f 1115/2290/1326 1609/2291/1327 1610/2292/1328
f 1610/2292/1328 1609/2291/1327 937/1110/589
f 1610/2292/1328 937/1110/589 936/1109/588
f 988/1248/714 989/1249/714 1127/2293/1329
f 974/1206/679 973/1205/678 1611/2294/1330
f 1611/2294/1330 973/1205/678 1612/2295/1331
f 1611/2294/1330 1612/2295/1331 1613/2296/1332
f 1613/2296/1332 1612/2295/1331 1126/2297/1333
f 1126/2297/1333 1612/2295/1331 1127/2298/1329
f 1127/2298/1329 1612/2295/1331 1614/2299/1334
f 1127/2293/1329 1614/1224/1334 988/1248/714
f 987/1247/713 986/1246/713 1088/2300/1335
f 1088/2300/1335 986/1246/713 1615/2301/1335
f 1088/2302/1335 1615/2303/1335 1089/2304/1336
f 1089/2304/1336 1615/2303/1335 1616/2305/1336
f 1089/2304/1336 1616/2305/1336 1083/1366/769
f 1083/1366/769 1616/2305/1336 1084/1367/770
f 121/2306/1337 81/81/1338 995/2307/1339
f 995/2307/1339 1297/2308/1340 121/2306/1337
f 121/2306/1337 1297/2308/1340 1308/2309/1341
f 121/2306/1337 1308/2309/1341 1309/2310/1342
f 995/2307/1339 81/81/1338 997/2311/1343
f 997/2311/1343 81/81/1338 68/68/1343
f 997/2311/1343 68/68/1343 999/2312/1344
f 999/2312/1344 68/68/1343 67/67/1344
f 999/1259/1344 67/2313/1344 1001/1261/1345
f 1001/1261/1345 67/2313/1344 76/2314/1345
f 1001/2315/1345 76/76/1345 1003/2316/1346
f 1003/2316/1346 76/76/1345 74/74/1346
f 1003/2316/1346 74/74/1346 1005/2317/1347
f 1005/2317/1347 74/74/1346 72/72/1347
f 1005/2317/1347 72/72/1347 1007/2318/1348
f 1007/2318/1348 72/72/1347 94/94/1348
f 1007/2318/1348 94/94/1348 1009/2319/1349
f 1009/2319/1349 94/94/1348 116/116/1349
f 1009/2319/1349 116/116/1349 1011/2320/1350
f 1011/2320/1350 116/116/1349 118/118/1350
f 1011/2320/1350 118/118/1350 1013/2321/1351
f 1013/2321/1351 118/118/1350 63/63/1351
f 1013/2321/1351 63/63/1351 1015/2322/1352
f 1015/2322/1352 63/63/1351 65/65/1352
f 1015/2322/1352 65/65/1352 1017/2323/1353
f 1017/2323/1353 65/65/1352 47/47/1353
f 1017/2323/1353 47/47/1353 1019/2324/1354
f 1019/2324/1354 47/47/1353 45/45/1355
f 42/42/1356 1/2325/1357 1021/2326/1358
f 42/42/1356 1021/2326/1358 43/43/1358
f 43/43/1358 1021/2326/1358 1019/2324/1354
f 43/43/1358 1019/2324/1354 45/45/1355
f 69/69/1359 2/2327/1360 42/42/1356
f 42/42/1356 2/2327/1360 1/2325/1357
f 28/28/1361 1572/2328/1362 1580/2329/1363
f 28/28/1361 1580/2329/1363 29/29/1364
f 29/29/1364 1580/2329/1363 2/2327/1360
f 29/29/1364 2/2327/1360 69/69/1359
f 99/99/1365 98/98/1366 1576/2330/1367
f 1576/2330/1367 1577/2331/1368 99/99/1365
f 99/99/1365 1577/2331/1368 1578/2332/1369
f 99/99/1365 1578/2332/1369 100/100/1370
f 100/100/1370 1578/2332/1369 1575/2333/1371
f 100/100/1370 1575/2333/1371 101/101/1372
f 1572/2328/1362 28/28/1361 1573/2334/1373
f 1573/2334/1373 28/28/1361 101/101/1372
f 1573/2334/1373 101/101/1372 1574/2335/1374
f 1574/2335/1374 101/101/1372 1575/2333/1371
f 36/36/1375 18/2336/1376 1584/2337/1377
f 36/36/1375 1584/2337/1377 124/124/1377
f 124/124/1377 1584/2337/1377 1576/2330/1367
f 124/124/1377 1576/2330/1367 98/98/1366
f 34/34/1378 15/2338/1379 36/36/1375
f 36/36/1375 15/2338/1379 18/2336/1376
f 15/2338/1379 34/34/1378 1152/2339/1380
f 1152/2339/1380 34/34/1378 32/32/1381
f 59/59/1382 130/130/1383 1185/2340/1384
f 1185/2340/1384 1184/2341/1385 59/59/1382
f 59/59/1382 1184/2341/1385 1189/2342/1386
f 59/59/1382 1189/2342/1386 60/60/1387
f 1189/2342/1386 1188/2343/1388 60/60/1387
f 60/60/1387 1188/2343/1388 1187/2344/1389
f 60/60/1387 1187/2344/1389 84/84/1390
f 1187/2344/1389 1193/2345/1391 84/84/1390
f 84/84/1390 1193/2345/1391 1192/2346/1392
f 84/2347/1390 1192/2348/1392 105/2349/1393
f 1192/2350/1392 1191/2351/1394 105/2352/1393
f 105/2352/1393 1191/2351/1394 1190/2353/1395
f 105/2354/1393 1190/1544/1395 110/2355/1396
f 1190/1544/1395 1194/1555/1397 110/2355/1396
f 110/2356/1396 1194/2357/1397 1195/2358/1398
f 110/2359/1396 1195/2360/1398 108/2361/1399
f 1195/2362/1398 1196/2363/1400 108/2364/1399
f 108/2364/1399 1196/2363/1400 1197/2365/1401
f 108/2366/1399 1197/2367/1401 106/2368/1402
f 1197/2369/1401 1198/2370/1403 106/2371/1402
f 106/2371/1402 1198/2370/1403 1199/2372/1404
f 106/2373/1402 1199/2374/1404 32/2375/1381
f 32/32/1381 1199/2376/1404 1200/2377/1405
f 32/32/1381 1200/2377/1405 1152/2339/1380
f 125/125/1406 1268/2378/1407 1276/2379/1408
f 125/125/1406 1276/2379/1408 126/126/1408
f 126/126/1408 1276/2379/1408 1274/2380/1409
f 126/126/1408 1274/2380/1409 127/127/1410
f 127/127/1410 1274/2380/1409 1272/2381/1411
f 127/127/1410 1272/2381/1411 136/136/1412
f 136/136/1412 1272/2381/1411 1185/2340/1384
f 136/136/1412 1185/2340/1384 130/130/1383
f 128/2382/1413 1254/1660/1414 1270/1693/1415
f 128/2382/1413 1270/1693/1415 129/2383/1415
f 129/129/1415 1270/2384/1415 1269/2385/1416
f 129/129/1415 1269/2385/1416 135/135/1416
f 135/135/1416 1269/2385/1416 1268/2378/1407
f 135/135/1416 1268/2378/1407 125/125/1406
f 83/83/1417 1252/2386/1418 1253/2387/1419
f 83/83/1417 1253/2387/1419 61/61/1419
f 61/61/1419 1253/2387/1419 1254/2388/1414
f 61/61/1419 1254/2388/1414 128/128/1413
f 85/2389/1420 102/2390/1421 1151/1652/1422
f 1252/2386/1418 83/83/1417 1255/2391/1423
f 1255/2391/1423 83/83/1417 85/85/1420
f 1255/2391/1423 85/85/1420 1251/2392/1424
f 1251/1650/1424 85/2389/1420 1151/1652/1422
f 1585/2393/1425 21/2394/1426 20/2395/1427
f 1585/2393/1425 20/2395/1427 1586/2396/1428
f 1586/2396/1428 20/2395/1427 1587/2397/1429
f 1587/2397/1429 20/2395/1427 24/2398/1430
f 1587/2397/1429 24/2398/1430 1588/2399/1431
f 1588/2399/1431 24/2398/1430 23/2400/1432
f 1588/2399/1431 23/2400/1432 1589/2401/1433
f 1589/2401/1433 23/2400/1432 22/2402/1434
f 1589/2401/1433 22/2402/1434 1590/2403/1435
f 1590/2403/1435 22/2402/1434 14/2404/1436
f 1590/2403/1435 14/2404/1436 1491/2094/1437
f 1491/2094/1437 14/2404/1436 13/2405/1438
f 1491/2094/1437 13/2405/1438 1489/2092/1439
f 1489/2092/1439 13/2405/1438 1593/2406/1440
f 1489/2092/1439 1593/2406/1440 1488/2091/1441
f 1593/2258/1440 1594/2260/1442 1488/2407/1441
f 1488/2408/1441 1594/2409/1442 1595/2410/1443
f 1488/2407/1441 1595/2261/1443 1492/2411/1444
f 1443/2412/1445 1493/2096/1446 1597/2413/1447
f 1597/2413/1447 1493/2096/1446 1492/2095/1444
f 1597/2413/1447 1492/2095/1444 1596/2414/1448
f 1596/2263/1448 1492/2411/1444 1595/2261/1443
f 1444/2415/1449 1495/2098/1450 1443/2412/1445
f 1443/2412/1445 1495/2098/1450 1493/2096/1446
f 1447/2032/1451 1460/2416/1452 1592/2256/1453
f 1592/2256/1453 1460/2416/1452 1496/2417/1453
f 1592/2418/1453 1496/2099/1453 1444/2415/1449
f 1444/2415/1449 1496/2099/1453 1495/2098/1450
f 9/2419/1454 8/2420/1455 1583/2421/1456
f 9/2419/1454 1583/2421/1456 10/2422/1457
f 1482/2085/1458 1500/2103/1459 1446/2423/1460
f 1446/2423/1460 1601/2424/1461 1482/2085/1458
f 1482/2085/1458 1601/2424/1461 1602/2425/1462
f 1482/2426/1458 1602/2273/1462 1484/2427/1463
f 1583/2421/1456 1582/2428/1464 10/2422/1457
f 10/2422/1457 1582/2428/1464 1581/2429/1465
f 10/2422/1457 1581/2429/1465 11/2430/1466
f 11/2430/1466 1581/2429/1465 1487/2090/1467
f 11/2430/1466 1487/2090/1467 1598/2431/1468
f 1598/2431/1468 1487/2090/1467 1486/2089/1469
f 1598/2431/1468 1486/2089/1469 1599/2432/1470
f 1599/2433/1470 1486/2434/1469 1484/2435/1463
f 1599/2436/1470 1484/2437/1463 1600/2438/1471
f 1600/2270/1471 1484/2427/1463 1602/2273/1462
f 1460/2416/1452 1447/2032/1451 1448/2035/1472
f 1460/2416/1452 1448/2035/1472 1462/2439/1472
f 1462/2065/1472 1448/2440/1472 1449/2441/1473
f 1462/2065/1472 1449/2441/1473 1464/2067/1473
f 1464/2067/1473 1449/2441/1473 1450/2442/1474
f 1464/2067/1473 1450/2442/1474 1466/2069/1474
f 1466/2443/1474 1450/2041/1474 1451/2043/1475
f 1466/2443/1474 1451/2043/1475 1468/2444/1476
f 1468/2071/1476 1451/2445/1475 1452/2446/1477
f 1468/2071/1476 1452/2446/1477 1469/2072/1477
f 1469/2072/1477 1452/2446/1477 1453/2447/1478
f 1469/2072/1477 1453/2447/1478 1471/2074/1478
f 1471/2074/1478 1453/2447/1478 1454/2448/1479
f 1471/2074/1478 1454/2448/1479 1473/2076/1479
f 1473/2449/1479 1454/2051/1479 1455/2053/1480
f 1473/2449/1479 1455/2053/1480 1475/2450/1480
f 1475/2078/1480 1455/2451/1480 1456/2452/1481
f 1475/2078/1480 1456/2452/1481 1477/2080/1481
f 1477/2080/1481 1456/2452/1481 1457/2453/1482
f 1477/2080/1481 1457/2453/1482 1479/2082/1482
f 1479/2082/1482 1457/2453/1482 1458/2454/1483
f 1479/2082/1482 1458/2454/1483 1497/2100/1484
f 1499/2102/1485 1445/2455/1486 1500/2103/1459
f 1500/2103/1459 1445/2455/1486 1446/2423/1460
f 1445/2455/1486 1499/2102/1485 1591/2456/1487
f 1591/2456/1487 1499/2102/1485 1498/2101/1487
f 1591/2456/1487 1498/2101/1487 1458/2454/1483
f 1458/2454/1483 1498/2101/1487 1497/2100/1484
f 1607/2284/1488 1168/1496/1489 1215/2457/1490
f 1215/2457/1490 1168/1496/1489 1169/1497/1491
f 1215/2457/1490 1169/1497/1491 1237/2458/1492
f 1223/1614/1493 1225/1616/1494 1275/2459/1495
f 1275/2459/1495 1225/1616/1494 1182/2460/1496
f 1275/2459/1495 1182/2460/1496 1273/2461/1497
f 1273/2462/1497 1182/1527/1496 1183/1529/1498
f 1273/2463/1497 1183/2464/1498 1271/2465/1499
f 1271/2465/1499 1183/2464/1498 1186/2466/1500
f 1169/2467/1491 1170/2468/1501 1237/2469/1492
f 1237/2469/1492 1170/2468/1501 1171/2470/1502
f 1237/2471/1492 1171/2472/1502 1235/2473/1503
f 1175/1509/1504 1231/2474/1505 1233/2475/1506
f 1171/2476/1502 1172/2477/1507 1235/2478/1503
f 1235/2478/1503 1172/2477/1507 1173/2479/1508
f 1235/2480/1503 1173/2481/1508 1233/2482/1506
f 1233/2483/1506 1173/2484/1508 1174/2485/1509
f 1233/2483/1506 1174/2485/1509 1175/2486/1504
f 1175/1509/1504 1176/1512/1510 1231/2474/1505
f 1231/2474/1505 1176/1512/1510 1177/1514/1511
f 1231/2474/1505 1177/1514/1511 1229/2487/1512
f 1229/1620/1512 1177/2488/1511 1178/2489/1513
f 1229/1620/1512 1178/2489/1513 1227/1618/1514
f 1178/1517/1513 1179/1519/1515 1227/2490/1514
f 1227/1618/1514 1179/2491/1515 1180/2492/1516
f 1227/1618/1514 1180/2492/1516 1225/1616/1494
f 1225/2493/1494 1180/1521/1516 1181/1524/1517
f 1225/1616/1494 1181/2494/1517 1182/2460/1496
f 1327/2495/1518 1328/2496/1518 1312/2497/1518
f 1313/2498/1519 153/154/1520 1312/2497/1518
f 1312/2497/1518 153/154/1520 140/140/1518
f 1312/2497/1518 140/140/1518 1327/2495/1518
f 153/154/1520 1313/2498/1519 1316/2499/1521
f 153/154/1520 1316/2499/1521 178/179/1521
f 178/179/1521 1316/2499/1521 1315/2500/1522
f 178/179/1521 1315/2500/1522 176/177/1523
f 176/177/1523 1315/2500/1522 1314/2501/1524
f 176/177/1523 1314/2501/1524 177/178/1525
f 177/2502/1525 1314/1781/1524 990/1250/1526
f 177/2502/1525 990/1250/1526 179/2503/1527
f 992/2504/1528 182/183/1529 990/2505/1526
f 990/2505/1526 182/183/1529 179/180/1527
f 182/183/1529 992/2504/1528 1606/2506/1530
f 182/183/1529 1606/2506/1530 180/181/1530
f 180/2507/1530 1606/2281/1530 1604/2277/1531
f 180/2507/1530 1604/2277/1531 181/2508/1531
f 181/182/1531 1604/2509/1531 1080/2510/1532
f 181/182/1531 1080/2510/1532 154/155/1533
f 1084/2511/1534 141/141/1535 1082/2512/1536
f 1082/2512/1536 141/141/1535 155/156/1537
f 1082/2512/1536 155/156/1537 1081/2513/1538
f 1081/2513/1538 155/156/1537 154/155/1533
f 1081/2513/1538 154/155/1533 1080/2510/1532
f 986/2514/1539 149/150/1540 1615/2515/1541
f 1615/2515/1541 149/150/1540 146/147/1541
f 1615/2515/1541 146/147/1541 1616/2516/1542
f 1616/2516/1542 146/147/1541 143/144/1542
f 1616/2305/1542 143/2517/1542 1084/1367/1534
f 1084/1367/1534 143/2517/1542 141/2518/1535
f 988/2519/1543 150/151/1544 986/2514/1539
f 986/2514/1539 150/151/1544 149/150/1540
f 150/151/1544 988/2519/1543 1614/2520/1545
f 150/151/1544 1614/2520/1545 152/153/1545
f 152/153/1545 1614/2520/1545 1612/2521/1546
f 152/153/1545 1612/2521/1546 159/160/1546
f 159/2522/1546 1612/2295/1546 973/1205/1547
f 159/2522/1546 973/1205/1547 160/2523/1548
f 162/2524/1549 160/2523/1548 973/1205/1547
f 973/1205/1547 972/1204/1550 162/2524/1549
f 162/163/1549 972/2525/1550 975/2526/1551
f 162/163/1549 975/2526/1551 164/165/1552
f 164/165/1552 975/2526/1551 976/2527/1552
f 164/165/1552 976/2527/1552 166/167/1553
f 976/2527/1552 977/2528/1554 166/167/1553
f 166/167/1553 977/2528/1554 978/2529/1555
f 166/167/1553 978/2529/1555 157/158/1556
f 978/2529/1555 979/2530/1557 157/158/1556
f 157/158/1556 979/2530/1557 980/2531/1558
f 157/2532/1556 980/2533/1558 158/2534/1559
f 980/2535/1558 981/2536/1560 158/2537/1559
f 158/2537/1559 981/2536/1560 982/2538/1561
f 158/2539/1559 982/1236/1561 137/2540/1562
f 982/1236/1561 983/1238/1563 137/2540/1562
f 137/2541/1562 983/2542/1563 984/2543/1564
f 137/2544/1562 984/2545/1564 138/2546/1565
f 937/2547/1566 213/214/1567 938/2548/1568
f 938/2549/1568 213/2550/1567 138/2551/1565
f 938/2552/1568 138/2553/1565 985/2554/1569
f 985/2554/1569 138/2553/1565 984/2555/1564
f 213/214/1567 937/2547/1566 1609/2556/1570
f 213/214/1567 1609/2556/1570 212/213/1570
f 212/2557/1570 1609/2291/1570 1295/1737/1571
f 212/2557/1570 1295/1737/1571 174/2558/1572
f 1294/2559/1573 172/173/1574 1295/2560/1571
f 1295/2560/1571 172/173/1574 174/175/1572
f 172/173/1574 1294/2559/1573 1296/2561/1575
f 172/173/1574 1296/2561/1575 202/203/1576
f 202/203/1576 1296/2561/1575 1277/2562/1577
f 202/203/1576 1277/2562/1577 200/201/1578
f 198/199/1579 200/201/1578 1277/2562/1577
f 1277/2562/1577 1278/2563/1580 198/199/1579
f 198/199/1579 1278/2563/1580 1279/2564/1581
f 198/2565/1579 1279/2566/1581 196/2567/1582
f 1279/2568/1581 1280/2569/1583 196/2570/1582
f 196/2570/1582 1280/2569/1583 1281/2571/1584
f 196/2572/1582 1281/2573/1584 183/2574/1585
f 1281/2575/1584 1282/2576/1586 183/2577/1585
f 183/2577/1585 1282/2576/1586 1283/2578/1587
f 183/2579/1585 1283/2580/1587 184/2581/1588
f 1283/2582/1587 1284/2583/1589 184/2584/1588
f 184/2585/1588 1284/1718/1589 1285/1720/1590
f 184/2585/1588 1285/1720/1590 207/2586/1591
f 207/208/1591 1285/2587/1590 1286/2588/1592
f 207/208/1591 1286/2588/1592 187/188/1593
f 1286/1721/1592 1287/1723/1594 187/2589/1593
f 187/188/1593 1287/2590/1594 1288/2591/1595
f 187/188/1593 1288/2591/1595 189/190/1596
f 1291/2592/1597 214/215/1598 1290/2593/1599
f 1290/2593/1599 214/215/1598 189/190/1596
f 1290/2593/1599 189/190/1596 1289/2594/1600
f 1289/1726/1600 189/2595/1596 1288/1724/1595
f 1207/2596/1601 192/193/1602 191/192/1603
f 1267/2597/1604 1207/2596/1601 1266/2598/1605
f 1266/2598/1605 1207/2596/1601 191/192/1603
f 1266/2598/1605 191/192/1603 1265/2599/1606
f 1265/2599/1606 191/192/1603 1264/2600/1607
f 1263/2601/1608 1264/2600/1607 1259/2602/1609
f 1259/2602/1609 1264/2600/1607 191/192/1603
f 1259/2602/1609 191/192/1603 1256/2603/1610
f 1256/2603/1610 191/192/1603 1257/2604/1611
f 191/2605/1603 218/2606/1612 1257/2607/1611
f 1257/2604/1611 218/219/1612 216/217/1613
f 1257/2604/1611 216/217/1613 1293/2608/1614
f 1293/1733/1614 216/2609/1613 215/2610/1615
f 1293/1733/1614 215/2610/1615 1292/1731/1615
f 1292/2611/1615 215/216/1615 214/215/1598
f 1292/2611/1615 214/215/1598 1291/2592/1597
f 1610/2612/1616 936/2613/1617 939/2614/1618
f 971/2615/1619 974/2616/1620 1611/2617/1621
f 1116/1403/1622 1115/1402/1623 1610/2618/1616
f 941/2619/1624 1106/2620/1625 1116/2621/1622
f 1610/2622/1616 939/2623/1618 1116/2624/1622
f 1116/2625/1622 939/2626/1618 940/2627/1626
f 1116/2625/1622 940/2627/1626 941/2628/1624
f 945/2629/1627 1102/2630/1628 1104/2631/1629
f 941/2632/1624 942/2633/1630 1106/2634/1625
f 1106/2634/1625 942/2633/1630 943/2635/1631
f 1106/2636/1625 943/2637/1631 1104/2638/1629
f 1104/2639/1629 943/2640/1631 946/2641/1632
f 1104/2639/1629 946/2641/1632 945/2642/1627
f 947/2643/1633 1129/2644/1634 1101/2645/1635
f 945/2646/1627 944/2647/1636 1102/2648/1628
f 1102/2648/1628 944/2647/1636 935/2649/1637
f 1102/2650/1628 935/2651/1637 1101/2652/1635
f 1101/2653/1635 935/2654/1637 934/2655/1638
f 1101/2653/1635 934/2655/1638 947/2656/1633
f 951/2657/1639 1139/2658/1640 1090/2659/1641
f 947/2660/1633 948/2661/1642 1129/2662/1634
f 1129/2662/1634 948/2661/1642 949/2663/1643
f 1129/2664/1634 949/2665/1643 1090/2666/1641
f 1090/2667/1641 949/2668/1643 950/2669/1644
f 1090/2667/1641 950/2669/1644 951/2670/1639
f 955/2671/1645 1137/1431/1646 1138/1433/1647
f 951/2672/1639 952/2673/1648 1139/2674/1640
f 1139/2674/1640 952/2673/1648 953/2675/1649
f 1139/2676/1640 953/2677/1649 1138/2678/1647
f 1138/1433/1647 953/2679/1649 954/2680/1650
f 1138/1433/1647 954/2680/1650 955/2671/1645
f 959/2681/1651 1135/2682/1652 1136/2683/1653
f 955/2671/1645 956/2684/1654 1137/1431/1646
f 1137/1431/1646 956/2684/1654 957/2685/1655
f 1137/2686/1646 957/2687/1655 1136/2688/1653
f 1136/2689/1653 957/2690/1655 958/2691/1656
f 1136/2689/1653 958/2691/1656 959/2692/1651
f 963/1175/1657 1133/2693/1658 1134/2694/1659
f 959/2695/1651 960/2696/1660 1135/2697/1652
f 1135/2697/1652 960/2696/1660 961/2698/1661
f 1135/2699/1652 961/2700/1661 1134/2701/1659
f 1134/2702/1659 961/2703/1661 962/2704/1662
f 1134/2702/1659 962/2704/1662 963/2705/1657
f 967/2706/1663 1140/2707/1664 1141/2708/1665
f 963/1175/1657 965/1179/1666 1133/2693/1658
f 1133/2709/1658 965/2710/1666 964/2711/1667
f 1133/2712/1658 964/2713/1667 1141/2714/1665
f 1141/2715/1665 964/2716/1667 966/2717/1668
f 1141/2715/1665 966/2717/1668 967/2718/1663
f 967/2719/1663 968/2720/1669 1140/2721/1664
f 1140/2721/1664 968/2720/1669 969/2722/1670
f 1140/2723/1664 969/2724/1670 1128/2725/1671
f 1128/1416/1671 969/2726/1670 970/2727/1672
f 1128/1416/1671 970/2727/1672 1126/1414/1673
f 1126/1414/1673 970/2727/1672 971/2615/1619
f 1126/1414/1673 971/2615/1619 1613/2728/1674
f 1613/2728/1674 971/2615/1619 1611/2617/1621
f 1167/2729/1675 1608/2730/1676 1166/2731/1677
f 1166/2731/1677 1608/2730/1676 1086/2732/1678
f 1166/2733/1677 1086/2734/1678 1085/2735/1679
f 17/1381/1680 16/2736/1681 1201/2737/1682
f 17/1381/1680 1201/2737/1682 1095/1382/1683
f 1095/1382/1683 1201/2737/1682 1202/2738/1684
f 1095/1382/1683 1202/2738/1684 1096/1383/1685
f 1202/1580/1684 1203/1582/1686 1096/2739/1685
f 1096/1383/1685 1203/2740/1686 1153/2741/1687
f 1096/1383/1685 1153/2741/1687 1107/1394/1688
f 1153/1457/1687 1154/1459/1689 1107/2742/1688
f 1107/2743/1688 1154/2744/1689 1155/2745/1690
f 1107/2742/1688 1155/1463/1690 1108/2746/1691
f 1155/1463/1690 1156/1466/1692 1108/2746/1691
f 1108/2746/1691 1156/1466/1692 1157/1468/1693
f 1108/1395/1691 1157/2747/1693 1110/1397/1694
f 1157/1468/1693 1158/1470/1695 1110/2748/1694
f 1110/1397/1694 1158/2749/1695 1159/2750/1696
f 1110/1397/1694 1159/2750/1696 1112/1399/1697
f 1159/1472/1696 1160/1473/1698 1112/2751/1697
f 1112/1399/1697 1160/2752/1698 1161/2753/1699
f 1112/1399/1697 1161/2753/1699 1117/1404/1700
f 1161/2753/1699 1164/2754/1701 1117/1404/1700
f 1117/1404/1700 1164/2754/1701 1163/2755/1702
f 1117/1404/1700 1163/2755/1702 1118/1405/1703
f 1118/1405/1703 1163/2755/1702 1162/2756/1703
f 1118/2757/1703 1162/1481/1703 1085/2758/1679
f 1085/2758/1679 1162/1481/1703 1165/1487/1704
f 1085/2759/1679 1165/2760/1704 1166/2761/1677
f 3/2762/1705 6/2763/1706 1023/2764/1707
f 1023/2764/1707 6/2763/1706 1022/2765/1708
f 1046/1321/1709 1018/1320/1379 6/2763/1706
f 6/2763/1706 1018/1320/1379 1020/2766/1710
f 6/2763/1706 1020/2766/1710 1022/2765/1708
f 1046/1321/1709 6/2763/1706 1579/2767/1711
f 1046/1321/1709 1579/2767/1711 1050/1329/1712
f 1050/1329/1712 1579/2767/1711 1054/2768/1713
f 1050/1329/1712 1054/2768/1713 1049/1328/1714
f 1079/2769/1715 1078/2770/1716 1603/2771/1717
f 1603/2771/1717 1605/2772/1718 1079/2769/1715
f 1079/2769/1715 1605/2772/1718 1030/2773/1719
f 1079/2774/1715 1030/2775/1719 1032/2776/1720
f 1049/1328/1714 1054/2768/1713 1048/1326/1721
f 1048/1326/1721 1054/2768/1713 1052/2777/1721
f 1048/1326/1721 1052/2777/1721 1047/1324/1722
f 1047/1324/1722 1052/2777/1721 1058/2778/1722
f 1047/1324/1722 1058/2778/1722 1042/1312/1723
f 1058/2778/1722 1057/2779/1724 1042/1312/1723
f 1042/1312/1723 1057/2779/1724 1061/2780/1725
f 1042/1312/1723 1061/2780/1725 1043/1313/1726
f 1061/2780/1725 1060/2781/1727 1043/1313/1726
f 1043/1313/1726 1060/2781/1727 1064/2782/1728
f 1043/1313/1726 1064/2782/1728 1044/1316/1729
f 1064/2782/1728 1063/2783/1730 1044/1316/1729
f 1044/1316/1729 1063/2783/1730 1067/2784/1731
f 1044/2785/1729 1067/2786/1731 1045/2787/1732
f 1067/2788/1731 1066/2789/1733 1045/2790/1732
f 1045/2790/1732 1066/2789/1733 1070/2791/1734
f 1045/2792/1732 1070/2793/1734 1040/2794/1735
f 1070/2795/1734 1069/2796/1736 1040/2797/1735
f 1040/2797/1735 1069/2796/1736 1073/2798/1737
f 1040/2799/1735 1073/1354/1737 1041/2800/1738
f 1073/1354/1737 1072/1353/1739 1041/2800/1738
f 1041/2801/1738 1072/2802/1739 1076/2803/1740
f 1041/2804/1738 1076/2805/1740 1032/2806/1720
f 1032/2807/1720 1076/2808/1740 1075/2809/1741
f 1032/2807/1720 1075/2809/1741 1079/2810/1715
f 1504/2109/1742 1472/2811/1743 1506/2111/1744
f 1506/2111/1744 1472/2811/1743 1474/2812/1744
f 1506/2813/1744 1474/2077/1744 1508/2814/1745
f 1508/2814/1745 1474/2077/1744 1476/2079/1745
f 1508/2814/1745 1476/2079/1745 1510/2815/1746
f 1510/2815/1746 1476/2079/1745 1478/2081/1746
f 1510/2117/1746 1478/2816/1746 1512/2119/1747
f 1512/2119/1747 1478/2816/1746 1480/2817/1747
f 1512/2818/1747 1480/2083/1747 1514/2819/1748
f 1514/2819/1748 1480/2083/1747 1494/2097/1748
f 1514/2819/1748 1494/2097/1748 1516/2820/1749
f 1516/2820/1749 1494/2097/1748 1459/2062/1749
f 1516/2125/1749 1459/2821/1749 1518/2127/1750
f 1518/2127/1750 1459/2821/1749 1461/2822/1750
f 1518/2823/1750 1461/2064/1750 1520/2824/1751
f 1520/2824/1751 1461/2064/1750 1463/2066/1751
f 1520/2824/1751 1463/2066/1751 1522/2825/1752
f 1522/2825/1752 1463/2066/1751 1465/2068/1752
f 1522/2825/1752 1465/2068/1752 1524/2826/1753
f 1524/2826/1753 1465/2068/1752 1467/2070/1753
f 1524/2135/1753 1467/2827/1753 1502/2105/1754
f 1502/2105/1754 1467/2827/1753 1470/2828/1754
f 1502/2829/1754 1470/2073/1754 1504/2830/1742
f 1504/2830/1742 1470/2073/1754 1472/2075/1743
f 1411/1959/1743 44/2831/1742 1410/1957/1755
f 1410/1957/1755 44/2831/1742 46/2832/1755
f 1410/2833/1755 46/46/1755 1409/2834/1745
f 1409/2834/1745 46/46/1755 48/48/1745
f 1409/2834/1745 48/48/1745 1408/2835/1756
f 1408/2835/1756 48/48/1745 53/53/1746
f 1408/1951/1756 53/2836/1746 1407/1949/1747
f 1407/1949/1747 53/2836/1746 55/2837/1747
f 1407/2838/1747 55/55/1747 1406/2839/1748
f 1406/2839/1748 55/55/1747 57/57/1748
f 1406/2839/1748 57/57/1748 1417/2840/1749
f 1417/2840/1749 57/57/1748 113/113/1749
f 1417/1975/1749 113/2841/1749 1416/1973/1750
f 1416/1973/1750 113/2841/1749 112/2842/1750
f 1416/2843/1750 112/112/1750 1415/2844/1757
f 1415/2844/1757 112/112/1750 52/52/1757
f 1415/2844/1757 52/52/1757 1414/2845/1758
f 1414/2845/1758 52/52/1757 51/51/1759
f 1414/2845/1758 51/51/1759 1413/2846/1753
f 1413/2846/1753 51/51/1759 49/49/1753
f 1413/1965/1753 49/2847/1753 1412/1963/1754
f 1412/1963/1754 49/2847/1753 30/2848/1754
f 1412/2849/1754 30/30/1754 1411/2850/1743
f 1411/2850/1743 30/30/1754 44/44/1742
f 1436/2004/1743 37/2851/1743 1435/2002/1755
f 1435/2002/1755 37/2851/1743 38/2852/1755
f 1435/2853/1755 38/38/1755 1434/2854/1745
f 1434/2854/1745 38/38/1755 50/50/1745
f 1434/2854/1745 50/50/1745 1433/2855/1756
f 1433/2855/1756 50/50/1745 91/91/1746
f 1433/1996/1756 91/2856/1746 1432/1994/1747
f 1432/1994/1747 91/2856/1746 89/2857/1747
f 1432/2858/1747 89/89/1747 1431/2859/1748
f 1431/2859/1748 89/89/1747 87/87/1748
f 1431/2859/1748 87/87/1748 1442/2860/1760
f 1442/2860/1760 87/87/1748 86/86/1760
f 1442/2020/1760 86/2861/1760 1441/2018/1750
f 1441/2018/1750 86/2861/1760 41/2862/1750
f 1441/2863/1750 41/41/1750 1440/2864/1757
f 1440/2864/1757 41/41/1750 27/27/1757
f 1440/2864/1757 27/27/1757 1439/2865/1758
f 1439/2865/1758 27/27/1757 31/31/1758
f 1439/2865/1758 31/31/1758 1438/2866/1753
f 1438/2866/1753 31/31/1758 33/33/1753
f 1438/2010/1753 33/2867/1753 1437/2008/1754
f 1437/2008/1754 33/2867/1753 35/2868/1754
f 1437/2869/1754 35/35/1754 1436/2870/1743
f 1436/2870/1743 35/35/1754 37/37/1743
f 536/564/1761 535/563/1762 1564/2871/1763
f 1553/2872/1764 1552/2873/1765 552/581/1766
f 552/581/1766 1552/2873/1765 1550/2874/1767
f 552/581/1766 1550/2874/1767 518/546/1768
f 518/546/1768 1550/2874/1767 1549/2875/1769
f 518/546/1768 1549/2875/1769 519/547/1770
f 519/547/1770 1549/2875/1769 1556/2876/1771
f 519/2877/1770 1556/2173/1771 537/2878/1772
f 537/2878/1772 1556/2173/1771 1555/2172/1773
f 537/565/1772 1555/2879/1773 538/566/1774
f 538/2880/1774 1555/2172/1773 1560/2177/1775
f 538/566/1774 1560/2881/1775 539/567/1776
f 539/567/1776 1560/2881/1775 1559/2882/1777
f 539/567/1776 1559/2882/1777 532/560/1778
f 532/560/1778 1559/2882/1777 1558/2883/1779
f 532/560/1778 1558/2883/1779 533/561/1780
f 533/561/1780 1558/2883/1779 535/563/1762
f 535/563/1762 1558/2883/1779 1565/2884/1781
f 535/563/1762 1565/2884/1781 1564/2871/1763
f 556/2885/1782 555/2886/1783 1529/2140/1784
f 525/553/1785 1532/2887/1786 555/584/1783
f 555/2886/1783 1532/2143/1786 1530/2141/1787
f 555/2888/1783 1530/2889/1787 1529/2890/1784
f 1541/2891/1788 1542/2892/1789 547/576/1790
f 547/576/1790 544/572/1791 1541/2891/1788
f 1541/2891/1788 544/572/1791 543/571/1792
f 1541/2891/1788 543/571/1792 1544/2893/1793
f 1544/2893/1793 543/571/1792 542/570/1794
f 1544/2893/1793 542/570/1794 1545/2894/1795
f 1545/2895/1795 542/2896/1794 541/2897/1796
f 1545/2894/1795 541/569/1796 1538/2898/1797
f 1538/2898/1797 541/569/1796 540/568/1798
f 1538/2898/1797 540/568/1798 1540/2899/1799
f 1540/2899/1799 540/568/1798 553/582/1800
f 1540/2899/1799 553/582/1800 559/588/1801
f 1540/2899/1799 559/588/1801 1534/2900/1802
f 1534/2900/1802 559/588/1801 558/587/1803
f 1534/2900/1802 558/587/1803 1535/2901/1804
f 1535/2901/1804 558/587/1803 556/585/1782
f 1535/2901/1804 556/585/1782 1536/2902/1805
f 1536/2149/1805 556/2885/1782 1529/2140/1784
f 1564/2871/1763 1562/2903/1806 536/564/1761
f 536/564/1761 1562/2903/1806 1561/2904/1807
f 536/564/1761 1561/2904/1807 528/556/1808
f 528/556/1808 1561/2904/1807 1566/2905/1809
f 528/556/1808 1566/2905/1809 529/557/1810
f 529/557/1810 1566/2905/1809 1568/2906/1811
f 529/2907/1810 1568/2187/1811 530/2908/1812
f 530/2908/1812 1568/2187/1811 1571/2190/1813
f 530/558/1812 1571/2909/1813 526/554/1814
f 526/554/1814 1571/2909/1813 1570/2910/1815
f 526/2911/1814 1570/2912/1815 521/2913/1816
f 521/549/1816 1570/2910/1815 1569/2914/1817
f 521/549/1816 1569/2914/1817 522/550/1818
f 522/550/1818 1569/2914/1817 1525/2915/1819
f 522/550/1818 1525/2915/1819 524/552/1820
f 524/552/1820 1525/2915/1819 1527/2916/1821
f 524/552/1820 1527/2916/1821 525/553/1785
f 525/553/1785 1527/2916/1821 1533/2917/1822
f 525/553/1785 1533/2917/1822 1532/2887/1786
f 552/581/1766 551/580/1823 1553/2872/1764
f 1553/2872/1764 551/580/1823 549/578/1824
f 1553/2872/1764 549/578/1824 1547/2918/1825
f 1547/2918/1825 549/578/1824 548/577/1826
f 1547/2918/1825 548/577/1826 1548/2919/1827
f 1548/2919/1827 548/577/1826 545/573/1828
f 1548/2163/1827 545/2920/1828 1542/2157/1789
f 1542/2892/1789 545/573/1828 546/575/1829
f 1542/2892/1789 546/575/1829 547/576/1790
f 1617/2921/1830 1618/2922/1830 1619/2923/1831
f 1619/2923/1831 1618/2922/1830 1620/2924/1831
f 1619/2923/1831 1620/2924/1831 1621/2925/1832
f 1621/2925/1832 1620/2924/1831 1622/2926/1832
f 1621/2925/1832 1622/2926/1832 1623/2927/1833
f 1623/2927/1833 1622/2926/1832 1624/2928/1833
f 1623/2927/1833 1624/2928/1833 1625/2929/1834
f 1625/2929/1834 1624/2928/1833 1626/2930/1834
f 1625/2929/1834 1626/2930/1834 1627/2931/1835
f 1627/2931/1835 1626/2930/1834 1628/2932/1835
f 1627/2933/1835 1628/2934/1835 1629/2935/1836
f 1629/2935/1836 1628/2934/1835 1630/2936/1836
f 1629/2935/1836 1630/2936/1836 1631/2937/1837
f 1631/2937/1837 1630/2936/1836 1632/2938/1837
f 1631/2937/1837 1632/2938/1837 1633/2939/1838
f 1633/2939/1838 1632/2938/1837 1634/2940/1838
f 1635/2941/1839 1636/2942/1840 1637/2943/1841
f 1636/2942/1840 1638/2944/1842 1639/2945/1843
f 1637/2943/1841 1636/2942/1840 1640/2946/1844
f 1640/2946/1844 1636/2942/1840 1639/2945/1843
f 1640/2946/1844 1639/2945/1843 1641/2947/1845
f 1642/2948/1846 1643/2949/1847 1637/2943/1841
f 1637/2943/1841 1643/2949/1847 1644/2950/1848
f 1637/2943/1841 1644/2950/1848 1635/2941/1839
f 1645/2951/1849 1646/2952/1850 1647/2953/1851
f 1647/2953/1851 1646/2952/1850 1648/2954/1852
f 1647/2953/1851 1648/2954/1852 1649/2955/1853
f 1649/2955/1853 1648/2954/1852 1650/2956/1854
f 1642/2948/1846 1651/2957/1855 1643/2949/1847
f 1643/2949/1847 1651/2957/1855 1652/2958/1856
f 1643/2949/1847 1652/2958/1856 1653/2959/1857
f 1653/2959/1857 1652/2958/1856 1654/2960/1858
f 1653/2959/1857 1654/2960/1858 1655/2961/1859
f 1655/2961/1859 1654/2960/1858 1656/2962/1860
f 1655/2961/1859 1656/2962/1860 1657/2963/1861
f 1657/2963/1861 1656/2962/1860 1658/2964/1862
f 1645/2951/1849 1647/2953/1851 1636/2942/1840
f 1636/2942/1840 1647/2953/1851 1659/2965/1863
f 1636/2942/1840 1659/2965/1863 1638/2944/1842
f 1660/2966/1864 1647/2953/20 1661/2967/1865
f 1661/2967/1865 1647/2953/20 1649/2955/1865
f 1641/2947/20 1639/2945/20 1662/2968/16
f 1662/2968/16 1639/2945/20 1638/2944/16
f 1662/2968/16 1638/2944/16 1660/2966/1864
f 1660/2966/1864 1638/2944/16 1659/2965/1864
f 1660/2966/1864 1659/2965/1864 1647/2953/20
f 53/2969/296 55/2970/296 56/2971/296
f 1663/2972/296 1664/2973/296 1665/2974/296
f 35/2975/296 37/2976/334 52/2977/296
f 52/2977/296 37/2976/334 38/2978/296
f 52/2977/296 38/2978/296 50/2979/296
f 56/2971/296 55/2970/296 58/2980/296
f 27/2981/296 1666/2982/296 25/2983/296
f 31/2984/296 33/2985/296 1667/2986/296
f 1667/2986/296 33/2985/296 35/2975/296
f 90/2987/296 91/2988/296 88/2989/296
f 88/2989/296 91/2988/296 89/2990/296
f 88/2989/296 89/2990/296 39/2991/296
f 89/2990/296 87/2992/334 39/2991/296
f 39/2991/296 86/2993/296 1668/2994/296
f 1668/2994/296 86/2993/296 41/2995/296
f 1668/2994/296 41/2995/296 1669/2996/296
f 1669/2996/296 41/2995/296 27/2981/296
f 1669/2996/296 27/2981/296 1670/2997/296
f 1670/2997/296 27/2981/296 25/2983/296
f 1671/2998/296 1666/2982/296 1672/2999/296
f 85/3000/296 1673/3001/296 83/3002/296
f 83/3002/296 1673/3001/296 1674/3003/296
f 83/3002/296 1674/3003/296 61/3004/296
f 61/3004/296 1674/3003/296 1663/2972/296
f 61/3004/296 1663/2972/296 128/3005/296
f 128/3005/296 1663/2972/296 1665/2974/296
f 1667/2986/296 1675/3006/296 31/2984/296
f 31/2984/296 1675/3006/296 1676/3007/296
f 31/2984/296 1676/3007/296 27/2981/296
f 27/2981/296 1676/3007/296 1677/3008/296
f 27/2981/296 1677/3008/296 1666/2982/296
f 1666/2982/296 1677/3008/296 1678/3009/296
f 1666/2982/296 1678/3009/296 1672/2999/296
f 55/2970/296 57/3010/296 58/2980/296
f 58/2980/296 57/3010/296 113/3011/296
f 58/2980/296 113/3011/296 111/3012/296
f 111/3012/296 113/3011/296 112/3013/296
f 111/3012/296 112/3013/296 90/2987/296
f 90/2987/296 112/3013/296 52/2977/296
f 90/2987/296 52/2977/296 91/2988/296
f 91/2988/296 52/2977/296 50/2979/296
f 1672/2999/296 1679/3014/296 1671/2998/296
f 1671/2998/296 1679/3014/296 1680/3015/296
f 1671/2998/296 1680/3015/296 1681/3016/296
f 1681/3016/296 1680/3015/296 1682/3017/296
f 1681/3016/296 1682/3017/296 1683/3018/296
f 1683/3018/296 1682/3017/296 1684/3019/296
f 1683/3018/296 1684/3019/296 1685/3020/296
f 1685/3020/296 1684/3019/296 1686/3021/296
f 1685/3020/296 1686/3021/296 1687/3022/296
f 1688/3023/296 1689/3024/300 81/3025/296
f 1690/3026/296 67/3027/296 1691/3028/296
f 1691/3028/296 67/3027/296 76/3029/296
f 1691/3028/296 76/3029/296 1692/3030/296
f 1692/3030/296 76/3029/296 74/3031/296
f 1692/3030/296 74/3031/296 1693/3032/296
f 1693/3032/296 74/3031/296 72/3033/296
f 1693/3032/296 72/3033/296 1694/3034/296
f 85/3000/296 102/3035/296 1673/3001/296
f 1673/3001/296 102/3035/296 1695/3036/296
f 1673/3001/296 1695/3036/296 1686/3021/296
f 1686/3021/296 1695/3036/296 104/3037/296
f 1686/3021/296 104/3037/296 1687/3022/296
f 1696/3038/296 1667/2986/296 1697/3039/296
f 1697/3039/296 1667/2986/296 35/2975/296
f 1697/3039/296 35/2975/296 1698/3040/296
f 1698/3040/296 35/2975/296 52/2977/296
f 1698/3040/296 52/2977/296 1699/3041/296
f 1699/3041/296 52/2977/296 51/3042/296
f 1699/3041/296 51/3042/296 1700/3043/296
f 1700/3043/296 51/3042/296 49/3044/296
f 1700/3043/296 49/3044/296 1701/3045/296
f 1701/3045/296 49/3044/296 30/3046/296
f 1701/3045/296 30/3046/296 42/3047/296
f 42/3047/296 30/3046/296 44/3048/296
f 1690/3026/296 1702/3049/296 67/3027/296
f 67/3027/296 1702/3049/296 66/3050/296
f 68/3051/296 66/3052/296 1703/3053/296
f 68/3051/296 1703/3053/296 81/3025/296
f 81/3025/296 1703/3053/296 1704/3054/296
f 81/3025/296 1704/3054/296 1688/3023/296
f 94/3055/296 1705/3056/296 72/3033/296
f 72/3033/296 1705/3056/296 93/3057/296
f 72/3033/296 93/3057/296 1694/3034/296
f 54/3058/296 64/3059/296 63/3060/296
f 63/3060/296 64/3059/296 120/3061/296
f 63/3060/296 120/3061/296 118/3062/296
f 118/3062/296 120/3061/296 1706/3063/296
f 118/3062/296 1706/3063/296 116/3064/296
f 116/3064/296 1706/3063/296 1707/3065/296
f 116/3064/296 1707/3065/296 94/3055/296
f 94/3055/296 1707/3065/296 1708/3066/296
f 94/3055/296 1708/3066/296 1705/3056/296
f 123/3067/1866 122/3068/296 131/3069/334
f 131/3069/334 122/3068/296 121/3070/296
f 131/3069/296 121/3070/296 79/3071/296
f 79/3071/296 121/3070/296 81/3025/296
f 80/3072/300 81/3025/296 1689/3024/300
f 56/2971/296 54/3058/296 53/2969/296
f 53/2969/296 54/3058/296 63/3060/296
f 53/2969/296 63/3060/296 48/3073/296
f 48/3073/296 63/3060/296 65/3074/334
f 48/3073/296 65/3074/334 46/3075/296
f 46/3075/296 65/3074/334 47/3076/296
f 46/3075/296 47/3076/296 44/3048/296
f 44/3048/296 47/3076/296 45/3077/296
f 1709/3078/1867 1710/3079/1868 1711/3080/1869
f 1710/3079/1868 1709/3078/1867 1712/3081/1870
f 1712/3081/1870 1709/3078/1867 1713/3082/1871
f 1712/3081/1870 1713/3082/1871 1714/3083/1872
f 1714/3083/1872 1713/3082/1871 1715/3084/1873
f 1714/3083/1872 1715/3084/1873 1716/3085/1874
f 1711/3080/1869 1717/3086/1875 1709/3078/1867
f 1709/3078/1867 1717/3086/1875 1718/3087/1876
f 1709/3078/1867 1718/3087/1876 1719/3088/1877
f 1719/3088/1877 1718/3087/1876 1720/3089/1878
f 1721/3090/1879 1722/3091/1880 1723/3092/1881
f 1723/3092/1881 1722/3091/1880 1719/3088/1877
f 1723/3092/1881 1719/3088/1877 1724/3093/1882
f 1724/3093/1882 1719/3088/1877 1720/3089/1878
f 1725/3094/1883 1726/3095/1883 1727/3096/308
f 1728/3097/1884 1729/3098/1885 1730/3099/1883
f 1725/3094/1883 1727/3096/308 1731/3100/307
f 1731/3100/307 1727/3096/308 1732/3101/307
f 1731/3100/307 1732/3101/307 1733/3102/300
f 1733/3102/300 1732/3101/307 1734/3103/296
f 1733/3102/300 1734/3103/296 1735/3104/308
f 1735/3104/308 1734/3103/296 1736/3105/296
f 1735/3104/308 1736/3105/296 1737/3106/308
f 1737/3106/308 1736/3105/296 1738/3107/308
f 1737/3106/308 1738/3107/308 1730/3099/1883
f 1730/3099/1883 1738/3107/308 1739/3108/1886
f 1730/3099/1883 1739/3108/1886 1728/3097/1884
f 1740/3109/1887 1741/3110/1887 1742/3111/1888
f 1740/3109/1887 1742/3111/1888 1743/3112/1888
f 1743/3112/1888 1742/3111/1888 1744/3113/1889
f 1743/3112/1888 1744/3113/1889 1745/3114/1889
f 1734/3115/1890 1732/3116/1891 1746/3117/1892
f 1746/3117/1892 1747/3118/1893 1734/3115/1890
f 1734/3115/1890 1747/3118/1893 1748/3119/1894
f 1734/3115/1890 1748/3119/1894 1736/3120/1895
f 1748/3119/1894 1749/3121/1896 1736/3120/1895
f 1736/3122/1895 1749/3123/1896 1750/3124/1897
f 1736/3122/1895 1750/3124/1897 1738/3125/1898
f 1738/3125/1898 1750/3124/1897 1751/3126/1899
f 1752/3127/1900 1739/3128/1901 1753/3129/1902
f 1753/3129/1902 1739/3128/1901 1738/3125/1898
f 1753/3129/1902 1738/3125/1898 1754/3130/1903
f 1754/3130/1903 1738/3125/1898 1751/3126/1899
f 1755/3131/1904 1756/3132/1905 1757/3133/1906
f 1757/3133/1906 1756/3132/1905 1758/3134/1905
f 1759/3135/1907 1760/3136/1908 1761/3137/1909
f 1762/3138/1910 1649/3139/1911 1763/3140/1912
f 1763/3140/1912 1649/3139/1911 1650/3141/1913
f 1763/3140/1912 1650/3141/1913 1764/3142/1914
f 1764/3142/1914 1650/3141/1913 1765/3143/1915
f 1766/3144/1916 1662/3145/1917 1767/3146/1918
f 1767/3146/1918 1662/3145/1917 1660/3147/1919
f 1767/3146/1918 1660/3147/1919 1762/3138/1910
f 1762/3138/1910 1660/3147/1919 1661/3148/1920
f 1762/3138/1910 1661/3148/1920 1649/3139/1911
f 1768/3149/1921 1769/3150/1922 1770/3151/1923
f 1765/3143/1915 1771/3152/1924 1764/3142/1914
f 1764/3142/1914 1771/3152/1924 1772/3153/1925
f 1764/3142/1914 1772/3153/1925 1773/3154/1926
f 1773/3154/1926 1772/3153/1925 1774/3155/1927
f 1773/3156/1926 1774/3157/1927 1775/3158/1928
f 1775/3158/1928 1774/3157/1927 1776/3159/1929
f 1775/3158/1928 1776/3159/1929 1777/3160/1930
f 1769/3150/1922 1778/3161/1931 1770/3151/1923
f 1770/3151/1923 1778/3161/1931 1777/3160/1930
f 1770/3151/1923 1777/3160/1930 1779/3162/1932
f 1779/3162/1932 1777/3160/1930 1776/3159/1929
f 1770/3151/1923 1780/3163/1933 1768/3149/1921
f 1768/3149/1921 1780/3163/1933 1781/3164/1934
f 1768/3149/1921 1781/3164/1934 1782/3165/1935
f 1782/3165/1935 1781/3164/1934 1783/3166/1936
f 1782/3165/1935 1783/3166/1936 1784/3167/1937
f 1761/3168/1909 1760/3169/1908 1785/3170/1938
f 1783/3166/1936 1786/3171/1939 1784/3167/1937
f 1784/3167/1937 1786/3171/1939 1787/3172/1940
f 1784/3167/1937 1787/3172/1940 1788/3173/1941
f 1788/3173/1941 1787/3172/1940 1789/3174/1942
f 1788/3173/1941 1789/3174/1942 1790/3175/1943
f 1790/3175/1943 1789/3174/1942 1785/3170/1938
f 1790/3175/1943 1785/3170/1938 1791/3176/1944
f 1791/3176/1944 1785/3170/1938 1760/3169/1908
f 1759/3135/1907 1761/3137/1909 1792/3177/1945
f 1792/3177/1945 1761/3137/1909 1793/3178/1946
f 1792/3177/1945 1793/3178/1946 1794/3179/1947
f 1794/3179/1947 1793/3178/1946 1795/3180/1948
f 1794/3179/1947 1795/3180/1948 1796/3181/1949
f 1796/3181/1949 1795/3180/1948 1797/3182/1950
f 1796/3181/1949 1797/3182/1950 1798/3183/1951
f 1797/3182/1950 1799/3184/1952 1798/3183/1951
f 1798/3183/1951 1799/3184/1952 1800/3185/1953
f 1798/3183/1951 1800/3185/1953 1801/3186/1954
f 1801/3186/1954 1800/3185/1953 1802/3187/1955
f 1802/3187/1955 1803/3188/1956 1801/3186/1954
f 1801/3186/1954 1803/3188/1956 1804/3189/1957
f 1801/3186/1954 1804/3189/1957 1805/3190/1958
f 1805/3190/1958 1804/3189/1957 1806/3191/1959
f 1805/3190/1958 1806/3191/1959 1807/3192/1960
f 1807/3192/1960 1806/3191/1959 1808/3193/1961
f 1809/3194/1962 1810/3195/1963 1811/3196/1964
f 1811/3196/1964 1810/3195/1963 1812/3197/1965
f 1808/3193/1961 1813/3198/1966 1807/3192/1960
f 1807/3192/1960 1813/3198/1966 1809/3194/1962
f 1807/3192/1960 1809/3194/1962 1814/3199/1967
f 1814/3199/1967 1809/3194/1962 1811/3196/1964
f 1815/3200/1968 1816/3201/1969 1817/3202/1970
f 1817/3202/1970 1816/3201/1969 1818/3203/1971
f 1817/3202/1970 1818/3203/1971 1819/3204/1972
f 1820/3205/1973 1821/3206/1974 1822/3207/1975
f 1822/3207/1975 1821/3206/1974 1823/3208/1976
f 1822/3207/1975 1823/3208/1976 1824/3209/1977
f 1824/3209/1977 1823/3208/1976 1825/3210/1978
f 1824/3209/1977 1825/3210/1978 1818/3203/1971
f 1818/3203/1971 1825/3210/1978 1826/3211/1979
f 1818/3203/1971 1826/3211/1979 1819/3204/1972
f 1812/3197/1965 1827/3212/1980 1811/3196/1964
f 1811/3196/1964 1827/3212/1980 1828/3213/1981
f 1811/3196/1964 1828/3213/1981 1829/3214/1982
f 1829/3214/1982 1828/3213/1981 1830/3215/1983
f 1829/3214/1982 1830/3215/1983 1831/3216/1984
f 1831/3216/1984 1830/3215/1983 1832/3217/1985
f 1831/3216/1984 1832/3217/1985 1833/3218/1986
f 1833/3218/1986 1832/3217/1985 1834/3219/1987
f 1833/3220/1986 1834/3221/1987 1835/3222/1988
f 1835/3222/1988 1834/3221/1987 1836/3223/1989
f 1835/3222/1988 1836/3223/1989 1820/3205/1973
f 1820/3205/1973 1836/3223/1989 1837/3224/1990
f 1820/3205/1973 1837/3224/1990 1821/3206/1974
f 1838/3225/1991 1839/3226/1991 1840/3227/1991
f 1840/3227/1991 1839/3226/1991 1841/3228/1991
f 1842/3229/1992 1843/3230/1992 1844/3231/1992
f 1844/3231/1992 1843/3230/1992 1845/3232/1993
f 1844/3231/1992 1845/3232/1993 1846/3233/1994
f 1846/3233/1994 1845/3232/1993 1847/3234/1995
f 1848/3235/1996 1849/3236/1996 1850/3237/1997
f 1848/3235/1996 1850/3237/1997 1851/3238/1997
f 1851/3238/1997 1850/3237/1997 1852/3239/1998
f 1851/3238/1997 1852/3239/1998 1853/3240/1998
f 1853/3240/1998 1852/3239/1998 1854/3241/1999
f 1853/3240/1998 1854/3241/1999 1855/3242/1999
f 1855/3242/1999 1854/3241/1999 1856/3243/2000
f 1855/3242/1999 1856/3243/2000 1857/3244/2000
f 1857/3245/2000 1856/3246/2000 1858/3247/2001
f 1857/3245/2000 1858/3247/2001 1859/3248/2001
f 1859/3248/2001 1858/3247/2001 1860/3249/2002
f 1859/3248/2001 1860/3249/2002 1861/3250/2002
f 1861/3250/2002 1860/3249/2002 1862/3251/2003
f 1861/3250/2002 1862/3251/2003 1863/3252/2003
f 1864/3253/2004 1865/3254/2005 1862/3251/2003
f 1862/3251/2003 1865/3254/2005 1863/3252/2003
f 1849/3236/1996 1848/3235/1996 1866/3255/2006
f 1866/3255/2006 1848/3235/1996 1867/3256/2007
f 1868/3257/2008 1869/3258/2009 1870/3259/2010
f 1868/3257/2008 1870/3259/2010 1871/3260/2011
f 1871/3260/2011 1870/3259/2010 1872/3261/2012
f 1871/3260/2011 1872/3261/2012 1873/3262/2013
f 1873/3262/2013 1872/3261/2012 1874/3263/2014
f 1873/3262/2013 1874/3263/2014 1875/3264/2015
f 1875/3264/2015 1874/3263/2014 1866/3255/2006
f 1875/3264/2015 1866/3255/2006 1867/3256/2007
f 1876/3265/2016 1877/3266/2017 1878/3267/2018
f 1878/3267/2018 1877/3266/2017 1879/3268/2019
f 1878/3267/2018 1879/3268/2019 1880/3269/2020
f 1880/3269/2020 1879/3268/2019 1881/3270/2021
f 1881/3270/2021 1879/3268/2019 1882/3271/2022
f 1881/3270/2021 1882/3271/2022 1883/3272/2023
f 1883/3272/2023 1882/3271/2022 1884/3273/2024
f 1884/3273/2024 1882/3271/2022 1865/3254/2005
f 1884/3273/2024 1865/3254/2005 1864/3253/2004
f 1885/3274/28 1886/3275/28 1887/3276/17
f 1885/3274/28 1887/3276/17 1888/3277/2025
f 1888/3277/2025 1887/3276/17 1889/3278/2026
f 1888/3277/2025 1889/3278/2026 1890/3279/2026
f 1891/3280/296 151/3281/296 1892/3282/296
f 1892/3282/296 151/3281/296 161/3283/296
f 1892/3282/296 161/3283/296 1893/3284/296
f 1893/3284/296 161/3283/296 163/3285/296
f 1893/3284/296 163/3285/296 1894/3286/296
f 147/3287/296 149/3288/296 145/3289/296
f 145/3289/296 149/3288/296 146/3290/296
f 145/3289/296 146/3290/296 144/3291/296
f 144/3291/296 146/3290/296 143/3292/296
f 142/2678/296 143/3293/296 141/3294/296
f 140/3295/296 155/3296/296 153/3297/296
f 153/3297/296 155/3296/296 154/3298/296
f 1895/3299/296 1896/3300/296 1897/3301/296
f 1898/3302/296 1899/3303/296 1897/3301/296
f 1897/3301/296 1899/3303/296 1900/3304/296
f 1897/3301/296 1900/3304/296 1895/3299/296
f 163/3285/296 165/3305/296 1894/3286/296
f 1894/3286/296 165/3305/296 167/3306/296
f 1894/3286/296 167/3306/296 1898/3302/296
f 1898/3302/296 167/3306/296 1901/3307/296
f 1898/3302/296 1901/3307/296 1899/3303/296
f 179/3308/300 177/3309/2027 176/3310/2028
f 1902/3311/334 1903/3312/2029 1904/3313/334
f 1891/3280/296 1905/3314/296 151/3281/296
f 151/3281/296 1905/3314/296 1906/3315/296
f 151/3281/296 1906/3315/296 147/3287/296
f 147/3287/296 1906/3315/296 1907/3316/296
f 147/3287/296 1907/3316/296 149/3288/296
f 181/3317/2030 180/3318/307 154/3298/307
f 154/3298/307 180/3318/307 182/3319/307
f 154/3298/296 182/3319/296 153/3297/296
f 153/3297/296 182/3319/296 179/3308/296
f 178/3320/2028 179/3308/300 176/3310/2028
f 1908/3321/296 1909/3322/296 1910/3323/296
f 1911/3324/300 1912/3325/296 1913/3326/296
f 1913/3326/296 1912/3325/296 1914/3327/296
f 1913/3326/296 1914/3327/296 1915/3328/308
f 1908/3321/296 1910/3323/296 1916/3329/296
f 1917/3330/296 1918/3331/296 1919/3332/296
f 1919/3332/296 1918/3331/296 1920/3333/296
f 1919/3332/296 1920/3333/296 1921/3334/296
f 1911/3324/300 1902/3311/334 1912/3325/296
f 1912/3325/296 1902/3311/334 1904/3313/334
f 1912/3325/296 1904/3313/334 1922/3335/296
f 1922/3335/296 1904/3313/334 1916/3329/296
f 1922/3335/296 1916/3329/296 1923/3336/296
f 1923/3336/296 1916/3329/296 1910/3323/296
f 1917/3330/296 1924/3337/296 1918/3331/296
f 1918/3331/296 1924/3337/296 1925/3338/296
f 1918/3331/296 1925/3338/296 1908/3321/296
f 1908/3321/296 1925/3338/296 205/3339/296
f 1908/3321/296 205/3339/296 1909/3322/296
f 1921/3334/296 1920/3333/296 195/3340/296
f 195/3340/296 1920/3333/296 1926/3341/296
f 195/3340/296 1926/3341/296 197/3342/296
f 197/3342/296 1926/3341/296 1927/3343/296
f 197/3342/296 1927/3343/296 199/3344/296
f 199/3344/296 1927/3343/296 1928/3345/296
f 199/3344/296 1928/3345/296 201/3346/296
f 201/3346/296 1928/3345/296 203/3347/296
f 203/3347/296 1928/3345/296 1929/3348/296
f 203/3347/296 1929/3348/296 1930/3349/296
f 211/3350/296 1931/3351/296 1932/3352/296
f 1932/3352/296 1931/3351/296 1933/3353/296
f 1932/3352/296 1933/3353/296 1929/3348/296
f 1929/3348/296 1933/3353/296 1934/3354/296
f 1929/3348/296 1934/3354/296 1930/3349/296
f 1895/3299/296 169/3355/296 1896/3300/296
f 1896/3300/296 169/3355/296 139/3356/296
f 1896/3300/296 139/3356/296 1935/3357/296
f 1935/3357/296 139/3356/296 148/3358/296
f 1935/3357/296 148/3358/296 1936/3359/296
f 1936/3359/296 148/3358/296 211/3350/296
f 1936/3359/296 211/3350/296 1937/3360/296
f 1937/3360/296 211/3350/296 1932/3352/296
f 1938/3361/1188 1939/3362/1188 1940/3363/1189
f 1940/3363/1189 1939/3362/1188 1941/3364/1189
f 1940/3363/1189 1941/3364/1189 1942/3365/1190
f 1942/3365/1190 1941/3364/1189 1943/3366/1190
f 1942/3365/1191 1943/3366/1191 1944/3367/1192
f 1944/3367/1192 1943/3366/1191 1945/3368/1192
f 1944/3369/1192 1945/3370/1192 1946/3371/1204
f 1946/3371/1204 1945/3370/1192 1947/3372/1204
f 1946/3371/1204 1947/3372/1204 1948/3373/1194
f 1948/3373/1194 1947/3372/1204 1949/3374/1194
f 1948/3375/1205 1949/3376/1205 1950/3377/1205
f 1950/3377/1205 1949/3376/1205 1951/3378/1205
f 1950/3377/1206 1951/3378/1206 1952/3379/1197
f 1952/3379/1197 1951/3378/1206 1953/3380/1197
f 1952/3379/1197 1953/3380/1197 1954/3381/1198
f 1954/3381/1198 1953/3380/1197 1955/3382/1198
f 1954/3383/1199 1955/3384/1199 1956/3385/1200
f 1956/3385/1200 1955/3384/1199 1957/3386/1200
f 1956/3385/1200 1957/3386/1200 1958/3387/1207
f 1958/3387/1207 1957/3386/1200 1959/3388/1207
f 1958/3387/1208 1959/3388/1208 1960/3389/1208
f 1960/3389/1208 1959/3388/1208 1961/3390/1208
f 1960/3389/1203 1961/3390/1203 1938/3391/1203
f 1938/3391/1203 1961/3390/1203 1939/3392/1203
f 1958/3393/296 1960/3394/296 1962/3395/296
f 1962/3395/296 1960/3394/296 1938/3396/296
f 1962/3395/296 1938/3396/296 1940/3397/296
f 1952/3398/296 1954/3399/296 1962/3395/296
f 1962/3395/296 1954/3399/296 1956/3400/296
f 1962/3395/296 1956/3400/296 1958/3393/296
f 1946/3401/296 1948/3402/296 1962/3395/296
f 1962/3395/296 1948/3402/296 1950/3403/296
f 1962/3395/296 1950/3403/296 1952/3398/296
f 1940/3397/296 1942/3404/296 1962/3395/296
f 1962/3395/296 1942/3404/296 1944/3405/296
f 1962/3395/296 1944/3405/296 1946/3401/296
f 1963/3406/1188 1964/3407/1188 1965/3408/1189
f 1965/3408/1189 1964/3407/1188 1966/3409/1189
f 1965/3408/1189 1966/3409/1189 1967/3410/1190
f 1967/3410/1190 1966/3409/1189 1968/3411/1190
f 1967/3410/1191 1968/3411/1191 1969/3412/1192
f 1969/3412/1192 1968/3411/1191 1970/3413/1192
f 1969/3414/1192 1970/3415/1192 1971/3416/1193
f 1971/3416/1193 1970/3415/1192 1972/3417/1193
f 1971/3416/1194 1972/3417/1194 1973/3418/1195
f 1973/3418/1195 1972/3417/1194 1974/3419/1195
f 1973/3420/1195 1974/3421/1195 1975/3422/1205
f 1975/3422/1205 1974/3421/1195 1976/3423/1205
f 1975/3422/1206 1976/3423/1206 1977/3424/1197
f 1977/3424/1197 1976/3423/1206 1978/3425/1197
f 1977/3424/1197 1978/3425/1197 1979/3426/1198
f 1979/3426/1198 1978/3425/1197 1980/3427/1198
f 1979/3428/1199 1980/3429/1199 1981/3430/1200
f 1981/3430/1200 1980/3429/1199 1982/3431/1200
f 1981/3430/1200 1982/3431/1200 1983/3432/1207
f 1983/3432/1207 1982/3431/1200 1984/3433/1207
f 1983/3432/1208 1984/3433/1208 1985/3434/1208
f 1985/3434/1208 1984/3433/1208 1986/3435/1208
f 1985/3434/1203 1986/3435/1203 1963/3436/1203
f 1963/3436/1203 1986/3435/1203 1964/3437/1203
f 1983/3438/296 1985/3439/296 1987/3440/296
f 1987/3440/296 1985/3439/296 1963/3441/296
f 1987/3440/296 1963/3441/296 1965/3442/296
f 1977/3443/296 1979/3444/296 1987/3440/296
f 1987/3440/296 1979/3444/296 1981/3445/296
f 1987/3440/296 1981/3445/296 1983/3438/296
f 1971/3446/296 1973/3447/296 1987/3440/296
f 1987/3440/296 1973/3447/296 1975/3448/296
f 1987/3440/296 1975/3448/296 1977/3443/296
f 1965/3442/296 1967/3449/296 1987/3440/296
f 1987/3440/296 1967/3449/296 1969/3450/296
f 1987/3440/296 1969/3450/296 1971/3446/296
f 1988/3451/2031 1989/3452/2032 1990/3453/2033
f 1990/3453/2033 1989/3452/2032 1991/3454/2034
f 1990/3453/2033 1991/3454/2034 1992/3455/2035
f 1992/3455/2035 1991/3454/2034 1993/3456/2036
f 1988/3451/2031 1994/3457/2037 1989/3452/2032
f 1989/3452/2032 1994/3457/2037 1995/3458/2038
f 1989/3452/2032 1995/3458/2038 1996/3459/2039
f 1996/3459/2039 1995/3458/2038 1997/3460/2040
f 1996/3459/2039 1997/3460/2040 1998/3461/2041
f 1999/3462/2042 2000/3463/2043 2001/3464/2044
f 2001/3464/2044 2000/3463/2043 1996/3459/2039
f 2001/3464/2044 1996/3459/2039 1998/3461/2041
f 1999/3462/2042 2002/3465/2045 2000/3463/2043
f 2000/3463/2043 2002/3465/2045 2003/3466/2046
f 2000/3463/2043 2003/3466/2046 2004/3467/2047
f 2004/3467/2047 2003/3466/2046 2005/3468/2048
f 2004/3467/2047 2005/3468/2048 2006/3469/2049
f 2007/3470/2050 2008/3471/2051 2009/3472/2052
f 2010/3473/2053 2011/3474/2054 2012/3475/2055
f 2012/3475/2055 2011/3474/2054 2013/3476/2056
f 2012/3475/2055 2013/3476/2056 2014/3477/2057
f 2012/3475/2055 2015/3478/2058 2010/3473/2053
f 2010/3473/2053 2015/3478/2058 2016/3479/2059
f 2010/3473/2053 2016/3479/2059 2017/3480/2060
f 2009/3472/2052 2018/3481/2061 2007/3470/2050
f 2007/3470/2050 2018/3481/2061 2019/3482/2062
f 2007/3470/2050 2019/3482/2062 2020/3483/2063
f 2020/3483/2063 2019/3482/2062 2021/3484/2064
f 2020/3483/2063 2021/3484/2064 2022/3485/2065
f 2022/3485/2065 2021/3484/2064 2023/3486/2066
f 2022/3485/2065 2023/3486/2066 2017/3480/2060
f 2017/3480/2060 2023/3486/2066 2024/3487/2067
f 2017/3480/2060 2024/3487/2067 2010/3473/2053
f 2010/3473/2053 2024/3487/2067 2025/3488/2068
f 2025/3488/2068 2026/3489/2069 2010/3473/2053
f 2010/3473/2053 2026/3489/2069 2027/3490/2070
f 2010/3473/2053 2027/3490/2070 2011/3474/2054
f 2011/3474/2054 2027/3490/2070 2028/3491/2071
f 2011/3474/2054 2028/3491/2071 2013/3476/2056
f 2013/3476/2056 2028/3491/2071 2029/3492/2072
f 1765/3493/2073 1650/2956/1854 1648/2954/1852
f 1765/3493/2073 1648/2954/1852 1771/3494/2074
f 1771/3494/2074 1648/2954/1852 2030/3495/2075
f 1771/3494/2074 2030/3495/2075 1772/3496/2076
f 1772/3496/2076 2030/3495/2075 1774/3497/2077
f 1774/3497/2077 2030/3495/2075 2031/3498/2078
f 1774/3497/2077 2031/3498/2078 2032/3499/2079
f 2033/3500/2080 2013/3476/2056 2034/3501/2081
f 2034/3501/2081 2013/3476/2056 2029/3492/2072
f 2032/3499/2079 2031/3498/2078 2035/3502/2082
f 2035/3502/2082 2031/3498/2078 2036/3503/2083
f 2035/3502/2082 2036/3503/2083 2033/3500/2080
f 2033/3500/2080 2036/3503/2083 2014/3477/2057
f 2033/3500/2080 2014/3477/2057 2013/3476/2056
f 2037/3504/2084 2038/3505/2085 2039/3506/2086
f 2039/3506/2086 2038/3505/2085 2040/3507/2087
f 2039/3506/2086 2040/3507/2087 1886/3275/2088
f 1886/3275/2088 2040/3507/2087 2041/3508/2089
f 2037/3504/2084 2042/3509/2090 2038/3505/2085
f 2038/3505/2085 2042/3509/2090 2043/3510/2091
f 2038/3505/2085 2043/3510/2091 2008/3471/2051
f 2008/3471/2051 2043/3510/2091 2044/3511/2092
f 2008/3471/2051 2044/3511/2092 2009/3472/2052
f 2045/3512/2093 2046/3513/2094 2047/3514/2095
f 2047/3514/2095 2046/3513/2094 2048/3515/2096
f 2047/3514/2095 2048/3515/2096 2049/3516/2097
f 2049/3516/2097 2048/3515/2096 2050/3517/2098
f 2049/3516/2097 2050/3517/2098 2051/3518/2099
f 2051/3519/2099 2050/3520/2098 2006/3521/2049
f 2051/3518/2099 2006/3469/2049 2052/3522/2100
f 2052/3522/2100 2006/3469/2049 2005/3468/2048
f 1993/3456/2036 2053/3523/2101 2054/3524/2102
f 1992/3455/2035 1993/3456/2036 2055/3525/2103
f 2055/3525/2103 1993/3456/2036 2054/3524/2102
f 2055/3525/2103 2054/3524/2102 2056/3526/2104
f 2056/3526/2104 2054/3524/2102 2057/3527/2105
f 2056/3526/2104 2057/3527/2105 2058/3528/2106
f 2058/3528/2106 2057/3527/2105 2059/3529/2107
f 2058/3528/2106 2059/3529/2107 2060/3530/2108
f 2060/3530/2108 2059/3529/2107 2061/3531/2109
f 2060/3532/2108 2061/3533/2109 2062/3534/2110
f 2062/3534/2110 2061/3533/2109 2063/3535/2111
f 2062/3534/2110 2063/3535/2111 1721/3536/1879
f 1721/3536/1879 2063/3535/2111 1722/3537/1880
f 2064/3538/2112 2065/3539/2113 2066/3540/2114
f 2066/3540/2114 2065/3539/2113 2067/3541/2115
f 2066/3540/2114 2067/3541/2115 2068/3542/2116
f 2068/3542/2116 2067/3541/2115 2069/3543/2117
f 2068/3542/2116 2069/3543/2117 2070/3544/2118
f 2070/3544/2118 2069/3543/2117 2071/3545/2119
f 2072/3546/2120 2073/3547/2121 2074/3548/2122
f 2074/3549/2122 2073/3550/2121 2075/3551/2123
f 2074/3549/2122 2075/3551/2123 2071/3545/2119
f 2071/3545/2119 2075/3551/2123 2076/3552/2124
f 2071/3545/2119 2076/3552/2124 2070/3544/2118
f 2077/3553/2125 2065/3539/2113 2064/3538/2112
f 2078/3554/2126 2079/3555/2127 2080/3556/2128
f 2080/3556/2128 2081/3557/2129 2078/3554/2126
f 2078/3554/2126 2081/3557/2129 2082/3558/2130
f 2078/3554/2126 2082/3558/2130 2083/3559/2131
f 2082/3558/2130 2084/3560/2132 2083/3559/2131
f 2083/3559/2131 2084/3560/2132 2085/3561/2133
f 2083/3559/2131 2085/3561/2133 2086/3562/2134
f 2086/3562/2134 2085/3561/2133 2087/3563/2135
f 2086/3564/2134 2087/3565/2135 2088/3566/2136
f 2088/3567/2136 2087/3568/2135 2089/3569/2137
f 2088/3570/2136 2089/3571/2137 2090/3572/2138
f 2090/3572/2138 2089/3571/2137 2091/3573/2139
f 2090/3572/2138 2091/3573/2139 2092/3574/2140
f 2092/3574/2140 2091/3573/2139 2093/3575/2141
f 2092/3574/2140 2093/3575/2141 2094/3576/2142
f 2094/3576/2142 2093/3575/2141 2095/3577/2143
f 2094/3576/2142 2095/3577/2143 2096/3578/2144
f 2096/3578/2144 2095/3577/2143 2077/3553/2125
f 2096/3578/2144 2077/3553/2125 2097/3579/2145
f 2097/3579/2145 2077/3553/2125 2064/3538/2112
f 2098/3580/2146 2053/3523/2101 1993/3456/2036
f 1996/3459/2039 2099/3581/2147 1989/3452/2032
f 1989/3452/2032 2099/3581/2147 2098/3580/2146
f 1989/3452/2032 2098/3580/2146 1991/3454/2034
f 1991/3454/2034 2098/3580/2146 1993/3456/2036
f 1648/2954/1852 1646/2952/1850 2030/3495/2075
f 2030/3495/2075 1646/2952/1850 2100/3582/2148
f 2030/3495/2075 2100/3582/2148 2031/3498/2078
f 2031/3498/2078 2100/3582/2148 2101/3583/2149
f 2031/3498/2078 2101/3583/2149 2036/3503/2083
f 2036/3503/2083 2101/3583/2149 2102/3584/2150
f 2036/3503/2083 2102/3584/2150 2014/3477/2057
f 2014/3477/2057 2102/3584/2150 2103/3585/2151
f 2046/3513/2094 2045/3512/2093 2104/3586/2152
f 2080/3556/2128 2079/3555/2127 2105/3587/2153
f 2105/3587/2153 2079/3555/2127 2106/3588/2154
f 2105/3587/2153 2106/3588/2154 2107/3589/2155
f 2107/3589/2155 2106/3588/2154 2108/3590/2156
f 2107/3589/2155 2108/3590/2156 2109/3591/2157
f 2109/3591/2157 2108/3590/2156 2110/3592/2158
f 2109/3591/2157 2110/3592/2158 2111/3593/2159
f 2111/3593/2159 2110/3592/2158 2112/3594/2160
f 2111/3593/2159 2112/3594/2160 2113/3595/2161
f 2113/3595/2161 2112/3594/2160 2114/3596/2162
f 2113/3595/2161 2114/3596/2162 2115/3597/2163
f 2115/3597/2163 2114/3596/2162 2116/3598/2164
f 2115/3597/2163 2116/3598/2164 2104/3586/2152
f 2104/3586/2152 2116/3598/2164 2117/3599/2165
f 2104/3586/2152 2117/3599/2165 2046/3513/2094
f 2046/3513/2094 2117/3599/2165 2118/3600/2166
f 2099/3581/2147 1996/3459/2039 2000/3463/2043
f 2099/3581/2147 2000/3463/2043 2119/3601/2167
f 2119/3601/2167 2000/3463/2043 2004/3467/2047
f 2119/3601/2167 2004/3467/2047 2120/3602/2168
f 2120/3602/2168 2004/3467/2047 2006/3469/2049
f 2120/3602/2168 2006/3469/2049 2121/3603/2169
f 2122/3604/2170 2008/3471/2051 2007/3470/2050
f 2122/3604/2170 2007/3470/2050 2123/3605/2171
f 2007/3470/2050 2020/3483/2063 2123/3605/2171
f 2123/3605/2171 2020/3483/2063 2022/3485/2065
f 2123/3605/2171 2022/3485/2065 2124/3606/2172
f 2022/3485/2065 2017/3480/2060 2124/3606/2172
f 2124/3606/2172 2017/3480/2060 2016/3479/2059
f 2124/3606/2172 2016/3479/2059 2125/3607/2173
f 2125/3607/2173 2016/3479/2059 2015/3478/2058
f 2125/3607/2173 2015/3478/2058 2103/3585/2151
f 2103/3585/2151 2015/3478/2058 2012/3475/2055
f 2103/3585/2151 2012/3475/2055 2014/3477/2057
f 2046/3513/2094 2118/3600/2166 2048/3515/2096
f 2048/3515/2096 2118/3600/2166 2126/3608/2174
f 2048/3515/2096 2126/3608/2174 2050/3517/2098
f 2050/3517/2098 2126/3608/2174 2127/3609/2175
f 2050/3517/2098 2127/3609/2175 2006/3469/2049
f 2006/3469/2049 2127/3609/2175 2121/3603/2169
f 2008/3471/2051 2122/3604/2170 2038/3505/2085
f 2038/3505/2085 2122/3604/2170 2128/3610/2176
f 2038/3505/2085 2128/3610/2176 2040/3507/2087
f 2040/3507/2087 2128/3610/2176 2129/3611/2177
f 2040/3507/2087 2129/3611/2177 2041/3508/2089
f 2041/3508/2089 2129/3611/2177 2130/3612/2178
f 2041/3508/2089 2130/3612/2178 2131/3613/2179
f 2132/3614/2180 2133/3615/2181 2134/3616/2182
f 2134/3616/2182 2133/3615/2181 2135/3617/2183
f 2134/3616/2182 2135/3617/2183 2136/3618/2184
f 2136/3618/2184 2135/3617/2183 2137/3619/2185
f 2136/3618/2184 2137/3619/2185 2138/3620/2186
f 2138/3620/2186 2137/3619/2185 2139/3621/2187
f 2139/3621/2187 2137/3619/2185 2140/3622/2188
f 2139/3621/2187 2140/3622/2188 2141/3623/2189
f 1886/3275/2088 2041/3508/2089 1887/3276/2190
f 1887/3276/2190 2041/3508/2089 2131/3613/2179
f 1887/3276/2190 2131/3613/2179 1889/3278/2191
f 1889/3278/2191 2131/3613/2179 2141/3623/2189
f 1889/3278/2191 2141/3623/2189 1890/3279/2192
f 1890/3279/2192 2141/3623/2189 2140/3622/2188
f 2133/3615/2181 2132/3614/2180 2142/3624/2193
f 2142/3624/2193 2132/3614/2180 2143/3625/2194
f 2142/3624/2193 2143/3625/2194 2144/3626/2195
f 2144/3626/2195 2143/3625/2194 2145/3627/2196
f 2144/3628/2195 2145/3629/2196 2146/3630/2197
f 2146/3630/2197 2145/3629/2196 2147/3631/2198
f 2146/3630/2197 2147/3631/2198 2148/3632/2199
f 2148/3632/2199 2147/3631/2198 2149/3633/2200
f 2148/3632/2199 2149/3633/2200 2150/3634/2201
f 2150/3634/2201 2149/3633/2200 2151/3635/2202
f 2152/3636/2203 2153/3637/2204 2154/3638/2205
f 2155/3639/2206 2156/3640/2207 2157/3641/2208
f 2155/3639/2206 2157/3641/2208 2158/3642/2209
f 2158/3642/2209 2157/3641/2208 2159/3643/2210
f 2158/3642/2209 2159/3643/2210 2160/3644/2211
f 2160/3644/2211 2159/3643/2210 2161/3645/2212
f 2160/3644/2211 2161/3645/2212 2162/3646/2213
f 2162/3646/2213 2161/3645/2212 2163/3647/2214
f 2162/3646/2213 2163/3647/2214 2164/3648/2215
f 2164/3648/2215 2163/3647/2214 2165/3649/2216
f 2164/3648/2215 2165/3649/2216 2166/3650/2217
f 2166/3650/2217 2165/3649/2216 2167/3651/2218
f 2166/3650/2217 2167/3651/2218 2168/3652/2219
f 2168/3652/2219 2167/3651/2218 2169/3653/2220
f 2168/3652/2219 2169/3653/2220 2154/3638/2205
f 2154/3638/2205 2169/3653/2220 2170/3654/2221
f 2154/3638/2205 2170/3654/2221 2152/3636/2203
f 1823/3655/16 1721/3536/16 1825/3656/19
f 1825/3656/19 1721/3536/16 1723/3657/16
f 1825/3656/19 1723/3657/16 1826/3658/19
f 1826/3658/19 1723/3657/16 1724/3659/16
f 1826/3658/19 1724/3659/16 1819/3660/16
f 1717/3661/16 1711/3662/16 2171/3663/16
f 2171/3663/16 1815/3664/16 1717/3661/16
f 1717/3661/16 1815/3664/16 1817/3665/16
f 1717/3661/16 1817/3665/16 1718/3666/16
f 1718/3666/16 1817/3665/16 1819/3660/16
f 1718/3666/16 1819/3660/16 1720/3667/16
f 1720/3667/16 1819/3660/16 1724/3659/16
f 1821/3668/16 1837/3669/16 2060/3532/16
f 2060/3532/16 1837/3669/16 1836/3670/16
f 2060/3532/16 1836/3670/16 2058/3671/16
f 2058/3671/16 1836/3670/16 1834/3672/16
f 2058/3671/16 1834/3672/16 2056/3673/16
f 2056/3673/16 1834/3672/16 1832/3674/16
f 2056/3673/16 1832/3674/16 2055/3675/16
f 2055/3675/16 1832/3674/16 1830/3676/16
f 2055/3675/16 1830/3676/16 1992/3677/16
f 1992/3677/16 1830/3676/16 1828/3678/19
f 1992/3677/16 1828/3678/19 1827/3679/19
f 2060/3532/16 2062/3534/16 1821/3668/16
f 1821/3668/16 2062/3534/16 1721/3536/16
f 1821/3668/16 1721/3536/16 1823/3655/16
f 2172/3680/16 1806/3681/16 2173/3682/16
f 2173/3682/16 1806/3681/16 1804/3683/16
f 2173/3682/16 1804/3683/16 2174/3684/16
f 1810/3685/16 1809/3686/16 2175/3687/16
f 2175/3687/16 1809/3686/16 1813/3688/16
f 2175/3687/16 1813/3688/16 1808/3689/16
f 1827/3679/19 1812/3690/16 2176/3691/16
f 2176/3691/16 1812/3690/16 1810/3685/16
f 2176/3691/16 1810/3685/16 2177/3692/16
f 2177/3692/16 1810/3685/16 2175/3687/16
f 1995/3693/16 2178/3694/16 1997/3695/16
f 1997/3695/16 2178/3694/16 2179/3696/16
f 1998/3697/16 1997/3695/16 2180/3698/16
f 2180/3698/16 1997/3695/16 2179/3696/16
f 2180/3698/16 2179/3696/16 2181/3699/16
f 2181/3699/16 2179/3696/16 2182/3700/16
f 2174/3684/16 2182/3700/16 2173/3682/16
f 2173/3682/16 2182/3700/16 2179/3696/16
f 2173/3682/16 2179/3696/16 2172/3680/16
f 2172/3680/16 2179/3696/16 2178/3694/16
f 2172/3680/16 2178/3694/16 1994/3701/16
f 1994/3701/16 2178/3694/16 1995/3693/16
f 1992/3677/16 1827/3679/19 1990/3702/16
f 1990/3702/16 1827/3679/19 2176/3691/16
f 1990/3702/16 2176/3691/16 1988/3703/16
f 1988/3703/16 2176/3691/16 2177/3692/16
f 1988/3703/16 2177/3692/16 1994/3701/16
f 1994/3701/16 2177/3692/16 2175/3687/16
f 1994/3701/16 2175/3687/16 2172/3680/16
f 2172/3680/16 2175/3687/16 1808/3689/16
f 2172/3680/16 1808/3689/16 1806/3681/16
f 1797/3704/16 1795/3705/16 2183/3706/16
f 2184/3707/16 2185/3708/16 1800/3709/16
f 1800/3709/16 2185/3708/16 1802/3710/17
f 2185/3708/16 2182/3700/16 2174/3684/16
f 1802/3710/17 2185/3708/16 1803/3711/17
f 1803/3711/17 2185/3708/16 2174/3684/16
f 1803/3711/17 2174/3684/16 1804/3683/16
f 1799/3712/16 1797/3704/16 2186/3713/16
f 2186/3713/16 1797/3704/16 2183/3706/16
f 2186/3713/16 2183/3706/16 2187/3714/16
f 2187/3714/16 2183/3706/16 2188/3715/16
f 2187/3714/16 2188/3715/16 2189/3716/16
f 1800/3709/16 1799/3712/16 2184/3707/16
f 2184/3707/16 1799/3712/16 2186/3713/16
f 2184/3707/16 2186/3713/16 2185/3708/16
f 2185/3708/16 2186/3713/16 2187/3714/16
f 2185/3708/16 2187/3714/16 2182/3700/16
f 2182/3700/16 2187/3714/16 2189/3716/16
f 2182/3700/16 2189/3716/16 2181/3699/16
f 2181/3699/16 2189/3716/16 2180/3698/16
f 2188/3715/16 2190/3717/19 2189/3716/16
f 2189/3716/16 2190/3717/19 2191/3718/16
f 2189/3716/16 2191/3718/16 2180/3698/16
f 2180/3698/16 2191/3718/16 2192/3719/19
f 2180/3698/16 2192/3719/19 1998/3697/16
f 2018/3481/16 2009/3472/16 2193/3720/16
f 2194/3721/16 2005/3722/16 2003/3723/16
f 2195/3724/16 2029/3492/16 2028/3491/16
f 2196/3725/2222 2197/3726/16 2198/3727/16
f 2199/3728/16 1785/3729/16 1789/3730/17
f 1785/3729/16 2199/3728/16 1761/3731/16
f 2183/3706/16 1795/3705/16 2200/3732/16
f 2201/3733/16 2202/3734/16 2003/3723/16
f 2203/3735/2223 2204/3736/16 1999/3737/16
f 2204/3736/16 2205/3738/2224 1999/3737/16
f 1999/3737/16 2205/3738/2224 2206/3739/2224
f 1999/3737/16 2206/3739/2224 2002/3740/16
f 2002/3740/16 2206/3739/2224 2207/3741/16
f 2002/3740/16 2207/3741/16 2003/3723/16
f 2003/3723/16 2207/3741/16 2208/3742/16
f 2003/3723/16 2208/3742/16 2201/3733/16
f 2209/3743/21 2210/3744/16 2211/3745/2225
f 2211/3745/2225 2210/3744/16 2212/3746/16
f 2211/3745/2225 2212/3746/16 2213/3747/16
f 2209/3743/21 2214/3748/19 2210/3744/16
f 2210/3744/16 2214/3748/19 2215/3749/16
f 2210/3744/16 2215/3749/16 2216/3750/16
f 2216/3750/16 2215/3749/16 2217/3751/19
f 2218/3752/16 2219/3753/16 2220/3754/16
f 2220/3754/16 2221/3755/16 2218/3752/16
f 2218/3752/16 2221/3755/16 2222/3756/16
f 2218/3752/16 2222/3756/16 2212/3746/16
f 2212/3746/16 2222/3756/16 2223/3757/736
f 2212/3746/16 2223/3757/736 2213/3747/16
f 2224/3758/19 2225/3759/16 2226/3760/16
f 2226/3760/16 2225/3759/16 2227/3761/16
f 2226/3760/16 2227/3761/16 2219/3753/16
f 2219/3753/16 2227/3761/16 2228/3762/16
f 2219/3753/16 2228/3762/16 2220/3754/16
f 2229/3763/2226 2230/3764/2227 2231/3765/16
f 2231/3765/16 2230/3764/2227 2232/3766/16
f 2231/3765/16 2232/3766/16 2233/3767/2228
f 2233/3767/2228 2234/3768/2229 2231/3765/16
f 2231/3765/16 2234/3768/2229 2235/3769/16
f 2231/3765/16 2235/3769/16 2236/3770/19
f 2237/3771/20 2238/3772/16 2239/3773/16
f 2239/3773/16 2238/3772/16 2240/3774/16
f 2241/3775/16 2242/3776/16 2239/3773/16
f 2239/3773/16 2242/3776/16 2243/3777/20
f 2239/3773/16 2243/3777/20 2237/3771/20
f 2244/3778/16 2245/3779/16 2003/3723/16
f 2246/3780/17 2244/3778/16 2247/3781/772
f 2247/3781/772 2244/3778/16 2003/3723/16
f 2247/3781/772 2003/3723/16 2248/3782/16
f 2248/3782/16 2003/3723/16 2202/3734/16
f 1795/3705/16 1793/3783/16 2200/3732/16
f 2200/3732/16 1793/3783/16 1761/3731/16
f 2200/3732/16 1761/3731/16 2249/3784/16
f 2249/3784/16 1761/3731/16 2199/3728/16
f 2249/3784/16 2199/3728/16 2198/3727/16
f 2198/3727/16 2199/3728/16 1789/3730/17
f 2198/3727/16 1789/3730/17 2196/3725/2222
f 2240/3774/16 2250/3785/16 2251/3786/16
f 2251/3786/16 2250/3785/16 2252/3787/16
f 2251/3786/16 2252/3787/16 2253/3788/16
f 2019/3482/16 2254/3789/16 2021/3484/16
f 2021/3484/16 2254/3789/16 2255/3790/16
f 2021/3484/16 2255/3790/16 2023/3486/16
f 2238/3772/16 2229/3763/2226 2240/3774/16
f 2240/3774/16 2229/3763/2226 2231/3765/16
f 2240/3774/16 2231/3765/16 2250/3785/16
f 2250/3785/16 2231/3765/16 2256/3791/16
f 2250/3785/16 2256/3791/16 2252/3787/16
f 2252/3787/16 2256/3791/16 2255/3790/16
f 2252/3787/16 2255/3790/16 2253/3788/16
f 2253/3788/16 2255/3790/16 2254/3789/16
f 2194/3721/16 2003/3723/16 2257/3792/16
f 2257/3792/16 2003/3723/16 2245/3779/16
f 2257/3792/16 2245/3779/16 2258/3793/16
f 2258/3793/16 2245/3779/16 2244/3778/16
f 2258/3793/16 2244/3778/16 2259/3794/16
f 2192/3719/19 2191/3718/16 2216/3750/16
f 1998/3697/16 2192/3719/19 2001/3795/16
f 2001/3795/16 2192/3719/19 2216/3750/16
f 2001/3795/16 2216/3750/16 1999/3737/16
f 1999/3737/16 2216/3750/16 2217/3751/19
f 1999/3737/16 2217/3751/19 2203/3735/2223
f 2200/3732/16 2260/3796/16 2183/3706/16
f 2183/3706/16 2260/3796/16 2261/3797/16
f 2183/3706/16 2261/3797/16 2188/3715/16
f 2188/3715/16 2261/3797/16 2190/3717/19
f 2195/3724/16 2028/3491/16 2262/3798/16
f 2262/3798/16 2028/3491/16 2027/3490/16
f 2262/3798/16 2027/3490/16 2263/3799/19
f 2263/3799/19 2027/3490/16 2026/3489/19
f 2263/3799/19 2026/3489/19 2025/3488/19
f 2023/3486/16 2255/3790/16 2024/3487/16
f 2024/3487/16 2255/3790/16 2256/3791/16
f 2024/3487/16 2256/3791/16 2025/3488/19
f 2025/3488/19 2256/3791/16 2249/3784/16
f 2025/3488/19 2249/3784/16 2263/3799/19
f 2263/3799/19 2249/3784/16 2198/3727/16
f 2263/3799/19 2198/3727/16 2262/3798/16
f 2262/3798/16 2198/3727/16 2197/3726/16
f 2262/3798/16 2197/3726/16 2195/3724/16
f 2191/3718/16 2190/3717/19 2216/3750/16
f 2216/3750/16 2190/3717/19 2261/3797/16
f 2216/3750/16 2261/3797/16 2210/3744/16
f 2210/3744/16 2261/3797/16 2260/3796/16
f 2210/3744/16 2260/3796/16 2212/3746/16
f 2212/3746/16 2260/3796/16 2200/3732/16
f 2212/3746/16 2200/3732/16 2218/3752/16
f 2218/3752/16 2200/3732/16 2249/3784/16
f 2218/3752/16 2249/3784/16 2219/3753/16
f 2219/3753/16 2249/3784/16 2256/3791/16
f 2219/3753/16 2256/3791/16 2226/3760/16
f 2226/3760/16 2256/3791/16 2231/3765/16
f 2226/3760/16 2231/3765/16 2224/3758/19
f 2224/3758/19 2231/3765/16 2236/3770/19
f 2246/3780/17 2241/3775/16 2244/3778/16
f 2244/3778/16 2241/3775/16 2239/3773/16
f 2244/3778/16 2239/3773/16 2259/3794/16
f 2259/3794/16 2239/3773/16 2240/3774/16
f 2259/3794/16 2240/3774/16 2264/3800/16
f 2264/3800/16 2240/3774/16 2251/3786/16
f 2264/3800/16 2251/3786/16 2265/3801/16
f 2265/3801/16 2251/3786/16 2253/3788/16
f 2265/3801/16 2253/3788/16 2266/3802/16
f 2266/3802/16 2253/3788/16 2254/3789/16
f 2266/3802/16 2254/3789/16 2193/3720/16
f 2193/3720/16 2254/3789/16 2019/3482/16
f 2193/3720/16 2019/3482/16 2018/3481/16
f 1786/3803/2230 2267/3804/2223 1787/3805/16
f 2267/3804/2223 1786/3803/2230 2268/3806/16
f 2268/3806/16 1786/3803/2230 1783/3807/16
f 2268/3806/16 1783/3807/16 2269/3808/16
f 2269/3808/16 2029/3492/16 2268/3806/16
f 2268/3806/16 2029/3492/16 2195/3724/16
f 2268/3806/16 2195/3724/16 2267/3804/2223
f 2267/3804/2223 2195/3724/16 2197/3726/16
f 2267/3804/2223 2197/3726/16 1787/3805/16
f 1787/3805/16 2197/3726/16 2196/3725/2222
f 1787/3805/16 2196/3725/2222 1789/3730/17
f 1770/3809/16 2270/3810/16 1780/3811/16
f 1780/3811/16 2270/3810/16 2271/3812/16
f 1780/3811/16 2271/3812/16 1781/3813/17
f 2034/3501/16 2029/3492/16 2269/3808/16
f 1783/3807/16 1781/3813/17 2269/3808/16
f 2269/3808/16 1781/3813/17 2271/3812/16
f 2269/3808/16 2271/3812/16 2034/3501/16
f 2034/3501/16 2271/3812/16 2270/3810/16
f 2034/3501/16 2270/3810/16 2033/3500/16
f 2033/3500/16 2270/3810/16 1770/3809/16
f 2033/3500/16 1770/3809/16 2035/3502/16
f 2035/3502/16 1770/3809/16 1779/3814/16
f 2035/3502/16 1779/3814/16 2032/3499/16
f 2032/3499/16 1779/3814/16 1776/3815/16
f 2032/3499/16 1776/3815/16 1774/3497/16
f 2272/3816/2231 2273/3817/2232 2274/3818/2233
f 2275/3819/2234 2276/3820/2235 2272/3816/2231
f 2272/3816/2231 2274/3818/2233 2275/3819/2234
f 2275/3819/2234 2274/3818/2233 2277/3821/2236
f 2275/3819/2234 2277/3821/2236 2278/3822/2237
f 2277/3821/2236 2279/3823/2238 2278/3822/2237
f 2278/3822/2237 2279/3823/2238 2280/3824/2239
f 2278/3822/2237 2280/3824/2239 2281/3825/2240
f 2280/3824/2239 2282/3826/2241 2281/3825/2240
f 2281/3825/2240 2282/3826/2241 2283/3827/2242
f 2281/3825/2240 2283/3827/2242 2284/3828/2243
f 2284/3829/2243 2283/3830/2242 2285/3831/2244
f 2284/3829/2243 2285/3831/2244 2286/3832/2245
f 2285/3831/2244 2287/3833/2246 2286/3832/2245
f 2286/3832/2245 2287/3833/2246 2288/3834/2247
f 2286/3832/2245 2288/3834/2247 2289/3835/2248
f 2289/3835/2248 2288/3834/2247 2290/3836/2249
f 2289/3835/2248 2290/3836/2249 2291/3837/2250
f 2291/3837/2250 2290/3836/2249 2156/3640/2207
f 2291/3837/2250 2156/3640/2207 2155/3639/2206
f 2292/3838/16 2293/3839/16 2150/3840/16
f 2292/3838/16 2150/3840/16 2294/3841/16
f 2294/3841/16 2150/3840/16 2295/3842/16
f 2294/3841/16 2295/3842/16 2296/3843/16
f 2296/3843/16 2295/3842/16 2297/3844/16
f 2296/3843/16 2297/3844/16 2298/3845/20
f 2297/3844/16 2299/3846/16 2300/3847/16
f 2298/3845/20 2297/3844/16 2301/3848/20
f 2301/3848/20 2297/3844/16 2300/3847/16
f 2301/3848/20 2300/3847/16 2302/3849/16
f 2303/3850/17 2146/3851/16 2148/3852/16
f 2303/3850/17 2148/3852/16 2304/3853/16
f 2304/3853/16 2148/3852/16 2150/3840/16
f 2304/3853/16 2150/3840/16 2293/3839/16
f 2305/3854/16 2306/3855/16 2133/3615/16
f 2305/3854/16 2133/3615/16 2307/3856/16
f 2133/3615/16 2142/3624/16 2307/3856/16
f 2307/3856/16 2142/3624/16 2144/3626/16
f 2307/3856/16 2144/3626/16 2308/3857/17
f 2308/3857/17 2144/3626/16 2146/3851/16
f 2308/3857/17 2146/3851/16 2303/3850/17
f 2140/3622/16 2137/3619/16 2309/3858/16
f 2309/3858/16 2137/3619/16 2135/3617/16
f 2309/3858/16 2135/3617/16 2310/3859/16
f 2310/3859/16 2135/3617/16 2133/3615/16
f 2310/3859/16 2133/3615/16 2306/3855/16
f 2311/3860/16 2009/3472/16 2044/3511/16
f 2312/3861/16 2313/3862/16 2314/3863/16
f 2315/3864/16 2316/3865/16 2314/3863/16
f 2314/3863/16 2316/3865/16 2317/3866/16
f 2314/3863/16 2317/3866/16 2312/3861/16
f 2318/3867/16 2319/3868/19 2320/3869/16
f 2320/3869/16 2319/3868/19 2321/3870/16
f 2320/3869/16 2321/3870/16 2322/3871/16
f 2322/3871/16 2321/3870/16 2315/3864/16
f 2322/3871/16 2315/3864/16 2323/3872/16
f 2323/3872/16 2315/3864/16 2314/3863/16
f 1886/3275/28 1885/3274/28 2324/3873/19
f 1886/3275/28 2324/3873/19 2039/3506/16
f 2325/3874/16 2311/3860/16 2326/3875/16
f 2326/3875/16 2311/3860/16 2044/3511/16
f 2326/3875/16 2044/3511/16 2327/3876/16
f 2327/3876/16 2044/3511/16 2043/3510/16
f 2327/3876/16 2043/3510/16 2042/3509/16
f 2324/3873/19 2328/3877/16 2039/3506/16
f 2039/3506/16 2328/3877/16 2318/3867/16
f 2039/3506/16 2318/3867/16 2037/3504/16
f 2037/3504/16 2318/3867/16 2320/3869/16
f 2037/3504/16 2320/3869/16 2042/3509/16
f 2042/3509/16 2320/3869/16 2322/3871/16
f 2042/3509/16 2322/3871/16 2327/3876/16
f 2327/3876/16 2322/3871/16 2323/3872/16
f 2327/3876/16 2323/3872/16 2326/3875/16
f 2326/3875/16 2323/3872/16 2314/3863/16
f 2326/3875/16 2314/3863/16 2325/3874/16
f 2325/3874/16 2314/3863/16 2313/3862/16
f 2329/3878/16 2330/3879/16 2331/3880/16
f 2332/3881/16 2325/3874/16 2313/3862/16
f 2266/3802/16 2193/3720/16 2332/3881/16
f 2333/3882/16 2258/3793/16 2259/3794/16
f 2258/3793/16 2333/3882/16 2257/3792/16
f 2334/3883/19 2335/3884/16 2336/3885/19
f 2336/3885/19 2335/3884/16 2337/3886/16
f 2336/3885/19 2337/3886/16 2338/3887/16
f 2265/3801/16 2339/3888/16 2264/3800/16
f 2264/3800/16 2339/3888/16 2340/3889/16
f 2264/3800/16 2340/3889/16 2341/3890/16
f 2342/3891/16 2343/3892/16 2344/3893/16
f 2331/3880/16 2330/3879/16 2342/3891/16
f 2342/3891/16 2330/3879/16 2345/3894/16
f 2342/3891/16 2345/3894/16 2343/3892/16
f 2329/3878/16 2346/3895/16 2330/3879/16
f 2330/3879/16 2346/3895/16 2347/3896/16
f 2330/3879/16 2347/3896/16 2345/3894/16
f 2348/3897/16 2349/3898/16 2350/3899/16
f 2351/3900/16 2005/3722/16 2194/3721/16
f 2351/3900/16 2194/3721/16 2350/3899/16
f 2194/3721/16 2257/3792/16 2350/3899/16
f 2350/3899/16 2257/3792/16 2333/3882/16
f 2350/3899/16 2333/3882/16 2348/3897/16
f 2348/3897/16 2333/3882/16 2259/3794/16
f 2348/3897/16 2259/3794/16 2352/3901/16
f 2259/3794/16 2264/3800/16 2352/3901/16
f 2352/3901/16 2264/3800/16 2341/3890/16
f 2352/3901/16 2341/3890/16 2348/3897/16
f 2348/3897/16 2341/3890/16 2353/3902/16
f 2348/3897/16 2353/3902/16 2349/3898/16
f 2325/3874/16 2332/3881/16 2311/3860/16
f 2311/3860/16 2332/3881/16 2193/3720/16
f 2311/3860/16 2193/3720/16 2009/3472/16
f 2312/3861/16 2346/3895/16 2313/3862/16
f 2313/3862/16 2346/3895/16 2329/3878/16
f 2313/3862/16 2329/3878/16 2332/3881/16
f 2332/3881/16 2329/3878/16 2331/3880/16
f 2332/3881/16 2331/3880/16 2266/3802/16
f 2266/3802/16 2331/3880/16 2342/3891/16
f 2266/3802/16 2342/3891/16 2265/3801/16
f 2265/3801/16 2342/3891/16 2344/3893/16
f 2265/3801/16 2344/3893/16 2339/3888/16
f 2340/3889/16 2354/3903/16 2341/3890/16
f 2341/3890/16 2354/3903/16 2338/3887/16
f 2341/3890/16 2338/3887/16 2353/3902/16
f 2353/3902/16 2338/3887/16 2337/3886/16
f 2353/3902/16 2337/3886/16 2349/3898/16
f 2349/3898/16 2337/3886/16 2355/3904/16
f 2349/3898/16 2355/3904/16 2350/3899/16
f 2350/3899/16 2355/3904/16 2356/3905/16
f 2350/3899/16 2356/3905/16 2351/3900/16
f 2357/3906/16 2358/3907/16 2359/3908/16
f 2360/3909/16 2361/3910/16 2362/3911/16
f 2363/3912/16 2364/3913/16 2365/3914/16
f 2364/3913/16 2363/3912/16 2366/3915/16
f 2366/3915/16 2363/3912/16 2367/3916/16
f 2366/3915/16 2367/3916/16 2368/3917/16
f 2368/3917/16 2367/3916/16 2358/3907/16
f 2368/3917/16 2358/3907/16 2369/3918/16
f 2369/3918/16 2358/3907/16 2357/3906/16
f 2369/3918/16 2357/3906/16 2370/3919/16
f 2370/3919/16 2357/3906/16 2335/3884/16
f 2370/3919/16 2335/3884/16 2334/3883/19
f 2359/3908/16 2358/3907/16 2371/3920/16
f 2371/3920/16 2358/3907/16 2367/3916/16
f 2371/3920/16 2367/3916/16 2372/3921/16
f 2372/3921/16 2367/3916/16 2363/3912/16
f 2372/3921/16 2363/3912/16 2362/3911/16
f 2362/3911/16 2363/3912/16 2365/3914/16
f 2362/3911/16 2365/3914/16 2360/3909/16
f 2373/3922/16 2374/3923/16 2375/3924/16
f 2337/3886/16 2375/3924/16 2355/3904/16
f 2355/3904/16 2375/3924/16 2374/3923/16
f 2355/3904/16 2374/3923/16 2356/3905/16
f 2356/3905/16 2374/3923/16 2351/3900/16
f 2005/3722/16 2351/3900/16 2052/3925/16
f 2052/3925/16 2351/3900/16 2374/3923/16
f 2052/3925/16 2374/3923/16 2051/3926/16
f 2051/3926/16 2374/3923/16 2373/3922/16
f 2051/3926/16 2373/3922/16 2049/3927/16
f 2361/3910/16 2045/3928/16 2362/3911/16
f 2362/3911/16 2045/3928/16 2047/3929/16
f 2362/3911/16 2047/3929/16 2372/3921/16
f 2372/3921/16 2047/3929/16 2049/3927/16
f 2372/3921/16 2049/3927/16 2371/3920/16
f 2371/3920/16 2049/3927/16 2373/3922/16
f 2371/3920/16 2373/3922/16 2359/3908/16
f 2359/3908/16 2373/3922/16 2375/3924/16
f 2359/3908/16 2375/3924/16 2357/3906/16
f 2357/3906/16 2375/3924/16 2337/3886/16
f 2357/3906/16 2337/3886/16 2335/3884/16
f 2376/3930/16 2080/3931/16 2105/3932/16
f 2376/3930/16 2105/3932/16 2377/3933/16
f 2377/3933/16 2105/3932/16 2107/3934/16
f 2377/3933/16 2107/3934/16 2378/3935/16
f 2378/3935/16 2107/3934/16 2109/3936/16
f 2378/3935/16 2109/3936/16 2379/3937/16
f 2379/3937/16 2109/3936/16 2111/3938/16
f 2379/3937/16 2111/3938/16 2380/3939/16
f 2380/3939/16 2111/3938/16 2113/3940/16
f 2380/3939/16 2113/3940/16 2381/3941/16
f 2045/3928/16 2361/3910/16 2104/3942/16
f 2104/3942/16 2361/3910/16 2381/3941/16
f 2104/3942/16 2381/3941/16 2115/3943/16
f 2115/3943/16 2381/3941/16 2113/3940/16
f 2089/3571/16 2382/3944/16 2091/3573/16
f 2091/3573/16 2382/3944/16 2383/3945/16
f 2091/3573/16 2383/3945/16 2093/3575/16
f 2093/3575/16 2383/3945/16 2384/3946/16
f 2093/3575/16 2384/3946/16 2095/3577/16
f 2095/3577/16 2384/3946/16 2385/3947/16
f 2095/3577/16 2385/3947/16 2077/3553/16
f 2077/3553/16 2385/3947/16 2386/3948/16
f 2077/3553/16 2386/3948/16 2065/3539/16
f 2085/3949/19 2387/3950/16 2087/3951/16
f 2087/3951/16 2387/3950/16 2388/3952/2251
f 2087/3951/16 2388/3952/2251 2089/3571/16
f 2089/3571/16 2388/3952/2251 2389/3953/2251
f 2089/3571/16 2389/3953/2251 2382/3944/16
f 2085/3949/19 2084/3954/19 2387/3950/16
f 2387/3950/16 2084/3954/19 2082/3955/16
f 2387/3950/16 2082/3955/16 2390/3956/16
f 2390/3956/16 2082/3955/16 2081/3957/16
f 2390/3956/16 2081/3957/16 2391/3958/16
f 2391/3958/16 2081/3957/16 2080/3931/16
f 2391/3958/16 2080/3931/16 2376/3930/16
f 2392/3959/16 2393/3960/16 2074/3549/16
f 2074/3549/16 2393/3960/16 2394/3961/16
f 2074/3549/16 2394/3961/16 2072/3962/16
f 2392/3959/16 2074/3549/16 2395/3963/16
f 2395/3963/16 2074/3549/16 2071/3545/16
f 2395/3963/16 2071/3545/16 2396/3964/16
f 2396/3964/16 2071/3545/16 2069/3543/16
f 2396/3964/16 2069/3543/16 2397/3965/16
f 2397/3965/16 2069/3543/16 2067/3541/16
f 2397/3965/16 2067/3541/16 2398/3966/20
f 2065/3539/16 2386/3948/16 2067/3541/16
f 2067/3541/16 2386/3948/16 2399/3967/20
f 2067/3541/16 2399/3967/20 2398/3966/20
f 2299/3846/16 2400/3968/16 2300/3847/16
f 2300/3847/16 2400/3968/16 2401/3969/16
f 2300/3847/16 2401/3969/16 2302/3849/16
f 2402/3970/19 2403/3971/16 2404/3972/19
f 2404/3972/19 2403/3971/16 2405/3973/16
f 2406/3974/20 2407/3975/20 2405/3973/16
f 2405/3973/16 2407/3975/20 2408/3976/16
f 2407/3975/20 2072/3962/16 2394/3961/16
f 2408/3976/16 2407/3975/20 2409/3977/16
f 2409/3977/16 2407/3975/20 2394/3961/16
f 2409/3977/16 2394/3961/16 2393/3960/16
f 2402/3970/19 2401/3969/16 2403/3971/16
f 2403/3971/16 2401/3969/16 2400/3968/16
f 2403/3971/16 2400/3968/16 2410/3978/16
f 2410/3978/16 2400/3968/16 2411/3979/16
f 2410/3978/16 2411/3979/16 2412/3980/1864
f 2412/3980/1864 2413/3981/17 2410/3978/16
f 2410/3978/16 2413/3981/17 2414/3982/20
f 2410/3978/16 2414/3982/20 2403/3971/16
f 2414/3982/20 2415/3983/17 2403/3971/16
f 2403/3971/16 2415/3983/17 2416/3984/16
f 2403/3971/16 2416/3984/16 2405/3973/16
f 2405/3973/16 2416/3984/16 2417/3985/16
f 2405/3973/16 2417/3985/16 2406/3974/20
f 2417/3986/2252 2416/3987/2253 2418/3988/2254
f 2418/3988/2254 2416/3987/2253 2415/3989/2255
f 2418/3988/2254 2415/3989/2255 2419/3990/2256
f 2419/3991/2256 2415/3983/2255 2420/3992/2257
f 2420/3992/2257 2415/3983/2255 2414/3982/2258
f 2420/3992/2257 2414/3982/2258 2421/3993/2259
f 2414/3982/2258 2413/3981/2260 2421/3993/2259
f 2421/3993/2259 2413/3981/2260 2412/3980/2261
f 2421/3993/2259 2412/3980/2261 2422/3994/2262
f 2073/3547/2121 2072/3546/2120 2423/3995/2263
f 2423/3995/2263 2072/3546/2120 2407/3996/2264
f 2423/3995/2263 2407/3996/2264 2424/3997/2265
f 2424/3997/2265 2407/3996/2264 2406/3998/2266
f 2424/3997/2265 2406/3998/2266 2425/3999/2267
f 2425/3999/2267 2406/3998/2266 2417/3986/2252
f 2425/3999/2267 2417/3986/2252 2426/4000/2268
f 2426/4000/2268 2417/3986/2252 2418/3988/2254
f 2153/3637/2204 2152/3636/2203 2427/4001/2269
f 2427/4001/2269 2152/3636/2203 2428/4002/2270
f 2427/4001/2269 2428/4002/2270 1657/4003/2271
f 2429/4004/2272 2430/4005/2273 2431/4006/2274
f 2152/3636/2203 2170/3654/2221 2428/4002/2270
f 2428/4002/2270 2170/3654/2221 2432/4007/2275
f 2428/4002/2270 2432/4007/2275 2433/4008/2276
f 2433/4008/2276 2432/4007/2275 2434/4009/2277
f 2433/4008/2276 2434/4009/2277 2435/4010/2278
f 2435/4010/2278 2434/4009/2277 2436/4011/2279
f 2435/4010/2278 2436/4011/2279 2437/4012/2280
f 1646/4013/2281 2431/4014/2274 2438/4015/2282
f 2438/4015/2282 2431/4014/2274 2430/4016/2273
f 2438/4015/2282 2430/4016/2273 2439/4017/2283
f 1646/4013/2281 1645/4018/2284 2431/4014/2274
f 2431/4006/2274 1645/4019/2284 2437/4012/2280
f 2431/4006/2274 2437/4012/2280 2429/4004/2272
f 2429/4004/2272 2437/4012/2280 2436/4011/2279
f 1645/4020/2284 1636/4021/2285 2437/4022/2280
f 2437/4012/2280 1636/4023/2285 1635/4024/2286
f 2437/4012/2280 1635/4024/2286 2435/4010/2278
f 2435/4010/2278 1635/4024/2286 1644/4025/2287
f 2435/4010/2278 1644/4025/2287 2433/4008/2276
f 1644/4025/2287 1643/4026/2288 2433/4008/2276
f 2433/4008/2276 1643/4026/2288 1653/4027/2289
f 2433/4008/2276 1653/4027/2289 2428/4002/2270
f 2428/4002/2270 1653/4027/2289 1655/4028/2290
f 2428/4002/2270 1655/4028/2290 1657/4003/2271
f 1719/3088/2291 1722/3091/2292 2440/4029/2293
f 2441/4030/2294 1715/3084/2295 1713/3082/2296
f 1713/3082/2296 2442/4031/2297 2443/4032/2298
f 1713/3082/2296 2443/4032/2298 2441/4030/2294
f 2441/4030/2294 2443/4032/2298 2444/4033/2299
f 2441/4030/2294 2444/4033/2299 2445/4034/2300
f 2445/4034/2300 2444/4033/2299 2272/3816/2231
f 2445/4034/2300 2272/3816/2231 2276/3820/2235
f 2273/3817/2232 2272/3816/2231 2446/4035/2301
f 2446/4035/2301 2272/3816/2231 2444/4033/2299
f 2446/4035/2301 2444/4033/2299 2447/4036/2302
f 2447/4036/2302 2444/4033/2299 2443/4032/2298
f 2447/4036/2302 2443/4032/2298 2448/4037/2303
f 2448/4037/2303 2443/4032/2298 2442/4031/2297
f 2448/4037/2303 2442/4031/2297 2449/4038/2304
f 2450/4039/2305 2451/4040/2306 2449/4038/2304
f 2451/4040/2306 2450/4039/2305 2452/4041/2307
f 2452/4041/2307 2450/4039/2305 2453/4042/2308
f 2452/4041/2307 2453/4042/2308 2454/4043/2309
f 2454/4043/2309 2453/4042/2308 2455/4044/2310
f 2454/4043/2309 2455/4044/2310 2456/4045/2311
f 2456/4045/2311 2455/4044/2310 2457/4046/2312
f 2456/4045/2311 2457/4046/2312 2458/4047/2313
f 2449/4038/2304 2442/4031/2297 2450/4039/2305
f 2450/4039/2305 2442/4031/2297 1713/3082/2296
f 2450/4039/2305 1713/3082/2296 2453/4042/2308
f 2453/4042/2308 1713/3082/2296 1709/3078/2314
f 2453/4042/2308 1709/3078/2314 2455/4044/2310
f 2455/4044/2310 1709/3078/2314 1719/3088/2291
f 2455/4044/2310 1719/3088/2291 2457/4046/2312
f 2457/4046/2312 1719/3088/2291 2440/4029/2293
f 2457/4046/2312 2440/4029/2293 2458/4047/2313
f 2459/4048/2315 2156/3640/2207 2290/3836/2249
f 2288/3834/2247 2460/4049/2316 2290/3836/2249
f 2290/3836/2249 2460/4049/2316 2461/4050/2317
f 2290/3836/2249 2461/4050/2317 2459/4048/2315
f 2287/3833/2246 2462/4051/2318 2288/3834/2247
f 2288/3834/2247 2462/4051/2318 2463/4052/2319
f 2288/3834/2247 2463/4052/2319 2460/4049/2316
f 2283/3830/2242 2464/4053/2320 2285/3831/2244
f 2285/3831/2244 2464/4053/2320 2465/4054/2321
f 2285/3831/2244 2465/4054/2321 2287/3833/2246
f 2287/3833/2246 2465/4054/2321 2466/4055/2322
f 2287/3833/2246 2466/4055/2322 2462/4051/2318
f 2283/3827/2242 2282/3826/2241 2464/4056/2320
f 2464/4056/2320 2282/3826/2241 2280/3824/2239
f 2464/4056/2320 2280/3824/2239 2467/4057/2323
f 2467/4057/2323 2280/3824/2239 2468/4058/2324
f 2273/3817/2232 2469/4059/2325 2274/3818/2233
f 2274/3818/2233 2469/4059/2325 2470/4060/2326
f 2274/3818/2233 2470/4060/2326 2277/3821/2236
f 2277/3821/2236 2470/4060/2326 2468/4058/2324
f 2277/3821/2236 2468/4058/2324 2279/3823/2238
f 2279/3823/2238 2468/4058/2324 2280/3824/2239
f 2471/4061/2327 2468/4058/2324 102/4062/2328
f 102/4062/2328 2468/4058/2324 2470/4060/2326
f 102/4062/2328 2470/4060/2326 1695/4063/2329
f 1695/4063/2329 2470/4060/2326 2469/4059/2325
f 1695/4063/2329 2469/4059/2325 104/4064/2330
f 2472/4065/2331 2468/4066/2324 2473/4067/2332
f 2473/4067/2332 2468/4066/2324 2471/4068/2327
f 2474/4069/298 2475/4070/296 2476/4071/296
f 2477/4072/296 2478/4073/300 1757/4074/300
f 2476/4071/296 2475/4070/296 1741/4075/296
f 2475/4070/296 2479/4076/296 2480/4077/296
f 2480/4077/296 2479/4076/296 2481/4078/297
f 2477/4072/296 1757/4074/300 2476/4071/296
f 2476/4071/296 1757/4074/300 1758/4079/296
f 2476/4071/296 1758/4079/296 2474/4069/298
f 2475/4070/296 2480/4077/296 1741/4075/296
f 1741/4075/296 2480/4077/296 2482/4080/296
f 1741/4075/296 2482/4080/296 1742/4081/296
f 2460/4082/300 1744/4083/296 2461/4084/296
f 2461/4084/296 1744/4083/296 1742/4081/296
f 2461/4084/296 1742/4081/296 2459/4085/296
f 2459/4085/296 1742/4081/296 2482/4080/296
f 2481/4078/297 2483/4086/299 2480/4077/296
f 2480/4077/296 2483/4086/299 2484/4087/2333
f 2480/4077/296 2484/4087/2333 2485/4088/2334
f 2486/4089/296 2487/4090/296 2465/4091/296
f 2460/4082/300 2463/4092/296 1744/4083/296
f 1744/4083/296 2463/4092/296 2462/4093/296
f 1744/4083/296 2462/4093/296 2487/4090/296
f 2487/4090/296 2462/4093/296 2466/4094/296
f 2487/4090/296 2466/4094/296 2465/4091/296
f 2465/4091/296 2464/4095/296 2486/4089/296
f 2486/4089/296 2464/4095/296 2467/4096/296
f 2486/4089/296 2467/4096/296 2472/4097/296
f 2472/4097/296 2467/4096/296 2468/4098/296
f 2486/4099/2335 2488/4100/924 2489/4101/926
f 2486/4099/2335 2489/4101/926 2487/4102/926
f 2487/4103/926 2489/4104/926 1745/3114/1889
f 2487/4103/926 1745/3114/1889 1744/3113/1889
f 2488/4105/924 2486/4106/2335 2490/4107/2336
f 2490/4107/2336 2486/4106/2335 2472/4065/2331
f 2490/4107/2336 2472/4065/2331 2473/4067/2332
f 2491/4108/2337 1914/4109/2338 1912/4110/2339
f 2161/3645/2212 2159/3643/2210 2485/4111/2340
f 2485/4111/2340 2159/3643/2210 2157/3641/2208
f 2485/4111/2340 2157/3641/2208 2480/4112/2341
f 2480/4112/2341 2157/3641/2208 2482/4113/2342
f 2482/4113/2342 2157/3641/2208 2156/3640/2207
f 2482/4113/2342 2156/3640/2207 2459/4048/2315
f 205/4114/2343 2492/4115/2344 2493/4116/2345
f 2485/4111/2340 2494/4117/2346 2161/3645/2212
f 2161/3645/2212 2494/4117/2346 2495/4118/2347
f 2161/3645/2212 2495/4118/2347 2163/3647/2214
f 2163/3647/2214 2495/4118/2347 2496/4119/2348
f 2163/3647/2214 2496/4119/2348 2165/3649/2216
f 2165/3649/2216 2496/4119/2348 2497/4120/2349
f 2165/3649/2216 2497/4120/2349 2167/3651/2218
f 2167/3651/2218 2497/4120/2349 2493/4116/2345
f 2167/3651/2218 2493/4116/2345 2169/3653/2220
f 2169/3653/2220 2493/4116/2345 2492/4115/2344
f 2169/3653/2220 2492/4115/2344 2170/3654/2221
f 205/4114/2343 2493/4116/2345 1909/4121/2350
f 1909/4121/2350 2493/4116/2345 2497/4120/2349
f 1909/4121/2350 2497/4120/2349 1910/4122/2351
f 1910/4122/2351 2497/4120/2349 2496/4119/2348
f 1910/4122/2351 2496/4119/2348 1923/4123/2352
f 1923/4123/2352 2496/4119/2348 2495/4118/2347
f 1923/4123/2352 2495/4118/2347 1922/4124/2353
f 1922/4124/2353 2495/4118/2347 2494/4117/2346
f 1922/4124/2353 2494/4117/2346 1912/4110/2339
f 1912/4110/2339 2494/4117/2346 2485/4111/2340
f 1912/4110/2339 2485/4111/2340 2491/4108/2337
f 2474/4125/2354 1758/4126/1905 2498/4127/2355
f 2498/4127/2355 1758/4126/1905 1756/4128/1905
f 2498/4127/2355 1756/4128/1905 2499/4129/2356
f 1915/4130/2357 1914/4109/2338 2491/4108/2337
f 2474/4125/2354 2498/4127/2355 2500/4131/2358
f 2474/4125/2354 2500/4131/2358 2475/4132/2359
f 2475/4132/2359 2500/4131/2358 2501/4133/2360
f 2475/4132/2359 2501/4133/2360 2479/4134/2361
f 2502/4135/2362 2491/4108/2337 2485/4111/2340
f 2485/4111/2340 2484/4136/2363 2502/4135/2362
f 2502/4135/2362 2484/4136/2363 2483/4137/2364
f 2502/4138/2362 2483/4139/2364 2501/4133/2360
f 2501/4140/2360 2483/4141/2364 2481/4142/2365
f 2501/4133/2360 2481/4143/2365 2479/4134/2361
f 2491/4108/2337 2502/4135/2362 1915/4130/2357
f 1915/4144/2357 2502/4138/2362 2501/4133/2360
f 1915/4144/2357 2501/4133/2360 2503/4145/2366
f 2503/4145/2366 2501/4133/2360 2500/4131/2358
f 2503/4145/2366 2500/4131/2358 2504/4146/2367
f 2498/4127/2355 2499/4129/2356 2500/4131/2358
f 2500/4131/2358 2499/4129/2356 2505/4147/2368
f 2500/4131/2358 2505/4147/2368 2504/4146/2367
f 1725/4148/2369 2506/4149/2369 1726/4150/2370
f 1726/4150/2370 2506/4149/2369 2507/4151/2371
f 1726/4150/2370 2507/4151/2371 2508/4152/2372
f 2508/4152/2372 2507/4151/2371 2509/4153/2373
f 1746/3117/1892 1732/3116/1891 2510/4154/2374
f 2510/4154/2374 1732/3116/1891 1727/4155/2375
f 2510/4154/2374 1727/4155/2375 2511/4156/2376
f 2511/4157/2376 1727/4158/2375 2512/4159/2377
f 2512/4159/2377 1727/4158/2375 1726/4150/2370
f 2512/4159/2377 1726/4150/2370 2508/4152/2372
f 2513/4160/2378 2514/4161/2379 2515/4162/2380
f 2516/4163/2381 2073/3547/2382 2517/4164/2383
f 2517/4164/2383 2073/3547/2382 2423/3995/2384
f 2517/4164/2383 2423/3995/2384 2515/4162/2380
f 2515/4162/2380 2423/3995/2384 2424/3997/2385
f 2515/4162/2380 2424/3997/2385 2513/4160/2378
f 2513/4160/2378 2424/3997/2385 2425/3999/2386
f 2513/4160/2378 2425/3999/2386 2518/4165/2387
f 2518/4165/2387 2425/3999/2386 2426/4000/2388
f 2518/4165/2387 2426/4000/2388 2418/3988/2389
f 2458/4047/2313 2440/4029/2293 2519/4166/2390
f 2519/4166/2390 2440/4029/2293 2520/4167/2391
f 2519/4168/2390 2520/4169/2391 2521/4170/2392
f 2521/4170/2392 2520/4169/2391 2522/4171/2393
f 2523/4172/2394 2524/4173/2395 2522/4171/2393
f 2522/4171/2393 2524/4173/2395 2525/4174/2396
f 2522/4171/2393 2525/4174/2396 2521/4170/2392
f 2526/4175/2397 2527/4176/2398 2528/4177/2399
f 2528/4177/2399 2527/4176/2398 2529/4178/2400
f 2528/4177/2399 2529/4178/2400 2523/4172/2394
f 2523/4172/2394 2529/4178/2400 2530/4179/2401
f 2523/4172/2394 2530/4179/2401 2524/4173/2395
f 2440/4029/2293 1722/3091/2292 2520/4167/2391
f 2520/4167/2391 1722/3091/2292 2063/4180/2402
f 2520/4169/2391 2063/4181/2402 2522/4171/2393
f 2522/4171/2393 2063/4181/2402 2061/3531/2403
f 2522/4171/2393 2061/3531/2403 2523/4172/2394
f 2053/3523/2404 2526/4175/2397 2054/3524/2405
f 2054/3524/2405 2526/4175/2397 2528/4177/2399
f 2054/3524/2405 2528/4177/2399 2057/3527/2406
f 2057/3527/2406 2528/4177/2399 2523/4172/2394
f 2057/3527/2406 2523/4172/2394 2059/3529/2407
f 2059/3529/2407 2523/4172/2394 2061/3531/2403
f 104/4064/2330 2469/4059/2325 2531/4182/2408
f 2447/4036/2302 2531/4182/2408 2446/4035/2301
f 2446/4035/2301 2531/4182/2408 2469/4059/2325
f 2446/4035/2301 2469/4059/2325 2273/3817/2232
f 2448/4037/2303 2532/4183/2409 2447/4036/2302
f 2447/4036/2302 2532/4183/2409 2533/4184/2410
f 2447/4036/2302 2533/4184/2410 2531/4182/2408
f 2448/4037/2303 2449/4038/2304 2532/4183/2409
f 2532/4183/2409 2449/4038/2304 2451/4040/2306
f 2532/4183/2409 2451/4040/2306 2534/4185/2411
f 2451/4040/2306 2452/4041/2307 2534/4185/2411
f 2534/4185/2411 2452/4041/2307 2454/4043/2309
f 2534/4185/2411 2454/4043/2309 2535/4186/2412
f 2535/4186/2412 2454/4043/2309 2456/4045/2311
f 2535/4186/2412 2456/4045/2311 2536/4187/2413
f 2536/4187/2413 2456/4045/2311 2458/4047/2313
f 2536/4187/2413 2458/4047/2313 2537/4188/2414
f 104/4064/2330 2531/4182/2408 1687/4189/2415
f 1687/4189/2415 2531/4182/2408 2533/4184/2410
f 1687/4189/2415 2533/4184/2410 1685/4190/2416
f 1685/4190/2416 2533/4184/2410 2532/4183/2409
f 1685/4190/2416 2532/4183/2409 1683/4191/2417
f 1683/4191/2417 2532/4183/2409 2534/4185/2411
f 1683/4191/2417 2534/4185/2411 1681/4192/2418
f 1681/4192/2418 2534/4185/2411 2535/4186/2412
f 1681/4192/2418 2535/4186/2412 1671/4193/2419
f 1671/4193/2419 2535/4186/2412 2536/4187/2413
f 1671/4193/2419 2536/4187/2413 1666/4194/2420
f 1666/4194/2420 2536/4187/2413 2537/4188/2414
f 1666/4194/2420 2537/4188/2414 25/4195/2421
f 195/985/2422 2439/4017/2283 2430/4016/2273
f 2432/4007/2275 2170/3654/2221 2492/4115/2344
f 195/985/2422 2430/4016/2273 1921/4196/2423
f 1921/4197/2423 2430/4005/2273 2429/4004/2272
f 1921/4197/2423 2429/4004/2272 1919/4198/2424
f 1919/4198/2424 2429/4004/2272 2436/4011/2279
f 1919/4198/2424 2436/4011/2279 1917/4199/2425
f 1917/4199/2425 2436/4011/2279 2434/4009/2277
f 1917/4199/2425 2434/4009/2277 1924/4200/2426
f 1924/4200/2426 2434/4009/2277 2432/4007/2275
f 1924/4200/2426 2432/4007/2275 1925/4201/2427
f 1925/4201/2427 2432/4007/2275 2492/4115/2344
f 1925/4201/2427 2492/4115/2344 205/4114/2343
f 2438/4015/2282 2439/4017/2283 2538/4202/2428
f 2538/4202/2428 2439/4017/2283 2539/4203/2429
f 2538/4202/2428 2539/4203/2429 2540/4204/2430
f 2540/4204/2430 2539/4203/2429 2541/4205/2431
f 2540/4204/2430 2541/4205/2431 2542/4206/2432
f 2542/4206/2432 2541/4205/2431 2543/4207/2433
f 2542/4206/2432 2543/4207/2433 2544/4208/2434
f 2544/4208/2434 2543/4207/2433 2545/4209/2435
f 1646/4013/2281 2438/4015/2282 2100/4210/2436
f 2100/4210/2436 2438/4015/2282 2538/4202/2428
f 2100/4210/2436 2538/4202/2428 2101/4211/2437
f 2101/4211/2437 2538/4202/2428 2540/4204/2430
f 2101/4211/2437 2540/4204/2430 2102/4212/2438
f 2102/4212/2438 2540/4204/2430 2542/4206/2432
f 2102/4212/2438 2542/4206/2432 2103/4213/2439
f 2103/4213/2439 2542/4206/2432 2544/4208/2434
f 2546/4214/2440 2545/4209/2435 2543/4207/2433
f 2546/4214/2440 2543/4207/2433 203/1019/2441
f 203/1019/2441 2543/4207/2433 201/1020/2442
f 201/1020/2442 2543/4207/2433 2541/4205/2431
f 201/1020/2442 2541/4205/2431 199/1021/2443
f 199/1021/2443 2541/4205/2431 2539/4203/2429
f 199/1021/2443 2539/4203/2429 197/1022/2444
f 197/1022/2444 2539/4203/2429 2439/4017/2283
f 197/1022/2444 2439/4017/2283 195/985/2422
f 2544/4208/2434 2545/4209/2435 2547/4215/2445
f 2103/4213/2439 2544/4208/2434 2548/4216/2446
f 2544/4208/2434 2547/4215/2445 2548/4216/2446
f 2548/4217/2446 2547/4218/2445 2549/4219/2447
f 2548/4217/2446 2549/4219/2447 2550/4220/2448
f 2549/4219/2447 2551/4221/2449 2550/4220/2448
f 2550/4220/2448 2551/4221/2449 2552/4222/2450
f 2550/4220/2448 2552/4222/2450 2553/4223/2451
f 2553/4223/2451 2552/4222/2450 2554/4224/2452
f 2553/4223/2451 2554/4224/2452 2555/4225/2453
f 2103/4213/2439 2548/4216/2446 2125/4226/2454
f 2125/4227/2454 2548/4217/2446 2550/4220/2448
f 2125/4227/2454 2550/4220/2448 2124/4228/2455
f 2124/4228/2455 2550/4220/2448 2553/4223/2451
f 2124/4228/2455 2553/4223/2451 2123/4229/2456
f 2123/4229/2456 2553/4223/2451 2555/4225/2453
f 2123/4229/2456 2555/4225/2453 2122/4230/2457
f 2556/4231/2458 2554/4224/2452 2552/4222/2450
f 211/1033/2459 2556/4231/2458 2557/4232/2460
f 2556/4231/2458 2552/4222/2450 2557/4232/2460
f 2557/4232/2460 2552/4222/2450 2551/4221/2449
f 2557/4232/2460 2551/4221/2449 2558/4233/2461
f 2558/4233/2461 2551/4221/2449 2549/4219/2447
f 2558/4233/2461 2549/4219/2447 2559/4234/2462
f 2559/4234/2462 2549/4219/2447 2547/4218/2445
f 2559/4235/2462 2547/4215/2445 2560/4236/2463
f 2560/4236/2463 2547/4215/2445 2545/4209/2435
f 2560/4236/2463 2545/4209/2435 2546/4214/2440
f 211/1033/2459 2557/4232/2460 1931/4237/2464
f 1931/4237/2464 2557/4232/2460 2558/4233/2461
f 1931/4237/2464 2558/4233/2461 1933/4238/2465
f 1933/4238/2465 2558/4233/2461 2559/4234/2462
f 1933/4238/2465 2559/4234/2462 1934/4239/2466
f 1934/4240/2466 2559/4235/2462 2560/4236/2463
f 1934/4240/2466 2560/4236/2463 1930/4241/2467
f 1930/4241/2467 2560/4236/2463 2546/4214/2440
f 1930/4241/2467 2546/4214/2440 203/1019/2441
f 2555/4225/2453 2554/4224/2452 2561/4242/2468
f 2561/4242/2468 2554/4224/2452 2562/4243/2469
f 2561/4242/2468 2562/4243/2469 2563/4244/2470
f 2563/4244/2470 2562/4243/2469 2564/4245/2471
f 2563/4244/2470 2564/4245/2471 2565/4246/2472
f 2565/4246/2472 2564/4245/2471 2566/4247/2473
f 2122/4230/2457 2555/4225/2453 2128/4248/2474
f 2128/4248/2474 2555/4225/2453 2561/4242/2468
f 2128/4248/2474 2561/4242/2468 2129/4249/2475
f 2129/4249/2475 2561/4242/2468 2563/4244/2470
f 2129/4249/2475 2563/4244/2470 2130/4250/2476
f 2130/4250/2476 2563/4244/2470 2565/4246/2472
f 2567/4251/2477 2568/4252/2478 2569/4253/2479
f 2570/4254/2480 2571/4255/2481 2572/4256/2482
f 2572/4256/2482 2571/4255/2481 2573/4257/2483
f 2572/4256/2482 2573/4257/2483 2574/4258/2484
f 2574/4259/2484 2573/4260/2483 2575/4261/2485
f 2575/4261/2485 2573/4260/2483 2576/4262/2486
f 2575/4261/2485 2576/4262/2486 2577/4263/2487
f 2577/4263/2487 2576/4262/2486 2578/4264/2488
f 2578/4264/2488 2576/4262/2486 2565/4246/2472
f 2578/4264/2488 2565/4246/2472 2566/4247/2473
f 2132/4265/2489 2567/4251/2477 2579/4266/2490
f 2579/4266/2490 2567/4251/2477 2569/4253/2479
f 2579/4266/2490 2569/4253/2479 2580/4267/2491
f 2132/4265/2489 2134/4268/2492 2567/4251/2477
f 2567/4251/2477 2134/4268/2492 2571/4255/2481
f 2567/4251/2477 2571/4255/2481 2568/4252/2478
f 2568/4252/2478 2571/4255/2481 2570/4254/2480
f 2568/4252/2478 2570/4254/2480 2581/4269/2493
f 2134/4268/2492 2136/4270/2494 2571/4255/2481
f 2571/4255/2481 2136/4270/2494 2138/4271/2495
f 2571/4255/2481 2138/4271/2495 2573/4257/2483
f 2573/4257/2483 2138/4271/2495 2139/4272/2496
f 2573/4260/2483 2139/4273/2496 2576/4262/2486
f 2130/4250/2476 2565/4246/2472 2131/4274/2497
f 2131/4274/2497 2565/4246/2472 2576/4262/2486
f 2131/4274/2497 2576/4262/2486 2141/4275/2498
f 2141/4275/2498 2576/4262/2486 2139/4273/2496
f 2582/4276/2499 2151/3635/2500 2583/4277/2501
f 2583/4277/2501 2151/3635/2500 2149/3633/2502
f 2583/4277/2501 2149/3633/2502 2584/4278/2503
f 2145/3629/2504 2585/4279/2505 2586/4280/2506
f 2145/3629/2504 2586/4280/2506 2147/3631/2507
f 2586/4280/2506 2587/4281/2508 2147/3631/2507
f 2147/3631/2507 2587/4281/2508 2588/4282/2509
f 2147/3631/2507 2588/4282/2509 2149/3633/2502
f 2149/3633/2502 2588/4282/2509 2589/4283/2510
f 2149/3633/2502 2589/4283/2510 2584/4278/2503
f 2585/4279/2505 2145/3629/2504 2590/4284/2511
f 2590/4284/2511 2145/3629/2504 2143/4285/2512
f 2590/4284/2511 2143/4285/2512 2591/4286/2513
f 2579/4266/2490 2580/4267/2491 2592/4287/2514
f 2591/4286/2513 2143/4285/2512 2592/4287/2514
f 2592/4287/2514 2143/4285/2512 2132/4265/2489
f 2592/4287/2514 2132/4265/2489 2579/4266/2490
f 2582/4276/2499 2593/4288/2515 2151/3635/2500
f 2151/3635/2500 2593/4288/2515 2594/4289/2516
f 2151/3635/2500 2594/4289/2516 2595/4290/2517
f 2596/4291/2518 2597/4292/2519 2598/4293/2520
f 2595/4290/2517 2596/4291/2518 2151/3635/2500
f 2151/3635/2500 2596/4291/2518 2598/4293/2520
f 2151/3635/2500 2598/4293/2520 2599/4294/2521
f 2599/4294/2521 2598/4293/2520 2600/4295/2522
f 2599/4294/2521 2600/4295/2522 2601/4296/2523
f 2602/4297/2524 2603/4298/2525 2604/4299/2526
f 1901/4300/2527 167/1089/2528 2603/4298/2525
f 2577/4263/2487 2605/4301/2529 2575/4261/2485
f 2575/4261/2485 2605/4301/2529 2606/4302/2530
f 2575/4261/2485 2606/4302/2530 2574/4259/2484
f 2574/4258/2484 2606/4303/2530 2607/4304/2531
f 2574/4258/2484 2607/4304/2531 2572/4256/2482
f 2572/4256/2482 2607/4304/2531 2602/4297/2524
f 2572/4256/2482 2602/4297/2524 2570/4254/2480
f 2570/4254/2480 2602/4297/2524 2604/4299/2526
f 2570/4254/2480 2604/4299/2526 2581/4269/2493
f 2577/4263/2487 2578/4264/2488 2605/4301/2529
f 2605/4301/2529 2578/4264/2488 2566/4247/2473
f 2605/4301/2529 2566/4247/2473 2608/4305/2532
f 2603/4298/2525 2602/4297/2524 1901/4300/2527
f 1901/4300/2527 2602/4297/2524 2607/4304/2531
f 1901/4300/2527 2607/4304/2531 1899/4306/2533
f 1899/4306/2533 2607/4304/2531 2606/4303/2530
f 1899/4306/2533 2606/4303/2530 1900/4307/2534
f 1900/4308/2534 2606/4302/2530 2605/4301/2529
f 1900/4308/2534 2605/4301/2529 1895/4309/2535
f 1895/4309/2535 2605/4301/2529 2608/4305/2532
f 1895/4309/2535 2608/4305/2532 169/1102/2536
f 2609/4310/2537 2610/4311/2538 2611/4312/300
f 2612/4313/308 2613/4314/296 2614/4315/296
f 2612/4313/308 2614/4315/296 2615/4316/308
f 2616/4317/296 2617/4318/296 2618/4319/296
f 2619/4320/296 2620/4321/296 2621/4322/296
f 2621/4322/296 2620/4321/296 2622/4323/296
f 2621/4322/296 2622/4323/296 2623/4324/296
f 2623/4324/296 2622/4323/296 2624/4325/296
f 2623/4324/296 2624/4325/296 2617/4318/296
f 2617/4318/296 2624/4325/296 2625/4326/296
f 2617/4318/296 2625/4326/296 2618/4319/296
f 2615/4316/308 2614/4315/296 2626/4327/296
f 2626/4327/296 2614/4315/296 2627/4328/296
f 2626/4327/296 2627/4328/296 2621/4322/296
f 2621/4322/296 2627/4328/296 2628/4329/296
f 2621/4322/296 2628/4329/296 2619/4320/296
f 2618/4319/296 2629/4330/296 2616/4317/296
f 2616/4317/296 2629/4330/296 2630/4331/296
f 2616/4317/296 2630/4331/296 2631/4332/296
f 2632/4333/300 2633/4334/296 2634/4335/296
f 2634/4335/296 2633/4334/296 2622/4323/296
f 2634/4335/296 2622/4323/296 2635/4336/299
f 2635/4336/299 2622/4323/296 2620/4321/296
f 2636/4337/2539 2637/4338/306 2611/4312/300
f 2611/4312/300 2637/4338/306 2633/4334/296
f 2611/4312/300 2633/4334/296 2609/4310/2537
f 2609/4310/2537 2633/4334/296 2632/4333/300
f 2638/4339/296 2639/4340/296 2640/4341/296
f 2640/4341/296 2639/4340/296 2641/4342/296
f 2640/4341/296 2641/4342/296 2642/4343/296
f 2642/4343/296 2641/4342/296 2643/4344/296
f 2642/4343/296 2643/4344/296 2644/4345/296
f 2631/4332/296 2645/4346/300 2616/4317/296
f 2616/4317/296 2645/4346/300 2646/4347/296
f 2616/4317/296 2646/4347/296 2647/4348/296
f 2647/4348/296 2646/4347/296 2648/4349/296
f 2647/4348/296 2648/4349/296 2649/4350/296
f 2649/4350/296 2648/4349/296 2650/4351/296
f 2649/4350/296 2650/4351/296 2651/4352/296
f 2651/4352/296 2650/4351/296 2652/4353/296
f 2651/4352/296 2652/4353/296 2653/4354/296
f 2653/4354/296 2652/4353/296 2644/4345/296
f 2653/4354/296 2644/4345/296 2654/4355/296
f 2654/4355/296 2644/4345/296 2643/4344/296
f 2638/4339/296 2655/4356/296 2639/4340/296
f 2639/4340/296 2655/4356/296 2656/4357/296
f 2639/4340/296 2656/4357/296 2657/4358/296
f 2658/4359/717 2621/4360/717 2659/4361/718
f 2659/4361/718 2621/4360/717 2623/4362/718
f 2659/4361/718 2623/4362/718 2660/4363/719
f 2660/4363/719 2623/4362/718 2617/4364/719
f 2660/4363/719 2617/4364/719 2661/4365/720
f 2661/4365/720 2617/4364/719 2616/4366/720
f 2661/4365/720 2616/4366/720 2662/4367/721
f 2662/4367/721 2616/4366/720 2647/4368/721
f 2662/4367/721 2647/4368/721 2663/4369/722
f 2663/4369/722 2647/4368/721 2649/4370/722
f 2663/4369/722 2649/4370/722 2664/4371/723
f 2664/4371/723 2649/4370/722 2651/4372/723
f 2664/4371/723 2651/4372/723 2665/4373/724
f 2665/4373/724 2651/4372/723 2653/4374/724
f 2665/4373/724 2653/4374/724 2666/4375/725
f 2666/4375/725 2653/4374/724 2654/4376/725
f 2666/4377/725 2654/4378/725 2667/4379/726
f 2667/4379/726 2654/4378/725 2643/4380/726
f 2667/4379/726 2643/4380/726 2668/4381/727
f 2668/4381/727 2643/4380/726 2641/4382/727
f 2668/4381/727 2641/4382/727 2669/4383/2540
f 2669/4383/2540 2641/4382/727 2639/4384/2541
f 2669/4383/2540 2639/4384/2541 2670/4385/2542
f 2670/4385/2542 2639/4384/2541 2657/4386/2543
f 2670/4385/2542 2657/4386/2543 2671/4387/732
f 2672/4388/3 2673/4389/2544 2674/4390/2544
f 1876/4391/2016 2675/4392/4 2676/4393/4
f 2674/4390/2544 1877/4394/2017 2672/4388/3
f 2672/4388/3 1877/4394/2017 1876/4391/2016
f 2672/4388/3 1876/4391/2016 2677/4395/2545
f 2677/4395/2545 1876/4391/2016 2676/4393/4
f 2677/4395/2545 2676/4393/4 2678/4396/4
f 2678/4396/4 2676/4393/4 2679/4397/4
f 2680/4398/4 2681/4399/2546 2682/4400/2547
f 2680/4398/4 2682/4400/2547 1868/3257/2008
f 2683/4401/4 2684/4402/4 2685/4403/4
f 2685/4403/4 2684/4402/4 2686/4404/4
f 2685/4403/4 2686/4404/4 2682/4400/2547
f 2682/4400/2547 2686/4404/4 1869/3258/2009
f 2682/4400/2547 1869/3258/2009 1868/3257/2008
f 2687/4405/300 2688/4406/296 2689/4407/296
f 2690/4408/296 2680/4409/296 1868/4410/296
f 2506/4411/296 2691/4412/296 2692/4413/296
f 2693/4414/296 2694/4415/296 1857/4416/296
f 1855/4417/296 2695/4418/296 2696/4419/296
f 2697/4420/296 2698/4421/296 2699/4422/296
f 2699/4422/296 2698/4421/296 2700/4423/296
f 2699/4422/296 2700/4423/296 2688/4406/296
f 2688/4406/296 2700/4423/296 2701/4424/296
f 2688/4406/296 2701/4424/296 2702/4425/296
f 1855/4417/296 2696/4419/296 1853/4426/296
f 2694/4415/296 2703/4427/300 2507/4428/296
f 1855/4417/296 1857/4416/296 2695/4418/296
f 2695/4418/296 1857/4416/296 2694/4415/296
f 2695/4418/296 2694/4415/296 2692/4413/296
f 2692/4413/296 2694/4415/296 2507/4428/296
f 2692/4413/296 2507/4428/296 2506/4411/296
f 1859/4429/296 2704/4430/296 1857/4416/296
f 1857/4416/296 2704/4430/296 2705/4431/296
f 1857/4416/296 2705/4431/296 2693/4414/296
f 2706/4432/296 2707/4433/296 1861/4434/296
f 1861/4434/296 2707/4433/296 2708/4435/296
f 1861/4434/296 2708/4435/296 1859/4429/296
f 1859/4429/296 2708/4435/296 2709/4436/296
f 1859/4429/296 2709/4436/296 2704/4430/296
f 2710/4437/299 2711/4438/296 2712/4439/296
f 2712/4439/296 2711/4438/296 2687/4405/300
f 2712/4439/296 2687/4405/300 2713/4440/300
f 2713/4440/300 2687/4405/300 2689/4407/296
f 2714/4441/339 2715/4442/296 2699/4422/296
f 2699/4422/296 2715/4442/296 2716/4443/300
f 2699/4422/296 2716/4443/300 2697/4420/296
f 2697/4420/296 2716/4443/300 2717/4444/300
f 2690/4408/296 1868/4410/296 2718/4445/296
f 2718/4445/296 1868/4410/296 1871/4446/296
f 2718/4445/296 1871/4446/296 1873/4447/296
f 2696/4419/296 2719/4448/296 1853/4426/296
f 1853/4426/296 2719/4448/296 2720/4449/296
f 1853/4426/296 2720/4449/296 1851/4450/296
f 1851/4450/296 2720/4449/296 2721/4451/296
f 1851/4450/296 2721/4451/296 1848/4452/296
f 1848/4452/296 2721/4451/296 2718/4445/296
f 1848/4452/296 2718/4445/296 1867/4453/296
f 1867/4453/296 2718/4445/296 1873/4447/296
f 1867/4453/296 1873/4447/296 1875/4454/300
f 1634/4455/334 2722/4456/296 2723/4457/296
f 2723/4457/296 2722/4456/296 2706/4432/296
f 2723/4457/296 2706/4432/296 1863/4458/296
f 1863/4458/296 2706/4432/296 1861/4434/296
f 1882/4459/2548 1879/4460/334 1865/4461/296
f 1865/4461/296 1879/4460/334 1877/4462/296
f 1865/4461/296 1877/4462/296 1863/4458/296
f 1863/4458/296 1877/4462/296 2674/4463/334
f 1863/4458/296 2674/4463/334 2723/4457/296
f 1620/4464/296 1618/4465/297 2702/4425/296
f 2702/4425/296 1618/4465/297 2724/4466/296
f 2702/4425/296 2724/4466/296 2688/4406/296
f 2688/4406/296 2724/4466/296 2725/4467/300
f 2688/4406/296 2725/4467/300 2689/4407/296
f 1634/4455/334 1632/4468/296 2722/4456/296
f 2722/4456/296 1632/4468/296 1630/4469/296
f 2722/4456/296 1630/4469/296 2726/4470/296
f 2726/4470/296 1630/4469/296 1628/4471/296
f 2726/4470/296 1628/4471/296 2727/4472/296
f 2727/4472/296 1628/4471/296 1626/4473/296
f 2727/4472/296 1626/4473/296 2728/4474/296
f 2728/4474/296 1626/4473/296 1624/4475/296
f 2728/4474/296 1624/4475/296 2702/4425/296
f 2702/4425/296 1624/4475/296 1622/4476/296
f 2702/4425/296 1622/4476/296 1620/4464/296
f 2729/4477/307 2730/4478/296 2731/4479/296
f 2731/4479/296 2730/4478/296 2732/4480/296
f 2731/4479/296 2732/4480/296 2733/4481/296
f 2733/4481/296 2732/4480/296 2715/4442/296
f 2733/4481/296 2715/4442/296 2734/4482/296
f 2734/4482/296 2715/4442/296 2714/4441/339
f 2672/4483/3 2677/4484/2545 2735/4485/2549
f 2735/4485/2549 2677/4484/2545 2736/4486/2550
f 2735/4485/2549 2736/4486/2550 2737/4487/734
f 2737/4487/734 2736/4486/2550 2670/4385/2542
f 2737/4487/734 2670/4385/2542 2671/4387/732
f 2738/4488/2551 2715/4489/2551 2739/4490/713
f 2739/4490/713 2715/4489/2551 2732/4491/713
f 2740/4492/716 2632/4493/716 2741/4494/715
f 2741/4494/715 2632/4493/716 2634/4495/715
f 2742/4496/2552 2743/4497/2553 2744/4498/2554
f 2733/4499/2555 2734/4500/2556 2742/4501/2552
f 2742/4501/2552 2734/4500/2556 2714/4502/2557
f 2742/4501/2552 2714/4502/2557 2745/4503/2558
f 2742/4496/2552 2744/4498/2554 2733/4504/2555
f 2733/4504/2555 2744/4498/2554 2746/4505/2559
f 2733/4504/2555 2746/4505/2559 2731/4506/2560
f 2747/4507/2561 2626/4508/2562 2658/4359/717
f 2658/4359/717 2626/4508/2562 2621/4360/717
f 2748/4509/2563 2419/3990/2564 2420/4510/2565
f 2518/4165/2387 2418/3988/2389 2419/3990/2564
f 2420/4510/2565 2749/4511/2566 2748/4509/2563
f 2748/4509/2563 2749/4511/2566 2750/4512/2567
f 2748/4509/2563 2750/4512/2567 2751/4513/2568
f 2751/4513/2568 2750/4512/2567 2752/4514/2569
f 2751/4513/2568 2752/4514/2569 2753/4515/2570
f 2754/4516/2571 2751/4513/2568 2755/4517/2572
f 2755/4517/2572 2751/4513/2568 2753/4515/2570
f 2755/4517/2572 2753/4515/2570 2756/4518/2573
f 2419/3990/2564 2748/4509/2563 2518/4165/2387
f 2518/4165/2387 2748/4509/2563 2751/4513/2568
f 2518/4165/2387 2751/4513/2568 2513/4160/2378
f 2513/4160/2378 2751/4513/2568 2754/4516/2571
f 2513/4160/2378 2754/4516/2571 2514/4161/2379
f 2757/4519/2574 2516/4163/2381 2517/4164/2383
f 2758/4520/2575 131/1751/2576 79/1750/2577
f 2515/4162/2380 2514/4161/2379 2758/4520/2575
f 2515/4162/2380 2758/4520/2575 2517/4164/2383
f 2758/4520/2575 79/1750/2577 2517/4164/2383
f 2517/4164/2383 79/1750/2577 80/1753/2578
f 2517/4164/2383 80/1753/2578 2757/4519/2574
f 2756/4521/2579 2753/4522/2580 2759/4523/2581
f 2615/4524/2582 2626/4508/2562 2747/4507/2561
f 2747/4507/2561 2760/4525/2583 2615/4524/2582
f 2615/4524/2582 2760/4525/2583 2761/4526/2584
f 2615/4524/2582 2761/4526/2584 2612/4527/2585
f 121/1770/2586 122/1771/2587 2762/4528/2588
f 2761/4526/2584 121/1770/2586 2612/4527/2585
f 2612/4527/2585 121/1770/2586 2759/4523/2581
f 2759/4523/2581 121/1770/2586 2762/4528/2588
f 2759/4523/2581 2762/4528/2588 2756/4521/2579
f 122/1773/2589 123/1772/2590 2763/4529/2591
f 2763/4529/2591 2754/4516/2571 2755/4517/2572
f 122/1773/2589 2763/4529/2591 2762/4530/2592
f 2762/4530/2592 2763/4529/2591 2755/4517/2572
f 2762/4530/2592 2755/4517/2572 2756/4518/2573
f 123/1772/2590 131/1751/2576 2758/4520/2575
f 123/1772/2590 2758/4520/2575 2763/4529/2591
f 2763/4529/2591 2758/4520/2575 2514/4161/2379
f 2763/4529/2591 2514/4161/2379 2754/4516/2571
f 2764/4531/1026 2628/4532/1026 2765/4533/2593
f 2765/4533/2593 2628/4532/1026 2627/4534/2594
f 2741/4494/715 2634/4495/715 2635/4535/1027
f 2741/4494/715 2635/4535/1027 2766/4536/1027
f 2766/4536/1027 2635/4535/1027 2620/4537/1028
f 2766/4536/1027 2620/4537/1028 2767/4538/1028
f 2767/4538/1028 2620/4537/1028 2619/4539/1030
f 2767/4538/1028 2619/4539/1030 2768/4540/1030
f 2768/4541/1030 2619/4542/1030 2628/4532/1026
f 2768/4541/1030 2628/4532/1026 2764/4531/1026
f 2592/4287/2514 2580/4267/2491 165/1806/2595
f 2580/4267/2491 2569/4253/2479 165/1806/2595
f 165/1806/2595 2569/4253/2479 2568/4252/2478
f 165/1806/2595 2568/4252/2478 2581/4269/2493
f 2581/4269/2493 2604/4299/2526 165/1806/2595
f 165/1806/2595 2604/4299/2526 2603/4298/2525
f 165/1806/2595 2603/4298/2525 167/1089/2528
f 163/1805/2596 2587/4281/2508 2586/4280/2506
f 2586/4280/2506 2585/4279/2505 163/1805/2596
f 163/1805/2596 2585/4279/2505 2590/4284/2511
f 163/1805/2596 2590/4284/2511 165/1806/2595
f 165/1806/2595 2590/4284/2511 2591/4286/2513
f 165/1806/2595 2591/4286/2513 2592/4287/2514
f 2584/4278/2503 2589/4283/2510 163/1805/2596
f 163/1805/2596 2589/4283/2510 2588/4282/2509
f 163/1805/2596 2588/4282/2509 2587/4281/2508
f 2598/4293/2520 2597/4292/2519 151/1803/2597
f 2769/4543/2598 2601/4296/2523 151/1803/2597
f 151/1803/2597 2601/4296/2523 2600/4295/2522
f 151/1803/2597 2600/4295/2522 2598/4293/2520
f 2597/4292/2519 2596/4291/2518 151/1803/2597
f 151/1803/2597 2596/4291/2518 2595/4290/2517
f 151/1803/2597 2595/4290/2517 161/1804/2599
f 161/1804/2599 2595/4290/2517 2594/4289/2516
f 2594/4289/2516 2593/4288/2515 161/1804/2599
f 161/1804/2599 2593/4288/2515 2582/4276/2499
f 161/1804/2599 2582/4276/2499 163/1805/2596
f 163/1805/2596 2582/4276/2499 2583/4277/2501
f 163/1805/2596 2583/4277/2501 2584/4278/2503
f 2295/4544/2600 2150/3634/2201 2151/3635/2202
f 2297/3844/2601 2770/4545/2602 2299/3846/2603
f 2299/3846/2603 2770/4545/2602 2771/4546/2604
f 2299/3846/2603 2771/4546/2604 2772/4547/2605
f 2772/4547/2605 2771/4546/2604 2773/4548/2606
f 2151/3635/2202 2599/4294/2607 2295/4544/2600
f 2295/4544/2600 2599/4294/2607 2601/4296/2608
f 2295/4544/2600 2601/4296/2608 2297/4549/2601
f 2297/4549/2601 2601/4296/2608 2769/4543/2609
f 2297/3844/2601 2769/4550/2609 2770/4545/2602
f 2774/4551/2610 2422/3994/2262 2412/3980/2261
f 2774/4551/2610 2412/3980/2261 2775/4552/2611
f 2775/4552/2611 2412/3980/2261 2411/3979/2612
f 2775/4552/2611 2411/3979/2612 2776/4553/2613
f 2776/4553/2613 2411/3979/2612 2400/3968/2614
f 2776/4553/2613 2400/3968/2614 2777/4554/2615
f 2400/3968/2614 2299/3846/2603 2772/4547/2605
f 2777/4554/2615 2400/3968/2614 2778/4555/2616
f 2778/4555/2616 2400/3968/2614 2772/4547/2605
f 2778/4555/2616 2772/4547/2605 2773/4548/2606
f 145/1809/2617 144/1808/2618 2778/4556/1057
f 2778/4556/1057 144/1808/2618 2779/4557/2619
f 2775/4558/1058 2776/4559/1058 2779/4557/2619
f 2779/4557/2619 2776/4559/1058 2777/4560/1058
f 2779/4557/2619 2777/4560/1058 2778/4556/1057
f 2779/4557/2619 2752/4514/2569 2750/4512/2567
f 2775/4558/1058 2779/4557/2619 2774/4561/1058
f 2774/4561/1058 2779/4557/2619 2750/4512/2567
f 2774/4561/1058 2750/4512/2567 2749/4511/2566
f 2420/4510/2565 2421/4562/1058 2749/4511/2566
f 2749/4511/2566 2421/4562/1058 2422/4563/1058
f 2749/4511/2566 2422/4563/1058 2774/4561/1058
f 2769/4543/2598 151/1803/2597 2770/4564/2620
f 2770/4564/2620 151/1803/2597 147/1818/2621
f 2770/4564/2620 147/1818/2621 2771/4565/2622
f 2771/4565/2622 147/1818/2621 2773/4566/2623
f 2773/4566/2623 147/1818/2621 145/1809/2617
f 2773/4566/2623 145/1809/2617 2778/4556/1057
f 2779/4557/2619 144/1808/2618 2780/4567/2624
f 2780/4567/2624 144/1808/2618 142/1826/2625
f 2780/4567/2624 142/1826/2625 2781/4568/2626
f 2781/4568/2626 142/1826/2625 2613/4569/2627
f 2613/4569/2627 142/1826/2625 140/1822/2628
f 2613/4569/2627 140/1822/2628 2614/4570/2629
f 2765/4533/2593 2627/4534/2594 2782/4571/2630
f 2782/4571/2630 2627/4534/2594 2614/4570/2629
f 2782/4571/2630 2614/4570/2629 2783/4572/2631
f 2783/4572/2631 2614/4570/2629 140/1822/2628
f 2608/4305/2532 2566/4247/2473 2564/4245/2471
f 2608/4305/2532 2564/4245/2471 169/1102/2536
f 2562/4243/2469 2554/4224/2452 2556/4231/2458
f 169/1102/2536 2564/4245/2471 139/1827/2632
f 139/1827/2632 2564/4245/2471 2562/4243/2469
f 139/1827/2632 2562/4243/2469 148/1828/2633
f 148/1828/2633 2562/4243/2469 2556/4231/2458
f 148/1828/2633 2556/4231/2458 211/1033/2459
f 2075/4573/2634 2073/3547/2382 2516/4163/2381
f 2784/4574/2635 2064/4575/2636 2066/4576/2637
f 2784/4574/2635 2066/4576/2637 2785/4577/2638
f 2068/4578/2639 2786/4579/2640 2066/4576/2637
f 2066/4576/2637 2786/4579/2640 2787/4580/2641
f 2066/4576/2637 2787/4580/2641 2785/4577/2638
f 2076/4581/2642 2788/4582/2643 2070/4583/2644
f 2070/4583/2644 2788/4582/2643 2789/4584/2645
f 2070/4583/2644 2789/4584/2645 2068/4578/2639
f 2068/4578/2639 2789/4584/2645 2790/4585/2646
f 2068/4578/2639 2790/4585/2646 2786/4579/2640
f 2516/4163/2381 2791/4586/2647 2075/4573/2634
f 2075/4573/2634 2791/4586/2647 2792/4587/2648
f 2075/4573/2634 2792/4587/2648 2076/4581/2642
f 2076/4581/2642 2792/4587/2648 2793/4588/2649
f 2076/4581/2642 2793/4588/2649 2788/4582/2643
f 66/1855/2650 2794/4589/2651 2795/4590/2652
f 2795/4590/2652 2794/4589/2651 2785/4577/2638
f 2795/4590/2652 2785/4577/2638 2787/4580/2641
f 2787/4580/2641 2786/4579/2640 2795/4590/2652
f 2795/4590/2652 2786/4579/2640 2790/4585/2646
f 2795/4590/2652 2790/4585/2646 2796/4591/2653
f 2796/4591/2653 2790/4585/2646 2789/4584/2645
f 2789/4584/2645 2788/4582/2643 2796/4591/2653
f 2796/4591/2653 2788/4582/2643 2793/4588/2649
f 2796/4591/2653 2793/4588/2649 2797/4592/2654
f 2793/4588/2649 2792/4587/2648 2797/4592/2654
f 2797/4592/2654 2792/4587/2648 2791/4586/2647
f 2797/4592/2654 2791/4586/2647 2798/4593/2655
f 2798/4593/2655 2791/4586/2647 2516/4163/2381
f 2798/4593/2655 2516/4163/2381 2757/4519/2574
f 66/1855/2650 2795/4590/2652 1703/4594/2656
f 1703/4594/2656 2795/4590/2652 2796/4591/2653
f 1703/4594/2656 2796/4591/2653 1704/4595/2657
f 1704/4595/2657 2796/4591/2653 2797/4592/2654
f 1704/4595/2657 2797/4592/2654 1688/4596/2658
f 1688/4596/2658 2797/4592/2654 2798/4593/2655
f 1688/4596/2658 2798/4593/2655 1689/4597/2659
f 1689/4597/2659 2798/4593/2655 2757/4519/2574
f 1689/4597/2659 2757/4519/2574 80/1753/2578
f 2799/4598/2660 2784/4599/2635 2785/4600/2638
f 2800/4601/2661 2801/4602/2662 2802/4603/2663
f 2802/4603/2663 2801/4602/2662 2803/4604/2664
f 2802/4603/2663 2803/4604/2664 2804/4605/2665
f 2804/4605/2665 2803/4604/2664 2805/4606/2666
f 2804/4605/2665 2805/4606/2666 2806/4607/2667
f 2806/4607/2667 2805/4606/2666 2807/4608/2668
f 2806/4607/2667 2807/4608/2668 2808/4609/2669
f 2808/4609/2669 2807/4608/2668 2809/4610/2670
f 2808/4609/2669 2809/4610/2670 2810/4611/2671
f 2810/4611/2671 2809/4610/2670 2811/4612/2672
f 2811/4612/2672 2809/4610/2670 2812/4613/2673
f 2811/4612/2672 2812/4613/2673 2813/4614/2674
f 2813/4614/2674 2812/4613/2673 2814/4615/2675
f 2814/4615/2675 2812/4613/2673 2815/4616/2676
f 2814/4615/2675 2815/4616/2676 2816/4617/2677
f 2092/4618/2678 2815/4616/2676 2090/4619/2679
f 2090/4619/2679 2815/4616/2676 2812/4613/2673
f 2090/4619/2679 2812/4613/2673 2088/4620/2680
f 2088/4620/2680 2812/4613/2673 2809/4610/2670
f 2088/4620/2680 2809/4610/2670 2086/3562/2681
f 2086/3562/2681 2809/4610/2670 2807/4608/2668
f 2086/3562/2681 2807/4608/2668 2083/3559/2682
f 2083/3559/2682 2807/4608/2668 2805/4606/2666
f 2083/3559/2682 2805/4606/2666 2078/3554/2683
f 2078/3554/2683 2805/4606/2666 2803/4604/2664
f 2078/3554/2683 2803/4604/2664 2079/3555/2684
f 2079/3555/2684 2803/4604/2664 2801/4602/2662
f 2092/4618/2678 2094/4621/2685 2815/4616/2676
f 2815/4616/2676 2094/4621/2685 2799/4598/2660
f 2815/4616/2676 2799/4598/2660 2816/4617/2677
f 2816/4617/2677 2799/4598/2660 2785/4600/2638
f 2064/4622/2636 2784/4599/2635 2097/4623/2686
f 2097/4623/2686 2784/4599/2635 2799/4598/2660
f 2097/4623/2686 2799/4598/2660 2096/4624/2687
f 2096/4624/2687 2799/4598/2660 2094/4621/2685
f 2817/4625/2688 2818/4626/2689 2819/4627/2690
f 2819/4627/2690 2818/4626/2689 2820/4628/2691
f 2819/4627/2690 2820/4628/2691 2526/4175/2397
f 2526/4175/2397 2820/4628/2691 2527/4176/2398
f 2099/3581/2692 2817/4625/2688 2098/3580/2693
f 2098/3580/2693 2817/4625/2688 2819/4627/2690
f 2098/3580/2693 2819/4627/2690 2053/3523/2404
f 2053/3523/2404 2819/4627/2690 2526/4175/2397
f 2527/4176/2398 2821/4629/2694 2822/4630/2695
f 25/4195/2421 2537/4188/2414 2823/4631/2696
f 2823/4631/2696 2537/4188/2414 2458/4047/2313
f 2823/4631/2696 2458/4047/2313 2519/4166/2390
f 2519/4168/2390 2521/4170/2392 2823/4632/2696
f 2823/4632/2696 2521/4170/2392 2525/4174/2396
f 2823/4632/2696 2525/4174/2396 2824/4633/2697
f 2525/4174/2396 2524/4173/2395 2824/4633/2697
f 2824/4633/2697 2524/4173/2395 2530/4179/2401
f 2824/4633/2697 2530/4179/2401 2822/4630/2695
f 2822/4630/2695 2530/4179/2401 2529/4178/2400
f 2822/4630/2695 2529/4178/2400 2527/4176/2398
f 25/4195/2421 2823/4631/2696 1670/4634/2698
f 1670/4635/2698 2823/4632/2696 2824/4633/2697
f 1670/4635/2698 2824/4633/2697 1669/4636/2699
f 1669/4636/2699 2824/4633/2697 2822/4630/2695
f 1669/4636/2699 2822/4630/2695 1668/4637/2700
f 1668/4637/2700 2822/4630/2695 2821/4629/2694
f 1668/4637/2700 2821/4629/2694 39/1875/2701
f 93/1892/2702 2825/4638/2703 2826/4639/2704
f 2827/4640/2705 2828/4641/2706 2804/4605/2665
f 2804/4605/2665 2828/4641/2706 2826/4639/2704
f 2804/4605/2665 2826/4639/2704 2802/4603/2663
f 2802/4603/2663 2826/4639/2704 2825/4638/2703
f 2802/4603/2663 2825/4638/2703 2800/4601/2661
f 2804/4605/2665 2806/4607/2667 2827/4640/2705
f 2827/4640/2705 2806/4607/2667 2808/4609/2669
f 2827/4640/2705 2808/4609/2669 2829/4642/2707
f 2829/4642/2707 2808/4609/2669 2810/4611/2671
f 2810/4611/2671 2811/4612/2672 2829/4642/2707
f 2829/4642/2707 2811/4612/2672 2813/4614/2674
f 2829/4642/2707 2813/4614/2674 2830/4643/2708
f 2813/4614/2674 2814/4615/2675 2830/4643/2708
f 2830/4643/2708 2814/4615/2675 2816/4617/2677
f 2830/4643/2708 2816/4617/2677 2831/4644/2709
f 2831/4644/2709 2816/4617/2677 2785/4600/2638
f 2831/4644/2709 2785/4600/2638 2794/4645/2651
f 93/1892/2702 2826/4639/2704 1694/4646/2710
f 1694/4646/2710 2826/4639/2704 2828/4641/2706
f 1694/4646/2710 2828/4641/2706 1693/4647/2711
f 1693/4647/2711 2828/4641/2706 2827/4640/2705
f 1693/4647/2711 2827/4640/2705 1692/4648/2712
f 1692/4648/2712 2827/4640/2705 2829/4642/2707
f 1692/4648/2712 2829/4642/2707 1691/4649/2713
f 1691/4649/2713 2829/4642/2707 2830/4643/2708
f 1691/4649/2713 2830/4643/2708 1690/4650/2714
f 1690/4650/2714 2830/4643/2708 2831/4644/2709
f 1690/4650/2714 2831/4644/2709 1702/4651/2715
f 1702/4651/2715 2831/4644/2709 2794/4645/2651
f 1702/4651/2715 2794/4645/2651 66/1905/2650
f 2832/4652/2716 2833/4653/2717 2834/4654/2718
f 2833/4653/2717 2835/4655/2719 2836/4656/2720
f 2837/4657/2721 2838/4658/2722 2839/4659/2723
f 2839/4659/2723 2838/4658/2722 2840/4660/2724
f 2841/4661/2725 2842/4662/2726 2840/4660/2724
f 2840/4660/2724 2842/4662/2726 2843/4663/2727
f 2840/4660/2724 2843/4663/2727 2839/4659/2723
f 2801/4602/2662 2800/4601/2661 2844/4664/2728
f 2844/4664/2728 2800/4601/2661 2845/4665/2729
f 2844/4664/2728 2845/4665/2729 2841/4661/2725
f 2841/4661/2725 2845/4665/2729 2846/4666/2730
f 2841/4661/2725 2846/4666/2730 2842/4662/2726
f 2833/4653/2717 2836/4656/2720 2834/4654/2718
f 2834/4654/2718 2836/4656/2720 2118/3600/2731
f 2834/4654/2718 2118/3600/2731 2117/3599/2732
f 2117/3599/2732 2116/3598/2733 2834/4654/2718
f 2834/4654/2718 2116/3598/2733 2838/4658/2722
f 2834/4654/2718 2838/4658/2722 2832/4652/2716
f 2832/4652/2716 2838/4658/2722 2837/4657/2721
f 2079/3555/2684 2801/4602/2662 2106/3588/2734
f 2106/3588/2734 2801/4602/2662 2844/4664/2728
f 2106/3588/2734 2844/4664/2728 2108/3590/2735
f 2108/3590/2735 2844/4664/2728 2841/4661/2725
f 2108/3590/2735 2841/4661/2725 2110/3592/2736
f 2110/3592/2736 2841/4661/2725 2840/4660/2724
f 2110/3592/2736 2840/4660/2724 2112/3594/2737
f 2112/3594/2737 2840/4660/2724 2838/4658/2722
f 2112/3594/2737 2838/4658/2722 2114/3596/2738
f 2114/3596/2738 2838/4658/2722 2116/3598/2733
f 2817/4625/2688 2099/3581/2692 2119/3601/2739
f 2818/4626/2689 2817/4625/2688 2847/4667/2740
f 2817/4625/2688 2119/3601/2739 2847/4667/2740
f 2847/4667/2740 2119/3601/2739 2120/3602/2741
f 2847/4667/2740 2120/3602/2741 2848/4668/2742
f 2848/4668/2742 2120/3602/2741 2121/3603/2743
f 2848/4668/2742 2121/3603/2743 2849/4669/2744
f 2818/4626/2689 2847/4667/2740 2850/4670/2745
f 2850/4670/2745 2847/4667/2740 2848/4668/2742
f 2850/4670/2745 2848/4668/2742 2851/4671/2746
f 2851/4671/2746 2848/4668/2742 2849/4669/2744
f 2851/4671/2746 2849/4669/2744 2852/4672/2747
f 2821/4629/2694 2527/4176/2398 2820/4628/2691
f 88/1913/2748 39/1875/2701 2821/4629/2694
f 2821/4629/2694 2820/4628/2691 88/1913/2748
f 88/1913/2748 2820/4628/2691 2818/4626/2689
f 88/1913/2748 2818/4626/2689 90/1914/2749
f 2800/4601/2661 2825/4638/2703 2853/4673/2750
f 2854/4674/2751 2855/4675/2752 2835/4655/2719
f 2855/4675/2752 2854/4674/2751 120/1920/2753
f 2835/4655/2719 2833/4653/2717 2854/4674/2751
f 2854/4674/2751 2833/4653/2717 2832/4652/2716
f 2854/4674/2751 2832/4652/2716 2856/4676/2754
f 2832/4652/2716 2837/4657/2721 2856/4676/2754
f 2856/4676/2754 2837/4657/2721 2839/4659/2723
f 2856/4676/2754 2839/4659/2723 2857/4677/2755
f 2857/4677/2755 2839/4659/2723 2843/4663/2727
f 2843/4663/2727 2842/4662/2726 2857/4677/2755
f 2857/4677/2755 2842/4662/2726 2846/4666/2730
f 2857/4677/2755 2846/4666/2730 2853/4673/2750
f 2853/4673/2750 2846/4666/2730 2845/4665/2729
f 2853/4673/2750 2845/4665/2729 2800/4601/2661
f 120/1920/2753 2854/4674/2751 1706/4678/2756
f 1706/4678/2756 2854/4674/2751 2856/4676/2754
f 1706/4678/2756 2856/4676/2754 1707/4679/2757
f 1707/4679/2757 2856/4676/2754 2857/4677/2755
f 1707/4679/2757 2857/4677/2755 1708/4680/2758
f 1708/4680/2758 2857/4677/2755 2853/4673/2750
f 1708/4680/2758 2853/4673/2750 1705/4681/2759
f 1705/4681/2759 2853/4673/2750 2825/4638/2703
f 1705/4681/2759 2825/4638/2703 93/1892/2702
f 2836/4656/2720 2835/4655/2719 2858/4682/2760
f 2858/4682/2760 2835/4655/2719 2859/4683/2761
f 2858/4682/2760 2859/4683/2761 2860/4684/2762
f 2860/4684/2762 2859/4683/2761 2861/4685/2763
f 2860/4684/2762 2861/4685/2763 2849/4669/2744
f 2849/4669/2744 2861/4685/2763 2852/4672/2747
f 2118/3600/2731 2836/4656/2720 2126/3608/2764
f 2126/3608/2764 2836/4656/2720 2858/4682/2760
f 2126/3608/2764 2858/4682/2760 2127/3609/2765
f 2127/3609/2765 2858/4682/2760 2860/4684/2762
f 2127/3609/2765 2860/4684/2762 2121/3603/2743
f 2121/3603/2743 2860/4684/2762 2849/4669/2744
f 90/1914/2749 2818/4626/2689 2850/4670/2745
f 90/1914/2749 2850/4670/2745 111/1929/2766
f 111/1929/2766 2850/4670/2745 2851/4671/2746
f 111/1929/2766 2851/4671/2746 58/1930/2767
f 58/1930/2767 2851/4671/2746 2852/4672/2747
f 58/1930/2767 2852/4672/2747 56/1931/2768
f 56/1931/2768 2852/4672/2747 2861/4685/2763
f 2859/4683/2761 2835/4655/2719 2855/4675/2752
f 56/1931/2768 2861/4685/2763 54/1932/2769
f 54/1932/2769 2861/4685/2763 2859/4683/2761
f 54/1932/2769 2859/4683/2761 64/1933/2770
f 64/1933/2770 2859/4683/2761 2855/4675/2752
f 64/1933/2770 2855/4675/2752 120/1920/2753
f 2862/4686/2771 2863/4687/2772 2864/4688/2773
f 2865/4689/2774 2866/4690/2775 2867/4691/2776
f 2298/4692/2777 2868/4693/2778 2296/4694/2779
f 2296/4694/2779 2868/4693/2778 2862/4686/2771
f 2296/4694/2779 2862/4686/2771 2294/4695/2780
f 2294/4695/2780 2862/4686/2771 2864/4688/2773
f 2298/4692/2777 2301/4696/2781 2868/4693/2778
f 2868/4693/2778 2301/4696/2781 2302/4697/2782
f 2868/4693/2778 2302/4697/2782 2869/4698/2783
f 2869/4698/2783 2302/4697/2782 2401/4699/2784
f 2869/4698/2783 2401/4699/2784 2402/4700/2785
f 2408/4701/2786 2870/4702/2787 2405/4703/2788
f 2405/4703/2788 2870/4702/2787 2869/4698/2783
f 2405/4703/2788 2869/4698/2783 2404/4704/2789
f 2404/4704/2789 2869/4698/2783 2402/4700/2785
f 2408/4701/2786 2409/4705/2790 2870/4702/2787
f 2870/4702/2787 2409/4705/2790 2393/4706/2791
f 2870/4702/2787 2393/4706/2791 2871/4707/2792
f 2871/4707/2792 2393/4706/2791 2392/4708/2793
f 2871/4709/2792 2392/4710/2793 2872/4711/2794
f 2392/4710/2793 2395/4712/2795 2872/4711/2794
f 2872/4711/2794 2395/4712/2795 2396/4713/2796
f 2872/4711/2794 2396/4713/2796 2873/4714/2797
f 2873/4714/2797 2396/4713/2796 2397/4715/2798
f 2873/4714/2797 2397/4715/2798 2874/4716/2799
f 2874/4716/2799 2397/4715/2798 2398/4717/2800
f 2398/4717/2800 2399/4718/2801 2874/4716/2799
f 2874/4716/2799 2399/4718/2801 2386/4719/2802
f 2874/4716/2799 2386/4719/2802 2875/4720/2803
f 2875/4720/2803 2386/4719/2802 2385/4721/2804
f 2875/4720/2803 2385/4721/2804 2876/4722/2805
f 2385/4721/2804 2384/4723/2806 2876/4722/2805
f 2876/4722/2805 2384/4723/2806 2383/4724/2807
f 2876/4722/2805 2383/4724/2807 2877/4725/2808
f 2877/4725/2808 2383/4724/2807 2382/4726/2809
f 2877/4725/2808 2382/4726/2809 2878/4727/2810
f 2382/4726/2809 2389/4728/2811 2878/4727/2810
f 2878/4727/2810 2389/4728/2811 2388/4729/2812
f 2878/4727/2810 2388/4729/2812 2879/4730/2813
f 2388/4729/2812 2387/4731/2814 2879/4730/2813
f 2879/4730/2813 2387/4731/2814 2390/4732/2815
f 2879/4730/2813 2390/4732/2815 2880/4733/2816
f 2390/4732/2815 2391/4734/2817 2880/4733/2816
f 2880/4733/2816 2391/4734/2817 2376/4735/2818
f 2880/4733/2816 2376/4735/2818 2881/4736/2819
f 2364/4737/2820 2882/4738/2821 2365/4739/2822
f 2365/4739/2822 2882/4738/2821 2883/4740/2823
f 2365/4739/2822 2883/4740/2823 2360/4741/2824
f 2360/4741/2824 2883/4740/2823 2884/4742/2825
f 2360/4741/2824 2884/4742/2825 2361/4743/2826
f 2361/4743/2826 2884/4742/2825 2885/4744/2827
f 2361/4743/2826 2885/4744/2827 2381/4745/2828
f 2381/4745/2828 2885/4744/2827 2886/4746/2829
f 2381/4747/2828 2886/4748/2829 2380/4749/2830
f 2380/4749/2830 2886/4748/2829 2887/4750/2831
f 2380/4749/2830 2887/4750/2831 2379/4751/2832
f 2379/4751/2832 2887/4750/2831 2888/4752/2833
f 2379/4751/2832 2888/4752/2833 2378/4753/2834
f 2378/4753/2834 2888/4752/2833 2881/4736/2819
f 2378/4753/2834 2881/4736/2819 2377/4754/2835
f 2377/4754/2835 2881/4736/2819 2376/4735/2818
f 2364/4737/2820 2366/4755/2836 2882/4738/2821
f 2882/4738/2821 2366/4755/2836 2368/4756/2837
f 2882/4738/2821 2368/4756/2837 2889/4757/2838
f 2368/4756/2837 2369/4758/2839 2889/4757/2838
f 2889/4757/2838 2369/4758/2839 2370/4759/2840
f 2889/4757/2838 2370/4759/2840 2890/4760/2841
f 2370/4759/2840 2334/4761/2842 2890/4760/2841
f 2890/4760/2841 2334/4761/2842 2336/4762/2843
f 2890/4760/2841 2336/4762/2843 2891/4763/2844
f 2891/4763/2844 2336/4762/2843 2338/4764/2845
f 2891/4763/2844 2338/4764/2845 2892/4765/2846
f 2892/4765/2846 2338/4764/2845 2354/4766/2847
f 2892/4765/2846 2354/4766/2847 2893/4767/2848
f 2893/4767/2848 2354/4766/2847 2340/4768/2849
f 2893/4767/2848 2340/4768/2849 2894/4769/2850
f 2895/4770/2851 2896/4771/2852 2339/4772/2853
f 2339/4772/2853 2896/4771/2852 2897/4773/2854
f 2339/4772/2853 2897/4773/2854 2340/4768/2849
f 2340/4768/2849 2897/4773/2854 2898/4774/2855
f 2340/4768/2849 2898/4774/2855 2894/4769/2850
f 2339/4772/2853 2344/4775/2856 2895/4770/2851
f 2895/4770/2851 2344/4775/2856 2343/4776/2857
f 2895/4770/2851 2343/4776/2857 2899/4777/2858
f 2899/4777/2858 2343/4776/2857 2345/4778/2859
f 2899/4779/2858 2345/4780/2859 2900/4781/2860
f 2345/4782/2859 2347/4783/2861 2900/4784/2860
f 2900/4785/2860 2347/4786/2861 2346/4787/2862
f 2900/4785/2860 2346/4787/2862 2901/4788/2863
f 2901/4788/2863 2346/4787/2862 2312/4789/2864
f 2901/4788/2863 2312/4789/2864 2902/4790/2865
f 2902/4790/2865 2312/4789/2864 2317/4791/2866
f 2902/4790/2865 2317/4791/2866 2316/4792/2867
f 2903/4793/2868 2904/4794/2869 2303/4795/2870
f 2303/4795/2870 2304/4796/2871 2903/4793/2868
f 2903/4793/2868 2304/4796/2871 2293/4797/2872
f 2903/4793/2868 2293/4797/2872 2864/4688/2773
f 2864/4688/2773 2293/4797/2872 2292/4798/2873
f 2864/4688/2773 2292/4798/2873 2294/4695/2780
f 2905/4799/2874 2305/4800/2875 2906/4801/2876
f 2906/4801/2876 2305/4800/2875 2307/4802/2877
f 2906/4801/2876 2307/4802/2877 2904/4794/2869
f 2904/4794/2869 2307/4802/2877 2308/4803/2878
f 2904/4794/2869 2308/4803/2878 2303/4795/2870
f 1888/4804/2879 1890/4805/2880 2907/4806/2881
f 2907/4806/2881 1890/4805/2880 2140/4807/2882
f 2907/4806/2881 2140/4807/2882 2908/4808/2883
f 2908/4808/2883 2140/4807/2882 2309/4809/2884
f 2908/4808/2883 2309/4809/2884 2909/4810/2885
f 2909/4810/2885 2309/4809/2884 2310/4811/2886
f 2909/4810/2885 2310/4811/2886 2905/4812/2874
f 2905/4812/2874 2310/4811/2886 2306/4813/2887
f 2905/4799/2874 2306/4814/2887 2305/4800/2875
f 2910/4815/2888 1885/4816/2889 2911/4817/2890
f 2911/4817/2890 1885/4816/2889 1888/4804/2879
f 2911/4817/2890 1888/4804/2879 2912/4818/2891
f 2912/4818/2891 1888/4804/2879 2907/4806/2881
f 2316/4792/2867 2315/4819/2892 2902/4790/2865
f 2902/4790/2865 2315/4819/2892 2321/4820/2893
f 2902/4790/2865 2321/4820/2893 2867/4691/2776
f 2867/4691/2776 2321/4820/2893 2319/4821/2894
f 2867/4691/2776 2319/4821/2894 2865/4689/2774
f 2865/4689/2774 2319/4821/2894 2318/4822/2895
f 2865/4689/2774 2318/4822/2895 2913/4823/2896
f 2913/4823/2896 2318/4822/2895 2328/4824/2897
f 2913/4823/2896 2328/4824/2897 2910/4815/2888
f 2910/4815/2888 2328/4824/2897 2324/4825/2898
f 2910/4815/2888 2324/4825/2898 1885/4816/2889
f 2685/4826/2899 2914/4827/2900 2683/4828/2901
f 2683/4828/2901 2914/4827/2900 2915/4829/2902
f 2914/4827/2900 2916/4830/2903 2915/4829/2902
f 2915/4829/2902 2916/4830/2903 2917/4831/2904
f 2915/4829/2902 2917/4831/2904 2918/4832/2905
f 2917/4831/2904 2919/4833/4 2918/4832/2905
f 2918/4834/2905 2919/4835/4 2920/4836/2906
f 2918/4834/2905 2920/4836/2906 2921/4837/2907
f 2678/4396/2908 2679/4397/2909 2922/4838/2910
f 2922/4838/2910 2679/4397/2909 2921/4837/2907
f 2922/4838/2910 2921/4837/2907 2923/4839/2911
f 2923/4839/2911 2921/4837/2907 2920/4836/2906
f 2924/4840/296 2684/4841/296 2683/4842/296
f 2925/4843/296 2926/4844/296 2683/4842/296
f 2683/4842/296 2926/4844/296 2927/4845/296
f 2683/4842/296 2927/4845/296 2924/4840/296
f 2928/4846/296 2929/4847/296 2930/4848/296
f 2930/4848/296 2929/4847/296 2931/4849/296
f 2930/4848/296 2931/4849/296 2925/4843/296
f 2925/4843/296 2931/4849/296 2932/4850/296
f 2925/4843/296 2932/4850/296 2926/4844/296
f 2933/4851/296 2934/4852/2548 2679/4853/296
f 2679/4853/296 2934/4852/2548 2935/4854/296
f 2679/4853/296 2935/4854/296 2921/4855/296
f 2921/4855/296 2935/4854/296 2936/4856/296
f 2921/4855/296 2936/4856/296 2918/4857/296
f 2918/4857/296 2936/4856/296 2937/4858/296
f 2918/4857/296 2937/4858/296 2915/4859/296
f 2915/4859/296 2937/4858/296 2938/4860/296
f 2915/4859/296 2938/4860/296 2683/4842/296
f 2683/4842/296 2938/4860/296 2939/4861/296
f 2683/4842/296 2939/4861/296 2925/4843/296
f 2679/4853/296 2676/4862/2912 2940/4863/2913
f 2940/4863/2913 2941/4864/296 2679/4853/296
f 2679/4853/296 2941/4864/296 2942/4865/296
f 2679/4853/296 2942/4865/296 2933/4851/296
f 2942/4865/296 2943/4866/296 2933/4851/296
f 2933/4851/296 2943/4866/296 2944/4867/296
f 2933/4851/296 2944/4867/296 2945/4868/296
f 2945/4868/296 2944/4867/296 2946/4869/296
f 2945/4868/296 2946/4869/296 2947/4870/296
f 2947/4870/296 2946/4869/296 2948/4871/296
f 2947/4870/296 2948/4871/296 2928/4846/296
f 2928/4846/296 2948/4871/296 2949/4872/296
f 2928/4846/296 2949/4872/296 2929/4847/296
f 2950/4873/1228 2951/4874/1228 2952/4875/1189
f 2952/4875/1189 2951/4874/1228 2953/4876/1189
f 2952/4875/1189 2953/4876/1189 2954/4877/1227
f 2954/4877/1227 2953/4876/1189 2955/4878/1227
f 2954/4877/1227 2955/4878/1227 2956/4879/1191
f 2956/4879/1191 2955/4878/1227 2957/4880/1191
f 2956/4881/1193 2957/4882/1193 2958/4883/1193
f 2958/4883/1193 2957/4882/1193 2959/4884/1193
f 2958/4883/1194 2959/4884/1194 2960/4885/1195
f 2960/4885/1195 2959/4884/1194 2961/4886/1195
f 2960/4887/1195 2961/4888/1195 2962/4889/1196
f 2962/4889/1196 2961/4888/1195 2963/4890/1196
f 2962/4889/1196 2963/4890/1196 2964/4891/1206
f 2964/4891/1206 2963/4890/1196 2965/4892/1206
f 2964/4891/1198 2965/4892/1198 2966/4893/1198
f 2966/4893/1198 2965/4892/1198 2967/4894/1198
f 2966/4895/1199 2967/4896/1199 2968/4897/1200
f 2968/4897/1200 2967/4896/1199 2969/4898/1200
f 2968/4897/1200 2969/4898/1200 2970/4899/1207
f 2970/4899/1207 2969/4898/1200 2971/4900/1207
f 2970/4899/1208 2971/4900/1208 2972/4901/1208
f 2972/4901/1208 2971/4900/1208 2973/4902/1208
f 2972/4901/1203 2973/4902/1203 2950/4903/1228
f 2950/4903/1228 2973/4902/1203 2951/4904/1228
f 2974/4905/2914 2975/4906/2915 2976/4907/2916
f 2976/4907/2916 2975/4906/2915 2977/4908/2917
f 2978/4909/2918 2979/4910/2919 2980/4911/2920
f 2980/4911/2920 2979/4910/2919 2981/4912/2921
f 2980/4911/2920 2981/4912/2921 2976/4907/2916
f 2976/4907/2916 2981/4912/2921 2982/4913/2922
f 2976/4907/2916 2982/4913/2922 2974/4905/2914
f 2983/4914/2923 2984/4915/2924 2985/4916/2925
f 2983/4914/2923 2985/4916/2925 2980/4911/2920
f 2980/4911/2920 2985/4916/2925 2986/4917/2926
f 2980/4911/2920 2986/4917/2926 2978/4909/2918
f 2987/4918/2927 2988/4919/2928 2989/4920/2929
f 2989/4920/2929 2988/4919/2928 2990/4921/2930
f 2989/4920/2929 2990/4921/2930 2983/4922/2923
f 2983/4922/2923 2990/4921/2930 2991/4923/2931
f 2983/4922/2923 2991/4923/2931 2984/4924/2924
f 2987/4918/2927 2989/4920/2929 2992/4925/2932
f 2992/4925/2932 2989/4920/2929 2993/4926/2933
f 2992/4925/2932 2993/4926/2933 2994/4927/2934
f 2995/4928/2935 2996/4929/2936 2993/4930/2933
f 2993/4926/2933 2996/4931/2936 2997/4932/2937
f 2993/4926/2933 2997/4932/2937 2994/4927/2934
f 2998/4933/2938 2999/4934/2939 2995/4928/2935
f 2995/4928/2935 2999/4934/2939 3000/4935/2940
f 3000/4935/2940 3001/4936/2941 2995/4928/2935
f 2995/4928/2935 3001/4936/2941 3002/4937/2942
f 2995/4928/2935 3002/4937/2942 2996/4929/2936
f 3003/4938/2943 3004/4939/2944 3005/4940/2945
f 3005/4940/2945 3004/4939/2944 3006/4941/2946
f 3005/4940/2945 3006/4941/2946 2998/4933/2938
f 2998/4933/2938 3006/4941/2946 3007/4942/2947
f 2998/4933/2938 3007/4942/2947 2999/4934/2939
f 3008/4943/2948 3009/4944/2949 3010/4945/2950
f 3008/4943/2948 3010/4945/2950 3005/4946/2945
f 3005/4946/2945 3010/4945/2950 3011/4947/2951
f 3005/4940/2945 3011/4948/2951 3003/4938/2943
f 3009/4944/2949 3008/4943/2948 3012/4949/2952
f 3012/4949/2952 3008/4943/2948 3013/4950/2953
f 3012/4949/2952 3013/4950/2953 3014/4951/2954
f 3015/4952/2955 3016/4953/2956 3017/4954/2957
f 3017/4954/2957 3016/4953/2956 3018/4955/2958
f 3017/4954/2957 3018/4955/2958 3013/4950/2953
f 3013/4950/2953 3018/4955/2958 3019/4956/2959
f 3013/4950/2953 3019/4956/2959 3014/4951/2954
f 2975/4906/2915 3020/4957/2960 2977/4908/2917
f 2977/4958/2917 3020/4959/2960 3021/4960/2961
f 2977/4958/2917 3021/4960/2961 3017/4954/2957
f 3017/4954/2957 3021/4960/2961 3022/4961/2962
f 3017/4954/2957 3022/4961/2962 3015/4952/2955
f 2970/4962/16 3013/4963/16 2968/4964/16
f 2968/4964/16 3013/4963/16 3008/4965/16
f 2968/4964/16 3008/4965/16 2966/4966/16
f 2966/4966/16 3008/4965/16 3005/4967/16
f 2966/4966/16 3005/4967/16 2964/4968/16
f 2964/4968/16 3005/4967/16 2998/4969/16
f 2964/4968/16 2998/4969/16 2962/4970/16
f 2962/4970/16 2998/4969/16 2995/4971/16
f 2962/4970/16 2995/4971/16 2960/4972/16
f 2960/4972/16 2995/4971/16 2993/4973/16
f 2960/4972/16 2993/4973/16 2958/4974/16
f 2958/4974/16 2993/4973/16 2989/4975/16
f 2958/4974/16 2989/4975/16 2956/4976/16
f 2956/4976/16 2989/4975/16 2983/4977/16
f 2956/4976/16 2983/4977/16 2954/4978/16
f 2954/4978/16 2983/4977/16 2980/4979/16
f 2954/4978/16 2980/4979/16 2952/4980/16
f 2952/4980/16 2980/4979/16 2976/4981/16
f 2952/4980/16 2976/4981/16 2950/4982/16
f 2950/4982/16 2976/4981/16 2977/4983/16
f 2950/4982/16 2977/4983/16 2972/4984/16
f 2972/4984/16 2977/4983/16 3017/4985/16
f 2972/4984/16 3017/4985/16 2970/4962/16
f 2970/4962/16 3017/4985/16 3013/4963/16
f 3023/4986/16 3024/4987/16 3025/4988/16
f 3023/4986/16 3025/4988/16 3026/4989/16
f 3024/4987/16 3023/4986/16 3027/4990/16
f 3027/4990/16 3023/4986/16 3028/4991/16
f 3027/4990/16 3028/4991/16 3029/4992/16
f 3029/4992/16 3028/4991/16 3030/4993/16
f 3029/4992/16 3030/4993/16 3031/4994/16
f 1845/4995/16 1843/4996/16 3032/4997/16
f 3032/4997/16 1843/4996/16 3033/4998/16
f 3032/4997/16 3033/4998/16 3034/4999/16
f 3031/4994/16 3030/4993/16 3035/5000/16
f 3035/5000/16 3030/4993/16 3036/5001/16
f 3035/5000/16 3036/5001/16 3037/5002/16
f 3037/5002/16 3036/5001/16 3038/5003/16
f 3038/5003/16 3036/5001/16 1841/5004/16
f 3038/5003/16 1841/5004/16 1839/5005/16
f 3025/4988/16 3039/5006/16 3026/4989/16
f 3026/4989/16 3039/5006/16 3040/5007/16
f 3026/4989/16 3040/5007/16 3041/5008/16
f 3041/5008/16 3040/5007/16 3042/5009/16
f 3041/5008/16 3042/5009/16 3033/4998/16
f 3033/4998/16 3042/5009/16 3043/5010/16
f 3033/4998/16 3043/5010/16 3034/4999/16
f 3044/5011/2963 3045/5012/2964 3046/5013/2965
f 3044/5014/2963 3023/5015/2966 3047/5016/2967
f 3047/5017/2967 3023/5018/2966 3026/5019/2968
f 3047/5020/2967 3026/5021/2968 3048/5022/2969
f 3048/5022/2969 3026/5021/2968 3041/5023/2970
f 3049/5024/2971 3050/5025/2972 1843/5026/2973
f 1843/5026/2973 3050/5025/2972 3033/5027/2974
f 1652/5028/2975 3051/5029/2976 1654/5030/2977
f 1654/5030/2977 3051/5029/2976 3052/5031/2978
f 1654/5030/2977 3052/5031/2978 1656/5032/2979
f 1656/5032/2979 3052/5031/2978 3049/5024/2971
f 1656/5032/2979 3049/5024/2971 1658/5033/2980
f 1658/5033/2980 3049/5024/2971 1843/5026/2973
f 1658/5033/2980 1843/5026/2973 1842/5034/2981
f 3053/5035/2982 3048/5022/2969 3054/5036/2983
f 3054/5036/2983 3048/5022/2969 3041/5023/2970
f 3054/5036/2983 3041/5023/2970 3055/5037/2984
f 3055/5037/2984 3041/5023/2970 3033/5027/2974
f 3055/5037/2984 3033/5027/2974 3056/5038/2985
f 3056/5038/2985 3033/5027/2974 3050/5025/2972
f 3044/5011/2963 3046/5013/2965 3023/5039/2966
f 3023/5039/2966 3046/5013/2965 3057/5040/2986
f 3023/5039/2966 3057/5040/2986 3028/5041/2987
f 3057/5040/2986 3058/5042/2988 3028/5041/2987
f 3028/5041/2987 3058/5042/2988 3059/5043/2989
f 3028/5041/2987 3059/5043/2989 3030/5044/2990
f 3059/5043/2989 3060/5045/2991 3030/5044/2990
f 3030/5044/2990 3060/5045/2991 3061/5046/2992
f 3030/5044/2990 3061/5046/2992 3036/5047/2993
f 3062/5048/2994 1841/5049/2995 3063/5050/2996
f 3063/5050/2996 1841/5049/2995 3036/5047/2993
f 3063/5050/2996 3036/5047/2993 3064/5051/2997
f 3064/5051/2997 3036/5047/2993 3061/5046/2992
f 3062/5048/2994 3065/5052/2998 1712/5053/2999
f 1840/5054/3000 1841/5049/2995 1716/5055/3001
f 1716/5055/3001 1841/5049/2995 3062/5048/2994
f 1716/5055/3001 3062/5048/2994 1714/5056/3002
f 1714/5056/3002 3062/5048/2994 1712/5053/2999
f 2689/5057/3003 3066/5058/3003 2713/5059/3004
f 2713/5059/3004 3066/5058/3003 3067/5060/3004
f 2713/5059/3004 3067/5060/3004 2712/5061/1830
f 2712/5061/1830 3067/5060/3004 3068/5062/1830
f 2712/5061/1830 3068/5062/1830 2710/5063/3005
f 2710/5063/3005 3068/5062/1830 3069/5064/3005
f 2710/5065/3005 3069/5066/3005 2711/5067/3006
f 2711/5067/3006 3069/5066/3005 3070/5068/3006
f 2711/5067/3006 3070/5068/3006 2687/5069/3007
f 2687/5069/3007 3070/5068/3006 3071/5070/3007
f 1618/2922/1830 1617/2921/1830 3072/5071/3008
f 1618/2922/1830 3072/5071/3008 2724/5072/3008
f 2724/5072/3008 3072/5071/3008 3073/5073/3009
f 2724/5072/3008 3073/5073/3009 2725/5074/3009
f 2725/5074/3009 3073/5073/3009 3066/5058/3003
f 2725/5074/3009 3066/5058/3003 2689/5057/3003
f 2745/4503/2558 2714/4502/2557 2699/5075/3010
f 2745/4503/2558 2699/5075/3010 3074/5076/3010
f 3074/5077/3010 2699/5078/3010 2688/5079/3011
f 3074/5077/3010 2688/5079/3011 3075/5080/3011
f 3075/5080/3011 2688/5079/3011 2687/5069/3007
f 3075/5080/3011 2687/5069/3007 3071/5070/3007
f 2609/5081/3012 2632/4493/716 3076/5082/3013
f 3076/5082/3013 2632/4493/716 2740/4492/716
f 2609/5083/3012 3076/5084/3013 2610/5085/3014
f 2610/5085/3014 3076/5084/3013 3077/5086/3015
f 2610/5085/3014 3077/5086/3015 3078/5087/3016
f 3078/5087/3016 3077/5086/3015 3079/5088/3017
f 3079/5088/3017 3077/5086/3015 2743/4497/2553
f 3079/5088/3017 2743/4497/2553 2742/4496/2552
f 1641/5089/3018 1662/5090/3019 1766/5091/3020
f 1739/3128/1901 1752/3127/1900 3080/5092/3021
f 1637/5093/3022 1640/5094/3023 1728/5095/3024
f 1637/5096/3022 1728/5097/3024 1642/5098/3025
f 1641/5089/3018 1766/5091/3020 1640/5094/3023
f 1640/5094/3023 1766/5091/3020 1729/5099/3026
f 1640/5094/3023 1729/5099/3026 1728/5095/3024
f 3080/5092/3021 3051/5029/2976 1652/5028/2975
f 1728/5100/3024 1739/5101/1901 1642/5102/3025
f 1642/5103/3025 1739/3128/1901 3080/5092/3021
f 1642/5103/3025 3080/5092/3021 1651/5104/3027
f 1651/5104/3027 3080/5092/3021 1652/5028/2975
f 1712/5053/2999 3065/5052/2998 1710/5105/3028
f 1710/5105/3028 3065/5052/2998 3081/5106/3029
f 1710/5105/3028 3081/5106/3029 1711/5107/3030
f 1711/5107/3030 3081/5106/3029 3082/5108/3031
f 1711/5107/3030 3082/5108/3031 2171/5109/3032
f 2171/5110/3032 3082/5111/3031 1816/5112/3033
f 2171/5110/3032 1816/5112/3033 1815/5113/3034
f 1829/3214/1982 2682/4400/2547 1811/3196/1964
f 1811/3196/1964 2682/4400/2547 2681/4399/2546
f 1633/2939/1838 1634/2940/1838 2723/5114/3035
f 1633/2939/1838 2723/5114/3035 3083/5115/3035
f 3083/5115/3035 2723/5114/3035 2674/5116/2544
f 3083/5115/3035 2674/5116/2544 2673/5117/2544
f 2506/4149/2369 1725/4148/2369 1731/5118/3036
f 2506/4149/2369 1731/5118/3036 2691/5119/3037
f 2691/5119/3037 1731/5118/3036 3084/5120/3038
f 2691/5119/3037 3084/5120/3038 3085/5121/3039
f 3085/5122/3039 3084/5123/3038 3086/5124/3040
f 3085/5122/3039 3086/5124/3040 3087/5125/3041
f 3087/5125/3041 3086/5124/3040 1778/3161/1931
f 3087/5125/3041 1778/3161/1931 1769/3150/1922
f 2867/4691/2776 2866/4690/2775 3088/5126/3042
f 3088/5126/3042 2866/4690/2775 3089/5127/3043
f 3088/5126/3042 3089/5127/3043 3090/5128/3044
f 2509/4153/2373 2507/4151/2371 3089/5127/3043
f 3089/5127/3043 2507/4151/2371 2703/5129/3045
f 3089/5127/3043 2703/5129/3045 3090/5128/3044
f 2739/4490/713 2732/4491/713 3091/5130/1335
f 3091/5130/1335 2732/4491/713 2730/5131/1335
f 3091/5132/1335 2730/5133/1335 3092/5134/1336
f 3092/5134/1336 2730/5133/1335 2729/5135/1336
f 3092/5134/1336 2729/5135/1336 2746/4505/2559
f 2746/4505/2559 2729/5135/1336 2731/4506/2560
f 2738/4488/2551 3093/5136/3046 2715/4489/2551
f 2715/4489/2551 3093/5136/3046 2716/5137/3047
f 2716/5138/3047 3093/5139/3046 2717/5140/3048
f 2717/5140/3048 3093/5139/3046 3094/5141/3049
f 2717/5140/3048 3094/5141/3049 3095/5142/3050
f 3095/5142/3050 3094/5141/3049 3096/5143/3051
f 3096/5143/3051 3094/5141/3049 2863/4687/2772
f 3096/5143/3051 2863/4687/2772 2862/4686/2771
f 1842/5144/3052 1844/5145/3053 1658/5146/3054
f 1658/5146/3054 1844/5145/3053 1657/4003/3055
f 1657/4003/3055 1844/5145/3053 2427/4001/3056
f 2427/4001/3056 1844/5145/3053 1846/5147/3057
f 2427/4001/3056 1846/5147/3057 1847/5148/3058
f 1845/4995/3059 3032/4997/3060 1847/5149/3061
f 1847/5149/3061 3032/4997/3060 2153/5150/3062
f 1847/5149/3061 2153/5150/3062 2427/5151/3063
f 3025/4988/3064 2155/5152/3065 3039/5006/3066
f 3039/5006/3066 2155/5152/3065 2158/5153/3066
f 3039/5006/3066 2158/5153/3066 3040/5007/3067
f 2153/5150/3062 3032/4997/3060 2154/5154/3068
f 2154/5154/3068 3032/4997/3060 3034/4999/3069
f 2158/5153/3066 2160/5155/3070 3040/5007/3067
f 3040/5156/3067 2160/3644/3070 2162/3646/3071
f 3040/5007/3067 2162/5157/3071 3042/5009/3072
f 3042/5009/3072 2162/5157/3071 2164/5158/3073
f 3042/5009/3072 2164/5158/3073 3043/5010/3074
f 3043/5010/3074 2164/5158/3073 2166/5159/3074
f 3043/5010/3074 2166/5159/3074 3034/4999/3069
f 3034/4999/3069 2166/5159/3074 2168/5160/3075
f 3034/4999/3069 2168/5160/3075 2154/5154/3068
f 3037/5002/3076 2276/5161/3077 3035/5000/3078
f 3035/5000/3078 2276/5161/3077 2275/5162/3078
f 3035/5000/3078 2275/5162/3078 3031/4994/3079
f 2155/5152/3065 3025/4988/3064 2291/5163/3080
f 2291/5163/3080 3025/4988/3064 3024/4987/3081
f 2275/5162/3078 2278/5164/3082 3031/4994/3079
f 3031/4994/3079 2278/5164/3082 2281/5165/3083
f 3031/4994/3079 2281/5165/3083 3029/4992/3084
f 3029/4992/3084 2281/5165/3083 2284/5166/3085
f 3029/4992/3084 2284/5166/3085 3027/4990/3086
f 3027/4990/3086 2284/5166/3085 2286/5167/3086
f 3027/4990/3086 2286/5167/3086 3024/4987/3081
f 3024/4987/3081 2286/5167/3086 2289/5168/3087
f 3024/4987/3081 2289/5168/3087 2291/5163/3080
f 2276/5161/3077 3037/5002/3076 2445/5169/3088
f 2445/5169/3088 3037/5002/3076 3038/5003/3089
f 2445/5169/3088 3038/5003/3089 2441/5170/3090
f 2441/5171/3090 3038/5172/3089 1839/5173/3091
f 1839/3226/3092 1838/3225/3093 1715/5174/3094
f 1839/3226/3092 1715/5174/3094 2441/5175/3095
f 1838/3225/3093 1840/3227/3096 1715/5174/3094
f 1715/5174/3094 1840/3227/3096 1716/5176/3097
f 1740/3109/1887 3097/5177/3098 1741/3110/1887
f 1741/3110/1887 3097/5177/3098 2476/5178/3099
f 2476/5179/3099 3097/5180/3098 2477/5181/3100
f 2477/5181/3100 3097/5180/3098 3098/5182/3101
f 2477/5181/3100 3098/5182/3101 3099/5183/3102
f 3099/5183/3102 3098/5182/3101 3100/5184/3103
f 3099/5183/3102 3100/5184/3103 3101/5185/3104
f 3101/5185/3104 3100/5184/3103 3102/5186/3105
f 3101/5185/3104 3102/5186/3105 3103/5187/3106
f 3103/5187/3106 3102/5186/3105 3104/5188/3107
f 3104/5188/3107 3102/5186/3105 3045/5012/2964
f 3104/5188/3107 3045/5012/2964 3044/5011/2963
f 3048/5022/2969 3053/5035/2982 3105/5189/3108
f 3048/5022/2969 3105/5189/3108 3106/5190/3109
f 3106/5190/3109 3105/5189/3108 3107/5191/3110
f 3106/5190/3109 3107/5191/3110 3108/5192/3111
f 1755/3131/1904 1757/3133/1906 3107/5191/3110
f 3107/5191/3110 1757/3133/1906 2478/5193/3112
f 3107/5191/3110 2478/5193/3112 3108/5192/3111
f 2658/5194/3113 81/3025/3114 2747/5195/3115
f 2747/5195/3115 81/3025/3114 121/3070/3116
f 2747/5195/3115 121/3070/3116 2760/5196/3117
f 2760/5196/3117 121/3070/3116 2761/5197/3118
f 2670/5198/3119 45/3077/3120 2669/5199/3121
f 2669/5199/3121 45/3077/3120 47/3076/3121
f 2669/5199/3121 47/3076/3121 2668/5200/3122
f 2668/5200/3122 47/3076/3121 65/3074/3122
f 2668/5200/3122 65/3074/3122 2667/5201/3123
f 2667/5201/3123 65/3074/3122 63/3060/3124
f 2667/5201/3123 63/3060/3124 2666/5202/3125
f 2666/5202/3125 63/3060/3124 118/3062/3125
f 2666/5202/3125 118/3062/3125 2665/5203/3126
f 2665/5203/3126 118/3062/3125 116/3064/3126
f 2665/5203/3126 116/3064/3126 2664/5204/3127
f 2664/5204/3127 116/3064/3126 94/3055/3127
f 2664/5204/3127 94/3055/3127 2663/5205/3128
f 2663/5205/3128 94/3055/3127 72/3033/3128
f 2663/5205/3128 72/3033/3128 2662/5206/3129
f 2662/5206/3129 72/3033/3128 74/3031/3129
f 2662/5206/3129 74/3031/3129 2661/5207/3130
f 2661/5207/3130 74/3031/3129 76/3029/3130
f 2661/4365/3130 76/2314/3130 2660/4363/3131
f 2660/4363/3131 76/2314/3130 67/2313/3131
f 2660/5208/3131 67/5209/3131 2659/5210/3132
f 2659/5210/3132 67/5209/3131 68/3051/3132
f 2659/5210/3132 68/3051/3132 2658/5194/3113
f 2658/5194/3113 68/3051/3132 81/3025/3114
f 45/3077/3120 2670/5198/3119 2736/5211/3133
f 45/3077/3120 2736/5211/3133 43/5212/3133
f 43/5212/3133 2736/5211/3133 2677/5213/3134
f 43/5212/3133 2677/5213/3134 42/3047/3135
f 2678/5214/3136 1701/3045/3137 2677/5213/3134
f 2677/5213/3134 1701/3045/3137 42/3047/3135
f 1697/3039/3138 2914/5215/3139 1696/3038/3140
f 1696/3038/3140 2914/5215/3139 2685/5216/3141
f 1700/3043/3142 1701/3045/3137 2678/5214/3136
f 2678/5214/3136 2922/5217/3143 1700/3043/3142
f 1700/3043/3142 2922/5217/3143 2923/5218/3144
f 1700/5219/3142 2923/5220/3144 1699/5221/3145
f 2923/5218/3144 2920/5222/3146 1699/3041/3145
f 1699/3041/3145 2920/5222/3146 2919/5223/3147
f 1699/3041/3145 2919/5223/3147 1698/3040/3148
f 1698/3040/3148 2919/5223/3147 2917/5224/3149
f 1698/3040/3148 2917/5224/3149 1697/3039/3138
f 1697/5225/3138 2917/4831/3149 2916/4830/3150
f 1697/3039/3138 2916/5226/3150 2914/5215/3139
f 2682/5227/3151 1667/2986/3152 2685/5216/3141
f 2685/5216/3141 1667/2986/3152 1696/3038/3140
f 2682/5227/3151 1829/5228/3153 1667/2986/3152
f 1667/2986/3152 1829/5228/3153 1675/3006/3154
f 1672/2999/3155 1818/5229/3156 1679/3014/3157
f 1679/3014/3157 1818/5229/3156 1816/5230/3158
f 1675/3006/3154 1829/5228/3153 1676/3007/3159
f 1829/5228/3153 1831/5231/3160 1676/3007/3159
f 1676/3007/3159 1831/5231/3160 1833/5232/3161
f 1676/3007/3159 1833/5232/3161 1677/3008/3162
f 1833/5232/3161 1835/5233/3163 1677/3008/3162
f 1677/3008/3162 1835/5233/3163 1820/5234/3164
f 1677/3008/3162 1820/5234/3164 1678/3009/3165
f 1678/3009/3165 1820/5234/3164 1822/5235/3166
f 1678/3009/3165 1822/5235/3166 1672/2999/3155
f 1672/5236/3155 1822/3207/3166 1824/3209/3167
f 1672/2999/3155 1824/5237/3167 1818/5229/3156
f 3065/5238/3168 1684/3019/3169 3081/5239/3170
f 3081/5239/3170 1684/3019/3169 1682/3017/3170
f 3081/5239/3170 1682/3017/3170 3082/5240/3171
f 3082/5240/3171 1682/3017/3170 1680/3015/3172
f 3082/5240/3171 1680/3015/3172 1816/5230/3158
f 1816/5230/3158 1680/3015/3172 1679/3014/3157
f 1684/3019/3169 3065/5238/3168 3062/5241/3173
f 3064/5051/3174 1673/5242/3175 1686/5243/3176
f 1684/5244/3169 3062/5048/3173 1686/5243/3176
f 1686/5243/3176 3062/5048/3173 3063/5050/3177
f 1686/5243/3176 3063/5050/3177 3064/5051/3174
f 3064/5245/3174 3061/5246/3178 1673/5247/3175
f 1673/5247/3175 3061/5246/3178 3060/5248/3179
f 1673/5249/3175 3060/5250/3179 1674/5251/3180
f 3060/5252/3179 3059/5253/3181 1674/5254/3180
f 1674/5254/3180 3059/5253/3181 3058/5255/3182
f 1674/5256/3180 3058/5257/3182 1663/5258/3183
f 3045/5259/3184 1664/5260/3185 3046/5261/3186
f 3046/5262/3186 1664/5263/3185 1663/5264/3183
f 3046/5265/3186 1663/5266/3183 3057/5267/3187
f 3057/5267/3187 1663/5266/3183 3058/5268/3182
f 3097/5269/3188 1740/5270/3189 1664/2973/3185
f 3097/5269/3188 1664/2973/3185 3098/5271/3190
f 3100/5272/3191 3098/5271/3190 1664/2973/3185
f 3102/5186/3192 3100/5184/3191 1664/5273/3185
f 3045/5259/3184 3102/5274/3192 1664/5260/3185
f 1664/2973/3185 1740/5270/3189 1743/5275/3193
f 1664/2973/3185 1743/5275/3193 1665/2974/3193
f 1665/5276/3193 1743/3112/3193 1745/3114/3194
f 1665/5276/3193 1745/3114/3194 128/5277/3195
f 128/3005/3195 1745/5278/3194 2489/5279/3196
f 128/3005/3195 2489/5279/3196 61/3004/3196
f 61/3004/3196 2489/5279/3196 2488/5280/3197
f 61/3004/3196 2488/5280/3197 83/3002/3198
f 2471/4068/3199 102/2390/3200 2473/4067/3201
f 2473/4067/3201 102/2390/3200 85/2389/3202
f 83/3002/3198 2488/5280/3197 85/3000/3202
f 85/3000/3202 2488/5280/3197 2490/5281/3203
f 85/3000/3202 2490/5281/3203 2473/5282/3201
f 2504/5283/3204 2505/5284/3205 2499/5285/3206
f 2503/5286/3207 2504/5283/3204 1915/3328/3208
f 1915/3328/3208 2504/5283/3204 2499/5285/3206
f 1915/3328/3208 2499/5285/3206 1913/3326/3209
f 1913/3326/3209 2499/5285/3206 1756/5287/3210
f 1756/5287/3210 1755/5288/3211 1913/3326/3209
f 1913/3326/3209 1755/5288/3211 1911/3324/3212
f 1911/5289/3212 1755/3131/3211 3107/5191/3213
f 1911/5289/3212 3107/5191/3213 1902/5290/3213
f 1902/3311/3213 3107/5291/3213 3105/5292/3214
f 1902/3311/3213 3105/5292/3214 1903/3312/3215
f 1903/3312/3215 3105/5292/3214 3053/5293/3216
f 1903/3312/3215 3053/5293/3216 1904/3313/3217
f 153/3297/3218 2764/5294/3219 140/3295/3220
f 140/3295/3220 2764/5294/3219 2765/5295/3221
f 140/3295/3220 2765/5295/3221 2783/5296/3220
f 2783/5296/3220 2765/5295/3221 2782/5297/3222
f 2512/5298/3223 2508/5299/3224 3109/5300/3225
f 3080/5092/3226 1752/3127/3227 1753/3129/3228
f 3080/5092/3226 1920/5301/3229 3051/5029/3230
f 3051/5029/3230 1920/5301/3229 1918/5302/3231
f 3051/5303/3230 1918/5304/3231 3052/5305/3232
f 3052/5305/3232 1918/5304/3231 3049/5306/3233
f 3049/5307/3233 1918/5308/3231 1908/5309/3234
f 3049/5310/3233 1908/5311/3234 3050/5312/3235
f 3050/5312/3235 1908/5311/3234 3056/5313/3236
f 3056/5314/3236 1908/5315/3234 1916/5316/3237
f 3056/5317/3236 1916/5318/3237 3055/5319/3238
f 3055/5319/3238 1916/5318/3237 3054/5320/3239
f 3054/5321/3239 1916/5322/3237 1904/5323/3217
f 3054/5324/3239 1904/3313/3217 3053/5293/3216
f 1746/3117/3240 2510/4154/3241 3109/5325/3225
f 3109/5300/3225 2510/5326/3241 2511/5327/3242
f 3109/5300/3225 2511/5327/3242 2512/5298/3243
f 1929/3348/3244 1928/3345/3245 3109/5300/3225
f 3109/5300/3225 1928/3345/3245 1747/5328/3246
f 3109/5325/3225 1747/3118/3246 1746/3117/3240
f 3080/5092/3226 1753/3129/3228 1920/5301/3229
f 1920/5329/3229 1753/5330/3228 1754/5331/3247
f 1920/5332/3229 1754/5333/3247 1926/5334/3248
f 1926/3341/3248 1754/5335/3247 1751/5336/1899
f 1926/3341/3248 1751/5336/1899 1927/3343/3249
f 1751/3126/1899 1750/3124/1897 1927/5337/3249
f 1927/3343/3249 1750/5338/1897 1749/5339/3250
f 1927/3343/3249 1749/5339/3250 1928/3345/3245
f 1928/5340/3245 1749/3121/3250 1748/3119/3251
f 1928/3345/3245 1748/5341/3251 1747/5328/3246
f 179/2503/3252 2741/4494/3253 2766/4536/3254
f 179/2503/3252 2766/4536/3254 177/2502/3254
f 177/3309/3254 2766/5342/3254 2767/5343/3255
f 177/3309/3254 2767/5343/3255 176/3310/3255
f 176/3310/3255 2767/5343/3255 2768/5344/3256
f 176/3310/3255 2768/5344/3256 178/3320/3256
f 178/3320/3256 2768/5344/3256 2764/5294/3219
f 178/3320/3256 2764/5294/3219 153/3297/3218
f 2508/5299/3224 2509/5345/3257 3109/5300/3225
f 3109/5300/3225 2509/5345/3257 1932/3352/3258
f 3109/5300/3225 1932/3352/3258 1929/3348/3244
f 182/3319/3259 2740/5346/3260 179/3308/3252
f 179/3308/3252 2740/5346/3260 2741/5347/3253
f 1932/5348/3258 2509/4153/3257 3089/5127/3261
f 1932/5348/3258 3089/5127/3261 1937/5349/3261
f 1937/3360/3261 3089/5350/3261 2866/5351/3262
f 1937/3360/3261 2866/5351/3262 1936/3359/3263
f 154/3298/3264 2743/5352/3265 3077/5353/3266
f 154/3298/3264 3077/5353/3266 181/3317/3267
f 181/2508/3267 3077/5086/3266 3076/5084/3268
f 181/2508/3267 3076/5084/3268 180/2507/3268
f 180/3318/3268 3076/5354/3268 2740/5346/3260
f 180/3318/3268 2740/5346/3260 182/3319/3259
f 1935/3357/3269 1936/3359/3263 2866/5351/3262
f 2866/4690/3262 2865/4689/3270 1935/5355/3269
f 1935/3357/3269 2865/5356/3270 2913/5357/3271
f 1935/3357/3269 2913/5357/3271 1896/3300/3272
f 2913/4823/3271 2910/4815/3273 1896/5358/3272
f 1896/5359/3272 2910/5360/3273 2911/5361/3274
f 1896/5358/3272 2911/4817/3274 1897/5362/3275
f 2911/4817/3274 2912/4818/3276 1897/5362/3275
f 1897/3301/3275 2912/5363/3276 2907/5364/3277
f 1897/3301/3275 2907/5364/3277 1898/3302/3278
f 2907/4806/3277 2908/4808/3279 1898/5365/3278
f 1898/3302/3278 2908/5366/3279 2909/5367/3280
f 1898/3302/3278 2909/5367/3280 1894/3286/3281
f 2909/5367/3280 2905/5368/3282 1894/3286/3281
f 1894/3286/3281 2905/5368/3282 2906/5369/3283
f 1894/3286/3281 2906/5369/3283 1893/3284/3284
f 1893/3284/3284 2906/5369/3283 2904/5370/3284
f 1893/3284/3284 2904/5370/3284 1892/3282/3285
f 2863/4687/3286 1891/5371/3287 2864/4688/3288
f 2864/4688/3288 1891/5371/3287 1892/5372/3285
f 2864/4688/3288 1892/5372/3285 2903/4793/3289
f 2903/5373/3289 1892/3282/3285 2904/5370/3284
f 2743/5352/3265 154/3298/3264 2744/5374/3290
f 2744/5374/3290 154/3298/3264 155/3296/3290
f 2744/5374/3290 155/3296/3290 2746/5375/3291
f 2746/5375/3291 155/3296/3290 141/5376/3292
f 1891/5371/3287 2863/4687/3286 3094/5141/3293
f 1891/5371/3287 3094/5141/3293 1905/5377/3293
f 1905/3314/3293 3094/5378/3293 3093/5379/3294
f 1905/3314/3293 3093/5379/3294 1906/3315/3294
f 1906/3315/3294 3093/5379/3294 2738/5380/3295
f 1906/3315/3294 2738/5380/3295 1907/3316/3296
f 2746/4505/3291 141/2518/3292 3092/5134/3297
f 3092/5134/3297 141/2518/3292 143/2517/3297
f 3092/5381/3297 143/3292/3297 3091/5382/3298
f 3091/5382/3298 143/3292/3297 146/3290/3299
f 3091/5382/3298 146/3290/3299 2739/5383/3300
f 2739/5383/3300 146/3290/3299 149/3288/3301
f 2739/5383/3300 149/3288/3301 2738/5380/3295
f 2738/5380/3295 149/3288/3301 1907/3316/3296
f 1876/5384/3302 1878/5385/3303 2675/5386/3304
f 2675/5386/3304 1878/5385/3303 2676/5387/3305
f 2676/5388/3305 1878/3267/3303 1880/3269/3306
f 2676/4862/3305 1880/5389/3306 2940/4863/3307
f 2940/4863/3307 1880/5389/3306 1881/5390/3308
f 2940/5391/3307 1881/3270/3308 2941/5392/3309
f 1864/5393/3310 2942/4865/3311 1884/5394/3312
f 1884/5394/3312 2942/4865/3311 2941/4864/3309
f 1884/5394/3312 2941/4864/3309 1883/5395/3313
f 1883/3272/3313 2941/5392/3309 1881/3270/3308
f 1862/5396/3314 2943/4866/3315 1864/5393/3310
f 1864/5393/3310 2943/4866/3315 2942/4865/3311
f 2943/4866/3315 1862/5396/3314 1860/5397/3316
f 2943/4866/3315 1860/5397/3316 2944/4867/3316
f 2944/5398/3316 1860/3249/3316 1858/3247/3317
f 2944/5398/3316 1858/3247/3317 2946/5399/3317
f 2946/4869/3317 1858/5400/3317 1856/5401/3318
f 2946/4869/3317 1856/5401/3318 2948/4871/3318
f 2948/4871/3318 1856/5401/3318 1854/5402/3319
f 2948/4871/3318 1854/5402/3319 2949/4872/3319
f 2949/4872/3319 1854/5402/3319 1852/5403/3320
f 2949/4872/3319 1852/5403/3320 2929/4847/3320
f 2929/5404/3320 1852/3239/3320 1850/3237/3321
f 2929/5404/3320 1850/3237/3321 2931/5405/3321
f 2931/4849/3321 1850/5406/3321 1849/5407/3322
f 2931/4849/3321 1849/5407/3322 2932/4850/3323
f 2686/5408/3324 1870/5409/3325 1869/5410/3326
f 1870/5409/3325 2686/5408/3324 1872/5411/3327
f 2686/5408/3324 2684/4841/3328 1872/5411/3327
f 1872/5411/3327 2684/4841/3328 2924/4840/3329
f 1872/3261/3327 2924/5412/3329 1874/3263/3330
f 1874/3263/3330 2924/5412/3329 2927/5413/3330
f 1874/5414/3330 2927/4845/3330 1866/5415/3331
f 1866/5415/3331 2927/4845/3330 2926/4844/3332
f 1866/5415/3331 2926/4844/3332 1849/5407/3322
f 1849/5407/3322 2926/4844/3332 2932/4850/3323
f 2717/4444/3333 3095/5416/3334 2869/5417/3335
f 2869/5417/3335 3095/5416/3334 2868/5418/3336
f 2868/5418/3336 3095/5416/3334 3096/5419/3337
f 2868/5418/3336 3096/5419/3337 2862/5420/3338
f 2902/5421/3339 2867/5422/3340 3088/5423/3341
f 2717/4444/3333 2869/5417/3335 2697/4420/3342
f 2697/4420/3342 2869/5417/3335 2870/5424/3343
f 2697/5425/3342 2870/5426/3343 2698/5427/3344
f 2870/5428/3343 2871/5429/3345 2698/5430/3344
f 2698/5430/3344 2871/5429/3345 2872/5431/3346
f 2698/5432/3344 2872/5433/3346 2700/5434/3347
f 2872/5435/3346 2873/5436/3348 2700/5437/3347
f 2700/5437/3347 2873/5436/3348 2874/5438/3349
f 2700/5439/3347 2874/5440/3349 2701/5441/3350
f 2874/5442/3349 2875/5443/3351 2701/5444/3350
f 2701/5444/3350 2875/5443/3351 2876/5445/3352
f 2701/5446/3350 2876/5447/3352 2702/5448/3353
f 2876/5449/3352 2877/5450/3354 2702/5451/3353
f 2702/5451/3353 2877/5450/3354 2878/5452/3355
f 2702/5453/3353 2878/5454/3355 2728/5455/3356
f 2878/5456/3355 2879/5457/3357 2728/5458/3356
f 2728/5458/3356 2879/5457/3357 2880/5459/3358
f 2728/5460/3356 2880/5461/3358 2727/5462/3359
f 2880/5463/3358 2881/5464/3360 2727/5465/3359
f 2727/5465/3359 2881/5464/3360 2888/5466/3361
f 2727/5467/3359 2888/5468/3361 2726/5469/3362
f 2888/5470/3361 2887/5471/3363 2726/4470/3362
f 2726/4470/3362 2887/5471/3363 2886/5472/3364
f 2726/4470/3362 2886/5472/3364 2722/4456/3365
f 2886/5472/3364 2885/5473/3366 2722/4456/3365
f 2722/4456/3365 2885/5473/3366 2884/5474/3367
f 2722/5475/3365 2884/5476/3367 2706/5477/3368
f 2884/5478/3367 2883/5479/3369 2706/5480/3368
f 2706/5480/3368 2883/5479/3369 2882/5481/3370
f 2706/5482/3368 2882/5483/3370 2707/5484/3371
f 2882/5485/3370 2889/5486/3372 2707/5487/3371
f 2707/5487/3371 2889/5486/3372 2890/5488/3373
f 2707/5489/3371 2890/5490/3373 2708/5491/3374
f 2890/5492/3373 2891/5493/3375 2708/5494/3374
f 2708/5495/3374 2891/4763/3375 2892/4765/3376
f 2708/5495/3374 2892/4765/3376 2709/5496/3377
f 2892/5497/3376 2893/5498/3378 2709/5499/3377
f 2709/5499/3377 2893/5498/3378 2894/5500/3379
f 2709/5501/3377 2894/5502/3379 2704/5503/3380
f 2895/5504/3381 2693/5505/3382 2705/5506/3383
f 2894/309/3379 2898/5507/3384 2704/5508/3380
f 2704/5508/3380 2898/5507/3384 2897/5509/3385
f 2704/5510/3380 2897/5511/3385 2705/5512/3383
f 2705/5513/3383 2897/5514/3385 2896/5515/3386
f 2705/5513/3383 2896/5515/3386 2895/5516/3381
f 2895/5517/3381 2899/5518/3387 2693/4414/3382
f 2693/4414/3382 2899/5518/3387 2900/5519/3388
f 2693/4414/3382 2900/5519/3388 2694/4415/3389
f 2694/4415/3389 2900/5519/3388 2901/5520/3390
f 2694/4415/3389 2901/5520/3390 2703/4427/3391
f 2703/4427/3391 2901/5520/3390 2902/5421/3339
f 2703/4427/3391 2902/5421/3339 3090/5521/3392
f 3090/5521/3392 2902/5421/3339 3088/5423/3341
f 1941/3364/3393 55/2837/3393 1943/3366/3394
f 1943/3366/3394 55/2837/3393 53/2836/3394
f 1943/5522/3394 53/2969/3394 1945/5523/3395
f 1945/5523/3395 53/2969/3394 48/3073/3395
f 1945/5523/3395 48/3073/3395 1947/5524/3396
f 1947/5524/3396 48/3073/3395 46/3075/3396
f 1947/3372/3396 46/2832/3396 1949/3374/3397
f 1949/3374/3397 46/2832/3396 44/2831/3397
f 1949/5525/3397 44/3048/3397 1951/5526/1817
f 1951/5526/1817 44/3048/3397 30/3046/1817
f 1951/3378/1817 30/2848/1817 1953/3380/3398
f 1953/3380/3398 30/2848/1817 49/2847/3398
f 1953/5527/3398 49/3044/3398 1955/5528/3399
f 1955/5528/3399 49/3044/3398 51/3042/3400
f 1955/5528/3399 51/3042/3400 1957/5529/3401
f 1957/5529/3401 51/3042/3400 52/2977/3401
f 1957/5529/3401 52/2977/3401 1959/5530/3402
f 1959/5530/3402 52/2977/3401 112/3013/3402
f 1959/3388/3402 112/2842/3402 1961/3390/3403
f 1961/3390/3403 112/2842/3402 113/2841/3403
f 1961/5531/3403 113/3011/3403 1939/5532/3404
f 1939/5532/3404 113/3011/3403 57/3010/3404
f 1939/5532/3404 57/3010/3404 1941/5533/3393
f 1941/5533/3393 57/3010/3404 55/2970/3393
f 1966/3409/3393 89/2857/3393 1968/3411/3405
f 1968/3411/3405 89/2857/3393 91/2856/3405
f 1968/5534/3405 91/2988/3405 1970/5535/3406
f 1970/5535/3406 91/2988/3405 50/2979/3406
f 1970/5535/3406 50/2979/3406 1972/5536/3396
f 1972/5536/3396 50/2979/3406 38/2978/3396
f 1972/3417/3396 38/2852/3396 1974/3419/3397
f 1974/3419/3397 38/2852/3396 37/2851/3397
f 1974/5537/3397 37/2976/3397 1976/5538/1817
f 1976/5538/1817 37/2976/3397 35/2975/1817
f 1976/3423/1817 35/2868/1817 1978/3425/3407
f 1978/3425/3407 35/2868/1817 33/2867/3407
f 1978/5539/3407 33/2985/3407 1980/5540/3400
f 1980/5540/3400 33/2985/3407 31/2984/3400
f 1980/5540/3400 31/2984/3400 1982/5541/3401
f 1982/5541/3401 31/2984/3400 27/2981/3401
f 1982/5541/3401 27/2981/3401 1984/5542/3402
f 1984/5542/3402 27/2981/3401 41/2995/3408
f 1984/3433/3402 41/2862/3408 1986/3435/3409
f 1986/3435/3409 41/2862/3408 86/2861/3409
f 1986/5543/3409 86/2993/3409 1964/5544/3404
f 1964/5544/3404 86/2993/3409 87/2992/3404
f 1964/5544/3404 87/2992/3404 1966/5545/3393
f 1966/5545/3393 87/2992/3404 89/2990/3393
f 2759/5546/3410 2753/5547/3411 2752/5548/3411
f 2752/5548/3411 2779/5549/3412 2780/5550/3412
f 2612/4313/3413 2759/5546/3410 2613/4314/3411
f 2613/4314/3411 2759/5546/3410 2752/5548/3411
f 2613/4314/3411 2752/5548/3411 2781/5551/3413
f 2781/5551/3413 2752/5548/3411 2780/5550/3412
f 3048/5552/3414 3106/5553/3415 3047/5554/3416
f 3047/5554/3416 3106/5553/3415 3108/5555/3417
f 3101/5556/3418 3047/5554/3416 3099/5557/3419
f 3099/5557/3419 3047/5554/3416 3108/5555/3417
f 3099/5557/3419 3108/5555/3417 2477/4072/3420
f 2477/4072/3420 3108/5555/3417 2478/4073/3421
f 3101/5556/3418 3103/5558/3422 3047/5554/3416
f 3047/5554/3416 3103/5558/3422 3104/5559/3423
f 3047/5554/3416 3104/5559/3423 3044/5560/3424
f 2228/5561/3425 2227/5562/3426 2999/4934/3427
f 2214/5563/3428 2209/5564/3429 3014/4951/3430
f 3015/5565/3431 2217/3751/3432 3016/5566/3433
f 3016/5567/3433 2217/5568/3432 2215/5569/3434
f 3016/5566/3433 2215/3749/3434 3018/5570/3435
f 3018/5570/3435 2215/3749/3434 2214/3748/3428
f 3018/5570/3435 2214/3748/3428 3019/5571/3436
f 3019/4956/3436 2214/5563/3428 3014/4951/3430
f 3010/5572/3437 3009/5573/3438 2211/3745/3439
f 2211/3745/3439 3009/5573/3438 2209/3743/3429
f 2209/5564/3429 3009/4944/3438 3012/4949/3440
f 2209/5574/3429 3012/5575/3440 3014/5576/3430
f 2999/4934/3427 3007/4942/3441 2228/5561/3425
f 2228/3762/3425 3007/5577/3441 3006/5578/3442
f 2228/3762/3425 3006/5578/3442 2220/3754/3443
f 2220/3754/3443 3006/5578/3442 3004/5579/3444
f 2220/3754/3443 3004/5579/3444 2221/3755/3445
f 2221/3755/3445 3004/5579/3444 3003/5580/3446
f 2221/3755/3445 3003/5580/3446 2222/3756/3447
f 2222/3756/3447 3003/5580/3446 3011/5581/3448
f 2222/3756/3447 3011/5581/3448 2223/3757/3449
f 2223/3757/3449 3011/5581/3448 3010/5572/3437
f 2223/3757/3449 3010/5572/3437 2213/3747/3450
f 2213/3747/3450 3010/5572/3437 2211/3745/3439
f 2202/3734/3451 2201/3733/3452 2974/5582/3453
f 2974/5582/3453 2201/3733/3452 2975/5583/3454
f 2975/5583/3454 2201/3733/3452 2208/3742/3455
f 2975/5583/3454 2208/3742/3455 3020/5584/3456
f 2248/5585/3457 2978/4909/3458 2247/5586/3459
f 2247/5586/3459 2978/4909/3458 2986/4917/3460
f 2247/3781/3459 2986/5587/3460 2246/3780/3461
f 2974/5582/3453 2982/5588/3462 2202/3734/3451
f 2202/3734/3451 2982/5588/3462 2981/5589/3463
f 2202/3734/3451 2981/5589/3463 2248/3782/3457
f 2248/5585/3457 2981/4912/3463 2979/4910/3464
f 2248/5590/3457 2979/5591/3464 2978/5592/3458
f 2242/3776/3465 2984/5593/3466 2243/3777/3467
f 2243/3777/3467 2984/5593/3466 2991/5594/3468
f 2229/3763/3469 2238/3772/3470 2990/5595/3471
f 2990/5595/3471 2238/3772/3470 2991/5594/3468
f 2991/5594/3468 2238/3772/3470 2237/3771/3472
f 2991/5594/3468 2237/3771/3472 2243/3777/3467
f 2994/5596/3473 2234/3768/3474 2233/3767/3475
f 2994/5596/3473 2233/3767/3475 2992/5597/3476
f 2990/4921/3471 2988/4919/3477 2229/5598/3469
f 2229/3763/3469 2988/5599/3477 2987/5600/3478
f 2229/3763/3469 2987/5600/3478 2230/3764/3479
f 2230/3764/3479 2987/5600/3478 2992/5597/3476
f 2230/5601/3479 2992/5602/3476 2232/5603/3480
f 2232/3766/3480 2992/5597/3476 2233/3767/3475
f 2246/3780/3461 2986/5587/3460 2241/3775/3481
f 2241/3775/3481 2986/5587/3460 2985/5604/3482
f 2241/5605/3481 2985/5606/3482 2242/5607/3465
f 2242/3776/3465 2985/5604/3482 2984/5593/3466
f 2208/3742/3455 2207/3741/3483 3020/5584/3456
f 3020/5584/3456 2207/3741/3483 2206/3739/3484
f 3020/5584/3456 2206/3739/3484 3021/5608/3485
f 3021/5608/3485 2206/3739/3484 2205/3738/3486
f 3021/5608/3485 2205/3738/3486 3022/5609/3487
f 3022/5609/3487 2205/3738/3486 2204/3736/3488
f 3022/4961/3487 2204/5610/3488 3015/4952/3431
f 3015/5565/3431 2204/3736/3488 2203/3735/3489
f 3015/5565/3431 2203/3735/3489 2217/3751/3432
f 2234/3768/3474 2994/5596/3473 2235/3769/3490
f 2235/5611/3490 2994/4927/3473 2997/4932/3491
f 2235/3769/3490 2997/5612/3491 2236/3770/3492
f 2236/3770/3492 2997/5612/3491 2996/5613/3493
f 2236/3770/3492 2996/5613/3493 2224/3758/3494
f 2224/3758/3494 2996/5613/3493 3002/5614/3495
f 2224/3758/3494 3002/5614/3495 2225/3759/3496
f 2225/3759/3496 3002/5614/3495 3001/5615/3497
f 2225/5616/3496 3001/4936/3497 2227/5562/3426
f 2227/5562/3426 3001/4936/3497 3000/4935/3498
f 2227/5617/3426 3000/5618/3498 2999/5619/3427
f 2953/4876/3393 2936/5620/3393 2955/4878/3499
f 2955/4878/3499 2936/5620/3393 2935/5621/3499
f 2955/5622/3499 2935/4854/3499 2957/5623/3395
f 2957/5623/3395 2935/4854/3499 2934/4852/3395
f 2957/5623/3395 2934/4852/3395 2959/5624/3396
f 2959/5624/3396 2934/4852/3395 2933/4851/3396
f 2959/4884/3396 2933/5625/3396 2961/4886/3397
f 2961/4886/3397 2933/5625/3396 2945/5626/3397
f 2961/5627/3397 2945/4868/3397 2963/5628/1817
f 2963/5628/1817 2945/4868/3397 2947/4870/1817
f 2963/4890/1817 2947/5629/1817 2965/4892/3407
f 2965/4892/3407 2947/5629/1817 2928/5630/3407
f 2965/5631/3407 2928/4846/3407 2967/5632/3400
f 2967/5632/3400 2928/4846/3407 2930/4848/3400
f 2967/5632/3400 2930/4848/3400 2969/5633/3401
f 2969/5633/3401 2930/4848/3400 2925/4843/3401
f 2969/5633/3401 2925/4843/3401 2971/5634/3500
f 2971/5634/3500 2925/4843/3401 2939/4861/3500
f 2971/4900/3500 2939/5635/3500 2973/4902/3409
f 2973/4902/3409 2939/5635/3500 2938/5636/3409
f 2973/5637/3409 2938/4860/3409 2951/5638/3404
f 2951/5638/3404 2938/4860/3409 2937/4858/3404
f 2951/5638/3404 2937/4858/3404 2953/5639/3393
f 2953/5639/3393 2937/4858/3404 2936/4856/3393
f 1730/5640/3501 1729/5641/3502 1766/5642/3503
f 1733/3102/3504 1777/5643/3505 1731/3100/3506
f 1731/5644/3506 1777/3160/3505 1778/3161/3507
f 1731/5644/3506 1778/3161/3507 3084/5123/3508
f 3084/5123/3508 1778/3161/3507 3086/5124/3509
f 1766/5645/3503 1767/5646/3510 1730/5647/3501
f 1730/5647/3501 1767/5646/3510 1762/5648/3511
f 1730/5649/3501 1762/5650/3511 1737/5651/3512
f 1762/5652/3511 1763/5653/3513 1737/5654/3512
f 1737/5654/3512 1763/5653/3513 1764/5655/3514
f 1737/5656/3512 1764/5657/3514 1735/5658/3515
f 1735/3104/3515 1764/5659/3514 1773/5660/3516
f 1735/3104/3515 1773/5660/3516 1733/3102/3504
f 1733/5661/3504 1773/3156/3516 1775/3158/3517
f 1733/3102/3504 1775/5662/3517 1777/5643/3505
f 2680/4409/3518 2690/4408/3519 2681/5663/3520
f 2681/5663/3520 2690/4408/3519 1814/5664/3521
f 2681/5663/3520 1814/5664/3521 1811/5665/3522
f 1769/5666/3523 1768/5667/3524 3087/5668/3525
f 3087/5125/3525 1768/3149/3524 2692/5669/3526
f 3087/5670/3527 2692/4413/3528 3085/5671/3529
f 3085/5671/3529 2692/4413/3528 2691/4412/3530
f 1768/3149/3524 1782/3165/3531 2692/5669/3526
f 2692/5669/3526 1782/3165/3531 1784/3167/3532
f 2692/5669/3526 1784/3167/3532 2695/5672/3533
f 1760/5673/3534 2719/5674/3535 2696/5675/3536
f 1784/5676/3532 1788/5677/3537 2695/5678/3533
f 2695/5678/3533 1788/5677/3537 1790/5679/3538
f 2695/5680/3533 1790/5681/3538 2696/5682/3536
f 2696/5683/3536 1790/5684/3538 1791/5685/3539
f 2696/5683/3536 1791/5685/3539 1760/5686/3534
f 1760/5687/3534 1759/5688/3540 2719/5689/3535
f 2719/5689/3535 1759/5688/3540 1792/5690/3541
f 2719/5691/3535 1792/5692/3541 2720/5693/3542
f 2720/4449/3542 1792/5694/3541 1794/5695/3543
f 2720/4449/3542 1794/5695/3543 2721/4451/3544
f 1794/3179/3543 1796/3181/3545 2721/5696/3544
f 2721/5697/3544 1796/5698/3545 1798/5699/3546
f 2721/5696/3544 1798/3183/3546 2718/5700/3547
f 1798/3183/3546 1801/3186/3548 2718/5700/3547
f 2718/4445/3547 1801/5701/3548 1805/5702/3549
f 2718/4445/3547 1805/5702/3549 2690/4408/3519
f 2690/5703/3519 1805/3190/3549 1807/3192/3550
f 2690/4408/3519 1807/5704/3550 1814/5664/3521
f 2673/5705/3551 2672/5706/3552 2735/5707/3553
f 2657/4358/3554 2656/4357/3555 2671/5708/3556
f 2671/5708/3556 2656/4357/3555 2673/5705/3551
f 2671/5708/3556 2673/5705/3551 2737/5709/3556
f 2737/5709/3556 2673/5705/3551 2735/5707/3553
f 2745/5710/3557 2611/4312/3558 2610/4311/3559
f 2610/4311/3559 3078/5711/3560 2745/5710/3557
f 2745/5710/3557 3078/5711/3560 3079/5712/3561
f 2745/5710/3557 3079/5712/3561 2742/5713/3562
f 2638/4339/3563 1633/5714/3564 3083/5715/3565
f 2638/4339/3563 3083/5715/3565 2655/4356/3565
f 2655/4356/3565 3083/5715/3565 2673/5705/3551
f 2655/4356/3565 2673/5705/3551 2656/4357/3555
f 2611/4312/3558 2745/5710/3557 3074/5716/3566
f 2611/4312/3558 3074/5716/3566 2636/4337/3567
f 2636/4337/3567 3074/5716/3566 3075/5717/3568
f 2636/4337/3567 3075/5717/3568 2637/4338/3569
f 2637/5718/3569 3075/5080/3568 3071/5070/3570
f 2637/5718/3569 3071/5070/3570 2633/5719/3571
f 1633/5714/3564 2638/4339/3563 1631/5720/3572
f 1631/5720/3572 2638/4339/3563 2640/4341/3572
f 1631/5720/3572 2640/4341/3572 1629/5721/3573
f 1629/5721/3573 2640/4341/3572 2642/4343/3573
f 1629/5721/3573 2642/4343/3573 1627/5722/3574
f 1627/5722/3574 2642/4343/3573 2644/4345/3574
f 1627/5722/3574 2644/4345/3574 1625/5723/3575
f 1625/5723/3575 2644/4345/3574 2652/4353/3575
f 1625/5723/3575 2652/4353/3575 1623/5724/3576
f 1623/5724/3576 2652/4353/3575 2650/4351/3576
f 1623/5724/3576 2650/4351/3576 1621/5725/3577
f 1621/5725/3577 2650/4351/3576 2648/4349/3577
f 1621/5725/3577 2648/4349/3577 1619/5726/3578
f 1619/5726/3578 2648/4349/3577 2646/4347/3578
f 1619/2923/3578 2646/5727/3578 1617/2921/3579
f 1617/2921/3579 2646/5727/3578 2645/5728/3580
f 3066/5729/3581 2629/4330/3582 3067/5730/3583
f 3067/5730/3583 2629/4330/3582 2618/4319/3583
f 3067/5730/3583 2618/4319/3583 3068/5731/3584
f 3068/5731/3584 2618/4319/3583 2625/4326/3584
f 3068/5731/3584 2625/4326/3584 3069/5732/3585
f 3069/5732/3585 2625/4326/3584 2624/4325/3585
f 3069/5732/3585 2624/4325/3585 3070/5733/3586
f 3070/5733/3586 2624/4325/3585 2622/4323/3587
f 3070/5068/3586 2622/5734/3587 3071/5070/3570
f 3071/5070/3570 2622/5734/3587 2633/5719/3571
f 2629/4330/3582 3066/5729/3581 3073/5735/3588
f 2629/4330/3582 3073/5735/3588 2630/4331/3589
f 2630/4331/3589 3073/5735/3588 3072/5736/3590
f 2630/4331/3589 3072/5736/3590 2631/4332/3590
f 2631/5737/3590 3072/5071/3590 1617/2921/3579
f 2631/5737/3590 1617/2921/3579 2645/5728/3580
