<?xml version="1.0" encoding="utf-8"?>
<COLLADA xmlns="http://www.collada.org/2005/11/COLLADASchema" version="1.4.1" xmlns:xsi="http://www.w3.org/2001/XMLSchema-instance">
  <asset>
    <contributor>
      <author>Blender User</author>
      <authoring_tool>Blender 3.6.9 commit date:2024-02-19, commit time:16:48, hash:e958717a0c25</authoring_tool>
    </contributor>
    <created>2026-05-14T12:19:54</created>
    <modified>2026-05-14T12:19:54</modified>
    <unit name="meter" meter="1"/>
    <up_axis>Z_UP</up_axis>
  </asset>
  <library_effects>
    <effect id="分色槽-纯黑-effect">
      <profile_COMMON>
        <technique sid="common">
          <lambert>
            <emission>
              <color sid="emission">0 0 0 1</color>
            </emission>
            <diffuse>
              <color sid="diffuse">0 0 0 1</color>
            </diffuse>
            <reflectivity>
              <float sid="specular">0.8571528</float>
            </reflectivity>
            <index_of_refraction>
              <float sid="ior">1.5</float>
            </index_of_refraction>
          </lambert>
        </technique>
      </profile_COMMON>
    </effect>
  </library_effects>
  <library_images/>
  <library_materials>
    <material id="分色槽-纯黑-material" name="分色槽-纯黑">
      <instance_effect url="#分色槽-纯黑-effect"/>
    </material>
  </library_materials>
  <library_geometries>
    <geometry id="LINK_WRIST_PITCH_R-mesh" name="LINK_WRIST_PITCH_R">
      <mesh>
        <source id="LINK_WRIST_PITCH_R-mesh-positions">
          <float_array id="LINK_WRIST_PITCH_R-mesh-positions-array" count="2760">0.0137667 0.002404928 -0.008408486 0.0137667 0.007791101 -0.008794605 0.01230227 0.002381742 -0.008732318 0.01230227 0.007767915 -0.009118437 -0.007223606 0.002072215 -0.01305007 -0.007223606 0.007458388 -0.01343613 -0.008688032 0.002049028 -0.01337385 -0.008688032 0.007435202 -0.01375997 0.007220864 0.01012033 -0.01965862 0.008099555 0.01013427 -0.01946431 0.008099555 0.007042169 -0.0192427 0.01571464 0.007162868 -0.01755875 0.01571464 0.001776695 -0.01717269 0.007220864 0.001642107 -0.01905089 0.008299231 0.007021844 -2.2623e-4 0.008036732 0.006800174 9.76592e-4 0.009916782 0.00826025 -0.007630109 0.008525848 0.007631182 -0.00129491 0.008036732 0.01435482 4.35068e-4 0.00782305 0.01729542 0.001190543 0.007766902 0.01433885 0.001656413 0.007477462 0.01704537 0.002771496 0.007519006 0.01391756 0.002807855 0.00716114 0.01641029 0.004247367 0.007319808 0.01313674 0.003764688 0.009916782 0.005081892 -0.007402241 0.009702622 0.005302429 -0.00644946 0.006518661 0.006329238 0.007875442 0.007766902 0.006990253 0.002183139 0.007519006 0.007571399 0.003262758 0.008692145 0.01217013 -0.002372324 0.009085953 0.0145002 -0.004320144 0.008525848 0.01320838 -0.001694679 0.008828282 0.01570487 -0.0032413 0.008299231 0.01396387 -7.23844e-4 0.008519291 0.01660454 -0.001908421 0.008177399 0.01714551 -4.01118e-4 0.009746909 0.008776187 -0.00689888 0.008780062 0.009713947 -0.002593815 0.008692145 0.008562147 -0.002113699 0.007319808 0.008480668 0.004098415 0.007190942 0.009619593 0.004599511 0.006518661 0.01106709 0.007535815 0.007146358 0.01086467 0.004711806 0.006561994 0.01267421 0.007224738 0.007190942 0.01208096 0.004423081 0.006689369 0.01415741 0.006542503 0.006893098 0.01542806 0.00552988 0.009573757 0.009602785 -0.00617516 0.009449362 0.01059257 -0.005683362 0.008780062 0.01096165 -0.002683222 0.009389698 0.01147776 -0.005477011 0.009276866 0.01306253 -0.005080521 -2.86271e-4 0.01725429 -0.00405389 -7.93357e-4 0.01720345 -0.004763007 -0.003453791 0.01740044 -0.002014935 -9.67451e-4 0.01714229 -0.005616486 -0.001722276 0.016842 -0.009805262 -7.7845e-4 0.01708132 -0.006466865 -2.59033e-4 0.01703113 -0.007166981 0.002820551 0.01723289 -0.004352271 0.003770768 0.01751494 -4.17382e-4 0.003182649 0.01717609 -0.005144834 0.005502283 0.0169565 -0.008207738 0.003190279 0.01711368 -0.006015837 0.002842068 0.0170564 -0.006814599 5.00987e-4 0.01700037 -0.007595896 0.001370191 0.01699441 -0.007679402 0.002198278 0.0170142 -0.007403016 0.002166509 0.01727426 -0.003775119 0.001333713 0.01729303 -0.003513216 4.66129e-4 0.017286 -0.003611862 -0.001072943 0.01264286 -0.01244068 -0.001072943 0.01364028 -0.0125122 0.002539277 0.01270008 -0.01164191 0.006151616 0.01375478 -0.01091462 0.006151616 0.01275736 -0.01084315 -0.007449924 0.01396101 -0.003614485 -0.007719755 0.01415103 -0.002407908 -0.007797598 0.01704782 -0.002263545 -0.007449924 0.00661242 -0.003087759 -0.005918085 0.005054831 -0.009903669 -0.007719755 0.006596386 -0.0018664 -0.009101986 0.00608164 0.004421293 -0.007982254 0.006987333 -7.0751e-4 -0.00820887 0.007742881 2.6336e-4 -0.008143246 0.01679778 -6.82622e-4 -0.007982254 0.01392942 -0.001205086 -0.008459508 0.01616269 7.93219e-4 -0.00820887 0.01332008 -1.36418e-4 -0.00872755 0.01518046 0.002075731 -0.008931338 0.01390981 0.003088355 -0.008375167 0.01238906 6.82359e-4 -0.009058654 0.01242661 0.003770589 -0.008463084 0.01123732 0.001162469 -0.009101986 0.01081949 0.004081666 -0.00847429 0.01061707 0.001257658 -0.008463084 0.009989559 0.001251876 -0.008375167 0.008781135 9.40979e-4 -0.007202029 0.007033646 -0.004239201 -0.00700283 0.007814466 -0.005196034 -0.006873965 0.008870244 -0.005854427 -0.007443249 0.01689791 -0.003855288 -0.007101356 0.01635694 -0.00536257 -0.007202029 0.01337981 -0.004694104 -0.006792366 0.01545727 -0.006695449 -0.00700283 0.01247054 -0.005529761 -0.006534695 0.0142526 -0.007774293 -0.006873965 0.01133161 -0.006030857 -0.00682938 0.01008659 -0.006143152 -0.006046891 0.009355187 -0.009629368 -0.005703866 0.004834294 -0.01085644 -0.005703866 0.008012652 -0.01108425 -0.005873739 0.00852859 -0.01035308 -0.006343781 0.01281493 -0.008534669 -0.006231009 0.01123017 -0.008931159 -0.006171345 0.01034498 -0.009137511 8.74987e-4 0.01001971 -0.02106189 0.001753628 0.01003366 -0.02086758 8.74987e-4 0.006927669 -0.02084022 0.001753628 0.001555442 -0.02025985 -0.006740093 0.006806969 -0.02252411 -0.006740093 0.001420795 -0.02213805 0.006417453 0.01189279 -0.01059377 0.005610942 0.01055455 -0.006850659 0.005754411 0.009509801 -0.007424473 0.006396353 0.007989823 -0.01021873 0.008327484 0.007367014 -0.01890724 0.008327484 0.009860634 -0.01908594 0.006525337 0.01111376 -0.01102596 0.00579518 0.01666194 -0.00812149 0.004502415 0.01707887 -0.002305328 0.004638791 0.01681154 -0.002902686 0.006877362 0.01032829 -0.0125615 0.006686866 0.01056432 -0.01171696 0.006196618 0.008161842 -0.009327828 0.005955636 0.008687555 -0.008275747 0.005430281 0.01311093 -0.006216824 0.006350934 0.01462179 -0.01048868 0.006267964 0.01539933 -0.01016902 0.005548119 0.01145517 -0.006631076 0.006379544 0.01278293 -0.01048624 0.006379544 0.01378041 -0.01055771 0.004961609 0.01587158 -0.004295229 0.005230784 0.01461297 -0.005422413 0.005975723 0.01647192 -0.008924543 0.006138682 0.0160368 -0.009630084 5.17167e-4 0.009736835 -0.02081304 5.17167e-4 0.007243216 -0.02063429 -9.32979e-4 0.01020449 -0.0142886 -0.001413941 0.007866024 -0.01194584 -0.001123428 0.01044052 -0.013444 -0.001613676 0.008038043 -0.01105493 -0.001284956 0.01098996 -0.01275306 -0.001430749 0.01365661 -0.01228481 -0.001430749 0.01265913 -0.01221334 -0.002380013 0.01298713 -0.007943928 -0.00257951 0.01448917 -0.007149517 -0.002848684 0.01574778 -0.006022334 -0.002015173 0.01653814 -0.009848594 -0.003171563 0.01668775 -0.00462979 -0.003307878 0.01695507 -0.004032433 -0.001854658 0.008563756 -0.01000285 -0.002055943 0.009386003 -0.009151518 -0.001392841 0.01176899 -0.01232087 -0.002199351 0.01043075 -0.008577704 -0.002262175 0.01133137 -0.00835812 -0.001671671 0.015913 -0.01135718 -0.001542389 0.01527553 -0.01189613 -0.00145936 0.01449799 -0.01221579 -0.001834571 0.01634812 -0.01065164 0.002255678 0.005984425 0.007260739 0.006160855 0.006046295 0.008124232 0.006160855 0.01108336 0.007763206 -0.008874058 0.01084506 0.004438579 -0.008874058 0.005807995 0.004799604 -0.004968881 0.005869925 0.005663156 -0.004968881 6.33362e-4 0.006038546 0.002255678 7.47876e-4 0.00763607 -0.00328809 -0.004834473 -0.0025599 -0.003039419 -0.005922138 -0.003606498 -0.003348231 -0.006414055 -0.002174675 -0.001850426 0.004669964 -0.009742677 -0.001657009 0.004213213 -0.01058477 -0.001651346 0.00208199 -0.01045757 -0.001501321 0.003503084 -0.01123785 -0.001388072 0.002172231 -0.01165467 -0.001399934 0.002614915 -0.01163274 -0.001374602 0.00216788 -0.01171535 -0.002012908 0.004817485 -0.009018659 -0.001893103 0.001648664 -0.009333193 -0.002093613 9.07818e-4 -0.00837326 -0.003903746 0.0050264 -4.82634e-4 -0.004205226 0.00471574 9.02922e-4 -0.005196809 0.005844295 0.005306243 -0.004469513 0.004018187 0.002148151 -0.00358957 0.004925072 -0.001896202 -0.00328809 0.004419922 -0.00322324 -0.003023803 0.0035519 -0.004356324 -0.004805803 -0.001150965 0.004039406 -0.005158245 -9.35607e-4 0.005617856 -0.004850506 2.96606e-4 0.004137814 -0.005196809 6.07779e-4 0.005681633 -0.004805803 0.001715302 0.003833949 -0.004675269 0.002990305 0.00315231 -0.00358957 -0.005145192 -0.00117433 -0.003678262 -0.006557345 -6.71968e-4 -0.003903746 -0.005043864 2.39217e-4 -0.004011929 -0.006344377 8.2166e-4 -0.004205226 -0.004538714 0.00156629 -0.004331469 -0.005786597 0.00222671 -0.004469513 -0.003670692 0.002699315 -0.004619956 -0.004913508 0.003468573 -0.004675269 -0.00251007 0.003546595 -0.00486195 -0.003771662 0.004481077 -0.005044579 -0.002421736 0.005210459 -0.002768218 -0.00510782 -0.004891395 -0.003023803 -0.004136919 -0.00380516 -0.002549052 -0.004014372 -0.005960941 -0.002818048 -0.003109037 -0.004809319 -0.002393543 -0.002699971 -0.006758272 -0.002687513 -0.001834094 -0.005490958 -0.002310037 -0.001234471 -0.007240951 -0.00264281 -4.15381e-4 -0.005794823 -0.002236485 -8.01585e-5 -0.007656335 -0.002687513 0.001032173 -0.005696415 -0.002818048 0.002391338 -0.005203604 0.006422221 0.00229603 -0.00992757 0.006435751 0.002291679 -0.009988307 0.00641036 0.002738714 -0.009905636 0.005797445 0.004941284 -0.007291555 0.005917191 0.001772463 -0.007606089 0.005959868 0.004793763 -0.008015573 0.006158947 0.002205789 -0.008730471 0.006153285 0.004337012 -0.008857667 0.005716681 0.001031577 -0.006646215 0.004522204 0.004543721 -0.001496195 0.004786491 0.003675699 -0.00262922 0.006308972 0.003626883 -0.009510755 0.005167484 -2.91582e-4 -0.004067718 0.005573809 4.36405e-5 -0.005929291 0.00512278 0.001155972 -0.003969311 0.004992246 0.002515137 -0.0034765 0.003004491 0.001839101 0.005561053 0.003135025 0.003114104 0.004879415 0.002613484 0.005968093 0.007033348 0.00334078 0.004141986 0.003875255 0.003605067 0.004839539 0.002629995 0.004220724 0.005048871 -1.69124e-4 0.003906548 0.005150198 0.001244425 0.004522204 -0.004710674 -8.32829e-4 0.004770874 -0.005798339 -0.001879453 0.004786491 -0.004013121 -0.002078056 0.005042076 -0.004984021 -0.003164291 0.004992246 -0.002985239 -0.003082215 0.005261242 -0.003890573 -0.004233837 0.00512278 -0.001710295 -0.003763854 0.00541675 -0.002576172 -0.005031168 0.005500257 -0.001110672 -0.005513846 0.003004491 -0.001027166 0.00576651 0.002765715 -0.002297937 0.006937563 0.003135025 -0.002386271 0.005273699 0.002948403 -0.003647863 0.006208181 0.00334078 -0.003546893 0.004426419 0.003190398 -0.00478971 0.005195677 0.003605067 -0.004414916 0.003293335 0.003478825 -0.005662798 0.003953814 0.003906548 -0.004920065 0.001966297 0.003798365 -0.006220579 0.002548694 0.004220724 -0.005021393 5.52727e-4 0.004132032 -0.006433546 0.001055061 0.004462063 -0.006290256 -4.47597e-4 0.002959787 4.20405e-4 0.005864918 0.002613484 7.31578e-4 0.007408678 0.002652049 -8.11808e-4 0.007344961 -0.004928588 -9.79131e-4 0.005971908 0.00229597 -8.64617e-4 0.007569432 -0.004809856 -0.002531826 0.005546271 0.002414703 -0.002417325 0.007143795 -0.004618942 -0.003942191 0.004784226 0.002605557 -0.003827631 0.006381809 -0.004366159 -0.005135178 0.003726363 0.0028584 -0.005020618 0.005323946 -0.004064798 -0.006047308 0.002428948 0.003159761 -0.005932807 0.004026472 -0.003730952 -0.006630122 9.60953e-4 0.003493607 -0.006515622 0.002558469 -0.003382325 -0.006852567 -5.99554e-4 0.003842175 -0.006738066 9.98e-4 -0.003037512 -0.006702899 -0.002169549 0.004186987 -0.006588399 -5.71999e-4 -0.002714872 -0.006188988 -0.003665506 0.004509687 -0.006074428 -0.002067983 -0.002431511 -0.005338191 -0.005007922 0.004792988 -0.005223691 -0.003410339 -0.00220251 -0.004195749 -0.00612533 0.005021989 -0.004081249 -0.004527807 -0.002040088 -0.002822458 -0.006958365 0.005184412 -0.002707958 -0.005360782 -0.001952826 -0.001291394 -0.00746268 0.005271673 -0.001176893 -0.005865097 -0.0044927 2.80308e-4 0.003910481 0.002731859 3.94822e-4 0.005508005 -0.004450619 -0.001082062 0.003817796 0.00277394 -9.67605e-4 0.00541538 -0.004327774 -0.002361297 0.003354012 0.002896785 -0.002246797 0.004951536 -0.004134118 -0.003453612 0.002556562 0.003090441 -0.003339111 0.004154145 -0.003885328 -0.004270613 0.001490175 0.003339171 -0.004156053 0.003087699 -0.00360161 -0.004746019 2.41176e-4 0.003622889 -0.004631519 0.001838684 -0.003305912 -0.004841387 -0.001089215 0.003918588 -0.004726886 5.08306e-4 -0.003022193 -0.004548966 -0.002393245 0.004202306 -0.004434466 -7.95746e-4 -0.002773463 -0.003892421 -0.003565311 0.004451096 -0.003777921 -0.001967728 -0.002579808 -0.002925038 -0.004510343 0.004644751 -0.002810478 -0.002912819 -0.002456963 -0.001725077 -0.005151927 0.004767596 -0.001610517 -0.003554344 -0.002414882 -3.89798e-4 -0.00543791 0.004809677 -2.75284e-4 -0.003840386 -0.002456963 9.7263e-4 -0.005345284 0.004767596 0.001087129 -0.003747701 -0.002579808 0.002251803 -0.004881441 0.004644751 0.002366304 -0.003283917 -0.002773463 0.003344118 -0.00408405 0.004451096 0.003458619 -0.002486467 -0.003022193 0.004161119 -0.003017604 0.004202306 0.004275619 -0.00142008 -0.003305912 0.004636526 -0.001768589 0.003918588 0.004751026 -1.71083e-4 -0.00360161 0.004731893 -4.38213e-4 0.003622889 0.004846394 0.00115931 -0.003885328 0.004439473 8.65839e-4 0.003339171 0.004553973 0.00246334 -0.004134118 0.003782927 0.002037823 0.003090441 0.003897488 0.003635406 -0.004327774 0.002815544 0.002982914 0.002896785 0.002930045 0.004580438 -0.004450619 0.001615583 0.003624439 0.00277394 0.001730084 0.005222022 -6.94625e-4 0.01135319 -0.004367589 -5.95638e-4 0.01176947 -0.004203617 -0.00664246 0.0112589 -0.005682826 -7.07056e-4 0.01182985 -0.00420171 -0.006761133 0.01230788 -0.005221307 -0.00664246 0.008991837 -0.005520343 -7.57375e-4 0.009631454 -0.004403471 -0.006601393 0.01011216 -0.00578624 -7.74965e-4 0.01020449 -0.004497885 -7.57306e-4 0.01078623 -0.004486024 -2.09857e-4 0.008123278 -0.003465235 -3.99932e-4 0.00831902 -0.003677189 -0.006761133 0.008019447 -0.004913866 -5.39324e-4 0.008556962 -0.00388211 -6.94625e-4 0.009086132 -0.004205107 1.63128e-5 0.007986068 -0.003277957 -0.006944596 0.007300257 -0.004032611 0.00144267 0.008008658 -0.002962529 0.002183675 0.008600115 -0.003279983 0.00827372 0.008257746 -0.001589238 0.008342146 0.008718371 -0.001931726 0.002444565 0.009135901 -0.003510951 0.008392453 0.009230136 -0.002195715 0.002568423 0.009683251 -0.003667831 0.008423149 0.009779214 -0.002373933 0.002606987 0.01025813 -0.003750026 0.00827372 0.01254624 -0.001896619 0.00190705 0.01244533 -0.003304481 0.002166509 0.0121873 -0.003410518 0.008342146 0.01204144 -0.002169907 0.00237149 0.0118786 -0.003520965 0.008392453 0.01149725 -0.002358198 0.008433461 0.01035046 -0.002461612 0.008423149 0.01092839 -0.002456307 0.002568542 0.01083832 -0.003750681 0.002444565 0.01140296 -0.003673434 0.002273142 0.01181495 -0.003569245 5.31317e-5 0.01272565 -0.003475546 4.66129e-4 0.01283407 -0.003292739 -0.006944596 0.01314544 -0.004451632 -5.77869e-4 0.01214253 -0.004018127 -3.94463e-4 0.01240885 -0.003813445 -2.86271e-4 0.01251596 -0.003714263 8.99533e-4 0.01284039 -0.003197371 0.001333713 0.01275134 -0.003187656 0.008090257 0.01338374 -0.001127004 0.001638114 0.01262247 -0.00323069 0.008189022 0.01299774 -0.001545786 0.001977682 0.008356332 -0.003151059 0.001722395 0.008153915 -0.003037929 0.008189022 0.007860839 -0.001177608 0.008090257 0.007538557 -7.08022e-4 0.007980227 0.007299602 -1.93288e-4 -0.007173001 0.006912291 -0.002972066 0.007861912 0.00715059 3.52541e-4 0.007738471 0.007095456 9.14575e-4 -0.007421493 0.006897509 -0.001847147 0.00761336 0.007135808 0.001477479 0.007489979 0.007270514 0.002025902 -0.007663249 0.00725758 -7.79737e-4 0.007371664 0.00749588 0.002544879 0.007261633 0.007805824 0.003020286 -0.007872045 0.007953464 1.14485e-4 0.007162868 0.008191764 0.003439068 0.007078111 0.008643329 0.003789961 -0.008025169 0.008909761 7.38607e-4 0.007009685 0.009148061 0.004063189 0.006959438 0.009692311 0.00425148 -0.008106172 0.01002281 0.001024961 0.006928741 0.01026111 0.004349589 0.00691843 0.0108391 0.004354894 -0.008116483 0.01060074 0.001030266 0.006928741 0.01141035 0.004267215 -0.008106172 0.01117205 9.42621e-4 0.006959438 0.01195937 0.004088997 -0.008025169 0.01223289 5.00404e-4 0.007009685 0.01247119 0.003825008 0.007078111 0.01293182 0.00348252 -0.007872045 0.01309037 -2.53732e-4 0.007162868 0.01332867 0.00307089 0.007261633 0.01365095 0.002601265 -0.007663249 0.0136516 -0.001238048 0.007371664 0.0138899 0.00208652 0.007489979 0.01403898 0.00154072 -0.007421493 0.01385575 -0.002345919 0.00761336 0.01409405 9.78711e-4 0.007738471 0.0140537 4.15802e-4 -0.007173001 0.01368069 -0.003457248 0.007861912 0.01391899 -1.32627e-4 0.007980227 0.01369363 -6.51616e-4 0.002798259 0.00794655 -0.0038293 0.002183675 0.007989048 -0.003236174 0.002821147 0.01177406 -0.004139006 -5.39324e-4 0.007945895 -0.0038383 -8.5089e-4 0.01171588 -0.004951 -8.45036e-4 0.007888793 -0.004634916 0.00311309 0.01171731 -0.004931092 0.003108322 0.007889509 -0.004624247 0.003050625 0.01165699 -0.00577265 0.003057122 0.007828533 -0.005475699 0.002644896 0.01160389 -0.006513118 0.002654016 0.007774591 -0.00622797 0.001968502 0.01156759 -0.007020056 0.001972734 0.007737636 -0.00674355 0.001142561 0.01155447 -0.007202684 0.001137852 0.007724404 -0.006928145 3.14783e-4 0.01156699 -0.0070284 3.02008e-4 0.007737278 -0.00674808 -3.66682e-4 0.01160281 -0.006528258 -3.82047e-4 0.007773995 -0.006236195 -7.79886e-4 0.01165562 -0.005791902 -7.89208e-4 0.007827758 -0.005486071 -0.005874514 0.01127415 -0.009156942 -0.005992352 0.01292991 -0.00874269 -0.00619179 0.01443195 -0.007948279 -0.006461024 0.0156905 -0.006821095 -0.006783843 0.01663047 -0.005428552 -0.007141053 0.01719564 -0.003853738 -0.003306925 0.01725643 -0.003005921 0.00789386 0.01743394 -5.29131e-4 0.004059731 0.0173732 -0.001376926 0.007523655 0.01759064 0.001133799 0.00825107 0.01686877 -0.002103924 0.008573889 0.0159288 -0.003496468 0.008843064 0.01467025 -0.004623651 0.009042561 0.01316821 -0.005418062 0.009160399 0.01151245 -0.005832254 -0.007511258 0.01735228 -0.002190768 -0.007872343 0.01709103 -5.39044e-4 0.00716257 0.01732933 0.002785563 -0.008202791 0.01642751 0.001002848 0.006832122 0.01666581 0.004327476 -0.008482813 0.0154013 0.00234282 0.00655204 0.0156396 0.005667448 -0.008695721 0.01407378 0.003400802 0.006339192 0.01431208 0.00672543 -0.008828759 0.01252418 0.004113554 0.006206095 0.01276248 0.007438182 -0.002067565 0.007300496 -0.01983469 -0.001369893 0.007365524 -0.01892775 -0.007666826 0.007173836 -0.02160191 -0.009128093 0.00764513 -0.01502734 -0.007518827 0.0074234 -0.01812034 -0.007568776 0.007505297 -0.01697826 -0.003034174 0.007256507 -0.02044892 -0.006683707 0.007129073 -0.02222663 -0.004153072 0.007238745 -0.02069634 -0.007080197 0.007347702 -0.01917648 -0.006305932 0.007287263 -0.02001929 -0.005289375 0.007249474 -0.02054709 -0.001513838 0.007601261 -0.01563936 -0.001075267 0.007525563 -0.01669549 -0.001025259 0.007443666 -0.01783752 -0.002288103 0.00766164 -0.01479655 -0.003304719 0.007699489 -0.01426869 -0.005846977 0.007795751 -0.0129261 -0.004440963 0.007710218 -0.0141195 -0.005559861 0.007692456 -0.01436692 -0.007224142 0.007583439 -0.01588803 -0.008501827 0.007715404 -0.01404672 -0.00652647 0.007648408 -0.01498109 -0.007158696 0.007736682 -0.01374971 -0.006431162 0.00775808 -0.01345145 -0.009447932 0.001963734 -0.01456356 -0.009447932 0.007349908 -0.01494961 -0.007932841 0.001475095 -0.02138012 -0.007932841 0.006861269 -0.02176624 0.01647454 0.001861989 -0.01598298 0.01647454 0.007248163 -0.0163691 0.01495945 0.002350628 -0.009166419 0.01495945 0.007736802 -0.009552478 0.001400768 0.001699686 -0.01405137 0.001019597 0.001757204 -0.01324909 -0.001072943 0.001870512 -0.0116685 0.00102514 0.001820802 -0.01236134 -0.001095175 0.001877665 -0.01156848 0.006129324 0.001992166 -0.009970903 0.003851175 0.001916587 -0.01102542 0.006151616 0.001985013 -0.01007097 0.004543602 0.001876592 -0.01158326 0.004924774 0.001819074 -0.01238554 0.01235771 0.001868128 -0.0117017 0.01301175 0.001826763 -0.01227879 0.01469343 0.002038061 -0.009330749 0.001416325 0.001877963 -0.01156383 0.002115666 0.001917362 -0.01101464 0.002984642 0.00193113 -0.01082247 -0.009128093 0.001660466 -0.01459836 -0.007666826 0.001189231 -0.02117294 -0.006207942 0.00142759 -0.01784753 0.0161547 0.001566767 -0.01590532 -0.002246797 0.001522302 -0.01652556 0.002093195 0.001659691 -0.01460921 -0.002608954 0.001579165 -0.015733 -0.003262937 0.001620531 -0.01515585 -0.004095733 0.001639306 -0.01489394 -0.002587378 0.001402616 -0.01819527 -0.003231227 0.001360476 -0.01878368 0.001688718 0.001277148 -0.01994627 0.01337385 0.0017699 -0.01307135 0.01338148 0.001707494 -0.01394236 0.01552844 0.001496493 -0.01688593 0.002246975 0.001566112 -0.01591503 0.002959728 0.001645147 -0.01481217 0.003068387 0.00159192 -0.01555454 0.003828704 0.001658916 -0.01462 0.004044711 0.001607418 -0.01533865 0.004528045 0.001698315 -0.0140708 0.00494194 0.001608788 -0.0153191 0.01371031 0.002082824 -0.008706033 0.01236718 0.002061545 -0.009003043 0.01152491 0.001886904 -0.01143974 0.0117737 0.00205779 -0.009055435 0.01065731 0.001879811 -0.01153838 0.01119339 0.002064943 -0.008956074 0.009904921 0.001848101 -0.01198041 0.009397804 0.001797318 -0.01268953 0.009223699 0.001736104 -0.013543 0.00491923 0.001755475 -0.01327335 0.009412705 0.001675188 -0.01439338 0.01303327 0.001650214 -0.01474112 0.01238948 0.001608073 -0.01532953 0.01156139 0.001588225 -0.01560592 0.01069217 0.001594245 -0.01552242 0.00993216 0.001625001 -0.0150935 -0.006683707 0.001144409 -0.02179765 -0.006396949 0.001488506 -0.01699721 -0.006222844 0.00154972 -0.01614367 -0.008501827 0.00173074 -0.01361775 -0.005715787 0.001600503 -0.01543462 -0.007158696 0.001752078 -0.01332074 -0.004059314 0.001340627 -0.01906007 -0.004928529 0.001346647 -0.01897662 -0.005688548 0.001377403 -0.01854771 -0.004963397 0.001632213 -0.01499253 -0.006114721 0.001790583 -0.0127834 -0.006598591 0.001766562 -0.01311802 0.005778312 0.001585543 -0.01564353 0.006426572 0.001541197 -0.01626253 0.006788015 0.001482427 -0.01708185 0.007155954 0.001363813 -0.01873731 -0.002239167 0.001459896 -0.0173965 0.001320719 0.001395821 -0.01829081 0.001301169 0.001459956 -0.01739591 0.001626431 0.001519739 -0.01656162 0.0161547 0.007551431 -0.01633429 0.01459538 0.007691264 -0.01438337 0.01454544 0.00777316 -0.01324129 0.01469343 0.008022725 -0.009759724 0.00810188 0.007670998 -0.01466614 0.008540451 0.0075953 -0.01572227 0.009314715 0.007534861 -0.01656508 0.01033133 0.007497072 -0.01709294 0.01146757 0.007486343 -0.01724213 0.01552844 0.007481157 -0.01731491 0.01258647 0.007504105 -0.01699471 0.01355308 0.007548093 -0.01638054 0.01425075 0.007613122 -0.0154736 0.009094178 0.007896006 -0.01152694 0.008396506 0.007831037 -0.01243388 0.008051872 0.007752895 -0.01352411 0.01410686 0.007848858 -0.01218515 0.01333254 0.007909238 -0.01134234 0.01371031 0.008067488 -0.009135007 0.01231598 0.007947087 -0.01081454 0.01006078 0.007940053 -0.01091271 0.01082944 0.008060097 -0.009238481 0.01117968 0.007957816 -0.01066529 0.01158148 0.008043587 -0.009468317 0.01236718 0.008046209 -0.009432017 0.006426572 0.01031869 -0.01689171 0.004528045 0.01047575 -0.01469999 0.00491923 0.01053291 -0.01390254 0.001320719 0.01017326 -0.01892 0.001301169 0.01023745 -0.0180251 -6.4009e-4 0.01050835 -0.01424527 0.001019597 0.01053464 -0.01387828 0.001400768 0.01047718 -0.01468056 0.002093195 0.01043719 -0.0152384 0.001626431 0.01029723 -0.01719081 0.006788015 0.01025992 -0.01771104 0.004924774 0.01059657 -0.01301473 0.006584465 0.01062285 -0.01264774 0.005778312 0.01036304 -0.01627272 0.00494194 0.01038628 -0.01594829 0.003828704 0.01043641 -0.01524919 0.004044711 0.01038491 -0.01596784 0.002959728 0.01042264 -0.01544135 0.003068387 0.01036942 -0.01618373 0.002246975 0.01034355 -0.01654422 0.006495118 0.001777052 -0.01716804 0.006495118 0.009956061 -0.01775431 0.006863057 0.00165838 -0.0188235 0.006863057 0.009837388 -0.01940977 0.003133356 0.001870214 -0.01586812 0.003133356 0.01004922 -0.01645439 0.004109621 0.001885712 -0.01565223 0.004109621 0.01006472 -0.01623851 0.001981556 0.001581013 -0.01990294 0.001981556 0.009760022 -0.02048921 0.001613616 0.001699686 -0.01824748 0.001613616 0.009878695 -0.01883375 0.01429796 0.00739485 -0.01432287 0.01428931 0.004697382 -0.01419067 0.01425254 0.004776179 -0.01309156 0.01428931 0.007390499 -0.01438367 0.01398468 0.007323801 -0.01531398 0.01392555 0.004622995 -0.01522874 0.01392555 0.007316052 -0.0154218 0.01335042 0.007264673 -0.01613843 0.01321041 0.004562973 -0.01606565 0.01321041 0.00725609 -0.01625871 0.01247167 0.007224678 -0.01669681 0.01224046 0.004525542 -0.01658838 0.01224046 0.007218599 -0.01678144 0.01145452 0.007208526 -0.01692175 0.01114666 0.004515647 -0.01672637 0.01114666 0.007208704 -0.01691937 0.01042151 0.007218301 -0.01678609 0.01007676 0.004534661 -0.01646083 0.01007676 0.007227778 -0.01665389 0.009497344 0.007252693 -0.01630628 0.0091753 0.00458002 -0.01582777 0.0091753 0.007273137 -0.01602083 0.008793473 0.007307589 -0.01554006 0.008563935 0.004645645 -0.01491266 0.008563935 0.007338702 -0.01510572 0.008394777 0.004683315 -0.01438689 0.008394777 0.007376432 -0.01457995 0.008325338 0.004722595 -0.01383906 0.008325338 0.007415711 -0.01403212 0.008349299 0.007450819 -0.01354169 0.008491635 0.004800498 -0.01275199 0.008491635 0.007493615 -0.01294499 0.008662641 0.007521867 -0.01255059 0.009040415 0.004868865 -0.0117982 0.009040415 0.007561981 -0.01199126 0.009296894 0.007580995 -0.01172608 0.009897589 0.004918456 -0.01110661 0.009897589 0.007611572 -0.01129966 0.01017558 0.00762099 -0.01116776 0.01094734 0.004942536 -0.01077055 0.01094734 0.007635653 -0.01096361 0.01119279 0.007637143 -0.01094281 0.01204794 0.004937887 -0.0108354 0.01204794 0.007631003 -0.01102846 0.01222574 0.007627427 -0.01107847 0.01305067 0.004905164 -0.01129245 0.01305067 0.007598221 -0.01148551 0.01314991 0.007593035 -0.01155829 0.01382017 0.004848718 -0.01208001 0.01382017 0.007541775 -0.01227301 0.01385384 0.00753808 -0.01232451 0.01425254 0.007469296 -0.01328462 0.01156139 0.004580557 -0.01582038 0.01069217 0.004586577 -0.01573693 0.00993216 0.004617273 -0.01530802 0.009412705 0.00466746 -0.01460784 0.009223699 0.004728436 -0.01375752 0.009397804 0.00478965 -0.01290398 0.009904921 0.004840433 -0.01219493 0.01065731 0.004872143 -0.01175284 0.01152491 0.004879236 -0.01165425 0.01235771 0.00486046 -0.01191616 0.01301175 0.004819035 -0.01249331 0.01337385 0.004762232 -0.01328587 0.01338148 0.004699826 -0.01415681 0.01303327 0.004642546 -0.01495558 0.01238948 0.004600405 -0.01554405 -0.001322686 0.007147252 -0.01777702 -0.001331388 0.004449784 -0.01764482 -0.001368165 0.004528582 -0.01654577 -0.001331388 0.007142901 -0.01783788 -0.001636028 0.007076203 -0.01876813 -0.001695096 0.004375398 -0.01868289 -0.001695096 0.007068455 -0.01887595 -0.002270281 0.007017076 -0.01959264 -0.002410292 0.004315376 -0.01951986 -0.002410292 0.007008492 -0.01971286 -0.003148972 0.006977081 -0.02015101 -0.003380239 0.004277944 -0.02004259 -0.003380239 0.006971001 -0.02023559 -0.004166185 0.006960928 -0.0203759 -0.004474043 0.00426805 -0.02018052 -0.004474043 0.006961107 -0.02037358 -0.005199134 0.006970703 -0.0202403 -0.005543887 0.004287064 -0.01991504 -0.005543887 0.00698018 -0.0201081 -0.006123304 0.007005095 -0.01976042 -0.006445407 0.004332423 -0.01928198 -0.006445407 0.007025539 -0.01947504 -0.006827235 0.007059991 -0.01899421 -0.007056713 0.004398047 -0.01836687 -0.007056713 0.007091104 -0.01855987 -0.00722593 0.007128834 -0.0180341 -0.00729537 0.004474997 -0.01729321 -0.00729537 0.007168114 -0.01748627 -0.007271349 0.007203221 -0.0169959 -0.007129073 0.0045529 -0.01620614 -0.007129073 0.007246017 -0.0163992 -0.006958067 0.00727427 -0.01600474 -0.006580233 0.004621267 -0.01525241 -0.006580233 0.007314383 -0.01544541 -0.006323814 0.007333397 -0.01518028 -0.005723118 0.004670858 -0.01456075 -0.005723118 0.007363975 -0.01475381 -0.005445063 0.007373392 -0.01462191 -0.004673361 0.004694938 -0.0142247 -0.004673361 0.007388055 -0.01441776 -0.004427909 0.007389545 -0.01439696 -0.003572762 0.004690289 -0.01428961 -0.003572762 0.007383406 -0.01448261 -0.003394901 0.007379829 -0.01453262 -0.002569973 0.004657566 -0.01474666 -0.002569973 0.007350623 -0.01493972 -0.002470731 0.007345438 -0.0150125 -0.001800477 0.00460112 -0.01553416 -0.001800477 0.007294178 -0.01572722 -0.00176686 0.007290482 -0.01577866 -0.001368165 0.007221698 -0.01673877 -0.004059314 0.004332959 -0.01927459 -0.004928529 0.004338979 -0.01919108 -0.005688548 0.004369676 -0.01876217 -0.006207942 0.004419863 -0.01806205 -0.006396949 0.004480838 -0.01721167 -0.006222844 0.004542052 -0.01635819 -0.005715787 0.004592835 -0.01564908 -0.004963397 0.004624545 -0.01520705 -0.004095733 0.004631578 -0.0151084 -0.003262937 0.004612863 -0.01537036 -0.002608954 0.004571437 -0.01594746 -0.002246797 0.004514634 -0.01674002 -0.002239167 0.004452228 -0.01761102 -0.002587378 0.004394948 -0.01840978 -0.003231227 0.004352807 -0.0189982 0.00100255 0.0107423 -0.01311099 0.00102514 0.01079589 -0.01300466 0.003851175 0.01144516 -0.01170843 0.004046797 0.01127052 -0.01180595 0.002115666 0.01224583 -0.01175498 0.002984642 0.0122596 -0.01156282 0.003319501 0.01193791 -0.01157021 0.001285374 0.01122671 -0.01241654 0.001416325 0.01140654 -0.01224684 0.001825034 0.01191425 -0.01190066 0.004543602 0.01085162 -0.01222664 0.004802823 0.01066154 -0.01264584 9.72681e-4 0.0106008 -0.01349276 0.003190279 0.01172745 -0.005629718 0.003212153 0.01177823 -0.004921495 0.003146529 0.01171487 -0.005805134 0.002842068 0.01167023 -0.00642848 0.002720475 0.01165914 -0.006582677 0.002198278 0.01162803 -0.007016897 0.002010345 0.01162099 -0.007114946 0.001370191 0.01160824 -0.007293283 0.001143038 0.01160728 -0.007306754 5.00987e-4 0.0116142 -0.007209837 2.73899e-4 0.0116204 -0.007123708 -2.59033e-4 0.01164495 -0.006780922 -4.41639e-4 0.01165801 -0.006598591 -7.7845e-4 0.01169514 -0.006080746 -8.75503e-4 0.01171344 -0.0058254 -9.67451e-4 0.01175612 -0.005230426 -9.50057e-4 0.01177674 -0.004942476 -7.93357e-4 0.01181727 -0.004376888 0.002820551 0.01184672 -0.003966212 0.002905607 0.01183784 -0.004089891 0.003182649 0.01178991 -0.004758775 -0.005625188 0.004760205 -0.009817421 0.009409725 0.004998564 -0.006492793 0.01005101 0.008047163 -0.008015811 0.01027715 0.007898747 -0.008383572 0.01005136 0.004858613 -0.007787942 0.01025211 0.004574179 -0.008111536 0.01058721 0.00781399 -0.008702993 0.01079463 0.007789552 -0.008853375 0.01049691 0.004247069 -0.008366942 0.01076894 0.003892183 -0.008557319 0.0109651 0.007779955 -0.008950114 0.0110566 0.003520131 -0.008688449 0.01161903 0.00776565 -0.009150028 0.01195275 0.002378463 -0.008777856 0.01165801 0.002745747 -0.008794724 0.01160001 0.002819955 -0.008792996 0.01135557 0.003134429 -0.008766531 -0.005969643 0.007523834 -0.01256042 -0.006083011 0.007509768 -0.01271992 -0.006121695 0.003295302 -0.01246571 -0.006591022 0.007476985 -0.01317673 -0.006373941 0.002853393 -0.01268702 -0.005974054 0.003583967 -0.01228499 -0.005808055 0.003962039 -0.01199364 -0.005846261 0.007553339 -0.01233792 -0.005693495 0.004321396 -0.01163756 -0.005702137 0.007645249 -0.01191782 -0.005675315 0.004408776 -0.01153457 -0.005666434 0.004465162 -0.01146358 -0.00565654 0.004609644 -0.0112614 -0.00565654 0.007797718 -0.01149034 -0.006887555 0.002079844 -0.01294398 -0.006606519 0.002483189 -0.01282852 0.006184518 0.01198333 -0.01093667 0.006278395 0.01130586 -0.01131248 0.006418824 0.01082813 -0.01191329 -8.05745e-4 0.01071363 -0.01351088 -9.46182e-4 0.01119136 -0.01291 -0.001039981 0.01186883 -0.0125342 -0.006532013 0.002374529 -0.01280725 -0.006798624 0.002070546 -0.01291608 -0.005430459 0.004559755 -0.01068359 -0.005404591 0.004500269 -0.01082187 -0.005385518 0.004351377 -0.01110988 -0.005416154 0.004155099 -0.01141411 -0.005436599 0.004085242 -0.01150846 -0.005628943 0.003654181 -0.01198649 -0.005748867 0.003446996 -0.01216936 -0.005760788 0.003427565 -0.01218527 -0.006407558 0.002526223 -0.01274263 -0.00611025 0.00291258 -0.01254302 0.00974965 0.004591286 -0.007763087 0.009604454 0.004798054 -0.007358968 0.01024621 0.00402975 -0.00836718 0.009971976 0.004329502 -0.008101165 0.01186072 0.002366304 -0.008790016 0.01156395 0.002661347 -0.008805692 0.01121884 0.003014743 -0.00877881 0.0108788 0.003365993 -0.008699595 0.01055288 0.003705382 -0.008564591 0.005702912 0.01674538 -0.009100019 -0.001521587 0.01663088 -0.01069754 0.005883932 0.01626199 -0.00988394 -0.001340627 0.01614743 -0.01148146 0.006027579 0.01555365 -0.01048278 -0.00119692 0.01543915 -0.01208031 0.006119787 0.01468974 -0.01083791 -0.001104712 0.01457524 -0.01243549 0.005340099 -1.03087e-4 -0.006251513 -0.0018844 -2.17601e-4 -0.007849097 0.005473017 8.1596e-4 -0.00691843 -0.001751542 7.01446e-4 -0.008516013 0.00565952 0.001505136 -0.007811367 -0.001564979 0.001390635 -0.009408891 0.005884468 0.001908183 -0.008857309 -0.001340091 0.001793682 -0.01045489 0.01040053 0.008093774 -0.00897938 0.009567975 0.008744835 -0.007476985 0.009492754 0.008999347 -0.007155001 0.009366691 0.009567081 -0.006625652 0.009331643 0.009768307 -0.006481766 0.009215891 0.01068902 -0.006024241 0.009650766 0.008519411 -0.007835149 0.009797811 0.008317291 -0.008248865 0.01005059 0.008175611 -0.008641064 -0.00570321 0.009530007 -0.009806394 -0.005818963 0.01045072 -0.009348928 -0.005542159 0.008761048 -0.01047962 -0.005668222 0.009328782 -0.009950339 -0.005384147 0.008281111 -0.01115983 -0.005466938 0.008506476 -0.01080161 -0.0055691 0.007840514 -0.01251178 -0.005396664 0.007930576 -0.01205772 -0.005336999 0.008076906 -0.01159685 0.004889845 0.001886904 -0.01563525 0.004889845 0.01006591 -0.01622152 0.005617141 0.001866698 -0.01591736 0.005617141 0.0100457 -0.01650363 0.006180822 0.001828134 -0.01645559 0.006180822 0.01000714 -0.01704192 0.001596629 0.001755475 -0.01746928 0.001596629 0.009934484 -0.01805561 0.001879453 0.001807451 -0.01674389 0.001879453 0.00998646 -0.01733016 0.002419054 0.001847743 -0.01618158 0.002419054 0.01002675 -0.01676785</float_array>
          <technique_common>
            <accessor source="#LINK_WRIST_PITCH_R-mesh-positions-array" count="920" stride="3">
              <param name="X" type="float"/>
              <param name="Y" type="float"/>
              <param name="Z" type="float"/>
            </accessor>
          </technique_common>
        </source>
        <source id="LINK_WRIST_PITCH_R-mesh-normals">
          <float_array id="LINK_WRIST_PITCH_R-mesh-normals-array" count="5736">-0.2164399 0.06980264 0.9737975 -0.2164396 0.0698027 0.9737975 -0.1487453 0.04934489 0.9876436 -0.1316575 0.07110166 0.9887421 -0.2842834 0.04582077 0.9576447 -0.2992349 0.06794238 0.9517576 -0.2164391 0.06980264 0.9737976 -0.2164399 0.06980264 0.9737974 0.2164387 -0.06980258 -0.9737977 0.2164375 -0.06980264 -0.973798 0.2164423 -0.06980252 -0.973797 0.2164397 -0.06980246 -0.9737975 0.2164395 -0.06980258 -0.9737975 0.2164398 -0.0698027 -0.9737974 0.9762979 0.01547801 0.2158773 0.9762961 0.01547455 0.2158856 0.9674951 0.01808041 0.2522427 0.976296 0.01547515 0.2158861 0.9762961 0.01547497 0.2158858 0.9762961 0.01547473 0.2158858 0.976296 0.01547479 0.2158857 0.9762961 0.01547473 0.2158856 0.9762961 0.01547479 0.2158856 0.976296 0.01547479 0.2158858 0.9762961 0.01547509 0.2158856 0.9564566 0.007728576 0.2917728 0.9762961 0.01547449 0.2158855 0.976296 0.01547485 0.2158856 0.976296 0.01547509 0.2158861 0.9762961 0.01547521 0.2158854 0.976296 0.01547455 0.2158857 0.976296 0.01547473 0.2158857 0.976296 0.01547521 0.2158856 0.976296 0.01547521 0.2158856 0.9762961 0.01547539 0.2158855 0.9762961 0.01547497 0.2158856 0.976296 0.01547455 0.2158859 0.976296 0.01547181 0.2158863 0.976296 0.01547533 0.2158856 0.9762961 0.01547557 0.2158855 0.9762961 0.01547408 0.2158856 0.976296 0.01547473 0.2158856 0.9762961 0.01547497 0.2158856 0.9762961 0.01547467 0.2158856 0.976296 0.01547503 0.2158856 0.976296 0.01547521 0.2158855 0.9762961 0.01547485 0.2158856 0.9762961 0.01547479 0.2158858 0.976296 0.01547288 0.2158858 0.976296 0.01547521 0.2158857 0.976296 0.01547467 0.2158858 0.9762961 0.01547503 0.2158855 0.9762961 0.01547473 0.2158856 0 0.9974408 -0.07149678 -2.12204e-7 0.9974407 -0.07149904 -0.002580821 0.997956 -0.06385344 -4.969e-7 0.9974408 -0.07149791 0.0169816 0.9888894 -0.14768 -9.22847e-7 0.9974409 -0.07149738 5.66122e-7 0.9974409 -0.07149624 0 0.9974408 -0.07149672 0.004498362 0.9978532 -0.06533676 2.70426e-7 0.9974408 -0.0714969 0.01698166 0.9888896 -0.1476793 1.05965e-6 0.9974409 -0.07149595 1.43998e-7 0.9974406 -0.07149958 1.30564e-7 0.9974408 -0.07149696 1.78297e-7 0.9974408 -0.07149815 0 0.9974409 -0.07149529 2.53e-7 0.9974408 -0.07149761 1.92926e-7 0.9974408 -0.07149708 -7.10278e-7 0.9974408 -0.07149773 0.2206484 0.02472329 -0.9750401 0.2157723 0.008670449 -0.9764052 0.216099 -0.0137661 -0.9762745 0.2157723 0.008670866 -0.9764052 0.2144783 0.02816021 -0.9763227 -0.9762961 -0.01547491 -0.2158857 -0.976296 -0.01547485 -0.2158858 -0.976296 -0.01547497 -0.2158856 -0.976296 -0.01547449 -0.2158858 -0.9762961 -0.01547485 -0.2158857 -0.976296 -0.01547551 -0.2158858 -0.9762961 -0.01547491 -0.2158857 -0.9762961 -0.01547592 -0.2158854 -0.976296 -0.01547539 -0.2158858 -0.976296 -0.01547563 -0.2158855 -0.976296 -0.01547491 -0.2158857 -0.9762961 -0.01547539 -0.2158855 -0.9762961 -0.01547443 -0.2158856 -0.9762961 -0.01547485 -0.2158856 -0.9762961 -0.01547491 -0.2158855 -0.9762961 -0.01547425 -0.2158857 -0.976296 -0.01547527 -0.2158856 -0.9762961 -0.01547557 -0.2158855 -0.976296 -0.01547539 -0.2158856 -0.9762961 -0.01547545 -0.2158854 -0.9762961 -0.01547396 -0.2158858 -0.976296 -0.01547414 -0.2158857 -0.976296 -0.01547497 -0.2158857 -0.9762961 -0.01547485 -0.2158857 -0.976296 -0.01547491 -0.2158858 -0.9762961 -0.01547509 -0.2158856 -0.976296 -0.01547503 -0.2158857 -0.976296 -0.01547461 -0.2158858 -0.976296 -0.01547485 -0.2158856 -0.976296 -0.01547461 -0.215886 -0.9762961 -0.01547473 -0.2158856 -0.976296 -0.01547485 -0.2158859 -0.976296 -0.01547485 -0.2158859 -0.9762961 -0.01547509 -0.2158855 -0.9878296 -0.01112842 -0.1551412 -0.9837443 -0.0128389 -0.1791158 -0.9762958 -0.0154733 -0.2158866 -0.9762961 -0.01547449 -0.2158857 -0.9762961 -0.01547503 -0.2158858 -0.976296 -0.01547431 -0.2158857 0.2164425 -0.06980246 -0.9737969 0.2164416 -0.06980252 -0.973797 0.2164388 -0.0698027 -0.9737977 0.2164396 -0.06980276 -0.9737975 0.2164396 -0.06980276 -0.9737975 0.2164392 -0.06980282 -0.9737976 0.9762961 0.01547503 0.2158855 0.976296 0.01547431 0.2158858 0.9762961 0.01547467 0.2158858 0.976296 0.01547503 0.2158858 0.9762961 0.01547431 0.2158858 0.976296 0.01547443 0.2158857 0.976296 0.01547515 0.2158856 0.9762958 0.0154739 0.2158868 0.9762954 0.01547706 0.2158882 0.9762956 0.01547658 0.2158877 0.976296 0.01547521 0.2158856 0.976296 0.01547539 0.2158857 0.976296 0.01547509 0.2158855 0.976296 0.01547455 0.2158857 0.976296 0.01547515 0.2158855 0.9762961 0.01547467 0.2158857 0.976296 0.01547503 0.2158858 0.976296 0.01547485 0.2158856 0.9762961 0.01547521 0.2158855 0.9762961 0.01547431 0.2158856 0.9762961 0.01547485 0.2158853 0.976296 0.01547527 0.2158855 0.976296 0.01547431 0.2158858 0.9762961 0.01547461 0.2158856 -0.976296 -0.01547479 -0.2158857 -0.976296 -0.01547479 -0.2158857 -0.976296 -0.01547485 -0.2158855 -0.976296 -0.01547479 -0.2158858 -0.9762961 -0.01547485 -0.2158854 -0.976296 -0.01547491 -0.2158857 -0.9762961 -0.01547473 -0.2158853 -0.9762961 -0.01547467 -0.2158858 -0.976296 -0.01547479 -0.2158856 -0.976296 -0.01547485 -0.2158857 -0.9762961 -0.01547497 -0.2158855 -0.976296 -0.01547467 -0.2158857 -0.9762961 -0.01547467 -0.2158858 -0.9762957 -0.01547521 -0.215887 -0.9762957 -0.01547533 -0.2158872 -0.976296 -0.01547491 -0.2158858 -0.976296 -0.01547473 -0.2158858 -0.9762961 -0.01547473 -0.2158854 -0.976296 -0.01547491 -0.2158856 -0.976296 -0.01547497 -0.2158856 -0.976296 -0.01547485 -0.2158856 -0.9762961 -0.01547485 -0.2158855 -0.9762961 -0.01547485 -0.2158855 -0.9762961 -0.01547491 -0.2158856 -0.2164396 0.06980264 0.9737975 -0.2164399 0.06980276 0.9737975 -0.2160337 0.1307318 0.9675943 -0.2160338 0.1307318 0.9675943 -0.2164397 0.06980264 0.9737975 -0.2164397 0.06980264 0.9737975 -0.2160784 0.01208144 0.9763013 -0.2160784 0.01208132 0.9763014 -0.976296 -0.01547479 -0.2158856 -0.9762961 -0.01547491 -0.2158857 -0.9762961 -0.01547503 -0.2158856 -0.9762961 -0.01547491 -0.2158854 -0.9762961 -0.01547473 -0.2158852 -0.9762961 -0.01547479 -0.2158855 -0.976296 -0.01547485 -0.2158859 -0.9762952 -0.01547503 -0.2158898 -0.976296 -0.01547425 -0.2158861 -0.9762943 -0.01547533 -0.2158936 -0.9762961 -0.01547485 -0.2158856 -0.9762961 -0.01547473 -0.2158857 -0.976296 -0.01547485 -0.2158857 -0.9762961 -0.01546549 -0.2158861 -0.9762961 -0.01547551 -0.2158857 -0.9762961 -0.01547479 -0.2158857 -0.976296 -0.01547431 -0.2158856 -0.976296 -0.01547402 -0.215886 -0.9762961 -0.01547425 -0.2158859 -0.9762966 -0.01547294 -0.2158831 -0.976296 -0.01547473 -0.2158858 -0.9762961 -0.01547473 -0.2158858 -0.976296 -0.01547455 -0.2158858 -0.9762961 -0.01547473 -0.2158856 -0.9762961 -0.01547473 -0.2158857 -0.9762961 -0.01547515 -0.2158856 -0.976296 -0.01547503 -0.2158856 -0.9762961 -0.01547527 -0.2158856 -0.976296 -0.01547509 -0.2158857 -0.9762961 -0.01547521 -0.2158856 -0.976296 -0.01547503 -0.2158856 -0.9762961 -0.01547497 -0.2158856 -0.976296 -0.01547467 -0.2158856 -0.9762961 -0.01547473 -0.2158855 -0.9762961 -0.01547497 -0.2158854 -0.9762961 -0.01547503 -0.2158855 -0.9762961 -0.01547503 -0.2158858 -0.9762961 -0.01547479 -0.2158855 -0.9762961 -0.01547467 -0.2158857 -0.9762961 -0.01547467 -0.2158856 -0.976296 -0.01547461 -0.2158858 -0.9762961 -0.01547485 -0.2158857 -0.976296 -0.01547491 -0.2158858 -0.9762961 -0.01547491 -0.2158857 -0.9762961 -0.01547479 -0.2158856 -0.976296 -0.01547485 -0.2158856 -0.976296 -0.01547473 -0.2158856 -0.9762961 -0.01547569 -0.2158857 0.9762956 0.01547509 0.2158877 0.9762951 0.01547425 0.21589 0.976296 0.01547533 0.2158859 0.976296 0.01547467 0.2158855 0.976296 0.01547497 0.2158858 0.9762961 0.01547467 0.2158854 0.976296 0.01547497 0.2158858 0.9762961 0.01547485 0.2158855 0.976296 0.01547491 0.2158856 0.9762961 0.01547324 0.2158857 0.9762964 0.01546025 0.2158855 0.9762959 0.01547497 0.2158862 0.9762961 0.01547527 0.2158856 0.9762961 0.01547461 0.2158856 0.9762961 0.01547515 0.2158856 0.9762961 0.01547729 0.2158854 0.976296 0.01547491 0.2158856 0.976296 0.01547503 0.2158858 0.976296 0.01547497 0.2158858 0.9762961 0.01547515 0.2158858 0.9762961 0.01547443 0.2158854 0.976296 0.01547622 0.2158859 0.9762958 0.01547098 0.215887 0.976296 0.01547479 0.2158856 0.9762961 0.01547497 0.2158856 0.9762961 0.01547455 0.2158856 0.9762961 0.01547491 0.2158856 0.976296 0.01547485 0.2158856 0.9762961 0.01547521 0.2158856 0.976296 0.01547479 0.2158856 0.9762961 0.01547491 0.2158856 0.9762961 0.01547467 0.2158857 0.976296 0.01547473 0.2158856 0.9762961 0.01547479 0.2158856 0.9762961 0.01547491 0.2158857 0.9762961 0.01547485 0.2158857 0.976296 0.01547503 0.2158856 0.9762961 0.01547473 0.2158857 0.976296 0.01547485 0.2158856 0.9762961 0.01547461 0.2158856 0.976296 0.01547479 0.2158856 0.9762961 0.01547491 0.2158857 0.976296 0.01547449 0.2158857 0.9762961 0.01547509 0.2158857 0.9762961 0.01547515 0.2158856 0.976296 0.01547467 0.2158856 0.9762961 0.01547479 0.2158856 0.9762961 0.01547485 0.2158855 -0.2106837 -0.1605535 0.9642796 -0.2106837 -0.1605535 0.9642796 -0.193722 -0.3823702 0.9034739 -0.193722 -0.3823699 0.9034739 -0.1664565 -0.5838494 0.7946144 -0.1664566 -0.5838494 0.7946144 -0.1303378 -0.7542754 0.6434912 -0.1303378 -0.7542751 0.6434915 -0.08728665 -0.8845827 0.4581425 -0.08728665 -0.8845826 0.4581429 -0.03959292 -0.9678413 0.2484264 -0.03959292 -0.9678414 0.248426 0.01020663 -0.9996228 0.02549642 0.01020663 -0.9996228 0.02549654 0.05946332 -0.9782367 -0.1987892 0.05946332 -0.9782368 -0.1987886 0.1055573 -0.9048205 -0.4125018 0.1055573 -0.9048206 -0.4125017 0.1460369 -0.7832788 -0.6042744 0.1460369 -0.7832788 -0.6042745 0.1787492 -0.6200767 -0.7639068 0.1787493 -0.6200767 -0.7639068 0.2019543 -0.423894 -0.8829091 0.2019543 -0.4238941 -0.882909 0.2088119 -0.3298083 -0.920665 0.2088118 -0.3298085 -0.920665 0.2164396 -0.06980264 -0.9737975 0.2164397 -0.06980276 -0.9737975 0.2076722 0.2140365 -0.954495 0.2076722 0.2140366 -0.954495 0.1820806 0.4805353 -0.857865 0.1820805 0.4805355 -0.8578651 0.1417378 0.7081044 -0.691736 0.1417378 0.7081043 -0.6917361 0.08991223 0.878307 -0.4695666 0.08991223 0.8783071 -0.4695663 0.03080254 0.9773543 -0.2093557 0.03080254 0.9773543 -0.2093556 -0.03080254 0.9972223 0.06781613 -0.03080254 0.9972224 0.06781542 -0.08991223 0.9363011 0.3394941 -0.08991229 0.9363012 0.3394935 -0.1417378 0.7995264 0.5836678 -0.1417378 0.7995265 0.5836676 -0.1820806 0.5979789 0.7805562 -0.1820806 0.5979789 0.7805562 -0.2076722 0.3479867 0.9142087 -0.2076724 0.3479869 0.9142087 -0.2164395 0.06980264 0.9737975 -0.2164397 0.0698027 0.9737975 -0.2076722 -0.2140365 0.954495 -0.2076724 -0.2140365 0.954495 -0.1820805 -0.4805355 0.8578651 -0.1820806 -0.4805354 0.857865 -0.1417378 -0.7081043 0.691736 -0.1417378 -0.7081044 0.691736 -0.08991223 -0.8783072 0.4695661 -0.08991223 -0.878307 0.4695664 -0.03080254 -0.9773545 0.2093549 -0.03080248 -0.9773543 0.2093557 0.03080248 -0.9972223 -0.06781613 0.03080248 -0.9972224 -0.06781566 0.08991217 -0.9363011 -0.3394938 0.08991223 -0.9363012 -0.3394936 0.1417378 -0.7995262 -0.5836679 0.1417378 -0.7995264 -0.5836676 0.1820806 -0.5979789 -0.7805563 0.1820806 -0.5979789 -0.7805562 0.2076723 -0.3479869 -0.9142087 0.2076722 -0.3479868 -0.9142087 -0.2046749 -0.2583591 0.944118 -0.1964929 -0.3387097 0.9201447 -0.2007921 -0.2554708 0.9457364 -0.1866483 -0.4059187 0.8946466 -0.1668585 -0.5595169 0.8118492 -0.1974898 0.3901109 0.8993395 -0.2128198 0.2386403 0.9475013 -0.2127406 0.06733953 0.9747856 -0.2096409 0.06466895 0.9756376 -0.2057958 -0.09668582 0.973807 -0.1692804 0.6761394 0.7170633 -0.1777321 0.6203756 0.7639014 -0.1652041 0.6686812 0.7249643 -0.1877068 0.5395117 0.8207883 -0.2036522 0.4034416 0.8920542 -0.1464669 0.7809607 0.6071638 -0.1151131 0.8733587 0.4732797 -0.1472634 0.7808433 0.6071223 -0.1916497 0.5395339 0.8198619 -0.1709762 0.6677948 0.7244427 -0.1905034 0.536033 0.8224215 -0.2034875 0.4033485 0.8921339 -0.2047314 0.3899018 0.8978095 -0.213254 0.2387757 0.9473696 -0.2135087 0.2330104 0.9487466 -0.2164015 0.06983661 0.9738035 -0.1724926 -0.5576407 0.8119626 -0.1693727 -0.566381 0.8065516 -0.1801795 -0.4938433 0.8506786 -0.1917045 -0.4130661 0.8902953 -0.2026365 -0.3772065 0.9036891 -0.2051541 -0.2575979 0.944222 -0.21644 0.06980288 0.9737975 -0.2135054 -0.09531152 0.9722815 -0.2132592 -0.1011396 0.9717465 -0.2070268 -0.2638339 0.942089 -0.2354656 -0.3292539 0.9144112 -0.1418913 -0.6690965 0.7295045 -0.135136 -0.7323946 0.6673354 -0.1166539 -0.7962408 0.5936266 -0.1788611 -0.4930453 0.8514195 -0.1534002 -0.5762823 0.8027248 -0.1440296 -0.6210853 0.7703951 -0.1370354 -0.7315016 0.6679272 -0.1575978 -0.6725129 0.7231109 -0.1158133 -0.7954639 0.5948315 -0.166048 -0.6340095 0.7552881 -0.1434018 -0.6885196 0.7108986 -0.1796668 0.6204058 0.7634242 -0.1715192 0.6801244 0.7127496 -0.1424204 0.7826676 0.6059273 -0.1154358 0.8720853 0.4755437 -0.08687049 0.9414702 0.3257108 -0.05013841 0.9840978 0.1704044 -0.05313271 0.9840548 0.1697443 -0.01780116 0.9997994 0.009179294 0.0208674 0.9883126 -0.1510063 0.0178734 0.9882699 -0.1516685 0.05320501 0.949785 -0.3083469 0.08993637 0.8854337 -0.455981 0.08694279 0.8853907 -0.4566446 0.1184534 0.7968464 -0.5924564 0.1495839 0.6866092 -0.7114722 0.1465905 0.6865647 -0.7121378 0.1708737 0.5575578 -0.8123617 0.1933461 0.4133847 -0.8897923 0.1903529 0.4133394 -0.8904586 0.2047844 0.2578489 -0.9442338 0.2133647 0.1354196 -0.9675418 0.2134879 0.0953226 -0.9722842 0.21644 -0.0698024 -0.9737975 0.2164393 -0.06980258 -0.9737975 0.2134874 -0.2330234 -0.9487483 0.2133648 -0.2720345 -0.9383351 0.2047847 -0.3898884 -0.8978031 0.1933462 -0.5360698 -0.8217339 0.1903529 -0.5361191 -0.8224002 0.170873 -0.6677225 -0.7245337 0.149584 -0.7810662 -0.6062674 0.1465906 -0.7811167 -0.6069331 0.1184536 -0.873201 -0.4727462 0.08993649 -0.9414166 -0.3250325 0.08694291 -0.9414688 -0.3256955 0.05320507 -0.9840537 -0.1697276 0.02086746 -0.9997461 -0.008502542 0.0178731 -0.9997984 -0.009157657 -0.01780092 -0.9882683 0.1516869 -0.05013853 -0.9497325 0.3090219 -0.05313253 -0.9497839 0.3083628 -0.08687061 -0.885388 0.4566638 -0.8358571 -0.02923434 -0.5481682 -0.5642942 -0.02395766 -0.8252263 -0.6350923 -0.02764207 -0.7719416 -0.7096926 -0.02256155 -0.7041501 -0.7578319 -0.03972035 -0.6512396 -0.7880521 -0.04506826 -0.6139567 -0.7691373 -0.0565316 -0.6365783 -0.8582082 -0.0558747 -0.5102517 -0.7348659 -0.09648585 -0.6713142 -0.7194593 -0.1266427 -0.6828909 -0.3374519 0.1694937 -0.9259579 -0.3561818 0.1182317 -0.9269066 -0.4409063 -0.03945505 -0.8966856 0.8623166 -0.03620415 -0.5050738 0.77885 -0.02019423 -0.6268852 0.8534691 0.01342999 -0.5209705 0.7099773 0.135094 -0.6911453 0.6910398 0.1857981 -0.6985294 0.9437417 -0.1002808 -0.3151117 0.951911 -0.06976014 -0.2983267 0.9944075 -0.02844154 -0.1017094 0.9671153 -0.02902543 -0.2526768 0.9743851 -0.01713424 -0.2242321 0.9412117 -0.004357457 -0.3377896 0.9901676 0.006276011 -0.1397462 0.962566 -0.01245683 -0.270761 -0.9903055 -0.00804454 -0.1386737 -0.9878957 -0.01251292 -0.154614 -0.9591287 0.02163141 0.2821424 -0.962377 0.01848793 0.2710882 -0.7563254 0.0476973 0.6524545 -0.7609024 0.04592686 0.6472392 -0.4181838 0.0654034 0.9060049 -0.420309 0.06487375 0.905059 -0.005211889 0.07149797 0.9974272 -0.002869665 0.07194936 0.9974042 0.4086915 0.0648089 0.9103686 0.4150949 0.06594294 0.9073851 0.7494643 0.04645317 0.660413 0.7571658 0.04803383 0.6514545 0.9561274 0.0196371 0.2922925 0.9608004 0.02157586 0.2764007 -1.20662e-7 0.9974408 -0.07149803 -2.79133e-6 0.9974406 -0.07149982 0 0.9974408 -0.07149744 0 0.9974407 -0.0714991 1.83336e-7 0.9974408 -0.07149761 0 0.9974408 -0.0714972 -4.20899e-7 0.9974408 -0.07149696 2.39575e-7 0.9974408 -0.07149749 -3.38425e-7 0.9974408 -0.07149797 1.6253e-6 0.9974408 -0.07149797 5.58267e-7 0.997441 -0.07149517 0 0.9974406 -0.0714997 2.58421e-7 0.9974408 -0.07149827 0 0.9974409 -0.07149726 0.2053969 0.2482908 -0.9466593 0.2046273 0.2440686 -0.9479232 0.1952323 0.3676328 -0.9092472 0.1952325 0.3676328 -0.9092473 0.1667355 0.5822097 -0.7957583 0.1667357 0.5822092 -0.7957586 0.1282788 0.7620078 -0.6347352 0.1282789 0.7620077 -0.6347354 0.0771296 0.8942855 -0.4407998 0.08958381 0.8791028 -0.4681379 0.05727583 0.9405148 -0.3348902 0.02035635 0.9768471 -0.2129681 0.02990478 0.9782302 -0.2053566 0.09981495 0.8840818 -0.4565483 0.07970464 0.9372038 -0.339553 0.03275591 0.9771428 -0.2100457 0.03684133 0.9798573 -0.1962716 -0.02024388 0.9994196 0.02739888 0.08215963 0.896288 -0.4357956 0.1282788 0.7620077 -0.6347352 0.1282788 0.7620075 -0.6347355 0.1667355 0.5822092 -0.7957586 0.1667354 0.5822094 -0.7957584 0.1952321 0.3676329 -0.9092473 0.195232 0.3676328 -0.9092473 0.2057451 0.2433043 -0.9478777 0.2064322 0.247592 -0.9466171 -0.028167 0.9991701 0.02942121 -0.07334142 0.9620842 0.2627075 -0.07334131 0.9620839 0.2627083 -0.1205477 0.867293 0.4829816 -0.1205475 0.8672918 0.4829838 -0.160553 0.7206934 0.6744063 -0.160553 0.7206932 0.6744065 -0.1909678 0.531044 0.8255445 -0.1909678 0.5310438 0.8255445 -0.2099752 0.3096727 0.927369 -0.2099751 0.3096723 0.9273692 0 0.9974408 -0.07149702 0 0.9974408 -0.07149744 0 0.9974408 -0.07149738 0 0.9974409 -0.07149696 2.28138e-7 0.9974408 -0.07149761 0 0.9974408 -0.07149726 2.07326e-7 0.9974408 -0.07149749 0 0.9974408 -0.07149773 0 0.9974409 -0.0714969 0 0.9974406 -0.07150036 -5.28188e-7 0.9974408 -0.07149749 0 0.9974408 -0.07149744 0 0.9974408 -0.07149702 -1.16206e-6 0.9974408 -0.07149779 0.01028561 0.9918249 -0.1271913 -3.81423e-7 0.9974408 -0.07149767 0 0.9974408 -0.07149761 1.45386e-7 0.9974408 -0.07149767 0 0.9974408 -0.07149732 0.002116143 0.9967107 -0.08101475 0 0.9974408 -0.07149744 0 0.9974408 -0.07149732 0 0.9974408 -0.07149755 2.18459e-7 0.9974408 -0.07149779 0 0.9974408 -0.0714972 0 0.9974408 -0.07149767 0 0.9974408 -0.07149779 -0.9762961 -0.01547485 -0.2158855 -0.9762961 -0.01547491 -0.2158855 -0.9762961 -0.01547497 -0.2158855 -0.9762961 -0.01547503 -0.2158854 0.976296 0.01547503 0.2158858 0.9762961 0.01547491 0.2158858 0.976296 0.01547485 0.2158857 0.9762961 0.01547467 0.2158856 0 -0.9974409 0.07149744 0 -0.9974409 0.07149726 0 -0.9974408 0.07149779 0 -0.9974408 0.07149755 0.01550543 -0.9998786 0.001552283 0.01550543 -0.9998786 0.001551449 0 -0.9974408 0.07149809 0 -0.9974409 0.07149672 0 -0.9974409 0.07149749 0 -0.9974409 0.07149744 0 -0.9974409 0.07149749 0 -0.9974409 0.07149738 0 -0.9974409 0.07149749 0 -0.9974409 0.07149726 0 -0.9974408 0.07149833 5.40019e-7 -0.9974406 0.07150042 0 -0.9974409 0.07149749 -1.31584e-7 -0.9974409 0.07149749 0 -0.9974409 0.07149744 0 -0.9974409 0.07149749 0 -0.9974409 0.07149732 0 -0.9974409 0.07149744 0 -0.9974409 0.07149744 0 -0.9974409 0.07149749 0 -0.9974408 0.07149761 0 -0.9974409 0.07149732 0 -0.9974408 0.07149732 0 -0.9974409 0.07149755 -2.92098e-7 -0.9974409 0.07149654 0 -0.9974409 0.07149732 0 -0.9974409 0.07149749 0 -0.9974408 0.07149738 1.3846e-7 -0.9974409 0.07149749 0 -0.9974408 0.07149761 0 -0.9974408 0.07149761 0 -0.9974409 0.07149738 0 -0.9974409 0.07149744 -1.32314e-7 -0.9974408 0.07149726 0 -0.9974409 0.07149749 0 -0.9974408 0.07149726 0 -0.9974409 0.07149732 0 -0.9974408 0.07149749 0 -0.9974408 0.07149726 -1.60435e-7 -0.9974408 0.07149785 0 -0.9974409 0.07149744 0 -0.9974408 0.07149749 0 -0.9974408 0.07149749 0 -0.9974409 0.07149744 0 -0.9974408 0.07149702 0 -0.9974409 0.07149744 0 -0.9974408 0.07149726 0 -0.9974409 0.07149749 0 -0.9974408 0.07149791 0 -0.9974408 0.07149797 -1.29148e-7 -0.9974408 0.07149749 1.22502e-7 -0.9974408 0.07149755 0 -0.9974408 0.07149732 0 -0.9974409 0.07149749 0 -0.9974409 0.07149749 0 -0.9974408 0.07149744 0 -0.9974408 0.07149732 2.25804e-7 -0.9974409 0.07149749 0 -0.9974409 0.07149738 0 -0.9974408 0.07149744 0 -0.9974408 0.07149738 0 -0.9974408 0.07149744 -1.21481e-6 -0.9974408 0.07149684 0 -0.9974408 0.07149732 0 -0.9974409 0.07149726 0 -0.9974408 0.07149738 0 -0.9974408 0.07149761 0 -0.9974409 0.07149749 0 -0.9974409 0.07149726 1.56995e-6 -0.9974408 0.07149755 1.52024e-7 0.9974409 -0.07149696 0 0.9974408 -0.07149732 3.76488e-7 0.9974408 -0.07149732 3.44084e-7 0.9974409 -0.07149749 0.01000177 0.9911866 -0.1320949 0 0.9974408 -0.07149714 0 0.9974408 -0.07149738 -7.12506e-7 0.9974408 -0.07149726 1.64989e-7 0.9974408 -0.07149744 -2.19292e-7 0.9974409 -0.07149684 0 0.9974408 -0.07149773 0 0.9974409 -0.0714963 0 0.9974408 -0.07149809 0 0.9974408 -0.07149738 1.46799e-7 0.9974408 -0.07149809 0 0.9974409 -0.07149654 0 0.9974408 -0.07149779 -2.04986e-7 0.9974408 -0.0714972 0 0.9974408 -0.07149732 0 0.9974408 -0.0714969 1.75572e-7 0.9974409 -0.07149738 0 0.9974409 -0.0714966 0 0.9974408 -0.07149714 0.002123355 0.996708 -0.08104807 0 0.9974409 -0.0714966 0 0.9974409 -0.07149749 0 0.9974408 -0.07149773 1.95023e-6 0.9974412 -0.07149177 -2.32677e-7 0.9974408 -0.07149791 0 0.9974408 -0.07149708 0 0.9974409 -0.0714963 4.42116e-7 0.9974408 -0.07149738 3.88075e-7 0.9974408 -0.07149738 1.3861e-6 0.9974408 -0.07149708 0.02903252 0.9870336 -0.1578667 0.01023131 0.9930266 -0.1174456 1.39367e-7 0.9974409 -0.07149749 0 0.9974408 -0.07149785 0 0.9974413 -0.07149046 4.83485e-7 0.9974408 -0.07149678 5.05274e-7 0.9974408 -0.07149678 0 0.9974409 -0.0714963 -0.001884341 0.990977 -0.1340191 0.02121484 0.9857961 -0.1666016 -3.12124e-6 0.9974406 -0.07149964 0 0.9974409 -0.07149511 2.14113e-7 0.9974408 -0.07149767 1.62794e-7 0.9974409 -0.0714963 0 0.9974408 -0.07149827 0 0.9974408 -0.07149779 1.70271e-7 0.9974408 -0.07149773 -0.9503803 -0.02224218 -0.3102943 -0.95038 -0.0222423 -0.3102955 -0.9762961 -0.01547485 -0.2158853 -0.9762961 -0.01547491 -0.2158854 0.3110902 -0.06794989 -0.9479482 0.3110887 -0.06794983 -0.9479487 0.1197053 -0.0709834 -0.9902687 0.1197033 -0.07098335 -0.990269 0.9762961 0.01547473 0.2158849 0.9762961 0.01547485 0.2158857 0.9928097 0.008558452 0.1193969 0.9928097 0.008558511 0.1193974 -0.9988143 0.003974318 0.04852002 -0.988697 0.01563656 0.1491106 -0.9762914 -0.01239901 -0.2161055 -0.9740247 0.01618999 0.2258625 -0.9179171 0.02930432 0.3956887 -0.8677 0.04341685 0.4951888 -0.8321862 0.03964543 0.5530772 -0.7197738 0.05095899 0.6923359 -0.6294241 0.06596541 0.774257 -0.5840383 0.05803644 0.8096487 -0.4296911 0.06621861 0.9005448 -0.3060961 0.08057904 0.9485843 -0.2612967 0.06901407 0.9627882 -0.08471411 0.07317376 0.9937149 0.05857765 0.08557027 0.9946087 0.09482222 0.07117509 0.9929466 0.271104 0.07096886 0.9599303 0.4153144 0.08049488 0.9061096 0.4388323 0.06424534 0.8962694 0.5922862 0.05991142 0.8034972 0.7159079 0.06621074 0.6950482 0.7267861 0.0491088 0.6851061 0.8378103 0.04143214 0.5443871 0.9033192 0.03899055 0.4271933 0.9219028 0.02769953 0.3864299 0.976296 0.01547491 0.2158857 0.9762958 0.01547485 0.2158862 0.9999411 0.007829248 -0.007523357 0.9992591 0.002752125 0.03839099 0.9900447 -0.007664024 -0.1405447 0.9438218 -0.007292389 -0.3303744 0.9489735 -0.02254682 -0.3145489 0.8773089 -0.03200876 -0.4788577 0.7607924 -0.0309233 -0.6482584 0.7774692 -0.04496651 -0.6273115 0.6524932 -0.05203098 -0.7560063 0.4749395 -0.04870748 -0.8786695 0.5066555 -0.06164133 -0.8599422 0.344326 -0.06519192 -0.9365841 0.1248818 -0.05841255 -0.9904507 0.1711184 -0.07044303 -0.9827291 -0.007821083 -0.06983709 -0.9975278 -0.2420811 -0.05895423 -0.9684633 -0.1862741 -0.07024616 -0.9799834 -0.3589576 -0.06540751 -0.9310593 -0.5763515 -0.05054378 -0.8156374 -0.5198721 -0.06107574 -0.8520581 -0.6642287 -0.05250972 -0.745683 -0.8327357 -0.03466087 -0.552585 -0.7870625 -0.04410421 -0.6152946 -0.8846559 -0.03284096 -0.4650865 -0.976296 -0.01547449 -0.2158861 0 0.9974408 -0.07149791 1.81201e-7 0.9974409 -0.07149744 0 0.9974408 -0.07149755 0 0.9974409 -0.07149726 2.81449e-7 0.9974409 -0.07149749 1.45037e-7 0.9974409 -0.07149738 0 0.9974409 -0.07149726 -2.31351e-7 0.9974409 -0.0714966 -2.41671e-7 0.9974408 -0.07149672 -2.02635e-7 0.9974408 -0.07149755 0 0.9974409 -0.07149726 2.63117e-7 0.9974408 -0.07149779 3.40085e-7 0.9974408 -0.07149761 2.28435e-7 0.9974409 -0.0714966 1.56015e-7 0.9974408 -0.07149755 1.51232e-7 0.9974408 -0.0714972 2.66681e-7 0.9974408 -0.07149809 0 0.9974409 -0.07149726 0 0.9974409 -0.07149749 0 0.9974408 -0.07149773 -1.72228e-7 0.9974408 -0.07149755 0 0.9974409 -0.07149726 0 0.9974408 -0.07149726 0 0.9974409 -0.07149726 -1.80592e-7 0.9974408 -0.07149684 0 0.9974409 -0.07149708 0 0.9974408 -0.07149779 1.23161e-7 0.9974408 -0.07149761 0 0.9974408 -0.07149678 0 0.9974409 -0.07149708 -1.63251e-7 0.9974408 -0.07149791 0 0.9974408 -0.07149821 0 0.9974407 -0.07149839 -0.9988139 0.003974616 0.04852795 -0.988697 0.01563715 0.1491106 -0.9762914 -0.01239866 -0.2161051 -0.9740231 0.01619046 0.2258695 -0.9179119 0.02930498 0.3957008 -0.8677002 0.04341703 0.4951881 -0.8321794 0.03964573 0.5530876 -0.7197751 0.05095875 0.6923345 -0.6294234 0.06596547 0.7742576 -0.5840384 0.05803614 0.8096488 -0.4296903 0.06621855 0.9005451 -0.3060948 0.0805791 0.9485848 -0.2612953 0.06901401 0.9627886 -0.08471709 0.07317364 0.9937146 0.05857735 0.08557027 0.9946087 0.09481841 0.07117509 0.9929469 0.2711071 0.07096874 0.9599295 0.4153139 0.08049482 0.9061098 0.438835 0.06424516 0.8962681 0.5922853 0.05991137 0.8034978 0.7159073 0.06621074 0.6950489 0.7267854 0.04910898 0.6851068 0.8378094 0.04143244 0.5443885 0.9197502 0.04476284 0.3899436 0.9219024 0.02769964 0.3864307 0.9762933 0.0179038 0.2157106 0.9993049 0.01910614 0.03201454 0.999259 0.002751946 0.03839153 0.990045 -0.007664144 -0.1405434 0.9438217 -0.00729227 -0.330375 0.9489733 -0.02254694 -0.3145494 0.8773086 -0.03200876 -0.4788581 0.7607927 -0.03092324 -0.6482578 0.7774679 -0.04496651 -0.627313 0.6524916 -0.05203098 -0.7560076 0.4749414 -0.04870748 -0.8786686 0.5066543 -0.06164133 -0.8599429 0.3443237 -0.06519186 -0.936585 0.1248821 -0.05841261 -0.9904506 0.1711201 -0.07044303 -0.9827288 -0.007819294 -0.06983715 -0.9975278 -0.2420821 -0.05895423 -0.9684631 -0.1862738 -0.07024586 -0.9799835 -0.358956 -0.06540721 -0.9310599 -0.5763514 -0.05054384 -0.8156375 -0.5198763 -0.06107598 -0.8520555 -0.6642329 -0.05251008 -0.7456791 -0.8327354 -0.03466075 -0.5525853 -0.7870642 -0.04410469 -0.6152924 -0.8846572 -0.03284144 -0.4650843 -0.9762961 -0.01547485 -0.2158856 0 0.9974409 -0.07149726 0 0.9974409 -0.07149726 2.27608e-7 0.9974408 -0.07149749 0 0.9974409 -0.07149738 0 0.9974408 -0.07149708 -1.84948e-7 0.9974409 -0.0714972 -2.75494e-7 0.9974408 -0.07149761 -2.38793e-7 0.9974408 -0.07149785 0 0.9974408 -0.07149726 1.20011e-7 0.9974409 -0.07149749 0 0.9974408 -0.07149761 0 0.9974409 -0.0714972 -1.40098e-7 0.9974407 -0.07149869 0 0.9974409 -0.07149708 1.40502e-7 0.9974408 -0.07149755 0 0.9974409 -0.07149702 1.77174e-7 0.9974409 -0.07149749 0 0.9974408 -0.07149702 -1.39429e-7 0.9974409 -0.0714972 -3.44456e-7 0.9974409 -0.07149732 -1.4444e-7 0.9974408 -0.07149767 0 0.9974408 -0.07149803 0 0.9974408 -0.07149755 0 0.9974408 -0.07149797 0 0.9974409 -0.07149714 0 0.9974408 -0.07149684 0 0.9974409 -0.07149714 0 0.9974408 -0.07149815 1.42984e-7 0.9974408 -0.07149809 -2.05427e-7 0.9974409 -0.07149738 0 0.9974409 -0.07149738 0 0.9974409 -0.07149732 -0.9762961 -0.01547515 -0.2158853 -0.9762959 -0.01547479 -0.2158862 -0.9799249 0.01425451 0.1988572 -0.9799248 0.01425451 0.1988573 -0.814116 0.04151904 0.5792162 -0.8141155 0.0415188 0.5792168 -0.5075369 0.06160449 0.859425 -0.5075389 0.06160426 0.8594238 -0.1132016 0.07103794 0.9910293 -0.1132047 0.0710377 0.991029 0.3007073 0.06818813 0.9512758 0.3007049 0.0681883 0.9512765 0.6626208 0.05354833 0.7470384 0.6626191 0.05354845 0.7470399 0.9099614 0.02964961 0.4136319 0.9099612 0.02964949 0.4136323 0.999962 6.23943e-4 0.008703887 0.9999619 6.24259e-4 0.008704245 0.9170601 -0.02850955 -0.3977286 0.9170603 -0.02850937 -0.3977282 0.6755897 -0.05271345 -0.735391 0.6755902 -0.05271369 -0.7353906 0.3173034 -0.06780284 -0.9458972 0.3173054 -0.06780266 -0.9458965 -0.09584563 -0.0711683 -0.9928489 -0.09584456 -0.07116812 -0.9928489 -0.4924228 -0.0622282 -0.8681287 -0.4924244 -0.0622282 -0.8681278 -0.8038573 -0.04252856 -0.5933 -0.8038575 -0.04252839 -0.5932998 -0.976296 -0.01547491 -0.2158861 -0.976296 -0.01547479 -0.2158858 -0.9799249 0.01425409 0.1988569 -0.9799249 0.01425421 0.1988572 -0.8141146 0.04151892 0.5792183 -0.8141166 0.04151862 0.5792153 -0.5075341 0.06160461 0.8594267 -0.5075399 0.06160432 0.8594232 -0.1132031 0.071038 0.9910292 -0.1132027 0.07103782 0.9910292 0.3007043 0.06818819 0.9512767 0.3007065 0.06818789 0.9512761 0.6626217 0.05354803 0.7470376 0.66262 0.05354827 0.747039 0.9099618 0.02964943 0.413631 0.9099612 0.02964955 0.4136322 0.9999619 6.24108e-4 0.008704423 0.9999619 6.23814e-4 0.008704364 0.9170606 -0.02850908 -0.3977276 0.9170602 -0.02850955 -0.3977283 0.67559 -0.05271327 -0.7353907 0.6755906 -0.05271357 -0.7353902 0.3173046 -0.06780278 -0.9458968 0.3173056 -0.06780278 -0.9458964 -0.09584492 -0.07116818 -0.9928489 -0.09584695 -0.07116818 -0.9928488 -0.4924232 -0.06222808 -0.8681285 -0.4924249 -0.06222814 -0.8681275 -0.8038565 -0.04252827 -0.5933011 -0.8038572 -0.04252827 -0.5933001 0.9884377 -0.01021158 -0.1512838 0.9454843 -0.02008068 -0.3250482 0.9735199 -0.01613891 -0.2280325 -0.4396811 -0.05988955 -0.896155 -0.3630397 -0.06661939 -0.9293891 -0.5505717 -0.0595684 -0.83266 -0.7853822 -0.03955125 -0.6177464 0.2540011 0.02626299 -0.9668473 0.1734511 0.0258066 -0.9845044 0.01965832 0.1032903 -0.9944571 -0.004741907 -0.06915199 -0.997595 0.428254 -0.06446778 -0.9013559 0.7779267 -0.04479736 -0.6267561 0.8521133 -0.03569084 -0.522139 0.7181531 -0.04480165 -0.6944415 0.3909671 0.1225488 -0.9122098 -0.7486943 -0.04739671 -0.661219 -0.9038347 -0.03042423 -0.4267988 -0.9766754 -0.01257514 -0.2143526 -0.9872338 -0.01138812 -0.1588707 -0.973522 0.01634389 0.2280085 -0.973522 0.01634377 0.2280085 -0.7779297 0.04492557 0.6267434 -0.7779301 0.04492545 0.6267428 -0.4282594 0.06460911 0.9013432 -0.4282603 0.06460899 0.9013428 0.006233155 0.071496 0.9974214 0.006231188 0.071496 0.9974215 0.4394935 0.06422221 0.8959469 0.43949 0.06422239 0.8959487 0.7857037 0.04422849 0.61702 0.7857021 0.04422867 0.6170219 0.976296 0.01547485 0.2158859 0.9632561 0.02537173 0.2673836 0.9998924 0.007594168 0.01255273 -0.6151029 -0.08510911 -0.7838398 -0.4948911 -0.06648808 -0.8664076 -0.8029429 -0.04502522 -0.5943531 0.6756334 -0.05333554 -0.735306 0.6822697 -0.06920516 -0.7278178 0.9161229 -0.03281581 -0.3995521 0.7582499 -0.06538408 -0.6486771 0.8497459 -0.04902386 -0.5249084 -0.0962603 -0.08043724 -0.9921007 0.1056754 -0.07169824 -0.9918126 0.3203944 -0.07263594 -0.9444954 0.3320209 -0.07644015 -0.9401697 0.5242267 -0.06911307 -0.8487696 -0.3925619 -0.06829547 -0.9171865 -0.2622088 -0.0741865 -0.9621554 -0.09659814 -0.07116311 -0.9927763 -0.9905865 0.009787261 0.1365385 -0.997267 -0.005549252 -0.07367509 -0.9799361 0.009049117 0.1991064 -0.9762564 -0.02032166 -0.2156634 -0.9398493 0.02413737 0.3407359 -0.8141713 0.03597676 0.579509 -0.8473215 0.0379709 0.5297212 -0.717101 0.04952841 0.6952073 -0.5076252 0.05574661 0.8597727 -0.555 0.05947512 0.8297216 -0.3682032 0.06615471 0.9273888 -0.113304 0.06488502 0.9914395 -0.1650506 0.07051676 0.9837611 0.0454607 0.07108843 0.9964336 0.3006074 0.06176066 0.9517462 0.253939 0.06915378 0.9647449 0.4511367 0.0634588 0.890196 0.6625376 0.04686558 0.7475611 0.6282554 0.05562549 0.7760161 0.7774459 0.04460555 0.6273661 0.9099048 0.02273088 0.4141941 0.8920515 0.03231209 0.4507773 0.9669924 0.01784294 0.2541798 0.9999357 -0.006511092 0.009291708 0.9989249 0.003314554 0.04624056 0.9864332 -0.01212328 -0.1637153 0.9281448 -0.04279816 -0.3697506 0.8942839 -0.1156057 -0.4323097 -0.6951344 -0.2162689 -0.6855771 -0.7531799 -0.06490629 -0.6546046 -0.8792517 -0.03430545 -0.4751207 -0.9595948 -0.02011829 -0.2806655 -0.4344189 0.8480756 -0.3033942 -0.3521738 0.8464384 -0.3993942 -0.3475103 0.8496963 -0.3965513 0.4896125 0.8590593 -0.1493208 0.4982696 0.8529251 -0.1557123 0.4309678 0.8696581 -0.2407528 0.3818712 0.9053287 -0.1858882 0.4531255 0.8450554 -0.2838287 0.4828609 0.8738836 0.05632978 0.3904159 0.8875664 0.2445431 0.4013772 0.8821752 0.2462993 0.3303071 0.9349322 0.1296117 0.4923153 0.8687397 0.05401039 0.3752029 0.9266534 -0.02316206 0.2283089 0.8972923 0.377812 0.02550143 0.9013716 0.432295 0.03375637 0.8956244 0.4435285 0.07617545 0.9430885 0.3236996 0.2389717 0.8917193 0.384356 0.2250936 0.940962 0.252831 -0.1817519 0.8990718 0.3982917 -0.3563705 0.8908338 0.2818071 -0.3585204 0.8845177 0.2984822 -0.2489231 0.9323424 0.2622498 -0.1779274 0.8930933 0.4131902 -0.09152829 0.9402887 0.3278411 -0.4670365 0.8781452 0.1036237 -0.4938291 0.8632703 -0.1043907 -0.509033 0.8558299 -0.09187269 -0.4256139 0.9044049 -0.03007644 -0.4758757 0.8713439 0.1195918 -0.3677561 0.9198948 0.136196 -0.3320938 0.8691583 -0.366439 -0.4518944 0.8406664 -0.2984489 -0.4101329 0.8878784 -0.2084777 -0.01646345 -0.9892417 0.1453614 -0.01146841 -0.9907287 0.1353709 0 -0.9974408 0.07149749 0 -0.9974408 0.07149761 0 -0.9974408 0.07149773 -0.01367276 -0.9910391 0.1328708 -0.01836013 -0.9895148 0.14326 0 -0.9974408 0.07149785 0 -0.9974408 0.07149744 -1.42108e-7 -0.9974408 0.07149821 0.9151202 0.04154688 0.4010348 0.8111166 0.05494064 0.5822983 0.8980219 0.01941871 0.4395222 0.7781028 0.03381276 0.6272262 0.6577858 0.06889361 0.7500477 0.5523243 0.07129019 0.8305755 0.6586009 0.04777067 0.7509747 0.3733187 -0.1043834 0.921812 0.3981606 0.06413167 0.9150713 0.2389817 -0.06609481 0.968772 0.1238613 0.06948488 0.9898638 -0.1237813 -0.05792599 0.9906175 -0.05000019 0.001158952 0.9987486 0.04626923 -0.01044797 0.9988744 0.1280964 -0.03039425 0.9912959 -0.8483017 0.03940302 0.5280451 -0.7483823 0.04677575 0.6616163 -0.6587782 -0.06743526 0.749309 -0.5322833 0.05894148 0.844512 -0.5325277 -0.03587752 0.845652 -0.7159311 -0.1114304 0.6892213 -0.90899 0.02909803 0.4158011 -0.9172173 0.03022438 0.3972393 -0.9669945 0.01605761 0.254291 -0.9797117 0.01484596 0.1998615 -0.9886421 0.009578287 0.1499837 -0.9953258 0.002616941 0.09653836 -0.9999831 -0.004826545 -0.003234624 -0.9996441 -0.001901984 -0.02661055 -0.3007416 -0.06295746 0.9516255 -0.3871544 -0.01357543 0.9219151 0.1307871 0.6450768 -0.7528418 0.1660831 0.499356 -0.8503293 0.198706 0.3169667 -0.9273877 0.1530455 0.6559391 -0.7391353 0.07955163 0.8945313 -0.4398698 0.1012341 0.8333263 -0.5434326 0.02672582 0.9603833 -0.2773982 0.04748928 0.9616778 -0.2700381 0.09774488 0.8932403 -0.4388253 0.07840681 0.9044085 -0.4194017 0.1136499 0.8159386 -0.566858 0.1627253 0.6568388 -0.7362631 0.1506056 0.6677901 -0.7289544 0.1811165 0.4966402 -0.8488495 0.2107982 0.3170519 -0.924685 -0.3110693 -0.1067022 0.9443784 -0.2849981 -0.08446037 0.9547998 -0.2221297 -0.1368086 0.9653714 -0.06429821 -0.9491757 0.3081094 -0.09550791 -0.9054659 0.4135332 -0.1219659 -0.7949149 0.5943354 -0.05677378 -0.943479 0.3265335 -0.1026898 -0.8579193 0.5034174 -0.1366142 -0.7933788 0.5932004 -0.1714085 -0.5593672 0.811004 -0.1542735 -0.7369756 0.6580781 -0.4021638 -0.5150317 0.7569721 -0.3828085 -0.4532577 0.8049939 -0.3788139 -0.3811042 0.8433622 -0.2017522 -0.3051495 0.9306879 -0.3123741 -0.1550182 0.9372256 -0.3375917 -0.2772076 0.8995487 -0.2126516 -0.1143468 0.9704145 -0.2145025 -0.06398332 0.9746255 -0.05327528 -0.9431745 0.3279994 -0.1096819 -0.7958108 0.5955293 -0.09629684 -0.8580799 0.5044066 -0.05893015 -0.9409992 0.3332385 -0.1622599 -0.5587962 0.8132765 -0.1510487 -0.6578145 0.7378783 -0.1271435 -0.7626356 0.6342094 -0.1430153 -0.09137672 0.9854933 -0.09952551 -0.1073659 0.9892256 -0.1891724 -0.1636498 0.968211 -0.07972306 -0.1860862 0.9792938 -0.2145029 -0.06398457 0.9746254 -0.2147274 -0.1155983 0.9698088 -0.1998437 -0.3013175 0.9323468 -0.04172831 -0.3168834 0.9475461 0.01242327 -0.423703 0.9057161 0.06688344 0.9270532 -0.3689161 0.06688344 0.9270531 -0.3689162 0.1272199 0.765918 -0.630226 0.12722 0.7659182 -0.6302257 0.1751033 0.5298087 -0.8298444 0.1751034 0.5298089 -0.8298442 0.2058464 0.2418395 -0.9482305 0.2058465 0.24184 -0.9482303 0.1973103 -0.4736185 -0.8583438 0.1973105 -0.4736185 -0.8583438 0.1640841 -0.7033805 -0.6916158 0.1640841 -0.7033804 -0.6916158 0.1174535 -0.8756811 -0.4683883 0.1174534 -0.8756809 -0.4683883 0.06122761 -0.9764451 -0.2068962 0.06122761 -0.9764451 -0.2068963 0.01803058 0.9898008 -0.1413126 0.04791688 0.9503481 -0.3074775 0.1146022 0.825062 -0.5532984 0.1204767 0.8290558 -0.5460329 0.1340873 0.7441107 -0.6544616 0.169164 0.616822 -0.7687096 0.1555272 0.6435152 -0.7494661 0.1752958 0.5265762 -0.8318588 0.1991745 0.3706369 -0.9071704 0.1961256 0.3472007 -0.9170532 0.1098854 0.8785907 -0.464762 0.07687199 0.9366393 -0.3417568 0.05410271 0.9693896 -0.2394931 0.1917245 0.3698377 -0.9090995 0.1520864 0.6165512 -0.7724859 0.1758757 0.5265843 -0.8317312 0.1972968 0.3464599 -0.9170821 0.09996211 0.8227646 -0.5595231 0.1318704 0.7440757 -0.6549516 0.1555272 0.6435139 -0.7494673 0.04603636 0.9497582 -0.3095804 0.08356922 0.8829292 -0.4620088 0.1100153 0.8234973 -0.5565509 0.01329123 0.9897521 -0.1421762 0.03332138 0.9704381 -0.2390388 0.06188321 0.9315181 -0.3583916 -0.1736468 -0.07041126 -0.9822878 -0.1736494 -0.07041114 -0.9822872 -0.5372988 -0.06030035 -0.8412336 -0.5373007 -0.06030023 -0.8412324 -0.8191518 -0.04100924 -0.572109 -0.8191513 -0.0410093 -0.5721096 0.9848079 -0.01241534 -0.1732034 0.984808 -0.01241528 -0.1732028 0.843392 -0.03841543 -0.5359238 0.8433915 -0.03841549 -0.5359245 0.5735756 -0.05856728 -0.8170563 0.5735744 -0.0585674 -0.8170571 0.537299 0.06030035 0.8412334 0.5372989 0.0603004 0.8412335 0.5372989 0.0603004 0.8412336 0.8433911 -0.03841555 -0.5359252 0.8433926 -0.03841578 -0.535923 0.8433914 -0.03841561 -0.5359247 0.8433928 -0.03841584 -0.5359225 -0.8433914 0.03841572 0.5359247 -0.8433915 0.03841543 0.5359247 -0.8433915 0.03841567 0.5359247 -0.8433914 0.03841537 0.5359246 -0.537299 -0.06030046 -0.8412336 -0.5372987 -0.06030058 -0.8412337 -0.537299 -0.06030052 -0.8412336 -0.5372986 -0.06030058 -0.8412337 0.6903424 0.7162429 0.1020957 0.6903428 0.7162426 0.1020958 0.7009698 0.71146 0.04965913 0.6903463 0.716239 0.1020963 0.7016708 0.7110278 0.04580122 0.8419891 0.0191366 -0.5391551 0.8421743 0.01520043 -0.5389912 0.8359011 0.1819494 -0.5178454 0.8359012 0.1819491 -0.5178452 0.8141634 0.3855728 -0.4341332 0.8141636 0.3855728 -0.4341329 0.780304 0.5525279 -0.2929822 0.7803038 0.5525282 -0.2929821 0.7376377 0.6664693 -0.1082097 0.7376376 0.6664693 -0.1082103 0.8415184 0.02809268 -0.5394975 0.8411557 0.03425568 -0.5397072 0.8317415 0.2352463 -0.5028573 0.8317415 0.2352463 -0.5028573 0.798565 0.4747619 -0.3699935 0.798565 0.4747615 -0.3699938 0.7489135 0.6436638 -0.1575611 0.7489135 0.6436637 -0.1575616 0.7042628 0.7092633 0.03097778 0.7032261 0.7100018 0.03702265 0.6903477 0.7162373 0.1020987 0.6903476 0.7162374 0.1020987 0.8433908 -0.03841555 -0.5359256 0.8433908 -0.03841555 -0.5359256 0.8433907 -0.03841561 -0.5359257 0.8433908 -0.03841567 -0.5359257 0.1530464 0.6559379 -0.7391363 0.1530464 0.6559379 -0.7391362 0.1530461 0.6559382 -0.739136 0.1530461 0.6559382 -0.7391359 0.5963679 0.6781339 -0.4295111 0.596368 0.6781336 -0.4295116 0.5963681 0.6781329 -0.4295125 0.5963681 0.6781327 -0.4295127 0.6903446 0.7162404 0.1020979 0.6903447 0.7162404 0.1020979 0.6903462 0.716239 0.1020975 0.6903463 0.7162389 0.1020975 0.3799278 0.747937 0.5442841 0.379928 0.7479366 0.5442845 0.3799285 0.7479353 0.5442858 0.3799287 0.747935 0.5442863 -0.09560549 0.7542676 0.649569 -0.09095889 0.7541238 0.6504029 -0.1530459 0.7546555 0.6380221 -0.153046 0.7546553 0.6380223 0.0885111 0.7554566 0.6491926 0.08851212 0.7554559 0.6491936 0.282595 0.7510845 0.5966677 0.3055964 0.7518444 0.584244 0.7416686 0.6505523 -0.1634303 0.7573136 0.6334026 -0.1589882 0.7056378 0.7077563 0.03400522 0.7237221 0.6892997 0.03305041 0.6082037 0.7516924 0.2550428 0.626971 0.7357458 0.2560968 0.4682397 0.7646487 0.4427912 0.4982167 0.7428502 0.4471619 0.4322375 0.7190902 0.5441324 0.779085 0.5433459 -0.3127328 0.7223546 0.6414217 -0.2584224 0.7818048 0.5341705 -0.321626 0.8044495 0.4107251 -0.4291456 0.834075 0.1832171 -0.5203371 0.8340079 0.1838056 -0.5202369 0.8296875 0.2574915 -0.4952946 0.829771 0.2566568 -0.495588 0.8143705 0.3819304 -0.4369553 0.7717612 0.498862 -0.3943619 0.8283946 0.2708987 -0.4902821 0.8283945 0.2708988 -0.4902821 0.8082448 0.4226274 -0.4100325 0.808245 0.4226272 -0.4100322 0.781053 0.5497632 -0.2961703 0.7810534 0.5497626 -0.2961704 0.7484436 0.6447108 -0.1555 0.7484437 0.6447106 -0.1555001 0.7123603 0.7018049 0.003578662 0.7123602 0.7018051 0.00357896 0.6749628 0.7176295 0.1715614 0.6749628 0.7176293 0.171562 0.6384844 0.6912385 0.3384186 0.6384845 0.6912383 0.3384187 0.6051069 0.624211 0.4941725 0.6051068 0.6242112 0.4941722 0.5768166 0.52055 0.629532 0.576816 0.5205501 0.6295322 0.5553103 0.3864476 0.7364026 0.5553101 0.3864479 0.7364025 0.5418701 0.2299141 0.8084037 0.5418701 0.2299145 0.8084036 0.5368206 0.102318 0.8374692 0.5367647 0.1046984 0.8372108 0.537301 0.0603004 0.8412322 0.5373008 0.0603004 0.8412322 0.6771911 -0.689377 0.2572383 0.67813 -0.6897741 0.2536758 0.6903449 -0.6943555 0.2032103 0.6903448 -0.6943555 0.2032103 0.6362383 -0.6464831 0.4210231 0.6380535 -0.6359839 0.4340648 0.5473349 -0.5468312 0.6335616 0.5402032 -0.5604814 0.627727 0.4289523 -0.4475534 0.784663 0.4235033 -0.4593428 0.7808004 0.3125624 -0.3528495 0.8819308 0.3081842 -0.3622857 0.8796429 0.1178358 -0.6664951 0.736138 0.04131245 -0.6553163 0.7542241 0.02705067 -0.6562725 0.7540389 -0.05569744 -0.644222 0.7628079 -0.1160857 -0.6497696 0.7512149 -0.1218834 -0.6551142 0.7456338 -0.6767225 0.6891782 -0.2589982 -0.6903446 0.6943559 -0.2032097 -0.6777262 0.6896056 -0.2552085 -0.6903368 0.6943629 -0.2032122 -0.6903361 0.6943637 -0.2032124 -0.1530471 -0.6559371 0.7391368 -0.1530467 -0.6559377 0.7391363 -0.6430526 0.644583 -0.4135168 -0.6430529 0.644583 -0.4135163 -0.6003892 0.530643 -0.59829 -0.6003895 0.5306425 -0.5982901 -0.5665281 0.3636891 -0.7394432 -0.5665284 0.3636887 -0.7394431 -0.544788 0.1600644 -0.8231558 -0.5447887 0.1600639 -0.8231554 -0.5365257 -0.006653368 -0.8438579 -0.5364084 -0.002712368 -0.8439543 0.3799282 -0.6626577 0.6453986 0.3799285 -0.6626577 0.6453984 0.3799291 -0.6626577 0.645398 0.3799293 -0.6626578 0.6453979 -0.5358765 0.01242947 -0.8442049 -0.5361084 0.006256699 -0.844126 0.6903464 -0.6943539 0.2032108 0.6903465 -0.6943538 0.2032108 0.6903491 -0.694351 0.2032117 0.6903492 -0.6943508 0.2032117 -0.6727705 0.6874347 -0.2735208 -0.6744008 0.6881639 -0.2676078 -0.6317747 0.6217803 -0.4628716 -0.6317754 0.6217798 -0.4628712 -0.5821273 0.4528762 -0.6753007 -0.5821275 0.4528757 -0.6753008 -0.5489476 0.2133629 -0.8081663 -0.5489473 0.2133626 -0.8081668 0.5963684 -0.7324601 -0.3284006 0.5963694 -0.7324592 -0.3284009 0.5963718 -0.7324569 -0.3284015 0.5963725 -0.7324563 -0.3284017 -0.6903471 0.6943529 -0.2032116 -0.6903471 0.6943529 -0.2032115 -0.5372889 -0.06030064 -0.84124 -0.5372898 -0.06030064 -0.8412394 -0.5373071 -0.06029987 -0.8412283 -0.5373077 -0.06029987 -0.8412279 0.1530466 -0.7546533 -0.6380245 0.1530465 -0.7546533 -0.6380244 0.1530458 -0.7546542 -0.6380237 0.1530457 -0.7546541 -0.6380237 -0.5372936 -0.06030046 -0.8412369 -0.5372942 -0.06030046 -0.8412366 -0.5373011 -0.06030011 -0.8412321 -0.5373025 -0.06030005 -0.8412312 -0.6727702 0.6874344 -0.273522 -0.6744011 0.6881635 -0.2676084 -0.6903476 0.6943525 -0.2032117 -0.6903478 0.6943522 -0.2032118 -0.438703 -0.6251063 -0.6455866 0.1530463 0.6559401 -0.7391342 0.1530463 0.6559401 -0.7391343 0.153046 0.6559373 -0.7391369 0.153046 0.6559371 -0.739137 0.08160799 0.6530739 -0.7528843 0.08769088 0.6534515 -0.7518721 -0.1227893 0.6555062 -0.7451405 -0.1227884 0.6555055 -0.7451413 -0.3799299 0.6626559 -0.6453995 -0.3799298 0.6626556 -0.6453999 -0.5792303 0.676296 -0.4551002 -0.5792308 0.6762962 -0.4550991 -0.6744017 -0.719296 -0.1667202 -0.6727702 -0.7194186 -0.1726771 -0.690346 -0.716239 -0.1020981 -0.6903455 -0.7162395 -0.1020981 -0.3799283 0.6626607 -0.6453955 -0.3799282 0.6626599 -0.6453964 -0.3799276 0.6626573 -0.6453994 -0.3799275 0.6626561 -0.6454007 0.2236722 0.6553274 -0.7214685 0.2177225 0.6555153 -0.7231159 -0.5792286 -0.7342934 -0.3539879 -0.5792297 -0.7342928 -0.3539873 -0.3799287 -0.7479345 -0.5442869 -0.3799296 -0.7479345 -0.5442862 -0.122789 -0.7550848 -0.6440264 -0.1227893 -0.7550852 -0.6440257 0.08160787 -0.7537822 -0.6520373 0.08769011 -0.7540119 -0.6509813 -0.6903428 0.6943576 -0.2032103 -0.6903429 0.6943575 -0.2032103 -0.6903449 0.6943553 -0.2032111 -0.690345 0.6943552 -0.2032111 0.704265 0.7092611 0.03097665 0.7032283 0.7099996 0.03702259 0.6963657 0.6965166 -0.1730307 0.6963659 0.6965165 -0.1730303 0.5963693 0.6781304 -0.4295148 0.5963698 0.6781302 -0.4295143 0.4055788 0.6638813 -0.6283053 0.4055799 0.663882 -0.6283037 0.2177211 -0.7519496 -0.6222293 0.223671 -0.7515299 -0.620624 -0.5963654 0.7324635 0.3283984 -0.5963656 0.7324631 0.328399 -0.5963664 0.7324615 0.3284012 -0.5963667 0.7324609 0.3284021 0.6903479 0.7162374 0.1020973 0.6903478 0.7162374 0.1020976 0.4055801 -0.7467098 -0.52719 0.4055815 -0.746709 -0.5271902 0.5963684 -0.7324602 -0.3284007 0.5963696 -0.7324594 -0.3283999 0.6963648 -0.7140756 -0.07191735 0.6963651 -0.7140753 -0.07191741 0.7042635 -0.6975929 0.131822 0.7032271 -0.6974615 0.1379107 -0.2145207 0.7521635 0.6230819 -0.2099617 0.7524535 0.6242833 -0.1530466 0.7546564 0.6380209 -0.1530467 0.7546567 0.6380205 0.8433891 -0.03841578 -0.5359283 0.8433892 -0.03841578 -0.5359283 0.8433906 -0.03841572 -0.5359259 0.8433907 -0.03841572 -0.5359259 0.6903464 -0.6943539 0.2032106 0.6903461 -0.6943541 0.2032106 -0.5303276 0.7382002 0.416909 -0.5439455 0.7340043 0.4066463 -0.3767045 0.7480827 0.5463205 -0.3767055 0.7480826 0.54632 0.6886242 -0.6072397 -0.3963038 -0.6226463 0.6224333 -0.4742242 -0.6400562 0.6173821 -0.4573484 -0.6752856 0.6800235 -0.2855827 -0.690528 0.672876 -0.2653472 -0.6843173 0.7279417 -0.04255425 -0.6946781 0.7189954 -0.0216335 -0.6483442 0.7424254 0.1686843 -0.6503282 0.7309348 0.2069 -0.6042171 0.733834 0.3104987 0.1530462 -0.7546542 -0.6380235 0.1530462 -0.7546542 -0.6380236 0.1530463 -0.7546541 -0.6380237 -0.5955665 0.5843281 -0.5512361 -0.5845736 0.5283892 -0.6156936 -0.5421236 0.1619933 -0.8245363 -0.5421235 0.1614048 -0.8246518 -0.5508751 0.23477 -0.8008869 -0.5509474 0.2356052 -0.8005917 -0.5578454 0.3865312 -0.73444 -0.5654154 0.360059 -0.7420668 -0.5609403 0.4599391 -0.6883328 -0.5961077 0.5149157 -0.6160499 -0.3799293 -0.7479346 -0.5442863 -0.3799292 -0.747935 -0.544286 -0.3799287 -0.7479358 -0.5442851 -0.3799287 -0.7479361 -0.5442849 -0.8425533 0.08283549 0.5322052 -0.8426409 0.08045285 0.532432 -0.8388199 0.2080292 0.5030955 -0.8388199 0.2080294 0.5030955 -0.8253797 0.3645624 0.4310947 -0.8253798 0.3645626 0.4310944 -0.8038745 0.4986633 0.3242236 -0.8038744 0.4986634 0.3242234 -0.7755855 0.6023266 0.1888642 -0.7755852 0.6023272 0.1888642 -0.7422019 0.669358 0.03311002 -0.7422019 0.6693581 0.03310972 -0.7057276 0.6957443 -0.1337473 -0.7057282 0.6957437 -0.1337476 -0.6683335 0.6799184 -0.3017305 -0.6683335 0.6799185 -0.3017303 -0.63225 0.6228278 -0.4608097 -0.6322497 0.6228283 -0.4608093 -0.5996372 0.5278789 -0.6014809 -0.5996373 0.5278795 -0.6014802 -0.5724455 0.4007425 -0.7153401 -0.5724458 0.4007427 -0.7153398 -0.5522965 0.2490128 -0.7955887 -0.5522966 0.2490129 -0.7955886 -0.6903455 -0.7162396 -0.102098 -0.6903455 -0.7162396 -0.102098 -0.6903453 -0.7162399 -0.1020979 -0.6903452 -0.7162399 -0.1020978 -0.8433925 0.03841537 0.5359231 -0.8433923 0.03841537 0.5359232 -0.5963672 -0.678133 0.4295136 -0.5963673 -0.6781334 0.4295129 -0.5963674 -0.6781343 0.4295112 -0.5963675 -0.6781345 0.4295108 -0.7006866 -0.7116285 -0.05121761 -0.7013499 -0.7112265 -0.0475946 -0.6903446 -0.7162404 -0.1020985 -0.6903446 -0.7162404 -0.1020985 -0.1918202 -0.6509695 0.7344684 -0.1840516 -0.6560989 0.7318875 -0.1530458 -0.6559402 0.7391342 -0.1530459 -0.6559404 0.7391342 -0.7285525 -0.6813833 0.07020032 -0.7284994 -0.6737228 0.1240419 -0.2516072 -0.6473322 0.7194824 -0.335574 -0.6612903 0.670884 -0.3225454 -0.6618253 0.6767213 -0.3969669 -0.6746541 0.6223016 -0.7404174 -0.6360186 0.2173992 -0.7396711 -0.5806887 0.3401287 -0.7414201 -0.5761793 0.3439676 -0.7237246 -0.5048356 0.4704933 -0.6547937 -0.365922 0.6613217 -0.6928783 -0.4358445 0.5744208 -0.6940748 -0.4389964 0.5705632 -0.7108643 -0.4898071 0.5047386 -0.7305225 -0.5188015 0.4440516 0.8371917 0.1622892 -0.5222761 0.8371919 0.1622891 -0.5222758 0.8190965 0.3507317 -0.4539474 0.8190966 0.3507317 -0.4539473 0.790569 0.5116482 -0.3364772 0.7905689 0.5116482 -0.3364773 0.7539228 0.6319995 -0.1793797 0.7539229 0.6319994 -0.1793797 0.7121259 0.7020366 0.004617452 0.7121259 0.7020366 0.004617393 0.6685646 0.7160853 0.2006071 0.6685647 0.7160853 0.2006071 0.6267678 0.6730075 0.3927126 0.6267678 0.6730074 0.3927126 0.5901219 0.576293 0.5653694 0.590122 0.5762929 0.5653695 0.5615953 0.4337769 0.7045909 0.5615954 0.4337769 0.7045909 0.5434998 0.2570062 0.799097 0.5434998 0.2570062 0.799097 0.5372995 0.06030017 0.8412332 0.5372992 0.06030017 0.8412333 0.543499 -0.1404037 0.8275843 0.5434989 -0.1404036 0.8275844 0.5615957 -0.3288484 0.7592557 0.5615956 -0.3288484 0.7592557 0.5901215 -0.4897633 0.6417854 0.5901215 -0.4897633 0.6417855 0.6267677 -0.6101146 0.484688 0.6267676 -0.6101148 0.484688 0.6685646 -0.6801518 0.300691 0.6685646 -0.6801518 0.3006908 0.7121262 -0.6942002 0.1047014 0.7121262 -0.6942003 0.1047011 0.7539224 -0.6511232 -0.0874046 0.7539224 -0.6511233 -0.08740472 0.790569 -0.5544089 -0.2600612 0.790569 -0.5544087 -0.260061 0.8190961 -0.4118926 -0.3992819 0.8190962 -0.4118927 -0.3992819 0.8371924 -0.2351215 -0.4937885 0.8371922 -0.2351214 -0.4937886 0.843391 -0.03841567 -0.5359255 0.8433909 -0.03841572 -0.5359255 -0.8371923 0.2351213 0.4937884 -0.8371925 0.2351213 0.4937882 -0.819096 0.4118927 0.3992823 -0.8190961 0.4118925 0.3992822 -0.7905693 0.5544083 0.2600612 -0.7905693 0.5544082 0.2600612 -0.7539231 0.6511226 0.08740425 -0.753923 0.6511227 0.08740419 -0.7121263 0.6942002 -0.1047008 -0.7121261 0.6942003 -0.1047008 -0.668565 0.6801514 -0.300691 -0.6685648 0.6801515 -0.300691 -0.6267677 0.6101146 -0.484688 -0.6267676 0.6101147 -0.484688 -0.590121 0.4897638 -0.6417856 -0.5901212 0.4897635 -0.6417856 -0.561595 0.3288472 -0.7592568 -0.5615951 0.3288469 -0.7592567 -0.5434998 0.1404042 -0.8275837 -0.5434997 0.1404042 -0.8275837 -0.5372995 -0.06029987 -0.8412331 -0.5372992 -0.06030005 -0.8412333 -0.5434991 -0.257007 -0.7990971 -0.5434989 -0.2570068 -0.7990972 -0.5615953 -0.4337769 -0.704591 -0.5615952 -0.4337767 -0.7045911 -0.590121 -0.5762938 -0.5653695 -0.590121 -0.5762938 -0.5653696 -0.6267675 -0.6730078 -0.3927123 -0.6267676 -0.6730078 -0.3927124 -0.6685646 -0.7160854 -0.2006068 -0.6685647 -0.7160853 -0.2006071 -0.7121268 -0.7020357 -0.004617691 -0.7121267 -0.7020358 -0.00461781 -0.7539229 -0.6319993 0.1793797 -0.7539228 -0.6319996 0.1793797 -0.7905694 -0.5116477 0.3364772 -0.7905694 -0.5116477 0.3364771 -0.8190963 -0.3507323 0.4539473 -0.8190963 -0.3507322 0.4539473 -0.8371919 -0.1622892 0.5222757 -0.8371918 -0.1622889 0.522276 -0.8433909 0.03841543 0.5359255 -0.843391 0.03841549 0.5359255 -0.8350991 0.2647508 0.4821997 -0.8350991 0.2647511 0.4821997 -0.8111206 0.4612096 0.3596792 -0.8111205 0.4612099 0.3596794 -0.7740538 0.606505 0.181639 -0.7740533 0.6065055 0.1816393 -0.7279162 0.6848895 -0.03262752 -0.7279157 0.68489 -0.03262734 -0.6777062 0.6878708 -0.2599003 -0.677706 0.687871 -0.2599002 -0.6288672 0.6151241 -0.4755507 -0.6288672 0.6151239 -0.4755509 -0.5866892 0.4745321 -0.6562127 -0.5866893 0.4745321 -0.6562126 -0.555746 0.2813332 -0.7823031 -0.5557461 0.2813336 -0.7823029 -0.5402314 0.08729559 -0.8369765 -0.5401666 0.08403766 -0.8373516 -0.5372999 -0.06030082 -0.8412329 -0.5372992 -0.06030064 -0.8412333 -0.5402312 -0.2057805 -0.8159686 -0.5401658 -0.202609 -0.8168052 -0.5557462 -0.3900352 -0.734179 -0.5557464 -0.3900353 -0.7341788 -0.5866906 -0.563275 -0.5818207 -0.5866909 -0.5632751 -0.5818205 -0.6288695 -0.6766605 -0.3829539 -0.6288693 -0.6766606 -0.3829541 -0.677706 -0.7179077 -0.1591328 -0.6777054 -0.7179082 -0.1591331 -0.7279139 -0.6825432 0.06539303 -0.727914 -0.682543 0.06539303 -0.774053 -0.5743983 0.2662867 -0.774053 -0.5743982 0.2662868 -0.8111199 -0.4051952 0.4217835 -0.8111197 -0.4051954 0.4217841 -0.8350986 -0.193269 0.5150314 -0.8350985 -0.1932687 0.5150319 -0.8433911 0.03841572 0.5359252 -0.8433911 0.03841584 0.5359253 0.8164643 -0.2741504 -0.5081611 0.8250283 -0.04040223 -0.5636454 0.8081434 -0.1638932 -0.5657235 0.835098 -0.2647511 -0.4822015 0.7908522 -0.3904408 -0.4712843 0.7917001 -0.477044 -0.381628 0.8111191 -0.4612108 -0.3596809 0.7581416 -0.5735639 -0.310235 0.7534196 -0.6270975 -0.1977563 0.774053 -0.6065058 -0.181639 0.7135572 -0.6934202 -0.100023 0.7057697 -0.7080506 0.02352738 0.7279137 -0.6848921 0.0326265 0.6619313 -0.737018 0.13657 0.6622809 -0.6970475 0.274789 0.6593015 -0.6963799 0.2835078 0.6156661 -0.6190123 0.487626 0.5315291 -0.7783792 0.33407 0.6100543 -0.6144111 0.5003327 0.5733248 -0.4734649 0.6686775 0.4771264 -0.6670678 0.5721634 0.5681341 -0.4646937 0.6791785 0.54257 -0.2754431 0.7935672 0.4322649 -0.4825117 0.7617937 0.5380818 -0.2634567 0.8006615 0.5267353 -0.04640448 0.8487618 0.4018203 -0.2446926 0.8824205 0.5231541 -0.03250688 0.8516181 0.5275363 0.1888306 0.8282805 0.3890921 0.02061426 0.9209682 0.5249676 0.2031294 0.8265274 0.5448841 0.4047719 0.734344 0.395453 0.2846571 0.8732624 0.5433248 0.4179176 0.7281093 0.5769024 0.5780177 0.5771301 0.420223 0.5188241 0.7444691 0.5762395 0.5885826 0.5670261 0.6201208 0.6897951 0.3736747 0.4607106 0.6977428 0.5485442 0.6201441 0.6966286 0.3607351 0.6698547 0.7279911 0.1460266 0.5125291 0.802019 0.306724 0.6702796 0.7303486 0.1315911 0.706197 0.7043251 -0.07219386 0.5700657 0.8203542 0.04521256 0.7279158 0.6825413 -0.06539171 0.713558 0.672064 -0.1979017 0.7534198 0.5924806 -0.2851763 0.7740531 0.5743981 -0.2662868 0.7581419 0.5234519 -0.3888692 0.7917011 0.4177349 -0.4457656 0.8111211 0.4051926 -0.4217838 0.7908521 0.3192303 -0.5221542 0.8164646 0.1988697 -0.5420669 0.8350988 0.1932688 -0.5150313 0.8081435 0.08152955 -0.5833156 0.8433908 -0.03841495 -0.5359257 -0.842648 -0.00348699 0.5384535 -0.8427216 -0.001360297 0.538348 -0.8433917 0.03841555 0.5359242 -0.8433917 0.03841555 0.5359242 -0.5391778 -0.2445345 -0.8059096 -0.539155 -0.2456434 -0.8055875 -0.5475423 -0.310681 -0.7769651 -0.5475422 -0.3106809 -0.7769652 -0.5639501 -0.4494031 -0.6928184 -0.5639501 -0.4494031 -0.6928184 -0.5870824 -0.564804 -0.5799404 -0.5870825 -0.564804 -0.5799403 -0.6157051 -0.6507475 -0.4443364 -0.615705 -0.6507476 -0.4443366 -0.6482983 -0.7026603 -0.2932201 -0.6482983 -0.7026602 -0.2932201 -0.6831287 -0.7177821 -0.1346255 -0.6831288 -0.717782 -0.1346255 -0.718342 -0.6953096 0.02300965 -0.718342 -0.6953095 0.02300965 -0.7520666 -0.6364368 0.1713017 -0.7520664 -0.6364369 0.1713017 -0.7825079 -0.5442963 0.3023625 -0.7825079 -0.5442962 0.3023626 -0.8080481 -0.4237865 0.4092229 -0.8080481 -0.4237862 0.409223 -0.8273282 -0.2813187 0.4861976 -0.827328 -0.2813186 0.4861978 -0.8393213 -0.1244713 0.5291946 -0.839321 -0.1244712 0.5291949 -0.5508266 -0.3458412 -0.7595947 -0.5508264 -0.3458413 -0.7595948 -0.5743203 -0.5083075 -0.6417007 -0.5743202 -0.5083075 -0.6417008 -0.6072932 -0.6301427 -0.4838545 -0.6072931 -0.6301428 -0.4838547 -0.6470506 -0.7013938 -0.298952 -0.6470507 -0.7013937 -0.298952 -0.6780483 -0.718912 -0.1530236 -0.6788712 -0.7188057 -0.1498408 -0.6903443 -0.7162423 -0.1020876 -0.6903498 -0.7162353 -0.1020987 0.5368727 0.02050697 0.8434141 0.5368256 0.01837825 0.8434931 0.537301 0.06030035 0.8412322 0.5373011 0.06030035 0.8412321 0.5413691 -0.1025859 0.8345032 0.5413686 -0.1025858 0.8345036 0.5533627 -0.2594344 0.7915072 0.5533626 -0.2594344 0.7915072 0.572643 -0.4019014 0.7145315 0.5726431 -0.4019014 0.7145314 0.5981835 -0.5224103 0.6076711 0.5981833 -0.5224103 0.6076712 0.6286242 -0.6145523 0.4766101 0.628624 -0.6145524 0.4766103 0.662349 -0.673425 0.3283179 0.6623489 -0.6734252 0.3283178 0.6975623 -0.6958981 0.1706829 0.6975621 -0.6958984 0.1706828 0.7323921 -0.6807759 0.01208877 0.7323917 -0.6807762 0.01208871 0.7649865 -0.6288617 -0.1390281 0.7649862 -0.628862 -0.1390281 0.7936087 -0.5429205 -0.2746318 0.7936086 -0.5429207 -0.2746317 0.8167398 -0.4275187 -0.3875099 0.8167399 -0.4275185 -0.3875099 0.8331487 -0.2887953 -0.4716573 0.8331486 -0.2887954 -0.4716574 0.8356467 -0.2238529 -0.501582 0.8357698 -0.2227417 -0.5018715 0.7007469 -0.6970586 0.1518658 0.7001545 -0.6969429 0.1550948 0.7336404 -0.6795082 0.006356537 0.7336404 -0.6795082 0.006356477 0.7733975 -0.6082579 -0.178546 0.7733977 -0.6082576 -0.1785461 0.806371 -0.4864224 -0.3363914 0.8063712 -0.4864221 -0.3363917 0.8298643 -0.3239564 -0.4542878 0.8298645 -0.3239563 -0.4542877 0.6903493 -0.694351 0.2032108 0.690353 -0.694347 0.2032117 -0.4423143 0.653771 -0.6139557 -0.6035989 0.6726796 -0.4279844 -0.5588492 0.6662085 -0.4938157 -0.4719719 0.6665601 -0.5770097 -0.3681311 0.6475372 -0.6672145 -0.2242887 0.6409907 -0.7340474 -0.2558034 0.6573774 -0.7088156 -0.1270161 0.6344386 -0.7624663 0.02396327 0.6352458 -0.7719382 -0.007052958 0.6542002 -0.7562887 0.1335075 0.6282572 -0.766465 0.2716589 0.6367068 -0.7216688 0.2424531 0.6574565 -0.7134195 0.3796553 0.6294398 -0.6779878 0.4877389 0.6447854 -0.5885258 0.4608212 0.6667527 -0.5857345 0.5792984 0.6375036 -0.5079397 0.6449065 0.6581817 -0.3884488 0.6201393 0.6809122 -0.3895972 0.706227 0.6511132 -0.27802 0.7231944 0.6750321 -0.1460189 0.7000478 0.6981404 -0.1501101 0.7436867 0.6682887 -0.01790201 0.6980868 0.7057639 0.1207148 0.6968478 0.7053586 0.1298938 0.5993909 0.7228072 0.3439194 0.7560432 0.6140047 0.226709 0.5894263 0.7233297 0.3596815 0.4284601 0.7352179 0.5252398 0.5999789 0.6500245 0.4663621 0.4088729 0.7375524 0.5374379 0.205762 0.7429358 0.6369525 0.3720326 0.6794164 0.6324439 0.1780232 0.7464551 0.6411807 -0.0414319 0.7451006 0.665664 0.1036064 0.7007745 0.7058193 -0.07411175 0.7491295 0.6582648 -0.2829377 0.7416208 0.608231 -0.1697447 0.7135644 0.6797151 -0.3159902 0.7454544 0.5868968 -0.4894196 0.7331833 0.4721341 -0.4128971 0.7181378 0.5601733 -0.5174776 0.7360885 0.4363378 -0.6360542 0.7211814 0.2744674 -0.5955528 0.7156625 0.364889 -0.6536163 0.722396 0.2256764 -0.7055695 0.7075253 0.03974628 -0.6958363 0.7079929 0.1206563 -0.7076814 0.706287 -0.0185936 -0.690344 0.6943563 -0.2032105 -0.6903442 0.6943561 -0.2032106 -0.6278789 0.6805398 -0.3776688 -0.4423136 0.6537701 -0.6139572 -0.6035992 0.6726796 -0.4279841 -0.5588454 0.6662076 -0.4938211 -0.471969 0.6665592 -0.5770133 -0.3681278 0.6475359 -0.6672176 -0.22429 0.640991 -0.7340467 -0.2558069 0.6573783 -0.7088136 -0.1270202 0.6344396 -0.7624646 0.02396303 0.6352467 -0.7719375 -0.007052481 0.6542004 -0.7562884 0.1335074 0.6282582 -0.7664642 0.2716606 0.6367071 -0.721668 0.2424563 0.6574552 -0.7134197 0.3796568 0.6294403 -0.6779866 0.4877381 0.6447867 -0.5885249 0.46082 0.6667535 -0.5857343 0.5792981 0.6375045 -0.5079387 0.6449046 0.6581836 -0.3884488 0.6201368 0.6809142 -0.3895975 0.7062249 0.6511157 -0.2780198 0.7231925 0.6750344 -0.1460179 0.7000456 0.698143 -0.1501086 0.743686 0.6682894 -0.01790171 0.6980873 0.7057633 0.1207158 0.6968492 0.7053572 0.1298941 0.5993907 0.7228065 0.3439211 0.7560391 0.6140101 0.2267079 0.5894279 0.7233273 0.3596838 0.428461 0.7352188 0.5252377 0.5999812 0.6500236 0.4663602 0.408874 0.7375532 0.537436 0.2057623 0.7429366 0.6369514 0.3720353 0.6794146 0.6324442 0.1780226 0.7464555 0.6411803 -0.0414322 0.7451012 0.6656633 0.1036072 0.7007726 0.705821 -0.07411074 0.7491326 0.6582613 -0.2829371 0.7416206 0.6082315 -0.1697455 0.7135658 0.6797134 -0.3159904 0.745455 0.5868961 -0.4894202 0.7331828 0.4721344 -0.412898 0.7181366 0.5601742 -0.5174779 0.7360874 0.4363394 -0.6360548 0.721181 0.2744673 -0.5955581 0.7156594 0.3648865 -0.6536232 0.7223913 0.2256715 -0.7055705 0.7075241 0.03974771 -0.6958369 0.7079905 0.1206669 -0.7076838 0.706285 -0.01858258 -0.690345 0.6943554 -0.2032101 -0.6903451 0.6943554 -0.2032101 -0.6278769 0.6805391 -0.3776733</float_array>
          <technique_common>
            <accessor source="#LINK_WRIST_PITCH_R-mesh-normals-array" count="1912" stride="3">
              <param name="X" type="float"/>
              <param name="Y" type="float"/>
              <param name="Z" type="float"/>
            </accessor>
          </technique_common>
        </source>
        <source id="LINK_WRIST_PITCH_R-mesh-map">
          <float_array id="LINK_WRIST_PITCH_R-mesh-map-array" count="11160">0.8261606 0.4814934 0.9090546 0.4817995 0.8260915 0.5045636 0.8260915 0.5045636 0.9090546 0.4817995 0.9089856 0.5048698 0.8266051 0.427653 0.9094974 0.4270238 0.8267964 0.4507226 0.8267964 0.4507226 0.9094974 0.4270238 0.9096887 0.4500934 0.8116284 0.2505385 0.8116074 0.2366975 0.8591015 0.2366975 0.8589188 0.1167418 0.9416506 0.1167418 0.8591015 0.2366975 0.8591015 0.2366975 0.9416506 0.1167418 0.9418545 0.2505385 0.8591015 0.2366975 0.9418545 0.2505385 0.8116284 0.2505385 0.1136733 0.1323955 0.1165068 0.1134046 0.09763097 0.2492475 0.1136733 0.1323955 0.09763097 0.2492475 0.1065752 0.1494183 0.03242838 0.1246545 0 0.1138417 0.03298354 0.1054465 0.03298354 0.1054465 0 0.1138417 0.003265678 0.08889508 0.03298354 0.1054465 0.003265678 0.08889508 0.03801792 0.08719068 0.03801792 0.08719068 0.003265678 0.08889508 0.01077568 0.06546199 0.03801792 0.08719068 0.01077568 0.06546199 0.0469861 0.07186532 0.1330046 0.2445144 0.09763097 0.2492475 0.1308491 0.2296148 0.1308491 0.2296148 0.09763097 0.2492475 0.1165068 0.1134046 0.1308491 0.2296148 0.1165068 0.1134046 0.1238682 0.004770517 0.1238682 0.004770517 0.1165068 0.1134046 0.1147684 0.0945034 0.1238682 0.004770517 0.1147684 0.0945034 0.1086468 0.07774031 0.05582761 0.168001 0.02934503 0.1994687 0.04450476 0.1577236 0.04450476 0.1577236 0.02934503 0.1994687 0.01629793 0.1829433 0.04450476 0.1577236 0.01629793 0.1829433 0.03641271 0.1427333 0.03641271 0.1427333 0.01629793 0.1829433 0.006716728 0.1623135 0.03641271 0.1427333 0.006716728 0.1623135 0.03242838 0.1246545 0.03242838 0.1246545 0.006716728 0.1623135 0.001173675 0.1388117 0.03242838 0.1246545 0.001173675 0.1388117 0 0.1138417 0.09212666 0.2379385 0.08304053 0.1705938 0.09763097 0.2492475 0.09763097 0.2492475 0.08304053 0.1705938 0.09598165 0.1626282 0.09763097 0.2492475 0.09598165 0.1626282 0.1065752 0.1494183 0.1086468 0.07774031 0.09880506 0.06493175 0.1238682 0.004770517 0.1238682 0.004770517 0.09880506 0.06493175 0.08630996 0.05746573 0.1238682 0.004770517 0.08630996 0.05746573 0.07113909 0.01182585 0.07113909 0.01182585 0.08630996 0.05746573 0.07251536 0.05615144 0.07113909 0.01182585 0.07251536 0.05615144 0.05319237 0.01729857 0.05319237 0.01729857 0.07251536 0.05615144 0.05891615 0.06113111 0.05319237 0.01729857 0.05891615 0.06113111 0.0365076 0.02856165 0.0365076 0.02856165 0.05891615 0.06113111 0.0469861 0.07186532 0.0365076 0.02856165 0.0469861 0.07186532 0.02208143 0.04494225 0.02208143 0.04494225 0.0469861 0.07186532 0.01077568 0.06546199 0.09212666 0.2379385 0.08316856 0.2268598 0.08304053 0.1705938 0.08304053 0.1705938 0.08316856 0.2268598 0.07232666 0.2194859 0.08304053 0.1705938 0.07232666 0.2194859 0.06915426 0.1724518 0.06915426 0.1724518 0.07232666 0.2194859 0.06255877 0.2165619 0.06915426 0.1724518 0.06255877 0.2165619 0.05582761 0.168001 0.05582761 0.168001 0.06255877 0.2165619 0.04507857 0.2109025 0.05582761 0.168001 0.04507857 0.2109025 0.02934503 0.1994687 0.6259917 0.7387401 0.6348779 0.7488067 0.5852131 0.7779328 0.5852131 0.7779328 0.6348779 0.7488067 0.6470101 0.7544969 0.5852131 0.7779328 0.6470101 0.7544969 0.7068791 0.7809565 0.7068791 0.7809565 0.6470101 0.7544969 0.6602904 0.754827 0.7068791 0.7809565 0.6602904 0.754827 0.6724225 0.7497398 0.6406602 0.694067 0.5852131 0.6656591 0.6536502 0.6916353 0.6536502 0.6916353 0.5852131 0.6656591 0.7068791 0.6686828 0.6536502 0.6916353 0.7068791 0.6686828 0.6666403 0.6947127 0.6666403 0.6947127 0.7068791 0.6686828 0.6773843 0.7027671 0.6724225 0.7497398 0.6813088 0.7401149 0.7068791 0.7809565 0.7068791 0.7809565 0.6813088 0.7401149 0.6854126 0.7276166 0.7068791 0.7809565 0.6854126 0.7276166 0.7068791 0.6686828 0.7068791 0.6686828 0.6854126 0.7276166 0.6840245 0.7144059 0.7068791 0.6686828 0.6840245 0.7144059 0.6773843 0.7027671 0.6406602 0.694067 0.6299161 0.7015874 0.5852131 0.6656591 0.5852131 0.6656591 0.6299161 0.7015874 0.623276 0.7128962 0.5852131 0.6656591 0.623276 0.7128962 0.5852131 0.7779328 0.5852131 0.7779328 0.623276 0.7128962 0.6218879 0.7260378 0.5852131 0.7779328 0.6218879 0.7260378 0.6259917 0.7387401 0.7370713 0.6589835 0.7370947 0.6436629 0.7939735 0.6589835 0.7939735 0.6589835 0.7370947 0.6436629 0.8508989 0.6436629 0.7939735 0.6589835 0.8508989 0.6436629 0.8508756 0.6589835 0.345601 0.5423471 0.346092 0.5231128 0.3899871 0.5150612 0.2324658 0.5488199 0.2223102 0.6584405 0.2297843 0.5297671 0.2297843 0.5297671 0.2223102 0.6584405 0.2093859 0.4325464 0.2297843 0.5297671 0.2093859 0.4325464 0.2334344 0.5108759 0.2334344 0.5108759 0.2093859 0.4325464 0.2430208 0.4941936 0.3899871 0.5150612 0.346092 0.5231128 0.3830182 0.4908574 0.3830182 0.4908574 0.346092 0.5231128 0.340311 0.5047612 0.3830182 0.4908574 0.340311 0.5047612 0.3703862 0.469067 0.3703862 0.469067 0.340311 0.5047612 0.3288845 0.4892811 0.3703862 0.469067 0.3288845 0.4892811 0.3528457 0.4509916 0.3528457 0.4509916 0.3288845 0.4892811 0.3314444 0.4377109 0.3314444 0.4377109 0.3288845 0.4892811 0.3130507 0.4783499 0.3314444 0.4377109 0.3130507 0.4783499 0.3074607 0.4300183 0.3074607 0.4300183 0.3130507 0.4783499 0.2945254 0.4731521 0.3074607 0.4300183 0.2945254 0.4731521 0.2823274 0.4283733 0.2945254 0.4731521 0.2848753 0.4729058 0.2823274 0.4283733 0.2823274 0.4283733 0.2848753 0.4729058 0.2753161 0.4742512 0.2823274 0.4283733 0.2753161 0.4742512 0.2093859 0.4325464 0.2093859 0.4325464 0.2753161 0.4742512 0.2575046 0.4815278 0.2093859 0.4325464 0.2575046 0.4815278 0.2430208 0.4941936 0.2324658 0.5488199 0.2411885 0.5659697 0.2223102 0.6584405 0.2223102 0.6584405 0.2411885 0.5659697 0.2550072 0.579358 0.2223102 0.6584405 0.2550072 0.579358 0.2724243 0.587534 0.3899871 0.5150612 0.3908764 0.5402325 0.345601 0.5423471 0.345601 0.5423471 0.3908764 0.5402325 0.3856334 0.5648679 0.345601 0.5423471 0.3856334 0.5648679 0.3388912 0.5603798 0.3388912 0.5603798 0.3856334 0.5648679 0.374571 0.5874955 0.3388912 0.5603798 0.374571 0.5874955 0.3266897 0.5752568 0.3266897 0.5752568 0.374571 0.5874955 0.35835 0.6067639 0.3266897 0.5752568 0.35835 0.6067639 0.3103188 0.5853659 0.2724243 0.587534 0.2915524 0.5896117 0.2873543 0.6455497 0.2208476 0.6737697 0.2223102 0.6584405 0.2697807 0.67097 0.2697807 0.67097 0.2223102 0.6584405 0.2724243 0.587534 0.2697807 0.67097 0.2724243 0.587534 0.2761903 0.6585122 0.2761903 0.6585122 0.2724243 0.587534 0.2873543 0.6455497 0.35835 0.6067639 0.3379395 0.621522 0.3103188 0.5853659 0.3103188 0.5853659 0.3379395 0.621522 0.3145586 0.6308882 0.3103188 0.5853659 0.3145586 0.6308882 0.2915524 0.5896117 0.2915524 0.5896117 0.3145586 0.6308882 0.3014696 0.6358841 0.2915524 0.5896117 0.3014696 0.6358841 0.2873543 0.6455497 0 0.7208598 0 0.7070188 0.04749417 0.7209322 0.04749417 0.7209322 0 0.7070188 0.1302259 0.7072172 0.04749417 0.7209322 0.1302259 0.7072172 0.04749417 0.840888 0.04749417 0.840888 0.1302259 0.7072172 0.1302259 0.8410141 0.03613895 0.5652084 0.07503926 0.5176275 0.08192819 0.5301901 0.07879084 0.5763285 0.02684116 0.7024908 0 0.694521 0.03613895 0.5652084 0.08192819 0.5301901 0.0412473 0.5746372 0.003704071 0.509953 0.03847992 0.425498 0.03721684 0.4351182 0 0.694521 0.03901058 0.5997816 0.07879084 0.5763285 0.07879084 0.5763285 0.03901058 0.5997816 0.04225569 0.5867777 0.07879084 0.5763285 0.04225569 0.5867777 0.08300542 0.5629355 0.08300542 0.5629355 0.04225569 0.5867777 0.0412473 0.5746372 0.08300542 0.5629355 0.0412473 0.5746372 0.08466577 0.5457603 0.08466577 0.5457603 0.0412473 0.5746372 0.08192819 0.5301901 0.05300992 0.4978398 0.0087834 0.5522105 0.00293523 0.5443882 0.07503926 0.5176275 0.03613895 0.5652084 0.06725341 0.5107091 0.06725341 0.5107091 0.03613895 0.5652084 0.02770835 0.5599269 0.06725341 0.5107091 0.02770835 0.5599269 0.05300992 0.4978398 0.05300992 0.4978398 0.02770835 0.5599269 0.01697188 0.556739 0.05300992 0.4978398 0.01697188 0.556739 0.0087834 0.5522105 0.03721684 0.4351182 0.03752928 0.4588808 0.003704071 0.509953 0.003704071 0.509953 0.03752928 0.4588808 0.04290056 0.4802128 0.003704071 0.509953 0.04290056 0.4802128 2.64906e-4 0.522172 2.64906e-4 0.522172 0.04290056 0.4802128 0.05300992 0.4978398 2.64906e-4 0.522172 0.05300992 0.4978398 0 0.5340376 0 0.5340376 0.05300992 0.4978398 0.00293523 0.5443882 0.5009405 0.6123877 0.4676254 0.6315904 0.4494775 0.5231038 0.4494775 0.5231038 0.4676254 0.6315904 0.3990933 0.5126928 0.4494775 0.5231038 0.3990933 0.5126928 0.44505 0.5100299 0.44505 0.5100299 0.3990933 0.5126928 0.3934429 0.4995664 0.44505 0.5100299 0.3934429 0.4995664 0.4459626 0.4962567 0.4757869 0.4671066 0.4624609 0.4747876 0.4290647 0.4161732 0.4411937 0.3928202 0.4472956 0.3672226 0.4910284 0.4103876 0.4910284 0.4103876 0.4472956 0.3672226 0.4470058 0.3409094 0.4910284 0.4103876 0.4470058 0.3409094 0.4451519 0.3307958 0.3934429 0.4995664 0.3908764 0.4812797 0.4459626 0.4962567 0.4459626 0.4962567 0.3908764 0.4812797 0.3938519 0.4630551 0.4459626 0.4962567 0.3938519 0.4630551 0.4520766 0.4838813 0.4520766 0.4838813 0.3938519 0.4630551 0.4021013 0.4465343 0.4520766 0.4838813 0.4021013 0.4465343 0.4624609 0.4747876 0.4624609 0.4747876 0.4021013 0.4465343 0.4116331 0.4358866 0.4624609 0.4747876 0.4116331 0.4358866 0.4290647 0.4161732 0.4963468 0.4354969 0.4929749 0.448045 0.4290647 0.4161732 0.4290647 0.4161732 0.4929749 0.448045 0.4858905 0.4589369 0.4290647 0.4161732 0.4858905 0.4589369 0.4757869 0.4671066 0.4411937 0.3928202 0.4910284 0.4103876 0.4290647 0.4161732 0.4290647 0.4161732 0.4910284 0.4103876 0.4956761 0.4225211 0.4290647 0.4161732 0.4956761 0.4225211 0.4963468 0.4354969 0.5709828 0.182956 0.6325039 0.182956 0.6324495 0.2604779 0.3955936 0.2604779 0.395648 0.182956 0.4571689 0.182956 0.4572255 0.102364 0.5710394 0.102364 0.4571689 0.182956 0.4571689 0.182956 0.5710394 0.102364 0.5709828 0.182956 0.4571689 0.182956 0.5709828 0.182956 0.3955936 0.2604779 0.3955936 0.2604779 0.5709828 0.182956 0.6324495 0.2604779 0.5340593 0.4681745 0.5185234 0.4858469 0.5094023 0.4639 0.687775 0.5703411 0.6816942 0.5840881 0.6488567 0.5844903 0.6488567 0.5844903 0.6816942 0.5840881 0.6715175 0.5951512 0.6488567 0.5844903 0.6715175 0.5951512 0.6515582 0.6032 0.6515582 0.6032 0.6715175 0.5951512 0.658325 0.6023564 0.6515582 0.6032 0.658325 0.6023564 0.6515582 0.6041589 0.687775 0.5703411 0.6488567 0.5844903 0.6892422 0.5587976 0.6892422 0.5587976 0.6488567 0.5844903 0.6409727 0.567309 0.6892422 0.5587976 0.6409727 0.567309 0.6285505 0.5530597 0.6830603 0.4244241 0.6767699 0.4030011 0.6892422 0.3325341 0.6892422 0.3325341 0.6767699 0.4030011 0.6646988 0.384218 0.6830603 0.4244241 0.6892422 0.3325341 0.6830603 0.4467516 0.6830603 0.4467516 0.6892422 0.3325341 0.6892422 0.5587976 0.6830603 0.4467516 0.6892422 0.5587976 0.6767699 0.4681746 0.6767699 0.4681746 0.6892422 0.5587976 0.6285505 0.5530597 0.6767699 0.4681746 0.6285505 0.5530597 0.6646987 0.4869577 0.5833144 0.3603214 0.5848826 0.3352746 0.6054146 0.3571439 0.6054146 0.3571439 0.5848826 0.3352746 0.6084909 0.3325341 0.6054146 0.3571439 0.6084909 0.3325341 0.6275149 0.3603215 0.6275149 0.3603215 0.6084909 0.3325341 0.6892422 0.3325341 0.6275149 0.3603215 0.6892422 0.3325341 0.6478247 0.3695967 0.6478247 0.3695967 0.6892422 0.3325341 0.6646988 0.384218 0.5340593 0.4681745 0.5094023 0.4639 0.5277689 0.4467514 0.5277689 0.4467514 0.5094023 0.4639 0.5055514 0.4404474 0.5277689 0.4467514 0.5055514 0.4404474 0.5277689 0.424424 0.5277689 0.424424 0.5055514 0.4404474 0.5071757 0.4167363 0.5277689 0.424424 0.5071757 0.4167363 0.5340593 0.403001 0.5340593 0.403001 0.5071757 0.4167363 0.5141887 0.3940278 0.5340593 0.403001 0.5141887 0.3940278 0.5461305 0.3842179 0.5461305 0.3842179 0.5141887 0.3940278 0.5262174 0.3735298 0.5461305 0.3842179 0.5262174 0.3735298 0.5630045 0.3695966 0.5630045 0.3695966 0.5262174 0.3735298 0.542622 0.3563326 0.5630045 0.3695966 0.542622 0.3563326 0.5833144 0.3603214 0.5833144 0.3603214 0.542622 0.3563326 0.5625301 0.3433507 0.5833144 0.3603214 0.5625301 0.3433507 0.5848826 0.3352746 0.5185234 0.4858469 0.5340593 0.4681745 0.5324297 0.5051205 0.5324297 0.5051205 0.5340593 0.4681745 0.5461305 0.4869576 0.5324297 0.5051205 0.5461305 0.4869576 0.5503815 0.5206959 0.5503815 0.5206959 0.5461305 0.4869576 0.5630045 0.5015789 0.5503815 0.5206959 0.5630045 0.5015789 0.571424 0.5317445 0.571424 0.5317445 0.5630045 0.5015789 0.5833144 0.5108541 0.571424 0.5317445 0.5833144 0.5108541 0.594438 0.5376788 0.594438 0.5376788 0.5833144 0.5108541 0.6054146 0.5140317 0.594438 0.5376788 0.6054146 0.5140317 0.6126047 0.5429065 0.6126047 0.5429065 0.6054146 0.5140317 0.6275149 0.5108541 0.6126047 0.5429065 0.6275149 0.5108541 0.6285505 0.5530597 0.6285505 0.5530597 0.6275149 0.5108541 0.6478247 0.501579 0.6285505 0.5530597 0.6478247 0.501579 0.6646987 0.4869577 0.205291 0.2731272 0.2053205 0.27408 0.2003812 0.2729423 0.1767239 0.2326422 0.2118233 0.236439 0.178139 0.2439717 0.178139 0.2439717 0.2118233 0.236439 0.2066634 0.2542739 0.178139 0.2439717 0.2066634 0.2542739 0.1829518 0.2570453 0.220349 0.2210795 0.1829293 0.1413833 0.1922208 0.1588828 0.205291 0.2731272 0.2003812 0.2729423 0.2066634 0.2542739 0.2066634 0.2542739 0.2003812 0.2729423 0.1906377 0.2670563 0.2066634 0.2542739 0.1906377 0.2670563 0.1829518 0.2570453 0.2358424 0.1800621 0.2315441 0.2094502 0.2197943 0.1790387 0.2197943 0.1790387 0.2315441 0.2094502 0.220349 0.2210795 0.2197943 0.1790387 0.220349 0.2210795 0.2048501 0.171783 0.2048501 0.171783 0.220349 0.2210795 0.1922208 0.1588828 0.2151498 0.02945017 0.2007781 0.04062843 0.169743 0.007798016 0.169743 0.007798016 0.2007781 0.04062843 0.189051 0.05678761 0.169743 0.007798016 0.189051 0.05678761 0.1809185 0.07661855 0.220349 0.2210795 0.2118233 0.236439 0.1829293 0.1413833 0.1829293 0.1413833 0.2118233 0.236439 0.1767239 0.2326422 0.1829293 0.1413833 0.1767239 0.2326422 0.1777285 0.1207021 0.1777285 0.1207021 0.1767239 0.2326422 0.169743 0.007798016 0.1777285 0.1207021 0.169743 0.007798016 0.1770396 0.09851467 0.1770396 0.09851467 0.169743 0.007798016 0.1809185 0.07661855 0.2859258 0.127602 0.2976835 0.1436632 0.2777934 0.1474329 0.2777934 0.1474329 0.2976835 0.1436632 0.2882418 0.1641589 0.2777934 0.1474329 0.2882418 0.1641589 0.2660663 0.1635921 0.2660663 0.1635921 0.2882418 0.1641589 0.2757663 0.1813701 0.2660663 0.1635921 0.2757663 0.1813701 0.2516945 0.1747704 0.2516945 0.1747704 0.2757663 0.1813701 0.2609205 0.1943815 0.2516945 0.1747704 0.2609205 0.1943815 0.2358424 0.1800621 0.2358424 0.1800621 0.2609205 0.1943815 0.244494 0.202501 0.2358424 0.1800621 0.244494 0.202501 0.2315441 0.2094502 0.2470501 0.02518182 0.2615268 0.006310403 0.2619942 0.0324375 0.2619942 0.0324375 0.2615268 0.006310403 0.2762953 0.01728838 0.2619942 0.0324375 0.2762953 0.01728838 0.2746235 0.04533767 0.2746235 0.04533767 0.2762953 0.01728838 0.2886654 0.03279364 0.2746235 0.04533767 0.2886654 0.03279364 0.283915 0.06283724 0.283915 0.06283724 0.2886654 0.03279364 0.2979791 0.05200147 0.283915 0.06283724 0.2979791 0.05200147 0.2891159 0.08351844 0.2891159 0.08351844 0.2979791 0.05200147 0.3037411 0.07389026 0.2891159 0.08351844 0.3037411 0.07389026 0.2898047 0.1057059 0.2898047 0.1057059 0.3037411 0.07389026 0.3056449 0.09729588 0.2898047 0.1057059 0.3056449 0.09729588 0.2859258 0.127602 0.2859258 0.127602 0.3056449 0.09729588 0.3035893 0.1209733 0.2859258 0.127602 0.3035893 0.1209733 0.2976835 0.1436632 0.2151498 0.02945017 0.169743 0.007798016 0.2310019 0.02415841 0.2310019 0.02415841 0.169743 0.007798016 0.2280225 0 0.2310019 0.02415841 0.2280225 0 0.2470501 0.02518182 0.2470501 0.02518182 0.2280225 0 0.2451454 4.43605e-4 0.2470501 0.02518182 0.2451454 4.43605e-4 0.2615268 0.006310403 0.5710394 0.102364 0.4572255 0.102364 0.4572109 0.07756751 0.5710394 0.102364 0.4572109 0.07756751 0.5710248 0.07756751 0.5710248 0.07756751 0.4572109 0.07756751 0.4571334 0.05373036 0.5710248 0.07756751 0.4571334 0.05373036 0.5709472 0.05373036 0.5709472 0.05373036 0.4571334 0.05373036 0.456997 0.03212046 0.5709472 0.05373036 0.456997 0.03212046 0.5708109 0.0321204 0.5708109 0.0321204 0.456997 0.03212046 0.4568091 0.01388704 0.5708109 0.0321204 0.4568091 0.01388704 0.570623 0.01388704 0.570623 0.01388704 0.4568091 0.01388704 0.4565797 0 0.570623 0.01388704 0.4565797 0 0.5703936 0 0.3041599 0.05000495 0.3828673 0.05643016 0.3888874 0.07929909 0.3041599 0.05000495 0.3888874 0.07929909 0.31018 0.07287389 0.31018 0.07287389 0.3888874 0.07929909 0.3908764 0.1037527 0.31018 0.07287389 0.3908764 0.1037527 0.312169 0.09732747 0.312169 0.09732747 0.3908764 0.1037527 0.3887287 0.1284903 0.312169 0.09732747 0.3887287 0.1284903 0.3100214 0.1220651 0.3100214 0.1220651 0.3887287 0.1284903 0.3825585 0.1521962 0.3100214 0.1220651 0.3825585 0.1521962 0.3038512 0.145771 0.3038512 0.145771 0.3825585 0.1521962 0.3726941 0.1736096 0.3038512 0.145771 0.3726941 0.1736096 0.2939867 0.1671844 0.3908765 0.8738425 0.3908765 0.9876468 0.3736367 0.9873408 0.3908765 0.8738425 0.3736367 0.9873408 0.3736367 0.8735365 0.3736367 0.8735365 0.3736367 0.9873408 0.3527613 0.9871105 0.3736367 0.8735365 0.3527613 0.9871105 0.3527613 0.8733063 0.3527613 0.8733063 0.3527613 0.9871105 0.3293609 0.9869682 0.3527613 0.8733063 0.3293609 0.9869682 0.3293609 0.873164 0.6745435 0.965986 0.6745435 0.8521818 0.695527 0.9659666 0.695527 0.9659666 0.6745435 0.8521818 0.695527 0.8521623 0.695527 0.9659666 0.695527 0.8521623 0.7153405 0.9658467 0.7153405 0.9658467 0.695527 0.8521623 0.7153405 0.8520424 0.7153405 0.9658467 0.7153405 0.8520424 0.7323789 0.965636 0.7323789 0.965636 0.7153405 0.8520424 0.7323789 0.8518318 0.1486147 0.9804583 0.1486147 0.8681845 0.1643952 0.9827386 0.1643952 0.9827386 0.1486147 0.8681845 0.1643952 0.8704648 0.1643952 0.9827386 0.1643952 0.8704648 0.1834461 0.984196 0.1834461 0.984196 0.1643952 0.8704648 0.1834461 0.8719222 0.1834461 0.984196 0.1834461 0.8719222 0.2042239 0.9847123 0.2042239 0.9847123 0.1834461 0.8719222 0.204224 0.8724386 0.2042239 0.9847123 0.204224 0.8724386 0.2250455 0.9842458 0.2250455 0.9842458 0.204224 0.8724386 0.2250455 0.8719722 0.2250455 0.9842458 0.2250455 0.8719722 0.2442239 0.9828343 0.2442239 0.9828343 0.2250455 0.8719722 0.2442239 0.8705607 0.2442239 0.9828343 0.2442239 0.8705607 0.2602055 0.9805922 0.2602055 0.9805922 0.2442239 0.8705607 0.2602055 0.8683184 0.5123883 0.9658862 0.5123884 0.8520724 0.5309177 0.9659967 0.5309177 0.9659967 0.5123884 0.8520724 0.5309177 0.8521829 0.5309177 0.9659967 0.5309177 0.8521829 0.5514891 0.9660446 0.5514891 0.9660446 0.5309177 0.8521829 0.5514891 0.8522307 0.5514891 0.9660446 0.5514891 0.8522307 0.5724361 0.9660258 0.5724361 0.9660258 0.5514891 0.8522307 0.5724361 0.852212 0.5724361 0.9660258 0.5724361 0.852212 0.5920616 0.9659421 0.5920616 0.9659421 0.5724361 0.852212 0.5920616 0.8521282 0.5920616 0.9659421 0.5920616 0.8521282 0.6087757 0.9658001 0.6087757 0.9658001 0.5920616 0.8521282 0.6087757 0.8519862 0.6087757 0.9658001 0.6087757 0.8519862 0.6212243 0.9656114 0.6212243 0.9656114 0.6087757 0.8519862 0.6212243 0.8517975 0.2677977 0.1457588 0.1890903 0.1393336 0.2629028 0.1262941 0.2629028 0.1262941 0.1890903 0.1393336 0.1841954 0.1198689 0.2629028 0.1262941 0.1841954 0.1198689 0.2622545 0.1054118 0.2622545 0.1054118 0.1841954 0.1198689 0.1835471 0.09898668 0.2622545 0.1054118 0.1835471 0.09898668 0.2659052 0.08480376 0.2659052 0.08480376 0.1835471 0.09898668 0.1871978 0.07837855 0.2659052 0.08480376 0.1871978 0.07837855 0.2735593 0.06613934 0.2735593 0.06613934 0.1871978 0.07837855 0.1948519 0.05971413 0.6212242 0.9654667 0.6212242 0.8516625 0.6358237 0.9657256 0.6358237 0.9657256 0.6212242 0.8516625 0.6358237 0.8519213 0.6358237 0.9657256 0.6358237 0.8519213 0.6540901 0.9659035 0.6540901 0.9659035 0.6358237 0.8519213 0.6540901 0.8520992 0.6540901 0.9659035 0.6540901 0.8520992 0.6745435 0.965986 0.6745435 0.965986 0.6540901 0.8520992 0.6745435 0.8521818 0.7298678 0.1568451 0.736223 0.1546909 0.7298678 0.250546 0.7298678 0.250546 0.736223 0.1546909 0.7371745 0.1563388 0.7298678 0.250546 0.7371745 0.1563388 0.7459523 0.2504631 0.6949769 0.2505215 0.7034076 0.158322 0.7122392 0.2505662 0.7122392 0.2505662 0.7034076 0.158322 0.7122392 0.1587776 0.7122392 0.2505662 0.7122392 0.1587776 0.7298678 0.250546 0.7298678 0.250546 0.7122392 0.1587776 0.7211802 0.1583327 0.7298678 0.250546 0.7211802 0.1583327 0.7298678 0.1568451 0.6799515 0.1472092 0.6830351 0.1507487 0.6799515 0.2504168 0.6799515 0.2504168 0.6830351 0.1507487 0.6867556 0.1534946 0.6799515 0.2504168 0.6867556 0.1534946 0.6949769 0.2505215 0.6949769 0.2505215 0.6867556 0.1534946 0.6949769 0.1568207 0.6949769 0.2505215 0.6949769 0.1568207 0.7034076 0.158322 0.7655938 0.46259 0.7682721 0.5643656 0.7632712 0.4590473 0.7632712 0.4590473 0.7682721 0.5643656 0.7536336 0.5663812 0.7632712 0.4590473 0.7536336 0.5663812 0.7626881 0.4368885 0.6867556 0.1105971 0.6799515 0.01356083 0.6870749 0.01362019 0.6867556 0.1105971 0.6870749 0.01362019 0.6949769 0.1073665 0.6949769 0.1073665 0.6870749 0.01362019 0.6949769 0.01366561 0.6949769 0.1073665 0.6949769 0.01366561 0.703394 0.1059269 0.703394 0.1059269 0.6949769 0.01366561 0.703442 0.01369589 0.703394 0.1059269 0.703442 0.01369589 0.7122392 0.1054989 0.7459523 0.01360714 0.7459523 0.1139065 0.7419471 0.1104508 0.7459523 0.01360714 0.7419471 0.1104508 0.7382183 0.01365602 0.7382183 0.01365602 0.7419471 0.1104508 0.7371745 0.1078397 0.7382183 0.01365602 0.7371745 0.1078397 0.7298678 0.01369005 0.703442 0.01369589 0.7122392 0.01371026 0.7122392 0.1054989 0.7122392 0.1054989 0.7122392 0.01371026 0.7211287 0.01370829 0.7122392 0.1054989 0.7211287 0.01370829 0.7211703 0.1059387 0.7211703 0.1059387 0.7211287 0.01370829 0.7298678 0.01369005 0.7211703 0.1059387 0.7298678 0.01369005 0.7298678 0.1073909 0.7298678 0.1073909 0.7298678 0.01369005 0.7371745 0.1078397 0.7298678 0.1073909 0.7371745 0.1078397 0.7362229 0.1094965 0.7506784 0.142205 0.7522303 0.1353554 0.7587498 0.2503264 0.7371745 0.1563388 0.7419272 0.1536885 0.7459523 0.2504631 0.7459523 0.2504631 0.7419272 0.1536885 0.7459524 0.1501637 0.7459523 0.2504631 0.7459524 0.1501637 0.7587498 0.2503264 0.7587498 0.2503264 0.7459524 0.1501637 0.747562 0.1481716 0.7587498 0.2503264 0.747562 0.1481716 0.7506784 0.142205 0.7522224 0.1285295 0.7507604 0.1220132 0.7587498 0.01347047 0.7587498 0.01347047 0.7507604 0.1220132 0.7487217 0.1176343 0.7459523 0.1139065 0.7459523 0.01360714 0.7487217 0.1176343 0.7487217 0.1176343 0.7459523 0.01360714 0.7528589 0.01354473 0.7487217 0.1176343 0.7528589 0.01354473 0.7587498 0.01347047 0.6867556 0.1105971 0.6830291 0.1132907 0.6799515 0.01356083 0.6799515 0.01356083 0.6830291 0.1132907 0.6799515 0.1167684 0.7621255 0.3307958 0.7648038 0.4325714 0.7552196 0.3318927 0.7552196 0.3318927 0.7648038 0.4325714 0.7626881 0.4368885 0.7552196 0.3318927 0.7626881 0.4368885 0.747487 0.3328113 0.747487 0.3328113 0.7626881 0.4368885 0.7536336 0.5663812 0.747487 0.3328113 0.7536336 0.5663812 0.7391384 0.3335266 0.7391384 0.3335266 0.7536336 0.5663812 0.7365484 0.5675889 0.7391384 0.3335266 0.7365484 0.5675889 0.7304018 0.334019 0.7304018 0.334019 0.7365484 0.5675889 0.7215152 0.3342751 0.7215152 0.3342751 0.7365484 0.5675889 0.718868 0.5678579 0.7215152 0.3342751 0.718868 0.5678579 0.7127214 0.334288 0.7127214 0.334288 0.718868 0.5678579 0.7042599 0.3340572 0.7042599 0.3340572 0.718868 0.5678579 0.7025083 0.567159 0.7042599 0.3340572 0.7025083 0.567159 0.6963617 0.3335891 0.6963617 0.3335891 0.7025083 0.567159 0.6892421 0.3328965 0.6892421 0.3328965 0.7025083 0.567159 0.6892421 0.565568 0.1696296 0.4296675 0.1639294 0.6666237 0.1635685 0.4297881 0.1635685 0.4297881 0.1639294 0.6666237 0.1565193 0.4298917 0.1565193 0.4298917 0.1639294 0.6666237 0.1490352 0.6668109 0.1565193 0.4298917 0.1490352 0.6668109 0.1486743 0.4299753 0.1486743 0.4299753 0.1490352 0.6668109 0.1402477 0.4300367 0.1402477 0.4300367 0.1490352 0.6668109 0.1318299 0.6669098 0.1402477 0.4300367 0.1318299 0.6669098 0.1314691 0.4300742 0.1314691 0.4300742 0.1318299 0.6669098 0.122578 0.4300868 0.122578 0.4300868 0.1318299 0.6669098 0.1229389 0.6669224 0.122578 0.4300868 0.1229389 0.6669224 0.1138171 0.4300742 0.1138171 0.4300742 0.1229389 0.6669224 0.114178 0.6669098 0.1138171 0.4300742 0.114178 0.6669098 0.1054252 0.4300367 0.1054252 0.4300367 0.114178 0.6669098 0.09799224 0.6668109 0.1054252 0.4300367 0.09799224 0.6668109 0.09763133 0.4299753 0.09763133 0.4299753 0.09799224 0.6668109 0.09064805 0.4298917 0.09064805 0.4298917 0.09799224 0.6668109 0.08502668 0.6666237 0.09064805 0.4298917 0.08502668 0.6666237 0.08466577 0.4297881 0.04779952 0.08208638 0.2115959 0.09545773 0.04407459 0.08958607 0.04407459 0.08958607 0.2115959 0.09545773 0.2050582 0.1111366 0.04407459 0.08958607 0.2050582 0.1111366 0.04126179 0.09776526 0.04126179 0.09776526 0.2050582 0.1111366 0.03943765 0.1064007 0.03943765 0.1064007 0.2050582 0.1111366 0.2024484 0.1286283 0.03943765 0.1064007 0.2024484 0.1286283 0.03865206 0.1152569 0.03865206 0.1152569 0.2024484 0.1286283 0.03892636 0.1240923 0.03892636 0.1240923 0.2024484 0.1286283 0.2040495 0.1460372 0.03892636 0.1240923 0.2040495 0.1460372 0.0402531 0.1326659 0.0402531 0.1326659 0.2040495 0.1460372 0.04259616 0.1407437 0.04259616 0.1407437 0.2040495 0.1460372 0.209688 0.161477 0.04259616 0.1407437 0.209688 0.161477 0.04589152 0.1481056 0.7587498 0.01347047 0.7587498 0.2503264 0.7522303 0.1353554 0.7587498 0.01347047 0.7522303 0.1353554 0.7522224 0.1285295 0.9626598 0.6123928 0.9736551 0.6123713 0.9736757 0.6217945 0.9736757 0.6217945 0.9699327 0.6302752 0.9626598 0.6123928 0.9626598 0.6123928 0.9699327 0.6302752 0.9677729 0.63885 0.9626598 0.6123928 0.9677729 0.63885 0.9670487 0.6477608 0.9670487 0.6477608 0.9678105 0.6566614 0.962182 0.6714564 0.962182 0.6714564 0.9678105 0.6566614 0.970009 0.665235 0.962182 0.6714564 0.970009 0.665235 0.9726021 0.6714359 0.1741604 0.4742437 0.1751426 0.4697993 0.181298 0.4667604 0.181298 0.4667604 0.1751426 0.4697993 0.1751512 0.4651442 0.181298 0.4667604 0.1751512 0.4651442 0.1741604 0.4606649 0.1738214 0.5584125 0.1739778 0.5538907 0.1796318 0.551041 0.1796318 0.551041 0.1739778 0.5538907 0.1731163 0.5493767 0.1796318 0.551041 0.1731163 0.5493767 0.1713293 0.5452596 0.1234272 0.9139785 0.1264655 0.9083692 0.1347466 0.9110971 0.1347466 0.9110971 0.1264655 0.9083692 0.1290526 0.9014323 0.1347466 0.9110971 0.1290526 0.9014323 0.1300639 0.8947467 0.1738214 0.5584125 0.1796318 0.551041 0.1713293 0.5667656 0.1272678 0.8829259 0.1234272 0.8716105 0.1354666 0.8681845 0.1272678 0.8829259 0.1354666 0.8681845 0.1294643 0.8884715 0.9670487 0.6477608 0.962182 0.6714564 0.9626598 0.6123928 0.9626598 0.6123928 0.962182 0.6714564 0.9492812 0.6714839 0.9626598 0.6123928 0.9492812 0.6714839 0.9496542 0.6124205 0.9496542 0.6124205 0.9492812 0.6714839 0.9368299 0.6715124 0.9496542 0.6124205 0.9368299 0.6715124 0.9370161 0.6124493 0.9370161 0.6124493 0.9368299 0.6715124 0.927056 0.6715367 0.9370161 0.6124493 0.927056 0.6715367 0.927056 0.612474 0.4363831 0.9120741 0.4360404 0.9710114 0.4241334 0.9706479 0.4363831 0.9120741 0.4241334 0.9706479 0.4243724 0.9117032 0.4243724 0.9117032 0.4241334 0.9706479 0.4111212 0.9706197 0.4243724 0.9117032 0.4111212 0.9706197 0.4112198 0.9116748 0.4112198 0.9116748 0.4111212 0.9706197 0.3993324 0.9709321 0.4112198 0.9116748 0.3993324 0.9709321 0.3993299 0.911994 0.3993299 0.911994 0.3993324 0.9709321 0.3908765 0.971529 0.3993299 0.911994 0.3908765 0.971529 0.3908765 0.9126026 0.8511666 0.002778172 0.8470807 0.0426709 0.8342556 0.04347324 0.8511666 0.002778172 0.8342556 0.04347324 0.8381763 0.003453791 0.1486147 0.8685573 0.1477479 0.9116325 0.1347466 0.9110971 0.1486147 0.8685573 0.1347466 0.9110971 0.1354666 0.8681845 0.1354666 0.8681845 0.1347466 0.9110971 0.1300639 0.8947467 0.1354666 0.8681845 0.1300639 0.8947467 0.1294643 0.8884715 0.794004 0.478198 0.7810942 0.4762422 0.7700508 0.4691095 0.8064202 0.4746194 0.794004 0.478198 0.815111 0.4296213 0.7626881 0.4368885 0.7689376 0.4268072 0.815111 0.4296213 0.794004 0.478198 0.7700508 0.4691095 0.815111 0.4296213 0.815111 0.4296213 0.7700508 0.4691095 0.7632712 0.4590473 0.815111 0.4296213 0.7632712 0.4590473 0.7626881 0.4368885 0.7689376 0.4268072 0.7796047 0.4196428 0.815111 0.4296213 0.815111 0.4296213 0.7796047 0.4196428 0.7924107 0.4176494 0.815111 0.4296213 0.7924107 0.4176494 0.8050141 0.4211915 0.8208552 0.441398 0.8211964 0.4543681 0.815111 0.4296213 0.815111 0.4296213 0.8211964 0.4543681 0.8160725 0.4661606 0.815111 0.4296213 0.8160725 0.4661606 0.8064202 0.4746194 0.9591646 0.8122034 0.9022644 0.8117414 0.9023671 0.7861506 0.9591646 0.8122034 0.9023671 0.7861506 0.9592674 0.7866125 0.9592674 0.7866125 0.9023671 0.7861506 0.9023485 0.7628104 0.9592674 0.7866125 0.9023485 0.7628104 0.9592487 0.7632723 0.9592487 0.7632723 0.9023485 0.7628104 0.9022095 0.743115 0.9592487 0.7632723 0.9022095 0.743115 0.9591097 0.7435769 0.6451757 0.787456 0.6451757 0.8435929 0.624419 0.8409349 0.6451757 0.787456 0.624419 0.8409349 0.624419 0.7847981 0.624419 0.7847981 0.624419 0.8409349 0.615355 0.7840004 0.615355 0.7840004 0.624419 0.8409349 0.6003586 0.8391838 0.615355 0.7840004 0.6003586 0.8391838 0.6003586 0.7795997 0.624419 0.6634211 0.615355 0.6626234 0.6003585 0.6055331 0.6003585 0.6055331 0.615355 0.6626234 0.6003586 0.6651172 0.6003585 0.6055331 0.6003586 0.6651172 0.5744316 0.6047933 0.5744316 0.6047933 0.6003586 0.6651172 0.5852131 0.6656591 0.5744316 0.6047933 0.5852131 0.6656591 0.5852131 0.7779328 0.6003585 0.6055331 0.624419 0.6072842 0.624419 0.6634211 0.624419 0.6634211 0.624419 0.6072842 0.6451757 0.6099421 0.624419 0.6634211 0.6451757 0.6099421 0.6451757 0.6660791 0.9022095 0.8552638 0.9591097 0.855724 0.9592493 0.8754194 0.9022095 0.8552638 0.9592493 0.8754194 0.9023491 0.8749592 0.9023491 0.8749592 0.9592493 0.8754194 0.9592687 0.8987597 0.9023491 0.8749592 0.9592687 0.8987597 0.9023684 0.8982995 0.9023684 0.8982995 0.9592687 0.8987597 0.9591668 0.9243505 0.9023684 0.8982995 0.9591668 0.9243505 0.9022665 0.9238903 0.6003586 0.7795997 0.6003586 0.8391838 0.5852131 0.7779328 0.5852131 0.7779328 0.6003586 0.8391838 0.5744316 0.8384439 0.5852131 0.7779328 0.5744316 0.8384439 0.5744316 0.6047933 0.5744316 0.6047933 0.5744316 0.8384439 0.5481869 0.8387597 0.5744316 0.6047933 0.5481869 0.8387597 0.5481869 0.605109 0.5481869 0.605109 0.5481869 0.8387597 0.5231922 0.8401122 0.5481869 0.605109 0.5231922 0.8401122 0.5231922 0.6064615 0.5231922 0.6064615 0.5231922 0.8401122 0.5009405 0.8424205 0.5231922 0.6064615 0.5009405 0.8424205 0.5009405 0.6087698 0.6320897 0.3307958 0.3952338 0.3307958 0.3954172 0.3102576 0.6320897 0.3307958 0.3954172 0.3102576 0.6322731 0.3102576 0.6322731 0.3102576 0.3954172 0.3102576 0.3955395 0.2863422 0.6322731 0.3102576 0.3955395 0.2863422 0.6323955 0.2863422 0.6323955 0.2863422 0.3955395 0.2863422 0.3955936 0.2604779 0.6323955 0.2863422 0.3955936 0.2604779 0.6324495 0.2604779 0.3550662 0.845699 0.3682827 0.8340467 0.3908765 0.8649234 0.2664268 0.8565452 0.2655432 0.7538391 0.2796322 0.8047354 0.2796322 0.8047354 0.2655432 0.7538391 0.2825023 0.7874647 0.3550662 0.845699 0.3908765 0.8649234 0.338787 0.8522084 0.338787 0.8522084 0.3908765 0.8649234 0.2790335 0.8686659 0.338787 0.8522084 0.2790335 0.8686659 0.3214082 0.8527899 0.2796322 0.8047354 0.2827978 0.8218042 0.2664268 0.8565452 0.2664268 0.8565452 0.2827978 0.8218042 0.291617 0.8366122 0.2664268 0.8565452 0.291617 0.8366122 0.2790335 0.8686659 0.2790335 0.8686659 0.291617 0.8366122 0.3050262 0.8473734 0.2790335 0.8686659 0.3050262 0.8473734 0.3214082 0.8527899 0.3765468 0.7843177 0.3897088 0.7291947 0.3797122 0.8013865 0.3797122 0.8013865 0.3897088 0.7291947 0.3908765 0.8649234 0.3797122 0.8013865 0.3908765 0.8649234 0.3768422 0.8186572 0.3768422 0.8186572 0.3908765 0.8649234 0.3682827 0.8340467 0.3765468 0.7843177 0.3677275 0.7695097 0.3897088 0.7291947 0.3897088 0.7291947 0.3677275 0.7695097 0.3543182 0.7587485 0.3897088 0.7291947 0.3543182 0.7587485 0.3208554 0.7314987 0.3208554 0.7314987 0.3543182 0.7587485 0.3379363 0.753332 0.3208554 0.7314987 0.3379363 0.753332 0.3205575 0.7539135 0.2825023 0.7874647 0.2655432 0.7538391 0.2910618 0.7720752 0.2910618 0.7720752 0.2655432 0.7538391 0.2779341 0.7408819 0.2910618 0.7720752 0.2779341 0.7408819 0.3042782 0.760423 0.3042782 0.760423 0.2779341 0.7408819 0.2987953 0.7401838 0.3042782 0.760423 0.2987953 0.7401838 0.3205575 0.7539135 0.3205575 0.7539135 0.2987953 0.7401838 0.3105291 0.7377446 0.3205575 0.7539135 0.3105291 0.7377446 0.3208554 0.7314987 0.004620194 0.8566553 0.08767873 0.8566553 0.004620313 0.9643234 0.004620313 0.9643234 0.08767873 0.8566553 0.08767884 0.9643234 0.1187291 0.3895948 0.05878442 0.3976157 0.1154072 0.2826021 0.1154072 0.2826021 0.05878442 0.3976157 0.05546253 0.2906229 0.2717411 0.3231227 0.2734359 0.3100311 0.2905682 0.2809379 0.2905682 0.2809379 0.2734359 0.3100311 0.2709175 0.2965956 0.2905682 0.2809379 0.2709175 0.2965956 0.2905194 0.2793673 0.211812 0.2729421 0.2381585 0.2833118 0.2118608 0.2745126 0.2118608 0.2745126 0.2381585 0.2833118 0.2325862 0.2934665 0.2118608 0.2745126 0.2325862 0.2934665 0.2308914 0.306558 0.1525748 0.3144867 0.1474508 0.324839 0.1219872 0.2843163 0.2709175 0.2965956 0.2646846 0.2854772 0.2905194 0.2793673 0.2905194 0.2793673 0.2646846 0.2854772 0.2559719 0.2788781 0.2905194 0.2793673 0.2559719 0.2788781 0.211812 0.2729421 0.211812 0.2729421 0.2559719 0.2788781 0.2465048 0.2781053 0.211812 0.2729421 0.2465048 0.2781053 0.2381585 0.2833118 0.3815088 0.3055022 0.3847128 0.4086962 0.360494 0.3619095 0.1219872 0.2843163 0.1474508 0.324839 0.1251912 0.3875104 0.3161032 0.3516291 0.2661687 0.3332774 0.3176289 0.3387314 0.3176289 0.3387314 0.2661687 0.3332774 0.2717411 0.3231227 0.3176289 0.3387314 0.2717411 0.3231227 0.3227528 0.328379 0.3227528 0.328379 0.2717411 0.3231227 0.2905682 0.2809379 0.3227528 0.328379 0.2905682 0.2809379 0.3305891 0.3223621 0.3242341 0.3760857 0.3324847 0.3834159 0.2851243 0.4131331 0.1474508 0.324839 0.1459251 0.3377367 0.1251912 0.3875104 0.1251912 0.3875104 0.1459251 0.3377367 0.1482615 0.3509498 0.1251912 0.3875104 0.1482615 0.3509498 0.1343494 0.4008247 0.2661687 0.3332774 0.2682077 0.3534376 0.2578225 0.3384839 0.2578225 0.3384839 0.2682077 0.3534376 0.258763 0.3499974 0.2578225 0.3384839 0.258763 0.3499974 0.2483554 0.3377111 0.2483554 0.3377111 0.258763 0.3499974 0.2481269 0.3491291 0.2483554 0.3377111 0.2481269 0.3491291 0.2396426 0.331112 0.2396426 0.331112 0.2481269 0.3491291 0.2388483 0.3510408 0.1219872 0.2843163 0.1303631 0.2724334 0.1525748 0.3144867 0.1525748 0.3144867 0.1303631 0.2724334 0.1449956 0.2736279 0.1525748 0.3144867 0.1449956 0.2736279 0.160411 0.3084698 0.160411 0.3084698 0.1449956 0.2736279 0.1512429 0.2729613 0.160411 0.3084698 0.1512429 0.2729613 0.1696046 0.3078287 0.1696046 0.3078287 0.1512429 0.2729613 0.1569335 0.2700287 0.1696046 0.3078287 0.1569335 0.2700287 0.1785659 0.3126743 0.1785659 0.3126743 0.1569335 0.2700287 0.2118608 0.2745126 0.1785659 0.3126743 0.2118608 0.2745126 0.1857453 0.3221686 0.1857453 0.3221686 0.2118608 0.2745126 0.2308914 0.306558 0.1857453 0.3221686 0.2308914 0.306558 0.1899015 0.3346701 0.1899015 0.3346701 0.2308914 0.306558 0.2334098 0.3199936 0.1899015 0.3346701 0.2334098 0.3199936 0.1903159 0.3480172 0.1482615 0.3509498 0.154056 0.3621934 0.1343494 0.4008247 0.1343494 0.4008247 0.154056 0.3621934 0.1623066 0.3695235 0.1343494 0.4008247 0.1623066 0.3695235 0.1715868 0.3716727 0.2396426 0.331112 0.180292 0.3682693 0.2334098 0.3199936 0.2334098 0.3199936 0.180292 0.3682693 0.1869168 0.3599019 0.2334098 0.3199936 0.1869168 0.3599019 0.1903159 0.3480172 0.2851243 0.4131331 0.3324847 0.3834159 0.376337 0.4205791 0.360494 0.3619095 0.3600797 0.3485625 0.3815088 0.3055022 0.3815088 0.3055022 0.3600797 0.3485625 0.3559234 0.336061 0.3815088 0.3055022 0.3559234 0.336061 0.3723507 0.2921879 0.3723507 0.2921879 0.3559234 0.336061 0.348744 0.3265666 0.3723507 0.2921879 0.348744 0.3265666 0.3577182 0.2909933 0.3324847 0.3834159 0.3417649 0.3855651 0.376337 0.4205791 0.376337 0.4205791 0.3417649 0.3855651 0.3504701 0.3821617 0.376337 0.4205791 0.3504701 0.3821617 0.3847128 0.4086962 0.3847128 0.4086962 0.3504701 0.3821617 0.357095 0.3737943 0.3847128 0.4086962 0.357095 0.3737943 0.360494 0.3619095 0.3305891 0.3223621 0.2905682 0.2809379 0.3397827 0.3217211 0.3397827 0.3217211 0.2905682 0.2809379 0.3454955 0.2854218 0.3397827 0.3217211 0.3454955 0.2854218 0.348744 0.3265666 0.348744 0.3265666 0.3454955 0.2854218 0.3513976 0.2893007 0.348744 0.3265666 0.3513976 0.2893007 0.3577182 0.2909933 0.2388483 0.3510408 0.2311485 0.3580136 0.2396426 0.331112 0.2396426 0.331112 0.2311485 0.3580136 0.2261997 0.3689857 0.2396426 0.331112 0.2261997 0.3689857 0.180292 0.3682693 0.180292 0.3682693 0.2261997 0.3689857 0.2247552 0.3822868 0.180292 0.3682693 0.2247552 0.3822868 0.1715868 0.3716727 0.1715868 0.3716727 0.2247552 0.3822868 0.225562 0.4082708 0.1715868 0.3716727 0.225562 0.4082708 0.1343494 0.4008247 0.3242341 0.3760857 0.2851243 0.4131331 0.3184396 0.3648421 0.3184396 0.3648421 0.2851243 0.4131331 0.2843176 0.3871492 0.3184396 0.3648421 0.2843176 0.3871492 0.3161032 0.3516291 0.3161032 0.3516291 0.2843176 0.3871492 0.2820377 0.373544 0.3161032 0.3516291 0.2820377 0.373544 0.2661687 0.3332774 0.2661687 0.3332774 0.2820377 0.373544 0.2763807 0.3617061 0.2661687 0.3332774 0.2763807 0.3617061 0.2682077 0.3534376 0.2602055 0.8525541 0.2435362 0.8187838 0.2465547 0.8015384 0.2602055 0.8525541 0.2465547 0.8015384 0.2602055 0.7498443 0.1358324 0.7324509 0.1464496 0.8040263 0.1358324 0.8681846 0.1358324 0.8681846 0.1464496 0.8040263 0.1494681 0.8211216 0.1358324 0.8681846 0.1494681 0.8211216 0.1581597 0.8360049 0.1581597 0.8360049 0.1714759 0.8468812 0.1358324 0.8681846 0.1358324 0.8681846 0.1714759 0.8468812 0.1878106 0.8524383 0.1358324 0.8681846 0.1878106 0.8524383 0.2477034 0.8654043 0.1878106 0.8524383 0.2051937 0.8520063 0.2477034 0.8654043 0.2477034 0.8654043 0.2051937 0.8520063 0.2215284 0.8456372 0.2477034 0.8654043 0.2215284 0.8456372 0.2602055 0.8525541 0.2602055 0.8525541 0.2215284 0.8456372 0.2348446 0.8340991 0.2602055 0.8525541 0.2348446 0.8340991 0.2435362 0.8187838 0.1714759 0.7599275 0.1581597 0.7714655 0.1358324 0.7324509 0.1358324 0.7324509 0.1581597 0.7714655 0.1494681 0.7867809 0.1358324 0.7324509 0.1494681 0.7867809 0.1464496 0.8040263 0.2465547 0.8015384 0.2435362 0.7844431 0.2602055 0.7498443 0.2602055 0.7498443 0.2435362 0.7844431 0.2348446 0.7695598 0.2602055 0.7498443 0.2348446 0.7695598 0.2477034 0.7376155 0.2477034 0.7376155 0.2348446 0.7695598 0.2215285 0.7586835 0.1714759 0.7599275 0.1358324 0.7324509 0.1878106 0.7535583 0.1878106 0.7535583 0.1358324 0.7324509 0.204703 0.7307392 0.1878106 0.7535583 0.204703 0.7307392 0.2051937 0.7531263 0.2051937 0.7531263 0.204703 0.7307392 0.2150827 0.7363801 0.2051937 0.7531263 0.2150827 0.7363801 0.2215285 0.7586835 0.2215285 0.7586835 0.2150827 0.7363801 0.226837 0.738134 0.2215285 0.7586835 0.226837 0.738134 0.2477034 0.7376155 0.8336287 0.9083256 0.8127288 0.8699582 0.8211461 0.8591624 0.7513465 0.9237606 0.7513465 0.9541864 0.7376958 0.9545257 0.7513465 0.9237606 0.7376958 0.9545257 0.754002 0.9103046 0.7376958 0.848035 0.7634804 0.8473942 0.7376958 0.9545257 0.7376958 0.9545257 0.7634804 0.8473942 0.7664846 0.8605208 0.7376958 0.9545257 0.7664846 0.8605208 0.754002 0.9103046 0.754002 0.9103046 0.7664846 0.8605208 0.7749019 0.8708983 0.754002 0.9103046 0.7749019 0.8708983 0.7615641 0.8987651 0.8499349 0.9517363 0.8362842 0.9520756 0.8362842 0.9216496 0.8241502 0.8458865 0.8499349 0.8452456 0.8211461 0.8591624 0.8211461 0.8591624 0.8499349 0.8452456 0.8499349 0.9517363 0.8211461 0.8591624 0.8499349 0.9517363 0.8336287 0.9083256 0.8336287 0.9083256 0.8499349 0.9517363 0.8362842 0.9216496 0.8336287 0.9083256 0.8260666 0.8971621 0.8127288 0.8699582 0.8127288 0.8699582 0.8260666 0.8971621 0.814749 0.8898585 0.8127288 0.8699582 0.814749 0.8898585 0.8005655 0.8761357 0.8005655 0.8761357 0.814749 0.8898585 0.8013991 0.8875269 0.8005655 0.8761357 0.8013991 0.8875269 0.7870652 0.8764712 0.7870652 0.8764712 0.8013991 0.8875269 0.7862316 0.8879038 0.7870652 0.8764712 0.7862316 0.8879038 0.7749019 0.8708983 0.7749019 0.8708983 0.7862316 0.8879038 0.7728817 0.890899 0.7749019 0.8708983 0.7728817 0.890899 0.7615641 0.8987651 0.9020254 0.6169872 0.9020335 0.7431131 0.8758774 0.6169889 0.8758774 0.6169889 0.9020335 0.7431131 0.8758855 0.7431148 0.4124706 0.9066309 0.4124706 0.781001 0.4278495 0.9066075 0.4278495 0.9066075 0.4124706 0.781001 0.4278495 0.7809776 0.2786033 0.4133182 0.1875762 0.425498 0.2777965 0.3873342 0.2777965 0.3873342 0.1875762 0.425498 0.1867695 0.399514 0.967909 0.3048541 0.9263799 0.3057401 0.9263788 0.2890797 0.967909 0.3048541 0.9679091 0.3057401 0.9263799 0.3057401 0.9263799 0.3057401 0.9679091 0.3057401 0.9679118 0.3187103 0.9263799 0.3057401 0.9679118 0.3187103 0.926383 0.3201331 0.9679118 0.3187103 0.9679122 0.3201331 0.926383 0.3201331 0.8156774 0.2553191 0.8571239 0.2555896 0.8565019 0.266713 0.8156774 0.2553191 0.8565019 0.266713 0.8149563 0.2689606 0.8565019 0.266713 0.8564028 0.269231 0.8149563 0.2689606 0.8149563 0.2689606 0.8564028 0.269231 0.8560697 0.2818298 0.8149563 0.2689606 0.8560697 0.2818298 0.8145697 0.2853196 0.8560697 0.2818298 0.8560161 0.2855901 0.8145697 0.2853196 0.8145697 0.2853196 0.8560161 0.2855901 0.8559764 0.297854 0.8145697 0.2853196 0.8559764 0.297854 0.8145697 0.3021869 0.8559764 0.297854 0.8560161 0.3024573 0.8145697 0.3021869 0.8145697 0.3021869 0.8560161 0.3024573 0.8562331 0.3128529 0.8145697 0.3021869 0.8562331 0.3128529 0.8149563 0.3172842 0.8562331 0.3128529 0.8564028 0.3175547 0.8149563 0.3172842 0.8149563 0.3172842 0.8564028 0.3175547 0.856809 0.3250174 0.8149563 0.3172842 0.856809 0.3250174 0.8156774 0.3285729 0.856809 0.3250174 0.8571239 0.3288433 0.8156774 0.3285729 0.1225681 0.9263452 0.09493619 0.9203492 0.09419369 0.9112491 0.1225681 0.9263452 0.09419369 0.9112491 0.1222743 0.9097628 0.9784942 0.2488881 0.946042 0.2552316 0.9482597 0.2483423 0.9784942 0.2488881 0.9482597 0.2483423 0.980034 0.2406446 0.980034 0.2406446 0.9482597 0.2483423 0.9497995 0.2400988 0.980034 0.2406446 0.9497995 0.2400988 0.9805129 0.23215 0.9497995 0.2400988 0.9502784 0.2316042 0.9805129 0.23215 0.9805129 0.23215 0.9502784 0.2316042 0.9497995 0.2240763 0.9805129 0.23215 0.9497995 0.2240763 0.9782595 0.2155628 0.9497995 0.2240763 0.9480251 0.215017 0.9782595 0.2155628 0.9782595 0.2155628 0.9480251 0.215017 0.946042 0.2090964 0.7720155 0.3288433 0.730207 0.3246444 0.7709972 0.3176257 0.730207 0.3246444 0.7296332 0.3172224 0.7709972 0.3176257 0.7709972 0.3176257 0.7296332 0.3172224 0.7293937 0.3125385 0.7709972 0.3176257 0.7293937 0.3125385 0.7704512 0.3025718 0.7293937 0.3125385 0.7290872 0.3021686 0.7704512 0.3025718 0.7704512 0.3025718 0.7290872 0.3021686 0.7290311 0.2975717 0.7704512 0.3025718 0.7290311 0.2975717 0.7704512 0.2857151 0.7290311 0.2975717 0.7290872 0.2853118 0.7704512 0.2857151 0.7704512 0.2857151 0.7290872 0.2853118 0.7291629 0.2815491 0.7704512 0.2857151 0.7291629 0.2815491 0.7709972 0.2693318 0.7291629 0.2815491 0.7296332 0.2689286 0.7709972 0.2693318 0.7709972 0.2693318 0.7296332 0.2689286 0.7297732 0.2664032 0.7709972 0.2693318 0.7297732 0.2664032 0.7720155 0.2556349 0.7297732 0.2664032 0.7306515 0.2552316 0.7720155 0.2556349 0.9263829 0.2579599 0.9679121 0.2579599 0.9679117 0.2593895 0.9263829 0.2579599 0.9679117 0.2593895 0.9263798 0.2724022 0.9679117 0.2593895 0.9679091 0.2724022 0.9263798 0.2724022 0.9263798 0.2724022 0.9679091 0.2724022 0.967909 0.2732901 0.9263798 0.2724022 0.967909 0.2732901 0.9263788 0.2890797 0.9263788 0.2890797 0.967909 0.2732901 0.967908 0.2890798 0.9263788 0.2890797 0.967908 0.2890798 0.967909 0.3048541 0.9192498 0.07801032 0.9233569 0.09280598 0.9085018 0.08559513 0.9085018 0.08559513 0.9233569 0.09280598 0.9085384 0.1002188 0.9085018 0.08559513 0.9085384 0.1002188 0.8956286 0.08802127 0.8956286 0.08802127 0.9085384 0.1002188 0.8920551 0.1016273 0.8956286 0.08802127 0.8920551 0.1016273 0.8828563 0.08486926 0.8920551 0.1016273 0.8761331 0.09684127 0.8828563 0.08486926 0.8828563 0.08486926 0.8761331 0.09684127 0.8690658 0.0922963 0.8828563 0.08486926 0.8690658 0.0922963 0.8723931 0.07668411 0.8723931 0.07668411 0.8690658 0.0922963 0.8629229 0.08650714 0.8723931 0.07668411 0.8629229 0.08650714 0.8660483 0.06488108 0.8660483 0.06488108 0.8629229 0.08650714 0.8542084 0.07202041 0.8660483 0.06488108 0.8542084 0.07202041 0.864919 0.05150103 0.864919 0.05150103 0.8542084 0.07202041 0.8511666 0.05533772 0.864919 0.05150103 0.8511666 0.05533772 0.8692004 0.03885746 0.8511666 0.05533772 0.8542083 0.03871214 0.8692004 0.03885746 0.8692004 0.03885746 0.8542083 0.03871214 0.8629229 0.02438908 0.8692004 0.03885746 0.8629229 0.02438908 0.8781522 0.02913665 0.8781522 0.02913665 0.8629229 0.02438908 0.8761332 0.0143029 0.8781522 0.02913665 0.8761332 0.0143029 0.8902267 0.0240193 0.8902267 0.0240193 0.8761332 0.0143029 0.8920552 0.009815752 0.8902267 0.0240193 0.8920552 0.009815752 0.9033359 0.02439033 0.9033359 0.02439033 0.8920552 0.009815752 0.9085384 0.01153373 0.9033359 0.02439033 0.9085384 0.01153373 0.9152132 0.03018558 0.9152132 0.03018558 0.9085384 0.01153373 0.9233569 0.01922482 0.9152132 0.03018558 0.9233569 0.01922482 0.9238049 0.04040294 0.9238049 0.04040294 0.9233569 0.01922482 0.9345092 0.03185027 0.9238049 0.04040294 0.9345092 0.03185027 0.9276255 0.05327576 0.9276255 0.05327576 0.9345092 0.03185027 0.9404891 0.04770487 0.9276255 0.05327576 0.9404891 0.04770487 0.9260143 0.06657826 0.9260143 0.06657826 0.9404891 0.04770487 0.9404891 0.06464749 0.9260143 0.06657826 0.9404891 0.06464749 0.9192498 0.07801032 0.9192498 0.07801032 0.9404891 0.06464749 0.9345092 0.08038985 0.9192498 0.07801032 0.9345092 0.08038985 0.9233569 0.09280598 0.9685862 0.7278358 0.927057 0.7287218 0.9270559 0.7120615 0.9685862 0.7278358 0.9685863 0.7287218 0.927057 0.7287218 0.927057 0.7287218 0.9685863 0.7287218 0.9685889 0.7416921 0.927057 0.7287218 0.9685889 0.7416921 0.9270601 0.7431148 0.9685889 0.7416921 0.9685893 0.7431148 0.9270601 0.7431148 0.7731232 0.2552316 0.8145696 0.2555021 0.8139476 0.2666254 0.7731232 0.2552316 0.8139476 0.2666254 0.7724021 0.268873 0.8139476 0.2666254 0.8138486 0.2691435 0.7724021 0.268873 0.7724021 0.268873 0.8138486 0.2691435 0.8135155 0.2817422 0.7724021 0.268873 0.8135155 0.2817422 0.7720155 0.2852321 0.8135155 0.2817422 0.8134619 0.2855026 0.7720155 0.2852321 0.7720155 0.2852321 0.8134619 0.2855026 0.8134222 0.2977665 0.7720155 0.2852321 0.8134222 0.2977665 0.7720155 0.3020993 0.8134222 0.2977665 0.8134619 0.3023698 0.7720155 0.3020993 0.7720155 0.3020993 0.8134619 0.3023698 0.8136789 0.3127654 0.7720155 0.3020993 0.8136789 0.3127654 0.7724021 0.3171967 0.8136789 0.3127654 0.8138486 0.3174672 0.7724021 0.3171967 0.7724021 0.3171967 0.8138486 0.3174672 0.8142548 0.3249298 0.7724021 0.3171967 0.8142548 0.3249298 0.7731232 0.3284853 0.8142548 0.3249298 0.8145696 0.3287558 0.7731232 0.3284853 0.5009405 0.8516948 0.4733085 0.8456988 0.472566 0.8365986 0.5009405 0.8516948 0.472566 0.8365986 0.5006466 0.8351124 0.946042 0.2090965 0.9482597 0.2022072 0.9784942 0.202753 0.9784942 0.202753 0.9482597 0.2022072 0.9497995 0.1939637 0.9784942 0.202753 0.9497995 0.1939637 0.9805129 0.1860148 0.9497995 0.1939637 0.9502784 0.185469 0.9805129 0.1860148 0.9805129 0.1860148 0.9502784 0.185469 0.9497995 0.1779412 0.9805129 0.1860148 0.9497995 0.1779412 0.9782596 0.1694276 0.9497995 0.1779412 0.9480251 0.1688818 0.9782596 0.1694276 0.9782596 0.1694276 0.9480251 0.1688818 0.946042 0.1629614 0.7240252 0.3288433 0.6822167 0.3246444 0.7230069 0.3176257 0.6822167 0.3246444 0.681643 0.3172224 0.7230069 0.3176257 0.7230069 0.3176257 0.681643 0.3172224 0.6814034 0.3125385 0.7230069 0.3176257 0.6814034 0.3125385 0.7224609 0.3025718 0.6814034 0.3125385 0.6810969 0.3021686 0.7224609 0.3025718 0.7224609 0.3025718 0.6810969 0.3021686 0.6810408 0.2975717 0.7224609 0.3025718 0.6810408 0.2975717 0.7224609 0.2857151 0.6810408 0.2975717 0.681097 0.2853118 0.7224609 0.2857151 0.7224609 0.2857151 0.681097 0.2853118 0.6811726 0.281549 0.7224609 0.2857151 0.6811726 0.281549 0.7230069 0.2693318 0.6811726 0.281549 0.681643 0.2689286 0.7230069 0.2693318 0.7230069 0.2693318 0.681643 0.2689286 0.6817829 0.2664033 0.7230069 0.2693318 0.6817829 0.2664033 0.7240252 0.2556349 0.6817829 0.2664033 0.6826612 0.2552316 0.7240252 0.2556349 0.9270601 0.6809415 0.9685893 0.6809415 0.9685889 0.6823712 0.9270601 0.6809415 0.9685889 0.6823712 0.927057 0.6953839 0.9685889 0.6823712 0.9685862 0.6953839 0.927057 0.6953839 0.927057 0.6953839 0.9685862 0.6953839 0.9685862 0.6962718 0.927057 0.6953839 0.9685862 0.6962718 0.9270559 0.7120615 0.9270559 0.7120615 0.9685862 0.6962718 0.9685852 0.7120615 0.9270559 0.7120615 0.9685852 0.7120615 0.9685862 0.7278358 0.9853601 0.5203498 0.9958213 0.5315901 0.9793145 0.5320332 0.9793145 0.5320332 0.9958213 0.5315901 0.9860837 0.5449959 0.9793145 0.5320332 0.9860837 0.5449959 0.9690063 0.5401168 0.9690063 0.5401168 0.9860837 0.5449959 0.9721024 0.5538394 0.9690063 0.5401168 0.9721024 0.5538394 0.9562179 0.543203 0.9562179 0.543203 0.9721024 0.5538394 0.9557657 0.5569262 0.9562179 0.543203 0.9557657 0.5569262 0.9431604 0.5407581 0.9431604 0.5407581 0.9557657 0.5569262 0.93928 0.5538394 0.9431604 0.5407581 0.93928 0.5538394 0.9320917 0.5332049 0.9320917 0.5332049 0.93928 0.5538394 0.9248717 0.5449959 0.9320917 0.5332049 0.9248717 0.5449959 0.9249256 0.5218493 0.9249256 0.5218493 0.9248717 0.5449959 0.9144867 0.53159 0.9249256 0.5218493 0.9144867 0.53159 0.9229012 0.508655 0.9144867 0.53159 0.9095277 0.5154324 0.9229012 0.508655 0.9229012 0.508655 0.9095277 0.5154324 0.9106643 0.498705 0.9229012 0.508655 0.9106643 0.498705 0.9263685 0.4959032 0.9263685 0.4959032 0.9106643 0.498705 0.917743 0.4836673 0.9263685 0.4959032 0.917743 0.4836673 0.934728 0.4857989 0.934728 0.4857989 0.917743 0.4836673 0.9298079 0.4723499 0.934728 0.4857989 0.9298079 0.4723499 0.9465343 0.4800892 0.9465343 0.4800892 0.9298079 0.4723499 0.9452294 0.4662814 0.9465343 0.4800892 0.9452294 0.4662814 0.959746 0.4797614 0.959746 0.4797614 0.9452294 0.4662814 0.9619249 0.4662814 0.959746 0.4797614 0.9619249 0.4662814 0.9720786 0.4848722 0.9720786 0.4848722 0.9619249 0.4662814 0.9776395 0.47235 0.9720786 0.4848722 0.9776395 0.47235 0.9813998 0.4945377 0.9813998 0.4945377 0.9776395 0.47235 0.9902508 0.4836673 0.9813998 0.4945377 0.9902508 0.4836673 0.9860977 0.5070869 0.9860977 0.5070869 0.9902508 0.4836673 0.9980558 0.4987051 0.9860977 0.5070869 0.9980558 0.4987051 0.9853601 0.5203498 0.9853601 0.5203498 0.9980558 0.4987051 1 0.5154324 0.9853601 0.5203498 1 0.5154324 0.9958213 0.5315901 0.9095277 0.5809596 0.9556713 0.5809596 0.9095286 0.5940897 0.9095286 0.5940897 0.9556713 0.5809596 0.9556723 0.5940897 0.9095286 0.5940897 0.9556723 0.5940897 0.9095314 0.604934 0.9095314 0.604934 0.9556723 0.5940897 0.955675 0.604934 0.9409813 0.05394136 0.9870339 0.05394136 0.9405679 0.06564754 0.9405679 0.06564754 0.9870339 0.05394136 0.9866205 0.06564754 0.9405679 0.06564754 0.9866205 0.06564754 0.9404891 0.07902014 0.9404891 0.07902014 0.9866205 0.06564754 0.9865417 0.07902014 0.9404891 0.07902014 0.9865417 0.07902014 0.9407586 0.09174692 0.9407586 0.09174692 0.9865417 0.07902014 0.9868112 0.09174692 0.9407586 0.09174692 0.9868112 0.09174692 0.9413298 0.1016274 0.9413298 0.1016274 0.9868112 0.09174692 0.9873824 0.1016273 0.1838971 0.4754855 0.1838971 0.5069022 0.1713293 0.4789558 0.1713293 0.4789558 0.1838971 0.5069022 0.1713293 0.5103725 0.1903159 0.3480172 0.1570134 0.3524731 0.1899015 0.3346701 0.1899015 0.3346701 0.1570134 0.3524731 0.156599 0.3391261 0.1899015 0.3346701 0.156599 0.3391261 0.1857453 0.3221686 0.1857453 0.3221686 0.156599 0.3391261 0.1524427 0.3266246 0.1348395 0.9892802 0.08887732 0.9892802 0.1340281 0.9794548 0.1340281 0.9794548 0.08887732 0.9892802 0.08806598 0.9794548 0.1340281 0.9794548 0.08806598 0.9794548 0.133641 0.9667541 0.133641 0.9667541 0.08806598 0.9794548 0.08767879 0.9667541 0.133641 0.9667541 0.08767879 0.9667541 0.133745 0.9533742 0.133745 0.9533742 0.08767879 0.9667541 0.08778285 0.9533742 0.133745 0.9533742 0.08778285 0.9533742 0.1343222 0.9416286 0.1343222 0.9416286 0.08778285 0.9533742 0.08836007 0.9416286 0.9095313 0.5569262 0.955675 0.5569262 0.9095286 0.5678142 0.9095286 0.5678142 0.955675 0.5569262 0.9556722 0.5678142 0.9095286 0.5678142 0.9556722 0.5678142 0.9095277 0.5809596 0.9095277 0.5809596 0.9556722 0.5678142 0.9556713 0.5809596 0.7587497 0.02877777 0.8048934 0.02877783 0.7587507 0.04190778 0.7587507 0.04190778 0.8048934 0.02877783 0.8048943 0.04190784 0.7587507 0.04190778 0.8048943 0.04190784 0.7587534 0.05275207 0.7587534 0.05275207 0.8048943 0.04190784 0.8048971 0.05275213 0.9104151 0.4185956 0.9564677 0.4185956 0.9100017 0.4303017 0.9100017 0.4303017 0.9564677 0.4185956 0.9560543 0.4303017 0.9100017 0.4303017 0.9560543 0.4303017 0.9099229 0.4436743 0.9099229 0.4436743 0.9560543 0.4303017 0.9559755 0.4436743 0.9099229 0.4436743 0.9559755 0.4436743 0.9101924 0.4564011 0.9101924 0.4564011 0.9559755 0.4436743 0.956245 0.4564011 0.9101924 0.4564011 0.956245 0.4564011 0.9107636 0.4662815 0.9107636 0.4662815 0.956245 0.4564011 0.9568162 0.4662815 0.1838971 0.5103725 0.1838971 0.5417892 0.1713293 0.5138428 0.1713293 0.5138428 0.1838971 0.5417892 0.1713293 0.5452595 0.360494 0.3619095 0.3271915 0.3663655 0.3600797 0.3485625 0.3600797 0.3485625 0.3271915 0.3663655 0.3267771 0.3530185 0.3600797 0.3485625 0.3267771 0.3530185 0.3559234 0.336061 0.3559234 0.336061 0.3267771 0.3530185 0.3226208 0.340517 0.9876499 0.05394136 0.9416877 0.05394136 0.9868385 0.04411596 0.9868385 0.04411596 0.9416877 0.05394136 0.9408763 0.04411596 0.9868385 0.04411596 0.9408763 0.04411596 0.9864513 0.03141528 0.9864513 0.03141528 0.9408763 0.04411596 0.9404892 0.03141522 0.9864513 0.03141528 0.9404892 0.03141522 0.9865553 0.01803535 0.9865553 0.01803535 0.9404892 0.03141522 0.9405932 0.01803535 0.9865553 0.01803535 0.9405932 0.01803535 0.9871326 0.00628972 0.9871326 0.00628972 0.9405932 0.01803535 0.9411704 0.00628972 0.7587534 0.004744291 0.8048971 0.00474435 0.7587507 0.01563227 0.7587507 0.01563227 0.8048971 0.00474435 0.8048943 0.01563233 0.7587507 0.01563227 0.8048943 0.01563233 0.7587497 0.02877777 0.7587497 0.02877777 0.8048943 0.01563233 0.8048934 0.02877783 0.1720759 0.3114976 0.1710312 0.3099607 0.2709175 0.2965956 0.8130131 0.8250418 0.8132361 0.6786829 0.8158432 0.6814488 0.4389722 0.6315904 0.4389722 0.7759726 0.4282462 0.6317588 0.7871319 0.6658703 0.7939735 0.6589835 0.8008205 0.6658703 0.8132361 0.6786829 0.8130131 0.8250418 0.8057661 0.670917 0.8057661 0.670917 0.8130131 0.8250418 0.8005788 0.8245154 0.8057661 0.670917 0.8005788 0.8245154 0.8008205 0.6658703 0.8008205 0.6658703 0.8005788 0.8245154 0.7868902 0.8245154 0.8008205 0.6658703 0.7868902 0.8245154 0.7871319 0.6658703 0.2709175 0.2965956 0.1710312 0.3099607 0.2646846 0.2854772 0.1710312 0.3099607 0.162344 0.3018478 0.2646846 0.2854772 0.7746586 0.8250418 0.772345 0.6814488 0.7748816 0.6786829 0.7746586 0.8250418 0.7748816 0.6786829 0.7868902 0.8245154 0.7868902 0.8245154 0.7748816 0.6786829 0.782225 0.670917 0.7868902 0.8245154 0.782225 0.670917 0.7871319 0.6658703 0.4389722 0.7759726 0.4304565 0.7701422 0.4282462 0.6317588 0.4282462 0.6317588 0.4304565 0.7701422 0.4230656 0.7678037 0.4282462 0.6317588 0.4230656 0.7678037 0.4148922 0.631971 0.4148922 0.631971 0.4230656 0.7678037 0.4170538 0.7673084 0.4148922 0.631971 0.4170538 0.7673084 0.4015551 0.6321851 0.4015551 0.6321851 0.4170538 0.7673084 0.4037168 0.7675225 0.4015551 0.6321851 0.4037168 0.7675225 0.3908765 0.6323586 0.3908765 0.6323586 0.4037168 0.7675225 0.3930381 0.767696 0.9022095 0.7434791 0.9022095 0.8785668 0.8898092 0.7431149 0.8898092 0.7431149 0.9022095 0.8785668 0.8898092 0.8782025 0.8898092 0.7431149 0.8898092 0.8782025 0.8761194 0.7431245 0.8761194 0.7431245 0.8898092 0.8782025 0.8761194 0.8782122 0.8761194 0.7431245 0.8761194 0.8782122 0.8638518 0.743506 0.8638518 0.743506 0.8761194 0.8782122 0.8638518 0.8785937 0.8638518 0.743506 0.8638518 0.8785937 0.855436 0.744184 0.855436 0.744184 0.8638518 0.8785937 0.855436 0.8792716 0.2717411 0.3231227 0.1740535 0.3361937 0.2734359 0.3100311 0.2734359 0.3100311 0.1740535 0.3361937 0.1757484 0.3231021 0.2734359 0.3100311 0.1757484 0.3231021 0.2709175 0.2965956 0.2709175 0.2965956 0.1757484 0.3231021 0.1747279 0.317162 0.2709175 0.2965956 0.1747279 0.317162 0.1720759 0.3114976 0.9022094 0.8838894 0.9022094 0.9623338 0.8913214 0.9623311 0.4631143 0.8673653 0.4631143 0.9401459 0.4532889 0.8681766 0.4532889 0.8681766 0.4631143 0.9401459 0.4611564 0.9417876 0.4532889 0.8681766 0.4611564 0.9417876 0.4577068 0.9458812 0.4891949 0.8670822 0.4826405 0.9353574 0.4758149 0.8669781 0.4758149 0.8669781 0.4826405 0.9353574 0.475815 0.9353597 0.4758149 0.8669781 0.475815 0.9353597 0.4631143 0.8673653 0.4631143 0.8673653 0.475815 0.9353597 0.4690068 0.9369573 0.4631143 0.8673653 0.4690068 0.9369573 0.4631143 0.9401459 0.5009405 0.9457952 0.4974106 0.9417323 0.5009405 0.8676594 0.5009405 0.8676594 0.4974106 0.9417323 0.4936228 0.9389173 0.5009405 0.8676594 0.4936228 0.9389173 0.4891949 0.8670822 0.4891949 0.8670822 0.4936228 0.9389173 0.4891949 0.9368427 0.4891949 0.8670822 0.4891949 0.9368427 0.4826405 0.9353574 0.8650459 0.8792725 0.8756279 0.8792716 0.8650459 0.9623311 0.8650459 0.9623311 0.8756279 0.8792716 0.8781759 0.9623301 0.8650459 0.8792725 0.8650459 0.9623311 0.862554 0.879273 0.862554 0.879273 0.8650459 0.9623311 0.8542016 0.9623338 0.862554 0.879273 0.8542016 0.9623338 0.8542016 0.8792753 0.9576089 0.3312879 0.9576089 0.4141826 0.9552473 0.3311693 0.9552473 0.3311693 0.9576089 0.4141826 0.9459028 0.4137692 0.9552473 0.3311693 0.9459028 0.4137692 0.9459028 0.3308745 0.9459028 0.3308745 0.9459028 0.4137692 0.9427438 0.3308234 0.9427438 0.3308234 0.9459028 0.4137692 0.9325302 0.4136904 0.9427438 0.3308234 0.9325302 0.4136904 0.9325302 0.3307958 0.9325302 0.3307958 0.9325302 0.4136904 0.9290811 0.3308329 0.9290811 0.3308329 0.9325302 0.4136904 0.9198034 0.4139599 0.9290811 0.3308329 0.9198034 0.4139599 0.9198034 0.3310652 0.9198034 0.3310652 0.9198034 0.4139599 0.9167038 0.3311963 0.9167038 0.3311963 0.9198034 0.4139599 0.909923 0.4145311 0.9167038 0.3311963 0.909923 0.4145311 0.909923 0.3316364 0.8511666 0.0433526 0.844949 0.09955984 0.8475605 0.04437923 0.8475605 0.04437923 0.844949 0.09955984 0.8320758 0.1016273 0.8475605 0.04437923 0.8320758 0.1016273 0.8382933 0.04542005 0.9263789 0.2585521 0.9263789 0.319031 0.9223465 0.2577201 0.9223465 0.2577201 0.9263789 0.319031 0.9130948 0.3176716 0.9223465 0.2577201 0.9130948 0.3176716 0.9130948 0.2571927 0.9130948 0.2571927 0.9130948 0.3176716 0.9086843 0.2575884 0.9086843 0.2575884 0.9130948 0.3176716 0.9001525 0.3201332 0.9086843 0.2575884 0.9001525 0.3201332 0.9001525 0.2596543 0.4532889 0.9509085 0.4532889 0.8681766 0.4577068 0.9458812 0.1696296 0.4336385 0.1696296 0.425498 0.1707977 0.4310929 0.8995338 0.8792744 0.9022094 0.8838894 0.8913214 0.8792725 0.8913214 0.8792725 0.9022094 0.8838894 0.8913214 0.9623311 0.8913214 0.8792725 0.8913214 0.9623311 0.8891738 0.8792722 0.8891738 0.8792722 0.8913214 0.9623311 0.8781759 0.9623301 0.8891738 0.8792722 0.8781759 0.9623301 0.8781759 0.8792716 0.8781759 0.8792716 0.8781759 0.9623301 0.8756279 0.8792716 0.8684962 0.2602756 0.8571239 0.256769 0.8582241 0.2553191 0.821761 0.04025661 0.8209747 0.04184418 0.8123633 0.03411519 0.8123633 0.03411519 0.8209747 0.04184418 0.8136678 0.03757268 0.8123633 0.03411519 0.8136678 0.03757268 0.8116074 0.03586035 0.8342556 0.04347324 0.8470807 0.0426709 0.8475605 0.04437923 0.8475605 0.04437923 0.8382933 0.04542005 0.8342556 0.04347324 0.8342556 0.04347324 0.8382933 0.04542005 0.8340941 0.04522162 0.8342556 0.04347324 0.8340941 0.04522162 0.821761 0.04025661 0.821761 0.04025661 0.8340941 0.04522162 0.8250293 0.04337561 0.821761 0.04025661 0.8250293 0.04337561 0.8209747 0.04184418 0.8571239 0.3180286 0.869226 0.314109 0.8701744 0.3154444 0.8701744 0.3154444 0.8610703 0.3189989 0.8571239 0.3180286 0.8571239 0.3180286 0.8610703 0.3189989 0.8574671 0.31956 0.1737561 0.4712842 0.1720663 0.471888 0.1720663 0.4595805 0.1720663 0.4595805 0.1720663 0.4728882 0.170416 0.4635186 0.8470807 0.0426709 0.8511666 0.0433526 0.8475605 0.04437923 0.8786647 0.3054099 0.883751 0.2934877 0.8854255 0.293792 0.8854255 0.293792 0.8818152 0.3035725 0.8786647 0.3054099 0.8786647 0.3054099 0.8818152 0.3035725 0.880085 0.3063103 0.8786647 0.3054099 0.880085 0.3063103 0.869226 0.314109 0.869226 0.314109 0.880085 0.3063103 0.8730418 0.3135463 0.869226 0.314109 0.8730418 0.3135463 0.8701744 0.3154444 0.8835746 0.280476 0.8781672 0.2687031 0.8795625 0.2677682 0.8795625 0.2677682 0.8845146 0.2774432 0.8835746 0.280476 0.8835746 0.280476 0.8845146 0.2774432 0.8852403 0.2801297 0.8835746 0.280476 0.8852403 0.2801297 0.883751 0.2934877 0.883751 0.2934877 0.8852403 0.2801297 0.8858734 0.2908021 0.883751 0.2934877 0.8858734 0.2908021 0.8854255 0.293792 0.8582241 0.2553191 0.8673823 0.2579017 0.8684962 0.2602756 0.8684962 0.2602756 0.8673823 0.2579017 0.8694081 0.2589192 0.8684962 0.2602756 0.8694081 0.2589192 0.8781672 0.2687031 0.8781672 0.2687031 0.8694081 0.2589192 0.877974 0.2658056 0.8781672 0.2687031 0.877974 0.2658056 0.8795625 0.2677682 0.6762212 0.2349902 0.6370633 0.2299209 0.6799514 0.005480349 0.6799514 0.005480349 0.6370633 0.2299209 0.6407191 0.004998028 0.6799514 0.005480349 0.6407191 0.004998028 0.6376186 0 0.1767239 0.2326422 0.1373702 0.2294297 0.169743 0.007798016 0.169743 0.007798016 0.1373702 0.2294297 0.1302469 0 0.169743 0.007798016 0.1302469 0 0.1727914 0.003473043 0.09941011 0.2553465 0.09763097 0.2492475 0.1330046 0.2445144 0.6479316 0.3008743 0.6760349 0.3159142 0.645709 0.3075326 0.1330046 0.2445144 0.1348946 0.2506099 0.09948068 0.2614251 0.645709 0.3075326 0.6736117 0.322352 0.6727694 0.3293631 0.645709 0.3075326 0.6727694 0.3293631 0.6441016 0.3141471 0.1838971 0.425498 0.1838971 0.4754856 0.1812981 0.4256995 0.1755313 0.4297915 0.181298 0.425498 0.181298 0.460665 0.9095277 0.5265239 0.8550228 0.529971 0.8495483 0.5266292 0.9095277 0.5265239 0.8495483 0.5266292 0.909366 0.5243102 0.909366 0.5243102 0.8495483 0.5266292 0.843798 0.5228495 0.909366 0.5243102 0.843798 0.5228495 0.9090676 0.5152146 0.8261054 0.5099587 0.8260915 0.5045636 0.8318052 0.5143609 0.8318052 0.5143609 0.8260915 0.5045636 0.9089856 0.5048698 0.8318052 0.5143609 0.9089856 0.5048698 0.8329557 0.5152098 0.8329557 0.5152098 0.9089856 0.5048698 0.9090676 0.5152146 0.8329557 0.5152098 0.9090676 0.5152146 0.8378279 0.5187184 0.8378279 0.5187184 0.9090676 0.5152146 0.843798 0.5228495 0.9099229 0.4051666 0.9097734 0.4074261 0.8449355 0.4086645 0.8449355 0.4086645 0.9097734 0.4074261 0.9095242 0.4166386 0.8449355 0.4086645 0.9095242 0.4166386 0.8382657 0.4133758 0.8449355 0.4086645 0.8492916 0.4057175 0.9099229 0.4051666 0.2651584 0.6929957 0.2045146 0.6965544 0.2097441 0.6920411 0.2651584 0.6929957 0.2097441 0.6920411 0.2651962 0.6900414 0.2651962 0.6900414 0.2097441 0.6920411 0.214552 0.6864279 0.2651962 0.6900414 0.214552 0.6864279 0.2658048 0.6840958 0.2658048 0.6840958 0.214552 0.6864279 0.2156866 0.684786 0.2156866 0.684786 0.2164096 0.6836495 0.2658048 0.6840958 0.2658048 0.6840958 0.2164096 0.6836495 0.2182213 0.6803932 0.2658048 0.6840958 0.2182213 0.6803932 0.2673035 0.6775916 0.2673035 0.6775916 0.2182213 0.6803932 0.2208476 0.6737697 0.2673035 0.6775916 0.2208476 0.6737697 0.2697807 0.67097 0.8266051 0.427653 0.8265902 0.4222474 0.8326777 0.4174883 0.8382657 0.4133758 0.9095242 0.4166386 0.8326777 0.4174883 0.8326777 0.4174883 0.9095242 0.4166386 0.9094974 0.4270238 0.8326777 0.4174883 0.9094974 0.4270238 0.8266051 0.427653 0.8158432 0.6814488 0.8132361 0.6786829 0.8508976 0.670917 0.8508976 0.670917 0.8132361 0.6786829 0.8057661 0.670917 0.8508976 0.670917 0.8057661 0.670917 0.8508756 0.6589835 0.8508756 0.6589835 0.8057661 0.670917 0.8008205 0.6658703 0.8508756 0.6589835 0.8008205 0.6658703 0.7939735 0.6589835 0.8508976 0.670917 0.8509962 0.6814487 0.8158432 0.6814488 0.8167623 0.8259035 0.8514318 0.8250418 0.8503239 0.8339427 0.8167623 0.8259035 0.8503239 0.8339427 0.8216522 0.8332029 0.8499349 0.8452456 0.8241502 0.8458865 0.8503239 0.8339427 0.8503239 0.8339427 0.8241502 0.8458865 0.8236656 0.8400511 0.8503239 0.8339427 0.8236656 0.8400511 0.8216522 0.8332029 0.7634804 0.8473942 0.7376958 0.848035 0.7641615 0.8415299 0.7641615 0.8415299 0.7376958 0.848035 0.7380849 0.8367322 0.7641615 0.8415299 0.7380849 0.8367322 0.7661786 0.8360339 0.7661786 0.8360339 0.7380849 0.8367322 0.7669907 0.8345614 0.7669907 0.8345614 0.7380849 0.8367322 0.7391927 0.8278313 0.7669907 0.8345614 0.7391927 0.8278313 0.7738623 0.8269696 0.772345 0.6814488 0.737192 0.6814487 0.7748816 0.6786829 0.7748816 0.6786829 0.737192 0.6814487 0.7370934 0.670917 0.7748816 0.6786829 0.7370934 0.670917 0.782225 0.670917 0.782225 0.670917 0.7370934 0.670917 0.7871319 0.6658703 0.7871319 0.6658703 0.7370934 0.670917 0.7370713 0.6589835 0.7871319 0.6658703 0.7370713 0.6589835 0.7939735 0.6589835 0.8309775 0.416338 0.826413 0.4208223 0.8218551 0.41022 0.6775382 0.2486128 0.6781122 0.2507805 0.6421306 0.2545911 0.6421306 0.2545911 0.6379413 0.2413046 0.6775382 0.2486128 0.6775382 0.2486128 0.6379413 0.2413046 0.6370633 0.2299209 0.6775382 0.2486128 0.6370633 0.2299209 0.6762212 0.2349902 0.6781122 0.2507805 0.6799514 0.2552316 0.6421306 0.2545911 0.8572127 0.3349054 0.8606768 0.3925252 0.8577252 0.3941166 0.8572127 0.3349054 0.8577252 0.3941166 0.8463628 0.3351113 0.8463628 0.3351113 0.8577252 0.3941166 0.8566763 0.3947769 0.8463628 0.3351113 0.8566763 0.3947769 0.8502006 0.3994823 0.8502006 0.3994823 0.8470888 0.4019922 0.8463628 0.3351113 0.8463628 0.3351113 0.8470888 0.4019922 0.8467971 0.4022332 0.8463628 0.3351113 0.8467971 0.4022332 0.8327451 0.3352952 0.8309775 0.416338 0.8218551 0.41022 0.8332567 0.4141935 0.8467971 0.4022332 0.8390612 0.4089034 0.8327451 0.3352952 0.8327451 0.3352952 0.8390612 0.4089034 0.8332567 0.4141935 0.8327451 0.3352952 0.8332567 0.4141935 0.8258789 0.3353675 0.8258789 0.3353675 0.8332567 0.4141935 0.8218551 0.41022 0.8258789 0.3353675 0.8218551 0.41022 0.8211965 0.3307957 0.1373702 0.2294297 0.1767239 0.2326422 0.178139 0.2439717 0.1829518 0.2570453 0.1409606 0.2493829 0.178139 0.2439717 0.178139 0.2439717 0.1409606 0.2493829 0.1393297 0.2429748 0.178139 0.2439717 0.1393297 0.2429748 0.1373702 0.2294297 0.8463401 0.596813 0.8517214 0.5337698 0.8571916 0.5967295 0.8571916 0.5967295 0.8517214 0.5337698 0.8563377 0.5368913 0.8571916 0.5967295 0.8563377 0.5368913 0.8603506 0.5389915 0.8259358 0.5113819 0.830524 0.5158246 0.821434 0.5220152 0.821434 0.5220152 0.830524 0.5158246 0.8360118 0.5208325 0.8211964 0.6014418 0.821434 0.5220152 0.8258545 0.5968379 0.8258545 0.5968379 0.821434 0.5220152 0.8360118 0.5208325 0.8258545 0.5968379 0.8360118 0.5208325 0.8327212 0.5968432 0.8327212 0.5968432 0.8360118 0.5208325 0.8414583 0.5255811 0.8327212 0.5968432 0.8414583 0.5255811 0.8463401 0.596813 0.8463401 0.596813 0.8414583 0.5255811 0.8467115 0.5299267 0.8463401 0.596813 0.8467115 0.5299267 0.8517214 0.5337698 0.7068791 0.7809565 0.7068791 0.6686828 0.7206403 0.6694 0.7068791 0.7809565 0.7206403 0.6694 0.7206403 0.7816738 0.7206403 0.7816738 0.7206403 0.6694 0.7323789 0.6707811 0.7206403 0.7816738 0.7323789 0.6707811 0.7323789 0.7830548 0.7368268 0.6047932 0.8506311 0.6047932 0.8507897 0.6158661 0.7368268 0.6047932 0.8507897 0.6158661 0.7369855 0.6158661 0.7369855 0.6158661 0.8507897 0.6158661 0.850882 0.6292597 0.7369855 0.6158661 0.850882 0.6292597 0.7370778 0.6292597 0.7370778 0.6292597 0.850882 0.6292597 0.8508989 0.6436629 0.7370778 0.6292597 0.8508989 0.6436629 0.7370947 0.6436629 0.3293609 0.873164 0.3293609 0.9869682 0.312959 0.8730554 0.312959 0.8730554 0.3293609 0.9869682 0.312959 0.9868596 0.312959 0.8730554 0.312959 0.9868596 0.2990211 0.8728718 0.2990211 0.8728718 0.312959 0.9868596 0.2990211 0.986676 0.2990211 0.8728718 0.2990211 0.986676 0.2886855 0.8726282 0.2886855 0.8726282 0.2990211 0.986676 0.2886855 0.9864324 0.2178887 0.2388135 0.2965961 0.2452387 0.2130888 0.2554041 0.2130888 0.2554041 0.2965961 0.2452387 0.2917962 0.2618294 0.2130888 0.2554041 0.2917962 0.2618294 0.211812 0.2729421 0.211812 0.2729421 0.2917962 0.2618294 0.2905194 0.2793673 0.1992467 0.7256232 0.204703 0.7307392 0.1358324 0.7324509 0.1361082 0.7186533 0.1372559 0.7027205 0.1933754 0.7013258 0.1933754 0.7013258 0.1372559 0.7027205 0.1939653 0.6965545 0.9591975 0.9633998 0.9023506 0.9669507 0.9022286 0.9540488 0.9591975 0.9633998 0.9022286 0.9540488 0.9591289 0.954509 0.9591289 0.954509 0.9022286 0.9540488 0.9591163 0.9513711 0.9591163 0.9513711 0.9022286 0.9540488 0.9022095 0.9378081 0.9591163 0.9513711 0.9022095 0.9378081 0.9591123 0.9370725 0.9591123 0.9370725 0.9022095 0.9378081 0.9022665 0.9238903 0.9591123 0.9370725 0.9022665 0.9238903 0.9591668 0.9243505 0.1933754 0.7013258 0.1928664 0.7066987 0.1361082 0.7186533 0.1361082 0.7186533 0.1928664 0.7066987 0.1932029 0.713122 0.1361082 0.7186533 0.1932029 0.713122 0.1358324 0.7324509 0.1358324 0.7324509 0.1932029 0.713122 0.1953388 0.7196017 0.1358324 0.7324509 0.1953388 0.7196017 0.1992467 0.7256232 0.9022644 0.8117414 0.9591646 0.8122034 0.9591072 0.8261212 0.9591258 0.8423619 0.902213 0.838762 0.9591072 0.8261212 0.9591072 0.8261212 0.902213 0.838762 0.9022095 0.8244634 0.9591072 0.8261212 0.9022095 0.8244634 0.9022644 0.8117414 0.9592474 0.8552638 0.9022939 0.8507907 0.9591258 0.8423619 0.9591258 0.8423619 0.9022939 0.8507907 0.9022256 0.8418999 0.9591258 0.8423619 0.9022256 0.8418999 0.902213 0.838762 0.3898658 0.7153953 0.3343082 0.7067077 0.3908765 0.6994532 0.3908765 0.6994532 0.3343082 0.7067077 0.334771 0.7013307 0.3908765 0.6994532 0.334771 0.7013307 0.3353199 0.6965544 0.3208554 0.7314987 0.3263293 0.7260783 0.3897088 0.7291947 0.3897088 0.7291947 0.3263293 0.7260783 0.3304837 0.7198155 0.3897088 0.7291947 0.3304837 0.7198155 0.3898658 0.7153953 0.3898658 0.7153953 0.3304837 0.7198155 0.3331427 0.7131984 0.3898658 0.7153953 0.3331427 0.7131984 0.3343082 0.7067077 0.4278495 0.9066075 0.4278495 0.7809776 0.4396603 0.9067969 0.4396603 0.9067969 0.4278495 0.7809776 0.4396603 0.7811671 0.4396603 0.9067969 0.4396603 0.7811671 0.4497535 0.9073725 0.4497535 0.9073725 0.4396603 0.7811671 0.4497535 0.7817426 0.9238025 0.6169889 0.9238106 0.7431148 0.9138041 0.6169872 0.9138041 0.6169872 0.9238106 0.7431148 0.9138122 0.7431132 0.9138041 0.6169872 0.9138122 0.7431132 0.9020254 0.6169872 0.9020254 0.6169872 0.9138122 0.7431132 0.9020335 0.7431131 0.2777965 0.3873342 0.1867695 0.399514 0.275814 0.3755037 0.275814 0.3755037 0.1867695 0.399514 0.184787 0.3876834 0.275814 0.3755037 0.184787 0.3876834 0.2708948 0.3652098 0.2708948 0.3652098 0.184787 0.3876834 0.1798678 0.3773896 0.3908764 0.9074622 0.3908764 0.7818323 0.4007403 0.9068562 0.4007403 0.9068562 0.3908764 0.7818323 0.4007403 0.7812264 0.4007403 0.9068562 0.4007403 0.7812264 0.4124706 0.9066309 0.4124706 0.9066309 0.4007403 0.7812264 0.4124706 0.781001 0.8252404 0.4662814 0.9081345 0.4665876 0.8261606 0.4814934 0.8261606 0.4814934 0.9081345 0.4665876 0.9090546 0.4817995 0.9416506 0.1167418 0.8589188 0.1167418 0.9402646 0.1016273 0.9402646 0.1016273 0.8589188 0.1167418 0.8575327 0.1016273 0.8267964 0.4507226 0.9096887 0.4500934 0.8259597 0.4662814 0.8259597 0.4662814 0.9096887 0.4500934 0.908852 0.4656522 0.1288629 0.8566554 0.04613113 0.8565294 0.1302259 0.8410141 0.1302259 0.8410141 0.04613113 0.8565294 0.04749417 0.840888 0.2026757 0.425498 0.2019504 0.4410342 0.184477 0.5470963 0.184477 0.5470963 0.2019504 0.4410342 0.2045146 0.4572684 0.184477 0.5470963 0.2045146 0.4572684 0.1909277 0.548052 0.8554339 0.643254 0.8508989 0.6436629 0.850882 0.6292597 0.8554339 0.643254 0.850882 0.6292597 0.8554187 0.6302911 0.2045146 0.5891459 0.1995735 0.5927563 0.1918338 0.5853545 0.2045146 0.5891459 0.1918338 0.5853545 0.1975489 0.5824843 0.1975489 0.5824843 0.1918338 0.5853545 0.1864321 0.5745325 0.1975489 0.5824843 0.1864321 0.5745325 0.1926873 0.5727446 0.1926873 0.5727446 0.1864321 0.5745325 0.1838971 0.5613496 0.1926873 0.5727446 0.1838971 0.5613496 0.1904058 0.56088 0.1904058 0.56088 0.1838971 0.5613496 0.184477 0.5470963 0.1904058 0.56088 0.184477 0.5470963 0.1909277 0.548052 0.8554105 0.6585747 0.8508756 0.6589835 0.8554339 0.643254 0.8554339 0.643254 0.8508756 0.6589835 0.8508989 0.6436629 0.8508756 0.6589835 0.8554105 0.6585747 0.8508976 0.670917 0.8508976 0.670917 0.8554105 0.6585747 0.8554359 0.6722981 0.4421827 0.6353228 0.447143 0.6315904 0.4483357 0.6423113 0.4483357 0.6423113 0.447143 0.6315904 0.4542189 0.6396272 0.4483357 0.6423113 0.4542189 0.6396272 0.4519227 0.6524758 0.4519227 0.6524758 0.4542189 0.6396272 0.4583441 0.6513165 0.4519227 0.6524758 0.4583441 0.6513165 0.452398 0.6642691 0.452398 0.6642691 0.4583441 0.6513165 0.4588906 0.6648787 0.4491131 0.7673863 0.4421827 0.7713665 0.4588906 0.6648787 0.4588906 0.6648787 0.4421827 0.7713665 0.452398 0.6642691 0.8540896 0.2321631 0.8591015 0.2366975 0.8157877 0.2321631 0.8157877 0.2321631 0.8591015 0.2366975 0.8116074 0.2366975 0.8539167 0.1187322 0.8589188 0.1167418 0.8540896 0.2321631 0.8540896 0.2321631 0.8589188 0.1167418 0.8591015 0.2366975 0.8647291 0.7262611 0.8712502 0.7281613 0.8554359 0.7385869 0.8554359 0.7385869 0.8712502 0.7281613 0.8599757 0.7431149 0.8647291 0.6224972 0.8712502 0.6205778 0.8647291 0.7262611 0.8647291 0.7262611 0.8712502 0.6205778 0.8712502 0.7281613 0.8554359 0.6094866 0.8599757 0.6047932 0.8647291 0.6224972 0.8647291 0.6224972 0.8599757 0.6047932 0.8712502 0.6205778 0.226837 0.738134 0.2260704 0.732899 0.2477034 0.7376155 0.2477034 0.7376155 0.2260704 0.732899 0.2488216 0.7323336 0.2260704 0.732899 0.226837 0.738134 0.2158492 0.7313738 0.2158492 0.7313738 0.226837 0.738134 0.2150827 0.7363801 0.6447101 0.3289675 0.6385616 0.3293631 0.6434073 0.3204356 0.6434073 0.3204356 0.6385616 0.3293631 0.6370634 0.3195514 0.6445345 0.2917189 0.6504296 0.2945144 0.6416837 0.2983773 0.6416837 0.2983773 0.6504296 0.2945144 0.6479316 0.3008743 0.6416837 0.2983773 0.6479316 0.3008743 0.6392594 0.3054742 0.6392594 0.3054742 0.6479316 0.3008743 0.645709 0.3075326 0.6392594 0.3054742 0.645709 0.3075326 0.6376209 0.3126398 0.6376209 0.3126398 0.645709 0.3075326 0.6441016 0.3141471 0.6376209 0.3126398 0.6441016 0.3141471 0.6370634 0.3195514 0.6370634 0.3195514 0.6441016 0.3141471 0.6435791 0.3177722 0.6370634 0.3195514 0.6435791 0.3177722 0.6434073 0.3204356 0.6548385 0.2824938 0.6504296 0.2945144 0.6445345 0.2917189 0.6445345 0.2917189 0.6468929 0.286036 0.6548385 0.2824938 0.6548385 0.2824938 0.6468929 0.286036 0.6486358 0.2805369 0.6548385 0.2824938 0.6486358 0.2805369 0.6569089 0.2682164 0.9591668 0.9243505 0.9636976 0.9249058 0.9591123 0.9370725 0.9591123 0.9370725 0.9636976 0.9249058 0.963639 0.938582 0.6489813 0.2552316 0.6552098 0.2552906 0.6505618 0.2672556 0.6505618 0.2672556 0.6552098 0.2552906 0.6569089 0.2682164 0.6505618 0.2672556 0.6569089 0.2682164 0.6504175 0.270372 0.6504175 0.270372 0.6569089 0.2682164 0.6486358 0.2805369 0.9636976 0.9249058 0.9591668 0.9243505 0.9592687 0.8987597 0.9636976 0.9249058 0.9592687 0.8987597 0.9637952 0.9004117 0.8116074 0.2508248 0.8071611 0.2552316 0.7911908 0.2427757 0.8116074 0.2508248 0.7911908 0.2427757 0.7963216 0.2389027 0.7963216 0.2389027 0.7911908 0.2427757 0.7776566 0.2250708 0.7963216 0.2389027 0.7776566 0.2250708 0.7833675 0.2219566 0.7833675 0.2219566 0.7776566 0.2250708 0.7673671 0.2031745 0.7833675 0.2219566 0.7673671 0.2031745 0.7735189 0.2009987 0.7735189 0.2009987 0.7673671 0.2031745 0.7609367 0.1783947 0.7735189 0.2009987 0.7609367 0.1783947 0.7673641 0.177281 0.7673641 0.177281 0.7609367 0.1783947 0.7587497 0.1522119 0.7673641 0.177281 0.7587497 0.1522119 0.7652708 0.1522202 0.7652708 0.1522202 0.7587497 0.1522119 0.7609367 0.1261897 0.7652708 0.1522202 0.7609367 0.1261897 0.7673641 0.1273133 0.7673641 0.1273133 0.7609367 0.1261897 0.767367 0.1018829 0.7673641 0.1273133 0.767367 0.1018829 0.7735189 0.1040482 0.7735189 0.1040482 0.767367 0.1018829 0.7776566 0.08074331 0.7735189 0.1040482 0.7776566 0.08074331 0.7833675 0.08381456 0.7833675 0.08381456 0.7776566 0.08074331 0.7911908 0.06403362 0.7833675 0.08381456 0.7911908 0.06403362 0.7963216 0.06782108 0.7963216 0.06782108 0.7911908 0.06403362 0.8071612 0.05275213 0.7963216 0.06782108 0.8071612 0.05275213 0.8116074 0.05702304 0.6369605 0.2849439 0.6323955 0.2863422 0.6324495 0.2604779 0.6369605 0.2849439 0.6324495 0.2604779 0.6370123 0.2601882 0.6325039 0.182956 0.6370634 0.1872715 0.6324495 0.2604779 0.6324495 0.2604779 0.6370634 0.1872715 0.6370123 0.2601882 0.1373702 0.2294297 0.1308491 0.2296148 0.1302469 0 0.1302469 0 0.1308491 0.2296148 0.1238682 0.004770517 0.1393297 0.2429748 0.1330046 0.2445144 0.1373702 0.2294297 0.1373702 0.2294297 0.1330046 0.2445144 0.1308491 0.2296148 0.830524 0.5158246 0.8259358 0.5113819 0.8261054 0.5099587 0.1330046 0.2445144 0.1393297 0.2429748 0.1348946 0.2506099 0.1348946 0.2506099 0.1393297 0.2429748 0.1409606 0.2493829 0.1348946 0.2506099 0.1409606 0.2493829 0.1366723 0.255901 0.1366723 0.255901 0.1409606 0.2493829 0.1422893 0.2549562 0.8600559 0.532684 0.8563377 0.5368913 0.8550228 0.529971 0.8550228 0.529971 0.8563377 0.5368913 0.8517214 0.5337698 0.8550228 0.529971 0.8517214 0.5337698 0.8495483 0.5266292 0.8495483 0.5266292 0.8517214 0.5337698 0.8467115 0.5299267 0.8495483 0.5266292 0.8467115 0.5299267 0.843798 0.5228495 0.843798 0.5228495 0.8467115 0.5299267 0.8414583 0.5255811 0.843798 0.5228495 0.8414583 0.5255811 0.8378279 0.5187184 0.8378279 0.5187184 0.8414583 0.5255811 0.8360118 0.5208325 0.8378279 0.5187184 0.8360118 0.5208325 0.8329557 0.5152098 0.8329557 0.5152098 0.8360118 0.5208325 0.830524 0.5158246 0.8329557 0.5152098 0.830524 0.5158246 0.8318052 0.5143609 0.8318052 0.5143609 0.830524 0.5158246 0.8261054 0.5099587 0.821434 0.5220152 0.8212438 0.5136709 0.8259358 0.5113819 0.8259358 0.5113819 0.8212438 0.5136709 0.8261054 0.5099587 0.8261054 0.5099587 0.8212438 0.5136709 0.8211964 0.5045971 0.8261054 0.5099587 0.8211964 0.5045971 0.8260915 0.5045636 0.7061891 0.7862578 0.615355 0.7840004 0.7068791 0.7809565 0.7068791 0.7809565 0.615355 0.7840004 0.6003586 0.7795997 0.7068791 0.7809565 0.6003586 0.7795997 0.5852131 0.7779328 0.8212597 0.483438 0.8261606 0.4814934 0.8211964 0.5045971 0.8211964 0.5045971 0.8261606 0.4814934 0.8260915 0.5045636 0.7061891 0.7862578 0.7068791 0.7809565 0.7206403 0.7816738 0.7061891 0.7862578 0.7206403 0.7816738 0.7185741 0.7869035 0.4956761 0.4225211 0.5001953 0.4215767 0.5009405 0.4359944 0.4956761 0.4225211 0.5009405 0.4359944 0.4963468 0.4354969 0.4963468 0.4354969 0.5009405 0.4359944 0.4971939 0.4499366 0.4963468 0.4354969 0.4971939 0.4499366 0.4929749 0.448045 0.4929749 0.448045 0.4971939 0.4499366 0.4893224 0.4620388 0.4929749 0.448045 0.4893224 0.4620388 0.4858905 0.4589369 0.7323871 0.6302911 0.7370778 0.6292597 0.7370947 0.6436629 0.7323871 0.6302911 0.7370947 0.6436629 0.7324023 0.643254 0.1219872 0.2843163 0.1154072 0.2826021 0.1303631 0.2724334 0.1303631 0.2724334 0.1154072 0.2826021 0.1255688 0.2681857 0.7370713 0.6589835 0.7323789 0.6585747 0.7370947 0.6436629 0.7370947 0.6436629 0.7323789 0.6585747 0.7324023 0.643254 0.1251912 0.3875104 0.1187291 0.3895948 0.1219872 0.2843163 0.1219872 0.2843163 0.1187291 0.3895948 0.1154072 0.2826021 0.7376958 0.848035 0.732379 0.847477 0.7380849 0.8367322 0.7380849 0.8367322 0.732379 0.847477 0.7328264 0.8344786 0.4496303 0.5094427 0.44505 0.5100299 0.4504238 0.497466 0.4504238 0.497466 0.44505 0.5100299 0.4459626 0.4962567 0.4504238 0.497466 0.4459626 0.4962567 0.4557403 0.4867048 0.4557403 0.4867048 0.4459626 0.4962567 0.4520766 0.4838813 0.7370934 0.670917 0.7324043 0.6722981 0.7370713 0.6589835 0.7370713 0.6589835 0.7324043 0.6722981 0.7323789 0.6585747 0.1343494 0.4008247 0.1298397 0.4057478 0.1251912 0.3875104 0.1251912 0.3875104 0.1298397 0.4057478 0.1187291 0.3895948 0.7376958 0.9545257 0.732379 0.9494037 0.7376958 0.848035 0.7376958 0.848035 0.732379 0.9494037 0.732379 0.847477 0.8158229 0.2552316 0.8116284 0.2505385 0.9414528 0.2552316 0.9414528 0.2552316 0.8116284 0.2505385 0.9418545 0.2505385 0.946042 0.2506179 0.9418545 0.2505385 0.945841 0.1187322 0.945841 0.1187322 0.9418545 0.2505385 0.9416506 0.1167418 0.04749417 0.7209322 0.04248905 0.7256176 0 0.7208598 0 0.7208598 0.04248905 0.7256176 0.004187345 0.7255592 0.8309673 0.9210916 0.8362842 0.9216496 0.8309673 0.9469535 0.8309673 0.9469535 0.8362842 0.9216496 0.8362842 0.9520756 0.8758643 0.6123729 0.8758774 0.6169889 0.8712503 0.6169877 0.04749417 0.840888 0.04248905 0.8390487 0.04749417 0.7209322 0.04749417 0.7209322 0.04248905 0.8390487 0.04248905 0.7256176 0.4278495 0.7809776 0.4277702 0.7759726 0.4396603 0.7811671 0.4396603 0.7811671 0.4277702 0.7759726 0.4413526 0.7761905 0.8122411 0.8934471 0.814749 0.8898585 0.8220825 0.899798 0.8220825 0.899798 0.814749 0.8898585 0.8260666 0.8971621 0.8220825 0.899798 0.8260666 0.8971621 0.8286582 0.9095054 0.8286582 0.9095054 0.8260666 0.8971621 0.8336287 0.9083256 0.8286582 0.9095054 0.8336287 0.9083256 0.8309673 0.9210916 0.8309673 0.9210916 0.8336287 0.9083256 0.8362842 0.9216496 0.9020123 0.6123713 0.9020254 0.6169872 0.8758643 0.6123729 0.8758643 0.6123729 0.9020254 0.6169872 0.8758774 0.6169889 0.2611216 0.8579232 0.2664268 0.8565452 0.2764161 0.8726281 0.2764161 0.8726281 0.2664268 0.8565452 0.2790335 0.8686659 0.4124706 0.781001 0.4123913 0.775996 0.4278495 0.7809776 0.4278495 0.7809776 0.4123913 0.775996 0.4277702 0.7759726 0.9020254 0.6169872 0.9020123 0.6123713 0.9138041 0.6169872 0.9138041 0.6169872 0.9020123 0.6123713 0.9155578 0.6123713 0.9138041 0.6169872 0.9155578 0.6123713 0.9238025 0.6169889 0.9238025 0.6169889 0.9155578 0.6123713 0.927056 0.6123732 0.4497535 0.9073725 0.4529598 0.9116747 0.4396603 0.9067969 0.4396603 0.9067969 0.4529598 0.9116747 0.4413526 0.9110128 0.4396603 0.9067969 0.4413526 0.9110128 0.4278495 0.9066075 0.4278495 0.9066075 0.4413526 0.9110128 0.4277702 0.9107949 0.2602055 0.7514364 0.2655432 0.7538391 0.2611216 0.8579232 0.2611216 0.8579232 0.2655432 0.7538391 0.2664268 0.8565452 0.893632 0.2887308 0.8873196 0.2903676 0.8923743 0.2769729 0.8923743 0.2769729 0.8873196 0.2903676 0.8858733 0.276846 0.8923743 0.2769729 0.8858733 0.276846 0.894664 0.2662708 0.894664 0.2662708 0.8858733 0.276846 0.8885064 0.2645387 0.894664 0.2662708 0.8885064 0.2645387 0.9001524 0.2582539 0.9001524 0.2582539 0.8885064 0.2645387 0.894818 0.2553191 0.4007403 0.7812264 0.3989015 0.7762552 0.4124706 0.781001 0.4124706 0.781001 0.3989015 0.7762552 0.4123913 0.775996 0.4123913 0.9108183 0.4124706 0.9066309 0.4277702 0.9107949 0.4277702 0.9107949 0.4124706 0.9066309 0.4278495 0.9066075 0.2752382 0.7357166 0.2779341 0.7408819 0.2602055 0.7514364 0.2602055 0.7514364 0.2779341 0.7408819 0.2655432 0.7538391 0.9001524 0.3140316 0.8949906 0.3201332 0.893632 0.2887308 0.893632 0.2887308 0.8949906 0.3201332 0.8873196 0.2903676 0.2555751 0.3550284 0.258763 0.3499974 0.2637879 0.3580198 0.2637879 0.3580198 0.258763 0.3499974 0.2682077 0.3534376 0.2637879 0.3580198 0.2682077 0.3534376 0.2708948 0.3652098 0.2708948 0.3652098 0.2682077 0.3534376 0.2763807 0.3617061 0.2708948 0.3652098 0.2763807 0.3617061 0.275814 0.3755037 0.275814 0.3755037 0.2763807 0.3617061 0.2820377 0.373544 0.275814 0.3755037 0.2820377 0.373544 0.2777965 0.3873342 0.2777965 0.3873342 0.2820377 0.373544 0.2843176 0.3871492 0.2979837 0.7349555 0.2987953 0.7401838 0.2752382 0.7357166 0.2752382 0.7357166 0.2987953 0.7401838 0.2779341 0.7408819 0.129817 0.7026822 0.1302259 0.7072172 0.004187285 0.7024908 0.004187285 0.7024908 0.1302259 0.7072172 0 0.7070188 0.2851243 0.4131331 0.2786033 0.4133182 0.2843176 0.3871492 0.2843176 0.3871492 0.2786033 0.4133182 0.2777965 0.3873342 0.3171664 0.7274032 0.3208554 0.7314987 0.308187 0.7328344 0.308187 0.7328344 0.3208554 0.7314987 0.3105291 0.7377446 0.308187 0.7328344 0.3105291 0.7377446 0.2979837 0.7349555 0.2979837 0.7349555 0.3105291 0.7377446 0.2987953 0.7401838 0.2851243 0.4131331 0.2819364 0.4181641 0.2786033 0.4133182 0.3290396 0.7043681 0.3343082 0.7067077 0.3279387 0.7103802 0.3279387 0.7103802 0.3343082 0.7067077 0.3331427 0.7131984 0.3279387 0.7103802 0.3331427 0.7131984 0.3255707 0.7165253 0.3255707 0.7165253 0.3331427 0.7131984 0.3304837 0.7198155 0.3255707 0.7165253 0.3304837 0.7198155 0.3219313 0.7223529 0.3219313 0.7223529 0.3304837 0.7198155 0.3263293 0.7260783 0.3219313 0.7223529 0.3263293 0.7260783 0.3193601 0.7253309 0.3193601 0.7253309 0.3263293 0.7260783 0.3208554 0.7314987 0.3193601 0.7253309 0.3208554 0.7314987 0.3171664 0.7274032 0.1344133 0.8391887 0.1302259 0.8410141 0.1344133 0.7073029 0.1344133 0.7073029 0.1302259 0.8410141 0.1302259 0.7072172 0.2740835 0.6726475 0.2697807 0.67097 0.2768063 0.6665992 0.2768063 0.6665992 0.2697807 0.67097 0.2761903 0.6585122 0.3145586 0.6308882 0.3157373 0.635362 0.3014696 0.6358841 0.3014696 0.6358841 0.3157373 0.635362 0.3035615 0.6400094 0.3014696 0.6358841 0.3035615 0.6400094 0.2873543 0.6455497 0.3035615 0.6400094 0.290431 0.6490006 0.2873543 0.6455497 0.2873543 0.6455497 0.290431 0.6490006 0.2876491 0.6516518 0.2873543 0.6455497 0.2876491 0.6516518 0.2761903 0.6585122 0.2761903 0.6585122 0.2876491 0.6516518 0.2800459 0.6610589 0.2761903 0.6585122 0.2800459 0.6610589 0.2768063 0.6665992 4.37014e-6 0.9624248 0.004620313 0.9643234 0 0.975138 0 0.975138 0.004620313 0.9643234 0.004615008 0.9797471 0.3909282 0.2601882 0.3955936 0.2604779 0.3955395 0.2863422 0.3909282 0.2601882 0.3955395 0.2863422 0.3908765 0.284944 0.3074607 0.4300183 0.3083217 0.425498 0.3333792 0.433535 0.3074607 0.4300183 0.3333792 0.433535 0.3314444 0.4377109 0.3314444 0.4377109 0.3333792 0.433535 0.3557388 0.4474104 0.3314444 0.4377109 0.3557388 0.4474104 0.3528457 0.4509916 0.5038622 0.847559 0.5009405 0.8424205 0.5231922 0.8401122 0.5038622 0.847559 0.5231922 0.8401122 0.5251602 0.8453496 0.5251602 0.8453496 0.5231922 0.8401122 0.5481869 0.8387597 0.5251602 0.8453496 0.5481869 0.8387597 0.5490837 0.8440552 0.5490837 0.8440552 0.5481869 0.8387597 0.5744316 0.8384439 0.5490837 0.8440552 0.5744316 0.8384439 0.5742036 0.8437529 0.5742036 0.8437529 0.5744316 0.8384439 0.6003586 0.8391838 0.5742036 0.8437529 0.6003586 0.8391838 0.5990194 0.844461 0.5990194 0.844461 0.6003586 0.8391838 0.624419 0.8409349 0.5990194 0.844461 0.624419 0.8409349 0.6220487 0.8461372 0.3856334 0.5648679 0.3899946 0.5663856 0.3784368 0.5900264 0.3856334 0.5648679 0.3784368 0.5900264 0.374571 0.5874955 0.374571 0.5874955 0.3784368 0.5900264 0.3614895 0.6101576 0.374571 0.5874955 0.3614895 0.6101576 0.35835 0.6067639 0.35835 0.6067639 0.3614895 0.6101576 0.3401651 0.6255764 0.35835 0.6067639 0.3401651 0.6255764 0.3379395 0.621522 0.3379395 0.621522 0.3401651 0.6255764 0.3157373 0.635362 0.3379395 0.621522 0.3157373 0.635362 0.3145586 0.6308882 4.26789e-6 0.8585794 0.004620194 0.8566553 4.37014e-6 0.9624248 4.37014e-6 0.9624248 0.004620194 0.8566553 0.004620313 0.9643234 0.3909793 0.1872715 0.395648 0.182956 0.3909282 0.2601882 0.3909282 0.2601882 0.395648 0.182956 0.3955936 0.2604779 0.8218861 0.4489002 0.8267964 0.4507226 0.8211965 0.4617248 0.8211965 0.4617248 0.8267964 0.4507226 0.8259597 0.4662814 0.2223102 0.6584405 0.2177025 0.6587169 0.2093859 0.4325464 0.2093859 0.4325464 0.2177025 0.6587169 0.2045146 0.428216 0.8217107 0.4277417 0.8266051 0.427653 0.8218861 0.4489002 0.8218861 0.4489002 0.8266051 0.427653 0.8267964 0.4507226 0.2177025 0.6587169 0.2223102 0.6584405 0.2163729 0.6726525 0.2163729 0.6726525 0.2223102 0.6584405 0.2208476 0.6737697 0.8266051 0.427653 0.8217107 0.4277417 0.8265902 0.4222474 0.8265902 0.4222474 0.8217107 0.4277417 0.8217098 0.4186414 0.8265902 0.4222474 0.8217098 0.4186414 0.826413 0.4208223 0.826413 0.4208223 0.8217098 0.4186414 0.8218551 0.41022 0.8326777 0.4174883 0.8265902 0.4222474 0.826413 0.4208223 0.8492916 0.4057175 0.8449355 0.4086645 0.8390612 0.4089034 0.8390612 0.4089034 0.8449355 0.4086645 0.8382657 0.4133758 0.8390612 0.4089034 0.8382657 0.4133758 0.8332567 0.4141935 0.8332567 0.4141935 0.8382657 0.4133758 0.8326777 0.4174883 0.8332567 0.4141935 0.8326777 0.4174883 0.8309775 0.416338 0.8309775 0.416338 0.8326777 0.4174883 0.826413 0.4208223 0.2163729 0.6726525 0.2208476 0.6737697 0.2157403 0.6749128 0.2157403 0.6749128 0.2208476 0.6737697 0.2182213 0.6803932 0.2157403 0.6749128 0.2182213 0.6803932 0.2140357 0.6795536 0.2140357 0.6795536 0.2182213 0.6803932 0.2116298 0.6843596 0.8390612 0.4089034 0.8467971 0.4022332 0.8492916 0.4057175 0.8492916 0.4057175 0.8467971 0.4022332 0.8470888 0.4019922 0.8492916 0.4057175 0.8470888 0.4019922 0.8549956 0.4020773 0.8549956 0.4020773 0.8470888 0.4019922 0.8502006 0.3994823 0.8549956 0.4020773 0.8502006 0.3994823 0.8604169 0.398988 0.8604169 0.398988 0.8502006 0.3994823 0.8566763 0.3947769 0.8604169 0.398988 0.8566763 0.3947769 0.8617347 0.3983251 0.8617347 0.3983251 0.8566763 0.3947769 0.8577252 0.3941166 0.8617347 0.3983251 0.8577252 0.3941166 0.8625855 0.3979233 0.2164096 0.6836495 0.2116298 0.6843596 0.2182213 0.6803932 0.4588905 0.6359276 0.4631572 0.6315904 0.4718931 0.6440939 0.4718931 0.6440939 0.4631572 0.6315904 0.4769724 0.6402671 0.4718931 0.6440939 0.4769724 0.6402671 0.482696 0.6573821 0.482696 0.6573821 0.4769724 0.6402671 0.4884505 0.6543859 0.482696 0.6573821 0.4884505 0.6543859 0.4904241 0.6747158 0.4904241 0.6747158 0.4884505 0.6543859 0.4966616 0.6728029 0.4904241 0.6747158 0.4966616 0.6728029 0.4944513 0.6946905 0.4944513 0.6946905 0.4966616 0.6728029 0.5009405 0.6940259 0.4944513 0.6946905 0.5009405 0.6940259 0.4944513 0.715688 0.4944513 0.715688 0.5009405 0.6940259 0.5009405 0.7163359 0.4944513 0.715688 0.5009405 0.7163359 0.4904241 0.7360073 0.4904241 0.7360073 0.5009405 0.7163359 0.4966616 0.7379252 0.4904241 0.7360073 0.4966616 0.7379252 0.4826961 0.7540023 0.4826961 0.7540023 0.4966616 0.7379252 0.4884505 0.7570449 0.4826961 0.7540023 0.4884505 0.7570449 0.4718931 0.7682151 0.4718931 0.7682151 0.4884505 0.7570449 0.4769724 0.7721459 0.4718931 0.7682151 0.4769724 0.7721459 0.4588905 0.7774941 0.4588905 0.7774941 0.4769724 0.7721459 0.4631572 0.7820049 0.5309177 0.8521829 0.5293422 0.8476171 0.5514891 0.8522307 0.5514891 0.8522307 0.5293422 0.8476171 0.5511994 0.8476679 0.5514891 0.8522307 0.5511994 0.8476679 0.5724361 0.852212 0.5724361 0.852212 0.5511994 0.8476679 0.5734556 0.847648 0.5724361 0.852212 0.5734556 0.847648 0.5920616 0.8521282 0.5920616 0.8521282 0.5734556 0.847648 0.5943077 0.8475591 0.2097217 0.1679451 0.2048501 0.171783 0.1978353 0.1558037 0.1978353 0.1558037 0.2048501 0.171783 0.1922208 0.1588828 0.1978353 0.1558037 0.1922208 0.1588828 0.1890903 0.1393336 0.1890903 0.1393336 0.1922208 0.1588828 0.1829293 0.1413833 0.1890903 0.1393336 0.1829293 0.1413833 0.1841954 0.1198689 0.1841954 0.1198689 0.1829293 0.1413833 0.1777285 0.1207021 0.1841954 0.1198689 0.1777285 0.1207021 0.1835471 0.09898668 0.1835471 0.09898668 0.1777285 0.1207021 0.1770396 0.09851467 0.1835471 0.09898668 0.1770396 0.09851467 0.1871978 0.07837855 0.1871978 0.07837855 0.1770396 0.09851467 0.1809185 0.07661855 0.1871978 0.07837855 0.1809185 0.07661855 0.1948519 0.05971413 0.1948519 0.05971413 0.1809185 0.07661855 0.189051 0.05678761 0.1948519 0.05971413 0.189051 0.05678761 0.2058892 0.04450553 0.2058892 0.04450553 0.189051 0.05678761 0.2007781 0.04062843 0.2058892 0.04450553 0.2007781 0.04062843 0.2194156 0.03398478 0.2194156 0.03398478 0.2007781 0.04062843 0.2151498 0.02945017 0.6540901 0.8520992 0.6524029 0.847559 0.6745435 0.8521818 0.6745435 0.8521818 0.6524029 0.847559 0.6741346 0.8476468 0.6745435 0.8521818 0.6741346 0.8476468 0.695527 0.8521623 0.695527 0.8521623 0.6741346 0.8476468 0.6964296 0.8476262 0.5846128 0.5064395 0.5833144 0.5108541 0.5654976 0.4977099 0.5654976 0.4977099 0.5833144 0.5108541 0.5630045 0.5015789 0.5654976 0.4977099 0.5630045 0.5015789 0.5496162 0.4839485 0.5496162 0.4839485 0.5630045 0.5015789 0.5461305 0.4869576 0.2442239 0.9828343 0.2466902 0.9880269 0.2250455 0.9842458 0.2250455 0.9842458 0.2466902 0.9880269 0.2263131 0.9895266 0.2250455 0.9842458 0.2263131 0.9895266 0.2042239 0.9847123 0.2042239 0.9847123 0.2263131 0.9895266 0.2041903 0.9900222 0.2042239 0.9847123 0.2041903 0.9900222 0.1834461 0.984196 0.1834461 0.984196 0.2041903 0.9900222 0.1821138 0.9894735 0.1834461 0.984196 0.1821138 0.9894735 0.1643952 0.9827386 0.1643952 0.9827386 0.1821138 0.9894735 0.1618722 0.9879251 0.5382551 0.4049306 0.5340593 0.403001 0.5496162 0.3872525 0.5496162 0.3872525 0.5340593 0.403001 0.5461305 0.3842179 0.5496162 0.3872525 0.5461305 0.3842179 0.5654976 0.3734912 0.5654976 0.3734912 0.5461305 0.3842179 0.5630045 0.3695966 0.5654976 0.3734912 0.5630045 0.3695966 0.5846128 0.3647617 0.5846128 0.3647617 0.5630045 0.3695966 0.5833144 0.3603214 0.695527 0.9659666 0.6964296 0.9706578 0.6745435 0.965986 0.6745435 0.965986 0.6964296 0.9706578 0.6741346 0.9706784 0.605413 0.3617711 0.6054146 0.3571439 0.6262133 0.3647617 0.6262133 0.3647617 0.6054146 0.3571439 0.6275149 0.3603215 0.6262133 0.3647617 0.6275149 0.3603215 0.6453284 0.3734912 0.6453284 0.3734912 0.6275149 0.3603215 0.6478247 0.3695967 0.6453284 0.3734912 0.6478247 0.3695967 0.6612099 0.3872526 0.6612099 0.3872526 0.6478247 0.3695967 0.6646988 0.384218 0.6612099 0.3872526 0.6646988 0.384218 0.672571 0.4049307 0.672571 0.4049307 0.6646988 0.384218 0.6767699 0.4030011 0.672571 0.4049307 0.6767699 0.4030011 0.6784913 0.4250936 0.6784913 0.4250936 0.6767699 0.4030011 0.6830603 0.4244241 0.6784913 0.4250936 0.6830603 0.4244241 0.6784913 0.4461076 0.6784913 0.4461076 0.6830603 0.4244241 0.6830603 0.4467516 0.6784913 0.4461076 0.6830603 0.4467516 0.672571 0.4662705 0.672571 0.4662705 0.6830603 0.4467516 0.6767699 0.4681746 0.672571 0.4662705 0.6767699 0.4681746 0.6612098 0.4839487 0.6612098 0.4839487 0.6767699 0.4681746 0.6646987 0.4869577 0.6612098 0.4839487 0.6646987 0.4869577 0.6453284 0.4977099 0.6453284 0.4977099 0.6646987 0.4869577 0.6478247 0.501579 0.6453284 0.4977099 0.6478247 0.501579 0.6262133 0.5064395 0.6262133 0.5064395 0.6478247 0.501579 0.6275149 0.5108541 0.5724361 0.9660258 0.5734556 0.9706901 0.5514891 0.9660446 0.5514891 0.9660446 0.5734556 0.9706901 0.5511994 0.97071 0.5514891 0.9660446 0.5511994 0.97071 0.5309177 0.9659967 0.5309177 0.9659967 0.5511994 0.97071 0.5293422 0.9706591 0.27367 0.583104 0.2724243 0.587534 0.2576279 0.5755735 0.2576279 0.5755735 0.2724243 0.587534 0.2550072 0.579358 0.2576279 0.5755735 0.2550072 0.579358 0.2449002 0.5632421 0.2449002 0.5632421 0.2550072 0.579358 0.2411885 0.5659697 0.7536336 0.5663812 0.7556886 0.5715702 0.7365484 0.5675889 0.7365484 0.5675889 0.7556886 0.5715702 0.7371389 0.5728814 0.7365484 0.5675889 0.7371389 0.5728814 0.718868 0.5678579 0.718868 0.5678579 0.7371389 0.5728814 0.717943 0.5731735 0.718868 0.5678579 0.717943 0.5731735 0.7025083 0.567159 0.7025083 0.567159 0.717943 0.5731735 0.7001811 0.5724147 0.2377583 0.512498 0.2334344 0.5108759 0.2465878 0.4971326 0.2465878 0.4971326 0.2334344 0.5108759 0.2430208 0.4941936 0.2465878 0.4971326 0.2430208 0.4941936 0.2599282 0.4854668 0.2599282 0.4854668 0.2430208 0.4941936 0.2575046 0.4815278 0.2599282 0.4854668 0.2575046 0.4815278 0.2763336 0.4787645 0.2763336 0.4787645 0.2575046 0.4815278 0.2753161 0.4742512 0.1318299 0.6669098 0.1321903 0.6716017 0.1229389 0.6669224 0.1229389 0.6669224 0.1321903 0.6716017 0.1225372 0.6716154 0.1229389 0.6669224 0.1225372 0.6716154 0.114178 0.6669098 0.114178 0.6669098 0.1225372 0.6716154 0.1130253 0.6716017 0.2940263 0.4777523 0.2945254 0.4731521 0.311089 0.4825397 0.311089 0.4825397 0.2945254 0.4731521 0.3130507 0.4783499 0.311089 0.4825397 0.3130507 0.4783499 0.3256728 0.492608 0.3256728 0.492608 0.3130507 0.4783499 0.3288845 0.4892811 0.3256728 0.492608 0.3288845 0.4892811 0.3361972 0.506866 0.3361972 0.506866 0.3288845 0.4892811 0.340311 0.5047612 0.3361972 0.506866 0.340311 0.5047612 0.3415218 0.5237687 0.3415218 0.5237687 0.340311 0.5047612 0.346092 0.5231128 0.3415218 0.5237687 0.346092 0.5231128 0.3410696 0.5414845 0.3410696 0.5414845 0.346092 0.5231128 0.345601 0.5423471 0.3410696 0.5414845 0.345601 0.5423471 0.3348895 0.5580936 0.3348895 0.5580936 0.345601 0.5423471 0.3388912 0.5603798 0.3348895 0.5580936 0.3388912 0.5603798 0.3236513 0.5717961 0.3236513 0.5717961 0.3388912 0.5603798 0.3266897 0.5752568 0.3236513 0.5717961 0.3266897 0.5752568 0.3085728 0.5811071 0.3085728 0.5811071 0.3266897 0.5752568 0.3103188 0.5853659 0.7298678 0.250546 0.7310891 0.2552096 0.7122392 0.2505662 0.7122392 0.2505662 0.7310891 0.2552096 0.7119495 0.2552316 0.7122392 0.2505662 0.7119495 0.2552316 0.6949769 0.2505215 0.6949769 0.2505215 0.7119495 0.2552316 0.6932076 0.2551831 0.1035392 0.425498 0.1221622 0.4255524 0.1138171 0.4300742 0.06947618 0.06258261 0.06332302 0.06558388 0.05891615 0.06113111 0.05891615 0.06113111 0.06332302 0.06558388 0.05755674 0.06991934 0.05891615 0.06113111 0.05755674 0.06991934 0.0469861 0.07186532 0.05755674 0.06991934 0.05233478 0.07547062 0.0469861 0.07186532 0.0469861 0.07186532 0.05233478 0.07547062 0.04779952 0.08208638 0.0469861 0.07186532 0.04779952 0.08208638 0.03801792 0.08719068 0.04779952 0.08208638 0.04407459 0.08958607 0.03801792 0.08719068 0.03801792 0.08719068 0.04407459 0.08958607 0.04126179 0.09776526 0.03801792 0.08719068 0.04126179 0.09776526 0.03298354 0.1054465 0.04126179 0.09776526 0.03943765 0.1064007 0.03298354 0.1054465 0.03298354 0.1054465 0.03943765 0.1064007 0.03865206 0.1152569 0.03298354 0.1054465 0.03865206 0.1152569 0.03242838 0.1246545 0.03242838 0.1246545 0.03865206 0.1152569 0.03892636 0.1240923 0.03242838 0.1246545 0.03892636 0.1240923 0.03641271 0.1427333 0.03892636 0.1240923 0.0402531 0.1326659 0.03641271 0.1427333 0.03641271 0.1427333 0.0402531 0.1326659 0.04259616 0.1407437 0.03641271 0.1427333 0.04259616 0.1407437 0.04450476 0.1577236 0.04259616 0.1407437 0.04589152 0.1481056 0.04450476 0.1577236 0.04450476 0.1577236 0.04589152 0.1481056 0.05004936 0.1545506 0.04450476 0.1577236 0.05004936 0.1545506 0.05582761 0.168001 0.05004936 0.1545506 0.05495619 0.1599029 0.05582761 0.168001 0.05582761 0.168001 0.05495619 0.1599029 0.06047827 0.1640166 0.7401554 0.009088635 0.7382183 0.01365602 0.7216009 0.009145438 0.7382183 0.01365602 0.7298678 0.01369005 0.7216009 0.009145438 0.7216009 0.009145438 0.7298678 0.01369005 0.7211287 0.01370829 0.7216009 0.009145438 0.7211287 0.01370829 0.7023983 0.009131908 0.7211287 0.01370829 0.7122392 0.01371026 0.7023983 0.009131908 0.7023983 0.009131908 0.7122392 0.01371026 0.703442 0.01369589 0.1755313 0.4563153 0.170416 0.4595805 0.170416 0.443165 0.703442 0.01369589 0.6949769 0.01366561 0.6846283 0.009049713 0.1865124 0.6910589 0.1760966 0.6913346 0.1814126 0.6872237 0.1865124 0.6910589 0.1814126 0.6872237 0.196136 0.6782475 0.1814126 0.6872237 0.1861826 0.6818714 0.196136 0.6782475 0.196136 0.6782475 0.1861826 0.6818714 0.1902765 0.6754237 0.196136 0.6782475 0.1902765 0.6754237 0.2023617 0.66147 0.1902765 0.6754237 0.1935825 0.6680565 0.2023617 0.66147 0.2023617 0.66147 0.1935825 0.6680565 0.1960106 0.6599707 0.2023617 0.66147 0.1960106 0.6599707 0.2045146 0.6425445 0.1960106 0.6599707 0.1974945 0.651387 0.2045146 0.6425445 0.2045146 0.6425445 0.1974945 0.651387 0.1979936 0.6425393 0.2045146 0.6425445 0.1979936 0.6425393 0.2023617 0.6235219 0.2023617 0.6235219 0.1979936 0.6425393 0.1974945 0.6336692 0.1974945 0.6336692 0.1960106 0.6250185 0.2023617 0.6235219 0.2023617 0.6235219 0.1960106 0.6250185 0.1935825 0.6168232 0.2023617 0.6235219 0.1935825 0.6168232 0.196136 0.6064635 0.1935825 0.6168232 0.1902765 0.6093068 0.196136 0.6064635 0.196136 0.6064635 0.1902765 0.6093068 0.1861826 0.6026744 0.196136 0.6064635 0.1861826 0.6026744 0.1865124 0.5932179 0.1861826 0.6026744 0.1814126 0.5971069 0.1865124 0.5932179 0.1865124 0.5932179 0.1814126 0.5971069 0.1760966 0.5927562 0.1755313 0.4431651 0.170989 0.4327858 0.1755313 0.425498 0.1713293 0.5732289 0.1713293 0.5667654 0.1772656 0.568331 0.1413464 0.425498 0.1402477 0.4300367 0.1314691 0.4300742 0.1413464 0.425498 0.1314691 0.4300742 0.1221622 0.4255524 0.1221622 0.4255524 0.1314691 0.4300742 0.122578 0.4300868 0.1221622 0.4255524 0.122578 0.4300868 0.1138171 0.4300742 0.4525601 0.1020743 0.4572255 0.102364 0.4525036 0.1826663 0.4525036 0.1826663 0.4572255 0.102364 0.4571689 0.182956 0.594438 0.5376788 0.5938072 0.5422629 0.5697627 0.5360628 0.594438 0.5376788 0.5697627 0.5360628 0.571424 0.5317445 0.571424 0.5317445 0.5697627 0.5360628 0.547778 0.5245195 0.571424 0.5317445 0.547778 0.5245195 0.5503815 0.5206959 0.5503815 0.5206959 0.547778 0.5245195 0.5290224 0.5082467 0.5503815 0.5206959 0.5290224 0.5082467 0.5324297 0.5051205 0.5324297 0.5051205 0.5290224 0.5082467 0.5144934 0.48811 0.5324297 0.5051205 0.5144934 0.48811 0.5185234 0.4858469 0.5185234 0.4858469 0.5144934 0.48811 0.5049639 0.4651805 0.5185234 0.4858469 0.5049639 0.4651805 0.5094023 0.4639 0.5094023 0.4639 0.5049639 0.4651805 0.5009406 0.4406778 0.5094023 0.4639 0.5009406 0.4406778 0.5055514 0.4404474 0.5055514 0.4404474 0.5009406 0.4406778 0.5026376 0.4159049 0.5055514 0.4404474 0.5026376 0.4159049 0.5071757 0.4167363 0.5071757 0.4167363 0.5026376 0.4159049 0.5099646 0.3921796 0.5071757 0.4167363 0.5099646 0.3921796 0.5141887 0.3940278 0.5141887 0.3940278 0.5099646 0.3921796 0.5225319 0.3707638 0.5141887 0.3940278 0.5225319 0.3707638 0.5262174 0.3735298 0.5262174 0.3735298 0.5225319 0.3707638 0.539671 0.3527966 0.5262174 0.3735298 0.539671 0.3527966 0.542622 0.3563326 0.542622 0.3563326 0.539671 0.3527966 0.5604705 0.3392334 0.542622 0.3563326 0.5604705 0.3392334 0.5625301 0.3433507 0.5625301 0.3433507 0.5604705 0.3392334 0.5838239 0.3307958 0.5625301 0.3433507 0.5838239 0.3307958 0.5848826 0.3352746 0.4525461 0.07834053 0.4572109 0.07756751 0.4572255 0.102364 0.4525461 0.07834053 0.4572255 0.102364 0.4525601 0.1020743 0.5938072 0.5422629 0.594438 0.5376788 0.6107065 0.5471258 0.6107065 0.5471258 0.594438 0.5376788 0.6126047 0.5429065 0.6107065 0.5471258 0.6126047 0.5429065 0.6255397 0.5565706 0.6255397 0.5565706 0.6126047 0.5429065 0.6285505 0.5530597 0.6255397 0.5565706 0.6285505 0.5530597 0.6370953 0.5698257 0.6370953 0.5698257 0.6285505 0.5530597 0.6409727 0.567309 0.6370953 0.5698257 0.6409727 0.567309 0.6444292 0.5858083 0.6444292 0.5858083 0.6409727 0.567309 0.6488567 0.5844903 0.6444292 0.5858083 0.6488567 0.5844903 0.6469423 0.6032128 0.6469423 0.6032128 0.6488567 0.5844903 0.6515582 0.6032 0.6515582 0.6041589 0.6469423 0.6047933 0.6515582 0.6032 0.6515582 0.6032 0.6469423 0.6047933 0.6469423 0.6032128 0.5710394 0.102364 0.5756021 0.1020743 0.5709828 0.182956 0.5709828 0.182956 0.5756021 0.1020743 0.5755456 0.1826663 0.5756021 0.1020743 0.5710394 0.102364 0.5710248 0.07756751 0.5756021 0.1020743 0.5710248 0.07756751 0.5755881 0.07834053 0.5755881 0.07834053 0.5710248 0.07756751 0.5709472 0.05373036 0.5755881 0.07834053 0.5709472 0.05373036 0.5755139 0.055525 0.2615268 0.006310403 0.2660755 0.002268016 0.2815053 0.01373755 0.2615268 0.006310403 0.2815053 0.01373755 0.2762953 0.01728838 0.2762953 0.01728838 0.2815053 0.01373755 0.2944293 0.02993708 0.2762953 0.01728838 0.2944293 0.02993708 0.2886654 0.03279364 0.2886654 0.03279364 0.2944293 0.02993708 0.3041599 0.05000495 0.2886654 0.03279364 0.3041599 0.05000495 0.2979791 0.05200147 0.2979791 0.05200147 0.3041599 0.05000495 0.31018 0.07287389 0.2979791 0.05200147 0.31018 0.07287389 0.3037411 0.07389026 0.3037411 0.07389026 0.31018 0.07287389 0.312169 0.09732747 0.3037411 0.07389026 0.312169 0.09732747 0.3056449 0.09729588 0.3056449 0.09729588 0.312169 0.09732747 0.3100214 0.1220651 0.3056449 0.09729588 0.3100214 0.1220651 0.3035893 0.1209733 0.3035893 0.1209733 0.3100214 0.1220651 0.3038512 0.145771 0.3035893 0.1209733 0.3038512 0.145771 0.2976835 0.1436632 0.2976835 0.1436632 0.3038512 0.145771 0.2939867 0.1671844 0.2976835 0.1436632 0.2939867 0.1671844 0.2882418 0.1641589 0.2882418 0.1641589 0.2939867 0.1671844 0.2809525 0.1851662 0.2882418 0.1641589 0.2809525 0.1851662 0.2757663 0.1813701 0.2757663 0.1813701 0.2809525 0.1851662 0.265442 0.1987603 0.2757663 0.1813701 0.265442 0.1987603 0.2609205 0.1943815 0.2609205 0.1943815 0.265442 0.1987603 0.2482799 0.2072433 0.2609205 0.1943815 0.2482799 0.2072433 0.244494 0.202501 0.211812 0.2729421 0.205291 0.2731272 0.2130888 0.2554041 0.2130888 0.2554041 0.205291 0.2731272 0.2066634 0.2542739 0.2130888 0.2554041 0.2066634 0.2542739 0.2178887 0.2388135 0.2178887 0.2388135 0.2066634 0.2542739 0.2118233 0.236439 0.2178887 0.2388135 0.2118233 0.236439 0.2258195 0.2245256 0.2258195 0.2245256 0.2118233 0.236439 0.220349 0.2210795 0.2258195 0.2245256 0.220349 0.2210795 0.2362336 0.2137076 0.2362336 0.2137076 0.220349 0.2210795 0.2315441 0.2094502 0.2362336 0.2137076 0.2315441 0.2094502 0.2482799 0.2072433 0.2482799 0.2072433 0.2315441 0.2094502 0.244494 0.202501 0.2118608 0.2745126 0.2053205 0.27408 0.211812 0.2729421 0.211812 0.2729421 0.2053205 0.27408 0.205291 0.2731272 0.2348446 0.7695598 0.2435362 0.7844431 0.2381652 0.78457 0.2381652 0.78457 0.2305923 0.7719088 0.2348446 0.7695598 0.2348446 0.7695598 0.2305923 0.7719088 0.2293621 0.7705287 0.2348446 0.7695598 0.2293621 0.7705287 0.2215285 0.7586835 0.2293621 0.7705287 0.2184867 0.7620213 0.2215285 0.7586835 0.7248415 0.2641169 0.7297732 0.2664032 0.7296332 0.2689286 0.7248415 0.2641169 0.7296332 0.2689286 0.7241702 0.2807773 0.7296332 0.2689286 0.7291629 0.2815491 0.7241702 0.2807773 0.7241702 0.2807773 0.7291629 0.2815491 0.7290872 0.2853118 0.7241702 0.2807773 0.7290872 0.2853118 0.7240252 0.2984022 0.7290872 0.2853118 0.7290311 0.2975717 0.7240252 0.2984022 0.7240252 0.2984022 0.7290311 0.2975717 0.7290872 0.3021686 0.7240252 0.2984022 0.7290872 0.3021686 0.7244241 0.3148657 0.7290872 0.3021686 0.7293937 0.3125385 0.7244241 0.3148657 0.1188907 0.8566554 0.1225681 0.8616732 0.1184473 0.8637021 0.1188907 0.8566554 0.1184473 0.8637021 0.1065367 0.8647438 0.1184473 0.8637021 0.1113373 0.8690264 0.1065367 0.8647438 0.1065367 0.8647438 0.1113373 0.8690264 0.1072492 0.8733922 0.1065367 0.8647438 0.1072492 0.8733922 0.09647846 0.8776302 0.1072492 0.8733922 0.1021934 0.8807413 0.09647846 0.8776302 0.09647846 0.8776302 0.1021934 0.8807413 0.09894013 0.8873766 0.09647846 0.8776302 0.09894013 0.8873766 0.08992922 0.8937605 0.08992922 0.8937605 0.09894013 0.8873766 0.09623956 0.8954051 0.08992922 0.8937605 0.09623956 0.8954051 0.08767879 0.9111888 0.09623956 0.8954051 0.09464234 0.9037668 0.08767879 0.9111888 0.08767879 0.9111888 0.09464234 0.9037668 0.09419369 0.9112491 0.08767879 0.9111888 0.09419369 0.9112491 0.08999872 0.9278133 0.09419369 0.9112491 0.09493619 0.9203492 0.08999872 0.9278133 0.08999872 0.9278133 0.09493619 0.9203492 0.09630274 0.9263623 0.08999872 0.9278133 0.09630274 0.9263623 0.09660911 0.9416287 0.09630274 0.9263623 0.09978204 0.9348843 0.09660911 0.9416287 0.09660911 0.9416287 0.09978204 0.9348843 0.1023122 0.9389217 0.1714759 0.8468812 0.1729844 0.8422009 0.1878106 0.8524383 0.1796317 0.558085 0.183242 0.5663102 0.1796317 0.5709104 0.1878106 0.8524383 0.1832832 0.8463172 0.1878342 0.847253 0.1878106 0.8524383 0.1878342 0.847253 0.2051937 0.8520063 0.1878342 0.847253 0.199934 0.847451 0.2051937 0.8520063 0.2051937 0.8520063 0.199934 0.847451 0.203637 0.8468602 0.2051937 0.8520063 0.203637 0.8468602 0.2215284 0.8456372 0.203637 0.8468602 0.2160177 0.8424613 0.2215284 0.8456372 0.2215284 0.8456372 0.2160177 0.8424613 0.2184867 0.8410701 0.2215284 0.8456372 0.2184867 0.8410701 0.2348446 0.8340991 0.2184867 0.8410701 0.2293622 0.8320221 0.2348446 0.8340991 0.2348446 0.8340991 0.2293622 0.8320221 0.2305923 0.830581 0.2348446 0.8340991 0.2305923 0.830581 0.2435362 0.8187838 0.2305923 0.830581 0.2381652 0.8175433 0.2435362 0.8187838 0.2435362 0.8187838 0.2381652 0.8175433 0.2384938 0.8166579 0.2435362 0.8187838 0.2384938 0.8166579 0.2465547 0.8015384 0.2465547 0.8015384 0.2384938 0.8166579 0.2412379 0.8009803 0.2465547 0.8015384 0.2412379 0.8009803 0.2435362 0.7844431 0.2435362 0.7844431 0.2412379 0.8009803 0.2384937 0.7854391 0.2435362 0.7844431 0.2384937 0.7854391 0.2381652 0.78457 0.3677275 0.7695097 0.3765468 0.7843177 0.371177 0.7844909 0.371177 0.7844909 0.3634955 0.7718953 0.3677275 0.7695097 0.3677275 0.7695097 0.3634955 0.7718953 0.3622536 0.7705259 0.3677275 0.7695097 0.3622536 0.7705259 0.3543182 0.7587485 0.3622536 0.7705259 0.3513053 0.7621123 0.3543182 0.7587485 0.6768512 0.264117 0.6817829 0.2664033 0.681643 0.2689286 0.6768512 0.264117 0.681643 0.2689286 0.6761799 0.2807773 0.681643 0.2689286 0.6811726 0.281549 0.6761799 0.2807773 0.6761799 0.2807773 0.6811726 0.281549 0.681097 0.2853118 0.6761799 0.2807773 0.681097 0.2853118 0.6760349 0.2984022 0.681097 0.2853118 0.6810408 0.2975717 0.6760349 0.2984022 0.6760349 0.2984022 0.6810408 0.2975717 0.6810969 0.3021686 0.6760349 0.2984022 0.6810969 0.3021686 0.6764338 0.3148658 0.6810969 0.3021686 0.6814034 0.3125385 0.6764338 0.3148658 0.497263 0.782005 0.5009405 0.7870228 0.4968196 0.7890517 0.497263 0.782005 0.4968196 0.7890517 0.484909 0.7900934 0.4968196 0.7890517 0.4897096 0.7943759 0.484909 0.7900934 0.484909 0.7900934 0.4897096 0.7943759 0.4856215 0.7987417 0.484909 0.7900934 0.4856215 0.7987417 0.4748508 0.8029798 0.4856215 0.7987417 0.4805657 0.8060909 0.4748508 0.8029798 0.4748508 0.8029798 0.4805657 0.8060909 0.4773125 0.8127262 0.4748508 0.8029798 0.4773125 0.8127262 0.4683015 0.81911 0.4683015 0.81911 0.4773125 0.8127262 0.4746119 0.8207547 0.4683015 0.81911 0.4746119 0.8207547 0.4660511 0.8365384 0.4746119 0.8207547 0.4730146 0.8291164 0.4660511 0.8365384 0.4660511 0.8365384 0.4730146 0.8291164 0.472566 0.8365986 0.4660511 0.8365384 0.472566 0.8365986 0.468371 0.8531629 0.472566 0.8365986 0.4733085 0.8456988 0.468371 0.8531629 0.468371 0.8531629 0.4733085 0.8456988 0.474675 0.8517118 0.468371 0.8531629 0.474675 0.8517118 0.4749814 0.8669782 0.474675 0.8517118 0.4781543 0.8602339 0.4749814 0.8669782 0.4749814 0.8669782 0.4781543 0.8602339 0.4806845 0.8642713 0.3050262 0.8473734 0.3064945 0.8426805 0.3214082 0.8527899 0.1796318 0.5452595 0.1832421 0.5534848 0.1796318 0.558085 0.3214082 0.8527899 0.3168283 0.846708 0.3213871 0.8476046 0.3214082 0.8527899 0.3213871 0.8476046 0.338787 0.8522084 0.3213871 0.8476046 0.3334882 0.8476985 0.338787 0.8522084 0.338787 0.8522084 0.3334882 0.8476985 0.3371859 0.8470759 0.338787 0.8522084 0.3371859 0.8470759 0.3550662 0.845699 0.3371859 0.8470759 0.3495284 0.8425706 0.3550662 0.845699 0.3550662 0.845699 0.3495284 0.8425706 0.3519853 0.8411583 0.3550662 0.845699 0.3519853 0.8411583 0.3682827 0.8340467 0.3519853 0.8411583 0.3627826 0.832017 0.3682827 0.8340467 0.3682827 0.8340467 0.3627826 0.832017 0.3640003 0.8305653 0.3682827 0.8340467 0.3640003 0.8305653 0.3768422 0.8186572 0.3640003 0.8305653 0.3714607 0.817463 0.3768422 0.8186572 0.3768422 0.8186572 0.3714607 0.817463 0.3717817 0.8165748 0.3768422 0.8186572 0.3717817 0.8165748 0.3797122 0.8013865 0.3797122 0.8013865 0.3717817 0.8165748 0.3743908 0.8008742 0.3797122 0.8013865 0.3743908 0.8008742 0.3765468 0.7843177 0.3765468 0.7843177 0.3743908 0.8008742 0.3715131 0.7853571 0.3765468 0.7843177 0.3715131 0.7853571 0.371177 0.7844909</float_array>
          <technique_common>
            <accessor source="#LINK_WRIST_PITCH_R-mesh-map-array" count="5580" stride="2">
              <param name="S" type="float"/>
              <param name="T" type="float"/>
            </accessor>
          </technique_common>
        </source>
        <vertices id="LINK_WRIST_PITCH_R-mesh-vertices">
          <input semantic="POSITION" source="#LINK_WRIST_PITCH_R-mesh-positions"/>
        </vertices>
        <triangles material="分色槽-纯黑-material" count="1860">
          <input semantic="VERTEX" source="#LINK_WRIST_PITCH_R-mesh-vertices" offset="0"/>
          <input semantic="NORMAL" source="#LINK_WRIST_PITCH_R-mesh-normals" offset="1"/>
          <input semantic="TEXCOORD" source="#LINK_WRIST_PITCH_R-mesh-map" offset="2" set="0"/>
          <p>0 0 0 1 1 1 2 2 2 2 2 3 1 1 4 3 3 5 4 4 6 5 5 7 6 6 8 6 6 9 5 5 10 7 7 11 8 8 12 9 9 13 10 10 14 11 11 15 12 12 16 10 10 17 10 10 18 12 12 19 13 13 20 10 10 21 13 13 22 8 8 23 14 14 24 15 15 25 16 16 26 14 14 27 16 16 28 17 17 29 18 18 30 19 19 31 20 20 32 20 20 33 19 19 34 21 21 35 20 20 36 21 21 37 22 22 38 22 22 39 21 21 40 23 23 41 22 22 42 23 23 43 24 24 44 25 25 45 16 16 46 26 26 47 26 26 48 16 16 49 15 15 50 26 26 51 15 15 52 27 27 53 27 27 54 15 15 55 28 28 56 27 27 57 28 28 58 29 29 59 30 30 60 31 31 61 32 32 62 32 32 63 31 31 64 33 33 65 32 32 66 33 33 67 34 34 68 34 34 69 33 33 70 35 35 71 34 34 72 35 35 73 18 18 74 18 18 75 35 35 76 36 36 77 18 18 78 36 36 79 19 19 80 37 37 81 38 38 82 16 16 83 16 16 84 38 38 85 39 39 86 16 16 87 39 39 88 17 17 89 29 29 90 40 40 91 27 27 92 27 27 93 40 40 94 41 41 95 27 27 96 41 41 97 42 42 98 42 42 99 41 41 100 43 43 101 42 42 102 43 43 103 44 44 104 44 44 105 43 43 106 45 45 107 44 44 108 45 45 109 46 46 110 46 46 111 45 45 112 24 24 113 46 46 114 24 24 115 47 47 116 47 47 117 24 24 118 23 23 119 37 37 120 48 48 121 38 38 122 38 38 123 48 48 124 49 49 125 38 38 126 49 49 127 50 50 128 50 50 129 49 49 130 51 51 131 50 50 132 51 51 133 30 30 134 30 30 135 51 51 136 52 52 137 30 30 138 52 52 139 31 31 140 53 53 141 54 54 142 55 55 143 55 55 144 54 54 145 56 56 146 55 55 147 56 56 148 57 57 149 57 57 150 56 56 151 58 58 152 57 57 153 58 58 154 59 59 155 60 60 156 61 61 157 62 62 158 62 62 159 61 61 160 63 63 161 62 62 162 63 63 163 64 64 164 64 64 165 63 63 166 65 65 167 59 59 168 66 66 169 57 57 170 57 57 171 66 66 172 67 67 173 57 57 174 67 67 175 63 63 176 63 63 177 67 67 178 68 68 179 63 63 180 68 68 181 65 65 182 60 60 183 69 69 184 61 61 185 61 61 186 69 69 187 70 70 188 61 61 189 70 70 190 55 55 191 55 55 192 70 70 193 71 71 194 55 55 195 71 71 196 53 53 197 72 72 198 73 73 199 74 74 200 74 74 201 73 73 202 75 75 203 74 74 204 75 75 205 76 76 206 77 77 207 78 78 208 79 79 209 80 80 210 81 81 211 82 82 212 82 82 213 81 81 214 83 83 215 82 82 216 83 83 217 84 84 218 84 84 219 83 83 220 85 85 221 79 79 222 78 78 223 86 86 224 86 86 225 78 78 226 87 87 227 86 86 228 87 87 229 88 88 230 88 88 231 87 87 232 89 89 233 88 88 234 89 89 235 90 90 236 90 90 237 89 89 238 91 91 239 91 91 240 89 89 241 92 92 242 91 91 243 92 92 244 93 93 245 93 93 246 92 92 247 94 94 248 93 93 249 94 94 250 95 95 251 94 94 252 96 96 253 95 95 254 95 95 255 96 96 256 97 97 257 95 95 258 97 97 259 83 83 260 83 83 261 97 97 262 98 98 263 83 83 264 98 98 265 85 85 266 80 80 267 99 99 268 81 81 269 81 81 270 99 99 271 100 100 272 81 81 273 100 100 274 101 101 275 79 79 276 102 102 277 77 77 278 77 77 279 102 102 280 103 103 281 77 77 282 103 103 283 104 104 284 104 104 285 103 103 286 105 105 287 104 104 288 105 105 289 106 106 290 106 106 291 105 105 292 107 107 293 106 106 294 107 107 295 108 108 296 101 101 297 109 109 298 110 110 299 111 111 300 81 81 301 112 112 302 112 112 303 81 81 304 101 101 305 112 112 306 101 101 307 113 113 308 113 113 309 101 101 310 110 110 311 107 107 312 114 114 313 108 108 314 108 108 315 114 114 316 115 115 317 108 108 318 115 115 319 109 109 320 109 109 321 115 115 322 116 116 323 109 109 324 116 116 325 110 110 326 117 117 327 118 118 328 119 119 329 119 119 330 118 118 331 120 120 332 119 119 333 120 120 334 121 121 335 121 121 336 120 120 337 122 122 338 123 123 339 124 124 340 125 125 341 126 126 342 127 127 343 128 128 344 123 123 345 125 125 346 129 129 347 130 130 348 131 131 349 132 132 350 128 128 351 133 133 352 126 126 353 126 126 354 133 133 355 134 134 356 126 126 357 134 134 358 135 135 359 135 135 360 134 134 361 129 129 362 135 135 363 129 129 364 136 136 365 136 136 366 129 129 367 125 125 368 137 137 369 138 138 370 139 139 371 124 124 372 123 123 373 140 140 374 140 140 375 123 123 376 141 141 377 140 140 378 141 141 379 137 137 380 137 137 381 141 141 382 142 142 383 137 137 384 142 142 385 138 138 386 132 132 387 143 143 388 130 130 389 130 130 390 143 143 391 144 144 392 130 130 393 144 144 394 145 145 395 145 145 396 144 144 397 137 137 398 145 145 399 137 137 400 146 146 401 146 146 402 137 137 403 139 139 404 147 147 405 148 148 406 149 149 407 149 149 408 148 148 409 150 150 410 149 149 411 150 150 412 151 151 413 151 151 414 150 150 415 152 152 416 151 151 417 152 152 418 153 153 419 154 154 420 155 155 421 156 156 422 157 157 423 158 158 424 159 159 425 159 159 426 158 158 427 160 160 428 159 159 429 160 160 430 161 161 431 152 152 432 162 162 433 153 153 434 153 153 435 162 162 436 163 163 437 153 153 438 163 163 439 164 164 440 164 164 441 163 163 442 165 165 443 164 164 444 165 165 445 155 155 446 155 155 447 165 165 448 166 166 449 155 155 450 166 166 451 156 156 452 167 167 453 168 168 454 156 156 455 156 156 456 168 168 457 169 169 458 156 156 459 169 169 460 154 154 461 157 157 462 159 159 463 156 156 464 156 156 465 159 159 466 170 170 467 156 156 468 170 170 469 167 167 470 171 171 471 172 172 472 173 173 473 174 174 474 175 175 475 176 176 476 177 177 477 178 178 478 176 176 479 176 176 480 178 178 481 171 171 482 176 176 483 171 171 484 174 174 485 174 174 486 171 171 487 173 173 488 179 179 489 180 180 490 181 181 491 182 182 492 183 183 493 184 184 494 184 184 495 183 183 496 185 185 497 184 184 498 185 185 499 186 186 500 186 186 501 185 185 502 187 187 503 186 186 504 187 187 505 188 188 506 182 182 507 184 184 508 189 189 509 189 189 510 184 184 511 190 190 512 189 189 513 190 190 514 191 191 515 192 192 516 193 193 517 194 194 518 194 194 519 193 193 520 195 195 521 192 192 522 194 194 523 196 196 524 196 196 525 194 194 526 189 189 527 196 196 528 189 189 529 197 197 530 197 197 531 189 189 532 191 191 533 197 197 534 191 191 535 198 198 536 199 199 537 200 200 538 201 201 539 201 201 540 200 200 541 202 202 542 201 201 543 202 202 544 203 203 545 203 203 546 202 202 547 194 194 548 203 203 549 194 194 550 204 204 551 204 204 552 194 194 553 195 195 554 179 179 555 181 181 556 205 205 557 205 205 558 181 181 559 206 206 560 205 205 561 206 206 562 207 207 563 207 207 564 206 206 565 208 208 566 207 207 567 208 208 568 209 209 569 209 209 570 208 208 571 210 210 572 209 209 573 210 210 574 211 211 575 211 211 576 210 210 577 212 212 578 211 211 579 212 212 580 213 213 581 213 213 582 212 212 583 214 214 584 213 213 585 214 214 586 199 199 587 199 199 588 214 214 589 215 215 590 199 199 591 215 215 592 200 200 593 180 180 594 179 179 595 216 216 596 216 216 597 179 179 598 217 217 599 216 216 600 217 217 601 218 218 602 218 218 603 217 217 604 219 219 605 218 218 606 219 219 607 220 220 608 220 220 609 219 219 610 221 221 611 220 220 612 221 221 613 222 222 614 222 222 615 221 221 616 223 223 617 222 222 618 223 223 619 224 224 620 224 224 621 223 223 622 225 225 623 224 224 624 225 225 625 191 191 626 191 191 627 225 225 628 226 226 629 191 191 630 226 226 631 198 198 632 227 227 633 228 228 634 229 229 635 230 230 636 231 231 637 232 232 638 232 232 639 231 231 640 233 233 641 232 232 642 233 233 643 234 234 644 235 235 645 236 236 646 237 237 647 227 227 648 229 229 649 233 233 650 233 233 651 229 229 652 238 238 653 233 233 654 238 238 655 234 234 656 239 239 657 240 240 658 241 241 659 241 241 660 240 240 661 235 235 662 241 241 663 235 235 664 242 242 665 242 242 666 235 235 667 237 237 668 243 243 669 244 244 670 245 245 671 245 245 672 244 244 673 246 246 674 245 245 675 246 246 676 247 247 677 235 235 678 231 231 679 236 236 680 236 236 681 231 231 682 230 230 683 236 236 684 230 230 685 248 248 686 248 248 687 230 230 688 245 245 689 248 248 690 245 245 691 249 249 692 249 249 693 245 245 694 247 247 695 250 250 696 251 251 697 252 252 698 252 252 699 251 251 700 253 253 701 252 252 702 253 253 703 254 254 704 254 254 705 253 253 706 255 255 707 254 254 708 255 255 709 256 256 710 256 256 711 255 255 712 257 257 713 256 256 714 257 257 715 239 239 716 239 239 717 257 257 718 258 258 719 239 239 720 258 258 721 240 240 722 259 259 723 260 260 724 261 261 725 261 261 726 260 260 727 262 262 728 261 261 729 262 262 730 263 263 731 263 263 732 262 262 733 264 264 734 263 263 735 264 264 736 265 265 737 265 265 738 264 264 739 266 266 740 265 265 741 266 266 742 267 267 743 267 267 744 266 266 745 268 268 746 267 267 747 268 268 748 269 269 749 269 269 750 268 268 751 270 270 752 269 269 753 270 270 754 250 250 755 250 250 756 270 270 757 271 271 758 250 250 759 271 271 760 251 251 761 243 243 762 245 245 763 272 272 764 272 272 765 245 245 766 273 273 767 272 272 768 273 273 769 259 259 770 259 259 771 273 273 772 274 274 773 259 259 774 274 274 775 260 260 776 178 178 777 177 177 778 275 275 779 178 178 780 275 275 781 276 276 782 276 276 783 275 275 784 277 277 785 276 276 786 277 277 787 278 278 788 278 278 789 277 277 790 279 279 791 278 278 792 279 279 793 280 280 794 280 280 795 279 279 796 281 281 797 280 280 798 281 281 799 282 282 800 282 282 801 281 281 802 283 283 803 282 282 804 283 283 805 284 284 806 284 284 807 283 283 808 285 285 809 284 284 810 285 285 811 286 286 812 286 286 813 285 285 814 287 287 815 286 286 816 287 287 817 288 288 818 288 288 819 287 287 820 289 289 821 288 288 822 289 289 823 290 290 824 290 290 825 289 289 826 291 291 827 290 290 828 291 291 829 292 292 830 292 292 831 291 291 832 293 293 833 292 292 834 293 293 835 294 294 836 294 294 837 293 293 838 295 295 839 294 294 840 295 295 841 296 296 842 296 296 843 295 295 844 297 297 845 296 296 846 297 297 847 298 298 848 298 298 849 297 297 850 299 299 851 298 298 852 299 299 853 300 300 854 301 301 855 302 302 856 303 303 857 303 303 858 302 302 859 304 304 860 303 303 861 304 304 862 305 305 863 305 305 864 304 304 865 306 306 866 305 305 867 306 306 868 307 307 869 307 307 870 306 306 871 308 308 872 307 307 873 308 308 874 309 309 875 309 309 876 308 308 877 310 310 878 309 309 879 310 310 880 311 311 881 311 311 882 310 310 883 312 312 884 311 311 885 312 312 886 313 313 887 313 313 888 312 312 889 314 314 890 313 313 891 314 314 892 315 315 893 315 315 894 314 314 895 316 316 896 315 315 897 316 316 898 317 317 899 317 317 900 316 316 901 318 318 902 317 317 903 318 318 904 319 319 905 319 319 906 318 318 907 320 320 908 319 319 909 320 320 910 321 321 911 321 321 912 320 320 913 322 322 914 321 321 915 322 322 916 323 323 917 323 323 918 322 322 919 324 324 920 323 323 921 324 324 922 325 325 923 325 325 924 324 324 925 326 326 926 325 325 927 326 326 928 327 327 929 327 327 930 326 326 931 328 328 932 327 327 933 328 328 934 329 329 935 329 329 936 328 328 937 330 330 938 329 329 939 330 330 940 331 331 941 331 331 942 330 330 943 332 332 944 331 331 945 332 332 946 333 333 947 333 333 948 332 332 949 334 334 950 333 333 951 334 334 952 335 335 953 335 335 954 334 334 955 336 336 956 335 335 957 336 336 958 337 337 959 337 337 960 336 336 961 338 338 962 337 337 963 338 338 964 339 339 965 339 339 966 338 338 967 340 340 968 339 339 969 340 340 970 341 341 971 341 341 972 340 340 973 342 342 974 341 341 975 342 342 976 343 343 977 343 343 978 342 342 979 344 344 980 343 343 981 344 344 982 301 301 983 301 301 984 344 344 985 302 302 986 345 345 987 346 346 988 347 347 989 347 347 990 346 346 991 348 348 992 347 347 993 348 348 994 349 349 995 350 350 996 351 351 997 352 352 998 352 352 999 351 351 1000 353 353 1001 352 352 1002 353 353 1003 347 347 1004 347 347 1005 353 353 1006 354 354 1007 347 347 1008 354 354 1009 345 345 1010 355 355 1011 356 356 1012 357 357 1013 357 357 1014 356 356 1015 358 358 1016 357 357 1017 358 358 1018 350 350 1019 350 350 1020 358 358 1021 359 359 1022 350 350 1023 359 359 1024 351 351 1025 355 355 1026 357 357 1027 360 360 1028 360 360 1029 357 357 1030 361 361 1031 360 360 1032 361 361 1033 362 362 1034 363 363 1035 364 364 1036 365 365 1037 363 363 1038 365 365 1039 366 366 1040 366 366 1041 365 365 1042 367 367 1043 366 366 1044 367 367 1045 368 368 1046 368 368 1047 367 367 1048 369 369 1049 368 368 1050 369 369 1051 370 370 1052 371 371 1053 372 372 1054 373 373 1055 371 371 1056 373 373 1057 374 374 1058 374 374 1059 373 373 1060 375 375 1061 374 374 1062 375 375 1063 376 376 1064 369 369 1065 377 377 1066 370 370 1067 370 370 1068 377 377 1069 378 378 1070 370 370 1071 378 378 1072 379 379 1073 379 379 1074 378 378 1075 376 376 1076 379 379 1077 376 376 1078 380 380 1079 380 380 1080 376 376 1081 375 375 1082 380 380 1083 375 375 1084 381 381 1085 382 382 1086 383 383 1087 384 384 1088 348 348 1089 385 385 1090 349 349 1091 349 349 1092 385 385 1093 386 386 1094 349 349 1095 386 386 1096 384 384 1097 384 384 1098 386 386 1099 387 387 1100 384 384 1101 387 387 1102 382 382 1103 388 388 1104 389 389 1105 390 390 1106 390 390 1107 389 389 1108 391 391 1109 372 372 1110 371 371 1111 391 391 1112 391 391 1113 371 371 1114 392 392 1115 391 391 1116 392 392 1117 390 390 1118 363 363 1119 393 393 1120 364 364 1121 364 364 1122 393 393 1123 394 394 1124 364 364 1125 394 394 1126 395 395 1127 395 395 1128 394 394 1129 362 362 1130 395 395 1131 362 362 1132 396 396 1133 396 396 1134 362 362 1135 361 361 1136 396 396 1137 361 361 1138 397 397 1139 397 397 1140 361 361 1141 398 398 1142 397 397 1143 398 398 1144 399 399 1145 399 399 1146 398 398 1147 400 400 1148 400 400 1149 398 398 1150 401 401 1151 400 400 1152 401 401 1153 402 402 1154 402 402 1155 401 401 1156 403 403 1157 403 403 1158 401 401 1159 404 404 1160 403 403 1161 404 404 1162 405 405 1163 405 405 1164 404 404 1165 406 406 1166 406 406 1167 404 404 1168 407 407 1169 406 406 1170 407 407 1171 408 408 1172 408 408 1173 407 407 1174 409 409 1175 409 409 1176 407 407 1177 410 410 1178 409 409 1179 410 410 1180 411 411 1181 411 411 1182 410 410 1183 412 412 1184 412 412 1185 410 410 1186 413 413 1187 412 412 1188 413 413 1189 414 414 1190 414 414 1191 413 413 1192 415 415 1193 415 415 1194 413 413 1195 416 416 1196 415 415 1197 416 416 1198 417 417 1199 417 417 1200 416 416 1201 418 418 1202 417 417 1203 418 418 1204 419 419 1205 419 419 1206 418 418 1207 420 420 1208 419 419 1209 420 420 1210 421 421 1211 421 421 1212 420 420 1213 422 422 1214 422 422 1215 420 420 1216 423 423 1217 422 422 1218 423 423 1219 424 424 1220 424 424 1221 423 423 1222 425 425 1223 425 425 1224 423 423 1225 426 426 1226 425 425 1227 426 426 1228 427 427 1229 427 427 1230 426 426 1231 428 428 1232 428 428 1233 426 426 1234 429 429 1235 428 428 1236 429 429 1237 430 430 1238 430 430 1239 429 429 1240 431 431 1241 431 431 1242 429 429 1243 432 432 1244 431 431 1245 432 432 1246 433 433 1247 433 433 1248 432 432 1249 434 434 1250 434 434 1251 432 432 1252 384 384 1253 434 434 1254 384 384 1255 390 390 1256 390 390 1257 384 384 1258 383 383 1259 390 390 1260 383 383 1261 388 388 1262 435 435 1263 436 436 1264 363 437 1265 363 437 1266 366 438 1267 435 435 1268 435 435 1269 366 438 1270 368 439 1271 435 435 1272 368 439 1273 370 440 1274 370 440 1275 379 441 1276 437 442 1277 437 442 1278 379 441 1279 380 443 1280 437 442 1281 380 443 1282 381 444 1283 362 445 1284 394 446 1285 436 436 1286 436 436 1287 394 446 1288 393 447 1289 436 436 1290 393 447 1291 363 437 1292 358 448 1293 356 449 1294 438 450 1295 438 450 1296 356 449 1297 355 451 1298 438 450 1299 355 451 1300 360 452 1301 346 453 1302 345 454 1303 439 455 1304 439 455 1305 345 454 1306 354 456 1307 439 455 1308 354 456 1309 353 457 1310 358 448 1311 438 450 1312 359 458 1313 359 458 1314 438 450 1315 440 459 1316 359 458 1317 440 459 1318 351 460 1319 370 440 1320 437 442 1321 435 435 1322 435 435 1323 437 442 1324 441 461 1325 435 435 1326 441 461 1327 442 462 1328 442 462 1329 441 461 1330 443 463 1331 442 462 1332 443 463 1333 444 464 1334 444 464 1335 443 463 1336 445 465 1337 444 464 1338 445 465 1339 446 466 1340 446 466 1341 445 465 1342 447 467 1343 446 466 1344 447 467 1345 448 468 1346 448 468 1347 447 467 1348 449 469 1349 448 468 1350 449 469 1351 450 470 1352 450 470 1353 449 469 1354 451 471 1355 450 470 1356 451 471 1357 452 472 1358 452 472 1359 451 471 1360 453 473 1361 452 472 1362 453 473 1363 454 474 1364 454 474 1365 453 473 1366 455 475 1367 454 474 1368 455 475 1369 456 476 1370 456 476 1371 455 475 1372 439 455 1373 456 476 1374 439 455 1375 440 459 1376 440 459 1377 439 455 1378 353 457 1379 440 459 1380 353 457 1381 351 460 1382 456 477 1383 440 478 1384 438 479 1385 454 480 1386 456 477 1387 446 481 1388 362 482 1389 436 483 1390 446 481 1391 456 477 1392 438 479 1393 446 481 1394 446 481 1395 438 479 1396 360 484 1397 446 481 1398 360 484 1399 362 482 1400 436 483 1401 435 485 1402 446 481 1403 446 481 1404 435 485 1405 442 486 1406 446 481 1407 442 486 1408 444 487 1409 448 488 1410 450 489 1411 446 481 1412 446 481 1413 450 489 1414 452 490 1415 446 481 1416 452 490 1417 454 480 1418 166 491 1419 457 492 1420 458 493 1421 166 491 1422 458 493 1423 156 494 1424 156 494 1425 458 493 1426 459 495 1427 156 494 1428 459 495 1429 157 496 1430 157 496 1431 459 495 1432 460 497 1433 157 496 1434 460 497 1435 158 498 1436 158 498 1437 460 497 1438 461 499 1439 158 498 1440 461 499 1441 160 500 1442 160 500 1443 461 499 1444 161 501 1445 161 501 1446 461 499 1447 462 502 1448 161 501 1449 462 502 1450 463 503 1451 132 504 1452 131 505 1453 464 506 1454 464 506 1455 131 505 1456 465 507 1457 464 506 1458 465 507 1459 466 508 1460 466 508 1461 465 507 1462 61 61 1463 466 508 1464 61 61 1465 55 55 1466 464 506 1467 467 509 1468 132 504 1469 132 504 1470 467 509 1471 468 510 1472 132 504 1473 468 510 1474 143 511 1475 143 511 1476 468 510 1477 469 512 1478 143 511 1479 469 512 1480 144 513 1481 144 513 1482 469 512 1483 470 514 1484 144 513 1485 470 514 1486 137 515 1487 137 515 1488 470 514 1489 471 516 1490 137 515 1491 471 516 1492 140 517 1493 463 503 1494 462 502 1495 55 55 1496 55 55 1497 462 502 1498 472 518 1499 55 55 1500 472 518 1501 466 508 1502 466 508 1503 472 518 1504 473 519 1505 466 508 1506 473 519 1507 474 520 1508 474 520 1509 473 519 1510 475 521 1511 474 520 1512 475 521 1513 476 522 1514 476 522 1515 475 521 1516 477 523 1517 476 522 1518 477 523 1519 478 524 1520 478 524 1521 477 523 1522 479 525 1523 478 524 1524 479 525 1525 480 526 1526 480 526 1527 479 525 1528 481 527 1529 480 526 1530 481 527 1531 482 528 1532 482 528 1533 481 527 1534 174 174 1535 482 528 1536 174 174 1537 173 173 1538 483 529 1539 484 530 1540 148 531 1541 485 532 1542 486 533 1543 487 534 1544 487 534 1545 486 533 1546 488 535 1547 483 529 1548 148 531 1549 489 536 1550 489 536 1551 148 531 1552 490 537 1553 489 536 1554 490 537 1555 491 538 1556 487 534 1557 492 539 1558 485 532 1559 485 532 1560 492 539 1561 493 540 1562 485 532 1563 493 540 1564 490 537 1565 490 537 1566 493 540 1567 494 541 1568 490 537 1569 494 541 1570 491 538 1571 495 542 1572 150 543 1573 496 544 1574 496 544 1575 150 543 1576 148 531 1577 496 544 1578 148 531 1579 497 545 1580 497 545 1581 148 531 1582 484 530 1583 495 542 1584 498 546 1585 150 543 1586 150 543 1587 498 546 1588 499 547 1589 150 543 1590 499 547 1591 500 548 1592 500 548 1593 499 547 1594 501 549 1595 500 548 1596 501 549 1597 502 550 1598 488 535 1599 486 533 1600 503 551 1601 503 551 1602 486 533 1603 504 552 1604 503 551 1605 504 552 1606 505 553 1607 505 553 1608 504 552 1609 506 554 1610 505 553 1611 506 554 1612 502 550 1613 502 550 1614 506 554 1615 507 555 1616 502 550 1617 507 555 1618 500 548 1619 508 556 1620 509 557 1621 510 558 1622 510 558 1623 509 557 1624 511 559 1625 512 560 1626 513 561 1627 514 562 1628 514 562 1629 513 561 1630 515 563 1631 516 564 1632 517 565 1633 518 566 1634 518 566 1635 517 565 1636 519 567 1637 518 566 1638 519 567 1639 520 568 1640 521 569 1641 522 570 1642 523 571 1643 523 571 1644 522 570 1645 524 572 1646 523 571 1647 524 572 1648 525 573 1649 526 574 1650 527 575 1651 528 576 1652 519 567 1653 529 577 1654 520 568 1655 520 568 1656 529 577 1657 530 578 1658 520 568 1659 530 578 1660 521 569 1661 521 569 1662 530 578 1663 531 579 1664 521 569 1665 531 579 1666 522 570 1667 532 580 1668 533 581 1669 534 582 1670 528 576 1671 527 575 1672 535 583 1673 536 584 1674 537 585 1675 538 586 1676 538 586 1677 537 585 1678 516 564 1679 538 586 1680 516 564 1681 539 587 1682 539 587 1683 516 564 1684 518 566 1685 539 587 1686 518 566 1687 540 588 1688 541 589 1689 542 590 1690 543 591 1691 527 575 1692 544 592 1693 535 583 1694 535 583 1695 544 592 1696 545 593 1697 535 583 1698 545 593 1699 546 594 1700 537 585 1701 547 595 1702 548 596 1703 548 596 1704 547 595 1705 549 597 1706 548 596 1707 549 597 1708 550 598 1709 550 598 1710 549 597 1711 551 599 1712 550 598 1713 551 599 1714 552 600 1715 552 600 1716 551 599 1717 553 601 1718 528 576 1719 554 602 1720 526 574 1721 526 574 1722 554 602 1723 555 603 1724 526 574 1725 555 603 1726 556 604 1727 556 604 1728 555 603 1729 557 605 1730 556 604 1731 557 605 1732 558 606 1733 558 606 1734 557 605 1735 559 607 1736 558 606 1737 559 607 1738 560 608 1739 560 608 1740 559 607 1741 523 571 1742 560 608 1743 523 571 1744 561 609 1745 561 609 1746 523 571 1747 525 573 1748 561 609 1749 525 573 1750 562 610 1751 562 610 1752 525 573 1753 563 611 1754 562 610 1755 563 611 1756 564 612 1757 545 593 1758 565 613 1759 546 594 1760 546 594 1761 565 613 1762 566 614 1763 546 594 1764 566 614 1765 567 615 1766 552 600 1767 568 616 1768 563 611 1769 563 611 1770 568 616 1771 569 617 1772 563 611 1773 569 617 1774 564 612 1775 543 591 1776 542 590 1777 570 618 1778 534 582 1779 571 619 1780 532 580 1781 532 580 1782 571 619 1783 572 620 1784 532 580 1785 572 620 1786 573 621 1787 573 621 1788 572 620 1789 574 622 1790 573 621 1791 574 622 1792 575 623 1793 542 590 1794 576 624 1795 570 618 1796 570 618 1797 576 624 1798 577 625 1799 570 618 1800 577 625 1801 533 581 1802 533 581 1803 577 625 1804 578 626 1805 533 581 1806 578 626 1807 534 582 1808 540 588 1809 518 566 1810 579 627 1811 579 627 1812 518 566 1813 580 628 1814 579 627 1815 580 628 1816 574 622 1817 574 622 1818 580 628 1819 581 629 1820 574 622 1821 581 629 1822 575 623 1823 553 601 1824 582 630 1825 552 600 1826 552 600 1827 582 630 1828 583 631 1829 552 600 1830 583 631 1831 568 616 1832 568 616 1833 583 631 1834 584 632 1835 568 616 1836 584 632 1837 567 615 1838 567 615 1839 584 632 1840 585 633 1841 567 615 1842 585 633 1843 546 594 1844 541 589 1845 543 591 1846 586 634 1847 586 634 1848 543 591 1849 587 635 1850 586 634 1851 587 635 1852 536 584 1853 536 584 1854 587 635 1855 588 636 1856 536 584 1857 588 636 1858 537 585 1859 537 585 1860 588 636 1861 589 637 1862 537 585 1863 589 637 1864 547 595 1865 590 638 1866 591 639 1867 592 640 1868 590 638 1869 592 640 1870 593 641 1871 126 642 1872 594 643 1873 127 644 1874 127 644 1875 594 643 1876 595 645 1877 127 644 1878 595 645 1879 596 646 1880 596 646 1881 597 647 1882 127 644 1883 127 644 1884 597 647 1885 598 648 1886 127 644 1887 598 648 1888 599 649 1889 598 648 1890 600 650 1891 599 649 1892 599 649 1893 600 650 1894 601 651 1895 599 649 1896 601 651 1897 590 638 1898 590 638 1899 601 651 1900 602 652 1901 590 638 1902 602 652 1903 591 639 1904 603 653 1905 604 654 1906 126 642 1907 126 642 1908 604 654 1909 605 655 1910 126 642 1911 605 655 1912 594 643 1913 592 640 1914 606 656 1915 593 641 1916 593 641 1917 606 656 1918 607 657 1919 593 641 1920 607 657 1921 608 658 1922 608 658 1923 607 657 1924 609 659 1925 603 653 1926 126 642 1927 610 660 1928 610 660 1929 126 642 1930 611 661 1931 610 660 1932 611 661 1933 612 662 1934 612 662 1935 611 661 1936 613 663 1937 612 662 1938 613 663 1939 609 659 1940 609 659 1941 613 663 1942 614 664 1943 609 659 1944 614 664 1945 608 658 1946 615 665 1947 616 666 1948 617 667 1949 618 668 1950 118 669 1951 117 670 1952 618 668 1953 117 670 1954 619 671 1955 620 672 1956 621 673 1957 117 670 1958 117 670 1959 621 673 1960 622 674 1961 117 670 1962 622 674 1963 619 671 1964 619 671 1965 622 674 1966 623 675 1967 619 671 1968 623 675 1969 624 676 1970 9 677 1971 8 678 1972 625 679 1973 626 680 1974 627 681 1975 617 667 1976 617 667 1977 627 681 1978 9 677 1979 617 667 1980 9 677 1981 615 665 1982 615 665 1983 9 677 1984 625 679 1985 615 665 1986 628 682 1987 616 666 1988 616 666 1989 628 682 1990 629 683 1991 616 666 1992 629 683 1993 630 684 1994 630 684 1995 629 683 1996 631 685 1997 630 684 1998 631 685 1999 632 686 2000 632 686 2001 631 685 2002 633 687 2003 632 686 2004 633 687 2005 623 675 2006 623 675 2007 633 687 2008 634 688 2009 623 675 2010 634 688 2011 624 676 2012 635 689 2013 636 690 2014 637 691 2015 637 691 2016 636 690 2017 638 692 2018 639 693 2019 640 694 2020 641 695 2021 641 695 2022 640 694 2023 642 696 2024 643 697 2025 644 698 2026 645 699 2027 645 699 2028 644 698 2029 646 700 2030 647 701 2031 648 702 2032 649 703 2033 647 701 2034 650 704 2035 648 702 2036 648 702 2037 650 704 2038 651 705 2039 648 702 2040 651 705 2041 652 706 2042 651 705 2043 653 707 2044 652 706 2045 652 706 2046 653 707 2047 654 708 2048 652 706 2049 654 708 2050 655 709 2051 654 708 2052 656 710 2053 655 709 2054 655 709 2055 656 710 2056 657 711 2057 655 709 2058 657 711 2059 658 712 2060 657 711 2061 659 713 2062 658 712 2063 658 712 2064 659 713 2065 660 714 2066 658 712 2067 660 714 2068 661 715 2069 660 714 2070 662 716 2071 661 715 2072 661 715 2073 662 716 2074 663 717 2075 661 715 2076 663 717 2077 664 718 2078 663 717 2079 665 719 2080 664 718 2081 664 718 2082 665 719 2083 666 720 2084 664 718 2085 666 720 2086 667 721 2087 666 720 2088 668 722 2089 667 721 2090 667 721 2091 668 722 2092 669 723 2093 667 721 2094 669 723 2095 670 724 2096 670 724 2097 669 723 2098 671 725 2099 670 724 2100 671 725 2101 672 726 2102 672 726 2103 671 725 2104 673 727 2105 672 726 2106 673 727 2107 674 728 2108 673 727 2109 675 729 2110 674 728 2111 674 728 2112 675 729 2113 676 730 2114 674 728 2115 676 730 2116 677 731 2117 676 730 2118 678 732 2119 677 731 2120 677 731 2121 678 732 2122 679 733 2123 677 731 2124 679 733 2125 680 734 2126 679 733 2127 681 735 2128 680 734 2129 680 734 2130 681 735 2131 682 736 2132 680 734 2133 682 736 2134 683 737 2135 682 736 2136 684 738 2137 683 737 2138 683 737 2139 684 738 2140 685 739 2141 683 737 2142 685 739 2143 686 740 2144 685 739 2145 687 741 2146 686 740 2147 686 740 2148 687 741 2149 688 742 2150 686 740 2151 688 742 2152 689 743 2153 688 742 2154 690 744 2155 689 743 2156 689 743 2157 690 744 2158 691 745 2159 689 743 2160 691 745 2161 692 746 2162 691 745 2163 693 747 2164 692 746 2165 692 746 2166 693 747 2167 694 748 2168 692 746 2169 694 748 2170 695 749 2171 694 748 2172 696 750 2173 695 749 2174 695 749 2175 696 750 2176 697 751 2177 695 749 2178 697 751 2179 649 703 2180 649 703 2181 697 751 2182 698 752 2183 649 703 2184 698 752 2185 647 701 2186 699 753 2187 661 754 2188 700 755 2189 700 755 2190 661 754 2191 664 756 2192 700 755 2193 664 756 2194 701 757 2195 701 757 2196 664 756 2197 667 758 2198 701 757 2199 667 758 2200 702 759 2201 667 758 2202 670 760 2203 702 759 2204 702 759 2205 670 760 2206 672 761 2207 702 759 2208 672 761 2209 703 762 2210 703 762 2211 672 761 2212 674 763 2213 703 762 2214 674 763 2215 704 764 2216 704 764 2217 674 763 2218 677 765 2219 704 764 2220 677 765 2221 705 766 2222 705 766 2223 677 765 2224 680 767 2225 705 766 2226 680 767 2227 706 768 2228 680 767 2229 683 769 2230 706 768 2231 706 768 2232 683 769 2233 686 770 2234 706 768 2235 686 770 2236 707 771 2237 707 771 2238 686 770 2239 689 772 2240 707 771 2241 689 772 2242 708 773 2243 708 773 2244 689 772 2245 692 774 2246 708 773 2247 692 774 2248 709 775 2249 709 775 2250 692 774 2251 695 776 2252 709 775 2253 695 776 2254 710 777 2255 710 777 2256 695 776 2257 649 778 2258 710 777 2259 649 778 2260 711 779 2261 711 779 2262 649 778 2263 648 780 2264 711 779 2265 648 780 2266 712 781 2267 712 781 2268 648 780 2269 652 782 2270 712 781 2271 652 782 2272 713 783 2273 713 783 2274 652 782 2275 655 784 2276 713 783 2277 655 784 2278 699 753 2279 699 753 2280 655 784 2281 658 785 2282 699 753 2283 658 785 2284 661 754 2285 714 786 2286 715 787 2287 716 788 2288 714 786 2289 717 789 2290 715 787 2291 715 787 2292 717 789 2293 718 790 2294 715 787 2295 718 790 2296 719 791 2297 718 790 2298 720 792 2299 719 791 2300 719 791 2301 720 792 2302 721 793 2303 719 791 2304 721 793 2305 722 794 2306 721 793 2307 723 795 2308 722 794 2309 722 794 2310 723 795 2311 724 796 2312 722 794 2313 724 796 2314 725 797 2315 724 796 2316 726 798 2317 725 797 2318 725 797 2319 726 798 2320 727 799 2321 725 797 2322 727 799 2323 728 800 2324 727 799 2325 729 801 2326 728 800 2327 728 800 2328 729 801 2329 730 802 2330 728 800 2331 730 802 2332 731 803 2333 730 802 2334 732 804 2335 731 803 2336 731 803 2337 732 804 2338 733 805 2339 731 803 2340 733 805 2341 734 806 2342 733 805 2343 735 807 2344 734 806 2345 734 806 2346 735 807 2347 736 808 2348 734 806 2349 736 808 2350 737 809 2351 736 808 2352 738 810 2353 737 809 2354 737 809 2355 738 810 2356 739 811 2357 737 809 2358 739 811 2359 740 812 2360 739 811 2361 741 813 2362 740 812 2363 740 812 2364 741 813 2365 742 814 2366 740 812 2367 742 814 2368 743 815 2369 742 814 2370 744 816 2371 743 815 2372 743 815 2373 744 816 2374 745 817 2375 743 815 2376 745 817 2377 746 818 2378 745 817 2379 747 819 2380 746 818 2381 746 818 2382 747 819 2383 748 820 2384 746 818 2385 748 820 2386 749 821 2387 748 820 2388 750 822 2389 749 821 2390 749 821 2391 750 822 2392 751 823 2393 749 821 2394 751 823 2395 752 824 2396 751 823 2397 753 825 2398 752 824 2399 752 824 2400 753 825 2401 754 826 2402 752 824 2403 754 826 2404 755 827 2405 754 826 2406 756 828 2407 755 827 2408 755 827 2409 756 828 2410 757 829 2411 755 827 2412 757 829 2413 758 830 2414 757 829 2415 759 831 2416 758 830 2417 758 830 2418 759 831 2419 760 832 2420 758 830 2421 760 832 2422 761 833 2423 760 832 2424 762 834 2425 761 833 2426 761 833 2427 762 834 2428 763 835 2429 761 833 2430 763 835 2431 716 788 2432 716 788 2433 763 835 2434 764 836 2435 716 788 2436 764 836 2437 714 786 2438 765 837 2439 728 838 2440 766 839 2441 766 839 2442 728 838 2443 731 840 2444 766 839 2445 731 840 2446 767 841 2447 767 841 2448 731 840 2449 734 842 2450 767 841 2451 734 842 2452 768 843 2453 768 843 2454 734 842 2455 737 844 2456 768 843 2457 737 844 2458 769 845 2459 769 845 2460 737 844 2461 740 846 2462 769 845 2463 740 846 2464 770 847 2465 770 847 2466 740 846 2467 743 848 2468 770 847 2469 743 848 2470 771 849 2471 771 849 2472 743 848 2473 746 850 2474 771 849 2475 746 850 2476 772 851 2477 746 850 2478 749 852 2479 772 851 2480 772 851 2481 749 852 2482 752 853 2483 772 851 2484 752 853 2485 773 854 2486 773 854 2487 752 853 2488 755 855 2489 773 854 2490 755 855 2491 774 856 2492 774 856 2493 755 855 2494 758 857 2495 774 856 2496 758 857 2497 775 858 2498 775 858 2499 758 857 2500 761 859 2501 775 858 2502 761 859 2503 776 860 2504 776 860 2505 761 859 2506 716 861 2507 776 860 2508 716 861 2509 777 862 2510 777 862 2511 716 861 2512 715 863 2513 777 862 2514 715 863 2515 778 864 2516 778 864 2517 715 863 2518 719 865 2519 778 864 2520 719 865 2521 779 866 2522 779 866 2523 719 865 2524 722 867 2525 779 866 2526 722 867 2527 765 837 2528 765 837 2529 722 867 2530 725 868 2531 765 837 2532 725 868 2533 728 838 2534 544 869 2535 710 870 2536 545 871 2537 545 871 2538 710 870 2539 711 872 2540 545 871 2541 711 872 2542 565 873 2543 565 873 2544 711 872 2545 712 874 2546 565 873 2547 712 874 2548 566 875 2549 566 875 2550 712 874 2551 713 876 2552 566 875 2553 713 876 2554 567 877 2555 567 877 2556 713 876 2557 699 878 2558 567 877 2559 699 878 2560 568 879 2561 568 879 2562 699 878 2563 700 880 2564 568 879 2565 700 880 2566 569 881 2567 569 881 2568 700 880 2569 701 882 2570 569 881 2571 701 882 2572 564 883 2573 564 883 2574 701 882 2575 702 884 2576 564 883 2577 702 884 2578 562 885 2579 562 885 2580 702 884 2581 703 886 2582 562 885 2583 703 886 2584 561 887 2585 561 887 2586 703 886 2587 704 888 2588 561 887 2589 704 888 2590 560 889 2591 560 889 2592 704 888 2593 705 890 2594 560 889 2595 705 890 2596 558 891 2597 558 891 2598 705 890 2599 706 892 2600 558 891 2601 706 892 2602 556 893 2603 556 893 2604 706 892 2605 707 894 2606 556 893 2607 707 894 2608 526 895 2609 526 895 2610 707 894 2611 708 896 2612 526 895 2613 708 896 2614 527 897 2615 527 897 2616 708 896 2617 709 898 2618 527 897 2619 709 898 2620 544 869 2621 544 869 2622 709 898 2623 710 870 2624 536 899 2625 776 900 2626 586 901 2627 586 901 2628 776 900 2629 777 902 2630 586 901 2631 777 902 2632 541 903 2633 541 903 2634 777 902 2635 778 904 2636 541 903 2637 778 904 2638 542 905 2639 542 905 2640 778 904 2641 779 906 2642 542 905 2643 779 906 2644 576 907 2645 576 907 2646 779 906 2647 765 908 2648 576 907 2649 765 908 2650 577 909 2651 577 909 2652 765 908 2653 766 910 2654 577 909 2655 766 910 2656 578 911 2657 578 911 2658 766 910 2659 767 912 2660 578 911 2661 767 912 2662 534 913 2663 534 913 2664 767 912 2665 768 914 2666 534 913 2667 768 914 2668 571 915 2669 571 915 2670 768 914 2671 769 916 2672 571 915 2673 769 916 2674 572 917 2675 572 917 2676 769 916 2677 770 918 2678 572 917 2679 770 918 2680 574 919 2681 574 919 2682 770 918 2683 771 920 2684 574 919 2685 771 920 2686 579 921 2687 579 921 2688 771 920 2689 772 922 2690 579 921 2691 772 922 2692 540 923 2693 540 923 2694 772 922 2695 773 924 2696 540 923 2697 773 924 2698 539 925 2699 539 925 2700 773 924 2701 774 926 2702 539 925 2703 774 926 2704 538 927 2705 538 927 2706 774 926 2707 775 928 2708 538 927 2709 775 928 2710 536 899 2711 536 899 2712 775 928 2713 776 900 2714 780 929 2715 781 930 2716 519 931 2717 522 932 2718 782 933 2719 783 934 2720 522 932 2721 783 934 2722 524 935 2723 784 936 2724 74 74 2725 785 937 2726 782 933 2727 522 932 2728 786 938 2729 786 938 2730 522 932 2731 531 939 2732 786 938 2733 531 939 2734 785 937 2735 785 937 2736 531 939 2737 530 940 2738 785 937 2739 530 940 2740 784 936 2741 519 931 2742 781 930 2743 529 941 2744 781 930 2745 787 942 2746 529 941 2747 529 941 2748 787 942 2749 788 943 2750 529 941 2751 788 943 2752 530 940 2753 530 940 2754 788 943 2755 789 944 2756 530 940 2757 789 944 2758 784 936 2759 783 934 2760 790 945 2761 524 935 2762 524 935 2763 790 945 2764 791 946 2765 524 935 2766 791 946 2767 525 947 2768 525 947 2769 791 946 2770 626 948 2771 525 947 2772 626 948 2773 563 949 2774 563 949 2775 626 948 2776 617 950 2777 563 949 2778 617 950 2779 552 951 2780 552 951 2781 617 950 2782 616 952 2783 552 951 2784 616 952 2785 550 953 2786 550 953 2787 616 952 2788 630 954 2789 550 953 2790 630 954 2791 548 955 2792 548 955 2793 630 954 2794 632 956 2795 548 955 2796 632 956 2797 537 957 2798 537 957 2799 632 956 2800 623 958 2801 537 957 2802 623 958 2803 516 959 2804 516 959 2805 623 958 2806 622 960 2807 516 959 2808 622 960 2809 517 961 2810 517 961 2811 622 960 2812 621 962 2813 517 961 2814 621 962 2815 519 931 2816 519 931 2817 621 962 2818 792 963 2819 519 931 2820 792 963 2821 780 929 2822 373 964 2823 69 965 2824 60 966 2825 53 967 2826 387 968 2827 54 969 2828 54 969 2829 387 968 2830 386 970 2831 54 969 2832 386 970 2833 385 971 2834 70 972 2835 388 973 2836 71 974 2837 71 974 2838 388 973 2839 383 975 2840 71 974 2841 383 975 2842 53 967 2843 53 967 2844 383 975 2845 382 976 2846 53 967 2847 382 976 2848 387 968 2849 373 964 2850 372 977 2851 69 965 2852 69 965 2853 372 977 2854 391 978 2855 69 965 2856 391 978 2857 70 972 2858 70 972 2859 391 978 2860 389 979 2861 70 972 2862 389 979 2863 388 973 2864 793 980 2865 794 981 2866 64 982 2867 64 982 2868 794 981 2869 62 983 2870 793 980 2871 64 982 2872 795 984 2873 795 984 2874 64 982 2875 65 985 2876 795 984 2877 65 985 2878 796 986 2879 796 986 2880 65 985 2881 797 987 2882 797 987 2883 65 985 2884 68 988 2885 797 987 2886 68 988 2887 798 989 2888 798 989 2889 68 988 2890 799 990 2891 799 990 2892 68 988 2893 67 991 2894 799 990 2895 67 991 2896 800 992 2897 800 992 2898 67 991 2899 801 993 2900 801 993 2901 67 991 2902 66 994 2903 801 993 2904 66 994 2905 802 995 2906 802 995 2907 66 994 2908 803 996 2909 803 996 2910 66 994 2911 59 997 2912 803 996 2913 59 997 2914 804 998 2915 804 998 2916 59 997 2917 805 999 2918 805 999 2919 59 997 2920 58 1000 2921 805 999 2922 58 1000 2923 806 1001 2924 806 1001 2925 58 1000 2926 807 1002 2927 807 1002 2928 58 1000 2929 56 1003 2930 807 1002 2931 56 1003 2932 808 1004 2933 808 1004 2934 56 1003 2935 809 1005 2936 809 1005 2937 56 1003 2938 54 969 2939 809 1005 2940 54 969 2941 810 1006 2942 810 1006 2943 54 969 2944 385 971 2945 810 1006 2946 385 971 2947 348 1007 2948 375 1008 2949 373 964 2950 811 1009 2951 811 1009 2952 373 964 2953 60 966 2954 811 1009 2955 60 966 2956 812 1010 2957 812 1010 2958 60 966 2959 62 983 2960 812 1010 2961 62 983 2962 813 1011 2963 813 1011 2964 62 983 2965 794 981 2966 437 1012 2967 381 1013 2968 375 1014 2969 439 1015 2970 809 1016 2971 346 1017 2972 346 1017 2973 809 1016 2974 810 1018 2975 346 1017 2976 810 1018 2977 348 1019 2978 455 1020 2979 453 1021 2980 805 1022 2981 805 1022 2982 806 1023 2983 455 1020 2984 455 1020 2985 806 1023 2986 807 1024 2987 455 1020 2988 807 1024 2989 439 1015 2990 439 1015 2991 807 1024 2992 808 1025 2993 439 1015 2994 808 1025 2995 809 1016 2996 451 1026 2997 449 1027 2998 801 1028 2999 801 1028 3000 802 1029 3001 451 1026 3002 451 1026 3003 802 1029 3004 803 1030 3005 451 1026 3006 803 1030 3007 453 1021 3008 453 1021 3009 803 1030 3010 804 1031 3011 453 1021 3012 804 1031 3013 805 1022 3014 447 1032 3015 445 1033 3016 797 1034 3017 797 1034 3018 798 1035 3019 447 1032 3020 447 1032 3021 798 1035 3022 799 1036 3023 447 1032 3024 799 1036 3025 449 1027 3026 449 1027 3027 799 1036 3028 800 1037 3029 449 1027 3030 800 1037 3031 801 1028 3032 443 1038 3033 441 1039 3034 794 1040 3035 794 1040 3036 793 1041 3037 443 1038 3038 443 1038 3039 793 1041 3040 795 1042 3041 443 1038 3042 795 1042 3043 445 1033 3044 445 1033 3045 795 1042 3046 796 1043 3047 445 1033 3048 796 1043 3049 797 1034 3050 375 1014 3051 811 1044 3052 437 1012 3053 437 1012 3054 811 1044 3055 812 1045 3056 437 1012 3057 812 1045 3058 441 1039 3059 441 1039 3060 812 1045 3061 813 1046 3062 441 1039 3063 813 1046 3064 794 1040 3065 814 1047 3066 189 1048 3067 175 1049 3068 175 1049 3069 189 1048 3070 194 1050 3071 175 1049 3072 194 1050 3073 176 1051 3074 230 1052 3075 815 1053 3076 245 1054 3077 245 1054 3078 815 1053 3079 172 1055 3080 245 1054 3081 172 1055 3082 171 1056 3083 816 1057 3084 16 16 3085 25 25 3086 816 1057 3087 25 25 3088 817 1058 3089 25 25 3090 818 1059 3091 817 1058 3092 817 1058 3093 818 1059 3094 819 1060 3095 817 1058 3096 819 1060 3097 820 1061 3098 820 1061 3099 819 1060 3100 821 1062 3101 819 1060 3102 822 1063 3103 821 1062 3104 821 1062 3105 822 1063 3106 823 1064 3107 821 1062 3108 823 1064 3109 824 1065 3110 824 1065 3111 823 1064 3112 825 1066 3113 824 1065 3114 825 1066 3115 826 1067 3116 827 1068 3117 2 2 3118 828 1069 3119 828 1069 3120 2 2 3121 3 3 3122 828 1069 3123 3 3 3124 829 1070 3125 829 1070 3126 3 3 3127 826 1067 3128 829 1070 3129 826 1067 3130 830 1071 3131 830 1071 3132 826 1067 3133 825 1066 3134 831 1072 3135 832 1073 3136 833 1074 3137 833 1074 3138 832 1073 3139 834 1075 3140 833 1074 3141 834 1075 3142 835 1076 3143 833 1074 3144 836 1077 3145 831 1072 3146 831 1072 3147 836 1077 3148 837 1078 3149 831 1072 3150 837 1078 3151 838 1079 3152 838 1079 3153 837 1078 3154 839 1080 3155 838 1079 3156 839 1080 3157 840 1081 3158 840 1081 3159 839 1080 3160 841 1082 3161 841 1082 3162 842 1083 3163 840 1081 3164 840 1081 3165 842 1083 3166 843 1084 3167 840 1081 3168 843 1084 3169 844 1085 3170 844 1085 3171 843 1084 3172 111 111 3173 844 1085 3174 111 111 3175 112 112 3176 4 4 3177 845 1086 3178 846 1087 3179 835 1076 3180 834 1075 3181 846 1087 3182 846 1087 3183 834 1075 3184 5 5 3185 846 1087 3186 5 5 3187 4 4 3188 783 1088 3189 782 1089 3190 847 1090 3191 847 1090 3192 782 1089 3193 786 938 3194 847 1090 3195 786 938 3196 76 76 3197 76 76 3198 786 938 3199 785 937 3200 76 76 3201 785 937 3202 74 74 3203 847 1090 3204 848 1091 3205 783 1088 3206 783 1088 3207 848 1091 3208 849 1092 3209 783 1088 3210 849 1092 3211 790 1093 3212 627 681 3213 626 680 3214 849 1092 3215 849 1092 3216 626 680 3217 791 1094 3218 849 1092 3219 791 1094 3220 790 1093 3221 621 673 3222 620 672 3223 792 1095 3224 792 1095 3225 620 672 3226 850 1096 3227 792 1095 3228 850 1096 3229 780 1097 3230 780 1097 3231 850 1096 3232 781 1098 3233 781 1098 3234 850 1096 3235 851 1099 3236 781 1098 3237 851 1099 3238 787 1100 3239 787 1100 3240 851 1099 3241 788 1101 3242 788 1101 3243 851 1099 3244 852 1102 3245 788 1101 3246 852 1102 3247 789 944 3248 789 944 3249 852 1102 3250 784 936 3251 784 936 3252 852 1102 3253 72 72 3254 784 936 3255 72 72 3256 74 74 3257 853 1103 3258 854 1104 3259 580 1105 3260 855 1106 3261 856 1107 3262 183 1108 3263 183 1108 3264 182 1109 3265 855 1106 3266 855 1106 3267 182 1109 3268 189 1048 3269 855 1106 3270 189 1048 3271 814 1047 3272 856 1107 3273 857 1110 3274 183 1108 3275 183 1108 3276 857 1110 3277 858 1111 3278 183 1108 3279 858 1111 3280 185 1112 3281 185 1112 3282 858 1111 3283 859 1113 3284 185 1112 3285 859 1113 3286 860 1114 3287 860 1114 3288 861 1115 3289 185 1112 3290 185 1112 3291 861 1115 3292 862 1116 3293 185 1112 3294 862 1116 3295 187 1117 3296 853 1103 3297 580 1105 3298 863 1118 3299 862 1116 3300 864 1119 3301 187 1117 3302 187 1117 3303 864 1119 3304 863 1118 3305 187 1117 3306 863 1118 3307 188 1120 3308 188 1120 3309 863 1118 3310 580 1105 3311 188 1120 3312 580 1105 3313 518 1121 3314 815 1053 3315 230 1052 3316 232 1122 3317 234 1123 3318 865 1124 3319 232 1122 3320 232 1122 3321 865 1124 3322 866 1125 3323 232 1122 3324 866 1125 3325 815 1053 3326 238 1126 3327 867 1127 3328 234 1123 3329 234 1123 3330 867 1127 3331 868 1128 3332 234 1123 3333 868 1128 3334 865 1124 3335 869 1129 3336 870 1130 3337 559 1131 3338 559 1131 3339 870 1130 3340 871 1132 3341 523 1133 3342 559 1131 3343 228 1134 3344 228 1134 3345 559 1131 3346 871 1132 3347 228 1134 3348 871 1132 3349 229 1135 3350 229 1135 3351 871 1132 3352 872 1136 3353 229 1135 3354 872 1136 3355 238 1126 3356 238 1126 3357 872 1136 3358 873 1137 3359 238 1126 3360 873 1137 3361 867 1127 3362 57 57 3363 63 63 3364 874 1138 3365 57 57 3366 874 1138 3367 875 1139 3368 875 1139 3369 874 1138 3370 876 1140 3371 875 1139 3372 876 1140 3373 877 1141 3374 877 1141 3375 876 1140 3376 878 1142 3377 877 1141 3378 878 1142 3379 879 1143 3380 879 1143 3381 878 1142 3382 880 1144 3383 879 1143 3384 880 1144 3385 881 1145 3386 881 1145 3387 880 1144 3388 75 75 3389 881 1145 3390 75 75 3391 73 73 3392 300 300 3393 299 299 3394 882 1146 3395 882 1146 3396 299 299 3397 883 1147 3398 882 1146 3399 883 1147 3400 884 1148 3401 884 1148 3402 883 1147 3403 885 1149 3404 884 1148 3405 885 1149 3406 886 1150 3407 886 1150 3408 885 1149 3409 887 1151 3410 886 1150 3411 887 1151 3412 888 1152 3413 888 1152 3414 887 1151 3415 889 1153 3416 888 1152 3417 889 1153 3418 521 569 3419 521 569 3420 889 1153 3421 520 568 3422 890 1154 3423 611 661 3424 126 642 3425 135 1155 3426 136 1156 3427 891 1157 3428 891 1157 3429 136 1156 3430 892 1158 3431 892 1158 3432 136 1156 3433 125 1159 3434 892 1158 3435 125 1159 3436 893 1160 3437 893 1160 3438 125 1159 3439 894 1161 3440 894 1161 3441 125 1159 3442 124 1162 3443 894 1161 3444 124 1162 3445 895 1163 3446 895 1163 3447 124 1162 3448 140 517 3449 895 1163 3450 140 517 3451 471 516 3452 891 1157 3453 896 1164 3454 135 1155 3455 135 1155 3456 896 1164 3457 897 1165 3458 135 1155 3459 897 1165 3460 126 642 3461 126 642 3462 897 1165 3463 898 1166 3464 126 642 3465 898 1166 3466 890 1154 3467 457 492 3468 166 491 3469 165 1167 3470 163 1168 3471 899 1169 3472 165 1167 3473 165 1167 3474 899 1169 3475 900 1170 3476 165 1167 3477 900 1170 3478 457 492 3479 162 1171 3480 901 1172 3481 163 1168 3482 163 1168 3483 901 1172 3484 902 1173 3485 163 1168 3486 902 1173 3487 899 1169 3488 152 1174 3489 903 1175 3490 162 1171 3491 162 1171 3492 903 1175 3493 904 1176 3494 162 1171 3495 904 1176 3496 901 1172 3497 500 548 3498 905 1177 3499 150 543 3500 150 543 3501 905 1177 3502 906 1178 3503 150 543 3504 906 1178 3505 152 1174 3506 152 1174 3507 906 1178 3508 907 1179 3509 152 1174 3510 907 1179 3511 903 1175 3512 641 695 3513 642 696 3514 908 1180 3515 908 1180 3516 642 696 3517 909 1181 3518 908 1180 3519 909 1181 3520 910 1182 3521 910 1182 3522 909 1181 3523 911 1183 3524 910 1182 3525 911 1183 3526 912 1184 3527 912 1184 3528 911 1183 3529 913 1185 3530 912 1184 3531 913 1185 3532 635 689 3533 635 689 3534 913 1185 3535 636 690 3536 645 699 3537 646 700 3538 914 1186 3539 914 1186 3540 646 700 3541 915 1187 3542 914 1186 3543 915 1187 3544 916 1188 3545 916 1188 3546 915 1187 3547 917 1189 3548 916 1188 3549 917 1189 3550 918 1190 3551 918 1190 3552 917 1189 3553 919 1191 3554 918 1190 3555 919 1191 3556 639 693 3557 639 693 3558 919 1191 3559 640 694 3560 514 1192 3561 515 1193 3562 0 1192 3563 0 1192 3564 515 1193 3565 1 1194 3566 12 1195 3567 11 1196 3568 512 1197 3569 512 1197 3570 11 1196 3571 513 1198 3572 6 1199 3573 7 1200 3574 508 1201 3575 508 1201 3576 7 1200 3577 509 1202 3578 510 1203 3579 511 1204 3580 122 1205 3581 122 1205 3582 511 1204 3583 121 1206 3584 61 1207 3585 465 1208 3586 63 1209 3587 63 1209 3588 465 1208 3589 131 1210 3590 63 1209 3591 131 1210 3592 130 1211 3593 142 1212 3594 75 1213 3595 880 1214 3596 142 1212 3597 880 1214 3598 138 1215 3599 138 1215 3600 880 1214 3601 878 1216 3602 138 1215 3603 878 1216 3604 139 1217 3605 139 1217 3606 878 1216 3607 876 1218 3608 139 1217 3609 876 1218 3610 146 1219 3611 146 1219 3612 876 1218 3613 874 1220 3614 146 1219 3615 874 1220 3616 145 1221 3617 145 1221 3618 874 1220 3619 63 1209 3620 145 1221 3621 63 1209 3622 130 1211 3623 141 1222 3624 76 1223 3625 142 1212 3626 142 1212 3627 76 1223 3628 75 1213 3629 76 1223 3630 141 1222 3631 847 1224 3632 847 1224 3633 141 1222 3634 123 1225 3635 847 1224 3636 123 1225 3637 848 1226 3638 848 1226 3639 123 1225 3640 129 1227 3641 848 1226 3642 129 1227 3643 849 1228 3644 849 1228 3645 129 1227 3646 134 1229 3647 849 1228 3648 134 1229 3649 627 1230 3650 627 1230 3651 134 1229 3652 133 1231 3653 128 1232 3654 9 1233 3655 133 1231 3656 133 1231 3657 9 1233 3658 627 1230 3659 127 1234 3660 10 1235 3661 128 1236 3662 128 1236 3663 10 1235 3664 9 1237 3665 599 1238 3666 11 1239 3667 127 1240 3668 127 1240 3669 11 1239 3670 10 1241 3671 590 1242 3672 513 1243 3673 599 1244 3674 599 1244 3675 513 1243 3676 11 1245 3677 593 1246 3678 515 1247 3679 590 1248 3680 590 1248 3681 515 1247 3682 513 1249 3683 608 1250 3684 1 1251 3685 593 1252 3686 593 1252 3687 1 1251 3688 515 1253 3689 614 1254 3690 3 1255 3691 608 1256 3692 608 1256 3693 3 1255 3694 1 1257 3695 3 1255 3696 614 1254 3697 826 1258 3698 826 1258 3699 614 1254 3700 613 1259 3701 826 1258 3702 613 1259 3703 824 1260 3704 824 1260 3705 613 1259 3706 611 1261 3707 896 1262 3708 16 1263 3709 897 1264 3710 897 1264 3711 16 1263 3712 816 1265 3713 897 1264 3714 816 1265 3715 898 1266 3716 898 1266 3717 816 1265 3718 817 1267 3719 898 1266 3720 817 1267 3721 890 1268 3722 890 1268 3723 817 1267 3724 820 1269 3725 890 1268 3726 820 1269 3727 611 1261 3728 611 1261 3729 820 1269 3730 821 1270 3731 611 1261 3732 821 1270 3733 824 1260 3734 37 1271 3735 16 1263 3736 896 1262 3737 896 1262 3738 891 1272 3739 37 1271 3740 37 1271 3741 891 1272 3742 892 1273 3743 37 1271 3744 892 1273 3745 48 1274 3746 471 1275 3747 51 1276 3748 895 1277 3749 895 1277 3750 51 1276 3751 49 1278 3752 895 1277 3753 49 1278 3754 894 1279 3755 894 1279 3756 49 1278 3757 48 1274 3758 894 1279 3759 48 1274 3760 893 1280 3761 893 1280 3762 48 1274 3763 892 1273 3764 51 1276 3765 471 1275 3766 470 1281 3767 51 1276 3768 470 1281 3769 52 1282 3770 52 1282 3771 470 1281 3772 469 1283 3773 52 1282 3774 469 1283 3775 31 1284 3776 31 1284 3777 469 1283 3778 468 1285 3779 31 1284 3780 468 1285 3781 33 1286 3782 33 1286 3783 468 1285 3784 467 1287 3785 33 1286 3786 467 1287 3787 35 1288 3788 35 1288 3789 467 1287 3790 464 1289 3791 35 1288 3792 464 1289 3793 36 1290 3794 36 1290 3795 464 1289 3796 466 1291 3797 36 1290 3798 466 1291 3799 19 1292 3800 19 1292 3801 466 1291 3802 474 1293 3803 19 1292 3804 474 1293 3805 21 1294 3806 21 1294 3807 474 1293 3808 476 1295 3809 21 1294 3810 476 1295 3811 23 1296 3812 23 1296 3813 476 1295 3814 478 1297 3815 23 1296 3816 478 1297 3817 47 1298 3818 47 1298 3819 478 1297 3820 480 1299 3821 47 1298 3822 480 1299 3823 46 1300 3824 46 1300 3825 480 1299 3826 482 1301 3827 46 1300 3828 482 1301 3829 44 1302 3830 44 1302 3831 482 1301 3832 173 1303 3833 44 1302 3834 173 1303 3835 42 1304 3836 172 1305 3837 27 1306 3838 173 1303 3839 173 1303 3840 27 1306 3841 42 1304 3842 815 1307 3843 26 1308 3844 172 1309 3845 172 1309 3846 26 1308 3847 27 1310 3848 866 1311 3849 25 1312 3850 815 1307 3851 815 1307 3852 25 1312 3853 26 1308 3854 870 1130 3855 869 1129 3856 827 1068 3857 25 1312 3858 866 1311 3859 818 1313 3860 818 1313 3861 866 1311 3862 865 1314 3863 818 1313 3864 865 1314 3865 819 1315 3866 819 1315 3867 865 1314 3868 868 1316 3869 819 1315 3870 868 1316 3871 822 1317 3872 822 1317 3873 868 1316 3874 867 1318 3875 822 1317 3876 867 1318 3877 823 1064 3878 823 1064 3879 867 1318 3880 873 1137 3881 823 1064 3882 873 1137 3883 825 1066 3884 825 1066 3885 873 1137 3886 872 1136 3887 825 1066 3888 872 1136 3889 830 1071 3890 830 1071 3891 872 1136 3892 871 1132 3893 830 1071 3894 871 1132 3895 829 1070 3896 829 1070 3897 871 1132 3898 870 1130 3899 829 1070 3900 870 1130 3901 828 1069 3902 828 1069 3903 870 1130 3904 827 1068 3905 559 1319 3906 557 1320 3907 869 1321 3908 869 1321 3909 557 1320 3910 827 1322 3911 827 1322 3912 557 1320 3913 555 1323 3914 827 1322 3915 555 1323 3916 2 1324 3917 159 1325 3918 161 1326 3919 57 1327 3920 57 1327 3921 161 1326 3922 463 1328 3923 57 1327 3924 463 1328 3925 55 1329 3926 554 1330 3927 0 1331 3928 555 1323 3929 555 1323 3930 0 1331 3931 2 1324 3932 159 1325 3933 57 1327 3934 875 1332 3935 159 1325 3936 875 1332 3937 170 1333 3938 170 1333 3939 875 1332 3940 877 1334 3941 170 1333 3942 877 1334 3943 167 1335 3944 167 1335 3945 877 1334 3946 879 1336 3947 167 1335 3948 879 1336 3949 168 1337 3950 168 1337 3951 879 1336 3952 881 1338 3953 168 1337 3954 881 1338 3955 169 1339 3956 169 1339 3957 881 1338 3958 73 1340 3959 169 1339 3960 73 1340 3961 154 1341 3962 528 1342 3963 514 1343 3964 554 1344 3965 554 1344 3966 514 1343 3967 0 1345 3968 72 1346 3969 155 1347 3970 73 1340 3971 73 1340 3972 155 1347 3973 154 1341 3974 535 1348 3975 512 1349 3976 528 1350 3977 528 1350 3978 512 1349 3979 514 1351 3980 620 1352 3981 149 1353 3982 850 1354 3983 850 1354 3984 149 1353 3985 151 1355 3986 850 1354 3987 151 1355 3988 851 1356 3989 851 1356 3990 151 1355 3991 153 1357 3992 851 1356 3993 153 1357 3994 852 1358 3995 852 1358 3996 153 1357 3997 164 1359 3998 852 1358 3999 164 1359 4000 72 1346 4001 72 1346 4002 164 1359 4003 155 1347 4004 546 1360 4005 12 1361 4006 535 1362 4007 535 1362 4008 12 1361 4009 512 1363 4010 117 1364 4011 147 1365 4012 620 1352 4013 620 1352 4014 147 1365 4015 149 1353 4016 638 1366 4017 8 1367 4018 637 1368 4019 637 1368 4020 8 1367 4021 13 1369 4022 585 1370 4023 13 1371 4024 546 1372 4025 546 1372 4026 13 1371 4027 12 1373 4028 119 1374 4029 148 1375 4030 117 1376 4031 117 1376 4032 148 1375 4033 147 1377 4034 636 1378 4035 625 1379 4036 638 1380 4037 638 1380 4038 625 1379 4039 8 1381 4040 585 1382 4041 637 1382 4042 13 1382 4043 121 1383 4044 490 1384 4045 119 1385 4046 119 1385 4047 490 1384 4048 148 1386 4049 642 1387 4050 631 1388 4051 909 1389 4052 909 1389 4053 631 1388 4054 629 1390 4055 909 1389 4056 629 1390 4057 911 1391 4058 911 1391 4059 629 1390 4060 628 1392 4061 911 1391 4062 628 1392 4063 913 1393 4064 913 1393 4065 628 1392 4066 615 1394 4067 913 1393 4068 615 1394 4069 636 1378 4070 636 1378 4071 615 1394 4072 625 1379 4073 584 1395 4074 635 1396 4075 585 1397 4076 585 1397 4077 635 1396 4078 637 1398 4079 511 1399 4080 485 1400 4081 121 1401 4082 121 1401 4083 485 1400 4084 490 1402 4085 640 1403 4086 633 1404 4087 642 1387 4088 642 1387 4089 633 1404 4090 631 1388 4091 635 1396 4092 584 1395 4093 912 1405 4094 912 1405 4095 584 1395 4096 583 1406 4097 912 1405 4098 583 1406 4099 910 1407 4100 910 1407 4101 583 1406 4102 582 1408 4103 910 1407 4104 582 1408 4105 908 1409 4106 908 1409 4107 582 1408 4108 553 1410 4109 908 1409 4110 553 1410 4111 641 1411 4112 641 1411 4113 553 1410 4114 551 1412 4115 509 1413 4116 486 1414 4117 511 1415 4118 511 1415 4119 486 1414 4120 485 1416 4121 646 1417 4122 618 1418 4123 915 1419 4124 915 1419 4125 618 1418 4126 619 1420 4127 915 1419 4128 619 1420 4129 917 1421 4130 917 1421 4131 619 1420 4132 624 1422 4133 917 1421 4134 624 1422 4135 919 1423 4136 919 1423 4137 624 1422 4138 634 1424 4139 919 1423 4140 634 1424 4141 640 1403 4142 640 1403 4143 634 1424 4144 633 1404 4145 549 1425 4146 639 1426 4147 551 1412 4148 551 1412 4149 639 1426 4150 641 1411 4151 7 1427 4152 504 1428 4153 509 1429 4154 509 1429 4155 504 1428 4156 486 1430 4157 644 1431 4158 118 1432 4159 646 1417 4160 646 1417 4161 118 1432 4162 618 1418 4163 639 1426 4164 549 1425 4165 918 1433 4166 918 1433 4167 549 1425 4168 547 1434 4169 918 1433 4170 547 1434 4171 916 1435 4172 916 1435 4173 547 1434 4174 589 1436 4175 916 1435 4176 589 1436 4177 914 1437 4178 914 1437 4179 589 1436 4180 588 1438 4181 914 1437 4182 588 1438 4183 645 1439 4184 645 1439 4185 588 1438 4186 587 1440 4187 5 1441 4188 506 1442 4189 7 1443 4190 7 1443 4191 506 1442 4192 504 1444 4193 643 1445 4194 120 1446 4195 644 1447 4196 644 1447 4197 120 1446 4198 118 1448 4199 543 1449 4200 643 1450 4201 587 1440 4202 587 1440 4203 643 1450 4204 645 1439 4205 832 1451 4206 500 1452 4207 834 1453 4208 834 1453 4209 500 1452 4210 507 1454 4211 834 1453 4212 507 1454 4213 5 1441 4214 5 1441 4215 507 1454 4216 506 1442 4217 543 1455 4218 120 1455 4219 643 1455 4220 112 1456 4221 903 1457 4222 844 1458 4223 844 1458 4224 903 1457 4225 907 1459 4226 844 1458 4227 907 1459 4228 840 1460 4229 840 1460 4230 907 1459 4231 906 1461 4232 840 1460 4233 906 1461 4234 838 1462 4235 838 1462 4236 906 1461 4237 905 1463 4238 838 1462 4239 905 1463 4240 831 1464 4241 831 1464 4242 905 1463 4243 500 1452 4244 831 1464 4245 500 1452 4246 832 1451 4247 570 1465 4248 122 1466 4249 543 1467 4250 543 1467 4251 122 1466 4252 120 1467 4253 903 1457 4254 112 1456 4255 904 1468 4256 904 1468 4257 112 1456 4258 113 1469 4259 115 1470 4260 457 1471 4261 116 1472 4262 116 1472 4263 457 1471 4264 900 1473 4265 116 1472 4266 900 1473 4267 110 1474 4268 900 1473 4269 899 1475 4270 110 1474 4271 110 1474 4272 899 1475 4273 902 1476 4274 110 1474 4275 902 1476 4276 113 1469 4277 113 1469 4278 902 1476 4279 901 1477 4280 113 1469 4281 901 1477 4282 904 1468 4283 533 1478 4284 510 1479 4285 570 1480 4286 570 1480 4287 510 1479 4288 122 1481 4289 95 1482 4290 174 1483 4291 481 1484 4292 95 1482 4293 481 1484 4294 93 1485 4295 93 1485 4296 481 1484 4297 479 1486 4298 93 1485 4299 479 1486 4300 91 1487 4301 91 1487 4302 479 1486 4303 477 1488 4304 91 1487 4305 477 1488 4306 90 1489 4307 90 1489 4308 477 1488 4309 475 1490 4310 90 1489 4311 475 1490 4312 88 1491 4313 88 1491 4314 475 1490 4315 473 1492 4316 88 1491 4317 473 1492 4318 86 1493 4319 86 1493 4320 473 1492 4321 472 1494 4322 86 1493 4323 472 1494 4324 79 1495 4325 79 1495 4326 472 1494 4327 462 1496 4328 79 1495 4329 462 1496 4330 102 1497 4331 102 1497 4332 462 1496 4333 461 1498 4334 102 1497 4335 461 1498 4336 103 1499 4337 103 1499 4338 461 1498 4339 460 1500 4340 103 1499 4341 460 1500 4342 105 1501 4343 105 1501 4344 460 1500 4345 459 1502 4346 105 1501 4347 459 1502 4348 107 1503 4349 107 1503 4350 459 1502 4351 458 1504 4352 107 1503 4353 458 1504 4354 114 1505 4355 114 1505 4356 458 1504 4357 457 1471 4358 114 1505 4359 457 1471 4360 115 1470 4361 532 1506 4362 508 1507 4363 533 1508 4364 533 1508 4365 508 1507 4366 510 1509 4367 83 1510 4368 175 1511 4369 95 1482 4370 95 1482 4371 175 1511 4372 174 1483 4373 573 1512 4374 6 1513 4375 532 1514 4376 532 1514 4377 6 1513 4378 508 1515 4379 81 1516 4380 814 1517 4381 83 1518 4382 83 1518 4383 814 1517 4384 175 1519 4385 575 1520 4386 4 1521 4387 573 1522 4388 573 1522 4389 4 1521 4390 6 1523 4391 814 1517 4392 81 1516 4393 855 1524 4394 855 1524 4395 81 1516 4396 111 1525 4397 4 1521 4398 575 1520 4399 845 1526 4400 845 1526 4401 575 1520 4402 581 1527 4403 845 1526 4404 581 1527 4405 854 1528 4406 854 1528 4407 581 1527 4408 580 1529 4409 846 1087 4410 845 1086 4411 854 1104 4412 836 1077 4413 833 1074 4414 864 1119 4415 864 1119 4416 833 1074 4417 835 1076 4418 864 1119 4419 835 1076 4420 863 1118 4421 863 1118 4422 835 1076 4423 846 1087 4424 863 1118 4425 846 1087 4426 853 1103 4427 853 1103 4428 846 1087 4429 854 1104 4430 855 1524 4431 111 1525 4432 856 1530 4433 856 1530 4434 111 1525 4435 843 1531 4436 856 1530 4437 843 1531 4438 857 1532 4439 857 1532 4440 843 1531 4441 858 1533 4442 864 1119 4443 862 1116 4444 836 1077 4445 836 1077 4446 862 1116 4447 861 1115 4448 836 1077 4449 861 1115 4450 837 1534 4451 837 1534 4452 861 1115 4453 860 1114 4454 837 1534 4455 860 1114 4456 839 1535 4457 839 1535 4458 860 1114 4459 859 1536 4460 839 1535 4461 859 1536 4462 841 1537 4463 841 1537 4464 859 1536 4465 858 1533 4466 841 1537 4467 858 1533 4468 842 1538 4469 842 1538 4470 858 1533 4471 843 1531 4472 304 1539 4473 259 1540 4474 306 1541 4475 306 1541 4476 259 1540 4477 261 1542 4478 306 1541 4479 261 1542 4480 308 1543 4481 308 1543 4482 261 1542 4483 263 1544 4484 308 1543 4485 263 1544 4486 310 1545 4487 310 1545 4488 263 1544 4489 265 1546 4490 310 1545 4491 265 1546 4492 312 1547 4493 312 1547 4494 265 1546 4495 267 1548 4496 312 1547 4497 267 1548 4498 314 1549 4499 314 1549 4500 267 1548 4501 269 1550 4502 314 1549 4503 269 1550 4504 316 1551 4505 316 1551 4506 269 1550 4507 250 1552 4508 316 1551 4509 250 1552 4510 318 1553 4511 318 1553 4512 250 1552 4513 252 1554 4514 318 1553 4515 252 1554 4516 320 1555 4517 320 1555 4518 252 1554 4519 254 1556 4520 320 1555 4521 254 1556 4522 322 1557 4523 322 1557 4524 254 1556 4525 256 1558 4526 322 1557 4527 256 1558 4528 324 1559 4529 324 1559 4530 256 1558 4531 239 1560 4532 324 1559 4533 239 1560 4534 326 1561 4535 326 1561 4536 239 1560 4537 241 1562 4538 326 1561 4539 241 1562 4540 328 1563 4541 328 1563 4542 241 1562 4543 242 1564 4544 328 1563 4545 242 1564 4546 330 1565 4547 330 1565 4548 242 1564 4549 237 1566 4550 330 1565 4551 237 1566 4552 332 1567 4553 332 1567 4554 237 1566 4555 236 1568 4556 332 1567 4557 236 1568 4558 334 1569 4559 334 1569 4560 236 1568 4561 248 1570 4562 334 1569 4563 248 1570 4564 336 1571 4565 336 1571 4566 248 1570 4567 249 1572 4568 336 1571 4569 249 1572 4570 338 1573 4571 338 1573 4572 249 1572 4573 247 1574 4574 338 1573 4575 247 1574 4576 340 1575 4577 340 1575 4578 247 1574 4579 246 1576 4580 340 1575 4581 246 1576 4582 342 1577 4583 342 1577 4584 246 1576 4585 244 1578 4586 342 1577 4587 244 1578 4588 344 1579 4589 344 1579 4590 244 1578 4591 243 1580 4592 344 1579 4593 243 1580 4594 302 1581 4595 302 1581 4596 243 1580 4597 272 1582 4598 302 1581 4599 272 1582 4600 304 1539 4601 304 1539 4602 272 1582 4603 259 1540 4604 321 1583 4605 221 1584 4606 319 1585 4607 319 1585 4608 221 1584 4609 219 1586 4610 319 1585 4611 219 1586 4612 317 1587 4613 317 1587 4614 219 1586 4615 217 1588 4616 317 1587 4617 217 1588 4618 315 1589 4619 315 1589 4620 217 1588 4621 179 1590 4622 315 1589 4623 179 1590 4624 313 1591 4625 313 1591 4626 179 1590 4627 205 1592 4628 313 1591 4629 205 1592 4630 311 1593 4631 311 1593 4632 205 1592 4633 207 1594 4634 311 1593 4635 207 1594 4636 309 1595 4637 309 1595 4638 207 1594 4639 209 1596 4640 309 1595 4641 209 1596 4642 307 1597 4643 307 1597 4644 209 1596 4645 211 1598 4646 307 1597 4647 211 1598 4648 305 1599 4649 305 1599 4650 211 1598 4651 213 1600 4652 305 1599 4653 213 1600 4654 303 1601 4655 303 1601 4656 213 1600 4657 199 1602 4658 303 1601 4659 199 1602 4660 301 1603 4661 301 1603 4662 199 1602 4663 201 1604 4664 301 1603 4665 201 1604 4666 343 1605 4667 343 1605 4668 201 1604 4669 203 1606 4670 343 1605 4671 203 1606 4672 341 1607 4673 341 1607 4674 203 1606 4675 204 1608 4676 341 1607 4677 204 1608 4678 339 1609 4679 339 1609 4680 204 1608 4681 195 1610 4682 339 1609 4683 195 1610 4684 337 1611 4685 337 1611 4686 195 1610 4687 193 1612 4688 337 1611 4689 193 1612 4690 335 1613 4691 335 1613 4692 193 1612 4693 192 1614 4694 335 1613 4695 192 1614 4696 333 1615 4697 333 1615 4698 192 1614 4699 196 1616 4700 333 1615 4701 196 1616 4702 331 1617 4703 331 1617 4704 196 1616 4705 197 1618 4706 331 1617 4707 197 1618 4708 329 1619 4709 329 1619 4710 197 1618 4711 198 1620 4712 329 1619 4713 198 1620 4714 327 1621 4715 327 1621 4716 198 1620 4717 226 1622 4718 327 1621 4719 226 1622 4720 325 1623 4721 325 1623 4722 226 1622 4723 225 1624 4724 325 1623 4725 225 1624 4726 323 1625 4727 323 1625 4728 225 1624 4729 223 1626 4730 323 1625 4731 223 1626 4732 321 1583 4733 321 1583 4734 223 1626 4735 221 1584 4736 350 1627 4737 101 1628 4738 357 1629 4739 357 1629 4740 101 1628 4741 100 1630 4742 357 1629 4743 100 1630 4744 361 1631 4745 361 1631 4746 100 1630 4747 99 1632 4748 361 1631 4749 99 1632 4750 398 1633 4751 398 1633 4752 99 1632 4753 80 1634 4754 398 1633 4755 80 1634 4756 401 1635 4757 401 1635 4758 80 1634 4759 82 1636 4760 401 1635 4761 82 1636 4762 404 1637 4763 404 1637 4764 82 1636 4765 84 1638 4766 404 1637 4767 84 1638 4768 407 1639 4769 407 1639 4770 84 1638 4771 85 1640 4772 407 1639 4773 85 1640 4774 410 1641 4775 410 1641 4776 85 1640 4777 98 1642 4778 410 1641 4779 98 1642 4780 413 1643 4781 413 1643 4782 98 1642 4783 97 1644 4784 413 1643 4785 97 1644 4786 416 1645 4787 416 1645 4788 97 1644 4789 96 1646 4790 416 1645 4791 96 1646 4792 418 1647 4793 418 1647 4794 96 1646 4795 94 1648 4796 418 1647 4797 94 1648 4798 420 1649 4799 420 1649 4800 94 1648 4801 92 1650 4802 420 1649 4803 92 1650 4804 423 1651 4805 423 1651 4806 92 1650 4807 89 1652 4808 423 1651 4809 89 1652 4810 426 1653 4811 426 1653 4812 89 1652 4813 87 1654 4814 426 1653 4815 87 1654 4816 429 1655 4817 429 1655 4818 87 1654 4819 78 1656 4820 429 1655 4821 78 1656 4822 432 1657 4823 432 1657 4824 78 1656 4825 77 1658 4826 432 1657 4827 77 1658 4828 384 1659 4829 384 1659 4830 77 1658 4831 104 1660 4832 384 1659 4833 104 1660 4834 349 1661 4835 349 1661 4836 104 1660 4837 106 1662 4838 349 1661 4839 106 1662 4840 347 1663 4841 347 1663 4842 106 1662 4843 108 1664 4844 347 1663 4845 108 1664 4846 352 1665 4847 352 1665 4848 108 1664 4849 109 1666 4850 352 1665 4851 109 1666 4852 350 1627 4853 350 1627 4854 109 1666 4855 101 1628 4856 45 1667 4857 43 1668 4858 417 1669 4859 417 1669 4860 419 1670 4861 45 1667 4862 45 1667 4863 419 1670 4864 421 1671 4865 45 1667 4866 421 1671 4867 24 1672 4868 421 1671 4869 422 1673 4870 24 1672 4871 24 1672 4872 422 1673 4873 424 1674 4874 24 1672 4875 424 1674 4876 22 1675 4877 424 1674 4878 425 1676 4879 22 1675 4880 22 1675 4881 425 1676 4882 427 1677 4883 22 1675 4884 427 1677 4885 20 1678 4886 427 1677 4887 428 1679 4888 20 1678 4889 20 1678 4890 428 1679 4891 430 1680 4892 20 1678 4893 430 1680 4894 18 1681 4895 18 1681 4896 430 1680 4897 431 1682 4898 18 1681 4899 431 1682 4900 34 1683 4901 431 1682 4902 433 1684 4903 34 1683 4904 34 1683 4905 433 1684 4906 434 1685 4907 34 1683 4908 434 1685 4909 32 1686 4910 434 1685 4911 390 1687 4912 32 1686 4913 32 1686 4914 390 1687 4915 392 1688 4916 32 1686 4917 392 1688 4918 30 1689 4919 392 1688 4920 371 1690 4921 30 1689 4922 30 1689 4923 371 1690 4924 374 1691 4925 30 1689 4926 374 1691 4927 50 1692 4928 374 1691 4929 376 1693 4930 50 1692 4931 50 1692 4932 376 1693 4933 378 1694 4934 50 1692 4935 378 1694 4936 38 1695 4937 378 1694 4938 377 1696 4939 38 1695 4940 38 1695 4941 377 1696 4942 369 1697 4943 38 1695 4944 369 1697 4945 39 1698 4946 369 1697 4947 367 1699 4948 39 1698 4949 39 1698 4950 367 1699 4951 365 1700 4952 39 1698 4953 365 1700 4954 17 1701 4955 365 1700 4956 364 1702 4957 17 1701 4958 17 1701 4959 364 1702 4960 395 1703 4961 17 1701 4962 395 1703 4963 14 1704 4964 395 1703 4965 396 1705 4966 14 1704 4967 14 1704 4968 396 1705 4969 397 1706 4970 14 1704 4971 397 1706 4972 15 1707 4973 397 1706 4974 399 1708 4975 15 1707 4976 15 1707 4977 399 1708 4978 400 1709 4979 15 1707 4980 400 1709 4981 28 1710 4982 28 1710 4983 400 1709 4984 402 1711 4985 402 1711 4986 403 1712 4987 28 1710 4988 28 1710 4989 403 1712 4990 405 1713 4991 28 1710 4992 405 1713 4993 29 1714 4994 405 1713 4995 406 1715 4996 29 1714 4997 29 1714 4998 406 1715 4999 408 1716 5000 29 1714 5001 408 1716 5002 40 1717 5003 408 1716 5004 409 1718 5005 40 1717 5006 40 1717 5007 409 1718 5008 411 1719 5009 40 1717 5010 411 1719 5011 41 1720 5012 411 1719 5013 412 1721 5014 41 1720 5015 41 1720 5016 412 1721 5017 414 1722 5018 41 1720 5019 414 1722 5020 43 1668 5021 43 1668 5022 414 1722 5023 415 1723 5024 43 1668 5025 415 1723 5026 417 1669 5027 202 1724 5028 177 1725 5029 194 1726 5030 194 1726 5031 177 1725 5032 176 1727 5033 222 1728 5034 299 1729 5035 297 1730 5036 222 1728 5037 297 1730 5038 220 1731 5039 220 1731 5040 297 1730 5041 295 1732 5042 220 1731 5043 295 1732 5044 218 1733 5045 218 1733 5046 295 1732 5047 293 1734 5048 218 1733 5049 293 1734 5050 216 1735 5051 216 1735 5052 293 1734 5053 291 1736 5054 216 1735 5055 291 1736 5056 180 1737 5057 180 1737 5058 291 1736 5059 289 1738 5060 180 1737 5061 289 1738 5062 181 1739 5063 181 1739 5064 289 1738 5065 287 1740 5066 181 1739 5067 287 1740 5068 206 1741 5069 206 1741 5070 287 1740 5071 285 1742 5072 206 1741 5073 285 1742 5074 208 1743 5075 208 1743 5076 285 1742 5077 283 1744 5078 208 1743 5079 283 1744 5080 210 1745 5081 210 1745 5082 283 1744 5083 281 1746 5084 210 1745 5085 281 1746 5086 212 1747 5087 212 1747 5088 281 1746 5089 279 1748 5090 212 1747 5091 279 1748 5092 214 1749 5093 214 1749 5094 279 1748 5095 277 1750 5096 214 1749 5097 277 1750 5098 215 1751 5099 215 1751 5100 277 1750 5101 275 1752 5102 215 1751 5103 275 1752 5104 200 1753 5105 200 1753 5106 275 1752 5107 177 1725 5108 200 1753 5109 177 1725 5110 202 1724 5111 299 1729 5112 222 1728 5113 883 1754 5114 883 1754 5115 222 1728 5116 224 1755 5117 883 1754 5118 224 1755 5119 885 1756 5120 885 1756 5121 224 1755 5122 191 1757 5123 885 1756 5124 191 1757 5125 887 1758 5126 887 1758 5127 191 1757 5128 190 1759 5129 887 1758 5130 190 1759 5131 889 1760 5132 889 1760 5133 190 1759 5134 184 1761 5135 889 1760 5136 184 1761 5137 520 1762 5138 520 1762 5139 184 1761 5140 186 1763 5141 188 1764 5142 518 1765 5143 186 1763 5144 186 1763 5145 518 1765 5146 520 1762 5147 178 1766 5148 273 1767 5149 171 1768 5150 171 1768 5151 273 1767 5152 245 1769 5153 273 1767 5154 178 1766 5155 276 1770 5156 273 1767 5157 276 1770 5158 274 1771 5159 274 1771 5160 276 1770 5161 278 1772 5162 274 1771 5163 278 1772 5164 260 1773 5165 260 1773 5166 278 1772 5167 280 1774 5168 260 1773 5169 280 1774 5170 262 1775 5171 262 1775 5172 280 1774 5173 282 1776 5174 262 1775 5175 282 1776 5176 264 1777 5177 264 1777 5178 282 1776 5179 284 1778 5180 264 1777 5181 284 1778 5182 266 1779 5183 266 1779 5184 284 1778 5185 286 1780 5186 266 1779 5187 286 1780 5188 268 1781 5189 268 1781 5190 286 1780 5191 288 1782 5192 268 1781 5193 288 1782 5194 270 1783 5195 270 1783 5196 288 1782 5197 290 1784 5198 270 1783 5199 290 1784 5200 271 1785 5201 271 1785 5202 290 1784 5203 292 1786 5204 271 1785 5205 292 1786 5206 251 1787 5207 251 1787 5208 292 1786 5209 294 1788 5210 251 1787 5211 294 1788 5212 253 1789 5213 253 1789 5214 294 1788 5215 296 1790 5216 253 1789 5217 296 1790 5218 255 1791 5219 255 1791 5220 296 1790 5221 298 1792 5222 255 1791 5223 298 1792 5224 257 1793 5225 257 1793 5226 298 1792 5227 300 1794 5228 257 1793 5229 300 1794 5230 258 1795 5231 521 1796 5232 227 1797 5233 888 1798 5234 888 1798 5235 227 1797 5236 233 1799 5237 888 1798 5238 233 1799 5239 886 1800 5240 886 1800 5241 233 1799 5242 231 1801 5243 886 1800 5244 231 1801 5245 884 1802 5246 884 1802 5247 231 1801 5248 235 1803 5249 884 1802 5250 235 1803 5251 882 1804 5252 882 1804 5253 235 1803 5254 240 1805 5255 882 1804 5256 240 1805 5257 300 1794 5258 300 1794 5259 240 1805 5260 258 1795 5261 523 1806 5262 228 1807 5263 521 1796 5264 521 1796 5265 228 1807 5266 227 1797 5267 607 1808 5268 606 1809 5269 696 1810 5270 696 1810 5271 694 1811 5272 607 1808 5273 607 1808 5274 694 1811 5275 693 1812 5276 607 1808 5277 693 1812 5278 609 1813 5279 693 1812 5280 691 1814 5281 609 1813 5282 609 1813 5283 691 1814 5284 690 1815 5285 609 1813 5286 690 1815 5287 612 1816 5288 690 1815 5289 688 1817 5290 612 1816 5291 612 1816 5292 688 1817 5293 687 1818 5294 612 1816 5295 687 1818 5296 610 1819 5297 687 1818 5298 685 1820 5299 610 1819 5300 610 1819 5301 685 1820 5302 684 1821 5303 610 1819 5304 684 1821 5305 603 1822 5306 684 1821 5307 682 1823 5308 603 1822 5309 603 1822 5310 682 1823 5311 681 1824 5312 603 1822 5313 681 1824 5314 604 1825 5315 681 1824 5316 679 1826 5317 604 1825 5318 604 1825 5319 679 1826 5320 678 1827 5321 604 1825 5322 678 1827 5323 605 1828 5324 678 1827 5325 676 1829 5326 605 1828 5327 605 1828 5328 676 1829 5329 675 1830 5330 605 1828 5331 675 1830 5332 594 1831 5333 594 1831 5334 675 1830 5335 673 1832 5336 594 1831 5337 673 1832 5338 595 1833 5339 673 1832 5340 671 1834 5341 595 1833 5342 595 1833 5343 671 1834 5344 669 1835 5345 595 1833 5346 669 1835 5347 596 1836 5348 669 1835 5349 668 1837 5350 596 1836 5351 596 1836 5352 668 1837 5353 666 1838 5354 596 1836 5355 666 1838 5356 597 1839 5357 666 1838 5358 665 1840 5359 597 1839 5360 597 1839 5361 665 1840 5362 663 1841 5363 597 1839 5364 663 1841 5365 598 1842 5366 663 1841 5367 662 1843 5368 598 1842 5369 598 1842 5370 662 1843 5371 660 1844 5372 598 1842 5373 660 1844 5374 600 1845 5375 660 1844 5376 659 1846 5377 600 1845 5378 600 1845 5379 659 1846 5380 657 1847 5381 600 1845 5382 657 1847 5383 601 1848 5384 657 1847 5385 656 1849 5386 601 1848 5387 601 1848 5388 656 1849 5389 654 1850 5390 601 1848 5391 654 1850 5392 602 1851 5393 654 1850 5394 653 1852 5395 602 1851 5396 602 1851 5397 653 1852 5398 651 1853 5399 602 1851 5400 651 1853 5401 591 1854 5402 651 1853 5403 650 1855 5404 591 1854 5405 591 1854 5406 650 1855 5407 647 1856 5408 591 1854 5409 647 1856 5410 592 1857 5411 592 1857 5412 647 1856 5413 698 1858 5414 592 1857 5415 698 1858 5416 606 1809 5417 606 1809 5418 698 1858 5419 697 1859 5420 606 1809 5421 697 1859 5422 696 1810 5423 498 1860 5424 495 1861 5425 762 1862 5426 762 1862 5427 760 1863 5428 498 1860 5429 498 1860 5430 760 1863 5431 759 1864 5432 498 1860 5433 759 1864 5434 499 1865 5435 759 1864 5436 757 1866 5437 499 1865 5438 499 1865 5439 757 1866 5440 756 1867 5441 499 1865 5442 756 1867 5443 501 1868 5444 756 1867 5445 754 1869 5446 501 1868 5447 501 1868 5448 754 1869 5449 753 1870 5450 501 1868 5451 753 1870 5452 502 1871 5453 753 1870 5454 751 1872 5455 502 1871 5456 502 1871 5457 751 1872 5458 750 1873 5459 502 1871 5460 750 1873 5461 505 1874 5462 750 1873 5463 748 1875 5464 505 1874 5465 505 1874 5466 748 1875 5467 747 1876 5468 505 1874 5469 747 1876 5470 503 1877 5471 747 1876 5472 745 1878 5473 503 1877 5474 503 1877 5475 745 1878 5476 744 1879 5477 503 1877 5478 744 1879 5479 488 1880 5480 744 1879 5481 742 1881 5482 488 1880 5483 488 1880 5484 742 1881 5485 741 1882 5486 488 1880 5487 741 1882 5488 487 1883 5489 487 1883 5490 741 1882 5491 739 1884 5492 487 1883 5493 739 1884 5494 492 1885 5495 739 1884 5496 738 1886 5497 492 1885 5498 492 1885 5499 738 1886 5500 736 1887 5501 492 1885 5502 736 1887 5503 493 1888 5504 736 1887 5505 735 1889 5506 493 1888 5507 493 1888 5508 735 1889 5509 733 1890 5510 493 1888 5511 733 1890 5512 494 1891 5513 733 1890 5514 732 1892 5515 494 1891 5516 494 1891 5517 732 1892 5518 730 1893 5519 494 1891 5520 730 1893 5521 491 1894 5522 730 1893 5523 729 1895 5524 491 1894 5525 491 1894 5526 729 1895 5527 727 1896 5528 491 1894 5529 727 1896 5530 489 1897 5531 727 1896 5532 726 1898 5533 489 1897 5534 489 1897 5535 726 1898 5536 724 1899 5537 489 1897 5538 724 1899 5539 483 1900 5540 724 1899 5541 723 1901 5542 483 1900 5543 483 1900 5544 723 1901 5545 721 1902 5546 483 1900 5547 721 1902 5548 484 1903 5549 721 1902 5550 720 1904 5551 484 1903 5552 484 1903 5553 720 1904 5554 718 1905 5555 484 1903 5556 718 1905 5557 497 1906 5558 718 1905 5559 717 1907 5560 497 1906 5561 497 1906 5562 717 1907 5563 714 1908 5564 497 1906 5565 714 1908 5566 496 1909 5567 496 1909 5568 714 1908 5569 764 1910 5570 496 1909 5571 764 1910 5572 495 1861 5573 495 1861 5574 764 1910 5575 763 1911 5576 495 1861 5577 763 1911 5578 762 1862 5579</p>
        </triangles>
      </mesh>
    </geometry>
  </library_geometries>
  <library_visual_scenes>
    <visual_scene id="Scene" name="Scene">
      <node id="LINK_WRIST_PITCH_R" name="LINK_WRIST_PITCH_R" type="NODE">
        <matrix sid="transform">1 0 0 0 0 1 0 0 0 0 1 0 0 0 0 1</matrix>
        <instance_geometry url="#LINK_WRIST_PITCH_R-mesh" name="LINK_WRIST_PITCH_R">
          <bind_material>
            <technique_common>
              <instance_material symbol="分色槽-纯黑-material" target="#分色槽-纯黑-material"/>
            </technique_common>
          </bind_material>
        </instance_geometry>
      </node>
    </visual_scene>
  </library_visual_scenes>
  <scene>
    <instance_visual_scene url="#Scene"/>
  </scene>
</COLLADA>