# Blender 3.6.9
# www.blender.org
mtllib LINK_WRIST_PITCH_R.mtl
o LINK_WRIST_PITCH_R
v 0.013767 0.002405 -0.008409
v 0.013767 0.007791 -0.008795
v 0.012302 0.002382 -0.008732
v 0.012302 0.007768 -0.009118
v -0.007224 0.002072 -0.013050
v -0.007224 0.007458 -0.013436
v -0.008688 0.002049 -0.013374
v -0.008688 0.007435 -0.013760
v 0.007221 0.010120 -0.019659
v 0.008100 0.010134 -0.019464
v 0.008100 0.007042 -0.019243
v 0.015715 0.007163 -0.017559
v 0.015715 0.001777 -0.017173
v 0.007221 0.001642 -0.019051
v 0.008299 0.007022 -0.000226
v 0.008037 0.006800 0.000977
v 0.009917 0.008260 -0.007630
v 0.008526 0.007631 -0.001295
v 0.008037 0.014355 0.000435
v 0.007823 0.017295 0.001191
v 0.007767 0.014339 0.001656
v 0.007477 0.017045 0.002772
v 0.007519 0.013918 0.002808
v 0.007161 0.016410 0.004247
v 0.007320 0.013137 0.003765
v 0.009917 0.005082 -0.007402
v 0.009703 0.005302 -0.006450
v 0.006519 0.006329 0.007875
v 0.007767 0.006990 0.002183
v 0.007519 0.007571 0.003263
v 0.008692 0.012170 -0.002372
v 0.009086 0.014500 -0.004320
v 0.008526 0.013208 -0.001695
v 0.008828 0.015705 -0.003241
v 0.008299 0.013964 -0.000724
v 0.008519 0.016605 -0.001908
v 0.008177 0.017146 -0.000401
v 0.009747 0.008776 -0.006899
v 0.008780 0.009714 -0.002594
v 0.008692 0.008562 -0.002114
v 0.007320 0.008481 0.004098
v 0.007191 0.009620 0.004600
v 0.006519 0.011067 0.007536
v 0.007146 0.010865 0.004712
v 0.006562 0.012674 0.007225
v 0.007191 0.012081 0.004423
v 0.006689 0.014157 0.006543
v 0.006893 0.015428 0.005530
v 0.009574 0.009603 -0.006175
v 0.009449 0.010593 -0.005683
v 0.008780 0.010962 -0.002683
v 0.009390 0.011478 -0.005477
v 0.009277 0.013063 -0.005081
v -0.000286 0.017254 -0.004054
v -0.000793 0.017203 -0.004763
v -0.003454 0.017400 -0.002015
v -0.000967 0.017142 -0.005617
v -0.001722 0.016842 -0.009805
v -0.000778 0.017081 -0.006467
v -0.000259 0.017031 -0.007167
v 0.002821 0.017233 -0.004352
v 0.003771 0.017515 -0.000417
v 0.003183 0.017176 -0.005145
v 0.005502 0.016957 -0.008208
v 0.003190 0.017114 -0.006016
v 0.002842 0.017056 -0.006815
v 0.000501 0.017000 -0.007596
v 0.001370 0.016994 -0.007679
v 0.002198 0.017014 -0.007403
v 0.002167 0.017274 -0.003775
v 0.001334 0.017293 -0.003513
v 0.000466 0.017286 -0.003612
v -0.001073 0.012643 -0.012441
v -0.001073 0.013640 -0.012512
v 0.002539 0.012700 -0.011642
v 0.006152 0.013755 -0.010915
v 0.006152 0.012757 -0.010843
v -0.007450 0.013961 -0.003615
v -0.007720 0.014151 -0.002408
v -0.007798 0.017048 -0.002264
v -0.007450 0.006612 -0.003088
v -0.005918 0.005055 -0.009904
v -0.007720 0.006596 -0.001866
v -0.009102 0.006082 0.004421
v -0.007982 0.006987 -0.000708
v -0.008209 0.007743 0.000263
v -0.008143 0.016798 -0.000683
v -0.007982 0.013929 -0.001205
v -0.008460 0.016163 0.000793
v -0.008209 0.013320 -0.000136
v -0.008728 0.015180 0.002076
v -0.008931 0.013910 0.003088
v -0.008375 0.012389 0.000682
v -0.009059 0.012427 0.003771
v -0.008463 0.011237 0.001162
v -0.009102 0.010820 0.004082
v -0.008474 0.010617 0.001258
v -0.008463 0.009990 0.001252
v -0.008375 0.008781 0.000941
v -0.007202 0.007034 -0.004239
v -0.007003 0.007814 -0.005196
v -0.006874 0.008870 -0.005854
v -0.007443 0.016898 -0.003855
v -0.007101 0.016357 -0.005363
v -0.007202 0.013380 -0.004694
v -0.006792 0.015457 -0.006695
v -0.007003 0.012471 -0.005530
v -0.006535 0.014253 -0.007774
v -0.006874 0.011332 -0.006031
v -0.006829 0.010087 -0.006143
v -0.006047 0.009355 -0.009629
v -0.005704 0.004834 -0.010856
v -0.005704 0.008013 -0.011084
v -0.005874 0.008529 -0.010353
v -0.006344 0.012815 -0.008535
v -0.006231 0.011230 -0.008931
v -0.006171 0.010345 -0.009138
v 0.000875 0.010020 -0.021062
v 0.001754 0.010034 -0.020868
v 0.000875 0.006928 -0.020840
v 0.001754 0.001555 -0.020260
v -0.006740 0.006807 -0.022524
v -0.006740 0.001421 -0.022138
v 0.006417 0.011893 -0.010594
v 0.005611 0.010555 -0.006851
v 0.005754 0.009510 -0.007424
v 0.006396 0.007990 -0.010219
v 0.008328 0.007367 -0.018907
v 0.008328 0.009861 -0.019086
v 0.006525 0.011114 -0.011026
v 0.005795 0.016662 -0.008122
v 0.004502 0.017079 -0.002305
v 0.004639 0.016812 -0.002903
v 0.006877 0.010328 -0.012562
v 0.006687 0.010564 -0.011717
v 0.006197 0.008162 -0.009328
v 0.005956 0.008688 -0.008276
v 0.005430 0.013111 -0.006217
v 0.006351 0.014622 -0.010489
v 0.006268 0.015399 -0.010169
v 0.005548 0.011455 -0.006631
v 0.006380 0.012783 -0.010486
v 0.006380 0.013780 -0.010558
v 0.004962 0.015872 -0.004295
v 0.005231 0.014613 -0.005422
v 0.005976 0.016472 -0.008925
v 0.006139 0.016037 -0.009630
v 0.000517 0.009737 -0.020813
v 0.000517 0.007243 -0.020634
v -0.000933 0.010205 -0.014289
v -0.001414 0.007866 -0.011946
v -0.001123 0.010441 -0.013444
v -0.001614 0.008038 -0.011055
v -0.001285 0.010990 -0.012753
v -0.001431 0.013657 -0.012285
v -0.001431 0.012659 -0.012213
v -0.002380 0.012987 -0.007944
v -0.002580 0.014489 -0.007150
v -0.002849 0.015748 -0.006022
v -0.002015 0.016538 -0.009849
v -0.003172 0.016688 -0.004630
v -0.003308 0.016955 -0.004032
v -0.001855 0.008564 -0.010003
v -0.002056 0.009386 -0.009152
v -0.001393 0.011769 -0.012321
v -0.002199 0.010431 -0.008578
v -0.002262 0.011331 -0.008358
v -0.001672 0.015913 -0.011357
v -0.001542 0.015276 -0.011896
v -0.001459 0.014498 -0.012216
v -0.001835 0.016348 -0.010652
v 0.002256 0.005984 0.007261
v 0.006161 0.006046 0.008124
v 0.006161 0.011083 0.007763
v -0.008874 0.010845 0.004439
v -0.008874 0.005808 0.004800
v -0.004969 0.005870 0.005663
v -0.004969 0.000633 0.006039
v 0.002256 0.000748 0.007636
v -0.003288 -0.004835 -0.002560
v -0.003039 -0.005922 -0.003607
v -0.003348 -0.006414 -0.002175
v -0.001850 0.004670 -0.009743
v -0.001657 0.004213 -0.010585
v -0.001651 0.002082 -0.010458
v -0.001501 0.003503 -0.011238
v -0.001388 0.002172 -0.011655
v -0.001400 0.002615 -0.011633
v -0.001375 0.002168 -0.011715
v -0.002013 0.004818 -0.009019
v -0.001893 0.001649 -0.009333
v -0.002094 0.000908 -0.008373
v -0.003904 0.005026 -0.000483
v -0.004205 0.004716 0.000903
v -0.005197 0.005844 0.005306
v -0.004470 0.004018 0.002148
v -0.003590 0.004925 -0.001896
v -0.003288 0.004420 -0.003223
v -0.003024 0.003552 -0.004356
v -0.004806 -0.001151 0.004039
v -0.005158 -0.000936 0.005618
v -0.004851 0.000297 0.004138
v -0.005197 0.000608 0.005682
v -0.004806 0.001715 0.003834
v -0.004675 0.002990 0.003152
v -0.003590 -0.005145 -0.001174
v -0.003678 -0.006557 -0.000672
v -0.003904 -0.005044 0.000239
v -0.004012 -0.006344 0.000822
v -0.004205 -0.004539 0.001566
v -0.004332 -0.005787 0.002227
v -0.004470 -0.003671 0.002699
v -0.004620 -0.004914 0.003469
v -0.004675 -0.002510 0.003547
v -0.004862 -0.003772 0.004481
v -0.005045 -0.002422 0.005210
v -0.002768 -0.005108 -0.004891
v -0.003024 -0.004137 -0.003805
v -0.002549 -0.004014 -0.005961
v -0.002818 -0.003109 -0.004809
v -0.002394 -0.002700 -0.006758
v -0.002688 -0.001834 -0.005491
v -0.002310 -0.001235 -0.007241
v -0.002643 -0.000415 -0.005795
v -0.002237 -0.000080 -0.007656
v -0.002688 0.001032 -0.005696
v -0.002818 0.002391 -0.005204
v 0.006422 0.002296 -0.009928
v 0.006436 0.002292 -0.009988
v 0.006410 0.002739 -0.009906
v 0.005797 0.004941 -0.007292
v 0.005917 0.001773 -0.007606
v 0.005960 0.004794 -0.008016
v 0.006159 0.002206 -0.008731
v 0.006153 0.004337 -0.008858
v 0.005717 0.001032 -0.006646
v 0.004522 0.004544 -0.001496
v 0.004787 0.003676 -0.002629
v 0.006309 0.003627 -0.009511
v 0.005168 -0.000292 -0.004068
v 0.005574 0.000044 -0.005929
v 0.005123 0.001156 -0.003969
v 0.004992 0.002515 -0.003477
v 0.003005 0.001839 0.005561
v 0.003135 0.003114 0.004879
v 0.002614 0.005968 0.007033
v 0.003341 0.004142 0.003875
v 0.003605 0.004840 0.002630
v 0.004221 0.005049 -0.000169
v 0.003907 0.005150 0.001244
v 0.004522 -0.004711 -0.000833
v 0.004771 -0.005798 -0.001879
v 0.004787 -0.004013 -0.002078
v 0.005042 -0.004984 -0.003164
v 0.004992 -0.002985 -0.003082
v 0.005261 -0.003891 -0.004234
v 0.005123 -0.001710 -0.003764
v 0.005417 -0.002576 -0.005031
v 0.005500 -0.001111 -0.005514
v 0.003005 -0.001027 0.005767
v 0.002766 -0.002298 0.006938
v 0.003135 -0.002386 0.005274
v 0.002948 -0.003648 0.006208
v 0.003341 -0.003547 0.004426
v 0.003190 -0.004790 0.005196
v 0.003605 -0.004415 0.003293
v 0.003479 -0.005663 0.003954
v 0.003907 -0.004920 0.001966
v 0.003798 -0.006221 0.002549
v 0.004221 -0.005021 0.000553
v 0.004132 -0.006434 0.001055
v 0.004462 -0.006290 -0.000448
v 0.002960 0.000420 0.005865
v 0.002614 0.000732 0.007409
v 0.002652 -0.000812 0.007345
v -0.004929 -0.000979 0.005972
v 0.002296 -0.000865 0.007569
v -0.004810 -0.002532 0.005546
v 0.002415 -0.002417 0.007144
v -0.004619 -0.003942 0.004784
v 0.002606 -0.003828 0.006382
v -0.004366 -0.005135 0.003726
v 0.002858 -0.005021 0.005324
v -0.004065 -0.006047 0.002429
v 0.003160 -0.005933 0.004027
v -0.003731 -0.006630 0.000961
v 0.003494 -0.006516 0.002559
v -0.003382 -0.006853 -0.000600
v 0.003842 -0.006738 0.000998
v -0.003038 -0.006703 -0.002170
v 0.004187 -0.006588 -0.000572
v -0.002715 -0.006189 -0.003666
v 0.004510 -0.006074 -0.002068
v -0.002432 -0.005338 -0.005008
v 0.004793 -0.005224 -0.003410
v -0.002203 -0.004196 -0.006125
v 0.005022 -0.004081 -0.004528
v -0.002040 -0.002823 -0.006958
v 0.005184 -0.002708 -0.005361
v -0.001953 -0.001291 -0.007463
v 0.005272 -0.001177 -0.005865
v -0.004493 0.000280 0.003910
v 0.002732 0.000395 0.005508
v -0.004451 -0.001082 0.003818
v 0.002774 -0.000968 0.005415
v -0.004328 -0.002361 0.003354
v 0.002897 -0.002247 0.004952
v -0.004134 -0.003454 0.002557
v 0.003090 -0.003339 0.004154
v -0.003885 -0.004271 0.001490
v 0.003339 -0.004156 0.003088
v -0.003602 -0.004746 0.000241
v 0.003623 -0.004632 0.001839
v -0.003306 -0.004841 -0.001089
v 0.003919 -0.004727 0.000508
v -0.003022 -0.004549 -0.002393
v 0.004202 -0.004434 -0.000796
v -0.002773 -0.003892 -0.003565
v 0.004451 -0.003778 -0.001968
v -0.002580 -0.002925 -0.004510
v 0.004645 -0.002811 -0.002913
v -0.002457 -0.001725 -0.005152
v 0.004768 -0.001611 -0.003554
v -0.002415 -0.000390 -0.005438
v 0.004810 -0.000275 -0.003840
v -0.002457 0.000973 -0.005345
v 0.004768 0.001087 -0.003748
v -0.002580 0.002252 -0.004881
v 0.004645 0.002366 -0.003284
v -0.002773 0.003344 -0.004084
v 0.004451 0.003459 -0.002487
v -0.003022 0.004161 -0.003018
v 0.004202 0.004276 -0.001420
v -0.003306 0.004637 -0.001769
v 0.003919 0.004751 -0.000171
v -0.003602 0.004732 -0.000438
v 0.003623 0.004846 0.001159
v -0.003885 0.004440 0.000866
v 0.003339 0.004554 0.002463
v -0.004134 0.003783 0.002038
v 0.003090 0.003897 0.003635
v -0.004328 0.002816 0.002983
v 0.002897 0.002930 0.004580
v -0.004451 0.001616 0.003624
v 0.002774 0.001730 0.005222
v -0.000695 0.011353 -0.004368
v -0.000596 0.011769 -0.004204
v -0.006642 0.011259 -0.005683
v -0.000707 0.011830 -0.004202
v -0.006761 0.012308 -0.005221
v -0.006642 0.008992 -0.005520
v -0.000757 0.009631 -0.004403
v -0.006601 0.010112 -0.005786
v -0.000775 0.010205 -0.004498
v -0.000757 0.010786 -0.004486
v -0.000210 0.008123 -0.003465
v -0.000400 0.008319 -0.003677
v -0.006761 0.008019 -0.004914
v -0.000539 0.008557 -0.003882
v -0.000695 0.009086 -0.004205
v 0.000016 0.007986 -0.003278
v -0.006945 0.007300 -0.004033
v 0.001443 0.008009 -0.002963
v 0.002184 0.008600 -0.003280
v 0.008274 0.008258 -0.001589
v 0.008342 0.008718 -0.001932
v 0.002445 0.009136 -0.003511
v 0.008392 0.009230 -0.002196
v 0.002568 0.009683 -0.003668
v 0.008423 0.009779 -0.002374
v 0.002607 0.010258 -0.003750
v 0.008274 0.012546 -0.001897
v 0.001907 0.012445 -0.003305
v 0.002167 0.012187 -0.003411
v 0.008342 0.012041 -0.002170
v 0.002372 0.011879 -0.003521
v 0.008392 0.011497 -0.002358
v 0.008434 0.010350 -0.002462
v 0.008423 0.010928 -0.002456
v 0.002569 0.010838 -0.003751
v 0.002445 0.011403 -0.003673
v 0.002273 0.011815 -0.003569
v 0.000053 0.012726 -0.003476
v 0.000466 0.012834 -0.003293
v -0.006945 0.013145 -0.004452
v -0.000578 0.012143 -0.004018
v -0.000394 0.012409 -0.003813
v -0.000286 0.012516 -0.003714
v 0.000900 0.012840 -0.003197
v 0.001334 0.012751 -0.003188
v 0.008090 0.013384 -0.001127
v 0.001638 0.012623 -0.003231
v 0.008189 0.012998 -0.001546
v 0.001978 0.008356 -0.003151
v 0.001722 0.008154 -0.003038
v 0.008189 0.007861 -0.001178
v 0.008090 0.007539 -0.000708
v 0.007980 0.007300 -0.000193
v -0.007173 0.006912 -0.002972
v 0.007862 0.007151 0.000353
v 0.007739 0.007096 0.000915
v -0.007422 0.006898 -0.001847
v 0.007613 0.007136 0.001477
v 0.007490 0.007271 0.002026
v -0.007663 0.007258 -0.000780
v 0.007372 0.007496 0.002545
v 0.007262 0.007806 0.003020
v -0.007872 0.007954 0.000114
v 0.007163 0.008192 0.003439
v 0.007078 0.008643 0.003790
v -0.008025 0.008910 0.000739
v 0.007010 0.009148 0.004063
v 0.006959 0.009692 0.004252
v -0.008106 0.010023 0.001025
v 0.006929 0.010261 0.004350
v 0.006918 0.010839 0.004355
v -0.008117 0.010601 0.001030
v 0.006929 0.011410 0.004267
v -0.008106 0.011172 0.000943
v 0.006959 0.011959 0.004089
v -0.008025 0.012233 0.000500
v 0.007010 0.012471 0.003825
v 0.007078 0.012932 0.003483
v -0.007872 0.013090 -0.000254
v 0.007163 0.013329 0.003071
v 0.007262 0.013651 0.002601
v -0.007663 0.013652 -0.001238
v 0.007372 0.013890 0.002087
v 0.007490 0.014039 0.001541
v -0.007422 0.013856 -0.002346
v 0.007613 0.014094 0.000979
v 0.007739 0.014054 0.000416
v -0.007173 0.013681 -0.003457
v 0.007862 0.013919 -0.000133
v 0.007980 0.013694 -0.000652
v 0.002798 0.007947 -0.003829
v 0.002184 0.007989 -0.003236
v 0.002821 0.011774 -0.004139
v -0.000539 0.007946 -0.003838
v -0.000851 0.011716 -0.004951
v -0.000845 0.007889 -0.004635
v 0.003113 0.011717 -0.004931
v 0.003108 0.007890 -0.004624
v 0.003051 0.011657 -0.005773
v 0.003057 0.007829 -0.005476
v 0.002645 0.011604 -0.006513
v 0.002654 0.007775 -0.006228
v 0.001969 0.011568 -0.007020
v 0.001973 0.007738 -0.006744
v 0.001143 0.011555 -0.007203
v 0.001138 0.007724 -0.006928
v 0.000315 0.011567 -0.007028
v 0.000302 0.007737 -0.006748
v -0.000367 0.011603 -0.006528
v -0.000382 0.007774 -0.006236
v -0.000780 0.011656 -0.005792
v -0.000789 0.007828 -0.005486
v -0.005875 0.011274 -0.009157
v -0.005992 0.012930 -0.008743
v -0.006192 0.014432 -0.007948
v -0.006461 0.015691 -0.006821
v -0.006784 0.016630 -0.005429
v -0.007141 0.017196 -0.003854
v -0.003307 0.017256 -0.003006
v 0.007894 0.017434 -0.000529
v 0.004060 0.017373 -0.001377
v 0.007524 0.017591 0.001134
v 0.008251 0.016869 -0.002104
v 0.008574 0.015929 -0.003497
v 0.008843 0.014670 -0.004624
v 0.009043 0.013168 -0.005418
v 0.009160 0.011512 -0.005832
v -0.007511 0.017352 -0.002191
v -0.007872 0.017091 -0.000539
v 0.007163 0.017329 0.002786
v -0.008203 0.016428 0.001003
v 0.006832 0.016666 0.004328
v -0.008483 0.015401 0.002343
v 0.006552 0.015640 0.005667
v -0.008696 0.014074 0.003401
v 0.006339 0.014312 0.006725
v -0.008829 0.012524 0.004114
v 0.006206 0.012763 0.007438
v -0.002068 0.007301 -0.019835
v -0.001370 0.007366 -0.018928
v -0.007667 0.007174 -0.021602
v -0.009128 0.007645 -0.015027
v -0.007519 0.007423 -0.018120
v -0.007569 0.007505 -0.016978
v -0.003034 0.007257 -0.020449
v -0.006684 0.007129 -0.022227
v -0.004153 0.007239 -0.020696
v -0.007080 0.007348 -0.019176
v -0.006306 0.007287 -0.020019
v -0.005289 0.007249 -0.020547
v -0.001514 0.007601 -0.015639
v -0.001075 0.007526 -0.016696
v -0.001025 0.007444 -0.017838
v -0.002288 0.007662 -0.014797
v -0.003305 0.007700 -0.014269
v -0.005847 0.007796 -0.012926
v -0.004441 0.007710 -0.014120
v -0.005560 0.007692 -0.014367
v -0.007224 0.007583 -0.015888
v -0.008502 0.007715 -0.014047
v -0.006527 0.007648 -0.014981
v -0.007159 0.007737 -0.013750
v -0.006431 0.007758 -0.013451
v -0.009448 0.001964 -0.014564
v -0.009448 0.007350 -0.014950
v -0.007933 0.001475 -0.021380
v -0.007933 0.006861 -0.021766
v 0.016475 0.001862 -0.015983
v 0.016475 0.007248 -0.016369
v 0.014959 0.002351 -0.009166
v 0.014959 0.007737 -0.009553
v 0.001401 0.001700 -0.014051
v 0.001020 0.001757 -0.013249
v -0.001073 0.001871 -0.011669
v 0.001025 0.001821 -0.012361
v -0.001095 0.001878 -0.011568
v 0.006129 0.001992 -0.009971
v 0.003851 0.001917 -0.011025
v 0.006152 0.001985 -0.010071
v 0.004544 0.001877 -0.011583
v 0.004925 0.001819 -0.012386
v 0.012358 0.001868 -0.011702
v 0.013012 0.001827 -0.012279
v 0.014693 0.002038 -0.009331
v 0.001416 0.001878 -0.011564
v 0.002116 0.001917 -0.011015
v 0.002985 0.001931 -0.010823
v -0.009128 0.001661 -0.014598
v -0.007667 0.001189 -0.021173
v -0.006208 0.001428 -0.017848
v 0.016155 0.001567 -0.015905
v -0.002247 0.001522 -0.016526
v 0.002093 0.001660 -0.014609
v -0.002609 0.001579 -0.015733
v -0.003263 0.001621 -0.015156
v -0.004096 0.001639 -0.014894
v -0.002587 0.001403 -0.018195
v -0.003231 0.001360 -0.018784
v 0.001689 0.001277 -0.019946
v 0.013374 0.001770 -0.013071
v 0.013382 0.001708 -0.013942
v 0.015528 0.001497 -0.016886
v 0.002247 0.001566 -0.015915
v 0.002960 0.001645 -0.014812
v 0.003068 0.001592 -0.015555
v 0.003829 0.001659 -0.014620
v 0.004045 0.001607 -0.015339
v 0.004528 0.001698 -0.014071
v 0.004942 0.001609 -0.015319
v 0.013710 0.002083 -0.008706
v 0.012367 0.002062 -0.009003
v 0.011525 0.001887 -0.011440
v 0.011774 0.002058 -0.009055
v 0.010657 0.001880 -0.011538
v 0.011193 0.002065 -0.008956
v 0.009905 0.001848 -0.011980
v 0.009398 0.001797 -0.012690
v 0.009224 0.001736 -0.013543
v 0.004919 0.001755 -0.013273
v 0.009413 0.001675 -0.014393
v 0.013033 0.001650 -0.014741
v 0.012390 0.001608 -0.015330
v 0.011561 0.001588 -0.015606
v 0.010692 0.001594 -0.015522
v 0.009932 0.001625 -0.015094
v -0.006684 0.001144 -0.021798
v -0.006397 0.001489 -0.016997
v -0.006223 0.001550 -0.016144
v -0.008502 0.001731 -0.013618
v -0.005716 0.001601 -0.015435
v -0.007159 0.001752 -0.013321
v -0.004059 0.001341 -0.019060
v -0.004929 0.001347 -0.018977
v -0.005689 0.001377 -0.018548
v -0.004963 0.001632 -0.014993
v -0.006115 0.001791 -0.012783
v -0.006599 0.001767 -0.013118
v 0.005778 0.001586 -0.015644
v 0.006427 0.001541 -0.016263
v 0.006788 0.001482 -0.017082
v 0.007156 0.001364 -0.018737
v -0.002239 0.001460 -0.017397
v 0.001321 0.001396 -0.018291
v 0.001301 0.001460 -0.017396
v 0.001626 0.001520 -0.016562
v 0.016155 0.007551 -0.016334
v 0.014595 0.007691 -0.014383
v 0.014545 0.007773 -0.013241
v 0.014693 0.008023 -0.009760
v 0.008102 0.007671 -0.014666
v 0.008540 0.007595 -0.015722
v 0.009315 0.007535 -0.016565
v 0.010331 0.007497 -0.017093
v 0.011468 0.007486 -0.017242
v 0.015528 0.007481 -0.017315
v 0.012587 0.007504 -0.016995
v 0.013553 0.007548 -0.016381
v 0.014251 0.007613 -0.015474
v 0.009094 0.007896 -0.011527
v 0.008397 0.007831 -0.012434
v 0.008052 0.007753 -0.013524
v 0.014107 0.007849 -0.012185
v 0.013333 0.007909 -0.011342
v 0.013710 0.008068 -0.009135
v 0.012316 0.007947 -0.010815
v 0.010061 0.007940 -0.010913
v 0.010829 0.008060 -0.009239
v 0.011180 0.007958 -0.010665
v 0.011582 0.008044 -0.009468
v 0.012367 0.008046 -0.009432
v 0.006427 0.010319 -0.016892
v 0.004528 0.010476 -0.014700
v 0.004919 0.010533 -0.013903
v 0.001321 0.010173 -0.018920
v 0.001301 0.010237 -0.018025
v -0.000640 0.010508 -0.014245
v 0.001020 0.010535 -0.013878
v 0.001401 0.010477 -0.014681
v 0.002093 0.010437 -0.015238
v 0.001626 0.010297 -0.017191
v 0.006788 0.010260 -0.017711
v 0.004925 0.010597 -0.013015
v 0.006585 0.010623 -0.012648
v 0.005778 0.010363 -0.016273
v 0.004942 0.010386 -0.015948
v 0.003829 0.010436 -0.015249
v 0.004045 0.010385 -0.015968
v 0.002960 0.010423 -0.015441
v 0.003068 0.010369 -0.016184
v 0.002247 0.010344 -0.016544
v 0.006495 0.001777 -0.017168
v 0.006495 0.009956 -0.017754
v 0.006863 0.001658 -0.018824
v 0.006863 0.009837 -0.019410
v 0.003133 0.001870 -0.015868
v 0.003133 0.010049 -0.016454
v 0.004110 0.001886 -0.015652
v 0.004110 0.010065 -0.016239
v 0.001982 0.001581 -0.019903
v 0.001982 0.009760 -0.020489
v 0.001614 0.001700 -0.018248
v 0.001614 0.009879 -0.018834
v 0.014298 0.007395 -0.014323
v 0.014289 0.004697 -0.014191
v 0.014253 0.004776 -0.013092
v 0.014289 0.007391 -0.014384
v 0.013985 0.007324 -0.015314
v 0.013926 0.004623 -0.015229
v 0.013926 0.007316 -0.015422
v 0.013350 0.007265 -0.016138
v 0.013210 0.004563 -0.016066
v 0.013210 0.007256 -0.016259
v 0.012472 0.007225 -0.016697
v 0.012240 0.004526 -0.016588
v 0.012240 0.007219 -0.016781
v 0.011455 0.007209 -0.016922
v 0.011147 0.004516 -0.016726
v 0.011147 0.007209 -0.016919
v 0.010422 0.007218 -0.016786
v 0.010077 0.004535 -0.016461
v 0.010077 0.007228 -0.016654
v 0.009497 0.007253 -0.016306
v 0.009175 0.004580 -0.015828
v 0.009175 0.007273 -0.016021
v 0.008793 0.007308 -0.015540
v 0.008564 0.004646 -0.014913
v 0.008564 0.007339 -0.015106
v 0.008395 0.004683 -0.014387
v 0.008395 0.007376 -0.014580
v 0.008325 0.004723 -0.013839
v 0.008325 0.007416 -0.014032
v 0.008349 0.007451 -0.013542
v 0.008492 0.004801 -0.012752
v 0.008492 0.007494 -0.012945
v 0.008663 0.007522 -0.012551
v 0.009040 0.004869 -0.011798
v 0.009040 0.007562 -0.011991
v 0.009297 0.007581 -0.011726
v 0.009898 0.004918 -0.011107
v 0.009898 0.007612 -0.011300
v 0.010176 0.007621 -0.011168
v 0.010947 0.004943 -0.010771
v 0.010947 0.007636 -0.010964
v 0.011193 0.007637 -0.010943
v 0.012048 0.004938 -0.010835
v 0.012048 0.007631 -0.011028
v 0.012226 0.007627 -0.011078
v 0.013051 0.004905 -0.011293
v 0.013051 0.007598 -0.011486
v 0.013150 0.007593 -0.011558
v 0.013820 0.004849 -0.012080
v 0.013820 0.007542 -0.012273
v 0.013854 0.007538 -0.012325
v 0.014253 0.007469 -0.013285
v 0.011561 0.004581 -0.015820
v 0.010692 0.004587 -0.015737
v 0.009932 0.004617 -0.015308
v 0.009413 0.004668 -0.014608
v 0.009224 0.004728 -0.013758
v 0.009398 0.004790 -0.012904
v 0.009905 0.004840 -0.012195
v 0.010657 0.004872 -0.011753
v 0.011525 0.004879 -0.011654
v 0.012358 0.004860 -0.011916
v 0.013012 0.004819 -0.012493
v 0.013374 0.004762 -0.013286
v 0.013382 0.004700 -0.014157
v 0.013033 0.004643 -0.014956
v 0.012390 0.004600 -0.015544
v -0.001323 0.007147 -0.017777
v -0.001331 0.004450 -0.017645
v -0.001368 0.004529 -0.016546
v -0.001331 0.007143 -0.017838
v -0.001636 0.007076 -0.018768
v -0.001695 0.004375 -0.018683
v -0.001695 0.007069 -0.018876
v -0.002270 0.007017 -0.019593
v -0.002410 0.004315 -0.019520
v -0.002410 0.007009 -0.019713
v -0.003149 0.006977 -0.020151
v -0.003380 0.004278 -0.020043
v -0.003380 0.006971 -0.020236
v -0.004166 0.006961 -0.020376
v -0.004474 0.004268 -0.020181
v -0.004474 0.006961 -0.020374
v -0.005199 0.006971 -0.020240
v -0.005544 0.004287 -0.019915
v -0.005544 0.006980 -0.020108
v -0.006123 0.007005 -0.019760
v -0.006445 0.004332 -0.019282
v -0.006445 0.007026 -0.019475
v -0.006827 0.007060 -0.018994
v -0.007057 0.004398 -0.018367
v -0.007057 0.007091 -0.018560
v -0.007226 0.007129 -0.018034
v -0.007295 0.004475 -0.017293
v -0.007295 0.007168 -0.017486
v -0.007271 0.007203 -0.016996
v -0.007129 0.004553 -0.016206
v -0.007129 0.007246 -0.016399
v -0.006958 0.007274 -0.016005
v -0.006580 0.004621 -0.015252
v -0.006580 0.007314 -0.015445
v -0.006324 0.007333 -0.015180
v -0.005723 0.004671 -0.014561
v -0.005723 0.007364 -0.014754
v -0.005445 0.007373 -0.014622
v -0.004673 0.004695 -0.014225
v -0.004673 0.007388 -0.014418
v -0.004428 0.007390 -0.014397
v -0.003573 0.004690 -0.014290
v -0.003573 0.007383 -0.014483
v -0.003395 0.007380 -0.014533
v -0.002570 0.004658 -0.014747
v -0.002570 0.007351 -0.014940
v -0.002471 0.007345 -0.015013
v -0.001801 0.004601 -0.015534
v -0.001801 0.007294 -0.015727
v -0.001767 0.007291 -0.015779
v -0.001368 0.007222 -0.016739
v -0.004059 0.004333 -0.019275
v -0.004929 0.004339 -0.019191
v -0.005689 0.004370 -0.018762
v -0.006208 0.004420 -0.018062
v -0.006397 0.004481 -0.017212
v -0.006223 0.004542 -0.016358
v -0.005716 0.004593 -0.015649
v -0.004963 0.004625 -0.015207
v -0.004096 0.004632 -0.015108
v -0.003263 0.004613 -0.015370
v -0.002609 0.004571 -0.015948
v -0.002247 0.004515 -0.016740
v -0.002239 0.004452 -0.017611
v -0.002587 0.004395 -0.018410
v -0.003231 0.004353 -0.018998
v 0.001003 0.010742 -0.013111
v 0.001025 0.010796 -0.013005
v 0.003851 0.011445 -0.011708
v 0.004047 0.011271 -0.011806
v 0.002116 0.012246 -0.011755
v 0.002985 0.012260 -0.011563
v 0.003320 0.011938 -0.011570
v 0.001285 0.011227 -0.012417
v 0.001416 0.011407 -0.012247
v 0.001825 0.011914 -0.011901
v 0.004544 0.010852 -0.012227
v 0.004803 0.010662 -0.012646
v 0.000973 0.010601 -0.013493
v 0.003190 0.011727 -0.005630
v 0.003212 0.011778 -0.004922
v 0.003147 0.011715 -0.005805
v 0.002842 0.011670 -0.006429
v 0.002721 0.011659 -0.006583
v 0.002198 0.011628 -0.007017
v 0.002010 0.011621 -0.007115
v 0.001370 0.011608 -0.007293
v 0.001143 0.011607 -0.007307
v 0.000501 0.011614 -0.007210
v 0.000274 0.011620 -0.007124
v -0.000259 0.011645 -0.006781
v -0.000442 0.011658 -0.006599
v -0.000778 0.011695 -0.006081
v -0.000876 0.011713 -0.005825
v -0.000967 0.011756 -0.005230
v -0.000950 0.011777 -0.004943
v -0.000793 0.011817 -0.004377
v 0.002821 0.011847 -0.003966
v 0.002906 0.011838 -0.004090
v 0.003183 0.011790 -0.004759
v -0.005625 0.004760 -0.009817
v 0.009410 0.004999 -0.006493
v 0.010051 0.008047 -0.008016
v 0.010277 0.007899 -0.008384
v 0.010051 0.004859 -0.007788
v 0.010252 0.004574 -0.008112
v 0.010587 0.007814 -0.008703
v 0.010795 0.007790 -0.008853
v 0.010497 0.004247 -0.008367
v 0.010769 0.003892 -0.008557
v 0.010965 0.007780 -0.008950
v 0.011057 0.003520 -0.008688
v 0.011619 0.007766 -0.009150
v 0.011953 0.002378 -0.008778
v 0.011658 0.002746 -0.008795
v 0.011600 0.002820 -0.008793
v 0.011356 0.003134 -0.008767
v -0.005970 0.007524 -0.012560
v -0.006083 0.007510 -0.012720
v -0.006122 0.003295 -0.012466
v -0.006591 0.007477 -0.013177
v -0.006374 0.002853 -0.012687
v -0.005974 0.003584 -0.012285
v -0.005808 0.003962 -0.011994
v -0.005846 0.007553 -0.012338
v -0.005694 0.004321 -0.011638
v -0.005702 0.007645 -0.011918
v -0.005675 0.004409 -0.011535
v -0.005666 0.004465 -0.011464
v -0.005657 0.004610 -0.011261
v -0.005657 0.007798 -0.011490
v -0.006888 0.002080 -0.012944
v -0.006607 0.002483 -0.012829
v 0.006185 0.011983 -0.010937
v 0.006278 0.011306 -0.011312
v 0.006419 0.010828 -0.011913
v -0.000806 0.010714 -0.013511
v -0.000946 0.011191 -0.012910
v -0.001040 0.011869 -0.012534
v -0.006532 0.002375 -0.012807
v -0.006799 0.002071 -0.012916
v -0.005431 0.004560 -0.010684
v -0.005405 0.004500 -0.010822
v -0.005386 0.004351 -0.011110
v -0.005416 0.004155 -0.011414
v -0.005437 0.004085 -0.011508
v -0.005629 0.003654 -0.011986
v -0.005749 0.003447 -0.012169
v -0.005761 0.003428 -0.012185
v -0.006408 0.002526 -0.012743
v -0.006110 0.002913 -0.012543
v 0.009750 0.004591 -0.007763
v 0.009604 0.004798 -0.007359
v 0.010246 0.004030 -0.008367
v 0.009972 0.004330 -0.008101
v 0.011861 0.002366 -0.008790
v 0.011564 0.002661 -0.008806
v 0.011219 0.003015 -0.008779
v 0.010879 0.003366 -0.008700
v 0.010553 0.003705 -0.008565
v 0.005703 0.016745 -0.009100
v -0.001522 0.016631 -0.010698
v 0.005884 0.016262 -0.009884
v -0.001341 0.016147 -0.011482
v 0.006028 0.015554 -0.010483
v -0.001197 0.015439 -0.012080
v 0.006120 0.014690 -0.010838
v -0.001105 0.014575 -0.012436
v 0.005340 -0.000103 -0.006252
v -0.001884 -0.000218 -0.007849
v 0.005473 0.000816 -0.006918
v -0.001752 0.000701 -0.008516
v 0.005660 0.001505 -0.007811
v -0.001565 0.001391 -0.009409
v 0.005884 0.001908 -0.008857
v -0.001340 0.001794 -0.010455
v 0.010401 0.008094 -0.008979
v 0.009568 0.008745 -0.007477
v 0.009493 0.008999 -0.007155
v 0.009367 0.009567 -0.006626
v 0.009332 0.009768 -0.006482
v 0.009216 0.010689 -0.006024
v 0.009651 0.008519 -0.007835
v 0.009798 0.008317 -0.008249
v 0.010051 0.008176 -0.008641
v -0.005703 0.009530 -0.009806
v -0.005819 0.010451 -0.009349
v -0.005542 0.008761 -0.010480
v -0.005668 0.009329 -0.009950
v -0.005384 0.008281 -0.011160
v -0.005467 0.008507 -0.010802
v -0.005569 0.007841 -0.012512
v -0.005397 0.007931 -0.012058
v -0.005337 0.008077 -0.011597
v 0.004890 0.001887 -0.015635
v 0.004890 0.010066 -0.016222
v 0.005617 0.001867 -0.015917
v 0.005617 0.010046 -0.016504
v 0.006181 0.001828 -0.016456
v 0.006181 0.010007 -0.017042
v 0.001597 0.001755 -0.017469
v 0.001597 0.009934 -0.018056
v 0.001879 0.001807 -0.016744
v 0.001879 0.009986 -0.017330
v 0.002419 0.001848 -0.016182
v 0.002419 0.010027 -0.016768
vn -0.2164 0.0698 0.9738
vn -0.1487 0.0493 0.9876
vn -0.1317 0.0711 0.9887
vn -0.2843 0.0458 0.9576
vn -0.2992 0.0679 0.9518
vn 0.2164 -0.0698 -0.9738
vn 0.9763 0.0155 0.2159
vn 0.9675 0.0181 0.2522
vn 0.9565 0.0077 0.2918
vn -0.0000 0.9974 -0.0715
vn -0.0026 0.9980 -0.0639
vn 0.0170 0.9889 -0.1477
vn 0.0045 0.9979 -0.0653
vn 0.2206 0.0247 -0.9750
vn 0.2158 0.0087 -0.9764
vn 0.2161 -0.0138 -0.9763
vn 0.2145 0.0282 -0.9763
vn -0.9763 -0.0155 -0.2159
vn -0.9878 -0.0111 -0.1551
vn -0.9837 -0.0128 -0.1791
vn -0.2160 0.1307 0.9676
vn -0.2161 0.0121 0.9763
vn -0.2107 -0.1606 0.9643
vn -0.1937 -0.3824 0.9035
vn -0.1665 -0.5838 0.7946
vn -0.1303 -0.7543 0.6435
vn -0.0873 -0.8846 0.4581
vn -0.0396 -0.9678 0.2484
vn 0.0102 -0.9996 0.0255
vn 0.0595 -0.9782 -0.1988
vn 0.1056 -0.9048 -0.4125
vn 0.1460 -0.7833 -0.6043
vn 0.1787 -0.6201 -0.7639
vn 0.2020 -0.4239 -0.8829
vn 0.2088 -0.3298 -0.9207
vn 0.2077 0.2140 -0.9545
vn 0.1821 0.4805 -0.8579
vn 0.1417 0.7081 -0.6917
vn 0.0899 0.8783 -0.4696
vn 0.0308 0.9774 -0.2094
vn -0.0308 0.9972 0.0678
vn -0.0899 0.9363 0.3395
vn -0.1417 0.7995 0.5837
vn -0.1821 0.5980 0.7806
vn -0.2077 0.3480 0.9142
vn -0.2077 -0.2140 0.9545
vn -0.1821 -0.4805 0.8579
vn -0.1417 -0.7081 0.6917
vn -0.0899 -0.8783 0.4696
vn -0.0308 -0.9774 0.2094
vn 0.0308 -0.9972 -0.0678
vn 0.0899 -0.9363 -0.3395
vn 0.1417 -0.7995 -0.5837
vn 0.1821 -0.5980 -0.7806
vn 0.2077 -0.3480 -0.9142
vn -0.2047 -0.2584 0.9441
vn -0.1965 -0.3387 0.9201
vn -0.2008 -0.2555 0.9457
vn -0.1866 -0.4059 0.8946
vn -0.1669 -0.5595 0.8118
vn -0.1975 0.3901 0.8993
vn -0.2128 0.2386 0.9475
vn -0.2127 0.0673 0.9748
vn -0.2096 0.0647 0.9756
vn -0.2058 -0.0967 0.9738
vn -0.1693 0.6761 0.7171
vn -0.1777 0.6204 0.7639
vn -0.1652 0.6687 0.7250
vn -0.1877 0.5395 0.8208
vn -0.2037 0.4034 0.8921
vn -0.1465 0.7810 0.6072
vn -0.1151 0.8734 0.4733
vn -0.1473 0.7808 0.6071
vn -0.1916 0.5395 0.8199
vn -0.1710 0.6678 0.7244
vn -0.1905 0.5360 0.8224
vn -0.2035 0.4033 0.8921
vn -0.2047 0.3899 0.8978
vn -0.2133 0.2388 0.9474
vn -0.2135 0.2330 0.9487
vn -0.1725 -0.5576 0.8120
vn -0.1694 -0.5664 0.8066
vn -0.1802 -0.4938 0.8507
vn -0.1917 -0.4131 0.8903
vn -0.2026 -0.3772 0.9037
vn -0.2052 -0.2576 0.9442
vn -0.2135 -0.0953 0.9723
vn -0.2133 -0.1011 0.9717
vn -0.2070 -0.2638 0.9421
vn -0.2355 -0.3293 0.9144
vn -0.1419 -0.6691 0.7295
vn -0.1351 -0.7324 0.6673
vn -0.1167 -0.7962 0.5936
vn -0.1789 -0.4930 0.8514
vn -0.1534 -0.5763 0.8027
vn -0.1440 -0.6211 0.7704
vn -0.1370 -0.7315 0.6679
vn -0.1576 -0.6725 0.7231
vn -0.1158 -0.7955 0.5948
vn -0.1660 -0.6340 0.7553
vn -0.1434 -0.6885 0.7109
vn -0.1797 0.6204 0.7634
vn -0.1715 0.6801 0.7127
vn -0.1424 0.7827 0.6059
vn -0.1154 0.8721 0.4755
vn -0.0869 0.9415 0.3257
vn -0.0501 0.9841 0.1704
vn -0.0531 0.9841 0.1697
vn -0.0178 0.9998 0.0092
vn 0.0209 0.9883 -0.1510
vn 0.0179 0.9883 -0.1517
vn 0.0532 0.9498 -0.3083
vn 0.0899 0.8854 -0.4560
vn 0.0869 0.8854 -0.4566
vn 0.1185 0.7968 -0.5925
vn 0.1496 0.6866 -0.7115
vn 0.1466 0.6866 -0.7121
vn 0.1709 0.5576 -0.8124
vn 0.1933 0.4134 -0.8898
vn 0.1904 0.4133 -0.8905
vn 0.2048 0.2578 -0.9442
vn 0.2134 0.1354 -0.9675
vn 0.2135 0.0953 -0.9723
vn 0.2135 -0.2330 -0.9487
vn 0.2134 -0.2720 -0.9383
vn 0.2048 -0.3899 -0.8978
vn 0.1933 -0.5361 -0.8217
vn 0.1904 -0.5361 -0.8224
vn 0.1709 -0.6677 -0.7245
vn 0.1496 -0.7811 -0.6063
vn 0.1466 -0.7811 -0.6069
vn 0.1185 -0.8732 -0.4727
vn 0.0899 -0.9414 -0.3250
vn 0.0869 -0.9415 -0.3257
vn 0.0532 -0.9841 -0.1697
vn 0.0209 -0.9997 -0.0085
vn 0.0179 -0.9998 -0.0092
vn -0.0178 -0.9883 0.1517
vn -0.0501 -0.9497 0.3090
vn -0.0531 -0.9498 0.3084
vn -0.0869 -0.8854 0.4567
vn -0.8359 -0.0292 -0.5482
vn -0.5643 -0.0240 -0.8252
vn -0.6351 -0.0276 -0.7719
vn -0.7097 -0.0226 -0.7042
vn -0.7578 -0.0397 -0.6512
vn -0.7881 -0.0451 -0.6140
vn -0.7691 -0.0565 -0.6366
vn -0.8582 -0.0559 -0.5103
vn -0.7349 -0.0965 -0.6713
vn -0.7195 -0.1266 -0.6829
vn -0.3375 0.1695 -0.9260
vn -0.3562 0.1182 -0.9269
vn -0.4409 -0.0395 -0.8967
vn 0.8623 -0.0362 -0.5051
vn 0.7788 -0.0202 -0.6269
vn 0.8535 0.0134 -0.5210
vn 0.7100 0.1351 -0.6911
vn 0.6910 0.1858 -0.6985
vn 0.9437 -0.1003 -0.3151
vn 0.9519 -0.0698 -0.2983
vn 0.9944 -0.0284 -0.1017
vn 0.9671 -0.0290 -0.2527
vn 0.9744 -0.0171 -0.2242
vn 0.9412 -0.0044 -0.3378
vn 0.9902 0.0063 -0.1397
vn 0.9626 -0.0125 -0.2708
vn -0.9903 -0.0080 -0.1387
vn -0.9879 -0.0125 -0.1546
vn -0.9591 0.0216 0.2821
vn -0.9624 0.0185 0.2711
vn -0.7563 0.0477 0.6525
vn -0.7609 0.0459 0.6472
vn -0.4182 0.0654 0.9060
vn -0.4203 0.0649 0.9051
vn -0.0052 0.0715 0.9974
vn -0.0029 0.0719 0.9974
vn 0.4087 0.0648 0.9104
vn 0.4151 0.0659 0.9074
vn 0.7495 0.0465 0.6604
vn 0.7572 0.0480 0.6515
vn 0.9561 0.0196 0.2923
vn 0.9608 0.0216 0.2764
vn 0.2054 0.2483 -0.9467
vn 0.2046 0.2441 -0.9479
vn 0.1952 0.3676 -0.9092
vn 0.1667 0.5822 -0.7958
vn 0.1283 0.7620 -0.6347
vn 0.0771 0.8943 -0.4408
vn 0.0896 0.8791 -0.4681
vn 0.0573 0.9405 -0.3349
vn 0.0204 0.9768 -0.2130
vn 0.0299 0.9782 -0.2054
vn 0.0998 0.8841 -0.4565
vn 0.0797 0.9372 -0.3396
vn 0.0328 0.9771 -0.2100
vn 0.0368 0.9799 -0.1963
vn -0.0202 0.9994 0.0274
vn 0.0822 0.8963 -0.4358
vn 0.2057 0.2433 -0.9479
vn 0.2064 0.2476 -0.9466
vn -0.0282 0.9992 0.0294
vn -0.0733 0.9621 0.2627
vn -0.1205 0.8673 0.4830
vn -0.1606 0.7207 0.6744
vn -0.1910 0.5310 0.8255
vn -0.2100 0.3097 0.9274
vn 0.0103 0.9918 -0.1272
vn 0.0021 0.9967 -0.0810
vn -0.0000 -0.9974 0.0715
vn 0.0155 -0.9999 0.0016
vn 0.0100 0.9912 -0.1321
vn 0.0290 0.9870 -0.1579
vn 0.0102 0.9930 -0.1174
vn -0.0019 0.9910 -0.1340
vn 0.0212 0.9858 -0.1666
vn -0.9504 -0.0222 -0.3103
vn 0.3111 -0.0679 -0.9479
vn 0.1197 -0.0710 -0.9903
vn 0.9928 0.0086 0.1194
vn -0.9988 0.0040 0.0485
vn -0.9887 0.0156 0.1491
vn -0.9763 -0.0124 -0.2161
vn -0.9740 0.0162 0.2259
vn -0.9179 0.0293 0.3957
vn -0.8677 0.0434 0.4952
vn -0.8322 0.0396 0.5531
vn -0.7198 0.0510 0.6923
vn -0.6294 0.0660 0.7743
vn -0.5840 0.0580 0.8096
vn -0.4297 0.0662 0.9005
vn -0.3061 0.0806 0.9486
vn -0.2613 0.0690 0.9628
vn -0.0847 0.0732 0.9937
vn 0.0586 0.0856 0.9946
vn 0.0948 0.0712 0.9929
vn 0.2711 0.0710 0.9599
vn 0.4153 0.0805 0.9061
vn 0.4388 0.0642 0.8963
vn 0.5923 0.0599 0.8035
vn 0.7159 0.0662 0.6950
vn 0.7268 0.0491 0.6851
vn 0.8378 0.0414 0.5444
vn 0.9033 0.0390 0.4272
vn 0.9219 0.0277 0.3864
vn 0.9999 0.0078 -0.0075
vn 0.9993 0.0028 0.0384
vn 0.9900 -0.0077 -0.1405
vn 0.9438 -0.0073 -0.3304
vn 0.9490 -0.0225 -0.3145
vn 0.8773 -0.0320 -0.4789
vn 0.7608 -0.0309 -0.6483
vn 0.7775 -0.0450 -0.6273
vn 0.6525 -0.0520 -0.7560
vn 0.4749 -0.0487 -0.8787
vn 0.5067 -0.0616 -0.8599
vn 0.3443 -0.0652 -0.9366
vn 0.1249 -0.0584 -0.9905
vn 0.1711 -0.0704 -0.9827
vn -0.0078 -0.0698 -0.9975
vn -0.2421 -0.0590 -0.9685
vn -0.1863 -0.0702 -0.9800
vn -0.3590 -0.0654 -0.9311
vn -0.5764 -0.0505 -0.8156
vn -0.5199 -0.0611 -0.8521
vn -0.6642 -0.0525 -0.7457
vn -0.8327 -0.0347 -0.5526
vn -0.7871 -0.0441 -0.6153
vn -0.8847 -0.0328 -0.4651
vn 0.9198 0.0448 0.3899
vn 0.9763 0.0179 0.2157
vn 0.9993 0.0191 0.0320
vn -0.9799 0.0143 0.1989
vn -0.8141 0.0415 0.5792
vn -0.5075 0.0616 0.8594
vn -0.1132 0.0710 0.9910
vn 0.3007 0.0682 0.9513
vn 0.6626 0.0535 0.7470
vn 0.9100 0.0296 0.4136
vn 1.0000 0.0006 0.0087
vn 0.9171 -0.0285 -0.3977
vn 0.6756 -0.0527 -0.7354
vn 0.3173 -0.0678 -0.9459
vn -0.0958 -0.0712 -0.9928
vn -0.4924 -0.0622 -0.8681
vn -0.8039 -0.0425 -0.5933
vn 0.9884 -0.0102 -0.1513
vn 0.9455 -0.0201 -0.3250
vn 0.9735 -0.0161 -0.2280
vn -0.4397 -0.0599 -0.8962
vn -0.3630 -0.0666 -0.9294
vn -0.5506 -0.0596 -0.8327
vn -0.7854 -0.0396 -0.6177
vn 0.2540 0.0263 -0.9668
vn 0.1735 0.0258 -0.9845
vn 0.0197 0.1033 -0.9945
vn -0.0047 -0.0692 -0.9976
vn 0.4283 -0.0645 -0.9014
vn 0.7779 -0.0448 -0.6268
vn 0.8521 -0.0357 -0.5221
vn 0.7182 -0.0448 -0.6944
vn 0.3910 0.1225 -0.9122
vn -0.7487 -0.0474 -0.6612
vn -0.9038 -0.0304 -0.4268
vn -0.9767 -0.0126 -0.2144
vn -0.9872 -0.0114 -0.1589
vn -0.9735 0.0163 0.2280
vn -0.7779 0.0449 0.6267
vn -0.4283 0.0646 0.9013
vn 0.0062 0.0715 0.9974
vn 0.4395 0.0642 0.8959
vn 0.7857 0.0442 0.6170
vn 0.9633 0.0254 0.2674
vn 0.9999 0.0076 0.0126
vn -0.6151 -0.0851 -0.7838
vn -0.4949 -0.0665 -0.8664
vn -0.8029 -0.0450 -0.5944
vn 0.6756 -0.0533 -0.7353
vn 0.6823 -0.0692 -0.7278
vn 0.9161 -0.0328 -0.3996
vn 0.7582 -0.0654 -0.6487
vn 0.8497 -0.0490 -0.5249
vn -0.0963 -0.0804 -0.9921
vn 0.1057 -0.0717 -0.9918
vn 0.3204 -0.0726 -0.9445
vn 0.3320 -0.0764 -0.9402
vn 0.5242 -0.0691 -0.8488
vn -0.3926 -0.0683 -0.9172
vn -0.2622 -0.0742 -0.9622
vn -0.0966 -0.0712 -0.9928
vn -0.9906 0.0098 0.1365
vn -0.9973 -0.0055 -0.0737
vn -0.9799 0.0090 0.1991
vn -0.9763 -0.0203 -0.2157
vn -0.9398 0.0241 0.3407
vn -0.8142 0.0360 0.5795
vn -0.8473 0.0380 0.5297
vn -0.7171 0.0495 0.6952
vn -0.5076 0.0557 0.8598
vn -0.5550 0.0595 0.8297
vn -0.3682 0.0662 0.9274
vn -0.1133 0.0649 0.9914
vn -0.1651 0.0705 0.9838
vn 0.0455 0.0711 0.9964
vn 0.3006 0.0618 0.9517
vn 0.2539 0.0692 0.9647
vn 0.4511 0.0635 0.8902
vn 0.6625 0.0469 0.7476
vn 0.6283 0.0556 0.7760
vn 0.7774 0.0446 0.6274
vn 0.9099 0.0227 0.4142
vn 0.8921 0.0323 0.4508
vn 0.9670 0.0178 0.2542
vn 0.9999 -0.0065 0.0093
vn 0.9989 0.0033 0.0462
vn 0.9864 -0.0121 -0.1637
vn 0.9281 -0.0428 -0.3698
vn 0.8943 -0.1156 -0.4323
vn -0.6951 -0.2163 -0.6856
vn -0.7532 -0.0649 -0.6546
vn -0.8793 -0.0343 -0.4751
vn -0.9596 -0.0201 -0.2807
vn -0.4344 0.8481 -0.3034
vn -0.3522 0.8464 -0.3994
vn -0.3475 0.8497 -0.3966
vn 0.4896 0.8591 -0.1493
vn 0.4983 0.8529 -0.1557
vn 0.4310 0.8697 -0.2408
vn 0.3819 0.9053 -0.1859
vn 0.4531 0.8451 -0.2838
vn 0.4829 0.8739 0.0563
vn 0.3904 0.8876 0.2445
vn 0.4014 0.8822 0.2463
vn 0.3303 0.9349 0.1296
vn 0.4923 0.8687 0.0540
vn 0.3752 0.9267 -0.0232
vn 0.2283 0.8973 0.3778
vn 0.0255 0.9014 0.4323
vn 0.0338 0.8956 0.4435
vn 0.0762 0.9431 0.3237
vn 0.2390 0.8917 0.3844
vn 0.2251 0.9410 0.2528
vn -0.1818 0.8991 0.3983
vn -0.3564 0.8908 0.2818
vn -0.3585 0.8845 0.2985
vn -0.2489 0.9323 0.2622
vn -0.1779 0.8931 0.4132
vn -0.0915 0.9403 0.3278
vn -0.4670 0.8781 0.1036
vn -0.4938 0.8633 -0.1044
vn -0.5090 0.8558 -0.0919
vn -0.4256 0.9044 -0.0301
vn -0.4759 0.8713 0.1196
vn -0.3678 0.9199 0.1362
vn -0.3321 0.8692 -0.3664
vn -0.4519 0.8407 -0.2984
vn -0.4101 0.8879 -0.2085
vn -0.0165 -0.9892 0.1454
vn -0.0115 -0.9907 0.1354
vn -0.0137 -0.9910 0.1329
vn -0.0184 -0.9895 0.1433
vn 0.9151 0.0415 0.4010
vn 0.8111 0.0549 0.5823
vn 0.8980 0.0194 0.4395
vn 0.7781 0.0338 0.6272
vn 0.6578 0.0689 0.7500
vn 0.5523 0.0713 0.8306
vn 0.6586 0.0478 0.7510
vn 0.3733 -0.1044 0.9218
vn 0.3982 0.0641 0.9151
vn 0.2390 -0.0661 0.9688
vn 0.1239 0.0695 0.9899
vn -0.1238 -0.0579 0.9906
vn -0.0500 0.0012 0.9987
vn 0.0463 -0.0104 0.9989
vn 0.1281 -0.0304 0.9913
vn -0.8483 0.0394 0.5280
vn -0.7484 0.0468 0.6616
vn -0.6588 -0.0674 0.7493
vn -0.5323 0.0589 0.8445
vn -0.5325 -0.0359 0.8457
vn -0.7159 -0.1114 0.6892
vn -0.9090 0.0291 0.4158
vn -0.9172 0.0302 0.3972
vn -0.9670 0.0161 0.2543
vn -0.9797 0.0148 0.1999
vn -0.9886 0.0096 0.1500
vn -0.9953 0.0026 0.0965
vn -1.0000 -0.0048 -0.0032
vn -0.9996 -0.0019 -0.0266
vn -0.3007 -0.0630 0.9516
vn -0.3872 -0.0136 0.9219
vn 0.1308 0.6451 -0.7528
vn 0.1661 0.4994 -0.8503
vn 0.1987 0.3170 -0.9274
vn 0.1530 0.6559 -0.7391
vn 0.0796 0.8945 -0.4399
vn 0.1012 0.8333 -0.5434
vn 0.0267 0.9604 -0.2774
vn 0.0475 0.9617 -0.2700
vn 0.0977 0.8932 -0.4388
vn 0.0784 0.9044 -0.4194
vn 0.1136 0.8159 -0.5669
vn 0.1627 0.6568 -0.7363
vn 0.1506 0.6678 -0.7290
vn 0.1811 0.4966 -0.8488
vn 0.2108 0.3171 -0.9247
vn -0.3111 -0.1067 0.9444
vn -0.2850 -0.0845 0.9548
vn -0.2221 -0.1368 0.9654
vn -0.0643 -0.9492 0.3081
vn -0.0955 -0.9055 0.4135
vn -0.1220 -0.7949 0.5943
vn -0.0568 -0.9435 0.3265
vn -0.1027 -0.8579 0.5034
vn -0.1366 -0.7934 0.5932
vn -0.1714 -0.5594 0.8110
vn -0.1543 -0.7370 0.6581
vn -0.4022 -0.5150 0.7570
vn -0.3828 -0.4533 0.8050
vn -0.3788 -0.3811 0.8434
vn -0.2018 -0.3051 0.9307
vn -0.3124 -0.1550 0.9372
vn -0.3376 -0.2772 0.8995
vn -0.2127 -0.1143 0.9704
vn -0.2145 -0.0640 0.9746
vn -0.0533 -0.9432 0.3280
vn -0.1097 -0.7958 0.5955
vn -0.0963 -0.8581 0.5044
vn -0.0589 -0.9410 0.3332
vn -0.1623 -0.5588 0.8133
vn -0.1510 -0.6578 0.7379
vn -0.1271 -0.7626 0.6342
vn -0.1430 -0.0914 0.9855
vn -0.0995 -0.1074 0.9892
vn -0.1892 -0.1636 0.9682
vn -0.0797 -0.1861 0.9793
vn -0.2147 -0.1156 0.9698
vn -0.1998 -0.3013 0.9323
vn -0.0417 -0.3169 0.9475
vn 0.0124 -0.4237 0.9057
vn 0.0669 0.9271 -0.3689
vn 0.1272 0.7659 -0.6302
vn 0.1751 0.5298 -0.8298
vn 0.2058 0.2418 -0.9482
vn 0.1973 -0.4736 -0.8583
vn 0.1641 -0.7034 -0.6916
vn 0.1175 -0.8757 -0.4684
vn 0.0612 -0.9764 -0.2069
vn 0.0180 0.9898 -0.1413
vn 0.0479 0.9503 -0.3075
vn 0.1146 0.8251 -0.5533
vn 0.1205 0.8291 -0.5460
vn 0.1341 0.7441 -0.6545
vn 0.1692 0.6168 -0.7687
vn 0.1555 0.6435 -0.7495
vn 0.1753 0.5266 -0.8319
vn 0.1992 0.3706 -0.9072
vn 0.1961 0.3472 -0.9171
vn 0.1099 0.8786 -0.4648
vn 0.0769 0.9366 -0.3418
vn 0.0541 0.9694 -0.2395
vn 0.1917 0.3698 -0.9091
vn 0.1521 0.6166 -0.7725
vn 0.1759 0.5266 -0.8317
vn 0.1973 0.3465 -0.9171
vn 0.1000 0.8228 -0.5595
vn 0.1319 0.7441 -0.6550
vn 0.0460 0.9498 -0.3096
vn 0.0836 0.8829 -0.4620
vn 0.1100 0.8235 -0.5566
vn 0.0133 0.9898 -0.1422
vn 0.0333 0.9704 -0.2390
vn 0.0619 0.9315 -0.3584
vn -0.1736 -0.0704 -0.9823
vn -0.5373 -0.0603 -0.8412
vn -0.8192 -0.0410 -0.5721
vn 0.9848 -0.0124 -0.1732
vn 0.8434 -0.0384 -0.5359
vn 0.5736 -0.0586 -0.8171
vn 0.5373 0.0603 0.8412
vn -0.8434 0.0384 0.5359
vn 0.6903 0.7162 0.1021
vn 0.7010 0.7115 0.0497
vn 0.7017 0.7110 0.0458
vn 0.8420 0.0191 -0.5392
vn 0.8422 0.0152 -0.5390
vn 0.8359 0.1819 -0.5178
vn 0.8142 0.3856 -0.4341
vn 0.7803 0.5525 -0.2930
vn 0.7376 0.6665 -0.1082
vn 0.8415 0.0281 -0.5395
vn 0.8412 0.0343 -0.5397
vn 0.8317 0.2352 -0.5029
vn 0.7986 0.4748 -0.3700
vn 0.7489 0.6437 -0.1576
vn 0.7043 0.7093 0.0310
vn 0.7032 0.7100 0.0370
vn 0.5964 0.6781 -0.4295
vn 0.3799 0.7479 0.5443
vn -0.0956 0.7543 0.6496
vn -0.0910 0.7541 0.6504
vn -0.1530 0.7547 0.6380
vn 0.0885 0.7555 0.6492
vn 0.2826 0.7511 0.5967
vn 0.3056 0.7518 0.5842
vn 0.7417 0.6506 -0.1634
vn 0.7573 0.6334 -0.1590
vn 0.7056 0.7078 0.0340
vn 0.7237 0.6893 0.0331
vn 0.6082 0.7517 0.2550
vn 0.6270 0.7357 0.2561
vn 0.4682 0.7646 0.4428
vn 0.4982 0.7429 0.4472
vn 0.4322 0.7191 0.5441
vn 0.7791 0.5433 -0.3127
vn 0.7224 0.6414 -0.2584
vn 0.7818 0.5342 -0.3216
vn 0.8044 0.4107 -0.4291
vn 0.8341 0.1832 -0.5203
vn 0.8340 0.1838 -0.5202
vn 0.8297 0.2575 -0.4953
vn 0.8298 0.2567 -0.4956
vn 0.8144 0.3819 -0.4370
vn 0.7718 0.4989 -0.3944
vn 0.8284 0.2709 -0.4903
vn 0.8082 0.4226 -0.4100
vn 0.7811 0.5498 -0.2962
vn 0.7484 0.6447 -0.1555
vn 0.7124 0.7018 0.0036
vn 0.6750 0.7176 0.1716
vn 0.6385 0.6912 0.3384
vn 0.6051 0.6242 0.4942
vn 0.5768 0.5205 0.6295
vn 0.5768 0.5206 0.6295
vn 0.5553 0.3864 0.7364
vn 0.5419 0.2299 0.8084
vn 0.5368 0.1023 0.8375
vn 0.5368 0.1047 0.8372
vn 0.6772 -0.6894 0.2572
vn 0.6781 -0.6898 0.2537
vn 0.6903 -0.6944 0.2032
vn 0.6362 -0.6465 0.4210
vn 0.6381 -0.6360 0.4341
vn 0.5473 -0.5468 0.6336
vn 0.5402 -0.5605 0.6277
vn 0.4290 -0.4476 0.7847
vn 0.4235 -0.4593 0.7808
vn 0.3126 -0.3528 0.8819
vn 0.3082 -0.3623 0.8796
vn 0.1178 -0.6665 0.7361
vn 0.0413 -0.6553 0.7542
vn 0.0271 -0.6563 0.7540
vn -0.0557 -0.6442 0.7628
vn -0.1161 -0.6498 0.7512
vn -0.1219 -0.6551 0.7456
vn -0.6767 0.6892 -0.2590
vn -0.6903 0.6944 -0.2032
vn -0.6777 0.6896 -0.2552
vn -0.1530 -0.6559 0.7391
vn -0.6431 0.6446 -0.4135
vn -0.6004 0.5306 -0.5983
vn -0.5665 0.3637 -0.7394
vn -0.5448 0.1601 -0.8232
vn -0.5365 -0.0067 -0.8439
vn -0.5364 -0.0027 -0.8440
vn 0.3799 -0.6627 0.6454
vn -0.5359 0.0124 -0.8442
vn -0.5361 0.0063 -0.8441
vn -0.6728 0.6874 -0.2735
vn -0.6744 0.6882 -0.2676
vn -0.6318 0.6218 -0.4629
vn -0.5821 0.4529 -0.6753
vn -0.5489 0.2134 -0.8082
vn 0.5964 -0.7325 -0.3284
vn 0.1530 -0.7547 -0.6380
vn -0.4387 -0.6251 -0.6456
vn 0.0816 0.6531 -0.7529
vn 0.0877 0.6535 -0.7519
vn -0.1228 0.6555 -0.7451
vn -0.3799 0.6627 -0.6454
vn -0.5792 0.6763 -0.4551
vn -0.6744 -0.7193 -0.1667
vn -0.6728 -0.7194 -0.1727
vn -0.6903 -0.7162 -0.1021
vn 0.2237 0.6553 -0.7215
vn 0.2177 0.6555 -0.7231
vn -0.5792 -0.7343 -0.3540
vn -0.3799 -0.7479 -0.5443
vn -0.1228 -0.7551 -0.6440
vn 0.0816 -0.7538 -0.6520
vn 0.0877 -0.7540 -0.6510
vn 0.6964 0.6965 -0.1730
vn 0.4056 0.6639 -0.6283
vn 0.2177 -0.7519 -0.6222
vn 0.2237 -0.7515 -0.6206
vn -0.5964 0.7325 0.3284
vn 0.4056 -0.7467 -0.5272
vn 0.6964 -0.7141 -0.0719
vn 0.7043 -0.6976 0.1318
vn 0.7032 -0.6975 0.1379
vn -0.2145 0.7522 0.6231
vn -0.2100 0.7525 0.6243
vn -0.5303 0.7382 0.4169
vn -0.5439 0.7340 0.4066
vn -0.3767 0.7481 0.5463
vn 0.6886 -0.6072 -0.3963
vn -0.6226 0.6224 -0.4742
vn -0.6401 0.6174 -0.4573
vn -0.6753 0.6800 -0.2856
vn -0.6905 0.6729 -0.2653
vn -0.6843 0.7279 -0.0426
vn -0.6947 0.7190 -0.0216
vn -0.6483 0.7424 0.1687
vn -0.6503 0.7309 0.2069
vn -0.6042 0.7338 0.3105
vn -0.5956 0.5843 -0.5512
vn -0.5846 0.5284 -0.6157
vn -0.5421 0.1620 -0.8245
vn -0.5421 0.1614 -0.8247
vn -0.5509 0.2348 -0.8009
vn -0.5509 0.2356 -0.8006
vn -0.5578 0.3865 -0.7344
vn -0.5654 0.3601 -0.7421
vn -0.5609 0.4599 -0.6883
vn -0.5961 0.5149 -0.6160
vn -0.8426 0.0828 0.5322
vn -0.8426 0.0805 0.5324
vn -0.8388 0.2080 0.5031
vn -0.8254 0.3646 0.4311
vn -0.8039 0.4987 0.3242
vn -0.7756 0.6023 0.1889
vn -0.7422 0.6694 0.0331
vn -0.7057 0.6957 -0.1337
vn -0.6683 0.6799 -0.3017
vn -0.6323 0.6228 -0.4608
vn -0.6322 0.6228 -0.4608
vn -0.5996 0.5279 -0.6015
vn -0.5724 0.4007 -0.7153
vn -0.5523 0.2490 -0.7956
vn -0.5964 -0.6781 0.4295
vn -0.7007 -0.7116 -0.0512
vn -0.7013 -0.7112 -0.0476
vn -0.1918 -0.6510 0.7345
vn -0.1841 -0.6561 0.7319
vn -0.7286 -0.6814 0.0702
vn -0.7285 -0.6737 0.1240
vn -0.2516 -0.6473 0.7195
vn -0.3356 -0.6613 0.6709
vn -0.3225 -0.6618 0.6767
vn -0.3970 -0.6747 0.6223
vn -0.7404 -0.6360 0.2174
vn -0.7397 -0.5807 0.3401
vn -0.7414 -0.5762 0.3440
vn -0.7237 -0.5048 0.4705
vn -0.6548 -0.3659 0.6613
vn -0.6929 -0.4358 0.5744
vn -0.6941 -0.4390 0.5706
vn -0.7109 -0.4898 0.5047
vn -0.7305 -0.5188 0.4441
vn 0.8372 0.1623 -0.5223
vn 0.8191 0.3507 -0.4539
vn 0.7906 0.5116 -0.3365
vn 0.7539 0.6320 -0.1794
vn 0.7121 0.7020 0.0046
vn 0.6686 0.7161 0.2006
vn 0.6268 0.6730 0.3927
vn 0.5901 0.5763 0.5654
vn 0.5616 0.4338 0.7046
vn 0.5435 0.2570 0.7991
vn 0.5435 -0.1404 0.8276
vn 0.5616 -0.3288 0.7593
vn 0.5901 -0.4898 0.6418
vn 0.6268 -0.6101 0.4847
vn 0.6686 -0.6802 0.3007
vn 0.7121 -0.6942 0.1047
vn 0.7539 -0.6511 -0.0874
vn 0.7906 -0.5544 -0.2601
vn 0.8191 -0.4119 -0.3993
vn 0.8372 -0.2351 -0.4938
vn -0.8372 0.2351 0.4938
vn -0.8191 0.4119 0.3993
vn -0.7906 0.5544 0.2601
vn -0.7539 0.6511 0.0874
vn -0.7121 0.6942 -0.1047
vn -0.6686 0.6802 -0.3007
vn -0.6268 0.6101 -0.4847
vn -0.5901 0.4898 -0.6418
vn -0.5616 0.3288 -0.7593
vn -0.5435 0.1404 -0.8276
vn -0.5435 -0.2570 -0.7991
vn -0.5616 -0.4338 -0.7046
vn -0.5901 -0.5763 -0.5654
vn -0.6268 -0.6730 -0.3927
vn -0.6686 -0.7161 -0.2006
vn -0.7121 -0.7020 -0.0046
vn -0.7539 -0.6320 0.1794
vn -0.7906 -0.5116 0.3365
vn -0.8191 -0.3507 0.4539
vn -0.8372 -0.1623 0.5223
vn -0.8351 0.2648 0.4822
vn -0.8111 0.4612 0.3597
vn -0.7741 0.6065 0.1816
vn -0.7279 0.6849 -0.0326
vn -0.6777 0.6879 -0.2599
vn -0.6289 0.6151 -0.4756
vn -0.5867 0.4745 -0.6562
vn -0.5557 0.2813 -0.7823
vn -0.5402 0.0873 -0.8370
vn -0.5402 0.0840 -0.8374
vn -0.5402 -0.2058 -0.8160
vn -0.5402 -0.2026 -0.8168
vn -0.5557 -0.3900 -0.7342
vn -0.5867 -0.5633 -0.5818
vn -0.6289 -0.6767 -0.3830
vn -0.6777 -0.7179 -0.1591
vn -0.7279 -0.6825 0.0654
vn -0.7741 -0.5744 0.2663
vn -0.8111 -0.4052 0.4218
vn -0.8351 -0.1933 0.5150
vn 0.8165 -0.2742 -0.5082
vn 0.8250 -0.0404 -0.5636
vn 0.8081 -0.1639 -0.5657
vn 0.8351 -0.2648 -0.4822
vn 0.7909 -0.3904 -0.4713
vn 0.7917 -0.4770 -0.3816
vn 0.8111 -0.4612 -0.3597
vn 0.7581 -0.5736 -0.3102
vn 0.7534 -0.6271 -0.1978
vn 0.7741 -0.6065 -0.1816
vn 0.7136 -0.6934 -0.1000
vn 0.7058 -0.7081 0.0235
vn 0.7279 -0.6849 0.0326
vn 0.6619 -0.7370 0.1366
vn 0.6623 -0.6970 0.2748
vn 0.6593 -0.6964 0.2835
vn 0.6157 -0.6190 0.4876
vn 0.5315 -0.7784 0.3341
vn 0.6101 -0.6144 0.5003
vn 0.5733 -0.4735 0.6687
vn 0.4771 -0.6671 0.5722
vn 0.5681 -0.4647 0.6792
vn 0.5426 -0.2754 0.7936
vn 0.4323 -0.4825 0.7618
vn 0.5381 -0.2635 0.8007
vn 0.5267 -0.0464 0.8488
vn 0.4018 -0.2447 0.8824
vn 0.5232 -0.0325 0.8516
vn 0.5275 0.1888 0.8283
vn 0.3891 0.0206 0.9210
vn 0.5250 0.2031 0.8265
vn 0.5449 0.4048 0.7343
vn 0.3955 0.2847 0.8733
vn 0.5433 0.4179 0.7281
vn 0.5769 0.5780 0.5771
vn 0.4202 0.5188 0.7445
vn 0.5762 0.5886 0.5670
vn 0.6201 0.6898 0.3737
vn 0.4607 0.6977 0.5485
vn 0.6201 0.6966 0.3607
vn 0.6699 0.7280 0.1460
vn 0.5125 0.8020 0.3067
vn 0.6703 0.7303 0.1316
vn 0.7062 0.7043 -0.0722
vn 0.5701 0.8204 0.0452
vn 0.7279 0.6825 -0.0654
vn 0.7136 0.6721 -0.1979
vn 0.7534 0.5925 -0.2852
vn 0.7741 0.5744 -0.2663
vn 0.7581 0.5235 -0.3889
vn 0.7917 0.4177 -0.4458
vn 0.8111 0.4052 -0.4218
vn 0.7909 0.3192 -0.5222
vn 0.8165 0.1989 -0.5421
vn 0.8351 0.1933 -0.5150
vn 0.8081 0.0815 -0.5833
vn -0.8426 -0.0035 0.5385
vn -0.8427 -0.0014 0.5383
vn -0.5392 -0.2445 -0.8059
vn -0.5392 -0.2456 -0.8056
vn -0.5475 -0.3107 -0.7770
vn -0.5640 -0.4494 -0.6928
vn -0.5871 -0.5648 -0.5799
vn -0.6157 -0.6507 -0.4443
vn -0.6483 -0.7027 -0.2932
vn -0.6831 -0.7178 -0.1346
vn -0.7183 -0.6953 0.0230
vn -0.7521 -0.6364 0.1713
vn -0.7825 -0.5443 0.3024
vn -0.8080 -0.4238 0.4092
vn -0.8273 -0.2813 0.4862
vn -0.8393 -0.1245 0.5292
vn -0.5508 -0.3458 -0.7596
vn -0.5743 -0.5083 -0.6417
vn -0.6073 -0.6301 -0.4839
vn -0.6471 -0.7014 -0.2990
vn -0.6780 -0.7189 -0.1530
vn -0.6789 -0.7188 -0.1498
vn 0.5369 0.0205 0.8434
vn 0.5368 0.0184 0.8435
vn 0.5414 -0.1026 0.8345
vn 0.5534 -0.2594 0.7915
vn 0.5726 -0.4019 0.7145
vn 0.5982 -0.5224 0.6077
vn 0.6286 -0.6146 0.4766
vn 0.6623 -0.6734 0.3283
vn 0.6976 -0.6959 0.1707
vn 0.7324 -0.6808 0.0121
vn 0.7650 -0.6289 -0.1390
vn 0.7936 -0.5429 -0.2746
vn 0.8167 -0.4275 -0.3875
vn 0.8331 -0.2888 -0.4717
vn 0.8356 -0.2239 -0.5016
vn 0.8358 -0.2227 -0.5019
vn 0.7007 -0.6971 0.1519
vn 0.7002 -0.6969 0.1551
vn 0.7336 -0.6795 0.0064
vn 0.7734 -0.6083 -0.1785
vn 0.8064 -0.4864 -0.3364
vn 0.8299 -0.3240 -0.4543
vn 0.6904 -0.6943 0.2032
vn -0.4423 0.6538 -0.6140
vn -0.6036 0.6727 -0.4280
vn -0.5588 0.6662 -0.4938
vn -0.4720 0.6666 -0.5770
vn -0.3681 0.6475 -0.6672
vn -0.2243 0.6410 -0.7340
vn -0.2558 0.6574 -0.7088
vn -0.1270 0.6344 -0.7625
vn 0.0240 0.6352 -0.7719
vn -0.0071 0.6542 -0.7563
vn 0.1335 0.6283 -0.7665
vn 0.2717 0.6367 -0.7217
vn 0.2425 0.6575 -0.7134
vn 0.3797 0.6294 -0.6780
vn 0.4877 0.6448 -0.5885
vn 0.4608 0.6668 -0.5857
vn 0.5793 0.6375 -0.5079
vn 0.6449 0.6582 -0.3884
vn 0.6201 0.6809 -0.3896
vn 0.7062 0.6511 -0.2780
vn 0.7232 0.6750 -0.1460
vn 0.7000 0.6981 -0.1501
vn 0.7437 0.6683 -0.0179
vn 0.6981 0.7058 0.1207
vn 0.6968 0.7054 0.1299
vn 0.5994 0.7228 0.3439
vn 0.7560 0.6140 0.2267
vn 0.5894 0.7233 0.3597
vn 0.4285 0.7352 0.5252
vn 0.6000 0.6500 0.4664
vn 0.4089 0.7376 0.5374
vn 0.2058 0.7429 0.6370
vn 0.3720 0.6794 0.6324
vn 0.1780 0.7465 0.6412
vn -0.0414 0.7451 0.6657
vn 0.1036 0.7008 0.7058
vn -0.0741 0.7491 0.6583
vn -0.2829 0.7416 0.6082
vn -0.1697 0.7136 0.6797
vn -0.3160 0.7455 0.5869
vn -0.4894 0.7332 0.4721
vn -0.4129 0.7181 0.5602
vn -0.5175 0.7361 0.4363
vn -0.6361 0.7212 0.2745
vn -0.5956 0.7157 0.3649
vn -0.6536 0.7224 0.2257
vn -0.7056 0.7075 0.0397
vn -0.6958 0.7080 0.1207
vn -0.7077 0.7063 -0.0186
vn -0.6279 0.6805 -0.3777
vt 0.826161 0.481493
vt 0.909055 0.481799
vt 0.826092 0.504564
vt 0.908986 0.504870
vt 0.826605 0.427653
vt 0.909497 0.427024
vt 0.826796 0.450723
vt 0.909689 0.450093
vt 0.811628 0.250539
vt 0.811607 0.236698
vt 0.859102 0.236698
vt 0.858919 0.116742
vt 0.941651 0.116742
vt 0.941854 0.250539
vt 0.113673 0.132396
vt 0.116507 0.113405
vt 0.097631 0.249248
vt 0.106575 0.149418
vt 0.032428 0.124655
vt 0.000000 0.113842
vt 0.032984 0.105447
vt 0.003266 0.088895
vt 0.038018 0.087191
vt 0.010776 0.065462
vt 0.046986 0.071865
vt 0.133005 0.244514
vt 0.130849 0.229615
vt 0.123868 0.004771
vt 0.114768 0.094503
vt 0.108647 0.077740
vt 0.055828 0.168001
vt 0.029345 0.199469
vt 0.044505 0.157724
vt 0.016298 0.182943
vt 0.036413 0.142733
vt 0.006717 0.162314
vt 0.001174 0.138812
vt 0.092127 0.237939
vt 0.083041 0.170594
vt 0.095982 0.162628
vt 0.098805 0.064932
vt 0.086310 0.057466
vt 0.071139 0.011826
vt 0.072515 0.056151
vt 0.053192 0.017299
vt 0.058916 0.061131
vt 0.036508 0.028562
vt 0.022081 0.044942
vt 0.083169 0.226860
vt 0.072327 0.219486
vt 0.069154 0.172452
vt 0.062559 0.216562
vt 0.045079 0.210903
vt 0.625992 0.738740
vt 0.634878 0.748807
vt 0.585213 0.777933
vt 0.647010 0.754497
vt 0.706879 0.780956
vt 0.660290 0.754827
vt 0.672423 0.749740
vt 0.640660 0.694067
vt 0.585213 0.665659
vt 0.653650 0.691635
vt 0.706879 0.668683
vt 0.666640 0.694713
vt 0.677384 0.702767
vt 0.681309 0.740115
vt 0.685413 0.727617
vt 0.684024 0.714406
vt 0.629916 0.701587
vt 0.623276 0.712896
vt 0.621888 0.726038
vt 0.737071 0.658984
vt 0.737095 0.643663
vt 0.793973 0.658984
vt 0.850899 0.643663
vt 0.850876 0.658984
vt 0.345601 0.542347
vt 0.346092 0.523113
vt 0.389987 0.515061
vt 0.232466 0.548820
vt 0.222310 0.658440
vt 0.229784 0.529767
vt 0.209386 0.432546
vt 0.233434 0.510876
vt 0.243021 0.494194
vt 0.383018 0.490857
vt 0.340311 0.504761
vt 0.370386 0.469067
vt 0.328884 0.489281
vt 0.352846 0.450992
vt 0.331444 0.437711
vt 0.313051 0.478350
vt 0.307461 0.430018
vt 0.294525 0.473152
vt 0.282327 0.428373
vt 0.284875 0.472906
vt 0.275316 0.474251
vt 0.257505 0.481528
vt 0.241189 0.565970
vt 0.255007 0.579358
vt 0.272424 0.587534
vt 0.390876 0.540233
vt 0.385633 0.564868
vt 0.338891 0.560380
vt 0.374571 0.587496
vt 0.326690 0.575257
vt 0.358350 0.606764
vt 0.310319 0.585366
vt 0.291552 0.589612
vt 0.287354 0.645550
vt 0.220848 0.673770
vt 0.269781 0.670970
vt 0.276190 0.658512
vt 0.337939 0.621522
vt 0.314559 0.630888
vt 0.301470 0.635884
vt 0.000000 0.720860
vt 0.000000 0.707019
vt 0.047494 0.720932
vt 0.130226 0.707217
vt 0.047494 0.840888
vt 0.130226 0.841014
vt 0.036139 0.565208
vt 0.075039 0.517627
vt 0.081928 0.530190
vt 0.078791 0.576328
vt 0.026841 0.702491
vt -0.000000 0.694521
vt 0.041247 0.574637
vt 0.003704 0.509953
vt 0.038480 0.425498
vt 0.037217 0.435118
vt 0.039011 0.599782
vt 0.042256 0.586778
vt 0.083005 0.562935
vt 0.084666 0.545760
vt 0.053010 0.497840
vt 0.008783 0.552211
vt 0.002935 0.544388
vt 0.067253 0.510709
vt 0.027708 0.559927
vt 0.016972 0.556739
vt 0.037529 0.458881
vt 0.042901 0.480213
vt 0.000265 0.522172
vt 0.000000 0.534038
vt 0.500941 0.612388
vt 0.467625 0.631590
vt 0.449477 0.523104
vt 0.399093 0.512693
vt 0.445050 0.510030
vt 0.393443 0.499566
vt 0.445963 0.496257
vt 0.475787 0.467107
vt 0.462461 0.474788
vt 0.429065 0.416173
vt 0.441194 0.392820
vt 0.447296 0.367223
vt 0.491028 0.410388
vt 0.447006 0.340909
vt 0.445152 0.330796
vt 0.390876 0.481280
vt 0.393852 0.463055
vt 0.452077 0.483881
vt 0.402101 0.446534
vt 0.411633 0.435887
vt 0.496347 0.435497
vt 0.492975 0.448045
vt 0.485890 0.458937
vt 0.495676 0.422521
vt 0.570983 0.182956
vt 0.632504 0.182956
vt 0.632450 0.260478
vt 0.395594 0.260478
vt 0.395648 0.182956
vt 0.457169 0.182956
vt 0.457226 0.102364
vt 0.571039 0.102364
vt 0.534059 0.468174
vt 0.518523 0.485847
vt 0.509402 0.463900
vt 0.687775 0.570341
vt 0.681694 0.584088
vt 0.648857 0.584490
vt 0.671517 0.595151
vt 0.651558 0.603200
vt 0.658325 0.602356
vt 0.651558 0.604159
vt 0.689242 0.558798
vt 0.640973 0.567309
vt 0.628550 0.553060
vt 0.683060 0.424424
vt 0.676770 0.403001
vt 0.689242 0.332534
vt 0.664699 0.384218
vt 0.683060 0.446752
vt 0.676770 0.468175
vt 0.664699 0.486958
vt 0.583314 0.360321
vt 0.584883 0.335275
vt 0.605415 0.357144
vt 0.608491 0.332534
vt 0.627515 0.360321
vt 0.647825 0.369597
vt 0.527769 0.446751
vt 0.505551 0.440447
vt 0.527769 0.424424
vt 0.507176 0.416736
vt 0.534059 0.403001
vt 0.514189 0.394028
vt 0.546130 0.384218
vt 0.526217 0.373530
vt 0.563004 0.369597
vt 0.542622 0.356333
vt 0.562530 0.343351
vt 0.532430 0.505121
vt 0.546130 0.486958
vt 0.550381 0.520696
vt 0.563004 0.501579
vt 0.571424 0.531745
vt 0.583314 0.510854
vt 0.594438 0.537679
vt 0.605415 0.514032
vt 0.612605 0.542906
vt 0.627515 0.510854
vt 0.647825 0.501579
vt 0.205291 0.273127
vt 0.205321 0.274080
vt 0.200381 0.272942
vt 0.176724 0.232642
vt 0.211823 0.236439
vt 0.178139 0.243972
vt 0.206663 0.254274
vt 0.182952 0.257045
vt 0.220349 0.221080
vt 0.182929 0.141383
vt 0.192221 0.158883
vt 0.190638 0.267056
vt 0.235842 0.180062
vt 0.231544 0.209450
vt 0.219794 0.179039
vt 0.204850 0.171783
vt 0.215150 0.029450
vt 0.200778 0.040628
vt 0.169743 0.007798
vt 0.189051 0.056788
vt 0.180919 0.076619
vt 0.177729 0.120702
vt 0.177040 0.098515
vt 0.285926 0.127602
vt 0.297684 0.143663
vt 0.277793 0.147433
vt 0.288242 0.164159
vt 0.266066 0.163592
vt 0.275766 0.181370
vt 0.251695 0.174770
vt 0.260920 0.194382
vt 0.244494 0.202501
vt 0.247050 0.025182
vt 0.261527 0.006310
vt 0.261994 0.032438
vt 0.276295 0.017288
vt 0.274624 0.045338
vt 0.288665 0.032794
vt 0.283915 0.062837
vt 0.297979 0.052001
vt 0.289116 0.083518
vt 0.303741 0.073890
vt 0.289805 0.105706
vt 0.305645 0.097296
vt 0.303589 0.120973
vt 0.231002 0.024158
vt 0.228022 0.000000
vt 0.245145 0.000444
vt 0.457211 0.077568
vt 0.571025 0.077568
vt 0.457133 0.053730
vt 0.570947 0.053730
vt 0.456997 0.032120
vt 0.570811 0.032120
vt 0.456809 0.013887
vt 0.570623 0.013887
vt 0.456580 0.000000
vt 0.570394 -0.000000
vt 0.304160 0.050005
vt 0.382867 0.056430
vt 0.388887 0.079299
vt 0.310180 0.072874
vt 0.390876 0.103753
vt 0.312169 0.097328
vt 0.388729 0.128490
vt 0.310021 0.122065
vt 0.382559 0.152196
vt 0.303851 0.145771
vt 0.372694 0.173610
vt 0.293987 0.167184
vt 0.390877 0.873843
vt 0.390876 0.987647
vt 0.373637 0.987341
vt 0.373637 0.873537
vt 0.352761 0.987110
vt 0.352761 0.873306
vt 0.329361 0.986968
vt 0.329361 0.873164
vt 0.674543 0.965986
vt 0.674543 0.852182
vt 0.695527 0.965967
vt 0.695527 0.852162
vt 0.715340 0.965847
vt 0.715340 0.852042
vt 0.732379 0.965636
vt 0.732379 0.851832
vt 0.148615 0.980458
vt 0.148615 0.868185
vt 0.164395 0.982739
vt 0.164395 0.870465
vt 0.183446 0.984196
vt 0.183446 0.871922
vt 0.204224 0.984712
vt 0.204224 0.872439
vt 0.225046 0.984246
vt 0.225046 0.871972
vt 0.244224 0.982834
vt 0.244224 0.870561
vt 0.260205 0.980592
vt 0.260205 0.868318
vt 0.512388 0.965886
vt 0.512388 0.852072
vt 0.530918 0.965997
vt 0.530918 0.852183
vt 0.551489 0.966045
vt 0.551489 0.852231
vt 0.572436 0.966026
vt 0.572436 0.852212
vt 0.592062 0.965942
vt 0.592062 0.852128
vt 0.608776 0.965800
vt 0.608776 0.851986
vt 0.621224 0.965611
vt 0.621224 0.851798
vt 0.267798 0.145759
vt 0.189090 0.139334
vt 0.262903 0.126294
vt 0.184195 0.119869
vt 0.262254 0.105412
vt 0.183547 0.098987
vt 0.265905 0.084804
vt 0.187198 0.078379
vt 0.273559 0.066139
vt 0.194852 0.059714
vt 0.621224 0.965467
vt 0.621224 0.851662
vt 0.635824 0.965726
vt 0.635824 0.851921
vt 0.654090 0.965903
vt 0.654090 0.852099
vt 0.729868 0.156845
vt 0.736223 0.154691
vt 0.729868 0.250546
vt 0.737174 0.156339
vt 0.745952 0.250463
vt 0.694977 0.250522
vt 0.703408 0.158322
vt 0.712239 0.250566
vt 0.712239 0.158778
vt 0.721180 0.158333
vt 0.679951 0.147209
vt 0.683035 0.150749
vt 0.679951 0.250417
vt 0.686756 0.153495
vt 0.694977 0.156821
vt 0.765594 0.462590
vt 0.768272 0.564366
vt 0.763271 0.459047
vt 0.753634 0.566381
vt 0.762688 0.436889
vt 0.686756 0.110597
vt 0.679951 0.013561
vt 0.687075 0.013620
vt 0.694977 0.107366
vt 0.694977 0.013666
vt 0.703394 0.105927
vt 0.703442 0.013696
vt 0.712239 0.105499
vt 0.745952 0.013607
vt 0.745952 0.113906
vt 0.741947 0.110451
vt 0.738218 0.013656
vt 0.737174 0.107840
vt 0.729868 0.013690
vt 0.712239 0.013710
vt 0.721129 0.013708
vt 0.721170 0.105939
vt 0.729868 0.107391
vt 0.736223 0.109497
vt 0.750678 0.142205
vt 0.752230 0.135355
vt 0.758750 0.250326
vt 0.741927 0.153689
vt 0.745952 0.150164
vt 0.747562 0.148172
vt 0.752222 0.128530
vt 0.750760 0.122013
vt 0.758750 0.013471
vt 0.748722 0.117634
vt 0.752859 0.013545
vt 0.683029 0.113291
vt 0.679951 0.116768
vt 0.762125 0.330796
vt 0.764804 0.432571
vt 0.755220 0.331893
vt 0.747487 0.332811
vt 0.739138 0.333527
vt 0.736548 0.567589
vt 0.730402 0.334019
vt 0.721515 0.334275
vt 0.718868 0.567858
vt 0.712721 0.334288
vt 0.704260 0.334057
vt 0.702508 0.567159
vt 0.696362 0.333589
vt 0.689242 0.332897
vt 0.689242 0.565568
vt 0.169630 0.429668
vt 0.163929 0.666624
vt 0.163569 0.429788
vt 0.156519 0.429892
vt 0.149035 0.666811
vt 0.148674 0.429975
vt 0.140248 0.430037
vt 0.131830 0.666910
vt 0.131469 0.430074
vt 0.122578 0.430087
vt 0.122939 0.666922
vt 0.113817 0.430074
vt 0.114178 0.666910
vt 0.105425 0.430037
vt 0.097992 0.666811
vt 0.097631 0.429975
vt 0.090648 0.429892
vt 0.085027 0.666624
vt 0.084666 0.429788
vt 0.047800 0.082086
vt 0.211596 0.095458
vt 0.044075 0.089586
vt 0.205058 0.111137
vt 0.041262 0.097765
vt 0.039438 0.106401
vt 0.202448 0.128628
vt 0.038652 0.115257
vt 0.038926 0.124092
vt 0.204050 0.146037
vt 0.040253 0.132666
vt 0.042596 0.140744
vt 0.209688 0.161477
vt 0.045892 0.148106
vt 0.962660 0.612393
vt 0.973655 0.612371
vt 0.973676 0.621795
vt 0.969933 0.630275
vt 0.967773 0.638850
vt 0.967049 0.647761
vt 0.967810 0.656661
vt 0.962182 0.671456
vt 0.970009 0.665235
vt 0.972602 0.671436
vt 0.174160 0.474244
vt 0.175143 0.469799
vt 0.181298 0.466760
vt 0.175151 0.465144
vt 0.174160 0.460665
vt 0.173821 0.558412
vt 0.173978 0.553891
vt 0.179632 0.551041
vt 0.173116 0.549377
vt 0.171329 0.545260
vt 0.123427 0.913978
vt 0.126466 0.908369
vt 0.134747 0.911097
vt 0.129053 0.901432
vt 0.130064 0.894747
vt 0.171329 0.566766
vt 0.127268 0.882926
vt 0.123427 0.871610
vt 0.135467 0.868185
vt 0.129464 0.888471
vt 0.949281 0.671484
vt 0.949654 0.612420
vt 0.936830 0.671512
vt 0.937016 0.612449
vt 0.927056 0.671537
vt 0.927056 0.612474
vt 0.436383 0.912074
vt 0.436040 0.971011
vt 0.424133 0.970648
vt 0.424372 0.911703
vt 0.411121 0.970620
vt 0.411220 0.911675
vt 0.399332 0.970932
vt 0.399330 0.911994
vt 0.390876 0.971529
vt 0.390876 0.912603
vt 0.851167 0.002778
vt 0.847081 0.042671
vt 0.834256 0.043473
vt 0.838176 0.003454
vt 0.148615 0.868557
vt 0.147748 0.911633
vt 0.794004 0.478198
vt 0.781094 0.476242
vt 0.770051 0.469110
vt 0.806420 0.474619
vt 0.815111 0.429621
vt 0.768938 0.426807
vt 0.779605 0.419643
vt 0.792411 0.417649
vt 0.805014 0.421191
vt 0.820855 0.441398
vt 0.821196 0.454368
vt 0.816073 0.466161
vt 0.959165 0.812203
vt 0.902264 0.811741
vt 0.902367 0.786151
vt 0.959267 0.786613
vt 0.902348 0.762810
vt 0.959249 0.763272
vt 0.902209 0.743115
vt 0.959110 0.743577
vt 0.645176 0.787456
vt 0.645176 0.843593
vt 0.624419 0.840935
vt 0.624419 0.784798
vt 0.615355 0.784000
vt 0.600359 0.839184
vt 0.600359 0.779600
vt 0.624419 0.663421
vt 0.615355 0.662623
vt 0.600358 0.605533
vt 0.600359 0.665117
vt 0.574432 0.604793
vt 0.624419 0.607284
vt 0.645176 0.609942
vt 0.645176 0.666079
vt 0.902209 0.855264
vt 0.959110 0.855724
vt 0.959249 0.875419
vt 0.902349 0.874959
vt 0.959269 0.898760
vt 0.902368 0.898299
vt 0.959167 0.924351
vt 0.902266 0.923890
vt 0.574432 0.838444
vt 0.548187 0.838760
vt 0.548187 0.605109
vt 0.523192 0.840112
vt 0.523192 0.606461
vt 0.500941 0.842421
vt 0.500941 0.608770
vt 0.632090 0.330796
vt 0.395234 0.330796
vt 0.395417 0.310258
vt 0.632273 0.310258
vt 0.395540 0.286342
vt 0.632395 0.286342
vt 0.355066 0.845699
vt 0.368283 0.834047
vt 0.390876 0.864923
vt 0.266427 0.856545
vt 0.265543 0.753839
vt 0.279632 0.804735
vt 0.282502 0.787465
vt 0.338787 0.852208
vt 0.279034 0.868666
vt 0.321408 0.852790
vt 0.282798 0.821804
vt 0.291617 0.836612
vt 0.305026 0.847373
vt 0.376547 0.784318
vt 0.389709 0.729195
vt 0.379712 0.801386
vt 0.376842 0.818657
vt 0.367728 0.769510
vt 0.354318 0.758748
vt 0.320855 0.731499
vt 0.337936 0.753332
vt 0.320558 0.753914
vt 0.291062 0.772075
vt 0.277934 0.740882
vt 0.304278 0.760423
vt 0.298795 0.740184
vt 0.310529 0.737745
vt 0.004620 0.856655
vt 0.087679 0.856655
vt 0.004620 0.964323
vt 0.087679 0.964323
vt 0.118729 0.389595
vt 0.058784 0.397616
vt 0.115407 0.282602
vt 0.055463 0.290623
vt 0.271741 0.323123
vt 0.273436 0.310031
vt 0.290568 0.280938
vt 0.270917 0.296596
vt 0.290519 0.279367
vt 0.211812 0.272942
vt 0.238159 0.283312
vt 0.211861 0.274513
vt 0.232586 0.293466
vt 0.230891 0.306558
vt 0.152575 0.314487
vt 0.147451 0.324839
vt 0.121987 0.284316
vt 0.264685 0.285477
vt 0.255972 0.278878
vt 0.246505 0.278105
vt 0.381509 0.305502
vt 0.384713 0.408696
vt 0.360494 0.361909
vt 0.125191 0.387510
vt 0.316103 0.351629
vt 0.266169 0.333277
vt 0.317629 0.338731
vt 0.322753 0.328379
vt 0.330589 0.322362
vt 0.324234 0.376086
vt 0.332485 0.383416
vt 0.285124 0.413133
vt 0.145925 0.337737
vt 0.148262 0.350950
vt 0.134349 0.400825
vt 0.268208 0.353438
vt 0.257822 0.338484
vt 0.258763 0.349997
vt 0.248355 0.337711
vt 0.248127 0.349129
vt 0.239643 0.331112
vt 0.238848 0.351041
vt 0.130363 0.272433
vt 0.144996 0.273628
vt 0.160411 0.308470
vt 0.151243 0.272961
vt 0.169605 0.307829
vt 0.156934 0.270029
vt 0.178566 0.312674
vt 0.185745 0.322169
vt 0.189902 0.334670
vt 0.233410 0.319994
vt 0.190316 0.348017
vt 0.154056 0.362193
vt 0.162307 0.369524
vt 0.171587 0.371673
vt 0.180292 0.368269
vt 0.186917 0.359902
vt 0.376337 0.420579
vt 0.360080 0.348563
vt 0.355923 0.336061
vt 0.372351 0.292188
vt 0.348744 0.326567
vt 0.357718 0.290993
vt 0.341765 0.385565
vt 0.350470 0.382162
vt 0.357095 0.373794
vt 0.339783 0.321721
vt 0.345496 0.285422
vt 0.351398 0.289301
vt 0.231149 0.358014
vt 0.226200 0.368986
vt 0.224755 0.382287
vt 0.225562 0.408271
vt 0.318440 0.364842
vt 0.284318 0.387149
vt 0.282038 0.373544
vt 0.276381 0.361706
vt 0.260205 0.852554
vt 0.243536 0.818784
vt 0.246555 0.801538
vt 0.260205 0.749844
vt 0.135832 0.732451
vt 0.146450 0.804026
vt 0.135832 0.868185
vt 0.149468 0.821122
vt 0.158160 0.836005
vt 0.171476 0.846881
vt 0.187811 0.852438
vt 0.247703 0.865404
vt 0.205194 0.852006
vt 0.221528 0.845637
vt 0.234845 0.834099
vt 0.171476 0.759927
vt 0.158160 0.771466
vt 0.149468 0.786781
vt 0.243536 0.784443
vt 0.234845 0.769560
vt 0.247703 0.737615
vt 0.221528 0.758684
vt 0.187811 0.753558
vt 0.204703 0.730739
vt 0.205194 0.753126
vt 0.215083 0.736380
vt 0.226837 0.738134
vt 0.833629 0.908326
vt 0.812729 0.869958
vt 0.821146 0.859162
vt 0.751347 0.923761
vt 0.751347 0.954186
vt 0.737696 0.954526
vt 0.754002 0.910305
vt 0.737696 0.848035
vt 0.763480 0.847394
vt 0.766485 0.860521
vt 0.774902 0.870898
vt 0.761564 0.898765
vt 0.849935 0.951736
vt 0.836284 0.952076
vt 0.836284 0.921650
vt 0.824150 0.845886
vt 0.849935 0.845246
vt 0.826067 0.897162
vt 0.814749 0.889858
vt 0.800565 0.876136
vt 0.801399 0.887527
vt 0.787065 0.876471
vt 0.786232 0.887904
vt 0.772882 0.890899
vt 0.902025 0.616987
vt 0.902034 0.743113
vt 0.875877 0.616989
vt 0.875885 0.743115
vt 0.412471 0.906631
vt 0.412471 0.781001
vt 0.427850 0.906607
vt 0.427850 0.780978
vt 0.278603 0.413318
vt 0.187576 0.425498
vt 0.277797 0.387334
vt 0.186770 0.399514
vt 0.967909 0.304854
vt 0.926380 0.305740
vt 0.926379 0.289080
vt 0.967909 0.305740
vt 0.967912 0.318710
vt 0.926383 0.320133
vt 0.967912 0.320133
vt 0.815677 0.255319
vt 0.857124 0.255590
vt 0.856502 0.266713
vt 0.814956 0.268961
vt 0.856403 0.269231
vt 0.856070 0.281830
vt 0.814570 0.285320
vt 0.856016 0.285590
vt 0.855976 0.297854
vt 0.814570 0.302187
vt 0.856016 0.302457
vt 0.856233 0.312853
vt 0.814956 0.317284
vt 0.856403 0.317555
vt 0.856809 0.325017
vt 0.815677 0.328573
vt 0.857124 0.328843
vt 0.122568 0.926345
vt 0.094936 0.920349
vt 0.094194 0.911249
vt 0.122274 0.909763
vt 0.978494 0.248888
vt 0.946042 0.255232
vt 0.948260 0.248342
vt 0.980034 0.240645
vt 0.949799 0.240099
vt 0.980513 0.232150
vt 0.950278 0.231604
vt 0.949799 0.224076
vt 0.978260 0.215563
vt 0.948025 0.215017
vt 0.946042 0.209096
vt 0.772015 0.328843
vt 0.730207 0.324644
vt 0.770997 0.317626
vt 0.729633 0.317222
vt 0.729394 0.312539
vt 0.770451 0.302572
vt 0.729087 0.302169
vt 0.729031 0.297572
vt 0.770451 0.285715
vt 0.729087 0.285312
vt 0.729163 0.281549
vt 0.770997 0.269332
vt 0.729633 0.268929
vt 0.729773 0.266403
vt 0.772015 0.255635
vt 0.730651 0.255232
vt 0.926383 0.257960
vt 0.967912 0.257960
vt 0.967912 0.259390
vt 0.926380 0.272402
vt 0.967909 0.272402
vt 0.967909 0.273290
vt 0.967908 0.289080
vt 0.919250 0.078010
vt 0.923357 0.092806
vt 0.908502 0.085595
vt 0.908538 0.100219
vt 0.895629 0.088021
vt 0.892055 0.101627
vt 0.882856 0.084869
vt 0.876133 0.096841
vt 0.869066 0.092296
vt 0.872393 0.076684
vt 0.862923 0.086507
vt 0.866048 0.064881
vt 0.854208 0.072020
vt 0.864919 0.051501
vt 0.851167 0.055338
vt 0.869200 0.038857
vt 0.854208 0.038712
vt 0.862923 0.024389
vt 0.878152 0.029137
vt 0.876133 0.014303
vt 0.890227 0.024019
vt 0.892055 0.009816
vt 0.903336 0.024390
vt 0.908538 0.011534
vt 0.915213 0.030186
vt 0.923357 0.019225
vt 0.923805 0.040403
vt 0.934509 0.031850
vt 0.927625 0.053276
vt 0.940489 0.047705
vt 0.926014 0.066578
vt 0.940489 0.064648
vt 0.934509 0.080390
vt 0.968586 0.727836
vt 0.927057 0.728722
vt 0.927056 0.712061
vt 0.968586 0.728722
vt 0.968589 0.741692
vt 0.927060 0.743115
vt 0.968589 0.743115
vt 0.773123 0.255232
vt 0.814570 0.255502
vt 0.813948 0.266625
vt 0.772402 0.268873
vt 0.813849 0.269144
vt 0.813515 0.281742
vt 0.772015 0.285232
vt 0.813462 0.285503
vt 0.813422 0.297767
vt 0.772015 0.302099
vt 0.813462 0.302370
vt 0.813679 0.312765
vt 0.772402 0.317197
vt 0.813849 0.317467
vt 0.814255 0.324930
vt 0.773123 0.328485
vt 0.814570 0.328756
vt 0.500940 0.851695
vt 0.473309 0.845699
vt 0.472566 0.836599
vt 0.500647 0.835112
vt 0.946042 0.209097
vt 0.948260 0.202207
vt 0.978494 0.202753
vt 0.949799 0.193964
vt 0.980513 0.186015
vt 0.950278 0.185469
vt 0.949799 0.177941
vt 0.978260 0.169428
vt 0.948025 0.168882
vt 0.946042 0.162961
vt 0.724025 0.328843
vt 0.682217 0.324644
vt 0.723007 0.317626
vt 0.681643 0.317222
vt 0.681403 0.312539
vt 0.722461 0.302572
vt 0.681097 0.302169
vt 0.681041 0.297572
vt 0.722461 0.285715
vt 0.681097 0.285312
vt 0.681173 0.281549
vt 0.723007 0.269332
vt 0.681643 0.268929
vt 0.681783 0.266403
vt 0.724025 0.255635
vt 0.682661 0.255232
vt 0.927060 0.680942
vt 0.968589 0.680942
vt 0.968589 0.682371
vt 0.927057 0.695384
vt 0.968586 0.695384
vt 0.968586 0.696272
vt 0.968585 0.712061
vt 0.985360 0.520350
vt 0.995821 0.531590
vt 0.979315 0.532033
vt 0.986084 0.544996
vt 0.969006 0.540117
vt 0.972102 0.553839
vt 0.956218 0.543203
vt 0.955766 0.556926
vt 0.943160 0.540758
vt 0.939280 0.553839
vt 0.932092 0.533205
vt 0.924872 0.544996
vt 0.924926 0.521849
vt 0.914487 0.531590
vt 0.922901 0.508655
vt 0.909528 0.515432
vt 0.910664 0.498705
vt 0.926368 0.495903
vt 0.917743 0.483667
vt 0.934728 0.485799
vt 0.929808 0.472350
vt 0.946534 0.480089
vt 0.945229 0.466281
vt 0.959746 0.479761
vt 0.961925 0.466281
vt 0.972079 0.484872
vt 0.977639 0.472350
vt 0.981400 0.494538
vt 0.990251 0.483667
vt 0.986098 0.507087
vt 0.998056 0.498705
vt 1.000000 0.515432
vt 0.909528 0.580960
vt 0.955671 0.580960
vt 0.909529 0.594090
vt 0.955672 0.594090
vt 0.909531 0.604934
vt 0.955675 0.604934
vt 0.940981 0.053941
vt 0.987034 0.053941
vt 0.940568 0.065648
vt 0.986620 0.065648
vt 0.940489 0.079020
vt 0.986542 0.079020
vt 0.940759 0.091747
vt 0.986811 0.091747
vt 0.941330 0.101627
vt 0.987382 0.101627
vt 0.183897 0.475486
vt 0.183897 0.506902
vt 0.171329 0.478956
vt 0.171329 0.510373
vt 0.157013 0.352473
vt 0.156599 0.339126
vt 0.152443 0.326625
vt 0.134840 0.989280
vt 0.088877 0.989280
vt 0.134028 0.979455
vt 0.088066 0.979455
vt 0.133641 0.966754
vt 0.087679 0.966754
vt 0.133745 0.953374
vt 0.087783 0.953374
vt 0.134322 0.941629
vt 0.088360 0.941629
vt 0.909531 0.556926
vt 0.955675 0.556926
vt 0.909529 0.567814
vt 0.955672 0.567814
vt 0.758750 0.028778
vt 0.804893 0.028778
vt 0.758751 0.041908
vt 0.804894 0.041908
vt 0.758753 0.052752
vt 0.804897 0.052752
vt 0.910415 0.418596
vt 0.956468 0.418596
vt 0.910002 0.430302
vt 0.956054 0.430302
vt 0.909923 0.443674
vt 0.955976 0.443674
vt 0.910192 0.456401
vt 0.956245 0.456401
vt 0.910764 0.466282
vt 0.956816 0.466281
vt 0.183897 0.510373
vt 0.183897 0.541789
vt 0.171329 0.513843
vt 0.171329 0.545260
vt 0.327192 0.366366
vt 0.326777 0.353018
vt 0.322621 0.340517
vt 0.987650 0.053941
vt 0.941688 0.053941
vt 0.986838 0.044116
vt 0.940876 0.044116
vt 0.986451 0.031415
vt 0.940489 0.031415
vt 0.986555 0.018035
vt 0.940593 0.018035
vt 0.987133 0.006290
vt 0.941170 0.006290
vt 0.758753 0.004744
vt 0.804897 0.004744
vt 0.758751 0.015632
vt 0.804894 0.015632
vt 0.172076 0.311498
vt 0.171031 0.309961
vt 0.813013 0.825042
vt 0.813236 0.678683
vt 0.815843 0.681449
vt 0.438972 0.631590
vt 0.438972 0.775973
vt 0.428246 0.631759
vt 0.787132 0.665870
vt 0.800820 0.665870
vt 0.805766 0.670917
vt 0.800579 0.824515
vt 0.786890 0.824515
vt 0.162344 0.301848
vt 0.774659 0.825042
vt 0.772345 0.681449
vt 0.774882 0.678683
vt 0.782225 0.670917
vt 0.430457 0.770142
vt 0.423066 0.767804
vt 0.414892 0.631971
vt 0.417054 0.767308
vt 0.401555 0.632185
vt 0.403717 0.767523
vt 0.390876 0.632359
vt 0.393038 0.767696
vt 0.902210 0.743479
vt 0.902210 0.878567
vt 0.889809 0.743115
vt 0.889809 0.878202
vt 0.876119 0.743124
vt 0.876119 0.878212
vt 0.863852 0.743506
vt 0.863852 0.878594
vt 0.855436 0.744184
vt 0.855436 0.879272
vt 0.174054 0.336194
vt 0.175748 0.323102
vt 0.174728 0.317162
vt 0.902209 0.883889
vt 0.902209 0.962334
vt 0.891321 0.962331
vt 0.463114 0.867365
vt 0.463114 0.940146
vt 0.453289 0.868177
vt 0.461156 0.941788
vt 0.457707 0.945881
vt 0.489195 0.867082
vt 0.482641 0.935357
vt 0.475815 0.866978
vt 0.475815 0.935360
vt 0.469007 0.936957
vt 0.500941 0.945795
vt 0.497411 0.941732
vt 0.500941 0.867659
vt 0.493623 0.938917
vt 0.489195 0.936843
vt 0.865046 0.879273
vt 0.875628 0.879272
vt 0.865046 0.962331
vt 0.878176 0.962330
vt 0.862554 0.879273
vt 0.854202 0.962334
vt 0.854202 0.879275
vt 0.957609 0.331288
vt 0.957609 0.414183
vt 0.955247 0.331169
vt 0.945903 0.413769
vt 0.945903 0.330875
vt 0.942744 0.330823
vt 0.932530 0.413690
vt 0.932530 0.330796
vt 0.929081 0.330833
vt 0.919803 0.413960
vt 0.919803 0.331065
vt 0.916704 0.331196
vt 0.909923 0.414531
vt 0.909923 0.331636
vt 0.851167 0.043353
vt 0.844949 0.099560
vt 0.847560 0.044379
vt 0.832076 0.101627
vt 0.838293 0.045420
vt 0.926379 0.258552
vt 0.926379 0.319031
vt 0.922347 0.257720
vt 0.913095 0.317672
vt 0.913095 0.257193
vt 0.908684 0.257588
vt 0.900152 0.320133
vt 0.900152 0.259654
vt 0.453289 0.950908
vt 0.169630 0.433639
vt 0.169630 0.425498
vt 0.170798 0.431093
vt 0.899534 0.879274
vt 0.891321 0.879273
vt 0.889174 0.879272
vt 0.878176 0.879272
vt 0.868496 0.260276
vt 0.857124 0.256769
vt 0.858224 0.255319
vt 0.821761 0.040257
vt 0.820975 0.041844
vt 0.812363 0.034115
vt 0.813668 0.037573
vt 0.811607 0.035860
vt 0.834094 0.045222
vt 0.825029 0.043376
vt 0.857124 0.318029
vt 0.869226 0.314109
vt 0.870174 0.315444
vt 0.861070 0.318999
vt 0.857467 0.319560
vt 0.173756 0.471284
vt 0.172066 0.471888
vt 0.172066 0.459581
vt 0.172066 0.459580
vt 0.172066 0.472888
vt 0.170416 0.463519
vt 0.878665 0.305410
vt 0.883751 0.293488
vt 0.885426 0.293792
vt 0.881815 0.303573
vt 0.880085 0.306310
vt 0.873042 0.313546
vt 0.883575 0.280476
vt 0.878167 0.268703
vt 0.879562 0.267768
vt 0.884515 0.277443
vt 0.885240 0.280130
vt 0.885873 0.290802
vt 0.867382 0.257902
vt 0.869408 0.258919
vt 0.877974 0.265806
vt 0.676221 0.234990
vt 0.637063 0.229921
vt 0.679951 0.005480
vt 0.640719 0.004998
vt 0.637619 -0.000000
vt 0.137370 0.229430
vt 0.130247 0.000000
vt 0.172791 0.003473
vt 0.099410 0.255347
vt 0.647932 0.300874
vt 0.676035 0.315914
vt 0.645709 0.307533
vt 0.134895 0.250610
vt 0.099481 0.261425
vt 0.673612 0.322352
vt 0.672769 0.329363
vt 0.644102 0.314147
vt 0.183897 0.425498
vt 0.183897 0.475486
vt 0.181298 0.425700
vt 0.175531 0.429792
vt 0.181298 0.425498
vt 0.181298 0.460665
vt 0.909528 0.526524
vt 0.855023 0.529971
vt 0.849548 0.526629
vt 0.909366 0.524310
vt 0.843798 0.522850
vt 0.909068 0.515215
vt 0.826105 0.509959
vt 0.831805 0.514361
vt 0.832956 0.515210
vt 0.837828 0.518718
vt 0.909923 0.405167
vt 0.909773 0.407426
vt 0.844936 0.408665
vt 0.909524 0.416639
vt 0.838266 0.413376
vt 0.849292 0.405717
vt 0.265158 0.692996
vt 0.204515 0.696554
vt 0.209744 0.692041
vt 0.265196 0.690041
vt 0.214552 0.686428
vt 0.265805 0.684096
vt 0.215687 0.684786
vt 0.216410 0.683650
vt 0.218221 0.680393
vt 0.267303 0.677592
vt 0.826590 0.422247
vt 0.832678 0.417488
vt 0.850898 0.670917
vt 0.850996 0.681449
vt 0.816762 0.825903
vt 0.851432 0.825042
vt 0.850324 0.833943
vt 0.821652 0.833203
vt 0.823666 0.840051
vt 0.764162 0.841530
vt 0.738085 0.836732
vt 0.766179 0.836034
vt 0.766991 0.834561
vt 0.739193 0.827831
vt 0.773862 0.826970
vt 0.737192 0.681449
vt 0.737093 0.670917
vt 0.830977 0.416338
vt 0.826413 0.420822
vt 0.821855 0.410220
vt 0.677538 0.248613
vt 0.678112 0.250781
vt 0.642131 0.254591
vt 0.637941 0.241305
vt 0.679951 0.255232
vt 0.857213 0.334905
vt 0.860677 0.392525
vt 0.857725 0.394117
vt 0.846363 0.335111
vt 0.856676 0.394777
vt 0.850201 0.399482
vt 0.847089 0.401992
vt 0.846797 0.402233
vt 0.832745 0.335295
vt 0.833257 0.414194
vt 0.839061 0.408903
vt 0.825879 0.335367
vt 0.821196 0.330796
vt 0.140961 0.249383
vt 0.139330 0.242975
vt 0.846340 0.596813
vt 0.851721 0.533770
vt 0.857192 0.596729
vt 0.856338 0.536891
vt 0.860351 0.538992
vt 0.825936 0.511382
vt 0.830524 0.515825
vt 0.821434 0.522015
vt 0.836012 0.520833
vt 0.821196 0.601442
vt 0.825855 0.596838
vt 0.832721 0.596843
vt 0.841458 0.525581
vt 0.846712 0.529927
vt 0.720640 0.669400
vt 0.720640 0.781674
vt 0.732379 0.670781
vt 0.732379 0.783055
vt 0.736827 0.604793
vt 0.850631 0.604793
vt 0.850790 0.615866
vt 0.736986 0.615866
vt 0.850882 0.629260
vt 0.737078 0.629260
vt 0.312959 0.873055
vt 0.312959 0.986860
vt 0.299021 0.872872
vt 0.299021 0.986676
vt 0.288686 0.872628
vt 0.288686 0.986432
vt 0.217889 0.238814
vt 0.296596 0.245239
vt 0.213089 0.255404
vt 0.291796 0.261829
vt 0.199247 0.725623
vt 0.136108 0.718653
vt 0.137256 0.702720
vt 0.193375 0.701326
vt 0.193965 0.696554
vt 0.959197 0.963400
vt 0.902351 0.966951
vt 0.902229 0.954049
vt 0.959129 0.954509
vt 0.959116 0.951371
vt 0.902209 0.937808
vt 0.959112 0.937073
vt 0.192866 0.706699
vt 0.193203 0.713122
vt 0.195339 0.719602
vt 0.959107 0.826121
vt 0.959126 0.842362
vt 0.902213 0.838762
vt 0.902209 0.824463
vt 0.959247 0.855264
vt 0.902294 0.850791
vt 0.902226 0.841900
vt 0.389866 0.715395
vt 0.334308 0.706708
vt 0.390876 0.699453
vt 0.334771 0.701331
vt 0.335320 0.696554
vt 0.326329 0.726078
vt 0.330484 0.719815
vt 0.333143 0.713198
vt 0.439660 0.906797
vt 0.439660 0.781167
vt 0.449754 0.907372
vt 0.449754 0.781743
vt 0.923802 0.616989
vt 0.923811 0.743115
vt 0.913804 0.616987
vt 0.913812 0.743113
vt 0.275814 0.375504
vt 0.184787 0.387683
vt 0.270895 0.365210
vt 0.179868 0.377390
vt 0.390876 0.907462
vt 0.390876 0.781832
vt 0.400740 0.906856
vt 0.400740 0.781226
vt 0.825240 0.466281
vt 0.908134 0.466588
vt 0.940265 0.101627
vt 0.857533 0.101627
vt 0.825960 0.466281
vt 0.908852 0.465652
vt 0.128863 0.856655
vt 0.046131 0.856529
vt 0.202676 0.425498
vt 0.201950 0.441034
vt 0.184477 0.547096
vt 0.204515 0.457268
vt 0.190928 0.548052
vt 0.855434 0.643254
vt 0.855419 0.630291
vt 0.204515 0.589146
vt 0.199574 0.592756
vt 0.191834 0.585355
vt 0.197549 0.582484
vt 0.186432 0.574533
vt 0.192687 0.572745
vt 0.183897 0.561350
vt 0.190406 0.560880
vt 0.855411 0.658575
vt 0.855436 0.672298
vt 0.442183 0.635323
vt 0.447143 0.631590
vt 0.448336 0.642311
vt 0.454219 0.639627
vt 0.451923 0.652476
vt 0.458344 0.651316
vt 0.452398 0.664269
vt 0.458891 0.664879
vt 0.449113 0.767386
vt 0.442183 0.771367
vt 0.854090 0.232163
vt 0.815788 0.232163
vt 0.853917 0.118732
vt 0.864729 0.726261
vt 0.871250 0.728161
vt 0.855436 0.738587
vt 0.859976 0.743115
vt 0.864729 0.622497
vt 0.871250 0.620578
vt 0.855436 0.609487
vt 0.859976 0.604793
vt 0.226070 0.732899
vt 0.248822 0.732334
vt 0.215849 0.731374
vt 0.644710 0.328967
vt 0.638562 0.329363
vt 0.643407 0.320436
vt 0.637063 0.319551
vt 0.644534 0.291719
vt 0.650430 0.294514
vt 0.641684 0.298377
vt 0.639259 0.305474
vt 0.637621 0.312640
vt 0.643579 0.317772
vt 0.654838 0.282494
vt 0.646893 0.286036
vt 0.648636 0.280537
vt 0.656909 0.268216
vt 0.963698 0.924906
vt 0.963639 0.938582
vt 0.648981 0.255232
vt 0.655210 0.255291
vt 0.650562 0.267256
vt 0.650418 0.270372
vt 0.963795 0.900412
vt 0.811607 0.250825
vt 0.807161 0.255232
vt 0.791191 0.242776
vt 0.796322 0.238903
vt 0.777657 0.225071
vt 0.783367 0.221957
vt 0.767367 0.203175
vt 0.773519 0.200999
vt 0.760937 0.178395
vt 0.767364 0.177281
vt 0.758750 0.152212
vt 0.765271 0.152220
vt 0.760937 0.126190
vt 0.767364 0.127313
vt 0.767367 0.101883
vt 0.773519 0.104048
vt 0.777657 0.080743
vt 0.783367 0.083815
vt 0.791191 0.064034
vt 0.796322 0.067821
vt 0.807161 0.052752
vt 0.811607 0.057023
vt 0.636961 0.284944
vt 0.637012 0.260188
vt 0.637063 0.187272
vt 0.136672 0.255901
vt 0.142289 0.254956
vt 0.860056 0.532684
vt 0.821244 0.513671
vt 0.821196 0.504597
vt 0.706189 0.786258
vt 0.821260 0.483438
vt 0.718574 0.786903
vt 0.500195 0.421577
vt 0.500941 0.435994
vt 0.497194 0.449937
vt 0.489322 0.462039
vt 0.732387 0.630291
vt 0.732402 0.643254
vt 0.125569 0.268186
vt 0.732379 0.658575
vt 0.732379 0.847477
vt 0.732826 0.834479
vt 0.449630 0.509443
vt 0.450424 0.497466
vt 0.455740 0.486705
vt 0.732404 0.672298
vt 0.129840 0.405748
vt 0.732379 0.949404
vt 0.815823 0.255232
vt 0.941453 0.255232
vt 0.946042 0.250618
vt 0.945841 0.118732
vt 0.042489 0.725618
vt 0.004187 0.725559
vt 0.830967 0.921092
vt 0.830967 0.946954
vt 0.875864 0.612373
vt 0.871250 0.616988
vt 0.042489 0.839049
vt 0.427770 0.775973
vt 0.441353 0.776191
vt 0.812241 0.893447
vt 0.822082 0.899798
vt 0.828658 0.909505
vt 0.902012 0.612371
vt 0.261122 0.857923
vt 0.276416 0.872628
vt 0.412391 0.775996
vt 0.915558 0.612371
vt 0.927056 0.612373
vt 0.452960 0.911675
vt 0.441353 0.911013
vt 0.427770 0.910795
vt 0.260205 0.751436
vt 0.893632 0.288731
vt 0.887320 0.290368
vt 0.892374 0.276973
vt 0.885873 0.276846
vt 0.894664 0.266271
vt 0.888506 0.264539
vt 0.900152 0.258254
vt 0.894818 0.255319
vt 0.398901 0.776255
vt 0.412391 0.910818
vt 0.275238 0.735717
vt 0.900152 0.314032
vt 0.894991 0.320133
vt 0.255575 0.355028
vt 0.263788 0.358020
vt 0.297984 0.734955
vt 0.129817 0.702682
vt 0.004187 0.702491
vt 0.317166 0.727403
vt 0.308187 0.732834
vt 0.281936 0.418164
vt 0.329040 0.704368
vt 0.327939 0.710380
vt 0.325571 0.716525
vt 0.321931 0.722353
vt 0.319360 0.725331
vt 0.134413 0.839189
vt 0.134413 0.707303
vt 0.274084 0.672647
vt 0.276806 0.666599
vt 0.315737 0.635362
vt 0.303562 0.640009
vt 0.290431 0.649001
vt 0.287649 0.651652
vt 0.280046 0.661059
vt 0.000004 0.962425
vt 0.000000 0.975138
vt 0.004615 0.979747
vt 0.390928 0.260188
vt 0.390876 0.284944
vt 0.308322 0.425498
vt 0.333379 0.433535
vt 0.355739 0.447410
vt 0.503862 0.847559
vt 0.525160 0.845350
vt 0.549084 0.844055
vt 0.574204 0.843753
vt 0.599019 0.844461
vt 0.622049 0.846137
vt 0.389995 0.566386
vt 0.378437 0.590026
vt 0.361490 0.610158
vt 0.340165 0.625576
vt 0.000004 0.858579
vt 0.390979 0.187272
vt 0.821886 0.448900
vt 0.821196 0.461725
vt 0.217703 0.658717
vt 0.204515 0.428216
vt 0.821711 0.427742
vt 0.216373 0.672652
vt 0.821710 0.418641
vt 0.215740 0.674913
vt 0.214036 0.679554
vt 0.211630 0.684360
vt 0.854996 0.402077
vt 0.860417 0.398988
vt 0.861735 0.398325
vt 0.862585 0.397923
vt 0.458891 0.635928
vt 0.463157 0.631590
vt 0.471893 0.644094
vt 0.476972 0.640267
vt 0.482696 0.657382
vt 0.488451 0.654386
vt 0.490424 0.674716
vt 0.496662 0.672803
vt 0.494451 0.694690
vt 0.500941 0.694026
vt 0.494451 0.715688
vt 0.500941 0.716336
vt 0.490424 0.736007
vt 0.496662 0.737925
vt 0.482696 0.754002
vt 0.488451 0.757045
vt 0.471893 0.768215
vt 0.476972 0.772146
vt 0.458891 0.777494
vt 0.463157 0.782005
vt 0.529342 0.847617
vt 0.551199 0.847668
vt 0.573456 0.847648
vt 0.594308 0.847559
vt 0.209722 0.167945
vt 0.197835 0.155804
vt 0.205889 0.044506
vt 0.219416 0.033985
vt 0.652403 0.847559
vt 0.674135 0.847647
vt 0.696430 0.847626
vt 0.584613 0.506439
vt 0.565498 0.497710
vt 0.549616 0.483949
vt 0.246690 0.988027
vt 0.226313 0.989527
vt 0.204190 0.990022
vt 0.182114 0.989474
vt 0.161872 0.987925
vt 0.538255 0.404931
vt 0.549616 0.387252
vt 0.565498 0.373491
vt 0.584613 0.364762
vt 0.696430 0.970658
vt 0.674135 0.970678
vt 0.605413 0.361771
vt 0.626213 0.364762
vt 0.645328 0.373491
vt 0.661210 0.387253
vt 0.672571 0.404931
vt 0.678491 0.425094
vt 0.678491 0.446108
vt 0.672571 0.466271
vt 0.661210 0.483949
vt 0.645328 0.497710
vt 0.626213 0.506440
vt 0.573456 0.970690
vt 0.551199 0.970710
vt 0.529342 0.970659
vt 0.273670 0.583104
vt 0.257628 0.575574
vt 0.244900 0.563242
vt 0.755689 0.571570
vt 0.737139 0.572881
vt 0.717943 0.573173
vt 0.700181 0.572415
vt 0.237758 0.512498
vt 0.246588 0.497133
vt 0.259928 0.485467
vt 0.276334 0.478765
vt 0.132190 0.671602
vt 0.122537 0.671615
vt 0.113025 0.671602
vt 0.294026 0.477752
vt 0.311089 0.482540
vt 0.325673 0.492608
vt 0.336197 0.506866
vt 0.341522 0.523769
vt 0.341070 0.541485
vt 0.334889 0.558094
vt 0.323651 0.571796
vt 0.308573 0.581107
vt 0.731089 0.255210
vt 0.711950 0.255232
vt 0.693208 0.255183
vt 0.103539 0.425498
vt 0.122162 0.425552
vt 0.069476 0.062583
vt 0.063323 0.065584
vt 0.057557 0.069919
vt 0.052335 0.075471
vt 0.050049 0.154551
vt 0.054956 0.159903
vt 0.060478 0.164017
vt 0.740155 0.009089
vt 0.721601 0.009145
vt 0.702398 0.009132
vt 0.175531 0.456315
vt 0.170416 0.459581
vt 0.170416 0.443165
vt 0.684628 0.009050
vt 0.186512 0.691059
vt 0.176097 0.691335
vt 0.181413 0.687224
vt 0.196136 0.678248
vt 0.186183 0.681871
vt 0.190277 0.675424
vt 0.202362 0.661470
vt 0.193583 0.668056
vt 0.196011 0.659971
vt 0.204515 0.642545
vt 0.197494 0.651387
vt 0.197994 0.642539
vt 0.202362 0.623522
vt 0.197494 0.633669
vt 0.196011 0.625018
vt 0.193583 0.616823
vt 0.196136 0.606463
vt 0.190277 0.609307
vt 0.186183 0.602674
vt 0.186512 0.593218
vt 0.181413 0.597107
vt 0.176097 0.592756
vt 0.175531 0.443165
vt 0.170989 0.432786
vt 0.175531 0.425498
vt 0.171329 0.573229
vt 0.171329 0.566765
vt 0.177266 0.568331
vt 0.141346 0.425498
vt 0.452560 0.102074
vt 0.452504 0.182666
vt 0.593807 0.542263
vt 0.569763 0.536063
vt 0.547778 0.524519
vt 0.529022 0.508247
vt 0.514493 0.488110
vt 0.504964 0.465181
vt 0.500941 0.440678
vt 0.502638 0.415905
vt 0.509965 0.392180
vt 0.522532 0.370764
vt 0.539671 0.352797
vt 0.560470 0.339233
vt 0.583824 0.330796
vt 0.452546 0.078341
vt 0.610706 0.547126
vt 0.625540 0.556571
vt 0.637095 0.569826
vt 0.644429 0.585808
vt 0.646942 0.603213
vt 0.646942 0.604793
vt 0.575602 0.102074
vt 0.575546 0.182666
vt 0.575588 0.078341
vt 0.575514 0.055525
vt 0.266076 0.002268
vt 0.281505 0.013738
vt 0.294429 0.029937
vt 0.280953 0.185166
vt 0.265442 0.198760
vt 0.248280 0.207243
vt 0.225820 0.224526
vt 0.236234 0.213708
vt 0.238165 0.784570
vt 0.230592 0.771909
vt 0.229362 0.770529
vt 0.218487 0.762021
vt 0.724841 0.264117
vt 0.724170 0.280777
vt 0.724025 0.298402
vt 0.724424 0.314866
vt 0.118891 0.856655
vt 0.122568 0.861673
vt 0.118447 0.863702
vt 0.106537 0.864744
vt 0.111337 0.869026
vt 0.107249 0.873392
vt 0.096479 0.877630
vt 0.102193 0.880741
vt 0.098940 0.887377
vt 0.089929 0.893760
vt 0.096240 0.895405
vt 0.087679 0.911189
vt 0.094642 0.903767
vt 0.089999 0.927813
vt 0.096303 0.926362
vt 0.096609 0.941629
vt 0.099782 0.934884
vt 0.102312 0.938922
vt 0.172984 0.842201
vt 0.179632 0.558085
vt 0.183242 0.566310
vt 0.179632 0.570910
vt 0.183283 0.846317
vt 0.187834 0.847253
vt 0.199934 0.847451
vt 0.203637 0.846860
vt 0.216018 0.842461
vt 0.218487 0.841070
vt 0.229362 0.832022
vt 0.230592 0.830581
vt 0.238165 0.817543
vt 0.238494 0.816658
vt 0.241238 0.800980
vt 0.238494 0.785439
vt 0.371177 0.784491
vt 0.363496 0.771895
vt 0.362254 0.770526
vt 0.351305 0.762112
vt 0.676851 0.264117
vt 0.676180 0.280777
vt 0.676035 0.298402
vt 0.676434 0.314866
vt 0.497263 0.782005
vt 0.500940 0.787023
vt 0.496820 0.789052
vt 0.484909 0.790093
vt 0.489710 0.794376
vt 0.485622 0.798742
vt 0.474851 0.802980
vt 0.480566 0.806091
vt 0.477312 0.812726
vt 0.468302 0.819110
vt 0.474612 0.820755
vt 0.466051 0.836538
vt 0.473015 0.829116
vt 0.468371 0.853163
vt 0.474675 0.851712
vt 0.474981 0.866978
vt 0.478154 0.860234
vt 0.480684 0.864271
vt 0.306494 0.842680
vt 0.179632 0.545260
vt 0.183242 0.553485
vt 0.179632 0.558085
vt 0.316828 0.846708
vt 0.321387 0.847605
vt 0.333488 0.847698
vt 0.337186 0.847076
vt 0.349528 0.842571
vt 0.351985 0.841158
vt 0.362783 0.832017
vt 0.364000 0.830565
vt 0.371461 0.817463
vt 0.371782 0.816575
vt 0.374391 0.800874
vt 0.371513 0.785357
s 1
usemtl 分色槽-纯黑
f 1/1/1 2/2/1 3/3/2
f 3/3/2 2/2/1 4/4/3
f 5/5/4 6/6/5 7/7/1
f 7/7/1 6/6/5 8/8/1
f 9/9/6 10/10/6 11/11/6
f 12/12/6 13/13/6 11/11/6
f 11/11/6 13/13/6 14/14/6
f 11/11/6 14/14/6 9/9/6
f 15/15/7 16/16/7 17/17/8
f 15/15/7 17/17/8 18/18/7
f 19/19/7 20/20/7 21/21/7
f 21/21/7 20/20/7 22/22/7
f 21/21/7 22/22/7 23/23/7
f 23/23/7 22/22/7 24/24/7
f 23/23/7 24/24/7 25/25/7
f 26/26/9 17/17/8 27/27/7
f 27/27/7 17/17/8 16/16/7
f 27/27/7 16/16/7 28/28/7
f 28/28/7 16/16/7 29/29/7
f 28/28/7 29/29/7 30/30/7
f 31/31/7 32/32/7 33/33/7
f 33/33/7 32/32/7 34/34/7
f 33/33/7 34/34/7 35/35/7
f 35/35/7 34/34/7 36/36/7
f 35/35/7 36/36/7 19/19/7
f 19/19/7 36/36/7 37/37/7
f 19/19/7 37/37/7 20/20/7
f 38/38/7 39/39/7 17/17/8
f 17/17/8 39/39/7 40/40/7
f 17/17/8 40/40/7 18/18/7
f 30/30/7 41/41/7 28/28/7
f 28/28/7 41/41/7 42/42/7
f 28/28/7 42/42/7 43/43/7
f 43/43/7 42/42/7 44/44/7
f 43/43/7 44/44/7 45/45/7
f 45/45/7 44/44/7 46/46/7
f 45/45/7 46/46/7 47/47/7
f 47/47/7 46/46/7 25/25/7
f 47/47/7 25/25/7 48/48/7
f 48/48/7 25/25/7 24/24/7
f 38/38/7 49/49/7 39/39/7
f 39/39/7 49/49/7 50/50/7
f 39/39/7 50/50/7 51/51/7
f 51/51/7 50/50/7 52/52/7
f 51/51/7 52/52/7 31/31/7
f 31/31/7 52/52/7 53/53/7
f 31/31/7 53/53/7 32/32/7
f 54/54/10 55/55/10 56/56/11
f 56/56/11 55/55/10 57/57/10
f 56/56/11 57/57/10 58/58/12
f 58/58/12 57/57/10 59/59/10
f 58/58/12 59/59/10 60/60/10
f 61/61/10 62/62/13 63/63/10
f 63/63/10 62/62/13 64/64/12
f 63/63/10 64/64/12 65/65/10
f 65/65/10 64/64/12 66/66/10
f 60/60/10 67/67/10 58/58/12
f 58/58/12 67/67/10 68/68/10
f 58/58/12 68/68/10 64/64/12
f 64/64/12 68/68/10 69/69/10
f 64/64/12 69/69/10 66/66/10
f 61/61/10 70/70/10 62/62/13
f 62/62/13 70/70/10 71/71/10
f 62/62/13 71/71/10 56/56/11
f 56/56/11 71/71/10 72/72/10
f 56/56/11 72/72/10 54/54/10
f 73/73/14 74/74/15 75/75/16
f 75/75/16 74/74/15 76/76/15
f 75/75/16 76/76/15 77/77/17
f 78/78/18 79/79/18 80/80/18
f 81/81/18 82/82/18 83/83/18
f 83/83/18 82/82/18 84/84/18
f 83/83/18 84/84/18 85/85/18
f 85/85/18 84/84/18 86/86/18
f 80/80/18 79/79/18 87/87/18
f 87/87/18 79/79/18 88/88/18
f 87/87/18 88/88/18 89/89/18
f 89/89/18 88/88/18 90/90/18
f 89/89/18 90/90/18 91/91/18
f 91/91/18 90/90/18 92/92/18
f 92/92/18 90/90/18 93/93/18
f 92/92/18 93/93/18 94/94/18
f 94/94/18 93/93/18 95/95/18
f 94/94/18 95/95/18 96/96/18
f 95/95/18 97/97/18 96/96/18
f 96/96/18 97/97/18 98/98/18
f 96/96/18 98/98/18 84/84/18
f 84/84/18 98/98/18 99/99/18
f 84/84/18 99/99/18 86/86/18
f 81/81/18 100/100/18 82/82/18
f 82/82/18 100/100/18 101/101/18
f 82/82/18 101/101/18 102/102/18
f 80/80/18 103/103/18 78/78/18
f 78/78/18 103/103/18 104/104/18
f 78/78/18 104/104/18 105/105/18
f 105/105/18 104/104/18 106/106/18
f 105/105/18 106/106/18 107/107/18
f 107/107/18 106/106/18 108/108/18
f 107/107/18 108/108/18 109/109/18
f 102/102/18 110/110/18 111/111/18
f 112/112/19 82/82/18 113/113/20
f 113/113/20 82/82/18 102/102/18
f 113/113/20 102/102/18 114/114/18
f 114/114/18 102/102/18 111/111/18
f 108/108/18 115/115/18 109/109/18
f 109/109/18 115/115/18 116/116/18
f 109/109/18 116/116/18 110/110/18
f 110/110/18 116/116/18 117/117/18
f 110/110/18 117/117/18 111/111/18
f 118/118/6 119/119/6 120/120/6
f 120/120/6 119/119/6 121/121/6
f 120/120/6 121/121/6 122/122/6
f 122/122/6 121/121/6 123/123/6
f 124/124/7 125/125/7 126/126/7
f 127/127/7 128/128/7 129/129/7
f 124/124/7 126/126/7 130/130/7
f 131/131/7 132/132/7 133/133/7
f 129/129/7 134/134/7 127/127/7
f 127/127/7 134/134/7 135/135/7
f 127/127/7 135/135/7 136/136/7
f 136/136/7 135/135/7 130/130/7
f 136/136/7 130/130/7 137/137/7
f 137/137/7 130/130/7 126/126/7
f 138/138/7 139/139/7 140/140/7
f 125/125/7 124/124/7 141/141/7
f 141/141/7 124/124/7 142/142/7
f 141/141/7 142/142/7 138/138/7
f 138/138/7 142/142/7 143/143/7
f 138/138/7 143/143/7 139/139/7
f 133/133/7 144/144/7 131/131/7
f 131/131/7 144/144/7 145/145/7
f 131/131/7 145/145/7 146/146/7
f 146/146/7 145/145/7 138/138/7
f 146/146/7 138/138/7 147/147/7
f 147/147/7 138/138/7 140/140/7
f 148/148/18 149/149/18 150/150/18
f 150/150/18 149/149/18 151/151/18
f 150/150/18 151/151/18 152/152/18
f 152/152/18 151/151/18 153/153/18
f 152/152/18 153/153/18 154/154/18
f 155/155/18 156/156/18 157/157/18
f 158/158/18 159/159/18 160/160/18
f 160/160/18 159/159/18 161/161/18
f 160/160/18 161/161/18 162/162/18
f 153/153/18 163/163/18 154/154/18
f 154/154/18 163/163/18 164/164/18
f 154/154/18 164/164/18 165/165/18
f 165/165/18 164/164/18 166/166/18
f 165/165/18 166/166/18 156/156/18
f 156/156/18 166/166/18 167/167/18
f 156/156/18 167/167/18 157/157/18
f 168/168/18 169/169/18 157/157/18
f 157/157/18 169/169/18 170/170/18
f 157/157/18 170/170/18 155/155/18
f 158/158/18 160/160/18 157/157/18
f 157/157/18 160/160/18 171/171/18
f 157/157/18 171/171/18 168/168/18
f 172/172/1 173/173/1 174/174/21
f 175/175/21 176/176/1 177/177/1
f 178/178/22 179/179/22 177/177/1
f 177/177/1 179/179/22 172/172/1
f 177/177/1 172/172/1 175/175/21
f 175/175/21 172/172/1 174/174/21
f 180/180/18 181/181/18 182/182/18
f 183/183/18 184/184/18 185/185/18
f 185/185/18 184/184/18 186/186/18
f 185/185/18 186/186/18 187/187/18
f 187/187/18 186/186/18 188/188/18
f 187/187/18 188/188/18 189/189/18
f 183/183/18 185/185/18 190/190/18
f 190/190/18 185/185/18 191/191/18
f 190/190/18 191/191/18 192/192/18
f 193/193/18 194/194/18 195/195/18
f 195/195/18 194/194/18 196/196/18
f 193/193/18 195/195/18 197/197/18
f 197/197/18 195/195/18 190/190/18
f 197/197/18 190/190/18 198/198/18
f 198/198/18 190/190/18 192/192/18
f 198/198/18 192/192/18 199/199/18
f 200/200/18 201/201/18 202/202/18
f 202/202/18 201/201/18 203/203/18
f 202/202/18 203/203/18 204/204/18
f 204/204/18 203/203/18 195/195/18
f 204/204/18 195/195/18 205/205/18
f 205/205/18 195/195/18 196/196/18
f 180/180/18 182/182/18 206/206/18
f 206/206/18 182/182/18 207/207/18
f 206/206/18 207/207/18 208/208/18
f 208/208/18 207/207/18 209/209/18
f 208/208/18 209/209/18 210/210/18
f 210/210/18 209/209/18 211/211/18
f 210/210/18 211/211/18 212/212/18
f 212/212/18 211/211/18 213/213/18
f 212/212/18 213/213/18 214/214/18
f 214/214/18 213/213/18 215/215/18
f 214/214/18 215/215/18 200/200/18
f 200/200/18 215/215/18 216/216/18
f 200/200/18 216/216/18 201/201/18
f 181/181/18 180/180/18 217/217/18
f 217/217/18 180/180/18 218/218/18
f 217/217/18 218/218/18 219/219/18
f 219/219/18 218/218/18 220/220/18
f 219/219/18 220/220/18 221/221/18
f 221/221/18 220/220/18 222/222/18
f 221/221/18 222/222/18 223/223/18
f 223/223/18 222/222/18 224/224/18
f 223/223/18 224/224/18 225/225/18
f 225/225/18 224/224/18 226/226/18
f 225/225/18 226/226/18 192/192/18
f 192/192/18 226/226/18 227/227/18
f 192/192/18 227/227/18 199/199/18
f 228/228/7 229/229/7 230/230/7
f 231/231/7 232/232/7 233/233/7
f 233/233/7 232/232/7 234/234/7
f 233/233/7 234/234/7 235/235/7
f 236/236/7 237/237/7 238/238/7
f 228/228/7 230/230/7 234/234/7
f 234/234/7 230/230/7 239/239/7
f 234/234/7 239/239/7 235/235/7
f 240/240/7 241/241/7 242/242/7
f 242/242/7 241/241/7 236/236/7
f 242/242/7 236/236/7 243/243/7
f 243/243/7 236/236/7 238/238/7
f 244/244/7 245/245/7 246/246/7
f 246/246/7 245/245/7 247/247/7
f 246/246/7 247/247/7 248/248/7
f 236/236/7 232/232/7 237/237/7
f 237/237/7 232/232/7 231/231/7
f 237/237/7 231/231/7 249/249/7
f 249/249/7 231/231/7 246/246/7
f 249/249/7 246/246/7 250/250/7
f 250/250/7 246/246/7 248/248/7
f 251/251/7 252/252/7 253/253/7
f 253/253/7 252/252/7 254/254/7
f 253/253/7 254/254/7 255/255/7
f 255/255/7 254/254/7 256/256/7
f 255/255/7 256/256/7 257/257/7
f 257/257/7 256/256/7 258/258/7
f 257/257/7 258/258/7 240/240/7
f 240/240/7 258/258/7 259/259/7
f 240/240/7 259/259/7 241/241/7
f 260/260/7 261/261/7 262/262/7
f 262/262/7 261/261/7 263/263/7
f 262/262/7 263/263/7 264/264/7
f 264/264/7 263/263/7 265/265/7
f 264/264/7 265/265/7 266/266/7
f 266/266/7 265/265/7 267/267/7
f 266/266/7 267/267/7 268/268/7
f 268/268/7 267/267/7 269/269/7
f 268/268/7 269/269/7 270/270/7
f 270/270/7 269/269/7 271/271/7
f 270/270/7 271/271/7 251/251/7
f 251/251/7 271/271/7 272/272/7
f 251/251/7 272/272/7 252/252/7
f 244/244/7 246/246/7 273/273/7
f 273/273/7 246/246/7 274/274/7
f 273/273/7 274/274/7 260/260/7
f 260/260/7 274/274/7 275/275/7
f 260/260/7 275/275/7 261/261/7
f 179/179/22 178/178/22 276/276/23
f 179/179/22 276/276/23 277/277/23
f 277/277/23 276/276/23 278/278/24
f 277/277/23 278/278/24 279/279/24
f 279/279/24 278/278/24 280/280/25
f 279/279/24 280/280/25 281/281/25
f 281/281/25 280/280/25 282/282/26
f 281/281/25 282/282/26 283/283/26
f 283/283/26 282/282/26 284/284/27
f 283/283/26 284/284/27 285/285/27
f 285/286/27 284/287/27 286/288/28
f 285/286/27 286/288/28 287/289/28
f 287/289/28 286/288/28 288/290/29
f 287/289/28 288/290/29 289/291/29
f 289/291/29 288/290/29 290/292/30
f 289/291/29 290/292/30 291/293/30
f 291/293/30 290/292/30 292/294/31
f 291/293/30 292/294/31 293/295/31
f 293/295/31 292/294/31 294/296/32
f 293/295/31 294/296/32 295/297/32
f 295/298/32 294/299/32 296/300/33
f 295/298/32 296/300/33 297/301/33
f 297/301/33 296/300/33 298/302/34
f 297/301/33 298/302/34 299/303/34
f 299/303/34 298/302/34 300/304/35
f 299/303/34 300/304/35 301/305/35
f 302/306/6 303/307/6 304/308/36
f 304/308/36 303/307/6 305/309/36
f 304/308/36 305/309/36 306/310/37
f 306/310/37 305/309/36 307/311/37
f 306/310/37 307/311/37 308/312/38
f 308/312/38 307/311/37 309/313/38
f 308/314/38 309/315/38 310/316/39
f 310/316/39 309/315/38 311/317/39
f 310/316/39 311/317/39 312/318/40
f 312/318/40 311/317/39 313/319/40
f 312/318/40 313/319/40 314/320/41
f 314/320/41 313/319/40 315/321/41
f 314/320/41 315/321/41 316/322/42
f 316/322/42 315/321/41 317/323/42
f 316/322/42 317/323/42 318/324/43
f 318/324/43 317/323/42 319/325/43
f 318/324/43 319/325/43 320/326/44
f 320/326/44 319/325/43 321/327/44
f 320/328/44 321/329/44 322/330/45
f 322/330/45 321/329/44 323/331/45
f 322/330/45 323/331/45 324/332/1
f 324/332/1 323/331/45 325/333/1
f 324/332/1 325/333/1 326/334/46
f 326/334/46 325/333/1 327/335/46
f 326/334/46 327/335/46 328/336/47
f 328/336/47 327/335/46 329/337/47
f 328/336/47 329/337/47 330/338/48
f 330/338/48 329/337/47 331/339/48
f 330/338/48 331/339/48 332/340/49
f 332/340/49 331/339/48 333/341/49
f 332/342/49 333/343/49 334/344/50
f 334/344/50 333/343/49 335/345/50
f 334/344/50 335/345/50 336/346/51
f 336/346/51 335/345/50 337/347/51
f 336/346/51 337/347/51 338/348/52
f 338/348/52 337/347/51 339/349/52
f 338/348/52 339/349/52 340/350/53
f 340/350/53 339/349/52 341/351/53
f 340/352/53 341/353/53 342/354/54
f 342/354/54 341/353/53 343/355/54
f 342/354/54 343/355/54 344/356/55
f 344/356/55 343/355/54 345/357/55
f 344/356/55 345/357/55 302/306/6
f 302/306/6 345/357/55 303/307/6
f 346/358/56 347/359/57 348/360/58
f 348/360/58 347/359/57 349/361/59
f 348/360/58 349/361/59 350/362/60
f 351/363/61 352/364/62 353/365/63
f 353/365/63 352/364/62 354/366/64
f 353/365/63 354/366/64 348/360/58
f 348/360/58 354/366/64 355/367/65
f 348/360/58 355/367/65 346/358/56
f 356/368/66 357/369/67 358/370/68
f 358/370/68 357/369/67 359/371/69
f 358/370/68 359/371/69 351/363/61
f 351/363/61 359/371/69 360/372/70
f 351/363/61 360/372/70 352/364/62
f 356/373/66 358/374/68 361/375/71
f 361/375/71 358/374/68 362/376/72
f 361/375/71 362/376/72 363/377/73
f 364/378/74 365/379/75 366/380/76
f 364/378/74 366/380/76 367/381/77
f 367/381/77 366/380/76 368/382/78
f 367/381/77 368/382/78 369/383/79
f 369/383/79 368/382/78 370/384/80
f 369/383/79 370/384/80 371/385/1
f 372/386/81 373/387/82 374/388/83
f 372/386/81 374/388/83 375/389/84
f 375/389/84 374/388/83 376/390/85
f 375/389/84 376/390/85 377/391/86
f 370/384/80 378/392/1 371/385/1
f 371/385/1 378/392/1 379/393/87
f 371/385/1 379/393/87 380/394/88
f 380/394/88 379/393/87 377/391/86
f 380/394/88 377/391/86 381/395/89
f 381/395/89 377/391/86 376/390/85
f 381/395/89 376/390/85 382/396/90
f 383/397/91 384/398/92 385/399/93
f 349/361/59 386/400/94 350/362/60
f 350/362/60 386/400/94 387/401/95
f 350/362/60 387/401/95 385/399/93
f 385/399/93 387/401/95 388/402/96
f 385/399/93 388/402/96 383/397/91
f 389/403/97 390/404/98 391/405/99
f 391/405/99 390/404/98 392/406/100
f 373/387/82 372/386/81 392/406/100
f 392/406/100 372/386/81 393/407/101
f 392/406/100 393/407/101 391/405/99
f 364/378/74 394/408/102 365/379/75
f 365/379/75 394/408/102 395/409/103
f 365/410/75 395/411/103 396/412/104
f 396/412/104 395/411/103 363/377/73
f 396/412/104 363/377/73 397/413/105
f 397/413/105 363/377/73 362/376/72
f 397/413/105 362/376/72 398/414/106
f 398/414/106 362/376/72 399/415/107
f 398/414/106 399/415/107 400/416/108
f 400/416/108 399/415/107 401/417/109
f 401/417/109 399/415/107 402/418/110
f 401/417/109 402/418/110 403/419/111
f 403/419/111 402/418/110 404/420/112
f 404/420/112 402/418/110 405/421/113
f 404/420/112 405/421/113 406/422/114
f 406/422/114 405/421/113 407/423/115
f 407/423/115 405/421/113 408/424/116
f 407/425/115 408/426/116 409/427/117
f 409/427/117 408/426/116 410/428/118
f 410/428/118 408/426/116 411/429/119
f 410/428/118 411/429/119 412/430/120
f 412/430/120 411/429/119 413/431/121
f 413/431/121 411/429/119 414/432/122
f 413/431/121 414/432/122 415/433/123
f 415/433/123 414/432/122 416/434/6
f 416/434/6 414/432/122 417/435/6
f 416/434/6 417/435/6 418/436/124
f 418/436/124 417/435/6 419/437/125
f 418/436/124 419/437/125 420/438/126
f 420/438/126 419/437/125 421/439/127
f 420/438/126 421/439/127 422/440/128
f 422/440/128 421/439/127 423/441/129
f 423/441/129 421/439/127 424/442/130
f 423/441/129 424/442/130 425/443/131
f 425/444/131 424/445/130 426/446/132
f 426/446/132 424/445/130 427/447/133
f 426/446/132 427/447/133 428/448/134
f 428/448/134 427/447/133 429/449/135
f 429/449/135 427/447/133 430/450/136
f 429/449/135 430/450/136 431/451/137
f 431/451/137 430/450/136 432/452/138
f 432/452/138 430/450/136 433/453/139
f 432/452/138 433/453/139 434/454/140
f 434/454/140 433/453/139 435/455/141
f 435/455/141 433/453/139 385/456/93
f 435/455/141 385/456/93 391/457/99
f 391/405/99 385/399/93 384/398/92
f 391/405/99 384/398/92 389/403/97
f 436/458/142 437/459/143 364/460/144
f 364/460/144 367/461/145 436/458/142
f 436/458/142 367/461/145 369/462/146
f 436/458/142 369/462/146 371/463/147
f 371/463/147 380/464/148 438/465/149
f 438/465/149 380/464/148 381/466/150
f 438/465/149 381/466/150 382/467/151
f 363/468/152 395/469/153 437/470/143
f 437/470/143 395/469/153 394/471/154
f 437/470/143 394/471/154 364/472/144
f 359/473/155 357/474/156 439/475/157
f 439/475/157 357/474/156 356/476/158
f 439/475/157 356/476/158 361/477/159
f 347/478/160 346/479/161 440/480/162
f 440/480/162 346/479/161 355/481/163
f 440/480/162 355/481/163 354/482/164
f 359/473/155 439/475/157 360/483/165
f 360/484/165 439/485/157 441/486/166
f 360/484/165 441/486/166 352/487/167
f 371/463/147 438/465/149 436/458/142
f 436/458/142 438/465/149 442/488/168
f 436/458/142 442/488/168 443/489/169
f 443/489/169 442/488/168 444/490/170
f 443/489/169 444/490/170 445/491/171
f 445/491/171 444/490/170 446/492/172
f 445/491/171 446/492/172 447/493/173
f 447/494/173 446/495/172 448/496/174
f 447/494/173 448/496/174 449/497/175
f 449/497/175 448/496/174 450/498/176
f 449/497/175 450/498/176 451/499/177
f 451/499/177 450/498/176 452/500/178
f 451/499/177 452/500/178 453/501/179
f 453/501/179 452/500/178 454/502/180
f 453/501/179 454/502/180 455/503/181
f 455/504/181 454/505/180 456/506/182
f 455/504/181 456/506/182 457/507/183
f 457/508/183 456/509/182 440/480/162
f 457/508/183 440/480/162 441/486/166
f 441/486/166 440/480/162 354/482/164
f 441/486/166 354/482/164 352/487/167
f 457/510/10 441/511/10 439/512/10
f 455/513/10 457/510/10 447/514/10
f 363/377/10 437/515/10 447/514/10
f 457/510/10 439/512/10 447/514/10
f 447/514/10 439/512/10 361/375/10
f 447/514/10 361/375/10 363/377/10
f 437/515/10 436/516/10 447/514/10
f 447/514/10 436/516/10 443/517/10
f 447/514/10 443/517/10 445/518/10
f 449/519/10 451/520/10 447/514/10
f 447/514/10 451/520/10 453/521/10
f 447/514/10 453/521/10 455/513/10
f 167/522/184 458/523/185 459/524/186
f 167/522/184 459/524/186 157/525/186
f 157/525/186 459/524/186 460/526/187
f 157/525/186 460/526/187 158/527/187
f 158/527/187 460/526/187 461/528/188
f 158/527/187 461/528/188 159/529/188
f 159/530/188 461/531/188 462/532/189
f 159/530/188 462/532/189 161/533/190
f 161/533/190 462/532/189 162/534/191
f 162/534/191 462/532/189 463/535/192
f 162/534/191 463/535/192 464/536/193
f 133/537/194 132/538/195 465/539/196
f 465/539/196 132/538/195 466/540/197
f 465/539/196 466/540/197 467/541/198
f 467/541/198 466/540/197 62/62/13
f 467/541/198 62/62/13 56/56/11
f 465/539/196 468/542/199 133/537/194
f 133/537/194 468/542/199 469/543/188
f 133/537/194 469/543/188 144/544/188
f 144/545/188 469/546/188 470/547/187
f 144/545/188 470/547/187 145/548/187
f 145/548/187 470/547/187 471/549/186
f 145/548/187 471/549/186 138/550/186
f 138/550/186 471/549/186 472/551/200
f 138/550/186 472/551/200 141/552/201
f 464/536/193 463/535/192 56/56/11
f 56/56/11 463/535/192 473/553/202
f 56/56/11 473/553/202 467/541/198
f 467/541/198 473/553/202 474/554/203
f 467/541/198 474/554/203 475/555/203
f 475/555/203 474/554/203 476/556/204
f 475/555/203 476/556/204 477/557/204
f 477/557/204 476/556/204 478/558/205
f 477/557/204 478/558/205 479/559/205
f 479/560/205 478/561/205 480/562/206
f 479/560/205 480/562/206 481/563/206
f 481/563/206 480/562/206 482/564/207
f 481/563/206 482/564/207 483/565/207
f 483/565/207 482/564/207 175/175/21
f 483/565/207 175/175/21 174/174/21
f 484/566/10 485/567/10 149/568/10
f 486/569/10 487/570/10 488/571/10
f 488/571/10 487/570/10 489/572/10
f 484/566/10 149/568/10 490/573/10
f 490/573/10 149/568/10 491/574/10
f 490/573/10 491/574/10 492/575/10
f 488/571/10 493/576/10 486/569/10
f 486/569/10 493/576/10 494/577/10
f 486/569/10 494/577/10 491/574/10
f 491/574/10 494/577/10 495/578/10
f 491/574/10 495/578/10 492/575/10
f 496/579/10 151/580/208 497/581/10
f 497/581/10 151/580/208 149/568/10
f 497/581/10 149/568/10 498/582/10
f 498/582/10 149/568/10 485/567/10
f 496/579/10 499/583/10 151/580/208
f 151/580/208 499/583/10 500/584/10
f 151/580/208 500/584/10 501/585/209
f 501/585/209 500/584/10 502/586/10
f 501/585/209 502/586/10 503/587/10
f 489/572/10 487/570/10 504/588/10
f 504/588/10 487/570/10 505/589/10
f 504/588/10 505/589/10 506/590/10
f 506/590/10 505/589/10 507/591/10
f 506/590/10 507/591/10 503/587/10
f 503/587/10 507/591/10 508/592/10
f 503/587/10 508/592/10 501/585/209
f 509/593/18 510/594/18 511/595/18
f 511/595/18 510/594/18 512/596/18
f 513/597/7 514/598/7 515/599/7
f 515/599/7 514/598/7 516/600/7
f 517/601/210 518/602/210 519/603/210
f 519/603/210 518/602/210 520/604/210
f 519/603/210 520/604/210 521/605/211
f 522/606/211 523/607/210 524/608/210
f 524/608/210 523/607/210 525/609/210
f 524/608/210 525/609/210 526/610/210
f 527/611/210 528/612/210 529/613/210
f 520/604/210 530/614/210 521/605/211
f 521/605/211 530/614/210 531/615/210
f 521/605/211 531/615/210 522/606/211
f 522/606/211 531/615/210 532/616/210
f 522/606/211 532/616/210 523/607/210
f 533/617/210 534/618/210 535/619/210
f 529/613/210 528/612/210 536/620/210
f 537/621/210 538/622/210 539/623/210
f 539/623/210 538/622/210 517/601/210
f 539/623/210 517/601/210 540/624/210
f 540/624/210 517/601/210 519/603/210
f 540/624/210 519/603/210 541/625/210
f 542/626/210 543/627/210 544/628/210
f 528/612/210 545/629/210 536/620/210
f 536/620/210 545/629/210 546/630/210
f 536/620/210 546/630/210 547/631/210
f 538/622/210 548/632/210 549/633/210
f 549/633/210 548/632/210 550/634/210
f 549/633/210 550/634/210 551/635/210
f 551/635/210 550/634/210 552/636/210
f 551/635/210 552/636/210 553/637/210
f 553/637/210 552/636/210 554/638/210
f 529/613/210 555/639/210 527/611/210
f 527/611/210 555/639/210 556/640/210
f 527/611/210 556/640/210 557/641/210
f 557/641/210 556/640/210 558/642/210
f 557/641/210 558/642/210 559/643/210
f 559/643/210 558/642/210 560/644/210
f 559/643/210 560/644/210 561/645/210
f 561/645/210 560/644/210 524/608/210
f 561/645/210 524/608/210 562/646/210
f 562/646/210 524/608/210 526/610/210
f 562/646/210 526/610/210 563/647/210
f 563/647/210 526/610/210 564/648/210
f 563/647/210 564/648/210 565/649/210
f 546/630/210 566/650/210 547/631/210
f 547/631/210 566/650/210 567/651/210
f 547/631/210 567/651/210 568/652/210
f 553/637/210 569/653/210 564/648/210
f 564/648/210 569/653/210 570/654/210
f 564/648/210 570/654/210 565/649/210
f 544/628/210 543/627/210 571/655/210
f 535/619/210 572/656/210 533/617/210
f 533/617/210 572/656/210 573/657/210
f 533/617/210 573/657/210 574/658/210
f 574/658/210 573/657/210 575/659/210
f 574/658/210 575/659/210 576/660/210
f 543/627/210 577/661/210 571/655/210
f 571/655/210 577/661/210 578/662/210
f 571/655/210 578/662/210 534/618/210
f 534/618/210 578/662/210 579/663/210
f 534/618/210 579/663/210 535/619/210
f 541/625/210 519/603/210 580/664/210
f 580/664/210 519/603/210 581/665/210
f 580/664/210 581/665/210 575/659/210
f 575/659/210 581/665/210 582/666/210
f 575/659/210 582/666/210 576/660/210
f 554/638/210 583/667/210 553/637/210
f 553/637/210 583/667/210 584/668/210
f 553/637/210 584/668/210 569/653/210
f 569/653/210 584/668/210 585/669/210
f 569/653/210 585/669/210 568/652/210
f 568/652/210 585/669/210 586/670/210
f 568/652/210 586/670/210 547/631/210
f 542/626/210 544/628/210 587/671/210
f 587/671/210 544/628/210 588/672/210
f 587/671/210 588/672/210 537/621/210
f 537/621/210 588/672/210 589/673/210
f 537/621/210 589/673/210 538/622/210
f 538/622/210 589/673/210 590/674/210
f 538/622/210 590/674/210 548/632/210
f 591/675/10 592/676/10 593/677/10
f 591/675/10 593/677/10 594/678/10
f 127/679/212 595/680/10 128/681/10
f 128/681/10 595/680/10 596/682/10
f 128/681/10 596/682/10 597/683/10
f 597/683/10 598/684/10 128/681/10
f 128/681/10 598/684/10 599/685/10
f 128/681/10 599/685/10 600/686/10
f 599/685/10 601/687/10 600/686/10
f 600/686/10 601/687/10 602/688/10
f 600/686/10 602/688/10 591/675/10
f 591/675/10 602/688/10 603/689/10
f 591/675/10 603/689/10 592/676/10
f 604/690/10 605/691/10 127/679/212
f 127/679/212 605/691/10 606/692/10
f 127/679/212 606/692/10 595/680/10
f 593/677/10 607/693/10 594/678/10
f 594/678/10 607/693/10 608/694/10
f 594/678/10 608/694/10 609/695/10
f 609/695/10 608/694/10 610/696/10
f 604/690/10 127/679/212 611/697/10
f 611/697/10 127/679/212 612/698/209
f 611/697/10 612/698/209 613/699/10
f 613/699/10 612/698/209 614/700/10
f 613/699/10 614/700/10 610/696/10
f 610/696/10 614/700/10 615/701/10
f 610/696/10 615/701/10 609/695/10
f 616/702/10 617/703/10 618/704/10
f 619/705/10 119/706/10 118/707/10
f 619/705/10 118/707/10 620/708/10
f 621/709/213 622/710/214 118/707/10
f 118/707/10 622/710/214 623/711/10
f 118/707/10 623/711/10 620/708/10
f 620/708/10 623/711/10 624/712/10
f 620/708/10 624/712/10 625/713/10
f 10/714/10 9/715/10 626/716/10
f 627/717/215 628/718/216 618/704/10
f 618/704/10 628/718/216 10/714/10
f 618/704/10 10/714/10 616/702/10
f 616/702/10 10/714/10 626/716/10
f 616/702/10 629/719/10 617/703/10
f 617/703/10 629/719/10 630/720/10
f 617/703/10 630/720/10 631/721/10
f 631/721/10 630/720/10 632/722/10
f 631/721/10 632/722/10 633/723/10
f 633/723/10 632/722/10 634/724/10
f 633/723/10 634/724/10 624/712/10
f 624/712/10 634/724/10 635/725/10
f 624/712/10 635/725/10 625/713/10
f 636/726/217 637/727/217 638/728/18
f 638/728/18 637/727/217 639/729/18
f 640/730/218 641/731/218 642/732/219
f 642/732/219 641/731/218 643/733/219
f 644/734/7 645/735/7 646/736/220
f 646/736/220 645/735/7 647/737/220
f 648/738/221 649/739/222 650/740/223
f 648/738/221 651/741/224 649/739/222
f 649/739/222 651/741/224 652/742/225
f 649/739/222 652/742/225 653/743/226
f 652/742/225 654/744/227 653/743/226
f 653/745/226 654/746/227 655/747/228
f 653/745/226 655/747/228 656/748/229
f 655/747/228 657/749/230 656/748/229
f 656/748/229 657/749/230 658/750/231
f 656/748/229 658/750/231 659/751/232
f 658/750/231 660/752/233 659/751/232
f 659/751/232 660/752/233 661/753/234
f 659/751/232 661/753/234 662/754/235
f 661/753/234 663/755/236 662/754/235
f 662/754/235 663/755/236 664/756/237
f 662/754/235 664/756/237 665/757/238
f 664/756/237 666/758/239 665/757/238
f 665/757/238 666/758/239 667/759/240
f 665/757/238 667/759/240 668/760/241
f 667/759/240 669/761/242 668/760/241
f 668/762/241 669/763/242 670/764/243
f 668/762/241 670/764/243 671/765/244
f 671/766/244 670/767/243 672/768/245
f 671/766/244 672/768/245 673/769/7
f 673/769/7 672/768/245 674/770/7
f 673/769/7 674/770/7 675/771/246
f 674/770/7 676/772/247 675/771/246
f 675/771/246 676/772/247 677/773/248
f 675/771/246 677/773/248 678/774/249
f 677/773/248 679/775/250 678/774/249
f 678/774/249 679/775/250 680/776/251
f 678/777/249 680/778/251 681/779/252
f 680/778/251 682/780/253 681/779/252
f 681/779/252 682/780/253 683/781/254
f 681/779/252 683/781/254 684/782/255
f 683/781/254 685/783/256 684/782/255
f 684/782/255 685/783/256 686/784/257
f 684/782/255 686/784/257 687/785/258
f 686/784/257 688/786/259 687/785/258
f 687/785/258 688/786/259 689/787/260
f 687/785/258 689/787/260 690/788/261
f 689/787/260 691/789/262 690/788/261
f 690/788/261 691/789/262 692/790/263
f 690/788/261 692/790/263 693/791/264
f 692/790/263 694/792/265 693/791/264
f 693/793/264 694/794/265 695/795/266
f 693/793/264 695/795/266 696/796/267
f 695/795/266 697/797/268 696/796/267
f 696/796/267 697/797/268 698/798/269
f 696/796/267 698/798/269 650/740/223
f 650/740/223 698/798/269 699/799/18
f 650/740/223 699/799/18 648/738/221
f 700/800/10 662/801/10 701/802/10
f 701/802/10 662/801/10 665/803/10
f 701/802/10 665/803/10 702/804/10
f 702/804/10 665/803/10 668/805/10
f 702/804/10 668/805/10 703/806/10
f 668/805/10 671/807/10 703/806/10
f 703/806/10 671/807/10 673/808/10
f 703/806/10 673/808/10 704/809/10
f 704/809/10 673/808/10 675/810/10
f 704/809/10 675/810/10 705/811/10
f 705/811/10 675/810/10 678/812/10
f 705/811/10 678/812/10 706/813/10
f 706/813/10 678/812/10 681/814/10
f 706/813/10 681/814/10 707/815/10
f 681/814/10 684/816/10 707/815/10
f 707/815/10 684/816/10 687/817/10
f 707/815/10 687/817/10 708/818/10
f 708/818/10 687/817/10 690/819/10
f 708/818/10 690/819/10 709/820/10
f 709/820/10 690/819/10 693/821/10
f 709/820/10 693/821/10 710/822/10
f 710/822/10 693/821/10 696/823/10
f 710/822/10 696/823/10 711/824/10
f 711/824/10 696/823/10 650/825/10
f 711/824/10 650/825/10 712/826/10
f 712/826/10 650/825/10 649/827/10
f 712/826/10 649/827/10 713/828/10
f 713/828/10 649/827/10 653/829/10
f 713/828/10 653/829/10 714/830/10
f 714/830/10 653/829/10 656/831/10
f 714/830/10 656/831/10 700/800/10
f 700/800/10 656/831/10 659/832/10
f 700/800/10 659/832/10 662/801/10
f 715/833/221 716/834/222 717/835/223
f 715/833/221 718/836/224 716/834/222
f 716/834/222 718/836/224 719/837/225
f 716/834/222 719/837/225 720/838/226
f 719/837/225 721/839/227 720/838/226
f 720/840/226 721/841/227 722/842/228
f 720/840/226 722/842/228 723/843/229
f 722/842/228 724/844/230 723/843/229
f 723/843/229 724/844/230 725/845/231
f 723/843/229 725/845/231 726/846/232
f 725/845/231 727/847/233 726/846/232
f 726/846/232 727/847/233 728/848/234
f 726/846/232 728/848/234 729/849/235
f 728/848/234 730/850/236 729/849/235
f 729/849/235 730/850/236 731/851/237
f 729/849/235 731/851/237 732/852/238
f 731/851/237 733/853/239 732/852/238
f 732/852/238 733/853/239 734/854/240
f 732/852/238 734/854/240 735/855/241
f 734/854/240 736/856/242 735/855/241
f 735/857/241 736/858/242 737/859/243
f 735/857/241 737/859/243 738/860/270
f 737/861/243 739/862/245 738/863/270
f 738/863/270 739/862/245 740/864/271
f 738/863/270 740/864/271 741/865/272
f 740/864/271 742/866/247 741/865/272
f 741/865/272 742/866/247 743/867/248
f 741/865/272 743/867/248 744/868/249
f 743/867/248 745/869/250 744/868/249
f 744/868/249 745/869/250 746/870/251
f 744/871/249 746/872/251 747/873/252
f 746/872/251 748/874/253 747/873/252
f 747/873/252 748/874/253 749/875/254
f 747/873/252 749/875/254 750/876/255
f 749/875/254 751/877/256 750/876/255
f 750/876/255 751/877/256 752/878/257
f 750/876/255 752/878/257 753/879/258
f 752/878/257 754/880/259 753/879/258
f 753/879/258 754/880/259 755/881/260
f 753/879/258 755/881/260 756/882/261
f 755/881/260 757/883/262 756/882/261
f 756/882/261 757/883/262 758/884/263
f 756/882/261 758/884/263 759/885/264
f 758/884/263 760/886/265 759/885/264
f 759/887/264 760/888/265 761/889/266
f 759/887/264 761/889/266 762/890/267
f 761/889/266 763/891/268 762/890/267
f 762/890/267 763/891/268 764/892/269
f 762/890/267 764/892/269 717/835/223
f 717/835/223 764/892/269 765/893/18
f 717/835/223 765/893/18 715/833/221
f 766/894/10 729/895/10 767/896/10
f 767/896/10 729/895/10 732/897/10
f 767/896/10 732/897/10 768/898/10
f 768/898/10 732/897/10 735/899/10
f 768/898/10 735/899/10 769/900/10
f 769/900/10 735/899/10 738/901/10
f 769/900/10 738/901/10 770/902/10
f 770/902/10 738/901/10 741/903/10
f 770/902/10 741/903/10 771/904/10
f 771/904/10 741/903/10 744/905/10
f 771/904/10 744/905/10 772/906/10
f 772/906/10 744/905/10 747/907/10
f 772/906/10 747/907/10 773/908/10
f 747/907/10 750/909/10 773/908/10
f 773/908/10 750/909/10 753/910/10
f 773/908/10 753/910/10 774/911/10
f 774/911/10 753/910/10 756/912/10
f 774/911/10 756/912/10 775/913/10
f 775/913/10 756/912/10 759/914/10
f 775/913/10 759/914/10 776/915/10
f 776/915/10 759/914/10 762/916/10
f 776/915/10 762/916/10 777/917/10
f 777/917/10 762/916/10 717/918/10
f 777/917/10 717/918/10 778/919/10
f 778/919/10 717/918/10 716/920/10
f 778/919/10 716/920/10 779/921/10
f 779/921/10 716/920/10 720/922/10
f 779/921/10 720/922/10 780/923/10
f 780/923/10 720/922/10 723/924/10
f 780/923/10 723/924/10 766/894/10
f 766/894/10 723/924/10 726/925/10
f 766/894/10 726/925/10 729/895/10
f 545/926/18 711/927/18 546/928/273
f 546/928/273 711/927/18 712/929/273
f 546/928/273 712/929/273 566/930/274
f 566/930/274 712/929/273 713/931/274
f 566/932/274 713/933/274 567/934/275
f 567/934/275 713/933/274 714/935/275
f 567/934/275 714/935/275 568/936/276
f 568/936/276 714/935/275 700/937/276
f 568/936/276 700/937/276 569/938/277
f 569/938/277 700/937/276 701/939/277
f 569/938/277 701/939/277 570/940/278
f 570/940/278 701/939/277 702/941/278
f 570/942/278 702/943/278 565/944/279
f 565/944/279 702/943/278 703/945/279
f 565/649/279 703/946/279 563/647/280
f 563/647/280 703/946/279 704/947/280
f 563/647/280 704/947/280 562/646/281
f 562/646/281 704/947/280 705/948/281
f 562/949/281 705/950/281 561/951/282
f 561/951/282 705/950/281 706/952/282
f 561/951/282 706/952/282 559/953/283
f 559/953/283 706/952/282 707/954/283
f 559/953/283 707/954/283 557/955/284
f 557/955/284 707/954/283 708/956/284
f 557/955/284 708/956/284 527/957/285
f 527/957/285 708/956/284 709/958/285
f 527/959/285 709/960/285 528/961/286
f 528/961/286 709/960/285 710/962/286
f 528/961/286 710/962/286 545/926/18
f 545/926/18 710/962/286 711/927/18
f 537/963/18 777/964/18 587/965/273
f 587/965/273 777/964/18 778/966/273
f 587/965/273 778/966/273 542/967/274
f 542/967/274 778/966/273 779/968/274
f 542/969/274 779/970/274 543/971/275
f 543/971/275 779/970/274 780/972/275
f 543/971/275 780/972/275 577/973/276
f 577/973/276 780/972/275 766/974/276
f 577/973/276 766/974/276 578/975/277
f 578/975/277 766/974/276 767/976/277
f 578/975/277 767/976/277 579/977/278
f 579/977/278 767/976/277 768/978/278
f 579/979/278 768/980/278 535/981/279
f 535/981/279 768/980/278 769/982/279
f 535/619/279 769/983/279 572/656/280
f 572/656/280 769/983/279 770/984/280
f 572/656/280 770/984/280 573/657/281
f 573/657/281 770/984/280 771/985/281
f 573/986/281 771/987/281 575/988/282
f 575/988/282 771/987/281 772/989/282
f 575/988/282 772/989/282 580/990/283
f 580/990/283 772/989/282 773/991/283
f 580/990/283 773/991/283 541/992/284
f 541/992/284 773/991/283 774/993/284
f 541/992/284 774/993/284 540/994/285
f 540/994/285 774/993/284 775/995/285
f 540/996/285 775/997/285 539/998/286
f 539/998/286 775/997/285 776/999/286
f 539/998/286 776/999/286 537/963/18
f 537/963/18 776/999/286 777/964/18
f 781/1000/287 782/1001/288 520/604/289
f 523/1002/290 783/1003/291 784/1004/292
f 523/1005/290 784/1006/292 525/1007/293
f 785/1008/294 75/75/16 786/1009/295
f 783/1003/291 523/1002/290 787/1010/296
f 787/1010/296 523/1002/290 532/1011/297
f 787/1010/296 532/1011/297 786/1009/295
f 786/1009/295 532/1011/297 531/1012/298
f 786/1009/295 531/1012/298 785/1008/294
f 520/604/289 782/1001/288 530/614/299
f 782/1001/288 788/1013/300 530/614/299
f 530/1014/299 788/1015/300 789/1016/301
f 530/1014/299 789/1016/301 531/1012/298
f 531/1012/298 789/1016/301 790/1017/302
f 531/1012/298 790/1017/302 785/1008/294
f 784/1006/292 791/1018/303 525/1007/293
f 525/1007/293 791/1018/303 792/1019/304
f 525/1007/293 792/1019/304 526/1020/305
f 526/1020/305 792/1019/304 627/1021/306
f 526/1020/305 627/1021/306 564/1022/307
f 564/1022/307 627/1021/306 618/1023/307
f 564/1022/307 618/1023/307 553/1024/308
f 553/1024/308 618/1023/307 617/1025/308
f 553/1026/308 617/1027/308 551/1028/309
f 551/1028/309 617/1027/308 631/1029/309
f 551/1028/309 631/1029/309 549/1030/310
f 549/1030/310 631/1029/309 633/1031/310
f 549/1030/310 633/1031/310 538/1032/311
f 538/1032/311 633/1031/310 624/1033/311
f 538/1032/311 624/1033/311 517/1034/312
f 517/1034/312 624/1033/311 623/1035/312
f 517/601/312 623/1036/312 518/602/7
f 518/602/7 623/1036/312 622/1037/313
f 518/602/7 622/1037/313 520/604/289
f 520/604/289 622/1037/313 793/1038/314
f 520/604/289 793/1038/314 781/1000/287
f 374/1039/315 70/1040/316 61/1041/317
f 54/1042/318 388/1043/319 55/1044/320
f 55/1044/320 388/1043/319 387/1045/321
f 55/1044/320 387/1045/321 386/1046/322
f 71/1047/323 389/1048/324 72/1049/325
f 72/1049/325 389/1048/324 384/1050/326
f 72/1049/325 384/1050/326 54/1042/318
f 54/1042/318 384/1050/326 383/1051/327
f 54/1042/318 383/1051/327 388/1043/319
f 374/1052/315 373/1053/328 70/1054/316
f 70/1054/316 373/1053/328 392/1055/329
f 70/1054/316 392/1055/329 71/1047/323
f 71/1047/323 392/1055/329 390/1056/330
f 71/1047/323 390/1056/330 389/1048/324
f 794/1057/331 795/1058/332 65/1059/333
f 65/1059/333 795/1058/332 63/1060/334
f 794/1057/331 65/1059/333 796/1061/335
f 796/1061/335 65/1059/333 66/1062/336
f 796/1061/335 66/1062/336 797/1063/337
f 797/1064/337 66/1065/336 798/1066/338
f 798/1066/338 66/1065/336 69/1067/339
f 798/1066/338 69/1067/339 799/1068/340
f 799/1068/340 69/1067/339 800/1069/341
f 800/1069/341 69/1067/339 68/1070/342
f 800/1069/341 68/1070/342 801/1071/343
f 801/1071/343 68/1070/342 802/1072/344
f 802/1072/344 68/1070/342 67/1073/345
f 802/1072/344 67/1073/345 803/1074/346
f 803/1074/346 67/1073/345 804/1075/347
f 804/1075/347 67/1073/345 60/1076/348
f 804/1075/347 60/1076/348 805/1077/349
f 805/1078/349 60/1079/348 806/1080/350
f 806/1080/350 60/1079/348 59/1081/351
f 806/1080/350 59/1081/351 807/1082/352
f 807/1083/352 59/1084/351 808/1085/353
f 808/1085/353 59/1084/351 57/1086/354
f 808/1085/353 57/1086/354 809/1087/355
f 809/1087/355 57/1086/354 810/1088/356
f 810/1088/356 57/1086/354 55/1089/320
f 810/1088/356 55/1089/320 811/1090/357
f 811/1091/357 55/1044/320 386/1046/322
f 811/1092/357 386/1093/322 349/1094/358
f 376/1095/359 374/1039/315 812/1096/360
f 812/1096/360 374/1039/315 61/1041/317
f 812/1096/360 61/1041/317 813/1097/361
f 813/1097/361 61/1041/317 63/1060/334
f 813/1097/361 63/1060/334 814/1098/362
f 814/1098/362 63/1060/334 795/1058/332
f 438/1099/363 382/1100/364 376/1101/365
f 440/1102/366 810/1103/367 347/1104/368
f 347/1104/368 810/1103/367 811/1105/369
f 347/1104/368 811/1105/369 349/1106/370
f 456/506/371 454/505/372 806/1080/373
f 806/1080/373 807/1082/374 456/506/371
f 456/506/371 807/1082/374 808/1107/375
f 456/506/371 808/1107/375 440/1102/366
f 440/1102/366 808/1107/375 809/1108/376
f 440/1102/366 809/1108/376 810/1103/367
f 452/1109/377 450/1110/378 802/1111/379
f 802/1111/379 803/1112/380 452/1109/377
f 452/1109/377 803/1112/380 804/1113/381
f 452/1114/377 804/1115/381 454/1116/372
f 454/1117/372 804/1118/381 805/1119/382
f 454/505/372 805/1078/382 806/1080/373
f 448/1120/383 446/1121/384 798/1122/385
f 798/1122/385 799/1123/386 448/1120/383
f 448/1120/383 799/1123/386 800/1124/387
f 448/1120/383 800/1124/387 450/1110/378
f 450/1110/378 800/1124/387 801/1125/388
f 450/1110/378 801/1125/388 802/1111/379
f 444/1126/389 442/1127/390 795/1128/391
f 795/1128/391 794/1129/392 444/1126/389
f 444/1126/389 794/1129/392 796/1130/393
f 444/1126/389 796/1130/393 446/1121/384
f 446/1121/384 796/1130/393 797/1131/394
f 446/1121/384 797/1131/394 798/1122/385
f 376/1101/365 812/1132/395 438/1099/363
f 438/1099/363 812/1132/395 813/1133/396
f 438/1099/363 813/1133/396 442/1127/390
f 442/1127/390 813/1133/396 814/1134/397
f 442/1127/390 814/1134/397 795/1128/391
f 815/1135/398 190/1136/399 176/1137/210
f 176/1137/210 190/1136/399 195/1138/210
f 176/1137/210 195/1138/210 177/1139/210
f 231/231/400 816/1140/401 246/246/210
f 246/246/210 816/1140/401 173/1141/210
f 246/246/210 173/1141/210 172/1142/210
f 817/1143/402 17/17/8 26/26/9
f 817/1144/402 26/1145/9 818/1146/403
f 26/26/9 819/1147/404 818/1148/403
f 818/1146/403 819/1149/404 820/1150/405
f 818/1146/403 820/1150/405 821/1151/406
f 821/1152/406 820/1153/405 822/1154/407
f 820/1155/405 823/1156/408 822/1157/407
f 822/1158/407 823/1159/408 824/1160/409
f 822/1158/407 824/1160/409 825/1161/410
f 825/1161/410 824/1160/409 826/1162/411
f 825/1161/410 826/1162/411 827/1163/412
f 828/1164/413 3/3/2 829/1165/414
f 829/1165/414 3/3/2 4/4/3
f 829/1165/414 4/4/3 830/1166/415
f 830/1166/415 4/4/3 827/1163/412
f 830/1166/415 827/1163/412 831/1167/416
f 831/1167/416 827/1163/412 826/1162/411
f 832/1168/417 833/1169/418 834/1170/419
f 834/1170/419 833/1169/418 835/1171/420
f 834/1170/419 835/1171/420 836/1172/421
f 834/1170/419 837/1173/422 832/1168/417
f 832/1174/417 837/1175/422 838/1176/423
f 832/1174/417 838/1176/423 839/1177/424
f 839/1177/424 838/1176/423 840/1178/425
f 839/1177/424 840/1178/425 841/1179/426
f 841/1179/426 840/1178/425 842/1180/427
f 842/1180/427 843/1181/428 841/1179/426
f 841/1179/426 843/1181/428 844/1182/429
f 841/1179/426 844/1182/429 845/1183/430
f 845/1183/430 844/1182/429 112/112/19
f 845/1183/430 112/112/19 113/113/20
f 5/5/4 846/1184/431 847/1185/432
f 836/1172/421 835/1171/420 847/1185/432
f 847/1185/432 835/1171/420 6/6/5
f 847/1185/432 6/6/5 5/5/4
f 784/1004/433 783/1003/434 848/1186/435
f 848/1186/435 783/1003/434 787/1010/296
f 848/1186/435 787/1010/296 77/77/17
f 77/77/17 787/1010/296 786/1009/295
f 77/77/17 786/1009/295 75/75/16
f 848/1186/435 849/1187/436 784/1004/433
f 784/1188/433 849/1189/436 850/1190/437
f 784/1188/433 850/1190/437 791/1191/438
f 628/718/216 627/717/215 850/1190/437
f 850/1190/437 627/717/215 792/1192/439
f 850/1190/437 792/1192/439 791/1191/438
f 622/710/214 621/709/213 793/1193/440
f 793/1193/440 621/709/213 851/1194/441
f 793/1193/440 851/1194/441 781/1195/442
f 781/1195/442 851/1194/441 782/1196/443
f 782/1196/443 851/1194/441 852/1197/444
f 782/1196/443 852/1197/444 788/1198/445
f 788/1015/445 852/1199/444 789/1016/446
f 789/1016/446 852/1199/444 853/1200/447
f 789/1016/446 853/1200/447 790/1017/302
f 790/1017/302 853/1200/447 785/1008/294
f 785/1008/294 853/1200/447 73/73/14
f 785/1008/294 73/73/14 75/75/16
f 854/1201/448 855/1202/449 581/1203/450
f 856/1204/451 857/1205/452 184/1206/453
f 184/1206/453 183/1207/454 856/1204/451
f 856/1204/451 183/1207/454 190/1136/399
f 856/1204/451 190/1136/399 815/1135/398
f 857/1205/452 858/1208/455 184/1206/453
f 184/1209/453 858/1210/455 859/1211/456
f 184/1209/453 859/1211/456 186/1212/457
f 186/1212/457 859/1211/456 860/1213/458
f 186/1212/457 860/1213/458 861/1214/459
f 861/1214/459 862/1215/460 186/1212/457
f 186/1212/457 862/1215/460 863/1216/461
f 186/1212/457 863/1216/461 188/1217/462
f 854/1201/448 581/1203/450 864/1218/463
f 863/1216/461 865/1219/464 188/1217/462
f 188/1217/462 865/1219/464 864/1218/463
f 188/1217/462 864/1218/463 189/1220/465
f 189/1220/465 864/1218/463 581/1203/450
f 189/1220/465 581/1203/450 519/1221/466
f 816/1140/401 231/231/400 233/233/467
f 235/235/468 866/1222/469 233/233/467
f 233/233/467 866/1222/469 867/1223/470
f 233/233/467 867/1223/470 816/1140/401
f 239/1224/471 868/1225/472 235/1226/468
f 235/1226/468 868/1225/472 869/1227/473
f 235/1226/468 869/1227/473 866/1228/469
f 870/1229/474 871/1230/475 560/1231/476
f 560/1231/476 871/1230/475 872/1232/477
f 524/1233/466 560/1231/476 229/1234/478
f 229/1234/478 560/1231/476 872/1232/477
f 229/1234/478 872/1232/477 230/1235/479
f 230/1235/479 872/1232/477 873/1236/480
f 230/1235/479 873/1236/480 239/1224/471
f 239/1224/471 873/1236/480 874/1237/481
f 239/1224/471 874/1237/481 868/1225/472
f 58/58/12 64/64/12 875/1238/482
f 58/58/12 875/1238/482 876/1239/482
f 876/1239/482 875/1238/482 877/1240/483
f 876/1239/482 877/1240/483 878/1241/483
f 878/1242/483 877/1243/483 879/1244/484
f 878/1242/483 879/1244/484 880/1245/484
f 880/1245/484 879/1244/484 881/1246/485
f 880/1245/484 881/1246/485 882/1247/485
f 882/1247/485 881/1246/485 76/76/15
f 882/1247/485 76/76/15 74/74/15
f 301/305/35 300/304/35 883/1248/486
f 883/1248/486 300/304/35 884/1249/486
f 883/1248/486 884/1249/486 885/1250/487
f 885/1250/487 884/1249/486 886/1251/487
f 885/1250/487 886/1251/487 887/1252/488
f 887/1252/488 886/1251/487 888/1253/488
f 887/1254/488 888/1255/488 889/1256/489
f 889/1256/489 888/1255/488 890/1257/489
f 889/1256/489 890/1257/489 522/606/211
f 522/606/211 890/1257/489 521/605/211
f 891/1258/490 612/698/209 127/679/212
f 136/1259/491 137/1260/492 892/1261/493
f 892/1261/493 137/1260/492 893/1262/494
f 893/1263/494 137/1264/492 126/1265/495
f 893/1263/494 126/1265/495 894/1266/496
f 894/1266/496 126/1265/495 895/1267/497
f 895/1267/497 126/1265/495 125/1268/498
f 895/1267/497 125/1268/498 896/1269/499
f 896/1269/499 125/1268/498 141/552/201
f 896/1269/499 141/552/201 472/551/200
f 892/1261/493 897/1270/500 136/1259/491
f 136/1259/491 897/1270/500 898/1271/501
f 136/1259/491 898/1271/501 127/679/212
f 127/679/212 898/1271/501 899/1272/502
f 127/679/212 899/1272/502 891/1258/490
f 458/523/185 167/522/184 166/1273/503
f 164/1274/504 900/1275/505 166/1273/503
f 166/1273/503 900/1275/505 901/1276/506
f 166/1273/503 901/1276/506 458/523/185
f 163/1277/507 902/1278/508 164/1274/504
f 164/1274/504 902/1278/508 903/1279/496
f 164/1274/504 903/1279/496 900/1275/505
f 153/1280/509 904/1281/510 163/1282/507
f 163/1282/507 904/1281/510 905/1283/511
f 163/1282/507 905/1283/511 902/1284/508
f 501/585/209 906/1285/512 151/580/208
f 151/580/208 906/1285/512 907/1286/513
f 151/580/208 907/1286/513 153/1280/509
f 153/1280/509 907/1286/513 908/1287/514
f 153/1280/509 908/1287/514 904/1281/510
f 642/732/219 643/733/219 909/1288/515
f 909/1288/515 643/733/219 910/1289/515
f 909/1288/515 910/1289/515 911/1290/516
f 911/1290/516 910/1289/515 912/1291/516
f 911/1292/516 912/1293/516 913/1294/517
f 913/1294/517 912/1293/516 914/1295/517
f 913/1294/517 914/1295/517 636/726/217
f 636/726/217 914/1295/517 637/727/217
f 646/736/220 647/737/220 915/1296/518
f 915/1296/518 647/737/220 916/1297/518
f 915/1296/518 916/1297/518 917/1298/519
f 917/1298/519 916/1297/518 918/1299/519
f 917/1300/519 918/1301/519 919/1302/520
f 919/1302/520 918/1301/519 920/1303/520
f 919/1302/520 920/1303/520 640/730/218
f 640/730/218 920/1303/520 641/731/218
f 515/1304/521 516/1305/521 1/1/521
f 1/1/521 516/1305/521 2/2/521
f 13/13/519 12/12/519 513/1306/519
f 513/1306/519 12/12/519 514/1307/519
f 7/7/522 8/8/522 509/1308/522
f 509/1308/522 8/8/522 510/1309/522
f 511/1310/516 512/1311/516 123/123/516
f 123/123/516 512/1311/516 122/122/516
f 62/1312/523 466/1313/523 64/1314/524
f 64/1314/524 466/1313/523 132/1315/523
f 64/1314/524 132/1315/523 131/1316/525
f 143/1317/526 76/76/527 881/1246/528
f 143/1317/526 881/1246/528 139/1318/528
f 139/1319/528 881/1320/528 879/1321/529
f 139/1319/528 879/1321/529 140/1322/529
f 140/1322/529 879/1321/529 877/1323/530
f 140/1322/529 877/1323/530 147/1324/530
f 147/1324/530 877/1323/530 875/1325/531
f 147/1324/530 875/1325/531 146/1326/531
f 146/1326/531 875/1325/531 64/1314/524
f 146/1326/531 64/1314/524 131/1316/525
f 142/1327/532 77/77/533 143/1317/526
f 143/1317/526 77/77/533 76/76/527
f 77/77/533 142/1327/532 848/1186/534
f 848/1186/534 142/1327/532 124/1328/534
f 848/1329/534 124/1330/534 849/1331/535
f 849/1331/535 124/1330/534 130/1332/535
f 849/1331/535 130/1332/535 850/1333/536
f 850/1333/536 130/1332/535 135/1334/536
f 850/1333/536 135/1334/536 628/1335/537
f 628/1335/537 135/1334/536 134/1336/538
f 129/1337/523 10/1338/523 134/1336/538
f 134/1336/538 10/1338/523 628/1335/537
f 128/1339/519 11/11/519 129/1340/519
f 129/1340/519 11/11/519 10/10/519
f 600/1341/436 12/12/436 128/1339/436
f 128/1339/436 12/12/436 11/11/436
f 591/1342/539 514/1343/539 600/1344/539
f 600/1344/539 514/1343/539 12/1345/539
f 594/1346/523 516/1347/523 591/1342/523
f 591/1342/523 516/1347/523 514/1343/523
f 609/1348/540 2/1349/540 594/1346/540
f 594/1346/540 2/1349/540 516/1347/540
f 615/701/541 4/1350/542 609/695/543
f 609/695/543 4/1350/542 2/1351/543
f 4/1350/542 615/701/541 827/1352/544
f 827/1352/544 615/701/541 614/700/544
f 827/1353/544 614/1354/544 825/1355/545
f 825/1355/545 614/1354/544 612/1356/546
f 897/1357/547 17/1358/548 898/1359/549
f 898/1359/549 17/1358/548 817/1144/550
f 898/1359/549 817/1144/550 899/1360/551
f 899/1360/551 817/1144/550 818/1146/552
f 899/1360/551 818/1146/552 891/1361/553
f 891/1361/553 818/1146/552 821/1151/554
f 891/1361/553 821/1151/554 612/1356/546
f 612/1356/546 821/1151/554 822/1362/555
f 612/1356/546 822/1362/555 825/1355/545
f 38/1363/556 17/1358/548 897/1357/547
f 897/1357/547 892/1364/557 38/1363/556
f 38/1363/556 892/1364/557 893/1365/558
f 38/1363/556 893/1365/558 49/1366/559
f 472/551/560 52/1367/561 896/1269/562
f 896/1269/562 52/1367/561 50/1368/563
f 896/1369/562 50/1370/563 895/1371/564
f 895/1371/564 50/1370/563 49/1366/559
f 895/1371/564 49/1366/559 894/1372/565
f 894/1372/565 49/1366/559 893/1365/558
f 52/1367/561 472/551/560 471/549/566
f 52/1367/561 471/549/566 53/1373/566
f 53/1374/566 471/1375/566 470/1376/567
f 53/1374/566 470/1376/567 32/1377/567
f 32/1377/567 470/1376/567 469/1378/568
f 32/1377/567 469/1378/568 34/1379/568
f 34/1379/568 469/1378/568 468/1380/569
f 34/1379/568 468/1380/569 36/1381/569
f 36/1381/569 468/1380/569 465/1382/570
f 36/1381/569 465/1382/570 37/1383/570
f 37/1383/570 465/1382/570 467/1384/571
f 37/1383/570 467/1384/571 20/1385/571
f 20/1385/571 467/1384/571 475/1386/572
f 20/1385/571 475/1386/572 22/1387/572
f 22/1387/572 475/1386/572 477/1388/573
f 22/1387/572 477/1388/573 24/1389/573
f 24/1389/573 477/1388/573 479/1390/574
f 24/1389/573 479/1390/574 48/1391/575
f 48/1391/575 479/1390/574 481/1392/576
f 48/1391/575 481/1392/576 47/1393/576
f 47/1393/576 481/1392/576 483/1394/577
f 47/1393/576 483/1394/577 45/1395/577
f 45/1396/577 483/565/577 174/174/578
f 45/1396/577 174/174/578 43/1397/579
f 173/173/521 28/1398/521 174/174/578
f 174/174/578 28/1398/521 43/1397/579
f 816/1140/580 27/27/581 173/1141/582
f 173/1141/582 27/27/581 28/28/582
f 867/1223/583 26/26/584 816/1140/580
f 816/1140/580 26/26/584 27/27/581
f 871/1230/475 870/1229/474 828/1164/413
f 26/26/584 867/1223/583 819/1147/585
f 819/1147/585 867/1223/583 866/1222/586
f 819/1147/585 866/1222/586 820/1399/587
f 820/1399/587 866/1222/586 869/1400/588
f 820/1401/587 869/1227/588 823/1159/589
f 823/1159/589 869/1227/588 868/1225/590
f 823/1159/589 868/1225/590 824/1160/409
f 824/1160/409 868/1225/590 874/1237/481
f 824/1160/409 874/1237/481 826/1162/411
f 826/1162/411 874/1237/481 873/1236/480
f 826/1162/411 873/1236/480 831/1167/416
f 831/1167/416 873/1236/480 872/1232/477
f 831/1167/416 872/1232/477 830/1166/415
f 830/1166/415 872/1232/477 871/1230/475
f 830/1166/415 871/1230/475 829/1165/414
f 829/1165/414 871/1230/475 828/1164/413
f 560/1231/591 558/1402/592 870/1229/593
f 870/1229/593 558/1402/592 828/1164/594
f 828/1164/594 558/1402/592 556/1403/595
f 828/1164/594 556/1403/595 3/3/596
f 160/1404/597 162/534/598 58/58/599
f 58/58/599 162/534/598 464/536/598
f 58/58/599 464/536/598 56/56/598
f 555/1405/600 1/1/600 556/1403/595
f 556/1403/595 1/1/600 3/3/596
f 160/1404/597 58/58/599 876/1239/601
f 160/1404/597 876/1239/601 171/1406/601
f 171/171/601 876/1407/601 878/1408/602
f 171/171/601 878/1408/602 168/168/602
f 168/168/602 878/1408/602 880/1409/603
f 168/168/602 880/1409/603 169/169/603
f 169/169/603 880/1409/603 882/1410/604
f 169/169/603 882/1410/604 170/170/604
f 170/1411/604 882/1247/604 74/74/605
f 170/1411/604 74/74/605 155/1412/606
f 529/613/607 515/599/607 555/639/607
f 555/639/607 515/599/607 1/1413/607
f 73/73/608 156/1414/609 74/74/605
f 74/74/605 156/1414/609 155/1412/606
f 536/620/582 513/597/582 529/613/582
f 529/613/582 513/597/582 515/599/582
f 621/709/610 150/1415/611 851/1194/612
f 851/1194/612 150/1415/611 152/1416/612
f 851/1417/612 152/152/612 852/1418/613
f 852/1418/613 152/152/612 154/154/613
f 852/1418/613 154/154/613 853/1419/614
f 853/1419/614 154/154/613 165/165/614
f 853/1200/614 165/1420/614 73/73/608
f 73/73/608 165/1420/614 156/1414/609
f 547/631/615 13/1421/615 536/620/615
f 536/620/615 13/1421/615 513/597/615
f 118/707/598 148/1422/598 621/709/610
f 621/709/610 148/1422/598 150/1415/611
f 639/1423/516 9/9/516 638/1424/516
f 638/1424/516 9/9/516 14/14/516
f 586/1425/616 14/14/616 547/1426/616
f 547/1426/616 14/14/616 13/13/616
f 120/120/516 149/1427/516 118/118/516
f 118/118/516 149/1427/516 148/1428/516
f 637/1429/610 626/716/611 639/1430/598
f 639/1430/598 626/716/611 9/715/598
f 586/1431/617 638/728/617 14/1432/617
f 122/122/436 491/1433/436 120/120/436
f 120/120/436 491/1433/436 149/1427/436
f 643/733/618 632/1434/619 910/1289/620
f 910/1289/620 632/1434/619 630/1435/620
f 910/1436/620 630/720/620 912/1437/621
f 912/1437/621 630/720/620 629/719/621
f 912/1437/621 629/719/621 914/1438/622
f 914/1438/622 629/719/621 616/702/622
f 914/1438/622 616/702/622 637/1429/610
f 637/1429/610 616/702/622 626/716/611
f 585/1439/623 636/726/624 586/1431/625
f 586/1431/625 636/726/624 638/728/625
f 512/1440/621 486/569/621 122/1441/621
f 122/1441/621 486/569/621 491/574/621
f 641/731/626 634/1442/627 643/733/618
f 643/733/618 634/1442/627 632/1434/619
f 636/726/624 585/1439/623 913/1294/628
f 913/1294/628 585/1439/623 584/1443/628
f 913/1294/628 584/1443/628 911/1292/629
f 911/1292/629 584/1443/628 583/1444/629
f 911/1290/629 583/1445/629 909/1288/630
f 909/1288/630 583/1445/629 554/1446/630
f 909/1288/630 554/1446/630 642/732/631
f 642/732/631 554/1446/630 552/1447/632
f 510/1448/598 487/570/598 512/1440/598
f 512/1440/598 487/570/598 486/569/598
f 647/1449/537 619/1450/538 916/1451/633
f 916/1451/633 619/1450/538 620/1452/633
f 916/1451/633 620/1452/633 918/1453/539
f 918/1453/539 620/1452/633 625/1454/539
f 918/1453/539 625/1454/539 920/1455/634
f 920/1455/634 625/1454/539 635/1456/634
f 920/1303/634 635/1457/634 641/731/626
f 641/731/626 635/1457/634 634/1442/627
f 550/1458/635 640/730/636 552/1447/632
f 552/1447/632 640/730/636 642/732/631
f 8/1459/637 505/589/637 510/1448/637
f 510/1448/637 505/589/637 487/570/637
f 645/1460/523 119/1461/523 647/1449/537
f 647/1449/537 119/1461/523 619/1450/538
f 640/1462/636 550/634/635 919/1463/638
f 919/1463/638 550/634/635 548/632/638
f 919/1463/638 548/632/638 917/1298/615
f 917/1298/615 548/632/638 590/674/615
f 917/1298/615 590/674/615 915/1296/639
f 915/1296/639 590/674/615 589/673/639
f 915/1296/639 589/673/639 646/736/640
f 646/736/640 589/673/639 588/672/641
f 6/1464/642 507/591/643 8/1459/543
f 8/1459/543 507/591/643 505/589/543
f 644/1465/519 121/121/519 645/1466/519
f 645/1466/519 121/121/519 119/119/519
f 544/628/582 644/734/582 588/672/641
f 588/672/641 644/734/582 646/736/640
f 833/1467/644 501/585/645 835/1468/646
f 835/1468/646 501/585/645 508/592/646
f 835/1468/646 508/592/646 6/1464/642
f 6/1464/642 508/592/646 507/591/643
f 544/628/647 121/1469/647 644/734/647
f 113/1470/648 904/1281/649 845/1471/650
f 845/1471/650 904/1281/649 908/1287/651
f 845/1471/650 908/1287/651 841/1472/652
f 841/1472/652 908/1287/651 907/1286/653
f 841/1472/652 907/1286/653 839/1473/654
f 839/1473/654 907/1286/653 906/1285/655
f 839/1473/654 906/1285/655 832/1474/656
f 832/1474/656 906/1285/655 501/585/645
f 832/1474/656 501/585/645 833/1467/644
f 571/1475/616 123/123/616 544/1476/616
f 544/1476/616 123/123/616 121/121/616
f 904/1477/649 113/113/648 905/1478/657
f 905/1478/657 113/113/648 114/114/658
f 116/116/659 458/1479/660 117/117/661
f 117/117/661 458/1479/660 901/1480/662
f 117/117/661 901/1480/662 111/111/663
f 901/1480/662 900/1481/664 111/111/663
f 111/111/663 900/1481/664 903/1482/665
f 111/111/663 903/1482/665 114/114/658
f 114/114/658 903/1482/665 902/1483/666
f 114/114/658 902/1483/666 905/1478/657
f 534/1484/629 511/595/629 571/1485/629
f 571/1485/629 511/595/629 123/1486/629
f 96/1487/667 175/175/668 482/564/669
f 96/1487/667 482/564/669 94/1488/669
f 94/94/669 482/1489/669 480/1490/670
f 94/94/669 480/1490/670 92/92/670
f 92/92/670 480/1490/670 478/1491/671
f 92/92/670 478/1491/671 91/91/671
f 91/1492/671 478/558/671 476/556/672
f 91/1492/671 476/556/672 89/1493/672
f 89/1493/672 476/556/672 474/554/673
f 89/1493/672 474/554/673 87/1494/673
f 87/1494/673 474/554/673 473/553/674
f 87/1494/673 473/553/674 80/1495/674
f 80/1495/674 473/553/674 463/535/675
f 80/1495/674 463/535/675 103/1496/675
f 103/1496/675 463/535/675 462/532/676
f 103/1496/675 462/532/676 104/1497/677
f 104/104/677 462/1498/676 461/1499/678
f 104/104/677 461/1499/678 106/106/678
f 106/106/678 461/1499/678 460/1500/679
f 106/106/678 460/1500/679 108/108/679
f 108/108/679 460/1500/679 459/1501/680
f 108/108/679 459/1501/680 115/115/680
f 115/115/680 459/1501/680 458/1479/660
f 115/115/680 458/1479/660 116/116/659
f 533/1502/625 509/593/625 534/1484/625
f 534/1484/625 509/593/625 511/595/625
f 84/1503/522 176/176/522 96/1487/667
f 96/1487/667 176/176/522 175/175/668
f 574/1504/681 7/7/681 533/1505/681
f 533/1505/681 7/7/681 509/1308/681
f 82/82/682 815/1506/683 84/84/625
f 84/84/625 815/1506/683 176/1507/625
f 576/1508/684 5/5/685 574/1504/600
f 574/1504/600 5/5/685 7/7/600
f 815/1506/683 82/82/682 856/1509/686
f 856/1509/686 82/82/682 112/112/687
f 5/5/685 576/1508/684 846/1184/688
f 846/1184/688 576/1508/684 582/1510/689
f 846/1184/688 582/1510/689 855/1202/690
f 855/1202/690 582/1510/689 581/1203/691
f 847/1185/432 846/1184/431 855/1202/449
f 837/1173/422 834/1170/419 865/1219/464
f 865/1219/464 834/1170/419 836/1172/421
f 865/1219/464 836/1172/421 864/1218/463
f 864/1218/463 836/1172/421 847/1185/432
f 864/1218/463 847/1185/432 854/1201/448
f 854/1201/448 847/1185/432 855/1202/449
f 856/1509/686 112/112/687 857/1511/692
f 857/1511/692 112/112/687 844/1182/693
f 857/1511/692 844/1182/693 858/1512/694
f 858/1512/694 844/1182/693 859/1513/695
f 865/1219/464 863/1216/461 837/1173/422
f 837/1173/422 863/1216/461 862/1215/460
f 837/1173/422 862/1215/460 838/1514/696
f 838/1514/696 862/1215/460 861/1214/459
f 838/1514/696 861/1214/459 840/1515/697
f 840/1515/697 861/1214/459 860/1213/698
f 840/1515/697 860/1213/698 842/1516/699
f 842/1516/699 860/1213/698 859/1211/695
f 842/1516/699 859/1211/695 843/1517/700
f 843/1181/700 859/1513/695 844/1182/693
f 305/1518/701 260/1519/701 307/1520/702
f 307/1520/702 260/1519/701 262/1521/702
f 307/1520/702 262/1521/702 309/1522/703
f 309/1522/703 262/1521/702 264/1523/703
f 309/1522/703 264/1523/703 311/1524/704
f 311/1524/704 264/1523/703 266/1525/704
f 311/1524/704 266/1525/704 313/1526/705
f 313/1526/705 266/1525/704 268/1527/705
f 313/1526/705 268/1527/705 315/1528/706
f 315/1528/706 268/1527/705 270/1529/706
f 315/1528/706 270/1529/706 317/1530/707
f 317/1530/707 270/1529/706 251/1531/707
f 317/1530/707 251/1531/707 319/1532/708
f 319/1532/708 251/1531/707 253/1533/708
f 319/1532/708 253/1533/708 321/1534/709
f 321/1534/709 253/1533/708 255/1535/709
f 321/1534/709 255/1535/709 323/1536/710
f 323/1536/710 255/1535/709 257/1537/710
f 323/331/710 257/1538/710 325/333/521
f 325/333/521 257/1538/710 240/1539/521
f 325/333/521 240/1539/521 327/335/711
f 327/335/711 240/1539/521 242/1540/711
f 327/335/711 242/1540/711 329/337/712
f 329/337/712 242/1540/711 243/1541/712
f 329/1542/712 243/243/712 331/1543/713
f 331/1543/713 243/243/712 238/238/713
f 331/1543/713 238/238/713 333/343/714
f 333/343/714 238/238/713 237/237/714
f 333/343/714 237/237/714 335/345/715
f 335/345/715 237/237/714 249/249/715
f 335/345/715 249/249/715 337/347/716
f 337/347/716 249/249/715 250/250/716
f 337/347/716 250/250/716 339/349/717
f 339/349/717 250/250/716 248/248/717
f 339/349/717 248/248/717 341/351/718
f 341/351/718 248/248/717 247/247/718
f 341/351/718 247/247/718 343/1544/719
f 343/1544/719 247/247/718 245/245/719
f 343/1544/719 245/245/719 345/1545/720
f 345/1545/720 245/245/719 244/244/720
f 345/357/720 244/1546/720 303/307/519
f 303/307/519 244/1546/720 273/1547/519
f 303/307/519 273/1547/519 305/309/701
f 305/309/701 273/1547/519 260/1548/701
f 322/1549/721 222/222/721 320/1550/722
f 320/1550/722 222/222/721 220/220/722
f 320/1550/722 220/220/722 318/1551/723
f 318/1551/723 220/220/722 218/218/723
f 318/324/723 218/1552/723 316/322/724
f 316/322/724 218/1552/723 180/1553/724
f 316/322/724 180/1553/724 314/320/725
f 314/320/725 180/1553/724 206/1554/725
f 314/320/725 206/1554/725 312/318/726
f 312/318/726 206/1554/725 208/1555/726
f 312/318/726 208/1555/726 310/316/727
f 310/316/727 208/1555/726 210/1556/727
f 310/1557/727 210/210/727 308/1558/728
f 308/1558/728 210/210/727 212/212/728
f 308/1558/728 212/212/728 306/1559/729
f 306/1559/729 212/212/728 214/214/729
f 306/1559/729 214/214/729 304/1560/730
f 304/1560/730 214/214/729 200/200/730
f 304/308/730 200/1561/730 302/306/516
f 302/306/516 200/1561/730 202/1562/516
f 302/1563/516 202/202/516 344/1564/731
f 344/1564/731 202/202/516 204/204/731
f 344/1564/731 204/204/731 342/1565/732
f 342/1565/732 204/204/731 205/205/732
f 342/1565/732 205/205/732 340/1566/733
f 340/1566/733 205/205/732 196/196/733
f 340/1566/733 196/196/733 338/1567/734
f 338/1567/734 196/196/733 194/194/734
f 338/1567/734 194/194/734 336/1568/735
f 336/1568/735 194/194/734 193/193/735
f 336/1568/735 193/193/735 334/1569/736
f 334/1569/736 193/193/735 197/197/736
f 334/1569/736 197/197/736 332/1570/737
f 332/1570/737 197/197/736 198/198/737
f 332/1570/737 198/198/737 330/1571/738
f 330/1571/738 198/198/737 199/199/738
f 330/1571/738 199/199/738 328/1572/739
f 328/1572/739 199/199/738 227/227/739
f 328/1572/739 227/227/739 326/1573/740
f 326/1573/740 227/227/739 226/226/740
f 326/334/740 226/1574/740 324/332/522
f 324/332/522 226/1574/740 224/1575/522
f 324/332/522 224/1575/522 322/330/721
f 322/330/721 224/1575/522 222/1576/721
f 351/1577/741 102/102/741 358/1578/742
f 358/1578/742 102/102/741 101/101/742
f 358/1578/742 101/101/742 362/1579/743
f 362/1579/743 101/101/742 100/100/743
f 362/376/743 100/1580/743 399/415/744
f 399/415/744 100/1580/743 81/1581/744
f 399/415/744 81/1581/744 402/418/745
f 402/418/745 81/1581/744 83/1582/745
f 402/418/745 83/1582/745 405/421/746
f 405/421/746 83/1582/745 85/1583/746
f 405/1584/746 85/85/746 408/1585/747
f 408/1585/747 85/85/746 86/86/747
f 408/1585/747 86/86/747 411/1586/748
f 411/1586/748 86/86/747 99/99/748
f 411/1586/748 99/99/748 414/1587/749
f 414/1587/749 99/99/748 98/98/750
f 414/432/749 98/1588/750 417/435/516
f 417/435/516 98/1588/750 97/1589/516
f 417/435/516 97/1589/516 419/437/751
f 419/437/751 97/1589/516 95/1590/752
f 419/1591/751 95/95/752 421/1592/753
f 421/1592/753 95/95/752 93/93/753
f 421/1592/753 93/93/753 424/1593/754
f 424/1593/754 93/93/753 90/90/754
f 424/1593/754 90/90/754 427/1594/755
f 427/1594/755 90/90/754 88/88/755
f 427/1594/755 88/88/755 430/1595/756
f 430/1595/756 88/88/755 79/79/756
f 430/1595/756 79/79/756 433/1596/757
f 433/1596/757 79/79/756 78/78/757
f 433/1596/757 78/78/757 385/1597/758
f 385/1597/758 78/78/757 105/105/758
f 385/1597/758 105/105/758 350/1598/759
f 350/1598/759 105/105/758 107/107/759
f 350/1598/759 107/107/759 348/1599/760
f 348/1599/760 107/107/759 109/109/760
f 348/360/760 109/1600/760 353/365/522
f 353/365/522 109/1600/760 110/1601/522
f 353/365/522 110/1601/522 351/363/741
f 351/363/741 110/1601/522 102/1602/741
f 46/1603/761 44/1604/762 418/436/763
f 418/1605/763 420/1606/764 46/46/761
f 46/46/761 420/1606/764 422/1607/765
f 46/46/761 422/1607/765 25/25/766
f 422/1607/765 423/1608/767 25/25/766
f 25/25/766 423/1608/767 425/444/768
f 25/25/766 425/444/768 23/23/769
f 425/444/768 426/446/770 23/23/769
f 23/23/769 426/446/770 428/448/771
f 23/23/769 428/448/771 21/21/772
f 428/448/771 429/449/773 21/21/772
f 21/21/772 429/449/773 431/451/774
f 21/21/772 431/451/774 19/19/775
f 19/19/775 431/451/774 432/452/776
f 19/19/775 432/452/776 35/35/777
f 432/452/776 434/454/778 35/35/777
f 35/35/777 434/454/778 435/455/779
f 35/35/777 435/455/779 33/33/780
f 435/455/779 391/457/781 33/33/780
f 33/33/780 391/457/781 393/1609/782
f 33/33/780 393/1609/782 31/31/783
f 393/1609/782 372/1610/784 31/31/783
f 31/31/783 372/1610/784 375/1611/785
f 31/1612/783 375/389/785 51/1613/786
f 375/389/785 377/391/787 51/1613/786
f 51/1613/786 377/391/787 379/393/788
f 51/1613/786 379/393/788 39/1614/789
f 379/393/788 378/392/790 39/1614/789
f 39/1614/789 378/392/790 370/384/791
f 39/1615/789 370/1616/791 40/1617/792
f 370/384/791 368/382/793 40/1618/792
f 40/1619/792 368/1620/793 366/1621/794
f 40/1619/792 366/1621/794 18/1622/795
f 366/1621/794 365/1623/796 18/1622/795
f 18/1622/795 365/1623/796 396/1624/797
f 18/1622/795 396/1624/797 15/1625/798
f 396/1624/797 397/1626/799 15/1625/798
f 15/1625/798 397/1626/799 398/1627/800
f 15/1625/798 398/1627/800 16/1628/801
f 398/1627/800 400/1629/802 16/1628/801
f 16/1628/801 400/1629/802 401/1630/803
f 16/1628/801 401/1630/803 29/1631/804
f 29/1631/804 401/1630/803 403/1632/805
f 403/1632/805 404/1633/806 29/1631/804
f 29/1631/804 404/1633/806 406/1634/807
f 29/1631/804 406/1634/807 30/1635/808
f 406/1634/807 407/1636/809 30/1635/808
f 30/1635/808 407/1636/809 409/1637/810
f 30/1635/808 409/1637/810 41/1638/811
f 409/1637/810 410/1639/812 41/1638/811
f 41/1638/811 410/1639/812 412/1640/813
f 41/1641/811 412/1642/813 42/1643/814
f 412/1644/813 413/1645/815 42/1646/814
f 42/1647/814 413/431/815 415/433/816
f 42/1647/814 415/433/816 44/1604/762
f 44/1604/762 415/433/816 416/434/519
f 44/1604/762 416/434/519 418/436/763
f 203/1648/817 178/178/818 195/1649/522
f 195/1649/522 178/178/818 177/177/522
f 223/223/819 300/1650/820 298/1651/821
f 223/223/819 298/1651/821 221/221/821
f 221/221/821 298/1651/821 296/1652/822
f 221/221/821 296/1652/822 219/219/822
f 219/219/822 296/1652/822 294/1653/823
f 219/219/822 294/1653/823 217/217/823
f 217/217/823 294/1653/823 292/1654/824
f 217/217/823 292/1654/824 181/181/824
f 181/181/824 292/1654/824 290/1655/825
f 181/181/824 290/1655/825 182/182/825
f 182/182/825 290/1655/825 288/1656/826
f 182/182/825 288/1656/826 207/207/826
f 207/207/826 288/1656/826 286/1657/827
f 207/207/826 286/1657/827 209/209/827
f 209/209/827 286/1657/827 284/1658/828
f 209/209/827 284/1658/828 211/211/828
f 211/211/828 284/1658/828 282/1659/829
f 211/211/828 282/1659/829 213/213/829
f 213/213/829 282/1659/829 280/1660/830
f 213/213/829 280/1660/830 215/215/830
f 215/215/830 280/1660/830 278/1661/831
f 215/215/830 278/1661/831 216/216/831
f 216/216/831 278/1661/831 276/1662/832
f 216/216/831 276/1662/832 201/201/832
f 201/1663/832 276/276/832 178/178/818
f 201/1663/832 178/178/818 203/1648/817
f 300/1650/820 223/223/819 884/1664/833
f 884/1664/833 223/223/819 225/225/833
f 884/1664/833 225/225/833 886/1665/834
f 886/1665/834 225/225/833 192/192/834
f 886/1665/834 192/192/834 888/1666/835
f 888/1666/835 192/192/834 191/191/835
f 888/1666/835 191/191/835 890/1667/836
f 890/1667/836 191/191/835 185/185/836
f 890/1667/836 185/185/836 521/1668/837
f 521/1668/837 185/185/836 187/187/838
f 189/189/625 519/1669/625 187/187/838
f 187/187/838 519/1669/625 521/1668/837
f 179/179/839 274/1670/840 172/172/521
f 172/172/521 274/1670/840 246/1671/521
f 274/1670/840 179/179/839 277/277/841
f 274/1670/840 277/277/841 275/1672/841
f 275/1672/841 277/277/841 279/279/842
f 275/1672/841 279/279/842 261/1673/842
f 261/261/842 279/1674/842 281/1675/843
f 261/261/842 281/1675/843 263/263/843
f 263/263/843 281/1675/843 283/1676/844
f 263/263/843 283/1676/844 265/265/844
f 265/265/844 283/1676/844 285/286/845
f 265/265/844 285/286/845 267/267/845
f 267/267/845 285/286/845 287/289/846
f 267/267/845 287/289/846 269/269/846
f 269/269/846 287/289/846 289/291/847
f 269/269/846 289/291/847 271/271/847
f 271/271/847 289/291/847 291/293/848
f 271/271/847 291/293/848 272/272/848
f 272/272/848 291/293/848 293/295/849
f 272/272/848 293/295/849 252/252/849
f 252/252/849 293/295/849 295/297/850
f 252/252/849 295/297/850 254/254/850
f 254/254/850 295/297/850 297/1677/851
f 254/254/850 297/1677/851 256/256/851
f 256/256/851 297/1677/851 299/1678/852
f 256/256/851 299/1678/852 258/258/852
f 258/258/852 299/1678/852 301/1679/853
f 258/258/852 301/1679/853 259/259/854
f 522/606/855 228/228/856 889/1256/857
f 889/1256/857 228/228/856 234/234/857
f 889/1256/857 234/234/857 887/1254/858
f 887/1254/858 234/234/857 232/232/858
f 887/1254/858 232/232/858 885/1680/859
f 885/1680/859 232/232/858 236/236/859
f 885/1680/859 236/236/859 883/1681/860
f 883/1681/860 236/236/859 241/241/860
f 883/1681/860 241/241/860 301/1679/853
f 301/1679/853 241/241/860 259/259/854
f 524/608/582 229/229/861 522/606/855
f 522/606/855 229/229/861 228/228/856
f 608/694/862 607/693/863 697/1682/864
f 697/1682/864 695/1683/865 608/694/862
f 608/694/862 695/1683/865 694/1684/866
f 608/694/862 694/1684/866 610/696/867
f 694/1684/866 692/1685/868 610/696/867
f 610/1686/867 692/790/868 691/789/869
f 610/1686/867 691/789/869 613/1687/870
f 691/789/869 689/787/871 613/1687/870
f 613/1687/870 689/787/871 688/786/872
f 613/1687/870 688/786/872 611/1688/873
f 688/786/872 686/784/874 611/1688/873
f 611/1688/873 686/784/874 685/783/875
f 611/1688/873 685/783/875 604/1689/876
f 685/783/875 683/781/877 604/1689/876
f 604/1690/876 683/1691/877 682/1692/878
f 604/1690/876 682/1692/878 605/1693/879
f 682/1692/878 680/1694/880 605/1693/879
f 605/1693/879 680/1694/880 679/1695/881
f 605/1693/879 679/1695/881 606/1696/882
f 679/1695/881 677/1697/883 606/1696/882
f 606/1696/882 677/1697/883 676/1698/884
f 606/1696/882 676/1698/884 595/1699/885
f 595/1699/885 676/1698/884 674/1700/886
f 595/1699/885 674/1700/886 596/1701/887
f 674/1700/886 672/1702/888 596/1701/887
f 596/1701/887 672/1702/888 670/764/889
f 596/1701/887 670/764/889 597/1703/890
f 670/764/889 669/763/891 597/1703/890
f 597/1703/890 669/763/891 667/1704/892
f 597/1703/890 667/1704/892 598/1705/893
f 667/1704/892 666/1706/894 598/1705/893
f 598/1705/893 666/1706/894 664/1707/895
f 598/684/893 664/1708/895 599/685/896
f 664/1709/895 663/1710/897 599/1711/896
f 599/685/896 663/1712/897 661/1713/898
f 599/685/896 661/1713/898 601/687/899
f 661/1713/898 660/1714/900 601/687/899
f 601/687/899 660/1714/900 658/1715/901
f 601/687/899 658/1715/901 602/688/902
f 658/1715/901 657/1716/903 602/688/902
f 602/688/902 657/1716/903 655/1717/904
f 602/688/902 655/1717/904 603/689/905
f 655/1717/904 654/1718/906 603/689/905
f 603/689/905 654/1718/906 652/1719/907
f 603/689/905 652/1719/907 592/676/908
f 652/1719/907 651/1720/909 592/676/908
f 592/676/908 651/1720/909 648/1721/910
f 592/676/908 648/1721/910 593/677/598
f 593/677/598 648/1721/910 699/1722/598
f 593/677/598 699/1722/598 607/693/863
f 607/693/863 699/1722/598 698/1723/911
f 607/693/863 698/1723/911 697/1682/864
f 499/583/862 496/579/863 763/1724/864
f 763/1724/864 761/1725/865 499/583/862
f 499/583/862 761/1725/865 760/1726/866
f 499/583/862 760/1726/866 500/584/867
f 760/1726/866 758/1727/868 500/584/867
f 500/1728/867 758/884/868 757/883/869
f 500/1728/867 757/883/869 502/1729/870
f 757/883/869 755/881/871 502/1729/870
f 502/1729/870 755/881/871 754/880/872
f 502/1729/870 754/880/872 503/1730/873
f 754/880/872 752/878/874 503/1730/873
f 503/1730/873 752/878/874 751/877/875
f 503/1730/873 751/877/875 506/1731/876
f 751/877/875 749/875/877 506/1731/876
f 506/1732/876 749/1733/877 748/1734/878
f 506/1732/876 748/1734/878 504/1735/879
f 748/1734/878 746/1736/880 504/1735/879
f 504/1735/879 746/1736/880 745/1737/881
f 504/1735/879 745/1737/881 489/1738/882
f 745/1737/881 743/1739/883 489/1738/882
f 489/1738/882 743/1739/883 742/1740/884
f 489/1738/882 742/1740/884 488/1741/885
f 488/1741/885 742/1740/884 740/1742/886
f 488/1741/885 740/1742/886 493/1743/887
f 740/1742/886 739/1744/888 493/1743/887
f 493/1743/887 739/1744/888 737/859/889
f 493/1743/887 737/859/889 494/1745/890
f 737/859/889 736/858/891 494/1745/890
f 494/1745/890 736/858/891 734/1746/892
f 494/1745/890 734/1746/892 495/1747/893
f 734/1746/892 733/1748/894 495/1747/893
f 495/1747/893 733/1748/894 731/1749/895
f 495/578/893 731/1750/895 492/575/896
f 731/1751/895 730/1752/897 492/1753/896
f 492/575/896 730/1754/897 728/1755/898
f 492/575/896 728/1755/898 490/573/899
f 728/1755/898 727/1756/900 490/573/899
f 490/573/899 727/1756/900 725/1757/901
f 490/573/899 725/1757/901 484/566/902
f 725/1757/901 724/1758/903 484/566/902
f 484/566/902 724/1758/903 722/1759/904
f 484/566/902 722/1759/904 485/567/905
f 722/1759/904 721/1760/906 485/567/905
f 485/567/905 721/1760/906 719/1761/907
f 485/567/905 719/1761/907 498/582/908
f 719/1761/907 718/1762/909 498/582/908
f 498/582/908 718/1762/909 715/1763/910
f 498/582/908 715/1763/910 497/581/598
f 497/581/598 715/1763/910 765/1764/598
f 497/581/598 765/1764/598 496/579/863
f 496/579/863 765/1764/598 764/1765/911
f 496/579/863 764/1765/911 763/1724/864
