# Blender 3.6.9
# www.blender.org
mtllib LINK_THUMB_MID_R.mtl
o LINK_THUMB_MID_R
v 0.009493 0.000296 0.011818
v 0.008873 0.000286 0.011681
v 0.009465 0.002295 0.011800
v 0.008821 0.004035 0.011647
v 0.005706 0.003986 0.010958
v 0.005653 0.007835 0.010922
v 0.010048 0.007905 0.011894
v 0.009478 0.002295 0.011803
v 0.009711 0.002413 0.011853
v 0.009961 0.002489 0.011908
v 0.010123 0.002506 0.011944
v 0.015695 0.000394 0.013190
v 0.015667 0.002394 0.013171
v 0.025843 0.000555 0.015434
v 0.024198 0.008129 0.015023
v 0.025735 0.008354 0.015362
v 0.015508 0.002467 0.013135
v 0.015355 0.002526 0.013101
v 0.014930 0.007982 0.012974
v 0.015167 0.002572 0.013059
v 0.015004 0.002583 0.013023
v 0.015582 0.002432 0.013152
v 0.015618 0.002413 0.013160
v 0.015654 0.002393 0.013168
v 0.020028 0.000276 0.015642
v 0.019767 0.000278 0.016205
v 0.009408 0.000129 0.015599
v 0.008693 0.000101 0.013647
v 0.003448 0.000035 0.014291
v 0.006135 0.000063 0.013359
v 0.008707 0.000085 0.011877
v 0.008833 0.000087 0.011878
v 0.009201 0.000105 0.013290
v 0.009453 0.000097 0.012015
v 0.009820 0.000113 0.013234
v 0.020536 0.000280 0.015284
v 0.010026 0.000137 0.015543
v 0.021155 0.000288 0.015229
v 0.010534 0.000141 0.015186
v 0.010796 0.000139 0.014622
v 0.025798 0.000356 0.015630
v 0.021719 0.000298 0.015490
v 0.010010 0.000107 0.012242
v 0.010462 0.000116 0.012640
v 0.010383 0.000123 0.013496
v 0.011291 0.000135 0.013369
v 0.010740 0.000133 0.014004
v 0.012314 0.000153 0.013784
v 0.013416 0.000168 0.013839
v 0.008593 0.000084 0.011928
v -0.015962 -0.000394 -0.003191
v -0.015551 -0.000407 -0.005190
v -0.014572 -0.000363 -0.001909
v -0.015065 -0.000301 0.005596
v -0.014213 -0.000306 0.003741
v -0.014097 -0.000268 0.007688
v -0.013228 -0.000268 0.006409
v -0.012895 -0.000234 0.009574
v -0.011746 -0.000225 0.008836
v -0.011523 -0.000201 0.011192
v -0.009825 -0.000180 0.010933
v -0.010769 -0.000184 0.011910
v -0.009970 -0.000167 0.012564
v -0.015441 -0.000316 0.004499
v -0.015736 -0.000331 0.003387
v -0.014667 -0.000338 0.000933
v -0.016079 -0.000356 0.001172
v -0.016145 -0.000377 -0.000995
v -0.009201 -0.000151 0.013102
v -0.007537 -0.000132 0.012621
v -0.007471 -0.000118 0.014065
v -0.005431 -0.000083 0.014879
v -0.004965 -0.000086 0.013836
v -0.003098 -0.000045 0.015513
v -0.002208 -0.000041 0.014534
v -0.000370 -0.000003 0.015970
v 0.000631 -0.000001 0.014687
v 0.001852 0.000030 0.016175
v 0.021753 0.000330 0.018876
v 0.021362 0.000312 0.017538
v 0.023914 0.000362 0.019145
v 0.021870 0.000316 0.017180
v 0.026166 0.000394 0.019247
v 0.022131 0.000314 0.016617
v 0.028233 0.000422 0.019127
v 0.008432 0.000103 0.014211
v 0.008487 0.000109 0.014829
v 0.038963 0.000486 0.010038
v 0.038808 0.000493 0.010945
v 0.037019 0.000464 0.010540
v 0.038962 0.000503 0.011840
v 0.015654 0.000195 0.013387
v -0.014455 -0.000411 -0.007309
v -0.014056 -0.000407 -0.007439
v -0.014768 -0.000413 -0.007022
v -0.013862 -0.000403 -0.007322
v -0.015073 -0.000412 -0.006498
v -0.015394 -0.000409 -0.005702
v 0.003932 0.000060 0.016274
v 0.007932 0.000116 0.016444
v 0.008844 0.000119 0.015337
v 0.009960 0.000146 0.016647
v 0.011972 0.000177 0.016933
v 0.015646 0.000234 0.017621
v 0.019822 0.000284 0.016824
v 0.018638 0.000281 0.018287
v 0.020180 0.000294 0.017332
v 0.020743 0.000304 0.017593
v 0.039468 0.000475 0.008071
v 0.037768 0.000455 0.008428
v 0.039611 0.000459 0.006045
v 0.038013 0.000438 0.006200
v 0.039377 0.000447 0.005076
v 0.038805 0.000504 0.012145
v 0.037993 0.000504 0.013460
v 0.035805 0.000465 0.012423
v 0.015053 0.000186 0.013357
v 0.014475 0.000180 0.013527
v 0.037767 0.000413 0.003882
v 0.037811 0.000414 0.003856
v 0.037862 0.000414 0.003855
v 0.022076 0.000308 0.015998
v 0.031526 0.000460 0.018351
v 0.030286 0.000446 0.018743
v 0.027889 0.000388 0.015952
v 0.030124 0.000417 0.015791
v 0.032503 0.000470 0.017946
v 0.032263 0.000441 0.015121
v 0.037384 0.000503 0.014251
v 0.036714 0.000501 0.014994
v 0.034191 0.000457 0.013978
v 0.035203 0.000492 0.016329
v 0.033453 0.000479 0.017468
v 0.038755 0.000431 0.004298
v 0.037741 0.000414 0.003976
v 0.037742 0.000413 0.003925
v 0.022945 0.000126 -0.005045
v 0.024812 0.000151 -0.005211
v 0.024706 0.000164 -0.003598
v 0.033455 0.000291 -0.002894
v 0.031378 0.000255 -0.003781
v 0.032358 0.000257 -0.004954
v 0.026899 0.000189 -0.004142
v -0.003263 -0.000295 -0.011545
v -0.000907 -0.000267 -0.011964
v -0.002143 -0.000261 -0.009458
v 0.000061 -0.000233 -0.009698
v -0.009698 -0.000345 -0.007265
v -0.009657 -0.000332 -0.005924
v -0.010166 -0.000351 -0.007185
v -0.010189 -0.000339 -0.005921
v -0.011708 -0.000373 -0.007292
v -0.010668 -0.000344 -0.005688
v -0.012198 -0.000379 -0.007201
v -0.010998 -0.000345 -0.005271
v -0.012493 -0.000381 -0.006993
v -0.011620 -0.000339 -0.003704
v -0.013119 -0.000346 -0.002223
v -0.012020 -0.000329 -0.002067
v -0.005542 -0.000319 -0.010640
v -0.004235 -0.000283 -0.008723
v -0.007590 -0.000335 -0.009290
v -0.006105 -0.000298 -0.007533
v -0.007656 -0.000305 -0.005950
v -0.009320 -0.000342 -0.007553
v -0.012860 -0.000339 -0.001887
v -0.012971 -0.000341 -0.001924
v -0.013059 -0.000343 -0.002001
v -0.000325 -0.000258 -0.011933
v 0.000776 -0.000242 -0.011820
v 0.002261 -0.000200 -0.009432
v -0.007881 -0.000306 -0.005752
v -0.008162 -0.000309 -0.005650
v -0.008461 -0.000313 -0.005659
v -0.012083 -0.000329 -0.001929
v -0.012204 -0.000330 -0.001839
v -0.012355 -0.000332 -0.001820
v -0.013111 -0.000345 -0.002106
v 0.035799 0.000321 -0.003152
v 0.035295 0.000329 -0.001582
v 0.035423 0.000314 -0.003436
v 0.033979 0.000286 -0.004306
v 0.018356 0.000059 -0.005455
v 0.022078 0.000138 -0.002491
v 0.015780 0.000017 -0.006172
v 0.008197 -0.000082 -0.005560
v 0.038850 0.000398 0.000560
v 0.037934 0.000399 0.002054
v 0.036811 0.000365 0.000093
v 0.036496 0.000337 -0.002546
v 0.037155 0.000352 -0.001869
v 0.038336 0.000383 -0.000314
v 0.026635 0.000174 -0.005414
v 0.028470 0.000198 -0.005517
v 0.029158 0.000220 -0.004204
v 0.029516 0.000213 -0.005481
v 0.030572 0.000229 -0.005363
v 0.020566 0.000093 -0.005090
v 0.020979 0.000099 -0.005054
v 0.022390 0.000142 -0.002484
v 0.022680 0.000145 -0.002597
v 0.039297 0.000412 0.001481
v 0.039456 0.000418 0.001863
v 0.039297 0.000419 0.002226
v 0.009284 -0.000099 -0.009021
v 0.012673 -0.000037 -0.007371
v 0.014176 -0.000010 -0.006748
v 0.038972 0.000417 0.002473
v 0.038567 0.000412 0.002527
v 0.038188 0.000405 0.002374
v 0.003066 -0.000207 -0.011386
v 0.004499 -0.000183 -0.010997
v 0.004344 -0.000164 -0.008673
v 0.005852 -0.000160 -0.010546
v 0.006200 -0.000127 -0.007460
v 0.007638 -0.000129 -0.009813
v 0.007732 -0.000091 -0.005858
v 0.007938 -0.000087 -0.005668
v 0.038320 0.009428 0.004690
v 0.039723 0.007832 0.004492
v 0.038125 0.009417 0.003719
v 0.039501 0.007818 0.003386
v 0.037837 0.009404 0.002775
v 0.039172 0.007804 0.002311
v 0.037463 0.009391 0.001867
v 0.038746 0.007789 0.001277
v 0.037013 0.009376 0.001004
v 0.038232 0.007773 0.000293
v 0.036493 0.009362 0.000194
v 0.037640 0.007756 -0.000630
v 0.035912 0.009347 -0.000553
v 0.036977 0.007739 -0.001482
v 0.035278 0.009332 -0.001230
v 0.036254 0.007722 -0.002253
v 0.034598 0.009317 -0.001827
v 0.035480 0.007705 -0.002934
v 0.020711 0.009112 -0.003283
v 0.021640 0.009125 -0.003248
v 0.020720 0.008927 -0.003458
v 0.022750 0.009140 -0.003268
v 0.020739 0.008706 -0.003656
v 0.028174 0.009210 -0.003781
v 0.028214 0.008804 -0.004137
v 0.026439 0.009188 -0.003648
v 0.026459 0.008781 -0.004010
v 0.024646 0.009165 -0.003431
v 0.024660 0.008759 -0.003796
v 0.022769 0.008734 -0.003632
v 0.012490 0.008571 -0.005893
v 0.012037 0.008563 -0.006087
v 0.011893 0.008967 -0.005757
v 0.019609 0.008689 -0.003786
v 0.016204 0.009041 -0.004190
v 0.017327 0.009059 -0.003884
v 0.016290 0.008636 -0.004535
v 0.017783 0.009067 -0.003773
v 0.019658 0.008904 -0.003587
v 0.018549 0.008672 -0.003972
v 0.018425 0.008875 -0.003814
v 0.012262 0.008974 -0.005600
v 0.012650 0.008980 -0.005440
v 0.014079 0.008599 -0.005267
v 0.013870 0.009002 -0.004966
v 0.014031 0.009004 -0.004907
v 0.015522 0.009030 -0.004398
v 0.019734 0.009097 -0.003401
v 0.019680 0.009096 -0.003409
v 0.013112 0.009177 0.015224
v 0.012067 0.008761 0.015412
v 0.014077 0.009192 0.015399
v 0.015800 0.008819 0.016109
v 0.015871 0.009220 0.015757
v 0.012114 0.009161 0.015057
v 0.010127 0.009131 0.014772
v 0.010102 0.008732 0.015131
v 0.007961 0.008700 0.014912
v 0.008909 0.009113 0.014634
v 0.007989 0.009100 0.014549
v 0.018841 0.009267 0.016419
v 0.018783 0.008867 0.016773
v 0.020205 0.009288 0.016707
v 0.020157 0.008888 0.017063
v 0.021817 0.009313 0.016995
v 0.021787 0.008913 0.017353
v 0.018137 0.009256 0.016261
v 0.017417 0.009244 0.016098
v 0.016582 0.009231 0.015911
v 0.036428 0.009473 0.012359
v 0.037598 0.007883 0.013188
v 0.036982 0.009472 0.011494
v 0.038220 0.007882 0.012213
v 0.037449 0.009470 0.010584
v 0.038745 0.007880 0.011185
v 0.037828 0.009467 0.009638
v 0.039172 0.007876 0.010115
v 0.038116 0.009462 0.008666
v 0.039497 0.007870 0.009012
v 0.038311 0.009456 0.007676
v 0.039717 0.007863 0.007888
v 0.038412 0.009448 0.006677
v 0.039830 0.007854 0.006753
v 0.038415 0.009439 0.005679
v 0.039833 0.007844 0.005617
v -0.000171 0.008983 0.014109
v -0.000229 0.008583 0.014463
v 0.001954 0.009014 0.014293
v 0.001915 0.008614 0.014650
v 0.003985 0.009043 0.014381
v 0.003956 0.008643 0.014740
v 0.005979 0.009071 0.014444
v 0.007087 0.009087 0.014493
v 0.008458 0.008904 -0.007420
v 0.008602 0.008501 -0.007747
v 0.006866 0.008875 -0.008196
v 0.006999 0.008471 -0.008527
v 0.005195 0.008846 -0.008901
v 0.005305 0.008441 -0.009238
v 0.009264 0.008919 -0.007013
v 0.010096 0.008935 -0.006598
v 0.011066 0.008952 -0.006133
v 0.028466 0.009214 -0.003785
v 0.028334 0.007587 -0.005205
v 0.033950 0.009304 -0.002294
v 0.034741 0.007690 -0.003465
v 0.033273 0.009291 -0.002690
v 0.033972 0.007676 -0.003918
v 0.031844 0.009265 -0.003290
v 0.032358 0.007647 -0.004604
v 0.031547 0.009261 -0.003381
v 0.032025 0.007642 -0.004708
v 0.030259 0.009240 -0.003659
v 0.030594 0.007619 -0.005035
v 0.029884 0.009235 -0.003709
v 0.030182 0.007613 -0.005095
v 0.028645 0.007591 -0.005204
v 0.036883 0.007881 0.014101
v 0.036024 0.009472 0.012891
v 0.036084 0.007878 0.014945
v 0.029645 0.009421 0.016951
v 0.030079 0.007827 0.018320
v 0.030561 0.009431 0.016678
v 0.031175 0.007839 0.017982
v 0.031454 0.009440 0.016332
v 0.032246 0.007849 0.017548
v 0.032322 0.009449 0.015915
v 0.033282 0.007859 0.017023
v 0.033154 0.009456 0.015432
v 0.034274 0.007867 0.016411
v 0.033955 0.009462 0.014879
v 0.035211 0.007873 0.015716
v 0.034707 0.009466 0.014266
v 0.035396 0.009470 0.013605
v 0.028969 0.007814 0.018560
v 0.028399 0.009406 0.017201
v 0.028725 0.007811 0.018601
v 0.024241 0.009350 0.017295
v 0.027854 0.007800 0.018712
v 0.027593 0.009396 0.017298
v 0.026603 0.007784 0.018792
v 0.026432 0.009381 0.017364
v 0.025656 0.007771 0.018797
v 0.025548 0.009368 0.017364
v 0.024261 0.007751 0.018730
v 0.023574 0.007742 0.018669
v 0.021697 0.007714 0.018424
v -0.015494 0.007057 0.003256
v -0.014159 0.008688 0.003009
v -0.015734 0.007042 0.001964
v -0.014380 0.008674 0.001870
v -0.015870 0.007028 0.000687
v -0.014509 0.008662 0.000749
v -0.015914 0.007015 -0.000556
v -0.014547 0.008642 -0.001367
v -0.014130 0.008618 -0.004625
v -0.015232 0.006977 -0.005549
v -0.014383 0.008627 -0.003204
v -0.015633 0.006987 -0.003875
v -0.015881 0.007004 -0.001743
v -0.009848 0.007218 0.012207
v -0.008999 0.008833 0.011055
v -0.010865 0.007196 0.011357
v -0.009933 0.008813 0.010280
v -0.010942 0.007194 0.011285
v -0.010004 0.008811 0.010215
v -0.011805 0.007174 0.010401
v -0.010740 0.008794 0.009473
v -0.010794 0.008793 0.009413
v -0.012488 0.007157 0.009582
v -0.011419 0.008778 0.008671
v -0.012662 0.007153 0.009355
v -0.011577 0.008774 0.008466
v -0.013429 0.007132 0.008231
v -0.012051 0.008761 0.007801
v -0.013801 0.007121 0.007603
v -0.012617 0.008745 0.006887
v -0.014102 0.007112 0.007045
v -0.012890 0.008736 0.006386
v -0.014674 0.007092 0.005811
v -0.013886 0.008701 0.003996
v -0.015195 0.007072 0.004369
v -0.013836 0.008703 0.004151
v -0.015140 0.007074 0.004543
v -0.013536 0.008714 0.004977
v -0.013112 0.008729 0.005944
v 0.018610 0.007666 0.017835
v 0.015618 0.007619 0.017168
v 0.026519 0.007563 -0.005096
v 0.024701 0.007540 -0.004889
v 0.022828 0.007515 -0.004723
v 0.020845 0.007488 -0.004737
v -0.002773 0.007345 0.015149
v -0.000404 0.007381 0.015524
v -0.007388 0.008865 0.012069
v -0.006430 0.007283 0.014089
v -0.005636 0.008896 0.012856
v -0.006212 0.007287 0.014174
v -0.004710 0.008912 0.013177
v -0.005217 0.007304 0.014521
v -0.003626 0.008930 0.013486
v -0.004057 0.007324 0.014855
v -0.002418 0.008949 0.013759
v -0.001358 0.008965 0.013947
v -0.008211 0.008849 0.011593
v -0.008760 0.007240 0.012941
v -0.007616 0.007262 0.013566
v 0.011926 0.007561 0.016478
v 0.009905 0.007531 0.016191
v 0.007868 0.007501 0.015987
v 0.012433 0.007351 -0.007077
v 0.014414 0.007386 -0.006276
v 0.016546 0.007421 -0.005569
v 0.018725 0.007456 -0.005031
v 0.001798 0.007414 0.015722
v 0.003867 0.007444 0.015816
v 0.009032 0.007289 -0.008729
v 0.007397 0.007259 -0.009519
v 0.005635 0.007228 -0.010249
v -0.002436 0.007102 -0.011625
v -0.002180 0.008732 -0.010224
v -0.001595 0.007113 -0.011670
v -0.001427 0.008742 -0.010256
v 0.000415 0.007142 -0.011549
v 0.003361 0.008815 -0.009505
v -0.000446 0.008756 -0.010218
v 0.000387 0.008768 -0.010131
v 0.001573 0.007160 -0.011370
v 0.001441 0.008784 -0.009962
v 0.002870 0.007181 -0.011092
v 0.002629 0.008803 -0.009700
v 0.003664 0.007194 -0.010885
v 0.004291 0.007205 -0.010702
v -0.006703 0.007058 -0.010016
v -0.007617 0.007052 -0.009307
v -0.006817 0.008687 -0.008105
v -0.005955 0.008692 -0.008810
v -0.005460 0.008696 -0.009143
v -0.005449 0.007068 -0.010764
v -0.004916 0.008701 -0.009451
v -0.002932 0.008722 -0.010124
v -0.003281 0.007091 -0.011502
v -0.003625 0.008714 -0.009962
v -0.004063 0.007082 -0.011310
v -0.004320 0.008707 -0.009723
v -0.004850 0.008702 -0.009484
v 0.039926 0.005843 0.004482
v 0.040088 0.003451 0.004484
v 0.039699 0.005830 0.003360
v 0.039859 0.003437 0.003350
v 0.039365 0.005815 0.002269
v 0.039521 0.003422 0.002246
v 0.038933 0.005800 0.001219
v 0.039084 0.003407 0.001184
v 0.038411 0.005783 0.000220
v 0.038556 0.003390 0.000174
v 0.037809 0.005766 -0.000718
v 0.037947 0.003373 -0.000774
v 0.037136 0.005749 -0.001583
v 0.037267 0.003356 -0.001650
v 0.036402 0.005732 -0.002367
v 0.036524 0.003338 -0.002443
v 0.035616 0.005715 -0.003058
v 0.035729 0.003321 -0.003142
v 0.037588 0.009419 0.004797
v 0.037352 0.009406 0.003669
v 0.037148 0.009397 0.003017
v 0.036440 0.009373 0.001469
v 0.036384 0.009371 0.001372
v 0.035896 0.009357 0.000623
v 0.035349 0.009344 -0.000066
v 0.035010 0.009335 -0.000434
v 0.034123 0.009316 -0.001240
v 0.032066 0.009276 -0.002494
v 0.032778 0.009289 -0.002140
v 0.033151 0.009296 -0.001922
v 0.029784 0.009238 -0.003186
v 0.030981 0.009257 -0.002901
v 0.031329 0.009263 -0.002787
v 0.028635 0.009221 -0.003310
v 0.028164 0.009214 -0.003320
v 0.026261 0.009190 -0.003122
v 0.024859 0.009174 -0.002790
v 0.024009 0.009166 -0.002350
v 0.023111 0.009152 -0.002520
v 0.023371 0.009160 -0.002006
v 0.022200 0.009141 -0.002307
v 0.022643 0.009155 -0.001532
v 0.022019 0.009150 -0.001042
v 0.021220 0.009131 -0.001951
v 0.021828 0.009149 -0.000874
v 0.020765 0.009145 0.000255
v 0.021010 0.009138 -0.000858
v 0.020519 0.009122 -0.001879
v 0.021326 0.009147 -0.000386
v 0.019562 0.009146 0.002207
v 0.020417 0.009144 0.000720
v 0.020741 0.009145 0.000286
v 0.010812 0.009046 0.004443
v 0.009695 0.009027 0.004056
v 0.009225 0.009044 0.006572
v 0.011460 0.008973 -0.004480
v 0.012920 0.009034 -0.000048
v 0.012409 0.009067 0.004314
v 0.012944 0.009071 0.003983
v 0.013287 0.009075 0.003862
v 0.013820 0.009081 0.003787
v 0.015187 0.009071 0.000594
v 0.011575 0.009071 0.006054
v 0.011609 0.009068 0.005690
v 0.011799 0.009066 0.005094
v 0.011931 0.009065 0.004793
v 0.011932 0.009065 0.004854
v 0.013142 0.009131 0.010217
v 0.013128 0.009113 0.008262
v 0.013043 0.009112 0.008231
v 0.012286 0.009097 0.007750
v 0.010985 0.009097 0.009704
v 0.012642 0.009104 0.008028
v 0.012283 0.009097 0.007747
v 0.011992 0.009089 0.007408
v 0.011773 0.009083 0.007021
v 0.011771 0.009083 0.007016
v 0.011630 0.009077 0.006587
v 0.011575 0.009072 0.006141
v 0.014806 0.009136 0.008189
v 0.014108 0.009128 0.008374
v 0.014209 0.009148 0.010424
v 0.013479 0.009119 0.008352
v 0.016080 0.009140 0.006737
v 0.016019 0.009141 0.006915
v 0.015273 0.009164 0.010581
v 0.016140 0.009138 0.006479
v 0.016393 0.009136 0.005861
v 0.017502 0.009153 0.006035
v 0.015817 0.009141 0.007316
v 0.015604 0.009141 0.007602
v 0.015044 0.009138 0.008066
v 0.014269 0.009088 0.003820
v 0.014796 0.009097 0.003979
v 0.015591 0.009113 0.004555
v 0.015805 0.009119 0.004836
v 0.017454 0.009108 0.001158
v 0.015977 0.009124 0.005154
v 0.016150 0.009132 0.005756
v 0.017973 0.009093 -0.001223
v 0.019076 0.009111 -0.000904
v 0.018553 0.009126 0.001466
v 0.019388 0.009104 -0.002142
v 0.015106 0.009103 0.004144
v 0.011783 0.009016 -0.000311
v 0.013439 0.009019 -0.002484
v 0.012316 0.009001 -0.002756
v 0.013703 0.009011 -0.003707
v 0.012563 0.008992 -0.004050
v 0.009920 0.009078 0.009301
v 0.009475 0.009096 0.011878
v 0.009207 0.009105 0.013237
v 0.018699 0.009167 0.005793
v 0.016350 0.009179 0.010622
v 0.017542 0.009193 0.010326
v 0.015709 0.009192 0.013022
v 0.016859 0.009207 0.012858
v 0.016187 0.009217 0.015009
v 0.014380 0.009185 0.014189
v 0.014681 0.009178 0.012981
v 0.019303 0.009148 0.002825
v 0.018748 0.009162 0.005141
v 0.010306 0.009007 0.000921
v 0.010823 0.008991 -0.001586
v 0.011303 0.008976 -0.003857
v 0.008187 0.009083 0.012426
v 0.008104 0.009087 0.013015
v 0.019415 0.009214 0.009818
v 0.019125 0.009209 0.009724
v 0.018706 0.009220 0.011554
v 0.018786 0.009184 0.007522
v 0.019880 0.009229 0.010781
v 0.018290 0.009230 0.013273
v 0.020326 0.009242 0.011508
v 0.019233 0.009207 0.009342
v 0.018329 0.009201 0.010042
v 0.017765 0.009213 0.012216
v 0.017451 0.009219 0.013319
v 0.017093 0.009224 0.014382
v 0.016770 0.009223 0.014709
v 0.018357 0.009248 0.015134
v 0.020596 0.009250 0.011886
v 0.023335 0.009310 0.014345
v 0.022253 0.009288 0.013596
v 0.021488 0.009291 0.015019
v 0.021698 0.009276 0.013115
v 0.020328 0.009272 0.014684
v 0.021364 0.009268 0.012786
v 0.019787 0.009262 0.014471
v 0.021032 0.009260 0.012425
v 0.020693 0.009252 0.012013
v 0.018902 0.009243 0.013729
v 0.019287 0.009253 0.014183
v 0.017802 0.009238 0.014782
v 0.017209 0.009234 0.015338
v 0.024284 0.009328 0.014839
v 0.026003 0.009357 0.015424
v 0.026560 0.009366 0.015538
v 0.027683 0.009382 0.015665
v 0.028938 0.009399 0.015649
v 0.029464 0.009406 0.015593
v 0.034503 0.009454 0.013277
v 0.033761 0.009450 0.013873
v 0.033408 0.009447 0.014117
v 0.032125 0.009436 0.014825
v 0.031270 0.009427 0.015165
v 0.030363 0.009417 0.015427
v 0.035789 0.009459 0.011878
v 0.035218 0.009458 0.012570
v 0.035182 0.009458 0.012609
v 0.037131 0.009455 0.009388
v 0.036768 0.009458 0.010259
v 0.036586 0.009459 0.010621
v 0.037587 0.009445 0.007568
v 0.037428 0.009450 0.008393
v 0.037404 0.009451 0.008487
v 0.037688 0.009432 0.006026
v 0.038403 0.005894 0.012319
v 0.037772 0.005895 0.013309
v 0.037914 0.003503 0.013406
v 0.040201 0.003463 0.005640
v 0.040037 0.005855 0.005625
v 0.040198 0.003474 0.006805
v 0.040034 0.005866 0.006778
v 0.040083 0.003483 0.007970
v 0.039920 0.005875 0.007930
v 0.040028 0.003485 0.008313
v 0.039697 0.005882 0.009071
v 0.039368 0.005888 0.010190
v 0.039530 0.003496 0.010241
v 0.039858 0.003490 0.009123
v 0.038936 0.005892 0.011276
v 0.039164 0.003500 0.011183
v 0.039525 0.003496 0.010254
v 0.038551 0.003502 0.012406
v 0.038722 0.003502 0.012095
v 0.039089 0.003500 0.011352
v 0.004802 0.008847 -0.008206
v 0.002668 0.008808 -0.009162
v 0.001374 0.008788 -0.009463
v 0.000322 0.008772 -0.009571
v -0.000420 0.008762 -0.009576
v -0.002010 0.008742 -0.009391
v -0.002051 0.008741 -0.009383
v -0.003326 0.008727 -0.009024
v -0.004395 0.008716 -0.008565
v -0.004304 0.008717 -0.008611
v -0.004869 0.008712 -0.008310
v -0.005318 0.008708 -0.008034
v -0.006134 0.008703 -0.007435
v -0.006294 0.008702 -0.007302
v -0.006822 0.008699 -0.006814
v -0.007540 0.008683 -0.007411
v -0.008184 0.008680 -0.006788
v -0.007379 0.008697 -0.006210
v -0.008821 0.008676 -0.006289
v -0.007835 0.008696 -0.005625
v -0.009517 0.008669 -0.005968
v -0.008181 0.008696 -0.005110
v -0.007896 0.008696 -0.005540
v -0.013019 0.008619 -0.006184
v -0.013197 0.008617 -0.006180
v -0.010361 0.008664 -0.005332
v -0.008484 0.008697 -0.004497
v -0.008449 0.008697 -0.004568
v -0.009564 0.008680 -0.004689
v -0.010316 0.008659 -0.005859
v -0.008712 0.008698 -0.004037
v -0.009078 0.008700 -0.003248
v -0.009009 0.008700 -0.003436
v -0.011628 0.008659 -0.003945
v -0.013911 0.008614 -0.005431
v -0.011164 0.008647 -0.005904
v -0.012677 0.008624 -0.006147
v -0.013314 0.008615 -0.006159
v -0.013552 0.008613 -0.006039
v -0.008807 0.008698 -0.003917
v -0.008880 0.008699 -0.003696
v -0.008894 0.008699 -0.003668
v -0.013871 0.008613 -0.005537
v -0.013651 0.008612 -0.005938
v -0.009365 0.008705 -0.002273
v -0.009564 0.008713 -0.001120
v -0.009575 0.008714 -0.001015
v -0.009608 0.008727 0.000423
v -0.009537 0.008735 0.001181
v -0.009402 0.008744 0.001948
v -0.009526 0.008736 0.001261
v -0.009200 0.008754 0.002718
v -0.008897 0.008765 0.003558
v -0.008589 0.008776 0.004227
v -0.008183 0.008788 0.004946
v -0.007717 0.008801 0.005626
v -0.007715 0.008801 0.005628
v -0.007191 0.008814 0.006266
v -0.006616 0.008827 0.006853
v -0.006059 0.008839 0.007335
v -0.005996 0.008841 0.007385
v -0.005337 0.008854 0.007860
v -0.004639 0.008868 0.008276
v -0.004029 0.008879 0.008578
v -0.003144 0.008894 0.008925
v -0.001753 0.008917 0.009277
v -0.000034 0.008942 0.009418
v 0.005576 0.009034 0.010986
v 0.004871 0.009027 0.011370
v 0.005422 0.009049 0.012894
v 0.000626 0.008951 0.009389
v 0.001651 0.008986 0.011656
v 0.003303 0.009008 0.011629
v 0.002654 0.008975 0.009003
v 0.001379 0.008960 0.009299
v 0.002957 0.008978 0.008905
v 0.004100 0.009018 0.011547
v 0.003237 0.008981 0.008804
v 0.003817 0.008987 0.008563
v 0.004425 0.008993 0.008259
v 0.006288 0.009037 0.010325
v 0.005075 0.008998 0.007870
v 0.004541 0.009038 0.012975
v 0.003644 0.009026 0.013003
v 0.005700 0.009060 0.013667
v 0.006661 0.009072 0.013559
v 0.006273 0.009059 0.012662
v 0.006453 0.009043 0.010669
v 0.007330 0.009073 0.012589
v 0.007626 0.009084 0.013345
v 0.010059 0.008971 -0.002536
v 0.009671 0.008985 -0.000442
v 0.010138 0.008991 -0.000486
v 0.011068 0.008963 -0.004952
v 0.010287 0.008958 -0.004370
v 0.010272 0.008965 -0.003568
v 0.008000 0.009066 0.010860
v 0.007792 0.009075 0.012151
v 0.006888 0.009034 0.009015
v 0.008274 0.009010 0.004360
v 0.006905 0.009009 0.006309
v 0.007317 0.009023 0.007230
v 0.005794 0.009003 0.007350
v 0.005095 0.008998 0.007856
v 0.009047 0.008957 -0.002563
v 0.009149 0.008962 -0.002149
v 0.009371 0.008981 -0.000410
v 0.008071 0.009041 0.008023
v 0.007636 0.009055 0.010220
v 0.007430 0.009063 0.011343
v 0.011485 0.008965 -0.005324
v 0.010876 0.008969 -0.003979
v 0.010606 0.008976 -0.002810
v 0.009039 0.008957 -0.002592
v 0.010222 0.008957 -0.004327
v 0.008767 0.008945 -0.003430
v 0.008881 0.009013 0.003750
v 0.009376 0.008983 -0.000235
v 0.009115 0.009001 0.002132
v 0.010306 0.008946 -0.005642
v 0.006104 0.008873 -0.007257
v 0.006214 0.008874 -0.007391
v 0.004839 0.008847 -0.008183
v 0.009601 0.008941 -0.005168
v 0.007993 0.008920 -0.005019
v 0.008128 0.008924 -0.004791
v 0.008372 0.008932 -0.004334
v 0.008989 0.008927 -0.005763
v 0.008311 0.008913 -0.006230
v 0.007584 0.008909 -0.005637
v 0.007620 0.008900 -0.006645
v 0.007140 0.008897 -0.006206
v 0.006697 0.008887 -0.006695
v 0.009541 0.008931 -0.006179
v -0.014218 0.006977 -0.007289
v -0.013904 0.007001 -0.007442
v -0.013538 0.007070 -0.007480
v -0.013383 0.007105 -0.007470
v -0.012961 0.007146 -0.007441
v -0.014839 0.006974 -0.006522
v -0.014489 0.006975 -0.007040
v -0.014368 0.006976 -0.007165
v 0.030302 0.003225 -0.005375
v 0.028424 0.003198 -0.005495
v 0.028379 0.005594 -0.005376
v 0.030521 0.003229 -0.005343
v 0.030244 0.005621 -0.005261
v 0.032110 0.005650 -0.004865
v 0.033026 0.005665 -0.004548
v 0.032301 0.003257 -0.004936
v 0.032186 0.003255 -0.004971
v 0.033920 0.005681 -0.004145
v 0.033916 0.003285 -0.004291
v 0.033111 0.003271 -0.004650
v 0.034786 0.005698 -0.003650
v 0.034890 0.003304 -0.003741
v 0.034015 0.003287 -0.004242
v 0.037182 0.003501 0.014341
v 0.037048 0.005893 0.014234
v 0.036365 0.003498 0.015207
v 0.036238 0.005890 0.015091
v 0.035472 0.003493 0.015998
v 0.035354 0.005885 0.015873
v 0.035132 0.003491 0.016264
v 0.034404 0.005878 0.016577
v 0.030159 0.005838 0.018516
v 0.030231 0.003445 0.018669
v 0.031268 0.005850 0.018172
v 0.031348 0.003457 0.018322
v 0.032351 0.005861 0.017731
v 0.032441 0.003468 0.017876
v 0.033400 0.005870 0.017198
v 0.033500 0.003478 0.017337
v 0.034513 0.003486 0.016709
v -0.014650 0.004369 -0.007104
v -0.014425 0.006145 -0.007196
v -0.015401 0.002590 -0.005701
v -0.015084 0.002587 -0.006492
v -0.014749 0.002587 -0.007060
v 0.023592 0.005751 0.018879
v 0.021701 0.005723 0.018634
v 0.021717 0.003329 0.018799
v 0.029099 0.003432 0.018918
v 0.029036 0.005825 0.018761
v 0.028183 0.003421 0.019051
v 0.027910 0.005811 0.018916
v 0.023618 0.003358 0.019043
v 0.025731 0.003388 0.019168
v 0.025692 0.005781 0.019005
v 0.026122 0.003393 0.019170
v 0.027965 0.003418 0.019075
v 0.030261 0.001996 0.018717
v 0.033426 0.002028 0.017443
v 0.032477 0.002020 0.017921
v 0.031500 0.002010 0.018325
v 0.035174 0.002042 0.016305
v 0.036684 0.002051 0.014972
v 0.037354 0.002053 0.014230
v 0.037962 0.002054 0.013439
v -0.015638 0.005065 0.003306
v -0.015732 0.002669 0.003351
v -0.016076 0.002644 0.001144
v -0.015974 0.002653 0.002028
v -0.016143 0.002623 -0.001014
v -0.016149 0.002627 -0.000557
v -0.016109 0.002640 0.000719
v -0.015837 0.002600 -0.003971
v -0.015963 0.002605 -0.003201
v -0.016108 0.002617 -0.001777
v 0.026554 0.005570 -0.005271
v 0.026592 0.003174 -0.005391
v 0.024733 0.005547 -0.005066
v 0.024770 0.003151 -0.005188
v 0.022863 0.005522 -0.004900
v 0.022902 0.003126 -0.005021
v 0.020889 0.005495 -0.004911
v 0.020934 0.003099 -0.005032
v 0.035770 0.001871 -0.003157
v 0.035395 0.001864 -0.003441
v 0.033952 0.001836 -0.004310
v 0.032333 0.001807 -0.004957
v 0.030548 0.001779 -0.005366
v 0.029493 0.001763 -0.005483
v 0.028448 0.001749 -0.005518
v 0.018836 0.003067 -0.005322
v 0.018781 0.005463 -0.005203
v 0.018306 0.003059 -0.005433
v 0.016618 0.005429 -0.005738
v 0.016683 0.003033 -0.005854
v 0.014576 0.002997 -0.006554
v 0.014500 0.005393 -0.006441
v 0.012614 0.002963 -0.007351
v 0.012529 0.005358 -0.007239
v 0.009135 0.005296 -0.008891
v 0.009223 0.002901 -0.009002
v 0.007494 0.005266 -0.009682
v 0.007578 0.002871 -0.009793
v 0.005720 0.005235 -0.010413
v 0.005796 0.002839 -0.010526
v 0.020543 0.001643 -0.005092
v 0.018332 0.001609 -0.005457
v 0.015755 0.001567 -0.006175
v 0.014151 0.001540 -0.006750
v 0.012647 0.001513 -0.007373
v -0.007655 0.006196 -0.009370
v -0.007921 0.006132 -0.009146
v -0.008023 0.006116 -0.009057
v -0.008383 0.006123 -0.008727
v -0.008422 0.006133 -0.008689
v -0.008685 0.006267 -0.008430
v -0.008925 0.006549 -0.008184
v -0.008938 0.007042 -0.008116
v -0.008956 0.006600 -0.008151
v -0.009154 0.007041 -0.007940
v -0.005971 0.006660 -0.010524
v -0.006584 0.006535 -0.010153
v -0.006746 0.006488 -0.010046
v -0.005392 0.006681 -0.010829
v -0.004801 0.006585 -0.011099
v -0.004360 0.006432 -0.011275
v -0.003770 0.006111 -0.011477
v -0.003418 0.005852 -0.011581
v -0.002444 0.005109 -0.011788
v -0.002445 0.004822 -0.011807
v -0.002842 0.005307 -0.011726
v 0.003731 0.005201 -0.011051
v -0.001941 0.004025 -0.011889
v -0.001492 0.005121 -0.011836
v -0.001528 0.003133 -0.011937
v -0.000487 0.005136 -0.011805
v -0.001382 0.002727 -0.011950
v -0.000461 0.002740 -0.011919
v 0.001662 0.002772 -0.011652
v 0.001617 0.005167 -0.011537
v 0.003016 0.002793 -0.011366
v 0.003793 0.002806 -0.011165
v -0.001274 0.002370 -0.011958
v -0.000926 0.000247 -0.011967
v 0.004475 0.001367 -0.010999
v 0.003042 0.001344 -0.011389
v 0.000754 0.001308 -0.011822
v -0.000346 0.001292 -0.011936
v -0.001047 0.001334 -0.011969
v -0.007882 0.007697 -0.005531
v -0.007609 0.007697 -0.005900
v -0.007501 -0.000101 -0.005829
v -0.006172 -0.000096 -0.007222
v -0.008714 0.007699 -0.004093
v -0.008995 0.007701 -0.003426
v -0.009442 0.007709 -0.001836
v -0.009551 0.007715 -0.001111
v -0.009512 0.007737 0.001270
v -0.009589 0.007729 0.000530
v -0.009144 0.007757 0.002859
v -0.008884 0.007767 0.003567
v -0.008137 0.007790 0.005005
v -0.007703 0.007802 0.005635
v -0.006630 0.007828 0.006835
v -0.006046 0.007841 0.007344
v -0.004717 0.007867 0.008235
v -0.004015 0.007880 0.008587
v -0.002517 0.007906 0.009117
v -0.001739 0.007918 0.009287
v -0.000166 0.007941 0.009427
v 0.000639 0.007952 0.009398
v 0.002188 0.007971 0.009145
v 0.002971 0.007980 0.008914
v 0.004399 0.007994 0.008289
v 0.005109 0.008000 0.007865
v 0.006329 0.008008 0.006912
v 0.006919 0.008011 0.006318
v 0.007858 0.008012 0.005100
v 0.008288 0.008012 0.004369
v 0.008891 0.008007 0.002966
v 0.009129 0.008003 0.002142
v 0.009364 0.007992 0.000643
v 0.009389 0.007985 -0.000225
v 0.009246 0.007969 -0.001725
v 0.009053 0.007958 -0.002583
v 0.008546 0.007938 -0.003990
v 0.008141 0.007925 -0.004782
v 0.006819 0.000089 -0.006614
v 0.007570 0.000108 -0.005739
v 0.007462 0.007907 -0.005811
v 0.006069 0.000072 -0.007308
v 0.004960 0.000050 -0.008102
v 0.004252 0.000036 -0.008496
v 0.002790 0.000011 -0.009081
v 0.002212 0.000001 -0.009239
v 0.000444 -0.000025 -0.009490
v 0.000057 -0.000031 -0.009500
v -0.001930 -0.000056 -0.009302
v -0.004150 -0.000080 -0.008545
v -0.002101 -0.000058 -0.009265
v -0.005982 -0.000095 -0.007380
v -0.009808 0.007468 -0.005800
v -0.009703 -0.000131 -0.005730
v -0.008612 0.007487 -0.005536
v -0.008507 -0.000112 -0.005466
v -0.012938 0.003412 -0.001723
v -0.012889 -0.000138 -0.001690
v -0.012432 0.003419 -0.001656
v -0.012383 -0.000130 -0.001624
v -0.014376 -0.000160 -0.001885
v -0.014425 0.003389 -0.001918
v -0.014470 -0.000136 0.000919
v -0.014519 0.003414 0.000886
v -0.014023 -0.000104 0.003688
v -0.014072 0.003445 0.003656
v -0.013050 -0.000067 0.006320
v -0.013099 0.003483 0.006287
v -0.011589 -0.000024 0.008714
v -0.011638 0.003525 0.008682
v -0.009695 0.000021 0.010783
v -0.009744 0.003570 0.010750
v -0.007437 0.000067 0.012448
v -0.007486 0.003617 0.012415
v -0.004901 0.000113 0.013646
v -0.004950 0.003663 0.013614
v -0.002181 0.000157 0.014334
v -0.002230 0.003707 0.014302
v 0.000620 0.000197 0.014485
v 0.000571 0.003747 0.014453
v 0.003398 0.000232 0.014094
v 0.003349 0.003782 0.014062
v 0.006049 0.000260 0.013176
v 0.006000 0.003810 0.013143
v 0.008473 0.000281 0.011764
v 0.008388 0.003830 0.011757
v 0.008423 0.003863 0.011731
v 0.008717 0.004023 0.011635
v 0.008664 0.000283 0.011680
v 0.008613 0.003989 0.011646
v -0.013914 0.003346 -0.007357
v -0.014074 0.003343 -0.007461
v -0.013849 0.003346 -0.007471
v -0.012635 0.003368 -0.006921
v -0.012250 0.003370 -0.007236
v -0.011760 0.003376 -0.007326
v -0.012182 0.003422 -0.001688
v -0.012133 0.003423 -0.001711
v -0.012243 0.003440 0.000349
v -0.013356 0.003402 -0.002089
v 0.005666 0.003787 0.011155
v -0.013791 0.003350 -0.007163
v -0.013767 0.003352 -0.006934
v -0.012821 0.003370 -0.006458
v -0.013369 0.003401 -0.002283
v -0.013270 0.003405 -0.001914
v -0.013123 0.003409 -0.001785
v -0.011883 0.003469 0.002935
v -0.010980 0.003504 0.005385
v -0.009577 0.003544 0.007587
v -0.007738 0.003586 0.009440
v -0.005546 0.003629 0.010859
v -0.003103 0.003672 0.011778
v 0.005122 0.003779 0.011119
v -0.000520 0.003711 0.012157
v 0.002085 0.003745 0.011978
v 0.004592 0.003773 0.011248
v -0.011877 0.003623 -0.002069
v -0.011794 0.007468 -0.002782
v -0.012051 0.003638 -0.000143
v -0.012104 0.007488 -0.000179
v -0.012046 0.003643 0.000341
v -0.011842 0.007516 0.002430
v -0.011788 0.003666 0.002465
v -0.011691 0.003671 0.002884
v -0.011019 0.007550 0.004919
v -0.010966 0.003700 0.004954
v -0.010804 0.003706 0.005294
v -0.009675 0.007589 0.007170
v -0.009622 0.003740 0.007205
v -0.009424 0.003745 0.007460
v -0.007875 0.007631 0.009075
v -0.007821 0.003782 0.009111
v -0.007615 0.003786 0.009282
v -0.005703 0.007675 0.010544
v -0.005650 0.003825 0.010580
v -0.005459 0.003829 0.010678
v -0.003265 0.007717 0.011506
v -0.003212 0.003868 0.011542
v -0.003056 0.003871 0.011583
v -0.000675 0.007757 0.011916
v -0.000515 0.003909 0.011956
v 0.001941 0.007792 0.011753
v 0.002047 0.003943 0.011779
v 0.004460 0.007820 0.011026
v 0.004513 0.003970 0.011061
v -0.010821 -0.000141 -0.005186
v -0.010926 0.007458 -0.005256
v -0.011432 -0.000136 -0.003645
v -0.011689 -0.000131 -0.002712
v -0.011826 -0.000126 -0.002035
v 0.015225 0.007947 0.008672
v 0.016203 0.007953 0.007847
v 0.005049 0.007827 0.010883
v -0.000165 0.007743 0.009629
v 0.002239 0.007774 0.009341
v 0.014470 0.007974 0.012735
v 0.014192 0.007966 0.012299
v 0.023636 0.008119 0.014746
v 0.021719 0.008080 0.013401
v 0.023079 0.007956 -0.002112
v 0.015126 0.007898 0.003473
v 0.008046 0.007718 -0.005437
v 0.013877 0.007878 0.003197
v 0.012631 0.007863 0.003485
v 0.014892 0.007945 0.008950
v 0.014709 0.007946 0.009344
v 0.014169 0.007961 0.011781
v 0.023168 0.007958 -0.002097
v 0.021851 0.007948 -0.001136
v 0.020281 0.007943 0.000601
v 0.016134 0.007919 0.004260
v 0.019172 0.007946 0.002664
v 0.016706 0.007937 0.005404
v 0.018590 0.007959 0.004933
v 0.016731 0.007949 0.006682
v 0.018568 0.007980 0.007275
v 0.019109 0.008009 0.009554
v 0.020180 0.008043 0.011636
v 0.009566 0.007795 0.000660
v 0.009083 0.007810 0.003032
v 0.011630 0.007857 0.004281
v 0.008029 0.007816 0.005211
v 0.011069 0.007860 0.005430
v 0.006467 0.007811 0.007061
v 0.011056 0.007871 0.006709
v 0.004496 0.007797 0.008467
v 0.011595 0.007889 0.007869
v -0.008893 0.007496 -0.004175
v -0.008238 0.007492 -0.005525
v -0.008104 0.007494 -0.005556
v 0.007959 0.007717 -0.005460
v 0.008731 0.007740 -0.004071
v 0.009446 0.007771 -0.001758
v -0.009332 0.007555 0.002923
v -0.009785 0.007527 0.000545
v -0.009636 0.007506 -0.001871
v 0.011002 0.007915 0.011593
v 0.010565 0.007912 0.011871
v 0.011240 0.007914 0.011134
v 0.011780 0.007900 0.008696
v 0.011779 0.007896 0.008262
v -0.010650 0.007458 -0.005603
v -0.010251 0.007462 -0.005798
v -0.002564 0.007707 0.009313
v -0.004811 0.007668 0.008412
v -0.006765 0.007628 0.006983
v -0.008304 0.007589 0.005114
v 0.040128 0.002452 0.004489
v 0.040230 0.002462 0.005440
v 0.040244 0.002465 0.005715
v 0.040253 0.002471 0.006399
v 0.040231 0.002476 0.006955
v 0.040110 0.002484 0.008069
v 0.040068 0.002486 0.008326
v 0.039851 0.002492 0.009324
v 0.039468 0.002498 0.010542
v 0.039007 0.002502 0.011631
v 0.039029 0.000611 0.011701
v 0.038773 0.002053 0.012125
v 0.037516 0.002611 0.004003
v 0.037446 0.002608 0.003731
v 0.036778 0.002583 0.001987
v 0.036534 0.002575 0.001532
v 0.035537 0.002548 0.000107
v 0.035104 0.002538 -0.000372
v 0.033889 0.002511 -0.001429
v 0.033245 0.002498 -0.001860
v 0.031925 0.002474 -0.002533
v 0.031075 0.002459 -0.002839
v 0.029757 0.002438 -0.003143
v 0.028729 0.002423 -0.003247
v 0.027505 0.002406 -0.003226
v 0.026355 0.002392 -0.003060
v 0.023760 0.008165 -0.002207
v 0.022033 0.008152 -0.001032
v 0.025298 0.002380 -0.002776
v 0.024103 0.002368 -0.002287
v 0.023840 0.002366 -0.002154
v 0.021980 0.008151 -0.000987
v 0.020441 0.008146 0.000715
v 0.019355 0.008149 0.002735
v 0.018800 0.008186 0.007531
v 0.018764 0.008183 0.007251
v 0.018762 0.008163 0.005150
v 0.018785 0.008162 0.004957
v 0.019317 0.008150 0.002834
v 0.019294 0.008211 0.009482
v 0.019429 0.008216 0.009827
v 0.020343 0.008244 0.011522
v 0.020609 0.008251 0.011895
v 0.021850 0.008281 0.013251
v 0.022267 0.008290 0.013605
v 0.023728 0.008319 0.014568
v 0.024298 0.008329 0.014848
v 0.026681 0.000568 0.015619
v 0.027895 0.000586 0.015751
v 0.029060 0.000602 0.015730
v 0.030084 0.000615 0.015593
v 0.031391 0.000630 0.015246
v 0.032179 0.000638 0.014937
v 0.033529 0.000650 0.014198
v 0.034067 0.000653 0.013817
v 0.035339 0.000660 0.012651
v 0.037549 0.000653 0.008474
v 0.036837 0.000661 0.010450
v 0.036708 0.000661 0.010702
v 0.035647 0.000661 0.012295
v 0.037571 0.000652 0.008381
v 0.037811 0.000635 0.006200
v 0.037810 0.000634 0.006107
v 0.037544 0.000611 0.004021
v 0.039526 0.002422 0.002154
v 0.039539 0.002018 0.002155
v 0.039265 0.001962 0.001471
v 0.039570 0.000626 0.002165
v 0.040009 0.002444 0.003827
v 0.038819 0.001948 0.000551
v 0.038305 0.001933 -0.000322
v 0.037125 0.001902 -0.001875
v 0.036467 0.001887 -0.002552
v 0.039893 0.002438 0.003330
v 0.022008 0.002139 -0.002314
v 0.022397 0.002144 -0.002305
v 0.023159 0.002157 -0.002059
v 0.025238 0.002178 -0.002964
v 0.023248 0.002158 -0.002044
v 0.039482 0.002424 0.002441
v 0.039529 0.002424 0.002352
v 0.039545 0.002423 0.002253
v 0.039637 0.002478 0.008084
v 0.037882 0.002413 0.003643
v 0.037730 0.002411 0.003645
v 0.038018 0.002404 0.002498
v 0.037643 0.002410 0.003685
v 0.037723 0.002397 0.002116
v 0.036960 0.002384 0.001900
v 0.036431 0.002359 -0.000062
v 0.035693 0.002349 -0.000020
v 0.034648 0.002318 -0.001858
v 0.034010 0.002311 -0.001588
v 0.032479 0.002276 -0.003164
v 0.032005 0.002273 -0.002716
v 0.030058 0.002235 -0.003903
v 0.029790 0.002237 -0.003339
v 0.027530 0.002199 -0.004028
v 0.027492 0.002204 -0.003423
v 0.025047 0.002170 -0.003533
v 0.022760 0.002148 -0.002447
v 0.039124 0.002489 0.010087
v 0.039784 0.002461 0.006022
v 0.038853 0.002431 0.004123
v 0.038458 0.002412 0.002698
v 0.039529 0.002448 0.004970
v 0.038940 0.002419 0.002668
v 0.039335 0.002423 0.002544
v 0.038996 0.002498 0.011200
v 0.039408 0.002424 0.002509
v 0.039440 0.002424 0.002485
v 0.039021 0.000698 0.011216
v 0.039809 0.000661 0.006039
v 0.039662 0.000678 0.008101
v 0.039149 0.000690 0.010103
v 0.039005 0.000695 0.010943
v 0.038965 0.000619 0.002685
v 0.039377 0.000713 0.002554
v 0.039348 0.002014 0.002545
v 0.039557 0.002019 0.002275
v 0.039587 0.000690 0.002264
v 0.039473 0.000743 0.002502
v 0.039532 0.000747 0.002440
v 0.039527 0.002018 0.002391
v 0.039556 0.000740 0.002399
v 0.039574 0.000728 0.002353
v 0.039405 0.000724 0.002543
v 0.039453 0.002017 0.002487
v 0.039554 0.000648 0.004986
v 0.038878 0.000631 0.004140
v 0.037907 0.000613 0.003659
v 0.037755 0.000611 0.003662
v 0.037623 0.000610 0.003738
v 0.037598 0.002462 0.003721
v 0.037546 0.000610 0.003869
v 0.037519 0.002570 0.003851
v 0.037508 0.002600 0.003925
v 0.037748 0.000597 0.002132
v 0.036647 0.000564 0.000209
v 0.035159 0.000528 -0.001434
v 0.036456 0.000559 -0.000045
v 0.031316 0.000455 -0.003592
v 0.032504 0.000476 -0.003148
v 0.033355 0.000492 -0.002721
v 0.034672 0.000518 -0.001841
v 0.030083 0.000436 -0.003886
v 0.029139 0.000422 -0.004006
v 0.027555 0.000400 -0.004011
v 0.026924 0.000392 -0.003945
v 0.025072 0.000370 -0.003516
v 0.024772 0.000367 -0.003412
v 0.022785 0.000348 -0.002430
v 0.038539 0.000613 0.002723
v 0.038065 0.000605 0.002532
v 0.022032 0.000339 -0.002297
v 0.008151 0.000119 -0.005367
v 0.022422 0.000345 -0.002289
v -0.013718 -0.000197 -0.006901
v -0.014774 0.000132 -0.007027
v -0.014765 0.001904 -0.007049
v -0.014072 0.006109 -0.007421
v -0.013659 0.006066 -0.007480
v -0.013802 0.004317 -0.007476
v -0.014271 0.004345 -0.007394
v -0.014437 0.002578 -0.007338
v -0.014363 0.002576 -0.007376
v -0.014077 0.002568 -0.007460
v -0.013716 -0.000212 -0.007017
v -0.013741 -0.000253 -0.007129
v -0.014075 0.001568 -0.007455
v -0.014453 0.001898 -0.007331
v -0.014460 0.000132 -0.007314
v -0.012772 -0.000180 -0.006426
v -0.013320 -0.000149 -0.002251
v -0.013307 -0.000147 -0.002056
v -0.013221 -0.000144 -0.001881
v -0.013074 -0.000141 -0.001753
v -0.009995 0.007241 -0.007273
v -0.010270 0.007204 -0.007254
v -0.009981 0.007284 -0.007235
v -0.010709 0.007135 -0.007284
v -0.010970 0.007116 -0.007302
v -0.011128 0.007111 -0.007313
v -0.012045 0.007130 -0.007377
v -0.009714 0.007234 -0.007379
v -0.009803 0.007242 -0.007335
v -0.009423 0.007151 -0.007622
v -0.012708 -0.000213 -0.006668
v -0.012581 -0.000308 -0.006891
v -0.011018 0.002810 0.011631
v -0.010960 0.005205 0.011509
v -0.011975 0.002788 0.010655
v -0.011910 0.005183 0.010542
v -0.012848 0.002766 0.009586
v -0.012776 0.005161 0.009483
v -0.012899 0.002765 0.009518
v -0.013552 0.005140 0.008346
v -0.014232 0.005119 0.007145
v -0.014098 0.002731 0.007638
v -0.013630 0.002745 0.008439
v -0.015281 0.005082 0.004611
v -0.015373 0.002686 0.004669
v -0.014810 0.005100 0.005895
v -0.014899 0.002705 0.005966
v -0.014316 0.002724 0.007227
v -0.009932 0.005227 0.012370
v -0.009982 0.002833 0.012499
v -0.015564 0.001143 -0.005197
v -0.015973 0.001156 -0.003201
v -0.016156 0.001174 -0.001007
v -0.016090 0.001194 0.001158
v -0.015746 0.001220 0.003371
v 0.015608 0.005628 0.017379
v 0.015614 0.003233 0.017543
v 0.018600 0.005675 0.018045
v 0.018606 0.003281 0.018210
v 0.021733 0.001880 0.018849
v 0.023894 0.001912 0.019118
v 0.026144 0.001944 0.019220
v 0.028209 0.001972 0.019101
v -0.000403 0.002997 0.015893
v -0.000411 0.005391 0.015731
v -0.002797 0.002960 0.015508
v -0.002794 0.005354 0.015350
v -0.003126 0.002955 0.015438
v -0.005258 0.005314 0.014714
v -0.005275 0.002920 0.014864
v -0.005455 0.002917 0.014806
v -0.006506 0.002899 0.014422
v -0.006481 0.005293 0.014276
v -0.007489 0.002881 0.013995
v -0.007678 0.005271 0.013746
v -0.008834 0.005249 0.013114
v -0.008875 0.002855 0.013249
v -0.007711 0.002877 0.013887
v -0.015452 0.001234 0.004481
v -0.015075 0.001249 0.005578
v -0.014109 0.001282 0.007668
v -0.012907 0.001316 0.009553
v -0.011536 0.001349 0.011169
v -0.010782 0.001366 0.011887
v -0.009984 0.001383 0.012541
v 0.011926 0.005570 0.016690
v 0.009909 0.005540 0.016403
v 0.007876 0.005510 0.016200
v 0.011938 0.003176 0.016855
v 0.009925 0.003146 0.016569
v 0.007895 0.003116 0.016366
v 0.001801 0.005423 0.015933
v 0.001817 0.003029 0.016098
v 0.003876 0.005453 0.016029
v 0.003896 0.003059 0.016195
v -0.009216 0.001399 0.013078
v -0.007486 0.001432 0.014040
v -0.005448 0.001467 0.014853
v -0.003116 0.001506 0.015487
v -0.000389 0.001547 0.015944
v 0.010337 0.003337 0.015028
v 0.009913 0.003334 0.015326
v 0.009570 0.003321 0.014387
v 0.009398 0.003327 0.015372
v 0.008928 0.003319 0.015154
v 0.010211 0.003322 0.013620
v 0.010508 0.003330 0.014043
v 0.010555 0.003336 0.014559
v 0.008802 0.003304 0.013746
v 0.009226 0.003307 0.013448
v 0.009741 0.003314 0.013402
v 0.008631 0.003311 0.014731
v 0.008584 0.003305 0.014215
v 0.009439 0.000328 0.015400
v 0.009955 0.000334 0.015353
v 0.010378 0.000338 0.015056
v 0.010596 0.000336 0.014586
v 0.010550 0.000331 0.014071
v 0.010252 0.000323 0.013647
v 0.009783 0.000314 0.013429
v 0.009267 0.000308 0.013476
v 0.008844 0.000305 0.013773
v 0.008626 0.000306 0.014243
v 0.008672 0.000311 0.014759
v 0.008970 0.000319 0.015182
v 0.021672 0.003512 0.017023
v 0.021249 0.003509 0.017320
v 0.020905 0.003496 0.016381
v 0.020733 0.003502 0.017367
v 0.020264 0.003494 0.017149
v 0.021546 0.003497 0.015614
v 0.021844 0.003505 0.016037
v 0.021890 0.003511 0.016553
v 0.020138 0.003479 0.015740
v 0.020561 0.003482 0.015443
v 0.021077 0.003489 0.015396
v 0.019966 0.003486 0.016726
v 0.019920 0.003480 0.016210
v 0.020775 0.000503 0.017394
v 0.021290 0.000509 0.017348
v 0.021714 0.000512 0.017050
v 0.021931 0.000511 0.016581
v 0.021885 0.000506 0.016065
v 0.021588 0.000498 0.015642
v 0.021118 0.000489 0.015424
v 0.020602 0.000483 0.015470
v 0.020179 0.000480 0.015768
v 0.019961 0.000481 0.016238
v 0.020007 0.000486 0.016753
v 0.020305 0.000494 0.017176
v 0.014244 0.002562 0.011831
v 0.014783 0.002547 0.009393
v 0.011854 0.002500 0.008745
v 0.011315 0.002515 0.011183
v 0.011670 0.002490 0.007919
v 0.011131 0.002472 0.006759
v 0.011143 0.002460 0.005480
v 0.011705 0.002458 0.004331
v 0.012706 0.002464 0.003535
v 0.013952 0.002479 0.003247
v 0.015201 0.002498 0.003523
v 0.016209 0.002520 0.004309
v 0.016781 0.002538 0.005453
v 0.016805 0.002550 0.006732
v 0.016277 0.002554 0.007897
v 0.015299 0.002548 0.008721
v 0.014962 0.002308 0.004959
v 0.016057 0.002319 0.004438
v 0.015423 0.002321 0.005615
v 0.016590 0.002336 0.005503
v 0.015495 0.002329 0.006414
v 0.016612 0.002347 0.006693
v 0.015157 0.002331 0.007142
v 0.012974 0.002303 0.007338
v 0.011831 0.002291 0.007798
v 0.012513 0.002290 0.006682
v 0.011329 0.002274 0.006718
v 0.012441 0.002282 0.005883
v 0.011341 0.002264 0.005528
v 0.012779 0.002280 0.005155
v 0.011863 0.002261 0.004458
v 0.013435 0.002285 0.004693
v 0.012795 0.002267 0.003717
v 0.014234 0.002295 0.004622
v 0.013956 0.002281 0.003449
v 0.015118 0.002299 0.003706
v 0.013016 0.002361 0.013642
v 0.011671 0.002340 0.013345
v 0.010901 0.002317 0.012031
v 0.010403 0.002312 0.012168
v 0.010587 0.002317 0.012494
v 0.010251 0.002309 0.012166
v 0.014051 0.002359 0.011790
v 0.013702 0.002316 0.007675
v 0.016121 0.002350 0.007778
v 0.015210 0.002345 0.008546
v 0.014501 0.002326 0.007604
v 0.014811 0.002342 0.008880
v 0.014591 0.002344 0.009352
v 0.014051 0.002363 0.012306
v 0.014268 0.002371 0.012775
v 0.014357 0.002377 0.013327
v 0.014661 0.002379 0.013109
v 0.014800 0.002382 0.013172
v 0.011295 0.002320 0.011697
v 0.011513 0.002318 0.011228
v 0.012052 0.002303 0.008790
v 0.012052 0.002299 0.008270
v 0.014144 0.006296 0.004782
v 0.014197 0.002496 0.004817
v 0.014778 0.006307 0.005076
v 0.014831 0.002508 0.005111
v 0.015180 0.006318 0.005647
v 0.015233 0.002519 0.005682
v 0.015243 0.006325 0.006343
v 0.015295 0.002526 0.006378
v 0.014949 0.006327 0.006977
v 0.015001 0.002528 0.007012
v 0.014377 0.006323 0.007379
v 0.014430 0.002524 0.007414
v 0.013681 0.006314 0.007442
v 0.013734 0.002515 0.007477
v 0.013047 0.006303 0.007148
v 0.013100 0.002503 0.007183
v 0.012645 0.006292 0.006576
v 0.012698 0.002492 0.006611
v 0.012583 0.006284 0.005880
v 0.012635 0.002485 0.005915
v 0.012877 0.006283 0.005246
v 0.012929 0.002483 0.005281
v 0.013449 0.006287 0.004844
v 0.013501 0.002487 0.004879
v 0.015926 0.008927 0.005629
v 0.015849 0.008924 0.005365
v 0.015884 0.006326 0.005389
v 0.014237 0.008889 0.004019
v 0.014273 0.006291 0.004043
v 0.014634 0.008896 0.004129
v 0.015259 0.006309 0.004500
v 0.015223 0.008907 0.004476
v 0.015797 0.008922 0.005237
v 0.015595 0.008916 0.004880
v 0.015325 0.008909 0.004567
v 0.015976 0.008932 0.006037
v 0.015981 0.006337 0.006472
v 0.015946 0.008935 0.006448
v 0.015524 0.006340 0.007458
v 0.015835 0.008937 0.006845
v 0.014728 0.008933 0.008008
v 0.015086 0.008936 0.007805
v 0.014635 0.006333 0.008083
v 0.015397 0.008938 0.007536
v 0.015488 0.008938 0.007434
v 0.013552 0.006319 0.008181
v 0.013929 0.008923 0.008187
v 0.014599 0.008931 0.008060
v 0.012566 0.006301 0.007723
v 0.013118 0.008911 0.008046
v 0.013516 0.008917 0.008157
v 0.011956 0.008885 0.006937
v 0.012159 0.008891 0.007295
v 0.011941 0.006284 0.006834
v 0.012427 0.008897 0.007607
v 0.012530 0.008900 0.007699
v 0.011844 0.006273 0.005752
v 0.011808 0.008871 0.005728
v 0.011778 0.008875 0.006138
v 0.011905 0.008883 0.006810
v 0.012301 0.006270 0.004765
v 0.012104 0.008869 0.004963
v 0.011918 0.008869 0.005331
v 0.012669 0.008871 0.004370
v 0.013028 0.008874 0.004167
v 0.013191 0.006277 0.004140
v 0.012358 0.008869 0.004638
v 0.012266 0.008869 0.004742
v 0.013827 0.008883 0.003989
v 0.013418 0.008878 0.004039
v 0.013155 0.008875 0.004116
v 0.014385 0.000377 0.013346
v 0.013390 0.000366 0.013639
v 0.013043 0.000362 0.013660
v 0.012354 0.000351 0.013587
v 0.010615 0.000317 0.012512
v 0.011393 0.000334 0.013197
v 0.011698 0.000340 0.013363
v 0.005102 0.003977 0.010918
v 0.010113 0.000306 0.012070
v 0.009937 0.002425 0.011968
v 0.009704 0.002398 0.011868
v 0.009810 0.002421 0.011909
v 0.015598 0.002422 0.013157
v 0.015626 0.002408 0.013163
v 0.015026 0.000384 0.013156
v 0.015164 0.002508 0.013124
v 0.015419 0.002488 0.013132
v 0.015540 0.002448 0.013147
v 0.015640 0.002401 0.013165
v 0.011854 0.002496 0.008311
v 0.014967 0.002546 0.009000
v 0.014243 0.002566 0.012262
v 0.014267 0.002567 0.012348
v 0.014424 0.002572 0.012652
v 0.014545 0.002575 0.012785
v 0.014752 0.002579 0.012931
v 0.011134 0.002516 0.011574
v 0.011076 0.002516 0.011643
v 0.010805 0.002514 0.011852
v 0.010390 0.002510 0.011966
v 0.010640 0.002513 0.011921
v -0.012133 -0.000127 -0.001655
v -0.011930 -0.000126 -0.001805
v -0.011981 0.003558 -0.001839
v -0.011916 0.003606 -0.001944
v 0.023428 0.008094 -0.002099
v 0.023508 0.002294 -0.002046
v 0.007827 0.000113 -0.005501
v 0.007720 0.007845 -0.005572
v -0.008133 -0.000107 -0.005455
v -0.007782 -0.000103 -0.005582
v -0.007888 0.007619 -0.005653
v -0.007740 0.007677 -0.005761
v -0.010545 -0.000141 -0.005534
v -0.010146 -0.000137 -0.005728
v 0.004885 -0.003926 0.011022
v 0.004942 -0.008075 0.011060
v 0.002371 -0.003954 0.011811
v 0.002428 -0.008103 0.011850
v -0.000254 -0.003988 0.012033
v -0.000197 -0.008137 0.012071
v -0.002864 -0.004027 0.011677
v -0.002807 -0.008177 0.011715
v -0.005334 -0.004070 0.010759
v -0.005276 -0.008219 0.010797
v -0.007543 -0.004113 0.009324
v -0.007486 -0.008263 0.009363
v -0.009386 -0.004156 0.007442
v -0.009329 -0.008306 0.007480
v -0.010774 -0.004196 0.005203
v -0.010717 -0.008345 0.005241
v -0.011640 -0.004231 0.002715
v -0.011583 -0.008380 0.002753
v 0.028426 -0.008741 -0.003655
v 0.028451 -0.008385 -0.003979
v 0.029507 -0.008770 -0.003598
v 0.030006 -0.008762 -0.003557
v 0.033718 -0.007102 -0.004010
v 0.033280 -0.008322 -0.003027
v 0.032057 -0.007131 -0.004622
v 0.033003 -0.008375 -0.003105
v 0.032739 -0.008496 -0.003103
v 0.032594 -0.008592 -0.003070
v 0.032437 -0.008724 -0.003007
v 0.032324 -0.008726 -0.003047
v 0.035243 -0.007072 -0.003127
v 0.034503 -0.008344 -0.002288
v 0.034513 -0.007087 -0.003595
v 0.033525 -0.008328 -0.002899
v 0.033339 -0.008322 -0.002999
v 0.031642 -0.008737 -0.003258
v 0.030997 -0.008747 -0.003408
v 0.030386 -0.007157 -0.004960
v 0.030247 -0.007159 -0.004977
v 0.028538 -0.007184 -0.005069
v 0.032261 -0.008725 -0.002896
v 0.030974 -0.008747 -0.003328
v 0.029848 -0.008764 -0.003555
v 0.027099 0.000381 0.016389
v 0.026158 0.000394 0.019247
v 0.028229 0.000422 0.019128
v 0.023902 0.000362 0.019144
v 0.039420 0.000448 0.005168
v 0.038907 0.000434 0.004431
v 0.039042 0.000459 0.006937
v 0.036711 0.000501 0.014997
v 0.036069 0.000480 0.013705
v 0.035196 0.000492 0.016333
v 0.034131 0.000468 0.015301
v 0.033442 0.000478 0.017473
v 0.033704 0.000464 0.015471
v 0.032490 0.000470 0.017952
v 0.029155 0.000410 0.016427
v 0.031510 0.000460 0.018356
v -0.010770 -0.000184 0.011909
v 0.010144 0.000108 0.012168
v 0.037583 0.000483 0.011704
v 0.038593 0.000475 0.009407
v 0.033244 0.000457 0.015468
v 0.032930 0.000452 0.015357
v 0.031177 0.000434 0.016051
v -0.015548 -0.000407 -0.005203
v 0.025093 0.000349 0.015940
v 0.023217 0.000315 0.015097
v 0.022990 0.000311 0.015009
v 0.014963 0.000184 0.013234
v -0.015444 -0.000316 0.004490
v -0.015071 -0.000301 0.005580
v -0.014104 -0.000269 0.007677
v -0.012900 -0.000235 0.009567
v -0.011526 -0.000201 0.011189
v -0.015961 -0.000394 -0.003202
v -0.016145 -0.000377 -0.001003
v -0.016080 -0.000356 0.001168
v 0.014042 0.000176 0.013702
v 0.012892 0.000161 0.013860
v 0.011758 0.000143 0.013609
v 0.010782 0.000124 0.012981
v 0.038798 0.000504 0.012159
v 0.037383 0.000503 0.014253
v -0.009214 -0.000151 0.013094
v -0.007481 -0.000118 0.014060
v -0.005440 -0.000083 0.014876
v -0.003103 -0.000045 0.015512
v 0.035245 -0.008326 0.014400
v 0.036139 -0.006891 0.015223
v 0.035083 -0.008337 0.014534
v 0.035415 -0.006896 0.015852
v 0.034146 -0.008414 0.015214
v 0.033487 -0.006910 0.017158
v 0.033914 -0.008468 0.015325
v 0.034478 -0.006902 0.016546
v 0.034854 -0.006899 0.016282
v 0.033760 -0.008537 0.015363
v 0.033296 -0.008540 0.015665
v 0.032742 -0.008545 0.015988
v 0.032450 -0.006920 0.017684
v 0.031352 -0.008558 0.016643
v 0.030283 -0.006943 0.018456
v 0.029893 -0.008574 0.017117
v 0.031379 -0.006931 0.018118
v 0.031881 -0.006926 0.017928
v 0.022452 -0.001855 -0.002269
v 0.022063 -0.001861 -0.002277
v 0.022483 -0.001854 -0.002184
v 0.032504 -0.001724 -0.003134
v 0.032513 -0.001724 -0.003137
v 0.030096 -0.001764 -0.003869
v 0.022815 -0.001851 -0.002410
v 0.032376 -0.001726 -0.003088
v 0.030467 -0.001757 -0.003696
v 0.028414 -0.001788 -0.003919
v 0.027573 -0.001800 -0.003990
v 0.026358 -0.001815 -0.003724
v 0.025097 -0.001830 -0.003494
v 0.024384 -0.001836 -0.003119
v 0.022622 -0.001852 -0.002164
v 0.039814 0.000261 0.006043
v 0.039839 -0.001538 0.006059
v 0.039630 -0.001550 0.005106
v 0.039606 0.000250 0.005090
v 0.039073 -0.001565 0.004306
v 0.039048 0.000235 0.004289
v 0.032492 -0.000174 -0.003151
v 0.031164 -0.000197 -0.003634
v 0.030075 -0.000214 -0.003883
v 0.028838 -0.000233 -0.004020
v 0.027552 -0.000250 -0.004005
v 0.026485 -0.000264 -0.003868
v 0.022794 -0.000302 -0.002424
v 0.024229 -0.000289 -0.003185
v 0.025075 -0.000280 -0.003508
v 0.038971 0.000219 0.002689
v 0.038539 0.000213 0.002726
v 0.038996 -0.001581 0.002705
v 0.038564 -0.001586 0.002743
v 0.021449 -0.008724 0.013496
v 0.021439 -0.008025 0.013490
v 0.021606 -0.008720 0.013646
v 0.021652 -0.008020 0.013692
v 0.021272 -0.008728 0.013318
v 0.020939 -0.008736 0.012959
v 0.020133 -0.008058 0.011921
v 0.020585 -0.008745 0.012534
v 0.020191 -0.008755 0.011999
v 0.019883 -0.008065 0.011531
v 0.019893 -0.008763 0.011537
v 0.019812 -0.008766 0.011401
v 0.019066 -0.008091 0.009847
v 0.019356 -0.008780 0.010527
v 0.019235 -0.008784 0.010254
v 0.018862 -0.008100 0.009246
v 0.018872 -0.008798 0.009253
v 0.018508 -0.008120 0.007582
v 0.018526 -0.008818 0.007655
v 0.018440 -0.008128 0.006780
v 0.018450 -0.008827 0.006786
v 0.018490 -0.008142 0.005249
v 0.018653 -0.008847 0.004292
v 0.018643 -0.008148 0.004286
v 0.019013 -0.008155 0.002976
v 0.019469 -0.008857 0.001927
v 0.019459 -0.008159 0.001921
v 0.020048 -0.008160 0.000885
v 0.020216 -0.008859 0.000656
v 0.020837 -0.008159 -0.000168
v 0.020847 -0.008858 -0.000162
v 0.021089 -0.008857 -0.000434
v 0.021540 -0.008156 -0.000908
v 0.021814 -0.008853 -0.001145
v 0.022691 -0.008149 -0.001850
v 0.024464 -0.002033 -0.002933
v 0.023215 -0.002045 -0.002300
v 0.023299 -0.008144 -0.002244
v 0.022700 -0.008847 -0.001843
v 0.022980 -0.008845 -0.002033
v 0.023963 -0.008837 -0.002596
v 0.024072 -0.008836 -0.002650
v 0.024913 -0.008828 -0.003012
v 0.027345 -0.008750 -0.003595
v 0.027252 -0.002002 -0.003657
v 0.026458 -0.008810 -0.003456
v 0.026400 -0.002012 -0.003526
v 0.024819 -0.002030 -0.003074
v 0.027458 -0.008746 -0.003607
v 0.027800 -0.008740 -0.003635
v 0.028415 -0.001986 -0.003717
v 0.032167 -0.001927 -0.002958
v 0.030428 -0.001956 -0.003498
v 0.029754 -0.001967 -0.003618
v 0.027126 0.000179 0.016192
v 0.026139 -0.008635 0.016076
v 0.025628 0.000156 0.015895
v 0.025750 -0.008642 0.015976
v 0.025159 0.000148 0.015752
v 0.024590 -0.008661 0.015574
v 0.023320 0.000115 0.014926
v 0.023443 -0.008682 0.015007
v 0.023432 -0.007984 0.015000
v 0.023335 -0.008684 0.014944
v 0.022377 -0.008704 0.014298
v 0.032938 0.000250 0.015131
v 0.033060 -0.008548 0.015212
v 0.032641 -0.008551 0.015418
v 0.031124 0.000232 0.015861
v 0.031705 -0.008561 0.015795
v 0.030746 -0.008572 0.016074
v 0.030592 0.000225 0.016001
v 0.030714 -0.008572 0.016082
v 0.029141 0.000208 0.016229
v 0.029779 -0.008583 0.016254
v 0.028104 0.000193 0.016261
v 0.028225 -0.008604 0.016342
v 0.027903 -0.008609 0.016330
v 0.036179 -0.006106 0.015134
v 0.036136 -0.006851 0.015092
v 0.035288 -0.006126 0.014317
v 0.035316 -0.008168 0.014336
v 0.035305 -0.006285 -0.003065
v 0.035305 -0.006275 -0.003066
v 0.035298 -0.006286 -0.003058
v 0.034557 -0.006288 -0.002248
v 0.034584 -0.008204 -0.002231
v 0.035266 -0.007031 -0.003005
v 0.010307 -0.008011 0.010011
v 0.010250 -0.003912 0.009973
v 0.010803 -0.003915 0.008807
v 0.010859 -0.008014 0.008844
v 0.011806 -0.003908 0.007995
v 0.011863 -0.008008 0.008033
v 0.013062 -0.003894 0.007699
v 0.013119 -0.007993 0.007737
v 0.014322 -0.003874 0.007978
v 0.014379 -0.007973 0.008016
v 0.015337 -0.003852 0.008776
v 0.015393 -0.007952 0.008813
v 0.015904 -0.003834 0.009935
v 0.015961 -0.007933 0.009972
v 0.015913 -0.003822 0.011225
v 0.015970 -0.007921 0.011263
v 0.009985 -0.008002 0.011466
v 0.009929 -0.003903 0.011428
v 0.015864 -0.007918 0.011742
v 0.015807 -0.003819 0.011704
v 0.015795 -0.003814 0.012293
v 0.015851 -0.007913 0.012327
v 0.016011 -0.003806 0.012840
v 0.016064 -0.007905 0.012872
v 0.016420 -0.003796 0.013263
v 0.016468 -0.007896 0.013295
v 0.016948 -0.003787 0.013492
v 0.017004 -0.007886 0.013530
v 0.009849 -0.003902 0.011608
v 0.009866 -0.008002 0.011695
v 0.009809 -0.003902 0.011658
v 0.009707 -0.003903 0.011743
v 0.009648 -0.008003 0.011835
v 0.009591 -0.003904 0.011797
v 0.009524 -0.003905 0.011813
v 0.009389 -0.008007 0.011846
v 0.009332 -0.003907 0.011808
v 0.005444 -0.009149 -0.008736
v 0.005297 -0.009149 -0.008476
v 0.004103 -0.009172 -0.009194
v 0.003064 -0.009189 -0.009475
v 0.002716 -0.009195 -0.009575
v 0.004871 -0.000159 -0.008961
v 0.006849 -0.000119 -0.007559
v -0.008998 -0.000322 -0.005778
v -0.008694 -0.000317 -0.005770
v -0.008408 -0.000314 -0.005877
v -0.008184 -0.000313 -0.006082
v -0.006517 -0.000306 -0.007842
v -0.004482 -0.000290 -0.009159
v -0.002193 -0.000266 -0.009959
v 0.000219 -0.000235 -0.010196
v -0.000323 -0.000258 -0.011933
v 0.004504 -0.000183 -0.010996
v 0.002619 -0.000199 -0.009857
v 0.003075 -0.000206 -0.011384
v 0.000780 -0.000242 -0.011819
v 0.037168 0.000371 0.000165
v 0.038322 0.000407 0.002338
v 0.039302 0.000413 0.001492
v 0.024044 0.000155 -0.003602
v 0.026399 0.000181 -0.004315
v 0.028854 0.000213 -0.004474
v 0.030353 0.000226 -0.005395
v 0.031282 0.000251 -0.004070
v 0.032242 0.000255 -0.004989
v 0.033170 0.000271 -0.004667
v 0.033553 0.000291 -0.003125
v 0.034078 0.000288 -0.004256
v 0.037157 0.000352 -0.001866
v 0.035550 0.000331 -0.001688
v 0.038340 0.000383 -0.000308
v 0.038855 0.000398 0.000569
v 0.038908 0.000416 0.002496
v 0.039573 0.000422 0.002166
v 0.039591 0.000424 0.002280
v 0.036498 0.000337 -0.002545
v 0.034956 0.000304 -0.003753
v 0.038563 0.000412 0.002526
v 0.038462 0.000410 0.002494
v 0.038378 0.000408 0.002429
v 0.022076 0.000138 -0.002491
v 0.014179 -0.000010 -0.006747
v 0.008928 -0.000070 -0.005399
v 0.020579 0.000093 -0.005089
v 0.018365 0.000059 -0.005453
v 0.015786 0.000017 -0.006170
v 0.008652 -0.000075 -0.005518
v 0.008439 -0.000080 -0.005730
v 0.009486 -0.003072 0.015431
v 0.009445 -0.000072 0.015403
v 0.010002 -0.003065 0.015385
v 0.009960 -0.000066 0.015357
v 0.010425 -0.003062 0.015087
v 0.010384 -0.000062 0.015059
v 0.010643 -0.003063 0.014617
v 0.010602 -0.000064 0.014590
v 0.010597 -0.003069 0.014102
v 0.010555 -0.000069 0.014074
v 0.010299 -0.003077 0.013678
v 0.010258 -0.000077 0.013651
v 0.009830 -0.003085 0.013461
v 0.009788 -0.000086 0.013433
v 0.009314 -0.003092 0.013507
v 0.009273 -0.000092 0.013479
v 0.008891 -0.003095 0.013805
v 0.008849 -0.000095 0.013777
v 0.008673 -0.003094 0.014274
v 0.008631 -0.000094 0.014247
v 0.008719 -0.003088 0.014790
v 0.008678 -0.000089 0.014762
v 0.009017 -0.003080 0.015213
v 0.008975 -0.000081 0.015186
v 0.009658 -0.003079 0.014446
v 0.020822 -0.002897 0.017425
v 0.020780 0.000103 0.017398
v 0.021337 -0.002890 0.017379
v 0.021296 0.000109 0.017352
v 0.021761 -0.002887 0.017081
v 0.021719 0.000113 0.017054
v 0.021978 -0.002888 0.016612
v 0.021937 0.000111 0.016584
v 0.021932 -0.002894 0.016096
v 0.021891 0.000106 0.016069
v 0.021634 -0.002902 0.015673
v 0.021593 0.000098 0.015645
v 0.021165 -0.002910 0.015455
v 0.021124 0.000089 0.015428
v 0.020649 -0.002917 0.015501
v 0.020608 0.000083 0.015474
v 0.020226 -0.002920 0.015799
v 0.020185 0.000080 0.015772
v 0.020008 -0.002919 0.016269
v 0.019967 0.000081 0.016241
v 0.020054 -0.002913 0.016784
v 0.020013 0.000086 0.016757
v 0.020352 -0.002905 0.017208
v 0.020311 0.000094 0.017180
v 0.020993 -0.002904 0.016440
v 0.022065 -0.008682 0.017161
v 0.022024 -0.008276 0.017511
v 0.020454 -0.008707 0.016873
v 0.020395 -0.008301 0.017220
v 0.019090 -0.008728 0.016585
v 0.019021 -0.008323 0.016931
v 0.018386 -0.008739 0.016427
v 0.017666 -0.008751 0.016263
v 0.016831 -0.008764 0.016077
v 0.016037 -0.008370 0.016267
v 0.016119 -0.008775 0.015922
v 0.008199 -0.008490 0.015070
v 0.008238 -0.008895 0.014714
v 0.010376 -0.008864 0.014937
v 0.014325 -0.008803 0.015564
v 0.012305 -0.008428 0.015570
v 0.010257 -0.008459 0.015278
v 0.012363 -0.008834 0.015222
v 0.013361 -0.008818 0.015389
v 0.016527 -0.008553 -0.004377
v 0.015783 -0.008965 -0.004229
v 0.015602 -0.008968 -0.004287
v 0.019844 -0.008500 -0.003628
v 0.020976 -0.008483 -0.003498
v 0.019899 -0.008711 -0.003426
v 0.020964 -0.008702 -0.003296
v 0.018786 -0.008517 -0.003814
v 0.018663 -0.008719 -0.003653
v 0.018677 -0.008518 -0.003836
v 0.012142 -0.009028 -0.005591
v 0.012274 -0.008626 -0.005929
v 0.012517 -0.009021 -0.005432
v 0.012735 -0.008618 -0.005732
v 0.014317 -0.008590 -0.005109
v 0.014130 -0.008993 -0.004797
v 0.013043 -0.009012 -0.005217
v 0.016827 -0.008948 -0.003918
v 0.018642 -0.008919 -0.003473
v 0.018739 -0.008917 -0.003453
v 0.019951 -0.008898 -0.003241
v 0.020960 -0.008883 -0.003118
v 0.026696 -0.008408 -0.003852
v 0.022378 -0.008863 -0.003084
v 0.023007 -0.008455 -0.003474
v 0.022981 -0.008855 -0.003101
v 0.024897 -0.008431 -0.003638
v 0.024895 -0.008830 -0.003266
v 0.023855 -0.008844 -0.003159
v 0.008839 -0.008689 -0.007589
v 0.008707 -0.009091 -0.007255
v 0.007237 -0.008718 -0.008369
v 0.007115 -0.009120 -0.008031
v 0.005543 -0.008748 -0.009080
v 0.011314 -0.009043 -0.005968
v 0.010345 -0.009060 -0.006433
v 0.009512 -0.009076 -0.006848
v 0.004193 -0.008547 0.014898
v 0.006228 -0.008924 0.014609
v 0.007335 -0.008908 0.014658
v 0.000008 -0.008607 0.014621
v 0.000078 -0.009012 0.014275
v 0.002152 -0.008576 0.014808
v 0.002203 -0.008981 0.014458
v 0.004234 -0.008952 0.014546
v 0.024495 -0.008645 0.017460
v 0.029173 -0.006957 0.018696
v 0.028658 -0.008589 0.017364
v 0.028940 -0.006960 0.018735
v 0.027842 -0.008599 0.017463
v 0.028058 -0.006971 0.018848
v 0.026689 -0.008614 0.017529
v 0.026816 -0.006988 0.018927
v 0.025797 -0.008627 0.017529
v 0.025860 -0.007001 0.018933
v 0.021901 -0.007060 0.018560
v 0.023778 -0.007031 0.018805
v 0.024471 -0.007021 0.018867
v -0.013911 -0.009307 0.003174
v -0.015290 -0.007710 0.003391
v -0.014132 -0.009321 0.002035
v -0.015530 -0.007725 0.002100
v -0.014260 -0.009333 0.000914
v -0.015028 -0.007785 -0.005413
v -0.013882 -0.009377 -0.004460
v -0.015429 -0.007775 -0.003740
v -0.014135 -0.009367 -0.003039
v -0.015677 -0.007760 -0.001608
v -0.014298 -0.009353 -0.001202
v -0.015710 -0.007750 -0.000420
v -0.015666 -0.007738 0.000822
v -0.012458 -0.007615 0.009490
v -0.011163 -0.009217 0.008846
v -0.011601 -0.007594 0.010537
v -0.010481 -0.009200 0.009649
v -0.010661 -0.007572 0.011493
v -0.009743 -0.009183 0.010392
v -0.009644 -0.007550 0.012343
v -0.008750 -0.009162 0.011220
v -0.013898 -0.007656 0.007181
v -0.012364 -0.009250 0.007060
v -0.013225 -0.007636 0.008367
v -0.011796 -0.009234 0.007975
v -0.011329 -0.009221 0.008631
v -0.014936 -0.007694 0.004679
v -0.013637 -0.009294 0.004164
v -0.014470 -0.007676 0.005947
v -0.013286 -0.009281 0.005146
v -0.012861 -0.009266 0.006115
v 0.018814 -0.007108 0.017971
v 0.015822 -0.007156 0.017304
v 0.021049 -0.007283 -0.004601
v 0.023032 -0.007256 -0.004588
v 0.024906 -0.007231 -0.004753
v 0.026723 -0.007208 -0.004960
v -0.000200 -0.007392 0.015660
v -0.002569 -0.007427 0.015284
v -0.001092 -0.009030 0.014116
v -0.002170 -0.009046 0.013925
v -0.003365 -0.009065 0.013654
v -0.003840 -0.007447 0.014994
v -0.005013 -0.007466 0.014657
v -0.005381 -0.009099 0.013025
v -0.008556 -0.007529 0.013077
v -0.007961 -0.009146 0.011760
v -0.007412 -0.007508 0.013701
v -0.007136 -0.009130 0.012236
v -0.006225 -0.007487 0.014225
v -0.006000 -0.007483 0.014312
v 0.008072 -0.007274 0.016122
v 0.010109 -0.007244 0.016327
v 0.012130 -0.007213 0.016614
v 0.012637 -0.007422 -0.006941
v 0.014618 -0.007387 -0.006140
v 0.016751 -0.007351 -0.005433
v 0.018929 -0.007316 -0.004896
v 0.004071 -0.007330 0.015952
v 0.002002 -0.007360 0.015858
v 0.009236 -0.007484 -0.008593
v 0.007601 -0.007514 -0.009383
v 0.005840 -0.007545 -0.010113
v -0.001931 -0.009263 -0.010059
v -0.002232 -0.007667 -0.011489
v -0.001189 -0.009253 -0.010090
v -0.001403 -0.007656 -0.011534
v -0.000129 -0.009238 -0.010048
v 0.000610 -0.007628 -0.011414
v 0.000627 -0.009227 -0.009967
v 0.001810 -0.009209 -0.009773
v 0.001777 -0.007610 -0.011234
v 0.004493 -0.007567 -0.010567
v 0.003868 -0.007577 -0.010749
v 0.003069 -0.007590 -0.010958
v -0.006569 -0.009308 -0.007939
v -0.007413 -0.007718 -0.009171
v -0.005728 -0.009303 -0.008629
v -0.006482 -0.007712 -0.009892
v -0.004667 -0.009294 -0.009286
v -0.005319 -0.007702 -0.010591
v -0.004606 -0.009293 -0.009317
v -0.005250 -0.007701 -0.010626
v -0.003419 -0.009281 -0.009784
v -0.003908 -0.007688 -0.011159
v -0.003104 -0.007678 -0.011361
v -0.002685 -0.009273 -0.009958
v -0.003379 -0.009281 -0.009795
v 0.035765 -0.005072 -0.002959
v 0.035812 -0.002678 -0.003087
v 0.036607 -0.002660 -0.002387
v 0.036504 -0.006151 -0.002189
v 0.035723 -0.006168 -0.002874
v 0.037350 -0.002643 -0.001595
v 0.037294 -0.006132 -0.001338
v 0.038030 -0.002625 -0.000719
v 0.037961 -0.006115 -0.000465
v 0.038639 -0.002608 0.000229
v 0.038549 -0.006098 0.000470
v 0.039166 -0.002592 0.001239
v 0.039014 -0.006083 0.001368
v 0.039301 -0.002587 0.001538
v 0.039461 -0.006067 0.002462
v 0.039604 -0.002576 0.002301
v 0.039942 -0.002561 0.003405
v 0.039781 -0.006053 0.003519
v 0.040171 -0.002547 0.004539
v 0.039999 -0.006040 0.004606
v 0.033413 -0.008541 0.015356
v 0.021609 -0.008704 0.015361
v 0.020423 -0.008724 0.015029
v 0.019865 -0.008734 0.014821
v 0.019344 -0.008743 0.014545
v 0.018931 -0.008753 0.014106
v 0.018291 -0.008766 0.013660
v 0.017247 -0.008771 0.014640
v 0.017930 -0.008758 0.015061
v 0.018509 -0.008747 0.015399
v 0.018671 -0.008774 0.012212
v 0.019036 -0.008783 0.010685
v 0.018282 -0.008790 0.011072
v 0.017793 -0.008780 0.012888
v 0.017521 -0.008775 0.013798
v 0.016641 -0.008780 0.014594
v 0.016871 -0.008784 0.013859
v 0.017531 -0.008797 0.011458
v 0.011005 -0.008902 0.009817
v 0.010978 -0.008902 0.009893
v 0.010168 -0.008917 0.009466
v 0.017751 -0.008842 0.006200
v 0.016599 -0.008816 0.010787
v 0.018802 -0.008869 0.001632
v 0.017702 -0.008887 0.001323
v 0.016642 -0.008859 0.006026
v 0.019325 -0.008884 -0.000739
v 0.020677 -0.008870 -0.001282
v 0.020228 -0.008859 0.000607
v 0.011169 -0.008881 0.011812
v 0.011563 -0.008871 0.012309
v 0.010885 -0.008900 0.010250
v 0.010862 -0.008894 0.010874
v 0.009724 -0.008899 0.012043
v 0.010906 -0.008891 0.011147
v 0.010937 -0.008890 0.011269
v 0.012179 -0.008930 0.004958
v 0.011497 -0.008902 0.009047
v 0.011061 -0.008949 0.004608
v 0.011486 -0.008902 0.009059
v 0.011209 -0.008903 0.009414
v 0.014415 -0.008894 0.005558
v 0.013548 -0.008880 0.008380
v 0.013172 -0.008886 0.008345
v 0.013097 -0.008887 0.008346
v 0.012647 -0.008892 0.008401
v 0.012220 -0.008897 0.008542
v 0.012206 -0.008897 0.008548
v 0.011827 -0.008900 0.008765
v 0.015530 -0.008876 0.005810
v 0.014739 -0.008858 0.008982
v 0.014135 -0.008870 0.008566
v 0.015522 -0.008831 0.010747
v 0.015450 -0.008833 0.010592
v 0.015395 -0.008838 0.010143
v 0.015303 -0.008842 0.009835
v 0.014915 -0.008854 0.009170
v 0.014575 -0.008828 0.012451
v 0.014815 -0.008827 0.012232
v 0.014930 -0.008817 0.013147
v 0.014144 -0.008832 0.012719
v 0.015202 -0.008827 0.011685
v 0.015416 -0.008830 0.011041
v 0.015444 -0.008831 0.010815
v 0.013205 -0.008843 0.012944
v 0.013652 -0.008837 0.012890
v 0.011841 -0.008865 0.012536
v 0.012321 -0.008856 0.012790
v 0.012756 -0.008849 0.012911
v 0.013182 -0.008843 0.012945
v 0.019637 -0.008891 -0.001976
v 0.020791 -0.008874 -0.001832
v 0.013951 -0.008984 -0.003541
v 0.012812 -0.009003 -0.003885
v 0.013688 -0.008976 -0.002319
v 0.012565 -0.008994 -0.002591
v 0.012032 -0.008979 -0.000146
v 0.013169 -0.008961 0.000117
v 0.015435 -0.008924 0.000759
v 0.009944 -0.008968 0.004221
v 0.010369 -0.008982 0.002018
v 0.009456 -0.008890 0.013402
v 0.008266 -0.008901 0.014030
v 0.008575 -0.008918 0.011751
v 0.008586 -0.008918 0.011687
v 0.015958 -0.008803 0.013187
v 0.014628 -0.008810 0.014354
v 0.014081 -0.008832 0.012748
v 0.011708 -0.009022 -0.004315
v 0.010551 -0.008988 0.001105
v 0.011593 -0.009020 -0.003864
v 0.018222 -0.008902 -0.001058
v 0.009085 -0.008937 0.008903
v 0.021052 -0.008858 -0.000482
v 0.021223 -0.008863 -0.001278
v 0.021344 -0.008868 -0.002051
v 0.022765 -0.008852 -0.002421
v 0.022062 -0.008860 -0.002270
v 0.040272 -0.002537 0.005490
v 0.040109 -0.006028 0.005740
v 0.040295 -0.002528 0.006449
v 0.040105 -0.006017 0.006905
v 0.040166 -0.002515 0.008025
v 0.039989 -0.006008 0.008050
v 0.040109 -0.002513 0.008375
v 0.039764 -0.006001 0.009186
v 0.039609 -0.002502 0.010307
v 0.039444 -0.005995 0.010270
v 0.039241 -0.002499 0.011251
v 0.039011 -0.005991 0.011355
v 0.038798 -0.002496 0.012165
v 0.038484 -0.005989 0.012386
v 0.037997 -0.002496 0.013461
v 0.037860 -0.005989 0.013365
v -0.008812 -0.009317 -0.005510
v -0.009268 -0.009326 -0.005803
v -0.008572 -0.009319 -0.006123
v -0.006958 -0.009304 -0.006972
v -0.007534 -0.009307 -0.006342
v -0.007936 -0.009315 -0.006623
v -0.008001 -0.009308 -0.005740
v -0.008056 -0.009308 -0.005662
v -0.008353 -0.009308 -0.005215
v -0.006370 -0.009301 -0.007517
v -0.006245 -0.009301 -0.007622
v -0.005389 -0.009295 -0.008256
v -0.004400 -0.009286 -0.008832
v -0.004275 -0.009285 -0.008894
v -0.003251 -0.009275 -0.009328
v -0.001904 -0.009260 -0.009707
v -0.001861 -0.009259 -0.009716
v -0.001028 -0.009249 -0.009849
v 0.000594 -0.009227 -0.009905
v 0.011949 -0.009029 -0.005377
v 0.011527 -0.009031 -0.004967
v 0.010677 -0.009048 -0.005558
v 0.007756 -0.009096 -0.006380
v 0.008009 -0.009094 -0.006608
v 0.008718 -0.009081 -0.006195
v 0.007305 -0.009107 -0.006878
v 0.006668 -0.009121 -0.007480
v 0.005348 -0.009148 -0.008444
v 0.009421 -0.009067 -0.005736
v 0.008645 -0.009072 -0.005153
v 0.008220 -0.009084 -0.005789
v 0.008810 -0.009067 -0.004874
v 0.010079 -0.009052 -0.005159
v 0.009037 -0.009060 -0.004454
v 0.010782 -0.009035 -0.004376
v 0.009453 -0.009046 -0.003523
v 0.009882 -0.009064 -0.006083
v 0.009867 -0.009028 -0.002174
v 0.009770 -0.009033 -0.002559
v 0.010631 -0.009029 -0.003471
v 0.010407 -0.009023 -0.002417
v 0.010097 -0.009011 -0.000669
v 0.010904 -0.009018 -0.002672
v 0.010429 -0.009003 -0.000324
v 0.009850 -0.008986 0.002414
v 0.010124 -0.009005 -0.000077
v 0.010118 -0.009007 -0.000298
v 0.007701 -0.008968 0.007543
v 0.007271 -0.008957 0.009391
v 0.007524 -0.008978 0.006811
v 0.006311 -0.008984 0.007941
v 0.006208 -0.008968 0.009808
v 0.005552 -0.008990 0.008483
v 0.005618 -0.008989 0.008439
v 0.006686 -0.008953 0.010801
v 0.007944 -0.008908 0.013710
v 0.008071 -0.008919 0.012392
v 0.008281 -0.008928 0.011085
v 0.007910 -0.008910 0.013610
v 0.007747 -0.008930 0.011651
v 0.007952 -0.008938 0.010500
v 0.008389 -0.008952 0.008258
v 0.011178 -0.009025 -0.003855
v 0.008964 -0.008977 0.004759
v 0.007590 -0.008922 0.012781
v 0.000914 -0.009039 0.010052
v 0.001685 -0.009029 0.009961
v 0.001926 -0.009007 0.012049
v 0.005937 -0.008957 0.011428
v 0.004873 -0.008995 0.008885
v 0.005214 -0.008964 0.011796
v 0.004240 -0.009001 0.009198
v 0.004425 -0.008973 0.011958
v 0.003635 -0.009007 0.009447
v 0.003611 -0.008984 0.012031
v 0.003023 -0.009014 0.009655
v 0.003368 -0.009010 0.009543
v 0.000200 -0.009049 0.010083
v 0.006586 -0.008934 0.012980
v 0.005719 -0.008944 0.013193
v 0.004828 -0.008956 0.013264
v 0.003922 -0.008968 0.013287
v 0.006945 -0.008921 0.013804
v 0.005973 -0.008934 0.013900
v -0.001590 -0.009075 0.009935
v -0.003068 -0.009099 0.009560
v -0.004638 -0.009127 0.008876
v -0.003986 -0.009115 0.009199
v -0.003868 -0.009113 0.009251
v -0.005372 -0.009141 0.008437
v -0.006064 -0.009155 0.007937
v -0.006123 -0.009156 0.007891
v -0.006715 -0.009169 0.007378
v -0.007319 -0.009183 0.006760
v -0.007868 -0.009197 0.006091
v -0.007869 -0.009197 0.006090
v -0.008361 -0.009210 0.005372
v -0.008787 -0.009223 0.004617
v -0.009110 -0.009234 0.003915
v -0.009429 -0.009247 0.003031
v -0.009642 -0.009257 0.002222
v -0.009773 -0.009265 0.001497
v -0.009784 -0.009266 0.001416
v -0.009858 -0.009275 0.000621
v -0.009825 -0.009288 -0.000886
v -0.009608 -0.009297 -0.002201
v -0.009813 -0.009289 -0.001009
v -0.011615 -0.009340 -0.003844
v -0.010516 -0.009322 -0.003545
v -0.009312 -0.009302 -0.003215
v -0.010113 -0.009331 -0.005166
v -0.010915 -0.009348 -0.005738
v -0.010068 -0.009336 -0.005693
v -0.013659 -0.009381 -0.005274
v -0.009051 -0.009305 -0.003886
v -0.009315 -0.009315 -0.004523
v -0.008983 -0.009305 -0.004038
v -0.008718 -0.009307 -0.004579
v -0.008693 -0.009307 -0.004626
v -0.013066 -0.009380 -0.005994
v -0.012948 -0.009378 -0.006014
v -0.012771 -0.009376 -0.006018
v -0.012428 -0.009371 -0.005981
v -0.009228 -0.009303 -0.003447
v -0.009150 -0.009304 -0.003647
v -0.013622 -0.009382 -0.005372
v -0.013401 -0.009382 -0.005775
v -0.013304 -0.009382 -0.005873
v -0.014160 -0.007789 -0.007033
v -0.014014 -0.007788 -0.007154
v -0.013669 -0.007810 -0.007314
v -0.013332 -0.007866 -0.007343
v -0.013175 -0.007896 -0.007332
v -0.012753 -0.007925 -0.007302
v -0.014285 -0.007789 -0.006904
v -0.014629 -0.007789 -0.006396
v -0.014795 -0.007788 -0.006050
v 0.035290 -0.006177 -0.003199
v 0.034935 -0.005089 -0.003551
v 0.028528 -0.005194 -0.005277
v 0.030393 -0.005167 -0.005162
v 0.032259 -0.005137 -0.004765
v 0.034069 -0.005106 -0.004046
v 0.033175 -0.005122 -0.004449
v 0.034973 -0.002695 -0.003686
v 0.034097 -0.002712 -0.004187
v 0.033194 -0.002728 -0.004595
v 0.032269 -0.002744 -0.004916
v 0.030385 -0.002773 -0.005319
v 0.028507 -0.002801 -0.005440
v 0.031417 -0.004937 0.018271
v 0.030308 -0.004950 0.018615
v 0.035503 -0.004902 0.015972
v 0.036191 -0.005994 0.015271
v 0.036387 -0.004897 0.015190
v 0.037065 -0.005991 0.014369
v 0.037197 -0.004893 0.014333
v 0.032500 -0.004926 0.017831
v 0.033549 -0.004917 0.017297
v 0.034553 -0.004909 0.016676
v 0.035209 -0.002508 0.016324
v 0.036718 -0.002499 0.014992
v 0.037388 -0.002497 0.014251
v 0.030314 -0.002553 0.018725
v 0.031534 -0.002540 0.018339
v 0.032511 -0.002530 0.017937
v 0.033461 -0.002522 0.017460
v 0.038809 -0.001047 0.012168
v 0.039032 0.000395 0.011703
v 0.039062 -0.001498 0.011668
v 0.039522 -0.001501 0.010583
v 0.039905 -0.001507 0.009364
v 0.040122 -0.001513 0.008371
v 0.040166 -0.001515 0.008105
v 0.040286 -0.001524 0.006996
v 0.040300 -0.001535 0.005754
v 0.040184 -0.001548 0.004526
v 0.038005 -0.001046 0.013468
v 0.039051 -0.001502 0.011237
v 0.039026 0.000298 0.011220
v 0.039693 -0.001521 0.008121
v 0.038487 -0.001588 0.002727
v 0.038899 -0.001568 0.004253
v 0.038987 -0.001567 0.004257
v 0.039390 -0.001577 0.002580
v 0.039949 -0.001562 0.003369
v 0.039549 -0.001575 0.002461
v 0.039480 -0.001576 0.002534
v 0.039582 -0.001577 0.002191
v 0.039599 -0.001576 0.002269
v 0.039600 -0.001576 0.002310
v 0.039591 -0.001576 0.002369
v 0.040064 -0.001555 0.003864
v 0.039179 -0.001510 0.010123
v 0.039668 0.000278 0.008104
v 0.039155 0.000290 0.010107
v 0.039011 0.000295 0.010946
v 0.039576 0.000191 0.002169
v 0.039313 -0.001138 0.001511
v 0.038866 -0.001152 0.000589
v 0.038352 -0.001167 -0.000287
v 0.037170 -0.001198 -0.001843
v 0.036511 -0.001213 -0.002522
v 0.035813 -0.001229 -0.003128
v 0.039384 0.000223 0.002558
v 0.039384 0.000193 0.002558
v 0.039456 0.000235 0.002524
v 0.039490 0.000194 0.002500
v 0.039512 0.000263 0.002476
v 0.039563 0.000193 0.002404
v 0.039565 0.000323 0.002397
v 0.039594 0.000193 0.002288
v 0.022038 -0.000061 -0.002294
v 0.008888 -0.000269 -0.005202
v 0.008997 -0.008168 -0.005129
v 0.022568 -0.007953 -0.002128
v 0.022128 -0.000059 -0.002278
v 0.022430 -0.000222 -0.002284
v 0.022615 -0.000281 -0.002334
v -0.014518 -0.005191 -0.007016
v -0.014244 -0.006961 -0.007076
v -0.015318 -0.003407 -0.005646
v -0.015001 -0.003410 -0.006437
v -0.014791 -0.003411 -0.006820
v -0.014666 -0.003411 -0.007005
v 0.023741 -0.005038 0.018978
v 0.021850 -0.005066 0.018734
v 0.029186 -0.004963 0.018860
v 0.025841 -0.005007 0.019104
v 0.028059 -0.004977 0.019015
v 0.021800 -0.002670 0.018854
v 0.023945 -0.002638 0.019121
v 0.026197 -0.002606 0.019225
v 0.028048 -0.002581 0.019130
v 0.028262 -0.002578 0.019107
v 0.030304 -0.001104 0.018746
v 0.031527 -0.001090 0.018359
v 0.032507 -0.001081 0.017956
v 0.033458 -0.001072 0.017477
v 0.035211 -0.001058 0.016338
v 0.036724 -0.001049 0.015003
v 0.037395 -0.001047 0.014260
v 0.026703 -0.005218 -0.005171
v 0.024882 -0.005242 -0.004966
v 0.023012 -0.005266 -0.004800
v 0.021038 -0.005293 -0.004812
v 0.026675 -0.002825 -0.005336
v 0.024852 -0.002848 -0.005132
v 0.022985 -0.002873 -0.004966
v 0.021017 -0.002900 -0.004977
v 0.021000 -0.001451 -0.005028
v 0.012678 -0.005431 -0.007140
v 0.012696 -0.003036 -0.007296
v 0.014205 -0.003010 -0.006671
v 0.014649 -0.005396 -0.006342
v 0.016767 -0.005360 -0.005638
v 0.015815 -0.002982 -0.006095
v 0.016766 -0.002966 -0.005798
v 0.018931 -0.005325 -0.005104
v 0.018398 -0.002940 -0.005376
v 0.018919 -0.002932 -0.005267
v 0.020615 -0.002906 -0.005011
v 0.020599 -0.001457 -0.005062
v 0.015804 -0.001533 -0.006144
v 0.018385 -0.001491 -0.005426
v 0.014197 -0.001560 -0.006720
v 0.012690 -0.001587 -0.007345
v 0.009284 -0.005493 -0.008792
v 0.007643 -0.005523 -0.009582
v 0.005869 -0.005554 -0.010314
v 0.009306 -0.003098 -0.008947
v 0.007661 -0.003128 -0.009738
v 0.005879 -0.003160 -0.010471
v -0.001433 -0.003678 -0.011875
v -0.001300 -0.003272 -0.011895
v -0.000378 -0.003259 -0.011864
v -0.002304 -0.005392 -0.011713
v -0.001343 -0.005666 -0.011737
v -0.000338 -0.005652 -0.011705
v 0.001766 -0.005620 -0.011438
v 0.003880 -0.005587 -0.010952
v -0.001821 -0.004581 -0.011810
v 0.003876 -0.003193 -0.011110
v 0.003108 -0.003205 -0.011308
v 0.001745 -0.003227 -0.011597
v -0.005777 -0.007303 -0.010396
v -0.005199 -0.007313 -0.010701
v -0.004609 -0.007207 -0.010973
v -0.004173 -0.007044 -0.011151
v -0.003592 -0.006710 -0.011360
v -0.003248 -0.006445 -0.011468
v -0.002686 -0.005885 -0.011623
v -0.006395 -0.007188 -0.010027
v -0.006556 -0.007145 -0.009922
v -0.007475 -0.006864 -0.009250
v -0.008204 -0.006800 -0.008608
v -0.007844 -0.006790 -0.008939
v -0.007742 -0.006804 -0.009027
v -0.008735 -0.007231 -0.008057
v -0.008764 -0.007281 -0.008024
v -0.008734 -0.007723 -0.007981
v -0.008950 -0.007724 -0.007804
v -0.008503 -0.006947 -0.008309
v -0.008243 -0.006810 -0.008571
v -0.001057 -0.002225 -0.011931
v -0.000962 -0.001527 -0.011946
v -0.000301 -0.001808 -0.011907
v 0.005870 -0.001710 -0.010520
v 0.004522 -0.001733 -0.010969
v 0.003094 -0.001756 -0.011358
v 0.000801 -0.001792 -0.011793
v -0.013968 -0.004054 0.003725
v -0.012726 -0.004053 0.001955
v -0.014416 -0.004085 0.000955
v -0.012786 -0.004058 0.001505
v -0.014322 -0.004110 -0.001849
v -0.011882 -0.004035 0.002657
v -0.011960 -0.004036 0.002578
v -0.012061 -0.004038 0.002533
v 0.005457 -0.003717 0.011155
v 0.005206 -0.003720 0.011140
v 0.004962 -0.003723 0.011204
v -0.012996 -0.004016 0.006356
v -0.010957 -0.003998 0.005288
v -0.011838 -0.004033 0.002758
v -0.012029 -0.004076 -0.001642
v -0.012078 -0.004077 -0.001619
v -0.012136 -0.004058 0.000498
v -0.012329 -0.004080 -0.001588
v -0.012630 -0.004059 0.001078
v -0.013019 -0.004090 -0.001716
v -0.013166 -0.004094 -0.001845
v -0.012293 -0.004058 0.000773
v -0.012207 -0.004057 0.000703
v -0.012153 -0.004057 0.000607
v -0.012269 -0.004130 -0.007099
v -0.013739 -0.004151 -0.007201
v -0.012532 -0.004131 -0.006852
v -0.013687 -0.004149 -0.007094
v -0.012717 -0.004129 -0.006390
v -0.013663 -0.004147 -0.006865
v -0.013265 -0.004098 -0.002215
v -0.013252 -0.004096 -0.002020
v 0.008492 -0.003669 0.011826
v 0.006103 -0.003689 0.013212
v 0.003453 -0.003717 0.014131
v 0.002407 -0.003751 0.012006
v 0.000675 -0.003752 0.014522
v -0.000262 -0.003786 0.012231
v -0.002127 -0.003792 0.014371
v -0.002916 -0.003826 0.011869
v -0.009546 -0.003957 0.007564
v -0.011535 -0.003974 0.008751
v -0.007673 -0.003914 0.009477
v -0.009640 -0.003929 0.010819
v -0.005426 -0.003869 0.010936
v -0.007382 -0.003882 0.012484
v -0.004846 -0.003836 0.013683
v -0.012465 -0.004046 0.002326
v -0.012834 -0.004087 -0.001654
v -0.014371 -0.000560 -0.001881
v -0.014465 -0.000536 0.000922
v -0.014017 -0.000504 0.003692
v -0.013045 -0.000466 0.006323
v -0.011584 -0.000424 0.008718
v -0.009689 -0.000379 0.010787
v -0.007431 -0.000333 0.012451
v -0.004895 -0.000287 0.013650
v -0.002176 -0.000243 0.014338
v 0.000626 -0.000202 0.014489
v 0.003404 -0.000168 0.014098
v 0.006054 -0.000140 0.013179
v 0.008478 -0.000119 0.011767
v 0.008528 -0.003702 0.011800
v 0.005560 -0.008067 0.010999
v 0.005503 -0.003918 0.010961
v 0.008930 -0.003864 0.011719
v 0.010279 -0.000092 0.011994
v 0.010329 -0.003692 0.012028
v 0.008879 -0.000114 0.011685
v 0.009808 -0.003700 0.011912
v 0.009530 -0.003865 0.011852
v 0.016164 -0.003599 0.013318
v 0.014969 -0.003618 0.013054
v 0.014920 -0.000018 0.013021
v 0.022727 -0.007795 0.014795
v 0.023147 -0.007938 0.014889
v 0.023036 0.000110 0.014815
v 0.016351 -0.003677 0.013360
v -0.009201 -0.008410 -0.004076
v -0.008403 -0.008412 -0.005534
v -0.008549 -0.008414 -0.005499
v -0.012480 -0.008400 0.001922
v -0.012274 -0.008395 0.002215
v -0.011955 -0.008389 0.002378
v 0.010245 -0.008092 0.001249
v 0.008862 -0.008170 -0.005169
v 0.009598 -0.008147 -0.003678
v 0.021400 -0.007959 -0.001055
v 0.022707 -0.007951 -0.002107
v 0.018288 -0.007945 0.005226
v 0.018307 -0.007923 0.007605
v -0.010058 -0.008377 0.000820
v -0.009932 -0.008398 -0.001681
v -0.011793 -0.008421 -0.001405
v -0.012138 -0.008404 0.000989
v -0.012404 -0.008405 0.001230
v -0.012527 -0.008404 0.001566
v 0.010226 -0.008116 -0.001254
v -0.011995 -0.008403 0.000873
v -0.011786 -0.008386 0.002453
v -0.011656 -0.008383 0.002584
v 0.009654 -0.008078 0.003682
v 0.008487 -0.008074 0.005898
v 0.006816 -0.008080 0.007763
v 0.004741 -0.008096 0.009165
v 0.019878 -0.007964 0.000774
v 0.018822 -0.007959 0.002907
v 0.019965 -0.007859 0.012031
v 0.021514 -0.007821 0.013837
v 0.018876 -0.007893 0.009916
v -0.008930 -0.008419 -0.005508
v -0.009588 -0.008430 -0.005654
v -0.010032 -0.008436 -0.005652
v -0.011400 -0.008433 -0.003301
v -0.010706 -0.008440 -0.005110
v -0.010430 -0.008440 -0.005457
v 0.002388 -0.008120 0.010018
v -0.000103 -0.008152 0.010273
v -0.002581 -0.008190 0.009913
v -0.004896 -0.008231 0.008960
v -0.006910 -0.008272 0.007472
v 0.005246 -0.008072 0.010981
v -0.011876 -0.008405 0.000530
v -0.011904 -0.008403 0.000713
v -0.009571 -0.008348 0.003275
v -0.008500 -0.008312 0.005539
v 0.008670 -0.000117 0.011683
v 0.008721 -0.003823 0.011717
v 0.008826 -0.003854 0.011707
v -0.009039 -0.000520 -0.005581
v -0.009697 -0.000531 -0.005727
v -0.012378 -0.000530 -0.001620
v -0.012884 -0.000538 -0.001686
v -0.011934 -0.004255 0.000492
v -0.011768 -0.004276 -0.001997
v -0.011820 -0.000526 -0.002031
v -0.011427 -0.000536 -0.003642
v -0.010815 -0.000541 -0.005183
v -0.013713 -0.000597 -0.006897
v -0.014140 -0.005162 -0.007307
v -0.014281 -0.003395 -0.007321
v -0.013964 -0.004329 -0.007389
v -0.013995 -0.003382 -0.007405
v -0.013892 -0.006919 -0.007301
v -0.013480 -0.006866 -0.007361
v -0.013671 -0.005122 -0.007389
v -0.013732 -0.004353 -0.007399
v -0.015364 -0.001959 -0.005681
v -0.014742 -0.001637 -0.007012
v -0.014020 -0.002395 -0.007418
v -0.013711 -0.000585 -0.007013
v -0.013809 -0.004234 -0.007287
v -0.013737 -0.000547 -0.007127
v -0.014429 -0.001632 -0.007298
v -0.013314 -0.000549 -0.002247
v -0.012766 -0.000580 -0.006422
v -0.013301 -0.000547 -0.002052
v -0.013215 -0.000544 -0.001878
v -0.013068 -0.000541 -0.001749
v -0.009216 -0.007836 -0.007484
v -0.009770 -0.007977 -0.007094
v -0.009786 -0.007936 -0.007134
v -0.009593 -0.007932 -0.007196
v -0.009433 -0.007910 -0.007284
v -0.010502 -0.007849 -0.007146
v -0.010062 -0.007905 -0.007115
v -0.010765 -0.007838 -0.007165
v -0.010921 -0.007837 -0.007176
v -0.011837 -0.007883 -0.007239
v -0.011654 -0.004323 -0.007255
v -0.012145 -0.004204 -0.007166
v -0.012582 -0.000457 -0.006885
v -0.012703 -0.000550 -0.006665
v -0.011905 -0.004294 -0.007241
v -0.015993 -0.003354 0.001195
v -0.015489 -0.005722 0.003405
v -0.015649 -0.003329 0.003407
v -0.016059 -0.003375 -0.000968
v -0.016025 -0.003381 -0.001722
v -0.015878 -0.003392 -0.003158
v -0.015470 -0.003405 -0.005149
v -0.015754 -0.003398 -0.003916
v -0.015517 -0.001957 -0.005182
v -0.015929 -0.001944 -0.003184
v -0.016112 -0.001926 -0.000987
v -0.016047 -0.001906 0.001182
v -0.015703 -0.001880 0.003399
v -0.015132 -0.005705 0.004710
v -0.014661 -0.005687 0.005994
v -0.014083 -0.005667 0.007244
v -0.013403 -0.005647 0.008445
v -0.012627 -0.005626 0.009582
v -0.011761 -0.005604 0.010641
v -0.010811 -0.005582 0.011609
v -0.009783 -0.005560 0.012469
v -0.015358 -0.003315 0.004506
v -0.014986 -0.003300 0.005592
v -0.014022 -0.003267 0.007682
v -0.013547 -0.003253 0.008494
v -0.012821 -0.003234 0.009566
v -0.011451 -0.003200 0.011183
v -0.010698 -0.003183 0.011901
v -0.009899 -0.003166 0.012554
v 0.015757 -0.005162 0.017478
v 0.018750 -0.005115 0.018145
v 0.015697 -0.002766 0.017598
v 0.018689 -0.002719 0.018265
v 0.021776 -0.001221 0.018878
v 0.023924 -0.001188 0.019146
v 0.028248 -0.001129 0.019130
v 0.026179 -0.001156 0.019249
v -0.015411 -0.001866 0.004501
v -0.015039 -0.001851 0.005590
v -0.014072 -0.001819 0.007685
v -0.012869 -0.001785 0.009574
v -0.011496 -0.001751 0.011195
v -0.010741 -0.001734 0.011914
v -0.009941 -0.001717 0.012569
v -0.002645 -0.005435 0.015449
v -0.005109 -0.005474 0.014813
v -0.006332 -0.005495 0.014375
v -0.008685 -0.005538 0.013213
v -0.007529 -0.005516 0.013845
v -0.000320 -0.003003 0.015948
v -0.000262 -0.005398 0.015830
v -0.003048 -0.003044 0.015492
v -0.009145 -0.003151 0.013082
v -0.007417 -0.003118 0.014045
v -0.006423 -0.003100 0.014477
v -0.005380 -0.003082 0.014858
v -0.005192 -0.003079 0.014920
v 0.008025 -0.005280 0.016299
v 0.007978 -0.002884 0.016421
v 0.010058 -0.005250 0.016503
v 0.012075 -0.005220 0.016789
v 0.010008 -0.002854 0.016624
v 0.012021 -0.002823 0.016910
v -0.000346 -0.001553 0.015972
v -0.003078 -0.001595 0.015515
v -0.009186 -0.001701 0.013098
v -0.007454 -0.001669 0.014063
v -0.005414 -0.001633 0.014879
v 0.001951 -0.005366 0.016032
v 0.004025 -0.005337 0.016128
v 0.001900 -0.002970 0.016153
v 0.003979 -0.002940 0.016250
v -0.006491 -0.000504 -0.007598
v -0.008020 -0.000510 -0.005961
v -0.007908 -0.008609 -0.005887
v -0.008066 -0.008609 -0.005669
v 0.008801 -0.008369 -0.004880
v 0.008388 -0.008380 -0.005542
v 0.008276 -0.000282 -0.005616
v 0.007183 -0.000309 -0.006959
v 0.009414 -0.008348 -0.003603
v 0.009761 -0.008334 -0.002565
v 0.010030 -0.008318 -0.001226
v 0.010114 -0.008306 -0.000084
v 0.010049 -0.008295 0.001228
v 0.009840 -0.008287 0.002408
v 0.009469 -0.008281 0.003614
v 0.008955 -0.008278 0.004753
v 0.005609 -0.008290 0.008433
v 0.006688 -0.008283 0.007614
v 0.007514 -0.008279 0.006804
v 0.008326 -0.008277 0.005786
v 0.003358 -0.008311 0.009537
v 0.004653 -0.008299 0.008988
v 0.002346 -0.008323 0.009825
v 0.000904 -0.008341 0.010046
v -0.000096 -0.008354 0.010075
v -0.001600 -0.008376 0.009929
v -0.002525 -0.008391 0.009722
v -0.003995 -0.008416 0.009193
v -0.004795 -0.008431 0.008788
v -0.006133 -0.008458 0.007884
v -0.006769 -0.008472 0.007329
v -0.007878 -0.008498 0.006085
v -0.008328 -0.008511 0.005433
v -0.009120 -0.008536 0.003908
v -0.009782 -0.008567 0.001491
v -0.009378 -0.008545 0.003215
v -0.009856 -0.008574 0.000807
v -0.009822 -0.008590 -0.001016
v -0.009733 -0.008595 -0.001645
v -0.009238 -0.008605 -0.003453
v -0.009016 -0.008607 -0.003993
v 0.002571 -0.000398 -0.009662
v 0.002942 -0.000391 -0.009556
v 0.004779 -0.000359 -0.008784
v 0.005227 -0.000350 -0.008525
v 0.006717 -0.000320 -0.007409
v 0.000473 -0.000430 -0.009986
v 0.000218 -0.000433 -0.009994
v -0.002026 -0.000462 -0.009788
v -0.002147 -0.000464 -0.009762
v -0.004391 -0.000487 -0.008978
v -0.006386 -0.000503 -0.007687
v 0.010920 -0.000075 0.012836
v 0.011192 -0.003670 0.013057
v 0.011142 -0.000071 0.013024
v 0.011838 -0.000057 0.013426
v 0.012409 -0.003648 0.013624
v 0.012360 -0.000049 0.013591
v 0.012902 -0.000040 0.013662
v 0.013753 -0.003630 0.013623
v 0.013983 -0.000027 0.013514
v 0.013703 -0.000030 0.013590
v 0.015609 -0.003622 0.011659
v 0.015715 -0.003625 0.011180
v 0.014606 -0.003643 0.010863
v 0.014534 -0.003651 0.010064
v 0.015707 -0.003636 0.009979
v 0.014073 -0.003664 0.009408
v 0.015596 -0.003616 0.012326
v 0.015840 -0.003607 0.012947
v 0.011890 -0.003692 0.009604
v 0.011552 -0.003690 0.010331
v 0.011624 -0.003682 0.011131
v 0.009811 -0.003700 0.011910
v 0.010010 -0.003699 0.011721
v 0.015178 -0.003653 0.008900
v 0.014234 -0.003673 0.008157
v 0.013345 -0.003677 0.009070
v 0.013061 -0.003692 0.007898
v 0.012546 -0.003687 0.009142
v 0.011891 -0.003705 0.008173
v 0.012085 -0.003669 0.011787
v 0.012813 -0.003656 0.012124
v 0.013612 -0.003646 0.012053
v 0.014268 -0.003641 0.011591
v 0.010957 -0.003711 0.008928
v 0.010443 -0.003708 0.010014
v 0.010121 -0.003700 0.011470
v 0.012882 -0.006157 0.011950
v 0.012850 -0.003858 0.011929
v 0.013578 -0.006148 0.011888
v 0.013546 -0.003849 0.011867
v 0.014149 -0.006144 0.011486
v 0.014118 -0.003844 0.011465
v 0.014443 -0.006146 0.010852
v 0.014412 -0.003846 0.010831
v 0.014381 -0.006153 0.010156
v 0.014349 -0.003853 0.010135
v 0.013979 -0.006164 0.009584
v 0.013947 -0.003864 0.009563
v 0.013345 -0.006175 0.009290
v 0.013313 -0.003876 0.009269
v 0.012649 -0.006184 0.009353
v 0.012617 -0.003885 0.009332
v 0.012078 -0.006189 0.009755
v 0.012046 -0.003889 0.009734
v 0.011784 -0.006187 0.010389
v 0.011752 -0.003887 0.010368
v 0.011846 -0.006180 0.011085
v 0.011814 -0.003880 0.011064
v 0.012248 -0.006169 0.011656
v 0.012216 -0.003869 0.011635
v 0.011375 -0.008700 0.009519
v 0.011537 -0.008699 0.009297
v 0.011502 -0.006201 0.009274
v 0.013197 -0.008645 0.012743
v 0.012753 -0.006152 0.012689
v 0.013836 -0.006138 0.012592
v 0.014355 -0.008632 0.012362
v 0.014668 -0.008630 0.012092
v 0.014725 -0.006132 0.011967
v 0.013998 -0.008635 0.012564
v 0.013870 -0.008637 0.012615
v 0.015106 -0.008631 0.011401
v 0.014920 -0.008630 0.011769
v 0.014759 -0.008630 0.011990
v 0.015085 -0.006146 0.009898
v 0.015247 -0.008636 0.010594
v 0.015182 -0.006134 0.010980
v 0.015217 -0.008633 0.011004
v 0.014866 -0.008652 0.009436
v 0.015069 -0.008646 0.009795
v 0.015120 -0.008644 0.009921
v 0.014598 -0.008659 0.009124
v 0.014460 -0.006163 0.009009
v 0.014494 -0.008661 0.009032
v 0.013508 -0.008679 0.008574
v 0.013511 -0.008679 0.008575
v 0.013474 -0.006180 0.008552
v 0.013906 -0.008672 0.008685
v 0.014274 -0.008665 0.008871
v 0.013099 -0.008685 0.008544
v 0.012391 -0.006194 0.008649
v 0.012426 -0.008693 0.008672
v 0.011628 -0.008699 0.009195
v 0.011939 -0.008697 0.008926
v 0.012298 -0.008694 0.008723
v 0.011189 -0.008699 0.009887
v 0.011045 -0.006198 0.010260
v 0.011079 -0.008697 0.010283
v 0.011142 -0.006187 0.011343
v 0.011049 -0.008693 0.010694
v 0.011431 -0.008677 0.011852
v 0.011228 -0.008683 0.011493
v 0.011176 -0.008685 0.011366
v 0.011699 -0.008671 0.012163
v 0.011767 -0.006170 0.012232
v 0.011802 -0.008668 0.012255
v 0.012788 -0.008651 0.012712
v 0.012390 -0.008657 0.012602
v 0.012024 -0.008664 0.012417
v 0.038774 -0.006133 0.008266
v 0.038945 -0.006153 0.005857
v 0.039996 -0.006129 0.006900
v 0.039891 -0.006151 0.004623
v 0.036840 -0.006120 0.012658
v 0.039675 -0.006164 0.003547
v 0.038563 -0.006180 0.003472
v 0.039359 -0.006178 0.002500
v 0.037648 -0.006214 0.001236
v 0.038455 -0.006209 0.000525
v 0.038390 -0.006101 0.012332
v 0.038913 -0.006104 0.011311
v 0.038060 -0.006122 0.010574
v 0.039659 -0.006113 0.009161
v 0.039882 -0.006120 0.008035
v 0.037771 -0.006101 0.013302
v 0.036984 -0.006103 0.014297
v 0.037872 -0.006226 -0.000401
v 0.036249 -0.006251 -0.000733
v 0.037211 -0.006243 -0.001266
v 0.035656 -0.006278 -0.002787
v 0.038167 -0.001795 0.002432
v 0.038139 0.000205 0.002413
v 0.037560 0.000186 0.001177
v 0.035089 0.000272 0.014352
v 0.035927 0.000277 0.013569
v 0.034026 0.000265 0.015134
v 0.036751 0.000279 0.012600
v 0.037414 0.000279 0.011605
v 0.037971 0.000277 0.010515
v 0.038405 0.000272 0.009350
v 0.038686 0.000266 0.008207
v 0.038845 0.000256 0.006927
v 0.038856 0.000246 0.005798
v 0.038712 0.000232 0.004467
v 0.038740 -0.001768 0.004486
v 0.038502 -0.001781 0.003431
v 0.037006 0.000170 0.000281
v 0.034351 0.000108 -0.002391
v 0.035418 0.000131 -0.001538
v 0.036161 0.000148 -0.000792
v 0.033223 0.000087 -0.003076
v 0.033458 0.000091 -0.002949
v -0.012196 -0.004255 0.000951
v -0.012461 -0.004256 0.001192
v -0.012584 -0.004255 0.001528
v -0.012537 -0.004251 0.001884
v -0.012331 -0.004245 0.002177
v -0.012012 -0.004239 0.002340
v -0.011844 -0.004236 0.002415
v -0.011714 -0.004233 0.002546
v -0.012052 -0.004254 0.000835
v -0.011961 -0.004254 0.000674
v -0.011808 -0.004257 -0.001872
v -0.011924 -0.000526 -0.001801
v -0.011873 -0.004209 -0.001767
v -0.012128 -0.000527 -0.001652
v 0.032859 0.000015 -0.003185
v 0.033287 0.000256 0.015274
v 0.033670 0.000261 0.015276
v 0.005189 -0.003923 0.010943
v 0.023125 -0.008125 -0.002162
v 0.023040 -0.002026 -0.002218
v 0.022945 -0.008070 -0.002116
v 0.022861 -0.001971 -0.002172
v 0.008542 -0.000275 -0.005350
v 0.008653 -0.008297 -0.005277
v 0.008511 -0.008357 -0.005393
v -0.010540 -0.000541 -0.005530
v -0.010141 -0.000537 -0.005724
v -0.008039 -0.008588 -0.005743
v -0.008301 -0.000511 -0.005704
v -0.008197 -0.008528 -0.005627
v -0.008658 -0.000515 -0.005571
v 0.038863 0.000232 0.004239
v 0.038801 -0.001675 0.004303
v 0.038775 0.000231 0.004285
v 0.038748 -0.001744 0.004387
v 0.038720 0.000231 0.004368
v 0.038738 -0.001762 0.004434
v 0.038888 -0.001579 0.004255
v 0.038962 0.000233 0.004240
v 0.038371 0.000211 0.002673
v 0.038397 -0.001663 0.002690
v 0.038232 0.000208 0.002564
v 0.038259 -0.001759 0.002582
v 0.022077 0.000133 -0.002486
vn 0.2972 -0.0047 -0.9548
vn 0.1132 -0.0090 -0.9935
vn 0.2245 -0.0170 -0.9743
vn 0.1916 -0.0064 -0.9815
vn 0.1412 -0.0071 -0.9900
vn 0.0888 -0.0110 -0.9960
vn 0.2366 -0.0306 -0.9711
vn 0.2160 -0.0060 -0.9764
vn 0.1516 -0.0070 -0.9884
vn 0.1336 -0.0078 -0.9910
vn 0.2150 -0.0065 -0.9766
vn 0.2518 -0.0129 -0.9677
vn 0.3397 -0.0070 -0.9405
vn 0.2795 -0.0050 -0.9601
vn 0.2159 -0.0063 -0.9764
vn 0.1962 -0.0224 -0.9803
vn 0.0138 -0.9999 0.0092
vn 0.0138 -0.9999 0.0091
vn 0.0137 -0.9999 0.0092
vn 0.0138 -0.9999 0.0090
vn 0.0139 -0.9999 0.0092
vn 0.0137 -0.9999 0.0090
vn 0.0140 -0.9999 0.0095
vn 0.0136 -0.9999 0.0082
vn 0.0137 -0.9999 0.0094
vn 0.0140 -0.9999 0.0090
vn 0.0140 -0.9999 0.0094
vn 0.0139 -0.9999 0.0093
vn 0.0137 -0.9999 0.0093
vn 0.0139 -0.9999 0.0091
vn 0.7386 0.6639 -0.1170
vn 0.7386 0.6638 -0.1175
vn 0.7238 0.6630 -0.1911
vn 0.7238 0.6629 -0.1916
vn 0.7028 0.6620 -0.2605
vn 0.7027 0.6619 -0.2609
vn 0.6762 0.6612 -0.3249
vn 0.6760 0.6611 -0.3254
vn 0.6444 0.6606 -0.3851
vn 0.6441 0.6606 -0.3857
vn 0.6074 0.6603 -0.4417
vn 0.6070 0.6603 -0.4423
vn 0.5646 0.6601 -0.4955
vn 0.5641 0.6601 -0.4961
vn 0.5151 0.6600 -0.5469
vn 0.5146 0.6600 -0.5474
vn 0.4597 0.6596 -0.5947
vn 0.4593 0.6596 -0.5949
vn 0.0469 0.6883 -0.7239
vn -0.0184 0.7674 -0.6409
vn 0.0414 0.6800 -0.7321
vn -0.0362 0.6714 -0.7402
vn 0.0370 0.6669 -0.7442
vn -0.0445 0.6563 -0.7532
vn -0.0422 0.6569 -0.7528
vn -0.0821 0.6600 -0.7468
vn -0.0792 0.6603 -0.7469
vn -0.0844 0.6635 -0.7434
vn -0.0845 0.6634 -0.7435
vn -0.0369 0.6660 -0.7450
vn 0.2751 0.6632 -0.6960
vn 0.2970 0.6648 -0.6855
vn 0.2912 0.6650 -0.6877
vn 0.1024 0.6706 -0.7347
vn 0.1984 0.6593 -0.7252
vn 0.1637 0.6874 -0.7076
vn 0.1986 0.6630 -0.7218
vn 0.1611 0.6748 -0.7202
vn 0.0977 0.6671 -0.7385
vn 0.1365 0.6656 -0.7337
vn 0.1393 0.6468 -0.7498
vn 0.2791 0.6633 -0.6943
vn 0.2666 0.6650 -0.6976
vn 0.2451 0.6603 -0.7099
vn 0.2563 0.6599 -0.7063
vn 0.2365 0.6618 -0.7114
vn 0.2223 0.6771 -0.7015
vn 0.0842 0.6757 -0.7324
vn 0.1091 0.6668 -0.7372
vn -0.1399 0.6785 0.7212
vn -0.1285 0.6685 0.7326
vn -0.1441 0.6871 0.7121
vn -0.1604 0.6686 0.7261
vn -0.1619 0.6678 0.7265
vn -0.1243 0.6670 0.7347
vn -0.1007 0.6697 0.7358
vn -0.1007 0.6676 0.7377
vn -0.0645 0.6731 0.7367
vn -0.0893 0.6890 0.7193
vn -0.0665 0.6732 0.7364
vn -0.1687 0.6665 0.7262
vn -0.1682 0.6666 0.7262
vn -0.1527 0.6664 0.7298
vn -0.1503 0.6609 0.7352
vn -0.1214 0.6663 0.7357
vn -0.1236 0.6656 0.7360
vn -0.1749 0.6650 0.7261
vn -0.1719 0.6701 0.7221
vn -0.1711 0.6714 0.7211
vn 0.6090 0.6681 0.4274
vn 0.6058 0.6696 0.4297
vn 0.6445 0.6693 0.3696
vn 0.6451 0.6690 0.3691
vn 0.6775 0.6685 0.3067
vn 0.6782 0.6681 0.3060
vn 0.7042 0.6676 0.2416
vn 0.7048 0.6672 0.2409
vn 0.7246 0.6667 0.1744
vn 0.7251 0.6664 0.1736
vn 0.7386 0.6660 0.1049
vn 0.7389 0.6657 0.1041
vn 0.7459 0.6653 0.0331
vn 0.7461 0.6651 0.0324
vn 0.7460 0.6647 -0.0411
vn 0.7461 0.6645 -0.0418
vn -0.0916 0.6667 0.7397
vn -0.0961 0.6651 0.7406
vn -0.0576 0.6680 0.7420
vn -0.0585 0.6680 0.7419
vn -0.0373 0.6690 0.7423
vn -0.0402 0.6700 0.7413
vn -0.0403 0.6895 0.7232
vn -0.0443 0.6859 0.7263
vn 0.3233 0.6625 -0.6757
vn 0.3191 0.6637 -0.6765
vn 0.3006 0.6614 -0.6872
vn 0.2995 0.6613 -0.6878
vn 0.2542 0.6591 -0.7078
vn 0.2535 0.6597 -0.7075
vn 0.3233 0.6665 -0.6717
vn 0.3067 0.6867 -0.6590
vn 0.3045 0.6805 -0.6665
vn 0.0077 0.6573 -0.7536
vn -0.0320 0.6583 -0.7521
vn 0.4013 0.6588 -0.6363
vn 0.4016 0.6589 -0.6360
vn 0.3271 0.6572 -0.6791
vn 0.3294 0.6580 -0.6771
vn 0.2468 0.6562 -0.7131
vn 0.2503 0.6573 -0.7109
vn 0.1794 0.6547 -0.7343
vn 0.1862 0.6567 -0.7308
vn 0.1207 0.6554 -0.7456
vn 0.1287 0.6577 -0.7422
vn 0.0600 0.6545 -0.7537
vn 0.0707 0.6577 -0.7499
vn 0.0192 0.6592 -0.7517
vn 0.5581 0.6726 0.4860
vn 0.5766 0.6656 0.4738
vn 0.5167 0.6697 0.5334
vn 0.1730 0.6700 0.7219
vn 0.1812 0.6677 0.7220
vn 0.2340 0.6695 0.7050
vn 0.2433 0.6674 0.7038
vn 0.2895 0.6698 0.6837
vn 0.3031 0.6671 0.6805
vn 0.3425 0.6701 0.6585
vn 0.3599 0.6669 0.6524
vn 0.3933 0.6705 0.6291
vn 0.4142 0.6670 0.6193
vn 0.4422 0.6709 0.5952
vn 0.4662 0.6671 0.5810
vn 0.4892 0.6713 0.5569
vn 0.5403 0.6664 0.5138
vn 0.1312 0.6686 0.7319
vn 0.1085 0.6698 0.7345
vn 0.1003 0.6679 0.7375
vn -0.0736 0.6684 0.7402
vn 0.0626 0.6671 0.7424
vn 0.0573 0.6682 0.7418
vn 0.0167 0.6667 0.7451
vn 0.0119 0.6678 0.7442
vn -0.0248 0.6662 0.7454
vn -0.0291 0.6671 0.7444
vn -0.0606 0.6661 0.7434
vn -0.0918 0.6678 0.7387
vn -0.1276 0.6659 0.7350
vn -0.7507 0.6404 0.1625
vn -0.7509 0.6386 0.1682
vn -0.7619 0.6393 0.1036
vn -0.7627 0.6373 0.1103
vn -0.7678 0.6389 0.0474
vn -0.7670 0.6399 0.0485
vn -0.7687 0.6397 -0.0016
vn -0.7685 0.6386 -0.0396
vn -0.7742 0.6061 -0.1824
vn -0.7325 0.6373 -0.2395
vn -0.7738 0.6236 -0.1111
vn -0.7561 0.6392 -0.1404
vn -0.7666 0.6390 -0.0635
vn -0.4596 0.6627 0.5912
vn -0.4599 0.6628 0.5910
vn -0.5041 0.6613 0.5555
vn -0.5022 0.6608 0.5578
vn -0.5324 0.6600 0.5301
vn -0.5308 0.6591 0.5328
vn -0.5658 0.6577 0.4974
vn -0.5535 0.6572 0.5116
vn -0.5750 0.6564 0.4884
vn -0.5968 0.6551 0.4633
vn -0.5953 0.6546 0.4659
vn -0.6194 0.6534 0.4351
vn -0.6176 0.6512 0.4411
vn -0.6447 0.6530 0.3974
vn -0.6388 0.6479 0.4149
vn -0.6648 0.6504 0.3673
vn -0.6631 0.6481 0.3745
vn -0.6857 0.6471 0.3333
vn -0.6845 0.6432 0.3430
vn -0.7101 0.6430 0.2869
vn -0.7383 0.6403 0.2120
vn -0.7388 0.6413 0.2070
vn -0.7286 0.6411 0.2410
vn -0.7294 0.6410 0.2390
vn -0.7147 0.6433 0.2746
vn -0.6977 0.6395 0.3228
vn -0.1633 0.6645 0.7292
vn -0.1596 0.6665 0.7282
vn -0.0734 0.6622 -0.7458
vn -0.0838 0.6637 -0.7433
vn -0.0394 0.6650 -0.7458
vn 0.0434 0.6669 -0.7439
vn -0.1532 0.6650 0.7309
vn -0.1017 0.6672 0.7379
vn -0.3497 0.6678 0.6571
vn -0.2973 0.6688 0.6814
vn -0.2828 0.6676 0.6887
vn -0.2683 0.6662 0.6959
vn -0.2341 0.6657 0.7085
vn -0.2366 0.6663 0.7071
vn -0.1945 0.6657 0.7204
vn -0.1969 0.6663 0.7192
vn -0.1574 0.6658 0.7293
vn -0.1245 0.6607 0.7403
vn -0.4083 0.6649 0.6255
vn -0.3989 0.6629 0.6336
vn -0.3352 0.6680 0.6644
vn -0.1312 0.6670 0.7334
vn -0.0992 0.6680 0.7376
vn -0.0623 0.6687 0.7409
vn 0.2959 0.6621 -0.6886
vn 0.2478 0.6603 -0.7089
vn 0.1991 0.6594 -0.7250
vn 0.1330 0.6616 -0.7380
vn -0.0600 0.6684 0.7413
vn -0.0424 0.6691 0.7420
vn 0.3174 0.6621 -0.6789
vn 0.2975 0.6605 -0.6893
vn 0.2536 0.6588 -0.7083
vn -0.0833 0.6561 -0.7501
vn -0.0737 0.6577 -0.7497
vn -0.0080 0.6551 -0.7555
vn -0.0046 0.6526 -0.7577
vn 0.0716 0.6533 -0.7537
vn 0.2033 0.6588 -0.7244
vn 0.0394 0.6481 -0.7605
vn 0.0898 0.6561 -0.7493
vn 0.1266 0.6550 -0.7450
vn 0.1314 0.6562 -0.7431
vn 0.1644 0.6556 -0.7370
vn 0.1682 0.6566 -0.7352
vn 0.1909 0.6563 -0.7300
vn 0.2164 0.6588 -0.7205
vn -0.4343 0.6540 -0.6194
vn -0.4850 0.6620 -0.5714
vn -0.5020 0.6558 -0.5639
vn -0.4549 0.6542 -0.6042
vn -0.4009 0.6526 -0.6430
vn -0.3406 0.6489 -0.6803
vn -0.3626 0.6530 -0.6648
vn -0.1434 0.6575 -0.7397
vn -0.1525 0.6558 -0.7393
vn -0.2156 0.6566 -0.7228
vn -0.2333 0.6524 -0.7211
vn -0.2845 0.6534 -0.7015
vn -0.3310 0.6542 -0.6801
vn 0.9854 0.0838 -0.1480
vn 0.9877 0.0551 -0.1462
vn 0.9658 0.0826 -0.2457
vn 0.9671 0.0538 -0.2485
vn 0.9380 0.0813 -0.3371
vn 0.9405 0.0501 -0.3361
vn 0.9030 0.0800 -0.4221
vn 0.9050 0.0502 -0.4225
vn 0.8615 0.0788 -0.5016
vn 0.8633 0.0491 -0.5022
vn 0.8132 0.0776 -0.5768
vn 0.8134 0.0415 -0.5802
vn 0.7575 0.0764 -0.6484
vn 0.7604 0.0409 -0.6482
vn 0.6930 0.0752 -0.7170
vn 0.6956 0.0416 -0.7172
vn 0.6188 0.0735 -0.7821
vn 0.6214 0.0430 -0.7823
vn 0.9839 0.1009 -0.1477
vn 0.9643 0.0996 -0.2453
vn 0.9365 0.0983 -0.3366
vn 0.9016 0.0970 -0.4215
vn 0.8601 0.0958 -0.5010
vn 0.8119 0.0946 -0.5761
vn 0.7562 0.0935 -0.6477
vn 0.6917 0.0923 -0.7163
vn 0.6190 0.0911 -0.7801
vn -0.0138 0.9999 -0.0092
vn -0.0138 0.9999 -0.0091
vn -0.0139 0.9999 -0.0092
vn -0.0139 0.9999 -0.0093
vn -0.0142 0.9999 -0.0094
vn -0.0150 0.9998 -0.0101
vn -0.0148 0.9998 -0.0099
vn -0.0194 0.9998 -0.0108
vn -0.0154 0.9998 -0.0096
vn -0.0140 0.9999 -0.0092
vn -0.0137 0.9999 -0.0092
vn -0.0136 0.9999 -0.0091
vn -0.0140 0.9999 -0.0091
vn -0.0138 0.9999 -0.0093
vn 0.8640 0.0897 0.4954
vn 0.8130 0.0888 0.5754
vn 0.8151 0.0561 0.5765
vn 0.9973 0.0558 -0.0481
vn 0.9952 0.0849 -0.0480
vn 0.9971 0.0577 0.0499
vn 0.9951 0.0858 0.0497
vn 0.9901 0.0558 0.1289
vn 0.9857 0.0877 0.1436
vn 0.9816 0.0553 0.1826
vn 0.9676 0.0883 0.2365
vn 0.9418 0.0885 0.3243
vn 0.9512 0.0550 0.3038
vn 0.9690 0.0558 0.2405
vn 0.9073 0.0899 0.4107
vn 0.9212 0.0554 0.3852
vn 0.9381 0.0575 0.3416
vn 0.8583 0.0543 0.5103
vn 0.8843 0.0579 0.4634
vn 0.9050 0.0569 0.4215
vn 0.8114 0.1060 0.5747
vn 0.8629 0.1058 0.4942
vn 0.9057 0.1055 0.4105
vn 0.9401 0.1050 0.3244
vn 0.9662 0.1044 0.2357
vn 0.9841 0.1037 0.1442
vn 0.9934 0.1029 0.0498
vn 0.9936 0.1020 -0.0479
vn -0.0136 0.9999 -0.0092
vn -0.0139 0.9999 -0.0091
vn -0.0143 0.9998 -0.0101
vn -0.0142 0.9998 -0.0099
vn -0.0136 0.9999 -0.0093
vn -0.0137 0.9999 -0.0093
vn -0.0140 0.9999 -0.0093
vn -0.0143 0.9999 -0.0095
vn -0.6322 0.6269 -0.4554
vn -0.4575 0.6500 -0.6068
vn -0.4289 0.6551 -0.6220
vn -0.2425 0.6589 -0.7121
vn -0.2980 0.6582 -0.6914
vn -0.1563 0.6541 -0.7401
vn -0.0794 0.6538 -0.7525
vn -0.0552 0.6551 -0.7535
vn 0.0306 0.6426 -0.7656
vn 0.0768 0.6532 -0.7533
vn 0.0201 0.6564 -0.7542
vn -0.6815 0.6353 -0.3634
vn -0.7669 0.5947 -0.2412
vn -0.7191 0.6125 -0.3282
vn -0.5971 0.6392 -0.4846
vn -0.5175 0.6467 -0.5603
vn 0.1069 0.0287 -0.9939
vn 0.0032 0.0331 -0.9994
vn -0.0003 0.0654 -0.9979
vn 0.1770 0.0311 -0.9837
vn 0.1318 0.0657 -0.9891
vn 0.2683 0.0689 -0.9609
vn 0.3703 0.0776 -0.9256
vn 0.3118 0.0363 -0.9495
vn 0.2535 0.0335 -0.9667
vn 0.4485 0.0750 -0.8906
vn 0.4273 0.0380 -0.9033
vn 0.3697 0.0329 -0.9286
vn 0.5368 0.0715 -0.8407
vn 0.5337 0.0321 -0.8451
vn 0.4757 0.0343 -0.8789
vn -0.0300 0.0850 -0.9959
vn 0.0364 0.0834 -0.9959
vn 0.5433 0.0905 -0.8346
vn 0.4486 0.0920 -0.8890
vn 0.3367 0.0838 -0.9379
vn 0.2627 0.0815 -0.9614
vn 0.1832 0.0829 -0.9796
vn 0.1063 0.0855 -0.9906
vn 0.7561 0.0547 0.6522
vn 0.7548 0.0888 0.6499
vn 0.6931 0.0513 0.7191
vn 0.6924 0.0886 0.7160
vn 0.6417 0.0505 0.7653
vn 0.6275 0.0895 0.7735
vn 0.5996 0.0559 0.7983
vn 0.5580 0.0892 0.8250
vn 0.2530 0.0871 0.9635
vn 0.2510 0.0483 0.9668
vn 0.3347 0.0875 0.9383
vn 0.3360 0.0532 0.9403
vn 0.4130 0.0878 0.9065
vn 0.4146 0.0549 0.9083
vn 0.4875 0.0880 0.8687
vn 0.4905 0.0546 0.8697
vn 0.5537 0.0500 0.8312
vn 0.2511 0.1052 0.9622
vn 0.3329 0.1054 0.9371
vn 0.4113 0.1056 0.9054
vn 0.4858 0.1057 0.8676
vn 0.5571 0.1058 0.8237
vn 0.6254 0.1059 0.7731
vn 0.6909 0.1060 0.7152
vn 0.7532 0.1061 0.6491
vn -0.8837 0.0555 -0.4647
vn -0.7770 0.0693 -0.6257
vn -0.7657 0.0376 -0.6422
vn -0.6509 0.0598 -0.7568
vn -0.6764 0.0738 -0.7328
vn -0.5219 0.0345 -0.8523
vn -0.9496 0.0283 -0.3122
vn -0.9517 0.0474 -0.3034
vn -0.8982 0.0242 -0.4390
vn -0.7741 0.0210 -0.6327
vn -0.0956 0.0841 0.9919
vn -0.1583 0.0849 0.9837
vn -0.1568 0.0491 0.9864
vn 0.1851 0.0374 0.9820
vn 0.1741 0.0864 0.9809
vn 0.1258 0.0525 0.9907
vn 0.0871 0.0871 0.9924
vn -0.0959 0.0499 0.9941
vn -0.0326 0.0494 0.9982
vn -0.0130 0.0855 0.9963
vn 0.0221 0.0524 0.9984
vn 0.0790 0.0504 0.9956
vn 0.1852 0.1048 0.9771
vn 0.1432 0.1038 0.9842
vn 0.0872 0.0980 0.9914
vn 0.0414 0.0872 0.9953
vn -0.0256 0.1005 0.9946
vn -0.1591 0.1037 0.9818
vn -0.1099 0.1036 0.9885
vn -0.0649 0.0956 0.9933
vn 0.2428 0.0286 0.9696
vn 0.2430 0.0201 0.9698
vn 0.3421 0.0211 0.9394
vn 0.4953 0.0276 0.8683
vn 0.4154 0.0308 0.9091
vn 0.3425 0.0302 0.9390
vn 0.4161 0.0218 0.9090
vn 0.4983 0.0225 0.8667
vn 0.6052 0.0233 0.7958
vn 0.6059 0.0240 0.7951
vn 0.7060 0.0329 0.7074
vn 0.7029 0.0238 0.7109
vn 0.7676 0.0240 0.6405
vn 0.7670 0.0351 0.6407
vn 0.8226 0.0241 0.5681
vn 0.8210 0.0316 0.5700
vn -0.9827 0.0514 -0.1778
vn -0.9780 0.0532 0.2018
vn -0.9726 0.0760 0.2199
vn -0.9884 0.0616 0.1389
vn -0.9764 0.0272 0.2143
vn -0.9961 0.0555 0.0690
vn -0.9949 0.0329 0.0954
vn -0.9881 0.0197 0.1525
vn -0.9959 0.0552 -0.0714
vn -0.9991 0.0308 -0.0295
vn -0.9985 0.0541 0.0040
vn -0.9996 0.0271 0.0109
vn -0.9983 0.0281 0.0518
vn -0.9791 0.0266 -0.2014
vn -0.9909 0.0295 -0.1312
vn -0.9969 0.0262 -0.0743
vn -0.0855 0.0672 -0.9941
vn -0.0851 0.0286 -0.9960
vn -0.1007 0.0675 -0.9926
vn -0.1002 0.0277 -0.9946
vn -0.0421 0.0686 -0.9968
vn -0.0421 0.0285 -0.9987
vn 0.0704 0.0701 -0.9951
vn 0.0699 0.0289 -0.9971
vn -0.0870 0.0851 -0.9926
vn -0.1009 0.0859 -0.9912
vn -0.0416 0.0873 -0.9953
vn 0.0705 0.0886 -0.9936
vn 0.6300 0.0182 -0.7764
vn 0.6297 0.0091 -0.7768
vn 0.5603 0.0077 -0.8282
vn 0.5615 0.0142 -0.8274
vn 0.4470 0.0088 -0.8945
vn 0.4449 0.0055 -0.8955
vn 0.2981 0.0030 -0.9545
vn 0.2949 0.0068 -0.9555
vn 0.1671 0.0098 -0.9859
vn 0.1673 0.0011 -0.9859
vn 0.0724 -0.0003 -0.9974
vn 0.0661 0.0211 -0.9976
vn -0.0109 -0.0014 -0.9999
vn -0.0084 0.0116 -0.9999
vn 0.1721 0.0375 -0.9844
vn 0.1862 0.0696 -0.9800
vn 0.2308 0.0383 -0.9722
vn 0.2770 0.0713 -0.9582
vn 0.2777 0.0479 -0.9595
vn 0.3427 0.0418 -0.9385
vn 0.3435 0.0738 -0.9362
vn 0.4062 0.0401 -0.9129
vn 0.4043 0.0754 -0.9115
vn 0.1868 0.0896 -0.9783
vn 0.2748 0.0909 -0.9572
vn 0.3421 0.0924 -0.9351
vn 0.4029 0.0939 -0.9104
vn -0.0854 0.0044 -0.9963
vn -0.0999 0.0062 -0.9950
vn -0.0420 0.0071 -0.9991
vn 0.0478 0.0047 -0.9988
vn 0.4335 0.0763 -0.8979
vn 0.4342 0.0366 -0.9001
vn 0.4056 0.0752 -0.9109
vn 0.4063 0.0353 -0.9131
vn 0.3428 0.0719 -0.9366
vn 0.3442 0.0360 -0.9382
vn 0.4328 0.0949 -0.8965
vn 0.4057 0.0942 -0.9092
vn 0.3481 0.0921 -0.9329
vn 0.1361 0.0089 -0.9907
vn 0.1243 0.0007 -0.9922
vn 0.2160 0.0021 -0.9764
vn 0.2182 0.0142 -0.9758
vn 0.3031 0.0035 -0.9530
vn 0.3084 0.0048 -0.9512
vn 0.3603 0.0045 -0.9328
vn 0.3600 0.0097 -0.9329
vn 0.4105 0.0054 -0.9118
vn 0.4089 0.0134 -0.9125
vn -0.6225 0.0293 -0.7821
vn -0.6555 0.0349 -0.7544
vn -0.6389 0.0871 -0.7643
vn -0.6692 0.0356 -0.7422
vn -0.6830 0.0339 -0.7297
vn -0.6886 0.0279 -0.7246
vn -0.7065 0.0093 -0.7077
vn -0.7045 0.0290 -0.7091
vn -0.6492 0.0843 -0.7559
vn -0.7013 0.0314 -0.7122
vn -0.7264 0.0133 -0.6871
vn -0.5695 0.0979 -0.8162
vn -0.4844 0.1074 -0.8682
vn -0.5396 0.0374 -0.8411
vn -0.5813 0.0293 -0.8132
vn -0.4439 0.0453 -0.8949
vn -0.4569 0.0912 -0.8848
vn -0.3800 0.0600 -0.9230
vn -0.2907 0.1029 -0.9513
vn -0.3353 0.0364 -0.9414
vn -0.2843 0.0344 -0.9581
vn -0.1897 0.0898 -0.9777
vn -0.2330 0.0375 -0.9718
vn -0.0857 0.0731 -0.9936
vn -0.1386 0.0266 -0.9900
vn -0.1851 0.0359 -0.9821
vn -0.0967 0.0841 -0.9918
vn 0.2639 0.0696 -0.9621
vn -0.1000 0.0191 -0.9948
vn -0.0071 0.0702 -0.9975
vn -0.0688 0.0117 -0.9976
vn 0.0755 0.0669 -0.9949
vn -0.0656 0.0057 -0.9978
vn 0.0799 0.0345 -0.9962
vn 0.1719 0.0251 -0.9848
vn 0.1746 0.0674 -0.9823
vn 0.2245 0.0338 -0.9739
vn 0.2744 0.0379 -0.9609
vn -0.0033 0.0880 -0.9961
vn 0.1097 0.0863 -0.9902
vn 0.1833 0.0824 -0.9796
vn 0.2236 0.0771 -0.9716
vn 0.2973 0.0872 -0.9508
vn 0.2640 0.0889 -0.9604
vn -0.0631 -0.0010 -0.9980
vn 0.0785 -0.0014 -0.9969
vn -0.0601 -0.0096 -0.9981
vn -0.0580 -0.0091 -0.9983
vn 0.2972 0.0110 -0.9547
vn 0.2918 0.0063 -0.9565
vn 0.2242 0.0020 -0.9746
vn 0.2231 0.0095 -0.9748
vn 0.1445 0.0007 -0.9895
vn 0.1381 0.0187 -0.9902
vn 0.0801 0.0126 -0.9967
vn -0.0588 -0.0063 -0.9983
vn 0.3481 0.0129 -0.9374
vn 0.8011 0.0190 0.5983
vn 0.8285 0.0236 0.5595
vn 0.7577 0.0311 0.6518
vn 0.7609 0.0131 0.6488
vn 0.7111 0.0221 0.7027
vn 0.6945 0.0175 0.7193
vn 0.6814 0.0186 0.7317
vn 0.8244 0.0166 0.5657
vn 0.8622 0.0198 0.5061
vn 0.9025 -0.0087 0.4306
vn 0.8960 -0.0272 0.4433
vn 0.9016 -0.0130 0.4323
vn 0.9384 0.0102 0.3453
vn 0.8962 0.0165 0.4434
vn 0.9190 0.0163 0.3939
vn 0.9521 0.0281 0.3046
vn 0.9807 0.0072 0.1955
vn 0.9707 0.0329 0.2381
vn 0.9954 0.0125 0.0945
vn 0.9934 0.0146 -0.1140
vn 0.9878 0.0223 -0.1541
vn 0.9993 0.0179 -0.0335
vn 0.9989 0.0149 -0.0438
vn 0.9980 0.0188 0.0607
vn 0.9904 0.0149 0.1372
vn 0.9875 0.0122 -0.1574
vn 0.9754 0.0281 -0.2187
vn 0.9546 0.0172 -0.2973
vn 0.9555 0.0130 -0.2947
vn 0.9190 0.0176 -0.3939
vn 0.9252 0.0093 -0.3793
vn 0.8893 0.0237 -0.4568
vn 0.8517 0.0155 -0.5238
vn 0.8490 0.0078 -0.5283
vn 0.7863 0.0045 -0.6179
vn 0.7954 0.0297 -0.6054
vn 0.6665 -0.1605 -0.7280
vn 0.7814 0.1309 -0.6101
vn 0.6237 -0.0032 -0.7816
vn 0.7489 0.1723 -0.6398
vn 0.6959 0.0454 -0.7167
vn 0.6383 0.0017 -0.7697
vn 0.5929 0.0135 -0.8052
vn 0.5002 0.0078 -0.8659
vn 0.5619 0.0384 -0.8263
vn 0.4773 -0.0025 -0.8788
vn 0.3908 -0.0019 -0.9205
vn 0.3946 0.0066 -0.9188
vn 0.2565 -0.0308 -0.9660
vn 0.3230 0.0263 -0.9460
vn 0.1616 -0.0162 -0.9867
vn 0.1666 -0.0089 -0.9860
vn 0.0295 -0.0109 -0.9995
vn 0.0148 -0.0133 -0.9998
vn -0.0915 0.0007 -0.9958
vn -0.0813 -0.0103 -0.9966
vn -0.1670 -0.0036 -0.9859
vn -0.2280 -0.0077 -0.9736
vn -0.2731 -0.0181 -0.9618
vn -0.3394 -0.0019 -0.9406
vn -0.3236 -0.0132 -0.9461
vn -0.3723 0.0028 -0.9281
vn -0.4630 -0.0052 -0.8863
vn -0.4048 0.0142 -0.9143
vn -0.4812 -0.0147 -0.8765
vn -0.5655 -0.0146 -0.8246
vn -0.5305 -0.0146 -0.8475
vn -0.5770 -0.0053 -0.8167
vn -0.6774 -0.0471 -0.7341
vn -0.6212 0.0161 -0.7835
vn -0.7443 -0.0266 -0.6673
vn -0.7453 -0.0291 -0.6661
vn -0.8252 -0.0537 -0.5622
vn -0.8847 -0.0483 -0.4636
vn -0.8921 -0.0165 -0.4516
vn -0.9391 -0.0534 -0.3396
vn -0.9723 -0.0475 -0.2289
vn -0.9762 -0.0155 -0.2161
vn -0.9940 -0.0522 -0.0957
vn -0.9992 -0.0330 -0.0237
vn -0.9995 -0.0081 0.0290
vn -0.9974 -0.0149 0.0707
vn -0.9877 -0.0185 0.1551
vn -0.9811 -0.0199 0.1925
vn -0.9592 -0.0069 0.2828
vn -0.9680 -0.0107 0.2509
vn -0.9554 -0.0014 0.2954
vn -0.9174 -0.0019 0.3981
vn -0.8717 -0.0075 0.4900
vn -0.8644 0.0016 0.5028
vn -0.8979 -0.0103 0.4400
vn -0.9408 0.0190 0.3385
vn -0.7203 -0.0036 0.6937
vn -0.7200 -0.0036 0.6940
vn -0.7197 0.0038 0.6943
vn -0.7622 -0.0006 0.6473
vn -0.8455 0.0014 0.5340
vn -0.8151 -0.0011 0.5794
vn -0.7587 0.0128 0.6513
vn -0.6315 -0.0025 0.7754
vn -0.6406 -0.0013 0.7679
vn -0.5351 -0.0005 0.8448
vn -0.5551 0.0017 0.8318
vn -0.4264 -0.0032 0.9046
vn -0.4667 0.0030 0.8844
vn -0.3213 -0.0002 0.9470
vn -0.3199 0.0030 0.9474
vn -0.2038 0.0082 0.9790
vn -0.1637 0.0059 0.9865
vn -0.0822 0.0102 0.9966
vn -0.0553 0.0080 0.9984
vn 0.0352 0.0114 0.9993
vn 0.0543 0.0100 0.9985
vn 0.1569 0.0128 0.9875
vn 0.4174 0.0140 0.9086
vn 0.4369 0.0205 0.8993
vn 0.3310 0.0131 0.9435
vn 0.2699 0.0158 0.9628
vn 0.2357 0.0116 0.9718
vn 0.1582 0.0115 0.9873
vn 0.4601 0.0148 0.8877
vn 0.5015 0.0195 0.8649
vn 0.5909 0.0185 0.8066
vn 0.5551 0.0199 0.8316
vn 0.6164 0.0156 0.7873
vn 0.6598 0.0160 0.7513
vn -0.1057 0.0077 0.9944
vn -0.1234 0.0074 0.9923
vn -0.2266 0.0058 0.9740
vn -0.0029 0.0091 1.0000
vn 0.9965 0.0145 0.0818
vn 0.9979 0.0132 -0.0634
vn 0.9670 0.0110 -0.2544
vn 0.9000 0.0084 -0.4359
vn 0.7992 0.0055 -0.6010
vn 0.6685 0.0024 -0.7437
vn 0.5128 -0.0008 -0.8585
vn 0.3379 -0.0040 -0.9412
vn 0.1504 -0.0070 -0.9886
vn -0.0428 -0.0098 -0.9990
vn -0.2344 -0.0122 -0.9721
vn -0.4172 -0.0141 -0.9087
vn -0.4168 -0.0138 -0.9089
vn -0.4534 -0.0142 -0.8912
vn -0.5498 -0.0148 -0.8352
vn -0.4597 -0.0145 -0.8880
vn 0.0218 -0.0089 -0.9997
vn -0.2027 -0.0133 -0.9791
vn -0.2087 -0.0119 -0.9779
vn 0.0136 -0.9999 0.0092
vn 0.9816 0.0097 0.1909
vn 0.9745 0.0088 0.2240
vn 0.9990 0.0081 0.0448
vn 0.9999 0.0087 0.0126
vn 0.9978 0.0109 -0.0661
vn 0.9781 0.0030 -0.2083
vn 0.9848 0.0120 -0.1733
vn 0.9602 0.0087 -0.2790
vn 0.9095 0.0010 -0.4157
vn 0.9245 0.0093 -0.3810
vn 0.8778 0.0059 -0.4789
vn 0.7975 -0.0014 -0.6034
vn 0.8210 0.0061 -0.5709
vn 0.7544 0.0028 -0.6565
vn 0.6474 -0.0040 -0.7622
vn 0.6791 0.0026 -0.7340
vn 0.5956 -0.0005 -0.8033
vn 0.4664 -0.0066 -0.8846
vn 0.5055 -0.0009 -0.8628
vn 0.4091 -0.0038 -0.9125
vn 0.2631 -0.0092 -0.9647
vn 0.3082 -0.0045 -0.9513
vn 0.2020 -0.0061 -0.9794
vn 0.0473 -0.0108 -0.9988
vn 0.0379 -0.0073 -0.9993
vn -0.1709 -0.0128 -0.9852
vn -0.1755 -0.0110 -0.9844
vn -0.2571 -0.0129 -0.9663
vn -0.2578 -0.0124 -0.9661
vn 0.8656 0.0166 0.5004
vn 0.8743 0.0127 0.4853
vn 0.9482 0.0151 0.3175
vn 0.9727 0.0156 0.2316
vn 0.9519 0.0138 0.3060
vn 0.0136 -0.9999 0.0093
vn 0.0137 -0.9999 0.0091
vn 0.9893 0.0414 -0.1397
vn 0.9955 0.0453 -0.0834
vn 0.9986 0.0453 -0.0280
vn 0.9986 0.0516 0.0066
vn 0.9965 0.0409 0.0734
vn 0.9898 0.0406 0.1363
vn 0.9815 0.0425 0.1869
vn 0.9663 0.0403 0.2542
vn 0.9378 0.0365 0.3453
vn 0.9452 0.0315 0.3248
vn 0.9599 0.0217 0.2795
vn 0.8908 0.0255 0.4537
vn 0.8733 0.0290 0.4864
vn 0.8701 0.0241 0.4924
vn -0.9878 -0.0140 0.1549
vn -0.9999 -0.0083 0.0125
vn -0.9903 -0.0048 0.1389
vn -0.9538 -0.0110 0.3001
vn -0.9676 -0.0111 0.2523
vn -0.9341 -0.0112 0.3567
vn -0.9087 -0.0063 0.4175
vn -0.8877 -0.0103 0.4604
vn -0.8530 -0.0044 0.5219
vn -0.8517 -0.0065 0.5239
vn -0.8116 -0.0054 0.5841
vn -0.7808 -0.0021 0.6248
vn -0.7599 -0.0049 0.6500
vn -0.6998 -0.0028 0.7143
vn -0.7038 -0.0010 0.7104
vn -0.6066 -0.0028 0.7950
vn -0.6260 0.0011 0.7798
vn -0.5082 0.0009 0.8612
vn -0.5391 0.0003 0.8423
vn -0.4739 0.0027 0.8806
vn -0.3956 0.0035 0.9184
vn -0.4077 0.0052 0.9131
vn -0.2831 0.0040 0.9591
vn -0.3420 0.0056 0.9397
vn -0.2715 0.0057 0.9624
vn -0.1630 0.0063 0.9866
vn -0.1701 0.0073 0.9854
vn -0.0430 0.0094 0.9990
vn -0.0648 0.0083 0.9979
vn 0.0387 0.0067 0.9992
vn 0.0812 0.0110 0.9966
vn 0.2140 0.0039 0.9768
vn 0.2013 0.0118 0.9795
vn 0.4452 0.0208 0.8952
vn 0.4018 0.0064 0.9157
vn 0.5267 0.0418 0.8490
vn 0.6178 0.0302 0.7858
vn 0.3193 0.0119 0.9476
vn 0.4164 0.0141 0.9091
vn 0.3768 0.0137 0.9262
vn 0.5656 0.0649 0.8221
vn 0.6386 0.0156 0.7694
vn 0.6852 0.0354 0.7275
vn 0.6805 0.0206 0.7325
vn 0.7306 0.0620 0.6800
vn 0.8206 0.0447 0.5698
vn 0.7622 0.0495 0.6454
vn 0.7892 0.0266 0.6136
vn 0.9497 0.0115 0.3131
vn 0.9147 0.0331 0.4029
vn 0.8930 0.0413 0.4482
vn 0.8360 0.0172 0.5485
vn 0.9880 0.0055 -0.1542
vn 0.9824 0.0119 -0.1863
vn 0.9973 0.0142 -0.0725
vn 0.9993 0.0344 0.0132
vn 0.9969 0.0302 0.0731
vn 0.9890 0.0052 0.1476
vn 0.9827 0.0057 0.1849
vn 0.9534 0.0159 0.3012
vn 0.9510 0.0128 -0.3089
vn 0.9555 0.0182 -0.2943
vn 0.9077 0.0074 -0.4196
vn 0.9113 0.0221 -0.4111
vn 0.8445 0.0174 -0.5352
vn 0.8042 0.0057 -0.5943
vn 0.7843 0.0188 -0.6202
vn 0.8336 0.0066 -0.5524
vn 0.8856 0.0712 -0.4590
vn 0.7820 0.0083 -0.6233
vn 0.7472 0.0345 -0.6637
vn 0.6833 0.0125 -0.7300
vn 0.7247 0.0329 -0.6883
vn 0.6799 0.0053 -0.7332
vn 0.6015 -0.0012 -0.7989
vn 0.6067 0.0077 -0.7949
vn 0.4868 -0.0086 -0.8735
vn 0.5277 0.0216 -0.8492
vn 0.3905 -0.0134 -0.9205
vn 0.1622 -0.0068 -0.9867
vn 0.1602 -0.0029 -0.9871
vn 0.2549 -0.0046 -0.9670
vn 0.3932 -0.0030 -0.9195
vn 0.0451 -0.0089 -0.9989
vn 0.0503 -0.0082 -0.9987
vn -0.0746 -0.0097 -0.9972
vn -0.0596 -0.0100 -0.9982
vn -0.1438 -0.0116 -0.9895
vn -0.1946 -0.0098 -0.9808
vn -0.2299 -0.0126 -0.9731
vn -0.3122 -0.0120 -0.9499
vn -0.3235 -0.0133 -0.9461
vn -0.4235 -0.0139 -0.9058
vn -0.4273 -0.0144 -0.9040
vn -0.5298 -0.0148 -0.8480
vn -0.5265 -0.0147 -0.8501
vn -0.6269 -0.0138 -0.7790
vn -0.5970 -0.0156 -0.8021
vn -0.6648 -0.0161 -0.7468
vn -0.7181 -0.0143 -0.6958
vn -0.9399 -0.0092 -0.3413
vn -0.9588 -0.0148 -0.2837
vn -0.9106 -0.0111 -0.4131
vn -0.9173 -0.0156 -0.3979
vn -0.8701 -0.0167 -0.4926
vn -0.8635 -0.0149 -0.5041
vn -0.8094 -0.0169 -0.5870
vn -0.7951 -0.0148 -0.6063
vn -0.7542 -0.0170 -0.6564
vn -0.7197 -0.0162 -0.6941
vn -0.9642 -0.0155 -0.2646
vn -0.9767 -0.0157 -0.2141
vn -0.9852 -0.0121 -0.1711
vn -0.9917 -0.0149 -0.1279
vn -0.9988 -0.0114 -0.0470
vn -0.9975 -0.0131 0.0691
vn -0.9983 -0.0157 0.0559
vn 0.9498 0.0342 -0.3111
vn 0.9641 0.0225 -0.2646
vn 0.9141 0.0245 -0.4047
vn 0.9507 0.0223 -0.3092
vn 0.9267 0.0196 -0.3752
vn 0.9784 0.0429 -0.2023
vn 0.9114 0.0162 -0.4111
vn 0.8813 0.0153 -0.4724
vn 0.8812 0.0220 -0.4722
vn 0.8303 0.0138 -0.5572
vn 0.8315 0.0177 -0.5553
vn 0.7579 0.0120 -0.6523
vn 0.7547 0.0193 -0.6558
vn 0.6869 0.0103 -0.7267
vn 0.6870 0.0208 -0.7263
vn 0.9639 0.0379 -0.2635
vn 0.0139 -0.9999 0.0089
vn 0.0139 -0.9999 0.0090
vn 0.0140 -0.9999 0.0091
vn 0.0141 -0.9999 0.0091
vn 0.9993 0.0024 0.0368
vn 0.9993 0.0124 -0.0351
vn 0.9964 0.0130 -0.0833
vn 0.9870 0.0151 0.1601
vn 0.9819 0.0060 0.1894
vn 0.9779 0.0154 0.2086
vn 0.9983 0.0094 0.0571
vn 0.1867 0.0150 0.9823
vn 0.3203 0.0133 0.9472
vn 0.1828 0.0116 0.9831
vn 0.3936 0.0131 0.9192
vn 0.3635 0.0148 0.9315
vn 0.9985 0.0222 0.0505
vn 0.9969 0.0232 -0.0747
vn 0.6186 0.0233 0.7853
vn 0.7996 0.0260 0.5999
vn 0.8946 0.0298 0.4459
vn 0.9054 0.0289 0.4235
vn 0.9725 0.0269 0.2312
vn 0.4176 0.0159 0.9085
vn 0.6573 0.0222 0.7533
vn 0.5140 0.0179 0.8576
vn 0.9436 0.0191 0.3304
vn 0.8173 0.0060 0.5762
vn 0.6634 0.0234 0.7479
vn 0.9993 0.0333 -0.0172
vn 0.8978 0.0084 -0.4404
vn 0.6273 0.0015 -0.7788
vn 0.2206 -0.0059 -0.9753
vn -0.2662 -0.0151 -0.9638
vn -0.2213 -0.0120 -0.9751
vn -0.5515 -0.0154 -0.8340
vn -0.7069 -0.0188 -0.7071
vn -0.8096 -0.0166 -0.5868
vn -0.9619 -0.0183 -0.2726
vn -0.9623 -0.0158 -0.2714
vn -0.9999 -0.0139 0.0003
vn -0.8279 -0.0063 0.5608
vn -0.8292 -0.0121 0.5588
vn -0.8362 -0.0129 0.5482
vn -0.7916 -0.0217 0.6106
vn -0.6175 -0.0252 0.7861
vn -0.6887 -0.0148 0.7249
vn -0.7666 -0.0047 0.6421
vn -0.2674 -0.0550 0.9620
vn -0.4000 0.0029 0.9165
vn -0.4006 -0.0207 0.9160
vn -0.5038 -0.0147 0.8637
vn -0.5992 -0.0009 0.8006
vn -0.1976 -0.0108 0.9802
vn -0.1835 -0.0076 0.9830
vn -0.0635 -0.0073 0.9980
vn 0.0745 -0.0137 0.9971
vn 0.0505 0.0099 0.9987
vn 0.1673 -0.0006 0.9859
vn 0.3166 -0.0033 0.9485
vn 0.2778 0.0127 0.9606
vn 0.3882 0.0074 0.9215
vn 0.3997 0.0098 0.9166
vn 0.4027 0.0140 0.9152
vn -0.1839 0.0026 0.9829
vn -0.1452 0.0121 0.9893
vn -0.4065 -0.0034 0.9136
vn -0.3745 0.0076 0.9272
vn -0.7849 -0.0058 0.6196
vn -0.7921 -0.0094 0.6103
vn -0.1939 0.0063 0.9810
vn -0.1680 0.0067 0.9858
vn -0.2398 0.0027 0.9708
vn -0.1194 0.0075 0.9928
vn -0.3010 0.0046 0.9536
vn 0.1735 0.0114 0.9848
vn 0.9998 0.0139 0.0142
vn 0.9976 0.0181 0.0674
vn -0.7813 -0.0078 -0.6241
vn -0.7787 -0.0143 -0.6272
vn -0.8992 -0.0052 -0.4375
vn -0.7787 0.0006 -0.6274
vn -0.9425 -0.0024 -0.3341
vn -0.3476 0.0388 -0.9368
vn -0.2551 0.0104 -0.9669
vn -0.0041 -0.0039 -1.0000
vn -0.0371 0.0025 -0.9993
vn -0.0511 -0.0019 -0.9987
vn -0.4013 0.0218 -0.9157
vn -0.0079 0.0185 -0.9998
vn -0.2022 0.0249 -0.9790
vn -0.5655 0.0113 -0.8247
vn -0.3721 0.0017 -0.9282
vn -0.2806 -0.0032 -0.9598
vn 0.5449 -0.0031 -0.8385
vn 0.5481 -0.0040 -0.8364
vn 0.7110 0.0016 -0.7032
vn 0.9446 0.0101 -0.3280
vn 0.9932 0.0160 -0.1153
vn 0.9052 0.0086 -0.4250
vn 0.6615 0.0017 -0.7499
vn 0.5255 -0.0007 -0.8508
vn 0.5175 -0.0017 -0.8557
vn -0.5099 -0.0076 -0.8602
vn -0.3148 -0.0101 -0.9491
vn -0.5046 -0.0104 -0.8633
vn -0.3101 -0.0114 -0.9506
vn -0.5049 -0.0134 -0.8631
vn -0.9680 -0.0114 -0.2507
vn -0.9808 -0.0153 -0.1944
vn -0.9994 -0.0141 -0.0322
vn -0.9657 -0.0110 0.2594
vn -0.9657 -0.0110 0.2593
vn -0.7930 -0.0054 0.6092
vn -0.4996 0.0011 0.8663
vn -0.1782 0.6957 -0.6959
vn -0.0979 0.6878 -0.7193
vn -0.1784 0.6931 -0.6985
vn -0.0458 0.6853 -0.7268
vn -0.2091 0.6930 -0.6900
vn -0.0227 0.6860 -0.7273
vn 0.0180 0.6787 -0.7342
vn 0.0667 0.6754 -0.7345
vn 0.0562 0.6684 -0.7417
vn 0.0653 0.6505 -0.7567
vn -0.3802 0.6853 -0.6211
vn -0.3084 0.6923 -0.6524
vn -0.2468 0.6954 -0.6749
vn -0.5164 0.6642 -0.5406
vn -0.4896 0.6712 -0.5566
vn -0.4859 0.6738 -0.5567
vn -0.4526 0.6796 -0.5774
vn -0.3896 0.6886 -0.6116
vn -0.2742 -0.0204 -0.9615
vn -0.4633 -0.0189 -0.8860
vn -0.6610 -0.0191 -0.7501
vn -0.6979 -0.0162 -0.7161
vn -0.6304 -0.0203 -0.7760
vn -0.0493 -0.0081 -0.9987
vn -0.0564 -0.0100 -0.9984
vn -0.0057 -0.0093 -0.9999
vn 0.0067 -0.0091 -0.9999
vn 0.0693 -0.0082 -0.9976
vn -0.5374 -0.0151 -0.8432
vn -0.3991 -0.0108 -0.9168
vn -0.3728 -0.0137 -0.9278
vn -0.1924 -0.0116 -0.9813
vn -0.9203 -0.0161 -0.3908
vn -0.8055 -0.0088 -0.5926
vn -0.8054 -0.0166 -0.5925
vn -0.6564 -0.0156 -0.7542
vn -0.4184 -0.0109 -0.9082
vn -0.3883 -0.0138 -0.9214
vn 0.4341 0.0136 -0.9008
vn 0.4064 0.0141 -0.9136
vn -0.6806 0.0349 0.7318
vn -0.6773 0.0703 0.7323
vn -0.7450 0.0318 0.6663
vn -0.7438 0.0685 0.6649
vn -0.7886 0.0339 0.6140
vn -0.7996 0.0670 0.5967
vn -0.8180 0.0299 0.5744
vn -0.8471 0.0667 0.5272
vn -0.8886 0.0644 0.4541
vn -0.8734 0.0324 0.4859
vn -0.8428 0.0182 0.5379
vn -0.9509 0.0599 0.3036
vn -0.9526 0.0308 0.3028
vn -0.9225 0.0623 0.3808
vn -0.9226 0.0268 0.3849
vn -0.8970 0.0259 0.4413
vn -0.6000 0.0903 0.7949
vn -0.6013 0.0730 0.7957
vn -0.6036 0.0411 0.7962
vn -0.6601 0.0887 0.7459
vn -0.6973 0.0872 0.7115
vn -0.7419 0.0842 0.6652
vn -0.7789 0.0815 0.6219
vn -0.8089 0.0839 0.5820
vn -0.8435 0.0785 0.5314
vn -0.8667 0.0737 0.4933
vn -0.8919 0.0806 0.4449
vn -0.9213 0.0791 0.3808
vn -0.9575 0.0764 0.2780
vn -0.9439 0.0778 0.3209
vn -0.9682 -0.0059 -0.2501
vn -0.9637 -0.0042 -0.2669
vn -0.9899 -0.0064 -0.1414
vn -0.9997 -0.0052 -0.0254
vn -0.9957 -0.0033 0.0927
vn -0.9898 -0.0081 -0.1423
vn -0.9996 -0.0070 -0.0263
vn -0.9957 -0.0057 0.0921
vn -0.9787 -0.0043 0.2051
vn -0.9787 0.0038 0.2051
vn -0.2013 0.0853 0.9758
vn -0.2012 0.0449 0.9785
vn -0.2028 0.0851 0.9755
vn -0.2031 0.0454 0.9781
vn -0.2012 0.1040 0.9740
vn -0.2030 0.1039 0.9736
vn -0.1556 0.0241 0.9875
vn -0.1549 0.0151 0.9878
vn -0.0845 0.0161 0.9963
vn -0.0854 0.0241 0.9961
vn 0.0067 0.0229 0.9997
vn 0.1202 0.0227 0.9925
vn 0.0061 0.0173 0.9998
vn 0.1207 0.0187 0.9925
vn -0.1270 0.0491 0.9907
vn -0.1253 0.0849 0.9885
vn -0.1813 0.0453 0.9824
vn -0.2037 0.0843 0.9754
vn -0.2334 0.0478 0.9712
vn -0.2955 0.0799 0.9520
vn -0.2838 0.0442 0.9579
vn -0.3315 0.0414 0.9426
vn -0.3655 0.0287 0.9304
vn -0.3712 0.0793 0.9252
vn -0.4173 0.0439 0.9077
vn -0.4431 0.0776 0.8931
vn -0.5203 0.0750 0.8507
vn -0.5181 0.0386 0.8544
vn -0.4604 0.0393 0.8869
vn -0.1243 0.1029 0.9869
vn -0.1982 0.0935 0.9757
vn -0.2410 0.0761 0.9675
vn -0.3045 0.0964 0.9476
vn -0.5189 0.0924 0.8498
vn -0.4411 0.0943 0.8925
vn -0.3829 0.0958 0.9188
vn -0.3446 0.0944 0.9340
vn -0.9569 -0.0032 0.2905
vn -0.9571 0.0047 0.2897
vn -0.9288 0.0033 0.3706
vn -0.8769 0.0017 0.4808
vn -0.9280 -0.0020 0.3726
vn -0.8773 -0.0002 0.4799
vn -0.8048 0.0019 0.5936
vn -0.8064 0.0072 0.5913
vn -0.7225 0.0168 0.6912
vn -0.7273 0.0039 0.6863
vn -0.6621 0.0054 0.7494
vn -0.6627 0.0186 0.7486
vn -0.6039 0.0067 0.7970
vn -0.6051 0.0166 0.7960
vn -0.1629 0.1045 0.9811
vn -0.1629 0.0858 0.9829
vn -0.1211 0.1052 0.9871
vn -0.1210 0.0865 0.9889
vn -0.0724 0.1059 0.9917
vn -0.0721 0.0872 0.9936
vn -0.1628 0.0455 0.9856
vn -0.1206 0.0461 0.9916
vn -0.0717 0.0469 0.9963
vn -0.2011 0.0232 0.9793
vn -0.2035 0.0219 0.9788
vn -0.0696 0.0865 0.9938
vn -0.0690 0.0474 0.9965
vn -0.0456 0.0873 0.9951
vn -0.0454 0.0471 0.9979
vn -0.0690 0.1048 0.9921
vn -0.0455 0.1059 0.9933
vn -0.5306 0.0082 0.8476
vn -0.5321 0.0153 0.8465
vn -0.4292 0.0141 0.9031
vn -0.3177 0.0199 0.9480
vn -0.4293 0.0101 0.9031
vn -0.3173 0.0122 0.9483
vn -0.2142 0.0139 0.9767
vn -0.2150 0.0213 0.9764
vn -0.1288 0.0154 0.9915
vn -0.1277 0.0244 0.9915
vn -0.0715 0.0252 0.9971
vn -0.1204 0.0245 0.9924
vn -0.1626 0.0238 0.9864
vn -0.0680 0.0234 0.9974
vn -0.0452 0.0255 0.9987
vn -0.0892 -0.0104 -0.9960
vn -0.5752 -0.0155 -0.8179
vn -0.7673 -0.0165 -0.6411
vn -0.9851 -0.0152 -0.1715
vn -0.9959 -0.0129 0.0893
vn -0.8179 -0.0060 0.5753
vn -0.6412 -0.0018 0.7674
vn -0.4207 0.0025 0.9072
vn 0.0892 0.0104 0.9960
vn 0.5752 0.0155 0.8179
vn 0.9071 0.0164 0.4206
vn 0.9851 0.0152 0.1715
vn 0.9959 0.0129 -0.0893
vn 0.8179 0.0060 -0.5753
vn 0.6412 0.0018 -0.7674
vn 0.4207 -0.0025 -0.9072
vn -0.3439 -0.0134 -0.9389
vn -0.9071 -0.0164 -0.4206
vn 0.7673 0.0165 0.6411
vn 0.9961 0.0129 0.0877
vn 0.9939 0.0147 0.1089
vn 0.9469 0.0160 0.3212
vn -0.9940 -0.0147 -0.1080
vn -0.9401 -0.0178 -0.3404
vn -0.9472 -0.0160 -0.3203
vn -0.9061 -0.0086 0.4230
vn -0.9774 -0.0116 0.2111
vn -0.9731 -0.0156 -0.2299
vn -0.7795 -0.0165 -0.6262
vn -0.4343 -0.0143 -0.9007
vn -0.0046 -0.0093 -0.9999
vn 0.4260 -0.0024 -0.9047
vn 0.7737 0.0049 -0.6335
vn 0.9709 0.0112 -0.2391
vn 0.9793 0.0154 0.2018
vn 0.7972 0.0166 0.6035
vn 0.6431 0.0159 0.7656
vn -0.1716 0.0067 0.9851
vn -0.9389 -0.0098 0.3440
vn 0.1716 -0.0067 -0.9851
vn 0.9389 0.0098 -0.3440
vn -0.9804 -0.0025 0.1972
vn -0.9444 -0.0100 0.3288
vn -0.9391 0.0148 0.3432
vn -0.1703 0.0288 0.9850
vn -0.3909 0.0065 0.9204
vn -0.6408 0.0220 0.7674
vn -0.5895 -0.0007 0.8078
vn -0.8997 -0.0048 0.4365
vn -0.8179 0.0036 0.5753
vn -0.7147 0.0001 0.6994
vn -0.9996 -0.0029 0.0294
vn -0.9851 0.0088 -0.1717
vn -0.7647 0.0006 -0.6444
vn -0.9204 -0.0129 -0.3909
vn -0.3911 0.3640 -0.8453
vn -0.5862 0.0148 -0.8101
vn -0.3478 0.0052 -0.9376
vn -0.6904 0.0041 -0.7234
vn -0.8076 -0.0166 -0.5895
vn 0.1712 0.0173 -0.9851
vn -0.0571 -0.0066 -0.9983
vn -0.3065 0.2661 -0.9139
vn 0.6441 0.0191 -0.7647
vn 0.3913 0.0004 -0.9203
vn 0.8998 0.0120 -0.4361
vn 0.8100 0.0359 -0.5854
vn 0.9371 0.0284 -0.3478
vn 0.7234 0.0238 -0.6900
vn 0.5899 0.0007 -0.8075
vn 0.9842 0.0373 0.1728
vn 0.9982 0.0167 -0.0568
vn 0.9594 0.0107 -0.2818
vn 0.7654 0.0339 0.6427
vn 0.8577 0.0318 0.5132
vn 0.9287 0.0333 0.3694
vn 0.5638 0.0456 0.8246
vn 0.4470 0.0346 0.8939
vn 0.3462 0.0293 0.9377
vn 0.6990 0.0198 0.7149
vn 0.7776 0.0165 0.6286
vn 0.0333 0.0267 0.9991
vn 0.1927 0.0269 0.9809
vn 0.3284 0.0132 0.9444
vn -0.2825 -0.0127 -0.9592
vn -0.1741 -0.0175 -0.9846
vn -0.2828 -0.0295 -0.9587
vn -0.0087 -0.0381 -0.9992
vn 0.0217 -0.0089 -0.9997
vn 0.2161 -0.0142 -0.9763
vn 0.4302 -0.0312 -0.9022
vn 0.6636 -0.0028 -0.7481
vn 0.6652 -0.0078 -0.7467
vn 0.5733 -0.0056 -0.8193
vn 0.4021 -0.0029 -0.9156
vn -0.0862 -0.0103 -0.9962
vn 0.6127 0.0022 -0.7903
vn 0.5230 -0.0077 -0.8523
vn 0.4694 -0.0035 -0.8830
vn 0.3316 -0.0262 -0.9431
vn 0.3929 -0.0136 -0.9195
vn 0.1596 -0.0445 -0.9862
vn 0.1729 -0.0483 -0.9838
vn -0.1185 -0.0137 -0.9929
vn -0.0388 -0.0127 -0.9992
vn 0.0711 -0.0250 -0.9972
vn 0.1316 -0.0373 -0.9906
vn 0.1800 -0.0504 -0.9824
vn -0.2268 -0.0181 -0.9738
vn -0.9759 -0.0115 0.2181
vn 0.7928 0.0166 0.6092
vn 0.9915 0.0124 -0.1299
vn 0.9538 0.0058 -0.3005
vn 0.9324 0.0096 -0.3612
vn 0.8202 0.0059 -0.5720
vn 0.6754 -0.0035 -0.7374
vn 0.6613 0.0022 -0.7502
vn 0.4646 -0.0019 -0.8855
vn -0.8442 -0.0167 -0.5358
vn -0.7379 -0.0210 -0.6746
vn -0.6931 -0.0162 -0.7207
vn -0.5024 -0.0151 -0.8645
vn -0.3012 -0.0190 -0.9534
vn -0.0477 -0.0100 -0.9988
vn -0.2832 -0.0127 -0.9590
vn 0.3698 0.0121 0.9290
vn 0.2759 0.0126 0.9611
vn 0.5499 0.0152 0.8351
vn 0.7768 0.0128 0.6296
vn 0.7867 0.0165 0.6172
vn 0.9182 0.0162 0.3959
vn 0.1915 0.0117 0.9814
vn 0.1269 0.0109 0.9919
vn -0.0730 0.0082 0.9973
vn -0.0999 0.0078 0.9950
vn -0.5396 0.0003 0.8419
vn -0.5876 -0.0007 0.8091
vn -0.3528 0.0010 0.9357
vn 0.0984 0.0105 0.9951
vn 0.1569 0.0102 0.9876
vn 0.3273 0.0132 0.9448
vn 0.5091 0.0127 0.8606
vn 0.5212 0.0150 0.8533
vn 0.6690 0.0160 0.7431
vn 0.6261 0.0158 0.7796
vn 0.2274 0.0121 0.9737
vn 0.7149 -0.6963 0.0636
vn 0.7147 -0.6964 0.0651
vn 0.7096 -0.6977 0.0982
vn 0.7093 -0.6980 0.0985
vn 0.7089 -0.6984 0.0988
vn 0.7078 -0.6994 0.1000
vn -0.3151 -0.7133 -0.6261
vn -0.3102 -0.7128 -0.6290
vn -0.2852 -0.7170 -0.6360
vn -0.1560 -0.7156 -0.6808
vn -0.0205 -0.7139 -0.7000
vn 0.1161 -0.7120 -0.6926
vn 0.2487 -0.7098 -0.6590
vn 0.3724 -0.7076 -0.6006
vn 0.4825 -0.7053 -0.5194
vn 0.5749 -0.7031 -0.4185
vn 0.6461 -0.7011 -0.3017
vn 0.6936 -0.6992 -0.1734
vn 0.7154 -0.6977 -0.0383
vn -0.1329 -0.7154 -0.6860
vn 0.0926 -0.7106 -0.6975
vn 0.0856 -0.7103 -0.6987
vn 0.2182 -0.7092 -0.6704
vn 0.2225 -0.7090 -0.6692
vn 0.3817 -0.7074 -0.5949
vn 0.4803 -0.7004 -0.5281
vn 0.4803 -0.7003 -0.5281
vn 0.4074 -0.6911 -0.5970
vn 0.4169 -0.7061 -0.5725
vn 0.3059 -0.6517 -0.6941
vn 0.1507 -0.7025 -0.6956
vn 0.1463 -0.7028 -0.6962
vn -0.0914 -0.7007 -0.7076
vn -0.1915 -0.7111 -0.6765
vn -0.1915 -0.7111 -0.6766
vn -0.1152 -0.7145 -0.6901
vn 0.0686 -0.6029 -0.7949
vn -0.0737 -0.7146 -0.6956
vn -0.0738 -0.7146 -0.6956
vn 0.1063 -0.7109 -0.6952
vn 0.1018 -0.7108 -0.6960
vn 0.1625 -0.7113 -0.6839
vn 0.1600 -0.7013 -0.6947
vn 0.1320 -0.6113 -0.7803
vn -0.0510 -0.5927 -0.8038
vn -0.1297 -0.6980 -0.7042
vn 0.0417 -0.6968 -0.7160
vn 0.0418 -0.7130 -0.6999
vn -0.1282 -0.7153 -0.6870
vn -0.2353 -0.6033 -0.7620
vn -0.3005 -0.7056 -0.6417
vn -0.3034 -0.7116 -0.6337
vn -0.4407 -0.7059 -0.5545
vn -0.4036 -0.5574 -0.7255
vn -0.4440 -0.7141 -0.5412
vn -0.5578 -0.7057 -0.4369
vn -0.5393 -0.6182 -0.5718
vn -0.5587 -0.7161 -0.4185
vn -0.6425 -0.7062 -0.2974
vn -0.6302 -0.6679 -0.3959
vn -0.6412 -0.7173 -0.2726
vn -0.6877 -0.7110 -0.1467
vn -0.6780 -0.7050 -0.2079
vn -0.6878 -0.7172 -0.1120
vn -0.7048 -0.7094 0.0035
vn -0.7016 -0.7108 0.0492
vn -0.7037 -0.7093 0.0406
vn -0.7067 -0.7046 0.0639
vn -0.6970 -0.7165 -0.0293
vn -0.6708 -0.7182 -0.1853
vn -0.6708 -0.7181 -0.1852
vn -0.4893 -0.7185 -0.4943
vn -0.4892 -0.7185 -0.4943
vn -0.1796 -0.7159 -0.6747
vn -0.1795 -0.7159 -0.6747
vn 0.1670 -0.7112 -0.6829
vn 0.1641 -0.7112 -0.6836
vn 0.4533 -0.7059 -0.5442
vn 0.6446 -0.7011 -0.3049
vn 0.7152 -0.6971 -0.0496
vn 0.7149 -0.6970 -0.0560
vn 0.7077 -0.6963 0.1197
vn 0.7046 -0.6929 0.1529
vn 0.7037 -0.6931 0.1562
vn 0.7614 -0.6356 -0.1274
vn 0.7642 -0.6325 -0.1262
vn 0.7547 -0.6483 -0.1012
vn 0.7310 -0.6820 0.0245
vn 0.7162 -0.6962 0.0488
vn -0.2081 -0.6942 -0.6890
vn -0.3909 -0.8654 -0.3135
vn -0.3899 -0.8648 -0.3164
vn -0.1310 -0.7447 -0.6545
vn -0.1358 -0.6786 -0.7218
vn -0.2091 -0.7433 -0.6355
vn -0.1828 -0.6864 -0.7039
vn -0.2388 -0.7414 -0.6272
vn -0.2490 -0.7367 -0.6287
vn 0.7135 -0.6871 -0.1373
vn 0.7141 -0.6946 0.0872
vn 0.7153 -0.6943 0.0797
vn 0.7128 -0.6966 -0.0817
vn 0.6810 -0.6843 -0.2609
vn 0.5918 -0.6831 -0.4280
vn 0.5911 -0.7023 -0.3966
vn 0.4908 -0.6807 -0.5439
vn 0.3791 -0.6963 -0.6095
vn 0.3427 -0.7146 -0.6099
vn 0.2485 -0.7087 -0.6603
vn 0.1734 -0.6997 -0.6931
vn 0.0507 -0.7038 -0.7085
vn 0.0483 -0.7089 -0.7036
vn 0.0267 -0.5933 -0.8046
vn 0.6822 -0.6938 0.2308
vn 0.6801 -0.6933 0.2382
vn 0.5704 -0.6953 0.4373
vn 0.4699 -0.6869 0.5545
vn 0.4701 -0.6868 0.5543
vn 0.4367 -0.7041 -0.5599
vn 0.4709 -0.6986 -0.5387
vn 0.4145 -0.7158 -0.5619
vn 0.3476 -0.7671 -0.5392
vn 0.2488 -0.7058 -0.6633
vn 0.2365 -0.7094 -0.6639
vn 0.0592 -0.7323 -0.6784
vn 0.1650 -0.6853 -0.7094
vn -0.0654 -0.7227 -0.6880
vn -0.0493 -0.7009 -0.7116
vn -0.3305 -0.7080 -0.6241
vn -0.1719 -0.6469 -0.7429
vn -0.3616 -0.7104 -0.6038
vn -0.5612 -0.7112 -0.4233
vn -0.6609 -0.7161 -0.2246
vn -0.6629 -0.7165 -0.2173
vn -0.5905 -0.7173 -0.3699
vn -0.4840 -0.6892 -0.5391
vn -0.6389 -0.7045 0.3091
vn -0.6388 -0.7045 0.3093
vn -0.6814 -0.7151 0.1558
vn -0.6783 -0.7180 -0.1561
vn -0.5414 -0.7187 -0.4363
vn -0.2973 -0.7171 -0.6304
vn 0.0065 -0.7135 -0.7006
vn 0.3110 -0.7087 -0.6333
vn 0.5569 -0.7035 -0.4415
vn 0.5569 -0.7036 -0.4415
vn 0.6963 -0.6991 -0.1626
vn 0.7022 -0.6962 0.1492
vn 0.5735 -0.6953 0.4332
vn -0.6959 -0.7151 -0.0661
vn -0.6947 -0.7156 -0.0736
vn -0.6803 -0.7151 0.1607
vn -0.6521 -0.7369 0.1781
vn -0.6484 -0.7405 0.1767
vn -0.6647 -0.7112 0.2287
vn 0.2394 -0.6800 0.6930
vn 0.3470 -0.5801 0.7370
vn 0.3535 -0.6185 0.7017
vn 0.3519 -0.6465 0.6769
vn 0.3551 -0.6672 0.6548
vn -0.6400 -0.7257 0.2523
vn -0.6539 -0.7168 0.2421
vn -0.6339 -0.7130 0.2997
vn -0.6708 -0.7180 0.1858
vn -0.6412 -0.6992 0.3161
vn -0.6476 -0.6306 0.4279
vn -0.5522 -0.6926 0.4641
vn -0.5435 -0.7105 0.4470
vn -0.5377 -0.6094 0.5826
vn -0.4267 -0.6894 0.5853
vn -0.4203 -0.7077 0.5679
vn -0.3903 -0.5917 0.7054
vn -0.2753 -0.6864 0.6731
vn -0.2715 -0.7049 0.6553
vn -0.2148 -0.5779 0.7873
vn -0.1071 -0.6835 0.7220
vn -0.1059 -0.7022 0.7041
vn -0.0231 -0.5690 0.8220
vn 0.0681 -0.6811 0.7291
vn 0.0666 -0.6998 0.7113
vn 0.1716 -0.5653 0.8068
vn 0.2356 -0.6978 0.6765
vn -0.6989 -0.7151 -0.0130
vn -0.6984 -0.7155 -0.0192
vn -0.6912 -0.7176 -0.0854
vn -0.1541 -0.7011 0.6962
vn -0.1480 -0.7013 0.6974
vn -0.3435 -0.7063 0.6190
vn -0.3435 -0.7063 0.6191
vn -0.5510 -0.7108 0.4373
vn -0.6731 -0.7148 0.1899
vn 0.0133 -0.6972 0.7168
vn 0.0029 -0.6980 0.7161
vn 0.6886 -0.6855 0.2365
vn 0.6871 -0.6924 0.2202
vn 0.5592 -0.6954 0.4514
vn 0.2719 -0.6974 0.6631
vn 0.6243 -0.6944 0.3580
vn 0.6209 -0.6941 0.3644
vn 0.6834 -0.6957 0.2213
vn 0.6872 -0.6912 0.2236
vn 0.7691 -0.6041 0.2086
vn 0.4525 -0.6958 0.5577
vn 0.1706 -0.6985 0.6950
vn -0.0610 -0.6990 0.7125
vn -0.0689 -0.6996 0.7112
vn -0.0748 -0.7000 0.7102
vn -0.0803 -0.7004 0.7093
vn 0.5018 -0.6895 0.5222
vn 0.5035 -0.6919 0.5175
vn 0.3698 -0.6965 0.6150
vn 0.3697 -0.6965 0.6150
vn 0.1212 -0.6991 0.7047
vn -0.4494 -0.6912 0.5660
vn -0.5038 -0.6984 0.5084
vn -0.5759 -0.5908 0.5650
vn -0.5025 -0.7072 0.4973
vn -0.4370 -0.7081 0.5546
vn -0.4272 -0.5979 0.6783
vn -0.2946 -0.6936 0.6574
vn -0.2860 -0.7000 0.6544
vn -0.1402 -0.6900 0.7101
vn -0.2882 -0.5643 0.7737
vn -0.1265 -0.6990 0.7038
vn 0.0222 -0.6872 0.7262
vn -0.0848 -0.6241 0.7767
vn 0.0396 -0.6982 0.7148
vn 0.1788 -0.6880 0.7034
vn 0.1073 -0.6713 0.7334
vn 0.2034 -0.6976 0.6870
vn 0.3186 -0.6969 0.6425
vn 0.4501 -0.6831 0.5751
vn 0.5251 -0.6599 0.5374
vn 0.4259 -0.6955 0.5787
vn -0.2060 -0.7023 0.6814
vn -0.2012 -0.7024 0.6827
vn -0.3718 -0.7068 0.6018
vn -0.0717 -0.6998 0.7107
vn -0.0777 -0.7002 0.7097
vn 0.2942 -0.6928 0.6584
vn 0.2980 -0.6931 0.6564
vn 0.1324 -0.6989 0.7029
vn 0.1324 -0.6989 0.7028
vn -0.5824 -0.6989 0.4152
vn -0.5784 -0.7050 0.4104
vn -0.5827 -0.7059 0.4026
vn -0.5818 -0.7112 0.3945
vn -0.5548 -0.6669 0.4975
vn -0.4809 -0.6943 0.5354
vn -0.4769 -0.7089 0.5197
vn -0.4513 -0.6212 0.6406
vn -0.3508 -0.6911 0.6319
vn -0.3462 -0.7063 0.6175
vn -0.3088 -0.5937 0.7431
vn -0.2010 -0.6884 0.6969
vn -0.1965 -0.7037 0.6828
vn -0.1403 -0.5909 0.7944
vn -0.0308 -0.6909 0.7223
vn -0.0257 -0.6960 0.7176
vn 0.1236 -0.6871 0.7160
vn 0.0149 -0.5593 0.8288
vn 0.1329 -0.6962 0.7055
vn 0.2706 -0.6852 0.6762
vn 0.2842 -0.6968 0.6586
vn 0.1967 -0.6426 0.7405
vn -0.4137 -0.7076 0.5728
vn -0.0788 -0.7018 0.7080
vn -0.0836 -0.7080 0.7012
vn 0.2659 -0.7115 0.6504
vn 0.2107 -0.7048 0.6774
vn 0.5366 -0.7274 0.4276
vn 0.5744 -0.6954 0.4318
vn 0.5407 -0.7019 0.4636
vn 0.4411 -0.7071 0.5526
vn 0.4994 -0.7082 0.4991
vn 0.4628 -0.7927 0.3968
vn 0.6203 -0.7349 0.2741
vn 0.6180 -0.7183 0.3197
vn 0.6078 -0.7020 0.3712
vn 0.5915 -0.6971 0.4051
vn 0.5486 -0.7323 0.4034
vn 0.5428 -0.7383 0.4004
vn 0.5934 -0.7033 0.3914
vn 0.5833 -0.6970 0.4171
vn -0.5137 -0.7817 0.3535
vn -0.5272 -0.7700 0.3595
vn -0.6437 -0.6684 0.3727
vn -0.5844 -0.7178 0.3785
vn -0.6508 -0.7002 0.2936
vn 0.6066 -0.7052 0.3670
vn 0.6426 -0.6962 0.3200
vn 0.6590 -0.6814 0.3185
vn 0.7769 -0.5739 0.2592
vn 0.7215 -0.6755 0.1523
vn 0.7011 -0.6960 0.1551
vn 0.8167 -0.5738 0.0608
vn 0.7355 -0.6769 -0.0288
vn 0.7164 -0.6974 -0.0211
vn 0.8062 -0.5745 -0.1415
vn 0.7041 -0.6790 -0.2077
vn 0.6874 -0.6994 -0.1956
vn 0.7457 -0.5758 -0.3351
vn 0.6294 -0.6815 -0.3733
vn 0.6161 -0.7018 -0.3575
vn 0.6391 -0.5776 -0.5079
vn 0.5160 -0.6844 -0.5151
vn 0.5068 -0.7047 -0.4966
vn 0.4927 -0.5796 -0.6490
vn 0.3709 -0.6874 -0.6244
vn 0.3664 -0.7076 -0.6042
vn 0.3158 -0.5818 -0.7495
vn 0.2033 -0.6903 -0.6943
vn 0.2037 -0.7105 -0.6736
vn 0.1192 -0.5838 -0.8031
vn 0.0236 -0.6930 -0.7205
vn 0.0289 -0.7132 -0.7004
vn -0.0846 -0.5855 -0.8063
vn -0.1571 -0.6953 -0.7013
vn -0.1471 -0.7154 -0.6830
vn -0.2831 -0.5867 -0.7587
vn -0.3273 -0.6971 -0.6379
vn -0.3133 -0.7172 -0.6225
vn -0.4639 -0.5872 -0.6634
vn -0.4765 -0.6982 -0.5343
vn -0.4593 -0.7183 -0.5226
vn -0.6154 -0.5869 -0.5261
vn -0.5954 -0.6986 -0.3968
vn -0.5759 -0.7187 -0.3896
vn -0.7283 -0.5859 -0.3553
vn -0.6765 -0.6982 -0.2342
vn -0.6559 -0.7184 -0.2318
vn -0.7955 -0.5840 -0.1618
vn -0.7148 -0.6971 -0.0566
vn -0.6943 -0.7173 -0.0591
vn -0.8125 -0.5813 0.0425
vn -0.7078 -0.6953 0.1249
vn -0.6885 -0.7156 0.1177
vn -0.7784 -0.5781 0.2448
vn -0.6391 -0.7133 0.2875
vn 0.4845 -0.6929 0.5340
vn 0.3957 -0.7466 0.5348
vn 0.3457 -0.7994 0.4913
vn 0.3285 -0.8169 0.4741
vn 0.4430 -0.6912 0.5709
vn 0.5049 -0.6949 0.5120
vn 0.5876 -0.6953 0.4139
vn 0.6729 -0.6868 0.2748
vn 0.6525 -0.6948 0.3025
vn 0.6999 -0.6812 0.2148
vn 0.7217 -0.6830 0.1123
vn 0.7053 -0.6957 0.1361
vn 0.7433 -0.6680 0.0359
vn 0.7289 -0.6821 -0.0595
vn 0.7158 -0.6972 -0.0378
vn 0.7413 -0.6544 -0.1495
vn 0.6936 -0.6827 -0.2297
vn 0.6835 -0.6994 -0.2090
vn 0.6927 -0.6411 -0.3303
vn 0.6177 -0.6844 -0.3874
vn 0.6105 -0.7019 -0.3670
vn 0.5996 -0.6288 -0.4950
vn 0.5053 -0.6867 -0.5227
vn 0.5010 -0.7047 -0.5024
vn 0.4668 -0.6178 -0.6328
vn 0.3642 -0.7030 -0.6109
vn 0.3619 -0.7078 -0.6067
vn 0.2903 -0.7082 -0.6436
vn 0.2835 -0.7080 -0.6468
vn 0.2492 -0.7055 -0.6634
vn 0.1115 -0.7111 -0.6942
vn 0.1627 -0.7105 -0.6847
vn 0.1626 -0.7106 -0.6846
vn 0.1079 -0.7110 -0.6949
vn 0.1625 -0.7112 -0.6839
vn 0.1625 -0.7114 -0.6837
vn -0.1724 -0.7128 -0.6798
vn -0.1742 -0.7130 -0.6792
vn -0.0512 -0.7144 -0.6979
vn -0.0512 -0.7143 -0.6979
vn 0.6833 -0.7289 0.0427
vn 0.6464 -0.7621 0.0365
vn 0.7246 -0.6882 -0.0358
vn 0.5742 -0.8170 0.0539
vn 0.5536 -0.8309 0.0564
vn 0.7852 -0.6164 0.0588
vn 0.7179 -0.6945 -0.0471
vn 0.7032 -0.6864 -0.1856
vn 0.7815 -0.6156 -0.1017
vn 0.6897 -0.6967 -0.1973
vn 0.6467 -0.6886 -0.3280
vn 0.7298 -0.6311 -0.2630
vn 0.6301 -0.6991 -0.3379
vn 0.5614 -0.6913 -0.4549
vn 0.6453 -0.6462 -0.4074
vn 0.5418 -0.7018 -0.4625
vn 0.4515 -0.6943 -0.5605
vn 0.5328 -0.6606 -0.5288
vn 0.4290 -0.7046 -0.5652
vn 0.3220 -0.6978 -0.6399
vn 0.3981 -0.6744 -0.6219
vn 0.2969 -0.7075 -0.6414
vn 0.1794 -0.7016 -0.6896
vn -0.1140 -0.7151 -0.6897
vn 0.0370 -0.7131 -0.7001
vn 0.1513 -0.7109 -0.6868
vn 0.2479 -0.6869 -0.6831
vn -0.4436 -0.7083 0.5491
vn -0.6542 -0.7139 0.2498
vn -0.6868 -0.7177 -0.1148
vn -0.5328 -0.7187 -0.4468
vn -0.2334 -0.7165 -0.6574
vn 0.1311 -0.7117 -0.6901
vn 0.4631 -0.7057 -0.5361
vn 0.6737 -0.7001 -0.2368
vn 0.7063 -0.6963 0.1278
vn 0.5523 -0.6953 0.4598
vn 0.2529 -0.6975 0.6704
vn -0.1116 -0.7023 0.7031
vn -0.6541 -0.7140 0.2498
vn -0.6541 -0.7139 0.2498
vn -0.6868 -0.7178 -0.1148
vn 0.4632 -0.7057 -0.5361
vn 0.6736 -0.7001 -0.2368
vn 0.5523 -0.6954 0.4598
vn -0.2334 -0.7164 -0.6575
vn 0.2531 0.7187 -0.6476
vn 0.4172 0.7127 -0.5639
vn 0.3513 0.7269 -0.5901
vn 0.2950 0.7074 0.6423
vn 0.4528 0.7034 0.5479
vn 0.3930 0.7076 0.5872
vn -0.7239 0.6835 0.0940
vn -0.6642 0.6942 0.2773
vn -0.7004 0.6792 0.2195
vn -0.7133 0.6819 0.1617
vn -0.7401 0.6725 0.0003
vn -0.7181 0.6876 -0.1069
vn -0.7031 0.7003 -0.1235
vn -0.6580 0.7241 -0.2068
vn -0.6591 0.7036 -0.2655
vn -0.6577 0.7048 -0.2657
vn -0.5933 0.7185 -0.3629
vn -0.5627 0.7065 -0.4292
vn -0.5353 0.6840 -0.4955
vn -0.5043 0.6776 -0.5353
vn -0.3756 0.7050 -0.6016
vn -0.4518 0.6669 -0.5926
vn -0.2709 0.7029 -0.6577
vn -0.0986 0.7029 -0.7044
vn 0.5868 0.7128 0.3841
vn 0.5590 0.6796 0.4750
vn 0.5234 0.6888 0.5016
vn 0.4616 0.7027 -0.5415
vn 0.4949 0.7096 -0.5015
vn 0.5024 0.7094 -0.4943
vn 0.5685 0.7116 -0.4129
vn 0.5688 0.7113 -0.4130
vn 0.6212 0.7126 -0.3260
vn 0.6419 0.7043 -0.3032
vn 0.6492 0.7134 -0.2636
vn 0.6339 0.7634 -0.1243
vn 0.6882 0.6829 -0.2450
vn 0.6854 0.7252 -0.0661
vn 0.6911 0.7208 -0.0535
vn 0.6928 0.7207 0.0252
vn 0.6873 0.7147 0.1300
vn 0.6831 0.7178 0.1342
vn 0.6218 0.7295 0.2850
vn 0.6825 0.6918 0.2360
vn 0.5937 0.7187 0.3621
vn 0.2979 0.7169 0.6303
vn 0.2254 0.7140 0.6629
vn 0.1618 0.7083 0.6871
vn 0.1282 0.7116 0.6908
vn 0.0097 0.7111 0.7030
vn 0.0071 0.7137 0.7004
vn -0.1384 0.7116 0.6888
vn -0.1374 0.7084 0.6923
vn -0.2866 0.7141 0.6387
vn -0.2605 0.7093 0.6550
vn -0.3806 0.7259 0.5729
vn -0.4569 0.6913 0.5598
vn -0.5313 0.7166 0.4519
vn -0.5159 0.6912 0.5061
vn -0.5950 0.7123 0.3723
vn -0.5877 0.6952 0.4139
vn -0.6465 0.7008 0.3015
vn -0.0303 0.6968 -0.7166
vn 0.1009 0.6965 -0.7104
vn 0.1069 0.7049 -0.7012
vn 0.1977 0.7076 -0.6784
vn 0.2707 0.7047 -0.6559
vn -0.2764 -0.0127 -0.9609
vn -0.1929 -0.0117 -0.9812
vn 0.0259 -0.0088 -0.9996
vn 0.2434 -0.0056 -0.9699
vn 0.4492 -0.0020 -0.8934
vn 0.6333 0.0016 -0.7739
vn 0.7869 0.0052 -0.6171
vn 0.9026 0.0085 -0.4305
vn 0.9313 0.0095 -0.3642
vn -0.0026 -0.6722 -0.7404
vn 0.0001 -0.6685 -0.7437
vn 0.0673 -0.6028 -0.7950
vn 0.0821 -0.6611 -0.7458
vn 0.3137 -0.6599 -0.6828
vn 0.3114 -0.6515 -0.6918
vn 0.2160 -0.6586 -0.7208
vn 0.3063 -0.6334 -0.7106
vn 0.2800 -0.6482 -0.7081
vn 0.2667 -0.6540 -0.7080
vn 0.2642 -0.6550 -0.7079
vn 0.2517 -0.6584 -0.7093
vn 0.4159 -0.6570 -0.6288
vn 0.3958 -0.6634 -0.6351
vn 0.3870 -0.6593 -0.6446
vn 0.3627 -0.6624 -0.6555
vn 0.3350 -0.6607 -0.6718
vn 0.2050 -0.6638 -0.7192
vn 0.1524 -0.6644 -0.7317
vn 0.1265 -0.6644 -0.7366
vn 0.0747 -0.6691 -0.7394
vn 0.0088 -0.6726 -0.7400
vn 0.0138 -0.9999 0.0093
vn 0.0138 -0.9999 0.0095
vn 0.0138 -0.9999 0.0089
vn 0.5149 -0.6449 0.5649
vn 0.5057 -0.6430 0.5752
vn 0.4987 -0.6466 0.5772
vn 0.4853 -0.6452 0.5901
vn 0.4613 -0.6466 0.6076
vn 0.3785 -0.6463 0.6626
vn 0.4329 -0.6399 0.6349
vn 0.4219 -0.6474 0.6347
vn 0.4545 -0.6456 0.6137
vn 0.4327 -0.6166 0.6577
vn 0.4111 -0.6409 0.6483
vn 0.3608 -0.6493 0.6695
vn 0.3266 -0.6485 0.6876
vn 0.2845 -0.6535 0.7014
vn 0.2001 -0.6500 0.7331
vn 0.1981 -0.6531 0.7309
vn 0.2524 -0.6502 0.7166
vn 0.2908 -0.6482 0.7038
vn -0.0138 0.9999 -0.0094
vn -0.0143 0.9999 -0.0078
vn -0.0144 0.9999 -0.0074
vn -0.0139 0.9999 -0.0090
vn -0.0137 0.9999 -0.0094
vn 0.9973 0.0131 -0.0724
vn 0.9163 0.0090 -0.4004
vn 0.6735 0.0025 -0.7392
vn 0.0388 0.0104 0.9992
vn -0.0875 0.0217 0.9959
vn -0.1771 0.0322 0.9837
vn -0.3064 0.0661 0.9496
vn -0.1672 0.0067 0.9859
vn -0.0494 0.0303 0.9983
vn 0.0739 0.0394 0.9965
vn 0.0695 0.0101 0.9975
vn 0.1880 0.0328 0.9816
vn 0.3139 0.0412 0.9486
vn 0.4514 0.0041 0.8923
vn 0.4060 0.0252 0.9135
vn 0.4147 0.0337 0.9094
vn 0.3024 0.0129 0.9531
vn 0.1955 0.0117 0.9806
vn -0.1088 0.0098 0.9940
vn -0.0609 0.0083 0.9981
vn 0.6996 0.0031 -0.7146
vn 0.7178 -0.0156 -0.6961
vn 0.6698 0.0047 -0.7425
vn 0.6524 -0.0129 -0.7578
vn 0.7237 -0.0044 -0.6900
vn 0.7597 -0.0511 -0.6483
vn 0.8177 -0.0098 -0.5756
vn 0.7769 -0.0493 -0.6278
vn 0.8222 0.0042 -0.5691
vn 0.8690 0.0001 -0.4948
vn 0.8495 0.0069 -0.5276
vn 0.8812 -0.0119 -0.4726
vn 0.9329 0.0168 -0.3598
vn 0.8924 -0.0647 -0.4467
vn 0.9244 -0.0014 -0.3814
vn 0.9622 0.0169 -0.2717
vn 0.9611 0.0097 -0.2759
vn 0.9895 0.0117 -0.1440
vn 0.9882 0.0090 -0.1528
vn 0.9995 0.0145 -0.0270
vn 0.9994 0.0282 -0.0211
vn 0.9924 0.0854 0.0888
vn 0.9767 0.0536 0.2078
vn 0.9766 0.0155 0.2147
vn 0.9405 0.0910 0.3275
vn 0.9001 0.0400 0.4339
vn 0.8965 0.0165 0.4428
vn 0.8412 0.0197 0.5404
vn 0.8233 0.0166 0.5674
vn 0.7645 0.0066 0.6446
vn 0.7700 0.0165 0.6379
vn 0.7264 0.0140 0.6871
vn 0.6840 0.0082 0.7294
vn 0.6546 0.0081 0.7559
vn 0.5870 0.0071 0.8095
vn 0.4114 0.0139 0.9113
vn 0.4393 0.0143 0.8982
vn 0.4803 0.0154 0.8769
vn 0.5899 0.0156 0.8073
vn 0.5341 0.0193 0.8452
vn 0.4653 0.0165 0.8850
vn 0.4199 0.0135 0.9075
vn 0.3357 0.0138 0.9418
vn 0.1294 0.0109 0.9915
vn 0.1026 0.0095 0.9947
vn 0.2167 0.0117 0.9762
vn 0.2136 0.0120 0.9768
vn 0.3229 0.0132 0.9464
vn 0.0923 0.0102 0.9957
vn 0.0566 0.0094 0.9983
vn -0.0114 0.0068 0.9999
vn -0.3186 0.0043 0.9479
vn -0.2992 0.0006 0.9542
vn -0.2593 0.0060 0.9658
vn -0.2346 0.0036 0.9721
vn -0.1601 0.0080 0.9871
vn -0.1254 0.0062 0.9921
vn -0.0891 0.0080 0.9960
vn -0.0106 0.0091 0.9999
vn 0.1319 -0.0082 -0.9912
vn 0.1975 -0.0045 -0.9803
vn 0.2447 -0.0068 -0.9696
vn 0.2881 -0.0038 -0.9576
vn 0.3503 -0.0062 -0.9366
vn 0.3867 -0.0026 -0.9222
vn 0.3877 -0.0056 -0.9218
vn 0.4744 -0.0015 -0.8803
vn 0.4918 -0.0054 -0.8707
vn 0.5510 -0.0228 -0.8342
vn 0.5757 -0.1085 -0.8105
vn -0.3754 -0.0175 -0.9267
vn -0.4412 -0.0143 -0.8973
vn -0.4066 -0.0161 -0.9135
vn -0.3131 -0.0150 -0.9496
vn -0.3285 -0.0147 -0.9444
vn -0.2537 -0.0117 -0.9672
vn -0.2050 -0.0119 -0.9787
vn -0.2037 -0.0137 -0.9789
vn -0.0917 -0.0082 -0.9958
vn -0.1203 -0.0129 -0.9927
vn 0.0184 -0.0069 -0.9998
vn -0.0083 -0.0110 -0.9999
vn 0.0875 -0.0079 -0.9961
vn 0.6753 0.0028 -0.7375
vn 0.6753 0.0026 -0.7376
vn 0.6752 0.0026 -0.7376
vn 0.6752 0.0025 -0.7376
vn 0.7375 0.0161 0.6751
vn 0.7375 0.0158 0.6751
vn 0.7375 0.0163 0.6751
vn 0.7375 0.0164 0.6751
vn 0.7375 0.0164 0.6752
vn -0.9460 -0.0160 -0.3238
vn -0.7859 -0.0165 -0.6181
vn -0.4398 -0.0143 -0.8980
vn -0.0067 -0.0093 -0.9999
vn 0.4278 -0.0024 -0.9039
vn 0.7776 0.0050 -0.6288
vn 0.9733 0.0113 -0.2291
vn 0.9943 0.0147 0.1052
vn -0.9401 -0.0146 -0.3406
vn -0.9502 -0.0160 -0.3111
vn 0.9928 0.0147 0.1191
vn 0.9928 0.0148 0.1186
vn 0.9842 0.0121 -0.1766
vn 0.9846 0.0118 -0.1742
vn 0.8405 0.0069 -0.5418
vn 0.8431 0.0063 -0.5378
vn 0.5693 0.0007 -0.8222
vn 0.5733 0.0002 -0.8193
vn 0.2642 -0.0051 -0.9644
vn 0.3107 -0.0044 -0.9505
vn -0.8545 -0.0165 -0.5193
vn -0.7378 -0.0127 -0.6749
vn -0.7138 -0.0163 -0.7002
vn -0.5356 -0.0151 -0.8443
vn -0.3009 -0.0092 -0.9536
vn -0.3293 -0.0132 -0.9441
vn -0.1058 -0.0105 -0.9943
vn 0.0877 -0.0064 -0.9961
vn 0.1673 -0.0067 -0.9859
vn 0.0143 -0.9999 0.0073
vn 0.0144 -0.9999 0.0072
vn -0.0137 0.9999 -0.0091
vn -0.0142 0.9999 -0.0089
vn -0.0140 0.9999 -0.0090
vn 0.3439 0.0134 0.9389
vn -0.1034 -0.6557 0.7479
vn -0.1036 -0.6563 0.7474
vn -0.1343 -0.6566 0.7422
vn -0.1338 -0.6546 0.7441
vn -0.1503 -0.6574 0.7384
vn -0.1498 -0.6576 0.7383
vn -0.1566 -0.6561 0.7382
vn -0.1544 -0.6595 0.7356
vn -0.1523 -0.6616 0.7342
vn -0.1421 -0.6593 0.7383
vn -0.1435 -0.6586 0.7387
vn -0.0474 -0.6602 0.7496
vn -0.0526 -0.6613 0.7483
vn -0.0832 -0.6571 0.7492
vn -0.1253 -0.6777 0.7246
vn -0.1098 -0.6582 0.7448
vn -0.0810 -0.6564 0.7500
vn -0.1057 -0.6567 0.7467
vn -0.1212 -0.6687 0.7336
vn 0.2127 -0.6540 -0.7260
vn 0.2266 -0.6736 -0.7035
vn 0.2404 -0.6801 -0.6926
vn 0.1172 -0.6749 -0.7286
vn 0.0563 -0.6787 -0.7323
vn 0.1160 -0.6771 -0.7267
vn 0.0589 -0.6909 -0.7205
vn 0.1475 -0.6698 -0.7277
vn 0.1683 -0.6718 -0.7213
vn 0.1773 -0.6688 -0.7220
vn 0.3090 -0.6696 -0.6754
vn 0.3154 -0.6688 -0.6732
vn 0.2973 -0.6684 -0.6818
vn 0.2934 -0.6678 -0.6841
vn 0.2651 -0.6660 -0.6973
vn 0.2696 -0.6660 -0.6955
vn 0.2800 -0.6742 -0.6834
vn 0.1818 -0.8005 -0.5711
vn 0.1725 -0.6704 -0.7217
vn 0.1457 -0.6751 -0.7232
vn 0.1117 -0.6835 -0.7214
vn 0.0614 -0.7001 -0.7114
vn -0.0502 -0.6572 -0.7520
vn -0.0645 -0.6747 -0.7353
vn -0.0425 -0.6550 -0.7544
vn -0.0042 -0.8094 -0.5873
vn -0.0168 -0.6816 -0.7316
vn -0.0099 -0.6881 -0.7256
vn -0.0591 -0.6686 -0.7413
vn -0.0756 -0.6763 -0.7328
vn -0.0671 -0.6791 -0.7310
vn -0.0676 -0.6820 -0.7282
vn -0.0586 -0.7022 -0.7096
vn 0.3368 -0.6671 -0.6645
vn 0.3415 -0.6654 -0.6638
vn 0.3176 -0.6650 -0.6760
vn 0.3189 -0.6649 -0.6755
vn 0.2755 -0.6641 -0.6950
vn 0.2770 -0.6642 -0.6943
vn 0.3233 -0.6840 -0.6539
vn 0.3258 -0.6900 -0.6464
vn 0.3418 -0.6696 -0.6595
vn -0.0215 -0.6571 0.7535
vn -0.0214 -0.6769 0.7358
vn -0.0256 -0.6734 0.7388
vn -0.0783 -0.6539 0.7525
vn -0.0735 -0.6554 0.7517
vn -0.0400 -0.6558 0.7539
vn -0.0392 -0.6558 0.7539
vn -0.0188 -0.6561 0.7544
vn -0.0546 -0.6559 0.7529
vn 0.1495 -0.6512 0.7441
vn 0.1265 -0.6523 0.7474
vn 0.1182 -0.6517 0.7492
vn 0.0756 -0.6512 0.7551
vn 0.0808 -0.6526 0.7534
vn 0.0306 -0.6521 0.7575
vn 0.0354 -0.6535 0.7561
vn -0.0110 -0.6527 0.7575
vn -0.0065 -0.6539 0.7565
vn -0.1073 -0.6539 0.7489
vn -0.0735 -0.6564 0.7509
vn -0.0415 -0.6543 0.7551
vn -0.7319 -0.6570 0.1807
vn -0.7337 -0.6561 0.1769
vn -0.7432 -0.6579 0.1220
vn -0.7456 -0.6563 0.1158
vn -0.7481 -0.6610 0.0591
vn -0.7229 -0.6541 -0.2228
vn -0.7424 -0.6470 -0.1737
vn -0.7497 -0.6498 -0.1254
vn -0.7472 -0.6577 -0.0956
vn -0.7529 -0.6564 -0.0469
vn -0.7481 -0.6632 -0.0227
vn -0.7507 -0.6606 0.0103
vn -0.7507 -0.6581 0.0584
vn -0.5949 -0.6594 0.4596
vn -0.5764 -0.6624 0.4785
vn -0.5499 -0.6618 0.5096
vn -0.5434 -0.6639 0.5137
vn -0.4977 -0.6640 0.5580
vn -0.4976 -0.6646 0.5574
vn -0.4404 -0.6646 0.6036
vn -0.4415 -0.6641 0.6034
vn -0.6657 -0.6582 0.3517
vn -0.6467 -0.6612 0.3803
vn -0.6331 -0.6580 0.4076
vn -0.6183 -0.6617 0.4240
vn -0.5960 -0.6620 0.4544
vn -0.7149 -0.6569 0.2395
vn -0.7170 -0.6559 0.2361
vn -0.6903 -0.6593 0.2981
vn -0.6989 -0.6550 0.2873
vn -0.6775 -0.6563 0.3320
vn -0.1462 -0.6548 0.7415
vn -0.1415 -0.6572 0.7404
vn 0.0603 -0.6809 -0.7299
vn -0.0216 -0.6804 -0.7325
vn -0.0668 -0.6786 -0.7315
vn -0.0565 -0.6749 -0.7357
vn -0.0840 -0.6557 0.7503
vn -0.1346 -0.6552 0.7434
vn -0.1062 -0.6501 0.7524
vn -0.1386 -0.6567 0.7413
vn -0.1817 -0.6608 0.7283
vn -0.1787 -0.6579 0.7316
vn -0.2171 -0.6614 0.7179
vn -0.2556 -0.6653 0.7014
vn -0.3776 -0.6649 0.6445
vn -0.3895 -0.6612 0.6412
vn -0.3180 -0.6663 0.6744
vn -0.3358 -0.6614 0.6706
vn -0.2788 -0.6641 0.6937
vn -0.2502 -0.6602 0.7082
vn -0.0443 -0.6564 0.7531
vn -0.0811 -0.6565 0.7499
vn -0.1125 -0.6566 0.7458
vn 0.3149 -0.6658 -0.6764
vn 0.2660 -0.6661 -0.6968
vn 0.2183 -0.6674 -0.7120
vn 0.1544 -0.6760 -0.7206
vn -0.0236 -0.6560 0.7544
vn -0.0415 -0.6554 0.7541
vn 0.3347 -0.6656 -0.6671
vn 0.3150 -0.6658 -0.6764
vn 0.2725 -0.6651 -0.6952
vn 0.2304 -0.6655 -0.7099
vn -0.0560 -0.6711 -0.7393
vn -0.0657 -0.6736 -0.7362
vn 0.0092 -0.6689 -0.7433
vn 0.0070 -0.6682 -0.7439
vn 0.0634 -0.6656 -0.7436
vn 0.0922 -0.6646 -0.7415
vn 0.1109 -0.6660 -0.7376
vn 0.1510 -0.6642 -0.7322
vn 0.1435 -0.6663 -0.7317
vn 0.1868 -0.6651 -0.7230
vn 0.2345 -0.6646 -0.7095
vn 0.2088 -0.6651 -0.7170
vn 0.1825 -0.6646 -0.7246
vn -0.4782 -0.6864 -0.5479
vn -0.4695 -0.6802 -0.5630
vn -0.4214 -0.6809 -0.5990
vn -0.4125 -0.6769 -0.6096
vn -0.3548 -0.6769 -0.6449
vn -0.3503 -0.6754 -0.6490
vn -0.2960 -0.6752 -0.6756
vn -0.2961 -0.6755 -0.6753
vn -0.2322 -0.6749 -0.7004
vn -0.2189 -0.6759 -0.7037
vn -0.1360 -0.6752 -0.7250
vn -0.1255 -0.6724 -0.7295
vn -0.1795 -0.6734 -0.7172
vn 0.6260 -0.0679 -0.7769
vn 0.6211 -0.0390 -0.7828
vn 0.6967 -0.0413 -0.7162
vn 0.7000 -0.0671 -0.7110
vn 0.6251 -0.0781 -0.7766
vn 0.7634 -0.0355 -0.6450
vn 0.7638 -0.0605 -0.6426
vn 0.8149 -0.0289 -0.5789
vn 0.8204 -0.0588 -0.5687
vn 0.8624 -0.0321 -0.5052
vn 0.8672 -0.0568 -0.4946
vn 0.8996 -0.0359 -0.4352
vn 0.9063 -0.0566 -0.4189
vn 0.9201 -0.0358 -0.3899
vn 0.9415 -0.0553 -0.3323
vn 0.9439 -0.0344 -0.3284
vn 0.9677 -0.0247 -0.2508
vn 0.9688 -0.0528 -0.2421
vn 0.9882 -0.0313 -0.1500
vn 0.9878 -0.0526 -0.1468
vn 0.0137 -0.9999 0.0089
vn 0.0146 -0.9999 0.0091
vn 0.0141 -0.9999 0.0092
vn 0.0129 -0.9999 0.0092
vn 0.0133 -0.9999 0.0092
vn 0.0140 -0.9999 0.0092
vn 0.0135 -0.9999 0.0091
vn 0.0134 -0.9999 0.0092
vn 0.0141 -0.9999 0.0093
vn 0.0141 -0.9999 0.0095
vn 0.0140 -0.9999 0.0093
vn 0.9976 -0.0262 -0.0645
vn 0.9975 -0.0533 -0.0466
vn 0.9996 -0.0220 0.0201
vn 0.9973 -0.0508 0.0537
vn 0.9917 -0.0319 0.1244
vn 0.9879 -0.0506 0.1468
vn 0.9794 -0.0329 0.1991
vn 0.9696 -0.0479 0.2399
vn 0.9495 -0.0320 0.3122
vn 0.9440 -0.0490 0.3264
vn 0.9132 -0.0128 0.4073
vn 0.9095 -0.0501 0.4126
vn 0.8774 -0.0260 0.4791
vn 0.8660 -0.0488 0.4976
vn 0.8223 -0.0258 0.5684
vn 0.8172 -0.0540 0.5738
vn 0.0135 -0.9999 0.0088
vn 0.0138 -0.9999 0.0094
vn -0.6137 -0.6526 -0.4444
vn -0.4985 -0.6709 -0.5489
vn -0.4080 -0.6770 -0.6125
vn -0.4396 -0.6744 -0.5933
vn -0.2717 -0.6774 -0.6836
vn -0.2235 -0.6793 -0.6990
vn -0.1338 -0.6716 -0.7287
vn -0.0614 -0.6695 -0.7403
vn -0.0406 -0.6668 -0.7441
vn 0.0423 -0.6634 -0.7471
vn 0.0438 -0.6628 -0.7475
vn 0.1053 -0.6647 -0.7397
vn -0.5783 -0.6644 -0.4734
vn -0.7016 -0.6380 -0.3173
vn -0.6519 -0.6572 -0.3782
vn -0.7372 -0.6335 -0.2350
vn -0.7014 -0.6519 -0.2882
vn 0.5643 -0.0816 -0.8215
vn 0.5383 -0.0952 -0.8373
vn 0.5008 -0.0945 -0.8604
vn 0.5385 -0.0704 -0.8397
vn -0.0014 -0.1045 -0.9945
vn 0.0025 -0.0850 -0.9964
vn 0.0901 -0.1005 -0.9908
vn 0.1357 -0.0806 -0.9875
vn 0.1615 -0.1002 -0.9818
vn 0.2709 -0.0989 -0.9575
vn 0.2723 -0.0819 -0.9587
vn 0.4060 -0.0998 -0.9084
vn 0.4538 -0.0732 -0.8881
vn 0.3653 -0.0830 -0.9272
vn 0.5387 -0.0368 -0.8417
vn 0.4549 -0.0376 -0.8897
vn 0.3705 -0.0393 -0.9280
vn 0.2696 -0.0412 -0.9621
vn 0.1374 -0.0438 -0.9896
vn 0.0044 -0.0463 -0.9989
vn 0.3354 -0.0593 0.9402
vn 0.2553 -0.0621 0.9649
vn 0.2536 -0.0799 0.9640
vn 0.6313 -0.0742 0.7720
vn 0.6525 -0.0754 0.7540
vn 0.6305 -0.0528 0.7744
vn 0.6709 -0.0750 0.7378
vn 0.6945 -0.0503 0.7178
vn 0.7505 -0.0717 0.6570
vn 0.7608 -0.0517 0.6470
vn 0.3245 -0.0788 0.9426
vn 0.3740 -0.0769 0.9242
vn 0.4157 -0.0589 0.9076
vn 0.4227 -0.0770 0.9030
vn 0.4925 -0.0556 0.8685
vn 0.4883 -0.0759 0.8694
vn 0.5566 -0.0509 0.8292
vn 0.5488 -0.0751 0.8326
vn 0.5904 -0.0735 0.8038
vn 0.6042 -0.0205 0.7966
vn 0.7048 -0.0235 0.7090
vn 0.7671 -0.0253 0.6410
vn 0.2449 -0.0261 0.9692
vn 0.3417 -0.0278 0.9394
vn 0.4150 -0.0268 0.9094
vn 0.4971 -0.0246 0.8673
vn 0.8908 0.0075 0.4543
vn 0.8700 0.0091 0.4931
vn 0.8724 0.0015 0.4889
vn 0.9602 0.0093 0.2790
vn 0.9481 -0.0136 0.3177
vn 0.9358 -0.0081 0.3523
vn 0.9668 -0.0278 0.2540
vn 0.9821 -0.0114 0.1881
vn 0.9906 -0.0102 0.1366
vn 0.9981 -0.0191 0.0591
vn 0.9992 -0.0206 -0.0348
vn 0.9898 -0.0198 -0.1413
vn 0.8226 0.0091 0.5686
vn 0.8226 0.0008 0.5686
vn 0.9989 0.0270 0.0374
vn 0.9993 0.0135 -0.0342
vn -0.0145 0.9999 -0.0090
vn -0.0144 0.9999 -0.0090
vn 0.9816 0.0246 0.1892
vn 0.9982 0.0192 0.0570
vn 0.9645 0.0052 -0.2642
vn 0.9486 -0.0086 -0.3164
vn 0.9151 -0.0048 -0.4032
vn 0.9777 -0.0383 -0.2066
vn 0.9674 -0.0741 -0.2421
vn 0.9142 0.0021 -0.4052
vn 0.9636 0.0097 -0.2673
vn 0.8804 -0.0090 -0.4742
vn 0.8342 -0.0131 -0.5513
vn 0.7573 -0.0085 -0.6530
vn 0.6868 -0.0126 -0.7267
vn 0.6117 -0.0122 -0.7910
vn 0.8818 0.0004 -0.4715
vn 0.8308 -0.0011 -0.5565
vn 0.7583 -0.0030 -0.6519
vn 0.6873 -0.0047 -0.7264
vn 0.6172 -0.0095 -0.7867
vn 0.3661 0.0136 0.9305
vn 0.3847 0.0034 0.9230
vn 0.3798 0.0128 0.9250
vn 0.5305 -0.0461 0.8464
vn 0.6564 -0.0069 0.7543
vn 0.7718 0.0001 0.6359
vn 0.9005 0.0048 0.4349
vn 0.9410 0.0172 0.3381
vn 0.9987 0.0083 0.0509
vn 0.9997 0.0132 -0.0218
vn 0.9977 0.0043 0.0680
vn 0.9931 0.0020 -0.1172
vn 0.9592 0.0058 0.2826
vn 0.8302 0.0080 0.5574
vn 0.5985 0.0113 0.8010
vn -0.1937 0.0063 0.9810
vn -0.3066 0.0056 0.9518
vn -0.1692 0.0049 0.9856
vn -0.2502 0.0054 0.9682
vn -0.1815 0.0065 0.9834
vn -0.0929 0.0072 0.9956
vn 0.1758 0.0071 0.9844
vn 0.1166 0.0107 0.9931
vn 0.3542 0.0023 0.9352
vn -0.8671 -0.0879 -0.4904
vn -0.7481 -0.0739 -0.6595
vn -0.7736 -0.1023 -0.6253
vn -0.6518 -0.0804 -0.7541
vn -0.6727 -0.1058 -0.7323
vn -0.5282 -0.0945 -0.8438
vn -0.9538 -0.0819 -0.2892
vn -0.9418 -0.0577 -0.3311
vn -0.9187 -0.0801 -0.3867
vn -0.9022 -0.0555 -0.4277
vn -0.8537 -0.0534 -0.5180
vn -0.7376 -0.0476 -0.6735
vn -0.0942 -0.0663 0.9933
vn -0.1557 -0.0708 0.9853
vn -0.1564 -0.0895 0.9836
vn 0.1758 -0.0622 0.9824
vn 0.1882 -0.0813 0.9788
vn -0.0117 -0.0617 0.9980
vn 0.0364 -0.0796 0.9962
vn 0.0908 -0.0636 0.9938
vn 0.0977 -0.0815 0.9919
vn 0.1445 -0.0797 0.9863
vn -0.1075 -0.0882 0.9903
vn -0.0660 -0.0843 0.9943
vn -0.0197 -0.0859 0.9961
vn -0.1544 -0.0360 0.9873
vn -0.0835 -0.0356 0.9959
vn 0.0051 -0.0342 0.9994
vn 0.0777 -0.0302 0.9965
vn 0.1440 -0.0277 0.9892
vn 0.2429 -0.0041 0.9700
vn 0.2429 0.0045 0.9700
vn 0.3415 -0.0029 0.9399
vn 0.4154 -0.0020 0.9096
vn 0.4978 -0.0012 0.8673
vn 0.6049 -0.0003 0.7963
vn 0.7029 0.0004 0.7113
vn 0.7677 0.0007 0.6408
vn 0.3415 0.0056 0.9399
vn 0.4154 0.0064 0.9096
vn 0.4978 0.0072 0.8673
vn 0.6049 0.0081 0.7962
vn 0.7029 0.0087 0.7112
vn 0.7677 0.0090 0.6407
vn 0.5397 -0.0160 -0.8417
vn 0.4551 -0.0177 -0.8903
vn 0.3708 -0.0193 -0.9285
vn 0.2699 -0.0212 -0.9627
vn 0.1378 -0.0236 -0.9902
vn 0.0047 -0.0257 -0.9997
vn -0.0836 -0.0876 -0.9926
vn -0.0847 -0.1065 -0.9907
vn -0.0988 -0.0885 -0.9912
vn -0.0985 -0.1070 -0.9894
vn -0.0400 -0.0881 -0.9953
vn -0.0391 -0.1065 -0.9935
vn 0.0725 -0.0854 -0.9937
vn 0.0735 -0.1048 -0.9918
vn -0.0831 -0.0480 -0.9954
vn -0.0992 -0.0486 -0.9939
vn -0.0400 -0.0490 -0.9980
vn 0.0459 -0.0515 -0.9976
vn 0.0468 -0.0257 -0.9986
vn -0.0830 -0.0271 -0.9962
vn -0.0994 -0.0273 -0.9947
vn -0.0396 -0.0247 -0.9989
vn 0.0452 -0.0167 -0.9988
vn 0.4074 -0.0802 -0.9097
vn 0.4107 -0.0456 -0.9106
vn 0.3588 -0.0445 -0.9324
vn 0.4059 -0.0994 -0.9085
vn 0.3436 -0.0830 -0.9354
vn 0.2784 -0.0822 -0.9570
vn 0.3202 -0.0411 -0.9465
vn 0.2686 -0.0577 -0.9615
vn 0.1891 -0.0832 -0.9784
vn 0.2333 -0.0479 -0.9712
vn 0.1761 -0.0509 -0.9830
vn 0.1194 -0.0473 -0.9917
vn 0.3447 -0.0997 -0.9334
vn 0.2773 -0.1006 -0.9555
vn 0.1893 -0.1025 -0.9766
vn 0.1223 -0.0263 -0.9921
vn 0.3047 -0.0240 -0.9522
vn 0.2183 -0.0261 -0.9755
vn 0.3605 -0.0206 -0.9325
vn 0.4088 -0.0188 -0.9124
vn 0.1240 -0.0155 -0.9922
vn 0.2157 -0.0141 -0.9764
vn 0.3031 -0.0126 -0.9529
vn 0.3605 -0.0117 -0.9327
vn 0.4089 -0.0128 -0.9125
vn 0.4354 -0.0808 -0.8966
vn 0.4351 -0.0993 -0.8949
vn 0.4077 -0.0808 -0.9095
vn 0.4082 -0.0990 -0.9075
vn 0.3437 -0.0811 -0.9356
vn 0.3477 -0.0956 -0.9327
vn 0.4355 -0.0408 -0.8993
vn 0.4082 -0.0420 -0.9119
vn 0.3429 -0.0463 -0.9382
vn -0.0682 -0.0319 -0.9972
vn -0.0627 -0.0234 -0.9978
vn 0.0772 -0.0512 -0.9957
vn -0.0969 -0.1028 -0.9900
vn -0.1342 -0.0535 -0.9895
vn 0.0026 -0.1015 -0.9948
vn -0.0024 -0.0928 -0.9957
vn 0.1171 -0.0861 -0.9894
vn 0.0753 -0.0908 -0.9930
vn 0.1749 -0.0927 -0.9802
vn 0.1729 -0.0816 -0.9816
vn 0.2304 -0.0956 -0.9684
vn 0.2681 -0.0798 -0.9601
vn 0.2665 -0.0992 -0.9587
vn 0.3040 -0.0903 -0.9484
vn -0.0991 -0.0402 -0.9943
vn 0.2750 -0.0442 -0.9604
vn 0.2307 -0.0468 -0.9719
vn 0.1696 -0.0468 -0.9844
vn -0.5065 -0.1046 -0.8559
vn -0.4249 -0.0751 -0.9021
vn -0.4694 -0.1206 -0.8747
vn -0.3836 -0.1008 -0.9180
vn -0.3268 -0.0648 -0.9429
vn -0.2853 -0.1108 -0.9520
vn -0.1926 -0.1069 -0.9754
vn -0.2837 -0.0602 -0.9570
vn -0.2371 -0.0567 -0.9698
vn -0.1804 -0.0604 -0.9817
vn -0.4104 -0.1203 -0.9039
vn -0.5347 -0.0716 -0.8420
vn -0.5631 -0.1250 -0.8169
vn -0.5781 -0.0642 -0.8134
vn -0.6363 -0.1191 -0.7622
vn -0.6243 -0.0650 -0.7785
vn -0.6799 -0.0618 -0.7307
vn -0.6699 -0.0641 -0.7397
vn -0.6541 -0.0668 -0.7535
vn -0.7034 -0.0568 -0.7085
vn -0.7105 -0.0604 -0.7011
vn -0.6468 -0.1169 -0.7536
vn -0.7326 -0.0297 -0.6801
vn -0.6977 -0.0580 -0.7140
vn -0.6883 -0.0636 -0.7227
vn -0.0542 -0.0198 -0.9983
vn -0.0581 -0.0115 -0.9982
vn 0.0766 -0.0263 -0.9967
vn -0.0575 -0.0113 -0.9983
vn 0.3482 -0.0226 -0.9372
vn 0.2931 -0.0268 -0.9557
vn 0.2273 -0.0198 -0.9736
vn 0.1419 -0.0247 -0.9896
vn 0.0777 -0.0158 -0.9968
vn 0.1449 -0.0148 -0.9893
vn 0.2247 -0.0137 -0.9743
vn 0.2898 -0.0127 -0.9570
vn 0.3485 -0.0118 -0.9372
vn -0.0141 0.9999 -0.0088
vn -0.0133 0.9999 -0.0092
vn -0.0135 0.9999 -0.0092
vn -0.0141 0.9999 -0.0093
vn -0.4165 -0.0141 -0.9090
vn -0.4169 -0.0145 -0.9088
vn -0.5500 -0.0155 -0.8350
vn -0.4536 -0.0150 -0.8911
vn 0.1383 -0.0072 -0.9904
vn 0.1132 -0.0061 -0.9936
vn 0.3022 -0.0046 -0.9532
vn 0.2899 -0.0048 -0.9570
vn -0.2028 -0.0103 -0.9792
vn 0.0218 -0.0088 -0.9997
vn -0.1216 0.0074 0.9925
vn 0.9946 0.0108 0.1035
vn 0.9954 0.0146 0.0951
vn 0.9925 0.0164 0.1207
vn 0.9788 0.0134 0.2042
vn 0.9589 0.0200 0.2829
vn 0.9457 0.0173 0.3245
vn 0.9524 0.0152 0.3044
vn 0.8681 0.0176 0.4960
vn 0.9998 0.0121 0.0154
vn 0.9974 0.0144 0.0702
vn -0.4087 -0.0581 -0.9108
vn -0.4675 -0.0322 -0.8834
vn -0.2203 -0.0316 -0.9749
vn -0.2833 -0.0185 -0.9589
vn -0.3473 -0.0467 -0.9366
vn -0.2319 -0.0555 -0.9712
vn -0.0360 -0.0165 -0.9992
vn 0.0057 -0.0177 -0.9998
vn -0.0457 -0.0266 -0.9986
vn 0.0075 -0.0131 -0.9999
vn -0.9408 -0.0302 -0.3376
vn -0.9422 -0.0229 -0.3343
vn -0.8980 -0.0250 -0.4393
vn -0.7787 -0.0219 -0.6271
vn -0.7792 -0.0306 -0.6261
vn 0.5256 -0.0004 -0.8507
vn 0.5175 0.0003 -0.8557
vn 0.6615 0.0029 -0.7500
vn 0.9930 0.0126 -0.1171
vn 0.9606 0.0122 -0.2778
vn 0.6258 0.0041 -0.7800
vn 0.5497 0.0040 -0.8354
vn 0.5458 0.0028 -0.8379
vn 0.8320 0.0093 -0.5547
vn -0.5059 -0.0253 -0.8622
vn -0.5052 -0.0187 -0.8628
vn -0.3166 -0.0200 -0.9483
vn -0.3109 -0.0157 -0.9503
vn -0.9672 -0.0157 -0.2533
vn -0.9794 -0.0236 -0.2006
vn -0.6606 -0.0147 -0.7506
vn -0.6335 -0.0089 -0.7737
vn -0.7129 -0.0133 -0.7012
vn -0.4600 -0.0086 -0.8879
vn -0.2758 -0.0071 -0.9612
vn -0.1590 -0.7104 -0.6856
vn -0.1588 -0.7130 -0.6829
vn -0.2400 -0.7106 -0.6614
vn -0.3007 -0.7091 -0.6378
vn -0.3602 -0.7074 -0.6082
vn -0.1900 -0.7117 -0.6763
vn -0.4738 -0.6929 -0.5435
vn -0.4664 -0.6971 -0.5445
vn -0.4335 -0.7023 -0.5646
vn -0.3750 -0.7099 -0.5962
vn -0.0266 -0.6996 -0.7141
vn -0.0035 -0.6996 -0.7146
vn -0.0787 -0.7033 -0.7065
vn 0.0370 -0.6913 -0.7216
vn 0.0805 -0.6821 -0.7268
vn 0.0657 -0.6877 -0.7230
vn 0.0933 -0.6728 -0.7339
vn 0.0399 -0.0086 -0.9992
vn -0.0539 -0.0060 -0.9985
vn -0.0493 -0.0117 -0.9987
vn -0.1925 -0.0118 -0.9812
vn -0.3987 -0.0176 -0.9169
vn -0.3911 -0.0139 -0.9203
vn -0.5709 -0.0155 -0.8209
vn -0.3895 -0.0078 -0.9210
vn -0.3692 -0.0136 -0.9293
vn -0.5739 -0.0171 -0.8187
vn -0.6586 -0.0138 -0.7524
vn -0.8267 -0.0191 -0.5623
vn -0.8072 -0.0166 -0.5901
vn -0.9224 -0.0241 -0.3854
vn -0.1608 -0.0109 -0.9869
vn 0.4358 -0.0191 -0.8998
vn 0.4087 -0.0177 -0.9125
vn -0.9942 -0.0557 0.0920
vn -0.9944 -0.0802 0.0693
vn -0.9860 -0.0735 0.1496
vn -0.9728 -0.0875 0.2146
vn -0.9768 -0.0874 0.1954
vn -0.9774 -0.0503 0.2055
vn -0.9968 -0.0798 0.0061
vn -0.9983 -0.0575 -0.0074
vn -0.9940 -0.0840 -0.0701
vn -0.9957 -0.0496 -0.0776
vn -0.9902 -0.0565 -0.1278
vn -0.9811 -0.0845 -0.1743
vn -0.9656 -0.0554 -0.2541
vn -0.9791 -0.0480 -0.1976
vn -0.9683 -0.0298 -0.2481
vn -0.9896 -0.0269 -0.1412
vn -0.9993 -0.0265 -0.0250
vn -0.9953 -0.0282 0.0921
vn -0.9784 -0.0271 0.2052
vn -0.9684 -0.0225 -0.2484
vn -0.9895 -0.0220 -0.1429
vn -0.9994 -0.0212 -0.0266
vn -0.9956 -0.0202 0.0919
vn -0.9786 -0.0190 0.2050
vn -0.9490 -0.0829 0.3041
vn -0.9472 -0.0985 0.3050
vn -0.9198 -0.0789 0.3844
vn -0.9188 -0.0978 0.3825
vn -0.8871 -0.0775 0.4549
vn -0.8845 -0.0971 0.4564
vn -0.8456 -0.0793 0.5279
vn -0.8439 -0.0964 0.5278
vn -0.7963 -0.0757 0.6002
vn -0.7961 -0.0955 0.5975
vn -0.7432 -0.0717 0.6652
vn -0.7400 -0.0947 0.6659
vn -0.6767 -0.0744 0.7325
vn -0.6739 -0.0937 0.7328
vn -0.5999 -0.0760 0.7965
vn -0.5975 -0.0926 0.7965
vn -0.9557 -0.0490 0.2901
vn -0.9275 -0.0461 0.3710
vn -0.8842 -0.0472 0.4647
vn -0.8456 -0.0424 0.5322
vn -0.7956 -0.0447 0.6042
vn -0.7239 -0.0467 0.6883
vn -0.6614 -0.0461 0.7486
vn -0.6036 -0.0426 0.7962
vn -0.1991 -0.0729 0.9773
vn -0.1985 -0.0916 0.9758
vn -0.2004 -0.0727 0.9770
vn -0.2001 -0.0913 0.9755
vn -0.2002 -0.0325 0.9792
vn -0.2019 -0.0331 0.9788
vn -0.1547 -0.0012 0.9880
vn -0.1553 -0.0102 0.9878
vn -0.0846 -0.0089 0.9964
vn 0.1211 -0.0047 0.9926
vn 0.0060 -0.0075 1.0000
vn -0.0846 -0.0000 0.9964
vn 0.0059 0.0013 1.0000
vn 0.1207 0.0029 0.9927
vn -0.9566 -0.0261 0.2902
vn -0.9279 -0.0250 0.3720
vn -0.8791 -0.0195 0.4762
vn -0.8028 -0.0181 0.5960
vn -0.7271 -0.0198 0.6862
vn -0.6618 -0.0184 0.7495
vn -0.6037 -0.0172 0.7970
vn -0.9568 -0.0180 0.2901
vn -0.9281 -0.0168 0.3719
vn -0.8775 -0.0152 0.4793
vn -0.8049 -0.0132 0.5933
vn -0.7273 -0.0114 0.6862
vn -0.6620 -0.0099 0.7495
vn -0.6040 -0.0087 0.7970
vn -0.2479 -0.0823 0.9653
vn -0.1880 -0.0886 0.9782
vn -0.1992 -0.0681 0.9776
vn -0.3003 -0.0888 0.9497
vn -0.2944 -0.0689 0.9532
vn -0.3432 -0.0886 0.9351
vn -0.3700 -0.0713 0.9263
vn -0.5168 -0.0730 0.8530
vn -0.5164 -0.0915 0.8514
vn -0.4414 -0.0715 0.8945
vn -0.4386 -0.0905 0.8941
vn -0.3800 -0.0898 0.9206
vn -0.1270 -0.0342 0.9913
vn -0.1230 -0.0700 0.9899
vn -0.1216 -0.0888 0.9886
vn -0.2120 -0.0353 0.9766
vn -0.5312 -0.0386 0.8464
vn -0.4408 -0.0379 0.8968
vn -0.3710 -0.0335 0.9280
vn -0.3261 -0.0373 0.9446
vn -0.2836 -0.0352 0.9583
vn -0.0700 -0.0709 0.9950
vn -0.0696 -0.0897 0.9935
vn -0.1183 -0.0903 0.9889
vn -0.0707 -0.0305 0.9970
vn -0.1188 -0.0716 0.9903
vn -0.1601 -0.0909 0.9829
vn -0.1607 -0.0722 0.9844
vn -0.1196 -0.0312 0.9923
vn -0.1617 -0.0318 0.9863
vn -0.2006 -0.0108 0.9796
vn -0.2030 -0.0095 0.9791
vn -0.1245 -0.0079 0.9922
vn -0.2133 -0.0100 0.9769
vn -0.5307 -0.0158 0.8474
vn -0.4325 -0.0107 0.9016
vn -0.3154 -0.0072 0.9489
vn -0.5310 -0.0073 0.8474
vn -0.4298 -0.0054 0.9029
vn -0.3175 -0.0036 0.9483
vn -0.2142 -0.0020 0.9768
vn -0.1263 -0.0033 0.9920
vn -0.0673 -0.0700 0.9953
vn -0.0662 -0.0889 0.9938
vn -0.0433 -0.0702 0.9966
vn -0.0426 -0.0890 0.9951
vn -0.0681 -0.0303 0.9972
vn -0.0443 -0.0299 0.9986
vn -0.0710 -0.0088 0.9974
vn -0.1199 -0.0096 0.9927
vn -0.1621 -0.0102 0.9867
vn -0.0694 -0.0087 0.9975
vn -0.0448 -0.0084 0.9990
vn 0.6887 0.0156 0.7249
vn 0.7035 0.0174 0.7105
vn 0.7673 0.0104 0.6412
vn 0.8332 -0.0001 0.5530
vn 0.8245 0.0166 0.5656
vn 0.8042 0.0195 0.5940
vn -0.8417 -0.0228 0.5395
vn -0.8704 -0.0176 0.4920
vn -0.8068 -0.0207 0.5905
vn -0.8069 -0.0001 0.5906
vn -0.7673 -0.0093 0.6412
vn -0.7434 -0.0049 0.6688
vn -0.7353 -0.0053 0.6777
vn -0.8703 -0.0075 0.4925
vn -0.8972 -0.0229 0.4411
vn -0.9284 -0.0169 0.3712
vn -0.9334 -0.0091 0.3587
vn -0.9642 -0.0212 0.2643
vn -0.9602 -0.0107 0.2791
vn -0.9787 -0.0168 0.2045
vn -0.9904 -0.0049 0.1381
vn -0.9957 -0.0147 0.0911
vn -0.9998 -0.0214 0.0054
vn -0.9988 -0.0190 0.0449
vn -0.9998 0.0036 -0.0207
vn -0.9919 0.0610 -0.1114
vn -0.9720 0.0217 -0.2338
vn -0.9720 -0.0156 -0.2346
vn -0.9337 0.0598 -0.3529
vn -0.8816 0.0194 -0.4715
vn -0.8843 -0.0165 -0.4666
vn -0.5653 -0.0154 -0.8248
vn -0.5515 -0.0264 -0.8337
vn -0.6241 -0.0179 -0.7811
vn -0.6623 -0.0035 -0.7492
vn -0.7594 -0.0092 -0.6506
vn -0.7588 0.0024 -0.6513
vn -0.7850 0.1609 -0.5982
vn -0.3647 -0.0254 -0.9308
vn -0.3292 -0.0292 -0.9438
vn -0.4047 -0.0306 -0.9140
vn -0.4504 -0.0278 -0.8924
vn -0.4805 -0.0183 -0.8768
vn -0.5262 -0.0177 -0.8502
vn -0.3223 -0.0132 -0.9466
vn -0.2728 -0.0113 -0.9620
vn -0.2180 -0.0095 -0.9759
vn -0.1616 -0.0222 -0.9866
vn -0.0810 -0.0191 -0.9965
vn -0.0759 -0.0142 -0.9970
vn 0.0467 0.0107 -0.9989
vn 0.0079 -0.0124 -0.9999
vn 0.1523 -0.0026 -0.9883
vn 0.1563 0.0010 -0.9877
vn 0.2667 0.0037 -0.9638
vn 0.3174 -0.0164 -0.9481
vn 0.4049 -0.0130 -0.9143
vn 0.3801 -0.0083 -0.9249
vn 0.4271 -0.0047 -0.9042
vn 0.4982 -0.0123 -0.8670
vn 0.4740 -0.0042 -0.8805
vn 0.5537 -0.0237 -0.8323
vn 0.6183 -0.0094 -0.7859
vn 0.6024 -0.0017 -0.7982
vn 0.6393 0.0010 -0.7689
vn 0.6955 -0.0082 -0.7185
vn 0.6839 0.0025 -0.7296
vn 0.7454 -0.0226 -0.6662
vn 0.7932 -0.0054 -0.6090
vn 0.7931 -0.0047 -0.6090
vn 0.8669 0.1157 -0.4849
vn 0.8164 -0.0326 -0.5766
vn 0.9157 -0.0007 -0.4019
vn 0.8069 -0.2516 -0.5345
vn 0.9706 -0.0515 -0.2350
vn 0.9873 -0.0015 -0.1587
vn 0.9606 -0.0062 -0.2777
vn 0.9551 0.0049 -0.2963
vn 0.9242 0.0118 -0.3816
vn 0.8790 -0.0615 -0.4729
vn 0.9874 0.0122 -0.1575
vn 0.9930 0.0140 -0.1174
vn 0.9987 0.0057 -0.0509
vn 0.9996 0.0049 -0.0276
vn 0.9963 0.0071 0.0856
vn 0.9983 0.0063 0.0580
vn 0.9913 0.0218 0.1295
vn 0.9820 0.0121 0.1886
vn 0.9707 -0.0107 0.2401
vn 0.9427 0.0004 0.3335
vn 0.9526 0.0020 0.3041
vn 0.9357 0.0162 0.3523
vn 0.9060 0.0152 0.4230
vn 0.9055 -0.0016 0.4244
vn 0.9195 0.0134 0.3928
vn 0.9264 0.0119 0.3762
vn 0.8873 -0.0090 0.4612
vn 0.8720 -0.0358 0.4882
vn 0.8564 -0.0165 0.5161
vn -0.2143 0.0055 0.9767
vn -0.2453 0.0056 0.9694
vn -0.3320 0.0041 0.9433
vn -0.3418 0.0061 0.9398
vn -0.4445 0.0025 0.8958
vn -0.4664 0.0042 0.8846
vn -0.5507 -0.0000 0.8347
vn -0.5560 -0.0011 0.8312
vn -0.6487 -0.0015 0.7611
vn -0.6391 -0.0030 0.7692
vn -0.7143 -0.0034 0.6998
vn 0.1812 -0.0139 0.9834
vn -0.0842 0.0202 0.9962
vn 0.0189 0.0273 0.9994
vn 0.2274 0.0006 0.9738
vn 0.1033 -0.0021 0.9946
vn -0.0401 0.0040 0.9992
vn -0.1575 0.0011 0.9875
vn 0.1506 0.0112 0.9885
vn 0.2676 0.0090 0.9635
vn 0.3312 0.0130 0.9435
vn 0.4414 0.0097 0.8973
vn 0.7527 -0.0254 0.6578
vn 0.7178 0.0038 0.6962
vn 0.6617 0.0160 0.7496
vn 0.5955 0.0143 0.8032
vn 0.6195 0.0157 0.7848
vn 0.5464 0.0077 0.8375
vn 0.4788 0.0087 0.8779
vn 0.4182 0.0141 0.9082
vn 0.7954 0.0054 -0.6060
vn 0.7247 0.0053 -0.6891
vn 0.7714 0.0161 -0.6361
vn 0.6099 0.0165 -0.7923
vn 0.5752 0.0004 -0.8180
vn 0.4035 -0.0005 -0.9150
vn 0.2157 0.0122 -0.9764
vn 0.1751 0.2438 -0.9539
vn 0.0289 0.3758 -0.9262
vn -0.2193 0.0034 -0.9757
vn -0.4656 -0.0146 -0.8849
vn -0.4315 -0.0030 -0.9021
vn -0.3665 -0.0120 -0.9303
vn -0.1766 -0.0115 -0.9842
vn -0.0141 0.9999 -0.0076
vn -0.0140 0.9999 -0.0081
vn 0.8562 0.0070 0.5166
vn 0.7777 0.0165 0.6284
vn 0.7677 -0.0090 0.6407
vn -0.0564 -0.0136 -0.9983
vn 0.1719 -0.0315 -0.9846
vn -0.3474 -0.0327 -0.9372
vn -0.5850 -0.0470 -0.8097
vn -0.6892 -0.0370 -0.7237
vn -0.7691 -0.0271 -0.6386
vn -0.4361 -0.0180 -0.8997
vn -0.2817 -0.0127 -0.9594
vn -0.9365 -0.0649 -0.3447
vn -0.8556 -0.0261 -0.5170
vn -0.7775 -0.0165 -0.6286
vn -0.9371 -0.0291 0.3479
vn -0.9983 -0.0169 0.0564
vn -0.9833 -0.0277 -0.1797
vn -0.9804 -0.0417 -0.1925
vn -0.8097 -0.0372 0.5856
vn -0.8999 -0.0121 0.4360
vn -0.9595 -0.0107 0.2815
vn -0.7238 -0.0245 0.6896
vn -0.6442 -0.0206 0.7646
vn -0.6288 -0.0015 0.7775
vn -0.1238 0.0074 0.9923
vn -0.2208 0.0059 0.9753
vn -0.1712 -0.0181 0.9851
vn -0.3662 -0.0076 0.9305
vn -0.5171 -0.0088 0.8559
vn 0.0566 0.0063 0.9984
vn 0.3435 -0.0112 0.9391
vn 0.2817 0.0127 0.9594
vn 0.6993 0.0125 0.7147
vn 0.5755 0.0053 0.8178
vn 0.4365 0.0106 0.8997
vn 0.9308 0.0051 0.3656
vn 0.9851 -0.0096 0.1717
vn 0.9851 0.0152 0.1713
vn 0.9376 -0.0096 -0.3476
vn 0.9983 0.0096 -0.0569
vn 0.8102 -0.0257 -0.5856
vn 0.8997 0.0047 -0.4365
vn 0.9594 0.0107 -0.2820
vn 0.7241 -0.0172 -0.6895
vn 0.6448 -0.0168 -0.7642
vn 0.6285 0.0015 -0.7778
vn 0.1718 -0.0067 -0.9851
vn 0.3661 -0.0146 -0.9305
vn 0.5169 -0.0103 -0.8560
vn -0.9095 0.0022 0.4158
vn -0.8800 -0.0078 0.4749
vn -0.8796 -0.0078 0.4757
vn -0.6750 -0.0133 -0.7377
vn -0.6387 -0.0169 -0.7693
vn -0.7236 -0.0158 -0.6900
vn -0.8013 -0.0076 -0.5982
vn -0.5033 -0.0149 -0.8640
vn -0.4854 -0.0161 -0.8741
vn -0.6115 -0.0157 -0.7911
vn -0.6405 -0.0159 -0.7678
vn -0.6488 -0.0160 -0.7608
vn -0.7983 -0.0166 -0.6020
vn -0.8626 -0.0153 -0.5057
vn -0.9152 -0.0068 -0.4030
vn -0.9153 -0.0163 -0.4025
vn -0.9557 -0.0146 -0.2940
vn -0.9829 -0.0057 -0.1843
vn -0.9833 -0.0153 -0.1816
vn -0.9977 -0.0131 -0.0667
vn -0.9991 -0.0022 0.0427
vn -0.9987 -0.0133 0.0491
vn -0.9998 -0.0121 0.0150
vn -0.9926 -0.0112 0.1212
vn -0.9615 -0.0041 0.2749
vn -0.9602 0.0014 0.2794
vn -0.8774 -0.0006 0.4797
vn -0.8194 -0.0048 0.5732
vn -0.7456 0.0048 0.6664
vn -0.5775 -0.0010 0.8164
vn -0.6074 0.0016 0.7944
vn -0.6679 -0.0019 0.7443
vn -0.7484 -0.0042 0.6632
vn -0.3897 0.0025 0.9209
vn -0.4552 0.0018 0.8904
vn -0.5036 0.0012 0.8640
vn -0.5026 0.0011 0.8645
vn -0.5444 0.0004 0.8388
vn -0.5791 -0.0005 0.8152
vn 0.6510 0.0160 0.7589
vn 0.8294 0.0166 0.5584
vn 0.9939 0.0147 0.1096
vn 0.6560 0.0021 -0.7548
vn 0.4316 -0.0023 -0.9021
vn 0.5678 0.0003 -0.8232
vn 0.8276 0.0063 -0.5613
vn 0.7620 0.0165 0.6473
vn 0.9449 0.0161 0.3270
vn 0.2801 0.0195 0.9598
vn 0.9183 0.0164 0.3956
vn 0.7761 0.0188 0.6303
vn 0.7868 0.0165 0.6170
vn 0.5467 0.0215 0.8371
vn 0.3707 0.0137 0.9287
vn -0.1441 0.0064 0.9895
vn -0.3502 0.0035 0.9367
vn -0.1082 0.0052 0.9941
vn 0.1387 0.0096 0.9903
vn 0.3088 0.0137 0.9510
vn 0.3175 0.0134 0.9482
vn 0.4079 0.0138 0.9129
vn 0.4731 0.0148 0.8809
vn 0.5170 0.0144 0.8559
vn 0.5334 0.0151 0.8457
vn 0.3772 -0.0032 -0.9261
vn 0.3793 -0.0033 -0.9253
vn 0.1968 -0.0066 -0.9804
vn -0.3144 -0.0130 -0.9492
vn -0.1846 -0.0129 -0.9827
vn -0.0881 -0.0103 -0.9961
vn 0.2022 -0.0062 -0.9793
vn -0.0980 -0.0105 -0.9951
vn 0.3531 0.0135 0.9355
vn 0.3296 0.0132 0.9440
vn 0.1745 0.0114 0.9846
vn 0.1222 0.0108 0.9924
vn -0.0403 0.0086 0.9992
vn -0.0697 0.0082 0.9975
vn -0.3849 0.0032 0.9229
vn -0.5613 0.0020 0.8276
vn -0.5733 -0.0004 0.8194
vn -0.7145 -0.0034 0.6996
vn 0.6817 0.0161 0.7315
vn 0.5207 0.0162 0.8536
vn 0.1087 0.0134 0.9940
vn 0.3386 0.0159 0.9408
vn 0.5324 0.0151 0.8464
vn 0.1646 0.0113 0.9863
vn 0.8652 -0.5014 0.0040
vn 0.9516 -0.2978 -0.0755
vn 0.8653 -0.5013 0.0041
vn 0.9554 -0.2840 -0.0806
vn 0.9848 -0.0633 -0.1616
vn 0.9848 -0.0636 -0.1618
vn 0.9850 -0.0623 -0.1612
vn 0.4530 -0.7140 -0.5338
vn 0.4360 -0.7071 -0.5567
vn 0.4567 -0.7052 -0.5423
vn 0.4369 -0.7033 -0.5607
vn 0.4379 -0.6991 -0.5652
vn 0.7098 -0.6976 -0.0976
vn 0.7023 -0.7055 -0.0948
vn 0.6959 -0.6988 -0.1656
vn 0.6765 -0.6995 -0.2301
vn 0.6702 -0.7059 -0.2291
vn 0.5435 -0.8053 -0.2368
vn 0.6182 -0.7088 -0.3397
vn 0.6238 -0.7014 -0.3448
vn 0.5907 -0.7024 -0.3972
vn 0.5505 -0.7035 -0.4494
vn 0.5440 -0.7109 -0.4457
vn 0.4100 -0.8194 -0.4005
vn 0.5861 -0.6950 0.4165
vn 0.5860 -0.6950 0.4166
vn 0.6233 -0.6952 0.3581
vn 0.6232 -0.6952 0.3581
vn 0.6538 -0.6952 0.2988
vn 0.6480 -0.7023 0.2948
vn 0.5546 -0.8087 0.1960
vn 0.6893 -0.7030 0.1752
vn 0.6966 -0.6957 0.1755
vn 0.7094 -0.6961 0.1108
vn 0.7161 -0.6966 0.0433
vn 0.7086 -0.7044 0.0415
vn 0.5756 -0.8175 -0.0187
vn 0.5425 -0.6953 0.4714
vn 0.5427 -0.6948 0.4719
vn 0.5260 -0.6832 0.5065
vn 0.5264 -0.6824 0.5072
vn 0.9608 -0.2594 -0.0978
vn 0.9975 -0.0559 -0.0425
vn 0.9591 -0.2650 -0.0999
vn 0.9975 -0.0560 -0.0431
vn 0.8758 -0.4574 -0.1543
vn 0.8757 -0.4575 -0.1542
vn -0.2347 -0.0122 -0.9720
vn -0.7547 -0.0165 -0.6559
vn -0.6732 -0.0161 -0.7393
vn -0.9453 -0.0161 -0.3259
vn -0.9455 -0.0145 -0.3254
vn -0.9980 -0.0143 -0.0619
vn 0.2747 -0.0043 -0.9615
vn -0.1073 -0.0100 -0.9942
vn -0.4050 -0.0140 -0.9142
vn 0.2615 -0.0053 -0.9652
vn -0.3083 0.0046 0.9513
vn -0.4684 0.0038 0.8835
vn -0.5464 0.0001 0.8375
vn -0.7457 -0.0042 0.6663
vn -0.7733 -0.0049 0.6341
vn 0.6897 0.7190 0.0855
vn 0.6952 0.7169 0.0521
vn 0.6954 0.7169 0.0506
vn 0.6899 0.7189 0.0853
vn 0.6895 0.7192 0.0856
vn 0.6878 0.7206 0.0873
vn 0.6959 0.7163 -0.0513
vn 0.6740 0.7148 -0.1864
vn 0.6266 0.7129 -0.3147
vn 0.5554 0.7109 -0.4315
vn 0.4629 0.7088 -0.5323
vn 0.3528 0.7065 -0.6135
vn 0.2292 0.7042 -0.6720
vn 0.0966 0.7021 -0.7055
vn -0.0400 0.7001 -0.7129
vn -0.1755 0.6984 -0.6939
vn -0.3048 0.6970 -0.6491
vn -0.3344 0.6927 -0.6390
vn -0.3297 0.6923 -0.6419
vn 0.0661 0.6994 -0.7117
vn 0.0731 0.6999 -0.7105
vn -0.1525 0.6986 -0.6990
vn -0.1524 0.6986 -0.6990
vn 0.3439 0.7360 -0.5831
vn 0.3583 0.7390 -0.5705
vn -0.2499 0.6824 -0.6869
vn -0.0831 0.7309 -0.6774
vn -0.1036 0.7291 -0.6765
vn 0.4892 0.6936 -0.5288
vn 0.4999 0.7111 -0.4944
vn -0.2713 0.6965 -0.6643
vn -0.1295 0.6434 -0.7545
vn 0.0316 0.6933 -0.7199
vn 0.2817 0.6922 -0.6644
vn 0.2935 0.6977 -0.6535
vn 0.4112 0.6146 -0.6732
vn 0.1974 0.7025 -0.6837
vn 0.1938 0.7026 -0.6846
vn 0.2653 0.7020 -0.6609
vn 0.2635 0.7018 -0.6618
vn -0.2266 0.6873 -0.6901
vn -0.0170 0.7391 -0.6734
vn -0.0048 0.7447 -0.6674
vn -0.2327 0.6975 -0.6777
vn -0.1554 0.6307 -0.7603
vn -0.0746 0.6870 -0.7228
vn -0.0759 0.6996 -0.7105
vn 0.0064 0.6078 -0.7941
vn 0.0901 0.6934 -0.7149
vn 0.0932 0.6980 -0.7100
vn 0.2318 0.6930 -0.6827
vn 0.1561 0.6112 -0.7759
vn 0.2399 0.7041 -0.6684
vn 0.1170 0.7089 -0.6955
vn 0.1132 0.7022 -0.7029
vn -0.1406 0.6988 -0.7014
vn -0.3508 0.6957 -0.6268
vn -0.3619 0.6866 -0.6305
vn -0.7342 0.6768 -0.0538
vn -0.1523 0.9076 -0.3913
vn -0.8339 0.5505 0.0386
vn -0.7207 0.6932 0.0079
vn -0.7661 0.5465 -0.3384
vn -0.6359 0.6753 -0.3737
vn -0.7037 0.6757 -0.2195
vn -0.7152 0.6968 -0.0537
vn -0.8223 0.5479 -0.1538
vn -0.6856 0.6957 -0.2144
vn -0.6197 0.6953 -0.3641
vn -0.6683 0.5466 -0.5047
vn -0.5344 0.6754 -0.5082
vn -0.5344 0.5479 -0.6436
vn -0.5213 0.6954 -0.4946
vn -0.6786 0.6956 -0.2359
vn -0.4858 0.6956 -0.5293
vn -0.1758 0.6984 -0.6938
vn 0.1751 0.7033 -0.6890
vn 0.4678 0.7087 -0.5281
vn 0.6958 0.7157 -0.0604
vn 0.6960 0.7159 -0.0555
vn 0.6382 0.7134 -0.2896
vn 0.6843 0.7150 0.1433
vn 0.6852 0.7148 0.1400
vn 0.6881 0.7177 0.1067
vn 0.7119 0.7022 0.0115
vn 0.7463 0.6516 -0.1361
vn 0.7470 0.6507 -0.1364
vn 0.6967 0.7165 0.0358
vn 0.7374 0.6658 -0.1141
vn 0.1249 0.7129 0.6901
vn 0.1323 0.7134 0.6881
vn 0.2031 0.7161 0.6678
vn 0.2031 0.7162 0.6677
vn 0.2032 0.7161 0.6677
vn 0.2034 0.7160 0.6678
vn 0.2030 0.7161 0.6678
vn -0.0887 0.7123 0.6962
vn -0.0862 0.7123 0.6965
vn -0.6389 0.6908 0.3384
vn -0.6352 0.6989 0.3287
vn -0.5371 0.7040 0.4646
vn -0.5371 0.7041 0.4646
vn -0.3401 0.7082 0.6187
vn -0.7108 0.6964 -0.0984
vn -0.7109 0.6964 -0.0984
vn -0.7108 0.6965 -0.0984
vn -0.7178 0.6955 -0.0322
vn -0.7183 0.6952 -0.0260
vn 0.1004 0.7387 0.6665
vn -0.1468 0.7114 0.6873
vn -0.1308 0.7114 0.6905
vn 0.3533 0.6746 0.6482
vn 0.2920 0.7129 0.6376
vn 0.0847 0.7430 0.6639
vn 0.3987 0.7189 0.5695
vn 0.3885 0.7153 0.5809
vn 0.3803 0.7101 0.5926
vn -0.7321 0.5645 0.3812
vn -0.6050 0.6837 0.4082
vn -0.5891 0.7027 0.3990
vn -0.6253 0.5674 0.5358
vn -0.4951 0.6863 0.5327
vn -0.4817 0.7053 0.5201
vn -0.4861 0.5705 0.6620
vn -0.3678 0.6827 0.6314
vn -0.3660 0.7076 0.6045
vn -0.2100 0.7105 0.6717
vn -0.2779 0.6787 0.6799
vn -0.2075 0.6949 0.6885
vn -0.3053 0.6398 0.7053
vn -0.3337 0.6930 0.6390
vn 0.2857 0.7069 0.6470
vn 0.2118 0.6766 0.7053
vn 0.1223 0.6991 0.7045
vn 0.1228 0.7152 0.6880
vn 0.0410 0.6718 0.7396
vn -0.0580 0.7048 0.7070
vn -0.0620 0.7043 0.7072
vn -0.1096 0.6025 0.7905
vn -0.6926 0.6993 0.1769
vn -0.5705 0.7032 0.4243
vn -0.3630 0.7078 0.6060
vn -0.3631 0.7078 0.6060
vn -0.1676 0.7096 0.6844
vn -0.1736 0.7092 0.6833
vn -0.2304 0.7084 0.6671
vn -0.2249 0.7088 0.6686
vn -0.0166 0.7108 0.7032
vn -0.0061 0.7103 0.7039
vn -0.5384 0.6955 0.4759
vn -0.5383 0.7008 0.4680
vn -0.4066 0.7069 0.5787
vn 0.2524 0.7166 0.6502
vn 0.5397 0.7186 0.4385
vn 0.5397 0.7187 0.4385
vn 0.6641 0.7141 0.2214
vn 0.6617 0.7134 0.2308
vn 0.4410 0.7089 0.5505
vn 0.4874 0.7141 0.5024
vn 0.4907 0.7133 0.5004
vn 0.5021 0.6974 0.5114
vn 0.4103 0.7175 0.5629
vn 0.3010 0.7172 0.6285
vn 0.1543 0.7062 0.6909
vn 0.1825 0.7153 0.6746
vn 0.0893 0.6980 0.7105
vn -0.0099 0.6992 0.7148
vn 0.0116 0.7133 0.7007
vn -0.0945 0.6739 0.7327
vn -0.1791 0.6945 0.6968
vn -0.1605 0.7109 0.6848
vn -0.2790 0.6481 0.7086
vn -0.3412 0.6908 0.6375
vn -0.3236 0.7082 0.6274
vn -0.4533 0.6231 0.6374
vn -0.4855 0.6874 0.5402
vn -0.6055 0.6003 0.5225
vn -0.4679 0.7055 0.5323
vn 0.6014 0.7175 0.3514
vn 0.6048 0.7178 0.3450
vn 0.6638 0.7183 0.2083
vn -0.0929 0.7105 0.6975
vn -0.0987 0.7107 0.6965
vn 0.1066 0.7150 0.6909
vn 0.3589 0.7176 0.5968
vn -0.0805 0.7101 0.6995
vn -0.0884 0.7104 0.6982
vn 0.1510 0.7156 0.6820
vn 0.1511 0.7155 0.6820
vn 0.4330 0.7182 0.5448
vn 0.4329 0.7182 0.5448
vn -0.5969 0.6885 -0.4119
vn -0.6841 0.6941 -0.2242
vn -0.6824 0.6938 -0.2302
vn -0.6162 0.6944 -0.3716
vn -0.5176 0.6890 -0.5073
vn -0.4405 0.6894 -0.5751
vn -0.3888 0.6967 -0.6028
vn -0.3530 0.6924 -0.6293
vn -0.2452 0.6769 -0.6940
vn -0.1342 0.6824 -0.7186
vn -0.0818 0.6987 -0.7107
vn 0.0081 0.6940 -0.7200
vn -0.6795 0.6932 -0.2403
vn -0.6817 0.6937 -0.2326
vn 0.6963 0.7149 0.0639
vn 0.6950 0.7154 0.0718
vn 0.6785 0.7150 -0.1685
vn 0.5400 0.7106 -0.4511
vn 0.2927 0.7053 -0.6456
vn 0.2928 0.7053 -0.6456
vn -0.0145 0.7004 -0.7136
vn -0.3208 0.6969 -0.6415
vn -0.3208 0.6969 -0.6414
vn -0.5655 0.6953 -0.4436
vn 0.5856 0.7192 -0.3739
vn 0.4745 0.7302 -0.4917
vn 0.3678 0.7211 -0.5872
vn 0.3709 0.7065 -0.6027
vn 0.2752 0.6983 -0.6609
vn 0.6946 0.7156 0.0743
vn 0.6935 0.7159 0.0804
vn 0.6862 0.7155 -0.1313
vn 0.5938 0.7119 -0.3751
vn 0.5715 0.7516 0.3293
vn 0.5669 0.7636 0.3091
vn 0.6435 0.7063 0.2951
vn -0.5344 0.7825 0.3194
vn -0.7925 0.4101 0.4514
vn -0.5490 0.7691 0.3273
vn -0.6818 0.6835 0.2607
vn -0.5418 0.8042 0.2445
vn -0.5842 0.7643 0.2732
vn -0.5536 0.7936 0.2524
vn -0.5996 0.7483 0.2839
vn -0.6650 0.7004 0.2592
vn -0.8134 0.5442 0.2053
vn -0.7294 0.6780 0.0912
vn -0.7103 0.6982 0.0897
vn -0.8415 0.5403 0.0022
vn -0.7313 0.6763 -0.0885
vn -0.7123 0.6966 -0.0858
vn -0.8185 0.5379 -0.2018
vn -0.6891 0.6752 -0.2631
vn -0.6283 0.5378 -0.5622
vn -0.4850 0.6754 -0.5555
vn -0.6052 0.6750 -0.4220
vn -0.6712 0.6955 -0.2563
vn -0.7460 0.5370 -0.3939
vn -0.5893 0.6953 -0.4115
vn -0.2895 0.5442 -0.7874
vn -0.1664 0.6783 -0.7156
vn -0.3357 0.6765 -0.6554
vn -0.4717 0.6957 -0.5418
vn -0.4729 0.5402 -0.6961
vn -0.3257 0.6968 -0.6391
vn 0.1140 0.5564 -0.8230
vn 0.1898 0.6835 -0.7049
vn 0.0124 0.6807 -0.7324
vn -0.1602 0.6985 -0.6974
vn -0.0897 0.5497 -0.8305
vn 0.0146 0.7009 -0.7132
vn 0.4829 0.5728 -0.6624
vn 0.4979 0.6894 -0.5261
vn 0.3550 0.6864 -0.6347
vn 0.1878 0.7035 -0.6854
vn 0.3089 0.5642 -0.7657
vn 0.3489 0.7063 -0.6159
vn 0.7275 0.5916 -0.3475
vn 0.6838 0.6949 -0.2225
vn 0.6098 0.6923 -0.3858
vn 0.4880 0.7092 -0.5089
vn 0.6253 0.5820 -0.5199
vn 0.5963 0.7119 -0.3709
vn 0.6674 0.7143 -0.2104
vn 0.7836 0.6013 -0.1562
vn 0.7109 0.7024 -0.0361
vn 0.7023 0.7113 -0.0265
vn 0.6967 0.7040 0.1382
vn 0.8335 0.5521 0.0217
vn 0.6852 0.7131 0.1485
vn 0.5532 0.7306 0.4003
vn 0.5575 0.7271 0.4008
vn 0.5691 0.7290 0.3805
vn 0.6259 0.7193 0.3015
vn 0.7885 0.5724 0.2252
vn -0.2529 0.6975 -0.6704
vn -0.5523 0.6953 -0.4598
vn -0.5523 0.6953 -0.4599
vn -0.7063 0.6963 -0.1278
vn -0.6737 0.7001 0.2368
vn -0.6737 0.7000 0.2368
vn -0.4632 0.7057 0.5362
vn -0.1311 0.7117 0.6901
vn 0.2334 0.7165 0.6574
vn 0.5328 0.7186 0.4468
vn 0.6868 0.7178 0.1148
vn 0.6541 0.7139 -0.2498
vn 0.4436 0.7083 -0.5491
vn 0.1116 0.7023 -0.7031
vn -0.2529 0.6976 -0.6704
vn -0.4631 0.7057 0.5361
vn 0.5328 0.7186 0.4469
vn 0.6868 0.7177 0.1148
vn 0.6542 0.7139 -0.2498
vn 0.0392 0.7014 -0.7117
vn 0.0392 0.7012 -0.7118
vn 0.0393 0.7012 -0.7119
vn 0.0392 0.7013 -0.7118
vn 0.0392 0.7012 -0.7119
vn -0.6236 0.7563 0.1976
vn -0.6115 0.7670 0.1944
vn -0.7801 0.5924 0.2015
vn -0.6746 0.7115 0.1968
vn -0.5847 0.8020 0.1223
vn -0.5978 0.7917 0.1255
vn -0.6926 0.6991 0.1776
vn -0.6710 0.7213 0.1718
vn -0.6884 0.7033 0.1772
vn -0.6898 0.7056 0.1619
vn -0.6688 0.7294 0.1437
vn -0.0165 -0.7246 -0.6889
vn -0.2034 -0.7211 -0.6623
vn -0.1322 -0.7356 -0.6644
vn -0.1236 -0.6971 0.7063
vn -0.3047 -0.6913 0.6552
vn -0.2379 -0.6954 0.6781
vn -0.4717 -0.7036 0.5314
vn -0.4343 -0.6785 0.5924
vn -0.4117 -0.6577 0.6308
vn -0.6329 -0.7048 -0.3204
vn -0.5125 -0.7127 -0.4790
vn -0.5694 -0.6952 -0.4387
vn -0.2579 -0.7110 -0.6542
vn -0.2917 -0.7212 -0.6283
vn -0.3216 -0.7166 -0.6189
vn -0.3962 -0.7160 -0.5747
vn -0.4253 -0.7241 -0.5430
vn -0.4853 -0.7183 -0.4986
vn -0.6026 -0.6908 -0.3997
vn -0.6699 -0.7014 -0.2436
vn -0.6895 -0.7108 -0.1395
vn -0.6818 -0.7219 -0.1182
vn -0.6715 -0.7403 -0.0312
vn -0.6899 -0.7233 0.0296
vn -0.6875 -0.7256 0.0312
vn -0.6586 -0.7387 0.1434
vn -0.6520 -0.7262 0.2179
vn -0.6549 -0.7016 0.2809
vn -0.6398 -0.6887 0.3410
vn -0.5348 -0.7188 0.4442
vn -0.6083 -0.6804 0.4088
vn -0.4955 -0.7093 0.5014
vn 0.6846 -0.6920 -0.2292
vn 0.6810 -0.6718 -0.2913
vn 0.6276 -0.6908 -0.3590
vn 0.5899 -0.6917 -0.4166
vn 0.5164 -0.6948 -0.5006
vn 0.4161 -0.6971 0.5839
vn 0.3286 -0.6972 0.6371
vn 0.3159 -0.6981 0.6426
vn 0.2733 -0.6914 0.6688
vn 0.2231 -0.7030 0.6753
vn 0.1526 -0.7192 0.6778
vn 0.0396 -0.7137 0.6994
vn 0.7037 -0.7085 -0.0533
vn 0.7094 -0.6963 0.1094
vn 0.7119 -0.6930 0.1139
vn 0.6817 -0.6993 0.2150
vn 0.6631 -0.7003 0.2645
vn 0.6591 -0.6952 0.2870
vn 0.6133 -0.6952 0.3748
vn 0.6132 -0.6911 0.3826
vn 0.5663 -0.6877 0.4543
vn 0.5439 -0.6894 0.4785
vn 0.5050 -0.6967 0.5096
vn 0.4954 -0.6960 0.5197
vn 0.4166 -0.6961 0.5847
vn 0.6819 -0.7032 -0.2013
vn 0.6694 -0.7322 -0.1256
vn 0.7322 -0.6811 0.0033
vn 0.5148 -0.7044 -0.4887
vn 0.4574 -0.7038 -0.5435
vn 0.4072 -0.6993 -0.5875
vn 0.3753 -0.7033 -0.6038
vn 0.2684 -0.7066 -0.6547
vn 0.2648 -0.7095 -0.6530
vn 0.1329 -0.7117 -0.6898
vn 0.1323 -0.7124 -0.6892
vn 0.0309 -0.7139 -0.6995
vn -0.0393 -0.7137 -0.6993
vn -0.1434 -0.7025 0.6971
vn -0.0764 -0.7036 0.7065
vn -0.0203 -0.7041 0.7098
vn 0.0548 -0.6996 0.7124
vn -0.5523 0.6954 -0.4598
vn 0.6541 0.7140 -0.2498
vn -0.1730 0.7009 0.6920
vn -0.1799 0.7097 0.6812
vn -0.2269 0.6856 0.6917
vn -0.2272 0.6819 0.6953
vn 0.2779 0.7007 0.6571
vn 0.3661 0.6555 0.6605
vn 0.3614 0.6455 0.6728
vn 0.3688 0.6904 0.6224
vn 0.3695 0.6858 0.6271
vn 0.2816 0.7168 0.6379
vn 0.2214 0.6687 0.7098
vn 0.1403 0.7030 0.6972
vn 0.1417 0.7154 0.6842
vn 0.0674 0.6248 0.7779
vn -0.0272 0.7062 0.7074
vn -0.0296 0.7079 0.7057
vn -0.0777 0.5696 0.8182
vn 0.3201 0.8300 -0.4568
vn 0.3081 0.8421 -0.4426
vn 0.4487 0.7136 -0.5380
vn 0.4286 0.7052 0.5648
vn 0.3286 0.7907 0.5165
vn 0.3347 0.7829 0.5245
vn 0.3799 0.7615 -0.5251
vn 0.4757 0.6955 -0.5386
vn 0.5481 0.6658 -0.5063
vn 0.5812 0.6948 -0.4237
vn 0.5605 0.7108 -0.4250
vn 0.6738 0.6402 -0.3690
vn 0.6633 0.6965 -0.2738
vn 0.6443 0.7134 -0.2757
vn 0.7601 0.6177 -0.2018
vn 0.7077 0.6983 -0.1074
vn 0.6897 0.7156 -0.1107
vn 0.7997 0.6001 -0.0158
vn 0.7114 0.6997 0.0655
vn 0.6942 0.7173 0.0604
vn 0.7888 0.5889 0.1759
vn 0.6737 0.7007 0.2347
vn 0.6574 0.7184 0.2276
vn 0.7276 0.5846 0.3588
vn 0.5969 0.7011 0.3901
vn 0.5816 0.7187 0.3810
vn 0.6205 0.5876 0.5193
vn 0.4798 0.7079 0.5183
vn 0.4701 0.7172 0.5145
vn 0.4116 0.7114 0.5697
vn 0.3734 0.7305 0.5718
vn 0.1429 0.7030 -0.6967
vn 0.0901 0.7009 -0.7075
vn 0.1429 0.7029 -0.6967
vn 0.1430 0.7028 -0.6969
vn 0.0861 0.7007 -0.7082
vn 0.1430 0.7027 -0.6970
vn 0.6619 0.7491 0.0269
vn 0.6960 0.7148 0.0676
vn 0.6366 0.7706 0.0312
vn 0.6955 0.7157 0.0637
vn 0.5161 0.8561 0.0268
vn 0.4913 0.8706 0.0254
vn -0.0791 0.6996 -0.7101
vn -0.2070 0.6949 -0.6887
vn -0.2051 0.6948 -0.6894
vn 0.4544 0.7105 0.5374
vn 0.4575 0.7101 0.5352
vn 0.5291 0.7187 0.4512
vn 0.5291 0.7186 0.4513
vn 0.6584 0.7183 0.2248
vn 0.6584 0.7184 0.2247
vn 0.6529 0.7101 -0.2638
vn 0.6518 0.7097 -0.2672
vn 0.6284 0.7130 -0.3109
vn 0.5467 0.7107 -0.4428
vn 0.4380 0.7082 -0.5537
vn 0.3078 0.7056 -0.6382
vn 0.1623 0.7031 -0.6923
vn 0.0085 0.7008 -0.7133
vn -0.1461 0.6988 -0.7003
vn 0.5767 0.7187 0.3883
vn 0.6930 0.7174 0.0710
vn 0.6487 0.7137 -0.2640
vn 0.4541 0.7085 -0.5402
vn 0.3008 0.6970 -0.6509
vn 0.2972 0.6973 -0.6522
vn 0.5754 0.7114 -0.4034
vn 0.3917 0.7072 -0.5886
vt 0.958105 0.394920
vt 0.958104 0.399929
vt 0.941730 0.394920
vt 0.927403 0.399929
vt 0.927401 0.425103
vt 0.895881 0.425104
vt 0.895883 0.389587
vt 0.941730 0.394819
vt 0.940795 0.392923
vt 0.940206 0.390898
vt 0.940093 0.389586
vt 0.978847 0.216676
vt 0.962473 0.216677
vt 0.978849 0.134668
vt 0.916627 0.147110
vt 0.914990 0.134671
vt 0.961853 0.217957
vt 0.961345 0.219185
vt 0.916625 0.222014
vt 0.960948 0.220700
vt 0.960836 0.222012
vt 0.962151 0.217362
vt 0.962309 0.217069
vt 0.962473 0.216778
vt 0.290486 0.145502
vt 0.295443 0.146637
vt 0.308188 0.230642
vt 0.293773 0.239685
vt 0.307840 0.280604
vt 0.295814 0.260663
vt 0.279574 0.242578
vt 0.279368 0.241573
vt 0.290047 0.236223
vt 0.279413 0.236375
vt 0.288552 0.231362
vt 0.286761 0.142040
vt 0.306692 0.225781
vt 0.285265 0.137179
vt 0.302967 0.222320
vt 0.298010 0.221184
vt 0.280588 0.099312
vt 0.286401 0.132222
vt 0.280279 0.231522
vt 0.282698 0.227226
vt 0.289687 0.226405
vt 0.287133 0.219349
vt 0.293149 0.222680
vt 0.288721 0.210451
vt 0.287285 0.201527
vt 0.280173 0.243412
vt 0.200812 0.465789
vt 0.184102 0.465897
vt 0.208712 0.452473
vt 0.269663 0.443663
vt 0.253356 0.439998
vt 0.284771 0.432357
vt 0.273046 0.427566
vt 0.297832 0.419518
vt 0.289973 0.411576
vt 0.308458 0.405780
vt 0.303504 0.392624
vt 0.312932 0.398519
vt 0.316811 0.391008
vt 0.261509 0.448544
vt 0.253109 0.452793
vt 0.231640 0.448405
vt 0.235952 0.459311
vt 0.218708 0.463521
vt 0.319815 0.383936
vt 0.313132 0.371422
vt 0.324581 0.368439
vt 0.327635 0.350723
vt 0.318497 0.348762
vt 0.328754 0.330953
vt 0.319397 0.325494
vt 0.327777 0.308326
vt 0.315800 0.302487
vt 0.325646 0.290178
vt 0.313463 0.126192
vt 0.303406 0.131598
vt 0.311942 0.108419
vt 0.299680 0.128136
vt 0.308931 0.090210
vt 0.294723 0.127001
vt 0.304462 0.073863
vt 0.298730 0.240820
vt 0.303590 0.239325
vt 0.213436 0.003365
vt 0.220961 0.003068
vt 0.220758 0.018087
vt 0.227872 0.000310
vt 0.279859 0.184371
vt 0.003564 0.677633
vt 0.003550 0.681070
vt 0.002141 0.674459
vt 0.002141 0.682272
vt 0.179730 0.465506
vt 0.322897 0.273352
vt 0.317469 0.241028
vt 0.307052 0.235599
vt 0.315648 0.224433
vt 0.314517 0.207836
vt 0.313782 0.177240
vt 0.300304 0.145141
vt 0.314038 0.152141
vt 0.303766 0.141416
vt 0.304901 0.136459
vt 0.196821 0.002672
vt 0.202570 0.015673
vt 0.180349 0.004964
vt 0.184313 0.017498
vt 0.172991 0.008488
vt 0.230576 0.001052
vt 0.242489 0.005317
vt 0.237907 0.024611
vt 0.280642 0.189239
vt 0.282987 0.193576
vt 0.166161 0.023411
vt 0.165882 0.023104
vt 0.165790 0.022699
vt 0.289862 0.128496
vt 0.292648 0.048808
vt 0.297899 0.058068
vt 0.279618 0.082009
vt 0.274528 0.064382
vt 0.287749 0.041664
vt 0.265529 0.048392
vt 0.249862 0.008850
vt 0.256949 0.012960
vt 0.253101 0.034895
vt 0.270205 0.022793
vt 0.282300 0.034869
vt 0.167814 0.014795
vt 0.166962 0.023464
vt 0.166555 0.023542
vt 0.780612 0.140896
vt 0.777956 0.125782
vt 0.791190 0.125519
vt 0.790840 0.053653
vt 0.785046 0.071222
vt 0.774795 0.064044
vt 0.785225 0.108007
vt 0.745837 0.359245
vt 0.740780 0.340310
vt 0.762082 0.348648
vt 0.758587 0.330837
vt 0.785230 0.408755
vt 0.796144 0.407486
vt 0.786213 0.412517
vt 0.796540 0.411824
vt 0.786415 0.425175
vt 0.798774 0.415565
vt 0.787492 0.429107
vt 0.178377 0.770729
vt 0.179479 0.752150
vt 0.181332 0.770729
vt 0.789398 0.431366
vt 0.815619 0.421952
vt 0.828745 0.433145
vt 0.829254 0.424073
vt 0.754808 0.377205
vt 0.769529 0.365201
vt 0.767243 0.392966
vt 0.780541 0.379630
vt 0.794540 0.391182
vt 0.782622 0.405871
vt 0.831310 0.430803
vt 0.831081 0.431733
vt 0.830513 0.432505
vt 0.740621 0.335543
vt 0.740783 0.326485
vt 0.759228 0.312698
vt 0.796309 0.392874
vt 0.797333 0.395097
vt 0.797469 0.397542
vt 0.830423 0.424487
vt 0.831240 0.425419
vt 0.831499 0.426631
vt 0.829693 0.433001
vt 0.787100 0.034715
vt 0.800259 0.037731
vt 0.785042 0.037979
vt 0.778953 0.050365
vt 0.780459 0.178626
vt 0.802049 0.146187
vt 0.776401 0.200137
vt 0.786675 0.261577
vt 0.815255 0.007232
vt 0.828080 0.013664
vt 0.812867 0.024192
vt 0.791556 0.028602
vt 0.796625 0.022759
vt 0.808480 0.012039
vt 0.775026 0.111049
vt 0.772913 0.096151
vt 0.783145 0.089625
vt 0.772475 0.087597
vt 0.772700 0.078901
vt 0.781900 0.160341
vt 0.781900 0.156941
vt 0.801886 0.143641
vt 0.800763 0.141350
vt 0.822457 0.002944
vt 0.825459 0.001379
vt 0.828534 0.002424
vt 0.757685 0.255117
vt 0.768788 0.226322
vt 0.772825 0.213623
vt 0.830775 0.004907
vt 0.831498 0.008173
vt 0.830514 0.011370
vt 0.742721 0.307500
vt 0.744900 0.295533
vt 0.763971 0.295178
vt 0.747638 0.284182
vt 0.772567 0.279193
vt 0.752374 0.269104
vt 0.784569 0.265577
vt 0.785978 0.263764
vt 0.471105 0.013509
vt 0.475181 0.002805
vt 0.478544 0.016733
vt 0.483650 0.006481
vt 0.485606 0.020656
vt 0.491693 0.010955
vt 0.492234 0.025200
vt 0.499245 0.016136
vt 0.498374 0.030286
vt 0.506241 0.021935
vt 0.181400 0.488000
vt 0.194616 0.482129
vt 0.181402 0.494868
vt 0.194618 0.489958
vt 0.181403 0.501940
vt 0.194619 0.498020
vt 0.181405 0.509126
vt 0.194620 0.506210
vt 0.181406 0.516333
vt 0.194620 0.514423
vt 0.504796 0.168156
vt 0.506102 0.160658
vt 0.506222 0.168403
vt 0.508159 0.151808
vt 0.507852 0.168622
vt 0.521555 0.109254
vt 0.524496 0.109593
vt 0.517523 0.122919
vt 0.520476 0.123428
vt 0.512714 0.136902
vt 0.515678 0.137464
vt 0.511129 0.152323
vt 0.184699 0.691895
vt 0.184700 0.695915
vt 0.181401 0.695633
vt 0.182899 0.622990
vt 0.184701 0.623648
vt 0.184701 0.632316
vt 0.181400 0.658443
vt 0.181400 0.649140
vt 0.184700 0.659201
vt 0.507271 0.205753
vt 0.503811 0.196279
vt 0.503706 0.192444
vt 0.182957 0.631169
vt 0.184700 0.640699
vt 0.183042 0.640958
vt 0.181401 0.692366
vt 0.181401 0.688946
vt 0.184699 0.677993
vt 0.181401 0.678298
vt 0.181401 0.676908
vt 0.181400 0.664172
vt 0.504067 0.176183
vt 0.505438 0.177130
vt 0.181400 0.629883
vt 0.181400 0.630305
vt 0.181400 0.645423
vt 0.476117 0.606479
vt 0.472817 0.613623
vt 0.476117 0.598724
vt 0.472819 0.583537
vt 0.476118 0.584183
vt 0.476116 0.614458
vt 0.476115 0.630174
vt 0.472816 0.629164
vt 0.472814 0.645790
vt 0.476114 0.639678
vt 0.476113 0.646792
vt 0.476118 0.559865
vt 0.472819 0.559115
vt 0.476118 0.548753
vt 0.472819 0.547925
vt 0.476118 0.535809
vt 0.472818 0.534842
vt 0.476118 0.565630
vt 0.476118 0.571537
vt 0.476118 0.578371
vt 0.802068 0.802189
vt 0.815319 0.800119
vt 0.802071 0.810525
vt 0.815324 0.809507
vt 0.802072 0.818894
vt 0.815325 0.818953
vt 0.802070 0.827221
vt 0.815323 0.828372
vt 0.802065 0.835432
vt 0.815318 0.837676
vt 0.802057 0.843453
vt 0.815309 0.846778
vt 0.802047 0.851210
vt 0.815298 0.855590
vt 0.802034 0.858629
vt 0.815283 0.864026
vt 0.463350 0.011050
vt 0.466355 0.000000
vt 0.476103 0.708785
vt 0.472802 0.708040
vt 0.476105 0.692401
vt 0.472805 0.691500
vt 0.476107 0.677046
vt 0.472808 0.676068
vt 0.476110 0.662052
vt 0.337650 0.255755
vt 0.331840 0.271498
vt 0.337318 0.239132
vt 0.339151 0.246801
vt 0.476112 0.653672
vt 0.181403 0.726859
vt 0.184701 0.727133
vt 0.181404 0.741353
vt 0.184703 0.741718
vt 0.181405 0.756147
vt 0.184704 0.756699
vt 0.181403 0.719473
vt 0.181402 0.711860
vt 0.181402 0.703063
vt 0.522089 0.106926
vt 0.533318 0.110608
vt 0.181406 0.522816
vt 0.194620 0.521809
vt 0.181407 0.529231
vt 0.194619 0.529106
vt 0.181407 0.541868
vt 0.194617 0.543413
vt 0.181408 0.544363
vt 0.194616 0.546221
vt 0.181407 0.554748
vt 0.194614 0.557824
vt 0.181407 0.557654
vt 0.194613 0.561042
vt 0.181406 0.568206
vt 0.194610 0.572573
vt 0.533844 0.108115
vt 0.815311 0.790875
vt 0.802064 0.796839
vt 0.815301 0.781846
vt 0.358085 0.061971
vt 0.347957 0.056339
vt 0.361840 0.055104
vt 0.352540 0.048144
vt 0.366140 0.048543
vt 0.357849 0.040312
vt 0.370964 0.042310
vt 0.363829 0.032915
vt 0.376256 0.036471
vt 0.370426 0.026023
vt 0.382051 0.031007
vt 0.802034 0.774926
vt 0.815270 0.764705
vt 0.815287 0.773100
vt 0.802046 0.782076
vt 0.802056 0.789371
vt 0.344131 0.064822
vt 0.353955 0.071519
vt 0.343391 0.066704
vt 0.476120 0.516800
vt 0.341008 0.073488
vt 0.351797 0.077801
vt 0.462916 0.485314
vt 0.476126 0.491952
vt 0.462916 0.494301
vt 0.476123 0.500326
vt 0.462916 0.501303
vt 0.476122 0.506875
vt 0.462917 0.511868
vt 0.462917 0.517173
vt 0.462919 0.531940
vt 0.390556 0.447046
vt 0.394727 0.436587
vt 0.400487 0.451179
vt 0.403472 0.440306
vt 0.410480 0.454452
vt 0.412222 0.443256
vt 0.420351 0.456937
vt 0.429101 0.447182
vt 0.893756 0.887974
vt 0.894947 0.874715
vt 0.903458 0.888091
vt 0.444086 0.449021
vt 0.461498 0.460030
vt 0.447410 0.460372
vt 0.429918 0.458704
vt 0.462891 0.787338
vt 0.476111 0.784840
vt 0.462895 0.797839
vt 0.476115 0.794463
vt 0.462896 0.798659
vt 0.476115 0.795213
vt 0.462900 0.808133
vt 0.476120 0.803255
vt 0.476120 0.803867
vt 0.462905 0.816049
vt 0.476124 0.811081
vt 0.462907 0.818126
vt 0.476126 0.812970
vt 0.011891 0.893779
vt 0.011891 0.905313
vt 0.000778 0.894552
vt 0.487886 0.732017
vt 0.487886 0.712209
vt 0.491774 0.716545
vt 0.354256 0.421988
vt 0.359971 0.411494
vt 0.358646 0.426043
vt 0.366318 0.417592
vt 0.362599 0.429405
vt 0.369861 0.420642
vt 0.371500 0.436100
vt 0.387289 0.432706
vt 0.382152 0.442740
vt 0.386138 0.432042
vt 0.380854 0.442004
vt 0.380041 0.428228
vt 0.373018 0.423172
vt 0.462921 0.556863
vt 0.462922 0.581359
vt 0.529335 0.124952
vt 0.524571 0.139150
vt 0.520037 0.153867
vt 0.516749 0.169769
vt 0.462894 0.724661
vt 0.462899 0.705805
vt 0.476105 0.769371
vt 0.462888 0.755450
vt 0.476103 0.753649
vt 0.462889 0.753540
vt 0.476102 0.745667
vt 0.462889 0.744959
vt 0.476101 0.736557
vt 0.462891 0.735203
vt 0.476101 0.726659
vt 0.476102 0.718149
vt 0.476108 0.777131
vt 0.462889 0.776719
vt 0.462888 0.766063
vt 0.462920 0.611116
vt 0.462918 0.627096
vt 0.462916 0.642899
vt 0.194595 0.697015
vt 0.194595 0.679609
vt 0.194597 0.661475
vt 0.194600 0.643655
vt 0.194602 0.627191
vt 0.177091 0.732654
vt 0.177091 0.712930
vt 0.181332 0.720656
vt 0.462905 0.688798
vt 0.462909 0.673135
vt 0.194596 0.727955
vt 0.194599 0.742814
vt 0.194602 0.758354
vt 0.532046 0.367977
vt 0.521180 0.363333
vt 0.533844 0.361319
vt 0.522723 0.357359
vt 0.194615 0.816103
vt 0.181404 0.809244
vt 0.194613 0.801100
vt 0.181405 0.771736
vt 0.181405 0.802003
vt 0.181405 0.795644
vt 0.194611 0.792041
vt 0.181405 0.787374
vt 0.194608 0.781591
vt 0.181405 0.777775
vt 0.194607 0.775055
vt 0.194605 0.769815
vt 0.129141 0.911505
vt 0.138536 0.911503
vt 0.140829 0.924745
vt 0.131759 0.924743
vt 0.126960 0.924743
vt 0.117551 0.911506
vt 0.122033 0.924745
vt 0.519090 0.369184
vt 0.529613 0.374533
vt 0.516607 0.374449
vt 0.526738 0.380459
vt 0.111607 0.924753
vt 0.106374 0.911513
vt 0.117011 0.924748
vt 0.121459 0.924745
vt 0.831570 0.872809
vt 0.851176 0.873408
vt 0.831550 0.880350
vt 0.851155 0.881031
vt 0.831526 0.887288
vt 0.851132 0.888047
vt 0.210912 0.466617
vt 0.230515 0.465900
vt 0.210914 0.473778
vt 0.230517 0.473142
vt 0.210916 0.481387
vt 0.230519 0.480838
vt 0.210918 0.489339
vt 0.230521 0.488880
vt 0.210919 0.497527
vt 0.230522 0.497162
vt 0.210920 0.505845
vt 0.230524 0.505575
vt 0.210921 0.514188
vt 0.230525 0.514013
vt 0.815266 0.871999
vt 0.815246 0.879428
vt 0.815224 0.886263
vt 0.194612 0.467585
vt 0.194614 0.474636
vt 0.468995 0.019183
vt 0.477620 0.023008
vt 0.482488 0.025757
vt 0.493670 0.034076
vt 0.494355 0.034695
vt 0.503967 0.035834
vt 0.499514 0.039886
vt 0.508959 0.041766
vt 0.504090 0.045440
vt 0.513291 0.048004
vt 0.506463 0.048788
vt 0.516908 0.054468
vt 0.511397 0.057269
vt 0.524123 0.081558
vt 0.517914 0.075887
vt 0.523908 0.079025
vt 0.516294 0.069580
vt 0.521553 0.066556
vt 0.515195 0.066219
vt 0.519533 0.060461
vt 0.519546 0.095345
vt 0.519318 0.085275
vt 0.518998 0.082291
vt 0.524146 0.092348
vt 0.523902 0.095440
vt 0.518573 0.104756
vt 0.517849 0.108544
vt 0.513006 0.123441
vt 0.507945 0.134096
vt 0.502967 0.140154
vt 0.502792 0.147635
vt 0.499123 0.144674
vt 0.499528 0.154567
vt 0.494080 0.149685
vt 0.489087 0.153845
vt 0.495002 0.161797
vt 0.487413 0.155091
vt 0.476561 0.161662
vt 0.485887 0.161613
vt 0.493219 0.167291
vt 0.482653 0.158272
vt 0.458875 0.167954
vt 0.472239 0.163655
vt 0.476267 0.161807
vt 0.425993 0.234185
vt 0.427178 0.243792
vt 0.406230 0.243244
vt 0.508880 0.239779
vt 0.509504 0.242998
vt 0.498543 0.244282
vt 0.465560 0.225001
vt 0.429759 0.221623
vt 0.433328 0.217900
vt 0.434876 0.215363
vt 0.436394 0.211228
vt 0.464300 0.205752
vt 0.414395 0.225320
vt 0.417368 0.225670
vt 0.422471 0.225164
vt 0.425103 0.224629
vt 0.424618 0.224512
vt 0.383750 0.205643
vt 0.399383 0.209101
vt 0.399485 0.209834
vt 0.402039 0.216718
vt 0.384168 0.223791
vt 0.400420 0.213394
vt 0.342121 0.221980
vt 0.402059 0.216751
vt 0.404270 0.219657
vt 0.406999 0.222079
vt 0.407030 0.222102
vt 0.410224 0.223968
vt 0.413702 0.225168
vt 0.402839 0.195792
vt 0.400161 0.201061
vt 0.383922 0.196746
vt 0.399262 0.206134
vt 0.416646 0.188078
vt 0.415114 0.188258
vt 0.384485 0.187950
vt 0.418808 0.188037
vt 0.424192 0.187067
vt 0.424698 0.177889
vt 0.411555 0.189189
vt 0.408903 0.190410
vt 0.404229 0.194095
vt 0.436895 0.207573
vt 0.436526 0.203077
vt 0.433272 0.195730
vt 0.431393 0.193538
vt 0.463665 0.186634
vt 0.429137 0.191613
vt 0.424615 0.189194
vt 0.483617 0.186553
vt 0.482951 0.177172
vt 0.463074 0.177299
vt 0.493391 0.176794
vt 0.504039 0.176631
vt 0.435737 0.200314
vt 0.465714 0.234554
vt 0.485952 0.225016
vt 0.486204 0.234472
vt 0.496189 0.224997
vt 0.496988 0.234709
vt 0.506559 0.225813
vt 0.508267 0.236397
vt 0.504343 0.205800
vt 0.504842 0.211615
vt 0.506361 0.224424
vt 0.385571 0.233010
vt 0.364177 0.232154
vt 0.352837 0.231975
vt 0.341146 0.231967
vt 0.428683 0.168722
vt 0.386001 0.179258
vt 0.390414 0.170221
vt 0.365690 0.180282
vt 0.368972 0.171353
vt 0.350600 0.173054
vt 0.344071 0.174304
vt 0.354069 0.188927
vt 0.364255 0.188581
vt 0.453480 0.168966
vt 0.433990 0.169446
vt 0.343243 0.205583
vt 0.343614 0.197303
vt 0.343862 0.189282
vt 0.453328 0.244268
vt 0.474282 0.244428
vt 0.493285 0.244466
vt 0.357580 0.241531
vt 0.352725 0.241191
vt 0.340250 0.239480
vt 0.397682 0.156093
vt 0.397936 0.158578
vt 0.382569 0.158803
vt 0.414992 0.165063
vt 0.390768 0.150727
vt 0.368097 0.159183
vt 0.385710 0.145908
vt 0.401182 0.158371
vt 0.394032 0.164406
vt 0.375659 0.165197
vt 0.366294 0.165827
vt 0.357170 0.166876
vt 0.353997 0.168899
vt 0.353311 0.155460
vt 0.343984 0.161339
vt 0.343909 0.155291
vt 0.344051 0.168341
vt 0.383146 0.143101
vt 0.368150 0.116956
vt 0.372298 0.126902
vt 0.359591 0.130592
vt 0.375197 0.132170
vt 0.360291 0.140449
vt 0.377256 0.135408
vt 0.361072 0.145146
vt 0.379583 0.138688
vt 0.382297 0.142108
vt 0.365491 0.153505
vt 0.362515 0.149641
vt 0.355181 0.160514
vt 0.349711 0.164301
vt 0.344330 0.124573
vt 0.343879 0.137969
vt 0.343849 0.149386
vt 0.346085 0.104646
vt 0.365819 0.108513
vt 0.347770 0.094063
vt 0.364078 0.093746
vt 0.364117 0.089092
vt 0.349280 0.086986
vt 0.365020 0.079880
vt 0.367298 0.069857
vt 0.368651 0.065740
vt 0.394722 0.021655
vt 0.395819 0.029362
vt 0.388245 0.026038
vt 0.389776 0.034281
vt 0.387217 0.036694
vt 0.379352 0.045753
vt 0.375163 0.052017
vt 0.371519 0.058828
vt 0.406464 0.015523
vt 0.409217 0.021459
vt 0.401508 0.017845
vt 0.402703 0.024850
vt 0.402326 0.025071
vt 0.438920 0.008330
vt 0.431455 0.014984
vt 0.430642 0.008972
vt 0.423858 0.016394
vt 0.422423 0.010385
vt 0.420649 0.017230
vt 0.414338 0.012569
vt 0.446802 0.014446
vt 0.439925 0.014311
vt 0.439132 0.014335
vt 0.447182 0.008462
vt 0.455350 0.009368
vt 0.459322 0.016279
vt 0.831630 0.809395
vt 0.831625 0.799873
vt 0.851233 0.799691
vt 0.851194 0.865227
vt 0.831588 0.864717
vt 0.851209 0.856573
vt 0.831602 0.856155
vt 0.851221 0.847533
vt 0.831614 0.847212
vt 0.851224 0.844796
vt 0.831623 0.837976
vt 0.831629 0.828535
vt 0.851235 0.828771
vt 0.851230 0.838197
vt 0.831631 0.818979
vt 0.851238 0.820508
vt 0.851235 0.828656
vt 0.851237 0.809314
vt 0.851238 0.812214
vt 0.851238 0.818998
vt 0.516972 0.303975
vt 0.523215 0.302013
vt 0.524912 0.317738
vt 0.520978 0.322695
vt 0.525221 0.323930
vt 0.521168 0.333575
vt 0.525278 0.333894
vt 0.520233 0.342176
vt 0.524833 0.342619
vt 0.519008 0.348128
vt 0.524103 0.349438
vt 0.514804 0.360546
vt 0.514666 0.360861
vt 0.509611 0.370453
vt 0.510308 0.383916
vt 0.504109 0.378226
vt 0.510688 0.383445
vt 0.504627 0.377574
vt 0.513505 0.379609
vt 0.506914 0.387743
vt 0.501251 0.381581
vt 0.503395 0.391139
vt 0.498273 0.384703
vt 0.496275 0.396834
vt 0.492086 0.390219
vt 0.490747 0.391266
vt 0.485936 0.394664
vt 0.489487 0.401429
vt 0.483392 0.405524
vt 0.480144 0.398089
vt 0.478307 0.409763
vt 0.474680 0.400738
vt 0.474550 0.414788
vt 0.469965 0.402621
vt 0.473899 0.401075
vt 0.470279 0.443202
vt 0.469942 0.444619
vt 0.468008 0.420460
vt 0.464540 0.403999
vt 0.465163 0.403841
vt 0.464224 0.412971
vt 0.472302 0.421004
vt 0.460461 0.405035
vt 0.453520 0.406614
vt 0.455140 0.406386
vt 0.454739 0.428230
vt 0.462727 0.449049
vt 0.455899 0.449429
vt 0.471213 0.427864
vt 0.470569 0.440396
vt 0.469580 0.445518
vt 0.468204 0.447221
vt 0.459345 0.405590
vt 0.457448 0.405800
vt 0.457202 0.405863
vt 0.463647 0.448913
vt 0.467228 0.447843
vt 0.445226 0.407243
vt 0.435650 0.406866
vt 0.434790 0.406774
vt 0.423224 0.404574
vt 0.417278 0.402710
vt 0.411363 0.400314
vt 0.416653 0.402483
vt 0.405546 0.397375
vt 0.399342 0.393514
vt 0.394509 0.389896
vt 0.389450 0.385415
vt 0.384806 0.380521
vt 0.384788 0.380500
vt 0.349216 0.398674
vt 0.380581 0.375211
vt 0.354085 0.404946
vt 0.355460 0.406566
vt 0.348830 0.398135
vt 0.344145 0.390969
vt 0.376863 0.369600
vt 0.343745 0.390293
vt 0.373958 0.364322
vt 0.339146 0.381484
vt 0.373665 0.363730
vt 0.336181 0.374259
vt 0.370994 0.357636
vt 0.333780 0.366850
vt 0.368852 0.351333
vt 0.330475 0.351478
vt 0.367479 0.345933
vt 0.329494 0.343511
vt 0.366216 0.338255
vt 0.328876 0.334300
vt 0.365777 0.326512
vt 0.329801 0.305568
vt 0.367596 0.312508
vt 0.329063 0.315356
vt 0.328754 0.324165
vt 0.364647 0.264907
vt 0.360360 0.269891
vt 0.349101 0.262869
vt 0.368958 0.307277
vt 0.352560 0.295183
vt 0.355609 0.282000
vt 0.375516 0.291698
vt 0.370970 0.301395
vt 0.376823 0.289437
vt 0.357624 0.275758
vt 0.378109 0.287370
vt 0.381035 0.283142
vt 0.384509 0.278793
vt 0.371154 0.260334
vt 0.388735 0.274255
vt 0.346950 0.269787
vt 0.345189 0.276921
vt 0.343387 0.259318
vt 0.345898 0.251808
vt 0.352415 0.256454
vt 0.368679 0.258421
vt 0.354815 0.248112
vt 0.349261 0.244452
vt 0.334742 0.271828
vt 0.331968 0.288241
vt 0.480576 0.252170
vt 0.463152 0.251691
vt 0.464303 0.248024
vt 0.501649 0.248224
vt 0.495657 0.253480
vt 0.489202 0.252230
vt 0.369798 0.245710
vt 0.359109 0.245168
vt 0.382671 0.257776
vt 0.422309 0.254650
vt 0.404364 0.262270
vt 0.397692 0.257399
vt 0.394130 0.269384
vt 0.388877 0.274114
vt 0.479066 0.260317
vt 0.475922 0.258789
vt 0.462377 0.254034
vt 0.392635 0.250001
vt 0.374298 0.249723
vt 0.364962 0.249446
vt 0.505343 0.245523
vt 0.493529 0.248101
vt 0.483711 0.248256
vt 0.479280 0.260428
vt 0.495194 0.253926
vt 0.485527 0.264042
vt 0.428236 0.250836
vt 0.460982 0.253699
vt 0.441585 0.251731
vt 0.511102 0.250269
vt 0.505872 0.255514
vt 0.511602 0.291921
vt 0.512871 0.291274
vt 0.516855 0.303639
vt 0.500869 0.260343
vt 0.496923 0.272960
vt 0.495330 0.271496
vt 0.492087 0.268753
vt 0.504579 0.266262
vt 0.507159 0.272490
vt 0.501169 0.277300
vt 0.509299 0.278731
vt 0.504962 0.281826
vt 0.508123 0.286208
vt 0.508858 0.262552
vt 0.513167 0.258827
vt 0.515064 0.266203
vt 0.516941 0.273348
vt 0.520430 0.287424
vt 0.883379 0.887856
vt 0.882222 0.887844
vt 0.878996 0.874553
vt 0.880142 0.887825
vt 0.876294 0.874703
vt 0.478924 0.452632
vt 0.479853 0.449760
vt 0.480033 0.448493
vt 0.327878 0.860097
vt 0.325879 0.845721
vt 0.327878 0.844028
vt 0.320199 0.887284
vt 0.320199 0.874829
vt 0.323120 0.885426
vt 0.887030 0.874629
vt 0.887815 0.887904
vt 0.886967 0.887895
vt 0.882010 0.874580
vt 0.880581 0.874567
vt 0.230526 0.561830
vt 0.230524 0.575875
vt 0.210916 0.575430
vt 0.230526 0.560133
vt 0.210919 0.561495
vt 0.210920 0.546475
vt 0.210921 0.538636
vt 0.230526 0.545694
vt 0.230526 0.546662
vt 0.210921 0.530621
vt 0.230526 0.531535
vt 0.230526 0.538739
vt 0.210921 0.522461
vt 0.230526 0.522382
vt 0.230526 0.530635
vt 0.194610 0.574827
vt 0.851225 0.790218
vt 0.831618 0.790497
vt 0.851215 0.780967
vt 0.831607 0.781340
vt 0.851201 0.772007
vt 0.831593 0.772471
vt 0.851195 0.768857
vt 0.831576 0.763960
vt 0.446614 0.469186
vt 0.427006 0.468446
vt 0.446618 0.462172
vt 0.427011 0.461378
vt 0.831511 0.741263
vt 0.851120 0.740487
vt 0.831535 0.748287
vt 0.851144 0.747579
vt 0.831557 0.755875
vt 0.851165 0.755244
vt 0.851184 0.763410
vt 0.462920 0.470189
vt 0.462923 0.463248
vt 0.815204 0.742315
vt 0.815228 0.749245
vt 0.815250 0.756731
vt 0.882851 0.853276
vt 0.880824 0.867780
vt 0.895517 0.838828
vt 0.889101 0.838756
vt 0.883867 0.838700
vt 0.446606 0.516578
vt 0.446606 0.531444
vt 0.426993 0.531079
vt 0.427003 0.475966
vt 0.446611 0.476652
vt 0.427001 0.482288
vt 0.446609 0.484456
vt 0.426994 0.516140
vt 0.426996 0.500055
vt 0.446606 0.500584
vt 0.426997 0.497149
vt 0.427000 0.483824
vt 0.462918 0.477582
vt 0.462917 0.479247
vt 0.415139 0.468251
vt 0.402447 0.468188
vt 0.402452 0.460372
vt 0.863030 0.754230
vt 0.863011 0.747393
vt 0.862990 0.741014
vt 0.415144 0.460440
vt 0.875683 0.740946
vt 0.875704 0.747331
vt 0.875723 0.754174
vt 0.875755 0.768683
vt 0.863063 0.768726
vt 0.863086 0.783846
vt 0.875778 0.783817
vt 0.875786 0.791648
vt 0.863094 0.791671
vt 0.875792 0.799628
vt 0.863100 0.799644
vt 0.906967 0.874859
vt 0.446644 0.861534
vt 0.462944 0.860369
vt 0.462951 0.866648
vt 0.491305 0.649496
vt 0.487811 0.666977
vt 0.487811 0.630186
vt 0.934779 0.875224
vt 0.939098 0.839372
vt 0.941398 0.875318
vt 0.943635 0.839435
vt 0.706474 0.580065
vt 0.703960 0.615941
vt 0.697608 0.615121
vt 0.920757 0.875035
vt 0.926971 0.839212
vt 0.927835 0.875129
vt 0.929662 0.839246
vt 0.936821 0.839341
vt 0.908064 0.838976
vt 0.913255 0.839039
vt 0.922353 0.839153
vt 0.210914 0.588222
vt 0.230523 0.588730
vt 0.210913 0.600600
vt 0.230521 0.601128
vt 0.210911 0.613488
vt 0.230519 0.613999
vt 0.210909 0.627813
vt 0.230518 0.628272
vt 0.194607 0.587533
vt 0.194605 0.599884
vt 0.194604 0.612798
vt 0.242391 0.513967
vt 0.255083 0.513950
vt 0.255083 0.517760
vt 0.242391 0.517772
vt 0.242393 0.531540
vt 0.255085 0.531541
vt 0.255085 0.545755
vt 0.242393 0.545740
vt 0.242393 0.560217
vt 0.255085 0.560245
vt 0.255085 0.568333
vt 0.242392 0.568299
vt 0.255084 0.576030
vt 0.242392 0.575992
vt 0.230517 0.644557
vt 0.210908 0.644174
vt 0.230517 0.648822
vt 0.210907 0.661874
vt 0.230517 0.662169
vt 0.230517 0.680103
vt 0.210906 0.679893
vt 0.230518 0.697352
vt 0.210906 0.697209
vt 0.255083 0.588908
vt 0.255081 0.601313
vt 0.255080 0.614177
vt 0.255079 0.628433
vt 0.210908 0.728101
vt 0.230520 0.728208
vt 0.210910 0.743005
vt 0.230521 0.743146
vt 0.210912 0.758639
vt 0.230522 0.758849
vt 0.242386 0.631523
vt 0.255078 0.631562
vt 0.255078 0.648948
vt 0.242385 0.648917
vt 0.255078 0.670328
vt 0.242385 0.670306
vt 0.255079 0.684136
vt 0.242385 0.684120
vt 0.255079 0.697401
vt 0.242386 0.697390
vt 0.138414 0.904502
vt 0.141251 0.903999
vt 0.142358 0.903874
vt 0.146349 0.903948
vt 0.146796 0.904027
vt 0.149813 0.905140
vt 0.152623 0.907454
vt 0.153073 0.911491
vt 0.152987 0.907876
vt 0.155344 0.911488
vt 0.121973 0.908198
vt 0.127675 0.907216
vt 0.129232 0.906846
vt 0.116857 0.908328
vt 0.111880 0.907506
vt 0.108314 0.906213
vt 0.103744 0.903540
vt 0.100744 0.911519
vt 0.101109 0.901393
vt 0.210917 0.822969
vt 0.213262 0.823082
vt 0.209253 0.825576
vt 0.096957 0.896882
vt 0.194613 0.827653
vt 0.194614 0.822014
vt 0.210914 0.775478
vt 0.219841 0.819862
vt 0.210917 0.816267
vt 0.227185 0.817181
vt 0.210917 0.808874
vt 0.230523 0.816233
vt 0.230523 0.809446
vt 0.230523 0.793071
vt 0.210916 0.792633
vt 0.230523 0.782176
vt 0.230523 0.775790
vt 0.233459 0.815527
vt 0.255083 0.808923
vt 0.255082 0.813247
vt 0.250875 0.813330
vt 0.242390 0.770414
vt 0.255083 0.770438
vt 0.255083 0.782301
vt 0.242390 0.782270
vt 0.255083 0.800527
vt 0.242390 0.800484
vt 0.242390 0.808874
vt 0.241965 0.814063
vt 0.255083 0.758921
vt 0.802045 0.956210
vt 0.810222 0.955387
vt 0.802039 0.962128
vt 0.810219 0.959071
vt 0.802036 0.968541
vt 0.874078 0.959183
vt 0.874070 0.974118
vt 0.802046 0.955373
vt 0.802051 0.951192
vt 0.810242 0.941830
vt 0.802059 0.946239
vt 0.802060 0.945596
vt 0.802067 0.941389
vt 0.810253 0.935915
vt 0.802073 0.938281
vt 0.802073 0.938028
vt 0.802076 0.935901
vt 0.802080 0.934271
vt 0.810284 0.922570
vt 0.802099 0.926047
vt 0.810301 0.916814
vt 0.802184 0.899827
vt 0.810363 0.899283
vt 0.802163 0.905204
vt 0.810342 0.904508
vt 0.802127 0.915982
vt 0.802124 0.916799
vt 0.802186 0.899269
vt 0.802206 0.894600
vt 0.810411 0.888770
vt 0.802230 0.889590
vt 0.011821 0.683357
vt 0.003644 0.684165
vt 0.011820 0.678753
vt 0.003643 0.678753
vt 0.003642 0.673950
vt 0.011818 0.667834
vt 0.003641 0.668256
vt 0.011817 0.662277
vt 0.003640 0.662277
vt 0.011816 0.649908
vt 0.003640 0.662252
vt 0.011816 0.643727
vt 0.003640 0.656013
vt 0.003639 0.649598
vt 0.003639 0.643726
vt 0.003639 0.643077
vt 0.011816 0.630696
vt 0.003639 0.636485
vt 0.003639 0.629836
vt 0.011816 0.624267
vt 0.003640 0.624267
vt 0.011817 0.611395
vt 0.003640 0.616536
vt 0.011818 0.605121
vt 0.003641 0.605121
vt 0.011820 0.593206
vt 0.003643 0.592151
vt 0.011821 0.587492
vt 0.003644 0.587492
vt 0.003645 0.582386
vt 0.003639 0.466228
vt 0.011829 0.471105
vt 0.003665 0.476643
vt 0.011849 0.480184
vt 0.003677 0.482511
vt 0.011854 0.482508
vt 0.011858 0.484710
vt 0.003695 0.494387
vt 0.011865 0.489462
vt 0.011872 0.494739
vt 0.003703 0.500950
vt 0.011879 0.500751
vt 0.011879 0.500947
vt 0.003712 0.513528
vt 0.011885 0.507925
vt 0.003715 0.520384
vt 0.011891 0.520381
vt 0.003715 0.532873
vt 0.011889 0.539591
vt 0.003712 0.539594
vt 0.003703 0.551217
vt 0.011871 0.557368
vt 0.003695 0.557371
vt 0.003677 0.567417
vt 0.011841 0.572596
vt 0.003664 0.572599
vt 0.011838 0.573586
vt 0.003639 0.580464
vt 0.011808 0.582386
vt 0.898608 0.105867
vt 0.906788 0.107926
vt 0.898613 0.110284
vt 0.906790 0.110128
vt 0.906790 0.110284
vt 0.898621 0.118950
vt 0.906802 0.124706
vt 0.898625 0.124706
vt 0.906800 0.121298
vt 0.906795 0.115222
vt 0.834774 0.141935
vt 0.834771 0.133322
vt 0.906810 0.141938
vt 0.898630 0.133324
vt 0.906803 0.126494
vt 0.906806 0.131683
vt 0.906808 0.136952
vt 0.834776 0.149907
vt 0.906812 0.148291
vt 0.834778 0.160893
vt 0.906813 0.160896
vt 0.834778 0.167512
vt 0.906814 0.161249
vt 0.834777 0.180387
vt 0.906813 0.180389
vt 0.834776 0.185217
vt 0.906810 0.191029
vt 0.834771 0.199192
vt 0.906807 0.199194
vt 0.834770 0.202096
vt 0.906805 0.204713
vt 0.834762 0.216125
vt 0.802042 0.990588
vt 0.874078 0.990943
vt 0.802052 0.997042
vt 0.906791 0.224322
vt 0.834749 0.229940
vt 0.834761 0.217268
vt 0.906798 0.216128
vt 0.906798 0.215852
vt 0.802042 0.989937
vt 0.802038 0.986399
vt 0.874070 0.975951
vt 0.802036 0.982798
vt 0.802034 0.975531
vt 0.802034 0.973992
vt 0.710756 0.965212
vt 0.710739 0.902990
vt 0.720542 0.965211
vt 0.720524 0.902989
vt 0.170974 0.733131
vt 0.170974 0.704066
vt 0.174951 0.733132
vt 0.174951 0.704068
vt 0.736575 0.861883
vt 0.707511 0.861883
vt 0.736608 0.840756
vt 0.707544 0.840756
vt 0.736655 0.821761
vt 0.707591 0.821761
vt 0.769695 0.906433
vt 0.740631 0.906432
vt 0.769691 0.889297
vt 0.740627 0.889297
vt 0.769688 0.869537
vt 0.740623 0.869536
vt 0.769686 0.847891
vt 0.740622 0.847891
vt 0.769685 0.825171
vt 0.740621 0.825170
vt 0.769686 0.802226
vt 0.740622 0.802226
vt 0.769688 0.779916
vt 0.740623 0.779916
vt 0.769691 0.759077
vt 0.740626 0.759076
vt 0.769695 0.740487
vt 0.740631 0.740487
vt 0.950511 0.786336
vt 0.979575 0.786368
vt 0.950518 0.806987
vt 0.979582 0.807019
vt 0.950511 0.829187
vt 0.979575 0.828862
vt 0.979845 0.829220
vt 0.927493 0.400730
vt 0.958104 0.401446
vt 0.927760 0.401446
vt 0.980855 0.830814
vt 0.950511 0.830780
vt 0.611750 0.675087
vt 0.612006 0.676629
vt 0.610703 0.675331
vt 0.607280 0.664968
vt 0.603244 0.664397
vt 0.599983 0.661950
vt 0.636265 0.633200
vt 0.635852 0.633029
vt 0.648861 0.622264
vt 0.664730 0.632988
vt 0.647329 0.647981
vt 0.640365 0.642492
vt 0.614538 0.454471
vt 0.603057 0.434741
vt 0.624653 0.441428
vt 0.612234 0.673266
vt 0.613482 0.671854
vt 0.611092 0.663521
vt 0.639265 0.643650
vt 0.637844 0.634533
vt 0.640939 0.641002
vt 0.640899 0.639405
vt 0.678918 0.614925
vt 0.640250 0.637945
vt 0.689362 0.594467
vt 0.695671 0.572381
vt 0.662430 0.605744
vt 0.672172 0.586715
vt 0.677642 0.566048
vt 0.697608 0.549494
vt 0.678589 0.544691
vt 0.695101 0.526662
vt 0.674969 0.523622
vt 0.688245 0.504740
vt 0.666949 0.503805
vt 0.677295 0.484548
vt 0.617341 0.457944
vt 0.662662 0.466844
vt 0.654895 0.486149
vt 0.644893 0.452289
vt 0.639360 0.471463
vt 0.621056 0.460419
vt 0.230329 0.926324
vt 0.235846 0.957846
vt 0.215441 0.926313
vt 0.215458 0.957833
vt 0.211869 0.926309
vt 0.197016 0.957803
vt 0.196999 0.926283
vt 0.194226 0.926277
vt 0.181400 0.957758
vt 0.738991 0.740487
vt 0.707467 0.727290
vt 0.738987 0.727291
vt 0.738987 0.724816
vt 0.707464 0.708930
vt 0.738984 0.708931
vt 0.738984 0.706520
vt 0.707462 0.688593
vt 0.738983 0.688594
vt 0.738983 0.686438
vt 0.707462 0.667250
vt 0.738983 0.667250
vt 0.738983 0.665489
vt 0.707463 0.645919
vt 0.738984 0.645920
vt 0.738984 0.644633
vt 0.707466 0.625620
vt 0.738986 0.624826
vt 0.707470 0.607320
vt 0.738990 0.606974
vt 0.982681 0.920839
vt 0.982989 0.952359
vt 0.964212 0.952358
vt 0.964264 0.920838
vt 0.257171 0.895621
vt 0.257205 0.957842
vt 0.243622 0.895625
vt 0.235812 0.895625
vt 0.230312 0.895623
vt 0.121659 0.546241
vt 0.113968 0.539134
vt 0.156910 0.544269
vt 0.149951 0.626672
vt 0.145058 0.670303
vt 0.140280 0.651067
vt 0.155436 0.548242
vt 0.152173 0.550947
vt 0.164153 0.466880
vt 0.162471 0.471727
vt 0.153493 0.488670
vt 0.026075 0.493382
vt 0.079528 0.552325
vt 0.014327 0.618902
vt 0.078552 0.562751
vt 0.082156 0.572582
vt 0.124260 0.548661
vt 0.127641 0.549752
vt 0.147995 0.551657
vt 0.026110 0.492644
vt 0.035254 0.502365
vt 0.050962 0.513363
vt 0.084893 0.543333
vt 0.068848 0.520276
vt 0.093605 0.537524
vt 0.087870 0.522700
vt 0.103969 0.536027
vt 0.106918 0.520494
vt 0.124882 0.513786
vt 0.140715 0.502968
vt 0.062314 0.600359
vt 0.082076 0.601868
vt 0.089638 0.579907
vt 0.100850 0.608223
vt 0.099544 0.583301
vt 0.117466 0.619029
vt 0.109947 0.582103
vt 0.130887 0.633613
vt 0.149660 0.621721
vt 0.118822 0.576547
vt 0.029495 0.764328
vt 0.030430 0.754340
vt 0.041767 0.755243
vt 0.030141 0.751294
vt 0.029754 0.750238
vt 0.014225 0.619633
vt 0.024730 0.611951
vt 0.042793 0.603792
vt 0.099879 0.751598
vt 0.098422 0.772489
vt 0.081021 0.757698
vt 0.077496 0.777273
vt 0.061240 0.758939
vt 0.056031 0.777397
vt 0.035051 0.772856
vt 0.149680 0.577585
vt 0.152384 0.580848
vt 0.145706 0.576112
vt 0.153095 0.585026
vt 0.125353 0.574207
vt 0.121827 0.574651
vt 0.031949 0.770970
vt 0.029967 0.767928
vt 0.144924 0.690122
vt 0.151711 0.631309
vt 0.160175 0.651035
vt 0.164153 0.672129
vt 0.163455 0.693583
vt 0.139886 0.709292
vt 0.158114 0.714373
vt 0.130258 0.726617
vt 0.148385 0.733507
vt 0.116640 0.741018
vt 0.134733 0.750072
vt 0.117809 0.763276
vt 0.859360 0.873530
vt 0.859375 0.866826
vt 0.859379 0.864842
vt 0.859388 0.859791
vt 0.859395 0.855597
vt 0.859406 0.846914
vt 0.859408 0.844856
vt 0.859415 0.836700
vt 0.859421 0.826343
vt 0.859423 0.816666
vt 0.874913 0.816260
vt 0.875797 0.814999
vt 0.863105 0.812201
vt 0.875797 0.812197
vt 0.346650 0.980185
vt 0.402355 0.969651
vt 0.402330 0.976202
vt 0.478159 0.760839
vt 0.533816 0.756628
vt 0.478161 0.762305
vt 0.533822 0.762310
vt 0.533826 0.766092
vt 0.478170 0.773332
vt 0.533833 0.776731
vt 0.478172 0.776727
vt 0.533834 0.777490
vt 0.533837 0.783716
vt 0.478177 0.789077
vt 0.533840 0.790164
vt 0.478179 0.793959
vt 0.533841 0.793963
vt 0.478181 0.806643
vt 0.533843 0.803343
vt 0.478182 0.812917
vt 0.533844 0.812921
vt 0.533844 0.816444
vt 0.478181 0.825041
vt 0.533843 0.822953
vt 0.478180 0.832411
vt 0.533843 0.829436
vt 0.533842 0.832415
vt 0.478177 0.843237
vt 0.533839 0.842274
vt 0.478174 0.851215
vt 0.533836 0.851219
vt 0.533834 0.854744
vt 0.478169 0.860206
vt 0.533826 0.868153
vt 0.478164 0.868149
vt 0.271740 0.929840
vt 0.263565 0.931725
vt 0.263561 0.926965
vt 0.271735 0.915144
vt 0.478158 0.874995
vt 0.533812 0.882152
vt 0.319238 0.939590
vt 0.319226 0.931828
vt 0.319224 0.929928
vt 0.263558 0.920927
vt 0.263558 0.915129
vt 0.271735 0.914621
vt 0.263559 0.913218
vt 0.263562 0.907866
vt 0.271748 0.896671
vt 0.263567 0.901168
vt 0.263567 0.900850
vt 0.263605 0.877038
vt 0.271779 0.877921
vt 0.263594 0.882522
vt 0.263572 0.896510
vt 0.263718 0.840405
vt 0.271894 0.840421
vt 0.271886 0.842376
vt 0.263670 0.852927
vt 0.271831 0.857951
vt 0.263654 0.857936
vt 0.271826 0.859463
vt 0.271781 0.877053
vt 0.271956 0.827653
vt 0.263775 0.828447
vt 0.914999 0.203826
vt 0.906823 0.204673
vt 0.914998 0.201524
vt 0.906822 0.201524
vt 0.914995 0.188409
vt 0.906818 0.185049
vt 0.914994 0.185048
vt 0.906819 0.188450
vt 0.906820 0.194470
vt 0.906818 0.183861
vt 0.906817 0.179828
vt 0.914992 0.170871
vt 0.906816 0.176037
vt 0.906816 0.172359
vt 0.914991 0.166498
vt 0.906815 0.166498
vt 0.914990 0.152234
vt 0.906814 0.155797
vt 0.914990 0.147038
vt 0.978850 0.127889
vt 0.906813 0.127893
vt 0.906813 0.132359
vt 0.906813 0.147039
vt 0.978850 0.118602
vt 0.906814 0.119281
vt 0.978851 0.110260
vt 0.906815 0.110264
vt 0.906816 0.106675
vt 0.978852 0.103378
vt 0.330382 0.869976
vt 0.402411 0.866648
vt 0.402422 0.872807
vt 0.330395 0.879540
vt 0.402431 0.879563
vt 0.330401 0.885888
vt 0.402437 0.886480
vt 0.330408 0.897978
vt 0.402444 0.898002
vt 0.330409 0.903291
vt 0.402444 0.901460
vt 0.402444 0.909205
vt 0.330406 0.917413
vt 0.402411 0.946942
vt 0.330361 0.954399
vt 0.402422 0.939795
vt 0.330387 0.938826
vt 0.402426 0.936645
vt 0.330390 0.936622
vt 0.402438 0.924747
vt 0.330404 0.921257
vt 0.402442 0.917436
vt 0.402442 0.916999
vt 0.402398 0.953743
vt 0.402396 0.954423
vt 0.330359 0.955061
vt 0.402383 0.960127
vt 0.330321 0.969095
vt 0.330320 0.969628
vt 0.330276 0.980180
vt 0.238698 0.466351
vt 0.242011 0.466309
vt 0.242382 0.470921
vt 0.253402 0.466239
vt 0.255073 0.468246
vt 0.859348 0.878031
vt 0.255074 0.470862
vt 0.255076 0.477630
vt 0.242384 0.477683
vt 0.255078 0.484708
vt 0.242386 0.484753
vt 0.255081 0.499217
vt 0.242389 0.499248
vt 0.255082 0.506580
vt 0.242390 0.506603
vt 0.859338 0.881318
vt 0.859314 0.888770
vt 0.895880 0.409973
vt 0.893911 0.407464
vt 0.891511 0.401358
vt 0.874994 0.392899
vt 0.891148 0.400715
vt 0.835243 0.274652
vt 0.834435 0.274813
vt 0.838732 0.267438
vt 0.833725 0.275232
vt 0.833194 0.275863
vt 0.870155 0.244364
vt 0.867601 0.241450
vt 0.869452 0.240381
vt 0.851157 0.278541
vt 0.851961 0.279491
vt 0.843207 0.283623
vt 0.852667 0.279834
vt 0.842315 0.287478
vt 0.844913 0.293433
vt 0.835241 0.306962
vt 0.839335 0.311424
vt 0.833134 0.327582
vt 0.838151 0.330221
vt 0.836120 0.348094
vt 0.841427 0.348769
vt 0.844020 0.367257
vt 0.848979 0.366024
vt 0.856357 0.383915
vt 0.860382 0.381015
vt 0.872383 0.397059
vt 0.891133 0.405898
vt 0.885495 0.237214
vt 0.859922 0.246473
vt 0.856343 0.254145
vt 0.856295 0.249216
vt 0.849159 0.269900
vt 0.842187 0.279800
vt 0.851003 0.261225
vt 0.839493 0.276902
vt 0.836654 0.275050
vt 0.876897 0.236573
vt 0.886590 0.232673
vt 0.893208 0.232246
vt 0.895880 0.229940
vt 0.836060 0.274768
vt 0.835736 0.274688
vt 0.841277 0.264120
vt 0.844851 0.259924
vt 0.850343 0.254343
vt 0.852004 0.252826
vt 0.859417 0.819826
vt 0.874153 0.819827
vt 0.874107 0.860965
vt 0.859371 0.860964
vt 0.859394 0.845160
vt 0.874130 0.845161
vt 0.859406 0.828528
vt 0.874142 0.828529
vt 0.874150 0.821804
vt 0.166649 0.468502
vt 0.167387 0.465897
vt 0.181386 0.468504
vt 0.178037 0.465968
vt 0.181388 0.466013
vt 0.327878 0.871489
vt 0.327057 0.871491
vt 0.327858 0.860097
vt 0.327186 0.860614
vt 0.325023 0.861060
vt 0.325690 0.861078
vt 0.326087 0.871489
vt 0.326077 0.861025
vt 0.326480 0.860922
vt 0.324325 0.871477
vt 0.324309 0.860827
vt 0.324483 0.860913
vt 0.325124 0.871485
vt 0.324815 0.874824
vt 0.324309 0.874829
vt 0.326400 0.874810
vt 0.325577 0.874817
vt 0.325109 0.874821
vt 0.327192 0.874805
vt 0.327863 0.874802
vt 0.874087 0.867892
vt 0.859350 0.867891
vt 0.140544 0.958763
vt 0.155281 0.958763
vt 0.155282 0.966902
vt 0.140546 0.966902
vt 0.155282 0.975767
vt 0.140545 0.975767
vt 0.155282 0.976858
vt 0.140545 0.976858
vt 0.345009 0.983491
vt 0.330272 0.983486
vt 0.345008 0.982755
vt 0.330272 0.982283
vt 0.345437 0.982288
vt 0.330273 0.981077
vt 0.346322 0.981083
vt 0.346561 0.980592
vt 0.166648 0.479448
vt 0.181385 0.479449
vt 0.166657 0.494312
vt 0.181395 0.496607
vt 0.181400 0.516084
vt 0.166662 0.511059
vt 0.166658 0.496606
vt 0.166662 0.547050
vt 0.166663 0.536701
vt 0.181400 0.536703
vt 0.166664 0.528914
vt 0.166663 0.516083
vt 0.166659 0.557216
vt 0.181396 0.557217
vt 0.166656 0.564627
vt 0.181387 0.576388
vt 0.166650 0.576387
vt 0.166647 0.580831
vt 0.181374 0.593057
vt 0.166637 0.593056
vt 0.166635 0.594911
vt 0.740229 0.919504
vt 0.725493 0.921271
vt 0.725494 0.905294
vt 0.740231 0.905339
vt 0.181384 0.471973
vt 0.166647 0.471527
vt 0.181384 0.475930
vt 0.166647 0.475702
vt 0.849537 0.004743
vt 0.897022 0.004745
vt 0.849534 0.014166
vt 0.896992 0.127722
vt 0.834798 0.014166
vt 0.834770 0.127720
vt 0.725493 0.902989
vt 0.740230 0.903035
vt 0.834799 0.011251
vt 0.849536 0.011251
vt 0.707466 0.901372
vt 0.736530 0.901372
vt 0.884471 0.818612
vt 0.884528 0.814149
vt 0.889328 0.814201
vt 0.884102 0.833115
vt 0.895794 0.814274
vt 0.727806 0.559726
vt 0.726547 0.567013
vt 0.724039 0.567543
vt 0.725049 0.559332
vt 0.726300 0.545031
vt 0.877486 0.867425
vt 0.875797 0.852716
vt 0.878982 0.853022
vt 0.876205 0.844778
vt 0.178185 0.779359
vt 0.178185 0.770729
vt 0.179696 0.771211
vt 0.880457 0.838577
vt 0.879810 0.838550
vt 0.877559 0.844788
vt 0.877670 0.838447
vt 0.491127 0.623844
vt 0.491007 0.630186
vt 0.489450 0.630186
vt 0.707462 0.902989
vt 0.736638 0.902237
vt 0.736960 0.902989
vt 0.487811 0.600688
vt 0.489450 0.599484
vt 0.491228 0.615658
vt 0.491299 0.599484
vt 0.880664 0.833018
vt 0.877796 0.830261
vt 0.880998 0.818565
vt 0.877990 0.814089
vt 0.881054 0.814115
vt 0.751783 0.969217
vt 0.751783 0.940152
vt 0.779153 0.969279
vt 0.779153 0.940215
vt 0.780207 0.940218
vt 0.780207 0.969282
vt 0.166602 0.733132
vt 0.166602 0.704068
vt 0.167852 0.704067
vt 0.167852 0.733131
vt 0.169387 0.704066
vt 0.169387 0.733131
vt 0.484257 0.421026
vt 0.483632 0.423199
vt 0.483968 0.420840
vt 0.483125 0.426769
vt 0.482822 0.428894
vt 0.482640 0.430174
vt 0.700607 0.580064
vt 0.705964 0.567587
vt 0.712484 0.580065
vt 0.712835 0.567850
vt 0.719706 0.568094
vt 0.485583 0.418954
vt 0.485079 0.419588
vt 0.149025 0.924749
vt 0.156366 0.924752
vt 0.162937 0.924753
vt 0.158743 0.912403
vt 0.488028 0.417054
vt 0.094207 0.892877
vt 0.100618 0.851050
vt 0.090848 0.886303
vt 0.088205 0.878964
vt 0.087302 0.875628
vt 0.086640 0.872693
vt 0.085295 0.864191
vt 0.084638 0.855282
vt 0.084565 0.851075
vt 0.119040 0.851035
vt 0.158775 0.851044
vt 0.138699 0.851034
vt 0.699527 0.506386
vt 0.711093 0.506388
vt 0.699527 0.568245
vt 0.711093 0.537089
vt 0.704783 0.567612
vt 0.702822 0.567735
vt 0.726758 0.537091
vt 0.722870 0.567803
vt 0.161827 0.913095
vt 0.162627 0.851044
vt 0.162594 0.913165
vt 0.164065 0.913178
vt 0.165800 0.851039
vt 0.697608 0.568521
vt 0.750008 0.939892
vt 0.748031 0.969212
vt 0.747985 0.939110
vt 0.746887 0.938510
vt 0.743975 0.969213
vt 0.743975 0.938512
vt 0.740621 0.969220
vt 0.740621 0.938518
vt 0.255081 0.728244
vt 0.255082 0.743194
vt 0.426988 0.798611
vt 0.446593 0.798282
vt 0.426993 0.809105
vt 0.446598 0.808691
vt 0.427000 0.819296
vt 0.446605 0.818798
vt 0.427001 0.819911
vt 0.446612 0.828510
vt 0.446619 0.837734
vt 0.427013 0.835349
vt 0.427007 0.829091
vt 0.427042 0.862397
vt 0.446636 0.854339
vt 0.427033 0.855141
vt 0.446628 0.846374
vt 0.427024 0.847108
vt 0.427015 0.838393
vt 0.446588 0.787666
vt 0.426983 0.787910
vt 0.462914 0.827727
vt 0.462918 0.832673
vt 0.462921 0.836844
vt 0.462929 0.845384
vt 0.462938 0.854268
vt 0.462937 0.853257
vt 0.899676 0.814319
vt 0.899534 0.827009
vt 0.913479 0.827176
vt 0.927246 0.827348
vt 0.939414 0.827509
vt 0.913640 0.814486
vt 0.927425 0.814658
vt 0.939606 0.814819
vt 0.950460 0.814971
vt 0.950256 0.827662
vt 0.949907 0.839525
vt 0.706474 0.628229
vt 0.446607 0.580966
vt 0.426993 0.580677
vt 0.446607 0.556471
vt 0.426993 0.556183
vt 0.415124 0.530984
vt 0.402431 0.530954
vt 0.402433 0.513999
vt 0.415126 0.514036
vt 0.415129 0.497005
vt 0.415133 0.482120
vt 0.402436 0.496959
vt 0.402440 0.482065
vt 0.426976 0.705101
vt 0.446588 0.705400
vt 0.426975 0.724190
vt 0.446584 0.724389
vt 0.426974 0.726866
vt 0.446582 0.744861
vt 0.426974 0.744791
vt 0.426974 0.746325
vt 0.426975 0.755453
vt 0.446583 0.755451
vt 0.426977 0.764226
vt 0.446583 0.766169
vt 0.446586 0.776934
vt 0.426980 0.777095
vt 0.426977 0.766248
vt 0.415176 0.862627
vt 0.402484 0.862705
vt 0.402476 0.856650
vt 0.415168 0.856576
vt 0.415160 0.849965
vt 0.415146 0.835518
vt 0.402469 0.850034
vt 0.402454 0.835576
vt 0.402442 0.820093
vt 0.415134 0.820046
vt 0.415124 0.804255
vt 0.402432 0.804290
vt 0.402428 0.796199
vt 0.415120 0.796169
vt 0.402424 0.788000
vt 0.415117 0.787976
vt 0.446605 0.610654
vt 0.446604 0.626593
vt 0.446602 0.642365
vt 0.426991 0.610314
vt 0.426990 0.626224
vt 0.426988 0.641972
vt 0.402430 0.580579
vt 0.402430 0.556085
vt 0.446592 0.688306
vt 0.426979 0.687943
vt 0.446595 0.672597
vt 0.426982 0.672201
vt 0.402422 0.780429
vt 0.415114 0.780411
vt 0.415110 0.764244
vt 0.415107 0.746310
vt 0.402417 0.764252
vt 0.402414 0.746307
vt 0.402414 0.726805
vt 0.415107 0.726819
vt 0.402415 0.705000
vt 0.415108 0.705024
vt 0.402426 0.641837
vt 0.402427 0.626097
vt 0.402429 0.610197
vt 0.402417 0.687819
vt 0.402420 0.672065
vt 0.965002 0.460624
vt 0.965002 0.456386
vt 0.972910 0.458505
vt 0.967121 0.452716
vt 0.970791 0.450597
vt 0.975029 0.466413
vt 0.970791 0.466413
vt 0.967121 0.464294
vt 0.980818 0.456386
vt 0.980818 0.460624
vt 0.978699 0.464294
vt 0.975029 0.450597
vt 0.978699 0.452716
vt 0.003864 0.869218
vt 0.003864 0.893779
vt 0.000313 0.869217
vt 0.000313 0.893778
vt 0.177480 0.760980
vt 0.177480 0.785542
vt 0.173306 0.760983
vt 0.173306 0.785544
vt 0.169324 0.760978
vt 0.169324 0.785540
vt 0.166602 0.760969
vt 0.166602 0.785530
vt 0.178181 0.865785
vt 0.178181 0.890346
vt 0.174499 0.865787
vt 0.174499 0.890348
vt 0.170261 0.865787
vt 0.170261 0.890348
vt 0.166602 0.865785
vt 0.166602 0.890346
vt 0.011901 0.764412
vt 0.011901 0.788973
vt 0.008225 0.764420
vt 0.008226 0.788981
vt 0.003988 0.764420
vt 0.003988 0.788981
vt 0.000323 0.764412
vt 0.000323 0.788973
vt 0.011874 0.869217
vt 0.011874 0.893779
vt 0.008096 0.869218
vt 0.008096 0.893779
vt 0.931662 0.970158
vt 0.931662 0.965920
vt 0.939570 0.968039
vt 0.933781 0.962250
vt 0.937452 0.960131
vt 0.941689 0.975947
vt 0.937451 0.975947
vt 0.933781 0.973828
vt 0.947479 0.965920
vt 0.947479 0.970158
vt 0.945360 0.973828
vt 0.941689 0.960131
vt 0.945360 0.962250
vt 0.170154 0.918185
vt 0.170154 0.942747
vt 0.166603 0.918185
vt 0.166603 0.942746
vt 0.011200 0.712013
vt 0.011200 0.736574
vt 0.007026 0.712015
vt 0.007026 0.736576
vt 0.003045 0.712011
vt 0.003045 0.736572
vt 0.000323 0.712001
vt 0.000323 0.736562
vt 0.011891 0.816817
vt 0.011891 0.841379
vt 0.008209 0.816819
vt 0.008210 0.841381
vt 0.003972 0.816819
vt 0.003972 0.841381
vt 0.000313 0.816817
vt 0.000313 0.841379
vt 0.178181 0.813380
vt 0.178181 0.837941
vt 0.174505 0.813388
vt 0.174505 0.837949
vt 0.170267 0.813388
vt 0.170267 0.837949
vt 0.166602 0.813380
vt 0.166602 0.837941
vt 0.178164 0.918185
vt 0.178164 0.942746
vt 0.174385 0.918185
vt 0.174385 0.942747
vt 0.651762 0.924267
vt 0.695973 0.924267
vt 0.651746 0.944221
vt 0.695956 0.944221
vt 0.057429 0.971150
vt 0.057429 0.926940
vt 0.074680 0.971183
vt 0.074680 0.926973
vt 0.737414 0.432719
vt 0.737414 0.476929
vt 0.729380 0.476935
vt 0.729380 0.432725
vt 0.048560 0.927007
vt 0.048560 0.971217
vt 0.041074 0.971195
vt 0.041074 0.926985
vt 0.031166 0.971185
vt 0.031166 0.926975
vt 0.020764 0.971189
vt 0.020764 0.926979
vt 0.011891 0.971206
vt 0.011891 0.926995
vt 0.979442 0.742124
vt 0.979442 0.786335
vt 0.969351 0.786334
vt 0.969351 0.742124
vt 0.959039 0.786335
vt 0.959039 0.742124
vt 0.950511 0.786336
vt 0.950511 0.742126
vt 0.695961 0.980368
vt 0.651751 0.980368
vt 0.651767 0.970967
vt 0.695977 0.970967
vt 0.651768 0.960496
vt 0.695978 0.960496
vt 0.651752 0.950993
vt 0.695962 0.950994
vt 0.570402 0.932792
vt 0.562568 0.938894
vt 0.565552 0.928362
vt 0.556427 0.931322
vt 0.563566 0.922101
vt 0.554140 0.921845
vt 0.564978 0.915685
vt 0.582085 0.910261
vt 0.590413 0.904561
vt 0.586935 0.914692
vt 0.596334 0.912306
vt 0.588920 0.920953
vt 0.598346 0.921845
vt 0.587509 0.927369
vt 0.596060 0.931322
vt 0.583079 0.932219
vt 0.589919 0.938894
vt 0.576817 0.934204
vt 0.581118 0.943088
vt 0.571369 0.943088
vt 0.570603 0.859940
vt 0.581883 0.859940
vt 0.590359 0.869082
vt 0.594099 0.867107
vt 0.592049 0.864827
vt 0.595318 0.866852
vt 0.565600 0.876577
vt 0.575669 0.908850
vt 0.556153 0.912306
vt 0.562073 0.904561
vt 0.569408 0.910835
vt 0.564675 0.901183
vt 0.565600 0.897020
vt 0.564690 0.872447
vt 0.562127 0.869082
vt 0.560438 0.864827
vt 0.558388 0.867107
vt 0.557169 0.866852
vt 0.587797 0.872447
vt 0.586887 0.876577
vt 0.586886 0.897020
vt 0.587812 0.901183
vt 0.964681 0.429627
vt 0.964681 0.398516
vt 0.970402 0.429627
vt 0.970402 0.398516
vt 0.975372 0.429625
vt 0.975372 0.398514
vt 0.959979 0.920819
vt 0.959979 0.889708
vt 0.963654 0.920832
vt 0.963654 0.889721
vt 0.969029 0.920838
vt 0.969029 0.889727
vt 0.974664 0.920835
vt 0.974664 0.889724
vt 0.959742 0.391561
vt 0.959742 0.360450
vt 0.964536 0.391562
vt 0.964536 0.360451
vt 0.970249 0.391562
vt 0.970249 0.360451
vt 0.975350 0.391561
vt 0.975350 0.360450
vt 0.162534 0.975479
vt 0.162534 0.944368
vt 0.167481 0.975489
vt 0.167481 0.944378
vt 0.173202 0.975489
vt 0.173202 0.944378
vt 0.178164 0.975479
vt 0.178164 0.944368
vt 0.959742 0.429624
vt 0.959742 0.398514
vt 0.727748 0.580065
vt 0.727749 0.581554
vt 0.706474 0.581554
vt 0.727754 0.598185
vt 0.706478 0.598185
vt 0.727754 0.594865
vt 0.706478 0.589285
vt 0.727754 0.589285
vt 0.727750 0.582385
vt 0.727752 0.585128
vt 0.727753 0.588214
vt 0.202682 0.984265
vt 0.181400 0.985338
vt 0.202691 0.982185
vt 0.181422 0.979622
vt 0.202698 0.979628
vt 0.181433 0.971261
vt 0.202703 0.976692
vt 0.202708 0.963546
vt 0.202710 0.966791
vt 0.181431 0.962496
vt 0.202709 0.970148
vt 0.202709 0.971267
vt 0.801484 0.957371
vt 0.780208 0.954272
vt 0.801485 0.949914
vt 0.202699 0.957887
vt 0.202707 0.962501
vt 0.801483 0.966258
vt 0.780207 0.960677
vt 0.780207 0.957371
vt 0.780208 0.973335
vt 0.780208 0.970498
vt 0.801484 0.974193
vt 0.780207 0.967360
vt 0.780207 0.966258
vt 0.879905 0.417905
vt 0.858629 0.417905
vt 0.858633 0.414754
vt 0.879921 0.410209
vt 0.858645 0.410209
vt 0.780208 0.974193
vt 0.879905 0.426805
vt 0.858627 0.424601
vt 0.858627 0.421230
vt 0.858635 0.430954
vt 0.858642 0.433706
vt 0.879920 0.434523
vt 0.858630 0.427889
vt 0.858629 0.426805
vt 0.727753 0.601330
vt 0.727751 0.604188
vt 0.706474 0.605868
vt 0.727749 0.605868
vt 0.858645 0.434523
vt 0.575561 0.953477
vt 0.571219 0.949136
vt 0.580516 0.950617
vt 0.578926 0.944686
vt 0.586237 0.950617
vt 0.587826 0.944686
vt 0.591192 0.953477
vt 0.595534 0.949136
vt 0.594052 0.958432
vt 0.599983 0.956843
vt 0.594052 0.964153
vt 0.599983 0.965743
vt 0.591192 0.969108
vt 0.595534 0.973450
vt 0.586237 0.971969
vt 0.587826 0.977900
vt 0.580516 0.971969
vt 0.578926 0.977900
vt 0.575561 0.969108
vt 0.571219 0.973450
vt 0.572700 0.964153
vt 0.566769 0.965743
vt 0.572700 0.958432
vt 0.566769 0.956843
vt 0.735571 0.956605
vt 0.728145 0.956007
vt 0.736911 0.940286
vt 0.727363 0.939520
vt 0.958105 0.359747
vt 0.958104 0.362169
vt 0.941730 0.362170
vt 0.958104 0.367435
vt 0.941729 0.373040
vt 0.958104 0.384142
vt 0.941730 0.384142
vt 0.958104 0.375882
vt 0.958104 0.373040
vt 0.927400 0.429627
vt 0.895880 0.429627
vt 0.959979 0.952359
vt 0.960032 0.920839
vt 0.941731 0.387833
vt 0.958105 0.389471
vt 0.940731 0.390842
vt 0.940925 0.392916
vt 0.940746 0.391992
vt 0.962230 0.217227
vt 0.962349 0.217002
vt 0.978847 0.221636
vt 0.961473 0.220478
vt 0.961669 0.218606
vt 0.962013 0.217681
vt 0.962410 0.216890
vt 0.740362 0.956991
vt 0.740362 0.940564
vt 0.962472 0.222943
vt 0.054916 0.926933
vt 0.054916 0.971143
vt 0.740149 0.432717
vt 0.740149 0.476927
vt 0.695956 0.947774
vt 0.651746 0.947774
vt 0.695978 0.921073
vt 0.651770 0.920510
vt 0.695980 0.920510
vt 0.960837 0.229938
vt 0.916626 0.229940
vt 0.960836 0.227631
vt 0.916625 0.226252
vt 0.960836 0.226249
vt 0.960836 0.224188
vt 0.077992 0.926976
vt 0.078723 0.971187
vt 0.078723 0.926976
vt 0.081504 0.926975
vt 0.082860 0.971184
vt 0.940094 0.387567
vt 0.895884 0.385935
vt 0.084565 0.926970
vt 0.082860 0.926974
vt 0.176697 0.704069
vt 0.176697 0.733133
vt 0.226447 0.924692
vt 0.226431 0.895628
vt 0.226790 0.924691
vt 0.228246 0.895624
vt 0.228262 0.925784
vt 0.229264 0.926178
vt 0.851177 0.000000
vt 0.898662 0.000001
vt 0.898107 0.002100
vt 0.850621 0.002099
vt 0.897022 0.004033
vt 0.849537 0.004031
vt 0.834770 0.130586
vt 0.898076 0.130588
vt 0.896992 0.128449
vt 0.723348 0.965212
vt 0.723331 0.902990
vt 0.724232 0.965212
vt 0.725493 0.902991
vt 0.811855 0.954804
vt 0.874078 0.956378
vt 0.810849 0.956267
vt 0.810386 0.957579
vt 0.260737 0.957837
vt 0.260703 0.895616
vt 0.263558 0.957827
vt 0.263524 0.895606
vt 0.707480 0.965211
vt 0.707462 0.902990
vt 0.208583 0.450841
vt 0.167292 0.454097
vt 0.164153 0.455993
vt 0.166362 0.454280
vt 0.165498 0.454673
vt 0.279072 0.244624
vt 0.294499 0.261640
vt 0.306362 0.281310
vt 0.314214 0.302895
vt 0.317762 0.325589
vt 0.316874 0.348541
vt 0.771323 0.801992
vt 0.771322 0.825253
vt 0.311582 0.370892
vt 0.302085 0.391806
vt 0.288738 0.410500
vt 0.272041 0.426273
vt 0.252619 0.438535
vt 0.231199 0.446828
vt 0.278074 0.243235
vt 0.277731 0.241559
vt 0.277775 0.236361
vt 0.959742 0.394483
vt 0.959742 0.389578
vt 0.278738 0.230968
vt 0.281425 0.226195
vt 0.285591 0.218796
vt 0.959741 0.375989
vt 0.959741 0.366998
vt 0.286400 0.216071
vt 0.287083 0.210437
vt 0.281696 0.194584
vt 0.285734 0.202054
vt 0.286497 0.204792
vt 0.959742 0.358814
vt 0.279091 0.189765
vt 0.278221 0.184357
vt 0.278950 0.099261
vt 0.279011 0.092227
vt 0.483935 0.575269
vt 0.485572 0.567362
vt 0.485572 0.582907
vt 0.181333 0.856329
vt 0.179696 0.849952
vt 0.181333 0.839962
vt 0.733835 0.486968
vt 0.731584 0.496953
vt 0.732197 0.486972
vt 0.731584 0.477457
vt 0.735456 0.540744
vt 0.734853 0.549187
vt 0.733216 0.549159
vt 0.735456 0.560240
vt 0.320875 0.844028
vt 0.322509 0.854517
vt 0.320875 0.860275
vt 0.268023 0.055135
vt 0.264204 0.049355
vt 0.328776 0.903069
vt 0.730953 0.586001
vt 0.730953 0.580313
vt 0.732505 0.585476
vt 0.328772 0.921413
vt 0.240526 0.027925
vt 0.237151 0.026063
vt 0.328754 0.939352
vt 0.222592 0.020276
vt 0.220356 0.019675
vt 0.203321 0.017327
vt 0.202543 0.017311
vt 0.167669 0.024940
vt 0.183921 0.019264
vt 0.184662 0.019097
vt 0.166447 0.025176
vt 0.165266 0.024782
vt 0.164430 0.023860
vt 0.164153 0.022646
vt 0.156919 0.975367
vt 0.156919 0.967211
vt 0.166352 0.014054
vt 0.171980 0.007200
vt 0.179978 0.003369
vt 0.196741 0.001036
vt 0.213651 0.001742
vt 0.226649 0.000000
vt 0.222784 0.000878
vt 0.220618 0.001467
vt 0.003179 0.466529
vt 0.003180 0.466228
vt 0.003181 0.466344
vt 0.003307 0.468160
vt 0.003179 0.467451
vt 0.003213 0.467173
vt 0.003179 0.466834
vt 0.003189 0.466696
vt 0.003183 0.466461
vt 0.563962 0.876578
vt 0.563204 0.873136
vt 0.562866 0.872484
vt 0.561069 0.870332
vt 0.559869 0.869488
vt 0.731017 0.540397
vt 0.729380 0.538329
vt 0.731017 0.536266
vt 0.557952 0.868686
vt 0.555775 0.868391
vt 0.164668 0.489339
vt 0.164236 0.490815
vt 0.164155 0.489456
vt 0.164155 0.487315
vt 0.003179 0.468724
vt 0.563963 0.897021
vt 0.697588 0.943865
vt 0.697588 0.948129
vt 0.563191 0.900489
vt 0.561024 0.903305
vt 0.483696 0.462502
vt 0.483568 0.464442
vt 0.483568 0.462474
vt 0.483838 0.461583
vt 0.483568 0.460372
vt 0.164650 0.493792
vt 0.164156 0.493969
vt 0.164156 0.490815
vt 0.596711 0.868391
vt 0.594534 0.868686
vt 0.081990 0.925343
vt 0.492371 0.628651
vt 0.492371 0.630945
vt 0.491328 0.629914
vt 0.077776 0.925344
vt 0.588524 0.876578
vt 0.589282 0.873136
vt 0.589621 0.872484
vt 0.591463 0.903305
vt 0.597822 0.911624
vt 0.599983 0.921869
vt 0.597527 0.932049
vt 0.030991 0.925343
vt 0.021306 0.925346
vt 0.590931 0.940181
vt 0.581479 0.944686
vt 0.571008 0.944686
vt 0.969273 0.740487
vt 0.959671 0.740487
vt 0.561555 0.940181
vt 0.554959 0.932048
vt 0.552503 0.921869
vt 0.697609 0.970588
vt 0.697609 0.960839
vt 0.554665 0.911624
vt 0.588524 0.897021
vt 0.589295 0.900489
vt 0.854881 0.279421
vt 0.855334 0.278960
vt 0.853978 0.280816
vt 0.320870 0.874022
vt 0.319238 0.865065
vt 0.320870 0.860306
vt 0.164726 0.480022
vt 0.164726 0.487315
vt 0.164256 0.484951
vt 0.164153 0.482083
vt 0.853128 0.279926
vt 0.846408 0.294100
vt 0.854357 0.279732
vt 0.844790 0.298011
vt 0.324243 0.844028
vt 0.325879 0.848437
vt 0.324243 0.860105
vt 0.705736 0.727715
vt 0.705252 0.741944
vt 0.703618 0.742038
vt 0.705736 0.747211
vt 0.699643 0.784439
vt 0.701280 0.790002
vt 0.699643 0.802374
vt 0.739829 0.516650
vt 0.739291 0.529823
vt 0.737656 0.529895
vt 0.739829 0.536146
vt 0.476546 0.806331
vt 0.476546 0.825117
vt 0.704271 0.885103
vt 0.705851 0.885529
vt 0.704271 0.892760
vt 0.164901 0.756868
vt 0.166537 0.764162
vt 0.164901 0.775447
vt 0.735461 0.560477
vt 0.734859 0.571536
vt 0.733222 0.571564
vt 0.735461 0.579973
vt 0.703547 0.648751
vt 0.705183 0.656270
vt 0.703547 0.666078
vt 0.732664 0.605827
vt 0.733276 0.595825
vt 0.734913 0.595819
vt 0.732664 0.586330
vt 0.489442 0.666977
vt 0.491078 0.674102
vt 0.489442 0.682077
vt 0.735457 0.527218
vt 0.733211 0.536146
vt 0.733820 0.527201
vt 0.733211 0.516649
vt 0.828671 0.434781
vt 0.794231 0.433224
vt 0.790293 0.432007
vt 0.792206 0.432874
vt 0.170476 0.702430
vt 0.169524 0.702430
vt 0.832563 0.432427
vt 0.831617 0.433714
vt 0.830250 0.434540
vt 0.833134 0.426705
vt 0.832945 0.430876
vt 0.229880 0.893991
vt 0.228640 0.893992
vt 0.831340 0.423131
vt 0.832703 0.424684
vt 0.802406 0.417972
vt 0.802985 0.416440
vt 0.815981 0.420355
vt 0.730953 0.580065
vt 0.730953 0.586001
vt 0.729393 0.580562
vt 0.799958 0.414434
vt 0.798097 0.411317
vt 0.797767 0.407702
vt 0.799091 0.397758
vt 0.795431 0.389808
vt 0.797642 0.391923
vt 0.798922 0.394703
vt 0.736961 0.830596
vt 0.736961 0.813661
vt 0.738598 0.823035
vt 0.779050 0.273529
vt 0.785665 0.266792
vt 0.735460 0.496953
vt 0.734859 0.505295
vt 0.733222 0.505266
vt 0.735460 0.516449
vt 0.698000 0.784389
vt 0.699636 0.795786
vt 0.698000 0.802365
vt 0.699954 0.892160
vt 0.699954 0.885259
vt 0.701526 0.891704
vt 0.833142 0.167472
vt 0.833140 0.185549
vt 0.761731 0.308120
vt 0.760846 0.312942
vt 0.833134 0.202784
vt 0.760033 0.327542
vt 0.760219 0.330708
vt 0.763218 0.346777
vt 0.763642 0.348151
vt 0.770935 0.364362
vt 0.783144 0.379935
vt 0.738603 0.810816
vt 0.740235 0.796246
vt 0.740235 0.813368
vt 0.781720 0.378494
vt 0.833134 0.128080
vt 0.833134 0.130373
vt 0.787426 0.264527
vt 0.803671 0.146403
vt 0.788298 0.261793
vt 0.802065 0.140356
vt 0.803468 0.143220
vt 0.828861 0.015103
vt 0.813938 0.025430
vt 0.812000 0.027160
vt 0.179696 0.806455
vt 0.181332 0.809540
vt 0.179696 0.823527
vt 0.002827 0.612686
vt 0.002347 0.628242
vt 0.000714 0.628343
vt 0.002827 0.633414
vt 0.179696 0.770729
vt 0.181332 0.776218
vt 0.179696 0.788931
vt 0.705851 0.871901
vt 0.707455 0.884777
vt 0.705851 0.885103
vt 0.165028 0.528796
vt 0.165026 0.547284
vt 0.166602 0.594911
vt 0.165963 0.605275
vt 0.164326 0.605276
vt 0.166602 0.615639
vt 0.701285 0.784578
vt 0.702921 0.794509
vt 0.701285 0.802496
vt 0.785103 0.081833
vt 0.784781 0.089616
vt 0.165011 0.581721
vt 0.785843 0.102548
vt 0.786822 0.107649
vt 0.792673 0.124827
vt 0.791613 0.122457
vt 0.831904 0.012235
vt 0.165011 0.475373
vt 0.165011 0.472033
vt 0.833134 0.008239
vt 0.832522 0.004787
vt 0.829785 0.000155
vt 0.830136 0.000323
vt 0.831170 0.001508
vt 0.831066 0.001289
vt 0.830686 0.000760
vt 0.827857 0.000219
vt 0.828658 -0.000000
vt 0.829397 0.000040
vt 0.027729 0.747468
vt 0.026461 0.746539
vt 0.029737 0.748381
vt 0.028753 0.748567
vt 0.011891 0.624000
vt 0.013563 0.621668
vt 0.019559 0.617436
vt 0.042271 0.753684
vt 0.047968 0.755290
vt 0.732664 0.605827
vt 0.731030 0.599912
vt 0.732664 0.586161
vt 0.701419 0.747211
vt 0.701942 0.733697
vt 0.703577 0.733617
vt 0.701419 0.727715
vt 0.702913 0.784578
vt 0.701280 0.779229
vt 0.702913 0.766136
vt 0.699118 0.747211
vt 0.699644 0.733782
vt 0.701280 0.733704
vt 0.699118 0.727715
vt 0.740515 0.863065
vt 0.738883 0.858630
vt 0.740515 0.846996
vt 0.738227 0.496953
vt 0.738757 0.483609
vt 0.740393 0.483533
vt 0.738227 0.477457
vt 0.699954 0.871973
vt 0.698317 0.866230
vt 0.699954 0.856123
vt 0.737657 0.560240
vt 0.738191 0.546981
vt 0.739827 0.546907
vt 0.737657 0.540744
vt 0.701280 0.784439
vt 0.699643 0.778070
vt 0.701280 0.766136
vt 0.737655 0.516489
vt 0.738192 0.503315
vt 0.739829 0.503243
vt 0.737655 0.496993
vt 0.733211 0.536266
vt 0.731574 0.529650
vt 0.733211 0.516649
vt 0.737653 0.579973
vt 0.738194 0.566884
vt 0.739831 0.566814
vt 0.737653 0.560477
vt 0.731030 0.605868
vt 0.729393 0.599409
vt 0.731030 0.586161
vt 0.737118 0.605826
vt 0.737663 0.592823
vt 0.739299 0.592755
vt 0.737118 0.586330
vt 0.740239 0.778109
vt 0.738602 0.772213
vt 0.740239 0.759538
vt 0.736042 0.496953
vt 0.736590 0.484035
vt 0.738227 0.483968
vt 0.736042 0.477457
vt 0.320875 0.860306
vt 0.319238 0.855352
vt 0.320875 0.844028
vt 0.166541 0.718216
vt 0.165989 0.731049
vt 0.164353 0.731113
vt 0.166541 0.737712
vt 0.736961 0.778095
vt 0.738595 0.784812
vt 0.736961 0.796214
vt 0.737653 0.560477
vt 0.737097 0.573225
vt 0.735461 0.573287
vt 0.737653 0.579973
vt 0.731581 0.540744
vt 0.733216 0.547779
vt 0.731581 0.560288
vt 0.737655 0.496993
vt 0.737096 0.509655
vt 0.735459 0.509716
vt 0.737655 0.516489
vt 0.705720 0.706980
vt 0.707354 0.713905
vt 0.705720 0.726732
vt 0.737656 0.516649
vt 0.737094 0.529227
vt 0.735457 0.529286
vt 0.737656 0.536146
vt 0.698005 0.747211
vt 0.699639 0.753592
vt 0.698005 0.765941
vt 0.737092 0.553236
vt 0.735456 0.553293
vt 0.701561 0.821761
vt 0.703194 0.827188
vt 0.701561 0.838302
vt 0.737118 0.586330
vt 0.736550 0.598737
vt 0.734914 0.598793
vt 0.737118 0.605827
vt 0.698321 0.871901
vt 0.699954 0.876013
vt 0.698321 0.885224
vt 0.736042 0.477457
vt 0.735471 0.489779
vt 0.733835 0.489832
vt 0.736042 0.496953
vt 0.699954 0.871901
vt 0.701589 0.877658
vt 0.699954 0.885259
vt 0.036503 0.607793
vt 0.025584 0.613347
vt 0.025837 0.490522
vt 0.024628 0.487920
vt 0.035923 0.500762
vt 0.036347 0.501147
vt 0.051731 0.511918
vt 0.273379 0.896963
vt 0.273411 0.877818
vt 0.164922 0.495828
vt 0.164156 0.494381
vt 0.164922 0.493969
vt 0.704550 0.766057
vt 0.702918 0.765296
vt 0.704550 0.747211
vt 0.179520 0.752150
vt 0.179704 0.734234
vt 0.181332 0.734062
vt 0.179520 0.732653
vt 0.738593 0.813661
vt 0.736961 0.812646
vt 0.738593 0.796214
vt 0.089470 0.521055
vt 0.106534 0.518902
vt 0.108774 0.518327
vt 0.124128 0.512332
vt 0.126794 0.510883
vt 0.489442 0.682719
vt 0.487805 0.679325
vt 0.489442 0.666977
vt 0.492724 0.751649
vt 0.493104 0.735889
vt 0.494737 0.735762
vt 0.492724 0.732153
vt 0.707019 0.802655
vt 0.705382 0.798528
vt 0.707019 0.784747
vt 0.496154 0.751649
vt 0.496587 0.736609
vt 0.498221 0.736497
vt 0.496154 0.732153
vt 0.740240 0.759516
vt 0.738603 0.754746
vt 0.740240 0.740487
vt 0.154600 0.483989
vt 0.160942 0.471140
vt 0.162640 0.466228
vt 0.613122 0.455294
vt 0.599983 0.432717
vt 0.600492 0.433410
vt 0.602701 0.434668
vt 0.601134 0.433983
vt 0.620364 0.461903
vt 0.616237 0.459154
vt 0.634236 0.632808
vt 0.633245 0.632996
vt 0.165011 0.480678
vt 0.164785 0.481728
vt 0.164785 0.465897
vt 0.003609 0.606439
vt 0.002334 0.592674
vt 0.003609 0.588243
vt 0.644830 0.623813
vt 0.647714 0.621095
vt 0.193193 0.924644
vt 0.659076 0.607756
vt 0.661060 0.604846
vt 0.669495 0.588989
vt 0.670643 0.586129
vt 0.740621 0.707170
vt 0.675589 0.568407
vt 0.676023 0.565801
vt 0.740620 0.686754
vt 0.698915 0.666183
vt 0.698915 0.668942
vt 0.697608 0.667171
vt 0.740620 0.665455
vt 0.673861 0.525768
vt 0.673394 0.524070
vt 0.638369 0.472766
vt 0.653649 0.487212
vt 0.665505 0.504578
vt 0.666121 0.505747
vt 0.740621 0.644252
vt 0.571155 0.931339
vt 0.566931 0.927481
vt 0.565202 0.922027
vt 0.566431 0.916440
vt 0.968885 0.888094
vt 0.975355 0.888091
vt 0.570290 0.912215
vt 0.575743 0.910486
vt 0.964028 0.358814
vt 0.970587 0.358814
vt 0.581331 0.911716
vt 0.585555 0.915574
vt 0.587284 0.921028
vt 0.167053 0.942747
vt 0.173622 0.942747
vt 0.586055 0.926615
vt 0.582197 0.930840
vt 0.576743 0.932569
vt 0.964249 0.396880
vt 0.970817 0.396880
vt 0.291134 0.227171
vt 0.294018 0.224067
vt 0.298069 0.222821
vt 0.302200 0.223767
vt 0.173162 0.759350
vt 0.178171 0.759348
vt 0.305305 0.226651
vt 0.306551 0.230702
vt 0.003356 0.867581
vt 0.008434 0.867581
vt 0.305605 0.234833
vt 0.302720 0.237938
vt 0.298669 0.239184
vt 0.003560 0.762788
vt 0.008645 0.762788
vt 0.294538 0.238238
vt 0.291434 0.235353
vt 0.290188 0.231302
vt 0.169829 0.864151
vt 0.174914 0.864151
vt 0.287847 0.132988
vt 0.290732 0.129883
vt 0.294783 0.128637
vt 0.298914 0.129583
vt 0.006882 0.710382
vt 0.011891 0.710380
vt 0.737492 0.584975
vt 0.735910 0.585399
vt 0.737492 0.580737
vt 0.735910 0.580313
vt 0.169645 0.916548
vt 0.174724 0.916548
vt 0.302318 0.140650
vt 0.299433 0.143754
vt 0.295383 0.145000
vt 0.169839 0.811756
vt 0.174925 0.811756
vt 0.291252 0.144054
vt 0.288147 0.141170
vt 0.286901 0.137119
vt 0.003539 0.815183
vt 0.008625 0.815183
vt 0.734362 0.580313
vt 0.734362 0.585900
vt 0.732505 0.583720
vt 0.429762 0.219466
vt 0.427239 0.192302
vt 0.425265 0.191233
vt 0.422077 0.190131
vt 0.418737 0.189672
vt 0.415373 0.189874
vt 0.410058 0.191645
vt 0.881553 0.433994
vt 0.881553 0.430927
vt 0.883100 0.431553
vt 0.491328 0.630945
vt 0.492353 0.632291
vt 0.491328 0.632744
vt 0.204351 0.970968
vt 0.204351 0.965043
vt 0.406402 0.194233
vt 0.404166 0.196753
vt 0.856984 0.424811
vt 0.856990 0.430469
vt 0.427084 0.221499
vt 0.496583 0.751649
vt 0.498221 0.753745
vt 0.496583 0.755290
vt 0.402872 0.214873
vt 0.403435 0.215859
vt 0.405472 0.218542
vt 0.407992 0.220775
vt 0.408920 0.221402
vt 0.414084 0.223574
vt 0.417422 0.224033
vt 0.856986 0.417487
vt 0.856983 0.422572
vt 0.420788 0.223831
vt 0.002334 0.609308
vt 0.003614 0.610329
vt 0.002334 0.612173
vt 0.432003 0.216938
vt 0.432629 0.216012
vt 0.433699 0.214038
vt 0.434802 0.210846
vt 0.435260 0.207510
vt 0.729393 0.594154
vt 0.435058 0.204148
vt 0.433287 0.198831
vt 0.729393 0.591284
vt 0.729392 0.586261
vt 0.432733 0.197860
vt 0.430691 0.195168
vt 0.428176 0.192937
vt 0.204342 0.957846
vt 0.403529 0.197693
vt 0.401361 0.202841
vt 0.400899 0.206195
vt 0.401103 0.209574
vt 0.738101 0.536604
vt 0.739739 0.536798
vt 0.738101 0.540283
vt 0.142766 0.958759
vt 0.142766 0.924783
vt 0.161872 0.958729
vt 0.161872 0.924753
vt 0.499867 0.610688
vt 0.533844 0.610689
vt 0.499863 0.628823
vt 0.533840 0.628824
vt 0.499861 0.649070
vt 0.533837 0.649071
vt 0.499859 0.670452
vt 0.533836 0.670453
vt 0.499859 0.691939
vt 0.533836 0.691940
vt 0.499860 0.712495
vt 0.533837 0.712496
vt 0.499863 0.731130
vt 0.533840 0.731131
vt 0.499867 0.746944
vt 0.533843 0.746945
vt 0.323505 0.869160
vt 0.320875 0.868966
vt 0.323782 0.860306
vt 0.328754 0.562378
vt 0.325454 0.571420
vt 0.328754 0.558610
vt 0.315549 0.533290
vt 0.325563 0.532845
vt 0.315553 0.547651
vt 0.325959 0.535152
vt 0.326917 0.537068
vt 0.327692 0.538009
vt 0.328754 0.538917
vt 0.328754 0.539889
vt 0.315545 0.518864
vt 0.325932 0.521172
vt 0.315547 0.525946
vt 0.325645 0.530583
vt 0.325570 0.532309
vt 0.328754 0.545633
vt 0.328754 0.550875
vt 0.315555 0.561033
vt 0.315556 0.562100
vt 0.315557 0.574818
vt 0.001008 0.589220
vt 0.001101 0.588242
vt 0.002334 0.589411
vt 0.000714 0.595060
vt 0.001504 0.600498
vt 0.000825 0.600481
vt 0.001648 0.608642
vt 0.001982 0.609894
vt 0.002334 0.612686
vt 0.046312 0.087114
vt 0.040569 0.127969
vt 0.035721 0.126433
vt 0.021805 0.089591
vt 0.026412 0.073248
vt 0.018644 0.107813
vt 0.030755 0.127527
vt 0.016989 0.125468
vt 0.027001 0.130958
vt 0.025465 0.135806
vt 0.041027 0.230842
vt 0.039933 0.225875
vt 0.034838 0.146062
vt 0.036502 0.222121
vt 0.029990 0.144526
vt 0.031654 0.220586
vt 0.026559 0.140772
vt 0.025923 0.238679
vt 0.006335 0.272545
vt 0.022492 0.234925
vt 0.012030 0.240267
vt 0.021398 0.229959
vt 0.013989 0.223688
vt 0.022934 0.225111
vt 0.033522 0.260081
vt 0.030771 0.240215
vt 0.035737 0.239121
vt 0.157773 0.008431
vt 0.162755 0.013832
vt 0.151103 0.005348
vt 0.142960 0.008322
vt 0.074412 0.012726
vt 0.083603 0.020141
vt 0.061052 0.022474
vt 0.067428 0.032812
vt 0.048842 0.034483
vt 0.065312 0.035928
vt 0.043332 0.041251
vt 0.049640 0.070610
vt 0.038372 0.048372
vt 0.033117 0.057476
vt 0.026688 0.221680
vt 0.015258 0.207101
vt 0.016246 0.176512
vt 0.016198 0.151412
vt 0.024738 0.391974
vt 0.015270 0.397805
vt 0.011446 0.390247
vt 0.049306 0.242960
vt 0.039491 0.235690
vt 0.049911 0.242132
vt 0.050125 0.241128
vt 0.050122 0.230136
vt 0.102275 0.011565
vt 0.110509 0.003116
vt 0.122427 0.007553
vt 0.118030 0.003475
vt 0.134651 0.002919
vt 0.064525 0.039611
vt 0.064856 0.042322
vt 0.056211 0.055109
vt 0.015286 0.370693
vt 0.154831 0.464721
vt 0.147904 0.465879
vt 0.119031 0.452607
vt 0.143640 0.466228
vt 0.046362 0.103950
vt 0.049788 0.120434
vt 0.044000 0.131723
vt 0.050092 0.122405
vt 0.045094 0.136689
vt 0.050111 0.189719
vt 0.043559 0.141537
vt 0.013190 0.301738
vt 0.003447 0.289348
vt 0.021332 0.279922
vt 0.074632 0.452558
vt 0.066331 0.448276
vt 0.074492 0.439762
vt 0.058277 0.443372
vt 0.054906 0.427168
vt 0.043222 0.431932
vt 0.038112 0.411037
vt 0.030233 0.418967
vt 0.019694 0.405117
vt 0.126918 0.465996
vt 0.109011 0.463585
vt 0.096137 0.448349
vt 0.091770 0.459229
vt 0.044741 0.196259
vt 0.039805 0.144968
vt 0.041451 0.205177
vt 0.041454 0.214682
vt 0.044748 0.223598
vt 0.103620 0.000300
vt 0.100785 0.001056
vt 0.088962 0.005186
vt 0.081546 0.008666
vt 0.008544 0.383269
vt 0.003884 0.367708
vt 0.010110 0.347989
vt 0.000963 0.349943
vt 0.009402 0.324714
vt 0.000000 0.330135
vt 0.001165 0.307477
vt 0.163559 0.456496
vt 0.164153 0.458250
vt 0.162404 0.461209
vt 0.159556 0.463206
vt 0.083913 0.819974
vt 0.072373 0.816921
vt 0.084000 0.818416
vt 0.072374 0.809746
vt 0.084565 0.810132
vt 0.719829 0.009901
vt 0.704368 0.009048
vt 0.713579 0.002692
vt 0.703172 0.007316
vt 0.710953 -0.000000
vt 0.072373 0.804610
vt 0.003720 0.481392
vt 0.003275 0.482262
vt 0.003275 0.477571
vt 0.707922 0.013610
vt 0.711262 0.017658
vt 0.725436 0.017584
vt 0.718386 0.028034
vt 0.734526 0.034079
vt 0.724130 0.039196
vt 0.730352 0.025668
vt 0.728158 0.021867
vt 0.486203 0.586184
vt 0.485834 0.583016
vt 0.486917 0.586372
vt 0.486911 0.668784
vt 0.486896 0.668866
vt 0.479064 0.649726
vt 0.485334 0.589253
vt 0.487192 0.667712
vt 0.480763 0.652616
vt 0.477357 0.636055
vt 0.476126 0.629255
vt 0.477357 0.619147
vt 0.478259 0.608685
vt 0.480763 0.602586
vt 0.487192 0.587490
vt 0.013405 0.897513
vt 0.028142 0.897537
vt 0.028114 0.903883
vt 0.013377 0.903860
vt 0.319238 0.842391
vt 0.319238 0.827655
vt 0.326342 0.827653
vt 0.326342 0.842390
vt 0.952117 0.302617
vt 0.964807 0.302616
vt 0.952115 0.323078
vt 0.964806 0.314139
vt 0.964805 0.323077
vt 0.964802 0.332718
vt 0.952108 0.342193
vt 0.964798 0.342193
vt 0.964794 0.349619
vt 0.952097 0.358814
vt 0.727541 0.923531
vt 0.740231 0.923575
vt 0.727533 0.934148
vt 0.740223 0.939520
vt 0.727534 0.939476
vt 0.964787 0.358813
vt 0.966831 0.234225
vt 0.966829 0.237288
vt 0.952094 0.234225
vt 0.952093 0.237289
vt 0.476121 0.937480
vt 0.470400 0.937479
vt 0.476121 0.935768
vt 0.470400 0.935164
vt 0.476121 0.939443
vt 0.476121 0.943232
vt 0.470402 0.952947
vt 0.476121 0.947425
vt 0.476122 0.952323
vt 0.470402 0.956257
vt 0.476123 0.956257
vt 0.476123 0.957367
vt 0.470405 0.968631
vt 0.476124 0.964016
vt 0.476124 0.965940
vt 0.470405 0.972412
vt 0.476126 0.972412
vt 0.925942 0.888091
vt 0.931662 0.888092
vt 0.925911 0.899209
vt 0.931632 0.898750
vt 0.925898 0.904925
vt 0.931619 0.904926
vt 0.925880 0.916453
vt 0.931591 0.924132
vt 0.925871 0.924131
vt 0.925864 0.935130
vt 0.931582 0.944507
vt 0.925861 0.944506
vt 0.925864 0.954226
vt 0.931585 0.956523
vt 0.925871 0.964774
vt 0.931591 0.964775
vt 0.931594 0.967630
vt 0.925880 0.972699
vt 0.931604 0.975417
vt 0.925898 0.983666
vt 0.875993 0.997719
vt 0.875968 0.988699
vt 0.925909 0.988703
vt 0.931619 0.983667
vt 0.931624 0.986040
vt 0.931643 0.993628
vt 0.931645 0.994405
vt 0.931662 1.000000
vt 0.100563 0.925171
vt 0.100564 0.980427
vt 0.094465 0.924761
vt 0.094708 0.980423
vt 0.084565 0.924753
vt 0.084565 0.980415
vt 0.876001 0.999996
vt 0.101359 0.925189
vt 0.103798 0.925208
vt 0.108976 0.980431
vt 0.139421 0.924776
vt 0.139421 0.980438
vt 0.128377 0.924775
vt 0.124651 0.980436
vt 0.119239 0.924773
vt 0.119239 0.980434
vt 0.116564 0.924772
vt 0.108360 0.925129
vt 0.404087 0.884881
vt 0.476122 0.893654
vt 0.404085 0.896851
vt 0.476121 0.896853
vt 0.404085 0.900799
vt 0.476121 0.906787
vt 0.404084 0.917269
vt 0.476120 0.917256
vt 0.470400 0.917271
vt 0.476120 0.918280
vt 0.476120 0.927688
vt 0.931662 0.960127
vt 0.931774 0.888091
vt 0.935393 0.888093
vt 0.946387 0.960131
vt 0.942990 0.888095
vt 0.950146 0.888094
vt 0.950269 0.960130
vt 0.950380 0.888094
vt 0.959979 0.960124
vt 0.956782 0.888091
vt 0.404089 0.870161
vt 0.476126 0.866648
vt 0.404088 0.877545
vt 0.476124 0.877547
vt 0.476123 0.879920
vt 0.697873 0.856124
vt 0.698442 0.850036
vt 0.707455 0.856123
vt 0.707455 0.839401
vt 0.706520 0.820857
vt 0.706527 0.820943
vt 0.706445 0.820857
vt 0.697873 0.820867
vt 0.697873 0.805183
vt 0.705954 0.814754
vt 0.263569 0.954457
vt 0.297136 0.954457
vt 0.297125 0.964412
vt 0.263558 0.964412
vt 0.297129 0.974918
vt 0.263562 0.974918
vt 0.297145 0.983895
vt 0.263578 0.983895
vt 0.327935 0.939591
vt 0.327935 0.973158
vt 0.317753 0.973157
vt 0.317753 0.939590
vt 0.307354 0.973158
vt 0.307354 0.939591
vt 0.298799 0.973159
vt 0.298799 0.939592
vt 0.975464 0.668253
vt 0.975488 0.701819
vt 0.965944 0.701810
vt 0.965920 0.668243
vt 0.263588 0.944161
vt 0.297155 0.944161
vt 0.962002 0.668243
vt 0.962026 0.701809
vt 0.957618 0.701805
vt 0.957618 0.668239
vt 0.468758 0.982334
vt 0.435191 0.982315
vt 0.435190 0.978653
vt 0.468757 0.978704
vt 0.435190 0.974067
vt 0.468757 0.974154
vt 0.435190 0.969375
vt 0.468757 0.969375
vt 0.297157 0.942662
vt 0.263590 0.942139
vt 0.297157 0.942139
vt 0.297157 0.941056
vt 0.263589 0.940071
vt 0.297156 0.940071
vt 0.297155 0.939590
vt 0.924051 0.705798
vt 0.957618 0.705375
vt 0.957618 0.707201
vt 0.924051 0.707201
vt 0.547364 0.270803
vt 0.549661 0.271651
vt 0.545425 0.282243
vt 0.544523 0.291012
vt 0.544172 0.293956
vt 0.702918 0.784747
vt 0.702918 0.766136
vt 0.707019 0.767606
vt 0.582468 0.728336
vt 0.573834 0.710465
vt 0.593101 0.707158
vt 0.538211 0.841517
vt 0.548985 0.843670
vt 0.537462 0.845809
vt 0.547699 0.847340
vt 0.534932 0.849355
vt 0.546468 0.859940
vt 0.781844 0.910526
vt 0.790929 0.910428
vt 0.781844 0.949914
vt 0.792432 0.924145
vt 0.795812 0.937524
vt 0.537930 0.836000
vt 0.538279 0.833530
vt 0.551820 0.841008
vt 0.539526 0.831371
vt 0.541490 0.829834
vt 0.568198 0.829398
vt 0.557965 0.818767
vt 0.581875 0.814702
vt 0.571363 0.804125
vt 0.592278 0.797532
vt 0.580927 0.786735
vt 0.598860 0.779071
vt 0.586117 0.767579
vt 0.599408 0.774315
vt 0.596593 0.722571
vt 0.598394 0.734070
vt 0.586641 0.747739
vt 0.599590 0.746134
vt 0.599983 0.765255
vt 0.552648 0.455151
vt 0.536670 0.442879
vt 0.544835 0.436122
vt 0.565240 0.566244
vt 0.574196 0.548198
vt 0.583391 0.547783
vt 0.586709 0.533107
vt 0.578813 0.528588
vt 0.588283 0.517740
vt 0.578850 0.508441
vt 0.587576 0.501934
vt 0.586230 0.494000
vt 0.574305 0.488814
vt 0.584151 0.486118
vt 0.569031 0.458003
vt 0.565415 0.470735
vt 0.558060 0.446335
vt 0.551682 0.440986
vt 0.536193 0.437939
vt 0.539757 0.433019
vt 0.538863 0.432717
vt 0.782563 0.908789
vt 0.783360 0.908257
vt 0.782031 0.909586
vt 0.784300 0.908070
vt 0.789675 0.908383
vt 0.790569 0.909242
vt 0.788475 0.908070
vt 0.573619 0.464251
vt 0.577571 0.470720
vt 0.581282 0.478340
vt 0.535479 0.440684
vt 0.535602 0.441544
vt 0.536016 0.442308
vt 0.579271 0.562228
vt 0.575394 0.577076
vt 0.553598 0.580622
vt 0.572803 0.592963
vt 0.577229 0.650171
vt 0.580224 0.663181
vt 0.559214 0.690739
vt 0.572534 0.596245
vt 0.572470 0.614612
vt 0.574760 0.636412
vt 0.559799 0.693131
vt 0.561227 0.695137
vt 0.588946 0.692785
vt 0.003864 0.841382
vt 0.003864 0.865943
vt 0.000313 0.841381
vt 0.000313 0.865942
vt 0.177480 0.733144
vt 0.177480 0.757706
vt 0.173306 0.733147
vt 0.173306 0.757708
vt 0.169324 0.733142
vt 0.169324 0.757703
vt 0.166602 0.733133
vt 0.166602 0.757694
vt 0.178181 0.837949
vt 0.178181 0.862510
vt 0.174499 0.837951
vt 0.174499 0.862512
vt 0.170261 0.837951
vt 0.170261 0.862512
vt 0.166602 0.837949
vt 0.166602 0.862510
vt 0.011901 0.736576
vt 0.011901 0.761137
vt 0.008226 0.736584
vt 0.008226 0.761145
vt 0.003988 0.736584
vt 0.003988 0.761145
vt 0.000323 0.736576
vt 0.000323 0.761137
vt 0.011874 0.841381
vt 0.011874 0.865942
vt 0.008096 0.841382
vt 0.008096 0.865943
vt 0.967121 0.436900
vt 0.970791 0.434781
vt 0.972910 0.442689
vt 0.975029 0.434781
vt 0.978699 0.436900
vt 0.967121 0.448478
vt 0.965002 0.444808
vt 0.965002 0.440570
vt 0.978699 0.448478
vt 0.975029 0.450597
vt 0.970791 0.450597
vt 0.980818 0.440570
vt 0.980818 0.444808
vt 0.170154 0.890349
vt 0.170154 0.914910
vt 0.166603 0.890348
vt 0.166603 0.914910
vt 0.011200 0.684177
vt 0.011200 0.708738
vt 0.007026 0.684179
vt 0.007026 0.708740
vt 0.003045 0.684175
vt 0.003045 0.708736
vt 0.000323 0.684165
vt 0.000323 0.708726
vt 0.011891 0.788981
vt 0.011891 0.813543
vt 0.008209 0.788983
vt 0.008209 0.813544
vt 0.003972 0.788983
vt 0.003972 0.813545
vt 0.000313 0.788981
vt 0.000313 0.813543
vt 0.178181 0.785544
vt 0.178181 0.810105
vt 0.174505 0.785552
vt 0.174505 0.810113
vt 0.170267 0.785552
vt 0.170267 0.810113
vt 0.166602 0.785544
vt 0.166602 0.810105
vt 0.178164 0.890349
vt 0.178164 0.914910
vt 0.174385 0.890349
vt 0.174385 0.914911
vt 0.965002 0.651307
vt 0.967121 0.647637
vt 0.972910 0.653426
vt 0.970791 0.645518
vt 0.975029 0.645518
vt 0.970791 0.661335
vt 0.967121 0.659216
vt 0.965002 0.655545
vt 0.980818 0.655545
vt 0.978699 0.659216
vt 0.975029 0.661335
vt 0.978699 0.647637
vt 0.980818 0.651307
vt 0.328772 0.535839
vt 0.332066 0.534871
vt 0.328771 0.548783
vt 0.332065 0.547954
vt 0.328771 0.559896
vt 0.332064 0.559144
vt 0.328771 0.565660
vt 0.328771 0.571568
vt 0.328771 0.578402
vt 0.332064 0.583566
vt 0.328771 0.584213
vt 0.332060 0.645819
vt 0.328766 0.646823
vt 0.328768 0.630204
vt 0.328770 0.598754
vt 0.332063 0.613652
vt 0.332062 0.629841
vt 0.328770 0.614489
vt 0.328770 0.606509
vt 0.325449 0.659191
vt 0.328747 0.664055
vt 0.328747 0.665586
vt 0.325449 0.632325
vt 0.325449 0.623638
vt 0.327192 0.631178
vt 0.327250 0.622980
vt 0.325449 0.640689
vt 0.327106 0.640989
vt 0.325449 0.641562
vt 0.328748 0.695622
vt 0.325452 0.695905
vt 0.328748 0.692298
vt 0.325451 0.691820
vt 0.325451 0.677983
vt 0.328747 0.678194
vt 0.328748 0.687670
vt 0.570188 0.181314
vt 0.571067 0.157257
vt 0.571332 0.172470
vt 0.328747 0.655312
vt 0.328747 0.640475
vt 0.328747 0.639703
vt 0.328747 0.630118
vt 0.572697 0.146332
vt 0.570925 0.138195
vt 0.572361 0.138018
vt 0.559867 0.086138
vt 0.558907 0.092572
vt 0.559192 0.083409
vt 0.740525 0.880365
vt 0.737667 0.889136
vt 0.737667 0.876930
vt 0.323782 0.874276
vt 0.570774 0.126513
vt 0.569287 0.138334
vt 0.566818 0.121893
vt 0.569837 0.121661
vt 0.560111 0.087036
vt 0.562397 0.094031
vt 0.563006 0.106829
vt 0.565993 0.106411
vt 0.568221 0.114676
vt 0.325454 0.727123
vt 0.328750 0.726849
vt 0.325454 0.741708
vt 0.328751 0.741342
vt 0.325454 0.756688
vt 0.328752 0.756136
vt 0.328749 0.703052
vt 0.328749 0.711849
vt 0.328750 0.719463
vt 0.740012 0.249764
vt 0.734984 0.233752
vt 0.736136 0.217167
vt 0.733926 0.224734
vt 0.328765 0.653703
vt 0.332051 0.708069
vt 0.328756 0.708815
vt 0.332052 0.691529
vt 0.328758 0.692431
vt 0.332055 0.676097
vt 0.328761 0.677076
vt 0.328764 0.662082
vt 0.328774 0.516792
vt 0.737929 0.042740
vt 0.727757 0.048852
vt 0.738546 0.044566
vt 0.729629 0.055316
vt 0.740621 0.051550
vt 0.492724 0.725916
vt 0.498221 0.712209
vt 0.498221 0.732153
vt 0.699954 0.871902
vt 0.699954 0.856124
vt 0.707455 0.863016
vt 0.328777 0.500296
vt 0.341963 0.494262
vt 0.328775 0.506906
vt 0.341960 0.501328
vt 0.341949 0.531965
vt 0.341953 0.517198
vt 0.341955 0.511851
vt 0.669060 0.411549
vt 0.672714 0.422210
vt 0.660143 0.414832
vt 0.662590 0.425848
vt 0.651257 0.417348
vt 0.896158 0.753844
vt 0.895231 0.740635
vt 0.908178 0.753985
vt 0.615271 0.432717
vt 0.607329 0.421359
vt 0.619147 0.421534
vt 0.632824 0.431913
vt 0.634205 0.420437
vt 0.642467 0.430620
vt 0.652448 0.428625
vt 0.341981 0.818151
vt 0.328778 0.811019
vt 0.341974 0.808158
vt 0.328773 0.803175
vt 0.341968 0.797864
vt 0.328768 0.795116
vt 0.341962 0.787363
vt 0.328764 0.784871
vt 0.701506 0.405969
vt 0.698425 0.393935
vt 0.710205 0.398972
vt 0.705074 0.388141
vt 0.718274 0.391293
vt 0.709759 0.383501
vt 0.328779 0.813000
vt 0.682652 0.417652
vt 0.676695 0.408032
vt 0.692286 0.412217
vt 0.684170 0.403908
vt 0.691446 0.399191
vt 0.341945 0.556888
vt 0.341944 0.581384
vt 0.560346 0.139047
vt 0.557846 0.123003
vt 0.554044 0.108081
vt 0.549985 0.093665
vt 0.555573 0.078556
vt 0.546714 0.079142
vt 0.341936 0.705830
vt 0.341940 0.724686
vt 0.328755 0.718041
vt 0.328754 0.726689
vt 0.328754 0.736488
vt 0.341942 0.735123
vt 0.341945 0.744984
vt 0.328756 0.753616
vt 0.341958 0.776744
vt 0.328761 0.777146
vt 0.341953 0.766088
vt 0.328759 0.769370
vt 0.341949 0.755475
vt 0.341948 0.753497
vt 0.341941 0.642924
vt 0.341943 0.627121
vt 0.341944 0.611141
vt 0.315562 0.697006
vt 0.315560 0.679600
vt 0.315557 0.661466
vt 0.315555 0.643646
vt 0.315554 0.627182
vt 0.341937 0.673160
vt 0.341936 0.688823
vt 0.315565 0.727946
vt 0.315564 0.742805
vt 0.315561 0.758345
vt 0.328752 0.767593
vt 0.546373 0.332149
vt 0.535295 0.336260
vt 0.545140 0.326192
vt 0.533844 0.329617
vt 0.328751 0.809310
vt 0.315547 0.816179
vt 0.328752 0.801475
vt 0.315551 0.801162
vt 0.328752 0.795698
vt 0.328752 0.786402
vt 0.315553 0.792032
vt 0.328752 0.779089
vt 0.315559 0.769828
vt 0.315558 0.775046
vt 0.315556 0.781628
vt 0.140905 0.777399
vt 0.138599 0.790568
vt 0.132050 0.777397
vt 0.129034 0.790564
vt 0.122109 0.777399
vt 0.118260 0.790567
vt 0.121574 0.777399
vt 0.117657 0.790568
vt 0.112007 0.777406
vt 0.106807 0.790578
vt 0.537479 0.343137
vt 0.548176 0.338108
vt 0.540165 0.349367
vt 0.550402 0.343497
vt 0.550552 0.343812
vt 0.299244 0.514181
vt 0.279641 0.514010
vt 0.279640 0.505571
vt 0.308213 0.506028
vt 0.308215 0.514303
vt 0.279638 0.497158
vt 0.308211 0.497045
vt 0.279636 0.488876
vt 0.308209 0.488873
vt 0.279634 0.480834
vt 0.308207 0.481026
vt 0.279632 0.473139
vt 0.308205 0.474218
vt 0.279631 0.471015
vt 0.308203 0.466780
vt 0.279630 0.465897
vt 0.064800 0.923064
vt 0.036228 0.924633
vt 0.036262 0.917618
vt 0.064833 0.916329
vt 0.036295 0.909994
vt 0.064863 0.909019
vt 0.704873 0.010257
vt 0.705272 0.013071
vt 0.706793 0.019229
vt 0.704575 0.016112
vt 0.714584 0.033673
vt 0.711072 0.026294
vt 0.717310 0.041256
vt 0.714689 0.033927
vt 0.720363 0.074181
vt 0.720662 0.070905
vt 0.732850 0.071757
vt 0.731678 0.064549
vt 0.720390 0.056312
vt 0.720065 0.053697
vt 0.718640 0.084086
vt 0.734007 0.082369
vt 0.715567 0.094099
vt 0.734781 0.102400
vt 0.715198 0.095055
vt 0.711236 0.103646
vt 0.720836 0.108454
vt 0.719713 0.118478
vt 0.718764 0.123257
vt 0.705976 0.112202
vt 0.706983 0.110736
vt 0.704774 0.113868
vt 0.717217 0.127834
vt 0.702307 0.117032
vt 0.714216 0.131750
vt 0.699339 0.120454
vt 0.711450 0.137510
vt 0.695534 0.124337
vt 0.720748 0.144653
vt 0.723252 0.138586
vt 0.725222 0.133462
vt 0.732587 0.152083
vt 0.732902 0.146128
vt 0.733314 0.139138
vt 0.733687 0.133101
vt 0.734038 0.127206
vt 0.734571 0.115801
vt 0.692191 0.127357
vt 0.699254 0.136345
vt 0.691197 0.128193
vt 0.686434 0.135403
vt 0.684737 0.133024
vt 0.690553 0.140991
vt 0.675075 0.138616
vt 0.682686 0.134362
vt 0.705870 0.142550
vt 0.713583 0.143553
vt 0.721167 0.149613
vt 0.714927 0.148724
vt 0.694657 0.146551
vt 0.662614 0.143513
vt 0.732057 0.167054
vt 0.689979 0.201446
vt 0.690626 0.201570
vt 0.688243 0.208671
vt 0.651881 0.151688
vt 0.655699 0.145272
vt 0.690464 0.154963
vt 0.603836 0.139061
vt 0.615090 0.143427
vt 0.613581 0.149207
vt 0.635278 0.146910
vt 0.612531 0.158501
vt 0.651934 0.160880
vt 0.593735 0.148099
vt 0.587572 0.137888
vt 0.603427 0.139030
vt 0.732184 0.199798
vt 0.705887 0.197497
vt 0.709386 0.193656
vt 0.693637 0.201847
vt 0.698708 0.201210
vt 0.709653 0.208871
vt 0.700858 0.200495
vt 0.701803 0.200085
vt 0.649172 0.198352
vt 0.683109 0.198485
vt 0.647812 0.207852
vt 0.683217 0.198559
vt 0.686452 0.200334
vt 0.651077 0.179493
vt 0.675020 0.182789
vt 0.675236 0.185873
vt 0.675340 0.186481
vt 0.676377 0.190042
vt 0.678077 0.193305
vt 0.678148 0.193413
vt 0.680393 0.196190
vt 0.651650 0.170152
vt 0.678318 0.172370
vt 0.675755 0.177802
vt 0.691550 0.163720
vt 0.690393 0.164507
vt 0.686840 0.165540
vt 0.684470 0.166689
vt 0.679608 0.170697
vt 0.706570 0.169134
vt 0.704485 0.167479
vt 0.711723 0.165347
vt 0.709303 0.172259
vt 0.699553 0.165072
vt 0.694065 0.164189
vt 0.692203 0.164259
vt 0.712358 0.179555
vt 0.711327 0.176011
vt 0.731910 0.175077
vt 0.710848 0.191118
vt 0.712273 0.186904
vt 0.731872 0.183365
vt 0.712678 0.183226
vt 0.712392 0.179742
vt 0.572571 0.156410
vt 0.583327 0.147207
vt 0.582977 0.137694
vt 0.565810 0.204763
vt 0.578155 0.195214
vt 0.576877 0.204875
vt 0.588379 0.195737
vt 0.587661 0.205170
vt 0.608121 0.206262
vt 0.608746 0.196727
vt 0.610954 0.177564
vt 0.567775 0.195425
vt 0.569959 0.182853
vt 0.646155 0.217388
vt 0.627791 0.216847
vt 0.733190 0.217369
vt 0.720988 0.209251
vt 0.727622 0.218044
vt 0.708804 0.218543
vt 0.708273 0.218537
vt 0.710700 0.156987
vt 0.721880 0.166196
vt 0.709621 0.172731
vt 0.574853 0.214359
vt 0.563968 0.212536
vt 0.564764 0.209295
vt 0.620172 0.216580
vt 0.578645 0.214696
vt 0.572538 0.157213
vt 0.592607 0.157436
vt 0.685116 0.218172
vt 0.596398 0.135040
vt 0.593882 0.133444
vt 0.593538 0.133807
vt 0.587183 0.128514
vt 0.586888 0.133469
vt 0.580481 0.133512
vt 0.572626 0.113062
vt 0.578476 0.120263
vt 0.575619 0.122512
vt 0.580373 0.122276
vt 0.577760 0.127994
vt 0.568020 0.105933
vt 0.572048 0.112251
vt 0.036320 0.903292
vt 0.064894 0.900990
vt 0.036344 0.896256
vt 0.064923 0.892334
vt 0.036380 0.884119
vt 0.064948 0.883436
vt 0.036387 0.881322
vt 0.064971 0.874230
vt 0.036424 0.865262
vt 0.064991 0.865084
vt 0.036439 0.856981
vt 0.065008 0.855530
vt 0.036452 0.848671
vt 0.065023 0.846060
vt 0.036467 0.836278
vt 0.065032 0.836635
vt 0.592179 0.381768
vt 0.590409 0.385841
vt 0.586904 0.380637
vt 0.577927 0.368711
vt 0.583770 0.372534
vt 0.582035 0.376152
vt 0.589250 0.375517
vt 0.589952 0.375861
vt 0.593959 0.377670
vt 0.572747 0.364673
vt 0.569596 0.366837
vt 0.571735 0.363803
vt 0.562920 0.360952
vt 0.565486 0.357721
vt 0.556216 0.353243
vt 0.559535 0.350488
vt 0.558865 0.349558
vt 0.555885 0.352787
vt 0.554014 0.341848
vt 0.549179 0.331466
vt 0.549051 0.331131
vt 0.546883 0.324575
vt 0.544092 0.317564
vt 0.544296 0.311533
vt 0.543748 0.311349
vt 0.543761 0.301539
vt 0.565958 0.213811
vt 0.569824 0.216684
vt 0.566163 0.224333
vt 0.563363 0.249015
vt 0.561183 0.247277
vt 0.563594 0.240997
vt 0.559932 0.253319
vt 0.550865 0.256370
vt 0.555907 0.259260
vt 0.549847 0.271192
vt 0.566380 0.234711
vt 0.572107 0.240220
vt 0.567527 0.244493
vt 0.574146 0.238515
vt 0.570177 0.228634
vt 0.577242 0.236131
vt 0.575576 0.221927
vt 0.584220 0.231546
vt 0.562963 0.231443
vt 0.562014 0.219719
vt 0.559530 0.228165
vt 0.557271 0.235439
vt 0.555044 0.242482
vt 0.594576 0.226420
vt 0.591594 0.227712
vt 0.583085 0.221958
vt 0.591899 0.222378
vt 0.606435 0.222584
vt 0.589186 0.218696
vt 0.608784 0.219448
vt 0.631676 0.220525
vt 0.611181 0.221587
vt 0.609408 0.221925
vt 0.675942 0.231143
vt 0.691446 0.232189
vt 0.670262 0.233538
vt 0.680988 0.241854
vt 0.696215 0.240229
vt 0.686367 0.247275
vt 0.685929 0.246793
vt 0.703609 0.235060
vt 0.725464 0.221061
vt 0.714648 0.221771
vt 0.703807 0.221798
vt 0.724700 0.221474
vt 0.709083 0.225365
vt 0.699516 0.225223
vt 0.680819 0.224642
vt 0.579266 0.218038
vt 0.651791 0.224594
vt 0.718417 0.225147
vt 0.705149 0.282693
vt 0.703396 0.276576
vt 0.719952 0.271886
vt 0.709662 0.240282
vt 0.690507 0.252234
vt 0.713583 0.245645
vt 0.693870 0.256939
vt 0.715931 0.251810
vt 0.696682 0.261499
vt 0.717589 0.258294
vt 0.699161 0.266172
vt 0.697807 0.263529
vt 0.706337 0.288419
vt 0.739058 0.266478
vt 0.740367 0.283891
vt 0.721347 0.232996
vt 0.724209 0.239730
vt 0.725954 0.246837
vt 0.727332 0.254126
vt 0.727534 0.229016
vt 0.729587 0.236745
vt 0.737096 0.249948
vt 0.740621 0.293559
vt 0.707496 0.303081
vt 0.737443 0.329650
vt 0.706405 0.315520
vt 0.739883 0.312533
vt 0.740496 0.302517
vt 0.702942 0.329110
vt 0.704698 0.323411
vt 0.704964 0.322394
vt 0.733381 0.344873
vt 0.730615 0.352170
vt 0.700360 0.335614
vt 0.727290 0.359254
vt 0.697233 0.341869
vt 0.696932 0.342408
vt 0.693566 0.347862
vt 0.721904 0.368371
vt 0.716870 0.375314
vt 0.689368 0.353557
vt 0.684686 0.358876
vt 0.711282 0.381875
vt 0.684675 0.358888
vt 0.679524 0.363803
vt 0.673980 0.368242
vt 0.668729 0.371781
vt 0.662009 0.375517
vt 0.655754 0.378300
vt 0.650064 0.380313
vt 0.649427 0.380509
vt 0.643099 0.382158
vt 0.630880 0.383875
vt 0.619966 0.383848
vt 0.629864 0.383934
vt 0.609325 0.402231
vt 0.610300 0.392958
vt 0.611379 0.382794
vt 0.596663 0.391829
vt 0.593097 0.399065
vt 0.592348 0.392160
vt 0.600461 0.420631
vt 0.605616 0.381560
vt 0.600812 0.384535
vt 0.604302 0.381217
vt 0.599578 0.379788
vt 0.599161 0.379647
vt 0.593861 0.416786
vt 0.593541 0.415862
vt 0.593275 0.414436
vt 0.593123 0.411614
vt 0.609398 0.382419
vt 0.607675 0.382051
vt 0.599616 0.420462
vt 0.596069 0.419203
vt 0.595154 0.418553
vt 0.884828 0.740517
vt 0.881752 0.753679
vt 0.880207 0.753662
vt 0.883705 0.740505
vt 0.877284 0.753431
vt 0.881625 0.740487
vt 0.584071 0.423195
vt 0.583391 0.420517
vt 0.583274 0.419243
vt 0.715108 0.432718
vt 0.722870 0.444975
vt 0.719706 0.444684
vt 0.712484 0.432718
vt 0.883221 0.753695
vt 0.888443 0.740556
vt 0.888154 0.753751
vt 0.889228 0.740565
vt 0.891120 0.753786
vt 0.308216 0.518688
vt 0.299246 0.522455
vt 0.299251 0.575423
vt 0.299251 0.561489
vt 0.299249 0.546468
vt 0.299247 0.530615
vt 0.299248 0.538630
vt 0.279642 0.522378
vt 0.279643 0.530631
vt 0.279644 0.538735
vt 0.279644 0.546658
vt 0.279644 0.561826
vt 0.279644 0.575871
vt 0.358287 0.462190
vt 0.358282 0.469204
vt 0.341979 0.470214
vt 0.056078 0.809090
vt 0.065044 0.816713
vt 0.056078 0.817959
vt 0.065041 0.826433
vt 0.056073 0.827116
vt 0.341985 0.463273
vt 0.056049 0.777882
vt 0.072347 0.778961
vt 0.072352 0.782107
vt 0.056061 0.784906
vt 0.072358 0.785890
vt 0.056070 0.792494
vt 0.072366 0.793377
vt 0.056075 0.800579
vt 0.072372 0.801351
vt 0.036477 0.805385
vt 0.036477 0.820493
vt 0.036473 0.828311
vt 0.377888 0.468456
vt 0.377893 0.460755
vt 0.036449 0.777708
vt 0.036459 0.784077
vt 0.036468 0.790905
vt 0.011891 0.851545
vt 0.011896 0.848613
vt 0.024587 0.848638
vt 0.012773 0.852807
vt 0.028262 0.853239
vt 0.028246 0.862875
vt 0.028224 0.873252
vt 0.028204 0.881368
vt 0.028199 0.883487
vt 0.028174 0.892133
vt 0.028144 0.901397
vt 0.028112 0.910103
vt 0.011910 0.836174
vt 0.024602 0.836211
vt 0.028252 0.856399
vt 0.013515 0.856375
vt 0.177852 0.620938
vt 0.178419 0.623064
vt 0.174552 0.623312
vt 0.169616 0.668033
vt 0.169001 0.668227
vt 0.171144 0.655462
vt 0.173161 0.668000
vt 0.171860 0.655362
vt 0.176477 0.668703
vt 0.180403 0.661837
vt 0.177867 0.669548
vt 0.177244 0.669007
vt 0.178344 0.671727
vt 0.178424 0.671076
vt 0.172525 0.654895
vt 0.178397 0.670742
vt 0.178275 0.670265
vt 0.177378 0.639999
vt 0.180278 0.632008
vt 0.181375 0.642121
vt 0.176433 0.647930
vt 0.181400 0.652219
vt 0.180953 0.657712
vt 0.175302 0.613018
vt 0.168784 0.607401
vt 0.171209 0.603382
vt 0.166856 0.598432
vt 0.166602 0.594911
vt 0.013452 0.881710
vt 0.028189 0.881734
vt 0.013490 0.865077
vt 0.028227 0.865101
vt 0.013508 0.858352
vt 0.256966 0.466239
vt 0.271447 0.466348
vt 0.267766 0.470842
vt 0.028093 0.914604
vt 0.028078 0.917876
vt 0.255074 0.470785
vt 0.255073 0.466237
vt 0.028041 0.925343
vt 0.267767 0.477613
vt 0.267769 0.484695
vt 0.267772 0.499217
vt 0.267774 0.506586
vt 0.267775 0.513965
vt 0.255076 0.477563
vt 0.255078 0.484652
vt 0.255081 0.499188
vt 0.255082 0.506565
vt 0.966833 0.231618
vt 0.966583 0.231618
vt 0.952096 0.231735
vt 0.736961 0.845333
vt 0.736963 0.845083
vt 0.737459 0.845421
vt 0.737762 0.845084
vt 0.738008 0.845655
vt 0.738724 0.845088
vt 0.738776 0.846146
vt 0.739694 0.845095
vt 0.739722 0.846988
vt 0.740516 0.845103
vt 0.740503 0.846996
vt 0.739693 0.830614
vt 0.739994 0.830617
vt 0.740514 0.830622
vt 0.739221 0.830610
vt 0.738396 0.830604
vt 0.737613 0.830599
vt 0.736961 0.830596
vt 0.963383 0.442215
vt 0.963354 0.549787
vt 0.948646 0.442214
vt 0.898676 0.549783
vt 0.948647 0.438774
vt 0.898706 0.438771
vt 0.963383 0.441495
vt 0.948647 0.439299
vt 0.962016 0.439300
vt 0.740231 0.921271
vt 0.727363 0.922246
vt 0.961517 0.438110
vt 0.883634 0.775001
vt 0.881899 0.760465
vt 0.896008 0.789721
vt 0.889593 0.789649
vt 0.886155 0.789611
vt 0.884359 0.789592
vt 0.358262 0.516596
vt 0.358259 0.531462
vt 0.358277 0.476670
vt 0.341973 0.477607
vt 0.358267 0.500603
vt 0.358273 0.484474
vt 0.341968 0.485339
vt 0.341972 0.479193
vt 0.377870 0.531089
vt 0.377872 0.514261
vt 0.377876 0.497219
vt 0.377880 0.483834
vt 0.377881 0.482327
vt 0.389754 0.468256
vt 0.389759 0.460540
vt 0.024583 0.777485
vt 0.024594 0.783871
vt 0.024603 0.790716
vt 0.024612 0.805235
vt 0.024612 0.820383
vt 0.024608 0.828222
vt 0.402452 0.460466
vt 0.011891 0.777397
vt 0.011902 0.783788
vt 0.011911 0.790639
vt 0.011920 0.805171
vt 0.011920 0.820332
vt 0.011917 0.828178
vt 0.255084 0.522352
vt 0.255085 0.530638
vt 0.255085 0.538774
vt 0.255085 0.546726
vt 0.255085 0.561947
vt 0.299250 0.588215
vt 0.315557 0.587524
vt 0.299249 0.600593
vt 0.315555 0.599875
vt 0.299248 0.613482
vt 0.315554 0.612789
vt 0.299247 0.627807
vt 0.279643 0.588727
vt 0.279641 0.601125
vt 0.279640 0.613995
vt 0.279639 0.628269
vt 0.267772 0.628391
vt 0.299251 0.697203
vt 0.279641 0.697349
vt 0.279640 0.684041
vt 0.299250 0.679887
vt 0.299248 0.661868
vt 0.279639 0.670184
vt 0.279639 0.662165
vt 0.299247 0.644167
vt 0.279639 0.648739
vt 0.279638 0.644553
vt 0.279639 0.631303
vt 0.267771 0.631422
vt 0.267771 0.670253
vt 0.267771 0.648836
vt 0.267772 0.684093
vt 0.267772 0.697388
vt 0.255079 0.631462
vt 0.255078 0.648869
vt 0.255078 0.670276
vt 0.255079 0.684111
vt 0.299254 0.728094
vt 0.299254 0.742999
vt 0.299253 0.758632
vt 0.279643 0.728204
vt 0.279643 0.743142
vt 0.279643 0.758845
vt 0.282949 0.817168
vt 0.279641 0.816229
vt 0.279641 0.809443
vt 0.315546 0.822006
vt 0.296900 0.823076
vt 0.299245 0.816260
vt 0.299246 0.808867
vt 0.299249 0.792627
vt 0.299251 0.775471
vt 0.290308 0.819852
vt 0.279643 0.775787
vt 0.279643 0.782098
vt 0.279643 0.793067
vt 0.122020 0.793870
vt 0.116916 0.793745
vt 0.111929 0.794575
vt 0.108371 0.795871
vt 0.100992 0.790587
vt 0.103790 0.798559
vt 0.101161 0.800705
vt 0.327878 0.878167
vt 0.323120 0.887194
vt 0.323120 0.874829
vt 0.095207 0.790597
vt 0.096997 0.805236
vt 0.300898 0.825562
vt 0.127733 0.794850
vt 0.129272 0.795215
vt 0.138469 0.797565
vt 0.146404 0.798124
vt 0.142404 0.798195
vt 0.141305 0.798069
vt 0.152681 0.794625
vt 0.153040 0.794210
vt 0.153136 0.790590
vt 0.155406 0.790594
vt 0.149869 0.796936
vt 0.146845 0.798046
vt 0.271100 0.814471
vt 0.265396 0.813748
vt 0.267775 0.808856
vt 0.267776 0.758902
vt 0.267776 0.770375
vt 0.267776 0.782193
vt 0.267775 0.800447
vt 0.255083 0.808907
vt 0.255083 0.800492
vt 0.255083 0.782226
vt 0.255083 0.770401
vt 0.618673 0.858837
vt 0.636218 0.861183
vt 0.632861 0.876901
vt 0.638598 0.864038
vt 0.650262 0.891894
vt 0.636679 0.852203
vt 0.636720 0.853108
vt 0.636429 0.853966
vt 0.681735 0.700649
vt 0.680431 0.702245
vt 0.678697 0.703357
vt 0.608229 0.838380
vt 0.625971 0.832037
vt 0.636314 0.851374
vt 0.661739 0.876942
vt 0.661326 0.877113
vt 0.648263 0.865714
vt 0.659747 0.878446
vt 0.642031 0.865464
vt 0.656693 0.883318
vt 0.656652 0.884915
vt 0.645734 0.865133
vt 0.646630 0.865002
vt 0.647513 0.865205
vt 0.693259 0.908672
vt 0.685713 0.918091
vt 0.690311 0.908880
vt 0.685357 0.917178
vt 0.686499 0.907434
vt 0.684109 0.915767
vt 0.658326 0.887563
vt 0.657226 0.886405
vt 0.694535 0.678654
vt 0.672938 0.685340
vt 0.652699 0.696201
vt 0.659687 0.714290
vt 0.634930 0.710756
vt 0.643521 0.729108
vt 0.620296 0.728461
vt 0.630978 0.747097
vt 0.620098 0.810908
vt 0.601921 0.816294
vt 0.618977 0.789007
vt 0.599983 0.793406
vt 0.622663 0.767389
vt 0.602490 0.770574
vt 0.609346 0.748652
vt 0.635436 0.857549
vt 0.657341 0.881858
vt 0.736944 0.780608
vt 0.707881 0.780654
vt 0.736944 0.759482
vt 0.707880 0.759527
vt 0.736961 0.740487
vt 0.707897 0.740532
vt 0.802034 0.906433
vt 0.772970 0.906433
vt 0.802030 0.889298
vt 0.772966 0.889297
vt 0.802027 0.869537
vt 0.772963 0.869537
vt 0.802025 0.847892
vt 0.772960 0.847891
vt 0.802024 0.825171
vt 0.772960 0.825171
vt 0.802025 0.802227
vt 0.772961 0.802226
vt 0.802027 0.779917
vt 0.772963 0.779916
vt 0.802030 0.759077
vt 0.772966 0.759077
vt 0.802034 0.740488
vt 0.772970 0.740487
vt 0.951741 0.830814
vt 0.980805 0.830814
vt 0.951771 0.851464
vt 0.980835 0.851464
vt 0.951789 0.873307
vt 0.980853 0.873665
vt 0.951518 0.873665
vt 0.957615 0.738144
vt 0.923639 0.738144
vt 0.923641 0.710444
vt 0.892940 0.699128
vt 0.922414 0.699128
vt 0.892940 0.710444
vt 0.922414 0.703336
vt 0.923726 0.705600
vt 0.433552 0.975686
vt 0.433551 0.985338
vt 0.404077 0.985337
vt 0.468762 0.923127
vt 0.469983 0.919746
vt 0.404084 0.919745
vt 0.434216 0.974179
vt 0.862757 0.719149
vt 0.875411 0.714130
vt 0.874973 0.715281
vt 0.810724 0.739747
vt 0.808551 0.737774
vt 0.807543 0.735018
vt 0.785574 0.535785
vt 0.789241 0.525875
vt 0.839061 0.555766
vt 0.889631 0.572335
vt 0.889819 0.573471
vt 0.878446 0.565991
vt 0.869014 0.467448
vt 0.878880 0.457887
vt 0.878908 0.459038
vt 0.788245 0.515356
vt 0.782784 0.506310
vt 0.814848 0.486402
vt 0.795533 0.483856
vt 0.822117 0.721177
vt 0.842563 0.722676
vt 0.838445 0.737516
vt 0.818647 0.737909
vt 0.816423 0.739824
vt 0.813564 0.740487
vt 0.859386 0.558443
vt 0.819735 0.736862
vt 0.807104 0.733574
vt 0.806171 0.732386
vt 0.818697 0.558121
vt 0.799520 0.565366
vt 0.777970 0.543122
vt 0.782686 0.577065
vt 0.767936 0.546434
vt 0.769209 0.592513
vt 0.852617 0.477968
vt 0.834228 0.484403
vt 0.761239 0.465924
vt 0.746082 0.488469
vt 0.748128 0.451513
vt 0.741561 0.440692
vt 0.777333 0.476904
vt 0.773939 0.500530
vt 0.763462 0.499160
vt 0.759465 0.499538
vt 0.874670 0.718383
vt 0.875191 0.723883
vt 0.874723 0.727483
vt 0.752099 0.552044
vt 0.752452 0.549955
vt 0.753803 0.548322
vt 0.854251 0.736229
vt 0.869644 0.732416
vt 0.872744 0.730527
vt 0.754007 0.588973
vt 0.745064 0.608602
vt 0.759902 0.610779
vt 0.740621 0.629710
vt 0.755326 0.630762
vt 0.740891 0.651279
vt 0.755756 0.651257
vt 0.745862 0.672268
vt 0.761166 0.671031
vt 0.755293 0.691667
vt 0.771231 0.688890
vt 0.768730 0.708541
vt 0.785526 0.722075
vt 0.754961 0.586581
vt 0.755125 0.584010
vt 0.755789 0.547583
vt 0.747456 0.493060
vt 0.750481 0.496775
vt 0.754699 0.499050
vt 0.822638 0.736244
vt 0.821129 0.736281
vt 0.802653 0.714742
vt 0.785344 0.703759
vt 0.804871 0.731618
vt 0.980855 0.875258
vt 0.950511 0.875258
vt 0.923284 0.711960
vt 0.892940 0.711960
vt 0.923551 0.711244
vt 0.484791 0.668868
vt 0.484791 0.733546
vt 0.479402 0.668867
vt 0.479402 0.733545
vt 0.174951 0.671729
vt 0.174951 0.700793
vt 0.170974 0.671727
vt 0.170974 0.700792
vt 0.211258 0.861630
vt 0.211239 0.827654
vt 0.225883 0.827668
vt 0.230293 0.861647
vt 0.241315 0.827673
vt 0.230310 0.892348
vt 0.243620 0.892350
vt 0.257134 0.827668
vt 0.257169 0.892346
vt 0.736961 0.820097
vt 0.707897 0.820143
vt 0.879761 0.775181
vt 0.880300 0.789663
vt 0.878175 0.781967
vt 0.878158 0.789730
vt 0.878554 0.760758
vt 0.725049 0.453447
vt 0.724039 0.445236
vt 0.726357 0.445736
vt 0.727806 0.453054
vt 0.729380 0.467468
vt 0.875818 0.761131
vt 0.876571 0.775436
vt 0.726300 0.467748
vt 0.728311 0.474267
vt 0.726676 0.474051
vt 0.895913 0.801584
vt 0.884566 0.804121
vt 0.491227 0.583208
vt 0.707787 0.821008
vt 0.736960 0.821715
vt 0.489450 0.568115
vt 0.490974 0.567362
vt 0.491127 0.575124
vt 0.488604 0.568783
vt 0.487811 0.568783
vt 0.487811 0.598281
vt 0.707462 0.821761
vt 0.881100 0.804117
vt 0.878120 0.797813
vt 0.779153 0.907876
vt 0.779153 0.936940
vt 0.751783 0.907814
vt 0.751783 0.936878
vt 0.780207 0.907879
vt 0.780207 0.936944
vt 0.166602 0.700793
vt 0.166602 0.671729
vt 0.167852 0.671728
vt 0.167852 0.700792
vt 0.169387 0.671727
vt 0.169387 0.700791
vt 0.158806 0.789685
vt 0.085022 0.840760
vt 0.085684 0.835054
vt 0.087327 0.826511
vt 0.088225 0.823200
vt 0.090879 0.815836
vt 0.094250 0.809239
vt 0.580707 0.391429
vt 0.580409 0.391600
vt 0.579657 0.390121
vt 0.578738 0.388946
vt 0.156442 0.777406
vt 0.163013 0.777407
vt 0.576839 0.387447
vt 0.581257 0.397392
vt 0.580926 0.393801
vt 0.581455 0.399542
vt 0.581573 0.400817
vt 0.582264 0.408306
vt 0.712835 0.444926
vt 0.700607 0.432717
vt 0.711093 0.474049
vt 0.699527 0.444527
vt 0.702821 0.445038
vt 0.704794 0.445162
vt 0.705964 0.445187
vt 0.697608 0.444250
vt 0.164129 0.788908
vt 0.162655 0.788924
vt 0.161223 0.789087
vt 0.743975 0.907188
vt 0.745077 0.907809
vt 0.748031 0.907809
vt 0.748031 0.937888
vt 0.750008 0.937132
vt 0.742151 0.906433
vt 0.712850 0.474307
vt 0.939567 0.790261
vt 0.935990 0.754325
vt 0.942609 0.754413
vt 0.697608 0.630270
vt 0.703547 0.628229
vt 0.703547 0.666183
vt 0.948710 0.754498
vt 0.949725 0.770805
vt 0.950399 0.790413
vt 0.929045 0.754237
vt 0.927414 0.790102
vt 0.921967 0.754150
vt 0.922845 0.790044
vt 0.913669 0.789931
vt 0.899767 0.789765
vt 0.908556 0.789869
vt 0.899691 0.801628
vt 0.913654 0.801795
vt 0.927450 0.801967
vt 0.939645 0.802127
vt 0.950511 0.802280
vt 0.899578 0.814317
vt 0.913562 0.814485
vt 0.927375 0.814658
vt 0.939583 0.814818
vt 0.358325 0.861552
vt 0.342027 0.860393
vt 0.358315 0.854357
vt 0.342016 0.853281
vt 0.358306 0.846393
vt 0.342006 0.845409
vt 0.358297 0.837752
vt 0.341997 0.836869
vt 0.358289 0.828528
vt 0.341989 0.827752
vt 0.358281 0.818816
vt 0.358274 0.808709
vt 0.358268 0.798301
vt 0.358263 0.787684
vt 0.377928 0.862407
vt 0.377919 0.856418
vt 0.377911 0.849879
vt 0.377897 0.835446
vt 0.377891 0.829101
vt 0.377884 0.819982
vt 0.377874 0.804196
vt 0.377870 0.796112
vt 0.377866 0.787920
vt 0.358256 0.580984
vt 0.358257 0.556489
vt 0.377868 0.580687
vt 0.377868 0.556193
vt 0.389738 0.530989
vt 0.389740 0.514139
vt 0.389748 0.482154
vt 0.389743 0.497071
vt 0.402433 0.514097
vt 0.402436 0.497020
vt 0.402440 0.482094
vt 0.389793 0.862632
vt 0.389785 0.856630
vt 0.389777 0.850076
vt 0.389763 0.835610
vt 0.389750 0.820112
vt 0.389740 0.804292
vt 0.389736 0.796191
vt 0.389732 0.787981
vt 0.402476 0.856698
vt 0.402469 0.850140
vt 0.402454 0.835663
vt 0.402442 0.820154
vt 0.402432 0.804322
vt 0.402428 0.796215
vt 0.358246 0.724408
vt 0.358249 0.744879
vt 0.358251 0.755469
vt 0.358258 0.776952
vt 0.358255 0.766187
vt 0.377854 0.705111
vt 0.358245 0.705418
vt 0.377854 0.726915
vt 0.377863 0.780495
vt 0.377859 0.764331
vt 0.377857 0.755463
vt 0.377855 0.746404
vt 0.377855 0.744801
vt 0.358252 0.642384
vt 0.377864 0.641982
vt 0.358254 0.626612
vt 0.358255 0.610672
vt 0.377866 0.626234
vt 0.377867 0.610324
vt 0.389722 0.705029
vt 0.389721 0.726863
vt 0.389729 0.780541
vt 0.389725 0.764345
vt 0.389722 0.746385
vt 0.402422 0.780554
vt 0.402417 0.764348
vt 0.402415 0.746377
vt 0.402414 0.726844
vt 0.358246 0.688324
vt 0.358248 0.672615
vt 0.377856 0.687953
vt 0.377859 0.672211
vt 0.478187 0.972190
vt 0.478168 0.954752
vt 0.544483 0.954758
vt 0.544482 0.952597
vt 0.550202 0.952598
vt 0.550203 0.953366
vt 0.891317 0.552594
vt 0.897036 0.550396
vt 0.891320 0.557962
vt 0.897039 0.555756
vt 0.891322 0.563453
vt 0.963355 0.555760
vt 0.963360 0.568538
vt 0.891316 0.550396
vt 0.891314 0.547253
vt 0.897030 0.541396
vt 0.891309 0.540928
vt 0.897024 0.535215
vt 0.891304 0.535215
vt 0.891301 0.533154
vt 0.897016 0.528550
vt 0.481863 0.578482
vt 0.476126 0.583016
vt 0.476152 0.575620
vt 0.481881 0.572342
vt 0.476157 0.573589
vt 0.476160 0.572346
vt 0.481898 0.564360
vt 0.476189 0.556316
vt 0.481910 0.556313
vt 0.481919 0.547179
vt 0.476203 0.537603
vt 0.481924 0.537600
vt 0.476186 0.496925
vt 0.481906 0.496922
vt 0.476193 0.503820
vt 0.481917 0.507906
vt 0.476202 0.517383
vt 0.481923 0.517379
vt 0.481925 0.527976
vt 0.476159 0.479614
vt 0.481875 0.477513
vt 0.476168 0.484558
vt 0.481894 0.488180
vt 0.476177 0.490034
vt 0.476185 0.496288
vt 0.476155 0.477516
vt 0.476149 0.474875
vt 0.481858 0.469986
vt 0.476126 0.465367
vt 0.481832 0.460372
vt 0.485577 0.465603
vt 0.491299 0.460372
vt 0.491298 0.465603
vt 0.485576 0.472726
vt 0.491297 0.470645
vt 0.485574 0.484160
vt 0.491295 0.484160
vt 0.485573 0.491649
vt 0.491294 0.496292
vt 0.485573 0.504313
vt 0.491293 0.503264
vt 0.491293 0.504313
vt 0.485573 0.511651
vt 0.491293 0.510274
vt 0.491293 0.517263
vt 0.485573 0.524797
vt 0.491293 0.524190
vt 0.491293 0.524797
vt 0.485573 0.531528
vt 0.491293 0.531043
vt 0.491294 0.537783
vt 0.485574 0.544323
vt 0.491295 0.544324
vt 0.485575 0.550082
vt 0.491295 0.544339
vt 0.485577 0.561666
vt 0.491296 0.550647
vt 0.550265 0.888613
vt 0.544531 0.893540
vt 0.550281 0.883351
vt 0.544565 0.882152
vt 0.491299 0.567362
vt 0.485578 0.566194
vt 0.491298 0.561667
vt 0.491296 0.556630
vt 0.550251 0.893541
vt 0.550250 0.894101
vt 0.544520 0.898358
vt 0.550238 0.899742
vt 0.544497 0.911994
vt 0.550219 0.911033
vt 0.550217 0.911994
vt 0.544491 0.916972
vt 0.550207 0.921543
vt 0.544480 0.932101
vt 0.550201 0.930093
vt 0.550200 0.932101
vt 0.550199 0.937332
vt 0.544479 0.936872
vt 0.550199 0.935974
vt 0.550200 0.933859
vt 0.550199 0.942267
vt 0.550199 0.942706
vt 0.550200 0.948250
vt 0.963361 0.612137
vt 0.891325 0.611937
vt 0.963361 0.609014
vt 0.891325 0.609010
vt 0.963363 0.592716
vt 0.891327 0.588983
vt 0.963363 0.588494
vt 0.891327 0.588490
vt 0.963361 0.573563
vt 0.891325 0.575352
vt 0.891324 0.568534
vt 0.891309 0.646342
vt 0.963355 0.628808
vt 0.963354 0.630730
vt 0.891309 0.646629
vt 0.891313 0.640634
vt 0.891319 0.628804
vt 0.891323 0.619341
vt 0.963345 0.646633
vt 0.963344 0.647444
vt 0.891301 0.655283
vt 0.963331 0.661335
vt 0.550207 0.959452
vt 0.550214 0.966115
vt 0.550222 0.972197
vt 0.478188 0.973213
vt 0.550224 0.973407
vt 0.550238 0.981075
vt 0.550257 0.988770
vt 0.478224 0.989702
vt 0.550260 0.989667
vt 0.550281 0.996432
vt 0.892939 0.691256
vt 0.922413 0.688934
vt 0.892939 0.688934
vt 0.892939 0.682358
vt 0.922413 0.677950
vt 0.892939 0.677950
vt 0.892940 0.673753
vt 0.922414 0.668239
vt 0.487886 0.712209
vt 0.487886 0.682736
vt 0.496160 0.712201
vt 0.498221 0.682725
vt 0.498221 0.712198
vt 0.892941 0.668239
vt 0.637285 0.969666
vt 0.633473 0.970925
vt 0.629972 0.962152
vt 0.623404 0.962230
vt 0.623679 0.971853
vt 0.617676 0.959013
vt 0.642707 0.969005
vt 0.648116 0.963303
vt 0.647966 0.970482
vt 0.651256 0.972813
vt 0.617464 0.941068
vt 0.635915 0.926348
vt 0.623113 0.937716
vt 0.629681 0.937638
vt 0.634546 0.922201
vt 0.634532 0.922230
vt 0.633154 0.924008
vt 0.614452 0.968440
vt 0.607620 0.961362
vt 0.614325 0.953364
vt 0.604536 0.952020
vt 0.614247 0.946795
vt 0.605810 0.942265
vt 0.635409 0.940855
vt 0.645014 0.932528
vt 0.638760 0.946505
vt 0.650643 0.941977
vt 0.638838 0.953073
vt 0.651746 0.952920
vt 0.635622 0.958800
vt 0.611191 0.934029
vt 0.619612 0.928943
vt 0.631198 0.925118
vt 0.555955 0.944687
vt 0.555955 0.963517
vt 0.551161 0.944686
vt 0.551161 0.963516
vt 0.548528 0.859956
vt 0.548528 0.878786
vt 0.542893 0.859959
vt 0.542893 0.878789
vt 0.537518 0.859953
vt 0.537518 0.878783
vt 0.533844 0.859940
vt 0.533844 0.878770
vt 0.895551 0.410209
vt 0.895551 0.429039
vt 0.890581 0.410212
vt 0.890581 0.429042
vt 0.884860 0.410212
vt 0.884860 0.429042
vt 0.879921 0.410209
vt 0.879921 0.429039
vt 0.491757 0.733548
vt 0.491757 0.752378
vt 0.486795 0.733558
vt 0.486795 0.752388
vt 0.481073 0.733558
vt 0.481073 0.752388
vt 0.476126 0.733548
vt 0.476126 0.752378
vt 0.566769 0.944686
vt 0.566769 0.963516
vt 0.561668 0.944687
vt 0.561668 0.963517
vt 0.224807 0.972233
vt 0.224809 0.974442
vt 0.204351 0.974442
vt 0.246905 0.962222
vt 0.226448 0.965303
vt 0.226449 0.957846
vt 0.834308 0.419032
vt 0.854029 0.412130
vt 0.834748 0.422373
vt 0.855177 0.420820
vt 0.833883 0.415823
vt 0.833747 0.414798
vt 0.833134 0.410209
vt 0.835597 0.428861
vt 0.835181 0.425680
vt 0.834894 0.423488
vt 0.856983 0.434781
vt 0.836301 0.434306
vt 0.856258 0.429111
vt 0.835975 0.431773
vt 0.961614 0.959220
vt 0.961612 0.956465
vt 0.982069 0.955651
vt 0.961612 0.955651
vt 0.961607 0.952359
vt 0.961615 0.962290
vt 0.982073 0.963383
vt 0.961616 0.963383
vt 0.961615 0.972282
vt 0.961616 0.972265
vt 0.982073 0.972282
vt 0.961616 0.968951
vt 0.961616 0.965578
vt 0.961614 0.975426
vt 0.982069 0.979965
vt 0.961611 0.979965
vt 0.224810 0.975517
vt 0.224815 0.978586
vt 0.204368 0.982161
vt 0.224822 0.981338
vt 0.224825 0.982161
vt 0.224807 0.968859
vt 0.204351 0.965542
vt 0.224809 0.965542
vt 0.204368 0.957846
vt 0.224813 0.962386
vt 0.246905 0.978421
vt 0.246906 0.981263
vt 0.226449 0.982126
vt 0.246906 0.982125
vt 0.224825 0.957846
vt 0.246905 0.975287
vt 0.226448 0.974190
vt 0.246905 0.974190
vt 0.246905 0.965303
vt 0.246905 0.968602
vt 0.246905 0.971960
vt 0.977086 0.713204
vt 0.978675 0.707273
vt 0.982041 0.716064
vt 0.986383 0.711722
vt 0.984901 0.721019
vt 0.990832 0.719430
vt 0.984901 0.726740
vt 0.990833 0.728329
vt 0.982041 0.731695
vt 0.986383 0.736037
vt 0.977086 0.734556
vt 0.978675 0.740487
vt 0.971365 0.734556
vt 0.969776 0.740487
vt 0.966410 0.731695
vt 0.962068 0.736037
vt 0.963549 0.726740
vt 0.957618 0.728329
vt 0.963549 0.721019
vt 0.957618 0.719430
vt 0.966410 0.716064
vt 0.962068 0.711722
vt 0.971365 0.713204
vt 0.969776 0.707273
vt 0.503143 0.516746
vt 0.500879 0.536392
vt 0.492651 0.527477
vt 0.492691 0.546138
vt 0.526846 0.461511
vt 0.533844 0.468511
vt 0.520550 0.481518
vt 0.494067 0.555020
vt 0.503143 0.556039
vt 0.496278 0.563700
vt 0.509817 0.574656
vt 0.502960 0.580178
vt 0.507751 0.483627
vt 0.503108 0.491792
vt 0.509817 0.498129
vt 0.496228 0.509107
vt 0.494000 0.518236
vt 0.513163 0.475918
vt 0.519959 0.468060
vt 0.507399 0.587966
vt 0.520550 0.591267
vt 0.512490 0.595280
vt 0.524658 0.608282
vt 0.533844 0.604274
vt 0.527491 0.610627
vt 0.950456 0.241347
vt 0.966830 0.241347
vt 0.966837 0.249947
vt 0.926457 0.021570
vt 0.978854 0.020403
vt 0.978852 0.029793
vt 0.926450 0.040159
vt 0.907790 0.009704
vt 0.978852 0.009725
vt 0.908361 0.019062
vt 0.908448 0.020778
vt 0.909736 0.021565
vt 0.978847 0.040174
vt 0.978839 0.049772
vt 0.926430 0.059299
vt 0.978827 0.059314
vt 0.978811 0.068572
vt 0.926397 0.076805
vt 0.978794 0.076820
vt 0.978773 0.085169
vt 0.926354 0.091759
vt 0.978752 0.091774
vt 0.978724 0.098657
vt 0.962350 0.098652
vt 0.926304 0.103378
vt 0.914427 0.235383
vt 0.950443 0.229940
vt 0.950450 0.235381
vt 0.914440 0.249949
vt 0.966842 0.257171
vt 0.914450 0.267177
vt 0.966853 0.286159
vt 0.914456 0.284995
vt 0.966850 0.275276
vt 0.966847 0.267174
vt 0.966855 0.296902
vt 0.898004 0.296905
vt 0.966855 0.294714
vt 0.897928 0.295182
vt 0.897639 0.285814
vt 0.898771 0.284996
vt 0.206929 0.827658
vt 0.206948 0.861634
vt 0.204223 0.827663
vt 0.204241 0.861639
vt 0.201299 0.827664
vt 0.201317 0.861640
vt 0.198825 0.827659
vt 0.198844 0.861636
vt 0.533844 0.756628
vt 0.499867 0.756627
vt 0.533844 0.754010
vt 0.499867 0.754008
vt 0.533844 0.751075
vt 0.499867 0.751074
vt 0.499867 0.749568
vt 0.533844 0.749569
vt 0.499867 0.748126
vt 0.533843 0.748127
vt 0.208287 0.827655
vt 0.208306 0.861631
vt 0.209792 0.827653
vt 0.209810 0.861629
vt 0.176697 0.671730
vt 0.229231 0.861793
vt 0.228244 0.892349
vt 0.228227 0.862189
vt 0.226756 0.863288
vt 0.226414 0.863290
vt 0.226430 0.892354
vt 0.176697 0.700794
vt 0.966315 0.299988
vt 0.898010 0.297442
vt 0.897614 0.299770
vt 0.896655 0.301734
vt 0.952116 0.302679
vt 0.895880 0.302712
vt 0.003179 0.532004
vt 0.003179 0.588240
vt 0.002394 0.588243
vt 0.002169 0.530945
vt 0.000714 0.586609
vt 0.000740 0.530947
vt 0.498221 0.610689
vt 0.498221 0.682725
vt 0.495153 0.682725
vt 0.907360 0.007722
vt 0.978849 0.006844
vt 0.906813 0.006607
vt 0.492371 0.682724
vt 0.492581 0.610688
vt 0.495117 0.610689
vt 0.957615 0.740487
vt 0.923639 0.740487
vt 0.140544 0.924787
vt 0.925740 0.987491
vt 0.875797 0.987482
vt 0.897237 0.434781
vt 0.947179 0.434789
vt 0.897704 0.435949
vt 0.947645 0.435952
vt 0.898706 0.437669
vt 0.948647 0.437672
vt 0.898676 0.550921
vt 0.963354 0.552863
vt 0.897672 0.552860
vt 0.897206 0.554324
vt 0.260701 0.892341
vt 0.260666 0.827663
vt 0.263522 0.892331
vt 0.263487 0.827653
vt 0.476126 0.733544
vt 0.476126 0.668866
vt 0.544311 0.953235
vt 0.478164 0.951873
vt 0.003179 0.530944
vt 0.002223 0.530911
vt 0.003179 0.466228
vt 0.542837 0.950428
vt 0.543802 0.951826
vt 0.002223 0.530905
vt -0.000000 0.530905
vt 0.000227 0.466228
vt 0.487645 0.668869
vt 0.487645 0.733547
vt 0.698023 0.804053
vt 0.706785 0.814432
vt 0.707462 0.821761
vt 0.524067 0.608964
vt 0.527430 0.610688
vt 0.309031 0.518076
vt 0.491793 0.546232
vt 0.493182 0.555202
vt 0.495414 0.563963
vt 0.498681 0.573074
vt 0.502156 0.580590
vt 0.506635 0.588448
vt 0.511773 0.595829
vt 0.517932 0.603073
vt 0.512450 0.475365
vt 0.506988 0.483145
vt 0.502303 0.491383
vt 0.498371 0.500107
vt 0.495362 0.508853
vt 0.493114 0.518064
vt 0.491752 0.527390
vt 0.491299 0.536917
vt 0.519308 0.467436
vt 0.526784 0.460372
vt 0.072029 0.817882
vt 0.065943 0.817695
vt 0.082625 0.820690
vt 0.978722 0.100849
vt 0.963116 0.100068
vt 0.978722 0.100073
vt 0.962554 0.099272
vt 0.978722 0.099276
vt 0.962404 0.098938
vt 0.327155 0.827653
vt 0.327807 0.827654
vt 0.327878 0.842390
vt 0.963986 0.100923
vt 0.963895 0.100847
vt 0.327155 0.842390
vt 0.952092 0.237917
vt 0.966829 0.238724
vt 0.951488 0.238725
vt 0.966829 0.240135
vt 0.950723 0.240136
vt 0.119174 0.450974
vt 0.160436 0.454573
vt 0.161365 0.454764
vt 0.162225 0.455164
vt 0.096592 0.446774
vt 0.075241 0.438304
vt 0.055922 0.425881
vt 0.039356 0.409970
vt 0.026165 0.391167
vt 0.016841 0.370175
vt 0.011735 0.347780
vt 0.011037 0.324821
vt 0.014773 0.302158
vt 0.022804 0.280639
vt 0.034829 0.261068
vt 0.050398 0.244180
vt 0.051764 0.241126
vt 0.051407 0.242799
vt 0.051761 0.229384
vt 0.051750 0.190467
vt 0.046161 0.222768
vt 0.046154 0.197086
vt 0.045050 0.199190
vt 0.549219 0.874344
vt 0.550857 0.877252
vt 0.549219 0.882058
vt 0.043064 0.205463
vt 0.891301 0.682205
vt 0.699118 0.727715
vt 0.699118 0.732622
vt 0.697627 0.728395
vt 0.891302 0.691677
vt 0.045056 0.220665
vt 0.051730 0.122403
vt 0.402446 0.917327
vt 0.402446 0.919307
vt 0.066689 0.042676
vt 0.057648 0.055895
vt 0.055592 0.059898
vt 0.740525 0.876930
vt 0.738883 0.873832
vt 0.740525 0.863065
vt 0.179057 0.712894
vt 0.179681 0.700887
vt 0.181319 0.700850
vt 0.179057 0.692407
vt 0.179697 0.856329
vt 0.181335 0.864597
vt 0.179697 0.871343
vt 0.049118 0.079335
vt 0.047943 0.087273
vt 0.402447 0.900527
vt 0.733085 0.536364
vt 0.733085 0.540744
vt 0.731581 0.537015
vt 0.066163 0.039639
vt 0.066819 0.036570
vt 0.068582 0.033973
vt 0.738883 0.863065
vt 0.738883 0.876809
vt 0.737241 0.868595
vt 0.552464 0.874493
vt 0.552464 0.885673
vt 0.550864 0.885332
vt 0.164901 0.746846
vt 0.166541 0.737712
vt 0.166541 0.756868
vt 0.729380 0.580065
vt 0.729945 0.570839
vt 0.731582 0.570851
vt 0.729380 0.560288
vt 0.707462 0.838673
vt 0.705821 0.829246
vt 0.707462 0.821761
vt 0.731584 0.506877
vt 0.729380 0.516489
vt 0.729948 0.506873
vt 0.729380 0.496712
vt 0.729380 0.496712
vt 0.729948 0.486705
vt 0.731584 0.486701
vt 0.729380 0.476935
vt 0.980480 0.050182
vt 0.980495 0.029825
vt 0.076712 0.026858
vt 0.980495 0.009376
vt 0.550897 0.886144
vt 0.980364 0.099994
vt 0.002929 0.683708
vt 0.002141 0.683909
vt 0.002141 0.682272
vt 0.003522 0.683153
vt 0.326792 0.844028
vt 0.151488 0.003755
vt 0.158737 0.007106
vt 0.164153 0.012976
vt 0.117830 0.001849
vt 0.134745 0.001283
vt 0.104847 0.000000
vt 0.110865 0.001516
vt 0.108704 0.000909
vt 0.534736 0.437192
vt 0.536352 0.434033
vt 0.536721 0.433499
vt 0.537183 0.433103
vt 0.537893 0.432781
vt 0.533844 0.440624
vt 0.535829 0.444282
vt 0.534739 0.443329
vt 0.534048 0.442057
vt 0.968468 0.238648
vt 0.968468 0.237786
vt 0.781222 0.948950
vt 0.780465 0.947041
vt 0.780207 0.945002
vt 0.780207 0.910527
vt 0.553560 0.580607
vt 0.551963 0.580687
vt 0.551959 0.579941
vt 0.554057 0.574789
vt 0.562151 0.564237
vt 0.552425 0.577530
vt 0.553090 0.576108
vt 0.545022 0.450640
vt 0.322509 0.853752
vt 0.324147 0.844028
vt 0.324147 0.860152
vt 0.729380 0.516489
vt 0.731574 0.525073
vt 0.729938 0.525097
vt 0.729380 0.536266
vt 0.698005 0.776769
vt 0.699643 0.765941
vt 0.699643 0.784389
vt 0.729380 0.540511
vt 0.731574 0.549090
vt 0.729938 0.549113
vt 0.705813 0.678265
vt 0.707452 0.666900
vt 0.707451 0.686706
vt 0.002141 0.674459
vt 0.002141 0.683309
vt 0.000550 0.682926
vt 0.177719 0.683281
vt 0.177091 0.671727
vt 0.181400 0.683337
vt 0.968494 0.314726
vt 0.968494 0.294600
vt 0.565910 0.557842
vt 0.570732 0.546946
vt 0.573281 0.538520
vt 0.701561 0.839401
vt 0.697873 0.829839
vt 0.575156 0.528156
vt 0.177091 0.692407
vt 0.780519 0.908960
vt 0.781406 0.907632
vt 0.782734 0.906745
vt 0.557579 0.690821
vt 0.788476 0.906433
vt 0.784301 0.906433
vt 0.560096 0.696319
vt 0.558311 0.693811
vt 0.964993 0.552609
vt 0.964993 0.550147
vt 0.790476 0.906955
vt 0.791966 0.908386
vt 0.540746 0.828375
vt 0.476545 0.973911
vt 0.556039 0.818254
vt 0.556898 0.817525
vt 0.570033 0.803169
vt 0.579410 0.786120
vt 0.579785 0.785174
vt 0.584498 0.767340
vt 0.584775 0.765267
vt 0.707375 0.765980
vt 0.705736 0.763394
vt 0.707375 0.747016
vt 0.177091 0.712930
vt 0.177427 0.695553
vt 0.179057 0.695412
vt 0.177091 0.692407
vt 0.965000 0.612430
vt 0.965002 0.592621
vt 0.734724 0.540727
vt 0.733211 0.540103
vt 0.734724 0.536146
vt 0.733222 0.516489
vt 0.731584 0.512362
vt 0.733222 0.496953
vt 0.569451 0.706970
vt 0.738603 0.791699
vt 0.740241 0.778087
vt 0.740241 0.796246
vt 0.701420 0.686706
vt 0.703547 0.691892
vt 0.701914 0.691991
vt 0.701420 0.707228
vt 0.257187 0.893989
vt 0.243411 0.893994
vt 0.794045 0.923855
vt 0.792567 0.910363
vt 0.536295 0.836082
vt 0.536732 0.832995
vt 0.538291 0.830296
vt 0.536577 0.841599
vt 0.535953 0.845175
vt 0.533844 0.848131
vt 0.261425 0.893983
vt 0.630684 0.923565
vt 0.632082 0.922771
vt 0.632456 0.922402
vt 0.298799 0.942941
vt 0.298799 0.940693
vt 0.633066 0.921502
vt 0.633409 0.920510
vt 0.164156 0.497574
vt 0.164156 0.495828
vt 0.164895 0.495906
vt 0.003624 0.483867
vt 0.003194 0.484381
vt 0.003302 0.483828
vt 0.003194 0.482263
vt 0.619098 0.927390
vt 0.633986 0.972481
vt 0.623466 0.973478
vt 0.613556 0.969812
vt 0.307996 0.974795
vt 0.317677 0.974795
vt 0.606218 0.962209
vt 0.602905 0.952176
vt 0.604274 0.941698
vt 0.298771 0.974385
vt 0.298767 0.964604
vt 0.610053 0.932852
vt 0.647223 0.971942
vt 0.651004 0.974930
vt 0.651746 0.974299
vt 0.637797 0.971223
vt 0.642582 0.970639
vt 0.876374 0.712566
vt 0.003426 0.472608
vt 0.003426 0.466228
vt 0.003639 0.471042
vt 0.164729 0.480022
vt 0.164153 0.476133
vt 0.164729 0.465897
vt 0.891301 0.576566
vt 0.890492 0.575290
vt 0.164329 0.697729
vt 0.164964 0.686139
vt 0.166599 0.686113
vt 0.164329 0.677206
vt 0.704208 0.885004
vt 0.702569 0.879943
vt 0.704208 0.871901
vt 0.000545 0.674459
vt 0.001186 0.663297
vt 0.002822 0.663278
vt 0.000545 0.653936
vt 0.550861 0.874344
vt 0.549219 0.866912
vt 0.550861 0.859940
vt 0.164320 0.656684
vt 0.164965 0.645949
vt 0.166601 0.645939
vt 0.164320 0.636162
vt 0.181337 0.806455
vt 0.179696 0.797396
vt 0.181337 0.788931
vt 0.483559 0.507791
vt 0.483568 0.528262
vt 0.164326 0.636162
vt 0.164972 0.625854
vt 0.166608 0.625852
vt 0.164326 0.615639
vt 0.733222 0.580065
vt 0.731582 0.569815
vt 0.733222 0.560477
vt 0.002827 0.644063
vt 0.000545 0.653937
vt 0.001190 0.644057
vt 0.000545 0.633414
vt 0.736961 0.767935
vt 0.738602 0.759538
vt 0.738602 0.778095
vt 0.704170 0.896320
vt 0.702569 0.895976
vt 0.704170 0.885004
vt 0.707401 0.648751
vt 0.705760 0.637880
vt 0.707401 0.628631
vt 0.166596 0.668205
vt 0.164322 0.677206
vt 0.164958 0.668181
vt 0.164322 0.656684
vt 0.707373 0.739885
vt 0.705736 0.747016
vt 0.703547 0.686706
vt 0.704175 0.678108
vt 0.705813 0.678140
vt 0.703547 0.666183
vt 0.738603 0.813368
vt 0.740240 0.824018
vt 0.738603 0.830405
vt 0.701290 0.674313
vt 0.703547 0.666183
vt 0.702928 0.674353
vt 0.703547 0.686706
vt 0.707358 0.699809
vt 0.705720 0.706980
vt 0.705720 0.686706
vt 0.701290 0.666183
vt 0.700683 0.673926
vt 0.699046 0.673877
vt 0.701290 0.686706
vt 0.483936 0.491290
vt 0.483935 0.511693
vt 0.179696 0.871342
vt 0.181302 0.871671
vt 0.179696 0.884793
vt 0.181334 0.834302
vt 0.179696 0.839962
vt 0.179696 0.823527
vt 0.705760 0.628229
vt 0.705184 0.635117
vt 0.703547 0.635050
vt 0.705760 0.648751
vt 0.701280 0.747211
vt 0.702918 0.759567
vt 0.701280 0.766136
vt 0.699046 0.693091
vt 0.701240 0.686706
vt 0.700683 0.693167
vt 0.701240 0.707228
vt 0.705720 0.686706
vt 0.705183 0.692740
vt 0.703547 0.692655
vt 0.705720 0.707228
vt 0.703195 0.821761
vt 0.704837 0.834269
vt 0.703195 0.838292
vt 0.816955 0.718282
vt 0.822438 0.719570
vt 0.542848 0.916545
vt 0.734362 0.585818
vt 0.734362 0.580313
vt 0.735910 0.585282
vt 0.542835 0.936843
vt 0.492371 0.628651
vt 0.492043 0.627091
vt 0.492159 0.626461
vt 0.491415 0.625617
vt 0.492371 0.610688
vt 0.027443 0.223132
vt 0.031581 0.222220
vt 0.035622 0.223500
vt 0.038481 0.226628
vt 0.039392 0.230767
vt 0.038113 0.234807
vt 0.034984 0.237666
vt 0.030846 0.238578
vt 0.026805 0.237298
vt 0.023946 0.234170
vt 0.023035 0.230031
vt 0.024314 0.225991
vt 0.031510 0.128979
vt 0.035649 0.128067
vt 0.039689 0.129347
vt 0.042548 0.132475
vt 0.043459 0.136614
vt 0.042180 0.140654
vt 0.039051 0.143513
vt 0.034913 0.144425
vt 0.030873 0.143145
vt 0.028014 0.140017
vt 0.027102 0.135878
vt 0.028381 0.131838
vt 0.696133 0.907291
vt 0.697609 0.905862
vt 0.686946 0.919173
vt 0.694348 0.908309
vt 0.685598 0.920510
vt 0.685842 0.918999
vt 0.167238 0.669602
vt 0.166602 0.670903
vt 0.168542 0.662493
vt 0.168286 0.668604
vt 0.169649 0.653710
vt 0.169672 0.654130
vt 0.171054 0.655452
vt 0.170301 0.655143
vt 0.169792 0.654510
vt 0.710748 0.179856
vt 0.708832 0.174587
vt 0.737492 0.585310
vt 0.737492 0.580313
vt 0.739128 0.581566
vt 0.959979 0.961771
vt 0.959980 0.967698
vt 0.884737 0.433994
vt 0.884737 0.431229
vt 0.886829 0.433877
vt 0.833837 0.427986
vt 0.833134 0.422622
vt 0.708249 0.173625
vt 0.706147 0.171003
vt 0.736469 0.536241
vt 0.738101 0.539537
vt 0.736469 0.540283
vt 0.703559 0.168830
vt 0.702609 0.168224
vt 0.489368 0.754032
vt 0.491757 0.754032
vt 0.489415 0.756463
vt 0.494737 0.751649
vt 0.496370 0.752744
vt 0.494737 0.756622
vt 0.697395 0.166194
vt 0.694046 0.165826
vt 0.690693 0.166117
vt 0.685417 0.168034
vt 0.684469 0.168608
vt 0.681832 0.170721
vt 0.679668 0.173296
vt 0.679055 0.174256
vt 0.702279 0.198001
vt 0.703242 0.197417
vt 0.705871 0.195307
vt 0.494737 0.756410
vt 0.493100 0.754341
vt 0.494737 0.751650
vt 0.681562 0.195044
vt 0.679448 0.192410
vt 0.678864 0.191448
vt 0.676948 0.186180
vt 0.693658 0.200209
vt 0.690315 0.199843
vt 0.226438 0.968747
vt 0.226439 0.972443
vt 0.002334 0.607458
vt 0.003615 0.606439
vt 0.003615 0.609308
vt 0.879921 0.432925
vt 0.881552 0.430927
vt 0.881552 0.434523
vt 0.685087 0.197811
vt 0.684141 0.197208
vt 0.697021 0.199915
vt 0.226448 0.960410
vt 0.734724 0.540727
vt 0.734834 0.537365
vt 0.736469 0.537258
vt 0.734724 0.536241
vt 0.884737 0.433994
vt 0.883100 0.432454
vt 0.884737 0.431120
vt 0.477923 0.754032
vt 0.476960 0.756124
vt 0.476126 0.754032
vt 0.248542 0.972856
vt 0.248542 0.968408
vt 0.710671 0.186566
vt 0.711040 0.183208
vt 0.677026 0.179468
vt 0.676656 0.182809
vt 0.676656 0.182827
vt 0.549219 0.880428
vt 0.542749 0.880431
vt 0.634449 0.957658
vt 0.629529 0.960577
vt 0.623808 0.960645
vt 0.618820 0.957843
vt 0.890997 0.430681
vt 0.884428 0.430681
vt 0.615901 0.952923
vt 0.615833 0.947202
vt 0.618635 0.942213
vt 0.487214 0.754032
vt 0.480645 0.754031
vt 0.623555 0.939294
vt 0.629276 0.939226
vt 0.634264 0.942028
vt 0.562006 0.965155
vt 0.555447 0.965155
vt 0.637183 0.946949
vt 0.637251 0.952669
vt 0.482325 0.652127
vt 0.140544 0.982077
vt 0.704208 0.885092
vt 0.704208 0.871901
vt 0.705851 0.874978
vt 0.003275 0.477571
vt 0.003275 0.472608
vt 0.003639 0.474514
vt 0.003606 0.476025
vt 0.486516 0.592407
vt 0.482325 0.603078
vt 0.481446 0.606077
vt 0.478986 0.619315
vt 0.478575 0.626361
vt 0.552503 0.874493
vt 0.550864 0.867666
vt 0.552503 0.859939
vt 0.478986 0.635891
vt 0.124278 0.982075
vt 0.480830 0.646724
vt 0.741231 0.437198
vt 0.740621 0.434781
vt 0.749460 0.450559
vt 0.876782 0.457782
vt 0.880602 0.453232
vt 0.879759 0.454560
vt 0.750888 0.452492
vt 0.705813 0.648761
vt 0.707451 0.650661
vt 0.705813 0.666900
vt 0.705720 0.707228
vt 0.705332 0.723935
vt 0.703698 0.724065
vt 0.705720 0.727715
vt 0.737245 0.846996
vt 0.738883 0.849534
vt 0.737245 0.862993
vt 0.701168 0.707228
vt 0.700681 0.722542
vt 0.699046 0.722643
vt 0.701168 0.727715
vt 0.486169 0.567362
vt 0.487811 0.572280
vt 0.486169 0.582530
vt 0.703618 0.707228
vt 0.703057 0.721147
vt 0.701420 0.721220
vt 0.703618 0.727715
vt 0.704560 0.791333
vt 0.702918 0.802336
vt 0.166582 0.697729
vt 0.165970 0.710252
vt 0.164332 0.710297
vt 0.166582 0.718215
vt 0.736961 0.740487
vt 0.738603 0.748691
vt 0.736961 0.759538
vt 0.179729 0.884793
vt 0.181330 0.895823
vt 0.179729 0.896167
vt 0.924220 0.934977
vt 0.924220 0.954454
vt 0.707452 0.885454
vt 0.705851 0.896111
vt 0.699639 0.747211
vt 0.701280 0.757533
vt 0.699639 0.766054
vt 0.861255 0.471147
vt 0.867976 0.466181
vt 0.879200 0.455973
vt 0.697609 0.676629
vt 0.683152 0.701472
vt 0.697101 0.677322
vt 0.696459 0.677895
vt 0.694890 0.678581
vt 0.663356 0.876720
vt 0.649419 0.864553
vt 0.664349 0.876909
vt 0.665318 0.877368
vt 0.681522 0.703467
vt 0.679354 0.704856
vt 0.645204 0.863583
vt 0.646698 0.863365
vt 0.208739 0.863274
vt 0.209642 0.863273
vt 0.648170 0.863704
vt 0.637665 0.850448
vt 0.627493 0.831427
vt 0.621716 0.810645
vt 0.620614 0.789103
vt 0.498221 0.692261
vt 0.498221 0.670415
vt 0.624239 0.767839
vt 0.632417 0.747879
vt 0.644754 0.730185
vt 0.660655 0.715610
vt 0.642281 0.863845
vt 0.204496 0.863283
vt 0.200792 0.863284
vt 0.639570 0.862720
vt 0.637692 0.860465
vt 0.637074 0.857596
vt 0.498229 0.754378
vt 0.498229 0.750661
vt 0.638275 0.851829
vt 0.638342 0.853338
vt 0.498229 0.749757
s 1
usemtl 超量金属太空银-光面.001
f 1/1/1 2/2/2 3/3/3
f 3/3/3 2/2/2 4/4/4
f 5/5/5 6/6/5 4/4/4
f 4/4/4 6/6/5 7/7/6
f 8/8/7 3/3/3 9/9/8
f 9/9/8 3/3/3 4/4/4
f 9/9/8 4/4/4 10/10/8
f 10/10/8 4/4/4 7/7/6
f 10/10/8 7/7/6 11/11/9
f 12/12/10 13/13/11 14/14/8
f 14/14/8 13/13/11 15/15/8
f 14/14/8 15/15/8 16/16/12
f 17/17/8 18/18/8 19/19/13
f 19/19/13 18/18/8 20/20/8
f 19/19/13 20/20/8 21/21/14
f 17/17/8 19/19/13 22/22/8
f 22/22/8 19/19/13 15/15/8
f 22/22/8 15/15/8 23/23/15
f 23/23/15 15/15/8 13/13/11
f 23/23/15 13/13/11 24/24/16
f 25/25/17 26/26/17 27/27/17
f 28/28/17 29/29/18 30/30/17
f 31/31/19 32/32/19 33/33/19
f 33/33/17 32/32/17 34/34/17
f 33/33/17 34/34/17 35/35/17
f 25/25/17 27/27/17 36/36/20
f 36/36/20 27/27/17 37/37/20
f 36/36/20 37/37/20 38/38/17
f 38/38/17 37/37/20 39/39/17
f 38/38/17 39/39/17 40/40/17
f 41/41/17 42/42/18 38/38/17
f 34/34/17 43/43/17 35/35/17
f 35/35/17 43/43/17 44/44/17
f 35/35/17 44/44/17 45/45/17
f 45/45/17 44/44/17 46/46/17
f 45/45/17 46/46/17 47/47/17
f 47/47/17 46/46/17 48/48/17
f 47/47/17 48/48/17 49/49/17
f 28/28/17 30/30/17 33/33/17
f 33/33/17 30/30/17 50/50/17
f 51/51/17 52/52/17 53/53/17
f 54/54/17 55/55/17 56/56/17
f 56/56/17 55/55/17 57/57/17
f 56/56/17 57/57/17 58/58/17
f 58/58/17 57/57/17 59/59/17
f 58/58/17 59/59/17 60/60/17
f 60/60/17 59/59/17 61/61/17
f 60/60/17 61/61/17 62/62/17
f 62/62/17 61/61/17 63/63/17
f 54/54/17 64/64/17 55/55/17
f 55/55/17 64/64/17 65/65/17
f 55/55/17 65/65/17 66/66/17
f 66/66/17 65/65/17 67/67/17
f 66/66/17 67/67/17 53/53/17
f 53/53/17 67/67/17 68/68/17
f 53/53/17 68/68/17 51/51/17
f 63/63/17 61/61/17 69/69/17
f 69/69/17 61/61/17 70/70/17
f 69/69/17 70/70/17 71/71/17
f 71/71/17 70/70/17 72/72/17
f 72/72/17 70/70/17 73/73/17
f 72/72/17 73/73/17 74/74/17
f 74/74/17 73/73/17 75/75/17
f 74/74/17 75/75/17 76/76/17
f 76/76/17 75/75/17 77/77/17
f 76/76/17 77/77/17 78/78/17
f 79/79/17 80/80/17 81/81/17
f 81/81/17 80/80/17 82/82/17
f 81/81/17 82/82/17 83/83/17
f 83/83/17 82/82/17 84/84/17
f 83/83/17 84/84/17 85/85/17
f 29/29/18 28/28/17 77/77/17
f 77/77/17 28/28/17 86/86/17
f 77/77/17 86/86/17 87/87/17
f 88/88/17 89/89/17 90/90/17
f 90/90/17 89/89/17 91/91/21
f 41/41/17 38/38/17 92/92/17
f 93/93/22 94/94/17 95/95/18
f 95/95/18 94/94/17 96/96/17
f 98/97/17 53/53/17 52/52/17
f 78/78/17 77/77/17 99/98/17
f 99/98/17 77/77/17 87/87/17
f 99/98/17 87/87/17 100/99/17
f 100/99/17 87/87/17 101/100/17
f 100/99/17 101/100/17 102/101/17
f 102/101/17 101/100/17 27/27/17
f 102/101/17 27/27/17 103/102/17
f 103/102/17 27/27/17 26/26/17
f 103/102/17 26/26/17 104/103/17
f 104/103/17 26/26/17 105/104/17
f 104/103/17 105/104/17 106/105/17
f 106/105/17 105/104/17 107/106/17
f 106/105/17 107/106/17 79/79/17
f 79/79/17 107/106/17 108/107/18
f 88/88/17 90/90/17 109/108/17
f 109/108/17 90/90/17 110/109/17
f 109/108/17 110/109/17 111/110/17
f 111/110/17 110/109/17 112/111/17
f 111/110/17 112/111/17 113/112/17
f 91/91/21 114/113/17 90/90/17
f 90/90/17 114/113/17 115/114/17
f 90/90/17 115/114/17 116/115/17
f 117/116/17 92/92/17 118/117/17
f 118/117/17 92/92/17 38/38/17
f 118/117/17 38/38/17 49/49/17
f 49/49/17 38/38/17 40/40/17
f 49/49/17 40/40/17 47/47/17
f 119/118/23 120/119/24 121/120/18
f 42/42/18 41/41/17 122/121/17
f 122/121/17 41/41/17 123/122/17
f 122/121/17 123/122/17 84/84/17
f 84/84/17 123/122/17 124/123/17
f 84/84/17 124/123/17 85/85/17
f 41/41/17 125/124/17 123/122/17
f 123/122/17 125/124/17 126/125/17
f 123/122/17 126/125/17 127/126/17
f 127/126/17 126/125/17 128/127/17
f 115/114/17 129/128/17 116/115/17
f 116/115/17 129/128/17 130/129/17
f 116/115/17 130/129/17 131/130/17
f 131/130/17 130/129/17 132/131/17
f 131/130/17 132/131/17 128/127/17
f 128/127/17 132/131/17 133/132/17
f 128/127/17 133/132/17 127/126/17
f 113/112/17 112/111/17 134/133/17
f 134/133/17 112/111/17 135/134/18
f 134/133/17 135/134/18 121/120/18
f 121/120/18 135/134/18 136/135/17
f 121/120/18 136/135/17 119/118/23
f 137/136/17 138/137/17 139/138/17
f 140/139/17 141/140/17 142/141/17
f 139/138/17 138/137/17 143/142/17
f 144/143/17 145/144/17 146/145/17
f 146/145/17 145/144/17 147/146/17
f 148/147/17 149/148/17 150/149/17
f 150/149/17 149/148/17 151/150/17
f 150/149/17 151/150/17 152/151/17
f 152/151/17 151/150/17 153/152/17
f 152/151/17 153/152/17 154/153/17
f 154/154/17 155/155/17 156/156/17
f 156/157/17 157/158/17 158/159/17
f 158/159/17 157/158/17 159/160/17
f 144/143/17 146/145/17 160/161/17
f 160/161/17 146/145/17 161/162/17
f 160/161/17 161/162/17 162/163/17
f 161/162/17 163/164/17 162/163/17
f 162/163/17 163/164/17 164/165/17
f 162/163/17 164/165/17 165/166/17
f 166/167/21 167/168/25 168/169/26
f 145/144/17 169/170/17 147/146/17
f 147/146/17 169/170/17 170/171/17
f 147/146/17 170/171/17 171/172/17
f 164/165/17 172/173/17 165/166/17
f 165/166/17 172/173/17 173/174/17
f 165/166/17 173/174/17 148/147/17
f 148/147/17 173/174/17 174/175/17
f 148/147/17 174/175/17 149/148/17
f 175/176/27 176/177/28 159/160/28
f 159/160/28 176/177/28 177/178/28
f 159/160/17 177/178/17 158/159/17
f 158/159/17 177/178/17 166/167/17
f 158/159/29 166/167/29 178/179/29
f 178/179/26 166/167/21 168/169/26
f 179/180/17 180/181/17 181/182/17
f 181/182/17 180/181/17 140/139/17
f 181/182/17 140/139/17 182/183/17
f 182/183/17 140/139/17 142/141/17
f 183/184/17 184/185/17 185/186/17
f 185/186/17 184/185/17 186/187/21
f 187/188/17 188/189/17 189/190/17
f 179/180/17 190/191/17 180/181/17
f 180/181/17 190/191/17 191/192/17
f 180/181/17 191/192/17 189/190/17
f 189/190/17 191/192/17 192/193/17
f 189/190/17 192/193/17 187/188/17
f 138/137/17 193/194/17 143/142/17
f 143/142/17 193/194/17 194/195/17
f 143/142/17 194/195/17 195/196/17
f 195/196/17 194/195/17 196/197/17
f 195/196/17 196/197/17 141/140/17
f 141/140/17 196/197/17 197/198/17
f 141/140/17 197/198/17 142/141/17
f 183/184/17 198/199/17 184/185/17
f 184/185/17 198/199/17 199/200/17
f 184/185/17 199/200/17 200/201/17
f 200/201/17 199/200/17 137/136/17
f 200/201/17 137/136/17 201/202/17
f 201/202/17 137/136/17 139/138/17
f 187/188/17 202/203/17 188/189/17
f 188/189/17 202/203/17 203/204/17
f 188/189/17 203/204/17 204/205/17
f 205/206/17 206/207/17 186/187/21
f 186/187/21 206/207/17 207/208/17
f 186/187/21 207/208/17 185/186/17
f 204/205/17 208/209/17 188/189/17
f 188/189/17 208/209/17 209/210/17
f 188/189/17 209/210/17 210/211/30
f 170/171/17 211/212/17 171/172/17
f 171/172/17 211/212/17 212/213/17
f 171/172/17 212/213/17 213/214/17
f 213/214/17 212/213/17 214/215/17
f 213/214/17 214/215/17 215/216/17
f 215/216/17 214/215/17 216/217/17
f 215/216/17 216/217/17 217/218/17
f 217/218/17 216/217/17 205/206/17
f 217/218/17 205/206/17 218/219/21
f 218/219/21 205/206/17 186/187/21
f 219/220/31 220/221/32 221/222/33
f 221/222/33 220/221/32 222/223/34
f 221/222/33 222/223/34 223/224/35
f 223/224/35 222/223/34 224/225/36
f 223/224/35 224/225/36 225/226/37
f 225/226/37 224/225/36 226/227/38
f 225/226/37 226/227/38 227/228/39
f 227/228/39 226/227/38 228/229/40
f 227/230/39 228/231/40 229/232/41
f 229/232/41 228/231/40 230/233/42
f 229/232/41 230/233/42 231/234/43
f 231/234/43 230/233/42 232/235/44
f 231/234/43 232/235/44 233/236/45
f 233/236/45 232/235/44 234/237/46
f 233/236/45 234/237/46 235/238/47
f 235/238/47 234/237/46 236/239/48
f 237/240/49 238/241/50 239/242/51
f 239/242/51 238/241/50 240/243/52
f 239/242/51 240/243/52 241/244/53
f 242/245/54 243/246/55 244/247/56
f 244/247/56 243/246/55 245/248/57
f 244/247/56 245/248/57 246/249/58
f 246/249/58 245/248/57 247/250/59
f 246/249/58 247/250/59 240/243/52
f 240/243/52 247/250/59 248/251/60
f 240/243/52 248/251/60 241/244/53
f 249/252/61 250/253/62 251/254/63
f 239/255/51 241/256/53 252/257/64
f 253/258/65 254/259/66 255/260/67
f 255/261/67 254/262/66 256/263/68
f 239/255/51 252/257/64 257/264/69
f 257/264/69 252/257/64 258/265/70
f 257/264/69 258/265/70 259/266/71
f 251/254/63 260/267/72 249/252/61
f 249/252/61 260/267/72 261/268/73
f 249/252/61 261/268/73 262/269/74
f 261/268/73 263/270/75 262/269/74
f 262/269/74 263/270/75 264/271/76
f 262/269/74 264/271/76 255/260/67
f 255/260/67 264/271/76 265/272/77
f 255/260/67 265/272/77 253/258/65
f 237/240/49 239/242/51 266/273/78
f 266/273/78 239/242/51 257/274/69
f 266/275/78 257/264/69 267/276/79
f 267/276/79 257/264/69 259/266/71
f 267/276/79 259/266/71 256/277/68
f 256/277/68 259/266/71 258/265/70
f 256/277/68 258/265/70 255/260/67
f 268/278/80 269/279/81 270/280/82
f 270/280/82 269/279/81 271/281/83
f 270/280/82 271/281/83 272/282/84
f 268/278/80 273/283/85 269/279/81
f 269/279/81 273/283/85 274/284/86
f 269/279/81 274/284/86 275/285/87
f 275/285/87 274/284/86 276/286/88
f 276/286/88 274/284/86 277/287/89
f 276/286/88 277/287/89 278/288/90
f 279/289/91 280/290/92 281/291/93
f 281/291/93 280/290/92 282/292/94
f 281/291/93 282/292/94 283/293/95
f 283/293/95 282/292/94 284/294/96
f 279/289/91 285/295/97 280/290/92
f 280/290/92 285/295/97 286/296/98
f 280/290/92 286/296/98 271/281/83
f 271/281/83 286/296/98 287/297/99
f 271/281/83 287/297/99 272/282/84
f 288/298/100 289/299/101 290/300/102
f 290/300/102 289/299/101 291/301/103
f 290/300/102 291/301/103 292/302/104
f 292/302/104 291/301/103 293/303/105
f 292/302/104 293/303/105 294/304/106
f 294/304/106 293/303/105 295/305/107
f 294/304/106 295/305/107 296/306/108
f 296/306/108 295/305/107 297/307/109
f 296/306/108 297/307/109 298/308/110
f 298/308/110 297/307/109 299/309/111
f 298/308/110 299/309/111 300/310/112
f 300/310/112 299/309/111 301/311/113
f 300/310/112 301/311/113 302/312/114
f 302/312/114 301/311/113 303/313/115
f 302/314/114 303/315/115 219/220/31
f 219/220/31 303/315/115 220/221/32
f 304/316/116 305/317/117 306/318/118
f 306/318/118 305/317/117 307/319/119
f 306/318/118 307/319/119 308/320/120
f 308/320/120 307/319/119 309/321/121
f 308/320/120 309/321/121 310/322/122
f 310/323/122 309/324/121 276/325/88
f 310/323/122 276/325/88 311/326/123
f 311/327/123 276/286/88 278/288/90
f 312/328/124 313/329/125 314/330/126
f 314/330/126 313/329/125 315/331/127
f 314/330/126 315/331/127 316/332/128
f 316/332/128 315/331/127 317/333/129
f 312/328/124 318/334/130 313/329/125
f 313/329/125 318/334/130 319/335/131
f 313/329/125 319/335/131 250/253/62
f 250/253/62 319/335/131 320/336/132
f 250/253/62 320/336/132 251/254/63
f 243/246/55 242/245/54 321/337/133
f 243/246/55 321/337/133 322/338/134
f 235/238/47 236/239/48 323/339/135
f 323/339/135 236/239/48 324/340/136
f 323/339/135 324/340/136 325/341/137
f 325/341/137 324/340/136 326/342/138
f 325/341/137 326/342/138 327/343/139
f 327/343/139 326/342/138 328/344/140
f 327/343/139 328/344/140 329/345/141
f 329/345/141 328/344/140 330/346/142
f 329/345/141 330/346/142 331/347/143
f 331/347/143 330/346/142 332/348/144
f 331/347/143 332/348/144 333/349/145
f 333/349/145 332/348/144 334/350/146
f 333/349/145 334/350/146 321/351/133
f 321/351/133 334/350/146 335/352/147
f 321/337/133 335/353/147 322/338/134
f 289/299/101 288/298/100 336/354/148
f 336/354/148 288/298/100 337/355/149
f 336/354/148 337/355/149 338/356/150
f 339/357/151 340/358/152 341/359/153
f 341/359/153 340/358/152 342/360/154
f 341/359/153 342/360/154 343/361/155
f 343/361/155 342/360/154 344/362/156
f 343/361/155 344/362/156 345/363/157
f 345/363/157 344/362/156 346/364/158
f 345/363/157 346/364/158 347/365/159
f 347/365/159 346/364/158 348/366/160
f 347/365/159 348/366/160 349/367/161
f 349/368/161 348/369/160 350/370/162
f 349/368/161 350/370/162 351/371/163
f 351/371/163 350/370/162 338/356/150
f 351/371/163 338/356/150 352/372/164
f 352/372/164 338/356/150 337/355/149
f 340/358/152 339/357/151 353/373/165
f 353/373/165 339/357/151 354/374/166
f 353/373/165 354/374/166 355/375/167
f 356/376/168 283/293/95 284/294/96
f 355/375/167 354/374/166 357/377/169
f 357/377/169 354/374/166 358/378/170
f 357/379/169 358/380/170 359/381/171
f 359/381/171 358/380/170 360/382/172
f 359/381/171 360/382/172 361/383/173
f 361/383/173 360/382/172 362/384/174
f 361/383/173 362/384/174 363/385/175
f 363/385/175 362/384/174 356/376/168
f 363/385/175 356/376/168 364/386/176
f 364/386/176 356/376/168 284/294/96
f 364/386/176 284/294/96 365/387/177
f 366/388/178 367/389/179 368/390/180
f 368/390/180 367/389/179 369/391/181
f 368/390/180 369/391/181 370/392/182
f 370/392/182 369/391/181 371/393/183
f 370/392/182 371/393/183 372/394/184
f 372/394/184 371/393/183 373/395/185
f 374/396/186 375/397/187 376/398/188
f 376/399/188 375/400/187 377/401/189
f 376/399/188 377/401/189 373/395/185
f 373/395/185 377/401/189 378/402/190
f 373/395/185 378/402/190 372/394/184
f 379/403/191 380/404/192 381/405/193
f 381/405/193 380/404/192 382/406/194
f 381/405/193 382/406/194 383/407/195
f 383/407/195 382/406/194 384/408/196
f 383/407/195 384/408/196 385/409/197
f 384/408/196 386/410/198 385/409/197
f 385/409/197 386/410/198 387/411/199
f 385/409/197 387/411/199 388/412/200
f 388/412/200 387/411/199 389/413/201
f 388/412/200 389/413/201 390/414/202
f 390/414/202 389/413/201 391/415/203
f 390/416/202 391/417/203 392/418/204
f 392/419/204 391/420/203 393/421/205
f 392/422/204 393/423/205 394/424/206
f 394/424/206 393/423/205 395/425/207
f 394/424/206 395/425/207 396/426/208
f 396/426/208 395/425/207 397/427/209
f 396/426/208 397/427/209 398/428/210
f 367/389/179 366/388/178 399/429/211
f 399/429/211 366/388/178 400/430/212
f 399/429/211 400/430/212 401/431/213
f 401/431/213 400/430/212 402/432/214
f 401/431/213 402/432/214 403/433/215
f 403/433/215 402/432/214 398/428/210
f 403/433/215 398/428/210 404/434/216
f 404/434/216 398/428/210 397/427/209
f 405/435/217 365/387/177 284/294/96
f 271/281/83 406/436/218 280/290/92
f 280/290/92 406/436/218 405/435/217
f 280/290/92 405/435/217 282/292/94
f 282/292/94 405/435/217 284/294/96
f 243/246/55 322/338/134 245/248/57
f 245/248/57 322/338/134 407/437/219
f 245/248/57 407/437/219 247/250/59
f 247/250/59 407/437/219 408/438/220
f 247/250/59 408/438/220 248/251/60
f 248/251/60 408/438/220 409/439/221
f 248/251/60 409/439/221 241/244/53
f 241/244/53 409/439/221 410/440/222
f 411/441/223 412/442/224 305/317/117
f 413/443/225 414/444/226 415/445/227
f 415/445/227 414/444/226 416/446/228
f 415/445/227 416/446/228 417/447/229
f 417/447/229 416/446/228 418/448/230
f 417/447/229 418/448/230 419/449/231
f 419/449/231 418/448/230 420/450/232
f 419/449/231 420/450/232 421/451/233
f 421/451/233 420/450/232 411/441/223
f 421/451/233 411/441/223 422/452/234
f 422/452/234 411/441/223 305/317/117
f 422/452/234 305/317/117 304/316/116
f 380/404/192 379/403/191 423/453/235
f 423/453/235 379/403/191 424/454/236
f 423/453/235 424/454/236 413/443/225
f 413/443/225 424/454/236 425/455/237
f 413/443/225 425/455/237 414/444/226
f 406/436/218 271/281/83 269/279/81
f 406/436/218 269/279/81 426/456/238
f 426/456/238 269/279/81 275/285/87
f 426/456/238 275/285/87 427/457/239
f 427/457/239 275/285/87 276/286/88
f 427/457/239 276/286/88 428/458/240
f 429/459/241 250/253/62 249/252/61
f 429/459/241 249/252/61 430/460/242
f 430/460/242 249/252/61 262/269/74
f 430/460/242 262/269/74 431/461/243
f 431/461/243 262/269/74 255/260/67
f 431/461/243 255/260/67 432/462/244
f 432/462/244 255/260/67 258/265/70
f 432/462/244 258/265/70 410/463/222
f 410/464/222 258/465/70 252/466/64
f 410/463/222 252/257/64 241/256/53
f 305/317/117 412/442/224 307/319/119
f 307/319/119 412/442/224 433/467/245
f 307/319/119 433/467/245 309/321/121
f 309/321/121 433/467/245 434/468/246
f 309/321/121 434/468/246 276/286/88
f 276/286/88 434/468/246 428/458/240
f 250/253/62 429/459/241 313/329/125
f 313/329/125 429/459/241 435/469/247
f 313/329/125 435/469/247 315/331/127
f 315/331/127 435/469/247 436/470/248
f 315/331/127 436/470/248 317/333/129
f 317/333/129 436/470/248 437/471/249
f 438/472/250 439/473/251 440/474/252
f 440/474/252 439/473/251 441/475/253
f 440/476/252 441/477/253 442/478/254
f 443/479/255 316/332/128 317/333/129
f 441/477/253 444/480/256 442/478/254
f 442/478/254 444/480/256 445/481/257
f 442/478/254 445/481/257 446/482/258
f 446/482/258 445/481/257 447/483/259
f 446/482/258 447/483/259 448/484/260
f 448/484/260 447/483/259 449/485/261
f 448/484/260 449/485/261 450/486/262
f 450/486/262 449/485/261 443/479/255
f 450/486/262 443/479/255 451/487/263
f 451/487/263 443/479/255 317/333/129
f 451/487/263 317/333/129 437/471/249
f 452/488/264 453/489/265 454/490/266
f 454/490/266 455/491/267 452/488/264
f 452/488/264 455/491/267 456/492/268
f 452/488/264 456/492/268 457/493/269
f 457/493/269 456/492/268 458/494/270
f 439/473/251 438/472/250 459/495/271
f 459/495/271 438/472/250 460/496/272
f 459/495/271 460/496/272 461/497/273
f 461/497/273 460/496/272 462/498/274
f 461/499/273 462/500/274 463/501/275
f 463/501/275 462/500/274 457/493/269
f 463/501/275 457/493/269 464/502/276
f 464/502/276 457/493/269 458/494/270
f 465/503/277 466/504/278 467/505/279
f 467/505/279 466/504/278 468/506/280
f 467/505/279 468/506/280 469/507/281
f 469/507/281 468/506/280 470/508/282
f 469/509/281 470/510/282 471/511/283
f 471/511/283 470/510/282 472/512/284
f 471/511/283 472/512/284 473/513/285
f 473/513/285 472/512/284 474/514/286
f 473/513/285 474/514/286 475/515/287
f 475/515/287 474/514/286 476/516/288
f 475/515/287 476/516/288 477/517/289
f 477/517/289 476/516/288 478/518/290
f 477/517/289 478/518/290 479/519/291
f 479/519/291 478/518/290 480/520/292
f 479/519/291 480/520/292 481/521/293
f 481/521/293 480/520/292 482/522/294
f 220/523/295 465/503/277 222/524/296
f 222/524/296 465/503/277 467/505/279
f 222/524/296 467/505/279 224/525/297
f 224/525/297 467/505/279 469/507/281
f 224/526/297 469/509/281 226/527/298
f 226/527/298 469/509/281 471/511/283
f 226/527/298 471/511/283 228/231/299
f 228/231/299 471/511/283 473/513/285
f 228/231/299 473/513/285 230/233/300
f 230/233/300 473/513/285 475/515/287
f 230/233/300 475/515/287 232/235/301
f 232/235/301 475/515/287 477/517/289
f 232/235/301 477/517/289 234/237/302
f 234/237/302 477/517/289 479/519/291
f 234/237/302 479/519/291 236/239/303
f 236/239/303 479/519/291 481/521/293
f 483/528/304 219/220/304 221/222/304
f 483/528/304 221/222/304 484/529/304
f 484/529/304 221/222/304 223/224/304
f 484/529/304 223/224/304 485/530/304
f 485/530/304 223/224/304 225/226/304
f 485/530/304 225/226/304 486/531/305
f 486/531/305 225/226/304 227/228/304
f 486/531/305 227/228/304 487/532/305
f 487/532/305 227/228/304 229/533/304
f 487/532/305 229/533/304 488/534/304
f 488/534/304 229/533/304 231/535/304
f 488/534/304 231/535/304 489/536/304
f 489/536/304 231/535/304 233/537/304
f 489/536/304 233/537/304 490/538/304
f 490/538/304 233/537/304 235/539/304
f 490/538/304 235/539/304 491/540/304
f 329/541/304 492/542/304 327/543/306
f 327/543/306 492/542/304 493/544/304
f 327/543/306 493/544/304 325/545/304
f 325/545/304 493/544/304 494/546/304
f 325/545/304 494/546/304 323/547/304
f 323/547/304 494/546/304 491/540/304
f 323/547/304 491/540/304 235/539/304
f 495/548/304 496/549/304 329/541/304
f 329/541/304 496/549/304 497/550/304
f 329/541/304 497/550/304 492/542/304
f 329/541/304 331/551/304 495/548/304
f 495/548/304 331/551/304 333/552/304
f 495/548/304 333/552/304 498/553/304
f 498/553/304 333/552/304 321/337/304
f 498/553/304 321/337/304 499/554/304
f 499/554/304 321/337/304 242/245/304
f 499/554/304 242/245/304 244/247/304
f 500/555/304 501/556/304 502/557/304
f 502/557/304 501/556/304 503/558/304
f 502/557/304 503/558/304 504/559/304
f 504/559/304 503/558/304 505/560/304
f 504/559/304 505/560/304 506/561/304
f 506/561/304 505/560/304 507/562/304
f 507/562/304 505/560/304 508/563/304
f 507/562/304 508/563/304 509/564/304
f 499/554/304 244/247/304 500/555/304
f 500/555/304 244/247/304 246/249/304
f 500/555/304 246/249/304 501/556/304
f 501/556/304 246/249/304 240/243/304
f 501/556/304 240/243/304 503/558/304
f 503/558/304 240/243/304 238/241/304
f 503/558/304 238/241/304 505/560/304
f 505/560/304 238/241/304 237/240/304
f 505/560/304 237/240/304 508/563/304
f 510/565/306 511/566/304 512/567/304
f 511/566/304 510/565/306 513/568/304
f 514/569/304 515/570/304 512/567/304
f 512/567/304 515/570/304 516/571/304
f 512/567/304 516/571/304 510/565/306
f 513/568/304 509/564/304 511/566/304
f 511/566/304 509/564/304 508/563/304
f 511/566/304 508/563/304 512/567/304
f 512/567/304 508/563/304 237/240/304
f 517/572/304 518/573/304 519/574/304
f 260/575/304 251/576/304 520/577/304
f 521/578/304 522/579/304 523/580/304
f 523/580/304 524/581/304 521/578/304
f 521/578/304 524/581/304 525/582/304
f 521/578/304 525/582/304 526/583/304
f 527/584/304 528/585/304 517/572/304
f 517/572/304 528/585/304 529/586/304
f 517/572/304 529/586/304 530/587/307
f 530/587/307 529/586/304 531/588/308
f 532/589/304 533/590/304 534/591/304
f 535/592/309 536/593/304 537/594/304
f 537/594/304 536/593/304 274/595/304
f 537/594/304 274/595/304 534/591/304
f 535/592/309 538/596/310 536/593/304
f 536/593/304 538/596/310 539/597/304
f 536/593/304 539/597/304 540/598/311
f 540/598/311 541/599/312 536/593/304
f 536/593/304 541/599/312 542/600/304
f 536/593/304 542/600/304 543/601/313
f 544/602/306 545/603/304 546/604/304
f 546/604/304 545/603/304 532/589/304
f 532/589/304 545/603/304 547/605/304
f 532/589/304 547/605/304 533/590/304
f 548/606/313 549/607/314 550/608/304
f 551/609/315 548/606/313 552/610/304
f 552/610/304 548/606/313 550/608/304
f 552/610/304 550/608/304 553/611/304
f 549/607/314 554/612/304 550/608/304
f 550/608/304 554/612/304 555/613/304
f 550/608/304 555/613/304 546/604/304
f 546/604/304 555/613/304 556/614/304
f 546/604/304 556/614/304 544/602/306
f 525/582/304 557/615/304 526/583/304
f 526/583/304 557/615/304 558/616/304
f 526/583/304 558/616/304 256/263/304
f 559/617/304 560/618/306 561/619/304
f 561/619/304 560/618/306 562/620/304
f 561/619/304 562/620/304 552/610/304
f 552/610/304 562/620/304 563/621/304
f 552/610/304 563/621/304 551/609/315
f 564/622/304 561/619/304 565/623/304
f 565/623/304 561/619/304 566/624/304
f 565/623/304 566/624/304 512/567/304
f 512/567/304 566/624/304 514/569/304
f 256/263/304 567/625/304 267/626/314
f 267/626/314 567/625/304 266/273/314
f 237/240/304 266/273/314 512/567/304
f 512/567/304 266/273/314 567/625/304
f 512/567/304 567/625/304 565/623/304
f 565/623/304 567/625/304 256/263/304
f 565/623/304 256/263/304 564/622/304
f 564/622/304 256/263/304 558/616/304
f 564/622/304 558/616/304 561/619/304
f 561/619/304 558/616/304 568/627/304
f 561/619/304 568/627/304 559/617/304
f 531/588/308 522/579/304 530/587/307
f 530/587/307 522/579/304 521/578/304
f 530/587/307 521/578/304 517/572/304
f 517/572/304 521/578/304 569/628/304
f 569/628/304 570/629/304 571/630/304
f 571/630/304 570/629/304 572/631/304
f 571/630/304 572/631/304 573/632/304
f 573/632/304 572/631/304 263/633/304
f 573/632/304 263/633/304 261/634/304
f 256/263/304 254/262/304 526/583/304
f 526/583/304 254/262/304 253/635/304
f 526/583/304 253/635/304 521/578/304
f 521/578/304 253/635/304 265/636/304
f 569/628/304 521/578/304 570/629/304
f 570/629/304 521/578/304 265/636/304
f 570/629/304 265/636/304 572/631/304
f 572/631/304 265/636/304 264/637/304
f 572/631/304 264/637/304 263/633/304
f 536/593/304 574/638/304 575/639/304
f 536/593/304 575/639/304 274/595/304
f 274/595/304 575/639/304 576/640/304
f 274/595/304 576/640/304 277/641/304
f 577/642/304 578/643/304 579/644/304
f 579/644/304 578/643/304 580/645/304
f 579/644/304 580/645/304 581/646/304
f 581/646/304 580/645/304 582/647/304
f 272/648/304 582/647/304 583/649/304
f 583/649/304 582/647/304 580/645/304
f 583/649/304 580/645/304 584/650/304
f 584/650/304 580/645/304 578/643/304
f 514/569/304 566/624/304 585/651/304
f 585/651/304 566/624/304 561/619/304
f 585/651/304 561/619/304 586/652/304
f 586/652/304 561/619/304 552/610/304
f 586/652/304 552/610/304 577/642/304
f 577/642/304 552/610/304 553/611/304
f 577/642/304 553/611/304 578/643/304
f 578/643/304 553/611/304 550/608/304
f 578/643/304 550/608/304 584/650/304
f 584/650/304 550/608/304 546/604/304
f 584/650/304 546/604/304 583/649/304
f 534/591/304 274/595/304 532/589/304
f 532/589/304 274/595/304 273/653/304
f 532/589/304 273/653/304 546/604/304
f 546/604/304 273/653/304 268/654/304
f 546/604/304 268/654/304 583/649/304
f 583/649/304 268/654/304 270/655/304
f 583/649/304 270/655/304 272/648/304
f 518/573/304 517/572/304 587/656/304
f 587/656/304 517/572/304 569/628/304
f 587/656/304 569/628/304 588/657/304
f 588/657/304 569/628/304 571/630/304
f 588/657/304 571/630/304 589/658/304
f 589/658/304 571/630/304 573/632/304
f 589/658/304 573/632/304 520/577/304
f 520/577/304 573/632/304 261/634/304
f 520/577/304 261/634/304 260/575/304
f 543/601/313 527/584/304 536/593/304
f 536/593/304 527/584/304 517/572/304
f 536/593/304 517/572/304 574/638/304
f 574/638/304 517/572/304 519/574/304
f 574/638/304 519/574/304 575/639/304
f 575/639/304 519/574/304 590/659/304
f 575/639/304 590/659/304 576/640/304
f 576/640/304 590/659/304 591/660/304
f 576/640/304 591/660/304 277/641/304
f 277/641/304 591/660/304 278/661/304
f 592/662/304 593/663/304 594/664/304
f 595/665/304 577/642/304 579/644/304
f 592/662/304 594/664/304 596/666/304
f 596/666/304 594/664/304 597/667/304
f 596/666/304 597/667/304 598/668/304
f 592/662/304 599/669/304 593/663/304
f 593/663/304 599/669/304 600/670/304
f 593/663/304 600/670/304 594/664/304
f 594/664/304 600/670/304 601/671/304
f 594/664/304 601/671/304 597/667/304
f 597/667/304 601/671/304 602/672/304
f 597/667/304 602/672/304 603/673/304
f 603/673/304 602/672/304 604/674/304
f 272/648/304 604/674/304 582/647/304
f 582/647/304 604/674/304 602/672/304
f 582/647/304 602/672/304 581/646/304
f 581/646/304 602/672/304 601/671/304
f 581/646/304 601/671/304 579/644/304
f 579/644/304 601/671/304 600/670/304
f 579/644/304 600/670/304 595/665/304
f 595/665/304 600/670/304 599/669/304
f 605/675/304 286/676/304 285/677/304
f 604/674/304 272/648/304 287/678/304
f 606/679/304 598/668/304 597/667/304
f 607/680/304 608/681/304 609/682/304
f 609/682/304 608/681/304 610/683/304
f 609/682/304 610/683/304 611/684/304
f 611/684/304 610/683/304 612/685/304
f 611/684/304 612/685/304 613/686/304
f 613/686/304 612/685/304 614/687/304
f 615/688/304 616/689/304 617/690/304
f 617/690/304 616/689/304 618/691/304
f 285/677/304 617/690/304 605/675/304
f 605/675/304 617/690/304 618/691/304
f 605/675/304 618/691/304 286/676/304
f 286/676/304 618/691/304 619/692/304
f 286/676/304 619/692/304 287/678/304
f 287/678/304 619/692/304 604/674/304
f 604/674/304 619/692/304 618/691/304
f 604/674/304 618/691/304 603/673/304
f 603/673/304 618/691/304 616/689/304
f 603/673/304 616/689/304 597/667/304
f 597/667/304 616/689/304 615/688/304
f 597/667/304 615/688/304 606/679/304
f 283/693/304 607/680/304 281/694/304
f 281/694/304 607/680/304 609/682/304
f 281/694/304 609/682/304 279/695/304
f 279/695/304 609/682/304 611/684/304
f 279/695/304 611/684/304 285/677/304
f 285/677/304 611/684/304 613/686/304
f 285/677/304 613/686/304 617/690/304
f 617/690/304 613/686/304 614/687/304
f 617/690/304 614/687/304 615/688/304
f 607/680/304 283/693/304 356/696/304
f 607/680/304 356/696/304 620/697/304
f 620/697/304 356/696/304 362/698/304
f 620/697/304 362/698/304 621/699/304
f 621/699/304 362/698/304 622/700/304
f 622/700/304 362/698/304 360/701/304
f 622/700/304 360/701/304 623/702/304
f 360/701/304 358/378/304 623/702/304
f 623/702/304 358/378/304 354/374/304
f 623/702/304 354/374/304 624/703/304
f 624/703/304 354/374/304 339/357/304
f 624/703/304 339/357/304 625/704/304
f 352/705/304 626/706/304 351/707/304
f 351/707/304 626/706/304 627/708/304
f 351/707/304 627/708/304 349/367/304
f 349/367/304 627/708/304 628/709/304
f 349/367/304 628/709/304 347/365/304
f 347/365/304 628/709/304 629/710/304
f 347/365/304 629/710/304 345/363/304
f 345/363/304 629/710/304 630/711/304
f 345/363/304 630/711/304 343/361/304
f 343/361/304 630/711/304 631/712/304
f 343/361/304 631/712/304 341/359/304
f 341/359/304 631/712/304 625/704/304
f 341/359/304 625/704/304 339/357/304
f 288/713/304 632/714/304 337/715/304
f 337/715/304 632/714/304 633/716/306
f 337/715/304 633/716/306 352/705/304
f 352/705/304 633/716/306 634/717/316
f 352/705/304 634/717/316 626/706/304
f 296/718/304 635/719/304 294/720/304
f 294/720/304 635/719/304 636/721/304
f 294/720/304 636/721/304 292/722/304
f 292/722/304 636/721/304 637/723/304
f 292/722/304 637/723/304 290/724/304
f 290/724/304 637/723/304 632/714/304
f 290/724/304 632/714/304 288/713/304
f 638/725/304 639/726/317 296/718/304
f 296/718/304 639/726/317 640/727/317
f 296/718/304 640/727/317 635/719/304
f 296/718/304 298/728/304 638/725/304
f 638/725/304 298/728/304 300/729/304
f 638/725/304 300/729/304 641/730/304
f 300/729/304 302/314/304 641/730/304
f 641/730/304 302/314/304 219/220/304
f 641/730/304 219/220/304 483/528/304
f 642/731/318 643/732/319 644/733/320
f 466/504/278 465/503/277 645/734/321
f 645/734/321 465/503/277 646/735/322
f 645/734/321 646/735/322 647/736/323
f 647/736/323 646/735/322 648/737/324
f 647/736/323 648/737/324 649/738/325
f 649/738/325 648/737/324 650/739/326
f 649/738/325 650/739/326 651/740/327
f 651/740/327 650/739/326 652/741/328
f 653/742/329 654/743/330 652/741/328
f 652/741/328 654/743/330 655/744/331
f 652/741/328 655/744/331 651/740/327
f 656/745/332 657/746/333 653/742/329
f 653/742/329 657/746/333 658/747/334
f 653/742/329 658/747/334 654/743/330
f 644/733/320 659/748/335 642/731/318
f 642/731/318 659/748/335 660/749/336
f 642/731/318 660/749/336 656/745/332
f 656/745/332 660/749/336 661/750/337
f 656/745/332 661/750/337 657/746/333
f 289/299/338 643/732/319 291/301/339
f 291/301/339 643/732/319 642/731/318
f 291/301/339 642/731/318 293/303/340
f 293/303/340 642/731/318 656/745/332
f 293/303/340 656/745/332 295/305/341
f 295/305/341 656/745/332 653/742/329
f 295/305/341 653/742/329 297/307/342
f 297/307/342 653/742/329 652/741/328
f 297/307/342 652/741/328 299/309/343
f 299/309/343 652/741/328 650/739/326
f 299/309/343 650/739/326 301/311/344
f 301/311/344 650/739/326 648/737/324
f 301/311/344 648/737/324 303/313/345
f 303/313/345 648/737/324 646/735/322
f 303/313/345 646/735/322 220/523/295
f 220/523/295 646/735/322 465/503/277
f 662/751/304 316/752/304 443/753/304
f 662/751/304 443/753/304 663/754/304
f 663/754/304 443/753/304 449/755/304
f 663/754/304 449/755/304 664/756/304
f 664/756/304 449/755/304 447/757/304
f 664/756/304 447/757/304 665/758/305
f 665/758/305 447/757/304 445/759/304
f 665/758/305 445/759/304 666/760/304
f 666/760/304 445/759/304 444/761/304
f 666/760/304 444/761/304 667/762/346
f 667/762/346 444/761/304 441/475/304
f 667/762/346 441/475/304 439/473/304
f 667/762/346 439/473/304 668/763/314
f 668/763/314 439/473/304 459/495/304
f 668/763/314 459/495/304 669/764/304
f 458/765/347 670/766/304 464/767/347
f 464/767/347 670/766/304 671/768/304
f 464/767/347 671/768/304 463/769/304
f 463/769/304 671/768/304 669/764/304
f 463/769/304 669/764/304 461/497/304
f 461/497/304 669/764/304 459/495/304
f 670/766/304 458/765/347 456/770/304
f 670/766/304 456/770/304 672/771/304
f 672/771/304 456/770/304 455/772/304
f 672/771/304 455/772/304 673/773/304
f 673/773/304 455/772/304 454/774/304
f 673/773/304 454/774/304 674/775/304
f 675/776/304 674/775/304 454/774/304
f 675/776/304 454/774/304 676/777/304
f 454/774/304 677/778/304 676/777/304
f 676/777/304 677/778/304 678/779/304
f 676/777/304 678/779/304 679/780/304
f 679/780/304 678/779/304 680/781/304
f 679/780/304 680/781/304 681/782/304
f 682/783/304 683/784/304 680/781/304
f 680/781/304 683/784/304 684/785/306
f 680/781/304 684/785/306 681/782/304
f 685/786/317 686/787/305 687/788/304
f 688/789/317 689/790/317 690/791/304
f 683/784/304 682/783/304 691/792/304
f 688/789/317 690/791/304 692/793/304
f 693/794/304 694/795/304 695/796/304
f 695/796/304 694/795/304 696/797/304
f 695/796/304 696/797/304 374/798/304
f 691/792/304 697/799/304 687/788/304
f 687/788/304 697/799/304 698/800/317
f 687/788/304 698/800/317 685/786/317
f 683/784/304 691/792/304 689/790/317
f 689/790/317 691/792/304 687/788/304
f 689/790/317 687/788/304 690/791/304
f 690/791/304 687/788/304 686/787/305
f 690/791/304 686/787/305 699/801/305
f 699/801/305 700/802/304 690/791/304
f 690/791/304 700/802/304 701/803/304
f 690/791/304 701/803/304 692/793/304
f 692/793/304 701/803/304 702/804/305
f 694/795/304 703/805/305 696/797/304
f 696/797/304 703/805/305 702/804/305
f 696/797/304 702/804/305 704/806/317
f 704/806/317 702/804/305 701/803/304
f 704/806/317 701/803/304 705/807/304
f 705/807/304 701/803/304 700/802/304
f 706/808/304 693/794/304 376/399/304
f 376/399/304 693/794/304 695/796/304
f 376/399/304 695/796/304 374/798/304
f 706/808/304 376/399/304 707/809/305
f 707/809/305 376/399/304 373/395/304
f 707/809/305 373/395/304 708/810/304
f 708/810/304 373/395/304 371/393/304
f 708/810/304 371/393/304 709/811/304
f 709/811/304 371/393/304 369/391/304
f 709/811/304 369/391/304 710/812/304
f 367/389/304 711/813/304 369/391/304
f 369/391/304 711/813/304 712/814/304
f 369/391/304 712/814/304 710/812/304
f 367/389/304 399/429/304 711/813/304
f 711/813/304 399/429/304 713/815/304
f 399/429/304 401/431/304 713/815/304
f 713/815/304 401/431/304 403/433/304
f 713/815/304 403/433/304 714/816/304
f 714/816/304 403/433/304 404/434/304
f 714/816/304 404/434/304 715/817/304
f 404/434/304 397/427/304 715/817/304
f 715/817/304 397/427/304 395/425/304
f 715/817/304 395/425/304 716/818/304
f 716/818/304 395/425/304 717/819/348
f 717/819/348 395/425/304 393/423/304
f 717/819/348 393/423/304 718/820/349
f 387/821/306 719/822/304 389/823/304
f 389/823/304 719/822/304 718/820/349
f 389/823/304 718/820/349 391/824/304
f 391/824/304 718/820/349 393/423/304
f 387/821/306 386/825/304 719/822/304
f 719/822/304 386/825/304 384/826/304
f 719/822/304 384/826/304 720/827/304
f 720/827/304 384/826/304 382/828/304
f 720/827/304 382/828/304 721/829/304
f 721/829/304 382/828/304 380/830/304
f 721/829/304 380/830/304 722/831/304
f 722/831/304 380/830/304 423/832/304
f 722/831/304 423/832/304 723/833/304
f 723/833/304 423/832/304 413/834/304
f 723/833/304 413/834/304 724/835/304
f 724/835/304 413/834/304 415/836/304
f 724/835/304 415/836/304 725/837/304
f 725/837/304 415/836/304 417/838/304
f 725/837/304 417/838/304 726/839/304
f 726/839/304 417/838/304 419/840/304
f 726/839/304 419/840/304 727/841/304
f 304/842/304 728/843/304 422/844/304
f 422/844/304 728/843/304 727/841/304
f 422/844/304 727/841/304 421/845/304
f 421/845/304 727/841/304 419/840/304
f 729/846/304 730/847/304 731/848/304
f 732/849/304 728/843/304 733/850/304
f 734/851/304 735/852/304 736/853/304
f 735/852/304 734/851/304 737/854/304
f 737/854/304 734/851/304 738/855/304
f 737/854/304 738/855/304 739/856/304
f 739/856/304 738/855/304 730/847/304
f 739/856/304 730/847/304 740/857/304
f 740/857/304 730/847/304 729/846/304
f 740/857/304 729/846/304 741/858/304
f 741/858/304 729/846/304 742/859/304
f 741/858/304 742/859/304 743/860/350
f 731/848/304 730/847/304 744/861/304
f 744/861/304 730/847/304 738/855/304
f 744/861/304 738/855/304 745/862/304
f 745/862/304 738/855/304 734/851/304
f 745/862/304 734/851/304 733/850/304
f 733/850/304 734/851/304 736/853/304
f 733/850/304 736/853/304 732/849/304
f 746/863/304 747/864/304 748/865/304
f 749/866/304 748/865/304 750/867/304
f 750/867/304 748/865/304 747/864/304
f 750/867/304 747/864/304 751/868/304
f 278/661/304 751/868/304 311/326/304
f 311/326/304 751/868/304 747/864/304
f 311/326/304 747/864/304 310/323/304
f 310/323/304 747/864/304 746/863/304
f 310/323/304 746/863/304 308/869/304
f 728/843/304 304/842/304 733/850/304
f 733/850/304 304/842/304 306/870/304
f 733/850/304 306/870/304 745/862/304
f 745/862/304 306/870/304 308/869/304
f 745/862/304 308/869/304 744/861/304
f 744/861/304 308/869/304 746/863/304
f 744/861/304 746/863/304 731/848/304
f 731/848/304 746/863/304 748/865/304
f 731/848/304 748/865/304 729/846/304
f 729/846/304 748/865/304 749/866/304
f 729/846/304 749/866/304 742/859/304
f 752/871/304 753/872/304 754/873/304
f 755/874/304 756/875/304 757/876/304
f 590/659/304 758/877/304 759/878/304
f 742/859/304 749/866/304 760/879/304
f 761/880/304 762/881/304 763/882/304
f 763/882/304 762/881/304 764/883/304
f 763/882/304 764/883/304 760/879/304
f 760/879/304 764/883/304 765/884/351
f 760/879/304 765/884/351 742/859/304
f 742/859/304 765/884/351 743/860/350
f 766/885/352 767/886/304 752/871/304
f 752/871/304 767/886/304 768/887/304
f 752/871/304 768/887/304 753/872/304
f 751/868/304 278/661/304 759/878/304
f 759/878/304 278/661/304 591/660/304
f 759/878/304 591/660/304 590/659/304
f 518/573/304 769/888/304 519/574/304
f 519/574/304 769/888/304 770/889/304
f 750/867/304 751/868/304 771/890/304
f 771/890/304 751/868/304 759/878/304
f 771/890/304 759/878/304 770/889/304
f 770/889/304 759/878/304 758/877/304
f 770/889/304 758/877/304 519/574/304
f 519/574/304 758/877/304 590/659/304
f 772/891/304 755/874/304 773/892/304
f 773/892/304 755/874/304 757/876/304
f 773/892/304 757/876/304 774/893/304
f 754/873/304 774/893/304 752/871/304
f 752/871/304 774/893/304 757/876/304
f 752/871/304 757/876/304 766/885/352
f 766/885/352 757/876/304 756/875/304
f 766/885/352 756/875/304 775/894/353
f 775/894/353 756/875/304 776/895/352
f 775/894/353 776/895/352 777/896/304
f 251/576/304 772/891/304 520/577/304
f 520/577/304 772/891/304 773/892/304
f 520/577/304 773/892/304 589/658/304
f 589/658/304 773/892/304 774/893/304
f 589/658/304 774/893/304 588/657/304
f 588/657/304 774/893/304 754/873/304
f 588/657/304 754/873/304 587/656/304
f 587/656/304 754/873/304 753/872/304
f 587/656/304 753/872/304 518/573/304
f 518/573/304 753/872/304 778/897/304
f 518/573/304 778/897/304 769/888/304
f 768/887/304 779/898/304 753/872/304
f 753/872/304 779/898/304 780/899/304
f 753/872/304 780/899/304 778/897/304
f 778/897/304 780/899/304 761/880/304
f 778/897/304 761/880/304 769/888/304
f 769/888/304 761/880/304 763/882/304
f 769/888/304 763/882/304 770/889/304
f 770/889/304 763/882/304 760/879/304
f 770/889/304 760/879/304 771/890/304
f 771/890/304 760/879/304 749/866/304
f 771/890/304 749/866/304 750/867/304
f 772/891/304 251/576/304 320/900/304
f 756/875/304 755/874/304 781/901/304
f 782/902/304 783/903/304 784/904/304
f 777/896/304 776/895/352 785/905/304
f 786/906/304 787/907/304 785/905/304
f 785/905/304 787/907/304 788/908/304
f 785/905/304 788/908/304 777/896/304
f 785/905/304 789/909/304 786/906/304
f 786/906/304 789/909/304 790/910/304
f 786/906/304 790/910/304 791/911/304
f 791/911/304 790/910/304 792/912/304
f 791/911/304 792/912/304 793/913/304
f 783/903/304 782/902/304 792/912/304
f 792/912/304 782/902/304 794/914/304
f 792/912/304 794/914/304 793/913/304
f 755/874/304 772/891/304 781/901/304
f 781/901/304 772/891/304 320/900/304
f 781/901/304 320/900/304 795/915/304
f 795/915/304 320/900/304 319/916/304
f 795/915/304 319/916/304 318/917/304
f 776/895/352 756/875/304 785/905/304
f 785/905/304 756/875/304 781/901/304
f 785/905/304 781/901/304 789/909/304
f 789/909/304 781/901/304 795/915/304
f 789/909/304 795/915/304 790/910/304
f 790/910/304 795/915/304 318/917/304
f 790/910/304 318/917/304 792/912/304
f 792/912/304 318/917/304 312/918/304
f 792/912/304 312/918/304 783/903/304
f 783/903/304 312/918/304 314/919/304
f 783/903/304 314/919/304 784/904/304
f 784/904/304 314/919/304 316/752/304
f 784/904/304 316/752/304 662/751/304
f 705/920/354 700/921/355 796/922/356
f 796/922/356 700/921/355 699/923/357
f 796/922/356 699/923/357 797/924/358
f 797/925/358 699/801/357 798/926/359
f 798/926/359 699/801/357 686/787/360
f 798/926/359 686/787/360 799/927/361
f 686/787/360 685/786/362 799/927/361
f 799/928/361 685/929/362 698/930/363
f 799/931/361 698/932/363 800/933/364
f 801/934/365 375/397/187 374/396/186
f 374/396/186 696/935/366 801/934/365
f 801/934/365 696/935/366 704/936/367
f 801/934/365 704/936/367 802/937/368
f 802/937/368 704/936/367 705/920/354
f 802/937/368 705/920/354 803/938/369
f 803/938/369 705/920/354 796/922/356
f 804/939/370 805/940/371 806/941/372
f 807/942/373 808/943/374 809/944/375
f 810/945/376 811/946/377 809/944/375
f 809/944/375 811/946/377 812/947/378
f 809/944/375 812/947/378 807/942/373
f 813/948/379 814/949/380 810/945/376
f 810/945/376 814/949/380 815/950/381
f 810/945/376 815/950/381 811/946/377
f 481/521/293 482/522/294 816/951/382
f 816/951/382 482/522/294 817/952/383
f 816/951/382 817/952/383 813/948/379
f 813/948/379 817/952/383 818/953/384
f 813/948/379 818/953/384 814/949/380
f 322/954/385 335/352/386 806/941/372
f 806/941/372 335/352/386 808/943/374
f 806/941/372 808/943/374 804/939/370
f 804/939/370 808/943/374 807/942/373
f 236/239/303 481/521/293 324/340/387
f 324/340/387 481/521/293 816/951/382
f 324/340/387 816/951/382 326/342/388
f 326/342/388 816/951/382 813/948/379
f 326/342/388 813/948/379 328/344/389
f 328/344/389 813/948/379 810/945/376
f 328/344/389 810/945/376 330/346/390
f 330/346/390 810/945/376 809/944/375
f 330/346/390 809/944/375 332/348/391
f 332/348/391 809/944/375 808/943/374
f 332/348/391 808/943/374 334/350/392
f 334/350/392 808/943/374 335/352/386
f 644/733/320 643/732/319 819/955/393
f 819/955/393 643/732/319 820/956/394
f 819/955/393 820/956/394 821/957/395
f 821/957/395 820/956/394 822/958/396
f 821/957/395 822/958/396 823/959/397
f 823/959/397 822/958/396 824/960/398
f 823/959/397 824/960/398 825/961/399
f 825/961/399 824/960/398 826/962/400
f 827/963/401 828/964/402 829/965/403
f 829/965/403 828/964/402 830/966/404
f 829/967/403 830/968/404 831/969/405
f 831/969/405 830/968/404 832/970/406
f 831/969/405 832/970/406 833/971/407
f 833/971/407 832/970/406 834/972/408
f 833/971/407 834/972/408 826/962/400
f 826/962/400 834/972/408 835/973/409
f 826/962/400 835/973/409 825/961/399
f 340/974/410 827/963/401 342/975/411
f 342/975/411 827/963/401 829/965/403
f 342/976/411 829/967/403 344/977/412
f 344/977/412 829/967/403 831/969/405
f 344/977/412 831/969/405 346/978/413
f 346/978/413 831/969/405 833/971/407
f 346/978/413 833/971/407 348/369/414
f 348/369/414 833/971/407 826/962/400
f 348/369/414 826/962/400 350/370/415
f 350/370/415 826/962/400 824/960/398
f 350/370/415 824/960/398 338/356/416
f 338/356/416 824/960/398 822/958/396
f 338/356/416 822/958/396 336/354/417
f 336/354/417 822/958/396 820/956/394
f 336/354/417 820/956/394 289/299/338
f 289/299/338 820/956/394 643/732/319
f 801/934/418 802/937/419 836/979/420
f 836/979/420 802/937/419 837/980/421
f 837/980/421 802/937/419 803/938/422
f 837/980/421 803/938/422 796/922/423
f 838/981/424 375/397/425 839/982/426
f 839/982/426 375/397/425 801/934/418
f 839/982/426 801/934/418 840/983/427
f 840/983/427 801/934/418 836/979/420
f 841/984/428 842/985/429 843/986/430
f 844/987/431 845/988/432 846/989/433
f 846/989/433 845/988/432 847/990/434
f 848/991/435 849/992/436 850/993/437
f 850/993/437 849/992/436 851/994/438
f 850/993/437 851/994/438 847/990/434
f 847/990/434 851/994/438 852/995/439
f 847/990/434 852/995/439 846/989/433
f 340/974/410 845/988/432 827/963/401
f 827/963/401 845/988/432 844/987/431
f 827/963/401 844/987/431 828/964/402
f 340/974/410 353/996/440 845/988/432
f 845/988/432 353/996/440 355/997/441
f 845/988/432 355/997/441 847/990/434
f 847/990/434 355/997/441 357/379/442
f 847/990/434 357/379/442 850/993/437
f 850/993/437 357/379/442 359/381/443
f 359/381/443 361/383/444 850/993/437
f 850/993/437 361/383/444 841/984/428
f 850/993/437 841/984/428 848/991/435
f 848/991/435 841/984/428 843/986/430
f 365/387/445 842/985/429 364/386/446
f 364/386/446 842/985/429 841/984/428
f 364/386/446 841/984/428 363/385/447
f 363/385/447 841/984/428 361/383/444
f 853/998/448 124/999/449 123/1000/450
f 854/1001/451 832/970/406 855/1002/452
f 855/1002/452 832/970/406 830/968/404
f 855/1002/452 830/968/404 856/1003/453
f 856/1004/453 830/966/404 828/964/402
f 856/1004/453 828/964/402 853/998/448
f 853/998/448 123/1000/450 856/1004/453
f 856/1003/453 123/1005/450 127/1006/454
f 856/1003/453 127/1006/454 855/1002/452
f 855/1002/452 127/1006/454 133/1007/455
f 855/1002/452 133/1007/455 854/1001/451
f 854/1001/451 133/1007/455 132/1008/456
f 854/1001/451 132/1008/456 857/1009/457
f 857/1009/457 835/973/409 854/1001/451
f 854/1001/451 835/973/409 834/972/408
f 854/1001/451 834/972/408 832/970/406
f 821/957/395 823/959/397 857/1009/457
f 857/1009/457 823/959/397 825/961/399
f 857/1009/457 825/961/399 835/973/409
f 858/1010/458 130/1011/459 129/1012/460
f 858/1010/458 129/1012/460 859/1013/461
f 859/1013/461 129/1012/460 115/1014/462
f 859/1013/461 115/1014/462 860/1015/463
f 132/1008/456 130/1011/459 857/1009/457
f 857/1009/457 130/1011/459 858/1010/458
f 857/1009/457 858/1010/458 821/957/395
f 821/957/395 858/1010/458 859/1013/461
f 821/957/395 859/1013/461 819/955/393
f 819/955/393 859/1013/461 860/1015/463
f 819/955/393 860/1015/463 644/733/320
f 377/1016/464 375/397/425 838/981/424
f 861/1017/465 366/1018/466 368/1019/467
f 861/1020/465 368/1021/467 862/1022/468
f 370/1023/469 863/1024/470 368/1025/467
f 368/1025/467 863/1024/470 864/1026/471
f 368/1027/467 864/1028/471 862/1029/468
f 378/1030/472 865/1031/473 372/1032/474
f 372/1032/474 865/1031/473 866/1033/475
f 372/1032/474 866/1033/475 370/1023/469
f 370/1023/469 866/1033/475 867/1034/476
f 370/1023/469 867/1034/476 863/1024/470
f 838/981/424 868/1035/477 377/1016/464
f 377/1016/464 868/1035/477 869/1036/478
f 377/1016/464 869/1036/478 378/1030/472
f 378/1030/472 869/1036/478 870/1037/479
f 378/1030/472 870/1037/479 865/1031/473
f 806/941/372 805/940/371 871/1038/480
f 871/1038/480 805/940/371 872/1039/481
f 871/1038/480 872/1039/481 873/1040/482
f 873/1040/482 872/1039/481 874/1041/483
f 873/1040/482 874/1041/483 875/1042/484
f 875/1042/484 874/1041/483 876/1043/485
f 875/1042/484 876/1043/485 877/1044/486
f 877/1044/486 876/1043/485 878/1045/487
f 322/954/385 806/941/372 407/1046/488
f 407/1046/488 806/941/372 871/1038/480
f 407/1046/488 871/1038/480 408/1047/489
f 408/1047/489 871/1038/480 873/1040/482
f 408/1047/489 873/1040/482 409/1048/490
f 409/1048/490 873/1040/482 875/1042/484
f 409/1048/490 875/1042/484 410/463/491
f 410/463/491 875/1042/484 877/1044/486
f 879/1049/492 179/1050/493 181/1051/494
f 482/522/294 879/1049/492 880/1052/495
f 881/1053/496 818/953/384 880/1052/495
f 880/1052/495 818/953/384 817/952/383
f 880/1052/495 817/952/383 482/522/294
f 879/1049/492 181/1051/494 880/1052/495
f 880/1052/495 181/1051/494 182/1054/497
f 880/1052/495 182/1054/497 881/1053/496
f 881/1053/496 182/1054/497 142/1055/498
f 881/1053/496 142/1055/498 882/1056/499
f 882/1056/499 815/950/381 881/1053/496
f 881/1053/496 815/950/381 814/949/380
f 881/1053/496 814/949/380 818/953/384
f 807/942/373 812/947/378 882/1056/499
f 882/1056/499 812/947/378 811/946/377
f 882/1056/499 811/946/377 815/950/381
f 883/1057/500 197/1058/501 196/1059/502
f 883/1057/500 196/1059/502 884/1060/503
f 884/1060/503 196/1059/502 194/1061/504
f 884/1060/503 194/1061/504 885/1062/505
f 142/1055/498 197/1058/501 882/1056/499
f 882/1056/499 197/1058/501 883/1057/500
f 882/1056/499 883/1057/500 807/942/373
f 807/942/373 883/1057/500 884/1060/503
f 807/942/373 884/1060/503 804/939/370
f 804/939/370 884/1060/503 885/1062/505
f 804/939/370 885/1062/505 805/940/371
f 877/1044/486 878/1045/487 886/1063/506
f 410/463/491 877/1044/486 887/1064/507
f 877/1044/486 886/1063/506 887/1064/507
f 887/1064/507 886/1063/506 888/1065/508
f 887/1064/507 888/1065/508 889/1066/509
f 888/1065/508 890/1067/510 889/1066/509
f 889/1066/509 890/1067/510 891/1068/511
f 889/1066/509 891/1068/511 892/1069/512
f 892/1069/512 891/1068/511 893/1070/513
f 892/1069/512 893/1070/513 894/1071/514
f 410/463/491 887/1064/507 432/462/515
f 432/462/515 887/1064/507 889/1066/509
f 432/462/515 889/1066/509 431/461/516
f 431/461/516 889/1066/509 892/1069/512
f 431/461/516 892/1069/512 430/460/517
f 430/460/517 892/1069/512 894/1071/514
f 430/460/517 894/1071/514 429/459/518
f 885/1062/505 194/1061/504 193/1072/519
f 872/1039/481 805/940/371 885/1062/505
f 885/1062/505 193/1072/519 872/1039/481
f 872/1039/481 193/1072/519 138/1073/520
f 872/1039/481 138/1073/520 874/1041/483
f 874/1041/483 138/1073/520 137/1074/521
f 874/1041/483 137/1074/521 876/1043/485
f 876/1043/485 137/1074/521 199/1075/522
f 876/1043/485 199/1075/522 878/1045/487
f 894/1071/514 893/1070/513 895/1076/523
f 895/1076/523 893/1070/513 896/1077/524
f 895/1076/523 896/1077/524 897/1078/525
f 897/1078/525 896/1077/524 898/1079/526
f 897/1078/525 898/1079/526 899/1080/527
f 899/1080/527 898/1079/526 900/1081/528
f 429/459/518 894/1071/514 435/469/529
f 435/469/529 894/1071/514 895/1076/523
f 435/469/529 895/1076/523 436/470/530
f 436/470/530 895/1076/523 897/1078/525
f 436/470/530 897/1078/525 437/471/531
f 437/471/531 897/1078/525 899/1080/527
f 901/1082/532 878/1045/487 199/1075/522
f 199/1075/522 198/1083/533 901/1082/532
f 901/1082/532 198/1083/533 183/1084/534
f 901/1082/532 183/1084/534 902/1085/535
f 902/1085/535 183/1084/534 185/1086/536
f 902/1085/535 185/1086/536 903/1087/537
f 903/1087/537 185/1086/536 207/1088/538
f 903/1087/537 207/1088/538 904/1089/539
f 904/1089/539 207/1088/538 206/1090/540
f 904/1089/539 206/1090/540 905/1091/541
f 878/1045/487 901/1082/532 886/1063/506
f 886/1063/506 901/1082/532 902/1085/535
f 886/1063/506 902/1085/535 888/1065/508
f 888/1065/508 902/1085/535 903/1087/537
f 888/1065/508 903/1087/537 890/1067/510
f 890/1067/510 903/1087/537 904/1089/539
f 890/1067/510 904/1089/539 891/1068/511
f 891/1068/511 904/1089/539 905/1091/541
f 891/1068/511 905/1091/541 893/1070/513
f 906/1092/542 907/1093/543 453/489/544
f 453/489/544 907/1093/543 908/1094/545
f 453/489/544 908/1094/545 909/1095/546
f 910/1096/547 911/1097/548 912/1098/549
f 909/1095/546 910/1096/547 453/489/544
f 453/489/544 910/1096/547 912/1098/549
f 453/489/544 912/1098/549 913/1099/550
f 913/1099/550 912/1098/549 914/1100/551
f 913/1099/550 914/1100/551 915/1101/552
f 906/1092/542 453/489/544 452/488/553
f 916/1102/554 917/1103/555 452/488/553
f 452/488/553 917/1103/555 918/1104/556
f 452/488/553 918/1104/556 906/1092/542
f 916/1102/554 452/488/553 919/1105/557
f 919/1105/557 452/488/553 457/493/558
f 919/1105/557 457/493/558 920/1106/559
f 920/1106/559 457/493/558 462/500/560
f 920/1106/559 462/500/560 921/1107/561
f 921/1107/561 462/500/560 922/1108/562
f 922/1108/562 462/500/560 460/1109/563
f 922/1108/562 460/1109/563 923/1110/564
f 924/1111/565 925/1112/566 926/1113/567
f 923/1110/564 460/1109/563 926/1114/567
f 926/1113/567 460/1115/563 438/1116/568
f 926/1113/567 438/1116/568 924/1111/565
f 927/1117/569 899/1080/527 900/1081/528
f 925/1112/566 924/1111/565 928/1118/570
f 928/1118/570 924/1111/565 929/1119/571
f 928/1118/570 929/1119/571 930/1120/572
f 930/1120/572 929/1119/571 931/1121/573
f 932/1122/574 930/1120/572 933/1123/575
f 933/1123/575 930/1120/572 931/1121/573
f 933/1123/575 931/1121/573 934/1124/576
f 934/1124/576 931/1121/573 935/1125/577
f 934/1124/576 935/1125/577 936/1126/578
f 936/1126/578 935/1125/577 927/1117/569
f 936/1126/578 927/1117/569 937/1127/579
f 937/1127/579 927/1117/569 900/1081/528
f 924/1111/565 438/1116/568 929/1119/571
f 929/1119/571 438/1116/568 440/476/580
f 929/1119/571 440/476/580 931/1121/573
f 931/1121/573 440/476/580 442/478/581
f 931/1121/573 442/478/581 935/1125/577
f 935/1125/577 442/478/581 446/482/582
f 935/1125/577 446/482/582 927/1117/569
f 927/1117/569 446/482/582 448/484/583
f 437/471/531 899/1080/527 451/487/584
f 451/487/584 899/1080/527 927/1117/569
f 451/487/584 927/1117/569 450/486/585
f 450/486/585 927/1117/569 448/484/583
f 938/1128/586 932/1122/574 933/1123/575
f 169/1129/587 145/1130/588 939/1131/589
f 940/1132/590 212/1133/591 211/1134/592
f 940/1132/590 211/1134/592 941/1135/593
f 941/1135/593 211/1134/592 170/1136/594
f 941/1135/593 170/1136/594 942/1137/595
f 942/1137/595 170/1136/594 169/1129/587
f 942/1137/595 169/1129/587 943/1138/596
f 943/1138/596 169/1129/587 939/1131/589
f 943/1138/596 939/1131/589 944/1139/597
f 214/1140/598 212/1133/591 900/1081/528
f 900/1081/528 212/1133/591 940/1132/590
f 900/1081/528 940/1132/590 937/1127/579
f 937/1127/579 940/1132/590 941/1135/593
f 937/1127/579 941/1135/593 936/1126/578
f 936/1126/578 941/1135/593 942/1137/595
f 936/1126/578 942/1137/595 934/1124/576
f 934/1124/576 942/1137/595 943/1138/596
f 934/1124/576 943/1138/596 933/1123/575
f 933/1123/575 943/1138/596 944/1139/597
f 933/1123/575 944/1139/597 938/1128/586
f 681/1141/599 945/1142/600 679/1143/601
f 679/1143/601 945/1142/600 946/1144/602
f 679/1143/601 946/1144/602 676/1145/603
f 676/1145/603 946/1144/602 947/1146/604
f 676/1145/603 947/1146/604 948/1147/605
f 681/1141/599 684/1148/606 945/1142/600
f 945/1142/600 684/1148/606 683/1149/607
f 945/1142/600 683/1149/607 949/1150/608
f 949/1150/608 683/1149/607 689/1151/609
f 689/1151/609 688/1152/609 949/1150/608
f 949/1150/608 688/1152/609 692/1153/610
f 949/1150/608 692/1153/610 950/1154/611
f 950/1154/611 692/1153/610 702/1155/612
f 950/1154/611 702/1155/612 703/1156/612
f 703/1156/612 694/1157/613 950/1154/611
f 950/1154/611 694/1157/613 693/1158/614
f 950/1154/611 693/1158/614 951/1159/615
f 951/1159/615 693/1158/614 706/1160/616
f 951/1159/615 706/1160/616 952/1161/617
f 710/1162/618 953/1163/619 709/1164/620
f 709/1164/620 953/1163/619 954/1165/621
f 709/1164/620 954/1165/621 708/1166/622
f 708/1166/622 954/1165/621 952/1161/617
f 708/1166/622 952/1161/617 707/1167/623
f 707/1167/623 952/1161/617 706/1160/616
f 710/1162/618 712/1168/624 953/1163/619
f 953/1163/619 712/1168/624 711/1169/625
f 953/1163/619 711/1169/625 955/1170/626
f 955/1170/626 711/1169/625 713/1171/627
f 955/1172/626 713/1173/627 956/1174/628
f 713/1173/627 714/1175/629 956/1174/628
f 956/1174/628 714/1175/629 715/1176/630
f 956/1174/628 715/1176/630 957/1177/631
f 957/1177/631 715/1176/630 716/1178/632
f 957/1177/631 716/1178/632 958/1179/633
f 958/1179/633 716/1178/632 717/1180/634
f 958/1179/633 717/1180/634 959/1181/635
f 959/1181/635 717/1180/634 718/1182/636
f 959/1181/635 718/1182/636 960/1183/637
f 960/1183/637 718/1182/636 719/1184/638
f 960/1183/637 719/1184/638 720/1185/639
f 720/1185/639 721/1186/640 960/1183/637
f 960/1183/637 721/1186/640 722/1187/641
f 960/1183/637 722/1187/641 961/1188/642
f 722/1187/641 723/1189/643 961/1188/642
f 961/1188/642 723/1189/643 724/1190/644
f 961/1188/642 724/1190/644 962/1191/645
f 962/1191/645 724/1190/644 725/1192/646
f 962/1191/645 725/1192/646 963/1193/647
f 963/1193/647 725/1192/646 726/1194/648
f 963/1193/647 726/1194/648 964/1195/649
f 964/1195/649 726/1194/648 727/1196/650
f 964/1195/649 727/1196/650 965/1197/651
f 965/1197/651 727/1196/650 728/1198/652
f 965/1197/651 728/1198/652 966/1199/653
f 728/1198/652 732/1200/654 966/1199/653
f 966/1199/653 732/1200/654 736/1201/655
f 966/1202/653 736/1203/655 967/1204/656
f 967/1204/656 736/1203/655 735/1205/657
f 967/1204/656 735/1205/657 968/1206/658
f 735/1205/657 737/1207/659 968/1206/658
f 968/1206/658 737/1207/659 739/1208/660
f 968/1206/658 739/1208/660 969/1209/661
f 739/1208/660 740/1210/662 969/1209/661
f 969/1209/661 740/1210/662 741/1211/663
f 969/1209/661 741/1211/663 970/1212/664
f 741/1211/663 743/1213/665 970/1212/664
f 970/1212/664 743/1213/665 765/1214/666
f 970/1212/664 765/1214/666 971/1215/667
f 971/1215/667 765/1214/666 764/1216/668
f 971/1215/667 764/1216/668 972/1217/669
f 972/1217/669 764/1216/668 762/1218/670
f 972/1217/669 762/1218/670 973/1219/671
f 973/1219/671 762/1218/670 761/1220/672
f 973/1219/671 761/1220/672 974/1221/673
f 974/1221/673 761/1220/672 975/1222/674
f 975/1222/674 761/1220/672 780/1223/675
f 975/1222/674 780/1223/675 976/1224/676
f 976/1224/676 780/1223/675 977/1225/677
f 977/1225/677 780/1223/675 779/1226/678
f 977/1225/677 779/1226/678 978/1227/679
f 978/1227/679 779/1226/678 768/1228/680
f 978/1227/679 768/1228/680 979/1229/681
f 979/1229/681 768/1228/680 767/1230/682
f 979/1231/681 767/1232/682 980/1233/683
f 767/1232/682 766/1234/684 980/1233/683
f 980/1233/683 766/1234/684 775/1235/685
f 980/1233/683 775/1235/685 981/1236/686
f 787/1237/687 982/1238/688 788/1239/689
f 788/1239/689 982/1238/688 981/1236/686
f 788/1239/689 981/1236/686 777/1240/690
f 777/1240/690 981/1236/686 775/1235/685
f 983/1241/691 984/1242/692 794/1243/693
f 794/1243/693 984/1242/692 985/1244/694
f 787/1237/687 786/1245/695 982/1238/688
f 982/1238/688 786/1245/695 791/1246/696
f 982/1238/688 791/1246/696 985/1244/694
f 985/1244/694 791/1246/696 793/1247/697
f 985/1244/694 793/1247/697 794/1243/693
f 983/1241/691 794/1243/693 986/1248/698
f 986/1248/698 794/1243/693 782/1249/699
f 986/1248/698 782/1249/699 987/1250/700
f 987/1250/700 782/1249/699 784/1251/701
f 987/1250/700 784/1251/701 988/1252/702
f 988/1252/702 784/1251/701 662/1253/703
f 988/1252/702 662/1253/703 989/1254/704
f 989/1254/704 662/1253/703 663/1255/705
f 989/1254/704 663/1255/705 990/1256/706
f 990/1256/706 663/1255/705 664/1257/707
f 990/1256/706 664/1257/707 991/1258/708
f 991/1258/708 664/1257/707 665/1259/709
f 991/1258/708 665/1259/709 992/1260/710
f 992/1260/710 665/1259/709 666/1261/711
f 992/1260/710 666/1261/711 993/1262/712
f 671/1263/713 994/1264/714 669/1265/715
f 669/1266/715 994/1267/714 995/1268/716
f 669/1266/715 995/1268/716 668/1269/717
f 668/1269/717 995/1268/716 993/1262/712
f 668/1269/717 993/1262/712 667/1270/718
f 667/1270/718 993/1262/712 666/1261/711
f 671/1263/713 670/1271/719 994/1264/714
f 994/1264/714 670/1271/719 672/1272/720
f 994/1264/714 672/1272/720 996/1273/721
f 672/1272/720 673/1274/722 996/1273/721
f 996/1273/721 673/1274/722 674/1275/723
f 996/1273/721 674/1275/723 948/1147/605
f 948/1147/605 674/1275/723 675/1276/724
f 948/1147/605 675/1276/724 676/1145/603
f 997/1277/725 998/1278/725 999/1279/726
f 999/1279/726 998/1278/725 1000/1280/726
f 1001/1281/727 1002/1282/727 1003/1283/728
f 1003/1283/728 1002/1282/727 1004/1284/728
f 1005/1285/729 1006/1286/729 1007/1287/730
f 1007/1287/730 1006/1286/729 1008/1288/730
f 1007/1287/730 1008/1288/730 1009/1289/731
f 1009/1289/731 1008/1288/730 1010/1290/731
f 1009/1291/731 1010/1292/731 1011/1293/732
f 1011/1293/732 1010/1292/731 1012/1294/732
f 1011/1293/732 1012/1294/732 1013/1295/733
f 1013/1295/733 1012/1294/732 1014/1296/733
f 1013/1295/733 1014/1296/733 1015/1297/734
f 1015/1297/734 1014/1296/733 1016/1298/734
f 1015/1297/734 1016/1298/734 1017/1299/735
f 1017/1299/735 1016/1298/734 1018/1300/735
f 1017/1299/735 1018/1300/735 1019/1301/736
f 1019/1301/736 1018/1300/735 1020/1302/736
f 1019/1301/736 1020/1302/736 1021/1303/737
f 1021/1303/737 1020/1302/736 1022/1304/737
f 1021/1303/737 1022/1304/737 1023/1305/738
f 1023/1305/738 1022/1304/737 1024/1306/738
f 1023/1305/738 1024/1306/738 1025/1307/739
f 1025/1307/739 1024/1306/738 1026/1308/739
f 1025/1309/739 1026/1310/739 1027/1311/740
f 1027/1311/740 1026/1310/739 1028/1312/741
f 1027/1311/740 1028/1312/741 1029/1313/742
f 1029/1313/742 1028/1312/741 1030/1314/743
f 1029/1313/742 1030/1314/743 1031/1315/744
f 4/4/4 2/2/2 1032/1316/745
f 1032/1316/745 2/2/2 1033/1317/746
f 1032/1316/745 1033/1317/746 1034/1318/747
f 1034/1319/747 1033/1320/746 1029/1313/742
f 1034/1319/747 1029/1313/742 1031/1315/744
f 1035/1321/18 1036/1322/18 1037/1323/18
f 1038/1324/17 1037/1323/18 1039/1325/17
f 1039/1325/17 1037/1323/18 1040/1326/17
f 1041/1327/17 1042/1328/21 1043/1329/748
f 1008/1330/17 1006/1331/17 1044/1332/17
f 1045/1333/17 1030/1334/17 1028/1335/17
f 1035/1321/18 1037/1323/18 1046/1336/17
f 1046/1336/17 1037/1323/18 1038/1324/17
f 1046/1336/17 1038/1324/17 1047/1337/17
f 1047/1337/17 1038/1324/17 1048/1338/17
f 1047/1337/17 1048/1338/17 1006/1331/17
f 1006/1331/17 1048/1338/17 1049/1339/17
f 1006/1331/17 1049/1339/17 1044/1332/17
f 1041/1327/17 1043/1329/748 1003/1340/17
f 1044/1332/17 1050/1341/17 1008/1330/17
f 1008/1330/17 1050/1341/17 1051/1342/17
f 1008/1330/17 1051/1342/17 1010/1343/17
f 1010/1343/17 1051/1342/17 1001/1344/17
f 1010/1343/17 1001/1344/17 1012/1345/17
f 1012/1345/17 1001/1344/17 1003/1340/17
f 1012/1345/17 1003/1340/17 1014/1346/17
f 1014/1346/17 1003/1340/17 1043/1329/748
f 1014/1346/17 1043/1329/748 1052/1347/19
f 1052/1347/19 1053/1348/17 1014/1346/17
f 1014/1346/17 1053/1348/17 1054/1349/17
f 1014/1346/17 1054/1349/17 1016/1350/17
f 1016/1350/17 1054/1349/17 1055/1351/17
f 1016/1350/17 1055/1351/17 1018/1352/17
f 1018/1352/17 1055/1351/17 1056/1353/17
f 1018/1352/17 1056/1353/17 1020/1354/17
f 1020/1354/17 1056/1353/17 1057/1355/17
f 1020/1354/17 1057/1355/17 1022/1356/17
f 1045/1333/17 1028/1335/17 1058/1357/17
f 1022/1356/17 1057/1355/17 1024/1358/17
f 1024/1358/17 1057/1355/17 1059/1359/17
f 1024/1358/17 1059/1359/17 1026/1360/17
f 1026/1360/17 1059/1359/17 1060/1361/17
f 1026/1360/17 1060/1361/17 1028/1335/17
f 1028/1335/17 1060/1361/17 1061/1362/17
f 1028/1335/17 1061/1362/17 1058/1357/17
f 1062/1363/749 1063/1364/750 1064/1365/751
f 1064/1365/751 1063/1364/750 1065/1366/752
f 1064/1365/751 1065/1366/752 1066/1367/753
f 1066/1367/753 1065/1366/752 1067/1368/754
f 1066/1367/753 1067/1368/754 1068/1369/755
f 1068/1369/755 1067/1368/754 1069/1370/756
f 1069/1370/756 1067/1368/754 1070/1371/757
f 1069/1372/756 1070/1373/757 1071/1374/758
f 1071/1374/758 1070/1373/757 1072/1375/759
f 1072/1375/759 1070/1373/757 1073/1376/760
f 1072/1375/759 1073/1376/760 1074/1377/761
f 1074/1377/761 1073/1376/760 1075/1378/762
f 1075/1378/762 1073/1376/760 1076/1379/763
f 1075/1378/762 1076/1379/763 1077/1380/764
f 1077/1380/764 1076/1379/763 1078/1381/765
f 1078/1381/765 1076/1379/763 1079/1382/766
f 1078/1381/765 1079/1382/766 1080/1383/767
f 1080/1383/767 1079/1382/766 1081/1384/768
f 1081/1384/768 1079/1382/766 1082/1385/769
f 1081/1384/768 1082/1385/769 1083/1386/770
f 1083/1386/770 1082/1385/769 1084/1387/771
f 1084/1387/771 1082/1385/769 1085/1388/772
f 1084/1387/771 1085/1388/772 1086/1389/773
f 1086/1389/773 1085/1388/772 1087/1390/774
f 1086/1389/773 1087/1390/774 1088/1391/775
f 1088/1392/775 1087/1393/774 1089/1394/776
f 1088/1392/775 1089/1394/776 1090/1395/777
f 1091/1396/778 1092/1397/779 1093/1398/780
f 1093/1398/780 1092/1397/779 1063/1364/750
f 1093/1398/780 1063/1364/750 1094/1399/781
f 1094/1399/781 1063/1364/750 1062/1363/749
f 1094/1399/781 1062/1363/749 1095/1400/782
f 1096/1401/17 1097/1402/17 19/1403/17
f 1098/1404/18 1099/1405/17 1100/1406/17
f 19/1403/17 1101/1407/29 1102/1408/17
f 15/1409/17 19/1403/17 1103/1410/17
f 1103/1410/17 19/1403/17 1104/1411/17
f 1105/1412/17 1106/1413/17 1107/1414/783
f 1107/1414/783 1106/1413/17 1108/1415/17
f 1107/1414/783 1108/1415/17 1109/1416/17
f 1110/1417/21 1096/1401/17 1111/1418/21
f 1111/1418/21 1096/1401/17 19/1403/17
f 1111/1418/21 19/1403/17 1112/1419/17
f 1112/1419/17 19/1403/17 1102/1408/17
f 1105/1412/17 1113/1420/17 1114/1421/17
f 1105/1412/17 1114/1421/17 1106/1413/17
f 1106/1413/17 1114/1421/17 1115/1422/17
f 1106/1413/17 1115/1422/17 1116/1423/17
f 1116/1423/17 1115/1422/17 1117/1424/17
f 1116/1423/17 1117/1424/17 1118/1425/17
f 1118/1425/17 1117/1424/17 1119/1426/17
f 1118/1425/17 1119/1426/17 1120/1427/17
f 1120/1427/17 1119/1426/17 1121/1428/17
f 1120/1427/17 1121/1428/17 1097/1402/17
f 1097/1402/17 1121/1428/17 1122/1429/17
f 1097/1402/17 1122/1429/17 19/1403/17
f 19/1403/17 1122/1429/17 1123/1430/17
f 19/1403/17 1123/1430/17 1104/1411/17
f 1124/1431/17 1109/1416/17 1125/1432/17
f 1125/1432/17 1109/1416/17 1126/1433/17
f 1125/1432/17 1126/1433/17 1127/1434/17
f 1127/1434/17 1126/1433/17 1128/1435/17
f 1127/1434/17 1128/1435/17 1129/1436/17
f 1129/1436/17 1128/1435/17 1130/1437/17
f 1129/1436/17 1130/1437/17 1131/1438/17
f 1131/1438/17 1130/1437/17 1100/1406/17
f 1098/1404/18 1100/1406/17 6/1439/17
f 6/1439/17 1100/1406/17 1130/1437/17
f 6/1439/17 1130/1437/17 1132/1440/17
f 997/1441/17 999/1442/17 1133/1443/17
f 1133/1443/17 999/1442/17 1134/1444/784
f 1133/1443/17 1134/1444/784 1135/1445/784
f 1136/1446/783 1107/1414/783 1137/1447/783
f 1137/1447/783 1107/1414/783 1109/1416/17
f 1137/1447/783 1109/1416/17 1138/1448/17
f 1138/1448/17 1109/1416/17 1124/1431/17
f 1139/1449/17 1067/1450/17 1140/1451/17
f 1140/1451/17 1067/1450/17 1065/1452/17
f 1140/1451/17 1065/1452/17 1141/1453/17
f 1141/1453/17 1065/1452/17 1063/1454/17
f 1141/1453/17 1063/1454/17 1133/1443/17
f 1133/1443/17 1063/1454/17 1092/1455/17
f 1142/1456/17 1143/1457/17 1144/1458/17
f 1144/1458/17 1143/1457/17 7/1459/17
f 1144/1458/17 7/1459/17 1145/1460/17
f 1145/1460/17 7/1459/17 6/1439/17
f 1145/1460/17 6/1439/17 1146/1461/17
f 1146/1461/17 6/1439/17 1132/1440/17
f 1092/1455/17 1147/1462/17 1133/1443/17
f 1133/1443/17 1147/1462/17 1148/1463/17
f 1133/1443/17 1148/1463/17 997/1441/17
f 1099/1405/17 1098/1404/18 1149/1464/17
f 1149/1464/17 1098/1404/18 1089/1465/17
f 1149/1464/17 1089/1465/17 1087/1466/17
f 1087/1466/17 1085/1467/17 1149/1464/17
f 1149/1464/17 1085/1467/17 1082/1468/17
f 1149/1464/17 1082/1468/17 1150/1469/17
f 1150/1469/17 1082/1468/17 1079/1470/17
f 1150/1469/17 1079/1470/17 1151/1471/17
f 1151/1471/17 1079/1470/17 1076/1472/17
f 1151/1471/17 1076/1472/17 1152/1473/17
f 1152/1473/17 1076/1472/17 1073/1474/17
f 1152/1473/17 1073/1474/17 1139/1449/17
f 1139/1449/17 1073/1474/17 1070/1475/17
f 1139/1449/17 1070/1475/17 1067/1450/17
f 466/504/278 645/734/321 1153/1476/785
f 1153/1476/785 645/734/321 1154/1477/786
f 1154/1477/786 645/734/321 1155/1478/787
f 1155/1478/787 645/734/321 647/736/323
f 1155/1478/787 647/736/323 1156/1479/788
f 1156/1479/788 647/736/323 1157/1480/789
f 1157/1480/789 647/736/323 649/738/325
f 1157/1480/789 649/738/325 1158/1481/790
f 1158/1481/790 649/738/325 1159/1482/791
f 1159/1482/791 649/738/325 651/740/327
f 1159/1482/791 651/740/327 1160/1483/792
f 651/740/327 655/744/331 1160/1483/792
f 1160/1483/792 655/744/331 654/743/330
f 1160/1483/792 654/743/330 1161/1484/793
f 654/743/330 658/747/334 1161/1484/793
f 1161/1484/793 658/747/334 657/746/333
f 1161/1484/793 657/746/333 1162/1485/794
f 1163/1486/795 1162/1485/794 91/1487/796
f 91/1487/796 1162/1485/794 1164/1488/797
f 91/1487/796 1164/1488/797 114/1489/798
f 114/1489/798 1164/1488/797 860/1015/463
f 114/1489/798 860/1015/463 115/1014/462
f 644/733/320 860/1015/463 659/748/335
f 659/748/335 860/1015/463 1164/1488/797
f 659/748/335 1164/1488/797 660/749/336
f 660/749/336 1164/1488/797 1162/1485/794
f 660/749/336 1162/1485/794 661/750/337
f 661/750/337 1162/1485/794 657/746/333
f 1165/1490/799 641/1491/800 483/1492/801
f 1165/1493/799 483/1494/801 1166/1495/802
f 483/1494/801 484/1496/803 1166/1495/802
f 1166/1495/802 484/1496/803 485/1497/804
f 1166/1495/802 485/1497/804 1167/1498/805
f 1167/1498/805 485/1497/804 486/1499/806
f 1167/1498/805 486/1499/806 1168/1500/807
f 486/1499/806 487/1501/808 1168/1500/807
f 1168/1500/807 487/1501/808 488/1502/809
f 1168/1500/807 488/1502/809 1169/1503/810
f 1169/1503/810 488/1502/809 489/1504/811
f 1169/1503/810 489/1504/811 1170/1505/812
f 1170/1505/812 489/1504/811 490/1506/813
f 1170/1505/812 490/1506/813 1171/1507/814
f 1171/1507/814 490/1506/813 491/1508/815
f 1171/1507/814 491/1508/815 1172/1509/816
f 491/1508/815 494/1510/817 1172/1509/816
f 1172/1509/816 494/1510/817 493/1511/818
f 1172/1509/816 493/1511/818 1173/1512/819
f 1173/1512/819 493/1511/818 492/1513/820
f 1173/1512/819 492/1513/820 1174/1514/821
f 492/1513/820 497/1515/822 1174/1514/821
f 1174/1514/821 497/1515/822 496/1516/823
f 1174/1514/821 496/1516/823 1175/1517/824
f 1175/1517/824 496/1516/823 495/1518/825
f 1175/1517/824 495/1518/825 1176/1519/826
f 495/1518/825 498/1520/827 1176/1519/826
f 1176/1519/826 498/1520/827 499/1521/828
f 1176/1519/826 499/1521/828 1177/1522/829
f 1177/1522/829 499/1521/828 500/1523/830
f 1177/1522/829 500/1523/830 1178/1524/831
f 1179/1525/832 502/1526/833 504/1527/834
f 1179/1525/832 504/1527/834 1180/1528/835
f 1178/1524/831 500/1523/830 1181/1529/836
f 1181/1529/836 500/1523/830 502/1530/833
f 1181/1531/836 502/1526/833 1182/1532/837
f 1182/1532/837 502/1526/833 1179/1525/832
f 1182/1532/837 1179/1525/832 1183/1533/838
f 504/1527/834 506/1534/839 1180/1528/835
f 1180/1528/835 506/1534/839 507/1535/840
f 1180/1528/835 507/1535/840 1184/1536/841
f 507/1535/840 509/1537/842 1184/1536/841
f 1184/1536/841 509/1537/842 513/1538/843
f 1184/1536/841 513/1538/843 1185/1539/844
f 1185/1539/844 513/1538/843 510/1540/845
f 1185/1539/844 510/1540/845 516/1541/846
f 585/1542/847 1186/1543/848 514/1544/849
f 514/1544/849 1186/1543/848 1185/1539/844
f 514/1544/849 1185/1539/844 515/1545/850
f 515/1545/850 1185/1539/844 516/1541/846
f 595/1546/851 1187/1547/852 1188/1548/853
f 595/1546/851 1188/1548/853 577/1549/854
f 577/1549/854 1188/1548/853 1189/1550/855
f 577/1549/854 1189/1550/855 586/1551/856
f 586/1551/856 1189/1550/855 1190/1552/857
f 586/1551/856 1190/1552/857 585/1542/847
f 585/1542/847 1190/1552/857 1191/1553/858
f 585/1542/847 1191/1553/858 1186/1543/848
f 1187/1547/852 595/1546/851 1192/1554/859
f 1192/1554/859 595/1546/851 599/1555/860
f 1192/1556/859 599/1557/860 1193/1558/861
f 1193/1558/861 599/1557/860 592/1559/862
f 1193/1558/861 592/1559/862 1194/1560/863
f 606/1561/864 1195/1562/865 598/1563/866
f 598/1563/866 1195/1562/865 1194/1560/863
f 598/1563/866 1194/1560/863 596/1564/867
f 596/1564/867 1194/1560/863 592/1559/862
f 606/1561/864 615/1565/868 1195/1562/865
f 1195/1562/865 615/1565/868 614/1566/869
f 1195/1562/865 614/1566/869 1196/1567/870
f 614/1566/869 612/1568/871 1196/1567/870
f 1196/1567/870 612/1568/871 610/1569/872
f 1196/1567/870 610/1569/872 1197/1570/873
f 1197/1570/873 610/1569/872 608/1571/874
f 1197/1570/873 608/1571/874 1198/1572/875
f 1198/1572/875 608/1571/874 607/1573/876
f 1198/1572/875 607/1573/876 1199/1574/877
f 1200/1575/878 14/14/8 622/1576/879
f 622/1576/879 14/14/8 16/16/12
f 622/1576/879 16/16/12 621/1577/880
f 621/1577/880 16/16/12 1199/1574/877
f 621/1577/880 1199/1574/877 620/1578/881
f 620/1578/881 1199/1574/877 607/1573/876
f 1200/1575/878 622/1576/879 1201/1579/882
f 1201/1579/882 622/1576/879 623/1580/883
f 1201/1579/882 623/1580/883 1202/1581/884
f 623/1580/883 624/1582/885 1202/1581/884
f 1202/1581/884 624/1582/885 625/1583/886
f 1202/1581/884 625/1583/886 1203/1584/887
f 1203/1585/887 625/1586/886 631/1587/888
f 1203/1585/887 631/1587/888 1204/1588/889
f 1204/1588/889 631/1587/888 630/1589/890
f 1204/1588/889 630/1589/890 1205/1590/891
f 1205/1590/891 630/1589/890 629/1591/892
f 1205/1590/891 629/1591/892 1206/1592/893
f 1206/1592/893 629/1591/892 628/1593/894
f 1206/1592/893 628/1593/894 1207/1594/895
f 628/1593/894 627/1595/896 1207/1594/895
f 1207/1594/895 627/1595/896 626/1596/897
f 1207/1594/895 626/1596/897 1208/1597/898
f 635/1598/899 1209/1599/900 636/1600/901
f 636/1600/901 1209/1599/900 1210/1601/902
f 636/1600/901 1210/1601/902 637/1602/903
f 637/1602/903 1210/1601/902 1211/1603/904
f 637/1602/903 1211/1603/904 632/1604/905
f 632/1604/905 1211/1603/904 1212/1605/906
f 632/1604/905 1212/1605/906 633/1606/907
f 633/1606/907 1212/1605/906 1208/1597/898
f 633/1606/907 1208/1597/898 634/1607/908
f 634/1607/908 1208/1597/898 626/1596/897
f 635/1598/899 640/1608/909 1209/1599/900
f 1209/1599/900 640/1608/909 639/1609/910
f 1209/1599/900 639/1609/910 1213/1610/911
f 1213/1610/911 639/1609/910 638/1611/912
f 1213/1610/911 638/1611/912 1214/1612/913
f 1214/1612/913 638/1611/912 641/1491/800
f 1214/1612/913 641/1491/800 1215/1613/914
f 1215/1613/914 641/1491/800 1165/1490/799
f 1215/1613/914 1165/1490/799 1216/1614/915
f 1217/1615/916 1218/1616/917 1219/1617/918
f 1219/1617/918 1218/1616/917 1220/1618/919
f 1219/1617/918 1220/1618/919 203/1619/920
f 1153/1476/785 1221/1620/921 466/504/278
f 466/504/278 1221/1620/921 468/506/280
f 203/1619/920 202/1621/922 1219/1617/918
f 1219/1617/918 202/1621/922 187/1622/923
f 1219/1617/918 187/1622/923 1222/1623/924
f 1222/1623/924 187/1622/923 192/1624/925
f 1222/1623/924 192/1624/925 1223/1625/926
f 1223/1625/926 192/1624/925 191/1626/927
f 1223/1625/926 191/1626/927 1224/1627/928
f 1224/1627/928 191/1626/927 190/1628/929
f 1224/1627/928 190/1628/929 1225/1629/930
f 1225/1629/930 190/1628/929 179/1050/493
f 1225/1629/930 179/1050/493 879/1049/492
f 1221/1620/921 1226/1630/931 468/506/280
f 468/506/280 1226/1630/931 1217/1631/916
f 468/506/280 1217/1631/916 470/508/282
f 470/510/282 1217/1615/916 1219/1617/918
f 470/510/282 1219/1617/918 472/512/284
f 472/512/284 1219/1617/918 1222/1623/924
f 472/512/284 1222/1623/924 474/514/286
f 474/514/286 1222/1623/924 1223/1625/926
f 474/514/286 1223/1625/926 476/516/288
f 476/516/288 1223/1625/926 1224/1627/928
f 476/516/288 1224/1627/928 478/518/290
f 478/518/290 1224/1627/928 1225/1629/930
f 478/518/290 1225/1629/930 480/520/292
f 480/520/292 1225/1629/930 879/1049/492
f 480/520/292 879/1049/492 482/522/294
f 1227/1632/932 1228/1633/933 1229/1634/17
f 1229/1634/17 1228/1633/933 1230/1635/17
f 1229/1634/17 1230/1635/17 1231/1636/17
f 1232/1637/934 1233/1638/19 1226/1639/17
f 1226/1639/17 1233/1638/19 1234/1640/934
f 1226/1639/17 1234/1640/934 1217/1641/935
f 1235/1642/17 1158/1643/17 1159/1644/21
f 1236/1645/17 1237/1646/17 1238/1647/17
f 1238/1647/17 1237/1646/17 1239/1648/17
f 1238/1647/17 1239/1648/17 1240/1649/17
f 1240/1649/17 1239/1648/17 1241/1650/17
f 1240/1649/17 1241/1650/17 1242/1651/17
f 1242/1651/17 1241/1650/17 1243/1652/17
f 1242/1651/17 1243/1652/17 1244/1653/17
f 1244/1653/17 1243/1652/17 1245/1654/17
f 1244/1653/17 1245/1654/17 1246/1655/17
f 1246/1655/17 1245/1654/17 1247/1656/17
f 1246/1655/17 1247/1656/17 1248/1657/17
f 1248/1657/17 1247/1656/17 1249/1658/17
f 1248/1657/17 1249/1658/17 1250/1659/17
f 1250/1659/17 1249/1658/17 1251/1660/17
f 1250/1659/17 1251/1660/17 1252/1661/17
f 1252/1661/17 1251/1660/17 1230/1635/17
f 1252/1661/17 1230/1635/17 1253/1662/18
f 1253/1662/18 1230/1635/17 1228/1633/933
f 1235/1642/17 1159/1644/21 1254/1663/17
f 1158/1643/17 1235/1642/17 1157/1664/17
f 1157/1664/17 1235/1642/17 1255/1665/17
f 1157/1664/17 1255/1665/17 1156/1666/17
f 1236/1645/17 1238/1647/17 1256/1667/21
f 1256/1667/21 1238/1647/17 1257/1668/17
f 1256/1667/21 1257/1668/17 1258/1669/17
f 1258/1669/17 1257/1668/17 1259/1670/17
f 1258/1669/17 1259/1670/17 1260/1671/17
f 1159/1644/21 1160/1672/17 1254/1663/17
f 1254/1663/17 1160/1672/17 1161/1673/17
f 1254/1663/17 1161/1673/17 1261/1674/784
f 1261/1674/784 1161/1673/17 1162/1675/784
f 1260/1671/17 1262/1676/783 1226/1639/17
f 1226/1639/17 1262/1676/783 1263/1677/29
f 1226/1639/17 1263/1677/29 1232/1637/934
f 1226/1639/17 1221/1678/21 1260/1671/17
f 1260/1671/17 1221/1678/21 1153/1679/17
f 1260/1671/17 1153/1679/17 1258/1669/17
f 1258/1669/17 1153/1679/17 1154/1680/17
f 1258/1669/17 1154/1680/17 1255/1665/17
f 1255/1665/17 1154/1680/17 1155/1681/17
f 1255/1665/17 1155/1681/17 1156/1666/17
f 1261/1682/936 1162/1485/794 1264/1683/937
f 1264/1683/937 1162/1485/794 1163/1486/795
f 1265/1684/938 1255/1685/938 1235/1686/939
f 1265/1684/938 1235/1686/939 1266/1687/939
f 1266/1687/939 1235/1686/939 1254/1688/940
f 1266/1687/939 1254/1688/940 1267/1689/941
f 1267/1689/941 1254/1688/940 1268/1690/942
f 1268/1690/942 1254/1688/940 1261/1682/936
f 1268/1690/942 1261/1682/936 1264/1683/937
f 1269/1691/943 1270/1692/944 1259/1693/945
f 1259/1693/945 1270/1692/944 1271/1694/946
f 1259/1693/945 1271/1694/946 1260/1695/947
f 1218/1696/917 1272/1697/948 1220/1698/919
f 1220/1698/919 1272/1697/948 1273/1699/949
f 1274/1700/950 1275/1701/951 1276/1702/952
f 1276/1702/952 1275/1701/951 1277/1703/953
f 1276/1702/952 1277/1703/953 1272/1697/948
f 1272/1697/948 1277/1703/953 1278/1704/954
f 1272/1697/948 1278/1704/954 1273/1699/949
f 1271/1705/946 1270/1706/944 1279/1707/955
f 1279/1707/955 1280/1708/956 1271/1705/946
f 1271/1705/946 1280/1708/956 1262/1709/957
f 1271/1705/946 1262/1709/957 1260/1710/947
f 1233/1711/958 1232/1712/959 1280/1708/956
f 1280/1708/956 1232/1712/959 1263/1713/960
f 1280/1708/956 1263/1713/960 1262/1709/957
f 1279/1707/955 1274/1700/950 1280/1708/956
f 1280/1708/956 1274/1700/950 1276/1702/952
f 1280/1708/956 1276/1702/952 1233/1711/958
f 1233/1711/958 1276/1702/952 1272/1697/948
f 1233/1711/958 1272/1697/948 1234/1714/961
f 1234/1714/961 1272/1697/948 1218/1696/917
f 1234/1714/961 1218/1696/917 1217/1715/916
f 1255/1685/938 1265/1684/938 1281/1716/962
f 1255/1685/938 1281/1716/962 1258/1717/962
f 1258/1718/962 1281/1719/962 1282/1720/963
f 1258/1718/962 1282/1720/963 1256/1721/963
f 1256/1721/963 1282/1720/963 1283/1722/964
f 1256/1721/963 1283/1722/964 1236/1723/964
f 1283/1722/964 1284/1724/965 1236/1723/964
f 1236/1723/964 1284/1724/965 1237/1725/966
f 1237/1726/966 1284/1727/965 1239/1728/967
f 1239/1728/967 1284/1727/965 1285/1729/968
f 1239/1728/967 1285/1729/968 1286/1730/969
f 1286/1730/969 1285/1729/968 1287/1731/970
f 1286/1730/969 1287/1731/970 1288/1732/971
f 1288/1732/971 1287/1731/970 1289/1733/972
f 1289/1733/972 1287/1731/970 1216/1614/915
f 1289/1733/972 1216/1614/915 1165/1490/799
f 1290/1734/973 1240/1735/974 1291/1736/975
f 1291/1736/975 1240/1735/974 1242/1737/976
f 1244/1738/977 1292/1739/978 1242/1737/976
f 1242/1737/976 1292/1739/978 1293/1740/979
f 1242/1737/976 1293/1740/979 1291/1736/975
f 1294/1741/980 1295/1742/981 1246/1743/982
f 1246/1743/982 1295/1742/981 1296/1744/983
f 1246/1743/982 1296/1744/983 1244/1738/977
f 1244/1738/977 1296/1744/983 1297/1745/984
f 1244/1738/977 1297/1745/984 1292/1739/978
f 1294/1741/980 1246/1743/982 1298/1746/985
f 1298/1746/985 1246/1743/982 1248/1747/986
f 1298/1746/985 1248/1747/986 1299/1748/987
f 1299/1748/987 1248/1747/986 1250/1749/988
f 1299/1748/987 1250/1749/988 1300/1750/989
f 1300/1750/989 1250/1749/988 1301/1751/990
f 1301/1751/990 1250/1749/988 1252/1752/991
f 1301/1751/990 1252/1752/991 1302/1753/992
f 1302/1753/992 1252/1752/991 1303/1754/993
f 1303/1755/993 1252/1756/991 1253/1757/994
f 1303/1755/993 1253/1757/994 1304/1758/995
f 1269/1691/943 1259/1693/945 1257/1759/996
f 1269/1691/943 1257/1759/996 1305/1760/997
f 1305/1760/997 1257/1759/996 1238/1761/998
f 1305/1760/997 1238/1761/998 1306/1762/999
f 1306/1762/1000 1238/1761/1001 1240/1735/974
f 1306/1762/1000 1240/1735/974 1290/1734/973
f 1229/1763/1002 1105/1764/1002 1227/1765/1003
f 1227/1765/1003 1105/1764/1002 1107/1766/1004
f 1227/1765/1003 1107/1766/1004 1307/1767/1005
f 1307/1767/1005 1107/1766/1004 1308/1768/1006
f 1304/1758/995 1253/1757/994 1228/1769/1007
f 1304/1758/995 1228/1769/1007 1309/1770/1007
f 1309/1771/1007 1228/1772/1007 1227/1765/1003
f 1309/1771/1007 1227/1765/1003 1307/1767/1005
f 1006/1286/729 1005/1285/729 1047/1773/1008
f 1047/1773/1008 1005/1285/729 1310/1774/1009
f 1311/1775/1010 95/1776/1011 97/1777/1012
f 839/982/426 840/983/427 1312/1778/1013
f 1311/1775/1010 97/1777/1012 1312/1778/1013
f 1312/1778/1013 97/1777/1012 839/982/426
f 839/982/426 97/1777/1012 98/1779/1014
f 839/982/426 98/1779/1014 838/981/424
f 1313/1780/1015 797/1781/1016 798/1782/1017
f 837/980/421 796/922/423 797/924/1016
f 798/1782/1017 1314/1783/1018 1313/1780/1015
f 1313/1780/1015 1314/1783/1018 1315/1784/1019
f 1313/1785/1015 1315/1786/1019 1316/1787/1020
f 1316/1787/1020 1315/1786/1019 1037/1788/1021
f 1316/1789/1020 1037/1790/1021 1036/1791/1022
f 1317/1792/1023 1316/1787/1020 1318/1793/1024
f 1318/1793/1024 1316/1787/1020 1036/1794/1022
f 1318/1793/1024 1036/1794/1022 1319/1795/1025
f 797/924/1016 1313/1785/1015 837/980/421
f 837/980/421 1313/1785/1015 1316/1787/1020
f 837/980/421 1316/1787/1020 836/979/420
f 836/979/420 1316/1787/1020 1317/1792/1023
f 836/979/420 1317/1792/1023 840/983/427
f 1319/1796/1026 1036/1797/1027 1035/1798/1028
f 1046/1799/1029 1047/1773/1008 1310/1774/1009
f 1310/1774/1009 1320/1800/1030 1046/1799/1029
f 1046/1799/1029 1320/1800/1030 1321/1801/1031
f 1046/1022/1029 1321/1802/1031 1035/1798/1028
f 1035/1798/1028 1321/1802/1031 96/1803/1032
f 1319/1796/1026 1035/1798/1028 1322/1804/1033
f 1322/1804/1033 1035/1798/1028 96/1803/1032
f 1322/1804/1033 96/1803/1032 94/1805/1034
f 1323/1806/1035 1322/1807/1036 1324/1808/1037
f 1324/1808/1037 1322/1807/1036 94/1809/1038
f 1324/1808/1037 94/1809/1038 93/1810/1039
f 1319/1795/1025 1322/1807/1036 1318/1793/1024
f 1318/1793/1024 1322/1807/1036 1323/1806/1035
f 1318/1793/1024 1323/1806/1035 1317/1792/1023
f 1317/1792/1023 1323/1806/1035 840/983/427
f 840/983/427 1323/1806/1035 1312/1778/1013
f 1312/1778/1013 1323/1806/1035 1324/1808/1037
f 1312/1778/1013 1324/1808/1037 1311/1775/1010
f 1311/1775/1010 1324/1808/1037 93/1810/1039
f 1311/1775/1010 93/1810/1039 95/1776/1011
f 1048/1811/1040 1325/1812/1041 1049/1813/1042
f 1049/1813/1042 1325/1812/1041 1326/1814/1042
f 1049/1813/1042 1326/1814/1042 1327/1815/1043
f 1049/1813/1042 1327/1815/1043 1044/1816/1044
f 1044/1817/1044 1327/1818/1043 1328/1819/1045
f 1044/1817/1044 1328/1819/1045 1050/1820/1045
f 1050/1820/1045 1328/1819/1045 1329/1821/1046
f 1050/1820/1045 1329/1821/1046 1051/1822/1046
f 1051/1822/1046 1329/1821/1046 1002/1282/727
f 1051/1822/1046 1002/1282/727 1001/1281/727
f 1330/1823/1047 1331/1824/1048 1332/1825/1049
f 1332/1825/1049 1331/1824/1048 691/792/1050
f 1332/1825/1049 691/792/1050 682/783/1051
f 1331/1824/1048 1333/1826/1052 691/792/1050
f 691/792/1050 1333/1826/1052 1334/1827/1053
f 691/792/1050 1334/1827/1053 697/799/1054
f 697/799/1054 1334/1827/1053 1335/1828/1055
f 697/1829/1054 1335/1830/1055 698/1831/363
f 698/1831/363 1335/1830/1055 1336/1832/1056
f 698/1831/363 1336/1832/1056 800/1833/364
f 680/781/1057 1337/1834/1058 682/783/1051
f 682/783/1051 1337/1834/1058 1338/1835/1059
f 682/783/1051 1338/1835/1059 1332/1825/1049
f 1332/1825/1049 1338/1835/1059 1330/1823/1047
f 454/490/266 453/489/265 677/1836/1060
f 677/1836/1060 453/489/265 913/1099/1061
f 677/1836/1060 913/1099/1061 678/1837/1062
f 678/1837/1062 913/1099/1061 915/1101/1063
f 678/1837/1062 915/1101/1063 680/1838/1057
f 680/1838/1057 915/1101/1063 1339/1839/1064
f 680/781/1057 1339/1840/1064 1337/1834/1058
f 926/1114/567 925/1841/566 144/1842/1065
f 144/1842/1065 925/1841/566 928/1843/570
f 928/1843/570 930/1844/572 144/1842/1065
f 144/1842/1065 930/1844/572 932/1845/574
f 144/1842/1065 932/1845/574 938/1846/586
f 938/1846/586 944/1847/597 144/1842/1065
f 144/1842/1065 944/1847/597 939/1848/589
f 144/1842/1065 939/1848/589 145/1849/588
f 920/1106/559 921/1107/561 160/1850/1066
f 160/1850/1066 921/1107/561 922/1108/562
f 160/1850/1066 922/1108/562 144/1842/1065
f 144/1842/1065 922/1108/562 923/1110/564
f 144/1842/1065 923/1110/564 926/1114/567
f 917/1103/555 916/1102/554 160/1850/1066
f 160/1850/1066 916/1102/554 919/1105/557
f 160/1850/1066 919/1105/557 920/1106/559
f 912/1098/549 911/1097/548 165/1851/1067
f 1339/1839/1068 915/1101/552 165/1851/1067
f 165/1851/1067 915/1101/552 914/1100/551
f 165/1851/1067 914/1100/551 912/1098/549
f 911/1097/548 910/1096/547 165/1851/1067
f 165/1851/1067 910/1096/547 909/1095/546
f 165/1851/1067 909/1095/546 162/1852/1069
f 162/1852/1069 909/1095/546 908/1094/545
f 908/1094/545 907/1093/543 162/1852/1069
f 162/1852/1069 907/1093/543 906/1092/542
f 162/1852/1069 906/1092/542 160/1850/1066
f 160/1850/1066 906/1092/542 918/1104/556
f 160/1850/1066 918/1104/556 917/1103/555
f 150/1853/1070 152/1854/1071 1331/1855/1072
f 1331/1855/1072 152/1854/1071 1040/1856/1073
f 1335/1830/1074 1334/1857/1074 1040/1856/1073
f 1040/1856/1073 1334/1857/1074 1333/1858/1074
f 1040/1856/1073 1333/1858/1074 1331/1855/1072
f 1040/1856/1073 1037/1859/1021 1315/1784/1019
f 1335/1830/1074 1040/1856/1073 1336/1832/1074
f 1336/1832/1074 1040/1856/1073 1315/1784/1019
f 1336/1832/1074 1315/1784/1019 1314/1783/1018
f 798/1782/1017 799/1860/1074 1314/1783/1018
f 1314/1783/1018 799/1860/1074 800/1833/1074
f 1314/1783/1018 800/1833/1074 1336/1832/1074
f 1339/1839/1068 165/1851/1067 1337/1861/1075
f 1337/1861/1075 165/1851/1067 148/1862/1076
f 1337/1861/1075 148/1862/1076 1338/1863/1077
f 1338/1863/1077 148/1862/1076 1330/1864/1078
f 1330/1864/1078 148/1862/1076 150/1865/1070
f 1330/1866/1078 150/1853/1070 1331/1855/1072
f 1325/1812/1041 1048/1811/1040 1340/1867/1079
f 1340/1867/1079 1048/1811/1040 1038/1868/1080
f 1340/1867/1079 1038/1868/1080 1341/1869/1081
f 1341/1869/1081 1038/1868/1080 156/1870/1082
f 156/1870/1082 1038/1868/1080 1039/1871/1083
f 156/1870/1082 1039/1871/1083 154/1872/1084
f 154/1872/1084 1039/1871/1083 1040/1873/1073
f 154/1872/1084 1040/1873/1073 152/1874/1071
f 905/1091/541 206/1090/540 205/1875/1085
f 896/1077/524 893/1070/513 905/1091/541
f 905/1091/541 205/1875/1085 896/1077/524
f 896/1077/524 205/1875/1085 216/1876/1086
f 896/1077/524 216/1876/1086 898/1079/526
f 898/1079/526 216/1876/1086 214/1140/598
f 898/1079/526 214/1140/598 900/1081/528
f 1342/1877/1087 1343/1878/1088 1344/1879/1089
f 1344/1879/1089 1343/1878/1088 1345/1880/1090
f 1344/1879/1089 1345/1880/1090 1346/1881/1091
f 1346/1881/1091 1345/1880/1090 1347/1882/1092
f 1346/1881/1091 1347/1882/1092 1348/1883/1093
f 1348/1883/1093 1347/1882/1092 1349/1884/1094
f 1350/1885/1095 1351/1886/1096 1349/1884/1094
f 1349/1884/1094 1351/1886/1096 1352/1887/1097
f 1349/1884/1094 1352/1887/1097 1348/1883/1093
f 861/1017/465 862/1888/468 1353/1889/1098
f 1353/1889/1098 862/1888/468 1354/1890/1099
f 1353/1889/1098 1354/1890/1099 1355/1891/1100
f 1355/1891/1100 1354/1890/1099 1356/1892/1101
f 1355/1891/1100 1356/1892/1101 1350/1885/1095
f 1350/1885/1095 1356/1892/1101 1357/1893/1102
f 1350/1885/1095 1357/1893/1102 1351/1886/1096
f 379/403/1103 1343/1878/1088 1358/1894/1104
f 1358/1894/1104 1343/1878/1088 1342/1877/1087
f 1358/1894/1104 1342/1877/1087 1359/1895/1105
f 379/403/1103 381/405/1106 1343/1878/1088
f 1343/1878/1088 381/405/1106 383/407/1107
f 1343/1878/1088 383/407/1107 1345/1880/1090
f 1345/1880/1090 383/407/1107 385/409/1108
f 1345/1880/1090 385/409/1108 1347/1882/1092
f 385/409/1108 388/412/1109 1347/1882/1092
f 1347/1882/1092 388/412/1109 390/414/1110
f 1347/1882/1092 390/414/1110 1349/1884/1094
f 1349/1884/1094 390/414/1110 392/1896/1111
f 1349/1884/1094 392/1896/1111 1350/1885/1095
f 392/1896/1111 394/1897/1112 1350/1885/1095
f 1350/1885/1095 394/1897/1112 396/1898/1113
f 1350/1885/1095 396/1898/1113 1355/1891/1100
f 1355/1891/1100 396/1898/1113 398/1899/1114
f 1355/1891/1100 398/1899/1114 1353/1889/1098
f 366/1018/466 861/1017/465 400/1900/1115
f 400/1900/1115 861/1017/465 1353/1889/1098
f 400/1900/1115 1353/1889/1098 402/1901/1116
f 402/1901/1116 1353/1889/1098 398/1899/1114
f 838/981/424 98/1779/1014 52/1902/1117
f 838/981/424 1360/1903/1118 868/1035/477
f 868/1035/477 1360/1903/1118 1361/1904/1119
f 868/1035/477 1361/1904/1119 869/1036/478
f 869/1036/478 1361/1904/1119 870/1037/479
f 870/1037/479 1361/1904/1119 1362/1905/1120
f 870/1037/479 1362/1905/1120 865/1031/473
f 1363/1906/1121 863/1024/470 867/1034/476
f 1363/1906/1121 867/1034/476 1362/1905/1120
f 1362/1905/1120 867/1034/476 866/1033/475
f 1362/1905/1120 866/1033/475 865/1031/473
f 838/981/424 52/1902/1117 1360/1903/1118
f 1360/1903/1118 52/1902/1117 51/1907/1122
f 1360/1903/1118 51/1907/1122 1361/1904/1119
f 1361/1904/1119 51/1907/1122 68/1908/1123
f 1361/1904/1119 68/1908/1123 1362/1905/1120
f 1362/1905/1120 68/1908/1123 67/1909/1124
f 1362/1905/1120 67/1909/1124 1363/1906/1121
f 1363/1906/1121 67/1909/1124 65/1910/1125
f 1363/1906/1121 65/1910/1125 1364/1911/1126
f 1364/1911/1126 862/1912/468 1363/1906/1121
f 1363/1913/1121 862/1029/468 864/1028/471
f 1363/1906/1121 864/1026/471 863/1024/470
f 1365/1914/1127 1366/1915/1128 1367/1916/1129
f 1367/1916/1129 1366/1915/1128 1368/1917/1130
f 1367/1916/1129 1368/1917/1130 842/985/429
f 842/985/429 1368/1917/1130 843/986/430
f 406/436/1131 1365/1914/1127 405/435/1132
f 405/435/1132 1365/1914/1127 1367/1916/1129
f 405/435/1132 1367/1916/1129 365/387/445
f 365/387/445 1367/1916/1129 842/985/429
f 1369/1918/1133 79/1919/1134 81/1920/1135
f 848/991/435 843/986/430 1370/1921/1136
f 1370/1921/1136 843/986/430 1369/1918/1133
f 848/991/435 1370/1921/1136 849/992/436
f 849/992/436 1370/1921/1136 1371/1922/1137
f 849/992/436 1371/1922/1137 851/994/438
f 851/994/438 1371/1922/1137 852/995/439
f 852/995/439 1371/1922/1137 1372/1923/1138
f 852/995/439 1372/1923/1138 846/989/433
f 1369/1918/1133 81/1920/1135 1370/1921/1136
f 1370/1921/1136 81/1920/1135 83/1924/1139
f 1370/1921/1136 83/1924/1139 1371/1922/1137
f 1371/1922/1137 83/1924/1139 85/1925/1140
f 1371/1922/1137 85/1925/1140 1372/1923/1138
f 1372/1923/1138 85/1925/1140 124/999/449
f 1372/1923/1138 124/999/449 853/998/448
f 853/998/448 828/964/402 1372/1923/1138
f 1372/1923/1138 828/964/402 844/987/431
f 1372/1923/1138 844/987/431 846/989/433
f 1373/1926/1141 1374/1927/1142 1375/1928/1143
f 1375/1928/1143 1374/1927/1142 1376/1929/1144
f 1375/1928/1143 1376/1929/1144 1377/1930/1145
f 1377/1930/1145 1376/1929/1144 1378/1931/1146
f 1377/1930/1145 1378/1931/1146 1379/1932/1147
f 1379/1932/1147 1378/1931/1146 1380/1933/1148
f 1381/1934/1149 1382/1935/1150 1383/1936/1151
f 1383/1936/1151 1382/1935/1150 1384/1937/1152
f 1358/1894/1104 1359/1895/1105 1385/1938/1153
f 1385/1938/1153 1359/1895/1105 1386/1939/1154
f 1385/1938/1153 1386/1939/1154 1384/1937/1152
f 1384/1937/1152 1386/1939/1154 1387/1940/1155
f 1384/1937/1152 1387/1940/1155 1383/1936/1151
f 1374/1927/1142 412/442/1156 1376/1929/1144
f 1376/1929/1144 412/442/1156 411/441/1157
f 1376/1929/1144 411/441/1157 1378/1931/1146
f 1378/1931/1146 411/441/1157 420/450/1158
f 420/450/1158 418/448/1159 1378/1931/1146
f 1378/1931/1146 418/448/1159 1382/1935/1150
f 1378/1931/1146 1382/1935/1150 1380/1933/1148
f 1380/1933/1148 1382/1935/1150 1381/1934/1149
f 379/403/1103 1358/1894/1104 424/454/1160
f 424/454/1160 1358/1894/1104 1385/1938/1153
f 424/454/1160 1385/1938/1153 425/455/1161
f 425/455/1161 1385/1938/1153 1384/1937/1152
f 425/455/1161 1384/1937/1152 414/444/1162
f 414/444/1162 1384/1937/1152 1382/1935/1150
f 414/444/1162 1382/1935/1150 416/446/1163
f 416/446/1163 1382/1935/1150 418/448/1159
f 1364/1941/1126 65/1942/1125 64/1943/1164
f 862/1888/468 1364/1941/1126 1388/1944/1165
f 862/1888/468 1388/1944/1165 1354/1890/1099
f 1354/1890/1099 1388/1944/1165 1389/1945/1166
f 1354/1890/1099 1389/1945/1166 1356/1892/1101
f 1356/1892/1101 1389/1945/1166 1357/1893/1102
f 1357/1893/1102 1389/1945/1166 1390/1946/1167
f 1357/1893/1102 1390/1946/1167 1351/1886/1096
f 1364/1941/1126 64/1943/1164 1388/1944/1165
f 1388/1944/1165 64/1943/1164 54/1947/1168
f 1388/1944/1165 54/1947/1168 1389/1945/1166
f 1389/1945/1166 54/1947/1168 56/1948/1169
f 1389/1945/1166 56/1948/1169 1390/1946/1167
f 1390/1946/1167 56/1948/1169 58/1949/1170
f 1390/1946/1167 58/1949/1170 1391/1950/1171
f 1344/1879/1089 1346/1881/1091 1391/1950/1171
f 1391/1950/1171 1346/1881/1091 1348/1883/1093
f 1391/1950/1171 1348/1883/1093 1390/1946/1167
f 1390/1946/1167 1348/1883/1093 1352/1887/1097
f 1390/1946/1167 1352/1887/1097 1351/1886/1096
f 1392/1951/1172 60/1952/1173 62/1953/1174
f 1392/1951/1172 62/1953/1174 1393/1954/1175
f 1393/1954/1175 62/1953/1174 63/1955/1176
f 1393/1954/1175 63/1955/1176 1394/1956/1177
f 58/1949/1170 60/1952/1173 1391/1950/1171
f 1391/1950/1171 60/1952/1173 1392/1951/1172
f 1391/1950/1171 1392/1951/1172 1344/1879/1089
f 1344/1879/1089 1392/1951/1172 1393/1954/1175
f 1344/1879/1089 1393/1954/1175 1342/1877/1087
f 1342/1877/1087 1393/1954/1175 1394/1956/1177
f 1342/1877/1087 1394/1956/1177 1359/1895/1105
f 1365/1914/1127 406/436/1131 426/456/1178
f 1366/1915/1128 1365/1914/1127 1395/1957/1179
f 1365/1914/1127 426/456/1178 1395/1957/1179
f 1395/1957/1179 426/456/1178 427/457/1180
f 1395/1957/1179 427/457/1180 1396/1958/1181
f 1396/1958/1181 427/457/1180 428/458/1182
f 1396/1958/1181 428/458/1182 1397/1959/1183
f 1366/1915/1128 1395/1957/1179 1398/1960/1184
f 1398/1960/1184 1395/1957/1179 1396/1958/1181
f 1398/1960/1184 1396/1958/1181 1399/1961/1185
f 1399/1961/1185 1396/1958/1181 1397/1959/1183
f 1399/1961/1185 1397/1959/1183 1400/1962/1186
f 1366/1915/1128 104/1963/1187 106/1964/1188
f 106/1964/1188 79/1919/1134 1369/1918/1133
f 1366/1915/1128 106/1964/1188 1368/1917/1130
f 1368/1917/1130 106/1964/1188 1369/1918/1133
f 1368/1917/1130 1369/1918/1133 843/986/430
f 1374/1927/1142 1373/1926/1141 1401/1965/1189
f 1401/1965/1189 1373/1926/1141 1402/1966/1190
f 1401/1965/1189 1402/1966/1190 1403/1967/1191
f 1403/1967/1191 1402/1966/1190 1404/1968/1192
f 1403/1967/1191 1404/1968/1192 1397/1959/1183
f 1397/1959/1183 1404/1968/1192 1400/1962/1186
f 412/442/1156 1374/1927/1142 433/467/1193
f 433/467/1193 1374/1927/1142 1401/1965/1189
f 433/467/1193 1401/1965/1189 434/468/1194
f 434/468/1194 1401/1965/1189 1403/1967/1191
f 434/468/1194 1403/1967/1191 428/458/1182
f 428/458/1182 1403/1967/1191 1397/1959/1183
f 1394/1956/1177 63/1955/1176 69/1969/1195
f 1386/1939/1154 1359/1895/1105 1405/1970/1196
f 1405/1970/1196 1359/1895/1105 1394/1956/1177
f 1386/1939/1154 1405/1970/1196 1387/1940/1155
f 1387/1940/1155 1405/1970/1196 1406/1971/1197
f 1387/1940/1155 1406/1971/1197 1383/1936/1151
f 1407/1972/1198 1380/1933/1148 1406/1971/1197
f 1406/1971/1197 1380/1933/1148 1381/1934/1149
f 1406/1971/1197 1381/1934/1149 1383/1936/1151
f 1394/1956/1177 69/1969/1195 1405/1970/1196
f 1405/1970/1196 69/1969/1195 71/1973/1199
f 1405/1970/1196 71/1973/1199 1406/1971/1197
f 1406/1971/1197 71/1973/1199 72/1974/1200
f 1406/1971/1197 72/1974/1200 1407/1972/1198
f 1407/1972/1198 72/1974/1200 74/1975/1201
f 1407/1972/1198 74/1975/1201 1408/1976/1202
f 74/1975/1201 76/1977/1203 1408/1976/1202
f 1408/1976/1202 76/1977/1203 1409/1978/1204
f 1408/1976/1202 1409/1978/1204 1373/1926/1141
f 1373/1926/1141 1375/1928/1143 1408/1976/1202
f 1408/1976/1202 1375/1928/1143 1377/1930/1145
f 1408/1976/1202 1377/1930/1145 1407/1972/1198
f 1407/1972/1198 1377/1930/1145 1379/1932/1147
f 1407/1972/1198 1379/1932/1147 1380/1933/1148
f 1400/1962/1186 100/1979/1205 102/1980/1206
f 1400/1962/1186 102/1980/1206 1399/1961/1185
f 1399/1961/1185 102/1980/1206 103/1981/1207
f 1399/1961/1185 103/1981/1207 1398/1960/1184
f 1398/1960/1184 103/1981/1207 104/1963/1187
f 1398/1960/1184 104/1963/1187 1366/1915/1128
f 1409/1978/1204 76/1977/1203 78/1982/1208
f 1402/1966/1190 1373/1926/1141 1409/1978/1204
f 1409/1978/1204 78/1982/1208 1402/1966/1190
f 1402/1966/1190 78/1982/1208 99/1983/1209
f 1402/1966/1190 99/1983/1209 1404/1968/1192
f 1404/1968/1192 99/1983/1209 100/1979/1205
f 1404/1968/1192 100/1979/1205 1400/1962/1186
f 1410/1984/17 1411/1985/17 1412/1986/17
f 1412/1986/17 1411/1985/17 1413/1987/17
f 1412/1986/17 1413/1987/17 1414/1988/17
f 1415/1989/17 1416/1990/17 1412/1986/17
f 1412/1986/17 1416/1990/17 1417/1991/17
f 1412/1986/17 1417/1991/17 1410/1984/17
f 1418/1992/17 1419/1993/17 1412/1986/17
f 1412/1986/17 1419/1993/17 1420/1994/17
f 1412/1986/17 1420/1994/17 1415/1989/17
f 1414/1988/17 1421/1995/17 1412/1986/17
f 1412/1986/17 1421/1995/17 1422/1996/17
f 1412/1986/17 1422/1996/17 1418/1992/17
f 1423/1997/1210 1413/1998/1210 1424/1999/1210
f 1424/1999/1210 1413/1998/1210 1411/2000/1210
f 1424/2001/1211 1411/2002/1211 1425/2003/1212
f 1425/2003/1212 1411/2002/1211 1410/2004/1212
f 1425/2003/1212 1410/2004/1212 1426/2005/1213
f 1426/2005/1213 1410/2004/1212 1417/2006/1213
f 1426/2005/1213 1417/2006/1213 1427/2007/1214
f 1427/2007/1214 1417/2006/1213 1416/2008/1214
f 1427/2009/1215 1416/2010/1215 1428/2011/1216
f 1428/2011/1216 1416/2010/1215 1415/2012/1216
f 1428/2011/1216 1415/2012/1216 1429/2013/1217
f 1429/2013/1217 1415/2012/1216 1420/2014/1217
f 1429/2013/1218 1420/2014/1218 1430/2015/1218
f 1430/2015/1218 1420/2014/1218 1419/2016/1218
f 1430/2017/1219 1419/2018/1219 1431/2019/1219
f 1431/2019/1219 1419/2018/1219 1418/2020/1219
f 1431/2019/1220 1418/2020/1220 1432/2021/1221
f 1432/2021/1221 1418/2020/1220 1422/2022/1221
f 1432/2021/1221 1422/2022/1221 1433/2023/1222
f 1433/2023/1222 1422/2022/1221 1421/2024/1222
f 1433/2025/1223 1421/2026/1223 1434/2027/1224
f 1434/2027/1224 1421/2026/1223 1414/2028/1224
f 1434/2027/1224 1414/2028/1224 1423/1997/1225
f 1423/1997/1225 1414/2028/1224 1413/1998/1225
f 1435/2029/17 1436/2030/17 1437/2031/17
f 1437/2031/17 1436/2030/17 1438/2032/17
f 1437/2031/17 1438/2032/17 1439/2033/17
f 1440/2034/17 1441/2035/17 1437/2031/17
f 1437/2031/17 1441/2035/17 1442/2036/17
f 1437/2031/17 1442/2036/17 1435/2029/17
f 1443/2037/17 1444/2038/17 1437/2031/17
f 1437/2031/17 1444/2038/17 1445/2039/17
f 1437/2031/17 1445/2039/17 1440/2034/17
f 1439/2033/17 1446/2040/17 1437/2031/17
f 1437/2031/17 1446/2040/17 1447/2041/17
f 1437/2031/17 1447/2041/17 1443/2037/17
f 1448/2042/1210 1438/2043/1210 1449/2044/1226
f 1449/2044/1226 1438/2043/1210 1436/2045/1226
f 1449/2046/1226 1436/2047/1226 1450/2048/1211
f 1450/2048/1211 1436/2047/1226 1435/2049/1211
f 1450/2048/1227 1435/2049/1227 1451/2050/1213
f 1451/2050/1213 1435/2049/1227 1442/2051/1213
f 1451/2050/1213 1442/2051/1213 1452/2052/1214
f 1452/2052/1214 1442/2051/1213 1441/2053/1214
f 1452/2054/1215 1441/2055/1215 1453/2056/1215
f 1453/2056/1215 1441/2055/1215 1440/2057/1215
f 1453/2056/1217 1440/2057/1217 1454/2058/1217
f 1454/2058/1217 1440/2057/1217 1445/2059/1217
f 1454/2058/1218 1445/2059/1218 1455/2060/1218
f 1455/2060/1218 1445/2059/1218 1444/2061/1218
f 1455/2062/1219 1444/2063/1219 1456/2064/1228
f 1456/2064/1228 1444/2063/1219 1443/2065/1228
f 1456/2064/1228 1443/2065/1228 1457/2066/1221
f 1457/2066/1221 1443/2065/1228 1447/2067/1221
f 1457/2066/1221 1447/2067/1221 1458/2068/1222
f 1458/2068/1222 1447/2067/1221 1446/2069/1222
f 1458/2070/1223 1446/2071/1223 1459/2072/1224
f 1459/2072/1224 1446/2071/1223 1439/2073/1224
f 1459/2072/1224 1439/2073/1224 1448/2042/1225
f 1448/2042/1225 1439/2073/1224 1438/2043/1225
f 1112/2074/1229 1460/2075/1230 1111/2076/1231
f 1111/2076/1231 1460/2075/1230 1461/2077/1231
f 1145/2078/1232 1462/2079/1232 1144/2080/1233
f 1144/2080/1233 1462/2079/1232 1463/2081/1234
f 1464/2082/1235 1132/2083/1235 1130/2084/1236
f 1464/2082/1235 1130/2084/1236 1465/2085/1236
f 1465/2086/1236 1130/2087/1236 1128/2088/1237
f 1465/2086/1236 1128/2088/1237 1466/2089/1237
f 1466/2089/1237 1128/2088/1237 1126/2090/1238
f 1466/2089/1237 1126/2090/1238 1467/2091/1238
f 1467/2091/1238 1126/2090/1238 1109/2092/1239
f 1467/2091/1238 1109/2092/1239 1468/2093/1239
f 1468/2093/1239 1109/2092/1239 1108/2094/1240
f 1468/2093/1239 1108/2094/1240 1469/2095/1240
f 1469/2096/1240 1108/2097/1240 1106/2098/1241
f 1469/2096/1240 1106/2098/1241 1470/2099/1241
f 1470/2099/1241 1106/2098/1241 1116/2100/1242
f 1470/2099/1241 1116/2100/1242 1471/2101/1242
f 1471/2101/1242 1116/2100/1242 1118/2102/1243
f 1471/2101/1242 1118/2102/1243 1472/2103/1243
f 1472/2104/1243 1118/2105/1243 1120/2106/1244
f 1472/2104/1243 1120/2106/1244 1473/2107/1244
f 1473/2107/1244 1120/2106/1244 1097/2108/1245
f 1473/2107/1244 1097/2108/1245 1474/2109/1245
f 1474/2109/1245 1097/2108/1245 1096/2110/1246
f 1474/2109/1245 1096/2110/1246 1475/2111/1246
f 1476/2112/17 1477/2113/17 1478/2114/17
f 1478/2114/17 1477/2113/17 1479/2115/17
f 1478/2114/17 1479/2115/17 1480/2116/17
f 1480/2116/17 1479/2115/17 1481/2117/17
f 1480/2116/17 1481/2117/17 1482/2118/17
f 1483/2119/17 1484/2120/17 1485/2121/17
f 1485/2121/17 1484/2120/17 1486/2122/17
f 1485/2121/17 1486/2122/17 1487/2123/17
f 1487/2123/17 1486/2122/17 1488/2124/17
f 1487/2123/17 1488/2124/17 1489/2125/17
f 1489/2125/17 1488/2124/17 1490/2126/17
f 1489/2125/17 1490/2126/17 1491/2127/17
f 1491/2127/17 1490/2126/17 1492/2128/17
f 1491/2127/17 1492/2128/17 1493/2129/17
f 1493/2129/17 1492/2128/17 1494/2130/17
f 1493/2129/17 1494/2130/17 1476/2112/17
f 1476/2112/17 1494/2130/17 1495/2131/17
f 1476/2112/17 1495/2131/17 1477/2113/17
f 1496/2132/17 1497/2133/17 1498/2134/17
f 1498/2134/17 1497/2133/17 1499/2135/17
f 1499/2135/17 1497/2133/17 1500/2136/17
f 1499/2135/17 1500/2136/17 1501/2137/17
f 1502/2138/17 1496/2132/17 1503/2139/17
f 1481/2117/17 1504/2140/17 1482/2118/17
f 1482/2118/17 1504/2140/17 1505/2141/17
f 1482/2118/17 1505/2141/17 1506/2142/17
f 1506/2142/17 1505/2141/17 1507/2143/17
f 1506/2142/17 1507/2143/17 1503/2139/17
f 1503/2139/17 1507/2143/17 1508/2144/17
f 1503/2139/17 1508/2144/17 1502/2138/17
f 1502/2138/17 1509/2145/17 1496/2132/17
f 1496/2132/17 1509/2145/17 1510/2146/17
f 1496/2132/17 1510/2146/17 1511/2147/17
f 1511/2147/17 1510/2146/17 1512/2148/21
f 1511/2147/17 1512/2148/21 1513/2149/28
f 1498/2134/17 1514/2150/17 1496/2132/17
f 1496/2132/17 1514/2150/17 1515/2151/17
f 1496/2132/17 1515/2151/17 1503/2139/17
f 1503/2139/17 1515/2151/17 1516/2152/17
f 1503/2139/17 1516/2152/17 1483/2119/17
f 1483/2119/17 1516/2152/17 1517/2153/17
f 1483/2119/17 1517/2153/17 1484/2120/17
f 1518/2154/1247 1519/2155/1247 1520/2156/1217
f 1520/2156/1217 1519/2155/1247 1521/2157/1217
f 1520/2156/1215 1521/2157/1215 1522/2158/1248
f 1522/2158/1248 1521/2157/1215 1523/2159/1248
f 1522/2160/1248 1523/2161/1248 1524/2162/1214
f 1524/2162/1214 1523/2161/1248 1525/2163/1214
f 1524/2162/1227 1525/2163/1227 1526/2164/1212
f 1526/2164/1212 1525/2163/1227 1527/2165/1212
f 1526/2164/1212 1527/2165/1212 1528/2166/1226
f 1528/2166/1226 1527/2165/1212 1529/2167/1226
f 1528/2168/1226 1529/2169/1226 1530/2170/1249
f 1530/2170/1249 1529/2169/1226 1531/2171/1249
f 1530/2170/1249 1531/2171/1249 1532/2172/1225
f 1532/2172/1225 1531/2171/1249 1533/2173/1225
f 1532/2172/1223 1533/2173/1223 1534/2174/1250
f 1534/2174/1250 1533/2173/1223 1535/2175/1250
f 1534/2176/1250 1535/2177/1250 1536/2178/1222
f 1536/2178/1222 1535/2177/1250 1537/2179/1222
f 1536/2178/1220 1537/2179/1220 1538/2180/1228
f 1538/2180/1228 1537/2179/1220 1539/2181/1228
f 1538/2180/1228 1539/2181/1228 1540/2182/1219
f 1540/2182/1219 1539/2181/1228 1541/2183/1219
f 1540/2184/1218 1541/2185/1218 1518/2154/1247
f 1518/2154/1247 1541/2185/1218 1519/2155/1247
f 1542/2186/1251 1543/2187/1252 1544/2188/1253
f 1545/2189/1247 1546/2190/1254 1547/2191/1255
f 1547/2191/1255 1546/2190/1254 1548/2192/1256
f 1547/2191/1255 1548/2192/1256 1549/2193/1257
f 1543/2187/1252 1550/2194/1258 1544/2188/1253
f 1544/2188/1253 1550/2194/1258 1551/2195/1259
f 1544/2188/1253 1551/2195/1259 1548/2192/1256
f 1548/2192/1256 1551/2195/1259 1552/2196/1260
f 1548/2192/1256 1552/2196/1260 1549/2193/1257
f 1542/2197/1251 1544/2198/1253 1553/2199/1261
f 1553/2199/1261 1544/2198/1253 1554/2200/1262
f 1553/2199/1261 1554/2200/1262 1555/2201/1213
f 1556/2202/1263 1557/2203/1264 1554/2200/1262
f 1554/2200/1262 1557/2203/1264 1555/2201/1213
f 1558/2204/1265 1559/2205/1266 1560/2206/1267
f 1560/2206/1267 1559/2205/1266 1561/2207/1268
f 1560/2206/1267 1561/2207/1268 1556/2202/1263
f 1556/2202/1263 1561/2207/1268 1562/2208/1269
f 1556/2202/1263 1562/2208/1269 1557/2203/1264
f 1563/2209/1270 1564/2210/1271 1560/2211/1267
f 1560/2206/1267 1564/2212/1271 1565/2213/1272
f 1560/2206/1267 1565/2213/1272 1558/2204/1265
f 1566/2214/1273 1567/2215/1274 1563/2209/1270
f 1563/2209/1270 1567/2215/1274 1568/2216/1249
f 1563/2209/1270 1568/2216/1249 1564/2210/1271
f 1569/2217/1275 1570/2218/1276 1571/2219/1277
f 1571/2219/1277 1570/2218/1276 1572/2220/1278
f 1571/2219/1277 1572/2220/1278 1566/2214/1273
f 1566/2214/1273 1572/2220/1278 1573/2221/1279
f 1566/2214/1273 1573/2221/1279 1567/2215/1274
f 1574/2222/1280 1575/2223/1221 1576/2224/1281
f 1574/2222/1280 1576/2224/1281 1571/2225/1277
f 1571/2225/1277 1576/2224/1281 1577/2226/1282
f 1571/2219/1277 1577/2227/1282 1569/2217/1275
f 1578/2228/1283 1579/2229/1284 1574/2222/1280
f 1574/2222/1280 1579/2229/1284 1580/2230/1285
f 1574/2222/1280 1580/2230/1285 1575/2223/1221
f 1581/2231/1286 1578/2228/1283 1582/2232/1287
f 1582/2232/1287 1578/2228/1283 1583/2233/1288
f 1581/2231/1286 1584/2234/1289 1578/2228/1283
f 1578/2228/1283 1584/2234/1289 1585/2235/1290
f 1578/2228/1283 1585/2235/1290 1579/2229/1284
f 1545/2189/1247 1586/2236/1291 1546/2190/1254
f 1546/2190/1254 1586/2236/1291 1587/2237/1292
f 1546/2190/1254 1587/2237/1292 1583/2238/1288
f 1583/2238/1288 1587/2237/1292 1588/2239/1293
f 1583/2233/1288 1588/2240/1293 1582/2232/1287
f 1534/2241/304 1571/2242/304 1532/2243/304
f 1532/2243/304 1571/2242/304 1566/2244/304
f 1532/2243/304 1566/2244/304 1530/2245/304
f 1530/2245/304 1566/2244/304 1563/2246/304
f 1530/2245/304 1563/2246/304 1528/2247/304
f 1528/2247/304 1563/2246/304 1560/2248/304
f 1528/2247/304 1560/2248/304 1526/2249/304
f 1526/2249/304 1560/2248/304 1556/2250/304
f 1526/2249/304 1556/2250/304 1524/2251/304
f 1524/2251/304 1556/2250/304 1554/2252/304
f 1524/2251/304 1554/2252/304 1522/2253/304
f 1522/2253/304 1554/2252/304 1544/2254/304
f 1522/2253/304 1544/2254/304 1520/2255/304
f 1520/2255/304 1544/2254/304 1548/2256/304
f 1520/2255/304 1548/2256/304 1518/2257/304
f 1518/2257/304 1548/2256/304 1546/2258/304
f 1518/2257/304 1546/2258/304 1540/2259/304
f 1540/2259/304 1546/2258/304 1583/2260/304
f 1540/2259/304 1583/2260/304 1538/2261/304
f 1538/2261/304 1583/2260/304 1578/2262/304
f 1538/2261/304 1578/2262/304 1536/2263/304
f 1536/2263/304 1578/2262/304 1574/2264/304
f 1536/2263/304 1574/2264/304 1534/2241/304
f 1534/2241/304 1574/2264/304 1571/2242/304
f 1589/2265/1294 1590/2266/1295 1511/2267/1296
f 1511/2267/1296 1590/2266/1295 1496/2268/1297
f 1590/2269/1295 1591/2270/1298 1496/2271/1297
f 1496/2271/1297 1591/2270/1298 1592/2272/1299
f 1496/2271/1297 1592/2272/1299 1497/2273/1300
f 1593/2274/1301 1500/2275/1302 1594/2276/1303
f 1594/2276/1303 1500/2275/1302 1497/2273/1300
f 1594/2276/1303 1497/2273/1300 1595/2277/1304
f 1595/2277/1304 1497/2273/1300 1592/2272/1299
f 6/6/5 5/5/5 1596/2278/1305
f 6/6/5 1596/2278/1305 1098/2279/1305
f 1098/2280/1305 1596/2281/1305 1090/1395/777
f 1098/2280/1305 1090/1395/777 1089/1394/776
f 1500/2275/1302 1593/2274/1301 1501/2282/1306
f 1501/2282/1306 1593/2274/1301 1597/2283/1307
f 1501/2282/1306 1597/2283/1307 1598/2284/1308
f 1/1/1 3/3/3 1597/2283/1307
f 1597/2283/1307 3/3/3 8/8/7
f 8/8/7 1599/2285/1309 1597/2283/1307
f 1597/2283/1307 1599/2285/1309 1600/2286/1310
f 1597/2283/1307 1600/2286/1310 1598/2284/1308
f 1601/2287/1311 1602/2288/1312 1603/2289/1313
f 1604/2290/1314 1605/2291/1315 1603/2289/1313
f 1603/2289/1313 1605/2291/1315 1606/2292/1316
f 1603/2289/1313 1606/2292/1316 1601/2287/1311
f 13/13/11 12/12/10 24/24/16
f 24/24/16 12/12/10 1603/2289/1313
f 24/24/16 1603/2289/1313 1607/2293/1317
f 1607/2293/1317 1603/2289/1313 1602/2288/1312
f 1589/2265/1294 1511/2267/1296 1603/2294/1313
f 1603/2294/1313 1511/2267/1296 1513/2295/1318
f 1603/2289/1313 1513/2296/1318 1604/2290/1314
f 1462/2079/1232 1145/2078/1232 1608/2297/1319
f 1608/2297/1319 1145/2078/1232 1146/2298/1319
f 1608/2299/1319 1146/2300/1319 1464/2082/1235
f 1464/2082/1235 1146/2300/1319 1132/2083/1235
f 1475/2111/1246 1096/2110/1246 1609/2301/1320
f 1609/2301/1320 1096/2110/1246 1110/2302/1320
f 1609/2301/1320 1110/2302/1320 1461/2077/1231
f 1461/2077/1231 1110/2302/1320 1111/2076/1231
f 1460/2075/1230 1112/2074/1229 1610/2303/1321
f 1610/2303/1321 1112/2074/1229 1102/2304/1322
f 1610/2303/1321 1102/2304/1322 1611/2305/1323
f 1611/2306/1323 1102/2307/1322 1612/2308/1324
f 1612/2308/1324 1102/2307/1322 1101/2309/1325
f 1612/2308/1324 1101/2309/1325 1613/2310/1326
f 1613/2310/1326 1101/2309/1325 1614/2311/1327
f 1614/2311/1327 1101/2309/1325 19/19/13
f 1614/2311/1327 19/19/13 21/21/14
f 1463/2081/1234 1615/2312/1328 1144/2080/1233
f 1144/2080/1233 1615/2312/1328 1142/2313/1329
f 1615/2312/1328 1616/2314/1330 1142/2313/1329
f 1142/2313/1329 1616/2314/1330 1617/2315/1331
f 1142/2313/1329 1617/2315/1331 1143/2316/1332
f 11/11/9 7/7/6 1618/2317/1333
f 1618/2317/1333 7/7/6 1143/2318/1332
f 1618/2319/1333 1143/2316/1332 1619/2320/1334
f 1619/2320/1334 1143/2316/1332 1617/2315/1331
f 1004/1284/728 1620/2321/1335 1003/1283/728
f 1003/1283/728 1620/2321/1335 1041/2322/1336
f 1041/2323/1336 1620/2324/1335 1042/2325/1337
f 1042/2325/1337 1620/2324/1335 1621/2326/1338
f 1042/2325/1337 1621/2326/1338 1622/2327/1339
f 1622/2327/1339 1621/2326/1338 1623/2328/1340
f 1623/2328/1340 1621/2326/1338 1095/1400/782
f 1623/2328/1340 1095/1400/782 1062/1363/749
f 1183/2329/838 1179/2330/832 1624/2331/1341
f 1183/2329/838 1624/2331/1341 1625/2332/1342
f 1625/2332/1342 1624/2331/1341 1113/2333/1343
f 1625/2332/1342 1113/2333/1343 1231/2334/1344
f 1231/2334/1344 1113/2333/1343 1105/1764/1002
f 1231/2334/1344 1105/1764/1002 1229/1763/1002
f 984/1242/692 1626/2335/1345 985/1244/694
f 985/1244/694 1626/2335/1345 1627/2336/1346
f 1308/1768/1006 1107/1766/1004 1626/2335/1345
f 1626/2335/1345 1107/1766/1004 1136/2337/1347
f 1626/2335/1345 1136/2337/1347 1627/2336/1346
f 1134/2338/1348 999/1279/726 1628/2339/1349
f 1628/2339/1349 999/1279/726 1000/1280/726
f 1134/2338/1348 1628/2339/1349 1135/2340/1350
f 1135/2340/1350 1628/2339/1349 1629/2341/1351
f 1135/2342/1350 1629/2343/1351 1630/2344/1352
f 1630/2344/1352 1629/2343/1351 1631/2345/1353
f 1631/2345/1353 1629/2343/1351 947/1146/604
f 1631/2345/1353 947/1146/604 946/1144/602
f 1092/1397/779 1091/1396/778 1147/2346/1354
f 1147/2346/1354 1091/1396/778 1632/2347/1354
f 1147/2346/1354 1632/2347/1354 1148/2348/1355
f 1148/2348/1355 1632/2347/1354 1633/2349/1355
f 1148/2350/1355 1633/2351/1355 997/1277/725
f 997/1277/725 1633/2351/1355 998/1278/725
f 1005/2352/1356 53/53/1357 1310/2353/1358
f 1310/2353/1358 53/53/1357 96/2354/1359
f 1310/2353/1358 96/2354/1359 1320/2355/1360
f 1320/2355/1360 96/2354/1359 1321/2356/1361
f 1029/2357/1362 50/50/1363 1027/2358/1364
f 1027/2358/1364 50/50/1363 30/30/1364
f 1027/2358/1364 30/30/1364 1025/2359/1365
f 1025/2359/1365 30/30/1364 29/29/1365
f 1025/2359/1365 29/29/1365 1023/2360/1366
f 1023/2360/1366 29/29/1365 77/77/1366
f 1023/2360/1366 77/77/1366 1021/2361/1367
f 1021/2361/1367 77/77/1366 75/75/1367
f 1021/2361/1367 75/75/1367 1019/2362/1368
f 1019/2362/1368 75/75/1367 73/73/1368
f 1019/1301/1368 73/2363/1368 1017/1299/1369
f 1017/1299/1369 73/2363/1368 70/2364/1369
f 1017/2365/1369 70/70/1369 1015/2366/1370
f 1015/2366/1370 70/70/1369 61/61/1370
f 1015/2366/1370 61/61/1370 1013/2367/1371
f 1013/2367/1371 61/61/1370 59/59/1371
f 1013/2367/1371 59/59/1371 1011/2368/1372
f 1011/2368/1372 59/59/1371 57/57/1372
f 1011/2368/1372 57/57/1372 1009/2369/1373
f 1009/2369/1373 57/57/1372 55/55/1373
f 1009/2369/1373 55/55/1373 1007/2370/1374
f 1007/2370/1374 55/55/1373 66/66/1374
f 1007/2370/1374 66/66/1374 1005/2352/1356
f 1005/2352/1356 66/66/1374 53/53/1357
f 50/50/1363 1029/2357/1362 1033/2371/1375
f 50/50/1363 1033/2371/1375 31/31/1375
f 31/31/1375 1033/2371/1375 2/2372/1376
f 31/31/1375 2/2372/1376 32/32/1377
f 1/2373/1378 34/34/1379 2/2372/1376
f 2/2372/1376 34/34/1379 32/32/1377
f 34/2374/1379 1/1/1378 1597/2283/1380
f 34/2374/1379 1597/2283/1380 43/2375/1380
f 43/43/1380 1597/2376/1380 1593/2377/1381
f 43/43/1380 1593/2377/1381 44/44/1382
f 46/46/1383 44/44/1382 1593/2377/1381
f 1593/2377/1381 1594/2378/1384 46/46/1383
f 46/2379/1383 1594/2276/1384 1595/2277/1385
f 46/2379/1383 1595/2277/1385 48/2380/1386
f 48/48/1386 1595/2381/1385 1592/2382/1387
f 48/48/1386 1592/2382/1387 49/49/1388
f 1589/2383/1389 118/117/1390 1590/2384/1391
f 1590/2384/1391 118/117/1390 49/49/1388
f 1590/2384/1391 49/49/1388 1591/2385/1392
f 1591/2270/1392 49/2386/1388 1592/2272/1387
f 118/117/1390 1589/2383/1389 1603/2387/1393
f 118/117/1390 1603/2387/1393 117/116/1394
f 117/116/1394 1603/2387/1393 12/2388/1395
f 117/116/1394 12/2388/1395 92/92/1396
f 14/2389/1397 41/41/1398 12/2388/1395
f 12/2388/1395 41/41/1398 92/92/1396
f 41/41/1398 14/2389/1397 1200/2390/1399
f 1202/2391/1400 126/2392/1401 125/2393/1402
f 41/2394/1398 1200/2395/1399 125/2396/1402
f 125/2397/1402 1200/2398/1399 1201/2399/1403
f 125/2397/1402 1201/2399/1403 1202/2400/1400
f 1202/2401/1400 1203/2402/1404 126/2403/1401
f 126/2403/1401 1203/2402/1404 1204/2404/1405
f 126/2405/1401 1204/2406/1405 128/2407/1406
f 128/127/1406 1204/2408/1405 1205/2409/1407
f 128/127/1406 1205/2409/1407 131/130/1408
f 1205/1590/1407 1206/1592/1409 131/2410/1408
f 131/2411/1408 1206/2412/1409 1207/2413/1410
f 131/2410/1408 1207/1594/1410 116/2414/1411
f 1207/1594/1410 1208/1597/1412 116/2414/1411
f 116/115/1411 1208/2415/1412 1212/2416/1413
f 116/115/1411 1212/2416/1413 90/90/1414
f 1212/1605/1413 1211/1603/1415 90/2417/1414
f 90/90/1414 1211/2418/1415 1210/2419/1416
f 90/90/1414 1210/2419/1416 110/109/1417
f 1210/2419/1416 1209/2420/1418 110/109/1417
f 110/109/1417 1209/2420/1418 1213/2421/1419
f 110/109/1417 1213/2421/1419 112/111/1420
f 1216/2422/1421 135/134/1422 1215/2423/1423
f 1215/2423/1423 135/134/1422 112/111/1420
f 1215/2423/1423 112/111/1420 1214/2424/1424
f 1214/2424/1424 112/111/1420 1213/2421/1419
f 135/134/1422 1216/2422/1421 1287/2425/1425
f 135/134/1422 1287/2425/1425 136/135/1426
f 136/135/1426 1287/2425/1425 1285/2426/1427
f 136/135/1426 1285/2426/1427 119/118/1428
f 119/118/1428 1285/2426/1427 1284/2427/1429
f 119/118/1428 1284/2427/1429 120/119/1430
f 120/119/1430 1284/2427/1429 1283/2428/1431
f 120/119/1430 1283/2428/1431 121/120/1432
f 121/2429/1432 1283/1722/1431 1282/1720/1433
f 121/2429/1432 1282/1720/1433 134/2430/1433
f 134/133/1433 1282/2431/1433 1281/2432/1434
f 134/133/1433 1281/2432/1434 113/112/1434
f 113/112/1434 1281/2432/1434 1265/2433/1435
f 113/112/1434 1265/2433/1435 111/110/1436
f 111/110/1436 1265/2433/1435 1266/2434/1437
f 111/110/1436 1266/2434/1437 109/108/1437
f 109/108/1437 1266/2434/1437 1267/2435/1438
f 109/108/1437 1267/2435/1438 88/88/1439
f 1163/2436/1440 91/91/1441 1264/2437/1442
f 1264/2437/1442 91/91/1441 89/89/1443
f 88/88/1439 1267/2435/1438 89/89/1443
f 89/89/1443 1267/2435/1438 1268/2438/1444
f 89/89/1443 1268/2438/1444 1264/2437/1442
f 23/2439/1445 24/2440/1446 1607/2441/1447
f 1605/2442/1448 17/2443/1449 1606/2444/1450
f 1606/2444/1450 17/2443/1449 22/2445/1451
f 1606/2444/1450 22/2445/1451 1601/2446/1452
f 1601/2446/1452 22/2445/1451 23/2439/1445
f 1601/2446/1452 23/2439/1445 1602/2447/1453
f 1602/2447/1453 23/2439/1445 1607/2441/1447
f 1509/2145/1454 1502/2138/1455 1460/2448/1456
f 1460/2448/1456 1610/2449/1457 1509/2145/1454
f 1509/2145/1454 1610/2449/1457 1611/2450/1458
f 1509/2145/1454 1611/2450/1458 1510/2146/1459
f 1611/2450/1458 1612/2451/1460 1510/2146/1459
f 1510/2146/1459 1612/2451/1460 1613/2452/1461
f 1510/2453/1459 1613/2454/1461 1512/2455/1462
f 1512/2148/1462 1613/2452/1461 1614/2456/1463
f 1512/2148/1462 1614/2456/1463 1513/2149/1464
f 1513/2149/1464 1614/2456/1463 21/2457/1465
f 1513/2296/1464 21/21/1465 1604/2290/1466
f 1604/2458/1466 21/2459/1465 20/2460/1467
f 1604/2458/1466 20/2460/1467 1605/2461/1448
f 1605/2291/1448 20/20/1467 18/18/1468
f 1605/2442/1448 18/2462/1468 17/2443/1449
f 1508/2144/1469 1461/2463/1470 1502/2138/1455
f 1502/2138/1455 1461/2463/1470 1460/2448/1456
f 1461/2077/1470 1508/2464/1469 1609/2301/1471
f 1609/2301/1471 1508/2464/1469 1507/2465/1471
f 1609/2466/1471 1507/2143/1471 1475/2467/1472
f 1475/2467/1472 1507/2143/1471 1505/2141/1473
f 1599/2468/1474 8/2469/1475 9/2470/1476
f 1599/2468/1474 9/2470/1476 1600/2471/1477
f 1600/2471/1477 9/2470/1476 10/2472/1478
f 1600/2286/1477 10/10/1478 1598/2284/1479
f 1598/2473/1479 10/2474/1478 1501/2475/1480
f 1501/2282/1480 10/10/1478 11/11/1481
f 1501/2137/1480 11/2476/1481 1499/2135/1482
f 1499/2135/1482 11/2476/1481 1618/2477/1483
f 1499/2135/1482 1618/2477/1483 1498/2134/1484
f 1618/2319/1483 1619/2320/1485 1498/2478/1484
f 1498/2479/1484 1619/2480/1485 1617/2481/1486
f 1498/2478/1484 1617/2315/1486 1514/2482/1487
f 1463/2483/1488 1515/2151/1489 1615/2484/1490
f 1615/2484/1490 1515/2151/1489 1514/2150/1487
f 1615/2484/1490 1514/2150/1487 1616/2485/1491
f 1616/2314/1491 1514/2482/1487 1617/2315/1486
f 1484/2120/1492 1464/2486/1493 1465/2487/1494
f 1484/2120/1492 1465/2487/1494 1486/2122/1494
f 1486/2122/1494 1465/2487/1494 1466/2488/1495
f 1486/2122/1494 1466/2488/1495 1488/2124/1495
f 1488/2124/1495 1466/2488/1495 1467/2489/1496
f 1488/2124/1495 1467/2489/1496 1490/2126/1496
f 1490/2490/1496 1467/2091/1496 1468/2093/1497
f 1490/2490/1496 1468/2093/1497 1492/2491/1497
f 1492/2128/1497 1468/2492/1497 1469/2493/1498
f 1492/2128/1497 1469/2493/1498 1494/2130/1498
f 1494/2130/1498 1469/2493/1498 1470/2494/1499
f 1494/2130/1498 1470/2494/1499 1495/2131/1499
f 1495/2495/1499 1470/2099/1499 1471/2101/1500
f 1495/2495/1499 1471/2101/1500 1477/2496/1501
f 1477/2113/1501 1471/2497/1500 1472/2498/1502
f 1477/2113/1501 1472/2498/1502 1479/2115/1502
f 1479/2115/1502 1472/2498/1502 1473/2499/1503
f 1479/2115/1502 1473/2499/1503 1481/2117/1503
f 1481/2500/1503 1473/2107/1503 1474/2109/1504
f 1481/2500/1503 1474/2109/1504 1504/2501/1504
f 1504/2140/1504 1474/2502/1504 1475/2467/1472
f 1504/2140/1504 1475/2467/1472 1505/2141/1473
f 1462/2503/1505 1516/2152/1506 1463/2483/1488
f 1463/2483/1488 1516/2152/1506 1515/2151/1489
f 1464/2486/1493 1484/2120/1492 1608/2504/1507
f 1608/2504/1507 1484/2120/1492 1517/2153/1507
f 1608/2504/1507 1517/2153/1507 1462/2503/1505
f 1462/2503/1505 1517/2153/1507 1516/2152/1506
f 1289/2505/1508 1165/2506/1509 1166/2507/1510
f 1230/2508/1511 1182/2509/1512 1231/2510/1513
f 1231/2511/1513 1182/2512/1512 1183/2513/1514
f 1231/2511/1513 1183/2513/1514 1625/2514/1515
f 1239/1648/1516 1286/2515/1517 1167/2516/1518
f 1167/2516/1518 1286/2515/1517 1166/2507/1510
f 1166/2507/1510 1286/2515/1517 1288/2517/1519
f 1166/2507/1510 1288/2517/1519 1289/2505/1508
f 1239/1648/1516 1167/2516/1518 1241/1650/1520
f 1241/1650/1520 1167/2516/1518 1168/2518/1521
f 1241/2519/1520 1168/2520/1521 1243/2521/1522
f 1168/2522/1521 1169/2523/1523 1243/2524/1522
f 1243/2524/1522 1169/2523/1523 1170/2525/1524
f 1243/2526/1522 1170/2527/1524 1245/2528/1525
f 1170/2529/1524 1171/2530/1526 1245/2531/1525
f 1245/2531/1525 1171/2530/1526 1172/2532/1527
f 1245/2533/1525 1172/1509/1527 1247/2534/1528
f 1172/1509/1527 1173/1512/1529 1247/2534/1528
f 1247/2535/1528 1173/2536/1529 1174/2537/1530
f 1247/2538/1528 1174/2539/1530 1249/2540/1531
f 1174/2541/1530 1175/2542/1532 1249/2543/1531
f 1249/2543/1531 1175/2542/1532 1176/2544/1533
f 1249/2545/1531 1176/2546/1533 1251/2547/1534
f 1176/2548/1533 1177/2549/1535 1251/2550/1534
f 1251/2550/1534 1177/2549/1535 1178/2551/1536
f 1251/2552/1534 1178/2553/1536 1230/2554/1511
f 1230/2555/1511 1178/2556/1536 1181/2557/1537
f 1230/2555/1511 1181/2557/1537 1182/2558/1512
f 158/159/1538 1326/2559/1539 156/157/1540
f 156/157/1540 1326/2559/1539 1325/2560/1540
f 156/157/1540 1325/2560/1540 1341/2561/1540
f 1341/2561/1540 1325/2560/1540 1340/2562/1540
f 166/2563/1541 1002/1282/1542 1329/1821/1543
f 166/2563/1541 1329/1821/1543 167/2564/1544
f 167/168/1544 1329/2565/1543 1328/2566/1545
f 167/168/1544 1328/2566/1545 168/169/1545
f 168/169/1545 1328/2566/1545 1327/2567/1546
f 168/169/1545 1327/2567/1546 178/179/1546
f 178/179/1546 1327/2567/1546 1326/2559/1539
f 178/179/1546 1326/2559/1539 158/159/1538
f 177/178/1547 1004/2568/1548 166/167/1541
f 166/167/1541 1004/2568/1548 1002/2569/1542
f 159/2570/1549 1095/1400/1550 1621/2326/1551
f 159/2570/1549 1621/2326/1551 175/2571/1551
f 175/176/1551 1621/2572/1551 1620/2573/1552
f 175/176/1551 1620/2573/1552 176/177/1552
f 176/177/1552 1620/2573/1552 1004/2568/1548
f 176/177/1552 1004/2568/1548 177/178/1547
f 155/2574/1553 1091/2575/1554 157/158/1555
f 157/158/1555 1091/2575/1554 1093/2576/1556
f 157/158/1555 1093/2576/1556 159/160/1549
f 159/2570/1549 1093/1398/1556 1094/1399/1557
f 159/2577/1549 1094/2578/1557 1095/2579/1550
f 1091/2575/1554 155/2574/1553 1632/2580/1558
f 1632/2580/1558 155/2574/1553 153/152/1558
f 1632/2580/1558 153/152/1558 1633/2581/1559
f 1633/2581/1559 153/152/1558 151/150/1559
f 1633/2581/1559 151/150/1559 998/2582/1560
f 998/2582/1560 151/150/1559 149/148/1561
f 174/175/1562 1000/2583/1563 149/148/1561
f 149/148/1561 1000/2583/1563 998/2582/1560
f 164/165/1564 947/2584/1565 1629/2585/1566
f 164/165/1564 1629/2585/1566 172/173/1567
f 172/173/1567 1629/2585/1566 1628/2586/1568
f 172/173/1567 1628/2586/1568 173/174/1568
f 173/174/1568 1628/2586/1568 1000/2583/1563
f 173/174/1568 1000/2583/1563 174/175/1562
f 215/2587/1569 217/2588/1570 983/2589/1571
f 983/2590/1571 217/218/1570 984/2591/1572
f 983/2592/1571 986/2593/1573 215/2594/1569
f 215/2594/1569 986/2593/1573 987/2595/1574
f 215/2596/1569 987/2597/1574 213/2598/1575
f 213/2599/1575 987/2600/1574 988/2601/1576
f 213/2602/1575 988/1252/1576 171/2603/1577
f 988/1252/1576 989/1254/1578 171/2603/1577
f 171/172/1577 989/2604/1578 990/2605/1579
f 171/172/1577 990/2605/1579 147/146/1580
f 990/1256/1579 991/1258/1581 147/2606/1580
f 147/146/1580 991/2607/1581 992/2608/1582
f 147/146/1580 992/2608/1582 146/145/1583
f 992/2608/1582 993/2609/1584 146/145/1583
f 146/145/1583 993/2609/1584 995/2610/1585
f 146/145/1583 995/2610/1585 161/162/1586
f 161/162/1586 995/2610/1585 994/2611/1586
f 161/162/1586 994/2611/1586 163/164/1587
f 947/2584/1565 164/165/1564 948/2612/1588
f 948/2613/1588 164/2614/1564 163/2615/1587
f 948/2612/1588 163/164/1587 996/2616/1589
f 996/2616/1589 163/164/1587 994/2611/1586
f 186/2617/1590 1308/1768/1591 1626/2335/1592
f 186/2617/1590 1626/2335/1592 218/2618/1592
f 218/219/1592 1626/2619/1592 984/2591/1572
f 218/219/1592 984/2591/1572 217/218/1570
f 184/185/1593 1307/2620/1594 186/187/1590
f 186/187/1590 1307/2620/1594 1308/2621/1591
f 201/202/1595 1304/2622/1596 1309/2623/1597
f 201/202/1595 1309/2623/1597 200/201/1598
f 200/201/1598 1309/2623/1597 1307/2620/1594
f 200/201/1598 1307/2620/1594 184/185/1593
f 189/190/1599 188/189/1600 1290/2624/1601
f 1290/2624/1601 1291/2625/1602 189/190/1599
f 189/190/1599 1291/2625/1602 1293/2626/1603
f 189/2627/1599 1293/2628/1603 180/2629/1604
f 1293/2630/1603 1292/2631/1605 180/2632/1604
f 180/2632/1604 1292/2631/1605 1297/2633/1606
f 180/2634/1604 1297/2635/1606 140/2636/1607
f 1297/2637/1606 1296/2638/1608 140/2639/1607
f 140/2640/1607 1296/1744/1608 1295/1742/1609
f 140/2640/1607 1295/1742/1609 141/2641/1610
f 1295/2642/1609 1294/2643/1611 141/2644/1610
f 141/2644/1610 1294/2643/1611 1298/2645/1612
f 141/2646/1610 1298/2647/1612 195/2648/1613
f 195/196/1613 1298/2649/1612 1299/2650/1614
f 195/196/1613 1299/2650/1614 143/142/1615
f 1299/1748/1614 1300/1750/1616 143/2651/1615
f 143/142/1615 1300/2652/1616 1301/2653/1617
f 143/142/1615 1301/2653/1617 139/138/1618
f 1304/2622/1596 201/202/1595 1303/2654/1619
f 1303/2654/1619 201/202/1595 139/138/1618
f 1303/2654/1619 139/138/1618 1302/2655/1620
f 1302/2655/1620 139/138/1618 1301/2653/1617
f 1290/2624/1601 188/189/1600 210/211/1621
f 1290/2624/1601 210/211/1621 1306/2656/1621
f 1306/1762/1621 210/2657/1621 209/2658/1622
f 1306/1762/1621 209/2658/1622 1305/1760/1623
f 1305/2659/1623 209/210/1622 208/209/1624
f 1305/2659/1623 208/209/1624 1269/2660/1625
f 204/205/1626 1277/2661/1627 1275/2662/1628
f 1269/2660/1625 208/209/1624 1270/2663/1629
f 1270/2663/1629 208/209/1624 204/205/1626
f 1270/2663/1629 204/205/1626 1279/2664/1630
f 1279/2664/1630 204/205/1626 1275/2662/1628
f 1279/2664/1630 1275/2662/1628 1274/2665/1631
f 204/205/1626 203/204/1632 1220/2666/1633
f 1220/2666/1633 1273/2667/1634 204/205/1626
f 204/205/1626 1273/2667/1634 1278/2668/1635
f 204/205/1626 1278/2668/1635 1277/2661/1627
f 1631/2669/1636 946/2670/1637 945/2671/1638
f 1631/2669/1636 945/2671/1638 1630/2672/1639
f 985/2673/1640 1627/2674/1641 982/2675/1642
f 982/2675/1642 1627/2674/1641 1136/1446/1643
f 982/2675/1642 1136/1446/1643 1137/1447/1644
f 1630/2672/1639 945/2671/1638 1135/1445/1645
f 1135/1445/1645 945/2671/1638 949/2676/1646
f 1135/1445/1645 949/2676/1646 1133/1443/1647
f 1133/1443/1647 949/2676/1646 950/2677/1648
f 1133/2678/1647 950/2679/1648 1141/2680/1649
f 950/2681/1648 951/2682/1650 1141/2683/1649
f 1141/2683/1649 951/2682/1650 952/2684/1651
f 1141/2685/1649 952/2686/1651 1140/2687/1652
f 952/2688/1651 954/2689/1653 1140/2690/1652
f 1140/2690/1652 954/2689/1653 953/2691/1654
f 1140/2692/1652 953/2693/1654 1139/2694/1655
f 953/2695/1654 955/2696/1656 1139/2697/1655
f 1139/2697/1655 955/2696/1656 956/2698/1657
f 1139/2699/1655 956/2700/1657 1152/2701/1658
f 956/2702/1657 957/2703/1659 1152/2704/1658
f 1152/2704/1658 957/2703/1659 958/2705/1660
f 1152/2706/1658 958/2707/1660 1151/2708/1661
f 958/2709/1660 959/2710/1662 1151/2711/1661
f 1151/2711/1661 959/2710/1662 960/2712/1663
f 1151/2713/1661 960/2714/1663 1150/2715/1664
f 960/2716/1663 961/2717/1665 1150/2718/1664
f 1150/2718/1664 961/2717/1665 962/2719/1666
f 1150/2720/1664 962/2721/1666 1149/2722/1667
f 962/2723/1666 963/2724/1668 1149/2725/1667
f 1149/2725/1667 963/2724/1668 964/2726/1669
f 1149/2727/1667 964/2728/1669 1099/2729/1670
f 964/2730/1669 965/2731/1671 1099/2732/1670
f 1099/2732/1670 965/2731/1671 966/2733/1672
f 1099/2734/1670 966/2735/1672 1100/2736/1673
f 966/2737/1672 967/2738/1674 1100/2739/1673
f 1100/2739/1673 967/2738/1674 968/2740/1675
f 1100/2741/1673 968/2742/1675 1131/2743/1676
f 968/2744/1675 969/2745/1677 1131/2746/1676
f 1131/2746/1676 969/2745/1677 970/2747/1678
f 1131/2748/1676 970/2749/1678 1129/2750/1679
f 970/2751/1678 971/2752/1680 1129/2753/1679
f 1129/2753/1679 971/2752/1680 972/2754/1681
f 1129/2755/1679 972/2756/1681 1127/2757/1682
f 972/2758/1681 973/2759/1683 1127/2760/1682
f 1127/2760/1682 973/2759/1683 974/2761/1684
f 1127/2762/1682 974/2763/1684 1125/2764/1685
f 974/2705/1684 975/2765/1686 1125/2766/1685
f 1125/2766/1685 975/2765/1686 976/2702/1687
f 1125/2767/1685 976/2768/1687 1124/2769/1688
f 976/2770/1687 977/2771/1689 1124/2772/1688
f 1124/2772/1688 977/2771/1689 978/2773/1690
f 1124/2774/1688 978/2775/1690 1138/2776/1691
f 978/2777/1690 979/2778/1692 1138/2779/1691
f 1138/2779/1691 979/2778/1692 980/2780/1693
f 1138/2781/1691 980/2782/1693 1137/2783/1644
f 1137/1447/1644 980/2784/1693 981/2785/1694
f 1137/1447/1644 981/2785/1694 982/2675/1642
f 1114/1421/1695 1113/1420/1696 1624/2786/1697
f 1624/2786/1697 1179/2787/1698 1180/2788/1699
f 1624/2786/1697 1180/2788/1699 1114/1421/1695
f 1114/1421/1695 1180/2788/1699 1184/2789/1700
f 1114/1421/1695 1184/2789/1700 1115/1422/1701
f 1115/1422/1701 1184/2789/1700 1185/2790/1701
f 1115/2791/1701 1185/1539/1701 1117/2792/1702
f 1185/1539/1701 1186/1543/1703 1117/2792/1702
f 1117/2793/1702 1186/2794/1703 1191/2795/1704
f 1117/2796/1702 1191/2797/1704 1119/2798/1705
f 1191/2799/1704 1190/2800/1706 1119/2801/1705
f 1119/2801/1705 1190/2800/1706 1189/2802/1707
f 1119/2803/1705 1189/2804/1707 1121/2805/1708
f 1189/2806/1707 1188/2807/1709 1121/1428/1708
f 1121/1428/1708 1188/2807/1709 1187/2808/1710
f 1121/1428/1708 1187/2808/1710 1122/1429/1711
f 1187/2808/1710 1192/2809/1712 1122/1429/1711
f 1122/1429/1711 1192/2809/1712 1193/2810/1713
f 1122/2811/1711 1193/2812/1713 1123/2813/1714
f 1193/2814/1713 1194/2815/1715 1123/2816/1714
f 1123/2816/1714 1194/2815/1715 1195/2817/1716
f 1123/2818/1714 1195/2819/1716 1104/2820/1717
f 1195/2821/1716 1196/2822/1718 1104/2823/1717
f 1104/2823/1717 1196/2822/1718 1197/2824/1719
f 1104/2825/1717 1197/2826/1719 1103/2827/1720
f 1103/1410/1720 1197/2828/1719 1198/2829/1721
f 1103/1410/1720 1198/2829/1721 15/1409/1722
f 15/1409/1722 1198/2829/1721 1199/2830/1723
f 15/15/1722 1199/1574/1723 16/16/1724
f 5/2831/1725 4/2832/1726 1032/2833/1727
f 1030/1334/1397 1045/1333/1728 1031/2834/1729
f 1031/2834/1729 1045/1333/1728 5/2831/1725
f 1031/2834/1729 5/2831/1725 1034/2835/1730
f 1034/2835/1730 5/2831/1725 1032/2833/1727
f 1061/1362/1731 1090/2836/1732 1596/2837/1733
f 1061/1362/1731 1596/2837/1733 1058/1357/1734
f 1058/1357/1734 1596/2837/1733 5/2831/1725
f 1058/1357/1734 5/2831/1725 1045/1333/1728
f 1042/1328/1735 1622/2838/1736 1043/1329/1737
f 1043/1329/1737 1622/2838/1736 1623/2839/1738
f 1623/2840/1738 1062/2841/1739 1064/2842/1740
f 1623/2843/1738 1064/2844/1740 1043/2845/1737
f 1043/1329/1737 1064/2846/1740 1066/2847/1741
f 1043/1329/1737 1066/2847/1741 1052/1347/1742
f 1066/1367/1741 1068/1369/1743 1052/2848/1742
f 1052/1347/1742 1068/2849/1743 1069/2850/1744
f 1052/1347/1742 1069/2850/1744 1053/1348/1745
f 1069/2850/1744 1071/2851/1746 1053/1348/1745
f 1053/1348/1745 1071/2851/1746 1072/2852/1747
f 1053/1348/1745 1072/2852/1747 1054/1349/1748
f 1072/1375/1747 1074/1377/1749 1054/2853/1748
f 1054/1349/1748 1074/2854/1749 1075/2855/1750
f 1054/1349/1748 1075/2855/1750 1055/1351/1751
f 1075/1378/1750 1077/1380/1752 1055/2856/1751
f 1055/2857/1751 1077/2858/1752 1078/2859/1753
f 1055/2856/1751 1078/1381/1753 1056/2860/1754
f 1078/1381/1753 1080/1383/1755 1056/2860/1754
f 1056/1353/1754 1080/2861/1755 1081/2862/1756
f 1056/1353/1754 1081/2862/1756 1057/1355/1757
f 1090/2836/1732 1061/1362/1731 1088/2863/1758
f 1088/2863/1758 1061/1362/1731 1060/1361/1758
f 1088/2863/1758 1060/1361/1758 1086/2864/1759
f 1086/2864/1759 1060/1361/1758 1059/1359/1759
f 1086/2864/1759 1059/1359/1759 1084/2865/1760
f 1084/2865/1760 1059/1359/1759 1057/1355/1757
f 1084/2865/1760 1057/1355/1757 1083/2866/1761
f 1083/1386/1761 1057/2867/1757 1081/1384/1756
f 1521/2868/1762 1476/2112/1762 1523/2869/1763
f 1523/2869/1763 1476/2112/1762 1478/2114/1763
f 1523/2869/1763 1478/2114/1763 1525/2870/1764
f 1525/2870/1764 1478/2114/1763 1480/2116/1764
f 1525/2870/1764 1480/2116/1764 1527/2871/1765
f 1527/2871/1765 1480/2116/1764 1482/2118/1765
f 1527/2165/1765 1482/2872/1765 1529/2167/1766
f 1529/2167/1766 1482/2872/1765 1506/2873/1766
f 1529/2874/1766 1506/2142/1766 1531/2875/1767
f 1531/2875/1767 1506/2142/1766 1503/2139/1767
f 1531/2171/1767 1503/2876/1767 1533/2173/1768
f 1533/2173/1768 1503/2876/1767 1483/2877/1768
f 1533/2878/1768 1483/2119/1768 1535/2879/1769
f 1535/2879/1769 1483/2119/1768 1485/2121/1769
f 1535/2879/1769 1485/2121/1769 1537/2880/1770
f 1537/2880/1770 1485/2121/1769 1487/2123/1770
f 1537/2179/1770 1487/2881/1770 1539/2181/1771
f 1539/2181/1771 1487/2881/1770 1489/2882/1771
f 1539/2883/1771 1489/2125/1771 1541/2884/1772
f 1541/2884/1772 1489/2125/1771 1491/2127/1772
f 1541/2884/1772 1491/2127/1772 1519/2885/1773
f 1519/2885/1773 1491/2127/1772 1493/2129/1773
f 1519/2155/1773 1493/2886/1773 1521/2157/1762
f 1521/2157/1762 1493/2886/1773 1476/2887/1762
f 1428/2888/1762 45/45/1762 1427/2889/1774
f 1427/2889/1774 45/45/1762 47/47/1775
f 1427/2889/1774 47/47/1775 1426/2890/1776
f 1426/2890/1776 47/47/1775 40/40/1776
f 1426/2890/1776 40/40/1776 1425/2891/1765
f 1425/2891/1765 40/40/1776 39/39/1765
f 1425/2003/1765 39/2892/1765 1424/2001/1766
f 1424/2001/1766 39/2892/1765 37/2893/1766
f 1424/2894/1766 37/37/1766 1423/2895/1767
f 1423/2895/1767 37/37/1766 27/27/1767
f 1423/1997/1767 27/2896/1767 1434/2027/1777
f 1434/2027/1777 27/2896/1767 101/2897/1768
f 1434/2898/1777 101/100/1768 1433/2899/1778
f 1433/2899/1778 101/100/1768 87/87/1778
f 1433/2899/1778 87/87/1778 1432/2900/1770
f 1432/2900/1770 87/87/1778 86/86/1770
f 1432/2021/1770 86/2901/1770 1431/2019/1779
f 1431/2019/1779 86/2901/1770 28/2902/1779
f 1431/2903/1779 28/28/1779 1430/2904/1772
f 1430/2904/1772 28/28/1779 33/33/1772
f 1430/2904/1772 33/33/1772 1429/2905/1773
f 1429/2905/1773 33/33/1772 35/35/1773
f 1429/2013/1773 35/2906/1773 1428/2011/1762
f 1428/2011/1762 35/2906/1773 45/2907/1762
f 1453/2908/1762 42/42/1762 1452/2909/1775
f 1452/2909/1775 42/42/1762 122/121/1775
f 1452/2909/1775 122/121/1775 1451/2910/1776
f 1451/2910/1776 122/121/1775 84/84/1776
f 1451/2910/1776 84/84/1776 1450/2911/1765
f 1450/2911/1765 84/84/1776 82/82/1765
f 1450/2048/1765 82/2912/1765 1449/2046/1780
f 1449/2046/1780 82/2912/1765 80/2913/1780
f 1449/2914/1780 80/2915/1780 1448/2916/1767
f 1448/2916/1767 80/2915/1780 108/2917/1767
f 1448/2042/1767 108/2918/1767 1459/2072/1768
f 1459/2072/1768 108/2918/1767 107/2919/1768
f 1459/2920/1768 107/106/1768 1458/2921/1778
f 1458/2921/1778 107/106/1768 105/104/1778
f 1458/2921/1778 105/104/1778 1457/2922/1770
f 1457/2922/1770 105/104/1778 26/26/1770
f 1457/2066/1770 26/2923/1770 1456/2064/1779
f 1456/2064/1779 26/2923/1770 25/2924/1779
f 1456/2925/1779 25/25/1779 1455/2926/1772
f 1455/2926/1772 25/25/1779 36/36/1772
f 1455/2926/1772 36/36/1772 1454/2927/1773
f 1454/2927/1773 36/36/1772 38/38/1773
f 1454/2058/1773 38/2928/1773 1453/2056/1762
f 1453/2056/1762 38/2928/1773 42/2929/1762
f 1567/2930/1781 1573/2931/1782 537/2932/1783
f 523/580/1784 522/579/1785 1581/2933/1786
f 563/621/1787 562/620/1788 1543/2934/1789
f 1543/2934/1789 1542/2935/1790 563/621/1787
f 563/621/1787 1542/2935/1790 1553/2936/1791
f 563/621/1787 1553/2936/1791 551/609/1792
f 551/609/1792 1553/2936/1791 1555/2937/1793
f 551/609/1792 1555/2937/1793 548/606/1794
f 548/606/1794 1555/2937/1793 549/607/1795
f 549/607/1795 1555/2937/1793 1557/2938/1796
f 549/607/1795 1557/2938/1796 554/612/1797
f 554/612/1797 1557/2938/1796 1562/2939/1798
f 554/2940/1797 1562/2941/1798 555/2942/1799
f 555/2943/1799 1562/2944/1798 1561/2945/1800
f 555/2946/1799 1561/2207/1800 556/2947/1801
f 556/2947/1801 1561/2207/1800 1559/2205/1802
f 556/614/1801 1559/2948/1802 544/602/1803
f 544/602/1803 1559/2948/1802 1558/2949/1265
f 544/602/1803 1558/2949/1265 545/603/1804
f 531/2950/1805 1585/2235/1806 522/2951/1785
f 522/2951/1785 1585/2235/1806 1584/2234/1807
f 522/579/1785 1584/2952/1807 1581/2933/1786
f 537/2953/1783 1573/2954/1782 535/2955/1808
f 535/592/1808 1573/2956/1782 1572/2957/1809
f 535/592/1808 1572/2957/1809 538/596/1810
f 538/596/1810 1572/2957/1809 1570/2958/1811
f 538/596/1810 1570/2958/1811 539/597/1812
f 539/597/1812 1570/2958/1811 540/598/1813
f 540/598/1813 1570/2958/1811 1569/2959/1814
f 540/598/1813 1569/2959/1814 541/599/1815
f 541/599/1815 1569/2959/1814 542/600/1816
f 542/600/1816 1569/2959/1814 1577/2960/1817
f 542/600/1816 1577/2960/1817 543/601/1818
f 543/601/1818 1577/2960/1817 1576/2961/1819
f 543/601/1818 1576/2961/1819 527/584/1820
f 527/584/1820 1576/2961/1819 1575/2962/1821
f 527/584/1820 1575/2962/1821 528/585/1822
f 528/2963/1822 1575/2223/1821 529/2964/1823
f 529/2964/1823 1575/2223/1821 1580/2230/1824
f 529/586/1823 1580/2965/1824 531/588/1805
f 531/2950/1805 1580/2230/1824 1579/2229/1825
f 531/2966/1805 1579/2967/1825 1585/2968/1806
f 1581/2933/1786 1582/2969/1826 523/580/1784
f 523/580/1784 1582/2969/1826 1588/2970/1827
f 523/580/1784 1588/2970/1827 524/581/1828
f 524/581/1828 1588/2970/1827 1587/2971/1829
f 524/581/1828 1587/2971/1829 525/582/1830
f 525/582/1830 1587/2971/1829 1586/2972/1831
f 525/582/1830 1586/2972/1831 557/615/1832
f 557/615/1832 1586/2972/1831 1545/2973/1833
f 557/615/1832 1545/2973/1833 558/616/1834
f 558/2974/1834 1545/2189/1833 1547/2191/1835
f 558/616/1834 1547/2975/1835 568/627/1836
f 568/627/1836 1547/2975/1835 1549/2976/1837
f 568/2977/1836 1549/2193/1837 559/2978/1838
f 559/2978/1838 1549/2193/1837 1552/2196/1839
f 559/617/1838 1552/2979/1839 560/618/1840
f 560/618/1840 1552/2979/1839 1551/2980/1841
f 560/618/1840 1551/2980/1841 562/620/1788
f 562/620/1788 1551/2980/1841 1550/2981/1842
f 562/620/1788 1550/2981/1842 1543/2934/1789
f 1558/2204/1265 1565/2213/1272 545/2982/1804
f 545/603/1804 1565/2983/1272 1564/2984/1843
f 545/603/1804 1564/2984/1843 547/605/1844
f 547/605/1844 1564/2984/1843 1568/2985/1845
f 547/605/1844 1568/2985/1845 533/590/1846
f 533/590/1846 1568/2985/1845 1567/2986/1781
f 533/590/1846 1567/2986/1781 534/591/1847
f 534/2987/1847 1567/2988/1781 537/2989/1783
f 1634/2990/1848 1635/2991/1848 1636/2992/1849
f 1636/2992/1849 1635/2991/1848 1637/2993/1849
f 1636/2994/1849 1637/2995/1849 1638/2996/1850
f 1638/2996/1850 1637/2995/1849 1639/2997/1850
f 1638/2996/1850 1639/2997/1850 1640/2998/1851
f 1640/2998/1851 1639/2997/1850 1641/2999/1851
f 1640/2998/1851 1641/2999/1851 1642/3000/1852
f 1642/3000/1852 1641/2999/1851 1643/3001/1852
f 1642/3000/1852 1643/3001/1852 1644/3002/1853
f 1644/3002/1853 1643/3001/1852 1645/3003/1853
f 1644/3002/1853 1645/3003/1853 1646/3004/1854
f 1646/3004/1854 1645/3003/1853 1647/3005/1854
f 1646/3004/1854 1647/3005/1854 1648/3006/1855
f 1648/3006/1855 1647/3005/1854 1649/3007/1855
f 1648/3006/1855 1649/3007/1855 1650/3008/1856
f 1650/3008/1856 1649/3007/1855 1651/3009/1856
f 1652/3010/1857 1653/3011/1858 1654/3012/1859
f 1654/3013/1859 1653/3014/1858 1655/3015/1860
f 1656/3016/1861 1657/3017/1862 1658/3018/1863
f 1658/3018/1863 1657/3017/1862 1659/3019/1864
f 1658/3018/1863 1659/3019/1864 1660/3020/1865
f 1660/3020/1865 1661/3021/1866 1658/3018/1863
f 1658/3018/1863 1661/3021/1866 1662/3022/1867
f 1658/3018/1863 1662/3022/1867 1663/3023/1868
f 1664/3024/1869 1665/3025/1870 1666/3026/1871
f 1666/3026/1871 1665/3025/1870 1667/3027/1872
f 1666/3026/1871 1667/3027/1872 1656/3016/1861
f 1656/3016/1861 1667/3027/1872 1668/3028/1873
f 1656/3016/1861 1668/3028/1873 1657/3017/1862
f 1663/3023/1868 1669/3029/1874 1658/3018/1863
f 1658/3018/1863 1669/3029/1874 1670/3030/1875
f 1658/3018/1863 1670/3030/1875 1671/3031/1876
f 1671/3031/1876 1670/3030/1875 1655/3015/1860
f 1671/3031/1876 1655/3015/1860 1672/3032/1877
f 1672/3032/1877 1655/3015/1860 1653/3014/1858
f 1672/3032/1877 1653/3014/1858 1673/3033/1878
f 1663/3034/1879 1662/3035/1879 1674/3036/17
f 1663/3034/1879 1674/3036/17 1669/3037/17
f 1669/3037/17 1674/3036/17 1675/3038/1880
f 1669/3037/17 1675/3038/1880 1670/3039/1880
f 1670/3039/1880 1675/3038/1880 1655/3040/18
f 1655/3040/18 1675/3038/1880 1676/3041/1881
f 1655/3040/18 1676/3041/1881 1654/3042/1881
f 1677/3043/304 122/3044/304 84/3045/304
f 84/3045/304 1678/3046/304 1679/3047/304
f 1678/3046/304 84/3045/304 1680/3048/304
f 1680/3048/304 84/3045/304 82/3049/304
f 1680/3048/304 82/3049/304 79/3050/304
f 79/3050/304 82/3049/304 80/3051/304
f 79/3050/304 80/3051/304 108/3052/304
f 35/3053/304 45/3054/304 26/3055/304
f 26/3055/304 45/3054/304 47/3056/304
f 26/3055/304 47/3056/304 105/3057/304
f 105/3057/304 47/3056/304 40/3058/304
f 105/3057/304 40/3058/304 107/3059/304
f 107/3059/304 40/3058/304 108/3052/304
f 87/3060/304 99/3061/304 101/3062/304
f 101/3062/304 99/3061/304 100/3063/304
f 101/3062/304 100/3063/304 27/3064/304
f 27/3064/304 100/3063/304 102/3065/304
f 27/3064/304 102/3065/304 37/3066/304
f 30/3067/304 86/3068/304 28/3069/304
f 1681/3070/306 1682/3071/304 111/3072/304
f 111/3072/304 1682/3071/304 1683/3073/304
f 1684/3074/304 1685/3075/304 1686/3076/304
f 1686/3076/304 1685/3075/304 1687/3077/304
f 1686/3076/304 1687/3077/304 1688/3078/304
f 1688/3078/304 1687/3077/304 1689/3079/304
f 1688/3078/304 1689/3079/304 1690/3080/304
f 1691/3081/304 1677/3043/304 1692/3082/304
f 1692/3082/304 1677/3043/304 84/3045/304
f 1692/3082/304 84/3045/304 124/3083/304
f 124/3083/304 84/3045/304 1679/3047/304
f 37/3066/304 102/3065/304 39/3084/304
f 39/3084/304 102/3065/304 103/3085/304
f 39/3084/304 103/3085/304 40/3058/304
f 40/3058/304 103/3085/304 104/3086/304
f 40/3058/304 104/3086/304 108/3052/304
f 108/3052/304 104/3086/304 106/3087/304
f 108/3052/304 106/3087/304 79/3050/304
f 61/3088/304 1693/3089/304 63/3090/304
f 30/3067/304 28/3069/304 50/3091/304
f 50/3091/304 28/3069/304 33/3092/304
f 50/3091/306 33/3092/306 31/3093/306
f 32/3094/304 33/3092/304 35/3053/304
f 32/3094/304 35/3053/304 1694/3095/304
f 1695/3096/304 89/3097/304 1696/3098/304
f 1696/3098/304 89/3097/304 88/3099/304
f 1696/3098/304 88/3099/304 1683/3073/304
f 1683/3073/304 88/3099/304 109/3100/304
f 1683/3073/304 109/3100/304 111/3072/304
f 1689/3079/304 1697/3101/304 1690/3080/304
f 1690/3080/304 1697/3101/304 1698/3102/304
f 1690/3080/304 1698/3102/304 1692/3082/304
f 1692/3082/304 1698/3102/304 1699/3103/304
f 1692/3082/304 1699/3103/304 1691/3081/304
f 61/3088/304 63/3090/304 70/3104/304
f 97/3105/304 98/3106/304 53/3107/304
f 53/3107/304 98/3106/306 1700/3108/306
f 1677/3043/304 1701/3109/304 122/3044/304
f 122/3044/304 1701/3109/304 1702/3110/304
f 122/3044/304 1702/3110/304 42/3111/304
f 42/3111/304 1702/3110/304 1703/3112/305
f 42/3111/304 1703/3112/305 38/3113/304
f 38/3113/304 1703/3112/305 1704/3114/304
f 38/3113/304 1704/3114/304 36/3115/304
f 77/3116/304 78/3117/304 29/3118/304
f 29/3118/304 78/3117/304 99/3061/304
f 29/3118/304 99/3061/304 30/3067/304
f 30/3067/304 99/3061/304 87/3060/304
f 30/3067/304 87/3060/304 86/3068/304
f 65/3119/304 1705/3120/304 55/3121/304
f 55/3121/304 1705/3120/304 1706/3122/304
f 55/3121/304 1706/3122/304 57/3123/304
f 57/3123/304 1706/3122/304 1707/3124/304
f 57/3123/304 1707/3124/304 59/3125/304
f 59/3125/304 1707/3124/304 1708/3126/304
f 59/3125/304 1708/3126/304 61/3088/304
f 61/3088/304 1708/3126/304 1709/3127/304
f 61/3088/304 1709/3127/304 1693/3089/304
f 1700/3108/306 1710/3128/304 53/3107/304
f 53/3107/304 1710/3128/304 1711/3129/304
f 53/3107/304 1711/3129/304 66/3130/304
f 66/3130/304 1711/3129/304 1712/3131/304
f 66/3130/304 1712/3131/304 65/3119/304
f 1713/3132/304 26/3055/304 1704/3114/304
f 1704/3114/304 26/3055/304 25/3133/304
f 1704/3114/304 25/3133/304 36/3115/304
f 1713/3132/304 1714/3134/305 26/3055/304
f 26/3055/304 1714/3134/305 1715/3135/304
f 26/3055/304 1715/3135/304 35/3053/304
f 35/3053/304 1715/3135/304 1716/3136/304
f 35/3053/304 1716/3136/304 1694/3095/304
f 91/3137/306 89/3097/304 1717/3138/304
f 1717/3138/304 89/3097/304 1695/3096/304
f 1717/3138/304 1695/3096/304 115/3139/304
f 115/3139/304 1695/3096/304 1685/3075/304
f 115/3139/304 1685/3075/304 1718/3140/304
f 1718/3140/304 1685/3075/304 1684/3074/304
f 63/3090/304 1719/3141/304 70/3104/304
f 70/3104/304 1719/3141/304 1720/3142/304
f 70/3104/304 1720/3142/304 73/3143/304
f 73/3143/304 1720/3142/304 1721/3144/304
f 73/3143/304 1721/3144/304 75/3145/304
f 75/3145/304 1721/3144/304 1722/3146/304
f 75/3145/304 1722/3146/304 77/3116/304
f 77/3116/304 1722/3146/304 76/3147/304
f 96/3148/304 94/3149/317 93/3150/305
f 53/3107/304 96/3148/304 97/3105/304
f 97/3105/304 96/3148/304 95/3151/304
f 95/3151/305 96/3148/304 93/3150/305
f 1723/3152/1882 1724/3153/1883 1725/3154/1884
f 1725/3154/1884 1724/3153/1883 1726/3155/1885
f 1725/3154/1884 1726/3155/1885 1727/3156/1886
f 1728/3157/1887 1729/3158/1888 1730/3159/1889
f 1730/3159/1889 1729/3158/1888 1727/3160/1886
f 1730/3159/1889 1727/3160/1886 1731/3161/1890
f 1731/3162/1890 1727/3156/1886 1726/3155/1885
f 1732/3163/1891 1729/3164/1888 1733/3165/1892
f 1733/3166/1892 1729/3158/1888 1728/3157/1887
f 1733/3166/1892 1728/3157/1887 1734/3167/1893
f 1734/3167/1893 1728/3157/1887 1735/3168/1894
f 1734/3167/1893 1735/3168/1894 1736/3169/1895
f 1737/3170/1896 1738/3171/1897 1739/3172/1898
f 1739/3172/1898 1738/3171/1897 1736/3169/1895
f 1739/3172/1898 1736/3169/1895 1740/3173/1899
f 1740/3173/1899 1736/3169/1895 1735/3168/1894
f 1741/3174/1900 1742/3175/1900 1743/3176/317
f 1744/3177/1901 1745/3178/1902 1746/3179/317
f 1741/3174/1900 1743/3176/317 1747/3180/307
f 1748/3181/1903 1744/3177/1901 1749/3182/1904
f 1749/3182/1904 1744/3177/1901 1746/3179/317
f 1749/3182/1904 1746/3179/317 1750/3183/317
f 1750/3183/317 1746/3179/317 1751/3184/304
f 1750/3183/317 1751/3184/304 1752/3185/317
f 1752/3185/317 1751/3184/304 1753/3186/304
f 1752/3185/317 1753/3186/304 1754/3187/306
f 1754/3187/306 1753/3186/304 1747/3180/307
f 1754/3187/306 1747/3180/307 1755/3188/317
f 1755/3188/317 1747/3180/307 1743/3176/317
f 1756/3189/1905 1757/3190/1905 1758/3191/1906
f 1756/3189/1905 1758/3191/1906 1759/3192/1906
f 1759/3193/1906 1758/3194/1906 1760/3195/1907
f 1759/3193/1906 1760/3195/1907 1761/3196/1907
f 1745/3197/1908 1762/3198/1909 1746/3199/1910
f 1746/3199/1910 1762/3198/1909 1763/3200/1911
f 1763/3200/1911 1764/3201/1912 1746/3199/1910
f 1746/3199/1910 1764/3201/1912 1765/3202/1913
f 1746/3199/1910 1765/3202/1913 1751/3203/1914
f 1765/3202/1913 1766/3204/1915 1751/3203/1914
f 1751/3203/1914 1766/3204/1915 1767/3205/1916
f 1751/3203/1914 1767/3205/1916 1753/3206/1917
f 1768/3207/1918 1747/3208/1919 1769/3209/1920
f 1769/3209/1920 1747/3208/1919 1753/3210/1917
f 1769/3209/1920 1753/3210/1917 1770/3211/1921
f 1770/3212/1921 1753/3206/1917 1767/3205/1916
f 1771/3213/1922 1772/3214/1923 1773/3215/1922
f 1773/3215/1922 1772/3214/1923 1774/3216/1924
f 1775/3217/1925 1776/3218/1926 1777/3219/1927
f 1777/3219/1927 1776/3218/1926 1778/3220/1928
f 1775/3217/1925 1779/3221/1929 1776/3218/1926
f 1776/3218/1926 1779/3221/1929 1780/3222/1930
f 1776/3218/1926 1780/3222/1930 1781/3223/1931
f 1780/3222/1930 1782/3224/1932 1781/3223/1931
f 1781/3223/1931 1782/3224/1932 1783/3225/1933
f 1781/3223/1931 1783/3225/1933 1784/3226/1934
f 1783/3225/1933 1785/3227/1935 1784/3226/1934
f 1784/3226/1934 1785/3227/1935 1786/3228/1936
f 1784/3226/1934 1786/3228/1936 1787/3229/1937
f 1786/3228/1936 1788/3230/1938 1787/3229/1937
f 1787/3229/1937 1788/3230/1938 1789/3231/1939
f 1787/3229/1937 1789/3231/1939 1790/3232/1940
f 1790/3232/1940 1789/3231/1939 1791/3233/1941
f 1790/3234/1940 1791/3235/1941 1792/3236/1942
f 1792/3236/1942 1791/3235/1941 1793/3237/1943
f 1792/3236/1942 1793/3237/1943 1794/3238/1944
f 1794/3238/1944 1793/3237/1943 1795/3239/1945
f 1794/3238/1944 1795/3239/1945 1796/3240/1946
f 1796/3240/1946 1795/3239/1945 1797/3241/1947
f 1796/3240/1946 1797/3241/1947 1798/3242/1948
f 1798/3242/1948 1797/3241/1947 1799/3243/1949
f 1799/3243/1949 1797/3241/1947 1800/3244/1950
f 1799/3243/1949 1800/3244/1950 1801/3245/1951
f 1801/3245/1951 1800/3244/1950 1802/3246/1952
f 1802/3246/1952 1800/3244/1950 1803/3247/1953
f 1802/3246/1952 1803/3247/1953 1804/3248/1954
f 1803/3247/1953 1805/3249/1955 1804/3248/1954
f 1804/3248/1954 1805/3249/1955 1806/3250/1956
f 1804/3248/1954 1806/3250/1956 1807/3251/1957
f 1807/3251/1957 1806/3250/1956 1808/3252/1958
f 1807/3251/1957 1808/3252/1958 1809/3253/1959
f 1810/3254/1960 1811/3255/1961 1812/3256/1962
f 1808/3252/1958 1813/3257/1963 1809/3253/1959
f 1809/3253/1959 1813/3257/1963 1814/3258/1964
f 1809/3253/1959 1814/3258/1964 1812/3256/1962
f 1812/3256/1962 1814/3258/1964 1815/3259/1965
f 1812/3256/1962 1815/3259/1965 1810/3254/1960
f 1810/3254/1960 1815/3259/1965 1816/3260/1966
f 1810/3254/1960 1816/3260/1966 1817/3261/1967
f 1818/3262/1968 1819/3263/1969 1820/3264/1970
f 1820/3264/1970 1819/3263/1969 1821/3265/1971
f 1820/3264/1970 1821/3265/1971 1817/3266/1967
f 1817/3266/1967 1821/3265/1971 1822/3267/1972
f 1817/3261/1967 1822/3268/1972 1810/3254/1960
f 1818/3262/1968 1823/3269/1973 1819/3263/1969
f 1819/3263/1969 1823/3269/1973 1824/3270/1974
f 1819/3263/1969 1824/3270/1974 1825/3271/1975
f 1674/3272/1976 1826/3273/1977 1675/3274/1978
f 1675/3274/1978 1826/3273/1977 1827/3275/1979
f 1675/3274/1978 1827/3275/1979 1676/3276/1980
f 1676/3276/1980 1827/3275/1979 1828/3277/1981
f 1676/3276/1980 1828/3277/1981 1654/3278/1982
f 1654/3278/1982 1828/3277/1981 1825/3271/1975
f 1654/3278/1982 1825/3271/1975 1652/3279/1983
f 1652/3279/1983 1825/3271/1975 1824/3270/1974
f 1829/3280/1984 1830/3281/1985 1831/3282/1986
f 1831/3282/1986 1830/3281/1985 1832/3283/1987
f 1831/3282/1986 1832/3283/1987 1833/3284/1988
f 1833/3284/1988 1832/3283/1987 1834/3285/1989
f 1833/3284/1988 1834/3285/1989 1835/3286/1990
f 1835/3286/1990 1834/3285/1989 1836/3287/1991
f 1835/3286/1990 1836/3287/1991 1837/3288/1992
f 1837/3288/1992 1836/3287/1991 1838/3289/1993
f 1837/3288/1992 1838/3289/1993 1778/3220/1928
f 1778/3220/1928 1838/3289/1993 1839/3290/1994
f 1778/3220/1928 1839/3290/1994 1777/3219/1927
f 1840/3291/1995 1841/3292/1996 1842/3293/1997
f 1840/3291/1995 1842/3293/1997 1843/3294/1998
f 1842/3293/1997 1844/3295/1999 1843/3294/1998
f 1843/3294/1998 1844/3295/1999 1845/3296/2000
f 1843/3294/1998 1845/3296/2000 1846/3297/2001
f 1846/3297/2001 1845/3296/2000 1847/3298/2002
f 1846/3297/2001 1847/3298/2002 1848/3299/2003
f 1848/3299/2003 1847/3298/2002 1849/3300/2004
f 1848/3301/2003 1849/3302/2004 1850/3303/2005
f 1850/3303/2005 1849/3302/2004 1851/3304/2006
f 1850/3303/2005 1851/3304/2006 1829/3280/1984
f 1829/3280/1984 1851/3304/2006 1852/3305/2007
f 1829/3280/1984 1852/3305/2007 1830/3281/1985
f 1853/3306/2008 1854/3307/2009 1855/3308/2010
f 1855/3308/2010 1854/3307/2009 1856/3309/2011
f 1857/3310/2012 1858/3311/2013 1859/3312/2014
f 1860/3313/2015 1861/3314/2015 1859/3312/2014
f 1859/3312/2014 1861/3314/2015 1862/3315/2016
f 1859/3312/2014 1862/3315/2016 1857/3310/2012
f 1863/3316/2017 1864/3317/2017 1865/3318/2018
f 1863/3316/2017 1865/3318/2018 1866/3319/2018
f 1866/3319/2018 1865/3318/2018 1867/3320/2019
f 1866/3319/2018 1867/3320/2019 1868/3321/2019
f 1868/3321/2019 1867/3320/2019 1869/3322/2020
f 1868/3321/2019 1869/3322/2020 1870/3323/2020
f 1870/3324/2020 1869/3325/2020 1871/3326/2021
f 1870/3324/2020 1871/3326/2021 1872/3327/2021
f 1872/3327/2021 1871/3326/2021 1873/3328/2022
f 1872/3327/2021 1873/3328/2022 1874/3329/2022
f 1874/3329/2022 1873/3328/2022 1875/3330/2023
f 1874/3329/2022 1875/3330/2023 1876/3331/2023
f 1876/3332/2023 1875/3333/2023 1877/3334/2024
f 1876/3332/2023 1877/3334/2024 1878/3335/2024
f 1879/3336/2025 1880/3337/2026 1863/3316/2017
f 1863/3316/2017 1880/3337/2026 1864/3317/2017
f 1878/3335/2024 1877/3334/2024 1881/3338/2027
f 1881/3338/2027 1877/3334/2024 1882/3339/2028
f 1881/3338/2027 1882/3339/2028 1883/3340/2029
f 1881/3338/2027 1883/3340/2029 1884/3341/2030
f 1884/3342/2030 1883/3343/2029 1885/3344/2031
f 1884/3342/2030 1885/3344/2031 1886/3345/2032
f 1886/3345/2032 1885/3344/2031 1887/3346/2033
f 1886/3345/2032 1887/3346/2033 1888/3347/2034
f 1888/3347/2034 1887/3346/2033 1889/3348/2035
f 1888/3347/2034 1889/3348/2035 1890/3349/2036
f 1880/3337/2026 1879/3336/2025 1891/3350/2037
f 1891/3350/2037 1879/3336/2025 1892/3351/2038
f 1891/3350/2037 1892/3351/2038 1893/3352/2039
f 1893/3352/2039 1892/3351/2038 1894/3353/2040
f 1894/3353/2040 1892/3351/2038 1895/3354/2041
f 1894/3353/2040 1895/3354/2041 1896/3355/2042
f 1896/3355/2042 1895/3354/2041 1897/3356/2043
f 1897/3357/2043 1895/3358/2041 1898/3359/2044
f 1897/3357/2043 1898/3359/2044 1899/3360/2045
f 1900/3361/30 1901/3362/30 1902/3363/30
f 1902/3363/30 1901/3362/30 1903/3364/2046
f 1902/3363/30 1903/3364/2046 1904/3365/2047
f 154/3366/304 155/3367/304 153/3368/304
f 1905/3369/304 1906/3370/304 216/3371/304
f 149/3372/304 148/3373/304 151/3374/304
f 151/3374/304 148/3373/304 150/3375/304
f 151/3374/304 150/3375/304 153/3376/304
f 153/3376/304 150/3375/304 152/3377/304
f 158/3378/304 159/3379/304 156/3380/304
f 156/3380/304 159/3379/304 157/3381/304
f 156/3380/304 157/3381/304 155/3382/304
f 149/3372/304 1907/3383/304 148/3373/304
f 148/3373/304 1907/3383/304 1908/3384/304
f 148/3373/304 1908/3384/304 165/3385/304
f 1908/3384/304 1909/3386/304 165/3385/304
f 165/3385/304 1909/3386/304 1910/3387/304
f 165/3385/304 1910/3387/304 162/3388/304
f 162/3388/304 1910/3387/304 1911/3389/304
f 162/3388/304 1911/3389/304 160/3390/304
f 160/3390/304 1911/3389/304 1912/3391/304
f 160/3390/304 1912/3391/304 144/3392/304
f 144/3392/304 1912/3391/304 1913/3393/304
f 144/3392/304 1913/3393/304 145/3394/304
f 145/3394/304 1913/3393/304 1914/3395/304
f 145/3394/304 1914/3395/304 1915/3396/304
f 216/3371/304 214/3397/304 1905/3369/304
f 1905/3369/304 214/3397/304 1916/3398/304
f 1905/3369/304 1916/3398/304 1917/3399/304
f 1917/3399/304 1916/3398/304 1918/3400/304
f 1917/3399/304 1918/3400/304 1914/3395/304
f 1914/3395/304 1918/3400/304 1919/3401/304
f 1914/3395/304 1919/3401/304 1915/3396/304
f 1920/3402/304 1921/3403/2048 1922/3404/304
f 1923/3405/304 1924/3406/304 193/3407/304
f 193/3407/304 1924/3406/304 194/3408/304
f 194/3408/304 1924/3406/304 1925/3409/304
f 194/3408/304 1925/3409/304 1926/3410/304
f 1926/3410/304 1925/3409/304 1927/3411/304
f 1926/3410/304 1927/3411/304 1928/3412/304
f 1928/3412/304 1927/3411/304 1929/3413/304
f 1929/3413/304 1927/3411/304 1930/3414/304
f 1929/3413/304 1930/3414/304 1931/3415/304
f 1932/3416/304 1933/3417/304 1934/3418/304
f 1934/3418/304 1933/3417/304 1920/3402/304
f 1934/3418/304 1920/3402/304 1935/3419/304
f 1935/3419/304 1920/3402/304 1922/3404/304
f 1922/3404/304 1936/3420/304 1937/3421/304
f 1937/3421/304 1936/3420/304 1938/3422/317
f 168/3423/2049 167/3424/306 178/3425/2050
f 178/3425/2050 167/3424/306 166/3426/304
f 176/3427/304 175/3428/307 177/3429/306
f 177/3429/306 175/3428/307 159/3379/307
f 177/3429/304 159/3379/304 166/3426/304
f 166/3426/304 159/3379/304 158/3378/304
f 1932/3416/304 1939/3430/304 1933/3417/304
f 1933/3417/304 1939/3430/304 179/3431/304
f 1933/3417/304 179/3431/304 1930/3414/304
f 1930/3414/304 179/3431/304 1940/3432/304
f 1930/3414/304 1940/3432/304 1931/3415/304
f 1941/3433/307 1936/3420/304 1942/3434/304
f 1942/3434/304 1936/3420/304 1922/3404/304
f 1942/3434/304 1922/3404/304 1943/3435/305
f 1943/3435/305 1922/3404/304 1921/3403/2048
f 193/3407/304 138/3436/304 1923/3405/304
f 1923/3405/304 138/3436/304 137/3437/304
f 1923/3405/304 137/3437/304 1944/3438/304
f 1944/3438/304 137/3437/304 199/3439/304
f 1945/3440/304 206/3441/304 1946/3442/304
f 199/3439/304 1947/3443/304 1944/3438/304
f 1944/3438/304 1947/3443/304 1948/3444/304
f 1944/3438/304 1948/3444/304 1946/3442/304
f 1946/3442/304 1948/3444/304 1949/3445/304
f 1946/3442/304 1949/3445/304 1945/3440/304
f 1950/3446/347 1946/3442/304 1951/3447/304
f 1951/3447/304 1946/3442/304 206/3441/304
f 1951/3447/304 206/3441/304 1906/3370/304
f 1906/3370/304 206/3441/304 205/3448/304
f 1906/3370/304 205/3448/304 216/3371/304
f 1952/3449/1210 1953/3450/1210 1954/3451/1210
f 1954/3451/1210 1953/3450/1210 1955/3452/1210
f 1954/3453/1211 1955/3454/1211 1956/3455/1211
f 1956/3455/1211 1955/3454/1211 1957/3456/1211
f 1956/3455/1227 1957/3456/1227 1958/3457/1213
f 1958/3457/1213 1957/3456/1227 1959/3458/1213
f 1958/3457/1213 1959/3458/1213 1960/3459/1214
f 1960/3459/1214 1959/3458/1213 1961/3460/1214
f 1960/3461/1215 1961/3462/1215 1962/3463/1216
f 1962/3463/1216 1961/3462/1215 1963/3464/1216
f 1962/3463/1216 1963/3464/1216 1964/3465/1217
f 1964/3465/1217 1963/3464/1216 1965/3466/1217
f 1964/3465/1218 1965/3466/1218 1966/3467/2051
f 1966/3467/2051 1965/3466/1218 1967/3468/2051
f 1966/3469/2051 1967/3470/2051 1968/3471/1228
f 1968/3471/1228 1967/3470/2051 1969/3472/1228
f 1968/3471/1228 1969/3472/1228 1970/3473/1221
f 1970/3473/1221 1969/3472/1228 1971/3474/1221
f 1970/3473/1221 1971/3474/1221 1972/3475/1222
f 1972/3475/1222 1971/3474/1221 1973/3476/1222
f 1972/3477/1223 1973/3478/1223 1974/3479/1224
f 1974/3479/1224 1973/3478/1223 1975/3480/1224
f 1974/3479/1224 1975/3480/1224 1952/3449/1225
f 1952/3449/1225 1975/3480/1224 1953/3450/1225
f 1972/3481/304 1974/3482/304 1976/3483/304
f 1976/3483/304 1974/3482/304 1952/3484/304
f 1976/3483/304 1952/3484/304 1954/3485/304
f 1966/3486/304 1968/3487/304 1976/3483/304
f 1976/3483/304 1968/3487/304 1970/3488/304
f 1976/3483/304 1970/3488/304 1972/3481/304
f 1960/3489/304 1962/3490/304 1976/3483/304
f 1976/3483/304 1962/3490/304 1964/3491/304
f 1976/3483/304 1964/3491/304 1966/3486/304
f 1954/3485/304 1956/3492/304 1976/3483/304
f 1976/3483/304 1956/3492/304 1958/3493/304
f 1976/3483/304 1958/3493/304 1960/3489/304
f 1977/3494/1210 1978/3495/1210 1979/3496/1210
f 1979/3496/1210 1978/3495/1210 1980/3497/1210
f 1979/3498/1211 1980/3499/1211 1981/3500/1212
f 1981/3500/1212 1980/3499/1211 1982/3501/1212
f 1981/3500/1212 1982/3501/1212 1983/3502/1213
f 1983/3502/1213 1982/3501/1212 1984/3503/1213
f 1983/3502/1213 1984/3503/1213 1985/3504/1214
f 1985/3504/1214 1984/3503/1213 1986/3505/1214
f 1985/3506/1215 1986/3507/1215 1987/3508/1216
f 1987/3508/1216 1986/3507/1215 1988/3509/1216
f 1987/3508/1216 1988/3509/1216 1989/3510/1217
f 1989/3510/1217 1988/3509/1216 1990/3511/1217
f 1989/3510/1218 1990/3511/1218 1991/3512/2051
f 1991/3512/2051 1990/3511/1218 1992/3513/2051
f 1991/3514/2051 1992/3515/2051 1993/3516/1219
f 1993/3516/1219 1992/3515/2051 1994/3517/1219
f 1993/3516/1220 1994/3517/1220 1995/3518/1221
f 1995/3518/1221 1994/3517/1220 1996/3519/1221
f 1995/3518/1221 1996/3519/1221 1997/3520/1222
f 1997/3520/1222 1996/3519/1221 1998/3521/1222
f 1997/3522/1223 1998/3523/1223 1999/3524/1223
f 1999/3524/1223 1998/3523/1223 2000/3525/1223
f 1999/3524/1225 2000/3525/1225 1977/3494/1225
f 1977/3494/1225 2000/3525/1225 1978/3495/1225
f 1997/3526/304 1999/3527/304 2001/3528/304
f 2001/3528/304 1999/3527/304 1977/3529/304
f 2001/3528/304 1977/3529/304 1979/3530/304
f 1991/3531/304 1993/3532/304 2001/3528/304
f 2001/3528/304 1993/3532/304 1995/3533/304
f 2001/3528/304 1995/3533/304 1997/3526/304
f 1985/3534/304 1987/3535/304 2001/3528/304
f 2001/3528/304 1987/3535/304 1989/3536/304
f 2001/3528/304 1989/3536/304 1991/3531/304
f 1979/3530/304 1981/3537/304 2001/3528/304
f 2001/3528/304 1981/3537/304 1983/3538/304
f 2001/3528/304 1983/3538/304 1985/3534/304
f 2002/3539/2052 2003/3540/2053 2004/3541/2054
f 2004/3541/2054 2003/3540/2053 2005/3542/2055
f 2004/3541/2054 2005/3542/2055 2006/3543/2056
f 2006/3543/2056 2005/3542/2055 2007/3544/2057
f 2006/3543/2056 2007/3544/2057 2008/3545/2058
f 2008/3545/2058 2007/3544/2057 2009/3546/2059
f 2009/3546/2059 2007/3544/2057 2010/3547/2060
f 2010/3547/2060 2007/3544/2057 2011/3548/2061
f 2010/3547/2060 2011/3548/2061 2012/3549/2062
f 2013/3550/2063 2014/3551/2064 2015/3552/2065
f 2012/3549/2062 2011/3548/2061 2016/3553/2066
f 2016/3553/2066 2011/3548/2061 2017/3554/2067
f 2013/3550/2063 2015/3552/2065 2018/3555/2068
f 2018/3555/2068 2015/3552/2065 2019/3556/2069
f 2018/3555/2068 2019/3556/2069 2017/3554/2067
f 2017/3554/2067 2019/3556/2069 2020/3557/2070
f 2017/3554/2067 2020/3557/2070 2016/3553/2066
f 2021/3558/2071 2022/3559/2072 2023/3560/2073
f 2024/3561/2074 2025/3562/2075 2026/3563/2076
f 2026/3563/2076 2025/3562/2075 2027/3564/2077
f 2024/3561/2074 2026/3563/2076 2028/3565/2078
f 2028/3565/2078 2026/3563/2076 2029/3566/2079
f 2028/3565/2078 2029/3566/2079 2030/3567/2080
f 2031/3568/2081 2032/3569/2082 2033/3570/2083
f 2033/3570/2083 2032/3569/2082 2034/3571/2084
f 2021/3558/2071 2023/3560/2073 2035/3572/2085
f 2035/3572/2085 2023/3560/2073 2036/3573/2086
f 2035/3572/2085 2036/3573/2086 2034/3571/2084
f 2034/3571/2084 2036/3573/2086 2037/3574/2087
f 2034/3571/2084 2037/3574/2087 2033/3570/2083
f 2021/3558/2071 2030/3567/2080 2022/3559/2072
f 2022/3559/2072 2030/3567/2080 2029/3566/2079
f 2022/3575/2072 2029/3576/2079 2038/3577/2088
f 2038/3578/2088 2029/3566/2079 2039/3579/2089
f 2039/3579/2089 2029/3566/2079 2040/3580/2090
f 2040/3580/2090 2029/3566/2079 2026/3563/2076
f 2040/3580/2090 2026/3563/2076 2041/3581/2091
f 2041/3581/2091 2026/3563/2076 2027/3564/2077
f 2041/3582/2091 2027/3583/2077 2042/3584/2092
f 1823/3585/2093 2043/3586/2094 1824/3587/2095
f 1824/3588/2095 2043/3589/2094 1653/3590/1858
f 1824/3591/2095 1653/3011/1858 1652/3010/1857
f 2044/3592/2096 2042/3584/2092 2027/3583/2077
f 2025/3593/2075 2045/3594/2097 2027/3583/2077
f 2027/3583/2077 2045/3594/2097 2046/3595/2098
f 2027/3583/2077 2046/3595/2098 2044/3592/2096
f 1823/3585/2093 1818/3596/2099 2043/3586/2094
f 2043/3586/2094 1818/3596/2099 1820/3597/2100
f 2043/3586/2094 1820/3597/2100 2047/3598/2101
f 2047/3598/2101 1820/3597/2100 2048/3599/2102
f 2047/3598/2101 2048/3599/2102 2045/3594/2097
f 2045/3594/2097 2048/3599/2102 2049/3600/2103
f 2045/3594/2097 2049/3600/2103 2046/3595/2098
f 2050/3601/2104 2051/3602/2105 2052/3603/2106
f 2052/3603/2106 2051/3602/2105 2053/3604/2107
f 2052/3603/2106 2053/3604/2107 2054/3605/2108
f 2054/3605/2108 2053/3604/2107 1900/3606/2109
f 2031/3568/2081 2055/3607/2110 2032/3569/2082
f 2032/3569/2082 2055/3607/2110 2056/3608/2111
f 2032/3569/2082 2056/3608/2111 2050/3601/2104
f 2050/3601/2104 2056/3608/2111 2057/3609/2112
f 2050/3601/2104 2057/3609/2112 2051/3602/2105
f 2058/3610/2113 2059/3611/2114 2013/3612/2063
f 2013/3612/2063 2059/3611/2114 2060/3613/2115
f 2013/3550/2063 2060/3614/2115 2014/3551/2064
f 2061/3615/2116 2062/3616/2117 2063/3617/2118
f 2063/3617/2118 2062/3616/2117 2064/3618/2119
f 2063/3617/2118 2064/3618/2119 2058/3619/2113
f 2058/3619/2113 2064/3618/2119 2065/3620/2120
f 2058/3619/2113 2065/3620/2120 2059/3621/2114
f 2003/3540/2053 2002/3539/2052 2066/3622/2121
f 1738/3171/1897 1737/3170/1896 2067/3623/2122
f 1738/3171/1897 2067/3623/2122 2068/3624/2123
f 2068/3624/2123 2067/3623/2122 2069/3625/2124
f 2068/3624/2123 2069/3625/2124 2070/3626/2125
f 2070/3626/2125 2069/3625/2124 2071/3627/2126
f 2070/3628/2125 2071/3629/2126 2072/3630/2127
f 2072/3631/2127 2071/3632/2126 2073/3633/2128
f 2072/3634/2127 2073/3635/2128 2074/3636/2129
f 2074/3636/2129 2073/3635/2128 2075/3637/2130
f 2074/3636/2129 2075/3637/2130 2066/3622/2121
f 2076/3638/2131 2003/3540/2053 2077/3639/2132
f 2077/3639/2132 2003/3540/2053 2066/3622/2121
f 2077/3639/2132 2066/3622/2121 2078/3640/2133
f 2078/3640/2133 2066/3622/2121 2075/3637/2130
f 2079/3641/2134 2080/3642/2135 2081/3643/2136
f 2081/3643/2136 2080/3642/2135 2082/3644/2137
f 2081/3643/2136 2082/3644/2137 2083/3645/2138
f 2084/3646/2139 2085/3647/2140 2086/3648/2141
f 2086/3649/2141 2085/3650/2140 2087/3651/2142
f 2086/3649/2141 2087/3651/2142 2088/3652/2143
f 2088/3652/2143 2087/3651/2142 2089/3653/2144
f 2088/3652/2143 2089/3653/2144 2090/3654/2145
f 2090/3654/2145 2089/3653/2144 2083/3645/2138
f 2090/3654/2145 2083/3645/2138 2091/3655/2146
f 2091/3655/2146 2083/3645/2138 2082/3644/2137
f 2092/3656/2147 2093/3657/2148 2094/3658/2149
f 2094/3658/2149 2093/3657/2148 2095/3659/2150
f 2094/3658/2149 2095/3659/2150 2096/3660/2151
f 2096/3660/2151 2095/3659/2150 2097/3661/2152
f 2096/3660/2151 2097/3661/2152 2098/3662/2153
f 2098/3662/2153 2097/3661/2152 2099/3663/2154
f 2100/3664/2155 2101/3665/2156 2102/3666/2157
f 2102/3666/2157 2101/3665/2156 2103/3667/2158
f 2102/3666/2157 2103/3667/2158 2092/3668/2147
f 2092/3668/2147 2103/3667/2158 2104/3669/2159
f 2092/3656/2147 2104/3670/2159 2093/3657/2148
f 2080/3642/2135 2079/3641/2134 2105/3671/2160
f 2105/3671/2160 2079/3641/2134 2106/3672/2161
f 2105/3671/2160 2106/3672/2161 2107/3673/2162
f 2107/3673/2162 2106/3672/2161 2108/3674/2163
f 2107/3673/2162 2108/3674/2163 2100/3664/2155
f 2100/3664/2155 2108/3674/2163 2109/3675/2164
f 2100/3664/2155 2109/3675/2164 2101/3665/2156
f 2110/3676/2165 2111/3677/2166 2011/3548/2061
f 2003/3540/2053 2076/3638/2131 2005/3542/2055
f 2005/3542/2055 2076/3638/2131 2110/3676/2165
f 2005/3542/2055 2110/3676/2165 2007/3544/2057
f 2007/3544/2057 2110/3676/2165 2011/3548/2061
f 2025/3593/2075 2112/3678/2167 2045/3594/2097
f 2045/3594/2097 2112/3678/2167 2113/3679/2168
f 2045/3594/2097 2113/3679/2168 2047/3598/2101
f 2047/3598/2101 2113/3679/2168 2114/3680/2169
f 2047/3598/2101 2114/3680/2169 2043/3586/2094
f 2043/3586/2094 2114/3680/2169 2115/3681/2170
f 2043/3586/2094 2115/3681/2170 1653/3682/1858
f 1653/3682/1858 2115/3681/2170 1673/3683/1878
f 2061/3615/2116 2116/3684/2171 2117/3685/2172
f 2062/3616/2117 2061/3615/2116 2118/3686/2173
f 2118/3686/2173 2061/3615/2116 2117/3685/2172
f 2118/3686/2173 2117/3685/2172 2119/3687/2174
f 2119/3687/2174 2117/3685/2172 2120/3688/2175
f 2117/3685/2172 2121/3689/2176 2120/3688/2175
f 2120/3688/2175 2121/3689/2176 2122/3690/2177
f 2120/3688/2175 2122/3690/2177 2123/3691/2178
f 2098/3662/2153 2099/3663/2154 2124/3692/2179
f 2124/3692/2179 2099/3663/2154 2125/3693/2180
f 2124/3692/2179 2125/3693/2180 2126/3694/2181
f 2126/3694/2181 2125/3693/2180 2127/3695/2182
f 2126/3694/2181 2127/3695/2182 2128/3696/2183
f 2128/3696/2183 2127/3695/2182 2123/3691/2178
f 2128/3696/2183 2123/3691/2178 2129/3697/2184
f 2129/3697/2184 2123/3691/2178 2122/3690/2177
f 2130/3698/2185 2013/3550/2063 2018/3555/2068
f 2130/3698/2185 2018/3555/2068 2131/3699/2186
f 2131/3699/2186 2018/3555/2068 2017/3554/2067
f 2131/3699/2186 2017/3554/2067 2132/3700/2187
f 2132/3700/2187 2017/3554/2067 2011/3548/2061
f 2132/3700/2187 2011/3548/2061 2111/3677/2166
f 2032/3569/2082 2133/3701/2188 2034/3571/2084
f 2034/3571/2084 2133/3701/2188 2134/3702/2189
f 2034/3571/2084 2134/3702/2189 2035/3572/2085
f 2035/3572/2085 2134/3702/2189 2021/3558/2071
f 2021/3558/2071 2134/3702/2189 2135/3703/2190
f 2021/3558/2071 2135/3703/2190 2030/3567/2080
f 2030/3567/2080 2135/3703/2190 2136/3704/2191
f 2030/3567/2080 2136/3704/2191 2028/3565/2078
f 2028/3565/2078 2136/3704/2191 2024/3561/2074
f 2024/3561/2074 2136/3704/2191 2112/3705/2167
f 2024/3561/2074 2112/3705/2167 2025/3562/2075
f 2013/3550/2063 2130/3698/2185 2058/3619/2113
f 2058/3619/2113 2130/3698/2185 2137/3706/2192
f 2058/3619/2113 2137/3706/2192 2063/3617/2118
f 2063/3617/2118 2137/3706/2192 2138/3707/2193
f 2063/3617/2118 2138/3707/2193 2061/3615/2116
f 2061/3615/2116 2138/3707/2193 2116/3684/2171
f 2133/3701/2188 2032/3569/2082 2139/3708/2194
f 2139/3708/2194 2032/3569/2082 2050/3601/2104
f 2139/3708/2194 2050/3601/2104 2140/3709/2195
f 2140/3709/2195 2050/3601/2104 2052/3603/2106
f 2140/3709/2195 2052/3603/2106 2141/3710/2196
f 2141/3710/2196 2052/3603/2106 2054/3605/2108
f 2054/3605/2108 1900/3606/2109 1902/3711/2197
f 2142/3712/2198 2143/3713/2199 2144/3714/2200
f 2144/3714/2200 2143/3713/2199 2145/3715/2201
f 2144/3716/2200 2145/3717/2201 2146/3718/2202
f 2146/3718/2202 2145/3717/2201 2147/3719/2203
f 2146/3718/2202 2147/3719/2203 2148/3720/2204
f 2148/3720/2204 2147/3719/2203 2149/3721/2205
f 2149/3721/2205 2147/3719/2203 2150/3722/2206
f 2149/3721/2205 2150/3722/2206 1904/3723/2207
f 2141/3710/2196 2054/3605/2108 2151/3724/2208
f 2151/3724/2208 2054/3605/2108 1902/3711/2197
f 2151/3724/2208 1902/3711/2197 2152/3725/2209
f 2152/3725/2209 1902/3711/2197 1904/3723/2207
f 2152/3725/2209 1904/3723/2207 2153/3726/2210
f 2153/3726/2210 1904/3723/2207 2150/3722/2206
f 2154/3727/2211 2155/3728/2212 2156/3729/2213
f 2156/3729/2213 2155/3728/2212 2157/3730/2214
f 2156/3729/2213 2157/3730/2214 2158/3731/2215
f 2158/3731/2215 2157/3730/2214 2159/3732/2216
f 2158/3731/2215 2159/3732/2216 2160/3733/2217
f 2160/3733/2217 2159/3732/2216 2161/3734/2218
f 2160/3733/2217 2161/3734/2218 2162/3735/2219
f 2162/3735/2219 2161/3734/2218 2163/3736/2220
f 2143/3713/2199 2142/3712/2198 2164/3737/2221
f 2164/3737/2221 2142/3712/2198 2165/3738/2222
f 2164/3737/2221 2165/3738/2222 2163/3739/2220
f 2163/3739/2220 2165/3738/2222 2166/3740/2223
f 2163/3739/2220 2166/3740/2223 2162/3741/2219
f 2167/3742/2224 2168/3743/2225 2169/3744/2226
f 2170/3745/2227 2171/3746/2228 2167/3742/2224
f 2167/3742/2224 2169/3744/2226 2170/3745/2227
f 2170/3745/2227 2169/3744/2226 2172/3747/2229
f 2170/3745/2227 2172/3747/2229 2173/3748/2230
f 2173/3748/2230 2172/3747/2229 2174/3749/2231
f 2173/3748/2230 2174/3749/2231 2175/3750/2232
f 2175/3750/2232 2174/3749/2231 2176/3751/2233
f 2175/3750/2232 2176/3751/2233 2177/3752/2234
f 2177/3752/2234 2176/3751/2233 2178/3753/2235
f 2177/3752/2234 2178/3753/2235 2179/3754/2236
f 2179/3754/2236 2178/3753/2235 2180/3755/2237
f 2179/3754/2236 2180/3755/2237 2181/3756/2238
f 2180/3755/2237 2182/3757/2239 2181/3756/2238
f 2181/3758/2238 2182/3759/2239 2183/3760/2240
f 2181/3758/2238 2183/3760/2240 2184/3761/2241
f 2184/3761/2241 2183/3760/2240 2185/3762/2242
f 2184/3761/2241 2185/3762/2242 2186/3763/2243
f 1732/3764/17 1733/3166/17 2187/3765/17
f 2187/3765/17 1733/3166/17 1842/3766/17
f 2187/3765/17 1842/3766/17 1841/3767/17
f 1845/3768/30 1844/3769/17 1736/3169/17
f 1736/3169/17 1844/3769/17 1842/3766/17
f 1736/3169/17 1842/3766/17 1734/3167/17
f 1734/3167/17 1842/3766/17 1733/3166/17
f 1738/3171/17 1849/3770/17 1736/3169/17
f 1736/3169/17 1849/3770/17 1847/3771/21
f 1736/3169/17 1847/3771/21 1845/3768/30
f 1832/3772/17 1830/3773/17 2074/3774/17
f 2074/3774/17 1830/3773/17 2072/3775/17
f 2072/3775/17 1830/3773/17 1852/3776/17
f 2072/3775/17 1852/3776/17 2070/3626/17
f 2070/3626/17 1852/3776/17 1851/3777/17
f 2070/3626/17 1851/3777/17 2068/3624/17
f 2068/3624/17 1851/3777/17 1849/3770/17
f 2068/3624/17 1849/3770/17 1738/3171/17
f 1832/3772/17 2074/3774/17 1834/3778/17
f 1834/3778/17 2074/3774/17 2066/3779/17
f 1834/3778/17 2066/3779/17 1836/3780/21
f 1836/3780/21 2066/3779/17 2002/3781/17
f 1836/3780/21 2002/3781/17 1838/3782/21
f 1839/3783/17 2188/3784/17 2189/3785/17
f 2188/3784/17 1839/3783/17 1838/3782/21
f 2190/3786/17 1775/3787/17 2189/3785/17
f 2189/3785/17 1775/3787/17 1777/3788/17
f 2189/3785/17 1777/3788/17 1839/3783/17
f 1779/3789/17 2191/3790/17 1780/3791/17
f 1780/3791/17 2191/3790/17 2192/3792/17
f 1780/3791/17 2192/3792/17 1782/3793/17
f 1782/3793/17 2192/3792/17 2193/3794/17
f 1782/3793/17 2193/3794/17 1783/3795/17
f 2194/3796/17 2193/3794/17 2195/3797/17
f 2195/3797/17 2193/3794/17 2192/3792/17
f 2195/3797/17 2192/3792/17 2196/3798/17
f 2196/3798/17 2192/3792/17 2191/3790/17
f 2196/3798/17 2191/3790/17 2190/3786/17
f 2190/3786/17 2191/3790/17 1779/3789/17
f 2190/3786/17 1779/3789/17 1775/3787/17
f 2012/3799/17 2194/3796/17 2010/3800/17
f 2010/3800/17 2194/3796/17 2195/3797/17
f 2010/3800/17 2195/3797/17 2009/3801/17
f 2009/3801/17 2195/3797/17 2196/3798/17
f 2009/3801/17 2196/3798/17 2008/3802/17
f 2008/3802/17 2196/3798/17 2190/3786/17
f 2008/3802/17 2190/3786/17 2006/3803/17
f 2006/3803/17 2190/3786/17 2189/3785/17
f 2006/3803/17 2189/3785/17 2004/3804/17
f 2004/3804/17 2189/3785/17 2188/3784/17
f 2004/3804/17 2188/3784/17 2002/3781/17
f 2002/3781/17 2188/3784/17 1838/3782/21
f 1783/3795/17 2193/3794/17 1785/3805/18
f 1785/3805/18 2193/3794/17 2197/3806/17
f 1785/3805/18 2197/3806/17 1786/3807/18
f 1786/3807/18 2197/3806/17 2198/3808/17
f 1786/3807/18 2198/3808/17 1788/3809/17
f 2199/3810/17 1791/3811/17 2198/3808/17
f 2198/3808/17 1791/3811/17 1789/3812/17
f 2198/3808/17 1789/3812/17 1788/3809/17
f 2199/3810/17 2198/3808/17 2200/3813/17
f 2200/3813/17 2198/3808/17 2197/3806/17
f 2200/3813/17 2197/3806/17 2201/3814/17
f 2201/3814/17 2197/3806/17 2193/3794/17
f 2201/3814/17 2193/3794/17 2194/3796/17
f 2194/3796/17 2012/3799/17 2201/3814/17
f 2201/3814/17 2012/3799/17 2202/3815/17
f 2201/3814/17 2202/3815/17 2200/3813/17
f 2200/3813/17 2202/3815/17 2203/3816/17
f 2200/3813/17 2203/3816/17 2199/3810/17
f 2199/3810/17 2203/3816/17 2204/3817/17
f 2199/3810/17 2204/3817/17 1791/3811/17
f 1791/3811/17 2204/3817/17 1793/3818/17
f 2202/3815/17 2012/3799/17 2016/3819/17
f 2205/3820/1879 2206/3821/1879 2207/3822/17
f 2208/3823/17 1795/3824/17 1793/3818/17
f 2208/3823/17 1793/3818/17 2209/3825/17
f 1803/3826/18 1800/3827/17 2210/3828/17
f 2210/3828/17 1800/3827/17 1797/3829/17
f 2210/3828/17 1797/3829/17 2211/3830/17
f 2211/3830/17 1797/3829/17 2212/3831/17
f 2213/3832/17 2214/3833/17 2215/3834/2244
f 2015/3835/17 2216/3836/17 2217/3837/17
f 2218/3838/17 2219/3839/17 2220/3840/17
f 2220/3840/17 2219/3839/17 2221/3841/18
f 2220/3840/17 2221/3841/18 2222/3842/784
f 2223/3843/17 2224/3844/2245 2225/3845/17
f 2225/3845/17 2224/3844/2245 2226/3846/2246
f 2225/3845/17 2226/3846/2246 2207/3822/17
f 2207/3822/17 2226/3846/2246 2227/3847/17
f 2207/3822/17 2227/3847/17 2205/3820/1879
f 2228/3848/17 2229/3849/17 2223/3843/17
f 2223/3843/17 2229/3849/17 2230/3850/21
f 2230/3850/21 2231/3851/21 2223/3843/17
f 2223/3843/17 2231/3851/21 2232/3852/17
f 2223/3843/17 2232/3852/17 2233/3853/2247
f 2233/3853/2247 2234/3854/2248 2223/3843/17
f 2223/3843/17 2234/3854/2248 2235/3855/17
f 2223/3843/17 2235/3855/17 2224/3844/2245
f 2236/3856/17 2237/3857/17 2228/3848/17
f 2228/3848/17 2237/3857/17 2238/3858/17
f 2228/3848/17 2238/3858/17 2229/3849/17
f 2212/3831/17 2239/3859/17 2240/3860/17
f 2240/3860/17 2241/3861/21 2212/3831/17
f 2212/3831/17 2241/3861/21 2242/3862/17
f 2212/3831/17 2242/3862/17 2236/3856/17
f 2236/3856/17 2242/3862/17 2243/3863/17
f 2236/3856/17 2243/3863/17 2237/3857/17
f 2244/3864/17 2245/3865/21 2246/3866/17
f 2244/3864/17 2246/3866/17 2247/3867/21
f 2245/3865/21 2248/3868/2249 2246/3866/17
f 2246/3866/17 2248/3868/2249 2249/3869/2250
f 2246/3866/17 2249/3869/2250 2239/3859/17
f 2239/3859/17 2249/3869/2250 2250/3870/17
f 2239/3859/17 2250/3870/17 2240/3860/17
f 2251/3871/2251 2252/3872/17 2020/3873/17
f 2217/3837/17 2253/3874/17 2015/3835/17
f 2015/3835/17 2253/3874/17 2254/3875/17
f 2015/3835/17 2254/3875/17 2019/3876/17
f 2019/3876/17 2254/3875/17 2255/3877/17
f 2019/3876/17 2255/3877/17 2020/3873/17
f 2020/3873/17 2255/3877/17 2256/3878/2251
f 2020/3873/17 2256/3878/2251 2251/3871/2251
f 2040/3879/21 2041/3582/17 2257/3880/17
f 2257/3880/17 2041/3582/17 2042/3584/17
f 2257/3880/17 2042/3584/17 2258/3881/17
f 2037/3882/17 2259/3883/17 2260/3884/17
f 2260/3884/17 2259/3883/17 2261/3885/17
f 2260/3884/17 2261/3885/17 2262/3886/17
f 2263/3887/17 2262/3886/17 2264/3888/17
f 2264/3888/17 2262/3886/17 2261/3885/17
f 2264/3888/17 2261/3885/17 2265/3889/17
f 2037/3882/17 2036/3890/17 2259/3883/17
f 2259/3883/17 2036/3890/17 2023/3891/18
f 2259/3883/17 2023/3891/18 2261/3885/17
f 2261/3885/17 2023/3891/18 2022/3575/17
f 2261/3885/17 2022/3575/17 2265/3889/17
f 2265/3889/17 2022/3575/17 2038/3577/17
f 2266/3892/17 2267/3893/17 2263/3887/17
f 2015/3835/17 2014/3894/17 2268/3895/17
f 2268/3895/17 2014/3894/17 2269/3896/17
f 2216/3836/17 2015/3835/17 2222/3842/784
f 2222/3842/784 2015/3835/17 2268/3895/17
f 2222/3842/784 2268/3895/17 2220/3840/17
f 2220/3840/17 2268/3895/17 2269/3896/17
f 2220/3840/17 2269/3896/17 2270/3897/1879
f 2270/3897/1879 2271/3898/29 2220/3840/17
f 2220/3840/17 2271/3898/29 2207/3822/17
f 2220/3840/17 2207/3822/17 2218/3838/17
f 2218/3838/17 2207/3822/17 2206/3821/1879
f 1793/3818/17 2204/3817/17 2209/3825/17
f 2209/3825/17 2204/3817/17 2203/3816/17
f 2209/3825/17 2203/3816/17 2272/3899/17
f 2272/3899/17 2203/3816/17 2202/3815/17
f 2272/3899/17 2202/3815/17 2273/3900/17
f 2273/3900/17 2202/3815/17 2016/3819/17
f 2273/3900/17 2016/3819/17 2020/3873/17
f 2252/3872/17 2274/3901/2252 2020/3873/17
f 2020/3873/17 2274/3901/2252 2247/3867/21
f 2020/3873/17 2247/3867/21 2273/3900/17
f 2273/3900/17 2247/3867/21 2246/3866/17
f 2273/3900/17 2246/3866/17 2272/3899/17
f 2272/3899/17 2246/3866/17 2239/3859/17
f 2272/3899/17 2239/3859/17 2209/3825/17
f 2209/3825/17 2239/3859/17 2212/3831/17
f 2209/3825/17 2212/3831/17 2208/3823/17
f 2208/3823/17 2212/3831/17 1797/3829/17
f 2208/3823/17 1797/3829/17 1795/3824/17
f 2275/3902/17 2031/3903/17 2033/3904/17
f 2267/3893/17 2276/3905/17 2263/3887/17
f 2263/3887/17 2276/3905/17 2277/3906/17
f 2263/3887/17 2277/3906/17 2262/3886/17
f 2262/3886/17 2277/3906/17 2275/3902/17
f 2262/3886/17 2275/3902/17 2260/3884/17
f 2260/3884/17 2275/3902/17 2033/3904/17
f 2260/3884/17 2033/3904/17 2037/3882/17
f 2039/3907/21 2040/3879/21 2278/3908/21
f 2278/3908/21 2040/3879/21 2257/3880/17
f 2278/3908/21 2257/3880/17 2213/3832/17
f 2213/3832/17 2257/3880/17 2258/3881/17
f 2213/3832/17 2258/3881/17 2214/3833/17
f 2215/3834/2244 1803/3826/18 2213/3832/17
f 2213/3832/17 1803/3826/18 2210/3828/17
f 2213/3832/17 2210/3828/17 2278/3908/21
f 2278/3908/21 2210/3828/17 2211/3830/17
f 2278/3908/21 2211/3830/17 2039/3907/21
f 2039/3907/21 2211/3830/17 2212/3831/17
f 2039/3907/21 2212/3831/17 2038/3577/17
f 2038/3577/17 2212/3831/17 2236/3856/17
f 2038/3577/17 2236/3856/17 2265/3889/17
f 2265/3889/17 2236/3856/17 2228/3848/17
f 2265/3889/17 2228/3848/17 2264/3888/17
f 2264/3888/17 2228/3848/17 2223/3843/17
f 2264/3888/17 2223/3843/17 2263/3887/17
f 2263/3887/17 2223/3843/17 2225/3845/17
f 2263/3887/17 2225/3845/17 2266/3892/17
f 2266/3892/17 2225/3845/17 2207/3822/17
f 2266/3892/17 2207/3822/17 2279/3909/17
f 2279/3909/17 2207/3822/17 2271/3898/29
f 2214/3833/17 1805/3910/17 2215/3834/2244
f 2215/3834/2244 1805/3910/17 1803/3826/18
f 1806/3911/2253 2280/3912/2254 1808/3913/17
f 1808/3913/17 2280/3912/2254 2281/3914/17
f 1808/3913/17 2281/3914/17 2282/3915/17
f 1806/3911/2253 1805/3910/17 2280/3912/2254
f 2280/3912/2254 1805/3910/17 2214/3833/17
f 2280/3912/2254 2214/3833/17 2281/3914/17
f 2281/3914/17 2214/3833/17 2258/3881/17
f 2281/3914/17 2258/3881/17 2282/3915/17
f 2282/3915/17 2258/3881/17 2042/3584/17
f 1815/3916/17 1814/3917/17 2283/3918/17
f 2283/3918/17 1814/3917/17 1813/3919/17
f 2283/3918/17 1813/3919/17 2284/3920/17
f 2284/3920/17 1813/3919/17 1808/3913/17
f 2284/3920/17 1808/3913/17 2282/3915/17
f 2048/3599/17 1820/3597/17 1817/3921/17
f 2048/3599/17 1817/3921/17 2049/3600/17
f 2282/3915/17 2042/3584/17 2284/3920/17
f 2284/3920/17 2042/3584/17 2044/3592/17
f 2284/3920/17 2044/3592/17 2283/3918/17
f 2283/3918/17 2044/3592/17 2046/3595/17
f 2283/3918/17 2046/3595/17 1815/3916/17
f 1815/3916/17 2046/3595/17 2049/3600/17
f 1815/3916/17 2049/3600/17 1816/3922/18
f 1816/3922/18 2049/3600/17 1817/3921/17
f 2186/3763/2243 2185/3762/2242 2285/3923/2255
f 2186/3763/2243 2285/3923/2255 2286/3924/2256
f 2286/3924/2256 2285/3923/2255 2287/3925/2257
f 2286/3924/2256 2287/3925/2257 2288/3926/2258
f 2288/3926/2258 2287/3925/2257 2289/3927/2259
f 2288/3926/2258 2289/3927/2259 2290/3928/2260
f 2290/3928/2260 2289/3927/2259 2291/3929/2261
f 2290/3928/2260 2291/3929/2261 2292/3930/2262
f 2292/3930/2262 2291/3929/2261 2293/3931/2263
f 2292/3930/2262 2293/3931/2263 2294/3932/2264
f 2294/3932/2264 2293/3931/2263 2295/3933/2265
f 2294/3932/2264 2295/3933/2265 2296/3934/2266
f 2296/3934/2266 2295/3933/2265 2297/3935/2267
f 2296/3934/2266 2297/3935/2267 2298/3936/2268
f 2298/3936/2268 2297/3935/2267 2299/3937/2269
f 2298/3936/2268 2299/3937/2269 2300/3938/2270
f 2301/3939/17 2302/3940/17 2303/3941/17
f 2304/3942/17 2305/3943/17 2306/3944/17
f 2306/3944/17 2305/3943/17 2307/3945/1879
f 2306/3944/17 2307/3945/1879 2303/3941/17
f 2303/3941/17 2307/3945/1879 2308/3946/1879
f 2303/3941/17 2308/3946/1879 2301/3939/17
f 2301/3939/17 2308/3946/1879 2309/3947/17
f 2304/3942/17 2306/3944/17 2310/3948/17
f 2310/3948/17 2306/3944/17 2154/3949/17
f 2310/3948/17 2154/3949/17 2311/3950/17
f 2311/3950/17 2154/3949/17 2156/3951/21
f 2311/3950/17 2156/3951/21 2312/3952/17
f 2312/3952/17 2156/3951/21 2158/3953/17
f 2312/3952/17 2158/3953/17 2313/3954/18
f 2313/3954/18 2158/3953/17 2314/3955/18
f 2314/3955/18 2158/3953/17 2160/3956/18
f 2314/3955/18 2160/3956/18 2315/3957/17
f 2315/3957/17 2160/3956/18 2162/3741/19
f 2162/3741/19 2166/3740/19 2315/3957/17
f 2315/3957/17 2166/3740/19 2165/3738/17
f 2315/3957/17 2165/3738/17 2316/3958/17
f 2316/3958/17 2165/3738/17 2142/3712/17
f 2316/3958/17 2142/3712/17 2317/3959/17
f 2317/3959/17 2142/3712/17 2144/3714/17
f 2317/3959/17 2144/3714/17 2318/3960/17
f 2318/3960/17 2144/3714/17 2146/3961/17
f 2318/3960/17 2146/3961/17 2319/3962/17
f 2319/3962/17 2146/3961/17 2148/3963/17
f 2319/3962/17 2148/3963/17 2149/3964/17
f 2320/3965/17 2321/3966/17 2322/3967/17
f 2323/3968/17 2324/3969/17 2325/3970/17
f 2324/3969/17 2323/3968/17 2326/3971/17
f 2053/3972/17 2327/3973/17 1900/3361/30
f 1900/3361/30 2327/3973/17 2328/3974/21
f 1900/3361/30 2328/3974/21 1901/3362/30
f 2329/3975/17 2330/3976/17 2331/3977/17
f 2330/3976/17 2329/3975/17 2332/3978/17
f 2332/3978/17 2329/3975/17 2333/3979/17
f 2332/3978/17 2333/3979/17 2334/3980/17
f 2334/3980/17 2333/3979/17 2335/3981/17
f 2334/3980/17 2335/3981/17 2336/3982/17
f 2321/3966/17 2335/3981/17 2322/3967/17
f 2322/3967/17 2335/3981/17 2333/3979/17
f 2322/3967/17 2333/3979/17 2337/3983/17
f 2337/3983/17 2333/3979/17 2329/3975/17
f 2337/3983/17 2329/3975/17 2325/3970/17
f 2325/3970/17 2329/3975/17 2331/3977/17
f 2325/3970/17 2331/3977/17 2323/3968/17
f 2031/3903/17 2320/3965/17 2055/3984/17
f 2055/3984/17 2320/3965/17 2322/3967/17
f 2055/3984/17 2322/3967/17 2056/3985/17
f 2056/3985/17 2322/3967/17 2337/3983/17
f 2056/3985/17 2337/3983/17 2057/3986/17
f 2057/3986/17 2337/3983/17 2325/3970/17
f 2057/3986/17 2325/3970/17 2051/3987/17
f 2051/3987/17 2325/3970/17 2324/3969/17
f 2051/3987/17 2324/3969/17 2053/3972/17
f 2053/3972/17 2324/3969/17 2326/3971/17
f 2053/3972/17 2326/3971/17 2327/3973/17
f 2320/3965/17 2031/3903/17 2275/3902/17
f 2338/3988/17 2339/3989/17 2340/3990/17
f 2338/3988/17 2341/3991/17 2342/3992/17
f 2342/3992/17 2341/3991/17 2343/3993/17
f 2342/3992/17 2343/3993/17 2344/3994/17
f 2345/3995/17 2346/3996/17 2344/3994/17
f 2344/3994/17 2346/3996/17 2347/3997/17
f 2344/3994/17 2347/3997/17 2342/3992/17
f 2348/3998/17 2349/3999/17 2350/4000/17
f 2350/4000/17 2349/3999/17 2351/4001/17
f 2352/4002/934 2353/4003/30 2354/4004/21
f 2351/4001/17 2349/3999/17 2354/4004/21
f 2354/4004/21 2349/3999/17 2355/4005/17
f 2354/4004/21 2355/4005/17 2352/4002/934
f 2014/3894/17 2356/4006/17 2269/3896/17
f 2269/3896/17 2356/4006/17 2357/4007/17
f 2269/3896/17 2357/4007/17 2270/3897/1879
f 2270/3897/1879 2357/4007/17 2358/4008/17
f 2356/4006/17 2359/4009/17 2357/4007/17
f 2357/4007/17 2359/4009/17 2360/4010/17
f 2357/4007/17 2360/4010/17 2358/4008/17
f 2358/4008/17 2360/4010/17 2361/4011/17
f 2358/4008/17 2361/4011/17 2362/4012/17
f 2320/3965/17 2275/3902/17 2321/3966/17
f 2363/4013/17 2275/3902/17 2277/3906/17
f 2275/3902/17 2363/4013/17 2321/3966/17
f 2321/3966/17 2363/4013/17 2340/3990/17
f 2321/3966/17 2340/3990/17 2335/3981/17
f 2335/3981/17 2340/3990/17 2339/3989/17
f 2335/3981/17 2339/3989/17 2336/3982/17
f 2338/3988/17 2340/3990/17 2341/3991/17
f 2341/3991/17 2340/3990/17 2363/4013/17
f 2341/3991/17 2363/4013/17 2343/3993/17
f 2343/3993/17 2363/4013/17 2277/3906/17
f 2343/3993/17 2277/3906/17 2344/3994/17
f 2344/3994/17 2277/3906/17 2276/3905/17
f 2344/3994/17 2276/3905/17 2345/3995/17
f 2345/3995/17 2276/3905/17 2267/3893/17
f 2345/3995/17 2267/3893/17 2364/4014/17
f 2364/4014/17 2267/3893/17 2266/3892/17
f 2364/4014/17 2266/3892/17 2362/4012/17
f 2362/4012/17 2266/3892/17 2279/3909/17
f 2362/4012/17 2279/3909/17 2358/4008/17
f 2358/4008/17 2279/3909/17 2271/3898/29
f 2358/4008/17 2271/3898/29 2270/3897/1879
f 2350/4000/17 2364/4014/17 2348/3998/17
f 2348/3998/17 2364/4014/17 2362/4012/17
f 2348/3998/17 2362/4012/17 2349/3999/17
f 2349/3999/17 2362/4012/17 2361/4011/17
f 2349/3999/17 2361/4011/17 2355/4005/17
f 2355/4005/17 2361/4011/17 2360/4010/17
f 2355/4005/17 2360/4010/17 2365/4015/17
f 2365/4015/17 2360/4010/17 2359/4009/17
f 2356/4006/17 2014/3894/17 2060/3613/17
f 2366/4016/17 2367/4017/17 2368/4018/17
f 2352/4002/934 2355/4005/17 2369/4019/17
f 2352/4002/934 2369/4019/17 2353/4003/30
f 2353/4003/30 2369/4019/17 2370/4020/17
f 2370/4020/17 2369/4019/17 2371/4021/17
f 2370/4020/17 2371/4021/17 2372/4022/17
f 2372/4022/17 2371/4021/17 2373/4023/17
f 2372/4022/17 2373/4023/17 2374/4024/17
f 2375/4025/17 2376/4026/17 2373/4023/17
f 2373/4023/17 2376/4026/17 2377/4027/17
f 2373/4023/17 2377/4027/17 2374/4024/17
f 2366/4016/17 2368/4018/17 2378/4028/17
f 2378/4028/17 2368/4018/17 2064/4029/17
f 2378/4028/17 2064/4029/17 2062/4030/17
f 2355/4005/17 2365/4015/17 2369/4019/17
f 2369/4019/17 2365/4015/17 2379/4031/17
f 2369/4019/17 2379/4031/17 2371/4021/17
f 2371/4021/17 2379/4031/17 2380/4032/17
f 2371/4021/17 2380/4032/17 2373/4023/17
f 2373/4023/17 2380/4032/17 2381/4033/17
f 2373/4023/17 2381/4033/17 2375/4025/17
f 2375/4025/17 2381/4033/17 2382/4034/17
f 2359/4009/17 2356/4006/17 2383/4035/17
f 2383/4035/17 2356/4006/17 2060/3613/17
f 2383/4035/17 2060/3613/17 2384/4036/17
f 2384/4036/17 2060/3613/17 2059/3611/17
f 2384/4036/17 2059/3611/17 2065/4037/17
f 2367/4017/17 2376/4026/17 2368/4018/17
f 2368/4018/17 2376/4026/17 2375/4025/17
f 2368/4018/17 2375/4025/17 2064/4029/17
f 2064/4029/17 2375/4025/17 2382/4034/17
f 2064/4029/17 2382/4034/17 2065/4037/17
f 2065/4037/17 2382/4034/17 2381/4033/17
f 2065/4037/17 2381/4033/17 2384/4036/17
f 2384/4036/17 2381/4033/17 2380/4032/17
f 2384/4036/17 2380/4032/17 2383/4035/17
f 2383/4035/17 2380/4032/17 2379/4031/17
f 2383/4035/17 2379/4031/17 2359/4009/17
f 2359/4009/17 2379/4031/17 2365/4015/17
f 2378/4028/17 2062/4030/17 2118/4038/17
f 2378/4028/17 2118/4038/17 2385/4039/17
f 2123/4040/17 2386/4041/17 2120/4042/17
f 2120/4042/17 2386/4041/17 2385/4039/17
f 2120/4042/17 2385/4039/17 2119/4043/17
f 2119/4043/17 2385/4039/17 2118/4038/17
f 2387/4044/17 2388/4045/17 2123/4040/17
f 2123/4040/17 2388/4045/17 2389/4046/17
f 2123/4040/17 2389/4046/17 2386/4041/17
f 2123/4040/17 2127/4047/17 2387/4044/17
f 2387/4044/17 2127/4047/17 2125/4048/17
f 2387/4044/17 2125/4048/17 2390/4049/17
f 2390/4049/17 2125/4048/17 2099/4050/17
f 2390/4049/17 2099/4050/17 2391/4051/17
f 2392/4052/17 2391/4051/17 2099/4050/17
f 2392/4052/17 2099/4050/17 2393/4053/17
f 2099/4050/17 2097/4054/17 2393/4053/17
f 2393/4053/17 2097/4054/17 2095/4055/17
f 2393/4053/17 2095/4055/17 2394/4056/17
f 2394/4056/17 2095/4055/17 2395/4057/2271
f 2395/4057/2271 2095/4055/17 2093/4058/17
f 2395/4057/2271 2093/4058/17 2396/4059/2271
f 2093/4058/17 2104/3669/17 2396/4059/2271
f 2396/4059/2271 2104/3669/17 2103/3667/17
f 2396/4059/2271 2103/3667/17 2397/4060/17
f 2397/4060/17 2103/3667/17 2101/3665/17
f 2397/4060/17 2101/3665/17 2398/4061/17
f 2101/3665/17 2109/3675/17 2398/4061/17
f 2398/4061/17 2109/3675/17 2108/3674/17
f 2398/4061/17 2108/3674/17 2399/4062/17
f 2399/4062/17 2108/3674/17 2106/3672/17
f 2399/4062/17 2106/3672/17 2400/4063/17
f 2400/4063/17 2106/3672/17 2079/3641/17
f 2400/4063/17 2079/3641/17 2401/4064/17
f 2401/4064/17 2079/3641/17 2402/4065/2272
f 2402/4065/2272 2079/3641/17 2081/3643/17
f 2402/4065/2272 2081/3643/17 2403/4066/1879
f 2403/4066/1879 2081/3643/17 2083/3645/17
f 2403/4066/1879 2083/3645/17 2404/4067/17
f 2404/4067/17 2083/3645/17 2089/3653/17
f 2404/4067/17 2089/3653/17 2405/4068/17
f 2087/3651/17 2406/4069/17 2089/3653/17
f 2089/3653/17 2406/4069/17 2407/4070/17
f 2089/3653/17 2407/4070/17 2405/4068/17
f 2087/3651/17 2085/3650/17 2408/4071/17
f 2087/3651/17 2408/4071/17 2406/4069/17
f 2406/4069/17 2408/4071/17 2409/4072/17
f 2406/4069/17 2409/4072/17 2410/4073/17
f 2411/4074/17 2412/4075/17 2413/4076/17
f 2085/3650/17 2414/4077/1879 2408/4071/17
f 2408/4071/17 2414/4077/1879 2409/4072/17
f 2415/4078/17 2416/4079/17 2417/4080/21
f 2417/4080/21 2416/4079/17 2418/4081/17
f 2413/4076/17 2302/3940/17 2419/4082/17
f 2419/4082/17 2302/3940/17 2301/3939/17
f 2419/4082/17 2301/3939/17 2309/3947/17
f 2419/4082/17 2418/4081/17 2413/4076/17
f 2413/4076/17 2418/4081/17 2416/4079/17
f 2413/4076/17 2416/4079/17 2411/4074/17
f 2411/4074/17 2416/4079/17 2420/4083/18
f 2411/4074/17 2420/4083/18 2421/4084/1879
f 2421/4084/1879 2422/4085/18 2411/4074/17
f 2411/4074/17 2422/4085/18 2423/4086/2272
f 2411/4074/17 2423/4086/2272 2412/4075/17
f 2410/4073/17 2409/4072/17 2424/4087/17
f 2424/4087/17 2409/4072/17 2414/4077/1879
f 2424/4087/17 2414/4077/1879 2425/4088/17
f 2425/4088/17 2414/4077/1879 2426/4089/1879
f 2425/4088/17 2426/4089/1879 2415/4078/17
f 2415/4078/17 2426/4089/1879 2427/4090/17
f 2415/4078/17 2427/4090/17 2416/4079/17
f 2416/4079/17 2427/4090/17 2428/4091/17
f 2416/4079/17 2428/4091/17 2420/4083/18
f 2427/4092/2273 2429/4093/2274 2430/4094/2275
f 2427/4092/2273 2430/4094/2275 2428/4095/2276
f 2428/4095/2276 2430/4094/2275 2431/4096/2277
f 2428/4095/2276 2431/4096/2277 2420/4097/2278
f 2420/4083/2278 2431/4098/2277 2432/4099/2279
f 2420/4083/2278 2432/4099/2279 2421/4084/2280
f 2421/4084/2280 2432/4099/2279 2433/4100/2281
f 2421/4084/2280 2433/4100/2281 2422/4085/2282
f 2422/4101/2282 2433/4102/2281 2434/4103/2283
f 2422/4101/2282 2434/4103/2283 2423/4104/2284
f 2429/4093/2274 2427/4092/2273 2435/4105/2285
f 2435/4105/2285 2427/4092/2273 2426/4106/2286
f 2435/4105/2285 2426/4106/2286 2436/4107/2287
f 2436/4107/2287 2426/4106/2286 2414/4108/2288
f 2436/4107/2287 2414/4108/2288 2437/4109/2289
f 2437/4109/2289 2414/4108/2288 2085/3647/2140
f 2437/4109/2289 2085/3647/2140 2084/3646/2139
f 2438/4110/2290 1664/3024/2291 1666/3026/2292
f 2439/4111/2293 2167/3742/2224 2171/3746/2228
f 1673/3033/2294 2440/4112/2295 1672/3032/2296
f 1672/3032/2296 2440/4112/2295 2441/4113/2297
f 1672/3032/2296 2441/4113/2297 1671/3031/2298
f 1671/3031/2298 2441/4113/2297 1658/3018/2299
f 1658/3018/2299 2441/4113/2297 2442/4114/2300
f 1658/3018/2299 2442/4114/2300 1656/3016/2301
f 2171/3746/2228 2438/4110/2290 2439/4111/2293
f 2439/4111/2293 2438/4110/2290 1666/3026/2292
f 2439/4111/2293 1666/3026/2292 2443/4115/2302
f 2443/4115/2302 1666/3026/2292 1656/3016/2301
f 2443/4115/2302 1656/3016/2301 2444/4116/2303
f 2444/4116/2303 1656/3016/2301 2442/4114/2300
f 2168/3743/2225 2167/3742/2224 2445/4117/2304
f 2445/4117/2304 2167/3742/2224 2439/4111/2293
f 2445/4117/2304 2439/4111/2293 2446/4118/2305
f 2446/4118/2305 2439/4111/2293 2443/4115/2302
f 2446/4118/2305 2443/4115/2302 2447/4119/2306
f 2447/4119/2306 2443/4115/2302 2444/4116/2303
f 2447/4119/2306 2444/4116/2303 2448/4120/2307
f 2448/4120/2307 2444/4116/2303 2442/4114/2300
f 2448/4120/2307 2442/4114/2300 2449/4121/2308
f 2449/4121/2308 2442/4114/2300 2441/4113/2297
f 2449/4121/2308 2441/4113/2297 2450/4122/2309
f 2450/4122/2309 2441/4113/2297 2440/4112/2295
f 2451/4123/2310 2452/4124/2311 1737/4125/2312
f 1726/3155/2313 1724/3153/2314 2453/4126/2315
f 2453/4126/2315 1724/3153/2314 2454/4127/2316
f 2453/4126/2315 2454/4127/2316 2455/4128/2317
f 2455/4128/2317 2454/4127/2316 2456/4129/2318
f 2455/4128/2317 2456/4129/2318 2457/4130/2319
f 2457/4130/2319 2456/4129/2318 2300/3938/2270
f 1737/4125/2312 1739/4131/2320 2451/4123/2310
f 2451/4132/2310 1739/4133/2320 1740/4134/2321
f 2451/4132/2310 1740/4134/2321 2458/4135/2322
f 2458/4135/2322 1740/4134/2321 1735/4136/2323
f 2458/4135/2322 1735/4136/2323 2459/4137/2324
f 2459/4137/2324 1735/4136/2323 1728/4138/2325
f 2459/4137/2324 1728/4138/2325 2460/4139/2326
f 2460/4139/2326 1728/4138/2325 1730/4140/2327
f 2460/4139/2326 1730/4140/2327 1731/3162/2328
f 2461/4141/2329 2453/4126/2315 2462/4142/2330
f 2462/4142/2330 2453/4126/2315 2455/4128/2317
f 2462/4142/2330 2455/4128/2317 2463/4143/2331
f 2463/4143/2331 2455/4128/2317 2457/4130/2319
f 2463/4143/2331 2457/4130/2319 2299/3937/2269
f 2299/3937/2269 2457/4130/2319 2300/3938/2270
f 2464/4144/2332 2452/4124/2311 2465/4145/2333
f 2465/4145/2333 2452/4124/2311 2451/4123/2310
f 2465/4146/2333 2451/4132/2310 2466/4147/2334
f 2466/4147/2334 2451/4132/2310 2458/4135/2322
f 2466/4147/2334 2458/4135/2322 2467/4148/2335
f 2467/4148/2335 2458/4135/2322 2459/4137/2324
f 2467/4148/2335 2459/4137/2324 2461/4141/2329
f 2461/4141/2329 2459/4137/2324 2460/4139/2326
f 2461/4141/2329 2460/4139/2326 2453/4126/2315
f 2453/4126/2315 2460/4139/2326 1731/3162/2328
f 2453/4126/2315 1731/3162/2328 1726/3155/2313
f 91/4149/2336 1717/4150/2337 2468/4151/2338
f 91/4149/2336 2468/4151/2338 2469/4152/2339
f 2469/4152/2339 2468/4151/2338 2470/4153/2340
f 2470/4153/2340 2468/4151/2338 2297/3935/2267
f 2470/4153/2340 2297/3935/2267 2471/4154/2341
f 2297/3935/2267 2295/3933/2265 2471/4154/2341
f 2471/4154/2341 2295/3933/2265 2293/3931/2263
f 2471/4154/2341 2293/3931/2263 2472/4155/2342
f 2472/4155/2342 2293/3931/2263 2291/3929/2261
f 2472/4155/2342 2291/3929/2261 2473/4156/2343
f 2473/4156/2343 2291/3929/2261 2474/4157/2344
f 2474/4157/2344 2291/3929/2261 2289/3927/2259
f 2474/4157/2344 2289/3927/2259 2475/4158/2345
f 2289/3927/2259 2287/3925/2257 2475/4158/2345
f 2475/4158/2345 2287/3925/2257 2285/3923/2255
f 2475/4158/2345 2285/3923/2255 2476/4159/2346
f 2476/4159/2346 2285/3923/2255 2185/3762/2242
f 2476/4159/2346 2185/3762/2242 2477/4160/2347
f 1717/4150/2337 115/4161/2348 2468/4151/2338
f 2468/4151/2338 115/4161/2348 2478/4162/2349
f 2468/4151/2338 2478/4162/2349 2297/3935/2267
f 2297/3935/2267 2478/4162/2349 2299/3937/2269
f 2470/4153/2340 2479/4163/2350 2469/4152/2339
f 2469/4152/2339 2479/4163/2350 2480/4164/2351
f 2473/4165/304 2474/4166/304 2481/4167/304
f 1774/4168/306 2482/4169/306 2483/4170/304
f 1774/4168/306 2483/4170/304 1773/4171/304
f 1773/4171/304 2483/4170/304 2484/4172/304
f 1773/4171/304 2484/4172/304 2485/4173/313
f 2486/4174/304 2487/4175/304 2488/4176/304
f 2486/4174/304 2489/4177/2352 2490/4178/2353
f 2485/4173/313 2484/4172/304 2488/4176/304
f 2488/4176/304 2484/4172/304 1760/4179/304
f 2488/4176/304 1760/4179/304 2486/4174/304
f 2490/4178/2353 2491/4180/346 2486/4174/304
f 2486/4174/304 2491/4180/346 2492/4181/347
f 2486/4174/304 2492/4181/347 2487/4175/304
f 2481/4167/304 2474/4166/304 1757/4182/304
f 2474/4166/304 2475/4183/304 1757/4182/304
f 1757/4182/304 2475/4183/304 2476/4184/304
f 1757/4182/304 2476/4184/304 1758/4185/304
f 1758/4185/304 2476/4184/304 2477/4186/304
f 1758/4185/304 2477/4186/304 1760/4179/304
f 1760/4179/304 2477/4186/304 2493/4187/304
f 1760/4179/304 2493/4187/304 2486/4174/304
f 2473/4165/304 2481/4167/304 2472/4188/304
f 2472/4188/304 2481/4167/304 2494/4189/304
f 2472/4188/304 2494/4189/304 2471/4190/304
f 2471/4190/304 2494/4189/304 2479/4191/304
f 2471/4190/304 2479/4191/304 2470/4192/304
f 1757/3190/1905 1756/3189/1905 2495/4193/939
f 1757/3190/1905 2495/4193/939 2481/4194/939
f 2481/4194/939 2495/4193/939 2496/4195/941
f 2481/4194/939 2496/4195/941 2494/4196/2354
f 2480/4164/2351 2479/4163/2350 2497/4197/2355
f 2497/4197/2355 2479/4163/2350 2494/4196/2354
f 2497/4197/2355 2494/4196/2354 2496/4195/941
f 2498/4198/2356 2489/4199/2357 2499/4200/2358
f 2477/4160/2347 2185/3762/2242 2183/3760/2240
f 2477/4160/2347 2183/3760/2240 2493/4201/2359
f 2493/4201/2359 2183/3760/2240 2182/3759/2239
f 2493/4201/2359 2182/3759/2239 2486/4202/2360
f 1922/4203/2361 1937/4204/2362 2498/4198/2356
f 2486/4202/2360 2182/3759/2239 2489/4205/2357
f 2489/4199/2357 2182/3757/2239 2180/3755/2237
f 2489/4199/2357 2180/3755/2237 2499/4200/2358
f 2499/4200/2358 2180/3755/2237 2178/3753/2235
f 2499/4200/2358 2178/3753/2235 2500/4206/2363
f 2178/3753/2235 2176/3751/2233 2500/4206/2363
f 2500/4206/2363 2176/3751/2233 2174/3749/2231
f 2500/4206/2363 2174/3749/2231 2501/4207/2364
f 2501/4207/2364 2174/3749/2231 2172/3747/2229
f 2501/4207/2364 2172/3747/2229 2502/4208/2365
f 2502/4208/2365 2172/3747/2229 2169/3744/2226
f 2502/4208/2365 2169/3744/2226 2503/4209/2366
f 2503/4209/2366 2169/3744/2226 2168/3743/2225
f 2503/4209/2366 2168/3743/2225 2504/4210/2367
f 2498/4198/2356 2499/4200/2358 1922/4203/2361
f 1922/4203/2361 2499/4200/2358 2500/4206/2363
f 1922/4203/2361 2500/4206/2363 1935/4211/2368
f 1935/4211/2368 2500/4206/2363 2501/4207/2364
f 1935/4211/2368 2501/4207/2364 1934/4212/2369
f 1934/4212/2369 2501/4207/2364 2502/4208/2365
f 1934/4212/2369 2502/4208/2365 1932/4213/2370
f 1932/4213/2370 2502/4208/2365 2503/4209/2366
f 1932/4213/2370 2503/4209/2366 1939/4214/2371
f 1939/4214/2371 2503/4209/2366 2504/4210/2367
f 1939/4214/2371 2504/4210/2367 179/1050/2372
f 2505/4215/2373 1771/3213/1922 2506/4216/2374
f 2506/4216/2374 1771/3213/1922 1773/3215/1922
f 2506/4216/2374 1773/3215/1922 2485/4217/2375
f 2505/4218/2373 2506/4219/2374 2507/4220/2376
f 2507/4220/2376 2506/4219/2374 2508/4221/2377
f 2507/4220/2376 2508/4221/2377 2509/4222/2378
f 2509/4222/2378 2508/4221/2377 2510/4223/2379
f 2509/4222/2378 2510/4223/2379 2511/4224/2380
f 2511/4224/2380 2510/4223/2379 2512/4225/2381
f 2511/4224/2380 2512/4225/2381 1938/4226/2382
f 2498/4227/2356 1937/4228/2362 1938/4226/2382
f 2512/4225/2381 2491/4229/2383 2490/4230/2384
f 1938/4226/2382 2512/4225/2381 2498/4227/2356
f 2498/4227/2356 2512/4225/2381 2490/4230/2384
f 2498/4227/2356 2490/4230/2384 2489/4231/2357
f 2491/4229/2383 2512/4225/2381 2492/4232/2385
f 2492/4232/2385 2512/4225/2381 2510/4223/2379
f 2492/4232/2385 2510/4223/2379 2487/4233/2386
f 2487/4233/2386 2510/4223/2379 2508/4221/2377
f 2487/4233/2386 2508/4221/2377 2488/4234/2387
f 2488/4234/2387 2508/4221/2377 2506/4219/2374
f 2488/4234/2387 2506/4219/2374 2485/4235/2375
f 2513/4236/2388 2514/4237/2389 1742/4238/2390
f 1742/4238/2390 2514/4237/2389 2515/4239/2391
f 1742/4238/2390 2515/4239/2391 1743/4240/2392
f 1743/4240/2392 2515/4239/2391 2516/4241/2392
f 2513/4236/2388 1742/4238/2390 2517/4242/2393
f 2517/4242/2393 1742/4238/2390 1741/4243/2394
f 2517/4242/2393 1741/4243/2394 2518/4244/2395
f 1747/3208/1919 1768/3207/1918 1741/4245/2394
f 1741/4245/2394 1768/3207/1918 2519/4246/2396
f 1741/4243/2394 2519/4247/2396 2518/4244/2395
f 2436/4107/2397 2520/4248/2398 2435/4105/2399
f 2435/4105/2399 2520/4248/2398 2521/4249/2400
f 2435/4105/2399 2521/4249/2400 2429/4093/2401
f 2429/4093/2401 2521/4249/2400 2430/4094/2402
f 2084/3646/2403 2522/4250/2404 2437/4109/2405
f 2437/4109/2405 2522/4250/2404 2523/4251/2406
f 2437/4109/2405 2523/4251/2406 2436/4107/2397
f 2436/4107/2397 2523/4251/2406 2524/4252/2407
f 2436/4107/2397 2524/4252/2407 2520/4248/2398
f 2520/4248/2398 2524/4252/2407 2525/4253/2408
f 2526/4254/2409 2527/4255/2410 2076/3638/2411
f 2528/4256/2412 2067/4257/2413 2452/4124/2311
f 2452/4124/2311 2067/4257/2413 1737/4125/2312
f 2529/4258/2414 2073/3635/2415 2530/4259/2416
f 2530/4259/2416 2073/3635/2415 2071/4260/2417
f 2530/4259/2416 2071/4260/2417 2528/4256/2412
f 2528/4256/2412 2071/4260/2417 2069/4261/2418
f 2528/4256/2412 2069/4261/2418 2067/4257/2413
f 2076/3638/2411 2077/3639/2419 2526/4254/2409
f 2526/4254/2409 2077/3639/2419 2078/3640/2420
f 2526/4254/2409 2078/3640/2420 2529/4258/2414
f 2529/4258/2414 2078/3640/2420 2075/3637/2421
f 2529/4258/2414 2075/3637/2421 2073/3635/2415
f 2531/4262/2422 2527/4255/2410 2532/4263/2423
f 2532/4263/2423 2527/4255/2410 2526/4254/2409
f 2532/4263/2423 2526/4254/2409 2533/4264/2424
f 2533/4264/2424 2526/4254/2409 2529/4258/2414
f 2533/4264/2424 2529/4258/2414 2534/4265/2425
f 2534/4265/2425 2529/4258/2414 2530/4259/2416
f 2534/4265/2425 2530/4259/2416 2535/4266/2426
f 2535/4266/2426 2530/4259/2416 2528/4256/2412
f 2535/4266/2426 2528/4256/2412 2464/4144/2332
f 2464/4144/2332 2528/4256/2412 2452/4124/2311
f 2536/4267/2427 2464/4144/2332 2465/4145/2333
f 124/999/2428 2536/4267/2427 2537/4268/2429
f 2536/4267/2427 2465/4145/2333 2537/4268/2429
f 2537/4269/2429 2465/4146/2333 2466/4147/2334
f 2537/4269/2429 2466/4147/2334 2538/4270/2430
f 2538/4270/2430 2466/4147/2334 2467/4148/2335
f 2538/4270/2430 2467/4148/2335 2539/4271/2431
f 2539/4271/2431 2467/4148/2335 2461/4141/2329
f 2539/4271/2431 2461/4141/2329 2540/4272/2432
f 2540/4272/2432 2461/4141/2329 2462/4142/2330
f 2540/4272/2432 2462/4142/2330 2541/4273/2433
f 2541/4273/2433 2462/4142/2330 2463/4143/2331
f 2541/4273/2433 2463/4143/2331 2542/4274/2434
f 2542/4274/2434 2463/4143/2331 2299/3937/2269
f 2542/4274/2434 2299/3937/2269 2478/4162/2349
f 124/999/2428 2537/4268/2429 1692/4275/2435
f 1692/4276/2435 2537/4269/2429 2538/4270/2430
f 1692/4276/2435 2538/4270/2430 1690/4277/2436
f 1690/4277/2436 2538/4270/2430 2539/4271/2431
f 1690/4277/2436 2539/4271/2431 1688/4278/2437
f 1688/4278/2437 2539/4271/2431 2540/4272/2432
f 1688/4278/2437 2540/4272/2432 1686/4279/2438
f 1686/4279/2438 2540/4272/2432 2541/4273/2433
f 1686/4279/2438 2541/4273/2433 1684/4280/2439
f 1684/4280/2439 2541/4273/2433 2542/4274/2434
f 1684/4280/2439 2542/4274/2434 1718/4281/2440
f 1718/4281/2440 2542/4274/2434 2478/4162/2349
f 1718/4281/2440 2478/4162/2349 115/4161/2348
f 2504/4210/2367 2168/3743/2225 2445/4117/2304
f 2504/4210/2367 2445/4117/2304 179/1050/2372
f 179/1050/2372 2445/4117/2304 1940/4282/2441
f 1940/4282/2441 2445/4117/2304 2446/4118/2305
f 1940/4282/2441 2446/4118/2305 1931/4283/2442
f 1931/4283/2442 2446/4118/2305 2447/4119/2306
f 1931/4283/2442 2447/4119/2306 1929/4284/2443
f 1929/4284/2443 2447/4119/2306 2448/4120/2307
f 1929/4284/2443 2448/4120/2307 1928/4285/2444
f 1928/4285/2444 2448/4120/2307 2449/4121/2308
f 1928/4285/2444 2449/4121/2308 1926/4286/2445
f 1926/4286/2445 2449/4121/2308 2450/4122/2309
f 1926/4286/2445 2450/4122/2309 194/1061/2446
f 2440/4112/2295 1673/3033/2294 2543/4287/2447
f 2543/4287/2447 1673/3033/2294 2115/4288/2448
f 2543/4287/2447 2115/4288/2448 2544/4289/2449
f 2544/4289/2449 2115/4288/2448 2114/4290/2450
f 2544/4289/2449 2114/4290/2450 2545/4291/2451
f 2545/4291/2451 2114/4290/2450 2113/4292/2452
f 2545/4291/2451 2113/4292/2452 2546/4293/2453
f 2546/4293/2453 2113/4292/2452 2112/3705/2454
f 2450/4122/2309 2440/4112/2295 2547/4294/2455
f 2547/4294/2455 2440/4112/2295 2543/4287/2447
f 2547/4294/2455 2543/4287/2447 2548/4295/2456
f 2548/4295/2456 2543/4287/2447 2544/4289/2449
f 2548/4295/2456 2544/4289/2449 2549/4296/2457
f 2549/4296/2457 2544/4289/2449 2545/4291/2451
f 2549/4296/2457 2545/4291/2451 2550/4297/2458
f 2550/4297/2458 2545/4291/2451 2546/4293/2453
f 194/1061/2446 2450/4122/2309 2547/4294/2455
f 2549/4296/2457 2550/4297/2458 2551/4298/2459
f 194/1061/2446 2547/4294/2455 193/1072/2460
f 193/1072/2460 2547/4294/2455 2548/4295/2456
f 193/1072/2460 2548/4295/2456 138/1073/2461
f 138/1073/2461 2548/4295/2456 2549/4296/2457
f 138/1073/2461 2549/4296/2457 137/1074/2462
f 137/1074/2462 2549/4296/2457 2551/4298/2459
f 137/1074/2462 2551/4298/2459 199/1075/2463
f 2552/4299/2464 2553/4300/2465 2554/4301/2466
f 2133/3701/2467 2552/4299/2464 2555/4302/2468
f 2555/4302/2468 2552/4299/2464 2554/4301/2466
f 2555/4302/2468 2554/4301/2466 2556/4303/2469
f 2554/4301/2466 2557/4304/2470 2556/4303/2469
f 2556/4303/2469 2557/4304/2470 2558/4305/2471
f 2556/4303/2469 2558/4305/2471 2559/4306/2472
f 2558/4305/2471 2560/4307/2473 2559/4306/2472
f 2559/4306/2472 2560/4307/2473 2561/4308/2474
f 2559/4306/2472 2561/4308/2474 2546/4293/2453
f 2546/4293/2453 2561/4308/2474 2562/4309/2475
f 2546/4293/2453 2562/4309/2475 2550/4297/2458
f 2133/3701/2467 2555/4302/2468 2134/3702/2476
f 2134/3702/2476 2555/4302/2468 2556/4303/2469
f 2134/3702/2476 2556/4303/2469 2135/3703/2477
f 2135/3703/2477 2556/4303/2469 2559/4306/2472
f 2135/3703/2477 2559/4306/2472 2136/3704/2478
f 2136/3704/2478 2559/4306/2472 2546/4293/2453
f 2136/3704/2478 2546/4293/2453 2112/3705/2454
f 199/1075/2463 2551/4298/2459 2563/4310/2479
f 2558/4305/2471 2564/4311/2480 2560/4307/2473
f 2560/4307/2473 2564/4311/2480 2565/4312/2481
f 2560/4307/2473 2565/4312/2481 2561/4308/2474
f 2561/4308/2474 2565/4312/2481 2563/4310/2479
f 2561/4308/2474 2563/4310/2479 2562/4309/2475
f 2562/4309/2475 2563/4310/2479 2551/4298/2459
f 2562/4309/2475 2551/4298/2459 2550/4297/2458
f 2558/4305/2471 2557/4304/2470 2564/4311/2480
f 2564/4311/2480 2557/4304/2470 2554/4301/2466
f 2564/4311/2480 2554/4301/2466 2566/4313/2482
f 2566/4313/2482 2554/4301/2466 2553/4300/2465
f 2566/4313/2482 2553/4300/2465 2567/4314/2483
f 199/1075/2463 2563/4310/2479 1947/4315/2484
f 1947/4315/2484 2563/4310/2479 2565/4312/2481
f 1947/4315/2484 2565/4312/2481 1948/4316/2485
f 1948/4316/2485 2565/4312/2481 2564/4311/2480
f 1948/4316/2485 2564/4311/2480 1949/4317/2486
f 1949/4317/2486 2564/4311/2480 2566/4313/2482
f 1949/4317/2486 2566/4313/2482 1945/4318/2487
f 1945/4318/2487 2566/4313/2482 2567/4314/2483
f 1945/4318/2487 2567/4314/2483 206/1090/2488
f 2552/4299/2464 2133/3701/2467 2568/4319/2489
f 2568/4319/2489 2133/3701/2467 2139/3708/2490
f 2568/4319/2489 2139/3708/2490 2569/4320/2491
f 2569/4320/2491 2139/3708/2490 2140/3709/2492
f 2569/4320/2491 2140/3709/2492 2570/4321/2493
f 2570/4321/2493 2140/3709/2492 2141/3710/2494
f 2553/4300/2465 2552/4299/2464 2571/4322/2495
f 2571/4322/2495 2552/4299/2464 2568/4319/2489
f 2571/4322/2495 2568/4319/2489 2572/4323/2496
f 2572/4323/2496 2568/4319/2489 2569/4320/2491
f 2572/4323/2496 2569/4320/2491 2573/4324/2497
f 2573/4324/2497 2569/4320/2491 2570/4321/2493
f 2574/4325/2498 2575/4326/2499 2576/4327/2500
f 2143/4328/2501 2577/4329/2502 2145/3717/2503
f 2145/3717/2503 2577/4329/2502 2578/4330/2504
f 2145/3717/2503 2578/4330/2504 2147/3719/2505
f 2147/3719/2505 2578/4330/2504 2579/4331/2506
f 2147/3719/2505 2579/4331/2506 2150/3722/2507
f 2150/3722/2507 2579/4331/2506 2580/4332/2508
f 2150/3722/2507 2580/4332/2508 2153/3726/2509
f 2153/3726/2509 2580/4332/2508 2581/4333/2510
f 2153/3726/2509 2581/4333/2510 2152/3725/2511
f 2570/4321/2493 2141/3710/2494 2581/4333/2510
f 2581/4333/2510 2141/3710/2494 2151/3724/2512
f 2581/4333/2510 2151/3724/2512 2152/3725/2511
f 2577/4329/2502 2582/4334/2513 2578/4330/2504
f 2578/4330/2504 2582/4334/2513 2574/4325/2498
f 2578/4330/2504 2574/4325/2498 2579/4331/2506
f 2579/4331/2506 2574/4325/2498 2576/4327/2500
f 2579/4331/2506 2576/4327/2500 2580/4332/2508
f 2573/4324/2497 2570/4321/2493 2583/4335/2514
f 2583/4335/2514 2570/4321/2493 2581/4333/2510
f 2583/4335/2514 2581/4333/2510 2584/4336/2515
f 2584/4336/2515 2581/4333/2510 2580/4332/2508
f 2584/4336/2515 2580/4332/2508 2585/4337/2516
f 2585/4337/2516 2580/4332/2508 2576/4327/2500
f 2586/4338/2517 2587/4339/2518 2159/3732/2519
f 2588/4340/2520 2589/4341/2521 2163/3736/2522
f 2163/3736/2522 2589/4341/2521 2164/4342/2523
f 2589/4341/2521 2590/4343/2524 2164/4342/2523
f 2164/4342/2523 2590/4343/2524 2591/4344/2525
f 2164/4345/2523 2591/4346/2525 2143/4347/2501
f 2143/4348/2501 2591/4344/2525 2592/4349/2526
f 2143/4328/2501 2592/4350/2526 2577/4329/2502
f 2588/4340/2520 2163/3736/2522 2587/4339/2518
f 2587/4339/2518 2163/3736/2522 2161/3734/2527
f 2587/4339/2518 2161/3734/2527 2159/3732/2519
f 2586/4338/2517 2159/3732/2519 2593/4351/2528
f 2593/4351/2528 2159/3732/2519 2157/3730/2529
f 2593/4351/2528 2157/3730/2529 2594/4352/2530
f 2594/4352/2530 2157/3730/2529 2155/3728/2531
f 2594/4352/2530 2155/3728/2531 2595/4353/2532
f 2596/4354/2533 2597/4355/2534 2155/3728/2531
f 2155/3728/2531 2597/4355/2534 2598/4356/2535
f 2155/3728/2531 2598/4356/2535 2595/4353/2532
f 2599/4357/2536 2155/3728/2531 2600/4358/2537
f 2600/4358/2537 2155/3728/2531 2601/4359/2538
f 2600/4358/2537 2601/4359/2538 2602/4360/2539
f 2599/4357/2536 2603/4361/2540 2155/3728/2531
f 2155/3728/2531 2603/4361/2540 2604/4362/2541
f 2155/3728/2531 2604/4362/2541 2596/4354/2533
f 2605/4363/2542 2606/4364/2543 2607/4365/2544
f 2607/4365/2544 2606/4364/2543 145/1130/2545
f 2608/4366/2546 2573/4324/2497 2583/4335/2514
f 2608/4366/2546 2583/4335/2514 2609/4367/2547
f 2609/4367/2547 2583/4335/2514 2584/4336/2515
f 2609/4367/2547 2584/4336/2515 2610/4368/2548
f 2610/4368/2548 2584/4336/2515 2585/4337/2516
f 2610/4368/2548 2585/4337/2516 2611/4369/2549
f 2611/4369/2549 2585/4337/2516 2576/4327/2500
f 2611/4369/2549 2576/4327/2500 2607/4365/2544
f 2607/4365/2544 2576/4327/2500 2575/4326/2499
f 2607/4365/2544 2575/4326/2499 2605/4363/2542
f 145/1130/2545 1915/4370/2550 2607/4365/2544
f 2607/4365/2544 1915/4370/2550 1919/4371/2551
f 2607/4365/2544 1919/4371/2551 2611/4369/2549
f 2611/4369/2549 1919/4371/2551 1918/4372/2552
f 2611/4369/2549 1918/4372/2552 2610/4368/2548
f 2610/4368/2548 1918/4372/2552 1916/4373/2553
f 2610/4368/2548 1916/4373/2553 2609/4367/2547
f 2609/4367/2547 1916/4373/2553 214/1140/2554
f 2609/4367/2547 214/1140/2554 2608/4366/2546
f 2612/4374/304 2613/4375/304 2614/4376/304
f 2614/4376/304 2613/4375/304 2615/4377/304
f 2614/4376/304 2615/4377/304 2616/4378/304
f 2617/4379/306 2618/4380/2555 2619/4381/304
f 2620/4382/304 2621/4383/304 2622/4384/304
f 2623/4385/304 2624/4386/304 2625/4387/306
f 2626/4388/2556 2627/4389/2557 2628/4390/306
f 2628/4390/306 2627/4389/2557 2629/4391/304
f 2615/4377/304 2630/4392/304 2616/4378/304
f 2616/4378/304 2630/4392/304 2631/4393/304
f 2616/4378/304 2631/4393/304 2632/4394/305
f 2633/4395/304 2634/4396/2558 2635/4397/353
f 2636/4398/304 2637/4399/317 2638/4400/304
f 2638/4400/304 2637/4399/317 2639/4401/317
f 2638/4400/304 2639/4401/317 2640/4402/304
f 2640/4402/304 2639/4401/317 2641/4403/304
f 2640/4402/304 2641/4403/304 2642/4404/304
f 2642/4404/304 2641/4403/304 2616/4378/304
f 2642/4404/304 2616/4378/304 2643/4405/304
f 2643/4405/304 2616/4378/304 2632/4394/305
f 2644/4406/304 2620/4382/304 2645/4407/304
f 2645/4407/304 2620/4382/304 2622/4384/304
f 2645/4407/304 2622/4384/304 2646/4408/304
f 2646/4408/304 2622/4384/304 2647/4409/304
f 2646/4408/304 2647/4409/304 2648/4410/304
f 2648/4410/304 2647/4409/304 2649/4411/304
f 2648/4410/304 2649/4411/304 2650/4412/304
f 2650/4412/304 2649/4411/304 2651/4413/304
f 2624/4386/304 2623/4385/304 2652/4414/304
f 2652/4414/304 2623/4385/304 2653/4415/304
f 2652/4414/304 2653/4415/304 2654/4416/304
f 2654/4416/304 2653/4415/304 2655/4417/304
f 2654/4416/304 2655/4417/304 2656/4418/304
f 2656/4418/304 2655/4417/304 2657/4419/304
f 2656/4418/304 2657/4419/304 2651/4413/304
f 2651/4413/304 2657/4419/304 2658/4420/304
f 2651/4413/304 2658/4420/304 2650/4412/304
f 2625/4387/306 2617/4379/306 2623/4385/304
f 2623/4385/304 2617/4379/306 2619/4381/304
f 2623/4385/304 2619/4381/304 2612/4374/304
f 2612/4374/304 2619/4381/304 2659/4421/304
f 2612/4374/304 2659/4421/304 2613/4375/304
f 2635/4397/353 2628/4390/306 2633/4395/304
f 2633/4395/304 2628/4390/306 2629/4391/304
f 2633/4395/304 2629/4391/304 2630/4392/304
f 2630/4392/304 2629/4391/304 2660/4422/304
f 2630/4392/304 2660/4422/304 2631/4393/304
f 2616/4423/729 2661/4424/729 2614/4425/730
f 2614/4425/730 2661/4424/729 2662/4426/730
f 2614/4425/730 2662/4426/730 2612/4427/731
f 2612/4427/731 2662/4426/730 2663/4428/731
f 2612/4429/731 2663/4430/731 2623/4431/732
f 2623/4431/732 2663/4430/731 2664/4432/732
f 2623/4431/732 2664/4432/732 2653/4433/733
f 2653/4433/733 2664/4432/732 2665/4434/733
f 2653/4433/733 2665/4434/733 2655/4435/734
f 2655/4435/734 2665/4434/733 2666/4436/734
f 2655/4435/734 2666/4436/734 2657/4437/735
f 2657/4437/735 2666/4436/734 2667/4438/735
f 2657/4437/735 2667/4438/735 2658/4439/736
f 2658/4439/736 2667/4438/735 2668/4440/736
f 2658/4439/736 2668/4440/736 2650/4441/737
f 2650/4441/737 2668/4440/736 2669/4442/737
f 2650/4441/737 2669/4442/737 2648/4443/738
f 2648/4443/738 2669/4442/737 2670/4444/738
f 2648/4443/738 2670/4444/738 2646/4445/739
f 2646/4445/739 2670/4444/738 2671/4446/739
f 2646/4447/739 2671/4448/739 2645/4449/2559
f 2645/4449/2559 2671/4448/739 2672/4450/2560
f 2645/4449/2559 2672/4450/2560 2644/4451/2561
f 2644/4451/2561 2672/4450/2560 2673/4452/2562
f 2644/4451/2561 2673/4452/2562 2674/4453/744
f 2675/4454/2563 2676/4455/2563 2677/4456/4
f 2678/4457/8 2679/4458/8 2680/4459/2564
f 2680/4459/2564 2679/4458/8 2681/4460/8
f 2681/4460/8 2682/4461/8 2680/4459/2564
f 2680/4459/2564 2682/4461/8 1899/3360/2045
f 2680/4459/2564 1899/3360/2045 2677/4456/4
f 2677/4456/4 1899/3360/2045 1898/3359/2044
f 2677/4456/4 1898/3359/2044 2675/4454/2563
f 2683/4462/8 2684/4463/8 2685/4464/8
f 2686/4465/8 1890/3349/2036 1889/3348/2035
f 2687/4466/2565 2686/4465/8 2688/4467/2566
f 2688/4467/2566 2686/4465/8 1889/3348/2035
f 2688/4467/2566 1889/3348/2035 2685/4464/8
f 2685/4464/8 1889/3348/2035 2689/4468/8
f 2685/4464/8 2689/4468/8 2683/4462/8
f 2690/4469/304 2691/4470/306 2692/4471/306
f 2693/4472/304 2694/4473/347 2695/4474/304
f 1868/4475/304 1870/4476/304 2696/4477/304
f 2515/4478/304 2697/4479/306 2698/4480/304
f 2699/4481/304 2700/4482/304 2516/4483/304
f 1872/4484/304 1874/4485/304 2701/4486/304
f 2701/4486/304 1874/4485/304 2702/4487/304
f 2703/4488/304 2704/4489/304 2705/4490/304
f 2706/4491/306 2707/4492/307 2708/4493/304
f 1872/4484/304 2698/4480/304 1870/4476/304
f 1870/4476/304 2698/4480/304 2709/4494/304
f 1870/4476/304 2709/4494/304 2696/4477/304
f 2708/4493/304 2693/4472/304 2706/4491/306
f 2706/4491/306 2693/4472/304 2695/4474/304
f 2706/4491/306 2695/4474/304 2710/4495/304
f 2710/4495/304 2695/4474/304 2711/4496/306
f 2710/4495/304 2711/4496/306 2712/4497/304
f 2696/4477/304 2713/4498/304 1868/4475/304
f 1868/4475/304 2713/4498/304 2714/4499/304
f 1868/4475/304 2714/4499/304 1866/4500/304
f 1866/4500/304 2714/4499/304 2715/4501/304
f 1866/4500/304 2715/4501/304 1863/4502/304
f 1863/4502/304 2715/4501/304 2716/4503/304
f 2516/4483/304 2515/4478/304 2699/4481/304
f 2699/4481/304 2515/4478/304 2698/4480/304
f 2699/4481/304 2698/4480/304 2717/4504/304
f 2717/4504/304 2698/4480/304 1872/4484/304
f 2717/4504/304 1872/4484/304 2718/4505/304
f 2718/4505/304 1872/4484/304 2701/4486/304
f 2719/4506/304 1890/4507/304 2720/4508/304
f 2720/4508/304 1890/4507/304 2686/4509/304
f 2702/4487/304 1874/4485/304 2721/4510/304
f 2721/4510/304 1874/4485/304 1876/4511/304
f 2721/4510/304 1876/4511/304 2719/4506/304
f 2719/4506/304 1876/4511/304 1878/4512/304
f 2719/4506/304 1878/4512/304 1881/4513/304
f 2692/4471/306 2722/4514/304 2690/4469/304
f 2690/4469/304 2722/4514/304 2723/4515/304
f 2690/4469/304 2723/4515/304 2724/4516/304
f 1898/4517/304 1895/4518/304 1892/4519/305
f 2705/4490/304 2704/4489/304 2725/4520/304
f 2725/4520/304 2704/4489/304 2690/4469/304
f 2725/4520/304 2690/4469/304 2726/4521/304
f 2726/4521/304 2690/4469/304 2724/4516/304
f 2726/4521/304 2724/4516/304 2727/4522/307
f 1635/4523/304 2716/4503/304 1637/4524/304
f 1637/4524/304 2716/4503/304 2728/4525/304
f 1637/4524/304 2728/4525/304 1639/4526/304
f 1639/4526/304 2728/4525/304 2729/4527/304
f 1639/4526/304 2729/4527/304 1641/4528/304
f 1641/4528/304 2729/4527/304 2730/4529/304
f 1641/4528/304 2730/4529/304 1643/4530/304
f 1643/4530/304 2730/4529/304 2731/4531/304
f 1643/4530/304 2731/4531/304 1645/4532/304
f 1645/4532/304 2731/4531/304 2732/4533/304
f 1645/4532/304 2732/4533/304 1647/4534/304
f 1647/4534/304 2732/4533/304 1649/4535/304
f 1635/4523/304 2733/4536/304 2716/4503/304
f 2716/4503/304 2733/4536/304 2675/4537/304
f 2716/4503/304 2675/4537/304 1863/4502/304
f 1863/4502/304 2675/4537/304 1898/4517/304
f 1863/4502/304 1898/4517/304 1879/4538/304
f 1879/4538/304 1898/4517/304 1892/4519/305
f 1888/4539/304 1890/4507/304 1886/4540/304
f 1886/4540/304 1890/4507/304 2719/4506/304
f 1886/4540/304 2719/4506/304 1884/4541/304
f 1884/4541/304 2719/4506/304 1881/4513/304
f 2705/4490/304 2734/4542/304 2703/4488/304
f 2703/4488/304 2734/4542/304 2735/4543/304
f 2703/4488/304 2735/4543/304 2736/4544/304
f 2736/4544/304 2735/4543/304 2710/4495/304
f 2736/4544/304 2710/4495/304 2737/4545/304
f 2737/4545/304 2710/4495/304 2712/4497/304
f 2737/4545/304 2712/4497/304 2732/4533/304
f 2732/4533/304 2712/4497/304 1651/4546/347
f 2732/4533/304 1651/4546/347 1649/4535/304
f 2673/4452/2562 2738/4547/2567 2674/4453/744
f 2674/4453/744 2738/4547/2567 2739/4548/747
f 2739/4549/747 2738/4550/2567 2740/4551/2568
f 2740/4551/2568 2738/4550/2567 2680/4459/2564
f 2740/4551/2568 2680/4459/2564 2677/4456/4
f 2722/4552/2569 2741/4553/2569 2723/4554/725
f 2723/4554/725 2741/4553/2569 2742/4555/725
f 2629/4556/728 2743/4557/728 2660/4558/727
f 2660/4558/727 2743/4557/728 2744/4559/727
f 2745/4560/2570 2734/4561/2571 2705/4562/2572
f 2745/4560/2570 2705/4562/2572 2746/4563/2573
f 2746/4563/2573 2705/4562/2572 2725/4564/2574
f 2746/4563/2573 2725/4564/2574 2747/4565/2575
f 2747/4565/2575 2725/4564/2574 2748/4566/2576
f 2748/4566/2576 2725/4564/2574 2726/4567/2577
f 2748/4566/2576 2726/4567/2577 2749/4568/778
f 2641/4569/2578 2750/4570/2579 2616/4423/729
f 2616/4423/729 2750/4570/2579 2661/4424/729
f 2751/4571/2580 2752/4572/2581 2753/4573/2582
f 2753/4573/2582 2752/4572/2581 2754/4574/2583
f 2755/4575/2584 2431/4096/2585 2430/4094/2402
f 2756/4576/2586 2432/4577/2587 2431/4578/2585
f 2431/4578/2585 2755/4579/2584 2756/4576/2586
f 2756/4576/2586 2755/4579/2584 2751/4580/2580
f 2756/4581/2586 2751/4571/2580 2757/4582/2588
f 2757/4582/2588 2751/4571/2580 2753/4573/2582
f 2757/4583/2588 2753/4584/2582 2758/4585/2589
f 2430/4094/2402 2521/4249/2400 2755/4575/2584
f 2755/4575/2584 2521/4249/2400 2520/4248/2398
f 2755/4575/2584 2520/4248/2398 2751/4571/2580
f 2751/4571/2580 2520/4248/2398 2525/4253/2408
f 2751/4571/2580 2525/4253/2408 2752/4572/2581
f 2759/4586/2590 98/1779/2591 97/1777/2592
f 97/1777/2592 95/1776/2593 2760/4587/2594
f 2522/4250/2404 2759/4586/2590 2523/4251/2406
f 2523/4251/2406 2759/4586/2590 97/1777/2592
f 2523/4251/2406 97/1777/2592 2524/4252/2407
f 2524/4252/2407 97/1777/2592 2760/4587/2594
f 2524/4252/2407 2760/4587/2594 2525/4253/2408
f 2761/4588/2595 94/1805/2596 96/1803/2597
f 2750/4570/2579 2641/4569/2578 2762/4589/2598
f 2762/4589/2598 2641/4569/2578 2639/4590/2599
f 2763/4591/2600 2753/4592/2601 2754/4593/2602
f 2754/4593/2602 2761/4588/2595 2763/4591/2600
f 2763/4591/2600 2761/4588/2595 96/1803/2597
f 2763/4591/2600 96/1803/2597 2637/4594/2603
f 2637/4594/2603 96/1803/2597 2639/4595/2599
f 2639/4595/2599 96/1803/2597 2764/4596/1031
f 2639/4590/2599 2764/4597/1031 2762/4589/2598
f 2760/4587/2594 95/1776/2593 2765/4598/2604
f 2765/4598/2604 95/1776/2593 93/1810/2605
f 2765/4598/2604 93/1810/2605 2761/4599/2606
f 2761/4599/2606 93/1810/2605 94/1809/2607
f 2525/4253/2408 2760/4587/2594 2752/4572/2581
f 2752/4572/2581 2760/4587/2594 2765/4598/2604
f 2752/4572/2581 2765/4598/2604 2754/4574/2583
f 2754/4574/2583 2765/4598/2604 2761/4599/2606
f 2642/4600/1042 2766/4601/1042 2640/4602/2608
f 2640/4602/2608 2766/4601/1042 2767/4603/2609
f 2766/4601/1042 2642/4600/1042 2643/4604/1044
f 2766/4601/1042 2643/4604/1044 2768/4605/1044
f 2768/4606/1044 2643/4607/1044 2632/4608/1045
f 2768/4606/1044 2632/4608/1045 2769/4609/1045
f 2769/4609/1045 2632/4608/1045 2631/4610/1046
f 2769/4609/1045 2631/4610/1046 2770/4611/1046
f 2770/4611/1046 2631/4610/1046 2660/4558/727
f 2770/4611/1046 2660/4558/727 2744/4559/727
f 2604/4362/2541 2603/4361/2540 165/1851/2610
f 2604/4362/2541 165/1851/2610 2596/4354/2533
f 2596/4354/2533 165/1851/2610 2597/4355/2534
f 2597/4355/2534 165/1851/2610 162/1852/2611
f 2597/4355/2534 162/1852/2611 2598/4356/2535
f 2602/4360/2539 2771/4612/2612 2600/4358/2537
f 2600/4358/2537 2771/4612/2612 165/1851/2610
f 2600/4358/2537 165/1851/2610 2599/4357/2536
f 2599/4357/2536 165/1851/2610 2603/4361/2540
f 2586/4338/2517 2593/4351/2528 160/1850/2613
f 160/1850/2613 2593/4351/2528 2594/4352/2530
f 160/1850/2613 2594/4352/2530 162/1852/2611
f 162/1852/2611 2594/4352/2530 2595/4353/2532
f 162/1852/2611 2595/4353/2532 2598/4356/2535
f 2589/4341/2521 2588/4340/2520 160/1850/2613
f 160/1850/2613 2588/4340/2520 2587/4339/2518
f 160/1850/2613 2587/4339/2518 2586/4338/2517
f 145/1849/2545 2606/4613/2543 144/1842/2614
f 144/1842/2614 2606/4613/2543 2605/4614/2542
f 144/1842/2614 2605/4614/2542 2575/4615/2499
f 2575/4615/2499 2574/4616/2498 144/1842/2614
f 144/1842/2614 2574/4616/2498 2582/4617/2513
f 144/1842/2614 2582/4617/2513 2577/4618/2502
f 2577/4618/2502 2592/4349/2526 144/1842/2614
f 144/1842/2614 2592/4349/2526 2591/4344/2525
f 144/1842/2614 2591/4344/2525 160/1850/2613
f 160/1850/2613 2591/4344/2525 2590/4343/2524
f 160/1850/2613 2590/4343/2524 2589/4341/2521
f 2772/4619/2615 2773/4620/2616 2774/4621/2617
f 2775/4622/2618 2303/3941/2619 2774/4621/2617
f 2774/4621/2617 2303/3941/2619 2302/3940/2620
f 2774/4621/2617 2302/3940/2620 2772/4619/2615
f 2155/3728/2212 2154/3727/2211 2601/4359/2621
f 2601/4359/2621 2154/3727/2211 2306/4623/2622
f 2601/4359/2621 2306/4623/2622 2602/4360/2623
f 2602/4360/2623 2306/4623/2622 2303/4624/2619
f 2602/4360/2623 2303/4624/2619 2771/4612/2624
f 2771/4625/2624 2303/3941/2619 2775/4622/2618
f 2413/4076/2625 2776/4626/2626 2777/4627/2627
f 2302/3940/2620 2413/4076/2625 2772/4619/2615
f 2772/4619/2615 2413/4076/2625 2777/4627/2627
f 2772/4619/2615 2777/4627/2627 2773/4620/2616
f 2776/4626/2626 2413/4076/2625 2778/4628/2628
f 2778/4628/2628 2413/4076/2625 2412/4075/2629
f 2778/4628/2628 2412/4075/2629 2779/4629/2630
f 2779/4629/2630 2412/4075/2629 2780/4630/2631
f 2780/4631/2631 2412/4632/2629 2423/4104/2284
f 2780/4631/2631 2423/4104/2284 2434/4103/2283
f 2781/4633/2632 152/1854/2633 150/1853/2634
f 2757/4583/2588 2758/4585/2589 2781/4633/2632
f 150/1853/2634 2777/4634/1072 2781/4633/2632
f 2781/4633/2632 2777/4634/1072 2776/4635/1074
f 2781/4633/2632 2776/4635/1074 2778/4636/1074
f 2757/4583/2588 2781/4633/2632 2756/4576/2586
f 2433/4102/1074 2432/4577/2587 2756/4576/2586
f 2778/4636/1074 2779/4637/1074 2781/4633/2632
f 2781/4633/2632 2779/4637/1074 2780/4631/1074
f 2781/4633/2632 2780/4631/1074 2756/4576/2586
f 2756/4576/2586 2780/4631/1074 2434/4103/1074
f 2756/4576/2586 2434/4103/1074 2433/4102/1074
f 2777/4634/1072 150/1853/2634 2773/4638/2635
f 2773/4639/2635 150/1865/2634 148/1862/2636
f 2773/4639/2635 148/1862/2636 2774/4640/2637
f 2774/4640/2637 148/1862/2636 2775/4641/2638
f 2775/4641/2638 148/1862/2636 165/1851/2610
f 2775/4641/2638 165/1851/2610 2771/4612/2612
f 154/1872/2639 2782/4642/2640 2636/4643/2641
f 154/1872/2639 2636/4643/2641 156/1870/2642
f 156/1870/2642 2636/4643/2641 2638/4644/2643
f 156/1870/2642 2638/4644/2643 2783/4645/2644
f 2640/4602/2608 2767/4603/2609 2638/4644/2643
f 2638/4644/2643 2767/4603/2609 2784/4646/2645
f 2638/4644/2643 2784/4646/2645 2783/4645/2644
f 2782/4642/2640 154/1872/2639 2785/4647/2646
f 2785/4647/2646 154/1872/2639 152/1874/2633
f 2785/4648/2646 152/1854/2633 2781/4633/2632
f 2567/4314/2483 2553/4300/2465 2571/4322/2495
f 2567/4314/2483 2571/4322/2495 206/1090/2488
f 2572/4323/2496 2573/4324/2497 2608/4366/2546
f 206/1090/2488 2571/4322/2495 205/1875/2647
f 205/1875/2647 2571/4322/2495 2572/4323/2496
f 205/1875/2647 2572/4323/2496 216/1876/2648
f 216/1876/2648 2572/4323/2496 2608/4366/2546
f 216/1876/2648 2608/4366/2546 214/1140/2554
f 2786/4649/2649 2091/4650/2650 2082/4651/2651
f 2082/4652/2651 2080/4653/2652 2786/4654/2649
f 2786/4649/2649 2080/4655/2652 2787/4656/2653
f 2786/4649/2649 2787/4656/2653 2788/4657/2654
f 2091/4650/2650 2786/4649/2649 2090/4658/2655
f 2090/4658/2655 2786/4649/2649 2789/4659/2656
f 2090/4658/2655 2789/4659/2656 2088/4660/2657
f 2789/4659/2656 2790/4661/2658 2088/4660/2657
f 2088/4660/2657 2790/4661/2658 2791/4662/2659
f 2088/4660/2657 2791/4662/2659 2086/3648/2660
f 2522/4250/2404 2084/3646/2403 2792/4663/2661
f 2792/4663/2661 2084/3646/2403 2086/3648/2660
f 2792/4663/2661 2086/3648/2660 2793/4664/2662
f 2793/4664/2662 2086/3648/2660 2791/4662/2659
f 2759/4586/2590 2522/4250/2404 2792/4663/2661
f 98/1779/2591 2759/4586/2590 2794/4665/2663
f 2794/4665/2663 2759/4586/2590 2792/4663/2661
f 2794/4665/2663 2792/4663/2661 2795/4666/2664
f 2792/4663/2661 2793/4664/2662 2795/4666/2664
f 2795/4666/2664 2793/4664/2662 2791/4662/2659
f 2795/4666/2664 2791/4662/2659 2796/4667/2665
f 2796/4667/2665 2791/4662/2659 2790/4661/2658
f 2790/4661/2658 2789/4659/2656 2796/4667/2665
f 2796/4667/2665 2789/4659/2656 2786/4649/2649
f 2796/4667/2665 2786/4649/2649 2797/4668/2666
f 2797/4668/2666 2786/4649/2649 2788/4657/2654
f 2797/4668/2666 2788/4657/2654 2798/4669/2667
f 98/1779/2591 2794/4665/2663 1700/4670/2668
f 1700/4670/2668 2794/4665/2663 2795/4666/2664
f 1700/4670/2668 2795/4666/2664 1710/4671/2669
f 1710/4671/2669 2795/4666/2664 2796/4667/2665
f 1710/4671/2669 2796/4667/2665 1711/4672/2670
f 1711/4672/2670 2796/4667/2665 2797/4668/2666
f 1711/4672/2670 2797/4668/2666 1712/4673/2671
f 1712/4673/2671 2797/4668/2666 2798/4669/2667
f 1712/4673/2671 2798/4669/2667 65/1910/2672
f 2787/4674/2653 2080/4675/2652 2799/4676/2673
f 2799/4676/2673 2080/4675/2652 2105/4677/2674
f 2799/4676/2673 2105/4677/2674 2800/4678/2675
f 2800/4678/2675 2105/4677/2674 2107/4679/2676
f 2800/4678/2675 2107/4679/2676 2801/4680/2677
f 2801/4680/2677 2107/4679/2676 2100/4681/2678
f 2801/4680/2677 2100/4681/2678 2802/4682/2679
f 2802/4682/2679 2100/4681/2678 2102/4683/2680
f 2802/4682/2679 2102/4683/2680 2803/4684/2681
f 2803/4684/2681 2102/4683/2680 2092/3656/2682
f 2803/4684/2681 2092/3656/2682 2804/4685/2683
f 2804/4685/2683 2092/3656/2682 2094/3658/2684
f 2804/4685/2683 2094/3658/2684 2805/4686/2685
f 2805/4686/2685 2094/3658/2684 2096/3660/2686
f 2805/4686/2685 2096/3660/2686 2806/4687/2687
f 2806/4687/2687 2096/3660/2686 2098/3662/2688
f 2788/4688/2654 2787/4674/2653 2807/4689/2689
f 2807/4689/2689 2787/4674/2653 2799/4676/2673
f 2807/4689/2689 2799/4676/2673 2808/4690/2690
f 2808/4690/2690 2799/4676/2673 2800/4678/2675
f 2808/4690/2690 2800/4678/2675 2809/4691/2691
f 2809/4691/2691 2800/4678/2675 2801/4680/2677
f 2809/4691/2691 2801/4680/2677 2810/4692/2692
f 2810/4692/2692 2801/4680/2677 2802/4682/2679
f 2810/4692/2692 2802/4682/2679 2811/4693/2693
f 2811/4693/2693 2802/4682/2679 2803/4684/2681
f 2811/4693/2693 2803/4684/2681 2812/4694/2694
f 2812/4694/2694 2803/4684/2681 2804/4685/2683
f 2812/4694/2694 2804/4685/2683 2813/4695/2695
f 2813/4695/2695 2804/4685/2683 2805/4686/2685
f 2813/4695/2695 2805/4686/2685 2814/4696/2696
f 2814/4696/2696 2805/4686/2685 2806/4687/2687
f 2815/4697/2697 2111/3677/2698 2816/4698/2699
f 2816/4698/2699 2111/3677/2698 2110/3676/2700
f 2816/4698/2699 2110/3676/2700 2527/4255/2410
f 2527/4255/2410 2110/3676/2700 2076/3638/2411
f 2817/4699/2701 2815/4697/2697 2818/4700/2702
f 2818/4700/2702 2815/4697/2697 2816/4698/2699
f 2818/4700/2702 2816/4698/2699 2531/4262/2422
f 2531/4262/2422 2816/4698/2699 2527/4255/2410
f 79/1919/2703 2819/4701/2704 2820/4702/2705
f 2533/4264/2424 2820/4702/2705 2532/4263/2423
f 2532/4263/2423 2820/4702/2705 2819/4701/2704
f 2532/4263/2423 2819/4701/2704 2531/4262/2422
f 2534/4265/2425 2821/4703/2706 2533/4264/2424
f 2533/4264/2424 2821/4703/2706 2822/4704/2707
f 2533/4264/2424 2822/4704/2707 2820/4702/2705
f 2534/4265/2425 2535/4266/2426 2821/4703/2706
f 2821/4703/2706 2535/4266/2426 2464/4144/2332
f 2821/4703/2706 2464/4144/2332 2536/4267/2427
f 79/1919/2703 2820/4702/2705 1680/4705/2708
f 1680/4705/2708 2820/4702/2705 2822/4704/2707
f 1680/4705/2708 2822/4704/2707 1678/4706/2709
f 1678/4706/2709 2822/4704/2707 2821/4703/2706
f 1678/4706/2709 2821/4703/2706 1679/4707/2710
f 1679/4707/2710 2821/4703/2706 2536/4267/2427
f 1679/4707/2710 2536/4267/2427 124/999/2428
f 2798/4708/2667 2788/4688/2654 2807/4689/2689
f 65/1942/2672 2798/4708/2667 2823/4709/2711
f 2798/4708/2667 2807/4689/2689 2823/4709/2711
f 2823/4709/2711 2807/4689/2689 2808/4690/2690
f 2823/4709/2711 2808/4690/2690 2824/4710/2712
f 2824/4710/2712 2808/4690/2690 2809/4691/2691
f 2824/4710/2712 2809/4691/2691 2825/4711/2713
f 2825/4711/2713 2809/4691/2691 2810/4692/2692
f 2825/4711/2713 2810/4692/2692 2826/4712/2714
f 2810/4692/2692 2811/4693/2693 2826/4712/2714
f 2826/4712/2714 2811/4693/2693 2812/4694/2694
f 2826/4712/2714 2812/4694/2694 2827/4713/2715
f 2827/4713/2715 2812/4694/2694 2813/4695/2695
f 2827/4713/2715 2813/4695/2695 2828/4714/2716
f 2828/4714/2716 2813/4695/2695 2814/4696/2696
f 2828/4714/2716 2814/4696/2696 2829/4715/2717
f 65/1942/2672 2823/4709/2711 1705/4716/2718
f 1705/4716/2718 2823/4709/2711 2824/4710/2712
f 1705/4716/2718 2824/4710/2712 1706/4717/2719
f 1706/4717/2719 2824/4710/2712 2825/4711/2713
f 1706/4717/2719 2825/4711/2713 1707/4718/2720
f 1707/4718/2720 2825/4711/2713 2826/4712/2714
f 1707/4718/2720 2826/4712/2714 1708/4719/2721
f 1708/4719/2721 2826/4712/2714 2827/4713/2715
f 1708/4719/2721 2827/4713/2715 1709/4720/2722
f 1709/4720/2722 2827/4713/2715 2828/4714/2716
f 1709/4720/2722 2828/4714/2716 1693/4721/2723
f 1693/4721/2723 2828/4714/2716 2829/4715/2717
f 1693/4721/2723 2829/4715/2717 63/1955/2724
f 2121/3689/2725 2117/3685/2726 2830/4722/2727
f 2122/3690/2728 2831/4723/2729 2129/3697/2730
f 2129/3697/2730 2831/4723/2729 2832/4724/2731
f 2806/4687/2687 2098/3662/2688 2833/4725/2732
f 2833/4725/2732 2098/3662/2688 2124/3692/2733
f 2833/4725/2732 2124/3692/2733 2834/4726/2734
f 2834/4726/2734 2124/3692/2733 2126/3694/2735
f 2834/4726/2734 2126/3694/2735 2832/4724/2731
f 2832/4724/2731 2126/3694/2735 2128/3696/2736
f 2832/4724/2731 2128/3696/2736 2129/3697/2730
f 2835/4727/2737 2830/4722/2727 2836/4728/2738
f 2836/4728/2738 2830/4722/2727 2117/3685/2726
f 2836/4728/2738 2117/3685/2726 2116/3684/2739
f 2835/4727/2737 2837/4729/2740 2830/4722/2727
f 2830/4722/2727 2837/4729/2740 2831/4723/2729
f 2830/4722/2727 2831/4723/2729 2121/3689/2725
f 2121/3689/2725 2831/4723/2729 2122/3690/2728
f 2814/4696/2696 2806/4687/2687 2838/4730/2741
f 2838/4730/2741 2806/4687/2687 2833/4725/2732
f 2838/4730/2741 2833/4725/2732 2839/4731/2742
f 2839/4731/2742 2833/4725/2732 2834/4726/2734
f 2839/4731/2742 2834/4726/2734 2840/4732/2743
f 2840/4732/2743 2834/4726/2734 2832/4724/2731
f 2840/4732/2743 2832/4724/2731 2841/4733/2744
f 2841/4733/2744 2832/4724/2731 2831/4723/2729
f 2841/4733/2744 2831/4723/2729 2842/4734/2745
f 2842/4734/2745 2831/4723/2729 2837/4729/2740
f 2843/4735/2746 2130/3698/2747 2131/3699/2748
f 2844/4736/2749 2843/4735/2746 2845/4737/2750
f 2843/4735/2746 2131/3699/2748 2845/4737/2750
f 2845/4737/2750 2131/3699/2748 2132/3700/2751
f 2845/4737/2750 2132/3700/2751 2846/4738/2752
f 2846/4738/2752 2132/3700/2751 2111/3677/2698
f 2846/4738/2752 2111/3677/2698 2815/4697/2697
f 2844/4736/2749 2845/4737/2750 2847/4739/2753
f 2847/4739/2753 2845/4737/2750 2846/4738/2752
f 2847/4739/2753 2846/4738/2752 2848/4740/2754
f 2848/4740/2754 2846/4738/2752 2815/4697/2697
f 2848/4740/2754 2815/4697/2697 2817/4699/2701
f 104/1963/2755 2817/4699/2701 2818/4700/2702
f 2818/4700/2702 2531/4262/2422 2819/4701/2704
f 104/1963/2755 2818/4700/2702 106/1964/2756
f 106/1964/2756 2818/4700/2702 2819/4701/2704
f 106/1964/2756 2819/4701/2704 79/1919/2703
f 2835/4727/2737 2849/4741/2757 2850/4742/2758
f 2829/4715/2717 2814/4696/2696 2838/4730/2741
f 63/1955/2724 2829/4715/2717 2851/4743/2759
f 2829/4715/2717 2838/4730/2741 2851/4743/2759
f 2851/4743/2759 2838/4730/2741 2839/4731/2742
f 2851/4743/2759 2839/4731/2742 2852/4744/2760
f 2852/4744/2760 2839/4731/2742 2840/4732/2743
f 2852/4744/2760 2840/4732/2743 2853/4745/2761
f 2840/4732/2743 2841/4733/2744 2853/4745/2761
f 2853/4745/2761 2841/4733/2744 2842/4734/2745
f 2853/4745/2761 2842/4734/2745 2850/4742/2758
f 2850/4742/2758 2842/4734/2745 2837/4729/2740
f 2850/4742/2758 2837/4729/2740 2835/4727/2737
f 63/1955/2724 2851/4743/2759 1719/4746/2762
f 1719/4746/2762 2851/4743/2759 2852/4744/2760
f 1719/4746/2762 2852/4744/2760 1720/4747/2763
f 1720/4747/2763 2852/4744/2760 2853/4745/2761
f 1720/4747/2763 2853/4745/2761 1721/4748/2764
f 1721/4748/2764 2853/4745/2761 2850/4742/2758
f 1721/4748/2764 2850/4742/2758 1722/4749/2765
f 1722/4749/2765 2850/4742/2758 2849/4741/2757
f 1722/4749/2765 2849/4741/2757 76/1977/2766
f 2836/4728/2738 2116/3684/2739 2854/4750/2767
f 2854/4750/2767 2116/3684/2739 2138/3707/2768
f 2854/4750/2767 2138/3707/2768 2855/4751/2769
f 2855/4751/2769 2138/3707/2768 2137/3706/2770
f 2855/4751/2769 2137/3706/2770 2843/4735/2746
f 2843/4735/2746 2137/3706/2770 2130/3698/2747
f 2835/4727/2737 2836/4728/2738 2856/4752/2771
f 2856/4752/2771 2836/4728/2738 2854/4750/2767
f 2856/4752/2771 2854/4750/2767 2857/4753/2772
f 2857/4753/2772 2854/4750/2767 2855/4751/2769
f 2857/4753/2772 2855/4751/2769 2844/4736/2749
f 2844/4736/2749 2855/4751/2769 2843/4735/2746
f 100/1979/2773 2844/4736/2749 2847/4739/2753
f 100/1979/2773 2847/4739/2753 102/1980/2774
f 102/1980/2774 2847/4739/2753 2848/4740/2754
f 102/1980/2774 2848/4740/2754 103/1981/2775
f 103/1981/2775 2848/4740/2754 2817/4699/2701
f 103/1981/2775 2817/4699/2701 104/1963/2755
f 2849/4741/2757 2835/4727/2737 2856/4752/2771
f 2849/4741/2757 2856/4752/2771 76/1977/2766
f 76/1977/2766 2856/4752/2771 78/1982/2776
f 78/1982/2776 2856/4752/2771 2857/4753/2772
f 78/1982/2776 2857/4753/2772 99/1983/2777
f 99/1983/2777 2857/4753/2772 2844/4736/2749
f 99/1983/2777 2844/4736/2749 100/1979/2773
f 2858/4754/2778 2859/4755/2779 2860/4756/2780
f 2861/4757/2781 2308/4758/2782 2307/4759/2783
f 2861/4757/2781 2307/4759/2783 2860/4756/2780
f 2330/4760/2784 2862/4761/2785 2331/4762/2786
f 2331/4762/2786 2862/4761/2785 2863/4763/2787
f 2331/4762/2786 2863/4763/2787 2323/4764/2788
f 2323/4764/2788 2863/4763/2787 2864/4765/2789
f 2323/4764/2788 2864/4765/2789 2865/4766/2790
f 2330/4760/2784 2332/4767/2791 2862/4761/2785
f 2862/4761/2785 2332/4767/2791 2334/4768/2792
f 2862/4761/2785 2334/4768/2792 2866/4769/2793
f 2866/4769/2793 2334/4768/2792 2336/4770/2794
f 2866/4769/2793 2336/4770/2794 2867/4771/2795
f 2336/4770/2794 2339/4772/2796 2867/4771/2795
f 2867/4771/2795 2339/4772/2796 2338/4773/2797
f 2867/4771/2795 2338/4773/2797 2868/4774/2798
f 2868/4775/2798 2338/4776/2797 2342/4777/2799
f 2868/4775/2798 2342/4777/2799 2869/4778/2800
f 2342/4777/2799 2347/4779/2801 2869/4778/2800
f 2869/4778/2800 2347/4779/2801 2346/4780/2802
f 2869/4778/2800 2346/4780/2802 2870/4781/2803
f 2870/4781/2803 2346/4780/2802 2345/4782/2804
f 2870/4781/2803 2345/4782/2804 2871/4783/2805
f 2871/4783/2805 2345/4782/2804 2872/4784/2806
f 2872/4784/2806 2345/4782/2804 2364/4785/2807
f 2872/4784/2806 2364/4785/2807 2873/4786/2808
f 2354/4787/2809 2874/4788/2810 2351/4789/2811
f 2351/4789/2811 2874/4788/2810 2875/4790/2812
f 2351/4789/2811 2875/4790/2812 2350/4791/2813
f 2350/4791/2813 2875/4790/2812 2876/4792/2814
f 2350/4791/2813 2876/4792/2814 2364/4785/2807
f 2364/4785/2807 2876/4792/2814 2877/4793/2815
f 2364/4785/2807 2877/4793/2815 2873/4786/2808
f 2374/4794/2816 2878/4795/2817 2372/4796/2818
f 2372/4796/2818 2878/4795/2817 2879/4797/2819
f 2372/4796/2818 2879/4797/2819 2370/4798/2820
f 2370/4798/2820 2879/4797/2819 2874/4788/2810
f 2370/4798/2820 2874/4788/2810 2353/4799/2821
f 2353/4799/2821 2874/4788/2810 2354/4787/2809
f 2374/4794/2816 2377/4800/2822 2878/4795/2817
f 2878/4795/2817 2377/4800/2822 2376/4801/2823
f 2878/4795/2817 2376/4801/2823 2880/4802/2824
f 2880/4802/2824 2376/4801/2823 2367/4803/2825
f 2880/4802/2824 2367/4803/2825 2881/4804/2826
f 2881/4805/2826 2367/4806/2825 2366/4807/2827
f 2881/4805/2826 2366/4807/2827 2882/4808/2828
f 2882/4808/2828 2366/4807/2827 2378/4809/2829
f 2882/4808/2828 2378/4809/2829 2883/4810/2830
f 2883/4810/2830 2378/4809/2829 2385/4811/2831
f 2883/4810/2830 2385/4811/2831 2884/4812/2832
f 2884/4812/2832 2385/4811/2831 2386/4813/2833
f 2884/4812/2832 2386/4813/2833 2885/4814/2834
f 2386/4813/2833 2389/4815/2835 2885/4814/2834
f 2885/4814/2834 2389/4815/2835 2388/4816/2836
f 2885/4814/2834 2388/4816/2836 2886/4817/2837
f 2388/4816/2836 2387/4818/2838 2886/4817/2837
f 2886/4817/2837 2387/4818/2838 2390/4819/2839
f 2886/4817/2837 2390/4819/2839 2887/4820/2840
f 2390/4819/2839 2391/4821/2841 2887/4820/2840
f 2887/4820/2840 2391/4821/2841 2392/4822/2842
f 2887/4820/2840 2392/4822/2842 2888/4823/2843
f 2392/4822/2842 2393/4824/2844 2888/4823/2843
f 2888/4823/2843 2393/4824/2844 2394/4825/2845
f 2888/4823/2843 2394/4825/2845 2889/4826/2846
f 2889/4826/2846 2394/4825/2845 2395/4827/2847
f 2889/4826/2846 2395/4827/2847 2890/4828/2848
f 2890/4828/2848 2395/4827/2847 2396/4829/2849
f 2890/4828/2848 2396/4829/2849 2891/4830/2850
f 2891/4830/2850 2396/4829/2849 2397/4831/2851
f 2401/4832/2852 2892/4833/2853 2400/4834/2854
f 2400/4834/2854 2892/4833/2853 2893/4835/2855
f 2400/4836/2854 2893/4837/2855 2399/4838/2856
f 2399/4838/2856 2893/4837/2855 2891/4830/2850
f 2399/4838/2856 2891/4830/2850 2398/4839/2857
f 2398/4839/2857 2891/4830/2850 2397/4831/2851
f 2401/4832/2852 2402/4840/2858 2892/4833/2853
f 2892/4833/2853 2402/4840/2858 2403/4841/2859
f 2892/4833/2853 2403/4841/2859 2894/4842/2860
f 2894/4842/2860 2403/4841/2859 2404/4843/2861
f 2894/4842/2860 2404/4843/2861 2895/4844/2862
f 2404/4843/2861 2405/4845/2863 2895/4844/2862
f 2895/4844/2862 2405/4845/2863 2407/4846/2864
f 2895/4844/2862 2407/4846/2864 2896/4847/2865
f 2896/4847/2865 2407/4846/2864 2406/4848/2866
f 2896/4847/2865 2406/4848/2866 2897/4849/2867
f 2897/4849/2867 2406/4848/2866 2410/4850/2868
f 2897/4849/2867 2410/4850/2868 2424/4851/2869
f 2417/4852/2870 2898/4853/2871 2415/4854/2872
f 2415/4854/2872 2898/4853/2871 2897/4849/2867
f 2415/4854/2872 2897/4849/2867 2425/4855/2873
f 2425/4855/2873 2897/4849/2867 2424/4851/2869
f 2417/4852/2870 2418/4856/2874 2898/4853/2871
f 2898/4853/2871 2418/4856/2874 2419/4857/2875
f 2898/4853/2871 2419/4857/2875 2861/4757/2781
f 2861/4757/2781 2419/4857/2875 2309/4858/2876
f 2861/4757/2781 2309/4858/2876 2308/4758/2782
f 2899/4859/2877 1904/4860/2878 2900/4861/2879
f 2900/4861/2879 1904/4860/2878 1903/4862/2880
f 2900/4861/2879 1903/4862/2880 2901/4863/2881
f 2901/4863/2881 1903/4862/2880 1901/4864/2882
f 2901/4863/2881 1901/4864/2882 2902/4865/2883
f 2902/4865/2883 1901/4864/2882 2328/4866/2884
f 2902/4865/2883 2328/4866/2884 2903/4867/2885
f 2903/4867/2885 2328/4866/2884 2327/4868/2886
f 2903/4867/2885 2327/4868/2886 2865/4766/2790
f 2865/4766/2790 2327/4868/2886 2326/4869/2887
f 2865/4766/2790 2326/4869/2887 2323/4764/2788
f 2317/4870/2888 2904/4871/2889 2905/4872/2890
f 2317/4870/2888 2905/4872/2890 2316/4873/2891
f 2317/4870/2888 2318/4874/2892 2904/4871/2889
f 2904/4871/2889 2318/4874/2892 2319/4875/2893
f 2904/4871/2889 2319/4875/2893 2899/4859/2877
f 2899/4859/2877 2319/4875/2893 2149/4876/2894
f 2899/4859/2877 2149/4876/2894 1904/4860/2878
f 2905/4872/2890 2906/4877/2895 2316/4873/2891
f 2316/4873/2891 2906/4877/2895 2907/4878/2896
f 2316/4873/2891 2907/4878/2896 2315/4879/2897
f 2315/4879/2897 2907/4878/2896 2908/4880/2898
f 2307/4759/2783 2305/4881/2899 2860/4756/2780
f 2860/4756/2780 2305/4881/2899 2304/4882/2900
f 2860/4756/2780 2304/4882/2900 2858/4754/2778
f 2858/4754/2778 2304/4882/2900 2310/4883/2901
f 2858/4754/2778 2310/4883/2901 2909/4884/2902
f 2909/4884/2902 2310/4883/2901 2311/4885/2903
f 2311/4885/2903 2312/4886/2904 2909/4884/2902
f 2909/4884/2902 2312/4886/2904 2313/4887/2905
f 2909/4884/2902 2313/4887/2905 2908/4888/2898
f 2908/4888/2898 2313/4887/2905 2314/4889/2906
f 2908/4888/2898 2314/4889/2906 2315/4890/2897
f 2678/4457/2907 2910/4891/2908 2679/4458/2909
f 2679/4458/2909 2910/4891/2908 2911/4892/2910
f 2910/4891/2908 2912/4893/2911 2911/4892/2910
f 2911/4892/2910 2912/4893/2911 2913/4894/2912
f 2911/4892/2910 2913/4894/2912 2914/4895/2913
f 2913/4894/2912 2915/4896/2914 2914/4895/2913
f 2914/4895/2913 2915/4896/2914 2916/4897/2915
f 2914/4895/2913 2916/4897/2915 2917/4898/2916
f 2685/4899/2917 2684/4900/2918 2918/4901/2919
f 2918/4901/2919 2684/4900/2918 2917/4902/2916
f 2918/4901/2919 2917/4902/2916 2919/4903/2920
f 2919/4904/2920 2917/4898/2916 2916/4897/2915
f 2920/4905/304 2921/4906/304 2922/4907/304
f 2922/4907/304 2921/4906/304 2923/4908/304
f 2923/4908/304 2921/4906/304 2924/4909/304
f 2923/4908/304 2924/4909/304 2925/4910/304
f 2926/4911/304 2684/4912/304 2927/4913/304
f 2927/4913/304 2684/4912/304 2683/4914/304
f 2928/4915/304 2679/4916/304 2929/4917/2048
f 2929/4917/2048 2679/4916/304 2930/4918/304
f 2681/4919/2921 2679/4916/304 2931/4920/2922
f 2931/4920/2922 2679/4916/304 2932/4921/304
f 2924/4909/304 2933/4922/304 2925/4910/304
f 2925/4910/304 2933/4922/304 2934/4923/304
f 2925/4910/304 2934/4923/304 2935/4924/304
f 2935/4924/304 2934/4923/304 2936/4925/304
f 2935/4924/304 2936/4925/304 2937/4926/304
f 2937/4926/304 2936/4925/304 2938/4927/304
f 2937/4926/304 2938/4927/304 2928/4915/304
f 2930/4918/304 2679/4916/304 2939/4928/304
f 2939/4928/304 2679/4916/304 2911/4929/304
f 2939/4928/304 2911/4929/304 2940/4930/304
f 2940/4930/304 2911/4929/304 2914/4931/304
f 2940/4930/304 2914/4931/304 2941/4932/304
f 2941/4932/304 2914/4931/304 2917/4933/304
f 2941/4932/304 2917/4933/304 2942/4934/304
f 2942/4934/304 2917/4933/304 2684/4912/304
f 2942/4934/304 2684/4912/304 2922/4907/304
f 2922/4907/304 2684/4912/304 2926/4911/304
f 2922/4907/304 2926/4911/304 2920/4905/304
f 2938/4927/304 2943/4935/304 2928/4915/304
f 2928/4915/304 2943/4935/304 2944/4936/304
f 2928/4915/304 2944/4936/304 2679/4916/304
f 2679/4916/304 2944/4936/304 2945/4937/304
f 2679/4916/304 2945/4937/304 2932/4921/304
f 2946/4938/1210 2947/4939/1210 2948/4940/1226
f 2948/4940/1226 2947/4939/1210 2949/4941/1226
f 2948/4942/1226 2949/4943/1226 2950/4944/1212
f 2950/4944/1212 2949/4943/1226 2951/4945/1212
f 2950/4944/1212 2951/4945/1212 2952/4946/1227
f 2952/4946/1227 2951/4945/1212 2953/4947/1227
f 2952/4946/1214 2953/4947/1214 2954/4948/1214
f 2954/4948/1214 2953/4947/1214 2955/4949/1214
f 2954/4950/1215 2955/4951/1215 2956/4952/1216
f 2956/4952/1216 2955/4951/1215 2957/4953/1216
f 2956/4952/1216 2957/4953/1216 2958/4954/1217
f 2958/4954/1217 2957/4953/1216 2959/4955/1217
f 2958/4954/1218 2959/4955/1218 2960/4956/2051
f 2960/4956/2051 2959/4955/1218 2961/4957/2051
f 2960/4958/2051 2961/4959/2051 2962/4960/1219
f 2962/4960/1219 2961/4959/2051 2963/4961/1219
f 2962/4960/1220 2963/4961/1220 2964/4962/1220
f 2964/4962/1220 2963/4961/1220 2965/4963/1220
f 2964/4962/1222 2965/4963/1222 2966/4964/1250
f 2966/4964/1250 2965/4963/1222 2967/4965/1250
f 2966/4966/1250 2967/4967/1250 2968/4968/1223
f 2968/4968/1223 2967/4967/1250 2969/4969/1223
f 2968/4968/1225 2969/4969/1225 2946/4938/1225
f 2946/4938/1225 2969/4969/1225 2947/4939/1225
f 2970/4970/2923 2971/4971/2924 2972/4972/2925
f 2973/4973/2926 2974/4974/2927 2975/4975/2928
f 2976/4976/2929 2975/4977/2928 2977/4978/2930
f 2977/4978/2930 2975/4977/2928 2978/4979/2931
f 2976/4976/2929 2979/4980/2932 2975/4977/2928
f 2975/4977/2928 2979/4980/2932 2980/4981/2933
f 2975/4977/2928 2980/4981/2933 2973/4982/2926
f 2981/4983/2934 2982/4984/2935 2978/4979/2931
f 2978/4979/2931 2982/4984/2935 2983/4985/2936
f 2978/4979/2931 2983/4985/2936 2977/4978/2930
f 2984/4986/2937 2985/4987/2938 2986/4988/2939
f 2986/4988/2939 2985/4987/2938 2987/4989/2940
f 2986/4988/2939 2987/4989/2940 2978/4979/2931
f 2978/4979/2931 2987/4989/2940 2981/4983/2934
f 2988/4990/2941 2989/4991/2942 2984/4992/2937
f 2984/4992/2937 2989/4991/2942 2990/4993/2943
f 2984/4992/2937 2990/4993/2943 2985/4994/2938
f 2988/4990/2941 2984/4992/2937 2991/4995/2944
f 2991/4995/2944 2984/4992/2937 2992/4996/2945
f 2991/4995/2944 2992/4996/2945 2993/4997/2946
f 2994/4998/2947 2995/4999/2948 2996/5000/2949
f 2996/5000/2949 2995/4999/2948 2997/5001/2950
f 2996/5000/2949 2997/5001/2950 2992/4996/2945
f 2992/4996/2945 2997/5001/2950 2998/5002/2951
f 2992/4996/2945 2998/5002/2951 2993/4997/2946
f 2994/4998/2947 2996/5000/2949 2999/5003/2952
f 2999/5003/2952 2996/5000/2949 3000/5004/2953
f 2999/5003/2952 3000/5004/2953 3001/5005/2954
f 2971/4971/2924 3002/5006/2955 2972/4972/2925
f 2972/4972/2925 3002/5006/2955 3003/5007/2956
f 2972/4972/2925 3003/5007/2956 3000/5008/2953
f 3000/5008/2953 3003/5007/2956 3004/5009/2957
f 3000/5008/2953 3004/5009/2957 3001/5010/2954
f 2970/4970/2923 2972/4972/2925 3005/5011/2958
f 3005/5011/2958 2972/4972/2925 3006/5012/2959
f 3005/5011/2958 3006/5012/2959 3007/5013/2960
f 3008/5014/2961 3009/5015/2962 3006/5012/2959
f 3006/5012/2959 3009/5015/2962 3007/5013/2960
f 3010/5016/2963 3011/5017/2964 3008/5018/2961
f 3008/5018/2961 3011/5017/2964 3012/5019/2965
f 3008/5014/2961 3012/5020/2965 3009/5015/2962
f 3010/5016/2963 3008/5018/2961 3013/5021/2966
f 3013/5021/2966 3008/5018/2961 3014/5022/2967
f 3013/5021/2966 3014/5022/2967 3015/5023/2968
f 2973/4973/2926 3016/5024/2969 2974/4974/2927
f 2974/4974/2927 3016/5024/2969 3017/5025/2970
f 2974/4974/2927 3017/5025/2970 3014/5022/2967
f 3014/5022/2967 3017/5025/2970 3018/5026/2971
f 3014/5022/2967 3018/5026/2971 3015/5023/2968
f 2950/5027/17 2978/5028/17 2948/5029/17
f 2948/5029/17 2978/5028/17 2975/5030/17
f 2948/5029/17 2975/5030/17 2946/5031/17
f 2946/5031/17 2975/5030/17 2974/5032/17
f 2946/5031/17 2974/5032/17 2968/5033/17
f 2968/5033/17 2974/5032/17 3014/5034/17
f 2968/5033/17 3014/5034/17 2966/5035/17
f 2966/5035/17 3014/5034/17 3008/5036/17
f 2966/5035/17 3008/5036/17 2964/5037/17
f 2964/5037/17 3008/5036/17 3006/5038/17
f 2964/5037/17 3006/5038/17 2962/5039/17
f 2962/5039/17 3006/5038/17 2972/5040/17
f 2962/5039/17 2972/5040/17 2960/5041/17
f 2960/5041/17 2972/5040/17 3000/5042/17
f 2960/5041/17 3000/5042/17 2958/5043/17
f 2958/5043/17 3000/5042/17 2996/5044/17
f 2958/5043/17 2996/5044/17 2956/5045/17
f 2956/5045/17 2996/5044/17 2992/5046/17
f 2956/5045/17 2992/5046/17 2954/5047/17
f 2954/5047/17 2992/5046/17 2984/5048/17
f 2954/5047/17 2984/5048/17 2952/5049/17
f 2952/5049/17 2984/5048/17 2986/5050/17
f 2952/5049/17 2986/5050/17 2950/5027/17
f 2950/5027/17 2986/5050/17 2978/5028/17
f 3019/5051/17 3020/5052/17 3021/5053/17
f 3021/5053/17 3020/5052/17 3022/5054/17
f 1853/5055/17 1855/5056/17 3023/5057/17
f 3022/5054/17 3020/5052/17 3024/5058/17
f 3024/5058/17 3020/5052/17 3025/5059/17
f 3024/5058/17 3025/5059/17 3026/5060/17
f 3026/5060/17 3025/5059/17 3027/5061/17
f 3026/5060/17 3027/5061/17 3028/5062/17
f 3029/5063/17 3023/5057/17 3030/5064/17
f 3030/5064/17 3023/5057/17 3031/5065/17
f 3030/5064/17 3031/5065/17 3032/5066/17
f 3032/5066/17 3031/5065/17 3019/5051/17
f 3032/5066/17 3019/5051/17 3033/5067/17
f 3033/5067/17 3019/5051/17 3021/5053/17
f 3029/5063/17 3034/5068/17 3023/5057/17
f 3023/5057/17 3034/5068/17 3035/5069/17
f 3023/5057/17 3035/5069/17 1853/5055/17
f 3028/5062/17 3027/5061/17 3036/5070/17
f 3036/5070/17 3027/5061/17 3037/5071/17
f 3036/5070/17 3037/5071/17 3038/5072/17
f 3038/5072/17 3037/5071/17 3039/5073/17
f 3039/5073/17 3037/5071/17 1860/5074/17
f 3039/5073/17 1860/5074/17 1859/5075/17
f 3040/5076/2972 3041/5077/2973 3042/5078/2974
f 1855/5079/2975 3043/5080/2976 3044/5081/2977
f 1855/5079/2975 3044/5081/2977 3023/5082/2978
f 1727/5083/2979 3045/5084/2980 1725/5085/2981
f 1725/5085/2981 3045/5084/2980 3043/5080/2976
f 1725/5085/2981 3043/5080/2976 1723/5086/2982
f 1723/5086/2982 3043/5080/2976 1855/5079/2975
f 1723/5086/2982 1855/5079/2975 1856/5087/2983
f 3044/5081/2977 3046/5088/2984 3023/5082/2978
f 3023/5082/2978 3046/5088/2984 3047/5089/2985
f 3023/5082/2978 3047/5089/2985 3031/5090/2986
f 3047/5089/2985 3048/5091/2987 3031/5090/2986
f 3031/5090/2986 3048/5091/2987 3049/5092/2988
f 3031/5090/2986 3049/5092/2988 3019/5093/2989
f 3049/5092/2988 3050/5094/2990 3019/5093/2989
f 3019/5093/2989 3050/5094/2990 3051/5095/2991
f 3019/5093/2989 3051/5095/2991 3020/5096/2992
f 3052/5097/2993 3053/5098/2994 3054/5099/2995
f 3051/5095/2991 3052/5097/2993 3020/5096/2992
f 3020/5096/2992 3052/5097/2993 3054/5099/2995
f 3020/5096/2992 3054/5099/2995 3025/5100/2996
f 3025/5101/2996 3054/5102/2995 3055/5103/2997
f 3025/5101/2996 3055/5103/2997 3027/5104/2998
f 3027/5104/2998 3055/5103/2997 3040/5076/2972
f 3040/5076/2972 3042/5078/2974 3027/5104/2998
f 3027/5104/2998 3042/5078/2974 3056/5105/2999
f 3027/5104/2998 3056/5105/2999 3037/5106/3000
f 3057/5107/3001 1860/5108/3002 3058/5109/3003
f 3058/5109/3003 1860/5108/3002 3037/5106/3000
f 3058/5109/3003 3037/5106/3000 3059/5110/3004
f 3059/5110/3004 3037/5106/3000 3056/5105/2999
f 3060/5111/3005 1668/5112/3006 3061/5113/3007
f 3061/5113/3007 1668/5112/3006 1667/5114/3008
f 3061/5113/3007 1667/5114/3008 3057/5107/3001
f 3057/5107/3001 1667/5114/3008 1665/5115/3009
f 3057/5107/3001 1665/5115/3009 1860/5108/3002
f 1860/5108/3002 1665/5115/3009 1861/5116/3010
f 2706/5117/3011 3062/5118/3011 2707/5119/3012
f 2707/5119/3012 3062/5118/3011 3063/5120/3012
f 2707/5119/3012 3063/5120/3012 2708/5121/3013
f 2708/5121/3013 3063/5120/3012 3064/5122/3013
f 2708/5121/3013 3064/5122/3013 2693/5123/1856
f 2693/5123/1856 3064/5122/3013 3065/5124/1856
f 2693/5125/1856 3065/5126/1856 2694/5127/3014
f 2694/5127/3014 3065/5126/1856 3066/5128/3014
f 2694/5127/3014 3066/5128/3014 2695/5129/3015
f 2695/5129/3015 3066/5128/3014 3067/5130/3015
f 2695/5129/3015 3067/5130/3015 3068/5131/3016
f 2695/5129/3015 3068/5131/3016 2711/5132/3016
f 2711/5132/3016 3068/5131/3016 3069/5133/3017
f 2711/5132/3016 3069/5133/3017 2712/5134/3017
f 2712/5134/3017 3069/5133/3017 1650/3008/1856
f 2712/5134/3017 1650/3008/1856 1651/3009/1856
f 3062/5118/3011 2706/5117/3011 2710/5135/3018
f 3062/5118/3011 2710/5135/3018 3070/5136/3018
f 3070/5136/3018 2710/5135/3018 2735/5137/3019
f 3070/5136/3018 2735/5137/3019 3071/5138/3019
f 3071/5138/3019 2735/5137/3019 2734/4561/2571
f 3071/5138/3019 2734/4561/2571 2745/4560/2570
f 2743/4557/728 2629/4556/728 2627/5139/3020
f 2746/4563/2573 2747/4565/2575 3072/5140/3021
f 3072/5140/3021 2747/4565/2575 3073/5141/3022
f 3072/5140/3021 3073/5141/3022 3074/5142/3023
f 3074/5142/3023 3073/5141/3022 2626/5143/3024
f 2626/5143/3024 3073/5141/3022 2627/5144/3020
f 2627/5144/3020 3073/5141/3022 3075/5145/3025
f 2627/5139/3020 3075/5146/3025 2743/4557/728
f 3076/5147/3026 1762/3198/1909 1745/3197/1908
f 1668/5112/3006 3060/5111/3005 1657/5148/3027
f 1657/5148/3027 3060/5111/3005 3076/5147/3026
f 1657/5148/3027 3076/5147/3026 1659/5149/3028
f 1659/5149/3028 3076/5147/3026 1745/3197/1908
f 1659/5149/3028 1745/3197/1908 1660/5150/3029
f 1660/5150/3029 1745/3197/1908 1744/5151/3030
f 1660/5150/3029 1744/5151/3030 1661/5152/3031
f 1661/5153/3031 1744/5154/3030 1748/5155/3032
f 1661/5153/3031 1748/5155/3032 1662/5156/3033
f 1662/5156/3033 1748/5155/3032 1826/5157/3034
f 1662/5156/3033 1826/5157/3034 1674/5158/3035
f 1841/5159/3036 1840/5160/3037 3077/5161/3038
f 3045/5084/2980 1727/5083/2979 1729/5162/3039
f 3045/5084/2980 1729/5162/3039 3078/5163/3040
f 3078/5163/3040 1729/5162/3039 1732/5164/3041
f 3078/5165/3040 1732/5166/3041 3077/5161/3038
f 3077/5161/3038 1732/5166/3041 2187/5167/3042
f 3077/5161/3038 2187/5167/3042 1841/5159/3036
f 2688/4467/2566 1835/3286/1990 2687/4466/2565
f 2687/4466/2565 1835/3286/1990 1837/3288/1992
f 2676/4455/2563 2675/4454/2563 2733/5168/3043
f 2676/4455/2563 2733/5168/3043 3079/5169/3043
f 3079/1718/3043 2733/5170/3043 1635/2991/1848
f 3079/1718/3043 1635/2991/1848 1634/2990/1848
f 1812/3256/1962 1811/3255/1961 3080/5171/3044
f 3080/5171/3044 1811/3255/1961 3081/5172/3045
f 3080/5173/3044 3081/5174/3045 3082/5175/3046
f 3082/5175/3046 3081/5174/3045 3083/5176/3047
f 3082/5175/3046 3083/5176/3047 2700/5177/3048
f 2700/5177/3048 3083/5176/3047 1755/5178/3049
f 2700/5177/3048 1755/5178/3049 2516/4241/2392
f 2516/4241/2392 1755/5178/3049 1743/4240/2392
f 2515/4239/2391 2514/4237/2389 2697/5179/3050
f 2697/5179/3050 2514/4237/2389 3084/5180/3051
f 2697/5179/3050 3084/5180/3051 3085/5181/3052
f 3085/5181/3052 3084/5180/3051 3086/5182/3053
f 3086/5182/3053 3084/5180/3051 2864/4765/2789
f 3086/5182/3053 2864/4765/2789 2863/4763/2787
f 2749/4568/778 2726/4567/2577 3087/5183/1354
f 3087/5183/1354 2726/4567/2577 2727/5184/1354
f 3087/5183/1354 2727/5184/1354 3088/5185/1355
f 3088/5185/1355 2727/5184/1354 2724/5186/1355
f 3088/5187/1355 2724/5188/1355 2742/4555/725
f 2742/4555/725 2724/5188/1355 2723/4554/725
f 2860/4756/2780 2859/4755/2779 3089/5189/3054
f 3089/5189/3054 2859/4755/2779 3090/5190/3055
f 2692/5191/3056 2691/5192/3057 3090/5193/3055
f 3090/5190/3055 2691/5194/3057 3091/5195/3058
f 3090/5190/3055 3091/5195/3058 3089/5189/3054
f 3090/5196/3055 3092/5197/3059 2692/5198/3056
f 2692/5199/3056 3092/5200/3059 2741/4553/2569
f 2692/5199/3056 2741/4553/2569 2722/4552/2569
f 1665/5201/3060 1664/5202/3061 1861/3314/3062
f 1861/3314/3062 1664/5202/3061 1862/3315/3063
f 1862/3315/3063 1664/5202/3061 1857/3310/3064
f 1857/3310/3064 1664/5202/3061 2438/5203/3065
f 1857/3310/3064 2438/5203/3065 1858/3311/3066
f 3039/5073/3067 1859/5075/3068 2171/5204/3069
f 2171/5204/3069 1859/5075/3068 1858/5205/3070
f 2171/3746/3069 1858/5206/3070 2438/4110/3071
f 2186/5207/3072 3022/5054/3073 2184/5208/3074
f 2184/5208/3074 3022/5054/3073 3024/5058/3074
f 2184/5208/3074 3024/5058/3074 2181/5209/3075
f 2181/5209/3075 3024/5058/3074 3026/5060/3076
f 2181/5209/3075 3026/5060/3076 2179/5210/3077
f 2179/5210/3077 3026/5060/3076 3028/5062/3078
f 2179/5210/3077 3028/5062/3078 2177/5211/3079
f 2177/5211/3079 3028/5062/3078 2175/5212/3080
f 2175/5212/3080 3028/5062/3078 3036/5070/3080
f 2175/5212/3080 3036/5070/3080 2173/5213/3081
f 2173/5213/3081 3036/5070/3080 3038/5072/3082
f 2173/5213/3081 3038/5072/3082 2170/5214/3083
f 2170/5214/3083 3038/5072/3082 3039/5073/3067
f 2170/5214/3083 3039/5073/3067 2171/5204/3069
f 2300/5215/3084 3034/5068/3085 2298/5216/3086
f 2298/5216/3086 3034/5068/3085 3029/5063/3087
f 2298/5216/3086 3029/5063/3087 2296/5217/3088
f 2296/5217/3088 3029/5063/3087 3030/5064/3089
f 2296/5217/3088 3030/5064/3089 2294/5218/3090
f 2294/5218/3090 3030/5064/3089 3032/5066/3091
f 2294/5218/3090 3032/5066/3091 2292/5219/3092
f 2292/5219/3092 3032/5066/3091 2290/5220/3093
f 2290/5220/3093 3032/5066/3091 3033/5067/3093
f 2290/5220/3093 3033/5067/3093 2288/5221/3094
f 2288/5221/3094 3033/5067/3093 3021/5053/3095
f 2288/5221/3094 3021/5053/3095 2286/5222/3096
f 2286/5222/3096 3021/5053/3095 3022/5054/3073
f 2286/5222/3096 3022/5054/3073 2186/5207/3072
f 3034/5068/3085 2300/5215/3084 3035/5069/3097
f 3035/5069/3097 2300/5215/3084 2456/5223/3098
f 3035/5069/3097 2456/5223/3098 1853/5055/3099
f 1853/5055/3099 2456/5223/3098 2454/5224/3100
f 1854/5225/3101 1853/5226/3102 1724/3153/3103
f 1724/3153/3103 1853/5226/3102 2454/4127/3104
f 1854/5225/3101 1724/3153/3103 1856/5227/3105
f 1856/5227/3105 1724/3153/3103 1723/3152/3106
f 3093/5228/3107 3094/5229/3108 3095/5230/3109
f 3095/5230/3109 3094/5229/3108 3096/5231/3110
f 3095/5230/3109 3096/5231/3110 3097/5232/3111
f 3097/5232/3111 3096/5231/3110 3098/5233/3112
f 3097/5232/3111 3098/5233/3112 3053/5098/2994
f 3053/5098/2994 3098/5233/3112 3054/5099/2995
f 2484/5234/3113 2483/5235/3114 3093/5236/3107
f 3093/5228/3107 2483/5237/3114 3099/5238/3115
f 3093/5228/3107 3099/5238/3115 3094/5229/3108
f 3093/5236/3107 3100/5239/3116 2484/5234/3113
f 2484/5234/3113 3100/5239/3116 1761/3196/1907
f 2484/5234/3113 1761/3196/1907 1760/3195/1907
f 1774/3216/1924 1772/3214/1923 2482/5240/3117
f 2482/5240/3117 1772/3214/1923 3101/5241/3118
f 2482/5240/3117 3101/5241/3118 3102/5242/3119
f 3102/5242/3119 3101/5241/3118 3103/5243/3120
f 3102/5242/3119 3103/5243/3120 3104/5244/3121
f 3104/5244/3121 3103/5243/3120 3041/5077/2973
f 3104/5244/3121 3041/5077/2973 3040/5076/2972
f 96/3148/3122 53/3107/3123 2661/5245/3124
f 2661/5245/3124 2750/5246/3125 96/3148/3122
f 96/3148/3122 2750/5246/3125 2762/5247/3126
f 96/3148/3122 2762/5247/3126 2764/5248/3127
f 2661/5245/3124 53/3107/3123 2662/5249/3128
f 2662/5249/3128 53/3107/3123 66/3130/3128
f 2662/5249/3128 66/3130/3128 2663/5250/3129
f 2663/5250/3129 66/3130/3128 55/3121/3129
f 2663/5250/3129 55/3121/3129 2664/5251/3130
f 2664/5251/3130 55/3121/3129 57/3123/3130
f 2664/5251/3130 57/3123/3130 2665/5252/3131
f 2665/5252/3131 57/3123/3130 59/3125/3131
f 2665/5252/3131 59/3125/3131 2666/5253/3132
f 2666/5253/3132 59/3125/3131 61/3088/3132
f 2666/5253/3132 61/3088/3132 2667/5254/3133
f 2667/5254/3133 61/3088/3132 70/3104/3133
f 2667/4438/3133 70/2364/3133 2668/4440/3134
f 2668/4440/3134 70/2364/3133 73/2363/3134
f 2668/5255/3134 73/3143/3134 2669/5256/3135
f 2669/5256/3135 73/3143/3134 75/3145/3135
f 2669/5256/3135 75/3145/3135 2670/5257/3136
f 2670/5257/3136 75/3145/3135 77/3116/3136
f 2670/5257/3136 77/3116/3136 2671/5258/3137
f 2671/5258/3137 77/3116/3136 29/3118/3137
f 2671/5258/3137 29/3118/3137 2672/5259/3138
f 2672/5259/3138 29/3118/3137 30/3067/3138
f 2672/5259/3138 30/3067/3138 2673/5260/3139
f 2673/5260/3139 30/3067/3138 50/3091/3140
f 32/3094/3141 2680/5261/3142 2738/5262/3143
f 32/3094/3141 2738/5262/3143 31/3093/3144
f 31/3093/3144 2738/5262/3143 2673/5260/3139
f 31/3093/3144 2673/5260/3139 50/3091/3140
f 1694/3095/3145 2678/5263/3146 32/3094/3141
f 32/3094/3141 2678/5263/3146 2680/5261/3142
f 1713/3132/3147 1704/3114/3148 2685/5264/3149
f 1716/3136/3150 2910/5265/3151 1694/3095/3145
f 1694/3095/3145 2910/5265/3151 2678/5263/3146
f 2685/5264/3149 2918/5266/3152 1713/3132/3147
f 1713/3132/3147 2918/5266/3152 2919/5267/3153
f 1713/5268/3147 2919/5269/3153 1714/5270/3154
f 1714/3134/3154 2919/5267/3153 2916/5271/2915
f 1714/3134/3154 2916/5271/2915 1715/3135/3155
f 2916/4897/2915 2915/4896/2914 1715/5272/3155
f 1715/5273/3155 2915/5274/2914 2913/5275/3156
f 1715/5272/3155 2913/4894/3156 1716/5276/3150
f 1716/5276/3150 2913/4894/3156 2912/4893/3157
f 1716/3136/3150 2912/5277/3157 2910/5265/3151
f 1703/3112/3158 2688/5278/3159 1704/3114/3148
f 1704/3114/3148 2688/5278/3159 2685/5264/3149
f 1835/3286/3160 2688/4467/3159 1702/5279/3161
f 1702/5279/3161 2688/4467/3159 1703/5280/3158
f 1699/3103/3162 1698/3102/3163 1840/5281/3164
f 1840/5281/3164 1843/5282/3165 1699/3103/3162
f 1699/3103/3162 1843/5282/3165 1846/5283/3166
f 1699/5284/3162 1846/5285/3166 1691/5286/3167
f 1846/5287/3166 1848/5288/3168 1691/5289/3167
f 1691/5289/3167 1848/5288/3168 1850/5290/3169
f 1691/5291/3167 1850/5292/3169 1677/5293/3170
f 1677/3043/3170 1850/5294/3169 1829/5295/3171
f 1677/3043/3170 1829/5295/3171 1701/3109/3172
f 1829/3280/3171 1831/3282/3173 1701/5296/3172
f 1701/5297/3172 1831/5298/3173 1833/5299/3174
f 1701/5296/3172 1833/3284/3174 1702/5279/3161
f 1702/5279/3161 1833/3284/3174 1835/3286/3160
f 1840/5281/3164 1698/3102/3163 3077/5300/3175
f 3077/5300/3175 1698/3102/3163 1697/3101/3176
f 3077/5300/3175 1697/3101/3176 3078/5301/3177
f 3078/5301/3177 1697/3101/3176 1689/3079/3177
f 3078/5301/3177 1689/3079/3177 3045/5302/3178
f 3045/5302/3178 1689/3079/3177 1687/3077/3179
f 1683/5303/3180 1682/5304/3181 3052/5305/3182
f 3052/5306/3182 1682/5307/3181 3053/5308/3183
f 3048/5309/3184 1695/5310/3185 1696/5311/3186
f 3052/5312/3182 3051/5313/3187 1683/5314/3180
f 1683/5314/3180 3051/5313/3187 3050/5315/3188
f 1683/5316/3180 3050/5317/3188 1696/5318/3186
f 1696/5319/3186 3050/5320/3188 3049/5321/3189
f 1696/5319/3186 3049/5321/3189 3048/5322/3184
f 3048/5323/3184 3047/5324/3190 1695/5325/3185
f 1695/5325/3185 3047/5324/3190 3046/5326/3191
f 1695/5327/3185 3046/5088/3191 1685/5328/3192
f 3045/5302/3178 1687/3077/3179 3043/5329/3193
f 3043/5080/3193 1687/5330/3179 1685/5328/3192
f 3043/5080/3193 1685/5328/3192 3044/5081/3194
f 3044/5081/3194 1685/5328/3192 3046/5088/3191
f 3097/5331/3195 3053/5308/3183 1682/5307/3181
f 3097/5232/3195 1682/5332/3181 3095/5230/3196
f 3093/5333/3197 3095/5334/3196 1682/5335/3181
f 3100/5336/3198 3093/5333/3197 1682/5335/3181
f 1761/3196/3199 3100/5239/3198 1682/5337/3181
f 111/3072/3200 1756/5338/3201 1759/5339/3202
f 111/3072/3200 1759/5339/3202 1681/3070/3202
f 1681/3070/3202 1759/5339/3202 1761/5340/3199
f 1681/3070/3202 1761/5340/3199 1682/3071/3181
f 88/3099/3203 2496/5341/3204 2495/5342/3205
f 88/3099/3203 2495/5342/3205 109/3100/3205
f 109/3100/3205 2495/5342/3205 1756/5338/3201
f 109/3100/3205 1756/5338/3201 111/3072/3200
f 89/3097/3206 91/3137/3207 2469/5343/3208
f 2496/5341/3204 88/3099/3203 2497/5344/3209
f 2497/5344/3209 88/3099/3203 89/3097/3206
f 2497/5344/3209 89/3097/3206 2480/5345/3210
f 2480/5345/3210 89/3097/3206 2469/5343/3208
f 1936/3420/3211 1771/5346/3212 1938/3422/3213
f 1938/3422/3213 1771/5346/3212 2505/5347/3214
f 2505/5347/3214 2507/5348/3215 1938/3422/3213
f 1938/3422/3213 2507/5348/3215 2509/5349/3216
f 1938/3422/3213 2509/5349/3216 2511/5350/3217
f 1772/5351/3218 1771/5346/3212 1941/3433/3219
f 1941/3433/3219 1771/5346/3212 1936/3420/3211
f 1921/3403/3220 3041/5352/3221 3103/5353/3222
f 1921/3403/3220 3103/5353/3222 1943/3435/3223
f 1943/3435/3223 3103/5353/3222 3101/5354/3224
f 1943/3435/3223 3101/5354/3224 1942/3434/3224
f 1942/5355/3224 3101/5241/3224 1772/3214/3218
f 1942/5355/3224 1772/3214/3218 1941/5356/3219
f 2783/5357/3225 2784/5358/3226 2767/5359/3227
f 2766/5360/3228 158/3378/3229 2767/5359/3227
f 2767/5359/3227 158/3378/3229 156/3380/3227
f 2767/5359/3227 156/3380/3227 2783/5357/3225
f 3105/5361/3230 2513/5362/3231 2517/5363/3232
f 1768/5364/3233 1769/5365/3234 3105/5361/3230
f 3105/5361/3230 1769/5365/3234 1944/3438/3235
f 2517/5363/3236 2518/5366/3237 3105/5361/3230
f 3105/5361/3230 2518/5366/3237 2519/5367/3238
f 3105/5361/3230 2519/5367/3238 1768/5364/3233
f 3041/5352/3221 1921/3403/3220 3042/5368/3239
f 3042/5369/3239 1921/5370/3220 1920/5371/3240
f 3042/5372/3239 1920/5373/3240 3056/5374/3241
f 3056/5374/3241 1920/5373/3240 3059/5375/3242
f 3059/5376/3242 1920/5377/3240 1933/5378/3243
f 3059/5379/3242 1933/5380/3243 3058/5381/3244
f 3058/5381/3244 1933/5380/3243 3057/5315/3245
f 3057/5382/3245 1933/5383/3243 1930/5384/3246
f 3057/5385/3245 1930/5386/3246 3061/5387/3247
f 1763/5388/3248 1762/5389/3249 1927/5390/3250
f 1927/5391/3250 1762/3198/3249 3076/5147/3251
f 1927/5391/3250 3076/5147/3251 1930/5392/3246
f 1930/5392/3246 3076/5147/3251 3060/5111/3252
f 1930/5392/3246 3060/5111/3252 3061/5113/3247
f 1944/3438/3235 1769/5365/3234 1923/3405/3253
f 1923/3405/3253 1769/5365/3234 1770/5393/3254
f 1923/3405/3253 1770/5393/3254 1924/3406/3255
f 1770/5393/3254 1767/5394/3256 1924/3406/3255
f 1924/3406/3255 1767/5394/3256 1766/5395/3257
f 1924/5396/3255 1766/5397/3257 1925/2767/3258
f 1925/3409/3258 1766/5395/3257 1765/5398/3259
f 1925/3409/3258 1765/5398/3259 1927/3411/3250
f 1927/5391/3250 1765/3202/3259 1764/3201/3260
f 1927/5390/3250 1764/5399/3260 1763/5388/3248
f 158/3378/3229 2766/5360/3228 2768/5400/3261
f 158/3378/3229 2768/5400/3261 178/3425/3261
f 178/3425/3261 2768/5400/3261 2769/5401/3262
f 178/3425/3261 2769/5401/3262 168/3423/3262
f 168/3423/3262 2769/5401/3262 2770/5402/3263
f 168/3423/3262 2770/5402/3263 167/3424/3264
f 167/2564/3264 2770/4611/3263 2744/4559/3265
f 167/2564/3264 2744/4559/3265 166/2563/3266
f 1944/3438/3235 1946/3442/3267 3105/5361/3230
f 3105/5361/3230 1946/3442/3267 2514/5403/3268
f 3105/5361/3230 2514/5403/3268 2513/5362/3231
f 2743/5404/3269 177/3429/3270 2744/5405/3265
f 2744/5405/3265 177/3429/3270 166/3426/3266
f 1951/3447/3271 2864/5406/3272 3084/5407/3273
f 1951/3447/3271 3084/5407/3273 1950/3446/3273
f 1950/5408/3273 3084/5180/3273 2514/4237/3268
f 1950/5408/3273 2514/4237/3268 1946/5409/3267
f 177/3429/3270 2743/5404/3269 3075/5410/3274
f 177/3429/3270 3075/5410/3274 176/3427/3274
f 176/3427/3274 3075/5410/3274 3073/5411/3275
f 176/3427/3274 3073/5411/3275 175/3428/3276
f 175/2571/3276 3073/5141/3275 2747/4565/3277
f 175/2571/3276 2747/4565/3277 159/2570/3278
f 1911/3389/3279 1910/3387/3280 2859/5412/3281
f 2859/4755/3281 2858/4754/3282 1911/5413/3279
f 1911/3389/3279 2858/5414/3282 2909/5415/3283
f 1911/3389/3279 2909/5415/3283 1912/3391/3284
f 1912/3391/3284 2909/5415/3283 2908/5416/3284
f 1912/3391/3284 2908/5416/3284 1913/3393/3285
f 2908/5416/3284 2907/5417/3286 1913/3393/3285
f 1913/3393/3285 2907/5417/3286 2906/5418/3287
f 1913/3393/3285 2906/5418/3287 1914/3395/3288
f 2906/5418/3287 2905/5419/3289 1914/3395/3288
f 1914/3395/3288 2905/5419/3289 2904/5420/3290
f 1914/5421/3288 2904/5422/3290 1917/5423/3291
f 2904/5424/3290 2899/5425/3292 1917/5426/3291
f 1917/5426/3291 2899/5425/3292 2900/5427/3293
f 1917/5428/3291 2900/4861/3293 1905/5429/3294
f 2900/4861/3293 2901/4863/3295 1905/5429/3294
f 1905/5430/3294 2901/5431/3295 2902/5432/3296
f 1905/5433/3294 2902/5434/3296 1906/5435/3297
f 2864/5406/3272 1951/3447/3271 2865/5436/3298
f 2865/5437/3298 1951/5438/3271 1906/5439/3297
f 2865/5440/3298 1906/5441/3297 2903/5442/3299
f 2903/5442/3299 1906/5441/3297 2902/5443/3296
f 2749/4568/3300 155/5444/3301 2748/4566/3302
f 2748/4566/3302 155/5444/3301 157/5445/3302
f 2748/5446/3302 157/3381/3302 2747/5447/3277
f 2747/5447/3277 157/3381/3302 159/3379/3278
f 1907/3383/3303 2741/5448/3304 3092/5449/3305
f 1907/3383/3303 3092/5449/3305 1908/3384/3305
f 1908/3384/3305 3092/5449/3305 3090/5450/3306
f 1908/3384/3305 3090/5450/3306 1909/3386/3306
f 1909/3386/3306 3090/5450/3306 2859/5412/3281
f 1909/3386/3306 2859/5412/3281 1910/3387/3280
f 2742/5451/3307 149/3372/3308 3088/5452/3309
f 3088/5452/3309 149/3372/3308 151/3374/3310
f 3088/5452/3309 151/3374/3310 3087/5453/3311
f 3087/5453/3311 151/3374/3310 153/3376/3312
f 3087/5183/3311 153/5454/3312 2749/4568/3300
f 2749/4568/3300 153/5454/3312 155/5444/3301
f 149/3372/3308 2742/5451/3307 1907/3383/3303
f 1907/3383/3303 2742/5451/3307 2741/5448/3304
f 2932/4921/3313 2945/4937/3314 1880/5455/3315
f 1880/5455/3315 1891/5456/3316 2932/4921/3313
f 2932/4921/3313 1891/5456/3316 1893/5457/3317
f 2932/5458/3313 1893/3352/3317 2931/5459/3318
f 2931/5459/3318 1893/3352/3317 1894/3353/3319
f 2931/4920/3318 1894/5460/3319 2681/4919/3320
f 2681/4919/3320 1894/5460/3319 1896/5461/3321
f 2681/5462/3320 1896/5463/3321 2682/5464/3322
f 2682/5465/3322 1896/5466/3321 1897/5467/3323
f 2682/5465/3322 1897/5467/3323 1899/5468/3324
f 2944/4936/3325 1864/5469/3326 2945/4937/3314
f 2945/4937/3314 1864/5469/3326 1880/5455/3315
f 2921/4906/3327 1877/5470/3328 1875/5471/3329
f 2921/4906/3327 1875/5471/3329 2924/4909/3329
f 2924/4909/3329 1875/5471/3329 1873/5472/3330
f 2924/4909/3329 1873/5472/3330 2933/4922/3330
f 2933/5473/3330 1873/3328/3330 1871/3326/3331
f 2933/5473/3330 1871/3326/3331 2934/5474/3332
f 2934/4923/3332 1871/5475/3331 1869/5476/3333
f 2934/4923/3332 1869/5476/3333 2936/4925/3333
f 2936/4925/3333 1869/5476/3333 1867/5477/3334
f 2936/4925/3333 1867/5477/3334 2938/4927/3335
f 2938/5478/3335 1867/3320/3334 1865/3318/3336
f 2938/5478/3335 1865/3318/3336 2943/5479/3336
f 2943/4935/3336 1865/5480/3336 1864/5469/3326
f 2943/4935/3336 1864/5469/3326 2944/4936/3325
f 1885/5481/3337 2683/4914/3338 1887/5482/3339
f 1887/5482/3339 2683/4914/3338 2689/5483/3340
f 1887/3346/3339 2689/4468/3340 1889/3348/3341
f 1882/5484/3342 2920/4905/3343 1883/5485/3344
f 1883/5485/3344 2920/4905/3343 2926/4911/3344
f 1883/5485/3344 2926/4911/3344 1885/5481/3337
f 1885/5481/3337 2926/4911/3344 2927/4913/3345
f 1885/5481/3337 2927/4913/3345 2683/4914/3338
f 2920/4905/3343 1882/5484/3342 2921/4906/3327
f 2921/4906/3327 1882/5484/3342 1877/5470/3328
f 3091/5486/3346 2691/4470/3347 2690/4469/3348
f 2863/5487/3349 2862/5488/3350 3086/5489/3351
f 3086/5490/3351 2862/5491/3350 2698/5492/3352
f 3086/5493/3353 2698/4480/3354 3085/5494/3355
f 3085/5494/3355 2698/4480/3354 2697/4479/3356
f 2862/5495/3350 2866/5496/3357 2698/5497/3352
f 2698/5497/3352 2866/5496/3357 2867/5498/3358
f 2698/5499/3352 2867/5500/3358 2709/5501/3359
f 2867/5502/3358 2868/5503/3360 2709/5504/3359
f 2709/5504/3359 2868/5503/3360 2869/5505/3361
f 2709/5506/3359 2869/5507/3361 2696/5508/3362
f 2869/5509/3361 2870/5510/3363 2696/5511/3362
f 2696/5511/3362 2870/5510/3363 2871/5512/3364
f 2696/5513/3362 2871/5514/3364 2713/5515/3365
f 2876/4792/3366 2715/5516/3367 2714/5517/3368
f 2871/5518/3364 2872/5519/3369 2713/5520/3365
f 2713/5520/3365 2872/5519/3369 2873/5521/3370
f 2713/5522/3365 2873/5523/3370 2714/5524/3368
f 2714/5525/3368 2873/5526/3370 2877/5527/3371
f 2714/5525/3368 2877/5527/3371 2876/5528/3366
f 2878/5529/3372 2728/5530/3373 2716/5531/3374
f 2876/4792/3366 2875/4790/3375 2715/5516/3367
f 2715/5532/3367 2875/5533/3375 2874/5534/3376
f 2715/5535/3367 2874/5536/3376 2716/5537/3374
f 2716/5538/3374 2874/5539/3376 2879/5540/3377
f 2716/5538/3374 2879/5540/3377 2878/5541/3372
f 2883/5542/3378 2730/5543/3379 2729/2522/3380
f 2878/5544/3372 2880/5545/3381 2728/5546/3373
f 2728/5546/3373 2880/5545/3381 2881/5547/3382
f 2728/5548/3373 2881/5549/3382 2729/5550/3380
f 2729/5551/3380 2881/5552/3382 2882/5553/3383
f 2729/5551/3380 2882/5553/3383 2883/5554/3378
f 2887/5555/3384 2732/5556/3385 2731/5557/3386
f 2883/5558/3378 2884/5559/3387 2730/5560/3379
f 2730/5560/3379 2884/5559/3387 2885/5561/3388
f 2730/5562/3379 2885/4814/3388 2731/5563/3386
f 2731/5563/3386 2885/4814/3388 2886/4817/3389
f 2731/5564/3386 2886/5565/3389 2887/5566/3384
f 2891/5567/3390 2736/5568/3391 2737/5569/3392
f 2887/5570/3384 2888/5571/3393 2732/5572/3385
f 2732/5572/3385 2888/5571/3393 2889/5573/3394
f 2732/5574/3385 2889/5575/3394 2737/5576/3392
f 2737/5577/3392 2889/5578/3394 2890/5579/3395
f 2737/5577/3392 2890/5579/3395 2891/5580/3390
f 2891/5581/3390 2893/5582/3396 2736/5583/3391
f 2736/5583/3391 2893/5582/3396 2892/5584/3397
f 2736/5585/3391 2892/5586/3397 2703/5587/3398
f 2703/4488/3398 2892/5588/3397 2894/5589/3399
f 2703/4488/3398 2894/5589/3399 2704/4489/3400
f 2894/4842/3399 2895/4844/3401 2704/5590/3400
f 2704/5591/3400 2895/5592/3401 2896/5593/3402
f 2704/5590/3400 2896/4847/3402 2690/5594/3348
f 2860/5595/3403 3089/5596/3404 2861/5597/3405
f 2861/5597/3405 3089/5596/3404 3091/5598/3346
f 2861/5597/3405 3091/5598/3346 2898/5599/3406
f 2898/4853/3406 3091/5195/3346 2690/5594/3348
f 2898/4853/3406 2690/5594/3348 2897/4849/3407
f 2897/4849/3407 2690/5594/3348 2896/4847/3402
f 1955/3454/3408 37/2893/3408 1957/3456/3409
f 1957/3456/3409 37/2893/3408 39/2892/3410
f 1957/5600/3409 39/3084/3410 1959/5601/3411
f 1959/5601/3411 39/3084/3410 40/3058/3411
f 1959/5601/3411 40/3058/3411 1961/5602/3412
f 1961/5602/3412 40/3058/3411 47/3056/3413
f 1961/5602/3412 47/3056/3413 1963/5603/3414
f 1963/5603/3414 47/3056/3413 45/3054/3414
f 1963/3464/3414 45/2907/3414 1965/3466/3415
f 1965/3466/3415 45/2907/3414 35/2906/3415
f 1965/5604/3415 35/3053/3415 1967/5605/3416
f 1967/5605/3416 35/3053/3415 33/3092/3416
f 1967/5605/3416 33/3092/3416 1969/5606/3417
f 1969/5606/3417 33/3092/3416 28/3069/3417
f 1969/3472/3417 28/2902/3417 1971/3474/3418
f 1971/3474/3418 28/2902/3417 86/2901/3418
f 1971/5607/3418 86/3068/3418 1973/5608/3419
f 1973/5608/3419 86/3068/3418 87/3060/3419
f 1973/5608/3419 87/3060/3419 1975/5609/3420
f 1975/5609/3420 87/3060/3419 101/3062/3420
f 1975/3480/3420 101/2897/3420 1953/3450/3421
f 1953/3450/3421 101/2897/3420 27/2896/3421
f 1953/5610/3421 27/3064/3421 1955/5611/3408
f 1955/5611/3408 27/3064/3421 37/3066/3408
f 1980/3499/3422 80/2913/3422 1982/3501/3409
f 1982/3501/3409 80/2913/3422 82/2912/3409
f 1982/5612/3409 82/3049/3409 1984/5613/3411
f 1984/5613/3411 82/3049/3409 84/3045/3411
f 1984/5613/3411 84/3045/3411 1986/5614/3412
f 1986/5614/3412 84/3045/3411 122/3044/3412
f 1986/5614/3412 122/3044/3412 1988/5615/3423
f 1988/5615/3423 122/3044/3412 42/3111/3423
f 1988/3509/3423 42/2929/3423 1990/3511/3415
f 1990/3511/3415 42/2929/3423 38/2928/3415
f 1990/5616/3415 38/3113/3415 1992/5617/3416
f 1992/5617/3416 38/3113/3415 36/3115/3416
f 1992/5617/3416 36/3115/3416 1994/5618/3417
f 1994/5618/3417 36/3115/3416 25/3133/3424
f 1994/3517/3417 25/2924/3424 1996/3519/3418
f 1996/3519/3418 25/2924/3424 26/2923/3425
f 1996/5619/3418 26/3055/3425 1998/5620/3426
f 1998/5620/3426 26/3055/3425 105/3057/3426
f 1998/5620/3426 105/3057/3426 2000/5621/3420
f 2000/5621/3420 105/3057/3426 107/3059/3420
f 2000/3525/3420 107/2919/3420 1978/3495/3421
f 1978/3495/3421 107/2919/3420 108/2918/3421
f 1978/5622/3421 108/3052/3421 1980/5623/3422
f 1980/5623/3422 108/3052/3421 80/3051/3422
f 2785/5624/3427 2781/5625/3427 2758/5626/3428
f 2785/5624/3427 2758/5626/3428 2782/5627/3429
f 2758/5626/3428 2753/5628/3430 2763/5629/3431
f 2763/5629/3431 2637/4399/3431 2758/5626/3428
f 2758/5626/3428 2637/4399/3431 2636/4398/3430
f 2758/5626/3428 2636/4398/3430 2782/5627/3429
f 3104/5630/3432 3040/5631/3433 3055/5632/3434
f 3104/5630/3432 3055/5632/3434 3102/5633/3435
f 3055/5632/3434 3054/5634/3436 3098/5635/3437
f 2483/4170/3438 2482/4169/3439 3099/5636/3440
f 3099/5636/3440 2482/4169/3439 3102/5633/3435
f 3099/5636/3440 3102/5633/3435 3094/5637/3441
f 3094/5637/3441 3102/5633/3435 3055/5632/3434
f 3094/5637/3441 3055/5632/3434 3096/5638/3442
f 3096/5638/3442 3055/5632/3434 3098/5635/3437
f 2973/5639/3443 2980/5640/3444 2252/3872/3445
f 2229/5641/3446 2238/5642/3447 2997/5643/3448
f 2237/5644/3449 2993/4997/3450 2238/5645/3447
f 2238/5645/3447 2993/4997/3450 2998/5002/3451
f 2238/5646/3447 2998/5647/3451 2997/5648/3448
f 2248/5649/3452 2245/5650/3453 2983/4985/3454
f 2252/3872/3445 2980/5640/3444 2274/3901/3455
f 2274/3901/3455 2980/5640/3444 2979/5651/3456
f 2274/3901/3455 2979/5651/3456 2247/3867/3457
f 2247/3867/3457 2979/5651/3456 2976/5652/3458
f 2247/5653/3457 2976/5654/3458 2244/5655/3459
f 2244/3864/3459 2976/5652/3458 2245/3865/3453
f 2245/3865/3453 2976/5652/3458 2977/5656/3460
f 2245/3865/3453 2977/5656/3460 2983/5657/3454
f 2983/4985/3454 2982/4984/3461 2248/5649/3452
f 2248/5658/3452 2982/5659/3461 2981/5660/3462
f 2248/5661/3452 2981/5662/3462 2249/5663/3463
f 2249/3869/3463 2981/5664/3462 2987/5665/3464
f 2249/3869/3463 2987/5665/3464 2250/3870/3465
f 2250/3870/3465 2987/5665/3464 2240/3860/3466
f 2240/3860/3466 2987/5665/3464 2985/5666/3467
f 2240/3860/3466 2985/5666/3467 2241/3861/3468
f 2241/3861/3468 2985/5666/3467 2990/5667/3469
f 2241/3861/3468 2990/5667/3469 2242/3862/3470
f 2242/3862/3470 2990/5667/3469 2989/5668/3471
f 2242/3862/3470 2989/5668/3471 2243/3863/3472
f 2243/3863/3472 2989/5668/3471 2988/5669/3473
f 2243/3863/3472 2988/5669/3473 2237/3857/3449
f 2237/3857/3449 2988/5669/3473 2991/5670/3474
f 2237/3857/3449 2991/5670/3474 2993/5671/3450
f 3012/5672/3475 3011/5673/3476 2216/3836/3477
f 2216/3836/3477 3011/5673/3476 3010/5674/3478
f 2216/5675/3477 3010/5676/3478 2217/5677/3479
f 3003/5678/3480 2234/3854/3481 3004/5679/3482
f 3004/5679/3482 2234/3854/3481 2233/3853/3483
f 3004/5679/3482 2233/3853/3483 3001/5680/3484
f 3001/5680/3484 2233/3853/3483 2232/3852/3485
f 3001/5680/3484 2232/3852/3485 2999/5681/3486
f 2219/3839/3487 2218/3838/3488 3007/5682/3489
f 3007/5682/3489 2218/3838/3488 2206/3821/3490
f 3007/5682/3489 2206/3821/3490 3005/5683/3491
f 3005/5683/3491 2206/3821/3490 2205/3820/3492
f 3005/5011/3491 2205/5684/3492 2970/4970/3493
f 2970/4970/3493 2205/5684/3492 2227/5685/3494
f 2970/5686/3493 2227/5687/3494 2971/5688/3495
f 2971/5689/3495 2227/5690/3494 2226/5691/3496
f 2971/5692/3495 2226/3846/3496 3002/5693/3497
f 3002/5693/3497 2226/3846/3496 2224/3844/3498
f 3002/5693/3497 2224/3844/3498 3003/5678/3480
f 3003/5678/3480 2224/3844/3498 2235/3855/3499
f 3003/5678/3480 2235/3855/3499 2234/3854/3481
f 2216/3836/3477 2222/3842/3500 3012/5672/3475
f 3012/5672/3475 2222/3842/3500 2221/3841/3501
f 3012/5672/3475 2221/3841/3501 3009/5694/3502
f 3009/5694/3502 2221/3841/3501 2219/3839/3487
f 3009/5015/3502 2219/5695/3487 3007/5013/3489
f 3010/5696/3478 3013/5697/3503 2217/5698/3479
f 2217/5698/3479 3013/5697/3503 3015/5699/3504
f 2217/5700/3479 3015/5701/3504 2253/5702/3505
f 2253/5703/3505 3015/5704/3504 3018/5705/3506
f 2253/5706/3505 3018/5026/3506 2254/5707/3507
f 2254/5707/3507 3018/5026/3506 3017/5025/3508
f 2254/3875/3507 3017/5708/3508 2255/3877/3509
f 2255/3877/3509 3017/5708/3508 3016/5709/3510
f 2255/3877/3509 3016/5709/3510 2256/3878/3511
f 2256/3878/3511 3016/5709/3510 2973/5639/3443
f 2256/3878/3511 2973/5639/3443 2251/3871/3512
f 2251/3871/3512 2973/5639/3443 2252/3872/3445
f 2997/5710/3448 2995/5711/3513 2229/3849/3446
f 2229/3849/3446 2995/5711/3513 2994/5712/3514
f 2229/3849/3446 2994/5712/3514 2230/3850/3515
f 2230/3850/3515 2994/5712/3514 2999/5681/3486
f 2230/3850/3515 2999/5681/3486 2231/3851/3516
f 2231/3851/3516 2999/5681/3486 2232/3852/3485
f 2949/4943/3422 2941/5713/3422 2951/4945/3517
f 2951/4945/3517 2941/5713/3422 2942/5714/3517
f 2951/5715/3517 2942/4934/3517 2953/5716/3411
f 2953/5716/3411 2942/4934/3517 2922/4907/3411
f 2953/5716/3411 2922/4907/3411 2955/5717/3412
f 2955/5717/3412 2922/4907/3411 2923/4908/3412
f 2955/5717/3412 2923/4908/3412 2957/5718/3423
f 2957/5718/3423 2923/4908/3412 2925/4910/3423
f 2957/4953/3423 2925/5719/3423 2959/4955/3415
f 2959/4955/3415 2925/5719/3423 2935/5720/3415
f 2959/5721/3415 2935/4924/3415 2961/5722/3416
f 2961/5722/3416 2935/4924/3415 2937/4926/3416
f 2961/5722/3416 2937/4926/3416 2963/5723/3417
f 2963/5723/3417 2937/4926/3416 2928/4915/3424
f 2963/4961/3417 2928/5724/3424 2965/4963/3418
f 2965/4963/3418 2928/5724/3424 2929/5725/3418
f 2965/5726/3418 2929/4917/3418 2967/5727/3518
f 2967/5727/3518 2929/4917/3418 2930/4918/3518
f 2967/5727/3518 2930/4918/3518 2969/5728/3420
f 2969/5728/3420 2930/4918/3518 2939/4928/3420
f 2969/4969/3420 2939/5729/3420 2947/4939/3421
f 2947/4939/3421 2939/5729/3420 2940/5730/3421
f 2947/5731/3421 2940/4930/3421 2949/5732/3422
f 2949/5732/3422 2940/4930/3421 2941/4932/3422
f 1749/3182/3519 1827/5733/3520 1748/3181/3521
f 1748/5734/3521 1827/3275/3520 1826/3273/3522
f 1754/5735/3523 1755/5736/3524 1811/5737/3525
f 1811/5738/3525 1755/5739/3524 3083/5740/3526
f 1811/5738/3525 3083/5740/3526 3081/5741/3527
f 1811/5742/3525 1810/5743/3528 1754/3187/3523
f 1754/3187/3523 1810/5743/3528 1822/5744/3529
f 1754/3187/3523 1822/5744/3529 1752/3185/3530
f 1822/5744/3529 1821/5745/3531 1752/3185/3530
f 1752/3185/3530 1821/5745/3531 1819/5746/3532
f 1752/5747/3530 1819/5748/3532 1750/5749/3533
f 1750/3183/3533 1819/5746/3532 1825/5750/3534
f 1750/3183/3533 1825/5750/3534 1749/3182/3519
f 1749/5751/3519 1825/3271/3534 1828/3277/3535
f 1749/3182/3519 1828/5752/3535 1827/5733/3520
f 2687/5753/3536 1837/5754/3537 1778/5755/3538
f 1809/5756/3539 1812/5757/3540 3080/5758/3541
f 2687/5753/3536 1778/5755/3538 2686/4509/3542
f 2686/4509/3542 1778/5755/3538 2720/4508/3543
f 2720/4508/3543 1778/5755/3538 1776/5759/3544
f 2720/5760/3543 1776/5761/3544 2719/5762/3545
f 1776/5763/3544 1781/5764/3546 2719/5765/3545
f 2719/5765/3545 1781/5764/3546 1784/5766/3547
f 2719/5767/3545 1784/5768/3547 2721/5769/3548
f 1784/5770/3547 1787/5771/3549 2721/5772/3548
f 2721/5772/3548 1787/5771/3549 1790/5773/3550
f 2721/5774/3548 1790/5775/3550 2702/5776/3551
f 1790/5777/3550 1792/5778/3552 2702/5779/3551
f 2702/5779/3551 1792/5778/3552 1794/5780/3553
f 2702/3366/3551 1794/5781/3553 2701/5782/3554
f 1794/5783/3553 1796/5784/3555 2701/5785/3554
f 2701/5785/3554 1796/5784/3555 1798/5786/3556
f 2701/5787/3554 1798/5788/3556 2718/5789/3557
f 1798/5790/3556 1799/5791/3558 2718/5792/3557
f 2718/5793/3557 1799/3243/3558 1801/3245/3559
f 2718/5793/3557 1801/3245/3559 2717/5794/3560
f 1801/3245/3559 1802/3246/3561 2717/5794/3560
f 2717/2639/3560 1802/5795/3561 1804/5796/3562
f 2717/5797/3560 1804/5798/3562 2699/5799/3563
f 2699/4481/3563 1804/5800/3562 1807/5801/3564
f 2699/4481/3563 1807/5801/3564 2700/4482/3565
f 2700/4482/3565 1807/5801/3564 1809/5756/3539
f 2700/4482/3565 1809/5756/3539 3082/5802/3566
f 3082/5802/3566 1809/5756/3539 3080/5758/3541
f 2677/5803/3567 2676/5804/3568 2740/5805/3569
f 2740/5805/3569 2676/5804/3568 2739/5806/3570
f 2620/4382/3571 2644/4406/3572 2676/5804/3568
f 2676/5804/3568 2644/4406/3572 2674/5807/3570
f 2676/5804/3568 2674/5807/3570 2739/5806/3570
f 2626/4388/3573 2628/4390/3574 3074/5808/3575
f 3074/5808/3575 2628/4390/3574 2745/5809/3576
f 3074/5808/3575 2745/5809/3576 3072/5810/3577
f 3072/5810/3577 2745/5809/3576 2746/5811/3578
f 2620/4382/3571 2676/5804/3568 3079/5812/3579
f 2620/4382/3571 3079/5812/3579 2621/4383/3579
f 2621/4383/3579 3079/5812/3579 1634/5813/3580
f 2621/4383/3579 1634/5813/3580 2622/4384/3581
f 2633/4395/3582 3062/5814/3583 3070/5815/3584
f 2633/4395/3582 3070/5815/3584 2634/4396/3585
f 2634/5816/3585 3070/5136/3584 3071/5138/3586
f 2634/5816/3585 3071/5138/3586 2635/5817/3587
f 2635/4397/3587 3071/5818/3586 2745/5809/3576
f 2635/4397/3587 2745/5809/3576 2628/4390/3574
f 1650/5819/3588 2625/4387/3589 1648/5820/3590
f 1648/5820/3590 2625/4387/3589 2624/4386/3590
f 1648/5820/3590 2624/4386/3590 1646/5821/3591
f 1646/5821/3591 2624/4386/3590 2652/4414/3591
f 1646/5821/3591 2652/4414/3591 1644/5822/3592
f 1644/5822/3592 2652/4414/3591 2654/4416/3592
f 1644/3002/3592 2654/5823/3592 1642/3000/3593
f 1642/3000/3593 2654/5823/3592 2656/5824/3593
f 1642/5825/3593 2656/4418/3593 1640/5826/3594
f 1640/5826/3594 2656/4418/3593 2651/4413/3594
f 1640/5826/3594 2651/4413/3594 1638/5827/3595
f 1638/5827/3595 2651/4413/3594 2649/4411/3595
f 1638/5827/3595 2649/4411/3595 1636/5828/3596
f 1636/5828/3596 2649/4411/3595 2647/4409/3596
f 1636/5828/3596 2647/4409/3596 1634/5813/3580
f 1634/5813/3580 2647/4409/3596 2622/4384/3581
f 3062/5814/3583 2633/4395/3582 3063/5829/3597
f 3063/5829/3597 2633/4395/3582 2630/4392/3597
f 3063/5120/3597 2630/5830/3597 3064/5122/3598
f 3064/5122/3598 2630/5830/3597 2615/5831/3598
f 3064/5832/3598 2615/4377/3598 3065/5833/3599
f 3065/5833/3599 2615/4377/3598 2613/4375/3599
f 3065/5833/3599 2613/4375/3599 3066/5834/3600
f 3066/5834/3600 2613/4375/3599 2659/4421/3600
f 3066/5128/3600 2659/5835/3600 3067/5130/3601
f 3067/5130/3601 2659/5835/3600 2619/5836/3602
f 2625/4387/3589 1650/5819/3588 3069/5837/3603
f 2625/4387/3589 3069/5837/3603 2617/4379/3603
f 2617/4379/3603 3069/5837/3603 3068/5838/3604
f 2617/4379/3603 3068/5838/3604 2618/4380/3604
f 2618/5839/3604 3068/5131/3604 3067/5130/3601
f 2618/5839/3604 3067/5130/3601 2619/5836/3602
