<?xml version="1.0" encoding="utf-8"?>
<COLLADA xmlns="http://www.collada.org/2005/11/COLLADASchema" version="1.4.1" xmlns:xsi="http://www.w3.org/2001/XMLSchema-instance">
  <asset>
    <contributor>
      <author>Blender User</author>
      <authoring_tool>Blender 3.6.9 commit date:2024-02-19, commit time:16:48, hash:e958717a0c25</authoring_tool>
    </contributor>
    <created>2026-05-15T17:38:20</created>
    <modified>2026-05-15T17:38:20</modified>
    <unit name="meter" meter="1"/>
    <up_axis>Z_UP</up_axis>
  </asset>
  <library_effects>
    <effect id="超量金属太空银-光面_001-effect">
      <profile_COMMON>
        <technique sid="common">
          <lambert>
            <emission>
              <color sid="emission">0 0 0 1</color>
            </emission>
            <diffuse>
              <color sid="diffuse">0.4055218 0.4055218 0.4055218 1</color>
            </diffuse>
            <reflectivity>
              <float sid="specular">0.75</float>
            </reflectivity>
            <index_of_refraction>
              <float sid="ior">1.45</float>
            </index_of_refraction>
          </lambert>
        </technique>
      </profile_COMMON>
    </effect>
  </library_effects>
  <library_images/>
  <library_materials>
    <material id="超量金属太空银-光面_001-material" name="超量金属太空银-光面.001">
      <instance_effect url="#超量金属太空银-光面_001-effect"/>
    </material>
  </library_materials>
  <library_geometries>
    <geometry id="LINK_THUMB_MID_R-mesh" name="LINK_THUMB_MID_R">
      <mesh>
        <source id="LINK_THUMB_MID_R-mesh-positions">
          <float_array id="LINK_THUMB_MID_R-mesh-positions-array" count="9315">0.009492933 2.95535e-4 0.01181817 0.008873105 2.8573e-4 0.01168107 0.009465336 0.002295255 0.01179975 0.008821308 0.004035174 0.01164662 0.00570625 0.003985822 0.01095783 0.005653083 0.007835268 0.01092243 0.01004803 0.007904946 0.01189428 0.009477794 0.002295434 0.01180255 0.009710907 0.002413392 0.01185339 0.009960532 0.002489387 0.01190811 0.01012259 0.00250566 0.01194387 0.01569455 3.93852e-4 0.01318949 0.01566696 0.002393543 0.01317113 0.02584248 5.54696e-4 0.01543349 0.02419835 0.008129239 0.01502329 0.02573472 0.00835359 0.01536178 0.01550751 0.002466738 0.01313543 0.01535475 0.002526342 0.01310122 0.01492947 0.007982313 0.01297372 0.01516658 0.00257188 0.01305931 0.01500409 0.002583026 0.01302331 0.0155816 0.002431511 0.013152 0.0156182 0.002412736 0.01316022 0.01565438 0.002393364 0.01316839 0.02002835 2.76252e-4 0.01564157 0.01976698 2.77802e-4 0.01620507 0.009407758 1.29089e-4 0.01559853 0.008692979 1.01283e-4 0.01364707 0.003447651 3.47046e-5 0.01429063 0.006134927 6.32851e-5 0.01335924 0.008707344 8.52196e-5 0.01187729 0.008832693 8.69481e-5 0.01187819 0.00920099 1.05008e-4 0.01328969 0.009452521 9.67829e-5 0.01201528 0.009819626 1.13055e-4 0.01323419 0.02053642 2.79978e-4 0.01528418 0.01002633 1.37135e-4 0.01554304 0.02115505 2.88024e-4 0.01522868 0.0105344 1.4086e-4 0.01518571 0.01079577 1.39281e-4 0.01462221 0.02579766 3.55854e-4 0.01562964 0.0217185 2.98187e-4 0.01548999 0.01001036 1.06558e-4 0.01224178 0.01046228 1.16452e-4 0.0126397 0.01038306 1.23247e-4 0.0134955 0.01129084 1.34602e-4 0.01336914 0.01074039 1.32844e-4 0.01400351 0.0123136 1.52573e-4 0.01378446 0.01341617 1.68308e-4 0.01383912 0.008592545 8.40871e-5 0.01192772 -0.01596224 -3.94151e-4 -0.003190517 -0.01555126 -4.06847e-4 -0.005189776 -0.01457166 -3.63186e-4 -0.001909196 -0.01506477 -3.01019e-4 0.005596458 -0.01421344 -3.06294e-4 0.003740966 -0.01409727 -2.68415e-4 0.007688164 -0.01322752 -2.68147e-4 0.006408572 -0.01289457 -2.3447e-4 0.009573996 -0.0117464 -2.2538e-4 0.008836328 -0.01152282 -2.00644e-4 0.0111919 -0.009825408 -1.79574e-4 0.01093339 -0.01076871 -1.83627e-4 0.01191037 -0.00996977 -1.6658e-4 0.01256424 -0.01544117 -3.16307e-4 0.004498481 -0.01573574 -3.30582e-4 0.003387212 -0.01466709 -3.38361e-4 9.33334e-4 -0.01607936 -3.55676e-4 0.001172065 -0.01614505 -3.76508e-4 -9.94865e-4 -0.009201109 -1.50994e-4 0.01310241 -0.00753653 -1.32427e-4 0.0126211 -0.007470488 -1.18241e-4 0.01406466 -0.005431413 -8.25973e-5 0.01487857 -0.004965424 -8.57266e-5 0.01383644 -0.003097891 -4.45099e-5 0.01551342 -0.002208352 -4.12317e-5 0.01453381 -3.69883e-4 -2.60788e-6 0.01597011 6.31422e-4 -5.81319e-7 0.01468712 0.001852214 2.99661e-5 0.01617544 0.02175265 3.29777e-4 0.01887619 0.02136176 3.12075e-4 0.01753759 0.02391445 3.62143e-4 0.01914489 0.02186983 3.1583e-4 0.0171802 0.02616631 3.9418e-4 0.01924669 0.02213114 3.1425e-4 0.0166167 0.02823263 4.21628e-4 0.01912707 0.008431613 1.02833e-4 0.01421058 0.008486986 1.093e-4 0.01482921 0.03896337 4.86389e-4 0.01003825 0.03880798 4.92587e-4 0.01094478 0.03701883 4.64126e-4 0.01053988 0.0389623 5.02959e-4 0.01184046 0.01565414 1.95071e-4 0.0133866 -0.01445466 -4.11168e-4 -0.007308661 -0.01405566 -4.06876e-4 -0.007439255 -0.01476788 -4.12867e-4 -0.007021605 -0.01386219 -4.03121e-4 -0.007322251 -0.01507306 -4.12271e-4 -0.006497859 -0.01539367 -4.0938e-4 -0.005702257 0.003932237 5.96194e-5 0.01627355 0.00793153 1.16452e-4 0.01644426 0.008844316 1.18896e-4 0.01533722 0.009960293 1.46344e-4 0.01664733 0.01197189 1.76772e-4 0.01693278 0.0156458 2.33874e-4 0.0176205 0.01982241 2.84269e-4 0.0168237 0.01863789 2.81349e-4 0.01828724 0.02017968 2.93866e-4 0.01733177 0.02074313 3.04058e-4 0.01759302 0.03946757 4.75272e-4 0.008070588 0.03776842 4.55096e-4 0.008427917 0.03961139 4.58643e-4 0.006044507 0.03801345 4.3799e-4 0.006200373 0.03937697 4.46513e-4 0.005075931 0.038805 5.03555e-4 0.01214474 0.03799337 5.04449e-4 0.01346004 0.03580456 4.64663e-4 0.01242345 0.01505273 1.86488e-4 0.0133568 0.0144751 1.8008e-4 0.01352703 0.03776735 4.13284e-4 0.003881752 0.03781116 4.13671e-4 0.003856241 0.03786182 4.14356e-4 0.003855466 0.02207577 3.07813e-4 0.01599806 0.03152555 4.60014e-4 0.0183506 0.03028601 4.46483e-4 0.01874327 0.02788943 3.87713e-4 0.01595228 0.03012442 4.17128e-4 0.01579099 0.03250318 4.69789e-4 0.01794636 0.03226286 4.40523e-4 0.01512098 0.03738427 5.03287e-4 0.01425135 0.0367136 5.00843e-4 0.0149939 0.03419053 4.56646e-4 0.01397818 0.03520268 4.9223e-4 0.01632857 0.03345316 4.78521e-4 0.01746749 0.03875482 4.30748e-4 0.004297554 0.03774076 4.1379e-4 0.003976106 0.03774166 4.13343e-4 0.003925442 0.02294522 1.26436e-4 -0.005044579 0.0248121 1.50725e-4 -0.005210697 0.0247063 1.64077e-4 -0.003597497 0.03345519 2.91452e-4 -0.002893507 0.03137749 2.54586e-4 -0.003781139 0.03235775 2.57328e-4 -0.00495404 0.02689939 1.89379e-4 -0.004141509 -0.003263354 -2.95445e-4 -0.01154482 -9.06631e-4 -2.66746e-4 -0.01196354 -0.002142846 -2.60785e-4 -0.009457826 6.08273e-5 -2.32563e-4 -0.009698092 -0.009697973 -3.45037e-4 -0.00726521 -0.009657025 -3.32162e-4 -0.005923807 -0.01016598 -3.50759e-4 -0.007184624 -0.01018911 -3.39464e-4 -0.005920648 -0.01170843 -3.73081e-4 -0.007291615 -0.0106675 -3.43934e-4 -0.005687713 -0.01219803 -3.79011e-4 -0.007201313 -0.01099818 -3.44679e-4 -0.005270779 -0.01249277 -3.81157e-4 -0.006992876 -0.01161998 -3.38867e-4 -0.00370413 -0.01311862 -3.4599e-4 -0.002222955 -0.01201999 -3.29361e-4 -0.002066791 -0.005542218 -3.18632e-4 -0.01063966 -0.004234552 -2.82958e-4 -0.008723437 -0.007589519 -3.34516e-4 -0.009290158 -0.006104946 -2.97859e-4 -0.007533311 -0.007656335 -3.04744e-4 -0.005949616 -0.009319841 -3.42474e-4 -0.007552683 -0.01286023 -3.39315e-4 -0.001886546 -0.0129711 -3.41192e-4 -0.001924097 -0.01305913 -3.43129e-4 -0.002001225 -3.24897e-4 -2.58431e-4 -0.01193338 7.75636e-4 -2.42159e-4 -0.01181954 0.002261459 -1.99691e-4 -0.00943166 -0.007880687 -3.06025e-4 -0.005751967 -0.008161902 -3.08976e-4 -0.00565046 -0.00846076 -3.13178e-4 -0.005659282 -0.01208251 -3.28943e-4 -0.001928925 -0.0122044 -3.29808e-4 -0.001839101 -0.01235461 -3.31715e-4 -0.001820206 -0.01311093 -3.44798e-4 -0.00210613 0.0357986 3.21433e-4 -0.003151953 0.03529477 3.28913e-4 -0.001581788 0.0354228 3.13654e-4 -0.003436267 0.03397899 2.857e-4 -0.004305958 0.01835548 5.92319e-5 -0.005455136 0.02207833 1.3794e-4 -0.002490758 0.01578009 1.70617e-5 -0.006172358 0.008196711 -8.20907e-5 -0.005560338 0.03885006 3.97727e-4 5.59978e-4 0.03793394 3.988e-4 0.002053797 0.03681111 3.65272e-4 9.31542e-5 0.03649622 3.36662e-4 -0.002546131 0.03715449 3.5198e-4 -0.001868546 0.03833562 3.82587e-4 -3.14482e-4 0.02663528 1.7403e-4 -0.005414247 0.02847021 1.98439e-4 -0.005516588 0.02915799 2.20015e-4 -0.004203677 0.02951574 2.13221e-4 -0.005481064 0.03057157 2.28897e-4 -0.005363404 0.02056556 9.3147e-5 -0.005089879 0.02097934 9.91969e-5 -0.005054414 0.02238988 1.42291e-4 -0.002484023 0.0226804 1.45271e-4 -0.002596914 0.03929704 4.1236e-4 0.001480817 0.03945618 4.18082e-4 0.001862525 0.03929698 4.19214e-4 0.002225816 0.009284436 -9.88694e-5 -0.009021222 0.01267296 -3.68805e-5 -0.007370948 0.01417624 -1.03863e-5 -0.006747663 0.03897154 4.16979e-4 0.002472817 0.03856658 4.11883e-4 0.002526819 0.0381878 4.05237e-4 0.002373874 0.003065764 -2.06545e-4 -0.01138645 0.004499316 -1.8315e-4 -0.01099699 0.004344105 -1.63928e-4 -0.008672475 0.005852103 -1.60322e-4 -0.01054579 0.006199896 -1.27152e-4 -0.007460236 0.007637619 -1.2891e-4 -0.009812951 0.007731974 -9.12698e-5 -0.005858182 0.007937788 -8.66802e-5 -0.005667924 0.03831988 0.009428262 0.004689514 0.03972339 0.007831692 0.004491567 0.03812491 0.009416639 0.003718733 0.03950065 0.00781846 0.003386139 0.03783679 0.009404003 0.002775073 0.03917181 0.007803976 0.002311289 0.03746348 0.009390532 0.001867294 0.03874593 0.007788598 0.001276969 0.03701293 0.009376347 0.001004159 0.0382322 0.007772505 2.93318e-4 0.03649324 0.009361743 1.94404e-4 0.03763955 0.007755815 -6.2963e-4 0.03591221 0.009346842 -5.5321e-4 0.03697723 0.007738888 -0.001481771 0.03527796 0.009331822 -0.001229882 0.03625434 0.0077219 -0.002253115 0.03459841 0.00931698 -0.001826941 0.03547984 0.007705092 -0.002933502 0.02071118 0.009111702 -0.003283262 0.02164006 0.009124875 -0.003247857 0.02072048 0.008927166 -0.003458142 0.02274954 0.009140014 -0.003267526 0.02073884 0.008705556 -0.003656327 0.02817398 0.009210228 -0.00378102 0.02821391 0.00880438 -0.004136979 0.02643895 0.009187459 -0.003648281 0.02645891 0.008781313 -0.004010081 0.0246461 0.00916469 -0.003431022 0.02465993 0.008758485 -0.003795504 0.02276915 0.008733868 -0.003631532 0.01248967 0.008571267 -0.005892634 0.01203674 0.00856322 -0.006086766 0.01189315 0.008967101 -0.005756676 0.01960897 0.008688807 -0.003785669 0.01620382 0.00904107 -0.004190444 0.0173273 0.009059429 -0.003883779 0.01628947 0.008636116 -0.004535138 0.01778262 0.0090667 -0.003773212 0.01965826 0.008904278 -0.003587365 0.01854872 0.008672475 -0.003971874 0.01842522 0.008874654 -0.003813743 0.01226162 0.008973658 -0.005599975 0.01264983 0.008980453 -0.005440354 0.01407939 0.008598923 -0.005266547 0.01387029 0.009001672 -0.004966139 0.01403117 0.009004473 -0.004907011 0.01552206 0.009029746 -0.004398465 0.0197339 0.009097099 -0.003401279 0.01967972 0.009096264 -0.003409326 0.01311224 0.009176731 0.01522386 0.01206701 0.008761346 0.01541197 0.01407647 0.009191691 0.01539897 0.0157997 0.008819341 0.01610875 0.01587074 0.009219765 0.01575654 0.01211392 0.009161412 0.01505666 0.01012688 0.009131371 0.01477199 0.01010197 0.008731603 0.01513046 0.007961034 0.008700013 0.01491165 0.008909225 0.009113252 0.01463353 0.007989048 0.009099781 0.01454871 0.01884096 0.009266912 0.01641935 0.01878321 0.008866667 0.01677322 0.02020531 0.00928843 0.01670724 0.02015739 0.008888304 0.01706248 0.02181667 0.009313344 0.01699548 0.02178663 0.008913397 0.01735258 0.01813727 0.009255707 0.01626133 0.01741683 0.009244263 0.01609802 0.01658236 0.00923103 0.01591122 0.03642791 0.009472608 0.01235872 0.03759759 0.007882595 0.01318842 0.03698182 0.00947231 0.01149368 0.03821974 0.007882177 0.01221346 0.03744924 0.009470403 0.01058381 0.03874546 0.007879972 0.01118546 0.03782802 0.009466946 0.00963819 0.03917193 0.007875978 0.0101149 0.03811615 0.009461998 0.008665859 0.0394966 0.007870256 0.009012341 0.03831148 0.009455621 0.007675766 0.03971678 0.007862925 0.007888197 0.03841191 0.009447813 0.006677031 0.03982973 0.007854044 0.006753027 0.03841543 0.009438693 0.005678594 0.03983283 0.007843613 0.00561732 -1.70707e-4 0.008982956 0.01410913 -2.29134e-4 0.008582532 0.01446282 0.001954019 0.00901401 0.01429283 0.001914918 0.008613944 0.0146501 0.003985106 0.009042859 0.01438057 0.003955662 0.008643031 0.01473951 0.005979001 0.009070992 0.01444363 0.007086753 0.009086787 0.01449298 0.008458435 0.008904337 -0.007419943 0.008601784 0.008500516 -0.007747232 0.006866455 0.00887525 -0.008196115 0.006999015 0.00847119 -0.008526802 0.005195319 0.008845627 -0.008901238 0.00530529 0.00844115 -0.009238064 0.009263813 0.008919239 -0.007013201 0.01009619 0.008934557 -0.006598353 0.0110656 0.0089522 -0.006133198 0.02846562 0.009214222 -0.003785312 0.02833372 0.007586836 -0.005205035 0.03394961 0.009303689 -0.002293527 0.03474086 0.007690131 -0.003465056 0.03327339 0.009290695 -0.002690494 0.03397214 0.007675528 -0.003917634 0.03184443 0.009265482 -0.003290116 0.03235834 0.007647275 -0.004604041 0.03154736 0.009260535 -0.003380477 0.03202539 0.007641792 -0.00470829 0.03025925 0.00924015 -0.003658771 0.03059428 0.007619321 -0.005034685 0.0298838 0.009234547 -0.003708481 0.03018164 0.007613122 -0.005095303 0.02864491 0.007591128 -0.005204141 0.03688281 0.007881164 0.01410079 0.03602403 0.009471952 0.01289135 0.03608405 0.007877945 0.01494503 0.0296446 0.00942111 0.01695108 0.03007936 0.007826805 0.01832008 0.03056067 0.009431242 0.01667791 0.03117525 0.007838666 0.01798188 0.03145414 0.009440422 0.01633185 0.03224623 0.007849276 0.01754784 0.03232181 0.009448528 0.01591491 0.03328245 0.007858633 0.01702249 0.0331543 0.009455621 0.01543188 0.03427404 0.007866621 0.01641047 0.03395491 0.009461581 0.01487922 0.0352112 0.007873058 0.01571643 0.03470659 0.00946635 0.01426631 0.03539556 0.009469807 0.01360464 0.02896857 0.00781387 0.01856046 0.02839881 0.009406149 0.01720052 0.0287249 0.00781089 0.01860076 0.02424132 0.009349584 0.0172947 0.02785372 0.007800102 0.01871216 0.02759343 0.009395897 0.01729786 0.02660328 0.00778383 0.01879173 0.02643215 0.009380459 0.01736402 0.02565592 0.007771015 0.01879698 0.02554839 0.0093683 0.01736366 0.02426135 0.007751464 0.01873046 0.02357417 0.00774151 0.01866924 0.02169656 0.007713735 0.01842385 -0.01549416 0.00705713 0.003255665 -0.01415944 0.008687674 0.003009021 -0.01573407 0.007041633 0.001963853 -0.01438015 0.008674144 0.001869559 -0.01586967 0.007027626 6.86787e-4 -0.01450902 0.008662045 7.49088e-4 -0.0159142 0.007015168 -5.55635e-4 -0.01454663 0.008642077 -0.001367211 -0.01413029 0.008617877 -0.00462526 -0.01523238 0.006977438 -0.005549073 -0.01438337 0.008627474 -0.003203928 -0.01563316 0.006987452 -0.003875255 -0.01588082 0.00700432 -0.001743376 -0.009848058 0.007218122 0.01220697 -0.008998513 0.008832931 0.01105451 -0.01086539 0.007196187 0.01135677 -0.009933114 0.008812904 0.01028037 -0.01094228 0.007194459 0.01128512 -0.01000362 0.008811295 0.01021528 -0.01180517 0.007174313 0.01040118 -0.01073974 0.008794307 0.009472668 -0.01079422 0.008792996 0.009412825 -0.0124883 0.007157325 0.009581983 -0.01141893 0.008777558 0.008671104 -0.01266157 0.007152855 0.009354531 -0.01157718 0.008773505 0.008465528 -0.01342892 0.007131874 0.008231103 -0.0120505 0.008760809 0.007800936 -0.01380109 0.007120966 0.007603168 -0.01261675 0.008744597 0.006887137 -0.01410156 0.007111668 0.007045149 -0.01289045 0.008736193 0.006386041 -0.01467376 0.007092356 0.005811095 -0.01388591 0.008700489 0.003996431 -0.01519459 0.007071733 0.004369378 -0.01383602 0.008702635 0.004150927 -0.01513987 0.007074117 0.004543125 -0.01353639 0.008714318 0.004976511 -0.01311188 0.0087291 0.00594443 0.01860994 0.007666051 0.01783496 0.01561772 0.007618606 0.01716786 0.02651882 0.007562935 -0.005095541 0.02470147 0.007539749 -0.004889011 0.02282798 0.00751543 -0.00472337 0.02084487 0.007487952 -0.004736602 -0.002772629 0.007344484 0.01514852 -4.04402e-4 0.0073812 0.01552385 -0.007387876 0.008864462 0.01206904 -0.006429493 0.007283329 0.01408898 -0.005636394 0.008895933 0.01285642 -0.006211578 0.007287204 0.01417362 -0.004709959 0.008911669 0.01317703 -0.005216836 0.00730437 0.01452094 -0.00362569 0.008929491 0.01348596 -0.004057168 0.007323741 0.01485449 -0.002418458 0.008948683 0.01375931 -0.001358449 0.008965075 0.01394736 -0.008211433 0.008848726 0.01159322 -0.008760273 0.007240116 0.01294142 -0.007615685 0.007261872 0.01356559 0.01192629 0.007561206 0.01647776 0.009904563 0.00753057 0.01619082 0.007867753 0.007500469 0.0159865 0.01243269 0.00735116 -0.007076621 0.01441413 0.00738573 -0.006275534 0.01654642 0.007421374 -0.005569159 0.01872491 0.007456183 -0.005031466 0.001797616 0.007413804 0.01572191 0.003867208 0.007443487 0.01581633 0.009031891 0.007289052 -0.008729159 0.007396697 0.007259011 -0.00951898 0.00563538 0.007227599 -0.01024866 -0.002436161 0.007101714 -0.01162481 -0.002180099 0.008731603 -0.01022392 -0.001595079 0.007112979 -0.01166957 -0.001427233 0.008741676 -0.01025575 4.15087e-4 0.007142186 -0.01154857 0.003360569 0.008814752 -0.00950545 -4.45998e-4 0.008755564 -0.01021832 3.87073e-4 0.008767902 -0.01013129 0.001572608 0.007160067 -0.01136958 0.001440525 0.008783996 -0.009961664 0.002870142 0.007180929 -0.011092 0.002629041 0.008802831 -0.009700417 0.003664016 0.007193982 -0.010885 0.004291296 0.007204532 -0.01070183 -0.006703436 0.007058143 -0.01001596 -0.007617354 0.007051706 -0.009306728 -0.00681734 0.008686959 -0.008104741 -0.005955338 0.008692383 -0.008809745 -0.005459785 0.008696198 -0.009143292 -0.005448698 0.007068455 -0.01076388 -0.004916012 0.008700847 -0.009451031 -0.00293231 0.008722126 -0.01012367 -0.003281295 0.007091224 -0.01150155 -0.003624498 0.00871402 -0.009961545 -0.004062533 0.007082343 -0.0113095 -0.004320025 0.008706629 -0.009722828 -0.004850149 0.008701503 -0.009484291 0.03992575 0.005843281 0.004482448 0.04008811 0.00345081 0.004484176 0.03969943 0.005829811 0.003360271 0.03985905 0.003437221 0.003349602 0.03936529 0.005815148 0.00226891 0.03952103 0.003422439 0.002246081 0.03893268 0.005799531 0.001218676 0.03908348 0.003406643 0.001184105 0.03841084 0.00578314 2.19792e-4 0.03855568 0.003390073 1.73926e-4 0.03780901 0.005766212 -7.17596e-4 0.03794699 0.003372907 -7.74131e-4 0.03713637 0.005748987 -0.001583218 0.03726673 0.003355503 -0.001649677 0.03640222 0.005731701 -0.0023669 0.03652423 0.003337979 -0.002442479 0.03561574 0.005714535 -0.003058373 0.03572893 0.003320574 -0.003142178 0.03758829 0.009419143 0.004796564 0.0373519 0.009405553 0.003668844 0.03714799 0.009396731 0.003017127 0.03644007 0.009372711 0.001469194 0.03638356 0.009371042 0.001371622 0.03589558 0.009357392 6.2282e-4 0.03534907 0.009343504 -6.55804e-5 0.03500986 0.009335458 -4.34392e-4 0.034123 0.009315788 -0.001240313 0.03206598 0.009275853 -0.002494037 0.03277778 0.009288966 -0.002139508 0.03315114 0.009296119 -0.001922428 0.02978384 0.009237945 -0.003185808 0.0309807 0.009257078 -0.002901434 0.03132891 0.009262979 -0.002787113 0.02863496 0.009220957 -0.003309905 0.02816408 0.009214341 -0.003320217 0.02626127 0.009189844 -0.003122091 0.02485936 0.009173572 -0.002789676 0.02400875 0.009165823 -0.002349793 0.02311086 0.009151875 -0.002520024 0.02337068 0.009160161 -0.002006113 0.02219957 0.009141206 -0.002307116 0.02264338 0.009154498 -0.00153172 0.02201896 0.009150385 -0.00104165 0.02122044 0.009130954 -0.001951098 0.02182751 0.009149253 -8.73506e-4 0.02076548 0.009144961 2.54929e-4 0.0210095 0.009138107 -8.5783e-4 0.02051872 0.009121954 -0.001878499 0.02132588 0.009146809 -3.86261e-4 0.01956212 0.009146273 0.002206623 0.02041697 0.009144425 7.20225e-4 0.02074062 0.009144902 2.86217e-4 0.0108121 0.009045898 0.004442811 0.009695053 0.009026885 0.004055976 0.009225249 0.009043514 0.006572008 0.01145976 0.008972823 -0.004480302 0.01291984 0.009033739 -4.84888e-5 0.01240849 0.00906676 0.004313766 0.01294445 0.009071111 0.003982543 0.01328694 0.009074747 0.00386244 0.01381963 0.009081423 0.003786742 0.01518654 0.009070992 5.93509e-4 0.0115745 0.00907123 0.006054401 0.01160866 0.009068369 0.005690336 0.01179945 0.009065508 0.005093812 0.01193058 0.009064555 0.004793047 0.01193225 0.009065151 0.004854083 0.01314157 0.009131133 0.01021707 0.01312798 0.009113013 0.00826162 0.01304304 0.009111523 0.008230626 0.01228612 0.009096682 0.007749855 0.01098489 0.009096622 0.009703755 0.01264184 0.009104132 0.00802809 0.01228272 0.009096562 0.007746636 0.01199221 0.009089469 0.00740832 0.01177263 0.009082853 0.007020592 0.01177072 0.009082794 0.007016301 0.01162946 0.009076893 0.006587147 0.01157492 0.009072065 0.006141066 0.01480585 0.009135484 0.008188605 0.01410806 0.009127557 0.008373975 0.01420855 0.009147822 0.01042371 0.01347935 0.009118676 0.008351862 0.0160799 0.009139776 0.006736516 0.01601922 0.009140551 0.006914854 0.01527345 0.009163975 0.01058113 0.01613992 0.009138226 0.006479322 0.0163933 0.00913608 0.005860984 0.01750242 0.009153008 0.00603491 0.01581704 0.009141445 0.007316231 0.01560354 0.009141147 0.007601797 0.01504403 0.00913769 0.008065938 0.01426881 0.00908792 0.00382018 0.01479643 0.009096682 0.003979086 0.01559066 0.009112954 0.004555284 0.01580452 0.009118497 0.004835784 0.01745349 0.00910747 0.001157522 0.01597684 0.009123802 0.005154311 0.01615011 0.009131729 0.005756139 0.017973 0.009092748 -0.001223444 0.01907634 0.009110927 -9.04419e-4 0.01855325 0.00912553 0.001466393 0.01938819 0.009103894 -0.002141594 0.01510626 0.009102463 0.004143893 0.01178282 0.009015619 -3.10902e-4 0.01343899 0.00901854 -0.00248444 0.01231604 0.009000539 -0.002755999 0.0137028 0.00901097 -0.003706693 0.01256328 0.008992075 -0.004050135 0.009919703 0.009078204 0.009300827 0.00947535 0.009095728 0.01187789 0.009207069 0.009104549 0.01323693 0.01869904 0.009167313 0.005793094 0.01635026 0.009179234 0.01062196 0.01754224 0.009192943 0.01032567 0.01570916 0.009192407 0.0130217 0.01685935 0.009206771 0.01285767 0.01618683 0.009217262 0.01500856 0.01437968 0.009184777 0.01418894 0.01468127 0.009177803 0.01298117 0.01930338 0.009148359 0.002825081 0.01874816 0.009161949 0.005140781 0.01030629 0.009006559 9.20519e-4 0.01082253 0.008990645 -0.001586258 0.01130348 0.008976399 -0.003856956 0.008186995 0.009082973 0.01242637 0.008103549 0.009087264 0.01301497 0.01941525 0.009214162 0.009818255 0.01912498 0.009209334 0.009724438 0.01870554 0.009220302 0.01155418 0.01878625 0.00918436 0.007521688 0.01987951 0.009229421 0.0107811 0.0182904 0.009230375 0.01327294 0.02032583 0.009242296 0.01150834 0.01923269 0.009207308 0.009342074 0.0183292 0.009201228 0.01004195 0.01776534 0.009213447 0.01221626 0.0174508 0.009219229 0.01331865 0.01709252 0.009223997 0.01438164 0.01676982 0.009222567 0.01470893 0.01835727 0.009248435 0.01513403 0.02059555 0.009249508 0.01188617 0.02333498 0.009309947 0.01434487 0.02225309 0.009288132 0.01359552 0.02148771 0.009290635 0.01501905 0.02169799 0.009276032 0.01311475 0.0203284 0.009271502 0.01468378 0.02136385 0.009268403 0.01278609 0.01978737 0.009262084 0.01447051 0.02103161 0.009260475 0.01242452 0.02069252 0.009252011 0.01201295 0.01890194 0.009243011 0.01372927 0.0192874 0.009252548 0.0141834 0.01780146 0.009237468 0.01478171 0.01720941 0.009234428 0.0153383 0.0242837 0.00932759 0.01483887 0.02600282 0.009356737 0.01542389 0.02655971 0.009365499 0.01553809 0.02768296 0.009382188 0.01566541 0.02893823 0.009399354 0.01564931 0.02946442 0.009406089 0.01559287 0.0345031 0.009454429 0.01327675 0.03376126 0.00944966 0.01387292 0.03340774 0.009447038 0.014117 0.03212493 0.009435832 0.0148251 0.03126972 0.00942713 0.01516544 0.03036314 0.009416997 0.01542675 0.03578925 0.009459376 0.01187837 0.03521788 0.009457826 0.01256972 0.03518187 0.009457707 0.01260912 0.03713077 0.009455025 0.009387552 0.03676819 0.009458005 0.01025897 0.03658646 0.009458839 0.01062095 0.03758704 0.009444594 0.00756824 0.03742748 0.009449958 0.008393108 0.03740441 0.009450554 0.008487224 0.03768807 0.009431838 0.006026148 0.03840267 0.005894362 0.01231938 0.03777199 0.00589478 0.01330858 0.03791362 0.003502845 0.01340585 0.04020094 0.003463029 0.005639553 0.04003715 0.005855321 0.005625247 0.04019832 0.003473699 0.006805002 0.04003435 0.005865871 0.006778061 0.04008299 0.003482818 0.007969737 0.03992003 0.005874931 0.007930219 0.04002767 0.003485202 0.008312761 0.03969699 0.005882322 0.009071111 0.03936791 0.005888104 0.01019001 0.03953003 0.00349605 0.01024061 0.0398578 0.003490328 0.009122967 0.03893554 0.005892157 0.0112763 0.03916358 0.003499686 0.01118344 0.03952544 0.00349611 0.01025396 0.03855061 0.003502428 0.01240617 0.03872239 0.003501951 0.01209545 0.03908878 0.003500163 0.011352 0.004801511 0.00884658 -0.008205711 0.002668142 0.008808314 -0.009162127 0.001373529 0.008787691 -0.009462594 3.2241e-4 0.008772134 -0.009570598 -4.19728e-4 0.008761882 -0.009576261 -0.002010107 0.008741557 -0.009391188 -0.002051293 0.00874108 -0.009382784 -0.003325939 0.008726775 -0.009023964 -0.004394888 0.008716225 -0.008565187 -0.004303753 0.00871706 -0.008610486 -0.004868566 0.008711993 -0.008309543 -0.005317509 0.008708357 -0.008033633 -0.006134331 0.008702576 -0.007435441 -0.006293535 0.008701562 -0.007302343 -0.006822407 0.008698761 -0.00681442 -0.00753951 0.008683383 -0.007411301 -0.008184373 0.008680164 -0.006787896 -0.007379353 0.008696615 -0.006210029 -0.008820533 0.008675992 -0.006288826 -0.007835388 0.008695721 -0.005625188 -0.009516656 0.008669316 -0.005968332 -0.008180677 0.008695662 -0.005110025 -0.007895588 0.008695662 -0.00554043 -0.01301926 0.00861895 -0.006183683 -0.01319706 0.008616507 -0.00617969 -0.01036119 0.008663475 -0.005331814 -0.008483886 0.008697092 -0.00449723 -0.008449018 0.008696913 -0.004567623 -0.009563505 0.008680403 -0.00468862 -0.01031649 0.008659243 -0.0058586 -0.008711814 0.008698165 -0.004036486 -0.009077727 0.00870037 -0.003247916 -0.009009122 0.008699595 -0.003435492 -0.01162815 0.008658707 -0.00394541 -0.01391053 0.008613526 -0.005430996 -0.01116353 0.008647143 -0.005903661 -0.01267677 0.008624017 -0.006146728 -0.01331371 0.008615076 -0.006159365 -0.0135523 0.008612871 -0.006038606 -0.008806526 0.008697986 -0.003917396 -0.008880198 0.008698999 -0.003696203 -0.008893907 0.008699059 -0.003668427 -0.01387071 0.008613109 -0.00553745 -0.01365143 0.008612453 -0.005937874 -0.009364783 0.008705377 -0.002273321 -0.00956434 0.008713185 -0.001119852 -0.009575307 0.00871402 -0.001014828 -0.009608089 0.008726775 4.22772e-4 -0.009537398 0.008734703 0.001180529 -0.009402334 0.008743643 0.001948237 -0.009526252 0.008735597 0.001260995 -0.009199976 0.008753538 0.002718031 -0.008897304 0.008765399 0.003557562 -0.008588731 0.00877583 0.004227221 -0.008182883 0.008788049 0.004945874 -0.007716953 0.008800745 0.005625486 -0.007714927 0.008800804 0.005628228 -0.007190704 0.008813858 0.006265759 -0.006615579 0.008827209 0.006853103 -0.006059408 0.008839309 0.007334828 -0.005996227 0.00884068 0.007385015 -0.005336761 0.00885415 0.007859587 -0.004638671 0.008867621 0.008276402 -0.004028856 0.008878827 0.008578181 -0.003144085 0.008894264 0.008925139 -0.001752793 0.008916676 0.009277403 -3.3959e-5 0.008941769 0.009417772 0.005575656 0.009033679 0.01098549 0.004870951 0.009027481 0.01137018 0.005421876 0.009049057 0.01289427 6.25671e-4 0.008950591 0.009388625 0.001651108 0.008985579 0.01165598 0.003303349 0.009008169 0.0116285 0.002653717 0.008975088 0.009003102 0.00137943 0.008960187 0.009298563 0.002957165 0.008978366 0.008904755 0.004100382 0.009018421 0.0115472 0.00323683 0.008981287 0.008803963 0.003816604 0.008987069 0.008562505 0.004424691 0.008992671 0.008258581 0.006288051 0.009037435 0.01032501 0.005074739 0.008998095 0.00786966 0.004540681 0.009037613 0.01297461 0.003643751 0.009025514 0.01300269 0.005700051 0.009060025 0.0136674 0.006661117 0.009072303 0.01355922 0.006272792 0.009058713 0.01266229 0.006453335 0.009042859 0.01066941 0.007330358 0.009072661 0.01258856 0.007625579 0.009083688 0.01334547 0.0100587 0.008971333 -0.00253576 0.009670674 0.008985221 -4.42475e-4 0.01013803 0.008991301 -4.86222e-4 0.01106834 0.008963108 -0.004951894 0.01028746 0.008957684 -0.004370391 0.01027196 0.008964836 -0.003567576 0.007999956 0.009065985 0.01086038 0.007791578 0.009074985 0.012151 0.006887793 0.009033679 0.009014844 0.008273899 0.009010076 0.004360258 0.006905317 0.009009063 0.006309032 0.007316589 0.009023189 0.007230341 0.005794227 0.009003281 0.007349729 0.005095124 0.008998274 0.007856309 0.009047091 0.008957147 -0.002563416 0.009149253 0.008962333 -0.002148866 0.009371101 0.008981406 -4.09723e-4 0.008071005 0.009040951 0.008023262 0.007635653 0.009055078 0.01022046 0.007430195 0.009062588 0.01134258 0.01148527 0.008965432 -0.005324125 0.01087552 0.008969366 -0.003978908 0.01060622 0.008976399 -0.002810239 0.009039342 0.00895673 -0.002591788 0.01022237 0.008957147 -0.004326522 0.008767306 0.008945286 -0.003430187 0.008880734 0.009012818 0.003749787 0.009375512 0.008983075 -2.34507e-4 0.009114921 0.009001195 0.002132415 0.01030552 0.008946239 -0.005642414 0.006103932 0.008873343 -0.007256507 0.006213605 0.008873581 -0.007391452 0.004838585 0.008847296 -0.008183121 0.009600996 0.008940815 -0.005168139 0.00799328 0.008920013 -0.005019068 0.00812751 0.008923947 -0.004791378 0.008372247 0.008931517 -0.004333972 0.008988857 0.008926928 -0.005762517 0.008311033 0.008913278 -0.006229639 0.007583558 0.008908629 -0.00563699 0.007620334 0.008899927 -0.006644606 0.007139921 0.008897304 -0.006205677 0.006697297 0.008886694 -0.006695032 0.009541273 0.008930742 -0.006178855 -0.01421809 0.006976723 -0.00728929 -0.01390397 0.007000923 -0.007441759 -0.01353806 0.007070422 -0.007480025 -0.01338255 0.007104456 -0.007469475 -0.0129612 0.00714612 -0.007440567 -0.01483851 0.006974279 -0.006522059 -0.01448941 0.006974816 -0.007040023 -0.01436793 0.006975531 -0.007165372 0.0303024 0.003225207 -0.005374491 0.02842432 0.003198206 -0.005494654 0.02837848 0.005593955 -0.005376398 0.03052049 0.003228485 -0.005343258 0.03024375 0.005620598 -0.005260705 0.03211027 0.005649864 -0.004864454 0.03302592 0.005665302 -0.004547715 0.03230094 0.003256797 -0.004936277 0.03218573 0.00325489 -0.004971444 0.03392022 0.005681276 -0.004144728 0.03391629 0.00328499 -0.004291236 0.03311067 0.003270626 -0.004650175 0.03478586 0.005697727 -0.003650069 0.03488975 0.003303468 -0.003741025 0.03401452 0.003286838 -0.004241883 0.03718197 0.003501355 0.01434129 0.0370475 0.005893349 0.01423418 0.03636449 0.003498017 0.01520669 0.03623801 0.005890071 0.01509058 0.03547155 0.003492951 0.01599752 0.03535354 0.005885064 0.01587319 0.0351324 0.003490746 0.0162639 0.03440421 0.005878448 0.0165773 0.03015917 0.005837917 0.01851606 0.03023093 0.003445208 0.01866936 0.03126752 0.005850017 0.01817226 0.0313484 0.003457427 0.01832145 0.03235113 0.005860805 0.01773148 0.03244143 0.003468394 0.01787567 0.03340011 0.005870342 0.01719826 0.03349977 0.00347805 0.01733666 0.03451323 0.003486275 0.01670902 -0.01464974 0.004369258 -0.007103681 -0.01442527 0.006145417 -0.007196068 -0.01540076 0.00259006 -0.005700945 -0.01508426 0.002587199 -0.006492078 -0.01474857 0.002586662 -0.007060289 0.02359223 0.005751252 0.01887929 0.02170109 0.005723059 0.01863437 0.02171719 0.003329038 0.01879847 0.02909928 0.003431856 0.0189175 0.0290364 0.005824804 0.01876085 0.0281831 0.003420472 0.01905125 0.02791017 0.005810737 0.01891601 0.02361834 0.00335747 0.01904302 0.0257306 0.003387749 0.01916754 0.02569156 0.005781173 0.01900517 0.02612185 0.003393173 0.01916974 0.02796459 0.00341767 0.01907521 0.03026121 0.001996397 0.01871746 0.03342598 0.002028405 0.01744294 0.03247672 0.002019643 0.01792132 0.0314998 0.002009868 0.0183252 0.03517407 0.002042055 0.01630502 0.03668367 0.002050638 0.01497161 0.03735381 0.002053081 0.01422971 0.03796237 0.002054214 0.01343911 -0.01563847 0.005064487 0.003305792 -0.01573234 0.002669036 0.00335133 -0.01607573 0.002643883 0.00114417 -0.01597428 0.002653479 0.002027988 -0.01614254 0.002623081 -0.001014411 -0.01614886 0.002627193 -5.56536e-4 -0.01610869 0.002639532 7.18575e-4 -0.01583677 0.002600014 -0.003971219 -0.01596254 0.002605378 -0.003201067 -0.01610809 0.002616465 -0.001776814 0.02655357 0.005569756 -0.00527054 0.02659195 0.003173887 -0.005391418 0.02473324 0.00554651 -0.0050655 0.02476954 0.003150582 -0.005187451 0.02286309 0.005522251 -0.004899621 0.02290177 0.003126323 -0.005021393 0.02088862 0.005494892 -0.004911184 0.02093368 0.003099024 -0.005031704 0.03577011 0.001871407 -0.00315684 0.03539472 0.001863658 -0.003440916 0.03395223 0.001835703 -0.004309654 0.03233247 0.001807391 -0.00495696 0.03054773 0.001779019 -0.005365729 0.02949261 0.001763343 -0.00548315 0.02844768 0.001748621 -0.005518436 0.01883602 0.003067433 -0.005321681 0.01878148 0.005463182 -0.005203187 0.01830554 0.003059089 -0.00543332 0.01661777 0.005428493 -0.005737543 0.01668322 0.003032803 -0.005853533 0.0145756 0.002997279 -0.006554424 0.0144996 0.005392909 -0.006440758 0.01261347 0.002962887 -0.007351279 0.01252931 0.005358457 -0.007239401 0.00913465 0.005296409 -0.008890807 0.009223341 0.002900838 -0.009001851 0.007493674 0.005266368 -0.009681582 0.007578074 0.002870798 -0.009793281 0.005720257 0.005234956 -0.01041287 0.005795717 0.002839386 -0.01052576 0.02054291 0.001643359 -0.005091547 0.01833194 0.001609444 -0.005457043 0.01575541 0.001567244 -0.006174564 0.01415091 0.001539826 -0.006749987 0.01264703 0.001513302 -0.007373392 -0.007655262 0.006195545 -0.009370148 -0.007921159 0.006132423 -0.009146273 -0.008023083 0.006116449 -0.009057044 -0.008382558 0.006123363 -0.008727014 -0.008422076 0.0061329 -0.008689224 -0.008685111 0.006267368 -0.008430361 -0.00892508 0.006548821 -0.008183479 -0.008938312 0.007042288 -0.008116364 -0.008955836 0.006600141 -0.008151173 -0.009153902 0.0070405 -0.007939696 -0.005970835 0.006659626 -0.01052403 -0.006584167 0.006534755 -0.01015275 -0.006746113 0.006488382 -0.01004582 -0.005391895 0.006680488 -0.01082909 -0.004800975 0.006585359 -0.0110988 -0.004359483 0.006431579 -0.01127457 -0.003770351 0.006110787 -0.01147705 -0.003417849 0.005852103 -0.01158142 -0.002444386 0.005108654 -0.01178812 -0.002444684 0.004822075 -0.01180714 -0.002841651 0.005307018 -0.01172596 0.003730714 0.005201339 -0.01105105 -0.001941263 0.004024624 -0.01188862 -0.001492321 0.005121409 -0.01183593 -0.001527965 0.00313276 -0.01193726 -4.86872e-4 0.005135655 -0.01180446 -0.00138241 0.002726912 -0.01195013 -4.60557e-4 0.002739965 -0.0119192 0.001661777 0.002771794 -0.01165199 0.001616597 0.005167365 -0.01153689 0.003016173 0.002793192 -0.01136577 0.003792762 0.002805769 -0.01116532 -0.001273989 0.002369642 -0.01195806 -9.25689e-4 2.46957e-4 -0.01196736 0.004474937 0.001367032 -0.01099926 0.00304228 0.001343607 -0.01138865 7.5385e-4 0.001307964 -0.01182168 -3.45796e-4 0.001291751 -0.01193553 -0.001046597 0.001333653 -0.01196873 -0.00788176 0.007697045 -0.005531251 -0.00760895 0.007697463 -0.005900442 -0.007501184 -1.01462e-4 -0.005828738 -0.006172001 -9.58891e-5 -0.00722146 -0.008714437 0.007698774 -0.004092514 -0.008995354 0.007701039 -0.003426373 -0.00944221 0.007709443 -0.001836001 -0.009550511 0.007714629 -0.001110672 -0.009512484 0.00773704 0.001270174 -0.009588539 0.007729172 5.30351e-4 -0.009144425 0.00775671 0.002859175 -0.008883476 0.007766842 0.003566741 -0.008137404 0.007790386 0.005005478 -0.007703125 0.007802128 0.005634665 -0.006630301 0.007827997 0.00683546 -0.006045639 0.007840752 0.007344007 -0.004716932 0.007867276 0.008235156 -0.004015028 0.00788021 0.00858736 -0.002516508 0.00790584 0.009117364 -0.001738965 0.007918119 0.009286582 -1.66162e-4 0.007941126 0.009427249 6.39469e-4 0.007952034 0.009397804 0.002187788 0.007971107 0.009145319 0.002970933 0.00797975 0.008913934 0.004398763 0.007993757 0.008289277 0.005108952 0.007999658 0.007865488 0.00632894 0.008007764 0.00691241 0.006919085 0.008010506 0.006318211 0.007858157 0.008012235 0.005100488 0.008287668 0.00801146 0.004369437 0.008891105 0.00800693 0.002966284 0.009128689 0.008002638 0.002141594 0.009363472 0.007992088 6.42918e-4 0.00938934 0.007984459 -2.25328e-4 0.009245872 0.007968723 -0.001725018 0.009053111 0.007958173 -0.002582609 0.008545517 0.007938206 -0.003990054 0.008141279 0.007925331 -0.004782259 0.00681883 8.92131e-5 -0.006614208 0.007569789 1.07631e-4 -0.005739212 0.007462024 0.007906496 -0.005810916 0.006069362 7.24642e-5 -0.007308244 0.004960119 4.98442e-5 -0.008102297 0.004251778 3.64332e-5 -0.008495509 0.002789735 1.08628e-5 -0.009081304 0.002212107 1.41544e-6 -0.009239017 4.43973e-4 -2.53172e-5 -0.009489715 5.68561e-5 -3.07711e-5 -0.009499907 -0.0019297 -5.64011e-5 -0.0093019 -0.004149973 -8.01237e-5 -0.008545398 -0.002101421 -5.84276e-5 -0.009264588 -0.005981802 -9.47269e-5 -0.007379829 -0.009808003 0.007467925 -0.005800247 -0.00970298 -1.30996e-4 -0.00573039 -0.008611738 0.007486879 -0.005535721 -0.008506715 -1.12012e-4 -0.005465865 -0.01293808 0.003411591 -0.001722693 -0.01288902 -1.37881e-4 -0.001690089 -0.01243245 0.00341922 -0.001656413 -0.0123834 -1.30281e-4 -0.001623749 -0.01437616 -1.60232e-4 -0.001884996 -0.01442515 0.003389239 -0.00191766 -0.01447027 -1.35765e-4 9.18816e-4 -0.01451933 0.003413736 8.86198e-4 -0.01402276 -1.04115e-4 0.003688216 -0.01407182 0.003445386 0.003655612 -0.01305031 -6.65041e-5 0.006319582 -0.01309937 0.003482997 0.006286978 -0.01158928 -2.4304e-5 0.008714318 -0.01163834 0.003525197 0.008681714 -0.009694457 2.08764e-5 0.01078277 -0.009743511 0.003570377 0.01075017 -0.007436752 6.73978e-5 0.01244759 -0.007485747 0.003616869 0.01241499 -0.004900634 1.13442e-4 0.01364636 -0.004949629 0.003662943 0.01361376 -0.002181053 1.57341e-4 0.01433426 -0.002230107 0.003706812 0.01430159 6.20098e-4 1.97455e-4 0.01448547 5.7105e-4 0.003746926 0.01445287 0.003398001 2.32234e-4 0.01409441 0.003348946 0.003781735 0.01406174 0.006048679 2.60427e-4 0.01317566 0.005999624 0.003809928 0.013143 0.008472919 2.80961e-4 0.01176363 0.008387863 0.003830194 0.01175683 0.008423388 0.003863453 0.01173067 0.00871706 0.004022598 0.01163494 0.00866419 2.82809e-4 0.01167958 0.00861299 0.003988623 0.01164555 -0.01391398 0.003346323 -0.007356703 -0.01407361 0.003343164 -0.007461309 -0.01384919 0.003346204 -0.007470965 -0.01263529 0.00336802 -0.006920516 -0.01224988 0.003370463 -0.007235765 -0.01176023 0.003376364 -0.007326066 -0.01218205 0.003422379 -0.001687824 -0.01213252 0.003422856 -0.001710832 -0.01224267 0.00344026 3.48661e-4 -0.01335591 0.003402471 -0.002088725 0.005665838 0.00378704 0.01115494 -0.01379048 0.00334984 -0.007162511 -0.01376706 0.003352284 -0.00693351 -0.01282095 0.003369688 -0.006458461 -0.01336872 0.003400504 -0.002283394 -0.01326954 0.003405272 -0.001913845 -0.01312279 0.003408491 -0.001785278 -0.01188248 0.00346899 0.002934694 -0.01098024 0.003503978 0.005384802 -0.009577274 0.003543615 0.007586717 -0.007737874 0.003586053 0.009439587 -0.005546271 0.003629386 0.01085853 -0.003102838 0.003671586 0.01177847 0.005121886 0.003779172 0.01111918 -5.1961e-4 0.003710746 0.01215732 0.002085149 0.003745079 0.01197779 0.00459212 0.003773033 0.01124799 -0.01187747 0.003623127 -0.002069234 -0.01179385 0.007468223 -0.002782106 -0.01205092 0.003638386 -1.43379e-4 -0.01210409 0.007487893 -1.78755e-4 -0.01204556 0.003642916 3.40566e-4 -0.01184159 0.00751549 0.002429723 -0.01178842 0.003665983 0.002465128 -0.01169127 0.003671169 0.002884209 -0.01101887 0.007549703 0.004918932 -0.01096564 0.003700256 0.004954338 -0.01080381 0.00370562 0.005294144 -0.009675145 0.007588982 0.007169961 -0.009621977 0.003739476 0.007205307 -0.009423851 0.003744602 0.007459998 -0.007874608 0.007631361 0.009075343 -0.00782144 0.003781914 0.009110689 -0.007614612 0.003786325 0.009282469 -0.00570327 0.007674872 0.01054412 -0.005650043 0.003825366 0.01057952 -0.005458891 0.003828942 0.01067811 -0.003264665 0.00771743 0.01150619 -0.003211498 0.003867924 0.0115416 -0.003055572 0.003870487 0.01158297 -6.75312e-4 0.007756948 0.01191568 -5.1467e-4 0.003908991 0.01195567 0.001941204 0.007791638 0.01175296 0.002047419 0.003942787 0.01177901 0.004460096 0.007819712 0.01102584 0.004513263 0.003970265 0.01106119 -0.01082062 -1.41427e-4 -0.00518614 -0.01092565 0.007457494 -0.005255997 -0.01143223 -1.35705e-4 -0.003645241 -0.01168882 -1.30698e-4 -0.002712249 -0.01182568 -1.26347e-4 -0.002034783 0.01522475 0.007946848 0.008671581 0.01620256 0.007952809 0.00784713 0.005048692 0.007826566 0.01088273 -1.64612e-4 0.007743 0.00962907 0.002238929 0.007773578 0.009341239 0.01447027 0.00797379 0.01273494 0.01419198 0.007965922 0.01229858 0.0236364 0.008118927 0.01474612 0.02171909 0.008080065 0.01340138 0.02307921 0.007956266 -0.002112448 0.01512593 0.007897734 0.003473281 0.008045732 0.007717967 -0.005436778 0.01387727 0.007877945 0.003197193 0.01263123 0.007863342 0.003485143 0.01489198 0.007944822 0.008950173 0.01470851 0.007945895 0.009343504 0.01416921 0.007960855 0.01178145 0.02316802 0.007957637 -0.002096951 0.02185148 0.007948279 -0.001136004 0.02028053 0.007942557 6.01168e-4 0.01613432 0.007918894 0.004259765 0.01917171 0.007946193 0.002664208 0.01670634 0.007937312 0.005403578 0.01858973 0.007959008 0.00493288 0.0167306 0.007949352 0.006682276 0.01856839 0.007980227 0.007274866 0.01910901 0.008008658 0.009553611 0.0201801 0.008042573 0.01163625 0.009565651 0.007795035 6.59812e-4 0.00908333 0.007810175 0.003032088 0.01163011 0.007856845 0.004281103 0.008028626 0.007815599 0.005211174 0.0110687 0.007859647 0.005430221 0.006467223 0.007811009 0.007061302 0.01105618 0.00787121 0.006709098 0.004496395 0.007796704 0.008467137 0.01159495 0.00788933 0.007868945 -0.008892893 0.007495522 -0.004175364 -0.008238136 0.007492184 -0.005524635 -0.008104264 0.007493734 -0.00555557 0.00795865 0.007716596 -0.005460202 0.008730471 0.00774002 -0.004070639 0.009445548 0.007771134 -0.001757979 -0.009331881 0.007554709 0.002922713 -0.009785354 0.007526576 5.44872e-4 -0.009635925 0.00750643 -0.001871287 0.01100152 0.007915318 0.01159304 0.0105651 0.00791186 0.01187139 0.0112403 0.007914423 0.01113379 0.01177966 0.007899463 0.00869584 0.01177918 0.007895469 0.008261859 -0.01065009 0.00745809 -0.005603432 -0.0102514 0.007461845 -0.005797564 -0.002564489 0.00770694 0.009312689 -0.004811167 0.007667601 0.008411884 -0.006764829 0.007627487 0.006982684 -0.008303701 0.007589042 0.005114197 0.04012829 0.002451717 0.004489243 0.04022985 0.00246191 0.005440294 0.0402444 0.002464592 0.005714595 0.0402528 0.002471029 0.006399452 0.04023092 0.002475798 0.006954491 0.04011034 0.002484381 0.00806868 0.04006785 0.002486169 0.008326232 0.03985071 0.002492368 0.009324371 0.0394681 0.002498269 0.01054185 0.03900647 0.002501845 0.01163077 0.03902882 6.10575e-4 0.01170116 0.03877329 0.00205338 0.01212501 0.03751599 0.002611219 0.004003047 0.03744584 0.002607762 0.00373131 0.03677791 0.00258249 0.001987397 0.03653401 0.00257492 0.00153172 0.03553742 0.002548038 1.06826e-4 0.03510379 0.002537667 -3.71922e-4 0.03388899 0.002511143 -0.001428663 0.03324508 0.002498328 -0.001859962 0.0319252 0.00247389 -0.00253266 0.03107464 0.002459347 -0.002838969 0.02975666 0.002438306 -0.003143131 0.0287289 0.002423167 -0.003247439 0.02750527 0.002406418 -0.003225684 0.0263552 0.002392053 -0.003059625 0.02376025 0.008164823 -0.002206921 0.02203279 0.008151769 -0.001032471 0.0252977 0.002380073 -0.002775669 0.02410268 0.002368032 -0.002287328 0.02384036 0.002365648 -0.002153635 0.02197974 0.008151471 -9.86826e-4 0.02044123 0.008145809 7.1457e-4 0.01935523 0.008149385 0.002735078 0.01880007 0.008185803 0.007530868 0.01876437 0.008182704 0.007250666 0.01876199 0.008163392 0.00514996 0.01878523 0.008161962 0.00495696 0.0193172 0.008149802 0.00283426 0.01929384 0.008210539 0.009482443 0.01942902 0.008215606 0.009827435 0.02034282 0.008243799 0.01152211 0.02060937 0.008250892 0.01189535 0.0218501 0.008280515 0.01325088 0.02226692 0.008289515 0.0136047 0.02372789 0.008318543 0.01456785 0.02429747 0.008329033 0.01484805 0.0266813 5.67987e-4 0.01561897 0.02789539 5.85988e-4 0.01575064 0.02905976 6.01873e-4 0.01573014 0.03008437 6.14777e-4 0.01559263 0.03139126 6.29648e-4 0.01524633 0.03217869 6.37695e-4 0.0149365 0.03352928 6.49556e-4 0.01419782 0.03406661 6.5349e-4 0.01381725 0.03533947 6.60345e-4 0.0126506 0.03754907 6.52507e-4 0.008473932 0.03683656 6.60822e-4 0.01044982 0.03670805 6.61358e-4 0.01070183 0.03564739 6.61328e-4 0.01229459 0.03757077 6.51941e-4 0.008381426 0.03781068 6.35221e-4 0.006199836 0.03780966 6.34357e-4 0.006106972 0.03754359 6.11499e-4 0.004021406 0.03952634 0.002421975 0.002153873 0.03953886 0.002017498 0.002155423 0.03926509 0.001962244 0.001471281 0.03956955 6.2643e-4 0.002164602 0.04000902 0.002444028 0.003826797 0.03881853 0.001947581 5.51346e-4 0.03830462 0.001932501 -3.22253e-4 0.03712469 0.001901924 -0.001874744 0.03646701 0.001886606 -0.002551674 0.03989291 0.002437829 0.003329455 0.02200746 0.002138793 -0.002313852 0.02239692 0.002144277 -0.002305448 0.02315938 0.002157092 -0.002059161 0.02523756 0.002177476 -0.002963721 0.02324819 0.002158463 -0.002043664 0.03948187 0.002424001 0.002441227 0.03952938 0.002423822 0.002352416 0.03954476 0.002423107 0.002252876 0.03963732 0.002478003 0.008084237 0.03788197 0.002412915 0.003642916 0.03772997 0.002410829 0.003645181 0.03801792 0.002404272 0.002498388 0.03764289 0.002409994 0.003685295 0.03772306 0.002396702 0.002115607 0.03695952 0.002384185 0.001899659 0.03643137 0.002358853 -6.15385e-5 0.03569293 0.002349019 -2.04932e-5 0.03464758 0.002317667 -0.001857697 0.03400975 0.002311348 -0.001588284 0.03247946 0.002275705 -0.00316441 0.03200465 0.002273261 -0.002715528 0.03005808 0.002235472 -0.003902673 0.0297904 0.002236962 -0.003338873 0.02752965 0.002199351 -0.004027903 0.02749162 0.002204418 -0.003423154 0.02504694 0.002169609 -0.003532588 0.02276003 0.002148032 -0.002446532 0.03912419 0.002489328 0.01008671 0.03978371 0.002461075 0.006022274 0.03885263 0.002430737 0.004123449 0.03845793 0.002412199 0.002698242 0.0395289 0.002447903 0.004969477 0.03894031 0.002418577 0.002668321 0.03933507 0.002422928 0.002543568 0.0389958 0.002497792 0.01119983 0.03940773 0.002423584 0.002509415 0.03944039 0.002423822 0.002484917 0.03902065 6.98045e-4 0.01121634 0.03980857 6.61358e-4 0.006038784 0.03966218 6.78286e-4 0.008100748 0.03914904 6.89581e-4 0.01010322 0.03900521 6.95303e-4 0.01094263 0.03896516 6.1886e-4 0.002684831 0.03937697 7.13184e-4 0.002553522 0.03934776 0.002013742 0.002545118 0.03955692 0.002018511 0.002274513 0.03958696 6.90296e-4 0.002263724 0.03947263 7.43463e-4 0.002502202 0.03953146 7.46563e-4 0.002439737 0.03952664 0.002018213 0.002391159 0.03955572 7.40394e-4 0.002398908 0.0395739 7.28056e-4 0.002353012 0.03940457 7.24211e-4 0.002543151 0.03945297 0.002016484 0.002486467 0.03955376 6.48156e-4 0.004986047 0.03887754 6.31019e-4 0.004139959 0.03790688 6.13197e-4 0.003659427 0.03775483 6.11111e-4 0.003661692 0.0376234 6.10009e-4 0.003738224 0.03759783 0.002462029 0.003721237 0.03754645 6.10158e-4 0.003869414 0.03751933 0.002570152 0.003851354 0.03750777 0.002599656 0.003924667 0.03774791 5.96985e-4 0.002132117 0.03664648 5.64083e-4 2.08817e-4 0.03515905 5.2841e-4 -0.001434206 0.03645622 5.59106e-4 -4.49982e-5 0.03131639 4.55484e-4 -0.003591716 0.03250432 4.75988e-4 -0.00314784 0.03335452 4.91664e-4 -0.002720952 0.03467243 5.17949e-4 -0.001841127 0.03008294 4.35754e-4 -0.003886163 0.02913916 4.21598e-4 -0.004006206 0.02755451 3.99664e-4 -0.004011392 0.02692359 3.91558e-4 -0.003945171 0.02507185 3.69891e-4 -0.003516018 0.02477228 3.66732e-4 -0.003411531 0.02278494 3.48285e-4 -0.002429962 0.03853875 6.13347e-4 0.002723455 0.03806525 6.05032e-4 0.002532243 0.02203232 3.39106e-4 -0.002297341 0.008150696 1.19075e-4 -0.005366921 0.02242177 3.44559e-4 -0.002288937 -0.013718 -1.97217e-4 -0.006900906 -0.0147736 1.32307e-4 -0.00702691 -0.01476526 0.001904189 -0.007049083 -0.01407247 0.006108582 -0.007420837 -0.01365894 0.006065666 -0.007480144 -0.01380151 0.004316747 -0.007475674 -0.01427131 0.004345357 -0.007394194 -0.0144369 0.002577602 -0.007337868 -0.01436311 0.002575635 -0.007375895 -0.0140767 0.002568423 -0.00745958 -0.01371616 -2.11701e-4 -0.007016599 -0.01374071 -2.5262e-4 -0.007129371 -0.01407456 0.001568436 -0.007454633 -0.01445287 0.001898229 -0.007330834 -0.01446038 1.32367e-4 -0.007313728 -0.0127719 -1.79783e-4 -0.006425857 -0.01331967 -1.48997e-4 -0.00225079 -0.01330685 -1.4703e-4 -0.002056121 -0.01322048 -1.44229e-4 -0.001881182 -0.0130738 -1.4101e-4 -0.001752674 -0.0099954 0.007241189 -0.007273435 -0.01027041 0.007203817 -0.007254004 -0.009981155 0.007283687 -0.007234573 -0.01070892 0.007135093 -0.007283926 -0.01097035 0.007116317 -0.007301926 -0.01112776 0.007110893 -0.007312834 -0.01204448 0.007129669 -0.00737673 -0.009713888 0.007233798 -0.007378816 -0.009802639 0.007241547 -0.007335007 -0.009423434 0.007151126 -0.007621526 -0.01270782 -2.12625e-4 -0.006668329 -0.01258116 -3.08141e-4 -0.00689125 -0.01101791 0.002810359 0.01163071 -0.0109604 0.005204916 0.01150941 -0.01197522 0.002788186 0.0106551 -0.01191031 0.005182862 0.01054227 -0.01284801 0.002766251 0.009586393 -0.01277613 0.005161106 0.009482979 -0.01289886 0.00276494 0.009517908 -0.01355201 0.005139946 0.008345782 -0.01423209 0.005119442 0.007145047 -0.0140981 0.002731084 0.007637977 -0.01363021 0.002744913 0.008439004 -0.0152812 0.005081534 0.004610717 -0.01537287 0.002686142 0.004669129 -0.01481044 0.005099952 0.005895256 -0.01489871 0.00270462 0.005965948 -0.01431578 0.002724289 0.00722742 -0.009932398 0.005227088 0.01236993 -0.009981989 0.00283271 0.01249891 -0.0155636 0.001143157 -0.005197465 -0.01597338 0.001155853 -0.003200531 -0.01615548 0.001173555 -0.00100708 -0.01608949 0.001194357 0.00115776 -0.01574593 0.001219511 0.003370881 0.01560825 0.005627572 0.01737856 0.01561397 0.003233194 0.01754271 0.0186004 0.005675017 0.01804548 0.01860612 0.003280699 0.01820951 0.02173268 0.00187987 0.01884943 0.02389353 0.001912176 0.01911818 0.02614414 0.001944184 0.01922011 0.0282092 0.001971602 0.01910078 -4.02524e-4 0.002996563 0.01589316 -4.10653e-4 0.005390584 0.01573133 -0.002797365 0.002959847 0.01550751 -0.002794206 0.005353868 0.0153501 -0.003125905 0.002954661 0.01543825 -0.005257666 0.005313694 0.01471358 -0.00527513 0.002919614 0.01486444 -0.005454599 0.002916574 0.01480573 -0.006506204 0.002898514 0.01442235 -0.006480932 0.005292594 0.01427578 -0.007489025 0.00288099 0.01399457 -0.007678091 0.005271077 0.0137456 -0.008833706 0.005249202 0.01311349 -0.008875191 0.002854943 0.01324915 -0.00771141 0.002876877 0.0138871 -0.01545155 0.001233756 0.004481196 -0.01507538 0.001249074 0.005578279 -0.01410853 0.001281619 0.007668256 -0.01290673 0.001315593 0.009552597 -0.01153588 0.001349389 0.01116925 -0.0107823 0.001366436 0.01188719 -0.009983897 0.001383483 0.01254051 0.01192557 0.005570292 0.01668965 0.009908914 0.005539774 0.01640343 0.007876157 0.005509793 0.01619976 0.01193779 0.003176093 0.01685476 0.009924888 0.003145635 0.01656907 0.007895112 0.003115713 0.01636588 0.001801431 0.005423188 0.01593303 0.001816987 0.003029167 0.0160976 0.003876209 0.005452871 0.01602929 0.00389558 0.00305885 0.01619517 -0.009215712 0.00139904 0.01307827 -0.007486164 0.001431763 0.01403981 -0.005448281 0.001467466 0.014853 -0.003115952 0.001505553 0.01548725 -3.89098e-4 0.001547455 0.01594352 0.01033675 0.003337085 0.01502805 0.009913384 0.003333985 0.0153259 0.009569466 0.003320574 0.01438695 0.009397864 0.00332725 0.01537209 0.008928298 0.003318786 0.01515436 0.01021063 0.003322422 0.0136196 0.01050835 0.003330409 0.01404291 0.01055455 0.003335773 0.01455849 0.008802175 0.003304123 0.01374584 0.009225606 0.003307223 0.01344805 0.009741127 0.003313899 0.0134018 0.008630573 0.003310799 0.01473098 0.008584439 0.003305435 0.01421546 0.009439289 3.27721e-4 0.01539969 0.00995481 3.34427e-4 0.01535344 0.01037818 3.37526e-4 0.01505565 0.01059597 3.36215e-4 0.01458603 0.01054984 3.3085e-4 0.01407051 0.01025211 3.22833e-4 0.01364713 0.009782552 3.1437e-4 0.0134294 0.009267032 3.07664e-4 0.01347565 0.00884366 3.04535e-4 0.01377344 0.008625864 3.05846e-4 0.014243 0.008671998 3.11211e-4 0.01475858 0.008969783 3.19227e-4 0.01518195 0.02167212 0.003512084 0.01702255 0.02124875 0.003508925 0.01732039 0.02090489 0.003495573 0.0163815 0.02073323 0.003502249 0.01736658 0.02026373 0.003493726 0.01714885 0.02154606 0.003497362 0.01561409 0.02184379 0.003505349 0.01603746 0.02188992 0.003510773 0.01655298 0.0201376 0.003479063 0.01574039 0.02056097 0.003482162 0.01544255 0.0210765 0.003488898 0.01539635 0.01996594 0.003485739 0.01672548 0.01991981 0.003480374 0.01620995 0.02077472 5.0269e-4 0.01739418 0.02129024 5.09396e-4 0.01734793 0.02171361 5.12495e-4 0.01705014 0.0219314 5.11184e-4 0.01658058 0.02188521 5.0582e-4 0.016065 0.02158749 4.97803e-4 0.01564162 0.02111798 4.89309e-4 0.01542389 0.0206024 4.82634e-4 0.01547014 0.02017903 4.79504e-4 0.01576793 0.01996123 4.80816e-4 0.01623749 0.02000743 4.8618e-4 0.01675307 0.02030515 4.94197e-4 0.01717644 0.01424378 0.002561569 0.01183104 0.01478314 0.002546608 0.009393095 0.01185423 0.002500236 0.008745431 0.01131492 0.002515137 0.01118338 0.01166957 0.002490043 0.007918536 0.0111308 0.002471983 0.006758749 0.01114332 0.00246036 0.005479872 0.01170474 0.002457559 0.004330694 0.0127058 0.002464115 0.003534734 0.01395189 0.002478659 0.003246784 0.01520055 0.002498447 0.003522932 0.01620894 0.002519607 0.004309356 0.01678091 0.002538025 0.005453169 0.01680523 0.002550125 0.006731867 0.01627713 0.002553522 0.007896721 0.01529937 0.002547621 0.008721232 0.01496183 0.002308309 0.004959046 0.01605695 0.00231868 0.004437923 0.01542329 0.002320706 0.005615234 0.01658952 0.002335846 0.00550282 0.01549488 0.002329051 0.006414353 0.01661211 0.002347052 0.006693363 0.01515728 0.002331078 0.007142186 0.0129742 0.002302706 0.007337987 0.01183068 0.002291142 0.007798194 0.01251268 0.002290308 0.00668174 0.01132899 0.002274274 0.006718337 0.01244115 0.002281963 0.00588262 0.01134067 0.002263486 0.005527675 0.01277875 0.002279937 0.005154788 0.01186341 0.002260923 0.004457771 0.01343494 0.002284765 0.00469321 0.01279544 0.002267003 0.003716707 0.01423406 0.002295196 0.004621505 0.01395559 0.002280533 0.003448665 0.01511812 0.002298951 0.003705739 0.01301574 0.002361238 0.01364201 0.01167058 0.002339899 0.01334452 0.01090109 0.00231719 0.01203066 0.01040303 0.002311587 0.01216769 0.01058733 0.00231713 0.01249355 0.01025092 0.002309441 0.0121659 0.01405131 0.002358496 0.01178973 0.01370197 0.002315878 0.007675468 0.01612049 0.00235027 0.007777869 0.01521015 0.002344727 0.008545517 0.01450103 0.00232625 0.007603824 0.0148108 0.002342283 0.00887978 0.01459062 0.002343595 0.00935173 0.0140509 0.002363264 0.01230627 0.01426768 0.002370536 0.01277512 0.01435691 0.002376854 0.01332712 0.01466149 0.002379059 0.01310938 0.01480013 0.002381563 0.01317185 0.01129543 0.002319574 0.01169699 0.01151293 0.002318263 0.01122844 0.01205229 0.002303361 0.008790433 0.01205176 0.002298533 0.008269667 0.01414442 0.006295979 0.004781782 0.01419693 0.00249648 0.00481671 0.01477831 0.006307423 0.005075752 0.01483082 0.002507925 0.005110681 0.01518028 0.006318211 0.005647301 0.0152328 0.002518773 0.005682229 0.01524257 0.006325483 0.006343305 0.01529508 0.002525985 0.006378173 0.01494854 0.006327271 0.00697726 0.01500105 0.002527773 0.007012128 0.01437699 0.006323039 0.007379293 0.0144295 0.002523541 0.007414162 0.01368105 0.006313979 0.007441699 0.01373356 0.002514541 0.007476568 0.01304715 0.006302535 0.007147729 0.01309967 0.002503037 0.007182657 0.01264524 0.006291747 0.00657618 0.01269775 0.002492249 0.006611108 0.01258289 0.006284475 0.005880177 0.0126354 0.002484977 0.005915105 0.01287692 0.006282687 0.005246222 0.01292943 0.002483248 0.00528115 0.01344847 0.006286919 0.004844188 0.01350098 0.002487421 0.004879117 0.01592582 0.008927404 0.005628466 0.01584851 0.008923947 0.005365371 0.01588445 0.006325602 0.005389273 0.01423728 0.008889317 0.004019081 0.01427316 0.006290972 0.004042923 0.01463359 0.008895814 0.004128992 0.0152592 0.006308794 0.00450021 0.01522332 0.008907139 0.004476308 0.01579672 0.00892204 0.005237221 0.01559454 0.00891596 0.004879832 0.01532518 0.008909404 0.004567205 0.01597607 0.008931875 0.006037354 0.01598137 0.006336867 0.006471931 0.01594549 0.008935213 0.00644803 0.01552402 0.006339609 0.007458031 0.01583546 0.008937358 0.006844639 0.01472759 0.008932709 0.008007586 0.01508563 0.008935809 0.007804811 0.0146349 0.006333053 0.008083462 0.01539701 0.008937656 0.007536292 0.01548814 0.008937954 0.007434189 0.0135523 0.006318986 0.008180558 0.01392871 0.008923351 0.008187115 0.01459902 0.008931457 0.008059561 0.01256626 0.006301164 0.007723271 0.01311808 0.008910834 0.008045971 0.01351642 0.008917391 0.008156657 0.01195639 0.008884608 0.006937205 0.01215863 0.008890688 0.007295131 0.01194107 0.006284356 0.006834208 0.01242697 0.008897244 0.007607042 0.01253038 0.008899569 0.00769937 0.01184409 0.00627309 0.00575155 0.01180821 0.008871436 0.005727708 0.01177763 0.008874773 0.006138145 0.01190513 0.008882761 0.006810307 0.01230144 0.006270349 0.004765391 0.01210385 0.008868515 0.00496304 0.0119183 0.00886929 0.00533086 0.01266878 0.00887084 0.00437045 0.01302802 0.008873939 0.004167258 0.01319056 0.006276905 0.004140019 0.01235765 0.008869051 0.004638373 0.01226556 0.008868694 0.004741549 0.01382714 0.008883357 0.003988564 0.01341772 0.008878171 0.00403881 0.01315468 0.00887525 0.004116117 0.01438456 3.77163e-4 0.01334553 0.01338982 3.66136e-4 0.01363867 0.01304334 3.61547e-4 0.01366037 0.01235407 3.51354e-4 0.01358735 0.01061493 3.17439e-4 0.01251196 0.01139324 3.34486e-4 0.01319718 0.01169824 3.40208e-4 0.01336294 0.005101859 0.00397706 0.01091814 0.01011282 3.06412e-4 0.01206982 0.009937405 0.002425372 0.01196831 0.009704351 0.002397656 0.01186805 0.009809851 0.002421259 0.01190906 0.01559787 0.002422094 0.01315695 0.01562631 0.002408087 0.01316249 0.01502633 3.84316e-4 0.01315635 0.01516407 0.002508223 0.01312404 0.0154193 0.002488017 0.01313167 0.01553994 0.002447783 0.01314693 0.01564037 0.002400815 0.01316541 0.01185381 0.002496242 0.00831145 0.0149666 0.002545535 0.008999764 0.01424348 0.002565562 0.0122615 0.01426661 0.002566635 0.01234817 0.01442408 0.002571642 0.01265221 0.0145449 0.002574503 0.0127846 0.01475226 0.002578735 0.01293075 0.01113367 0.002516269 0.01157385 0.01107609 0.00251609 0.01164269 0.01080507 0.002514243 0.01185196 0.01038998 0.002509593 0.01196616 0.01063972 0.002512633 0.01192104 -0.012133 -1.27122e-4 -0.001655161 -0.01192986 -1.25691e-4 -0.001804888 -0.01198077 0.003557622 -0.001838743 -0.01191627 0.003605782 -0.001943767 0.02342754 0.008093595 -0.002099156 0.02350765 0.002294421 -0.00204581 0.007827103 1.13353e-4 -0.005501389 0.007720291 0.007844626 -0.005572438 -0.008133172 -1.06767e-4 -0.005454778 -0.007781624 -1.03072e-4 -0.005581676 -0.007888317 0.007618963 -0.005652606 -0.007740437 0.007676541 -0.005760669 -0.01054507 -1.40801e-4 -0.005533635 -0.01014637 -1.37076e-4 -0.005727767 0.004884481 -0.003925979 0.01102226 0.004941821 -0.008075416 0.01106041 0.002370953 -0.003953456 0.01181143 0.002428293 -0.008102893 0.01184958 -2.54131e-4 -0.003987729 0.0120331 -1.96799e-4 -0.008137166 0.01207125 -0.002864241 -0.004027068 0.01167649 -0.002806901 -0.008176505 0.01171463 -0.005333542 -0.004069626 0.01075887 -0.005276203 -0.008219063 0.01079702 -0.007543027 -0.004113316 0.009324431 -0.007485687 -0.008262753 0.009362518 -0.009386241 -0.004156112 0.007442295 -0.009328901 -0.008305549 0.007480442 -0.01077419 -0.004195868 0.005203187 -0.01071685 -0.008345305 0.005241334 -0.01164007 -0.004230678 0.00271517 -0.01158273 -0.008380115 0.002753257 0.02842581 -0.008741021 -0.003655254 0.02845144 -0.008384466 -0.003979027 0.0295068 -0.008769512 -0.003597795 0.03000611 -0.00876224 -0.003556966 0.03371775 -0.007101655 -0.0040102 0.03328025 -0.008322238 -0.003027439 0.03205686 -0.007130563 -0.004622161 0.03300327 -0.008375167 -0.003104805 0.03273928 -0.008495807 -0.00310254 0.03259366 -0.008592188 -0.003069877 0.03243678 -0.008723616 -0.003006458 0.03232389 -0.008725523 -0.003046989 0.03524345 -0.007072091 -0.003127098 0.03450274 -0.008343815 -0.002288281 0.03451281 -0.007086634 -0.003595173 0.03352499 -0.008327722 -0.002898931 0.03333926 -0.008322 -0.002998888 0.03164172 -0.008736908 -0.00325793 0.03099668 -0.00874722 -0.003408253 0.03038573 -0.007157087 -0.004959583 0.03024739 -0.007159233 -0.004976809 0.02853786 -0.007183909 -0.005069255 0.03226137 -0.008724987 -0.002895832 0.03097432 -0.008746743 -0.003328382 0.0298478 -0.008764445 -0.003555238 0.02709925 3.80829e-4 0.01638901 0.02615809 3.94061e-4 0.01924669 0.02822852 4.21598e-4 0.01912754 0.02390176 3.61934e-4 0.01914376 0.03941953 4.47944e-4 0.005167841 0.03890675 4.34086e-4 0.004431366 0.03904223 4.59e-4 0.006937325 0.03671079 5.00843e-4 0.01499676 0.03606873 4.801e-4 0.01370537 0.0351963 4.922e-4 0.0163334 0.0341314 4.68001e-4 0.01530075 0.03344243 4.78431e-4 0.01747339 0.0337041 4.63649e-4 0.01547098 0.03249013 4.6967e-4 0.01795232 0.02915513 4.09558e-4 0.01642674 0.03151017 4.59835e-4 0.01835626 -0.01077026 -1.83657e-4 0.011909 0.01014351 1.0772e-4 0.01216804 0.03758347 4.82634e-4 0.01170426 0.03859293 4.75481e-4 0.009406507 0.03324413 4.57272e-4 0.01546794 0.03292959 4.51907e-4 0.01535701 0.03117686 4.34056e-4 0.01605129 -0.01554757 -4.06936e-4 -0.005202889 0.02509278 3.4897e-4 0.01593971 0.02321726 3.15294e-4 0.01509696 0.02299022 3.1136e-4 0.0150088 0.01496315 1.84104e-4 0.01323384 -0.01544374 -3.16426e-4 0.004490017 -0.01507115 -3.01257e-4 0.005579829 -0.01410359 -2.68623e-4 0.007676601 -0.01289963 -2.34589e-4 0.009567141 -0.01152569 -2.00704e-4 0.01118892 -0.01596051 -3.9424e-4 -0.003202438 -0.01614481 -3.76597e-4 -0.001003265 -0.01607972 -3.55736e-4 0.001167654 0.01404166 1.75699e-4 0.01370203 0.01289147 1.61245e-4 0.01385951 0.01175802 1.43274e-4 0.01360887 0.01078152 1.24022e-4 0.01298117 0.03879749 5.03585e-4 0.01215869 0.03738301 5.03287e-4 0.01425284 -0.009214043 -1.51262e-4 0.013094 -0.007481038 -1.1845e-4 0.01405966 -0.005439519 -8.27165e-5 0.01487588 -0.00310266 -4.45993e-5 0.01551234 0.03524464 -0.008325755 0.01440006 0.03613883 -0.00689125 0.01522266 0.03508257 -0.008337378 0.01453447 0.03541529 -0.006895542 0.01585215 0.03414589 -0.008413612 0.0152142 0.03348654 -0.006910443 0.01715821 0.03391432 -0.008468151 0.01532489 0.03447812 -0.006902217 0.01654618 0.03485417 -0.006899416 0.01628243 0.03375959 -0.008536517 0.01536262 0.03329563 -0.008540153 0.01566445 0.03274214 -0.008544802 0.01598769 0.03245031 -0.006920039 0.01768356 0.03135156 -0.008558034 0.01664292 0.03028345 -0.006943225 0.0184558 0.02989327 -0.00857383 0.01711648 0.03137934 -0.006931006 0.0181176 0.03188061 -0.006925761 0.01792758 0.02245217 -0.001855134 -0.002268731 0.02206271 -0.001860558 -0.002277135 0.02248328 -0.001853883 -0.002184092 0.03250354 -0.001724183 -0.003134369 0.03251326 -0.001724064 -0.003137171 0.03009599 -0.001764178 -0.003868937 0.02281534 -0.001851379 -0.002409756 0.0323764 -0.001725494 -0.003087818 0.03046691 -0.001757442 -0.003695607 0.02841413 -0.0017879 -0.003918886 0.02757322 -0.001800179 -0.003990292 0.02635836 -0.001814484 -0.003724098 0.02509665 -0.001829802 -0.003493964 0.0243839 -0.00183624 -0.00311917 0.0226224 -0.001851797 -0.002163469 0.03981411 2.61411e-4 0.00604248 0.03983896 -0.001538336 0.00605899 0.03963041 -0.001549959 0.005106151 0.03960555 2.49758e-4 0.005089581 0.03907305 -0.001565039 0.00430566 0.03904819 2.34708e-4 0.00428909 0.03249186 -1.74299e-4 -0.003151416 0.03116351 -1.97098e-4 -0.003633618 0.03007459 -2.14443e-4 -0.003883183 0.02883803 -2.32771e-4 -0.004020452 0.02755177 -2.50414e-4 -0.004004538 0.02648538 -2.63885e-4 -0.003868281 0.02279388 -3.01644e-4 -0.002424001 0.02422893 -2.888e-4 -0.003185093 0.02507525 -2.80067e-4 -0.00350821 0.0389707 2.18913e-4 0.002688527 0.03853935 2.1331e-4 0.002726495 0.03899556 -0.001580774 0.002705037 0.03856426 -0.001586377 0.002743005 0.02144908 -0.008723795 0.01349604 0.02143943 -0.008025169 0.0134896 0.02160608 -0.008720219 0.01364624 0.02165234 -0.008020341 0.01369166 0.02127194 -0.008727848 0.01331847 0.02093893 -0.008735775 0.01295894 0.02013319 -0.008057594 0.01192146 0.02058464 -0.008744537 0.01253402 0.02019131 -0.008754909 0.01199924 0.01988315 -0.008064687 0.01153051 0.01989281 -0.008763313 0.01153695 0.01981157 -0.008765637 0.01140075 0.01906561 -0.008091449 0.009847342 0.01935601 -0.008780002 0.01052719 0.01923507 -0.008784174 0.01025378 0.018862 -0.008099734 0.009246289 0.01887166 -0.00879836 0.009252727 0.01850771 -0.00811994 0.007582247 0.01852583 -0.008817851 0.007654547 0.01843988 -0.008128285 0.006780028 0.01844954 -0.008826911 0.006786406 0.01848977 -0.008141636 0.00524944 0.01865291 -0.008846998 0.004292428 0.01864326 -0.008148372 0.00428605 0.0190128 -0.008155286 0.002975881 0.01946908 -0.008857429 0.001926958 0.01945942 -0.008158802 0.00192058 0.02004837 -0.008160233 8.85363e-4 0.02021628 -0.008858799 6.55971e-4 0.02083724 -0.008158981 -1.68268e-4 0.0208469 -0.008857607 -1.61846e-4 0.02108871 -0.008856773 -4.33844e-4 0.0215401 -0.008156061 -9.08386e-4 0.02181446 -0.008853256 -0.001144707 0.02269047 -0.008148849 -0.001849651 0.0244643 -0.002033412 -0.002933025 0.02321505 -0.002044856 -0.002300381 0.02329933 -0.008144021 -0.002244353 0.02270013 -0.008847475 -0.001843273 0.02298003 -0.008845329 -0.002032518 0.02396291 -0.008836925 -0.002596437 0.02407199 -0.008835911 -0.00265026 0.02491265 -0.008827626 -0.003012001 0.02734518 -0.008749783 -0.003595232 0.02725207 -0.002001583 -0.003657281 0.02645772 -0.008810341 -0.003456354 0.02640002 -0.002012133 -0.003526091 0.02481877 -0.002029836 -0.003074467 0.02745819 -0.008746147 -0.003607034 0.02780032 -0.00873959 -0.003634929 0.02841544 -0.001986026 -0.003717064 0.03216743 -0.001927196 -0.002958297 0.03042805 -0.001956224 -0.003498196 0.02975386 -0.001966655 -0.003617763 0.02712583 1.79335e-4 0.01619231 0.02613902 -0.008635282 0.01607644 0.02562832 1.5594e-4 0.01589536 0.02574986 -0.008641541 0.01597619 0.0251587 1.48102e-4 0.01575177 0.02458977 -0.00866127 0.01557415 0.02331995 1.15111e-4 0.01492559 0.0234431 -0.00868231 0.01500737 0.02343183 -0.007983744 0.01500004 0.02333509 -0.008684396 0.01494413 0.02237719 -0.008703589 0.01429802 0.03293818 2.49907e-4 0.01513099 0.03305977 -0.008547544 0.01521182 0.03264051 -0.008551478 0.01541805 0.03112351 2.31549e-4 0.01586115 0.03170478 -0.008560955 0.0157954 0.0307464 -0.008571624 0.01607406 0.03059208 2.25499e-4 0.01600092 0.03071361 -0.008571982 0.01608175 0.02914142 2.07528e-4 0.01622927 0.02977883 -0.008583307 0.01625388 0.02810347 1.93491e-4 0.01626116 0.02822506 -0.00860399 0.01634198 0.02790337 -0.00860852 0.01632994 0.036179 -0.006106138 0.01513367 0.03613644 -0.006850779 0.01509189 0.03528755 -0.006125926 0.01431733 0.03531575 -0.008168101 0.0143361 0.03530454 -0.006285429 -0.00306487 0.03530508 -0.006274938 -0.003065705 0.0352981 -0.006285488 -0.003057837 0.03455716 -0.00628829 -0.002248346 0.03458362 -0.008203744 -0.002230763 0.03526598 -0.007031083 -0.00300461 0.01030707 -0.008010923 0.01001077 0.01025044 -0.003911495 0.009973108 0.01080256 -0.003914594 0.008806526 0.01085925 -0.008014023 0.008844196 0.01180619 -0.003908157 0.007995069 0.01186281 -0.008007586 0.008032739 0.01306235 -0.003893554 0.00769937 0.01311898 -0.007992982 0.00773704 0.0143224 -0.003873586 0.007977962 0.01437902 -0.007973015 0.008015632 0.01533669 -0.003852188 0.00877577 0.01539331 -0.007951617 0.00881344 0.01590436 -0.003833711 0.009934663 0.01596099 -0.007933139 0.009972333 0.01591295 -0.00382173 0.01122522 0.01596957 -0.007921159 0.01126289 0.009985148 -0.008001983 0.01146584 0.009928524 -0.003902554 0.01142817 0.01586371 -0.007918238 0.01174157 0.01580703 -0.003818809 0.0117039 0.01579517 -0.003813564 0.0122925 0.01585119 -0.007913053 0.01232671 0.0160107 -0.003805518 0.01284033 0.01606351 -0.007905066 0.01287204 0.01642042 -0.003795981 0.01326292 0.0164684 -0.007895588 0.01329457 0.0169475 -0.003786623 0.01349234 0.01700413 -0.007886052 0.01353001 0.009849369 -0.003902018 0.0116077 0.00986576 -0.008001565 0.01169544 0.009809136 -0.003902077 0.01165777 0.009707212 -0.003902733 0.011743 0.009647548 -0.008003294 0.01183462 0.009590923 -0.003903865 0.01179695 0.009523928 -0.00390464 0.01181316 0.009389042 -0.008006751 0.01184606 0.009332358 -0.003907322 0.01180839 0.00544393 -0.009149253 -0.008735835 0.005296647 -0.009148895 -0.008475601 0.004103064 -0.009171962 -0.009194016 0.003063678 -0.00918895 -0.009474694 0.002715647 -0.009194672 -0.00957477 0.004871428 -1.59308e-4 -0.00896126 0.006848633 -1.19105e-4 -0.007559239 -0.008998274 -3.21701e-4 -0.005778193 -0.008693814 -3.1744e-4 -0.005770266 -0.008408427 -3.14459e-4 -0.005876719 -0.008183479 -3.13237e-4 -0.006082117 -0.006516575 -3.06383e-4 -0.007842183 -0.004481494 -2.90379e-4 -0.009159266 -0.002193152 -2.6609e-4 -0.009958863 2.19152e-4 -2.34947e-4 -0.01019591 -3.22684e-4 -2.58401e-4 -0.0119332 0.004503726 -1.83091e-4 -0.01099562 0.002619206 -1.98648e-4 -0.009856998 0.003075003 -2.06396e-4 -0.01138424 7.80166e-4 -2.42099e-4 -0.01181894 0.03716832 3.70875e-4 1.65399e-4 0.03832244 4.06787e-4 0.002338409 0.03930181 4.12538e-4 0.001491904 0.02404397 1.54868e-4 -0.003602147 0.02639901 1.80855e-4 -0.004315197 0.02885437 2.1334e-4 -0.004473984 0.03035289 2.25589e-4 -0.005394816 0.03128153 2.50593e-4 -0.004070281 0.03224217 2.55421e-4 -0.004989385 0.0331704 2.71216e-4 -0.004666566 0.03355318 2.90677e-4 -0.003125131 0.03407758 2.87518e-4 -0.004256367 0.03715705 3.5204e-4 -0.001865684 0.03555029 3.31476e-4 -0.001688122 0.03833991 3.82706e-4 -3.07862e-4 0.03885477 3.97876e-4 5.68755e-4 0.0389077 4.16323e-4 0.002496004 0.03957253 4.22463e-4 0.00216639 0.03959083 4.23774e-4 0.002280175 0.03649753 3.36692e-4 -0.00254482 0.03495615 3.04267e-4 -0.003753364 0.03856265 4.11823e-4 0.002526342 0.03846156 4.10124e-4 0.002494156 0.038378 4.08366e-4 0.00242877 0.0220763 1.3791e-4 -0.002491176 0.01417917 -1.03267e-5 -0.00674653 0.008928 -7.04976e-5 -0.005398631 0.02057862 9.33258e-5 -0.005088567 0.01836526 5.94108e-5 -0.00545299 0.01578617 1.71809e-5 -0.006170392 0.008651793 -7.5415e-5 -0.005517661 0.008439064 -8.03025e-5 -0.005730211 0.009486258 -0.003071784 0.01543092 0.009444832 -7.22261e-5 0.01540333 0.01000177 -0.003065109 0.01538467 0.009960353 -6.55206e-5 0.01535713 0.01042515 -0.00306195 0.01508688 0.01038372 -6.24211e-5 0.01505929 0.01064294 -0.003063261 0.01461732 0.01060152 -6.37324e-5 0.01458972 0.01059681 -0.003068625 0.01410174 0.01055538 -6.90969e-5 0.0140742 0.01029908 -0.003076672 0.01367837 0.0102576 -7.71137e-5 0.01365083 0.009829521 -0.003085136 0.01346063 0.009788095 -8.55775e-5 0.01343309 0.009314 -0.003091871 0.01350688 0.009272575 -9.22831e-5 0.01347929 0.008890628 -0.003094971 0.01380467 0.008849203 -9.54123e-5 0.01377713 0.008672833 -0.003093659 0.01427423 0.008631408 -9.4101e-5 0.0142467 0.008718967 -0.003088295 0.01478981 0.008677542 -8.87068e-5 0.01476222 0.009016752 -0.003080248 0.01521319 0.008975267 -8.07198e-5 0.01518559 0.009657919 -0.00307846 0.01444578 0.02082169 -0.002896845 0.01742541 0.0207802 1.02743e-4 0.01739788 0.02133721 -0.00289011 0.01737916 0.02129572 1.09449e-4 0.01735162 0.02176058 -0.00288701 0.01708137 0.02171915 1.12548e-4 0.01705384 0.02197837 -0.002888321 0.01661181 0.02193689 1.11237e-4 0.01658421 0.02193218 -0.002893686 0.01609623 0.02189075 1.05873e-4 0.01606869 0.02163445 -0.002901673 0.01567286 0.02159303 9.78557e-5 0.01564532 0.02116495 -0.002910196 0.01545512 0.02112346 8.93919e-5 0.01542758 0.02064943 -0.002916872 0.01550137 0.02060794 8.26864e-5 0.01547378 0.020226 -0.002919971 0.01579916 0.02018457 7.95571e-5 0.01577162 0.02000826 -0.00291866 0.01626878 0.01996678 8.08684e-5 0.01624119 0.02005439 -0.002913296 0.01678431 0.02001297 8.62328e-5 0.01675677 0.02035212 -0.002905309 0.01720768 0.02031069 9.42497e-5 0.01718008 0.02099329 -0.002903521 0.01644027 0.02206534 -0.008681595 0.01716083 0.02202415 -0.008276164 0.01751053 0.02045398 -0.00870651 0.01687264 0.02039492 -0.008301436 0.01722043 0.01908963 -0.008727967 0.01658469 0.01902073 -0.008323073 0.01693123 0.01838588 -0.008739173 0.01642674 0.0176655 -0.008750617 0.01626336 0.01683104 -0.008763849 0.01607662 0.01603728 -0.008370459 0.01626676 0.01611942 -0.008775115 0.01592189 0.008198618 -0.008489727 0.0150696 0.008237719 -0.008895158 0.01471406 0.01037555 -0.008863568 0.01493734 0.01432514 -0.008803188 0.01556438 0.01230454 -0.008428394 0.01556992 0.01025682 -0.008459389 0.01527816 0.01236259 -0.008833467 0.01522207 0.01336091 -0.008818149 0.01538926 0.01652699 -0.008553087 -0.004377126 0.01578336 -0.008964955 -0.004229068 0.01560235 -0.008967995 -0.004286885 0.01984405 -0.008500277 -0.003628015 0.02097636 -0.008483409 -0.003498375 0.01989918 -0.008710622 -0.003425896 0.02096408 -0.008701801 -0.003296077 0.01878625 -0.008516669 -0.003813922 0.01866316 -0.008719325 -0.003653109 0.01867729 -0.008518338 -0.003836154 0.01214182 -0.009027779 -0.005591273 0.01227426 -0.008626282 -0.005928754 0.01251679 -0.009021162 -0.00543189 0.01273453 -0.008618056 -0.005731642 0.01431691 -0.008590459 -0.005108594 0.01412969 -0.008993029 -0.004796802 0.01304256 -0.009011924 -0.005216836 0.01682692 -0.00894767 -0.003917694 0.01864242 -0.008918523 -0.003473043 0.01873862 -0.008916974 -0.003453314 0.01995092 -0.008898258 -0.003240585 0.02095979 -0.008883237 -0.003117918 0.02669644 -0.008407592 -0.003852128 0.02237784 -0.008863329 -0.003083586 0.02300667 -0.008455157 -0.00347352 0.02298104 -0.008855164 -0.003101408 0.02489745 -0.00843048 -0.003637552 0.02489477 -0.008830189 -0.003265619 0.02385473 -0.0088436 -0.003159165 0.008839368 -0.008688986 -0.00758928 0.008707106 -0.009090542 -0.0072546 0.00723654 -0.008718252 -0.008368849 0.007115125 -0.009119689 -0.008030712 0.005542814 -0.008748114 -0.009080111 0.01131427 -0.00904268 -0.005967855 0.01034486 -0.009060382 -0.00643295 0.009512484 -0.009075701 -0.006847858 0.004193186 -0.00854659 0.01489746 0.006227672 -0.008923888 0.01460903 0.007335424 -0.008908152 0.01465833 8.39753e-6 -0.008606851 0.01462078 7.79561e-5 -0.009011924 0.01427453 0.002152442 -0.008575558 0.01480805 0.002202689 -0.00898087 0.01445817 0.004233777 -0.008952021 0.01454591 0.02449506 -0.008645236 0.01746046 0.02917265 -0.006956577 0.01869618 0.02865803 -0.008588612 0.01736432 0.02894043 -0.006959497 0.01873469 0.02784204 -0.008598983 0.0174632 0.02805781 -0.006970822 0.01884788 0.02668893 -0.008614301 0.01752924 0.02681618 -0.006987571 0.01892721 0.02579706 -0.008626639 0.01752901 0.02586007 -0.007000923 0.0189327 0.02190071 -0.007059931 0.01855963 0.02377831 -0.007031321 0.01880502 0.02447086 -0.007021069 0.01886665 -0.01391077 -0.009307265 0.003174364 -0.01529008 -0.00770998 0.003391385 -0.01413148 -0.009320795 0.002034962 -0.01552999 -0.007724821 0.002099573 -0.01426035 -0.009332835 9.14461e-4 -0.01502835 -0.007784843 -0.005413413 -0.01388162 -0.009377002 -0.004459857 -0.01542919 -0.007775247 -0.003739595 -0.0141347 -0.009367465 -0.003038585 -0.01567679 -0.00775969 -0.001607716 -0.01429796 -0.009352803 -0.001201808 -0.01571017 -0.007749676 -4.19945e-4 -0.01566565 -0.007738053 8.22484e-4 -0.01245748 -0.007615327 0.009490251 -0.01116245 -0.009217143 0.008846402 -0.01160109 -0.00759387 0.0105369 -0.01048129 -0.009200334 0.00964874 -0.01066136 -0.007572174 0.01149249 -0.009743094 -0.009183347 0.01039171 -0.009643971 -0.007550418 0.01234269 -0.008749842 -0.009162008 0.01121985 -0.01389747 -0.007656335 0.007180869 -0.01236391 -0.009250164 0.007059872 -0.01322484 -0.007636189 0.008366823 -0.01179599 -0.009233891 0.007975041 -0.01132857 -0.009221434 0.008630871 -0.01493579 -0.007693469 0.004678845 -0.01363664 -0.00929439 0.004163742 -0.01446968 -0.007675528 0.005946815 -0.01328623 -0.009280502 0.005145728 -0.01286053 -0.00926572 0.006115436 0.01881408 -0.00710839 0.01797074 0.01582187 -0.007155895 0.01730364 0.02104902 -0.007283389 -0.004600882 0.02303212 -0.007255792 -0.00458759 0.02490556 -0.007231414 -0.004753291 0.02672296 -0.007208168 -0.004959821 -2.00271e-4 -0.007391512 0.01565957 -0.002568483 -0.007427155 0.01528429 -0.001092433 -0.009029567 0.01411545 -0.002169787 -0.009046196 0.01392465 -0.003365159 -0.00906521 0.01365441 -0.003840327 -0.007447123 0.01499348 -0.005012691 -0.007466137 0.01465672 -0.005380511 -0.009098827 0.0130245 -0.008556187 -0.007528781 0.01307713 -0.007961153 -0.009146153 0.01175957 -0.007411599 -0.007507503 0.01370131 -0.007135868 -0.009130358 0.01223623 -0.006225407 -0.007486522 0.0142247 -0.005999803 -0.007482707 0.01431232 0.008071959 -0.007273674 0.01612228 0.0101087 -0.007243692 0.01632654 0.01213043 -0.007213175 0.01661354 0.01263684 -0.007422089 -0.006940841 0.01461827 -0.007387161 -0.006139814 0.01675057 -0.007350921 -0.00543338 0.01892906 -0.007315576 -0.004895687 0.004071414 -0.007330358 0.01595211 0.002001762 -0.007359623 0.01585769 0.009236037 -0.007484376 -0.00859338 0.007600843 -0.007513999 -0.009383201 0.005839467 -0.007544696 -0.01011288 -0.001931428 -0.009263336 -0.01005858 -0.002232074 -0.007667183 -0.01148909 -0.001189172 -0.009253382 -0.01009035 -0.001402795 -0.007656216 -0.01153367 -1.28596e-4 -0.009238302 -0.01004749 6.0995e-4 -0.007627606 -0.01141399 6.27362e-4 -0.009227097 -0.009967029 0.001809656 -0.009208977 -0.009773015 0.001776754 -0.007610082 -0.01123386 0.0044927 -0.007567107 -0.01056689 0.003868103 -0.00757724 -0.01074928 0.003068685 -0.007589995 -0.01095759 -0.00656867 -0.00930792 -0.007939338 -0.007413268 -0.007717788 -0.009170949 -0.005728185 -0.009302675 -0.008628726 -0.006482124 -0.007711827 -0.009892284 -0.004667341 -0.009294033 -0.009285628 -0.005318939 -0.007702052 -0.01059085 -0.004605948 -0.009293437 -0.009316682 -0.005249619 -0.007701396 -0.0106256 -0.003419339 -0.009281337 -0.009783565 -0.00390762 -0.007687509 -0.01115906 -0.003103911 -0.007678091 -0.01136058 -0.00268507 -0.009272813 -0.009958028 -0.00337845 -0.00928092 -0.009795427 0.03576481 -0.005071997 -0.002959251 0.03581178 -0.002677738 -0.003087043 0.03660714 -0.002660334 -0.002387344 0.03650349 -0.006150543 -0.002188682 0.03572332 -0.00616765 -0.002874374 0.03734958 -0.00264275 -0.001594543 0.03729397 -0.006131768 -0.001338005 0.03802984 -0.002625286 -7.19007e-4 0.03796058 -0.006114482 -4.65133e-4 0.03863853 -0.00260818 2.29049e-4 0.03854936 -0.006097733 4.69539e-4 0.03916639 -0.002591609 0.00123924 0.03901374 -0.006083071 0.001367866 0.03930121 -0.00258696 0.001538276 0.03946137 -0.006066799 0.002461969 0.03960394 -0.002575814 0.002301216 0.03994196 -0.002560973 0.003404676 0.03978085 -0.006052732 0.003518939 0.04017102 -0.002547383 0.00453931 0.03999865 -0.006039559 0.004605948 0.03341263 -0.008541345 0.01535552 0.0216093 -0.008704423 0.01536095 0.02042293 -0.008723855 0.01502901 0.01986545 -0.00873351 0.01482087 0.01934415 -0.008743226 0.01454454 0.01893103 -0.008752942 0.01410603 0.01829087 -0.008765935 0.01365947 0.01724737 -0.0087713 0.01464033 0.01792955 -0.008758008 0.01506125 0.01850855 -0.008746922 0.01539921 0.01867079 -0.008773982 0.01221215 0.01903599 -0.008782923 0.0106852 0.01828145 -0.008789837 0.01107209 0.01779299 -0.008779883 0.01288795 0.01752066 -0.008775293 0.01379817 0.01664131 -0.008780121 0.0145936 0.01687085 -0.008783698 0.01385879 0.01753073 -0.008796632 0.0114578 0.01100528 -0.008901894 0.009817063 0.01097756 -0.008901596 0.009892761 0.01016837 -0.008916676 0.009466171 0.01775109 -0.008841931 0.006200313 0.01659893 -0.008815705 0.01078736 0.01880192 -0.008869409 0.001631736 0.01770216 -0.00888741 0.001322865 0.01664197 -0.008858859 0.006026387 0.01932501 -0.008883953 -7.39046e-4 0.02067691 -0.008870244 -0.001281678 0.02022808 -0.008859097 6.07226e-4 0.01116901 -0.00888133 0.01181232 0.01156336 -0.008871257 0.01230949 0.01088517 -0.008899569 0.01025021 0.01086235 -0.008894145 0.01087409 0.00972402 -0.008899152 0.01204323 0.01090639 -0.008891046 0.01114726 0.01093721 -0.008889496 0.01126927 0.01217925 -0.008930325 0.00495845 0.01149702 -0.008902192 0.009047031 0.01106077 -0.008948981 0.004608154 0.01148599 -0.008902251 0.009058535 0.01120847 -0.008902788 0.009413719 0.01441508 -0.008893907 0.005558013 0.01354789 -0.008879959 0.008379697 0.01317185 -0.008885502 0.008345305 0.01309657 -0.008886516 0.008345842 0.01264697 -0.008892238 0.008401095 0.01222026 -0.008896827 0.008541941 0.01220577 -0.008896946 0.008548438 0.01182699 -0.008900225 0.008764564 0.01552993 -0.008876204 0.00581026 0.01473909 -0.008857965 0.008981645 0.01413458 -0.008870184 0.008566141 0.01552212 -0.008830964 0.01074647 0.01544994 -0.008833348 0.01059156 0.0153951 -0.008838236 0.01014304 0.01530313 -0.008842349 0.009834706 0.01491546 -0.008853793 0.009170055 0.01457464 -0.008828401 0.01245093 0.01481509 -0.00882709 0.01223206 0.01492995 -0.008817076 0.01314651 0.0141443 -0.008831858 0.01271915 0.01520204 -0.008826732 0.01168471 0.01541626 -0.008829712 0.0110405 0.01544427 -0.008831381 0.01081466 0.01320481 -0.008842766 0.01294434 0.01365232 -0.008837103 0.01288956 0.0118407 -0.008865356 0.01253551 0.01232057 -0.008856415 0.01279002 0.01275599 -0.008849263 0.0129109 0.01318156 -0.008843064 0.01294475 0.01963686 -0.008890986 -0.001976251 0.02079045 -0.00887376 -0.001831769 0.01395148 -0.008983969 -0.00354135 0.01281195 -0.009002864 -0.003884792 0.01368767 -0.00897634 -0.002319037 0.01256471 -0.0089944 -0.002590596 0.01203149 -0.00897926 -1.45533e-4 0.01316851 -0.008961141 1.16884e-4 0.01543521 -0.008923947 7.58882e-4 0.009943723 -0.008967995 0.004221379 0.01036942 -0.00898236 0.002018094 0.00945574 -0.00889039 0.01340228 0.008265614 -0.008901059 0.01402956 0.008574783 -0.008917689 0.01175117 0.008585989 -0.008918166 0.01168733 0.01595777 -0.008802473 0.01318711 0.01462835 -0.008810162 0.01435434 0.01408118 -0.008832454 0.01274824 0.01170843 -0.009022057 -0.004314959 0.01055109 -0.008988261 0.001104831 0.01159334 -0.009019494 -0.003864347 0.01822167 -0.008902132 -0.001058101 0.009084522 -0.008936822 0.008902847 0.0210517 -0.008857727 -4.82437e-4 0.021223 -0.008862674 -0.001277506 0.02134352 -0.008868098 -0.002050638 0.02276504 -0.008851885 -0.002421081 0.02206212 -0.00886017 -0.00227046 0.04027241 -0.00253725 0.005490183 0.04010903 -0.006027758 0.005739867 0.04029512 -0.002528131 0.006449103 0.04010492 -0.006017148 0.00690484 0.0401659 -0.002515435 0.008024871 0.03998899 -0.006008207 0.008050084 0.04010921 -0.002512991 0.008375406 0.03976428 -0.006000876 0.009186148 0.03960913 -0.002502202 0.01030683 0.03944414 -0.005995392 0.01026952 0.03924101 -0.002498567 0.01125121 0.03901135 -0.005991399 0.01135528 0.03879779 -0.002496302 0.01216453 0.03848403 -0.005989253 0.01238572 0.03799653 -0.002495527 0.01346099 0.03785949 -0.005988776 0.01336455 -0.008811831 -0.009316623 -0.005509734 -0.009268045 -0.009325623 -0.005802929 -0.008571863 -0.009318947 -0.006123423 -0.006958067 -0.009304404 -0.006971776 -0.007533609 -0.009306609 -0.006342351 -0.007935702 -0.009314715 -0.006622493 -0.00800085 -0.009307503 -0.005740165 -0.008056044 -0.009307563 -0.005662381 -0.008352756 -0.009307563 -0.00521475 -0.006369709 -0.009301304 -0.00751698 -0.006244957 -0.009300529 -0.007621884 -0.005389094 -0.009294509 -0.008256018 -0.004400372 -0.009286165 -0.00883156 -0.004275202 -0.009285032 -0.008894026 -0.003250539 -0.00927484 -0.00932759 -0.001904129 -0.0092597 -0.009706914 -0.001861333 -0.009259223 -0.009715735 -0.001028418 -0.009248912 -0.009848475 5.94475e-4 -0.009226977 -0.009904623 0.011949 -0.009028494 -0.005376517 0.01152688 -0.00903058 -0.004966795 0.01067668 -0.009047746 -0.005558073 0.007756352 -0.009095668 -0.006379723 0.008008718 -0.009094238 -0.006608486 0.008718311 -0.009080648 -0.006194591 0.007304847 -0.009106457 -0.006877779 0.006667792 -0.009120821 -0.007479608 0.005348324 -0.009147882 -0.00844419 0.009421408 -0.0090667 -0.005735516 0.008644938 -0.009072065 -0.005153119 0.008219718 -0.009083807 -0.005789101 0.008810341 -0.009067237 -0.004873931 0.01007944 -0.009052336 -0.005158603 0.009037017 -0.009060263 -0.004453837 0.01078194 -0.009035408 -0.004376173 0.0094527 -0.009045958 -0.003522753 0.00988239 -0.009063541 -0.006083309 0.009867429 -0.009027838 -0.002173781 0.009770214 -0.009032726 -0.002558588 0.01063084 -0.009029209 -0.003471493 0.01040714 -0.009022593 -0.002417206 0.01009702 -0.009010791 -6.68958e-4 0.01090425 -0.009018063 -0.002672016 0.0104289 -0.009003043 -3.24179e-4 0.009849727 -0.008985877 0.002414286 0.01012408 -0.00900501 -7.71959e-5 0.01011812 -0.009007096 -2.97592e-4 0.007700979 -0.008968472 0.00754249 0.007270574 -0.008957445 0.00939095 0.007523834 -0.008977651 0.006810784 0.00631082 -0.008984029 0.007940649 0.006207764 -0.008968293 0.009808182 0.005551755 -0.008989512 0.008482873 0.005618393 -0.008988976 0.008439421 0.006685793 -0.008952558 0.01080095 0.007944345 -0.00890845 0.0137102 0.008071005 -0.008918762 0.0123924 0.008280575 -0.008927881 0.01108497 0.007909536 -0.008909821 0.01361 0.007746994 -0.008930087 0.01165109 0.007951855 -0.008937835 0.01050043 0.008388876 -0.008952379 0.008257865 0.01117831 -0.009025156 -0.00385499 0.008964478 -0.008976578 0.00475943 0.007590115 -0.008921861 0.0127806 9.13703e-4 -0.009039163 0.01005244 0.00168538 -0.009029388 0.009961068 0.001925885 -0.009006857 0.01204884 0.005937457 -0.008957147 0.01142829 0.004872679 -0.008995234 0.008884549 0.005213975 -0.008963763 0.01179569 0.004239618 -0.009001076 0.009197771 0.00442481 -0.008973181 0.01195794 0.003634691 -0.009007155 0.009447395 0.00361067 -0.008983731 0.01203066 0.00302273 -0.009013712 0.009654462 0.0033679 -0.009009957 0.00954312 2.00123e-4 -0.009048759 0.01008325 0.006586372 -0.008933901 0.01297986 0.005718469 -0.008943915 0.01319277 0.004827499 -0.008955597 0.0132637 0.003921866 -0.008967876 0.01328688 0.006944775 -0.008921384 0.01380372 0.005972802 -0.008933901 0.01389968 -0.001589953 -0.009074866 0.009935379 -0.003068089 -0.009098768 0.009559929 -0.004638314 -0.009126722 0.008875906 -0.003985762 -0.009114742 0.009199321 -0.003868401 -0.009112656 0.009251415 -0.00537163 -0.009140908 0.008436977 -0.006064236 -0.009155035 0.007937431 -0.006123244 -0.009156286 0.007890522 -0.006714642 -0.009169161 0.007377803 -0.007318735 -0.009183228 0.006760001 -0.007867991 -0.009196937 0.006091237 -0.007869243 -0.009196996 0.006089627 -0.008360683 -0.009210348 0.005372226 -0.008786916 -0.009223163 0.004616916 -0.00911045 -0.00923413 0.003914475 -0.009428977 -0.009246647 0.003031015 -0.009641647 -0.009257018 0.002222418 -0.009772539 -0.009265482 0.00149703 -0.009783685 -0.009266376 0.001416325 -0.00985831 -0.009274721 6.21117e-4 -0.009825468 -0.009288132 -8.85539e-4 -0.009607911 -0.009297192 -0.002200663 -0.009812653 -0.009289085 -0.001009166 -0.01161497 -0.009340047 -0.003844141 -0.0105164 -0.009322106 -0.003544688 -0.009312331 -0.009302437 -0.003215253 -0.01011258 -0.009331405 -0.005166411 -0.01091486 -0.009347736 -0.005738258 -0.01006782 -0.009335637 -0.005693256 -0.013659 -0.009381413 -0.00527358 -0.009050488 -0.009305 -0.003885746 -0.009314835 -0.009314477 -0.004523217 -0.008983314 -0.009305417 -0.004037499 -0.008718371 -0.009306728 -0.004578948 -0.008693158 -0.009306848 -0.004626452 -0.01306605 -0.009379804 -0.005993783 -0.01294839 -0.009378373 -0.006014287 -0.01277124 -0.009375989 -0.00601834 -0.0124281 -0.009370923 -0.005981326 -0.009228229 -0.00930339 -0.003446698 -0.009150028 -0.009304165 -0.003647148 -0.01362204 -0.00938183 -0.005372107 -0.01340073 -0.009382426 -0.005774974 -0.01330435 -0.009382009 -0.005872607 -0.01416033 -0.007788777 -0.00703299 -0.01401406 -0.007788121 -0.00715363 -0.01366859 -0.007809817 -0.007313907 -0.01333171 -0.007866442 -0.007342755 -0.01317524 -0.007896006 -0.007331609 -0.01275295 -0.00792545 -0.007302045 -0.01428538 -0.007789134 -0.006904304 -0.0146293 -0.007788717 -0.006396234 -0.01479482 -0.007787644 -0.006049573 0.03528952 -0.00617671 -0.003199279 0.03493493 -0.005088984 -0.003550887 0.02852755 -0.005194008 -0.005277276 0.03039282 -0.005167007 -0.005161583 0.03225934 -0.005137383 -0.004765331 0.03406924 -0.005105614 -0.004045546 0.03317499 -0.005121767 -0.004448592 0.0349726 -0.002694904 -0.003685891 0.03409737 -0.002711594 -0.004186749 0.03319358 -0.002727866 -0.0045951 0.03226864 -0.002743661 -0.00491631 0.03038531 -0.002773404 -0.005319356 0.02850717 -0.002800524 -0.005439519 0.03141659 -0.00493741 0.01827138 0.03030824 -0.004949688 0.01861518 0.03550261 -0.004901826 0.01597231 0.03619122 -0.005994439 0.01527124 0.03638708 -0.004896759 0.0151897 0.03706538 -0.005990624 0.01436907 0.03719657 -0.004893362 0.0143333 0.0325002 -0.004926383 0.01783061 0.03354912 -0.004916727 0.01729738 0.03455328 -0.004908502 0.01667642 0.03520894 -0.002507746 0.01632386 0.03671836 -0.002499103 0.01499205 0.03738826 -0.002496659 0.01425093 0.03031384 -0.002553462 0.0187245 0.03153443 -0.002540111 0.01833909 0.03251141 -0.002530276 0.0179367 0.03346079 -0.002521514 0.01745963 0.03880864 -0.001046597 0.01216751 0.0390318 3.94657e-4 0.01170313 0.03906178 -0.001497507 0.01166754 0.03952163 -0.001501142 0.01058328 0.03990536 -0.001507043 0.009363532 0.04012179 -0.001513183 0.008370578 0.0401656 -0.001514971 0.008105456 0.04028588 -0.001523554 0.006996154 0.04029977 -0.001534759 0.005753755 0.04018354 -0.001547634 0.004526019 0.03800523 -0.001045763 0.0134676 0.03905105 -0.001501619 0.01123654 0.0390262 2.98098e-4 0.01122003 0.03969258 -0.001521408 0.008120954 0.03848725 -0.001587629 0.002726674 0.03889852 -0.0015679 0.004253029 0.03898668 -0.001566648 0.004256725 0.03939032 -0.001576483 0.002580344 0.03994876 -0.001561522 0.003368616 0.03954929 -0.00157541 0.002461135 0.03947997 -0.001575648 0.00253427 0.03958159 -0.001577436 0.002190649 0.039599 -0.001576483 0.00226885 0.03959965 -0.001576066 0.002309739 0.03959053 -0.001575648 0.002369225 0.04006427 -0.001555383 0.003863513 0.03917944 -0.001510083 0.01012343 0.03966772 2.78339e-4 0.008104443 0.03915458 2.89634e-4 0.01010692 0.03901076 2.95356e-4 0.01094633 0.03957551 1.91256e-4 0.002168595 0.03931272 -0.001137554 0.001510858 0.0388661 -0.001152157 5.88603e-4 0.03835171 -0.001167356 -2.87153e-4 0.03717005 -0.001197993 -0.001843452 0.03651124 -0.001213312 -0.002521872 0.03581297 -0.00122857 -0.003128349 0.03938394 2.23443e-4 0.002557992 0.0393843 1.92866e-4 0.00255829 0.03945559 2.34589e-4 0.002524197 0.03948956 1.93521e-4 0.002499639 0.03951233 2.63139e-4 0.002476334 0.03956329 1.93432e-4 0.002404332 0.03956472 3.22506e-4 0.002396702 0.03959357 1.92657e-4 0.002287685 0.02203786 -6.08416e-5 -0.002293646 0.008887588 -2.69279e-4 -0.005201518 0.008996725 -0.00816816 -0.00512892 0.02256757 -0.007953047 -0.002128064 0.02212768 -5.94707e-5 -0.002278029 0.02242964 -2.2243e-4 -0.002283692 0.02261519 -2.81409e-4 -0.002334356 -0.01451766 -0.00519061 -0.007015824 -0.01424413 -0.006961286 -0.007075607 -0.01531785 -0.003407359 -0.005645871 -0.01500141 -0.003410279 -0.006436944 -0.01479095 -0.003410935 -0.006820201 -0.01466572 -0.003410935 -0.007005155 0.0237413 -0.005037784 0.01897847 0.02185016 -0.005066394 0.01873356 0.02918547 -0.00496304 0.01886004 0.02584064 -0.005007386 0.0191043 0.02805924 -0.004977285 0.01901519 0.0218001 -0.002670168 0.0188536 0.02394521 -0.002638041 0.01912134 0.02619653 -0.002605855 0.01922488 0.0280475 -0.002581119 0.01913034 0.02826184 -0.002578377 0.01910686 0.03030401 -0.001103699 0.01874595 0.03152728 -0.001090347 0.01835936 0.03250652 -0.001080513 0.01795578 0.03345811 -0.001071751 0.01747733 0.03521054 -0.001057982 0.01633834 0.03672379 -0.001049339 0.0150029 0.03739535 -0.001046895 0.01425975 0.02670264 -0.005218327 -0.005171418 0.02488231 -0.005241632 -0.004966378 0.02301216 -0.005265951 -0.004800438 0.02103769 -0.005293428 -0.004812002 0.02667486 -0.002824902 -0.005336284 0.02485239 -0.002848267 -0.005132317 0.02298468 -0.002872526 -0.004966259 0.02101659 -0.002899825 -0.00497657 0.02099972 -0.001450836 -0.005027592 0.01267838 -0.005430817 -0.007140278 0.01269638 -0.00303626 -0.007296144 0.01420474 -0.003009676 -0.006671249 0.01464873 -0.005396127 -0.006341636 0.01676684 -0.005360245 -0.00563842 0.01581448 -0.002982079 -0.006094515 0.01676607 -0.002966225 -0.005798399 0.01893055 -0.005325317 -0.005104064 0.01839822 -0.00293976 -0.00537604 0.01891893 -0.002931535 -0.005266547 0.02061527 -0.002905726 -0.005010783 0.02059882 -0.001456677 -0.005061745 0.01580429 -0.001532912 -0.006144046 0.01838451 -0.001490652 -0.005426406 0.01419663 -0.001560449 -0.006720364 0.01268988 -0.001586973 -0.007344901 0.009283781 -0.005492925 -0.008791685 0.007642745 -0.005522727 -0.009582459 0.005869328 -0.005553781 -0.01031374 0.009306252 -0.003098309 -0.008946716 0.007660925 -0.00312829 -0.009738147 0.005878627 -0.003159582 -0.01047062 -0.001432478 -0.003677487 -0.01187485 -0.00129956 -0.003271639 -0.011895 -3.77669e-4 -0.003258645 -0.01186412 -0.00230354 -0.005392372 -0.01171326 -0.00134325 -0.005665719 -0.01173681 -3.37809e-4 -0.005651593 -0.01170533 0.001765668 -0.0056203 -0.01143771 0.003879785 -0.005586922 -0.01095193 -0.001821458 -0.004581272 -0.0118097 0.003875672 -0.00319308 -0.01111018 0.003108263 -0.003205478 -0.01130843 0.001744687 -0.003226935 -0.01159691 -0.005776643 -0.00730288 -0.01039642 -0.005198538 -0.007313191 -0.01070046 -0.004609227 -0.007206499 -0.01097249 -0.004173278 -0.007044136 -0.01115077 -0.003592073 -0.006710171 -0.01135963 -0.003247916 -0.006444573 -0.01146841 -0.002685904 -0.005885303 -0.01162338 -0.006394505 -0.007188081 -0.01002663 -0.006555855 -0.007144749 -0.009921789 -0.00747478 -0.006864309 -0.009250104 -0.008203983 -0.006800413 -0.008608222 -0.00784403 -0.006789743 -0.008939087 -0.007742345 -0.006804466 -0.009027421 -0.008734643 -0.007230639 -0.008056819 -0.008763551 -0.007281422 -0.008024096 -0.008734285 -0.007722973 -0.007980704 -0.008949875 -0.007723867 -0.007804036 -0.008502483 -0.006947219 -0.008308947 -0.008242666 -0.006810188 -0.00857079 -0.001056849 -0.002225279 -0.01193076 -9.61638e-4 -0.001527249 -0.01194626 -3.00749e-4 -0.001808345 -0.01190692 0.005869805 -0.001710355 -0.01051968 0.004522204 -0.001733124 -0.0109694 0.003094375 -0.00175637 -0.0113579 8.01214e-4 -0.001792073 -0.0117926 -0.01396822 -0.004053533 0.003724515 -0.01272642 -0.004052639 0.001954615 -0.01441574 -0.004085183 9.55112e-4 -0.01278585 -0.004057586 0.00150448 -0.01432156 -0.004109621 -0.001848697 -0.01188194 -0.004034519 0.002656459 -0.01195985 -0.004036307 0.0025779 -0.01206094 -0.004038155 0.002532958 0.005456864 -0.003716826 0.01115471 0.005205631 -0.003720462 0.01113969 0.004962205 -0.003723204 0.01120352 -0.01299571 -0.004015922 0.006355881 -0.01095747 -0.003997564 0.005287468 -0.01183778 -0.004032969 0.002757906 -0.01202887 -0.004076063 -0.001641869 -0.01207846 -0.00407654 -0.001618921 -0.01213634 -0.004057884 4.97814e-4 -0.0123288 -0.004079699 -0.00158751 -0.01262962 -0.004059374 0.001078188 -0.0130192 -0.004090428 -0.001716375 -0.01316589 -0.004093647 -0.001844942 -0.01229339 -0.004057526 7.73053e-4 -0.01220744 -0.00405699 7.03372e-4 -0.01215261 -0.004057109 6.07267e-4 -0.01226896 -0.004129528 -0.007099151 -0.01373934 -0.004150807 -0.007201135 -0.01253169 -0.004130899 -0.006851613 -0.01368683 -0.004149079 -0.007093548 -0.0127173 -0.00412923 -0.006389558 -0.01366347 -0.004146635 -0.006864607 -0.01326513 -0.004098415 -0.002214491 -0.01325225 -0.004096448 -0.002019822 0.008491516 -0.003668725 0.01182574 0.006103277 -0.003688991 0.01321196 0.003452599 -0.003717184 0.01413071 0.002406775 -0.003751158 0.01200586 6.74673e-4 -0.003751993 0.01452177 -2.62073e-4 -0.003785967 0.01223117 -0.002126455 -0.003792047 0.01437056 -0.00291568 -0.003825962 0.01186865 -0.009546339 -0.003957152 0.007563829 -0.01153475 -0.003973722 0.008750617 -0.007672488 -0.0039137 0.009477376 -0.009639918 -0.003928542 0.01081907 -0.005426168 -0.003869235 0.01093572 -0.007382154 -0.00388205 0.01248389 -0.004846036 -0.003835976 0.01368266 -0.01246488 -0.004045605 0.002325713 -0.01283442 -0.004087328 -0.00165379 -0.01437062 -5.60179e-4 -0.001881361 -0.01446479 -5.35712e-4 9.22493e-4 -0.01401722 -5.04062e-4 0.003691911 -0.01304477 -4.66451e-4 0.006323277 -0.0115838 -4.24251e-4 0.008718013 -0.009688973 -3.79041e-4 0.01078647 -0.007431209 -3.32549e-4 0.01245129 -0.004895091 -2.86505e-4 0.01365005 -0.002175509 -2.42606e-4 0.01433789 6.25626e-4 -2.02492e-4 0.01448917 0.003403544 -1.67713e-4 0.01409804 0.006054222 -1.3952e-4 0.0131793 0.008478462 -1.18986e-4 0.01176726 0.008527934 -0.003701508 0.01180022 0.005560159 -0.008067429 0.01099938 0.00550282 -0.003917992 0.01096129 0.008930444 -0.003863692 0.01171922 0.01027888 -9.20148e-5 0.01199442 0.01032865 -0.003691494 0.0120275 0.008878648 -1.14218e-4 0.01168477 0.009807884 -0.003699779 0.01191234 0.009530007 -0.003864526 0.01185184 0.0161637 -0.003598988 0.01331776 0.0149694 -0.003617942 0.01305365 0.01491963 -1.84627e-5 0.01302057 0.02272695 -0.007795333 0.01479548 0.0231474 -0.007937848 0.01488935 0.02303618 1.10194e-4 0.01481539 0.01635134 -0.003677129 0.01335978 -0.009201407 -0.008409976 -0.004075944 -0.008402943 -0.008412301 -0.00553441 -0.008548974 -0.00841403 -0.005498528 -0.01248008 -0.008400142 0.001921772 -0.01227355 -0.008394598 0.002214729 -0.01195466 -0.008388698 0.002378344 0.01024502 -0.008092284 0.001249372 0.008861899 -0.008170425 -0.005168855 0.009597539 -0.008146524 -0.003677964 0.02139955 -0.007959365 -0.001055121 0.02270668 -0.007950961 -0.002107441 0.01828819 -0.007944583 0.005225837 0.01830649 -0.00792247 0.007605254 -0.01005804 -0.008376836 8.19556e-4 -0.009932398 -0.008398056 -0.001681149 -0.01179301 -0.008421242 -0.001404881 -0.01213824 -0.008404016 9.88945e-4 -0.01240366 -0.008405447 0.001229822 -0.01252698 -0.008404076 0.00156641 0.01022595 -0.008115589 -0.00125432 -0.01199495 -0.008403062 8.72805e-4 -0.01178616 -0.008385658 0.002453267 -0.01165628 -0.008382678 0.002584159 0.009653508 -0.008078098 0.003682434 0.008487105 -0.008073866 0.005898118 0.006816148 -0.008079826 0.007762908 0.004741251 -0.008095622 0.009164512 0.01987802 -0.007963538 7.74469e-4 0.01882171 -0.007958531 0.002906799 0.01996451 -0.007858932 0.01203131 0.02151405 -0.007820904 0.01383692 0.01887559 -0.007893383 0.009915709 -0.00892955 -0.008419394 -0.005508482 -0.009588301 -0.008429825 -0.005654156 -0.0100317 -0.008435904 -0.005651473 -0.0113995 -0.008433222 -0.003301382 -0.01070594 -0.008440256 -0.005109906 -0.01043039 -0.00843966 -0.005457341 0.002387464 -0.008120298 0.01001834 -1.03257e-4 -0.008152365 0.01027303 -0.002580881 -0.008189916 0.009913146 -0.004896163 -0.008230686 0.008960485 -0.006909549 -0.008272171 0.007472336 0.005246102 -0.008071959 0.01098066 -0.01187634 -0.008404612 5.30213e-4 -0.01190352 -0.008403301 7.12629e-4 -0.009570658 -0.008347511 0.003275394 -0.008499622 -0.008311927 0.005538463 0.008669734 -1.17138e-4 0.01168328 0.008720934 -0.003822922 0.01171731 0.008825957 -0.003854215 0.01170736 -0.009038746 -5.20483e-4 -0.00558108 -0.009697437 -5.30914e-4 -0.005726695 -0.01237785 -5.30228e-4 -0.001620113 -0.01288348 -5.37828e-4 -0.001686394 -0.01193368 -0.004255175 4.92077e-4 -0.01176834 -0.004275739 -0.001996636 -0.01182013 -5.26294e-4 -0.002031087 -0.01142668 -5.35652e-4 -0.003641545 -0.01081508 -5.41374e-4 -0.005182504 -0.01371252 -5.97164e-4 -0.006897211 -0.01413995 -0.005161583 -0.007306814 -0.01428061 -0.00339508 -0.007321 -0.01396387 -0.004329204 -0.007389247 -0.01399451 -0.00338149 -0.007404923 -0.01389241 -0.006918847 -0.007301092 -0.01348024 -0.00686562 -0.007361292 -0.0136711 -0.005121529 -0.007388889 -0.01373189 -0.004352509 -0.007399439 -0.01536369 -0.001959025 -0.005680799 -0.01474171 -0.001637399 -0.00701195 -0.01401966 -0.002394497 -0.007418155 -0.01371103 -5.84796e-4 -0.007013201 -0.0138092 -0.004234075 -0.007287025 -0.0137366 -5.46619e-4 -0.007126688 -0.01442873 -0.001631975 -0.007297694 -0.01331418 -5.48914e-4 -0.002247095 -0.01276636 -5.7973e-4 -0.006422162 -0.01330131 -5.46947e-4 -0.002052426 -0.01321494 -5.44176e-4 -0.001877546 -0.01306825 -5.40957e-4 -0.001748979 -0.009216308 -0.007836043 -0.00748378 -0.009770274 -0.007976889 -0.007094323 -0.009785652 -0.007935464 -0.00713396 -0.009592652 -0.00793159 -0.007195711 -0.009433209 -0.007910311 -0.007283568 -0.0105018 -0.007849335 -0.007146239 -0.01006162 -0.007905364 -0.007115185 -0.01076507 -0.007838129 -0.007164597 -0.01092118 -0.007837295 -0.007175445 -0.01183706 -0.007882535 -0.007238745 -0.01165384 -0.004322469 -0.007255315 -0.01214522 -0.004204452 -0.007166147 -0.01258242 -4.57451e-4 -0.006885349 -0.01270318 -5.496e-4 -0.006665229 -0.01190477 -0.004294335 -0.007241427 -0.01599323 -0.003354072 0.001194894 -0.01548939 -0.005721509 0.003404915 -0.01564949 -0.003329098 0.003406465 -0.01605945 -0.003374814 -9.67685e-4 -0.01602524 -0.003381192 -0.00172168 -0.01587796 -0.003392338 -0.003157794 -0.0154699 -0.003404915 -0.005149066 -0.01575386 -0.003397524 -0.003916084 -0.01551711 -0.001956582 -0.005182087 -0.01592886 -0.001943886 -0.003183901 -0.01611244 -0.001926302 -9.87016e-4 -0.01604706 -0.0019055 0.00118184 -0.01570308 -0.001880407 0.003399372 -0.01513212 -0.0057047 0.004709839 -0.01466137 -0.005686461 0.005994379 -0.01408302 -0.00566703 0.007244169 -0.01340293 -0.005646646 0.008444905 -0.01262706 -0.005625486 0.009582102 -0.01176124 -0.00560379 0.01064145 -0.01081138 -0.005581855 0.01160854 -0.009783327 -0.005559802 0.01246905 -0.01535809 -0.003314971 0.004505515 -0.01498639 -0.003299891 0.00559163 -0.01402151 -0.003267407 0.007681608 -0.01354736 -0.0032534 0.008494138 -0.01282095 -0.003233492 0.009566247 -0.01145088 -0.003199756 0.01118296 -0.01069754 -0.003182768 0.01190084 -0.009899139 -0.003165721 0.01255404 0.01575732 -0.005162358 0.01747769 0.01874953 -0.005114853 0.0181446 0.01569688 -0.002766132 0.01759785 0.01868903 -0.002718627 0.01826465 0.02177554 -0.001220464 0.01887792 0.02392369 -0.001188278 0.01914554 0.02824789 -0.001128613 0.01912975 0.02617877 -0.001156151 0.0192486 -0.01541131 -0.001866221 0.004501283 -0.0150389 -0.001851081 0.005590081 -0.014072 -0.001818478 0.007685184 -0.01286894 -0.001784503 0.009574294 -0.01149594 -0.001750648 0.01119476 -0.01074105 -0.00173366 0.01191431 -0.009941041 -0.001716554 0.01256901 -0.002645134 -0.005434513 0.01544922 -0.005108594 -0.00547415 0.0148127 -0.006331861 -0.005494892 0.01437491 -0.008684635 -0.005537867 0.01321262 -0.00752902 -0.005516171 0.01384472 -3.19622e-4 -0.003002464 0.01594829 -2.61567e-4 -0.005398392 0.01583045 -0.003047764 -0.003044247 0.01549237 -0.009145319 -0.003150463 0.01308214 -0.007416665 -0.003117799 0.0140447 -0.006423354 -0.003100156 0.01447749 -0.005379796 -0.003082215 0.01485818 -0.00519222 -0.003079116 0.01491957 0.008025228 -0.005279958 0.01629894 0.007977962 -0.002883613 0.01642102 0.01005804 -0.005249977 0.01650261 0.01207464 -0.005219519 0.01678878 0.01000779 -0.002853691 0.01662421 0.0120207 -0.002823293 0.01690989 -3.46258e-4 -0.00155282 0.01597201 -0.003077864 -0.001594722 0.01551473 -0.009185791 -0.001701295 0.01309841 -0.007453858 -0.001668512 0.01406329 -0.005413532 -0.001632809 0.0148788 0.001950502 -0.005366146 0.01603221 0.00402534 -0.005336701 0.01612848 0.001899898 -0.00296998 0.01615273 0.00397849 -0.002940416 0.01625031 -0.006491243 -5.03823e-4 -0.007597863 -0.008020222 -5.09903e-4 -0.005961 -0.007908284 -0.008608758 -0.005886614 -0.0080657 -0.008608937 -0.005668818 0.008800685 -0.008368611 -0.004880368 0.00838834 -0.008380413 -0.005541563 0.008276402 -2.81528e-4 -0.005616009 0.007183313 -3.08976e-4 -0.006958603 0.009414374 -0.008348405 -0.003602504 0.009760558 -0.0083341 -0.002564966 0.01003044 -0.008318066 -0.001226425 0.01011443 -0.008306384 -8.36146e-5 0.0100491 -0.008295238 0.001228213 0.009840071 -0.00828725 0.002407908 0.009469211 -0.00828135 0.003613531 0.008954823 -0.008277952 0.004752993 0.005608737 -0.00829035 0.008432984 0.006687462 -0.008283019 0.007614016 0.007514178 -0.008279025 0.006804347 0.008325695 -0.008277177 0.005785763 0.003358244 -0.008311331 0.009536683 0.004653275 -0.008298456 0.008988142 0.002345681 -0.008322656 0.009825229 9.04047e-4 -0.008340537 0.010046 -9.6231e-5 -0.008354127 0.01007491 -0.001599609 -0.00837624 0.009928941 -0.002525269 -0.008390903 0.009722113 -0.003995418 -0.008416116 0.009192943 -0.004795193 -0.008430898 0.008788108 -0.0061329 -0.00845766 0.007884144 -0.006769061 -0.008471548 0.007329165 -0.007877647 -0.008498311 0.006084799 -0.00832796 -0.008510529 0.005433201 -0.009120106 -0.008535504 0.003908038 -0.009782195 -0.008566856 0.001490592 -0.009378015 -0.008545458 0.003214538 -0.009855806 -0.008574187 8.06812e-4 -0.009822309 -0.008590459 -0.001015543 -0.009732663 -0.008594989 -0.001644849 -0.009237885 -0.008604764 -0.003453135 -0.009015977 -0.008606672 -0.003992736 0.002570629 -3.97578e-4 -0.009661853 0.002942085 -3.91469e-4 -0.009555578 0.004778683 -3.58984e-4 -0.008783698 0.00522679 -3.50401e-4 -0.008525013 0.006717145 -3.19556e-4 -0.007409155 4.72911e-4 -4.29526e-4 -0.009985506 2.17662e-4 -4.33132e-4 -0.009994149 -0.002025723 -4.62249e-4 -0.009787797 -0.002147316 -4.6368e-4 -0.00976175 -0.004390776 -4.87462e-4 -0.00897783 -0.006385982 -5.03168e-4 -0.007686555 0.01092034 -7.5415e-5 0.01283639 0.01119178 -0.003670096 0.01305675 0.01114201 -7.06466e-5 0.01302367 0.01183766 -5.73249e-5 0.01342606 0.01240932 -0.003648102 0.01362407 0.01235955 -4.85929e-5 0.01359099 0.01290243 -4.04568e-5 0.0136615 0.01375263 -0.003629505 0.01362299 0.01398289 -2.68968e-5 0.01351362 0.01370286 -3.00558e-5 0.01358991 0.01560902 -0.003621935 0.0116589 0.01571494 -0.003624856 0.01118022 0.01460576 -0.003643095 0.01086318 0.01453423 -0.00365144 0.01006406 0.01570689 -0.003636002 0.009978652 0.01407271 -0.003663837 0.009407877 0.01559555 -0.003615975 0.012326 0.01583981 -0.003606915 0.01294684 0.01188963 -0.003692209 0.009603619 0.01155209 -0.003690183 0.01033145 0.01162362 -0.003681838 0.01113057 0.009811162 -0.003699719 0.01191025 0.01001018 -0.003698706 0.01172089 0.01517838 -0.003653228 0.008899688 0.01423406 -0.003673136 0.008156895 0.01334494 -0.00367701 0.009070336 0.01306092 -0.003691673 0.007897496 0.01254588 -0.003687381 0.009141981 0.01189136 -0.003705322 0.00817281 0.01208513 -0.00366944 0.01178675 0.01281291 -0.003656268 0.0121243 0.01361197 -0.003645896 0.01205265 0.01426821 -0.003641068 0.01159101 0.010957 -0.003711283 0.008928358 0.01044291 -0.003708422 0.01001441 0.01012104 -0.003699481 0.01146948 0.01288175 -0.006157279 0.01195025 0.01284998 -0.003857612 0.01192909 0.01357769 -0.006148219 0.01188784 0.01354593 -0.003848552 0.01186668 0.0141493 -0.006144046 0.01148575 0.01411747 -0.00384432 0.01146465 0.01444327 -0.006145775 0.01085186 0.0144115 -0.003846108 0.0108307 0.01438099 -0.006153047 0.01015585 0.01434922 -0.00385338 0.01013469 0.01397901 -0.006163835 0.009584307 0.01394724 -0.003864169 0.009563148 0.01334518 -0.006175339 0.009290337 0.01331341 -0.003875613 0.009269237 0.01264917 -0.006184339 0.009352743 0.0126174 -0.003884673 0.009331643 0.01207762 -0.006188571 0.009754776 0.01204586 -0.003888905 0.009733676 0.01178359 -0.006186783 0.01038873 0.01175183 -0.003887116 0.01036763 0.01184594 -0.006179571 0.01108473 0.01181417 -0.003879845 0.01106357 0.01224786 -0.006168723 0.01165628 0.01221609 -0.003869056 0.01163512 0.01137465 -0.008699536 0.00951898 0.01153671 -0.008699297 0.009296953 0.0115022 -0.006200909 0.009273946 0.01319736 -0.0086447 0.01274257 0.01275306 -0.006152272 0.01268905 0.01383566 -0.006138205 0.01259201 0.01435482 -0.008632183 0.01236152 0.01466763 -0.008630335 0.01209223 0.01472473 -0.006131649 0.01196658 0.01399749 -0.008635282 0.01256352 0.01387017 -0.008636593 0.01261496 0.01510626 -0.008630633 0.01140081 0.01492047 -0.008629858 0.01176893 0.01475924 -0.008630037 0.01198959 0.01508516 -0.006145715 0.009897828 0.01524722 -0.008636116 0.01059436 0.01518207 -0.00613439 0.01098048 0.01521646 -0.008632779 0.01100426 0.01486611 -0.008652031 0.009435832 0.015069 -0.008645951 0.009795129 0.01511967 -0.008644044 0.009920775 0.01459825 -0.008658587 0.009124457 0.0144599 -0.006162524 0.009008765 0.01449441 -0.008660852 0.009031713 0.01350843 -0.008678734 0.008574426 0.01351058 -0.008678674 0.008574843 0.01347386 -0.006180346 0.008551478 0.01390606 -0.008672177 0.008684873 0.01427394 -0.008665382 0.008870601 0.01309853 -0.008684635 0.008543908 0.01239126 -0.006194412 0.008648574 0.01242578 -0.0086928 0.008671522 0.01162797 -0.008698999 0.009194672 0.01193934 -0.008697152 0.008926212 0.0122984 -0.008694052 0.00872302 0.0111891 -0.008698701 0.009887218 0.0110448 -0.006198167 0.0102601 0.01107937 -0.008696556 0.01028305 0.01114177 -0.006186902 0.01134276 0.01104879 -0.008693218 0.01069432 0.0114305 -0.008677303 0.0118516 0.01122778 -0.008683383 0.01149326 0.01117628 -0.00868529 0.01136571 0.0116986 -0.008670747 0.01216292 0.01176702 -0.006170094 0.01223182 0.01180154 -0.008668482 0.01225477 0.01278758 -0.00865066 0.01271206 0.01239001 -0.008657157 0.01260167 0.01202374 -0.008663892 0.01241695 0.03877395 -0.006133377 0.008266091 0.03894448 -0.006153166 0.005856573 0.03999638 -0.006129026 0.006900012 0.03989112 -0.006151437 0.004623234 0.03683954 -0.006119728 0.01265841 0.03967547 -0.006164312 0.003546893 0.03856253 -0.006180346 0.003471493 0.03935897 -0.006178319 0.002499759 0.03764808 -0.006213545 0.001235902 0.03845506 -0.006208956 5.25128e-4 0.03838986 -0.00610131 0.01233196 0.03891247 -0.006103515 0.01131075 0.03805983 -0.006122052 0.01057368 0.03965872 -0.006112933 0.009160757 0.03988152 -0.006120204 0.008034825 0.03777104 -0.006100952 0.01330184 0.03698408 -0.006102681 0.01429736 0.03787153 -0.006225526 -4.01233e-4 0.03624916 -0.006250977 -7.3297e-4 0.03721106 -0.006242573 -0.001266121 0.03565639 -0.006278038 -0.002786993 0.03816664 -0.001794815 0.002431631 0.03813898 2.04906e-4 0.002413213 0.03755968 1.85534e-4 0.001177132 0.03508871 2.72468e-4 0.0143522 0.03592723 2.76849e-4 0.01356869 0.03402596 2.64987e-4 0.01513445 0.03675115 2.79352e-4 0.01259964 0.03741377 2.79352e-4 0.01160484 0.03797137 2.77027e-4 0.01051491 0.03840446 2.72319e-4 0.009349822 0.0386855 2.65702e-4 0.008207261 0.03884536 2.56136e-4 0.006926596 0.03885608 2.45914e-4 0.005797803 0.03871244 2.31698e-4 0.004467308 0.03874009 -0.001767992 0.004485666 0.03850173 -0.001780986 0.003431081 0.03700637 1.6965e-4 2.80663e-4 0.03435051 1.08406e-4 -0.002390742 0.03541845 1.30996e-4 -0.001538395 0.0361607 1.48102e-4 -7.91777e-4 0.03322303 8.65309e-5 -0.003076136 0.03345847 9.09416e-5 -0.002948641 -0.01219552 -0.004254579 9.50813e-4 -0.012461 -0.00425601 0.001191675 -0.01258432 -0.004254639 0.001528263 -0.01253741 -0.004250705 0.001883625 -0.01233088 -0.004245162 0.002176582 -0.012012 -0.004239261 0.002340197 -0.0118435 -0.004236221 0.00241512 -0.01171362 -0.004233241 0.002546072 -0.01205229 -0.004253685 8.34673e-4 -0.01196086 -0.004253864 6.74497e-4 -0.0118075 -0.004257321 -0.001871764 -0.01192432 -5.25639e-4 -0.001801192 -0.01187342 -0.004208922 -0.001767396 -0.01212751 -5.27069e-4 -0.001651525 0.03285902 1.45583e-5 -0.003185153 0.03328657 2.56046e-4 0.01527374 0.03366988 2.61351e-4 0.01527631 0.005188763 -0.003922522 0.01094251 0.02312546 -0.008125424 -0.002162218 0.02304023 -0.002026081 -0.002217948 0.02294504 -0.00807029 -0.002116203 0.02286076 -0.001971125 -0.002172291 0.008542358 -2.75418e-4 -0.005350291 0.008653163 -0.008296847 -0.00527656 0.008511424 -0.008356869 -0.005393266 -0.01053953 -5.40748e-4 -0.00552994 -0.01014083 -5.37023e-4 -0.005724072 -0.008039355 -0.008588433 -0.005742549 -0.008301377 -5.11423e-4 -0.005704224 -0.008197307 -0.008527696 -0.005626499 -0.008658111 -5.15148e-4 -0.005571126 0.03886258 2.31668e-4 0.004238843 0.03880119 -0.001675009 0.004302859 0.03877484 2.30893e-4 0.004285335 0.03874766 -0.001743733 0.004386484 0.03872036 2.30893e-4 0.004368305 0.03873783 -0.001761794 0.004434287 0.03888785 -0.001579105 0.004255414 0.03896182 2.33069e-4 0.004240214 0.0383709 2.10509e-4 0.002672791 0.03839677 -0.001663029 0.002690017 0.03823161 2.07558e-4 0.002563834 0.03825879 -0.001759409 0.002581954 0.02207738 1.3338e-4 -0.002486228</float_array>
          <technique_common>
            <accessor source="#LINK_THUMB_MID_R-mesh-positions-array" count="3105" stride="3">
              <param name="X" type="float"/>
              <param name="Y" type="float"/>
              <param name="Z" type="float"/>
            </accessor>
          </technique_common>
        </source>
        <source id="LINK_THUMB_MID_R-mesh-normals">
          <float_array id="LINK_THUMB_MID_R-mesh-normals-array" count="17517">0.2971816 -0.004668772 -0.9548096 0.1131979 -0.009024143 -0.9935315 0.2245422 -0.01700204 -0.9743161 0.1915764 -0.006372034 -0.9814571 0.1412345 -0.007145524 -0.9899504 0.1412371 -0.007145941 -0.98995 0.08875805 -0.01100635 -0.9959925 0.2365584 -0.03064101 -0.971134 0.2159962 -0.005987048 -0.9763759 0.2159962 -0.005987167 -0.9763759 0.1515653 -0.006989002 -0.9884226 0.13363 -0.007787525 -0.9910007 0.2149828 -0.006508409 -0.9765962 0.2159997 -0.005988061 -0.9763751 0.2159985 -0.005987823 -0.9763754 0.2517906 -0.01288956 -0.9676959 0.2160087 -0.005986511 -0.9763731 0.2159929 -0.005988121 -0.9763767 0.3397383 -0.007027983 -0.9404939 0.216001 -0.005987882 -0.9763748 0.2794995 -0.004960954 -0.9601331 0.2159957 -0.00598216 -0.976376 0.215857 -0.006280004 -0.9764049 0.1962019 -0.02235382 -0.9803088 0.01381725 -0.9998623 0.00920099 0.01381915 -0.9998624 0.009182274 0.01381969 -0.9998626 0.009163439 0.01381599 -0.9998627 0.009162187 0.01380145 -0.9998639 0.009052336 0.01381844 -0.9998623 0.0091874 0.01372325 -0.9998634 0.009212493 0.01383 -0.9998622 0.009182572 0.01383417 -0.9998621 0.009183406 0.01381868 -0.9998623 0.009186744 0.01381176 -0.9998623 0.009197771 0.01381105 -0.9998641 0.009014487 0.01381134 -0.999864 0.0090155 0.01381474 -0.9998624 0.009187042 0.01381719 -0.9998621 0.00921756 0.01381665 -0.9998623 0.009191453 0.01381528 -0.9998624 0.009193062 0.01382303 -0.999863 0.009115517 0.01378864 -0.9998627 0.009195804 0.01379692 -0.9998625 0.00920701 0.01379632 -0.9998625 0.009208559 0.01380717 -0.9998623 0.009214341 0.01380628 -0.9998625 0.009186506 0.01381641 -0.9998626 0.0091753 0.01381874 -0.9998624 0.009177863 0.01381504 -0.9998621 0.0092175 0.0138145 -0.9998624 0.009193837 0.01381462 -0.9998624 0.009197533 0.01381438 -0.9998624 0.009187519 0.0138005 -0.9998627 0.009185254 0.01379895 -0.9998626 0.009186208 0.01380461 -0.9998626 0.009187877 0.01382803 -0.9998622 0.009187042 0.01382344 -0.9998624 0.009184479 0.01382249 -0.9998624 0.009185314 0.01382333 -0.9998623 0.009186744 0.01381742 -0.9998624 0.009186089 0.01381546 -0.9998624 0.009186506 0.0138123 -0.9998625 0.009187996 0.01381152 -0.9998624 0.009188175 0.01381188 -0.9998625 0.009187638 0.01381325 -0.9998624 0.00918889 0.01382082 -0.9998623 0.00918287 0.01381987 -0.9998624 0.009181261 0.0138185 -0.9998623 0.009186863 0.01381319 -0.9998624 0.009191811 0.01381188 -0.9998625 0.009184002 0.01381194 -0.9998624 0.009189307 0.01380622 -0.9998626 0.009190142 0.01384013 -0.9998621 0.009191334 0.01382225 -0.9998623 0.00919646 0.01381796 -0.9998623 0.009196102 0.01381164 -0.9998624 0.009193897 0.01380902 -0.9998624 0.009193718 0.01381945 -0.9998624 0.009183883 0.01381969 -0.9998624 0.009184002 0.01381444 -0.9998623 0.009195029 0.01381474 -0.9998623 0.00919944 0.01381593 -0.9998623 0.009202599 0.01381558 -0.9998623 0.009203076 0.01380687 -0.9998624 0.009196281 0.0138275 -0.9998623 0.009185135 0.01383423 -0.9998623 0.009174227 0.01381409 -0.9998623 0.009193837 0.01382178 -0.9998623 0.009186625 0.01381278 -0.9998624 0.009194493 0.01380759 -0.9998623 0.00920248 0.01381802 -0.9998624 0.009182989 0.01381981 -0.9998624 0.009185016 0.01381701 -0.9998624 0.009182155 0.01381903 -0.9998622 0.009209871 0.01381909 -0.9998623 0.009195148 0.01382285 -0.9998621 0.009200453 0.01381808 -0.9998623 0.009190559 0.0138545 -0.9998623 0.009150803 0.01381033 -0.9998622 0.00921446 0.01371532 -0.9998651 0.009046852 0.01381248 -0.9998623 0.00921303 0.01376873 -0.9998635 0.009138226 0.01382255 -0.9998619 0.009230256 0.01379883 -0.9998626 0.009186267 0.01382148 -0.9998623 0.00918436 0.01381975 -0.9998623 0.009187936 0.01381677 -0.9998625 0.009180009 0.0138117 -0.9998626 0.00917828 0.01381516 -0.9998625 0.009179472 0.01380676 -0.9998626 0.009176611 0.01381278 -0.9998626 0.009181559 0.01381921 -0.9998625 0.009176135 0.01381886 -0.9998624 0.009176433 0.01383984 -0.9998624 0.009158611 0.0138235 -0.9998624 0.009167194 0.01381701 -0.9998625 0.009181737 0.01381796 -0.9998623 0.009200155 0.01381528 -0.9998623 0.009196281 0.01381409 -0.9998624 0.00918585 0.01381087 -0.9998626 0.009178638 0.01381564 -0.9998625 0.009178519 0.01384395 -0.9998623 0.00914973 0.0138067 -0.9998626 0.009184777 0.0138058 -0.9998626 0.009180843 0.01381593 -0.9998624 0.009185194 0.01381993 -0.9998623 0.009192287 0.01382672 -0.9998623 0.009187579 0.01383334 -0.9998624 0.009168624 0.01382029 -0.9998623 0.00918734 0.01381957 -0.9998623 0.00918889 0.01381218 -0.9998621 0.009230852 0.01381808 -0.9998624 0.009183645 0.01398688 -0.9998574 0.009467422 0.01364797 -0.999873 0.008243799 0.01380848 -0.9998632 0.009111285 0.01381981 -0.9998623 0.009202837 0.01380902 -0.9998625 0.009191632 0.01382195 -0.9998626 0.009166538 0.01382058 -0.9998624 0.009174168 0.01381874 -0.9998624 0.009181141 0.01381099 -0.9998624 0.009203135 0.0138179 -0.9998624 0.009186029 0.01381117 -0.9998625 0.009187638 0.01381427 -0.9998625 0.009184539 0.01382154 -0.9998623 0.009182572 0.01381582 -0.9998624 0.009187817 0.01381397 -0.9998624 0.009188771 0.01381403 -0.9998624 0.009187281 0.01381623 -0.9998624 0.009182751 0.01381808 -0.9998624 0.009188175 0.01378649 -0.9998632 0.009149551 0.01377564 -0.999863 0.009173274 0.01381659 -0.9998624 0.009186089 0.01381766 -0.9998624 0.009183406 0.01381891 -0.9998624 0.009183883 0.01381665 -0.9998623 0.009193599 0.01381182 -0.9998623 0.009199678 0.01381105 -0.9998623 0.009201109 0.01381182 -0.9998624 0.00919038 0.01381611 -0.9998624 0.009187579 0.01381033 -0.9998625 0.009189486 0.01381379 -0.9998625 0.009187638 0.01381826 -0.9998624 0.009185194 0.01380366 -0.9998627 0.00917536 0.01378202 -0.9998629 0.009184062 0.01379722 -0.9998628 0.009177923 0.01377564 -0.9998629 0.009186685 0.0138328 -0.9998621 0.009187757 0.0138266 -0.9998623 0.009194493 0.01382976 -0.9998622 0.009191036 0.01382219 -0.9998622 0.00919938 0.01380872 -0.9998623 0.009208142 0.01379114 -0.9998626 0.00920999 0.01383155 -0.9998622 0.009186267 0.01383101 -0.9998623 0.009185791 0.01383012 -0.9998623 0.009184837 0.01382905 -0.9998623 0.009183824 0.01381742 -0.9998624 0.009185552 0.01381838 -0.9998624 0.009184718 0.01381671 -0.9998624 0.009188055 0.01381456 -0.9998624 0.009188652 0.01381754 -0.9998624 0.009192049 0.01380527 -0.9998624 0.009201347 0.01386731 -0.9998615 0.009209871 0.0137422 -0.9998612 0.009427189 0.01397454 -0.9998617 0.009023606 0.01382237 -0.9998623 0.00918585 0.01382476 -0.9998623 0.009184181 0.01381826 -0.9998624 0.009187698 0.0138126 -0.9998623 0.009198606 0.01380121 -0.9998624 0.009205877 0.01380008 -0.9998624 0.009204208 0.01379865 -0.9998624 0.009204924 0.01383858 -0.9998623 0.009174287 0.01399117 -0.9998583 0.009365677 0.01386845 -0.999861 0.009267508 0.01392322 -0.9998598 0.009311318 0.01385527 -0.9998612 0.009257018 0.01382464 -0.999862 0.009214878 0.01382374 -0.9998621 0.009216725 0.01382112 -0.999862 0.009221613 0.01381832 -0.999862 0.009227037 0.01372295 -0.9998626 0.009300231 0.01399242 -0.9998617 0.008992552 0.01378399 -0.9998628 0.009186446 0.01381564 -0.9998624 0.009187996 0.01379573 -0.9998627 0.009183347 0.0138204 -0.9998622 0.009196341 0.01381069 -0.9998624 0.009203314 0.01378279 -0.9998627 0.009203612 0.0138145 -0.9998624 0.009195148 0.01385641 -0.9998617 0.009202837 0.01381051 -0.9998625 0.009186685 0.01381701 -0.9998625 0.009180784 0.01381462 -0.9998624 0.009190976 0.01382553 -0.9998622 0.00919038 0.01381713 -0.9998623 0.009189188 0.01381301 -0.9998625 0.009188354 0.01380956 -0.9998624 0.009192347 0.01381814 -0.9998624 0.009192824 0.01382136 -0.9998623 0.009191989 0.01382339 -0.9998623 0.009191334 0.01381599 -0.9998624 0.009196698 0.01382738 -0.9998623 0.009183645 0.01382201 -0.9998623 0.009183585 0.01379871 -0.9998626 0.009196519 0.01382493 -0.9998622 0.009189844 0.01381593 -0.9998623 0.009205222 0.01382088 -0.9998623 0.009200811 0.0138176 -0.9998626 0.009168744 0.01382082 -0.9998623 0.009188652 0.01381403 -0.9998624 0.00918591 0.01381462 -0.9998624 0.009190142 0.01381671 -0.9998626 0.009166181 0.01381409 -0.9998626 0.009178459 0.013861 -0.9998625 0.009115338 0.01381599 -0.9998624 0.009190499 0.01381433 -0.9998624 0.009191036 0.01381278 -0.9998624 0.009191334 0.01381146 -0.9998624 0.009191036 0.01381194 -0.9998624 0.009189128 0.0138182 -0.9998624 0.009188771 0.01381033 -0.9998626 0.009182214 0.01385843 -0.9998617 0.009199798 0.7386016 0.6639111 -0.1170036 0.7386374 0.6637802 -0.1175193 0.72383 0.6629743 -0.1911423 0.723826 0.6628512 -0.1915836 0.7027727 0.6620079 -0.260492 0.7027056 0.6619029 -0.2609395 0.6762095 0.6611922 -0.3249089 0.6760419 0.6611173 -0.3254097 0.6444421 0.6606132 -0.3850774 0.6441442 0.6605657 -0.3856568 0.6073912 0.6602715 -0.4417213 0.6069576 0.6602522 -0.4423454 0.5645888 0.6601072 -0.4954777 0.5640509 0.6601114 -0.4960842 0.5151458 0.6599684 -0.5468698 0.5145912 0.6599811 -0.5473763 0.4596659 0.6595947 -0.5946781 0.459281 0.6596202 -0.5949471 0.04686206 0.6883267 -0.7238856 -0.01839679 0.7673692 -0.6409418 0.04138666 0.6799642 -0.7320765 -0.03624624 0.6713551 -0.740249 0.03697276 0.6669101 -0.7442204 -0.04452747 0.6563013 -0.7531839 -0.04216575 0.6568524 -0.7528393 -0.08208537 0.6599996 -0.7467681 -0.07916754 0.6602618 -0.7468513 -0.08436751 0.6635465 -0.7433629 -0.08451128 0.6634284 -0.7434518 -0.03688198 0.6660329 -0.74501 0.2750764 0.6632132 -0.6960468 0.2969676 0.6647506 -0.6855049 0.2912079 0.6649858 -0.6877441 0.1024299 0.6706356 -0.734681 0.1984347 0.6592976 -0.7252243 0.1637419 0.6873792 -0.7076005 0.1986138 0.6630456 -0.7217501 0.1611477 0.6747663 -0.7202236 0.09765893 0.6671301 -0.7385121 0.1365396 0.6655638 -0.733745 0.1393401 0.6468291 -0.7497977 0.2791404 0.6633118 -0.694333 0.266644 0.6650108 -0.6976115 0.2451257 0.6603004 -0.709871 0.2563393 0.6598657 -0.7063055 0.2365161 0.6617897 -0.7114033 0.2223339 0.6770719 -0.7015278 0.08415168 0.6757045 -0.7323538 0.109073 0.6668193 -0.737194 -0.1398584 0.6784597 0.7212019 -0.1284589 0.6684589 0.7325714 -0.1441369 0.6871412 0.7120826 -0.1603921 0.668586 0.7261317 -0.1618716 0.667795 0.7265311 -0.1242731 0.6669598 0.7346569 -0.1007186 0.6697148 0.7357568 -0.1007081 0.6676242 0.7376556 -0.06453317 0.673143 0.7366912 -0.08932209 0.6889646 0.71927 -0.06653428 0.6732407 0.7364239 -0.1687492 0.6664852 0.7261688 -0.1682476 0.6666021 0.7261779 -0.1526849 0.6664147 0.72978 -0.1503098 0.6609455 0.7352266 -0.1214094 0.6663198 0.7357158 -0.123581 0.6655936 0.7360116 -0.1748649 0.665005 0.7260791 -0.1718732 0.670072 0.722124 -0.1711197 0.6713527 0.7211127 0.6090418 0.6681116 0.4274284 0.6058127 0.6696027 0.4296781 0.644471 0.669348 0.3696358 0.6451362 0.669 0.3691048 0.6775175 0.6685314 0.3066529 0.6781884 0.6681458 0.3060094 0.7042252 0.6676108 0.2415838 0.7048237 0.6672416 0.2408573 0.724615 0.666729 0.1743717 0.7250942 0.6664087 0.1736031 0.7385781 0.6659554 0.104909 0.7389168 0.6656998 0.1041433 0.745854 0.6652879 0.03307533 0.746058 0.6650943 0.03235805 0.7460184 0.6646534 -0.0411393 0.7461176 0.6645026 -0.04177141 -0.09163576 0.6666562 0.7397111 -0.09612154 0.665058 0.7405799 -0.05756717 0.6679511 0.7419753 -0.05848193 0.6679865 0.741872 -0.03733593 0.668983 0.7423395 -0.040192 0.6699555 0.7413126 -0.04027593 0.6894651 0.7231984 -0.0443359 0.6859499 0.7262969 0.3233221 0.6624614 -0.6757276 0.3190774 0.663713 -0.6765165 0.3005877 0.6613723 -0.6871927 0.2994529 0.6612843 -0.6877725 0.2542475 0.6590931 -0.7077815 0.2534659 0.6596607 -0.707533 0.3232853 0.666516 -0.6717463 0.306738 0.6867368 -0.6590178 0.3044586 0.680531 -0.6664702 0.007700502 0.6573199 -0.7535725 -0.03198534 0.6583203 -0.7520582 0.4013357 0.6587817 -0.6363462 0.4016228 0.6589249 -0.6360166 0.3270889 0.6571935 -0.6790505 0.3294138 0.6580225 -0.6771211 0.2468255 0.6562143 -0.7130638 0.2503427 0.6572571 -0.7108739 0.1793775 0.6547033 -0.7342938 0.1861741 0.6566919 -0.7308181 0.1206716 0.6554258 -0.7455572 0.1287094 0.657717 -0.7421876 0.06002223 0.6544935 -0.7536814 0.07070493 0.6577189 -0.7499378 0.01915884 0.6592211 -0.7517052 0.5581107 0.6725634 0.4859744 0.5766161 0.6656193 0.4737773 0.5166592 0.6697025 0.5334434 0.1729521 0.6700145 0.7219198 0.1812059 0.6677438 0.7219991 0.2339857 0.6694542 0.7050403 0.2433342 0.6674435 0.7037811 0.2894895 0.6698378 0.6837493 0.3030678 0.6671291 0.6805062 0.3424851 0.6701421 0.6584934 0.3599226 0.666943 0.6524131 0.3932857 0.6704934 0.6290985 0.414237 0.6669655 0.6193261 0.4422409 0.6708999 0.5952448 0.4661977 0.6671477 0.581011 0.4891619 0.6712636 0.5568894 0.5403335 0.666365 0.5138069 0.1311637 0.6686322 0.7319338 0.1084814 0.6698272 0.7345498 0.1003423 0.6678525 0.7374988 -0.07363051 0.6683959 0.7401524 0.06264257 0.6670598 0.7423659 0.05728006 0.6681646 0.7418053 0.01672035 0.6667357 0.7451067 0.01191169 0.6678067 0.7442395 -0.02478069 0.6661885 0.7453716 -0.0291298 0.6671367 0.7443655 -0.06055998 0.6660625 0.7434335 -0.0918262 0.6677572 0.7386937 -0.1275776 0.6659309 0.7350239 -0.750694 0.6403552 0.1624928 -0.7509225 0.6386117 0.1681979 -0.7619466 0.6393054 0.1035678 -0.7627136 0.6372534 0.1103459 -0.7678031 0.6389316 0.04738032 -0.7669519 0.6398695 0.04849636 -0.7686502 0.6396673 -0.001610577 -0.7684864 0.6386399 -0.0395931 -0.7742105 0.6060896 -0.1823561 -0.7324823 0.6372523 -0.2395398 -0.773798 0.6236215 -0.1110535 -0.7561047 0.6392158 -0.1403887 -0.7665537 0.6390355 -0.06347614 -0.4595658 0.6627401 0.5912487 -0.4598574 0.6628033 0.590951 -0.5040833 0.6613361 0.5554589 -0.5021877 0.6608395 0.5577623 -0.5324496 0.6599516 0.5300578 -0.5307568 0.6591409 0.5327575 -0.5657839 0.6576669 0.4973561 -0.5535011 0.6572208 0.5115637 -0.5749969 0.6564223 0.4883528 -0.5967988 0.6551471 0.463264 -0.5953437 0.654567 0.4659487 -0.6194431 0.6534287 0.4351106 -0.6175723 0.6511524 0.4411406 -0.6447358 0.6529929 0.3973867 -0.6388491 0.6478706 0.4148924 -0.6648433 0.6504244 0.3673302 -0.6630959 0.6481109 0.3745079 -0.6856892 0.6470845 0.3333347 -0.6845318 0.6432296 0.3430335 -0.7101252 0.6429684 0.286904 -0.7382605 0.6403253 0.212026 -0.7388451 0.6412934 0.2070045 -0.728626 0.6411088 0.2410055 -0.7294285 0.6409536 0.2389826 -0.714671 0.6433216 0.2745595 -0.6977417 0.6395174 0.3227602 -0.1633173 0.6644952 0.7292281 -0.1596168 0.6664854 0.7282305 -0.07338666 0.6621525 -0.7457671 -0.08380377 0.663677 -0.74331 -0.03940695 0.6650006 -0.7458024 0.04339611 0.6668503 -0.7439271 -0.1532381 0.6650292 0.7309271 -0.1016888 0.6672492 0.7378605 -0.3497324 0.667809 0.6570528 -0.2973027 0.6688082 0.6814007 -0.2827628 0.6675921 0.6887424 -0.2683328 0.6661694 0.6958562 -0.2341305 0.6657328 0.7085075 -0.2365945 0.6663213 0.7071344 -0.1944648 0.6657204 0.7204165 -0.1968536 0.6663175 0.7192146 -0.1574242 0.665827 0.7293094 -0.1245445 0.6606568 0.7402846 -0.4082835 0.6648654 0.6255066 -0.3989045 0.6628674 0.6336262 -0.3351696 0.6680443 0.664363 -0.1311594 0.6670103 0.7334129 -0.09919214 0.6679604 0.7375568 -0.06227558 0.6687397 0.740884 0.2958632 0.6620702 -0.6885695 0.2477571 0.6603166 -0.7089418 0.199062 0.6593628 -0.7249932 0.1330424 0.6615535 -0.738002 -0.05998522 0.6684396 0.7413436 -0.04240536 0.6690709 0.7419878 0.3173658 0.6621406 -0.6788584 0.2975436 0.6605107 -0.6893428 0.2535623 0.6587929 -0.7083064 -0.08332574 0.656061 -0.7500939 -0.07367461 0.6576622 -0.7497016 -0.008006572 0.6550747 -0.7555218 -0.004564046 0.6525814 -0.757705 0.07160145 0.6533461 -0.7536658 0.2033364 0.6587577 -0.7243568 0.03935694 0.6480972 -0.76054 0.0898481 0.6560711 -0.7493318 0.1266263 0.6549913 -0.7449511 0.1313854 0.656169 -0.7430883 0.1643518 0.6556145 -0.7369926 0.1682191 0.656643 -0.7352023 0.1909306 0.6562737 -0.7299661 0.2164244 0.6587778 -0.7205362 -0.4342554 0.6540073 -0.6194327 -0.4850212 0.662037 -0.5713682 -0.5020236 0.6557525 -0.5638803 -0.4549391 0.6541985 -0.6041977 -0.4008639 0.6526134 -0.6429649 -0.3406316 0.6489231 -0.6803447 -0.3626449 0.6530452 -0.6648464 -0.1434467 0.6575192 -0.7396565 -0.1524505 0.6558374 -0.7393485 -0.215648 0.6565713 -0.7227795 -0.2332847 0.6523672 -0.721107 -0.2844825 0.653427 -0.7015005 -0.3309996 0.6541844 -0.6800603 0.9854351 0.08379989 -0.1479701 0.9877256 0.05511796 -0.1461515 0.9658297 0.08256238 -0.2456754 0.9671377 0.05376285 -0.248504 0.9379627 0.08128362 -0.3370742 0.9405063 0.05012011 -0.3360596 0.9030303 0.08001655 -0.4220587 0.9049603 0.05016881 -0.4225282 0.8614903 0.07877898 -0.5016258 0.8633478 0.04911345 -0.5022135 0.8132153 0.07757902 -0.5767689 0.8134049 0.04151803 -0.5802143 0.7574872 0.07639658 -0.6483648 0.7604053 0.04090499 -0.6481595 0.692985 0.07519274 -0.7170202 0.6955719 0.04164838 -0.7172484 0.6188203 0.07353556 -0.7820831 0.6214308 0.04300528 -0.7822879 0.9838743 0.1008647 -0.1477082 0.964313 0.09960722 -0.2453142 0.9364935 0.09830212 -0.3366255 0.9016096 0.09702003 -0.4215297 0.8601179 0.09578567 -0.5010213 0.8118782 0.09460049 -0.5761116 0.7561747 0.09345585 -0.647662 0.6916747 0.09230226 -0.7162866 0.6190434 0.09111791 -0.7800531 -0.01380383 0.9998626 -0.009185492 -0.01380926 0.9998626 -0.009188354 -0.01379138 0.9998628 -0.00918591 -0.01379817 0.9998626 -0.009188234 -0.01381826 0.9998623 -0.009188055 -0.01383328 0.9998621 -0.009194672 -0.01383751 0.9998622 -0.009182989 -0.01382154 0.9998627 -0.009146988 -0.013839 0.9998621 -0.009176909 -0.01381164 0.9998629 -0.009146094 -0.01382076 0.9998624 -0.009188175 -0.01381814 0.9998624 -0.009187221 -0.0138275 0.9998623 -0.009188652 -0.0138278 0.9998622 -0.00918895 -0.0138148 0.9998624 -0.009186387 -0.01380962 0.9998624 -0.009188771 -0.01380467 0.9998624 -0.009202361 -0.01379722 0.9998626 -0.009204328 -0.01382458 0.9998622 -0.00919187 -0.01384407 0.9998621 -0.009176373 -0.01385098 0.999862 -0.009177565 -0.01380234 0.9998624 -0.009212136 -0.01379686 0.9998623 -0.009218513 -0.01379781 0.9998624 -0.009218394 -0.01380312 0.9998623 -0.009217262 -0.01380717 0.9998624 -0.009198904 -0.01381319 0.9998625 -0.009186267 -0.01382011 0.9998622 -0.009206175 -0.0138005 0.9998624 -0.009210824 -0.01379776 0.9998626 -0.009192347 -0.01382571 0.9998623 -0.009181141 -0.01382696 0.9998624 -0.009172022 -0.01382976 0.9998624 -0.009164512 -0.01382386 0.9998626 -0.009156882 -0.01381421 0.9998623 -0.009193122 -0.01381206 0.9998624 -0.009195029 -0.01380372 0.9998629 -0.009161353 -0.01382213 0.9998623 -0.009183883 -0.01381975 0.9998624 -0.009187757 -0.0138216 0.9998623 -0.009190797 -0.0138157 0.9998624 -0.009186446 -0.01381242 0.9998624 -0.009195148 -0.01381891 0.9998623 -0.009195208 -0.0138176 0.9998623 -0.009189546 -0.01383298 0.9998623 -0.00918281 -0.01381504 0.9998623 -0.009204447 -0.01381242 0.9998624 -0.009191274 -0.01382344 0.9998625 -0.009171128 -0.01382482 0.9998623 -0.0091874 -0.01390331 0.9998612 -0.009176075 -0.01381731 0.9998624 -0.009181916 -0.01381605 0.9998623 -0.009187042 -0.0138207 0.9998624 -0.009178817 -0.01381164 0.9998624 -0.009192705 -0.0138086 0.9998626 -0.009185969 -0.0138269 0.9998623 -0.009182274 -0.01381838 0.9998624 -0.009187996 -0.01381349 0.9998624 -0.009187102 -0.01380676 0.9998626 -0.009187638 -0.01380819 0.9998626 -0.009171545 -0.01381808 0.9998625 -0.009175598 -0.01381146 0.9998624 -0.009187579 -0.01381629 0.9998624 -0.009189844 -0.01382416 0.9998622 -0.00919193 -0.01381051 0.9998625 -0.009185791 -0.01383537 0.9998622 -0.009185373 -0.01381051 0.9998625 -0.00918138 -0.01381427 0.9998624 -0.009188532 -0.01382607 0.9998622 -0.009198486 -0.01377671 0.9998627 -0.009211659 -0.01384538 0.999862 -0.009190738 -0.01393395 0.9998599 -0.009278476 -0.01421141 0.9998552 -0.009375274 -0.01382029 0.9998624 -0.009188175 -0.01384025 0.9998621 -0.009183526 -0.01383972 0.9998621 -0.00919336 -0.01503938 0.999836 -0.01009958 -0.01381039 0.9998624 -0.009186506 -0.01381176 0.9998624 -0.009182095 -0.01381403 0.9998624 -0.009191632 -0.01480448 0.9998412 -0.009926557 -0.0137934 0.9998628 -0.009181141 -0.01943188 0.9997527 -0.01081317 -0.0153563 0.9998357 -0.009639739 -0.01383376 0.9998621 -0.009189128 -0.01397025 0.9998599 -0.009218454 -0.01385408 0.9998617 -0.009207785 -0.01380604 0.9998625 -0.009188354 -0.01381832 0.9998624 -0.009189248 -0.01381999 0.9998624 -0.009180426 -0.01395636 0.9998601 -0.009220123 -0.01369082 0.9998643 -0.009166479 -0.0138151 0.9998624 -0.009185791 -0.01358681 0.9998664 -0.009091496 -0.01381343 0.9998624 -0.009188175 -0.01381444 0.9998623 -0.009199798 -0.01382976 0.9998622 -0.009192943 -0.01382476 0.9998623 -0.00919187 -0.01381641 0.9998624 -0.009192466 -0.01380562 0.9998626 -0.009180486 -0.01381313 0.9998625 -0.009178519 -0.01381278 0.9998624 -0.009185075 -0.01379495 0.9998627 -0.009176015 -0.01385873 0.9998617 -0.009202122 -0.01382005 0.9998623 -0.009194552 -0.01383584 0.999862 -0.009198486 -0.01380556 0.9998625 -0.009191215 -0.01381194 0.9998624 -0.009187102 -0.01382577 0.9998622 -0.009189128 -0.01381272 0.9998624 -0.009193778 -0.01381909 0.9998624 -0.009182333 -0.01365399 0.9998649 -0.009156942 -0.01367402 0.9998645 -0.009162843 -0.01381194 0.9998626 -0.009180247 -0.01381683 0.9998624 -0.009189963 -0.01381689 0.9998624 -0.00918734 -0.01381516 0.9998624 -0.009184241 -0.01380991 0.9998625 -0.00918138 -0.01381927 0.9998624 -0.009189844 -0.01382488 0.9998621 -0.009197711 -0.01381462 0.9998624 -0.009189367 -0.01381498 0.9998624 -0.009188652 -0.0138185 0.9998624 -0.009189903 -0.01381045 0.9998625 -0.009185433 -0.0138303 0.9998621 -0.009195446 -0.01382827 0.9998622 -0.009187459 -0.01381945 0.9998623 -0.009190142 -0.01381146 0.9998624 -0.009195804 -0.01381367 0.9998624 -0.009194612 -0.01381146 0.9998623 -0.009203135 -0.01381283 0.9998624 -0.009182214 -0.01380831 0.9998625 -0.009188294 -0.0138179 0.9998624 -0.009191036 -0.01383262 0.9998621 -0.009195029 -0.01382225 0.9998623 -0.009192228 -0.01381051 0.9998625 -0.009181618 -0.01381897 0.9998623 -0.009193837 -0.01379579 0.9998627 -0.009188294 -0.01381772 0.9998624 -0.009187757 -0.01381236 0.9998623 -0.009197652 -0.0138117 0.9998624 -0.009185671 -0.01381897 0.9998623 -0.009188592 -0.0138269 0.9998621 -0.009203076 -0.01381802 0.9998624 -0.009186446 -0.01382249 0.9998623 -0.009193241 -0.01382112 0.9998623 -0.009189605 -0.01380431 0.9998625 -0.00919491 -0.01380884 0.9998624 -0.009193301 -0.01382714 0.9998621 -0.009192287 -0.01378035 0.999863 -0.00917375 -0.01381224 0.9998625 -0.009186029 -0.01381242 0.9998624 -0.009194314 -0.01380252 0.9998626 -0.009182393 -0.01381295 0.9998625 -0.009186863 -0.01380974 0.9998625 -0.009181141 -0.01381593 0.9998623 -0.00919944 -0.01383453 0.9998621 -0.009191989 -0.01382219 0.9998623 -0.009189188 -0.01381856 0.9998623 -0.009193122 -0.01382017 0.9998624 -0.0091843 -0.01375377 0.9998634 -0.009170353 -0.01380169 0.9998627 -0.009183466 -0.01381611 0.9998623 -0.009189665 -0.01382434 0.9998623 -0.009194612 -0.01380831 0.9998626 -0.009175598 -0.01380419 0.9998626 -0.009177029 -0.01381945 0.9998622 -0.009200453 -0.01381647 0.9998624 -0.009185194 -0.01381868 0.9998623 -0.009188413 -0.01381176 0.9998625 -0.009185254 -0.01381313 0.9998625 -0.009186625 -0.01382434 0.9998623 -0.009191215 -0.01382374 0.9998622 -0.009192168 -0.01381844 0.9998623 -0.009188711 -0.01382011 0.9998623 -0.009191572 -0.01381075 0.9998624 -0.009187221 -0.01381951 0.9998623 -0.009187161 -0.01381444 0.9998624 -0.009186685 -0.01382231 0.9998623 -0.009194195 -0.01381349 0.9998624 -0.0091843 -0.01381319 0.9998624 -0.009194076 -0.01382231 0.9998622 -0.009195625 -0.01382029 0.9998624 -0.009185314 -0.01382529 0.9998623 -0.009185433 -0.01383346 0.9998622 -0.009184539 -0.01381158 0.9998625 -0.009182989 -0.01382404 0.9998621 -0.009198725 -0.01382321 0.9998624 -0.009185254 -0.01380014 0.9998627 -0.009172558 -0.0138185 0.9998625 -0.009177148 -0.0138241 0.9998624 -0.009172976 -0.01382589 0.9998624 -0.009180188 -0.01380622 0.9998624 -0.009192705 -0.0138098 0.9998624 -0.009196817 -0.0138033 0.9998625 -0.009196937 -0.01382356 0.9998623 -0.009188413 -0.01381927 0.9998623 -0.009196877 -0.01382225 0.9998622 -0.009196102 -0.01380407 0.9998625 -0.009194016 -0.0138095 0.9998626 -0.009175539 -0.01379013 0.9998629 -0.009180128 -0.01381248 0.9998626 -0.009170651 -0.01380574 0.9998626 -0.009176969 -0.01379913 0.9998627 -0.009183645 -0.0138058 0.9998626 -0.009184896 -0.01381063 0.9998625 -0.009183287 -0.01382762 0.9998623 -0.009178698 -0.01381999 0.9998624 -0.009186089 -0.01383888 0.9998619 -0.009206295 -0.01382982 0.9998621 -0.009206533 -0.01382333 0.9998623 -0.009195864 -0.01389968 0.9998614 -0.009175479 -0.01401972 0.9998599 -0.009144067 -0.01382547 0.9998622 -0.009189724 -0.01382827 0.9998621 -0.009192585 -0.01382935 0.9998621 -0.009192526 -0.01382613 0.9998624 -0.00918138 -0.01382488 0.9998622 -0.009189844 -0.01383286 0.9998622 -0.009189188 -0.01383596 0.999862 -0.009201407 -0.01382559 0.9998623 -0.009187281 -0.0138086 0.9998617 -0.009277164 -0.01379185 0.999862 -0.009278714 -0.01381486 0.9998624 -0.00918585 -0.01382946 0.9998621 -0.00919646 -0.01382243 0.9998623 -0.009195744 -0.0138154 0.9998624 -0.009191632 0.8640128 0.08968555 0.4954173 0.8130343 0.0887553 0.5754109 0.815142 0.05613905 0.5765344 0.9972847 0.05577468 -0.04808753 0.9952322 0.08489978 -0.04800939 0.9970858 0.05771291 0.04989337 0.9950678 0.08582937 0.049735 0.9900824 0.05578833 0.1289369 0.9857492 0.08767944 0.1435649 0.981625 0.05534762 0.1826171 0.967607 0.08825266 0.2365337 0.9418073 0.08845669 0.3243061 0.9511549 0.05500763 0.3037739 0.9690445 0.05577826 0.2405031 0.9073305 0.08993864 0.4106857 0.9211664 0.05535894 0.3852115 0.9380779 0.05753463 0.3416134 0.8582961 0.05434352 0.5102692 0.8842742 0.05787122 0.4633682 0.9050262 0.05694854 0.4215266 0.8114376 0.1060154 0.5747433 0.8628622 0.10581 0.4942399 0.9057202 0.1054556 0.4105486 0.9400811 0.1049824 0.3243862 0.9662036 0.1044045 0.235691 0.9840918 0.1037202 0.1442408 0.9934436 0.1029204 0.04977339 0.9936349 0.1019788 -0.04785388 -0.01377516 0.999863 -0.009175956 -0.01382011 0.9998624 -0.009191632 -0.01381081 0.9998625 -0.009191334 -0.0138126 0.9998625 -0.009185969 -0.01381444 0.9998624 -0.009185314 -0.01382356 0.9998623 -0.009197771 -0.01382052 0.9998623 -0.009190082 -0.01379531 0.999863 -0.009143352 -0.01380693 0.9998629 -0.009156584 -0.01382732 0.999862 -0.009208321 -0.01383328 0.9998619 -0.009216129 -0.01364618 0.9998646 -0.009209394 -0.0138024 0.9998628 -0.009167909 -0.01380795 0.9998626 -0.009177446 -0.0136587 0.9998644 -0.009207606 -0.0138216 0.9998624 -0.009176611 -0.0138179 0.9998626 -0.009173691 -0.0139386 0.9998612 -0.009121119 -0.01378345 0.9998628 -0.009193718 -0.0139355 0.9998615 -0.009105801 -0.01377499 0.9998629 -0.009191274 -0.01380759 0.9998626 -0.009173572 -0.01381468 0.9998626 -0.009171009 -0.01381486 0.9998624 -0.009185731 -0.01381856 0.9998624 -0.009179711 -0.01381194 0.9998624 -0.009186863 -0.01381051 0.9998625 -0.009191453 -0.01381158 0.9998625 -0.009182929 -0.01382243 0.9998624 -0.009178102 -0.0138272 0.9998624 -0.00916922 -0.01381033 0.9998625 -0.009187102 -0.01380676 0.9998627 -0.009173393 -0.01381868 0.9998623 -0.009200215 -0.0138176 0.9998622 -0.009213149 -0.0138241 0.9998623 -0.009188294 -0.01384329 0.9998622 -0.00917375 -0.01381599 0.9998624 -0.009185314 -0.01382315 0.9998624 -0.009185194 -0.01385182 0.9998622 -0.009157896 -0.01378548 0.999862 -0.009283363 -0.01383799 0.9998628 -0.009108781 -0.01380956 0.9998624 -0.009190917 -0.01381033 0.9998615 -0.009292185 -0.01380592 0.9998618 -0.009264647 -0.01381635 0.9998623 -0.009188771 -0.01380187 0.9998624 -0.009200155 -0.01380223 0.9998626 -0.009194016 -0.01382088 0.9998624 -0.009181976 -0.01380646 0.9998622 -0.009219765 -0.01382207 0.9998624 -0.009180784 -0.01379233 0.9998621 -0.009249627 -0.01382136 0.9998624 -0.009180128 -0.01382404 0.9998626 -0.009158849 -0.01379173 0.999862 -0.00927025 -0.01384788 0.9998628 -0.009100675 -0.01383322 0.9998625 -0.009154617 -0.01375406 0.9998633 -0.009174048 -0.01383978 0.9998627 -0.009109497 -0.0138362 0.9998627 -0.009130597 -0.01378673 0.999862 -0.009266376 -0.01381957 0.9998623 -0.009189605 -0.01381832 0.9998624 -0.009180963 -0.01381659 0.9998623 -0.009191155 -0.01381748 0.9998628 -0.0091452 -0.01381307 0.9998624 -0.00919032 -0.01381778 0.9998627 -0.009150624 -0.01381546 0.9998624 -0.009186863 -0.01381689 0.9998624 -0.009190261 -0.01381582 0.9998624 -0.009187698 -0.01381611 0.9998625 -0.009178519 -0.01381272 0.9998624 -0.009188711 -0.01381993 0.9998623 -0.009194672 -0.01381647 0.9998625 -0.009179532 -0.01382136 0.9998623 -0.009200692 -0.01382195 0.9998623 -0.009198367 -0.01382172 0.9998622 -0.009195208 -0.01381891 0.9998623 -0.009189188 -0.0138117 0.9998626 -0.009176552 -0.01380938 0.9998626 -0.009174048 -0.01381146 0.9998626 -0.009182333 -0.01381182 0.9998626 -0.009177327 -0.01382285 0.9998622 -0.009197771 -0.01381999 0.9998622 -0.00920087 -0.01432549 0.9998463 -0.01010441 -0.01382219 0.9998623 -0.009191632 -0.01421421 0.99985 -0.009900927 -0.01385527 0.9998614 -0.00923407 -0.01381415 0.9998625 -0.009182572 -0.0137943 0.999863 -0.009158968 -0.01379674 0.9998629 -0.009162127 -0.01384627 0.9998616 -0.009225308 -0.01383668 0.9998619 -0.009211719 -0.01381182 0.9998624 -0.009186327 -0.01383882 0.9998618 -0.009214758 -0.01384389 0.9998618 -0.00921303 -0.01381319 0.9998624 -0.009191513 -0.01384681 0.9998617 -0.009216964 -0.01380687 0.9998626 -0.009186029 -0.01382446 0.9998622 -0.009193301 -0.01381123 0.9998626 -0.009183645 -0.01381492 0.9998624 -0.00918895 -0.01382464 0.9998623 -0.009189903 -0.01380956 0.9998625 -0.009186685 -0.01382529 0.9998622 -0.009192287 -0.01382112 0.9998623 -0.009191632 -0.01381403 0.9998624 -0.009190201 -0.01381438 0.9998624 -0.009188175 -0.0138204 0.9998623 -0.009189069 -0.01381003 0.9998624 -0.009194672 -0.01381647 0.9998623 -0.00918883 -0.01380836 0.9998625 -0.009191691 -0.01381057 0.9998624 -0.009185373 -0.01381677 0.9998624 -0.009184479 -0.01382058 0.9998622 -0.009196817 -0.01379776 0.9998625 -0.009202241 -0.01381546 0.9998624 -0.009188771 -0.01381063 0.9998625 -0.009184837 -0.0138036 0.9998626 -0.00919491 -0.01382476 0.9998623 -0.009189188 -0.01381927 0.9998623 -0.009188175 -0.0138145 0.9998624 -0.009184122 -0.01382869 0.9998622 -0.009186267 -0.01380568 0.9998625 -0.009197294 -0.01382315 0.9998623 -0.009189963 -0.01378548 0.9998631 -0.009165406 -0.01363033 0.9998641 -0.009284198 -0.01381993 0.9998624 -0.009188532 -0.0138092 0.9998626 -0.009186506 -0.0138179 0.9998624 -0.009185671 -0.01381295 0.9998624 -0.00918585 -0.01381939 0.9998623 -0.00919491 -0.01380461 0.9998627 -0.009170234 -0.01380783 0.9998625 -0.009189188 -0.01383334 0.9998621 -0.009185492 -0.01382058 0.9998623 -0.009185612 -0.01381516 0.9998626 -0.009167253 -0.01381462 0.9998624 -0.009186863 -0.01381236 0.9998624 -0.009192824 -0.0138027 0.9998627 -0.009184062 -0.01382285 0.9998623 -0.009192228 -0.0138098 0.9998624 -0.00919348 -0.01382964 0.9998622 -0.00918889 -0.01384592 0.9998621 -0.00917679 -0.01380014 0.9998627 -0.009176075 -0.01380944 0.9998624 -0.009193956 -0.0138154 0.9998624 -0.009191215 -0.01380699 0.9998626 -0.009190917 -0.01381641 0.9998623 -0.009191751 -0.01382285 0.9998622 -0.009192168 -0.01382637 0.9998622 -0.009193599 -0.01381903 0.9998623 -0.009195268 -0.01365351 0.9998639 -0.009274661 -0.01399886 0.9998587 -0.009313344 -0.01380175 0.9998627 -0.009181976 -0.01383095 0.9998623 -0.0091843 -0.01381242 0.9998625 -0.009181261 -0.01379871 0.9998627 -0.009188055 -0.01382124 0.9998623 -0.009190797 -0.01382273 0.9998624 -0.009178161 -0.01381731 0.9998623 -0.009189665 -0.0138185 0.9998624 -0.009184956 -0.01431757 0.9998522 -0.009532153 -0.01397854 0.9998595 -0.009255111 -0.01380532 0.9998626 -0.009182929 -0.01381218 0.9998625 -0.009186863 -0.01384264 0.9998621 -0.009185671 -0.0138266 0.9998623 -0.009188652 -0.0138176 0.9998624 -0.009187936 -0.01381981 0.9998624 -0.009187459 -0.01380705 0.9998623 -0.009216547 -0.01381283 0.9998623 -0.009204685 -0.01378369 0.999863 -0.009176492 -0.01382607 0.9998623 -0.009186804 -0.01381391 0.9998626 -0.009174704 -0.0138114 0.9998626 -0.009173333 -0.01381534 0.9998623 -0.009204208 -0.01381391 0.9998625 -0.009181499 -0.01381409 0.9998624 -0.009182393 -0.01383376 0.9998621 -0.009182512 -0.01382076 0.9998623 -0.009185612 -0.01383483 0.9998624 -0.009166061 -0.01383316 0.9998624 -0.009161174 -0.01382035 0.9998623 -0.009186923 -0.01381921 0.9998623 -0.009187996 -0.01381468 0.9998624 -0.009192883 -0.01381444 0.9998623 -0.009201943 -0.01382017 0.9998625 -0.009178698 -0.6321963 0.6268617 -0.4553816 -0.457458 0.6500044 -0.6068167 -0.428866 0.6551476 -0.6219772 -0.2425368 0.6588576 -0.7120974 -0.297973 0.6582002 -0.6913644 -0.15632 0.654055 -0.740119 -0.07937508 0.6537631 -0.7525247 -0.05522572 0.6551095 -0.7535129 0.0305981 0.6426234 -0.7655711 0.07676535 0.6531629 -0.7533162 0.0200839 0.6563714 -0.7541706 -0.6814626 0.6352538 -0.3634026 -0.7668933 0.5947099 -0.241236 -0.719107 0.6124991 -0.3282226 -0.5971061 0.6392172 -0.4846294 -0.5175184 0.6467105 -0.5603038 0.106908 0.02869528 -0.9938548 0.003228127 0.03306949 -0.999448 -3.37171e-4 0.06542199 -0.9978576 0.177015 0.0311073 -0.9837165 0.1318272 0.06573843 -0.9890905 0.2683134 0.06894731 -0.9608612 0.3703371 0.07763922 -0.9256472 0.3117968 0.03628623 -0.9494557 0.2535182 0.03353685 -0.9667491 0.4484769 0.07500714 -0.8906417 0.4272636 0.03795641 -0.9033301 0.3697143 0.03285008 -0.9285646 0.5367727 0.07152199 -0.8406901 0.5337041 0.03208398 -0.8450626 0.4757131 0.03426873 -0.8789328 -0.02995991 0.08498656 -0.9959316 0.0364173 0.08340072 -0.9958505 0.5433473 0.09053635 -0.8346118 0.4486431 0.09197717 -0.8889656 0.3366805 0.08376663 -0.9378857 0.2626842 0.08148777 -0.9614349 0.1832019 0.08289426 -0.9795742 0.1062954 0.08554446 -0.9906481 0.7560817 0.0546981 0.6521876 0.7548084 0.08875876 0.6499124 0.6930619 0.05126613 0.7190529 0.6924276 0.08864247 0.7160212 0.6416919 0.05053621 0.7652958 0.6274865 0.08951902 0.7734643 0.599637 0.05591285 0.7983165 0.5580318 0.08919036 0.8250125 0.2529791 0.08711218 0.963542 0.2509932 0.0483427 0.966781 0.3347071 0.08749514 0.9382515 0.3360403 0.05315339 0.9403467 0.4130254 0.08778566 0.9064788 0.4146083 0.0549215 0.9083411 0.4874952 0.08802747 0.868677 0.4904919 0.05462008 0.8697324 0.5537281 0.04998576 0.8311959 0.2510819 0.1051989 0.9622324 0.332887 0.1054293 0.9370544 0.4112949 0.105562 0.9053691 0.4858416 0.1056582 0.8676372 0.5570882 0.1057576 0.8236917 0.6254026 0.1058717 0.7730866 0.6908736 0.1059834 0.7151651 0.7532391 0.1060536 0.6491406 -0.8837487 0.05548977 -0.4646602 -0.7769578 0.06931787 -0.625725 -0.765651 0.03757017 -0.6421583 -0.6508667 0.05981785 -0.7568318 -0.6763863 0.07380551 -0.73284 -0.5218573 0.03445661 -0.8523366 -0.9496114 0.02827835 -0.3121516 -0.9517005 0.04736918 -0.3033519 -0.8981517 0.0241962 -0.4390195 -0.7740754 0.02095699 -0.6327466 -0.09556353 0.08409458 0.9918649 -0.1583122 0.08490663 0.9837318 -0.1568338 0.04905706 0.9864059 0.1851255 0.03744286 0.9820013 0.1741054 0.08640474 0.980929 0.1257874 0.05249631 0.9906673 0.08711427 0.08707487 0.9923856 -0.09590107 0.04989135 0.9941398 -0.03256571 0.04938089 0.9982491 -0.01300948 0.08549743 0.9962535 0.0220946 0.05235779 0.9983839 0.07904464 0.05043935 0.9955943 0.1851592 0.1047775 0.9771068 0.1431882 0.1038441 0.9842325 0.0871756 0.09796261 0.9913646 0.04138666 0.08722198 0.9953289 -0.02561616 0.1004716 0.9946101 -0.1590631 0.1037117 0.9818059 -0.1098967 0.1036172 0.9885273 -0.06491833 0.09562832 0.993298 0.2428397 0.02863347 0.9696438 0.2430368 0.02008479 0.9698091 0.3420926 0.02110904 0.9394291 0.4952564 0.02760398 0.8683083 0.4154401 0.03079503 0.9090991 0.3425097 0.03019809 0.9390289 0.4161269 0.02180147 0.9090452 0.4983204 0.02250379 0.866701 0.6051595 0.0232678 0.7957642 0.605944 0.02398687 0.7951456 0.7060183 0.03290259 0.7074289 0.70293 0.02379471 0.710861 0.767609 0.02403128 0.6404679 0.7669607 0.03514671 0.6407308 0.8225775 0.02411425 0.5681415 0.8210183 0.03163439 0.5700247 -0.9827264 0.05139058 -0.1777858 -0.9779723 0.05324959 0.2018288 -0.9725621 0.07596635 0.2198908 -0.9883862 0.06156444 0.1389335 -0.9763934 0.02723246 0.2142765 -0.9960721 0.05554771 0.06895613 -0.9948947 0.03294873 0.09538912 -0.9881041 0.01972359 0.1525164 -0.9959179 0.05524218 -0.07138562 -0.9990878 0.03083717 -0.02954286 -0.9985278 0.05409348 0.004011452 -0.9995716 0.02714771 0.01094681 -0.998264 0.02810609 0.05176091 -0.9791459 0.02661818 -0.2014076 -0.9909218 0.02947014 -0.1311697 -0.9968942 0.02620565 -0.07426506 -0.08553999 0.06716114 -0.9940686 -0.0850858 0.02862262 -0.9959625 -0.1006957 0.06751739 -0.9926237 -0.100212 0.02766209 -0.9945816 -0.042086 0.06863123 -0.996754 -0.04208582 0.02851456 -0.9987071 0.07042121 0.07009959 -0.9950513 0.06991469 0.02891856 -0.9971338 -0.08704501 0.0850777 -0.9925649 -0.1009087 0.0859155 -0.9911792 -0.04158955 0.08734691 -0.9953094 0.07054138 0.08864176 -0.9935626 0.6300275 0.01815599 -0.7763606 0.6297418 0.009108126 -0.7767512 0.5603235 0.007697045 -0.8282381 0.5614622 0.01423287 -0.8273801 0.4470425 0.008773446 -0.8944698 0.4449329 0.005537688 -0.8955468 0.2981112 0.003039717 -0.9545263 0.2949048 0.006798505 -0.9555026 0.1670743 0.009762644 -0.9858961 0.167308 0.001056432 -0.9859041 0.07239598 -2.8567e-4 -0.9973759 0.06608682 0.02107399 -0.9975913 -0.01086825 -0.001401603 -0.99994 -0.00842005 0.01162755 -0.999897 0.1720992 0.03748154 -0.9843663 0.1861677 0.06962132 -0.9800482 0.2308455 0.0383476 -0.9722344 0.2769633 0.07126486 -0.9582341 0.2777392 0.04790276 -0.9594615 0.3426809 0.0418365 -0.9385199 0.3434999 0.07383179 -0.936246 0.4062165 0.0400837 -0.9128973 0.4043452 0.07537627 -0.9114953 0.1867632 0.08963167 -0.9783076 0.2747918 0.09088516 -0.9571988 0.3420885 0.09243381 -0.9351104 0.4028701 0.09391677 -0.910426 -0.08541435 0.004388093 -0.9963359 -0.09993916 0.006241619 -0.994974 -0.04198557 0.007130026 -0.9990928 0.04783928 0.004719436 -0.9988439 0.4335264 0.07625287 -0.8979089 0.4342238 0.03664016 -0.9000596 0.4056446 0.07524412 -0.9109286 0.4062553 0.03525626 -0.9130792 0.3428398 0.07185077 -0.9366421 0.3441814 0.03601944 -0.9382121 0.4327647 0.09492868 -0.8964951 0.4056599 0.09415107 -0.9091621 0.3481413 0.09210902 -0.932906 0.1361364 0.008893847 -0.9906502 0.1242652 7.24076e-4 -0.9922488 0.2159807 0.002088308 -0.9763954 0.2182065 0.0141865 -0.9757995 0.303099 0.003493249 -0.9529527 0.3084384 0.004768192 -0.9512324 0.3603399 0.004493057 -0.9328104 0.3599525 0.009685099 -0.9329204 0.4105201 0.005419313 -0.9118356 0.4089231 0.01340621 -0.9124705 -0.6224994 0.02934175 -0.7820702 -0.6554686 0.03486192 -0.7544174 -0.6389044 0.08708 -0.7643418 -0.6692042 0.03563302 -0.7422236 -0.6829684 0.03392356 -0.7296597 -0.6886494 0.02786195 -0.7245591 -0.7064869 0.009253203 -0.7076657 -0.7045257 0.0290367 -0.7090842 -0.6492226 0.08428019 -0.7559147 -0.7012674 0.03138834 -0.7122071 -0.7264197 0.01325017 -0.6871236 -0.5694785 0.0979011 -0.8161554 -0.4843897 0.1073886 -0.8682363 -0.5395619 0.03738021 -0.8411158 -0.5812703 0.02930927 -0.8131825 -0.4439172 0.04530626 -0.8949218 -0.4569255 0.09117811 -0.8848196 -0.379986 0.06000351 -0.9230441 -0.2906677 0.1028541 -0.9512799 -0.3353097 0.03643476 -0.9414033 -0.2842907 0.03443479 -0.9581195 -0.189697 0.0898441 -0.9777234 -0.2329982 0.03745549 -0.9717557 -0.08566296 0.07311367 -0.9936379 -0.1385586 0.026582 -0.9899975 -0.1850972 0.03588122 -0.982065 -0.09670913 0.08411026 -0.9917524 0.2638546 0.06955486 -0.9620514 -0.09998655 0.01906538 -0.9948061 -0.007105469 0.07022845 -0.9975057 -0.06884533 0.01165056 -0.9975593 0.07554739 0.06689405 -0.9948959 -0.065584 0.005729675 -0.9978307 0.07988631 0.03454107 -0.9962053 0.1718853 0.02511763 -0.9847968 0.1745972 0.06743043 -0.9823284 0.2244867 0.03380542 -0.9738907 0.2744041 0.03786736 -0.9608686 -0.003306508 0.08800953 -0.9961143 0.1097363 0.08633965 -0.9902038 0.1832959 0.08236104 -0.9796017 0.2236405 0.07713168 -0.971615 0.2972914 0.08722931 -0.9507939 0.2639622 0.08888053 -0.9604292 -0.06312328 -0.001001954 -0.9980052 0.07853806 -0.001399457 -0.9969102 -0.06012707 -0.009628355 -0.9981443 -0.05802035 -0.009106218 -0.998274 0.2972293 0.01101219 -0.9547426 0.2917526 0.006316542 -0.9564731 0.224152 0.00204581 -0.9745522 0.2230942 0.009479224 -0.9747508 0.1444745 6.95175e-4 -0.9895083 0.1381378 0.01868319 -0.9902369 0.08014309 0.01260793 -0.9967036 -0.05875891 -0.006252586 -0.9982526 0.3480818 0.01289588 -0.9373755 0.801069 0.01903426 0.5982693 0.8284652 0.02359235 0.5595435 0.7577494 0.03112608 0.651803 0.7608624 0.01309859 0.6487811 0.7111105 0.02206611 0.7027339 0.6944511 0.01746875 0.7193279 0.6813537 0.01863366 0.7317172 0.8244178 0.01659023 0.5657386 0.862225 0.01981502 0.5061379 0.9025152 -0.008666932 0.430571 0.8959523 -0.02723598 0.4433147 0.895957 -0.02724397 0.4433046 0.9016284 -0.01300311 0.432316 0.9384306 0.01016491 0.3453183 0.8961759 0.01646882 0.4433932 0.8961639 0.01647758 0.4434173 0.9190261 0.0163173 0.3938587 0.9520661 0.02806252 0.3046023 0.9806807 0.007150709 0.195485 0.9706948 0.03289723 0.2380532 0.9954439 0.0125389 0.09452164 0.9933793 0.0145756 -0.1139531 0.9878002 0.02226394 -0.1541274 0.9992792 0.01790899 -0.03347396 0.9989275 0.01492697 -0.04383224 0.9979802 0.01881086 0.06067872 0.9904335 0.01494544 0.1371798 0.9874652 0.01219904 -0.1573648 0.9753831 0.028149 -0.2187136 0.9546197 0.01722586 -0.297329 0.9554982 0.01298046 -0.2947114 0.9189763 0.01758366 -0.3939208 0.9252383 0.009298264 -0.3792726 0.8892765 0.02372986 -0.456754 0.8516837 0.01547378 -0.5238277 0.8490219 0.007798135 -0.5283004 0.7862786 0.004458963 -0.6178562 0.7954031 0.0296545 -0.605355 0.6664812 -0.1604562 -0.7280499 0.7814459 0.130948 -0.610078 0.6237356 -0.003210902 -0.7816289 0.748944 0.172327 -0.6398331 0.6958963 0.04538124 -0.716707 0.638345 0.001744925 -0.7697485 0.5928684 0.01350063 -0.8051862 0.5002037 0.00775963 -0.865873 0.5618708 0.03844648 -0.8263312 0.4772719 -0.002469003 -0.8787522 0.3908082 -0.00189197 -0.9204702 0.3946382 0.006605744 -0.9188129 0.2565369 -0.03084594 -0.9660422 0.3229581 0.02628737 -0.9460482 0.1615701 -0.0162369 -0.9867277 0.166556 -0.008947253 -0.9859914 0.02945864 -0.01093119 -0.9995062 0.01480555 -0.01332962 -0.9998016 -0.09154409 7.07501e-4 -0.9958009 -0.08133524 -0.01028531 -0.9966338 -0.1670042 -0.003639221 -0.9859495 -0.2279556 -0.007700681 -0.9736412 -0.2730728 -0.0180689 -0.9618237 -0.3394061 -0.001884937 -0.9406381 -0.3236184 -0.01316475 -0.9460962 -0.3723309 0.002822697 -0.9280958 -0.4630337 -0.005194425 -0.8863254 -0.4048021 0.01422065 -0.9142938 -0.4811726 -0.01472949 -0.8765022 -0.5654647 -0.01464956 -0.8246424 -0.5305438 -0.01461118 -0.8475316 -0.5770395 -0.005265176 -0.8166993 -0.6774108 -0.04711651 -0.7340945 -0.6212218 0.01611506 -0.7834692 -0.7443231 -0.02662754 -0.6672886 -0.7452698 -0.02907961 -0.6661286 -0.825237 -0.05365973 -0.5622317 -0.8847398 -0.04833638 -0.4635722 -0.8920536 -0.01647853 -0.4516289 -0.939053 -0.05344545 -0.3395927 -0.9722834 -0.04749321 -0.2289311 -0.9762469 -0.01547539 -0.2161079 -0.994042 -0.05222177 -0.09567362 -0.9991759 -0.03296351 -0.02368754 -0.9995467 -0.008064806 0.02901178 -0.9973849 -0.01490581 0.0707193 -0.987734 -0.01845926 0.1550508 -0.9811022 -0.01992285 0.1924621 -0.9591516 -0.00686109 0.2828094 -0.9679584 -0.01071107 0.250882 -0.9553821 -0.001385629 0.2953698 -0.917353 -0.00191164 0.3980704 -0.8717059 -0.007542133 0.4899716 -0.8644238 0.00157845 0.5027614 -0.8979272 -0.01033002 0.4400227 -0.9407731 0.01901859 0.3385032 -0.7202663 -0.003578126 0.6936885 -0.7199663 -0.003571271 0.6939999 -0.7197172 0.003841876 0.6942567 -0.7621933 -6.06024e-4 0.6473492 -0.8454521 0.001385033 0.5340494 -0.8150771 -0.001100063 0.5793516 -0.7587441 0.01279717 0.6512632 -0.6314962 -0.002541303 0.7753748 -0.6406241 -0.001253068 0.7678537 -0.5351014 -4.85341e-4 0.8447877 -0.5550598 0.001724302 0.8318087 -0.4263529 -0.003243982 0.9045512 -0.466708 0.003048777 0.8844063 -0.3213351 -2.23905e-4 0.9469656 -0.319904 0.003027439 0.9474452 -0.2038462 0.008247435 0.9789682 -0.1637127 0.005858719 0.9864907 -0.08218353 0.01016169 0.9965654 -0.05534595 0.008010447 0.9984351 0.03523194 0.01135218 0.9993147 0.05433571 0.009957909 0.9984732 0.1568859 0.01280927 0.9875337 0.4173942 0.014023 0.9086173 0.4369457 0.02048951 0.8992546 0.3309904 0.01313966 0.9435427 0.2699318 0.01576006 0.9627506 0.2356608 0.01158976 0.9717663 0.1582032 0.0114668 0.9873401 0.4601225 0.01481223 0.887732 0.501516 0.0195105 0.8649285 0.5908665 0.01846617 0.8065581 0.5550932 0.01987314 0.8315507 0.6163613 0.01563709 0.7873083 0.6597935 0.01602154 0.7512761 -0.1057311 0.007677197 0.9943652 -0.1057331 0.007677197 0.9943649 -0.1234169 0.007414042 0.9923273 -0.1234158 0.007414102 0.9923273 -0.2266342 0.005818784 0.9739627 -0.2266349 0.005818605 0.9739625 -0.002900362 0.00914967 0.9999539 -0.002906143 0.009149014 0.9999539 0.9965431 0.01452189 0.08179926 0.9965431 0.01452189 0.08179932 0.9979007 0.01320618 -0.06340175 0.9979007 0.01320636 -0.06340217 0.9670369 0.01102489 -0.2543975 0.9670369 0.01102471 -0.2543978 0.8999704 0.008430004 -0.4358696 0.8999703 0.008429467 -0.4358697 0.7992113 0.005519628 -0.6010248 0.7992117 0.005519747 -0.6010245 0.668533 0.002403438 -0.7436786 0.6685333 0.002403676 -0.7436784 0.5128267 -8.02986e-4 -0.8584919 0.5128268 -8.02955e-4 -0.8584917 0.3379216 -0.003979504 -0.9411659 0.3379219 -0.003979504 -0.9411658 0.150367 -0.007007122 -0.9886054 0.1503662 -0.0070073 -0.9886056 -0.04281824 -0.009772717 -0.9990351 -0.0428186 -0.009772896 -0.9990351 -0.2344003 -0.01217228 -0.972064 -0.2343999 -0.01217216 -0.9720641 -0.4172063 -0.01411569 -0.9087022 -0.4168126 -0.01376354 -0.9088883 -0.4533555 -0.01420181 -0.8912166 -0.549772 -0.01476615 -0.8351842 -0.4596776 -0.01451271 -0.8879674 0.0218001 -0.008942246 -0.9997224 -0.2027158 -0.01328164 -0.9791476 -0.2086874 -0.01187062 -0.9779105 0.01382362 -0.9998627 0.009140789 0.01380276 -0.9998632 0.009128093 0.01381772 -0.9998627 0.009146034 0.01381105 -0.9998626 0.009177088 0.01381283 -0.9998624 0.009200513 0.01381039 -0.9998622 0.009216487 0.01383727 -0.9998621 0.009190976 0.01388561 -0.9998614 0.009192347 0.0136128 -0.9998651 0.009204387 0.01382786 -0.9998622 0.009192109 0.01381492 -0.9998624 0.009187757 0.01381683 -0.9998623 0.009191036 0.0138095 -0.9998625 0.009192347 0.0138188 -0.9998623 0.009190738 0.01381891 -0.9998623 0.009189307 0.01381194 -0.9998624 0.009191274 0.01380175 -0.9998622 0.009226202 0.01380538 -0.9998624 0.009200036 0.01381468 -0.9998624 0.009187698 0.01379597 -0.9998626 0.009188711 0.01383596 -0.999862 0.009198844 0.01384419 -0.9998618 0.00920093 0.01381093 -0.9998624 0.009188592 0.01382154 -0.9998623 0.009189486 0.01381868 -0.9998624 0.009188115 0.01381516 -0.9998624 0.009188711 0.01373559 -0.9998634 0.009195506 0.01381301 -0.9998624 0.009192466 0.01381689 -0.9998623 0.009188711 0.01381593 -0.9998624 0.009184718 0.01381838 -0.9998624 0.009184598 0.0138213 -0.9998624 0.009184598 0.01381909 -0.9998623 0.009185433 0.01381552 -0.9998624 0.009188532 0.01381498 -0.9998624 0.009190559 0.01381963 -0.9998624 0.009191036 0.01381421 -0.9998624 0.009188473 0.01381587 -0.9998623 0.009194254 0.01381766 -0.9998624 0.009194016 0.01381742 -0.9998624 0.009193539 0.01381605 -0.9998623 0.009193599 0.01382207 -0.9998624 0.009184658 0.9815621 0.009726047 0.1908963 0.9745483 0.008815586 0.2240045 0.9989631 0.008131504 0.04479724 0.999882 0.008743643 0.01263195 0.9977542 0.01092213 -0.06608569 0.9780658 0.003012895 -0.2082747 0.9847926 0.01201438 -0.1733185 0.9602395 0.008656919 -0.2790437 0.9094842 9.86542e-4 -0.4157376 0.9245296 0.009275078 -0.3809974 0.8778228 0.005903422 -0.4789491 0.7974742 -0.001405656 -0.6033515 0.8210298 0.006098389 -0.5708528 0.7543635 0.002797722 -0.6564512 0.6473809 -0.004006326 -0.7621561 0.679129 0.00263828 -0.7340142 0.5956323 -5.0179e-4 -0.8032571 0.466367 -0.0066455 -0.8845664 0.5054756 -9.43946e-4 -0.8628404 0.4090689 -0.003831088 -0.9124954 0.2630761 -0.009150922 -0.9647317 0.3081632 -0.004484713 -0.951323 0.2019518 -0.006131112 -0.9793763 0.04730767 -0.01080316 -0.998822 0.03788393 -0.007347404 -0.9992552 -0.170858 -0.01281279 -0.9852123 -0.17552 -0.01103061 -0.9844141 -0.2570901 -0.01290023 -0.9663013 -0.2577738 -0.01244026 -0.9661252 0.8656211 0.01656031 0.5004257 0.874252 0.01269191 0.4853066 0.9481544 0.0150634 0.3174531 0.9726883 0.01556921 0.2315925 0.9519425 0.01383328 0.3059642 0.01382315 -0.9998623 0.009185671 0.01381456 -0.9998624 0.009192764 0.01380932 -0.9998625 0.009193778 0.01384037 -0.9998626 0.009137272 0.01380836 -0.9998622 0.009225606 0.01381993 -0.9998624 0.009182155 0.01374238 -0.9998627 0.009266376 0.01380497 -0.9998625 0.009194254 0.01381921 -0.9998624 0.009175717 0.0138188 -0.9998625 0.0091784 0.01381593 -0.9998624 0.009195864 0.01382631 -0.9998621 0.00920093 0.01381504 -0.9998624 0.00919032 0.01364856 -0.9998639 0.009274601 0.01381433 -0.9998624 0.009192407 0.0138182 -0.9998624 0.009188413 0.01388049 -0.9998613 0.009208798 0.0138576 -0.9998618 0.00918883 0.01380807 -0.9998625 0.009189486 0.01382935 -0.9998621 0.009204089 0.01383996 -0.9998618 0.009220957 0.01380747 -0.9998626 0.009176552 0.01381433 -0.9998624 0.00919032 0.01381206 -0.9998625 0.009186387 0.01381301 -0.9998624 0.009183645 0.01381582 -0.9998624 0.009187698 0.0138151 -0.9998623 0.00919187 0.01381552 -0.9998623 0.009194076 0.01381528 -0.9998624 0.009185671 0.01381504 -0.9998624 0.009185731 0.01382184 -0.9998623 0.009186983 0.01381748 -0.9998623 0.009189188 0.01381784 -0.9998624 0.009184777 0.01381587 -0.9998625 0.009182393 0.01381796 -0.9998623 0.009190142 0.01382207 -0.9998623 0.009200692 0.01381748 -0.9998624 0.009191572 0.01382982 -0.9998619 0.009222984 0.01382046 -0.9998623 0.009183108 0.01381832 -0.9998623 0.009197115 0.01382565 -0.9998624 0.009177029 0.01382994 -0.9998622 0.00918883 0.01381051 -0.9998624 0.009185314 0.01373368 -0.999864 0.009136378 0.01367592 -0.999865 0.009107589 0.01358467 -0.9998645 0.009306609 0.0135855 -0.9998645 0.009299218 0.01380819 -0.9998625 0.009193956 0.01381808 -0.9998624 0.009188532 0.01381772 -0.9998623 0.009189426 0.01381462 -0.9998624 0.009190738 0.0138123 -0.9998624 0.009189307 0.0138114 -0.9998625 0.009189069 0.01381033 -0.9998625 0.009186923 0.01379865 -0.9998625 0.009200751 0.0137704 -0.9998632 0.009171366 0.01382881 -0.999862 0.009222745 0.01380109 -0.9998627 0.009180903 0.0138157 -0.9998624 0.009190976 0.01381361 -0.9998625 0.009185552 0.01382225 -0.9998622 0.009203374 0.01380002 -0.9998624 0.009206235 0.01382094 -0.9998623 0.009183108 0.01381832 -0.9998623 0.009194552 0.01381963 -0.9998626 0.009169816 0.01381272 -0.9998623 0.009200334 0.01381653 -0.9998623 0.009193122 0.01381957 -0.9998623 0.009192943 0.0138151 -0.9998624 0.009190022 0.01381582 -0.9998624 0.009189963 0.01381331 -0.9998624 0.009190678 0.01381254 -0.9998624 0.009189665 0.01381409 -0.9998624 0.009187698 0.01381957 -0.9998623 0.009189546 0.01381927 -0.9998623 0.00918585 0.9893271 0.0414474 -0.139693 0.9954837 0.04531848 -0.08341878 0.9985796 0.04532212 -0.02801424 0.9986457 0.05160582 0.006599426 0.9964603 0.04093015 0.07342875 0.989833 0.04058599 0.1363211 0.9814668 0.04246526 0.1868683 0.9663144 0.04027581 0.254194 0.9377906 0.03654652 0.3452725 0.9452425 0.03154969 0.3248403 0.9599139 0.02171784 0.2794524 0.8907922 0.02547067 0.4536966 0.8732599 0.02902448 0.4863896 0.870058 0.02405697 0.492362 -0.9878358 -0.01397806 0.1548711 -0.9998873 -0.008343756 0.01248431 -0.9902954 -0.004821181 0.1388953 -0.9538342 -0.01095896 0.3001337 -0.9675838 -0.01105219 0.252308 -0.9341467 -0.01120209 0.3567137 -0.9086721 -0.006298601 0.417463 -0.8876677 -0.01029813 0.4603696 -0.8529695 -0.004355728 0.5219426 -0.8517299 -0.006510674 0.5239409 -0.811643 -0.005369007 0.5841292 -0.7808121 -0.00213319 0.6247623 -0.7598882 -0.00491631 0.6500353 -0.6998085 -0.002837359 0.7143248 -0.703834 -0.001002788 0.7103638 -0.6066112 -0.002770006 0.7949939 -0.6260499 0.001057505 0.7797822 -0.5082246 8.8834e-4 0.8612242 -0.5390746 2.90994e-4 0.842258 -0.4739392 0.002723932 0.8805533 -0.3956018 0.003462016 0.9184156 -0.4077183 0.005195856 0.9130931 -0.2830845 0.003996968 0.9590867 -0.3419759 0.005612015 0.939692 -0.2715345 0.005654931 0.9624121 -0.1629639 0.006331562 0.9866117 -0.170105 0.007304012 0.9853989 -0.04301995 0.009411573 0.9990299 -0.06482148 0.008274793 0.9978626 0.03866875 0.006716907 0.9992296 0.08123326 0.01095759 0.9966349 0.2139878 0.003945887 0.9768285 0.2013165 0.01178288 0.9794555 0.4452187 0.02084845 0.8951792 0.4018141 0.006395697 0.915699 0.5267499 0.04181545 0.8489912 0.6177827 0.03019303 0.785769 0.3192934 0.01191043 0.9475811 0.4164307 0.01410853 0.909058 0.3768087 0.01371824 0.9261896 0.5656452 0.06488156 0.8220925 0.638594 0.01556956 0.7693864 0.6852221 0.03536272 0.7274752 0.6804787 0.02064037 0.7324772 0.730616 0.06204187 0.6799641 0.8205766 0.0447036 0.5697858 0.762229 0.04953378 0.6454095 0.789195 0.02655923 0.6135682 0.9496605 0.01145595 0.3130715 0.914659 0.03308057 0.4028706 0.892956 0.04127204 0.448248 0.8359922 0.01718449 0.5484724 0.9880273 0.005476534 -0.1541824 0.9824163 0.01186424 -0.186326 0.9972662 0.01418364 -0.072519 0.9993222 0.03437072 0.01318413 0.9968633 0.03023535 0.07314085 0.9890283 0.005153715 0.1476361 0.9827327 0.005745351 0.1849415 0.9534376 0.01594203 0.3011692 0.9510015 0.01284682 -0.3089194 0.9555396 0.01816511 -0.2943028 0.9076885 0.007374882 -0.4195801 0.9113339 0.0221185 -0.4110733 0.8445235 0.01738989 -0.5352361 0.8042188 0.00565195 -0.5943065 0.7842552 0.01879972 -0.6201536 0.8335743 0.006554901 -0.5523686 0.8855956 0.07122892 -0.4589628 0.7819584 0.008283853 -0.6232756 0.7472337 0.0345242 -0.6636641 0.6832826 0.01250624 -0.7300469 0.7247177 0.03290832 -0.6882596 0.6799411 0.005251049 -0.7332481 0.6015057 -0.001202285 -0.7988676 0.6067337 0.007719397 -0.7948676 0.4867661 -0.00858581 -0.8734902 0.5276628 0.02164441 -0.8491781 0.3905157 -0.01341056 -0.9204986 0.1622216 -0.006826579 -0.9867308 0.1601797 -0.002943634 -0.9870836 0.2548791 -0.004554212 -0.9669622 0.3931794 -0.003016054 -0.919457 0.04510843 -0.008874714 -0.9989427 0.05031329 -0.008175849 -0.9987001 -0.07458394 -0.009735882 -0.9971672 -0.05964756 -0.009997308 -0.9981696 -0.1437588 -0.01161688 -0.9895446 -0.1946303 -0.009849309 -0.9808272 -0.2298633 -0.01260733 -0.9731413 -0.3122251 -0.01196587 -0.9499328 -0.3234662 -0.01334148 -0.9461457 -0.4234846 -0.0138638 -0.9057973 -0.4273172 -0.01436382 -0.9039877 -0.5298369 -0.01482212 -0.84797 -0.5264502 -0.01465654 -0.8500796 -0.6268905 -0.01377683 -0.7789856 -0.5970219 -0.01564919 -0.8020723 -0.6648348 -0.01609992 -0.746817 -0.7180678 -0.0142861 -0.6958266 -0.939902 -0.00923711 -0.3413196 -0.9588126 -0.01480525 -0.2836534 -0.9106399 -0.01109141 -0.4130522 -0.9172799 -0.01561671 -0.3979368 -0.8700721 -0.01665222 -0.4926432 -0.8635201 -0.01486521 -0.5040953 -0.8093942 -0.01690065 -0.5870224 -0.7950738 -0.0147531 -0.6063334 -0.7542363 -0.01703405 -0.6563821 -0.7196542 -0.01616197 -0.6941446 -0.9642244 -0.01545226 -0.2646366 -0.9766855 -0.01567393 -0.2141023 -0.9851858 -0.01212853 -0.171061 -0.9916763 -0.01492995 -0.1278879 -0.9988302 -0.01137274 -0.04699909 -0.9975212 -0.01314848 0.06912815 -0.998315 -0.01568758 0.05586659 0.9497625 0.03424763 -0.3110923 0.9641073 0.02248311 -0.2645594 0.9141282 0.02445209 -0.4046875 0.9507318 0.02233248 -0.3092095 0.9267399 0.01964962 -0.3751894 0.9783847 0.04286843 -0.2023009 0.9114388 0.01624965 -0.4111148 0.8812689 0.01527345 -0.4723687 0.8812119 0.02200365 -0.4722091 0.83029 0.0138027 -0.5571607 0.8314507 0.01765698 -0.5553179 0.7578974 0.01196205 -0.652264 0.754663 0.01928049 -0.6558294 0.6869289 0.01032894 -0.7266513 0.6870267 0.02082383 -0.7263338 0.9639207 0.03793513 -0.2634724 0.01388585 -0.9998639 0.008918464 0.01387029 -0.9998636 0.008962869 0.01381427 -0.9998627 0.009160041 0.01381373 -0.9998624 0.009197115 0.01382946 -0.9998621 0.009206771 0.01395481 -0.9998608 0.009143054 0.01366806 -0.9998639 0.009249806 0.01383626 -0.9998622 0.009177088 0.01401716 -0.9998601 0.009137928 0.01408594 -0.9998593 0.00911504 0.01384902 -0.9998618 0.00920552 0.01384764 -0.9998617 0.009211421 0.0138511 -0.9998617 0.009211182 0.01383107 -0.9998622 0.009193837 0.01382952 -0.9998622 0.009189665 0.01383328 -0.9998622 0.009187817 0.01381087 -0.9998625 0.009187996 0.0138002 -0.9998626 0.00919336 0.01379323 -0.9998626 0.009197413 0.01382344 -0.9998623 0.009188294 0.01382696 -0.9998623 0.009182691 0.0138266 -0.9998623 0.009176373 0.01382511 -0.9998624 0.009174048 0.01382225 -0.9998624 0.009177505 0.01382261 -0.9998624 0.009180963 0.01381635 -0.9998623 0.009199202 0.01381576 -0.9998623 0.009200513 0.01381564 -0.9998623 0.009195923 0.01381534 -0.9998623 0.009195804 0.01381421 -0.9998623 0.0091995 0.01379829 -0.9998633 0.009117245 0.01382881 -0.9998621 0.009194195 0.01382833 -0.9998622 0.009191215 0.01382625 -0.9998624 0.009177684 0.01382857 -0.9998622 0.009187757 0.01386052 -0.999862 0.009167313 0.01383244 -0.9998622 0.009178876 0.01380312 -0.9998625 0.009191632 0.01381784 -0.9998624 0.009194612 0.0138114 -0.9998623 0.00919944 0.01382374 -0.9998623 0.00918734 0.01381748 -0.9998624 0.009190917 0.01374608 -0.9998638 0.009141862 0.01373058 -0.9998641 0.009130597 0.01360446 -0.9998641 0.009317576 0.01372033 -0.999863 0.009265363 0.01388031 -0.9998619 0.009150981 0.01379007 -0.9998627 0.009195864 0.01381254 -0.9998626 0.009175121 0.0138176 -0.9998626 0.009163558 0.9993204 0.002384185 0.03678417 0.9993057 0.01236975 -0.03514486 0.9964365 0.01300275 -0.08333891 0.9964364 0.01300257 -0.08333975 0.9869929 0.01511019 0.1600524 0.986993 0.01510983 0.1600522 0.9818866 0.005964279 0.1893761 0.9778751 0.01542931 0.2086202 0.9983266 0.009413599 0.0570566 0.1867476 0.01501387 0.9822933 0.3203186 0.01331406 0.9472163 0.182781 0.01156204 0.9830857 0.393638 0.01313436 0.9191718 0.3635452 0.01478654 0.9314592 0.998478 0.02217024 0.05050098 0.9969333 0.02318686 -0.07474279 0.6186355 0.0233004 0.7853325 0.7996228 0.02596235 0.5999412 0.8946106 0.02975445 0.4458549 0.9054393 0.02889549 0.4234914 0.9725235 0.02687287 0.2312487 0.4175622 0.01592528 0.9085088 0.6573389 0.02224862 0.7532667 0.514005 0.01790994 0.8576003 0.9436476 0.01911234 0.3304001 0.8172971 0.00595963 0.5761859 0.6634474 0.0233649 0.747858 0.9992965 0.03333652 -0.01718169 0.8977857 0.008357584 -0.4403533 0.8977862 0.008359611 -0.4403524 0.6272949 0.001510798 -0.7787804 0.627295 0.00151354 -0.7787803 0.220598 -0.005913853 -0.9753469 0.2206144 -0.005914032 -0.9753432 -0.2661682 -0.01507812 -0.9638087 -0.2213379 -0.01202023 -0.9751231 -0.5515018 -0.01539736 -0.8340317 -0.7068622 -0.01884728 -0.7071003 -0.809586 -0.0165807 -0.5867673 -0.9619423 -0.0182842 -0.2726405 -0.9623341 -0.0157938 -0.2714105 -0.9999029 -0.0139423 3.25856e-4 -0.827918 -0.006287038 0.5608142 -0.829216 -0.01211035 0.5587972 -0.8362392 -0.01294344 0.5482122 -0.7916044 -0.02171272 0.610648 -0.6175482 -0.02518886 0.7861295 -0.6886969 -0.01477658 0.7248988 -0.7665729 -0.00469166 0.6421403 -0.2674213 -0.05495274 0.9620115 -0.3999989 0.002895951 0.9165111 -0.4006164 -0.02067947 0.9160125 -0.5037934 -0.01465374 0.8636999 -0.5992059 -9.21667e-4 0.8005946 -0.1976034 -0.01081609 0.9802224 -0.1834732 -0.007639527 0.982995 -0.0634545 -0.007336616 0.9979578 0.07448482 -0.01368778 0.9971283 0.05046492 0.009875655 0.9986771 0.1673357 -5.50284e-4 0.9858998 0.3166308 -0.003292083 0.9485432 0.2777913 0.01266425 0.9605579 0.3882181 0.007408201 0.9215378 0.3997029 0.009825229 0.9165921 0.4027123 0.01397585 0.91522 -0.1838871 0.00262326 0.9829439 -0.145232 0.01212817 0.9893234 -0.4065492 -0.003437101 0.9136226 -0.3745285 0.007575631 0.9271845 -0.7849227 -0.00582838 0.6195664 -0.79211 -0.009354829 0.6103066 -0.1939477 0.006335079 0.9809914 -0.1939248 0.006335556 0.980996 -0.1680239 0.006737291 0.9857599 -0.239763 0.002681672 0.9708278 -0.1194158 0.007474064 0.9928162 -0.3010298 0.004603683 0.9536037 0.1734611 0.01144737 0.9847742 0.1734573 0.01144725 0.9847749 0.999802 0.01394563 0.01420003 0.9975618 0.01812565 0.06739443 -0.7813418 -0.007763981 -0.6240552 -0.7787301 -0.01430964 -0.6271959 -0.8992233 -0.005224466 -0.4374589 -0.7787024 6.14443e-4 -0.6273932 -0.9425413 -0.002382874 -0.3340816 -0.3476008 0.03876 -0.9368413 -0.2551224 0.0103963 -0.966853 -0.004129648 -0.003908038 -0.9999839 -0.03713315 0.002522826 -0.9993072 -0.05114918 -0.001888751 -0.9986892 -0.4013155 0.02181476 -0.9156801 -0.007912337 0.0185489 -0.9997966 -0.2021656 0.02491635 -0.9790344 -0.5654733 0.01133054 -0.8246888 -0.3720817 0.001713335 -0.9281984 -0.2805985 -0.003230512 -0.9598199 0.5448853 -0.003090918 -0.8385049 0.5480779 -0.004034876 -0.8364176 0.7110232 0.001561701 -0.7031669 0.94462 0.0101189 -0.3280102 0.9932025 0.01599496 -0.1152957 0.9051669 0.008602678 -0.4249693 0.6614933 0.001681625 -0.7499493 0.5254898 -6.92333e-4 -0.8507997 0.5175479 -0.001685082 -0.8556526 -0.5098806 -0.007552862 -0.8602122 -0.3148085 -0.01005327 -0.949102 -0.5045713 -0.01042079 -0.8633072 -0.3100708 -0.01136595 -0.9506456 -0.5049038 -0.01343959 -0.863071 -0.9680023 -0.01144522 -0.25068 -0.9808013 -0.01533919 -0.1944061 -0.9993835 -0.01410478 -0.03215348 -0.9993835 -0.01410472 -0.03215336 -0.9657204 -0.01096057 0.2593529 -0.9657214 -0.01096069 0.2593492 -0.793019 -0.005359888 0.6091735 -0.7930176 -0.005359411 0.6091753 -0.4995841 0.001057088 0.8662648 -0.4995781 0.001057744 0.8662682 -0.1781753 0.6956821 -0.6959022 -0.09791535 0.687774 -0.719291 -0.1783763 0.6930585 -0.6984639 -0.04576432 0.6853297 -0.7267935 -0.2090664 0.6929849 -0.6899734 -0.02271366 0.6859704 -0.727275 0.01801198 0.678701 -0.7341939 0.06668525 0.6753651 -0.7344624 0.05624443 0.6683815 -0.7416892 0.06533813 0.6504828 -0.7567055 -0.3801763 0.6853083 -0.6211431 -0.3084371 0.6923024 -0.652368 -0.246787 0.6954282 -0.6748895 -0.5163506 0.6641701 -0.5406109 -0.4896476 0.6711653 -0.556581 -0.4858639 0.6737918 -0.5567235 -0.4526193 0.6795592 -0.5773518 -0.3895674 0.6885808 -0.6116321 -0.2741614 -0.0203548 -0.9614683 -0.4633132 -0.01889705 -0.8859932 -0.6610413 -0.01907801 -0.750107 -0.6978555 -0.01622432 -0.7160549 -0.6304269 -0.02034831 -0.7759819 -0.049335 -0.008050382 -0.9987499 -0.05639415 -0.009953677 -0.998359 -0.005706369 -0.009267926 -0.9999409 0.006725907 -0.009095907 -0.9999361 0.06932216 -0.008210539 -0.9975606 0.06932562 -0.008211016 -0.9975603 0.06932109 -0.008209943 -0.9975607 0.06931883 -0.008209645 -0.9975609 0.06931996 -0.00820899 -0.9975607 0.06932151 -0.008209347 -0.9975606 -0.5374013 -0.01512277 -0.8431911 -0.3991208 -0.01081871 -0.9168345 -0.3728061 -0.01367872 -0.9278085 -0.1923639 -0.01159983 -0.9812552 -0.9203467 -0.01605081 -0.390774 -0.8054616 -0.008848845 -0.5925821 -0.8053882 -0.01657801 -0.5925159 -0.6564303 -0.01561939 -0.754225 -0.4184309 -0.01085942 -0.9081838 -0.3882654 -0.01383316 -0.9214439 0.4340977 0.01356589 -0.9007638 0.4064435 0.01409548 -0.9135673 -0.6805837 0.03487056 0.73184 -0.6773308 0.07032585 0.7323096 -0.7449914 0.03176295 0.6663175 -0.743818 0.0685327 0.6648594 -0.7886071 0.03390264 0.6139621 -0.7996407 0.06702232 0.5967268 -0.8180449 0.02990061 0.5743767 -0.8471482 0.06671303 0.5271522 -0.8886253 0.06437361 0.4540939 -0.8734307 0.03235477 0.4858725 -0.8428272 0.01822543 0.5378757 -0.9509201 0.05992811 0.3035784 -0.9525617 0.03075659 0.3027877 -0.9225486 0.06226295 0.3808248 -0.9225507 0.02680128 0.384944 -0.8970021 0.02592754 0.4412654 -0.6000303 0.09032535 0.7948616 -0.601282 0.0729528 0.7956997 -0.6035868 0.04110842 0.7962368 -0.660097 0.08868193 0.7459273 -0.6972962 0.08722704 0.711456 -0.7419244 0.08421772 0.6651733 -0.7788856 0.08146321 0.6218528 -0.8088731 0.08394145 0.5819606 -0.8434965 0.07852017 0.5313646 -0.8667145 0.07371336 0.4933277 -0.8919332 0.08058804 0.4449279 -0.9212694 0.07907432 0.3808017 -0.9575251 0.07639038 0.278047 -0.9439091 0.07783067 0.320902 -0.9682034 -0.00586152 -0.2500959 -0.9637057 -0.004156887 -0.2669348 -0.9899384 -0.006424248 -0.1413538 -0.9996649 -0.005235493 -0.02535265 -0.9956932 -0.003325343 0.09265011 -0.9897878 -0.008122801 -0.1423174 -0.9996301 -0.007003486 -0.02628308 -0.9957376 -0.005716621 0.09205502 -0.9787313 -0.004320144 0.2051011 -0.9787417 0.003831088 0.2050614 -0.2012872 0.08528798 0.9758122 -0.2012328 0.04489684 0.9785141 -0.202766 0.08508455 0.9755238 -0.2030807 0.04537326 0.9781102 -0.2011772 0.1040239 0.9740158 -0.2029897 0.1039321 0.9736496 -0.1556252 0.02406221 0.9875231 -0.1548503 0.01507759 0.9878229 -0.08454996 0.01606827 0.9962897 -0.08538466 0.02410167 0.9960565 0.006672382 0.02293366 0.9997147 0.1202123 0.02269828 0.9924887 0.006073117 0.01726615 0.9998326 0.1207273 0.01870042 0.9925097 -0.1269538 0.04907065 0.9906942 -0.1252502 0.0848819 0.9884875 -0.181334 0.04531729 0.9823769 -0.2036873 0.08425658 0.9754037 -0.2334313 0.04775816 0.9711998 -0.2955037 0.07992941 0.951992 -0.2838162 0.04424411 0.9578574 -0.3314589 0.04137343 0.9425621 -0.3655264 0.02869296 0.9303587 -0.3711838 0.07930946 0.9251663 -0.4173283 0.04385602 0.907697 -0.4430809 0.07759827 0.893117 -0.5203266 0.07496535 0.8506706 -0.5181062 0.03860187 0.8544448 -0.460376 0.03928762 0.8868542 -0.1242911 0.1028847 0.9868974 -0.1981998 0.09345084 0.9756966 -0.240956 0.07608062 0.9675495 -0.3044564 0.09635263 0.9476405 -0.5189468 0.09237408 0.8498008 -0.44115 0.09425646 0.89247 -0.3828799 0.09583199 0.9188141 -0.3445646 0.09436547 0.9340078 -0.956874 -0.003177523 0.2904859 -0.9571093 0.004701077 0.289689 -0.9287925 0.003263175 0.3705859 -0.8768543 0.001693606 0.4807534 -0.9279996 -0.001989126 0.3725762 -0.8773456 -2.31207e-4 0.4798591 -0.8047869 0.001882255 0.5935608 -0.8064374 0.007213711 0.5912756 -0.7224609 0.0167576 0.6912087 -0.727333 0.003869593 0.6862739 -0.6620872 0.005390524 0.7494076 -0.6627275 0.01859718 0.7486297 -0.60392 0.006664276 0.7970171 -0.6050661 0.01658266 0.7960026 -0.1628721 0.1045118 0.9810963 -0.1629363 0.08581143 0.9828979 -0.1210657 0.1051611 0.9870584 -0.1209656 0.08648639 0.9888819 -0.07235366 0.1058868 0.9917424 -0.0721426 0.08722674 0.9935728 -0.1627927 0.04546356 0.9856123 -0.1206489 0.04612481 0.9916231 -0.07174003 0.04685765 0.9963221 -0.2010633 0.0232467 0.9793024 -0.2034696 0.02191823 0.9788359 -0.06961137 0.08649748 0.9938172 -0.06898266 0.04742616 0.99649 -0.04558426 0.08733361 0.9951356 -0.04538613 0.04713207 0.997857 -0.06899458 0.1047784 0.9920995 -0.04548728 0.105872 0.9933388 -0.5305655 0.008164465 0.8476046 -0.5321491 0.01531255 0.8465123 -0.4292492 0.0141046 0.903076 -0.3176652 0.01987618 0.9479947 -0.4293308 0.010127 0.9030905 -0.3172718 0.01216131 0.9482567 -0.2142497 0.01394033 0.9766795 -0.2149529 0.02126461 0.9763929 -0.1288437 0.01538074 0.9915457 -0.1277442 0.02436715 0.9915078 -0.07147854 0.02519708 0.9971238 -0.1204033 0.02447956 0.9924233 -0.1625987 0.02382701 0.9864046 -0.06803375 0.02338695 0.9974089 -0.04519027 0.0254929 0.9986532 0.0138356 -0.9998621 0.009191334 0.01383757 -0.9998621 0.009181559 0.01381576 -0.9998624 0.009185135 0.01382827 -0.9998623 0.0091843 0.01381272 -0.9998626 0.009171783 0.01381272 -0.9998626 0.009172022 0.01380956 -0.9998625 0.009191691 0.01382315 -0.999862 0.009213984 0.01379358 -0.9998627 0.009195089 0.01380956 -0.9998625 0.009192228 0.01382833 -0.9998623 0.009184718 0.0137993 -0.9998629 0.009163737 0.01379895 -0.9998627 0.009179294 -0.08917641 -0.01038533 -0.9959618 -0.0891695 -0.01038479 -0.9959623 -0.08917558 -0.01038527 -0.9959618 -0.0891686 -0.01038473 -0.9959624 -0.5751833 -0.01546382 -0.8178784 -0.575187 -0.01546412 -0.8178759 -0.7672781 -0.01649385 -0.6411024 -0.767278 -0.01649349 -0.6411025 -0.9850642 -0.01518774 -0.1715165 -0.9850636 -0.01518762 -0.1715201 -0.995921 -0.01294088 0.089298 -0.9959208 -0.01294153 0.08929884 -0.8179047 -0.006014227 0.5753225 -0.817904 -0.006014168 0.5753233 -0.6411687 -0.001807093 0.7673978 -0.6411652 -0.001806795 0.7674008 -0.4207359 0.002523243 0.9071797 -0.4207361 0.00252366 0.9071797 0.08917176 0.01038539 0.9959621 0.0891714 0.01038539 0.9959622 0.08917176 0.01038539 0.9959622 0.08917135 0.01038539 0.9959622 0.575186 0.01546436 0.8178765 0.5751836 0.01546424 0.8178783 0.5751857 0.01546436 0.8178767 0.5751832 0.01546424 0.8178785 0.9070783 0.01639926 0.4206424 0.9070788 0.0163992 0.4206413 0.9850644 0.01518756 0.1715154 0.9850642 0.01518756 0.1715166 0.9959209 0.01294082 -0.08929789 0.9959209 0.01294088 -0.08929818 0.8179036 0.006014764 -0.5753241 0.8179047 0.006014525 -0.5753223 0.6411699 0.001807451 -0.7673968 0.6411696 0.001806914 -0.7673971 0.4207389 -0.002523124 -0.9071784 0.4207373 -0.002523958 -0.9071791 0.01383554 -0.9998621 0.009191334 0.01383763 -0.9998621 0.009181559 0.0138207 -0.9998623 0.009186029 0.01382833 -0.9998623 0.009184539 0.01381278 -0.9998626 0.009172439 0.01381272 -0.9998626 0.009172022 0.01380968 -0.9998625 0.009191513 0.01382321 -0.999862 0.009213805 0.01381266 -0.9998626 0.009172022 0.01380962 -0.9998625 0.009191751 0.01382833 -0.9998623 0.009184718 0.01380962 -0.9998624 0.009192109 0.01382827 -0.9998623 0.009184598 -0.08917641 -0.01038539 -0.9959618 -0.08917468 -0.01038551 -0.9959619 -0.3438985 -0.0133807 -0.9389115 -0.3439016 -0.01338094 -0.9389104 -0.5751836 -0.01546412 -0.8178782 -0.5751861 -0.01546448 -0.8178765 -0.9070792 -0.0163986 -0.4206407 -0.9070776 -0.0163998 -0.4206441 -0.9850642 -0.01518726 -0.1715168 -0.9850634 -0.01518797 -0.1715211 -0.9959209 -0.01294076 0.08929759 -0.9959208 -0.01294094 0.08929854 -0.8179031 -0.006014823 0.5753247 -0.8179054 -0.006014764 0.5753213 -0.8179033 -0.006014823 0.5753242 -0.8179057 -0.006014764 0.575321 -0.4207318 0.002522468 0.9071817 -0.4207374 0.002523481 0.9071791 -0.4207324 0.002522587 0.9071813 -0.4207381 0.002523601 0.9071788 0.08917099 0.01038527 0.9959623 0.08917236 0.01038485 0.9959621 0.08917117 0.01038521 0.9959622 0.08917254 0.01038479 0.9959621 0.575186 0.01546406 0.8178765 0.575187 0.01546394 0.8178758 0.7672771 0.01649397 0.6411038 0.7672763 0.01649338 0.6411047 0.9850643 0.01518791 0.171516 0.9850644 0.01518732 0.1715156 0.9959209 0.012941 -0.08929836 0.9959208 0.01294094 -0.08929932 0.8179051 0.006014764 -0.5753219 0.8179037 0.006014823 -0.5753237 0.6411708 0.001807451 -0.7673961 0.6411694 0.001807212 -0.7673974 0.4207391 -0.002523124 -0.9071783 0.4207389 -0.00252366 -0.9071784 0.9960603 0.0128588 0.0877431 0.9939417 0.01473581 0.1089174 0.9468863 0.01603609 0.3211686 0.946886 0.01603633 0.3211697 -0.9940398 -0.0147289 -0.1080186 -0.9940398 -0.01472902 -0.1080191 -0.9401123 -0.01783061 -0.3403983 -0.9471737 -0.01603233 -0.3203204 -0.9060729 -0.008633077 0.4230337 -0.9060726 -0.008633077 0.4230342 -0.9774041 -0.01156681 0.2110629 -0.9774041 -0.01156681 0.2110629 -0.973084 -0.01555973 -0.2299247 -0.9730839 -0.01555961 -0.2299253 -0.7794915 -0.01652598 -0.626195 -0.7794918 -0.01652622 -0.6261946 -0.4342842 -0.01427823 -0.9006628 -0.434284 -0.01427865 -0.9006628 -0.004606425 -0.009253382 -0.9999467 -0.004606008 -0.009253501 -0.9999467 0.4259684 -0.002428412 -0.9047349 0.4259688 -0.002428531 -0.9047347 0.7736886 0.004868924 -0.6335474 0.7736885 0.004868626 -0.6335476 0.9709224 0.01121896 -0.2391316 0.9709228 0.0112189 -0.2391299 0.9793057 0.01538705 0.201801 0.9793057 0.01538699 0.2018014 0.7972065 0.01656216 0.6034797 0.797208 0.01656192 0.6034775 0.6431137 0.01592272 0.7656051 0.6431155 0.01592254 0.7656037 0.01380741 -0.9998625 0.009186208 0.01382237 -0.9998623 0.009188652 0.01383173 -0.9998621 0.009193062 0.01383358 -0.9998621 0.009189665 0.01382225 -0.9998623 0.009189009 0.01381719 -0.9998624 0.009186565 0.01382011 -0.9998623 0.009190082 0.01381683 -0.9998623 0.009196102 0.01381558 -0.9998624 0.009193181 0.013821 -0.9998623 0.009193897 0.01382613 -0.9998622 0.009196817 0.01382398 -0.9998623 0.009197056 0.01382052 -0.9998624 0.009187877 0.01381593 -0.9998624 0.00918132 0.01381504 -0.9998626 0.009173452 0.01382577 -0.9998624 0.009164452 0.01381647 -0.9998624 0.009175658 0.01380234 -0.9998626 0.009191453 0.01380777 -0.9998624 0.009193778 0.01381063 -0.9998624 0.009187936 0.01381319 -0.9998624 0.009190976 0.01380938 -0.9998625 0.009194195 0.01382392 -0.9998623 0.009182393 0.01381236 -0.9998624 0.009197115 0.01381951 -0.9998623 0.009193181 0.01380079 -0.9998625 0.009206295 0.01381045 -0.9998626 0.009184181 0.01381385 -0.9998624 0.009193241 0.0138247 -0.9998622 0.009194314 0.01381742 -0.9998624 0.009186029 0.01380842 -0.9998626 0.00918734 0.01379418 -0.9998626 0.009199142 0.01381653 -0.9998623 0.009189546 0.01380735 -0.9998626 0.009184002 0.01381808 -0.9998623 0.009197354 0.01383 -0.999862 0.009214401 0.0138539 -0.9998613 0.009248137 0.0138719 -0.9998609 0.009273529 0.01380395 -0.9998626 0.009192883 0.01381123 -0.9998625 0.009189665 0.01381099 -0.9998626 0.009185075 0.01381272 -0.9998623 0.009197652 -0.1716278 0.00668168 0.9851392 -0.1716274 0.00668174 0.9851393 -0.4207314 0.002522826 0.9071818 -0.4207311 0.002523124 0.907182 -0.8179078 -0.006015598 0.575318 -0.8179077 -0.006015002 0.5753182 -0.9389057 -0.009812891 0.3440348 -0.938906 -0.009812891 0.344034 -0.9959203 -0.01294159 0.08930575 -0.9959202 -0.01294219 0.08930569 -0.9070785 -0.01640009 -0.4206421 -0.907078 -0.01640003 -0.4206431 -0.7672744 -0.01649421 -0.641107 -0.7672755 -0.01649433 -0.6411055 -0.3438987 -0.01338064 -0.9389115 -0.3438961 -0.01338034 -0.9389125 0.1716265 -0.006681025 -0.9851394 0.1716303 -0.006681025 -0.9851388 0.4207347 -0.002521872 -0.9071803 0.4207309 -0.002522826 -0.9071821 0.8179081 0.006015598 -0.5753176 0.8179078 0.0060153 -0.5753179 0.9389058 0.009812951 -0.3440342 0.9389055 0.009813129 -0.3440353 0.9959202 0.01294165 -0.08930683 0.9959202 0.01294231 -0.08930683 0.907078 0.01640015 0.4206431 0.9070781 0.01640015 0.4206429 0.7672755 0.01649445 0.6411055 0.7672762 0.01649433 0.6411048 0.5751851 0.01546472 0.8178771 0.5751851 0.01546436 0.8178772 0.08917152 0.01038521 0.9959622 0.08917218 0.01038509 0.9959622 -0.9803506 -0.002541184 0.1972469 -0.9443595 -0.01003056 0.3287621 -0.9391447 0.01484668 0.3432009 -0.1716343 0.006681799 0.9851381 -0.1703471 0.02876514 0.9849643 -0.3909065 0.00646156 0.9204077 -0.6408211 0.02199363 0.7673752 -0.5894965 -7.22218e-4 0.8077706 -0.8996849 -0.004824817 0.4365134 -0.8179225 0.003637671 0.575317 -0.7147337 1.04325e-4 0.6993967 -0.9995628 -0.002920687 0.0294255 -0.9851121 0.008780121 -0.171689 -0.9850692 -0.01518821 -0.1714881 -0.7646754 6.25107e-4 -0.6444154 -0.9203617 -0.0129047 -0.3908554 -0.3910893 0.3640469 -0.8452924 -0.5861712 0.01476639 -0.8100526 -0.3478029 0.005192458 -0.9375533 -0.6904425 0.004071712 -0.7233759 -0.8076202 -0.0165776 -0.58947 0.1712484 0.01731395 -0.9850757 -0.05712491 -0.006552159 -0.9983456 -0.3065428 0.2661085 -0.9139025 0.6440606 0.01907783 -0.7647365 0.3912797 3.61518e-4 -0.9202718 0.1716288 -0.006681799 -0.9851391 0.8997951 0.01197826 -0.4361483 0.8099793 0.03590822 -0.5853583 0.9371384 0.02838343 -0.3478018 0.7233851 0.02383518 -0.6900333 0.5898991 7.30568e-4 -0.8074766 0.9842488 0.03726053 0.1728178 0.9850589 0.01519054 0.1715466 0.9982465 0.01667922 -0.05679547 0.9594138 0.01066744 -0.2818002 0.765353 0.03386038 0.6427195 0.8576968 0.03177696 0.5131731 0.9286864 0.03330886 0.3693673 0.563845 0.04560697 0.8246204 0.4469828 0.0346117 0.8938727 0.3462106 0.02930098 0.9376991 0.6989791 0.01982462 0.7148672 0.7775637 0.01652151 0.6285871 0.03330945 0.02669793 0.9990885 0.1927391 0.02687025 0.9808821 0.328444 0.01321798 0.9444311 -0.01381188 0.9998625 -0.00918132 -0.01381236 0.9998625 -0.009187459 -0.01381283 0.9998623 -0.009202837 -0.01380842 0.9998624 -0.009199917 -0.01382851 0.9998622 -0.009191632 -0.01381969 0.9998625 -0.009176969 -0.01381009 0.9998626 -0.009167075 -0.01381236 0.9998627 -0.009163618 -0.01380217 0.9998625 -0.009192228 -0.01382201 0.9998623 -0.009190201 -0.01383841 0.9998621 -0.00918442 -0.01384067 0.9998621 -0.009190261 -0.01382839 0.9998622 -0.009192883 -0.01382464 0.9998623 -0.009191274 -0.0138179 0.9998625 -0.009170234 -0.01382124 0.9998625 -0.009172022 -0.01382541 0.9998623 -0.009179949 -0.01381969 0.9998625 -0.009177803 -0.01381009 0.9998626 -0.009167432 -0.01381236 0.9998627 -0.009164214 -0.01381629 0.9998624 -0.009175837 -0.01381909 0.9998625 -0.009177565 -0.01380771 0.9998624 -0.009197771 -0.01381051 0.9998624 -0.009192883 -0.2825394 -0.01271903 -0.9591715 -0.1740505 -0.01747053 -0.9845818 -0.2827807 -0.02952784 -0.9587301 -0.008684515 -0.03811776 -0.9992356 0.02165275 -0.008888959 -0.9997261 0.2161049 -0.01421213 -0.9762668 0.4302387 -0.03115975 -0.9021772 0.6636104 -0.002750337 -0.7480733 0.6651589 -0.007781207 -0.7466614 0.5733091 -0.005623281 -0.8193199 0.4020676 -0.002857685 -0.9156057 -0.08620196 -0.01034623 -0.996224 -0.08619689 -0.01034623 -0.9962244 0.6127061 0.002194106 -0.7903078 0.5230435 -0.00765115 -0.8522718 0.4694474 -0.003464996 -0.8829537 0.3315568 -0.02624154 -0.9430702 0.3929048 -0.01362949 -0.9194782 0.1595754 -0.04448163 -0.9861832 0.1728892 -0.04827386 -0.9837576 -0.1184753 -0.01372879 -0.9928622 -0.03881818 -0.01269 -0.9991657 0.07107633 -0.02498197 -0.997158 0.13163 -0.03729927 -0.990597 0.1799707 -0.05039787 -0.9823801 -0.2267909 -0.01813542 -0.9737746 -0.9758586 -0.01148074 0.2181012 -0.9758594 -0.0114808 0.2180978 0.7928413 0.01655447 0.6092035 0.7928366 0.01655441 0.6092094 0.9914546 0.01239711 -0.1298629 0.9537515 0.005765557 -0.300541 0.9324271 0.009565293 -0.3612318 0.8202338 0.005903363 -0.571998 0.6754255 -0.0034855 -0.73742 0.6612581 0.002243816 -0.7501552 0.4645811 -0.001911818 -0.8855285 -0.8442032 -0.01669889 -0.5357632 -0.7378743 -0.02104729 -0.6746099 -0.6930913 -0.0162003 -0.7206678 -0.5024408 -0.01506245 -0.8644804 -0.3011846 -0.01896524 -0.9533773 -0.04771631 -0.01003217 -0.9988106 -0.2831529 -0.01272588 -0.9589904 0.369819 0.01207941 0.9290253 0.2758687 0.01264578 0.9611122 0.5499172 0.01521474 0.8350807 0.7768282 0.01280194 0.6295825 0.7866548 0.01654148 0.6171714 0.9181681 0.01622343 0.3958588 0.1915127 0.01166546 0.9814209 0.1268888 0.01086878 0.9918575 -0.07303196 0.008156061 0.9972963 -0.09989994 0.007763385 0.9949672 -0.5395909 2.57588e-4 0.8419274 -0.5876312 -6.84363e-4 0.8091287 -0.3528478 0.001033663 0.9356802 0.09844619 0.01050508 0.9950869 0.1568896 0.01016134 0.9875639 0.327253 0.01317566 0.9448449 0.5090886 0.01273649 0.8606199 0.5211786 0.01504349 0.8533152 0.6690275 0.01603657 0.7430648 0.6260973 0.01581603 0.7795845 0.6260927 0.01581591 0.7795883 0.2274079 0.01209098 0.9737246 0.2274069 0.01209068 0.9737249 0.7149222 -0.6963053 0.06360185 0.7147442 -0.6963509 0.0650866 0.7095903 -0.6977311 0.09824985 0.7093021 -0.6979891 0.09849834 0.7088745 -0.6983767 0.09882861 0.7077522 -0.6993506 0.09997797 -0.315052 -0.7133002 -0.6260553 -0.3102303 -0.7128492 -0.62897 -0.2852319 -0.7170073 -0.6360372 -0.2852329 -0.7170083 -0.6360357 -0.155973 -0.7156307 -0.6808416 -0.155973 -0.7156291 -0.6808432 -0.02050572 -0.7138878 -0.6999598 -0.02050518 -0.7138874 -0.6999602 0.1160938 -0.7119632 -0.6925538 0.1160945 -0.7119647 -0.6925521 0.2487089 -0.7098375 -0.6589952 0.2487089 -0.7098368 -0.6589959 0.3724066 -0.7075561 -0.6005645 0.3724062 -0.707556 -0.600565 0.4824894 -0.7053157 -0.519359 0.4824892 -0.7053161 -0.5193587 0.5749055 -0.7030961 -0.4184968 0.5749046 -0.7030966 -0.4184973 0.6461262 -0.7010679 -0.301703 0.6461265 -0.7010679 -0.3017026 0.6935693 -0.6992128 -0.1733874 0.6935693 -0.6992129 -0.1733872 0.7153674 -0.6976963 -0.03833252 0.7153674 -0.6976963 -0.03833204 -0.1329271 -0.7153731 -0.6859823 -0.1329016 -0.7153692 -0.6859913 0.09260684 -0.7105504 -0.6975257 0.08556276 -0.71026 -0.6987201 0.2181791 -0.7092267 -0.6703696 0.222545 -0.708955 -0.6692209 0.3816578 -0.7074156 -0.5948954 0.381658 -0.7074056 -0.5949071 0.4802655 -0.7003532 -0.528063 0.4802666 -0.7003462 -0.5280712 0.4074316 -0.6910892 -0.5969886 0.4168635 -0.7060531 -0.572463 0.3058772 -0.6517112 -0.6940546 0.1507269 -0.7024739 -0.6955658 0.1463165 -0.702825 -0.6961527 -0.09140479 -0.7006658 -0.7076104 -0.1914837 -0.7110746 -0.6765404 -0.1914871 -0.7110629 -0.6765518 -0.1151643 -0.7145137 -0.6900779 0.06857681 -0.6029133 -0.794854 -0.07374769 -0.7146105 -0.6956242 -0.07375729 -0.7146035 -0.6956304 0.1062695 -0.7109485 -0.6951683 0.1018231 -0.7108266 -0.6959581 0.1625006 -0.7112506 -0.6838979 0.1599761 -0.701277 -0.6947073 0.1319841 -0.611276 -0.7803345 -0.05097079 -0.5926744 -0.8038278 -0.1297461 -0.6980366 -0.7042095 0.04165458 -0.6968217 -0.7160339 0.0418477 -0.7130287 -0.6998849 -0.1281664 -0.7152767 -0.6869881 -0.2352986 -0.6032552 -0.7620485 -0.3004633 -0.7056354 -0.641717 -0.3034033 -0.7115719 -0.6337286 -0.4407409 -0.7058578 -0.5545378 -0.4036108 -0.5574053 -0.7255328 -0.4439975 -0.7141306 -0.5411874 -0.5578133 -0.7056835 -0.4368697 -0.5392912 -0.6182389 -0.5717917 -0.5586721 -0.71609 -0.4184503 -0.6425439 -0.706191 -0.2973746 -0.6301915 -0.6679491 -0.3958569 -0.6412441 -0.7172802 -0.2726082 -0.6876803 -0.7110358 -0.1467102 -0.6780142 -0.7050235 -0.2079394 -0.6878099 -0.717206 -0.1119517 -0.7047604 -0.7094371 0.003463387 -0.7016368 -0.710837 0.04916 -0.7036932 -0.7093422 0.04061532 -0.7067056 -0.7046204 0.06385433 -0.6969817 -0.7164894 -0.02931582 -0.6707525 -0.7181717 -0.185258 -0.6708154 -0.7181365 -0.1851667 -0.4893139 -0.7185034 -0.4942923 -0.4892386 -0.7185249 -0.4943355 -0.1795575 -0.7159137 -0.674705 -0.1794919 -0.7159031 -0.6747336 0.1669668 -0.7111526 -0.6829231 0.1640804 -0.711157 -0.6836178 0.4533324 -0.7059468 -0.5441774 0.4533324 -0.7059447 -0.54418 0.6446039 -0.7010973 -0.3048747 0.6446062 -0.7010957 -0.3048735 0.7152361 -0.6971171 -0.04964923 0.714908 -0.696973 -0.05599367 0.7077035 -0.6963007 0.1196712 0.7077019 -0.6963022 0.1196717 0.7046073 -0.6929197 0.1529413 0.7036903 -0.6931228 0.1562077 0.761406 -0.6356247 -0.1274449 0.764221 -0.6324859 -0.1262065 0.7546553 -0.6482776 -0.1011512 0.7309854 -0.6819537 0.02448809 0.7161638 -0.6962264 0.04876834 -0.2081186 -0.6941934 -0.6890444 -0.3908876 -0.8653876 -0.3135462 -0.3899099 -0.8647915 -0.3163955 -0.1309852 -0.7446539 -0.654472 -0.1357674 -0.6786389 -0.7218148 -0.2091385 -0.7432627 -0.6354697 -0.1827744 -0.686424 -0.7038577 -0.2387739 -0.7413645 -0.6271888 -0.2490001 -0.7366669 -0.6287454 0.7134699 -0.6871034 -0.137294 0.7140629 -0.6946329 0.08717393 0.7152885 -0.6942658 0.07973361 0.7128049 -0.696589 -0.08168864 0.6809676 -0.6842669 -0.2608869 0.5918213 -0.6830653 -0.4279829 0.5911368 -0.702309 -0.3966349 0.4907994 -0.680679 -0.5438676 0.3790954 -0.6962512 -0.6095253 0.3426653 -0.7145946 -0.6098648 0.2484571 -0.7087438 -0.6602661 0.1733902 -0.699691 -0.6930862 0.05070334 -0.7038438 -0.7085429 0.04831528 -0.7089421 -0.7036098 0.02674812 -0.5932658 -0.8045622 0.6822203 -0.6937552 0.2308232 0.680146 -0.6932998 0.2381949 0.570392 -0.6953086 0.437263 0.5703935 -0.6952949 0.4372829 0.469859 -0.6868776 0.5544652 0.4700765 -0.6868363 0.5543321 0.4366632 -0.7041246 -0.5599409 0.4709268 -0.6986027 -0.5386857 0.4144777 -0.7158464 -0.5619361 0.3476461 -0.7670642 -0.5392168 0.2488275 -0.7057726 -0.6633023 0.2364683 -0.7094463 -0.6639041 0.05915063 -0.7322842 -0.6784254 0.1649969 -0.6852629 -0.7093595 -0.06538653 -0.7227491 -0.6880105 -0.04930925 -0.7008771 -0.7115756 -0.3305184 -0.708025 -0.6240659 -0.1719487 -0.6469057 -0.7429311 -0.3615669 -0.710408 -0.6038128 -0.5612087 -0.7112228 -0.4233283 -0.660894 -0.7160924 -0.2245683 -0.6629173 -0.7164634 -0.2173037 -0.5905098 -0.7172788 -0.3698773 -0.4840447 -0.6892401 -0.5391185 -0.6389015 -0.7044673 0.3090807 -0.6387592 -0.7045001 0.3092997 -0.6813996 -0.7151463 0.1557574 -0.6814026 -0.715143 0.1557591 -0.6783307 -0.7179859 -0.156089 -0.6783267 -0.7179895 -0.1560903 -0.5414097 -0.7186952 -0.4362946 -0.5414087 -0.7186971 -0.4362926 -0.2973111 -0.7171077 -0.6303672 -0.2973144 -0.7171068 -0.6303668 0.006509065 -0.7135428 -0.7005814 0.006511569 -0.7135414 -0.7005829 0.3109802 -0.7087064 -0.6332665 0.3109833 -0.7087062 -0.6332653 0.5568654 -0.7035477 -0.4414992 0.5568616 -0.7035506 -0.4414993 0.6962998 -0.6990936 -0.1625878 0.6962969 -0.6990965 -0.1625875 0.7022217 -0.696152 0.1491882 0.7022226 -0.6961511 0.1491886 0.5734701 -0.6953069 0.4332211 0.5734753 -0.6953022 0.4332217 -0.6959128 -0.7150797 -0.06607902 -0.6946643 -0.7155546 -0.07364255 -0.6802615 -0.7151319 0.1607195 -0.6802637 -0.7151295 0.1607207 -0.6521277 -0.7368977 0.1780768 -0.6483551 -0.7405447 0.1767185 -0.6647313 -0.7112298 0.2286581 0.2393834 -0.680013 0.6930209 0.3469568 -0.5800657 0.7369836 0.3534846 -0.6185484 0.7017454 0.3519028 -0.6464561 0.6769483 0.3550527 -0.6672087 0.6548054 -0.64004 -0.7257254 0.252332 -0.6539047 -0.7168074 0.2420661 -0.6339099 -0.7129661 0.2997295 -0.6708251 -0.7179745 0.1857593 -0.6412466 -0.6992044 0.3160952 -0.6475585 -0.6305599 0.4278578 -0.5522247 -0.6925547 0.4641293 -0.5435461 -0.710451 0.447009 -0.5377196 -0.6094378 0.5826175 -0.426661 -0.6894473 0.58534 -0.4203004 -0.707706 0.5678908 -0.3902739 -0.5916504 0.7054333 -0.275299 -0.6864203 0.6730808 -0.2714607 -0.704909 0.6552957 -0.2148205 -0.5779306 0.7873045 -0.1070514 -0.683534 0.7220258 -0.1058923 -0.7021595 0.7041015 -0.02314925 -0.569014 0.8220019 0.06814908 -0.6810505 0.7290582 0.06656277 -0.6997541 0.7112761 0.1715949 -0.5653156 0.8068293 0.2356188 -0.697755 0.6764775 -0.6988927 -0.7151083 -0.01300883 -0.6983788 -0.7154714 -0.01917767 -0.6912334 -0.7175681 -0.08539563 -0.6912418 -0.7175593 -0.08540165 -0.6912163 -0.7175861 -0.08538365 -0.6912251 -0.7175778 -0.08538222 -0.1541252 -0.7010661 0.6962412 -0.1480491 -0.7012732 0.6973503 -0.3434677 -0.7062668 0.6190454 -0.3434621 -0.7062619 0.6190541 -0.5509597 -0.7108008 0.4372706 -0.5509562 -0.7108075 0.4372642 -0.6730874 -0.7147719 0.1898806 -0.673093 -0.7147706 0.1898651 0.01333224 -0.6971657 0.7167862 0.002886354 -0.6980007 0.7160913 0.6885975 -0.685494 0.2364986 0.6870759 -0.6924232 0.2201745 0.5592071 -0.695354 0.4514092 0.5591811 -0.6953637 0.4514265 0.2718627 -0.6973931 0.663124 0.2718882 -0.6973785 0.663129 0.6242848 -0.694355 0.357966 0.620895 -0.6940601 0.3643761 0.6833732 -0.6957319 0.2212652 0.6872295 -0.691176 0.2235875 0.7690925 -0.6041265 0.2086334 0.4524846 -0.6958322 0.5577413 0.4524868 -0.6958324 0.5577393 0.170558 -0.6984625 0.6950253 0.170553 -0.6984633 0.6950257 -0.0610243 -0.6990384 0.7124756 -0.06892484 -0.6996115 0.7111914 -0.07475924 -0.7000055 0.7102136 -0.08032912 -0.7003614 0.709254 0.5018332 -0.6895398 0.5222054 0.5034508 -0.6919111 0.5174906 0.3697518 -0.696455 0.6150074 0.3697448 -0.6964601 0.6150059 0.1211515 -0.6990765 0.7047088 0.1211549 -0.6990761 0.7047086 -0.4493505 -0.6912139 0.5659573 -0.5037919 -0.6983574 0.5084199 -0.5759013 -0.5908318 0.5650269 -0.5025402 -0.7071771 0.497347 -0.4369665 -0.7081401 0.5546151 -0.4272052 -0.5978525 0.6782833 -0.2946183 -0.6935884 0.65737 -0.2859619 -0.7000131 0.6543757 -0.1401928 -0.6899998 0.7101029 -0.2882222 -0.5642554 0.7736563 -0.1265373 -0.6990038 0.7038338 0.02223169 -0.6871551 0.7261706 -0.08479684 -0.6240887 0.7767386 0.03960567 -0.6982358 0.7147715 0.1787664 -0.6879777 0.7033699 0.1072579 -0.6712939 0.7333897 0.2033543 -0.6975933 0.6870303 0.3186066 -0.6968973 0.6425139 0.3186049 -0.6968964 0.6425156 0.4501322 -0.6831334 0.5750738 0.5251042 -0.6599373 0.537353 0.4259049 -0.6955333 0.5786525 -0.2060378 -0.702297 0.6814156 -0.2012478 -0.702443 0.6826955 -0.37178 -0.7068096 0.6018304 -0.3717735 -0.7067971 0.6018491 -0.07168817 -0.699801 0.7107316 -0.0777406 -0.7001914 0.7097102 0.2941726 -0.692798 0.6584022 0.2979692 -0.6930911 0.6563833 0.1324242 -0.6989026 0.7028508 0.1324168 -0.69891 0.7028447 -0.5823935 -0.6988728 0.4152044 -0.5784218 -0.7049847 0.4103958 -0.5826932 -0.7059367 0.4026437 -0.581833 -0.7112237 0.3945013 -0.5547585 -0.666857 0.4975388 -0.4809486 -0.6942549 0.5354425 -0.4769136 -0.7088624 0.5196803 -0.4513443 -0.6211944 0.6406293 -0.3507894 -0.6911388 0.6318814 -0.3461589 -0.7062871 0.6175214 -0.3087543 -0.5937367 0.7430663 -0.2010434 -0.6884134 0.6968993 -0.1964892 -0.7036931 0.6827943 -0.1403306 -0.5909029 0.794444 -0.03076726 -0.6909154 0.7222807 -0.02565455 -0.6959847 0.7175982 0.1236447 -0.6870982 0.7159667 0.01490384 -0.5593292 0.8288117 0.1328554 -0.6961858 0.7054608 0.2706049 -0.6852247 0.6761954 0.2841768 -0.6968123 0.6585561 0.1967357 -0.6426055 0.7405088 -0.4136679 -0.7076492 0.5728102 -0.4136695 -0.7076489 0.5728093 -0.07883727 -0.7017645 0.7080334 -0.08359879 -0.7080308 0.7012158 0.2658586 -0.7115333 0.6504149 0.210663 -0.7048357 0.6773684 0.536641 -0.7274347 0.4276158 0.5743766 -0.6954442 0.4317973 0.5407488 -0.7018919 0.4636148 0.4410831 -0.7071352 0.5526351 0.4994493 -0.7081503 0.4990727 0.4627935 -0.7927192 0.39676 0.6203297 -0.7348773 0.2741284 0.6179534 -0.7182685 0.3197247 0.6077576 -0.7020099 0.3712315 0.5915415 -0.6971359 0.4050682 0.5486376 -0.7323039 0.4033955 0.54284 -0.7382693 0.4003539 0.5933998 -0.7033118 0.3914451 0.5833189 -0.6969918 0.4170631 -0.5137494 -0.7817071 0.3535474 -0.5271579 -0.7699797 0.359494 -0.6436855 -0.6683838 0.3727358 -0.5843653 -0.7178298 0.3784675 -0.6508305 -0.7001531 0.2936075 0.6066275 -0.705214 0.3669829 0.6426212 -0.6961511 0.3200182 0.6589832 -0.6813767 0.3185389 0.7768509 -0.5738582 0.2592096 0.7214738 -0.6754879 0.1522884 0.7011353 -0.695958 0.1550869 0.8167165 -0.5738267 0.060804 0.7354772 -0.6769376 -0.02878969 0.7164023 -0.6973669 -0.02114844 0.8061758 -0.5745018 -0.1415213 0.7041261 -0.6790229 -0.2076886 0.6874243 -0.6994065 -0.1956489 0.7457304 -0.5758167 -0.3351439 0.6294487 -0.6815251 -0.3732532 0.6161056 -0.7018499 -0.3575202 0.6390727 -0.5775765 -0.5079286 0.5160149 -0.6843941 -0.5151053 0.5068059 -0.7046627 -0.4965866 0.4927294 -0.5796424 -0.6490243 0.3709442 -0.6873978 -0.6244075 0.3664128 -0.7076048 -0.6041831 0.315785 -0.5818206 -0.7495097 0.2033069 -0.690341 -0.6943311 0.2037203 -0.7104902 -0.6735739 0.1192422 -0.5838487 -0.8030579 0.02356594 -0.6930434 -0.7205107 0.02890557 -0.7131551 -0.7004101 -0.08464235 -0.585473 -0.8062613 -0.1570922 -0.6953456 -0.7012963 -0.1471396 -0.7154254 -0.6830201 -0.2831472 -0.5866855 -0.7587015 -0.3273367 -0.6970946 -0.6378949 -0.3133438 -0.7171599 -0.622493 -0.4638569 -0.587178 -0.6633694 -0.4765481 -0.6981961 -0.5342512 -0.4593163 -0.7182748 -0.5225991 -0.6154445 -0.5868959 -0.5261002 -0.5953921 -0.6986063 -0.3968092 -0.5759242 -0.7187117 -0.38957 -0.7283264 -0.5858929 -0.3553452 -0.6764826 -0.6982183 -0.2342277 -0.6559085 -0.7183647 -0.2318111 -0.7954623 -0.5840035 -0.1618022 -0.7147668 -0.6970677 -0.05661457 -0.6942782 -0.717273 -0.05913752 -0.8125455 -0.5813459 0.04250663 -0.7077527 -0.6953235 0.1249458 -0.6885241 -0.7156066 0.1176505 -0.7783926 -0.5780677 0.2448319 -0.6391404 -0.7133376 0.2874875 0.4845058 -0.692861 0.5340391 0.3956546 -0.7466165 0.5348097 0.3456913 -0.7994427 0.4913136 0.3284798 -0.8169211 0.4740685 0.4430079 -0.6912453 0.5708975 0.504925 -0.6948943 0.5120281 0.5875626 -0.6952959 0.4139251 0.5875633 -0.6952944 0.4139265 0.6729454 -0.6867583 0.2747864 0.6525478 -0.6947607 0.3024715 0.6999294 -0.6811564 0.2147668 0.7217024 -0.6830353 0.1122871 0.7053343 -0.6956893 0.136088 0.7432886 -0.6680052 0.03593212 0.7288686 -0.682061 -0.05952775 0.7158427 -0.6972367 -0.03782051 0.7412571 -0.6543638 -0.1494854 0.6936199 -0.6827292 -0.2297222 0.6835435 -0.699358 -0.2089663 0.6927055 -0.6411426 -0.3302959 0.6176798 -0.6843687 -0.3874419 0.6104714 -0.7018657 -0.3670278 0.5995988 -0.6288232 -0.4950382 0.5052562 -0.6866528 -0.5227085 0.5009831 -0.7046896 -0.5024227 0.4668185 -0.6177907 -0.6327837 0.3642104 -0.7029578 -0.610902 0.3619166 -0.7077847 -0.6066773 0.2903113 -0.708193 -0.6435698 0.2835021 -0.7080087 -0.6468001 0.2492067 -0.7055485 -0.6633984 0.1114952 -0.711077 -0.6942178 0.1626616 -0.7104556 -0.6846854 0.1626355 -0.7105839 -0.6845585 0.1624967 -0.7112817 -0.6838664 0.1078585 -0.7109875 -0.6948837 0.1625055 -0.7112418 -0.6839058 0.1624692 -0.7114043 -0.6837454 -0.1724067 -0.7128223 -0.6798239 -0.1741648 -0.7129649 -0.6792258 -0.05116879 -0.714353 -0.6979123 -0.05117285 -0.714346 -0.6979192 0.6832924 -0.7288941 0.0427196 0.6464139 -0.7621124 0.03652191 0.7245969 -0.6882405 -0.03583848 0.5741817 -0.8169541 0.05386567 0.5535798 -0.8308809 0.05644881 0.7851968 -0.6164481 0.05880343 0.7179019 -0.694548 -0.04711776 0.703175 -0.6863743 -0.1855679 0.7815027 -0.6155648 -0.1016541 0.6897332 -0.6966561 -0.197328 0.646709 -0.6886005 -0.3280198 0.7297756 -0.6310935 -0.2629614 0.6301179 -0.6991026 -0.3379452 0.5614284 -0.6912661 -0.454917 0.6453123 -0.6461913 -0.407442 0.5418347 -0.7018026 -0.4624808 0.4514577 -0.6942934 -0.5604844 0.5328423 -0.6606298 -0.5288169 0.4289948 -0.7046179 -0.565223 0.3220366 -0.6977602 -0.6398618 0.3981335 -0.674354 -0.6218813 0.2968773 -0.7074816 -0.641353 0.1793615 -0.7016051 -0.6896229 -0.1139735 -0.7151157 -0.6896519 -0.1139726 -0.7151141 -0.6896536 0.03699618 -0.7131233 -0.7000618 0.0369969 -0.7131223 -0.7000627 0.151275 -0.7109291 -0.6868011 0.247902 -0.6869276 -0.6831362 -0.4436071 -0.7082846 0.5491318 -0.4436187 -0.7082735 0.5491367 -0.6541862 -0.7139009 0.2497719 -0.6541854 -0.7139009 0.2497741 -0.6867879 -0.717738 -0.1147805 -0.6867815 -0.7177448 -0.1147761 -0.5327711 -0.7186803 -0.4468262 -0.5327699 -0.7186812 -0.4468261 -0.2334036 -0.7164738 -0.6574101 -0.2334049 -0.7164734 -0.6574101 0.131125 -0.7117447 -0.6900912 0.13113 -0.7117443 -0.6900906 0.463141 -0.7057356 -0.5361322 0.4631419 -0.7057335 -0.5361341 0.6736815 -0.7000656 -0.2367733 0.6736829 -0.7000648 -0.2367714 0.7063199 -0.6962651 0.1277784 0.7063206 -0.6962636 0.1277822 0.5523294 -0.6953259 0.4598416 0.5523286 -0.6953253 0.4598435 0.2529407 -0.6975346 0.6704227 0.2529466 -0.6975423 0.6704125 -0.1115696 -0.70232 0.703064 -0.1115736 -0.70232 0.7030634 -0.4435743 -0.7083222 0.5491099 -0.4435766 -0.708324 0.5491057 -0.654136 -0.713954 0.2497516 -0.654141 -0.7139497 0.2497509 -0.6867709 -0.7177541 -0.114781 -0.686769 -0.7177563 -0.11478 -0.5327757 -0.7186848 -0.4468135 -0.5327765 -0.7186837 -0.4468141 -0.2334002 -0.7164784 -0.6574063 -0.2334 -0.7164772 -0.6574078 0.1311376 -0.711739 -0.6900945 0.1311371 -0.7117394 -0.6900944 0.4631518 -0.7057319 -0.5361278 0.463144 -0.7057372 -0.5361276 0.6736462 -0.7001008 -0.2367695 0.6736479 -0.7000998 -0.2367673 0.7063112 -0.6962727 0.1277848 0.706312 -0.6962729 0.1277788 0.5523028 -0.6953801 0.4597914 0.552302 -0.695379 0.4597941 0.2529403 -0.6975466 0.6704104 0.2529429 -0.6975401 0.6704162 -0.1116047 -0.7022751 0.7031033 -0.1115947 -0.7022834 0.7030965 -0.4436074 -0.708287 0.5491285 -0.4436129 -0.7082799 0.5491331 -0.6541393 -0.7139453 0.2497678 -0.654137 -0.7139468 0.2497696 -0.6867707 -0.7177546 -0.11478 -0.6867689 -0.7177563 -0.1147798 -0.5327758 -0.7186833 -0.4468157 -0.5327776 -0.7186744 -0.446828 -0.2334035 -0.7164326 -0.6574551 -0.2334088 -0.7164317 -0.6574542 0.1311237 -0.7117329 -0.6901035 0.131117 -0.7117404 -0.6900971 0.46315 -0.7057352 -0.536125 0.4631432 -0.7057394 -0.5361252 0.6736466 -0.7001004 -0.2367694 0.6736486 -0.7000991 -0.2367677 0.706312 -0.6962719 0.1277848 0.7063135 -0.6962712 0.1277804 0.5523068 -0.6953734 0.4597967 0.5523048 -0.6953699 0.4598045 0.2529279 -0.697539 0.6704229 0.25293 -0.6975407 0.6704204 -0.111579 -0.7023183 0.7030642 -0.1115856 -0.7023198 0.7030615 0.2530705 0.7187124 -0.6476171 0.4172494 0.7127026 -0.5638776 0.3513106 0.7268507 -0.5901432 0.2950492 0.7074301 0.6422528 0.452784 0.7034373 0.5478711 0.3930316 0.7075903 0.5872326 -0.7239077 0.6834586 0.09403204 -0.6642253 0.6941783 0.2773467 -0.7003728 0.6791906 0.2194951 -0.7133095 0.6819388 0.1617072 -0.7401365 0.6724567 2.69044e-4 -0.7181484 0.6876343 -0.1068738 -0.7031322 0.7002509 -0.1235066 -0.6579899 0.7240645 -0.2068333 -0.6591186 0.7035997 -0.2655375 -0.6577409 0.7048369 -0.2656726 -0.5933466 0.7184806 -0.36294 -0.562677 0.7065159 -0.4292203 -0.5353122 0.6840402 -0.4955098 -0.5042611 0.6776233 -0.5353013 -0.3755532 0.7050008 -0.6016093 -0.451761 0.6669243 -0.5925573 -0.2709181 0.7028566 -0.6577203 -0.09860795 0.7029156 -0.7044048 0.586762 0.7128482 0.3841328 0.5590178 0.6796009 0.4750176 0.5233683 0.6888292 0.5015975 0.4615861 0.7026537 -0.5414943 0.494871 0.7096304 -0.5015251 0.502402 0.7094368 -0.4942588 0.568531 0.7115594 -0.4128631 0.5687612 0.7112905 -0.4130092 0.6212208 0.7125957 -0.3260247 0.6419394 0.7042662 -0.3031882 0.6492488 0.7134464 -0.2635719 0.6338605 0.7634002 -0.1242615 0.6881654 0.6829314 -0.2450165 0.6853662 0.7251915 -0.06611007 0.6911215 0.7207562 -0.05349397 0.6927681 0.7207208 0.02517902 0.6872636 0.7146795 0.130007 0.6831482 0.7178378 0.1342298 0.6218077 0.7294827 0.2849742 0.68247 0.6917735 0.2359751 0.5936689 0.7186589 0.362059 0.2979199 0.7169103 0.6303042 0.2254487 0.7140042 0.6628507 0.1617751 0.7082976 0.6871268 0.1281957 0.7116069 0.6907833 0.00970602 0.7111236 0.7030001 0.007070243 0.7137439 0.7003711 -0.1384295 0.7116044 0.6888081 -0.1374111 0.7084308 0.6922746 -0.2866076 0.7140899 0.6386952 -0.2605007 0.7093089 0.6549965 -0.3806152 0.7258646 0.5729334 -0.4568897 0.691258 0.559834 -0.5312889 0.7166292 0.451857 -0.5158851 0.6911671 0.5061135 -0.5949528 0.7123125 0.3723469 -0.5876999 0.6951687 0.4139437 -0.6464594 0.7008275 0.3015478 -0.03031295 0.6968464 -0.7165796 0.1008555 0.6965352 -0.7103992 0.1068981 0.7048587 -0.7012468 0.1976846 0.707634 -0.6783619 0.2707388 0.7046594 -0.6558626 -0.2764422 -0.01265126 -0.9609473 -0.2764483 -0.01265114 -0.9609456 -0.1928668 -0.01168209 -0.9811555 -0.1928667 -0.01168191 -0.9811555 0.02589166 -0.008828699 -0.9996258 0.0258919 -0.008828639 -0.9996258 0.243402 -0.005550384 -0.9699096 0.2434024 -0.005550324 -0.9699096 0.4491792 -0.002003967 -0.8934394 0.4491798 -0.00200361 -0.8934392 0.6333047 0.001639246 -0.7739009 0.6333048 0.001639425 -0.7739008 0.7869012 0.005203306 -0.6170572 0.786901 0.005203068 -0.6170573 0.9025655 0.008516192 -0.4304683 0.9025651 0.008515954 -0.4304692 0.9312725 0.009522199 -0.364199 0.9312726 0.009521901 -0.3641988 -0.002578914 -0.6721761 -0.7403869 9.70037e-5 -0.6685298 -0.7436854 0.0672788 -0.6028027 -0.7950488 0.08212482 -0.6611174 -0.7457743 0.3136547 -0.6598802 -0.6827729 0.311405 -0.6514644 -0.6918244 0.2159534 -0.6586069 -0.7208337 0.3063231 -0.6334092 -0.7106047 0.2800037 -0.6482267 -0.7080961 0.2666794 -0.6539592 -0.7079685 0.2641512 -0.6550117 -0.7079434 0.2516698 -0.6584039 -0.7093424 0.4159096 -0.6569903 -0.6287949 0.3957955 -0.6633505 -0.6350686 0.3869745 -0.6593123 -0.6446381 0.3626744 -0.6623688 -0.6555417 0.3349569 -0.6606569 -0.6718158 0.2049978 -0.6638276 -0.7192419 0.152378 -0.6644051 -0.7316741 0.1264675 -0.6644433 -0.7365604 0.07473623 -0.6691498 -0.7393599 0.008775353 -0.6725952 -0.7399587 0.01380705 -0.9998618 0.009257793 0.01382946 -0.9998615 0.009266555 0.01379752 -0.9998621 0.009249925 0.01380366 -0.9998622 0.009224176 0.01377856 -0.9998605 0.009450495 0.01377642 -0.9998603 0.009469747 0.01383578 -0.9998626 0.009138345 0.01383483 -0.9998646 0.008912384 0.01383465 -0.9998648 0.008896768 -0.01381754 0.9998626 -0.009174346 -0.01382339 0.9998623 -0.009195446 -0.01381927 0.9998625 -0.009168028 -0.01380479 0.9998625 -0.009194612 -0.01382493 0.9998624 -0.00917381 -0.01381444 0.9998623 -0.009200811 -0.01381617 0.9998624 -0.009184479 -0.01381319 0.9998624 -0.009190082 -0.01382303 0.9998624 -0.009177803 -0.01384699 0.999862 -0.009179472 -0.01378202 0.9998627 -0.009198427 -0.01381832 0.9998623 -0.009195268 -0.01380056 0.9998622 -0.009236514 -0.01381886 0.9998623 -0.009193956 -0.01382195 0.9998626 -0.009167134 -0.01382005 0.9998624 -0.009180426 -0.01381623 0.9998624 -0.009180307 -0.01380836 0.9998623 -0.009220898 -0.01381206 0.9998625 -0.009182572 -0.01381403 0.9998626 -0.009171485 -0.0138157 0.9998625 -0.009180188 -0.01381498 0.9998626 -0.009176433 -0.01381659 0.9998624 -0.009184658 -0.01382464 0.9998623 -0.009191274 -0.01381778 0.9998625 -0.009179294 -0.01381796 0.9998624 -0.009179592 -0.01381379 0.9998626 -0.00917232 -0.01382726 0.9998625 -0.009165227 -0.01381653 0.9998625 -0.00917381 -0.01379597 0.9998629 -0.00916332 -0.0138176 0.9998624 -0.009186625 -0.01381003 0.9998625 -0.009190857 -0.01382148 0.9998626 -0.009159862 -0.01385074 0.9998621 -0.009170949 -0.01381498 0.9998624 -0.009186506 -0.01379638 0.9998626 -0.009191632 -0.01378357 0.9998629 -0.009186327 -0.01381397 0.9998623 -0.009191811 -0.01381582 0.9998624 -0.009189486 -0.01381534 0.9998624 -0.009186029 -0.01382124 0.9998624 -0.009186804 -0.01382023 0.9998624 -0.00918591 -0.01382714 0.9998622 -0.009186029 -0.01381868 0.9998624 -0.009183645 -0.01380801 0.9998624 -0.009199678 -0.01381802 0.9998624 -0.009186983 -0.01381379 0.9998623 -0.009200155 -0.0138123 0.9998623 -0.009205937 -0.01380038 0.9998626 -0.009188771 -0.01381891 0.9998623 -0.009187638 -0.01381689 0.9998624 -0.009193956 -0.01381564 0.9998624 -0.009188592 -0.01381129 0.9998626 -0.009175419 -0.01380741 0.9998624 -0.009189665 -0.01380717 0.9998626 -0.009187221 -0.01380848 0.9998625 -0.009188532 -0.01381778 0.9998623 -0.009193301 -0.0138098 0.9998624 -0.009193778 -0.01381313 0.9998624 -0.009193599 -0.01379883 0.9998626 -0.009194433 -0.01388669 0.9998618 -0.009155273 -0.01381677 0.9998623 -0.009193539 -0.01382875 0.9998623 -0.009184837 -0.01381462 0.9998623 -0.009199261 -0.01381862 0.9998624 -0.009189963 -0.01382291 0.9998623 -0.009184002 -0.0137878 0.9998628 -0.009183943 -0.01376652 0.9998631 -0.009191632 -0.01378649 0.9998629 -0.009182274 -0.01380789 0.9998626 -0.009180366 -0.01381635 0.9998624 -0.009182631 -0.01382124 0.9998623 -0.009183824 -0.01381939 0.9998623 -0.009189486 -0.01381939 0.9998624 -0.009191632 -0.01381814 0.9998624 -0.009184598 -0.01380527 0.9998626 -0.009186327 -0.01378703 0.9998627 -0.00918889 -0.01380252 0.9998626 -0.009187161 -0.01381194 0.9998625 -0.009187281 -0.01387447 0.9998618 -0.009169936 -0.01386171 0.9998619 -0.009173691 -0.01381754 0.9998623 -0.00919187 -0.0138151 0.9998624 -0.009183228 -0.01381361 0.9998627 -0.009150445 -0.0137996 0.9998634 -0.009106695 -0.01381593 0.9998624 -0.009185731 -0.01380461 0.9998623 -0.009212255 -0.01382321 0.9998623 -0.009179174 -0.0138207 0.9998624 -0.009184956 -0.013821 0.9998623 -0.009185135 -0.01381957 0.9998623 -0.009185791 -0.01381981 0.9998623 -0.009186089 -0.01380956 0.9998624 -0.009202122 -0.01382118 0.9998625 -0.009175539 -0.01382595 0.9998623 -0.009183406 -0.01382547 0.9998623 -0.009183764 -0.01382839 0.9998623 -0.009186208 -0.01382857 0.9998623 -0.009180665 -0.01382619 0.9998623 -0.009182393 -0.01381367 0.9998624 -0.009192049 -0.01381176 0.9998623 -0.009197175 -0.01380676 0.9998626 -0.009191691 -0.01379954 0.9998626 -0.00918889 -0.01381701 0.9998624 -0.009190142 -0.01382201 0.9998623 -0.009192466 -0.01382279 0.9998623 -0.009190976 -0.01382237 0.9998623 -0.009188532 -0.01381605 0.9998625 -0.009183645 -0.01382058 0.9998623 -0.009191811 -0.01382905 0.9998626 -0.009149014 -0.01380747 0.9998623 -0.009213328 -0.01381659 0.9998624 -0.009184777 -0.01392966 0.9998609 -0.009178757 -0.01383274 0.9998621 -0.009187102 -0.0138182 0.9998623 -0.009190618 -0.01381492 0.9998624 -0.009181141 -0.01381814 0.9998623 -0.009193241 -0.01381915 0.9998624 -0.009184598 -0.01381605 0.9998624 -0.009194016 -0.01381683 0.9998623 -0.009195268 -0.01381427 0.9998625 -0.009184896 -0.01381206 0.9998624 -0.009183585 -0.01382005 0.9998623 -0.009201407 -0.01382142 0.9998621 -0.009207665 -0.01379066 0.9998623 -0.009227991 -0.01379185 0.9998619 -0.009281158 -0.0137887 0.9998632 -0.009143352 -0.01380872 0.9998625 -0.009185612 -0.01380699 0.9998626 -0.009182989 -0.01378834 0.9998634 -0.009126663 0.5148536 -0.6448533 0.5648806 0.5056532 -0.6430408 0.5751639 0.4987387 -0.6466448 0.5771572 0.4853388 -0.645151 0.5901072 0.4612975 -0.6465852 0.6075625 0.3784998 -0.6463065 0.6625903 0.4328726 -0.6398909 0.6349496 0.421861 -0.6474417 0.6347067 0.4545338 -0.6455776 0.6137007 0.4327206 -0.6166433 0.6576504 0.4110827 -0.6409167 0.6482568 0.3607937 -0.6493268 0.6694794 0.3266326 -0.6484785 0.6875949 0.2845007 -0.653494 0.7014307 0.2001309 -0.6500266 0.7330846 0.1980972 -0.6531367 0.7308694 0.2524486 -0.6502171 0.7165805 0.2907739 -0.6481643 0.7037994 -0.01383787 0.9998605 -0.009352982 -0.01380014 0.999861 -0.009365618 -0.01384532 0.9998607 -0.009329438 -0.01426047 0.9998683 -0.007751822 -0.01436412 0.9998693 -0.007425367 -0.01380592 0.9998615 -0.00930655 -0.01387017 0.9998607 -0.009294629 -0.0138542 0.9998633 -0.009028732 -0.01374667 0.9998611 -0.009433507 -0.01380872 0.9998613 -0.009313762 -0.01381707 0.9998621 -0.009217202 -0.01383286 0.9998611 -0.009295701 -0.01381361 0.9998625 -0.009175837 -0.01385152 0.9998613 -0.009247601 -0.01384282 0.9998613 -0.009271025 0.9972921 0.01311689 -0.07236397 0.9972921 0.01311624 -0.07236373 0.916294 0.008979618 -0.4004059 0.9162941 0.008981406 -0.4004054 0.67348 0.002512037 -0.7392012 0.6734799 0.002514183 -0.7392013 0.03875601 0.01037806 0.9991948 -0.08751654 0.02172583 0.9959262 -0.1771295 0.03218531 0.9836612 -0.3063982 0.06613248 0.9496035 -0.16723 0.006749153 0.9858948 -0.04935795 0.0303182 0.998321 0.07390171 0.0393809 0.9964877 0.06953454 0.01012754 0.9975281 0.188039 0.03282099 0.981613 0.3138669 0.0412265 0.9485716 0.4513576 0.004087209 0.8923339 0.4059706 0.02519953 0.9135386 0.4146578 0.03369659 0.9093533 0.3023915 0.01293629 0.9530961 0.1954637 0.01171475 0.980641 -0.1088113 0.009773135 0.9940145 0.1954649 0.0117132 0.9806408 -0.06087416 0.008331835 0.9981108 0.6995757 0.003104686 -0.7145518 0.7177569 -0.01559817 -0.6961192 0.6698477 0.004650056 -0.742484 0.6523678 -0.01294529 -0.7577921 0.7237499 -0.004449665 -0.6900482 0.7596557 -0.05114179 -0.6483114 0.8176844 -0.00977379 -0.5755839 0.776851 -0.04928636 -0.6277529 0.8222469 0.004225909 -0.5691153 0.8690046 8.58706e-5 -0.494804 0.8494826 0.006892263 -0.5275717 0.8811864 -0.01191347 -0.472619 0.9328708 0.01681053 -0.3598191 0.892354 -0.06472778 -0.4466706 0.9244059 -0.001350104 -0.3814079 0.9622254 0.01688343 -0.2717303 0.961138 0.009744703 -0.2758965 0.9895025 0.01174885 -0.1440374 0.9882161 0.009014785 -0.1528005 0.9995322 0.01445972 -0.02695155 0.999378 0.02822369 -0.02114611 0.9923806 0.08539861 0.0888136 0.9767035 0.05355614 0.207803 0.9765654 0.01547092 0.2146645 0.9404625 0.09095144 0.327503 0.900053 0.04004687 0.4339364 0.8964776 0.01645809 0.4427835 0.8411988 0.01965761 0.5403686 0.8232876 0.01662927 0.5673809 0.764483 0.006562471 0.6446105 0.7699751 0.01650631 0.6378604 0.7264131 0.01401513 0.6871155 0.6840107 0.008183181 0.7294262 0.6546438 0.008125782 0.7558938 0.5870151 0.007079184 0.8095451 0.4114092 0.01385378 0.9113454 0.4393397 0.01433306 0.8982067 0.4803406 0.01541435 0.8769466 0.5899468 0.01557224 0.807292 0.5340913 0.0193057 0.8452064 0.4652573 0.01651549 0.8850215 0.419923 0.01350426 0.9074593 0.3357491 0.01382881 0.94185 0.1293892 0.010899 0.991534 0.1025984 0.009514808 0.9946774 0.2167261 0.0117461 0.9761618 0.213598 0.01201838 0.9768477 0.3228619 0.01315796 0.9463546 0.09225237 0.01023191 0.9956831 0.05664128 0.009439349 0.99835 -0.011424 0.006779611 0.9999118 -0.3186293 0.004307568 0.9478696 -0.2992382 5.7275e-4 0.9541783 -0.2593401 0.006020963 0.9657673 -0.2346056 0.003591895 0.9720841 -0.1600937 0.007955491 0.9870699 -0.1253606 0.006160974 0.9920922 -0.08905375 0.008036553 0.9959945 -0.01059126 0.009137511 0.9999022 0.1319453 -0.008241057 -0.9912227 0.1974802 -0.004482507 -0.9802967 0.2446531 -0.00677967 -0.9695871 0.2881025 -0.003825545 -0.957592 0.3503081 -0.00622189 -0.9366139 0.3867039 -0.002551257 -0.9222005 0.3877053 -0.005552709 -0.9217667 0.4743615 -0.001532852 -0.8803288 0.4918074 -0.005428075 -0.8706871 0.5509524 -0.02275204 -0.8342265 0.5756601 -0.1085106 -0.8104572 -0.375419 -0.01752901 -0.9266895 -0.4412469 -0.01434326 -0.8972711 -0.4066101 -0.01611858 -0.9134596 -0.3130666 -0.01496809 -0.9496133 -0.3284785 -0.01465213 -0.9443978 -0.2537222 -0.01171499 -0.9672062 -0.2049813 -0.01187586 -0.9786939 -0.2037218 -0.01374971 -0.9789323 -0.09170764 -0.008179545 -0.9957524 -0.1202921 -0.01286584 -0.9926552 0.01844781 -0.006891071 -0.9998062 -0.008326649 -0.01101058 -0.9999048 0.08753353 -0.007858812 -0.9961307 0.6753163 0.002784192 -0.737523 0.6752548 0.002649426 -0.7375798 0.675248 0.002634406 -0.7375862 0.675208 0.002546966 -0.737623 0.7375396 0.01605683 0.675113 0.7375355 0.01576107 0.6751244 0.7375255 0.01626795 0.6751235 0.7375033 0.01639294 0.6751446 0.7374994 0.01639676 0.6751487 0.7374898 0.01640647 0.675159 -0.9459732 -0.01604783 -0.3238475 -0.9459732 -0.01604783 -0.3238477 -0.7858946 -0.01654028 -0.6181393 -0.7858945 -0.01654046 -0.6181396 -0.4398362 -0.01433002 -0.8979638 -0.4398354 -0.01433014 -0.8979641 -0.006664395 -0.009281516 -0.9999348 -0.006665229 -0.009281456 -0.9999348 0.4278303 -0.002394437 -0.9038559 0.4278275 -0.002394676 -0.9038572 0.7775858 0.004966557 -0.6287573 0.7775844 0.004966974 -0.628759 0.9733299 0.0113452 -0.2291293 0.9733304 0.01134502 -0.2291272 0.9943412 0.0147078 0.105211 0.9943412 0.01470696 0.1052107 -0.9401035 -0.01461732 -0.3405756 -0.9502406 -0.0159896 -0.3111063 0.9927741 0.01473546 0.1190906 0.9928367 0.01480865 0.118558 0.9842151 0.01205617 -0.1765651 0.9846327 0.01176846 -0.1742414 0.8405055 0.006873011 -0.5417596 0.8430568 0.006312251 -0.5377876 0.5692545 7.03106e-4 -0.8221611 0.5733039 1.53631e-4 -0.8193429 0.2642336 -0.005092978 -0.9644454 0.3106529 -0.004442214 -0.9505131 -0.8544521 -0.0165165 -0.5192677 -0.7377775 -0.012717 -0.6749242 -0.7137872 -0.01629739 -0.700173 -0.535632 -0.01507639 -0.844317 -0.300859 -0.009165048 -0.9536246 -0.329339 -0.01322734 -0.9441192 -0.1057552 -0.01053404 -0.9943364 0.0877183 -0.006365835 -0.9961251 0.1673097 -0.006748259 -0.9858813 0.01385468 -0.9998625 0.009125888 0.01392447 -0.9998613 0.009140968 0.01386183 -0.9998628 0.009074449 0.01432746 -0.9998707 0.007301092 0.01435083 -0.999871 0.007212042 -0.01383262 0.9998623 -0.009184002 -0.01381438 0.9998624 -0.009190559 -0.0138182 0.9998623 -0.009189069 -0.01381909 0.9998624 -0.00918883 -0.01377558 0.999863 -0.009176194 -0.0137977 0.9998627 -0.0091843 -0.01378202 0.9998629 -0.009178578 -0.01380568 0.9998625 -0.009187221 -0.01381635 0.9998623 -0.0091874 -0.01382941 0.9998621 -0.009191811 -0.01382488 0.9998622 -0.009190261 -0.01383244 0.9998621 -0.009192824 -0.01382881 0.9998622 -0.00918591 -0.01383006 0.9998623 -0.009185791 -0.01383149 0.9998622 -0.009185671 -0.01383519 0.9998622 -0.009185314 -0.0138123 0.9998624 -0.009191393 -0.01384943 0.999862 -0.009173989 -0.01378357 0.9998627 -0.009204924 -0.01378786 0.9998627 -0.009199678 -0.0138176 0.9998623 -0.009191989 -0.01380985 0.9998624 -0.009196102 -0.01384639 0.999862 -0.00918281 -0.01382571 0.9998622 -0.009192168 -0.0138179 0.9998623 -0.00919044 -0.01381391 0.9998624 -0.009189486 -0.01381504 0.9998625 -0.009184718 -0.01381498 0.9998624 -0.009183645 -0.0138157 0.9998625 -0.009183764 -0.01381409 0.9998624 -0.009186208 -0.01381021 0.9998625 -0.009190499 -0.01381748 0.9998623 -0.009189009 -0.01381677 0.9998623 -0.009189546 -0.01381754 0.9998624 -0.009191215 -0.01381152 0.9998624 -0.009192585 -0.01381599 0.9998624 -0.009196043 -0.0138145 0.9998624 -0.009193181 -0.01382136 0.9998623 -0.009183824 -0.01381176 0.9998624 -0.009193301 -0.01374781 0.999864 -0.009112119 -0.01380729 0.9998625 -0.009185433 -0.01381283 0.9998626 -0.009181559 -0.01381373 0.9998626 -0.009181141 -0.01381075 0.9998626 -0.009176611 -0.01382172 0.9998623 -0.009194314 -0.01382243 0.9998623 -0.009195089 -0.01381897 0.9998624 -0.009189605 -0.01381748 0.9998623 -0.009189307 -0.01381748 0.9998624 -0.009190082 -0.01381593 0.9998624 -0.009192287 -0.01380848 0.9998625 -0.009194791 -0.01380479 0.9998625 -0.009191572 -0.01381224 0.9998624 -0.009191513 -0.01381355 0.9998623 -0.009197592 -0.01381117 0.9998624 -0.009192764 -0.01380991 0.9998624 -0.009192407 -0.01383614 0.999862 -0.009206712 -0.01380932 0.9998621 -0.009231865 -0.01384341 0.999861 -0.009300291 -0.0142219 0.9998595 -0.008877754 -0.01385235 0.9998621 -0.009163022 -0.01402294 0.999861 -0.009031355 -0.01382392 0.9998623 -0.009184956 -0.01384413 0.9998621 -0.009166955 -0.0139026 0.9998601 -0.009313464 -0.01387649 0.999861 -0.009248077 -0.01390886 0.9998598 -0.00932914 -0.01382064 0.9998621 -0.009209454 -0.01382195 0.999862 -0.009215593 -0.01382309 0.999862 -0.009221017 -0.0138235 0.999862 -0.009222924 -0.01382106 0.9998623 -0.009194731 -0.01381385 0.9998623 -0.009203433 -0.01380312 0.9998624 -0.009197592 -0.01385462 0.9998612 -0.009257316 -0.01384806 0.9998618 -0.009207308 -0.01377344 0.9998635 -0.009128868 -0.01381105 0.9998626 -0.009169876 -0.01381307 0.9998624 -0.009186983 -0.01381176 0.9998624 -0.009191393 -0.01384645 0.9998621 -0.009175479 -0.01381748 0.9998623 -0.009195864 -0.01381701 0.9998623 -0.009191632 -0.013821 0.9998623 -0.009186267 -0.0138241 0.9998623 -0.009191572 -0.01381474 0.9998624 -0.00919044 -0.01381665 0.9998624 -0.009187757 -0.01388204 0.9998624 -0.00909692 -0.0138216 0.9998623 -0.00918889 -0.01381939 0.9998623 -0.009185433 -0.08917188 -0.01038473 -0.9959622 -0.08917474 -0.01038521 -0.9959619 -0.08917224 -0.01038479 -0.9959621 -0.0891751 -0.01038527 -0.9959619 -0.5751886 -0.01546418 -0.8178748 -0.5751838 -0.01546412 -0.8178782 -0.5751879 -0.01546418 -0.8178751 -0.5751831 -0.01546412 -0.8178786 -0.9070783 -0.01639944 -0.4206426 -0.9070793 -0.01639932 -0.4206402 -0.985064 -0.01518774 -0.1715172 -0.9850647 -0.01518738 -0.1715137 -0.9959208 -0.01294094 0.08929824 -0.995921 -0.01294046 0.08929842 -0.8179046 -0.006014227 0.5753225 -0.8179044 -0.006014764 0.5753227 -0.6411663 -0.001807093 0.7673999 -0.6411659 -0.00180757 0.7674002 -0.4207388 0.002523005 0.9071784 -0.4207368 0.002522766 0.9071793 0.08917093 0.01038467 0.9959622 0.08917295 0.01038461 0.995962 0.3438955 0.01338005 0.9389126 0.3438948 0.01338005 0.9389129 0.767275 0.01649349 0.6411062 0.7672767 0.01649355 0.6411042 0.9850646 0.01518738 0.1715143 0.9850653 0.01518732 0.1715106 0.9959209 0.0129404 -0.08929836 0.9959208 0.01294034 -0.08929932 0.8179051 0.006014168 -0.5753218 0.8179041 0.006014227 -0.5753232 0.6411693 0.001806974 -0.7673974 0.6411705 0.001807034 -0.7673965 0.4207359 -0.002523362 -0.9071797 0.4207413 -0.002523362 -0.9071772 -0.01380956 0.9998625 -0.00919193 -0.01381653 0.9998621 -0.009213864 -0.01381641 0.9998624 -0.009192109 -0.01379382 0.9998625 -0.009209096 -0.0138095 0.9998625 -0.009191513 -0.01380956 0.9998625 -0.009191751 -0.01379358 0.9998627 -0.009194493 -0.01379895 0.9998627 -0.009179651 -0.01383757 0.9998621 -0.009181678 -0.0138356 0.9998621 -0.009190857 -0.01382833 0.9998623 -0.009184479 -0.01383554 0.9998621 -0.009190976 -0.01382827 0.9998623 -0.009185016 -0.08918017 -0.01038461 -0.9959614 -0.08916842 -0.01038467 -0.9959625 -0.08917874 -0.01038461 -0.9959615 -0.08916699 -0.01038467 -0.9959626 -0.5751823 -0.01546394 -0.8178791 -0.5751865 -0.01546406 -0.8178762 -0.767274 -0.01649343 -0.6411073 -0.7672756 -0.01649391 -0.6411055 -0.985064 -0.01518684 -0.1715174 -0.9850648 -0.01518791 -0.1715134 -0.995921 -0.01293992 0.08929795 -0.9959208 -0.01294112 0.08929884 -0.8179031 -0.006014823 0.5753245 -0.8179041 -0.006014823 0.5753232 -0.641167 -0.001807391 0.7673993 -0.6411671 -0.001807391 0.7673993 -0.4207426 0.002523064 0.9071767 -0.4207397 0.002523005 0.9071781 0.08917087 0.01038467 0.9959622 0.08916985 0.01038467 0.9959623 0.3438934 0.01337993 0.9389134 0.3438923 0.01338046 0.9389138 0.5751829 0.01546353 0.8178787 0.5751862 0.01546466 0.8178764 0.90708 0.01639986 0.420639 0.9070781 0.01640003 0.420643 0.9850648 0.01518732 0.1715136 0.985064 0.01518797 0.1715179 0.9959209 0.01293998 -0.08929824 0.995921 0.012941 -0.08929818 0.8179031 0.006013631 -0.5753247 0.8179051 0.006014645 -0.5753217 0.8179033 0.006013751 -0.5753243 0.8179054 0.006014764 -0.5753213 0.4207316 -0.00252366 -0.9071816 0.420742 -0.002522587 -0.9071768 0.4207329 -0.002523541 -0.9071811 0.4207434 -0.002522468 -0.9071762 -0.01380962 0.9998624 -0.00919193 -0.0137937 0.9998627 -0.009194791 -0.01381725 0.9998624 -0.009187281 -0.01379895 0.9998627 -0.009179532 -0.01383751 0.9998621 -0.009181737 -0.01380956 0.9998625 -0.009192228 -0.01379352 0.9998627 -0.00919497 -0.01379895 0.9998627 -0.009179413 -0.01383751 0.9998621 -0.009181499 -0.01383554 0.9998621 -0.009191334 -0.01382833 0.9998623 -0.009184956 -0.0138356 0.9998621 -0.009190976 -0.01382833 0.9998623 -0.00918436 -0.1033897 -0.6556643 0.7479404 -0.1035764 -0.6562725 0.747381 -0.1343487 -0.6566292 0.7421513 -0.1338284 -0.6545584 0.7440721 -0.1503221 -0.6573544 0.7384365 -0.1498486 -0.6576079 0.738307 -0.1566067 -0.6561439 0.738207 -0.1544396 -0.6595324 0.7356396 -0.1522892 -0.6616299 0.734203 -0.1420642 -0.6593205 0.7383186 -0.143544 -0.6585735 0.738699 -0.04743891 -0.6601675 0.749619 -0.05257427 -0.6612854 0.7482898 -0.0832349 -0.6570962 0.7491973 -0.125272 -0.6776883 0.7246003 -0.1097557 -0.6581892 0.7448092 -0.08095449 -0.6564289 0.7500318 -0.105724 -0.6566647 0.7467355 -0.1212305 -0.6686843 0.733597 0.2127354 -0.6540131 -0.7259549 0.226609 -0.6735819 -0.7035168 0.240411 -0.6800782 -0.6926011 0.1171542 -0.6748721 -0.7285757 0.05628186 -0.6786677 -0.7322859 0.1159774 -0.6770991 -0.7266953 0.05891001 -0.6909166 -0.7205303 0.1474959 -0.669811 -0.7277351 0.1682595 -0.6718479 -0.7213246 0.1773306 -0.6688272 -0.7219586 0.3090131 -0.6696301 -0.6753565 0.3154208 -0.6687761 -0.6732372 0.2973037 -0.6683856 -0.6818147 0.29341 -0.6677829 -0.6840881 0.2650728 -0.6659924 -0.6972736 0.2695912 -0.6660462 -0.6954876 0.2800105 -0.6742056 -0.683404 0.1818422 -0.8005166 -0.5710574 0.1724553 -0.6703678 -0.7217106 0.1457123 -0.6751307 -0.7231643 0.1117458 -0.6834745 -0.7213706 0.06136131 -0.7001254 -0.7113784 -0.05015653 -0.6572093 -0.7520375 -0.06450778 -0.6746822 -0.735284 -0.04253071 -0.6549833 -0.7544456 -0.004182398 -0.809367 -0.5872883 -0.01677882 -0.6815564 -0.7315732 -0.009890556 -0.6880852 -0.7255625 -0.05910795 -0.6685524 -0.7413123 -0.07558441 -0.6762685 -0.7327674 -0.0671491 -0.6790561 -0.7310088 -0.06756711 -0.6820491 -0.7281783 -0.05857259 -0.7021692 -0.7095969 0.3367938 -0.6670518 -0.6645388 0.3414833 -0.6654232 -0.6637779 0.3175814 -0.6649693 -0.6759867 0.3188733 -0.6648928 -0.6754535 0.2755157 -0.6641054 -0.6950217 0.2770382 -0.6641797 -0.6943452 0.3233072 -0.6840161 -0.6539071 0.3257573 -0.6900022 -0.6463584 0.3417527 -0.6695542 -0.6594712 -0.02149325 -0.6571052 0.7534924 -0.02139854 -0.6769038 0.7357604 -0.0255593 -0.6734305 0.7388087 -0.07829153 -0.6538765 0.7525398 -0.07354164 -0.6554191 0.7516764 -0.04003334 -0.6558201 0.7538551 -0.03917753 -0.6558309 0.7538906 -0.01882606 -0.6560992 0.7544399 -0.05455791 -0.6559007 0.752873 0.1495436 -0.6511629 0.7440589 0.1265056 -0.652255 0.7473685 0.1181822 -0.6517108 0.7492036 0.07563579 -0.6511908 0.7551356 0.08084887 -0.6526259 0.7533546 0.03055781 -0.6521179 0.7575016 0.03535246 -0.6534806 0.7561174 -0.01095736 -0.6527042 0.7575336 -0.006487488 -0.6539496 0.7565104 -0.1073443 -0.6538916 0.7489346 -0.07348823 -0.6563709 0.7508507 -0.04149776 -0.6543316 0.7550683 -0.7319184 -0.656996 0.180698 -0.7336695 -0.6560651 0.1769398 -0.7431737 -0.6578739 0.1220452 -0.7455529 -0.6563006 0.1158467 -0.7480696 -0.6609815 0.05912214 -0.7228878 -0.6540738 -0.222757 -0.7424291 -0.647014 -0.1737008 -0.7496516 -0.6498408 -0.1254171 -0.7471892 -0.657698 -0.09561258 -0.7529427 -0.6564117 -0.04691767 -0.748106 -0.663191 -0.02269762 -0.7506813 -0.6605837 0.01033741 -0.7506552 -0.6581117 0.05835872 -0.5949202 -0.6594457 0.4595664 -0.5764451 -0.6624142 0.4784543 -0.5498964 -0.6617811 0.5095683 -0.5434197 -0.6639021 0.5137404 -0.4977076 -0.6640315 0.5579869 -0.4975728 -0.6646397 0.5573827 -0.4403989 -0.6646326 0.6035829 -0.4414554 -0.6640936 0.6034044 -0.6656661 -0.6581583 0.3517332 -0.646685 -0.6612018 0.3802773 -0.6331025 -0.6580457 0.4076238 -0.6183389 -0.6617238 0.4240033 -0.5959991 -0.6620497 0.4543955 -0.7149192 -0.6569128 0.2394918 -0.7169523 -0.6559272 0.2360911 -0.6902714 -0.6592797 0.2981202 -0.698924 -0.6549711 0.2872598 -0.6775031 -0.656329 0.3319967 -0.1461859 -0.6548183 0.7415138 -0.1414504 -0.657162 0.7403579 0.06027948 -0.6809059 -0.7298859 -0.021564 -0.6804235 -0.7325018 -0.06680345 -0.6786097 -0.7314549 -0.05652362 -0.6749108 -0.7357314 -0.0840153 -0.6557434 0.7502946 -0.1346256 -0.6551591 0.7433993 -0.1062339 -0.6500782 0.7524046 -0.1385532 -0.6566697 0.741342 -0.1816686 -0.6607894 0.728254 -0.1786995 -0.6579177 0.731581 -0.2171066 -0.6613875 0.7179355 -0.2556054 -0.6653236 0.7014346 -0.3775936 -0.6648709 0.6444919 -0.3894613 -0.6611736 0.641225 -0.3180345 -0.6663173 0.6744445 -0.3357849 -0.6614286 0.6706421 -0.2788089 -0.6641426 0.6936716 -0.2502195 -0.6601912 0.7081934 -0.04430514 -0.6564085 0.7531036 -0.08110129 -0.6565082 0.7499464 -0.1125483 -0.6566435 0.7457561 0.3149082 -0.6658148 -0.676405 0.2660009 -0.666084 -0.6968325 0.2182944 -0.6673648 -0.7120195 0.1543557 -0.6760025 -0.7205519 -0.02358293 -0.6560044 0.7543885 -0.0415154 -0.6553909 0.7541482 0.3346609 -0.6656066 -0.6670607 0.3150144 -0.6657561 -0.6764131 0.2725142 -0.6651084 -0.6952459 0.2304431 -0.6655412 -0.7098951 -0.05596697 -0.6710786 -0.7392708 -0.06573182 -0.6736049 -0.736163 0.009166359 -0.6689225 -0.7432757 0.007016718 -0.6682131 -0.7439369 0.06337159 -0.6656114 -0.7436031 0.09221655 -0.6645995 -0.7414875 0.1109366 -0.6660453 -0.7376157 0.1510187 -0.6641653 -0.7321734 0.1434999 -0.6663171 -0.7317304 0.1867783 -0.6650838 -0.7230334 0.2344667 -0.6646078 -0.7094519 0.2088372 -0.6650707 -0.7169855 0.1825095 -0.6645827 -0.7245827 -0.4782066 -0.6863502 -0.5479435 -0.4694669 -0.6801904 -0.562976 -0.4214361 -0.680912 -0.5989578 -0.4124857 -0.6769314 -0.609606 -0.3548279 -0.6768825 -0.6449243 -0.3503068 -0.6753876 -0.6489506 -0.2960133 -0.6752193 -0.6756146 -0.2961116 -0.6755355 -0.6752554 -0.2321655 -0.6748946 -0.7004402 -0.2189177 -0.6759265 -0.7037034 -0.136003 -0.6751856 -0.7250018 -0.1254795 -0.6723742 -0.7294984 -0.179487 -0.6733688 -0.7171881 0.6259519 -0.0678662 -0.7769032 0.6210759 -0.03902059 -0.7827785 0.6966875 -0.04126286 -0.7161871 0.700006 -0.06707966 -0.7109797 0.6250972 -0.07809394 -0.7766304 0.7633675 -0.03552317 -0.644987 0.7638379 -0.06051397 -0.6425649 0.8149186 -0.02893543 -0.5788527 0.8204153 -0.05881506 -0.5687351 0.8623996 -0.03206056 -0.505212 0.8672357 -0.05684262 -0.4946425 0.8995979 -0.03593671 -0.4352381 0.9062735 -0.05660802 -0.4188842 0.9201415 -0.03578948 -0.3899474 0.9415423 -0.05529725 -0.3323255 0.9439099 -0.03436112 -0.3284107 0.9677243 -0.02467942 -0.2508004 0.9688147 -0.05281513 -0.2420926 0.9881929 -0.03128844 -0.1499869 0.9877614 -0.05260491 -0.1468341 0.01381188 -0.9998626 0.009180009 0.01382279 -0.9998623 0.009190738 0.0138185 -0.9998624 0.00918281 0.01382762 -0.9998622 0.009197056 0.01382583 -0.9998623 0.009177625 0.01390492 -0.999862 0.009103357 0.01383244 -0.999862 0.009208858 0.01381647 -0.9998623 0.00919795 0.01382577 -0.9998621 0.009199202 0.01381081 -0.9998624 0.009187042 0.01381093 -0.9998624 0.009189903 0.01385146 -0.9998622 0.009161293 0.01380598 -0.9998624 0.009195148 0.01380378 -0.9998625 0.009192109 0.01380676 -0.9998625 0.009194791 0.01381754 -0.9998624 0.009190618 0.0138309 -0.9998622 0.009188115 0.01382923 -0.9998623 0.009188175 0.01382124 -0.9998623 0.00918883 0.01381522 -0.9998624 0.009187936 0.01380926 -0.9998624 0.009192585 0.01381665 -0.9998624 0.009189784 0.01385533 -0.9998617 0.009209871 0.01381546 -0.9998625 0.00918436 0.01385283 -0.9998617 0.009209513 0.01381528 -0.9998623 0.009195387 0.01381778 -0.9998623 0.009191215 0.01382583 -0.9998621 0.009198129 0.01382052 -0.9998622 0.009199976 0.01381623 -0.9998623 0.00918889 0.01381397 -0.9998624 0.009191095 0.0138182 -0.9998624 0.009183704 0.01379758 -0.9998627 0.009185075 0.01380652 -0.9998627 0.009172439 0.0138123 -0.9998625 0.009186744 0.01382112 -0.9998622 0.009195685 0.0138151 -0.9998624 0.009191632 0.01382511 -0.9998621 0.009201884 0.01381814 -0.9998624 0.009193181 0.01382017 -0.9998624 0.009190678 0.01381593 -0.9998624 0.009189903 0.01382148 -0.9998622 0.009196579 0.01381719 -0.9998623 0.00918889 0.01381969 -0.9998624 0.009184539 0.01382297 -0.9998622 0.009193658 0.01381272 -0.9998623 0.009197711 0.01381605 -0.9998624 0.009186804 0.01378208 -0.9998633 0.009137511 0.01381307 -0.9998625 0.009180545 0.01378029 -0.9998633 0.009138643 0.0138058 -0.9998625 0.009191989 0.01376104 -0.999863 0.009200394 0.01381945 -0.9998624 0.009182333 0.01383256 -0.9998621 0.009196043 0.01377755 -0.9998629 0.009187698 0.01382565 -0.9998622 0.009195744 0.01383417 -0.999862 0.009202659 0.01383304 -0.9998621 0.00919795 0.013803 -0.9998627 0.009180843 0.01381593 -0.9998624 0.009185612 0.01380729 -0.9998626 0.0091874 0.0138123 -0.9998623 0.009198009 0.01377433 -0.9998622 0.009267747 0.01379334 -0.9998621 0.009251236 0.01381319 -0.9998624 0.009188592 0.01380997 -0.9998625 0.009184539 0.01379388 -0.9998627 0.009186387 0.0138182 -0.9998624 0.009190142 0.01382607 -0.9998635 0.009056329 0.01383733 -0.999862 0.009203851 0.01382136 -0.9998623 0.009193539 0.01381987 -0.9998624 0.00919038 0.01380074 -0.9998627 0.009185373 0.01381576 -0.9998624 0.00918734 0.01381498 -0.9998624 0.0091874 0.01381975 -0.9998624 0.009187817 0.01366353 -0.9998674 0.008865833 0.01381766 -0.9998623 0.00918895 0.01383 -0.9998621 0.009195029 0.01383781 -0.9998621 0.009191453 0.01381886 -0.9998624 0.009183645 0.01382529 -0.9998621 0.00920552 0.01380348 -0.9998627 0.009181022 0.01378297 -0.9998633 0.009145259 0.01373147 -0.9998646 0.009082019 0.01381093 -0.9998624 0.00918895 0.01455384 -0.9998525 0.009117245 0.01381921 -0.9998624 0.009190082 0.01408982 -0.9998589 0.009161353 0.01381337 -0.9998624 0.009189605 0.01382237 -0.9998623 0.009189128 0.01380676 -0.9998625 0.009186029 0.01385778 -0.9998618 0.009180188 0.01386028 -0.9998618 0.009178757 0.01382482 -0.9998622 0.009192287 0.01293516 -0.9998741 0.009198844 0.01329433 -0.9998694 0.009198486 0.01382893 -0.9998622 0.00919497 0.01381629 -0.9998624 0.009187757 0.01383835 -0.999862 0.009189844 0.01382541 -0.9998623 0.009184062 0.01378959 -0.9998629 0.009183883 0.01376432 -0.9998632 0.009173989 0.01386618 -0.9998615 0.009200572 0.01384323 -0.9998619 0.009195506 0.01379293 -0.9998627 0.009183347 0.0138157 -0.9998621 0.009222507 0.01386183 -0.9998616 0.009208619 0.01381814 -0.9998624 0.009188294 0.01390457 -0.9998608 0.009227991 0.01396209 -0.9998601 0.0092206 0.01351338 -0.9998671 0.009124875 0.01380991 -0.9998623 0.009216904 0.01343041 -0.9998673 0.00922203 0.01381653 -0.9998623 0.009193003 0.01381939 -0.9998624 0.009191036 0.01380753 -0.9998626 0.009179592 0.01381325 -0.9998624 0.009184658 0.01382386 -0.9998623 0.009185731 0.01381981 -0.9998623 0.009186029 0.0134496 -0.9998671 0.009216248 0.01386189 -0.9998616 0.009199082 0.01381123 -0.9998626 0.009181678 0.01381123 -0.9998625 0.009186863 0.01381361 -0.9998625 0.009188175 0.01381748 -0.9998624 0.00919336 0.0138148 -0.9998624 0.009188473 0.01381987 -0.9998623 0.009192705 0.01382374 -0.9998623 0.009187817 0.01381975 -0.9998624 0.009188234 0.01382207 -0.9998624 0.009187161 0.01381617 -0.9998623 0.009188652 0.01381725 -0.9998624 0.009187161 0.01381778 -0.9998624 0.009189546 0.01382613 -0.9998623 0.009178161 0.01375883 -0.9998638 0.009124994 0.01378422 -0.9998632 0.009157836 0.01381814 -0.9998623 0.009190499 0.01382321 -0.9998623 0.009190142 0.01379138 -0.9998628 0.00917685 0.01382398 -0.9998623 0.009190618 0.0138058 -0.9998626 0.009181857 0.01383864 -0.9998621 0.009181141 0.01377218 -0.9998623 0.00926423 0.01365906 -0.9998635 0.009307742 0.01381015 -0.9998625 0.009184479 0.01380956 -0.9998624 0.009186029 0.01407617 -0.9998581 0.009265542 0.01382279 -0.9998623 0.00918889 0.01380866 -0.9998626 0.009184002 0.01382052 -0.9998623 0.009183228 0.01379919 -0.9998627 0.009180247 0.01382106 -0.9998621 0.009209632 0.01386135 -0.9998616 0.009200513 0.0139175 -0.9998608 0.009206533 0.01382142 -0.9998623 0.009191215 0.01379984 -0.9998625 0.009197592 0.0141412 -0.9998553 0.009461224 0.01395672 -0.9998593 0.009309411 0.01381832 -0.9998623 0.009187161 0.01382333 -0.9998624 0.009184718 0.01382863 -0.9998622 0.00919038 0.01381534 -0.9998626 0.009167671 0.01384705 -0.9998617 0.009208619 0.01381218 -0.9998623 0.009202897 0.0138188 -0.9998624 0.009181857 0.01381492 -0.9998624 0.009190917 0.0138182 -0.9998618 0.009244084 0.01382535 -0.9998617 0.009241759 0.01381903 -0.999862 0.009227991 0.01382941 -0.9998625 0.009154856 0.01380795 -0.9998624 0.009207308 0.01381373 -0.9998624 0.00919348 0.01381301 -0.9998628 0.009147167 0.9975764 -0.02619439 -0.06446152 0.997492 -0.05326229 -0.04661309 0.9995549 -0.022049 0.0201025 0.9972648 -0.05079352 0.05369341 0.9917213 -0.03190189 0.1243836 0.9878654 -0.0506401 0.1468255 0.9794214 -0.03289169 0.1991283 0.9696093 -0.04787623 0.2399284 0.9494749 -0.03200465 0.3122068 0.9439743 -0.04897749 0.3263643 0.913218 -0.01276826 0.4072716 0.9095287 -0.05012583 0.4126077 0.8773919 -0.02603816 0.4790673 0.866021 -0.04876035 0.4976246 0.8223456 -0.02578997 0.5684036 0.8172149 -0.05404317 0.5737938 0.01381987 -0.9998622 0.00919938 0.01381653 -0.9998623 0.009201347 0.01382243 -0.9998623 0.009200215 0.01382595 -0.9998624 0.00917989 0.01382625 -0.9998623 0.009189605 0.01382476 -0.9998623 0.009191453 0.01376754 -0.9998624 0.009267568 0.01378232 -0.9998621 0.009261131 0.01382678 -0.9998623 0.009192228 0.01380461 -0.9998622 0.009227335 0.01381874 -0.9998622 0.00920701 0.01379257 -0.9998624 0.009223163 0.01385253 -0.9998616 0.00921452 0.01384735 -0.9998618 0.009210348 0.01381552 -0.9998628 0.009152173 0.01380527 -0.999863 0.009143829 0.0138238 -0.9998627 0.009136199 0.01382774 -0.9998626 0.009140014 0.01380813 -0.9998623 0.00920403 0.01371806 -0.9998634 0.009232223 0.01371252 -0.9998633 0.009244143 0.013821 -0.999862 0.009219825 0.01378172 -0.9998629 0.00919193 0.0138157 -0.9998625 0.009174942 0.01376152 -0.9998633 0.009181022 0.01380914 -0.9998626 0.009178042 0.01381474 -0.9998625 0.009180605 0.01383221 -0.9998617 0.009238064 0.01383143 -0.999862 0.00921601 0.01382547 -0.9998621 0.009212434 0.01381528 -0.9998623 0.00920993 0.01379245 -0.9998629 0.009171187 0.01382148 -0.9998625 0.009169995 0.01382207 -0.9998623 0.009191453 0.01383602 -0.9998623 0.00916022 0.01382023 -0.9998625 0.009166777 0.01381427 -0.9998623 0.009192526 0.01384669 -0.9998621 0.009170353 0.01382434 -0.9998624 0.009174048 0.01382815 -0.9998624 0.009167134 0.01391357 -0.9998614 0.00915867 0.01381099 -0.9998624 0.009204685 0.0137903 -0.9998628 0.009175837 0.01381725 -0.9998622 0.009204566 0.013803 -0.9998627 0.009176492 0.01382243 -0.9998623 0.009190976 0.01382166 -0.9998622 0.009199619 0.01381146 -0.9998624 0.009188115 0.01380926 -0.9998625 0.009183466 0.01382327 -0.9998622 0.009192764 0.01381397 -0.9998623 0.009206593 0.01383072 -0.9998622 0.009187161 0.0138213 -0.9998624 0.009179294 0.01380616 -0.9998625 0.00919193 0.01381742 -0.9998623 0.009195387 0.01383477 -0.999862 0.009195804 0.01380449 -0.9998626 0.009183526 0.01381283 -0.9998624 0.009190082 0.01380622 -0.9998626 0.009186148 0.01383334 -0.999862 0.00919938 0.01380318 -0.9998626 0.009186625 0.01375073 -0.9998636 0.009158015 0.01380336 -0.9998625 0.009195744 0.01382482 -0.9998621 0.0091964 0.01382201 -0.9998624 0.009187579 0.01381027 -0.9998624 0.009189426 0.01382088 -0.9998623 0.00919348 0.01381021 -0.9998625 0.009187161 0.01396387 -0.999861 0.009120821 0.01390773 -0.9998615 0.009148657 0.01388722 -0.9998617 0.009155988 0.01382118 -0.9998623 0.009189367 0.01383942 -0.9998621 0.009185731 0.01383829 -0.9998621 0.009184241 0.01381635 -0.9998624 0.009189903 0.01381289 -0.9998624 0.009183049 0.01381498 -0.9998623 0.00919342 0.01382333 -0.9998622 0.009193181 0.0138182 -0.9998623 0.009189188 0.01380807 -0.9998625 0.009186267 0.01380908 -0.9998625 0.009187519 0.01378095 -0.999863 0.009182453 0.01381039 -0.9998625 0.009184539 0.0138241 -0.9998623 0.009186029 0.01381146 -0.9998624 0.009199023 0.0138207 -0.9998623 0.009186208 0.01382136 -0.9998623 0.009192228 0.01381653 -0.9998624 0.009188473 0.0138182 -0.9998623 0.009193003 0.01380819 -0.9998624 0.009189665 0.01381611 -0.9998624 0.009194433 0.01384186 -0.9998621 0.009174346 0.01381325 -0.9998624 0.009190082 0.01379632 -0.9998626 0.009201347 0.01382696 -0.9998623 0.009187519 0.01382225 -0.9998623 0.009183764 0.01381844 -0.9998624 0.009189546 0.01382094 -0.9998623 0.009190201 0.01381772 -0.9998624 0.009186685 0.01381611 -0.9998623 0.009194076 0.01381576 -0.9998623 0.009195268 0.01382291 -0.9998622 0.009192645 0.0138058 -0.9998627 0.00917834 0.01381158 -0.9998624 0.009191334 0.01380217 -0.9998624 0.009198606 0.01381897 -0.9998623 0.009189665 0.01381403 -0.9998624 0.009187161 0.01381939 -0.9998624 0.009187698 0.01381081 -0.9998624 0.009191572 0.01381838 -0.9998624 0.00919032 0.0138185 -0.9998623 0.009188771 0.01381635 -0.9998624 0.009186506 0.01382321 -0.9998623 0.009192407 0.01378011 -0.999863 0.009175658 0.01375859 -0.9998634 0.009169399 0.01381897 -0.9998623 0.009197771 0.01381665 -0.9998623 0.009192287 0.01380866 -0.9998625 0.009183645 0.01381552 -0.9998624 0.009187996 0.01384335 -0.9998619 0.009202957 0.01384079 -0.999862 0.009201943 0.01381421 -0.9998624 0.009190738 0.01381391 -0.9998624 0.009184539 0.01381987 -0.9998623 0.009193181 0.01381915 -0.9998623 0.009197711 0.01348352 -0.9998709 0.008750081 0.01380777 -0.9998626 0.009179234 0.01350283 -0.9998704 0.008774101 0.01380002 -0.9998627 0.00917226 0.01381886 -0.9998623 0.009195089 0.01381289 -0.9998625 0.009180665 0.01381772 -0.9998624 0.009185791 0.01381689 -0.9998624 0.009186029 0.01381915 -0.9998624 0.009189844 0.01382052 -0.9998623 0.00919038 0.01382094 -0.9998623 0.009193778 0.01381731 -0.9998625 0.009181082 0.01381754 -0.9998624 0.009186625 0.01381945 -0.9998623 0.009187877 0.01381564 -0.9998625 0.009182393 0.01383858 -0.9998605 0.009352147 0.01381868 -0.9998624 0.009189724 0.01383942 -0.9998606 0.009344279 0.01381689 -0.9998624 0.009183168 0.01381605 -0.9998626 0.009177982 0.01381862 -0.9998623 0.00919032 0.01381546 -0.9998625 0.009173512 0.01381921 -0.9998623 0.009192466 0.01381826 -0.9998623 0.009188115 0.01381677 -0.9998627 0.009162068 0.0138216 -0.9998624 0.009176552 0.01382696 -0.9998623 0.009173274 0.01381385 -0.9998624 0.009200394 0.01380789 -0.9998621 0.009231686 0.01380389 -0.9998626 0.00919348 0.01382404 -0.9998626 0.009158849 0.01380479 -0.9998625 0.009200632 0.01378268 -0.999862 0.009282588 0.01384276 -0.9998619 0.009199619 0.01383459 -0.9998622 0.009180366 0.01392281 -0.9998612 0.009151756 0.01383268 -0.9998621 0.009200751 0.01381343 -0.9998623 0.009214401 0.01384538 -0.9998628 0.009106934 0.01378548 -0.999862 0.009286999 0.01382786 -0.9998626 0.009147882 0.01375544 -0.9998616 0.009366273 0.0138207 -0.9998624 0.009182989 0.01381778 -0.9998624 0.009182393 0.01378315 -0.999862 0.00928092 0.01380699 -0.9998623 0.009213626 0.01379758 -0.9998622 0.009240686 -0.6136741 -0.6526143 -0.4444082 -0.4985115 -0.6709444 -0.5489263 -0.4080099 -0.6770267 -0.6125054 -0.4395641 -0.6743609 -0.5933134 -0.2716823 -0.6774488 -0.6835582 -0.2235083 -0.6792762 -0.6990192 -0.1337687 -0.671602 -0.7287364 -0.06142795 -0.6694545 -0.740309 -0.04055887 -0.6668041 -0.7441286 0.04226887 -0.6634224 -0.7470503 0.04376929 -0.6628388 -0.7474819 0.1053223 -0.6646893 -0.739659 -0.5783001 -0.6644451 -0.4733729 -0.7015724 -0.6380448 -0.317325 -0.6519359 -0.6572054 -0.3782336 -0.7372238 -0.633463 -0.2350016 -0.7013505 -0.6519461 -0.2882255 0.5643483 -0.0815925 -0.8214949 0.5383284 -0.09523987 -0.8373363 0.500765 -0.0945279 -0.8604063 0.5384685 -0.07037931 -0.8397014 -0.001417219 -0.1045215 -0.9945216 0.002524077 -0.08499872 -0.996378 0.09010714 -0.1005043 -0.990848 0.1357328 -0.08062499 -0.9874595 0.1615083 -0.1002241 -0.9817689 0.2708526 -0.09889924 -0.9575271 0.2723343 -0.08186614 -0.9587137 0.4059522 -0.09980678 -0.908428 0.4537827 -0.07318967 -0.8881017 0.3652623 -0.08301609 -0.9271957 0.5386807 -0.03681206 -0.8417054 0.4549189 -0.03763163 -0.8897375 0.3705468 -0.03933084 -0.9279807 0.2695676 -0.04122716 -0.9620985 0.1373701 -0.04380863 -0.9895506 0.004369795 -0.04630249 -0.998918 0.3354353 -0.05933213 0.9401931 0.2553395 -0.06209027 0.9648557 0.253636 -0.07994616 0.9639903 0.6312872 -0.07417321 0.7719941 0.6525408 -0.0754342 0.7539896 0.6304888 -0.05276864 0.7744026 0.6708748 -0.07501381 0.7377669 0.694451 -0.05029666 0.7177799 0.7505024 -0.07169431 0.6569675 0.7607578 -0.05166435 0.6469763 0.3245251 -0.07877147 0.9425914 0.3739849 -0.07687562 0.9242432 0.4156821 -0.05892431 0.9075993 0.4227179 -0.07697498 0.9029864 0.4924918 -0.0555793 0.8685407 0.4883389 -0.07585471 0.8693511 0.5566389 -0.05090445 0.8291936 0.5487731 -0.07506215 0.8325946 0.5903757 -0.07352691 0.8037726 0.6042105 -0.02053028 0.7965603 0.7047952 -0.02354806 0.70902 0.7671146 -0.02529168 0.6410114 0.2449474 -0.02614212 0.9691839 0.3416671 -0.02781695 0.9394093 0.4149625 -0.02676218 0.9094449 0.4971249 -0.02462589 0.8673295 0.8908376 0.007549285 0.4542593 0.869953 0.009054601 0.4930515 0.8723509 0.001510143 0.4888778 0.960242 0.009260237 0.2790152 0.9481078 -0.01361119 0.3176578 0.9358478 -0.008147418 0.3523102 0.9668045 -0.02776312 0.2540048 0.9820883 -0.01142883 0.1880747 0.9905673 -0.0101999 0.1366475 0.998069 -0.01905202 0.05912142 0.9991841 -0.0205636 -0.03476238 0.9897679 -0.01982587 -0.141303 0.8225837 0.009079396 0.5685718 0.8226025 7.76805e-4 0.5686164 0.9989347 0.02704966 0.03738701 0.999324 0.01348632 -0.03420203 -0.01382708 0.9998623 -0.009172976 -0.01383978 0.9998622 -0.009170114 -0.01383382 0.9998621 -0.009183764 -0.01387006 0.9998618 -0.009164512 -0.01392352 0.9998612 -0.009152889 -0.01380962 0.9998625 -0.009180903 -0.01378142 0.9998629 -0.009181261 -0.01379555 0.9998628 -0.009177327 -0.01397162 0.9998599 -0.009229719 -0.01381677 0.9998624 -0.009194493 -0.01381444 0.9998624 -0.009189128 -0.0137754 0.9998625 -0.009241819 -0.01446163 0.9998551 -0.008984386 -0.01438707 0.9998559 -0.009006977 -0.01380723 0.9998625 -0.009186148 -0.01364976 0.9998643 -0.009229302 -0.0139082 0.9998615 -0.009147167 -0.01383149 0.9998623 -0.009174704 -0.01378327 0.9998628 -0.009198606 -0.0138272 0.9998623 -0.009177505 -0.0138114 0.9998624 -0.009202659 -0.01381504 0.9998624 -0.009190857 -0.01384335 0.9998619 -0.009199082 -0.01380926 0.9998624 -0.009191334 -0.01379919 0.9998627 -0.009177625 -0.01380383 0.9998627 -0.009172976 -0.01383745 0.999862 -0.009191989 -0.01384425 0.999862 -0.009196877 0.9869924 0.01511037 0.1600553 0.9869924 0.01510882 0.1600553 0.9778761 0.01543068 0.2086156 0.9816281 0.02464491 0.1892058 0.9981917 0.01921737 0.05695718 0.9644636 0.005156219 -0.2641658 0.9485709 -0.008553683 -0.3164497 0.9151048 -0.004803895 -0.4031875 0.9776793 -0.03826338 -0.2065895 0.9674175 -0.07413315 -0.2420904 0.9142324 0.002094566 -0.4051848 0.9635744 0.009749174 -0.2672631 0.8803914 -0.008971273 -0.474163 0.8342111 -0.01308661 -0.55129 0.7572743 -0.008545875 -0.6530411 0.6868486 -0.01264548 -0.7266905 0.6117178 -0.01217514 -0.7909824 0.8818446 4.14776e-4 -0.4715401 0.8308193 -0.001086235 -0.5565415 0.7583395 -0.003001093 -0.6518529 0.6872547 -0.004703998 -0.7264013 0.6172281 -0.009457767 -0.7867276 0.3660745 0.01357281 0.9304866 0.3847039 0.003396511 0.9230338 0.3798078 0.01283591 0.9249764 0.5304675 -0.04612547 0.8464494 0.6564409 -0.006934344 0.7543457 0.7717683 1.14395e-4 0.635904 0.9004765 0.004803061 0.4348782 0.940958 0.01720833 0.3380857 0.9986723 0.008250832 0.0508508 0.999675 0.01323115 -0.02178853 0.9976755 0.004284083 0.06801003 0.9931067 0.002025604 -0.1171969 0.9592061 0.005758345 0.2826491 0.8302057 0.007963836 0.5574002 0.5984994 0.01131558 0.8010435 -0.1936761 0.006339728 0.9810451 -0.3065861 0.005558133 0.9518267 -0.1691771 0.004871428 0.9855737 -0.2502006 0.005440056 0.9681788 -0.1815221 0.006527364 0.9833652 -0.1815243 0.006528735 0.9833648 -0.09291541 0.007243275 0.9956477 0.1757614 0.007053494 0.9844076 0.1165983 0.01073616 0.9931212 0.354184 0.00233376 0.9351729 -0.8670585 -0.08794093 -0.4903835 -0.7480695 -0.0738514 -0.6594983 -0.7736225 -0.1023414 -0.6253276 -0.6518213 -0.08041435 -0.7540972 -0.6727036 -0.1058242 -0.7323054 -0.5282381 -0.09450072 -0.8438213 -0.9537652 -0.08189219 -0.2891808 -0.9418289 -0.05774533 -0.331095 -0.9187223 -0.0801317 -0.3866888 -0.9022298 -0.05545878 -0.4276748 -0.8536896 -0.0533654 -0.5180408 -0.7376344 -0.04759448 -0.6735209 -0.09421384 -0.06626695 0.9933441 -0.1557124 -0.07077383 0.9852638 -0.1563856 -0.08949333 0.9836333 0.1758463 -0.06222349 0.9824492 0.188185 -0.08134591 0.978759 -0.01168954 -0.06173151 0.9980244 0.03636246 -0.07962661 0.9961614 0.0907517 -0.06355899 0.9938433 0.0976867 -0.08151972 0.9918729 0.1445398 -0.07965135 0.986288 -0.1074798 -0.08815056 0.9902917 -0.06597381 -0.08429729 0.9942542 -0.01970326 -0.08592867 0.9961065 -0.1544408 -0.03598767 0.9873465 -0.08354377 -0.0355674 0.9958692 0.005054056 -0.03424394 0.9994008 0.07765394 -0.03017652 0.9965236 0.1440228 -0.02768546 0.989187 0.2429106 -0.004086613 0.9700402 0.2429047 0.004506587 0.9700397 0.3415213 -0.002886533 0.9398696 0.4154294 -0.002045691 0.9096232 0.4978299 -0.001204311 0.8672739 0.6049383 -2.52664e-4 0.7962723 0.7029309 3.93628e-4 0.7112581 0.7677411 6.57388e-4 0.6407598 0.3415151 0.005643904 0.9398593 0.4154199 0.006433546 0.9096071 0.4978163 0.007222533 0.8672524 0.6049171 0.008108973 0.7962473 0.7029048 0.00871694 0.7112306 0.7677189 0.008971154 0.640724 0.5397406 -0.01599222 -0.8416795 0.4551128 -0.01769989 -0.8902579 0.3708041 -0.01932162 -0.9285101 0.2698557 -0.02119213 -0.9626675 0.137775 -0.02356982 -0.9901831 0.004744648 -0.02574265 -0.9996573 -0.08364731 -0.08762794 -0.9926351 -0.08468544 -0.1064534 -0.9907048 -0.09878969 -0.08847391 -0.9911676 -0.09854155 -0.1070377 -0.9893597 -0.04003483 -0.08811467 -0.9953055 -0.03905093 -0.1064599 -0.9935499 0.07251912 -0.08541715 -0.9937027 0.07354241 -0.1048126 -0.991769 -0.08311873 -0.04797506 -0.9953843 -0.0992276 -0.0486139 -0.9938766 -0.04004514 -0.04904973 -0.9979932 0.04588383 -0.05147081 -0.9976199 0.04679375 -0.02565634 -0.998575 -0.08296793 -0.02705079 -0.996185 -0.09941715 -0.027318 -0.9946709 -0.03956538 -0.02473354 -0.9989109 0.04517912 -0.01668596 -0.9988396 0.4074041 -0.08018469 -0.909721 0.410723 -0.04555302 -0.9106217 0.3587525 -0.04448533 -0.9323721 0.4058963 -0.09935313 -0.9085027 0.3436106 -0.08302927 -0.9354346 0.2783687 -0.08220505 -0.95695 0.3201564 -0.04110485 -0.9464727 0.268611 -0.05772322 -0.9615177 0.189113 -0.08321785 -0.9784228 0.2332717 -0.04788517 -0.9712319 0.1761294 -0.05091333 -0.9830496 0.1193696 -0.04732853 -0.9917212 0.3446974 -0.09972536 -0.9334016 0.2773162 -0.1006376 -0.9554935 0.1892595 -0.1024922 -0.9765635 0.122251 -0.02633148 -0.99215 0.3046523 -0.0240271 -0.9521605 0.2182826 -0.02607452 -0.9755372 0.360503 -0.02064812 -0.9325295 0.408797 -0.0188111 -0.9124315 0.1239618 -0.01552671 -0.9921656 0.2157357 -0.01406842 -0.9763505 0.3031025 -0.01264917 -0.952874 0.3604739 -0.0117048 -0.9326959 0.4089279 -0.01276439 -0.9124774 0.4354202 -0.08075618 -0.8965979 0.4351221 -0.09930616 -0.8948782 0.4076642 -0.08083307 -0.9095471 0.4081926 -0.09898167 -0.9075139 0.3437238 -0.08106005 -0.9355657 0.3476885 -0.09556341 -0.9327275 0.4355275 -0.04078334 -0.8992511 0.4081649 -0.04196202 -0.9119433 0.342863 -0.0463438 -0.9382417 -0.0682128 -0.0318554 -0.9971621 -0.06266427 -0.02335888 -0.9977613 0.07719069 -0.05117142 -0.9957024 -0.09686779 -0.1027557 -0.9899787 -0.134229 -0.05349844 -0.9895052 0.002582728 -0.1014911 -0.9948331 -0.002351641 -0.09275633 -0.9956861 0.1170684 -0.08610993 -0.9893838 0.07525205 -0.09083169 -0.993019 0.1749113 -0.09268701 -0.9802118 0.1729152 -0.08158111 -0.9815523 0.2303684 -0.09564232 -0.968392 0.2681492 -0.07982373 -0.9600647 0.26648 -0.09918779 -0.9587232 0.3040487 -0.09028619 -0.9483685 -0.09910225 -0.04018539 -0.9942656 0.2749994 -0.04423582 -0.9604262 0.2307072 -0.04678004 -0.971898 0.1696205 -0.04678362 -0.9843984 -0.5065215 -0.1046171 -0.855857 -0.4249333 -0.07505482 -0.9021079 -0.4693518 -0.1206165 -0.8747345 -0.3835593 -0.1008113 -0.9179975 -0.3268377 -0.06479907 -0.9428565 -0.2853136 -0.1108279 -0.9520049 -0.1926236 -0.1069391 -0.9754282 -0.2837323 -0.06024414 -0.9570092 -0.2371401 -0.05669105 -0.96982 -0.1803625 -0.06042385 -0.9817425 -0.4104065 -0.120275 -0.9039361 -0.5346657 -0.07156085 -0.8420283 -0.5630866 -0.124976 -0.8168932 -0.5781437 -0.06415498 -0.8134089 -0.6363015 -0.1190706 -0.762196 -0.6242869 -0.06499904 -0.7784864 -0.6799182 -0.06183123 -0.7306765 -0.6699134 -0.06413549 -0.739664 -0.6540572 -0.06682276 -0.753488 -0.7033887 -0.0567637 -0.7085353 -0.7105358 -0.06042724 -0.7010617 -0.6468343 -0.1169466 -0.7536106 -0.7325611 -0.02972978 -0.6800518 -0.6977202 -0.05804497 -0.7140149 -0.6882811 -0.06360483 -0.7226505 -0.05418288 -0.01981997 -0.9983344 -0.05807888 -0.0115292 -0.9982455 0.07658445 -0.02628839 -0.9967165 -0.05752468 -0.01128518 -0.9982804 0.3481683 -0.02256917 -0.9371604 0.2930508 -0.02682709 -0.9557205 0.2273023 -0.01978087 -0.9736233 0.1419094 -0.02473813 -0.9895706 0.07771939 -0.01582479 -0.9968497 0.14492 -0.01482748 -0.9893324 0.2246614 -0.01369714 -0.9743406 0.2897569 -0.01271885 -0.9570158 0.3484664 -0.0118075 -0.9372469 -0.01381522 0.9998624 -0.009185314 -0.01382112 0.9998623 -0.00918436 -0.01381337 0.9998624 -0.00918591 -0.01381939 0.9998624 -0.009174346 -0.01381075 0.9998624 -0.009187936 -0.01385068 0.9998621 -0.009167551 -0.01405996 0.9998623 -0.008821904 -0.0138238 0.9998625 -0.009159624 -0.01380485 0.9998625 -0.009192824 -0.01380181 0.9998622 -0.009230792 -0.01381033 0.9998624 -0.009189069 -0.01381874 0.9998623 -0.009186029 -0.01381969 0.9998624 -0.009184479 -0.01389688 0.9998611 -0.009211122 -0.01327198 0.99987 -0.009161233 -0.01352399 0.9998666 -0.009168207 -0.01387757 0.9998612 -0.009220659 -0.0138489 0.999862 -0.009186327 -0.01380133 0.9998626 -0.009188652 -0.01380932 0.9998627 -0.009167909 -0.01381659 0.9998634 -0.009082674 -0.01381206 0.9998622 -0.009210526 -0.01413065 0.9998568 -0.009316027 -0.01432603 0.9998526 -0.00947529 -0.01380842 0.999862 -0.009235382 -0.013785 0.9998616 -0.009318828 -0.01381069 0.9998623 -0.009208917 -0.01379865 0.9998619 -0.009267032 -0.01381355 0.9998626 -0.009176969 -0.01383054 0.9998625 -0.009150028 -0.01381552 0.9998624 -0.009192943 -0.01381611 0.9998623 -0.009193837 -0.01381677 0.9998624 -0.009187102 -0.01381564 0.9998624 -0.009185135 -0.01381623 0.9998624 -0.009185731 -0.01381725 0.9998624 -0.009187996 -0.01381337 0.9998624 -0.009192585 -0.01381403 0.9998624 -0.009194672 -0.01381683 0.9998624 -0.00919485 -0.01381778 0.9998623 -0.009192705 -0.01381754 0.9998623 -0.009188592 -0.01381677 0.9998624 -0.009191513 -0.01381319 0.9998624 -0.009192585 -0.01381361 0.9998624 -0.009195208 -0.01381427 0.9998624 -0.009195864 -0.01381248 0.9998624 -0.009190976 -0.0138176 0.9998624 -0.009184658 -0.01382052 0.9998623 -0.009186267 -0.01382118 0.9998623 -0.00919485 0.9965431 0.01452219 0.08179932 0.9965431 0.01452237 0.08179932 0.9979007 0.01320624 -0.06340199 0.9979007 0.01320642 -0.06340211 0.9670368 0.01102459 -0.254398 0.9670368 0.01102495 -0.2543979 0.8999705 0.008430302 -0.4358695 0.8999704 0.008430421 -0.4358695 0.7992115 0.005519807 -0.6010245 0.7992113 0.005519926 -0.6010248 0.668533 0.002403438 -0.7436786 0.6685328 0.002403557 -0.7436788 0.5128266 -8.03289e-4 -0.8584918 0.5128268 -8.03229e-4 -0.8584917 0.3379224 -0.003979623 -0.9411656 0.3379223 -0.003979504 -0.9411657 0.1503667 -0.007007122 -0.9886056 0.150366 -0.0070073 -0.9886057 -0.0428189 -0.009772777 -0.9990351 -0.04281866 -0.009772896 -0.9990351 -0.2344003 -0.01217228 -0.972064 -0.2343999 -0.01217216 -0.9720641 -0.4165121 -0.01410901 -0.9090207 -0.4169095 -0.01445865 -0.908833 -0.5499981 -0.01548522 -0.8350223 -0.4536285 -0.01504796 -0.8910639 -0.4596769 -0.01451206 -0.8879677 0.1383002 -0.007190406 -0.9903643 0.138297 -0.007190287 -0.9903647 0.1915678 -0.006372332 -0.9814588 0.2159974 -0.005987823 -0.9763756 0.2159974 -0.005988001 -0.9763755 0.1131605 -0.006109297 -0.9935579 0.2160011 -0.005987584 -0.9763749 0.2159993 -0.005987584 -0.9763752 0.2159938 -0.005989909 -0.9763764 0.2159988 -0.00598824 -0.9763754 0.2159982 -0.005988538 -0.9763754 0.2159982 -0.005987942 -0.9763755 0.3021963 -0.004584074 -0.9532347 0.2898876 -0.004789412 -0.9570488 0.2159978 -0.005988776 -0.9763756 -0.01381486 0.9998624 -0.009192645 -0.01389491 0.9998611 -0.0092206 -0.01388043 0.9998612 -0.009213984 -0.01383876 0.9998622 -0.009181916 -0.01392316 0.9998617 -0.009112238 -0.01380717 0.9998625 -0.00918591 -0.01381546 0.9998624 -0.009191155 -0.01381152 0.9998625 -0.009190618 -0.01381301 0.9998624 -0.009189724 -0.01384645 0.999862 -0.009179949 -0.01385915 0.9998618 -0.009176611 -0.01381659 0.9998624 -0.009188771 -0.0138179 0.9998624 -0.009186565 -0.0138446 0.9998618 -0.009210109 -0.01383674 0.999862 -0.009201824 -0.01382106 0.9998623 -0.009193301 -0.013821 0.9998623 -0.009188771 -0.01382362 0.9998622 -0.009192824 -0.01381319 0.9998624 -0.009185791 -0.01381009 0.9998624 -0.00919348 -0.01382029 0.9998624 -0.009185016 -0.0138204 0.9998623 -0.009183108 -0.01387798 0.9998615 -0.009192764 -0.01390039 0.9998606 -0.00925368 -0.01378077 0.999863 -0.009175419 -0.01376718 0.9998629 -0.009205222 -0.01383697 0.9998621 -0.009190499 -0.01388376 0.9998616 -0.009176731 -0.01383394 0.9998621 -0.009182453 -0.01381921 0.9998623 -0.009188294 -0.01381844 0.9998624 -0.009191632 -0.01381802 0.9998624 -0.009186685 -0.01381433 0.9998624 -0.009186148 -0.01381784 0.9998624 -0.009184718 -0.01381409 0.9998625 -0.009181022 -0.01381713 0.9998624 -0.009191632 -0.01383095 0.9998621 -0.009197831 -0.01381623 0.9998624 -0.009195029 -0.01381456 0.9998623 -0.009193778 -0.01381802 0.9998623 -0.009190201 -0.01381826 0.9998623 -0.009187042 -0.01381582 0.9998624 -0.009183406 -0.01381605 0.9998624 -0.009180068 -0.0138117 0.9998623 -0.009202241 -0.01381111 0.9998625 -0.009185373 -0.01382744 0.9998622 -0.009197056 -0.01381957 0.9998624 -0.009187161 -0.01381725 0.9998623 -0.009200394 -0.01380759 0.9998624 -0.009190499 -0.01377552 0.999863 -0.009191572 -0.01375156 0.9998641 -0.009104073 -0.01381599 0.9998624 -0.009188473 -0.01380926 0.9998624 -0.00919944 -0.01386004 0.999861 -0.009278118 -0.01383388 0.9998623 -0.009177029 -0.01381522 0.9998625 -0.009178817 -0.01381558 0.9998624 -0.009180128 -0.0138179 0.9998624 -0.009184777 -0.01382005 0.9998624 -0.009187638 -0.01381641 0.9998624 -0.00919193 -0.01381653 0.9998624 -0.009191811 -0.01381665 0.9998624 -0.009188055 -0.01381689 0.9998624 -0.009184539 -0.01382124 0.9998624 -0.009181082 -0.01382184 0.9998624 -0.009180545 -0.01382529 0.9998623 -0.009182155 -0.01382899 0.9998623 -0.009177088 -0.01381617 0.9998624 -0.009185969 -0.01380324 0.9998625 -0.009188771 -0.0138036 0.9998627 -0.00918138 -0.01381778 0.9998623 -0.009193301 -0.01381593 0.9998623 -0.009203135 -0.01381492 0.9998624 -0.009181499 -0.01380711 0.9998623 -0.009210884 -0.01380831 0.9998623 -0.009212374 -0.0138244 0.9998623 -0.009180366 -0.01377105 0.9998627 -0.009229421 -0.0138899 0.999862 -0.009110867 -0.2027574 -0.01031821 -0.9791747 -0.2086727 -0.01187056 -0.9779135 0.0217936 -0.008829832 -0.9997236 -0.1216436 0.007440507 0.992546 -0.1216453 0.00744009 0.9925458 -0.1057333 0.007676839 0.994365 -0.1057338 0.007676839 0.9943649 -0.002903699 0.009149014 0.9999539 -0.002899646 0.009149253 0.9999541 -0.2266352 0.005818605 0.9739624 -0.226634 0.005818605 0.9739627 0.9945696 0.01076126 0.1035163 0.995358 0.01462805 0.09512394 0.992549 0.01639902 0.1207376 0.9788381 0.01342403 0.2041956 0.958935 0.02000862 0.2829193 0.9457432 0.01726877 0.324456 0.9524351 0.01515042 0.3043645 0.8681308 0.01762968 0.4960224 0.8656237 0.01656037 0.5004214 0.9998077 0.0120995 0.01543229 0.9974318 0.01442748 0.07015526 -0.4086945 -0.05809015 -0.9108208 -0.4675191 -0.03215491 -0.8833979 -0.2203305 -0.03155505 -0.9749148 -0.28327 -0.0185309 -0.9588612 -0.3472729 -0.04672878 -0.9365993 -0.2318812 -0.05549228 -0.97116 -0.03600978 -0.01646214 -0.9992159 0.005693912 -0.01769852 -0.9998272 -0.04566544 -0.02657508 -0.9986033 0.007522046 -0.01312744 -0.9998856 -0.940818 -0.03018957 -0.3375651 -0.9421873 -0.02293479 -0.3343009 -0.898012 -0.0249651 -0.4392622 -0.7786712 -0.02186435 -0.6270512 -0.779174 -0.03055995 -0.6260623 0.5255978 -4.23845e-4 -0.8507331 0.5175189 2.68539e-4 -0.8556718 0.6614838 0.002907752 -0.7499539 0.9930397 0.01257359 -0.1171075 0.9605685 0.01220363 -0.2777755 0.625777 0.004059731 -0.7799915 0.5496923 0.003963112 -0.8353579 0.5458236 0.002775728 -0.8378955 0.8319798 0.009336471 -0.5547275 0.905159 0.008603274 -0.4249862 -0.5058832 -0.02534657 -0.8622297 -0.5051699 -0.01873487 -0.8628166 -0.3166377 -0.01997601 -0.9483362 -0.3109101 -0.01572322 -0.9503093 -0.9993835 -0.01410514 -0.03215289 -0.9993835 -0.01410514 -0.03215318 -0.9672478 -0.01569372 -0.2533488 -0.9793922 -0.02364325 -0.2005793 -0.9657214 -0.01096099 0.2593492 -0.9657242 -0.01096123 0.2593392 -0.7930155 -0.005359649 0.609178 -0.7930238 -0.005360066 0.6091671 -0.4995762 0.001057565 0.8662694 -0.4995782 0.001057326 0.8662682 -0.6606197 -0.01466774 -0.7505774 -0.6335188 -0.008927941 -0.7736758 -0.7128806 -0.01327449 -0.7011598 -0.4600288 -0.008612275 -0.8878622 -0.2758024 -0.007086038 -0.9611883 -0.1590191 -0.7104386 -0.6855582 -0.1587545 -0.7130089 -0.6829461 -0.2399513 -0.7106135 -0.6614015 -0.3006594 -0.7091124 -0.6377803 -0.3601729 -0.707363 -0.6082049 -0.1900202 -0.7116948 -0.676301 -0.4737722 -0.6929408 -0.5434823 -0.4664421 -0.6971253 -0.5444705 -0.4335384 -0.7022946 -0.5646475 -0.3750233 -0.7098826 -0.5961747 -0.02664285 -0.6995733 -0.714064 -0.003466129 -0.6995634 -0.7145621 -0.07872265 -0.703312 -0.706509 0.03700554 -0.6913062 -0.7216137 0.08047282 -0.6820889 -0.726828 0.06565111 -0.6876845 -0.7230353 0.09331613 -0.6728343 -0.7338842 0.03985822 -0.008631587 -0.9991681 -0.05389541 -0.006035566 -0.9985284 -0.04928511 -0.01166903 -0.9987166 -0.005704879 -0.009268939 -0.9999409 0.06932187 -0.008209884 -0.9975606 0.06932353 -0.008208334 -0.9975605 0.06931781 -0.008212387 -0.9975609 0.06931781 -0.008209764 -0.9975609 0.06932008 -0.008209943 -0.9975607 0.06931835 -0.00821197 -0.9975608 -0.1924551 -0.01175022 -0.9812355 -0.3986992 -0.01760405 -0.9169129 -0.3910751 -0.01386052 -0.9202544 -0.5708731 -0.01551109 -0.8208919 -0.3894842 -0.00782603 -0.9209999 -0.3691674 -0.01364094 -0.9292628 -0.5739206 -0.01708245 -0.8187329 -0.6585634 -0.01377409 -0.7523992 -0.826718 -0.01906353 -0.5622937 -0.8071851 -0.01657646 -0.5900657 -0.9224452 -0.02412337 -0.3853736 -0.1607833 -0.01093876 -0.9869291 0.4358053 -0.01913672 -0.8998376 0.4086996 -0.01765948 -0.9124982 -0.9941968 -0.05571848 0.09202229 -0.9943645 -0.08019375 0.06934189 -0.9860017 -0.0735259 0.1496484 -0.972772 -0.08753907 0.2145971 -0.9768169 -0.08740162 0.1954218 -0.9773713 -0.05027627 0.2054694 -0.9967919 -0.07980281 0.006133258 -0.9983153 -0.05754357 -0.007436394 -0.993994 -0.08401417 -0.07012569 -0.9957458 -0.04961782 -0.07764208 -0.9901912 -0.05654478 -0.1277664 -0.9810612 -0.08449238 -0.1742992 -0.9655809 -0.05541253 -0.2541319 -0.9791082 -0.04804575 -0.1975825 -0.9682849 -0.0297501 -0.2480713 -0.9896109 -0.02687853 -0.1412368 -0.9993352 -0.02654063 -0.02499669 -0.9953485 -0.02816349 0.09213185 -0.978352 -0.02710723 0.2051652 -0.9683867 -0.02247589 -0.2484396 -0.9894918 -0.02200913 -0.1429042 -0.9994208 -0.02121454 -0.026609 -0.9955599 -0.02018594 0.09194004 -0.9785729 -0.0190044 0.2050222 -0.9490165 -0.08290648 0.3041287 -0.9472348 -0.0984748 0.3050394 -0.919776 -0.07887369 0.3844362 -0.9187782 -0.09784984 0.3824552 -0.8871457 -0.07752645 0.454931 -0.8844705 -0.09714645 0.4563711 -0.8456172 -0.07933247 0.5278618 -0.8438739 -0.09637308 0.5278155 -0.7962844 -0.07572674 0.6001639 -0.7961263 -0.09554463 0.5975401 -0.7432409 -0.07167726 0.6651732 -0.7399932 -0.09466677 0.6659191 -0.6766592 -0.07436704 0.7325313 -0.6739383 -0.09370976 0.7328204 -0.5999101 -0.07597547 0.796452 -0.5975151 -0.092637 0.7964886 -0.9557499 -0.04903662 0.2900649 -0.9274812 -0.04613476 0.3710126 -0.8841856 -0.04718357 0.4647471 -0.8455814 -0.04237967 0.5321619 -0.7955523 -0.04473555 0.6042311 -0.7239208 -0.04667961 0.6883021 -0.6614329 -0.04609096 0.7485868 -0.6035541 -0.04258674 0.7961839 -0.1991202 -0.07287877 0.9772614 -0.1984974 -0.09158128 0.9758133 -0.200382 -0.07274764 0.9770132 -0.2000543 -0.09134483 0.9755175 -0.2001767 -0.03246653 0.9792218 -0.2019122 -0.03307354 0.9788451 -0.1547475 -0.001178801 0.9879534 -0.1552978 -0.0101844 0.9878153 -0.08459842 -0.008937299 0.9963751 0.1210957 -0.00468719 0.9926298 0.005983769 -0.007501482 0.9999541 -0.08464485 -4.72307e-5 0.9964112 0.005913078 0.001330852 0.9999817 0.1207123 0.00293523 0.9926832 -0.9566043 -0.02611202 0.2902181 -0.9278904 -0.02503556 0.372012 -0.8791054 -0.01953619 0.4762269 -0.8028081 -0.01813113 0.5959619 -0.7271214 -0.01978671 0.6862237 -0.6617634 -0.01838618 0.7494873 -0.6037408 -0.01722043 0.7969947 -0.9568284 -0.0179612 0.2900985 -0.9281129 -0.01684832 0.3719177 -0.8775159 -0.01523119 0.4793056 -0.8048908 -0.01324093 0.5932753 -0.727337 -0.01137828 0.6861862 -0.6619843 -0.009932637 0.7494519 -0.603967 -0.008728921 0.7969616 -0.2478966 -0.082304 0.9652842 -0.1879929 -0.08857959 0.9781679 -0.1992444 -0.06805354 0.977584 -0.3002578 -0.0888381 0.9497122 -0.2943851 -0.06891137 0.9531992 -0.3431762 -0.08859181 0.9350838 -0.3699589 -0.07129853 0.9263082 -0.5168246 -0.07295298 0.8529773 -0.5164129 -0.09152019 0.8514351 -0.4413605 -0.07145625 0.8944803 -0.4385976 -0.09053349 0.8941118 -0.3799703 -0.08975058 0.9206343 -0.126976 -0.03424167 0.9913146 -0.123048 -0.07002699 0.9899271 -0.1215608 -0.08881533 0.9886025 -0.2120085 -0.03528082 0.9766308 -0.5311502 -0.03860706 0.8463978 -0.4407848 -0.03786754 0.8968137 -0.3710259 -0.0335496 0.9280164 -0.3260569 -0.03733986 0.9446125 -0.2836326 -0.03523302 0.9582856 -0.06995666 -0.07090741 0.9950268 -0.06964939 -0.08965086 0.9935351 -0.1183407 -0.0903396 0.9888551 -0.0706762 -0.03049021 0.9970332 -0.1187631 -0.07160556 0.9903374 -0.1601315 -0.09089672 0.9829017 -0.1607183 -0.07220923 0.9843553 -0.119571 -0.03120535 0.9923352 -0.1617065 -0.03183305 0.9863255 -0.2006043 -0.01079952 0.9796128 -0.2030317 -0.009538888 0.9791258 -0.1244775 -0.007943868 0.9921907 -0.2132531 -0.01004642 0.9769454 -0.5307347 -0.01580733 0.8473907 -0.4324572 -0.01066893 0.9015914 -0.3153819 -0.007175087 0.9489377 -0.530972 -0.007288813 0.8473581 -0.429778 -0.005449652 0.9029181 -0.3174601 -0.003555774 0.948265 -0.214217 -0.001964151 0.9767841 -0.1262585 -0.00332272 0.9919918 -0.06734287 -0.07003283 0.9952691 -0.06618893 -0.08889853 0.9938391 -0.04326766 -0.07022404 0.9965925 -0.04262679 -0.08902865 0.9951166 -0.06814825 -0.03030484 0.9972149 -0.04428261 -0.02992552 0.9985707 -0.07101964 -0.00883609 0.9974359 -0.1199291 -0.00955069 0.9927365 -0.1621192 -0.01018846 0.9867186 -0.06942695 -0.008704841 0.9975491 -0.04475414 -0.008425831 0.9989626 0.6886852 0.01561951 0.7248923 0.7034998 0.01736593 0.7104833 0.7672758 0.01044994 0.6412322 0.8331636 -1.21967e-4 0.5530266 0.8245255 0.0165928 0.5655817 0.8041918 0.01951628 0.5940496 -0.8416721 -0.02282243 0.5395066 -0.870411 -0.01762825 0.49201 -0.806788 -0.02074474 0.5904767 -0.8069308 -1.04752e-4 0.590646 -0.7673392 -0.009334683 0.6411736 -0.7434122 -0.004913151 0.6688156 -0.735339 -0.005331516 0.6776785 -0.8702932 -0.00750178 0.4924772 -0.8971673 -0.02293461 0.4410951 -0.9284036 -0.01686131 0.3711907 -0.9334254 -0.009108364 0.3586562 -0.9642075 -0.02124816 0.2642959 -0.9601912 -0.01070529 0.2791385 -0.978719 -0.01681298 0.2045154 -0.9904059 -0.004859149 0.1381034 -0.9957307 -0.01474624 0.09112024 -0.9997556 -0.02144289 0.005374372 -0.998813 -0.01896804 0.04486531 -0.9997792 0.003554821 -0.02071505 -0.9918982 0.06103718 -0.1114118 -0.9720417 0.02165269 -0.2338081 -0.9719735 -0.01559042 -0.2345731 -0.933744 0.05982971 -0.3529059 -0.8816429 0.01941496 -0.4715178 -0.8842936 -0.01651018 -0.4666395 -0.5652836 -0.01538401 -0.8247533 -0.551513 -0.02638977 -0.8337489 -0.6241286 -0.01794975 -0.7811155 -0.6622961 -0.003472983 -0.7492341 -0.7593856 -0.00924921 -0.6505751 -0.7588417 0.002385139 -0.6512708 -0.78502 0.1609103 -0.5982071 -0.3646783 -0.02543598 -0.9307861 -0.329197 -0.02919626 -0.9438098 -0.4046515 -0.03064996 -0.9139572 -0.4503626 -0.02776658 -0.8924139 -0.4805498 -0.01832848 -0.8767759 -0.5261985 -0.01772969 -0.850177 -0.322284 -0.01315003 -0.9465517 -0.2728151 -0.01129102 -0.9620003 -0.2180042 -0.009477376 -0.9759018 -0.1616075 -0.02220082 -0.9866054 -0.08096235 -0.01913738 -0.9965335 -0.07587742 -0.01419931 -0.9970161 0.04670327 0.01074528 -0.998851 0.007910192 -0.01237463 -0.9998922 0.1522775 -0.002615511 -0.9883343 0.1563168 0.001031816 -0.9877065 0.2666876 0.003698229 -0.963776 0.3174349 -0.01644957 -0.9481375 0.4049388 -0.01304835 -0.9142507 0.3801241 -0.008304476 -0.9248982 0.4270846 -0.004680693 -0.9041996 0.4982092 -0.01229351 -0.8669697 0.4740453 -0.00424093 -0.8804903 0.5537499 -0.02367156 -0.8323466 0.6182619 -0.009370326 -0.7859165 0.6024194 -0.001685142 -0.798178 0.639344 9.54637e-4 -0.7689203 0.6954941 -0.008216798 -0.7184849 0.6839105 0.002460062 -0.7295618 0.745444 -0.02261888 -0.6661845 0.7931808 -0.005397737 -0.6089624 0.7931365 -0.004655361 -0.609026 0.8668828 0.1156784 -0.484905 0.8163588 -0.03258222 -0.5766254 0.9156675 -6.94023e-4 -0.4019362 0.8068786 -0.2515736 -0.5344696 0.9706357 -0.05150073 -0.2349769 0.9873195 -0.001455783 -0.1587389 0.9606384 -0.006206929 -0.277733 0.9550722 0.004903018 -0.2963328 0.9242417 0.01181399 -0.3816252 0.8789787 -0.06151187 -0.4728772 0.9874425 0.01220113 -0.1575072 0.9929833 0.01398772 -0.1174253 0.9986867 0.005656123 -0.05092024 0.9996069 0.004883468 -0.02761316 0.9963047 0.007077217 0.08559739 0.9982994 0.006261527 0.057958 0.9913424 0.02181357 0.1294771 0.9819851 0.01209014 0.1885712 0.9706989 -0.0106883 0.2400613 0.9427489 4.34351e-4 0.3335033 0.9526244 0.001999676 0.3041427 0.9357295 0.01617193 0.3523477 0.9060087 0.01521772 0.4229854 0.9054567 -0.001563608 0.4244358 0.9195473 0.0133568 0.3927527 0.9264446 0.01192229 0.3762423 0.8872607 -0.009027004 0.46118 0.8720017 -0.0358361 0.4881893 0.8563931 -0.0165165 0.5160601 -0.2143421 0.005524933 0.9767431 -0.2452915 0.005580842 0.9694333 -0.3319581 0.004057109 0.9432855 -0.3417755 0.006139218 0.9397616 -0.4445477 0.002465426 0.8957518 -0.4664245 0.004187524 0.8845511 -0.550665 -1.65059e-5 0.8347264 -0.5559836 -0.001092791 0.8311926 -0.6486887 -0.001531362 0.7610524 -0.6390607 -0.002965807 0.7691506 -0.7142903 -0.003438413 0.6998411 0.1811847 -0.01394295 0.9833503 -0.08418172 0.02015441 0.9962466 0.01886814 0.02731502 0.9994488 0.2274004 6.30037e-4 0.9738012 0.1033194 -0.002138197 0.994646 -0.04009366 0.003986895 0.999188 -0.1575236 0.001145541 0.9875147 0.1505695 0.01116502 0.9885364 0.2675727 0.008950293 0.9634962 0.3311864 0.01299011 0.9434759 0.4413656 0.009707629 0.8972749 0.7527464 -0.02539962 0.6578204 0.7177919 0.00380212 0.6962473 0.6616798 0.01604241 0.749615 0.595483 0.01426774 0.8032412 0.6195393 0.01570487 0.7848085 0.5463675 0.007709145 0.8375101 0.4787972 0.00869894 0.8778824 0.4181956 0.01414346 0.9082469 0.7954093 0.005421996 -0.6060486 0.7246826 0.005290508 -0.6890626 0.7714168 0.01607662 -0.6361271 0.6099023 0.01649558 -0.792305 0.5752469 4.32041e-4 -0.8179798 0.4034929 -5.07196e-4 -0.9149827 0.2157109 0.01222592 -0.9763807 0.1750609 0.2438084 -0.9538927 0.02893698 0.3758301 -0.9262367 -0.2192726 0.003352165 -0.9756579 -0.4655764 -0.01456618 -0.8848879 -0.4314759 -0.00299108 -0.9021195 -0.3664815 -0.0120058 -0.930348 -0.1765585 -0.01148509 -0.9842231 -0.0138325 0.9998622 -0.009185314 -0.01380914 0.9998624 -0.00919938 -0.01381975 0.9998625 -0.009177863 -0.01381057 0.9998623 -0.009203672 -0.01381021 0.9998624 -0.009192347 -0.01380914 0.9998624 -0.009195506 -0.01382666 0.9998623 -0.009187161 -0.01381486 0.9998623 -0.00919342 -0.01383119 0.999862 -0.009206056 -0.01383179 0.9998619 -0.009211301 -0.01380974 0.9998624 -0.009189903 -0.0138117 0.9998626 -0.009184598 -0.01368594 0.9998651 -0.009097754 -0.01382178 0.9998623 -0.009192168 -0.01410216 0.9998719 -0.007584333 -0.01401793 0.9998694 -0.008051455 -0.01381498 0.9998626 -0.009171843 -0.01381909 0.9998623 -0.009191989 -0.01380348 0.9998626 -0.00918734 -0.01381117 0.9998625 -0.009181559 -0.01381576 0.9998626 -0.009177327 -0.01381105 0.9998626 -0.009184956 -0.01381468 0.9998624 -0.009187281 -0.01381933 0.9998623 -0.009198427 -0.01381462 0.9998623 -0.009195208 -0.01380884 0.9998625 -0.009186029 -0.01381385 0.9998625 -0.009185492 -0.01382035 0.9998623 -0.009193241 -0.01381909 0.9998623 -0.009195983 -0.01381176 0.9998624 -0.009191215 -0.01382565 0.9998623 -0.009191095 -0.01383119 0.9998621 -0.009189605 -0.0137785 0.9998629 -0.009185314 -0.08917433 -0.01038515 -0.9959619 -0.08917146 -0.01038479 -0.9959622 -0.3438981 -0.0133804 -0.9389117 -0.3438997 -0.01338148 -0.9389111 -0.7672756 -0.01649528 -0.6411055 -0.7672757 -0.01649659 -0.6411053 -0.9070782 -0.01640206 -0.4206428 -0.9070785 -0.01640224 -0.4206419 -0.9959201 -0.01294481 0.08930677 -0.9959209 -0.01294189 0.08929777 -0.9959203 -0.0129441 0.08930468 -0.9959211 -0.01294124 0.08929568 -0.8179083 -0.006013929 0.5753172 -0.817904 -0.006016731 0.5753234 -0.6411682 -0.001807868 0.7673982 -0.6411653 -0.00180906 0.7674007 -0.4207332 0.00252211 0.9071809 -0.4207366 0.002522587 0.9071794 0.08917087 0.01038467 0.9959622 0.089172 0.01038491 0.9959622 0.3438931 0.01337999 0.9389136 0.343894 0.01338034 0.9389132 0.5751829 0.01546359 0.8178787 0.5751838 0.015464 0.817878 0.9070781 0.01639884 0.4206428 0.9070779 0.0163998 0.4206432 0.907078 0.01639908 0.4206429 0.907078 0.01639997 0.4206433 0.9959203 0.01294142 -0.08930617 0.9959202 0.01294028 -0.08930635 0.9389054 0.009812176 -0.3440353 0.9389045 0.00981158 -0.3440378 0.8179073 0.006014525 -0.5753186 0.8179078 0.006014525 -0.5753179 0.4207337 -0.002523124 -0.9071808 0.4207364 -0.002522051 -0.9071794 0.4207344 -0.002522885 -0.9071804 0.4207371 -0.002521753 -0.9071791 0.856181 0.006950199 0.5166292 0.7777042 0.01651972 0.6284133 0.7677405 -0.009030818 0.6406974 -0.05644357 -0.01363068 -0.9983128 0.1719062 -0.03149259 -0.9846098 -0.347353 -0.03270435 -0.937164 -0.5850056 -0.04695832 -0.8096687 -0.6891698 -0.03701764 -0.7236537 -0.7690566 -0.02711004 -0.6386056 -0.4361002 -0.01800519 -0.899718 -0.2816599 -0.0127089 -0.9594302 -0.9364765 -0.06494593 -0.3446648 -0.8555808 -0.02611613 -0.5170102 -0.7775341 -0.01652216 -0.6286237 -0.9370833 -0.02906727 0.3478938 -0.998265 -0.0169354 0.05639302 -0.9833307 -0.02770906 -0.1797028 -0.9804039 -0.04170352 -0.1925336 -0.8097358 -0.03717637 0.5856158 -0.8998846 -0.01209211 0.4359605 -0.9594982 -0.01067221 0.2815127 -0.7238203 -0.02451419 0.689553 -0.6442149 -0.02060765 0.764567 -0.6288397 -0.001543045 0.7775334 -0.1238443 0.007409334 0.9922741 -0.2208493 0.005869567 0.9752903 -0.1712195 -0.01813983 0.985066 -0.3662316 -0.007641017 0.9304925 -0.5171158 -0.008811771 0.8558702 0.05657416 0.006279945 0.9983787 0.3434976 -0.01121759 0.9390866 0.2816896 0.01270925 0.9594214 0.6992865 0.01252311 0.7147319 0.5754945 0.005326509 0.8177884 0.4364793 0.01057034 0.8996523 0.9307692 0.005069792 0.3655722 0.9851014 -0.009624183 0.1717056 0.9850989 0.01518779 0.1713171 0.9376003 -0.009559094 -0.347584 0.9983319 0.009591639 -0.05693346 0.81021 -0.0257042 -0.5855759 0.8997009 0.004694521 -0.4364816 0.9593575 0.01066631 -0.281992 0.7241277 -0.01722168 -0.6894509 0.6447506 -0.01680266 -0.7642084 0.6285322 0.001537919 -0.7777822 0.1718277 -0.006679296 -0.9851045 0.3661058 -0.01463931 -0.9304581 0.5169233 -0.01033067 -0.8559694 0.0138126 -0.9998624 0.009185254 0.01381313 -0.9998624 0.009190976 0.01380568 -0.9998624 0.009201109 0.01380968 -0.9998624 0.00919795 0.01382368 -0.9998623 0.00918883 0.01381766 -0.9998623 0.009189009 0.01381498 -0.9998623 0.009204208 0.01381224 -0.9998623 0.009207725 0.01381659 -0.9998623 0.009189903 0.01381927 -0.9998623 0.009189963 0.01381021 -0.9998626 0.009172797 0.01381134 -0.9998626 0.009174704 0.0138126 -0.9998624 0.009185373 0.01381313 -0.9998624 0.00919038 0.01380568 -0.9998624 0.009201645 0.01380968 -0.9998624 0.009197533 0.01382368 -0.9998623 0.009189188 0.01381766 -0.9998623 0.009188652 0.01379805 -0.9998627 0.00919038 0.01380163 -0.9998625 0.009194135 0.01381498 -0.9998623 0.009197056 0.01381695 -0.9998623 0.009193956 0.01381164 -0.9998624 0.009188473 0.01380902 -0.9998625 0.009188532 0.01381242 -0.9998624 0.009187161 0.01382714 -0.9998623 0.00918889 0.01382476 -0.9998623 0.009185969 0.01382952 -0.9998621 0.009189009 0.01380854 -0.9998625 0.009186565 0.01381409 -0.9998624 0.009188115 0.01380956 -0.9998626 0.00918442 0.0138126 -0.9998624 0.009191215 0.01380884 -0.9998625 0.009193718 0.01380962 -0.9998623 0.009198844 0.01381266 -0.9998625 0.009188115 0.01381492 -0.9998624 0.009185671 0.01381468 -0.9998624 0.009195268 0.01380342 -0.9998626 0.00918442 0.01380181 -0.9998627 0.009183049 0.01380699 -0.9998625 0.009190201 0.01380789 -0.9998626 0.009177446 0.01381158 -0.9998625 0.009181439 0.01380026 -0.9998627 0.009182929 0.01380813 -0.9998625 0.009187281 0.01380622 -0.9998625 0.009197473 0.01380503 -0.9998625 0.009200632 0.0137993 -0.9998626 0.00918585 0.01380223 -0.9998626 0.009191632 0.01378595 -0.9998631 0.009157061 -0.9094712 0.002178311 0.4157613 -0.8799886 -0.007796823 0.4749311 -0.8795949 -0.007784605 0.4756597 -0.6750375 -0.01332771 -0.7376632 -0.6386801 -0.01693773 -0.7692859 -0.7236152 -0.0157684 -0.6900235 -0.8012982 -0.007603049 -0.598217 -0.5033151 -0.01489555 -0.8639747 -0.4854449 -0.01614862 -0.8741181 -0.6114777 -0.01574975 -0.791105 -0.6405485 -0.01587492 -0.7677537 -0.6488338 -0.01595395 -0.7607629 -0.798318 -0.01656395 -0.6020085 -0.8625888 -0.0152775 -0.5056751 -0.9151696 -0.00677073 -0.4030122 -0.9152573 -0.01634579 -0.4025381 -0.9556847 -0.0146203 -0.2940288 -0.9828589 -0.005717337 -0.1842707 -0.9832632 -0.01525783 -0.1815506 -0.9976885 -0.01311701 -0.06667655 -0.9990875 -0.00222361 0.04265427 -0.9987028 -0.01334738 0.04913872 -0.9998143 -0.01212799 0.01497554 -0.9925601 -0.01124227 0.1212357 -0.9614742 -0.004119873 0.2748641 -0.9601631 0.001415014 0.2794365 -0.8774465 -6.12344e-4 0.4796743 -0.8193894 -0.0047881 0.5732174 -0.7456098 0.004756629 0.6663658 -0.5775339 -9.50392e-4 0.8163662 -0.6074456 0.001625776 0.7943596 -0.667876 -0.00189948 0.7442702 -0.748395 -0.004246413 0.6632397 -0.38974 0.002495825 0.9209216 -0.4552201 0.001849055 0.8903771 -0.5035635 0.001159012 0.8639575 -0.5025907 0.001098752 0.8645238 -0.5444042 3.75745e-4 0.838823 -0.5791438 -5.09447e-4 0.8152253 0.6509998 0.01596885 0.75891 0.651005 0.01597005 0.7589054 0.8294141 0.01659226 0.5583878 0.8294118 0.01659262 0.5583912 0.9938639 0.01474124 0.1096232 0.9938641 0.01474094 0.1096224 0.9312808 0.009522318 -0.364178 0.93128 0.009521365 -0.36418 0.6559651 0.002127945 -0.7547882 0.6559615 0.00212711 -0.7547915 0.4316083 -0.002325654 -0.9020581 0.4316114 -0.002325415 -0.9020567 0.5678145 2.81752e-4 -0.8231566 0.567811 2.8193e-4 -0.823159 0.8275623 0.006277382 -0.5613389 0.8275605 0.006277322 -0.5613415 0.7620425 0.01647853 0.6473174 0.7620388 0.01647824 0.6473218 0.9448991 0.01606112 0.3269675 0.9449011 0.01606112 0.3269618 0.2801357 0.01954561 0.9597614 0.9182691 0.01642674 0.3956161 0.7761332 0.01878094 0.6302893 0.7867765 0.01654291 0.6170163 0.5466977 0.02146255 0.837055 0.3706907 0.01365697 0.9286561 -0.1440779 0.00639671 0.9895458 -0.3502001 0.003475248 0.9366686 -0.1082026 0.005160927 0.9941155 0.1386939 0.009633064 0.9902884 0.3088465 0.01369917 0.9510133 0.3174546 0.01337331 0.9481793 0.4078872 0.01378446 0.9129283 0.4731482 0.01476287 0.8808591 0.5169889 0.01442015 0.8558707 0.5334057 0.01514303 0.845724 0.3771856 -0.003203153 -0.9261323 0.3792707 -0.003262698 -0.9252801 0.1968082 -0.00661081 -0.9804198 -0.314361 -0.01295411 -0.9492152 -0.1845971 -0.01285862 -0.9827302 -0.08807724 -0.01033163 -0.9960601 0.2021975 -0.006202578 -0.9793252 -0.09801679 -0.01049959 -0.9951295 -0.09801179 -0.01049959 -0.9951299 0.3531372 0.01347023 0.9354747 0.3296346 0.01323711 0.9440159 0.1744762 0.01144975 0.9845948 0.1222171 0.01080936 0.9924445 -0.04028773 0.008625447 0.9991509 -0.06973969 0.008203446 0.9975316 -0.3849275 0.003190517 0.9229413 -0.5612584 0.002009809 0.8276383 -0.5732761 -3.9196e-4 0.8193623 -0.7144837 -0.003408432 0.6996437 0.6260961 0.01581591 0.7795855 0.6260952 0.01581615 0.7795862 0.2274066 0.01209086 0.9737249 0.2274115 0.01209074 0.9737238 0.6816741 0.0161395 0.7314779 0.5207188 0.01621013 0.8535744 0.1087288 0.01337397 0.9939815 0.3385836 0.0158692 0.9408025 0.5323544 0.01511824 0.8463866 0.1646099 0.01133823 0.9862936 0.8652278 -0.5013633 0.003966689 0.95164 -0.2977871 -0.07552736 0.8652747 -0.5012813 0.004104137 0.9554228 -0.2840405 -0.08055114 0.9848291 -0.06334298 -0.1615526 0.9847728 -0.06363433 -0.1617816 0.9849515 -0.06226533 -0.1612257 0.4530274 -0.7140158 -0.533805 0.4360125 -0.7070757 -0.55672 0.4567326 -0.7051783 -0.5423275 0.4368981 -0.7033477 -0.5607336 0.4378606 -0.6991497 -0.5652148 0.7098195 -0.6975957 -0.09755307 0.7023304 -0.7055112 -0.09479445 0.6959133 -0.6987657 -0.1656236 0.6959037 -0.6987811 -0.1655992 0.6765081 -0.6995495 -0.2301465 0.6702101 -0.7059235 -0.229108 0.5434989 -0.8053196 -0.2367899 0.6182493 -0.7087733 -0.3397179 0.6238127 -0.7013966 -0.3448195 0.5907244 -0.7023607 -0.3971576 0.5907122 -0.7023693 -0.3971605 0.5505428 -0.7035172 -0.4494066 0.5440356 -0.7109051 -0.4456895 0.4099887 -0.8194476 -0.4005185 0.5860643 -0.6949951 0.4165459 0.5860229 -0.6949933 0.4166071 0.6232511 -0.6952165 0.3580951 0.623243 -0.6952196 0.358103 0.6537643 -0.6951986 0.2988163 0.6480231 -0.7022597 0.2947836 0.5546118 -0.8087066 0.1959583 0.6893029 -0.7029819 0.1751512 0.6965845 -0.6956871 0.1754699 0.7093824 -0.696061 0.1107956 0.7093826 -0.6960618 0.1107896 0.7161235 -0.6966288 0.04330867 0.7086116 -0.7043771 0.04150277 0.5755637 -0.8175442 -0.01865357 0.5424647 -0.6953302 0.4714319 0.5427171 -0.6948109 0.471907 0.5259623 -0.6832159 0.506537 0.5264 -0.6824114 0.5071663 0.9608012 -0.2594227 -0.09778064 0.9975326 -0.05588734 -0.04249006 0.9590518 -0.2650389 -0.0998702 0.9975046 -0.0559501 -0.04306215 0.8757582 -0.4574317 -0.1542855 0.8757447 -0.4574882 -0.1541936 -0.2347272 -0.01215273 -0.9719853 -0.7547104 -0.01646757 -0.6558514 -0.6731908 -0.0160976 -0.7392936 -0.9452658 -0.01605761 -0.3259058 -0.9454618 -0.01446294 -0.3254119 -0.997982 -0.01430404 -0.06186485 0.2746635 -0.004266142 -0.9615311 -0.1072683 -0.009986162 -0.99418 -0.4050085 -0.01402455 -0.9142053 0.2615255 -0.005256056 -0.9651823 -0.3082829 0.004594266 0.9512836 -0.468434 0.003763914 0.8834905 -0.5463978 1.45794e-4 0.8375258 -0.745714 -0.004180729 0.6662531 -0.7732565 -0.004860341 0.6340748 0.6896868 0.7190367 0.08554798 0.6952371 0.7168931 0.0520541 0.6953737 0.7168671 0.05056637 0.6899062 0.7188606 0.08525836 0.6894768 0.7192289 0.08562427 0.6878085 0.7206276 0.08726567 0.6958869 0.7163142 -0.05133652 0.6958866 0.7163146 -0.05133587 0.6740289 0.7148054 -0.1863822 0.6740291 0.7148053 -0.1863816 0.6266385 0.7129338 -0.3147214 0.626639 0.7129334 -0.3147214 0.5553678 0.7109013 -0.4314929 0.5553654 0.7109038 -0.4314917 0.462925 0.7087544 -0.5323229 0.4629248 0.7087553 -0.5323219 0.3528431 0.7064633 -0.6135238 0.3528437 0.7064613 -0.6135257 0.2291826 0.7041787 -0.6720176 0.2291832 0.7041781 -0.6720181 0.0965538 0.7020544 -0.7055473 0.09655559 0.702056 -0.7055455 -0.04004532 0.7001268 -0.7128948 -0.04004442 0.7001261 -0.7128954 -0.1755221 0.6983847 -0.6938667 -0.175522 0.6983835 -0.6938679 -0.304786 0.6970142 -0.6490584 -0.3047869 0.6970151 -0.6490571 -0.3344238 0.6927052 -0.6389995 -0.3296717 0.6923294 -0.6418697 0.06611007 0.699395 -0.7116714 0.0730648 0.699896 -0.7104978 -0.1524612 0.698641 -0.6990397 -0.1524437 0.6986463 -0.6990382 0.343906 0.7359809 -0.5831474 0.3583319 0.738974 -0.5705398 -0.2499058 0.6824243 -0.6869092 -0.08314985 0.7308845 -0.6774172 -0.1035661 0.7291395 -0.6764833 0.4891686 0.6935795 -0.5288305 0.4998861 0.7111433 -0.4943573 -0.2712759 0.6965398 -0.6642603 -0.1295298 0.6433697 -0.754518 0.03155666 0.6933377 -0.7199216 0.2816966 0.6922342 -0.6644238 0.2935015 0.697695 -0.6535125 0.4112193 0.6146196 -0.6731579 0.197434 0.7025477 -0.6837007 0.1938264 0.7026301 -0.6846476 0.2653393 0.7020002 -0.6609016 0.2634567 0.7018322 -0.6618323 -0.2266129 0.6873378 -0.6900822 -0.01696717 0.7390543 -0.6734322 -0.004775047 0.7446514 -0.6674365 -0.2327414 0.697537 -0.6776973 -0.1554365 0.6307427 -0.7602652 -0.07459563 0.6870433 -0.7227774 -0.07585638 0.6996096 -0.7104873 0.006410598 0.6077804 -0.7940794 0.09008699 0.6933711 -0.7149271 0.09322339 0.6979752 -0.7100283 0.2317634 0.6929742 -0.682695 0.1560666 0.6111936 -0.7759418 0.2398792 0.7040613 -0.6683979 0.1169959 0.7089074 -0.6955302 0.1131687 0.7021945 -0.7029337 -0.1406037 0.6988029 -0.7013595 -0.1405937 0.6988058 -0.7013586 -0.3507502 0.695748 -0.6268246 -0.3619397 0.6866418 -0.630494 -0.7341684 0.6768297 -0.05383753 -0.1522921 0.9075902 -0.3912636 -0.8339101 0.5505465 0.03863626 -0.7206622 0.6932414 0.007897019 -0.7660728 0.5464861 -0.3383569 -0.635896 0.6752541 -0.373722 -0.7037317 0.675704 -0.219513 -0.715242 0.6968104 -0.05370414 -0.8222907 0.5478881 -0.1538084 -0.6855517 0.6957293 -0.2144289 -0.6197007 0.6952968 -0.3640514 -0.6682525 0.5465639 -0.5046846 -0.5344145 0.6754025 -0.508166 -0.5344329 0.5479115 -0.6435641 -0.521325 0.6954287 -0.4945698 -0.6785526 0.6956392 -0.2359078 -0.4857863 0.6956322 -0.5292519 -0.1757847 0.698383 -0.6938018 0.1751011 0.7033044 -0.6889865 0.4677699 0.7087146 -0.5281242 0.6957628 0.7157306 -0.06036621 0.6959806 0.7159131 -0.05549323 0.6381577 0.7133523 -0.2896264 0.6381592 0.7133511 -0.289626 0.6842504 0.7150355 0.143268 0.685175 0.7147962 0.1400063 0.6881034 0.7177292 0.1066699 0.6880999 0.7177327 0.1066688 0.7118533 0.7022334 0.01153874 0.7462966 0.651553 -0.1360884 0.7469648 0.6507232 -0.1363925 0.6967093 0.7164621 0.03575396 0.7373827 0.6657715 -0.1140841 0.1249216 0.7128846 0.6900655 0.1323112 0.7134057 0.6881469 0.2031498 0.7161245 0.6677544 0.2031093 0.7161676 0.6677204 0.2032001 0.7161177 0.6677463 0.2034217 0.7160117 0.6677926 0.2030349 0.7161256 0.6677881 -0.08872967 0.7123224 0.6962212 -0.08623123 0.7123126 0.6965451 -0.6389153 0.6908349 0.3384295 -0.6351622 0.6989461 0.3286996 -0.5370999 0.7040348 0.464606 -0.5370523 0.7040637 0.4646171 -0.3401135 0.7082163 0.6186701 -0.34011 0.7082108 0.6186782 -0.710841 0.6964319 -0.0984264 -0.7108692 0.6964018 -0.09843552 -0.7108176 0.6964595 -0.09840029 -0.7178377 0.6954677 -0.03215116 -0.7183455 0.6951996 -0.02602356 -0.7108249 0.6964508 -0.09840881 0.1003736 0.7386882 0.666532 -0.14684 0.7114098 0.6872658 -0.1308118 0.7113843 0.690522 0.3532639 0.6745852 0.6481818 0.2919844 0.712874 0.6376172 0.08470445 0.7429786 0.6639337 0.3986788 0.7188543 0.5694769 0.3884913 0.7152724 0.5809132 0.3802897 0.7100675 0.5926079 -0.7321285 0.564526 0.3811802 -0.604993 0.6836519 0.408171 -0.5891105 0.7026944 0.3989605 -0.6253142 0.5674 0.5357607 -0.4951313 0.686329 0.5327265 -0.4817164 0.7053089 0.5200853 -0.4861075 0.5705407 0.6619537 -0.367842 0.6826727 0.6313875 -0.3659735 0.7075989 0.6044561 -0.2099663 0.7104566 0.6716887 -0.2778861 0.6786514 0.6798616 -0.2075125 0.6949468 0.6884675 -0.3053195 0.6397832 0.7053067 -0.333707 0.6930245 0.6390278 0.2857175 0.7069185 0.6470176 0.2117622 0.6765733 0.7052697 0.1222606 0.6991438 0.7044504 0.1228473 0.7152262 0.6880117 0.04098844 0.6718223 0.7395774 -0.05802834 0.7048433 0.7069857 -0.06195247 0.7043241 0.70717 -0.1096078 0.6025246 0.7905381 -0.6925963 0.6992905 0.1769273 -0.6926224 0.6992758 0.1768832 -0.5704991 0.7032176 0.4242829 -0.5705186 0.7032105 0.4242682 -0.3630492 0.7077548 0.6060351 -0.3630521 0.707754 0.6060342 -0.1675565 0.7096039 0.6843882 -0.1736253 0.7092068 0.6832862 -0.2304084 0.7084046 0.6671394 -0.224884 0.70877 0.6686346 -0.01655477 0.710839 0.7031599 -0.006126642 0.7103065 0.7038659 -0.5383955 0.6954565 0.4758892 -0.5383077 0.7008341 0.4680346 -0.4066335 0.7069015 0.5787396 -0.4066374 0.7068983 0.5787407 0.2523752 0.7166336 0.6501869 0.2523579 0.7166237 0.6502045 0.5396929 0.7186456 0.4384975 0.5396935 0.718665 0.4384651 0.6641052 0.7140906 0.2214472 0.6616929 0.7133694 0.2307957 0.4409598 0.7088834 0.5504897 0.4874395 0.7141071 0.5024479 0.4907322 0.7132955 0.5003913 0.5021294 0.6973534 0.5114336 0.4102991 0.7174662 0.562936 0.3010253 0.7171826 0.6285165 0.3010228 0.7171822 0.6285181 0.1543239 0.7062449 0.6909431 0.1824579 0.7153176 0.6745591 0.08930414 0.6980432 0.7104651 -0.009890675 0.6992304 0.714828 0.01162546 0.7133488 0.7007129 -0.09446102 0.6739127 0.7327475 -0.1791247 0.6944989 0.6968398 -0.160503 0.7108781 0.6847563 -0.2790136 0.6480582 0.708641 -0.3412402 0.6907535 0.6375066 -0.3235867 0.7082417 0.6274435 -0.4532501 0.6230893 0.6374357 -0.4854547 0.6873827 0.5402212 -0.6054519 0.6003244 0.522531 -0.4678668 0.705483 0.532348 0.6014032 0.7175097 0.3514175 0.6047854 0.7177796 0.345003 0.6638436 0.718285 0.2082751 0.6638419 0.7182868 0.2082743 -0.09286177 0.7105475 0.6974948 -0.0986517 0.7107308 0.6965125 0.1066285 0.7150189 0.6909257 0.1066344 0.7150215 0.6909221 0.3588674 0.7176464 0.5968232 0.3588669 0.7176439 0.5968264 -0.0804975 0.7100891 0.6994953 -0.08840668 0.7104166 0.6982067 0.1510452 0.7155533 0.682033 0.1510511 0.7155453 0.68204 0.4329509 0.7181784 0.5447691 0.4329493 0.7181782 0.5447707 -0.5969238 0.6884908 -0.4119009 -0.6840752 0.6941041 -0.2241886 -0.6824169 0.6937639 -0.2302147 -0.6162462 0.6943919 -0.3715652 -0.5176202 0.6890116 -0.5072796 -0.4404678 0.6893559 -0.5751319 -0.3887767 0.696742 -0.6028294 -0.3529695 0.6923779 -0.6293055 -0.2452234 0.6768998 -0.6940261 -0.1341647 0.6823821 -0.7185781 -0.0817992 0.6986983 -0.7107247 0.008129417 0.6939716 -0.7199565 -0.6795317 0.6931598 -0.2403463 -0.6817286 0.6936509 -0.232583 0.6962726 0.7149307 0.06386423 0.6949698 0.7154425 0.07182568 0.6784935 0.7150178 -0.1685115 0.6784925 0.7150191 -0.1685101 0.5400369 0.7105531 -0.4510815 0.5400348 0.7105548 -0.4510815 0.2927457 0.7053236 -0.6456149 0.2927517 0.7053182 -0.6456181 -0.01447236 0.7004104 -0.7135937 -0.01447105 0.7004098 -0.7135943 -0.3207806 0.6968775 -0.6414527 -0.3207852 0.6968808 -0.6414469 -0.5654808 0.6953104 -0.4435934 -0.5654798 0.695313 -0.4435904 0.5856295 0.7191666 -0.3739485 0.4744767 0.7301724 -0.4916505 0.3677798 0.7210843 -0.5871759 0.3709306 0.7065444 -0.6026654 0.2751563 0.6982542 -0.6608557 0.6945599 0.7155912 0.07426822 0.6935077 0.7159466 0.08042246 0.6861551 0.715508 -0.1312994 0.6861544 0.7155088 -0.1312988 0.5937631 0.7118842 -0.3750551 0.5714961 0.7516383 0.3292905 0.5668647 0.763622 0.3091048 0.6434537 0.7063096 0.2951171 -0.5344384 0.782545 0.3193727 -0.792484 0.4101487 0.4513836 -0.549031 0.7690542 0.3272932 -0.6817521 0.6835401 0.2607436 -0.5418159 0.8041597 0.2444644 -0.5841695 0.7642523 0.2732477 -0.5536176 0.7935902 0.252433 -0.5996053 0.7482572 0.2838744 -0.6650142 0.700405 0.2592083 -0.813427 0.5442162 0.2053422 -0.7294223 0.6779583 0.09119117 -0.7102691 0.6981946 0.08967816 -0.8414663 0.5403051 0.002191245 -0.7312943 0.6763021 -0.08845376 -0.7123271 0.6965874 -0.08576768 -0.8185189 0.5378659 -0.2018098 -0.6890827 0.6752387 -0.2630926 -0.6282641 0.5377873 -0.5622003 -0.4850205 0.6753754 -0.5555388 -0.6052395 0.6749737 -0.4220141 -0.671193 0.6955492 -0.2563421 -0.745958 0.5369889 -0.3939411 -0.5892547 0.6952947 -0.4115146 -0.2894958 0.5441743 -0.7874432 -0.1664441 0.6783465 -0.7156414 -0.335699 0.6765495 -0.6554289 -0.4717006 0.6956745 -0.5417891 -0.4728565 0.540208 -0.6961194 -0.3256627 0.6968138 -0.6390573 0.1139968 0.5564315 -0.8230364 0.1897835 0.6834956 -0.7048518 0.01235967 0.6807398 -0.7324211 -0.1601668 0.6985465 -0.6974092 -0.08969599 0.5496886 -0.8305404 0.01457488 0.7008537 -0.7131562 0.4828737 0.5727941 -0.6623744 0.4979048 0.6894255 -0.5261018 0.3549973 0.6864299 -0.6346582 0.1878204 0.7035069 -0.6854207 0.3088756 0.5642072 -0.7656802 0.3489211 0.706318 -0.6159294 0.7274878 0.5916274 -0.3474747 0.6837893 0.6949252 -0.2225113 0.6097636 0.6923271 -0.3858388 0.4879596 0.7091733 -0.5088896 0.6252725 0.5820206 -0.5198907 0.5963431 0.7119132 -0.3708835 0.6674204 0.7143276 -0.2104427 0.7835726 0.6013419 -0.1562119 0.7108505 0.7024154 -0.03611367 0.7023496 0.7113398 -0.02647167 0.6966649 0.7039541 0.1382278 0.8335278 0.5520532 0.02165007 0.6851586 0.7130923 0.1485167 0.5532485 0.7305552 0.4002564 0.557465 0.7270515 0.4007854 0.5690661 0.7289787 0.3804655 0.6258628 0.7193101 0.3014778 0.788459 0.5723767 0.2252054 -0.252945 0.6975315 -0.6704242 -0.2529423 0.6975305 -0.6704263 -0.5523287 0.6953239 -0.4598456 -0.5523208 0.6953267 -0.4598507 -0.7063199 0.6962648 -0.1277797 -0.7063192 0.6962658 -0.1277785 -0.6736922 0.7000533 0.2367789 -0.6736959 0.7000461 0.23679 -0.4631584 0.7056872 0.5361809 -0.4631593 0.7056903 0.5361762 -0.1311373 0.7117319 0.690102 -0.1311376 0.7117399 0.6900936 0.2333816 0.7164832 0.6574077 0.2333934 0.7164766 0.6574106 0.5327998 0.7186491 0.4468422 0.5327993 0.7186481 0.4468443 0.686772 0.7177537 0.1147777 0.686767 0.7177586 0.1147769 0.6541365 0.7139486 -0.2497657 0.6541376 0.7139458 -0.2497706 0.4436118 0.7082803 -0.5491335 0.4436133 0.708278 -0.5491354 0.1115873 0.7022748 -0.7031063 0.1115853 0.7022742 -0.7031072 -0.2529167 0.697578 -0.6703865 -0.2529191 0.697576 -0.6703878 -0.5523347 0.6953271 -0.4598333 -0.5523362 0.6953225 -0.4598386 -0.7063203 0.6962643 -0.1277803 -0.7063195 0.6962653 -0.1277791 -0.6736938 0.7000513 0.2367801 -0.6736928 0.7000529 0.2367786 -0.4631395 0.7057344 0.536135 -0.4631351 0.7057384 0.5361335 -0.131122 0.7117393 0.6900973 -0.1311182 0.7117397 0.6900975 0.2333863 0.7164795 0.6574101 0.2333927 0.7164717 0.6574162 0.5328139 0.7186344 0.4468489 0.5328077 0.7186356 0.4468546 0.6867694 0.7177526 0.1148001 0.6867734 0.7177497 0.114794 0.6541743 0.7139028 -0.2497974 0.6541776 0.7139002 -0.2497964 0.4436144 0.7082736 -0.5491402 0.4436117 0.70828 -0.549134 0.1115882 0.7022739 -0.7031071 0.111595 0.7022812 -0.7030987 0.0392329 0.70139 -0.7116972 0.03922796 0.7014337 -0.7116544 0.03922617 0.7012398 -0.7118455 0.03925246 0.7011851 -0.711898 0.0392223 0.7012538 -0.7118319 0.03918308 0.7012369 -0.7118508 0.03922474 0.701231 -0.7118543 0.03923028 0.7012842 -0.7118016 -0.6236234 0.7563341 0.1976178 -0.6115406 0.7669517 0.1944308 -0.7800649 0.5923776 0.2014638 -0.6745755 0.7114934 0.1967871 -0.5847164 0.801971 0.1222674 -0.5978278 0.7917322 0.1255471 -0.6926116 0.6991063 0.1775937 -0.6710128 0.7212639 0.1718149 -0.6884442 0.7033084 0.177206 -0.6898182 0.7056476 0.1619025 -0.6687875 0.7294362 0.1436874 -0.01654136 -0.7246426 -0.6889263 -0.2033913 -0.7211154 -0.6622875 -0.1321886 -0.7355641 -0.6644334 -0.1235601 -0.6970792 0.7062674 -0.3047069 -0.6913197 0.6551572 -0.2378748 -0.6954384 0.6780716 -0.4716521 -0.7036431 0.5314422 -0.4342898 -0.6785387 0.5924336 -0.4117435 -0.6577152 0.6307758 -0.6329311 -0.7047793 -0.3204441 -0.5125058 -0.7126764 -0.4789888 -0.569379 -0.6952372 -0.4386945 -0.2579213 -0.7109563 -0.6542307 -0.2917065 -0.7212357 -0.6282725 -0.3215777 -0.7166091 -0.6189179 -0.3961795 -0.7160339 -0.5747497 -0.4252694 -0.724052 -0.5430421 -0.4852715 -0.7182554 -0.4986189 -0.6025867 -0.6907681 -0.3996609 -0.6698915 -0.7013748 -0.2435543 -0.6894503 -0.7107792 -0.1394678 -0.6818104 -0.7219172 -0.1181961 -0.6715361 -0.7403163 -0.03116178 -0.6898502 -0.7233457 0.02962517 -0.6874524 -0.7255593 0.03119385 -0.6586394 -0.7386755 0.1433624 -0.6520087 -0.7262291 0.2178897 -0.6549145 -0.7015647 0.280881 -0.6398018 -0.6887394 0.3410159 -0.5347818 -0.7187898 0.4442408 -0.6082519 -0.6803836 0.4087881 -0.495504 -0.7092744 0.5014038 0.6845806 -0.6919739 -0.2291761 0.6810232 -0.6718375 -0.2912762 0.6276303 -0.6907732 -0.3590441 0.5899164 -0.6917187 -0.4165621 0.5163937 -0.6948217 -0.5005601 0.4160628 -0.6970929 0.583912 0.3285726 -0.6972203 0.6371215 0.3159361 -0.6980686 0.642561 0.2732766 -0.6914212 0.6687725 0.2230713 -0.7030387 0.6752598 0.152616 -0.7192426 0.6777894 0.03963148 -0.7136715 0.6993586 0.7036601 -0.7085377 -0.05326181 0.7094138 -0.696255 0.1093672 0.7119043 -0.6929793 0.113895 0.6817221 -0.6992932 0.2150444 0.6630643 -0.7002766 0.2644968 0.6590511 -0.6951718 0.287033 0.6133026 -0.695249 0.3748186 0.6131721 -0.6911233 0.3825816 0.5662714 -0.6876988 0.4543206 0.5438616 -0.6894108 0.4784636 0.5049779 -0.6966608 0.5095695 0.4954491 -0.6959917 0.5197364 0.4166137 -0.6961162 0.584684 0.6819152 -0.7031799 -0.2013199 0.6693878 -0.7322186 -0.1256023 0.7321595 -0.6811253 0.003300547 0.5148115 -0.7043911 -0.488674 0.4574445 -0.7037785 -0.5435444 0.4071635 -0.6993116 -0.5875213 0.3753003 -0.7032986 -0.6037557 0.268406 -0.706595 -0.654738 0.2648026 -0.7095381 -0.6530202 0.1329479 -0.7117084 -0.6897797 0.1323432 -0.7124149 -0.6891664 0.03093582 -0.7139407 -0.6995225 -0.03929871 -0.7137444 -0.6993029 -0.1434495 -0.7025095 0.6970672 -0.07644152 -0.7035781 0.7064946 -0.02033698 -0.7041441 0.7097659 0.05479955 -0.6996026 0.7124277 -0.2529303 0.6975793 -0.6703801 -0.2529242 0.6975851 -0.6703763 -0.5522799 0.6953855 -0.4598108 -0.5522863 0.6953806 -0.4598106 -0.7063134 0.696273 -0.1277707 -0.7063197 0.6962668 -0.1277692 -0.6736909 0.7000535 0.2367822 -0.6736892 0.7000557 0.2367805 -0.4631396 0.7057377 0.5361307 -0.4631412 0.7057411 0.5361248 -0.1311315 0.7117424 0.6900923 -0.1311296 0.7117424 0.6900926 0.2333877 0.7164855 0.657403 0.2333985 0.7164785 0.6574068 0.5328119 0.7186368 0.4468476 0.532809 0.7186363 0.4468519 0.6867707 0.7177535 0.1147865 0.686765 0.7177588 0.1147876 0.6541244 0.7139572 -0.2497729 0.6541219 0.7139615 -0.2497672 0.4435883 0.7083269 -0.5490923 0.4435864 0.7083241 -0.5490976 0.1115799 0.7022807 -0.7031016 0.1115825 0.7022808 -0.7031011 -0.1730256 0.700873 0.6919821 -0.1799402 0.7096609 0.6811776 -0.2268649 0.6856115 0.6917147 -0.2271735 0.6819159 0.6952574 0.2778586 0.7006819 0.6571449 0.366133 0.6554626 0.6605418 0.3613934 0.6455299 0.6728194 0.3687573 0.6903762 0.6224137 0.3694806 0.6857681 0.6270616 0.2815638 0.7168413 0.6378561 0.2213818 0.6687006 0.7098096 0.1403241 0.7029807 0.6972283 0.1417396 0.715353 0.6842368 0.06743007 0.6247684 0.7778931 -0.02720224 0.7062483 0.7074415 -0.0296294 0.7078503 0.7057409 -0.0777142 0.5696066 0.8182353 0.3201411 0.8299512 -0.456827 0.3080893 0.8421213 -0.4426203 0.4486618 0.7136253 -0.5379978 0.4285842 0.7051848 0.5648274 0.3286002 0.7906959 0.5165482 0.3347151 0.7828766 0.5244713 0.3798983 0.7615274 -0.5251224 0.4757045 0.6954629 -0.5385505 0.5480546 0.6658181 -0.506283 0.5811606 0.694765 -0.4237381 0.5605274 0.7107718 -0.4249852 0.673767 0.6402407 -0.3689579 0.6632791 0.6964802 -0.2738179 0.6442774 0.7133783 -0.2756778 0.7600514 0.6177253 -0.2018347 0.7077234 0.69828 -0.1073901 0.6896781 0.7156082 -0.1106754 0.7997383 0.6001417 -0.01576805 0.7113877 0.6997369 0.06554317 0.6941716 0.7172687 0.0604276 0.7888363 0.5889015 0.1758762 0.6737111 0.7007393 0.234687 0.6573998 0.7183594 0.227564 0.7276331 0.5846403 0.3588117 0.5968782 0.701092 0.3901366 0.5816209 0.7187179 0.3810009 0.6204851 0.5876047 0.5193448 0.4797868 0.707946 0.5182828 0.470109 0.7171691 0.514457 0.411612 0.7113764 0.569666 0.3733544 0.7305173 0.5717963 0.1429257 0.7029536 -0.6967269 0.090056 0.7009238 -0.7075279 0.1429299 0.7029338 -0.6967461 0.1429594 0.7027961 -0.696879 0.08613389 0.7007079 -0.7082298 0.1429907 0.7027064 -0.696963 0.1429718 0.7027621 -0.6969107 0.6618846 0.7491242 0.02686643 0.6960338 0.7148208 0.06758928 0.6366143 0.7705514 0.03119391 0.6954614 0.715735 0.06369453 0.5160662 0.85613 0.02678275 0.4913384 0.8705969 0.02544945 -0.07908248 0.6996029 -0.7101421 -0.07907974 0.6995978 -0.7101474 -0.2070412 0.694888 -0.6886688 -0.2050973 0.6947614 -0.6893778 0.4543519 0.7104615 0.5374094 0.4575302 0.710109 0.5351743 0.5290965 0.7186506 0.4512187 0.529063 0.7186247 0.4512993 0.6583916 0.718335 0.2247564 0.6583806 0.7183626 0.2247002 0.6528725 0.710062 -0.2637605 0.6518379 0.7097405 -0.2671623 0.6284465 0.7130252 -0.3108861 0.6284469 0.7130244 -0.3108869 0.5466555 0.7106863 -0.4428236 0.5466559 0.7106863 -0.4428232 0.4380457 0.7081648 -0.5537317 0.4380455 0.7081655 -0.5537309 0.3078396 0.7056122 -0.6382368 0.3078384 0.7056128 -0.6382368 0.1623376 0.7030987 -0.692314 0.1623384 0.7030984 -0.6923141 0.008537709 0.7007769 -0.7133294 0.008538186 0.7007772 -0.7133291 -0.1461436 0.6987701 -0.7002589 -0.1461431 0.6987693 -0.7002597 0.5767388 0.7187292 0.3883306 0.5767481 0.7187216 0.3883308 0.6930069 0.7174238 0.07102549 0.6930015 0.7174285 0.07103109 0.6487454 0.713746 -0.2640002 0.6487471 0.7137446 -0.2639999 0.4540717 0.7085055 -0.5402212 0.4540749 0.7085005 -0.5402249 0.3008469 0.6969918 -0.6509176 0.2972285 0.6973379 -0.6522079 0.575412 0.7114378 -0.4034319 0.5754336 0.7114309 -0.4034134 0.3917262 0.7072066 -0.5885657 0.391743 0.7072018 -0.5885603</float_array>
          <technique_common>
            <accessor source="#LINK_THUMB_MID_R-mesh-normals-array" count="5839" stride="3">
              <param name="X" type="float"/>
              <param name="Y" type="float"/>
              <param name="Z" type="float"/>
            </accessor>
          </technique_common>
        </source>
        <source id="LINK_THUMB_MID_R-mesh-map">
          <float_array id="LINK_THUMB_MID_R-mesh-map-array" count="38442">0.9581048 0.3949201 0.9581043 0.3999291 0.9417305 0.3949202 0.9417305 0.3949202 0.9581043 0.3999291 0.9274026 0.3999294 0.9274009 0.4251032 0.8958805 0.4251036 0.9274026 0.3999294 0.9274026 0.3999294 0.8958805 0.4251036 0.8958831 0.3895865 0.9417304 0.3948194 0.9417305 0.3949202 0.9407954 0.3929229 0.9407954 0.3929229 0.9417305 0.3949202 0.9274026 0.3999294 0.9407954 0.3929229 0.9274026 0.3999294 0.9402058 0.3908976 0.9402058 0.3908976 0.9274026 0.3999294 0.8958831 0.3895865 0.9402058 0.3908976 0.8958831 0.3895865 0.9400935 0.3895859 0.9788472 0.2166763 0.9624732 0.2166772 0.9788494 0.1346675 0.9788494 0.1346675 0.9624732 0.2166772 0.9166271 0.1471096 0.9788494 0.1346675 0.9166271 0.1471096 0.9149899 0.1346711 0.9618532 0.2179572 0.9613451 0.2191848 0.9166252 0.2220141 0.9166252 0.2220141 0.9613451 0.2191848 0.9609479 0.2206999 0.9166252 0.2220141 0.9609479 0.2206999 0.9608355 0.2220116 0.9618532 0.2179572 0.9166252 0.2220141 0.9621512 0.2173624 0.9621512 0.2173624 0.9166252 0.2220141 0.9166271 0.1471096 0.9621512 0.2173624 0.9166271 0.1471096 0.9623094 0.217069 0.9623094 0.217069 0.9166271 0.1471096 0.9624732 0.2166772 0.9623094 0.217069 0.9624732 0.2166772 0.962473 0.2167785 0.2904862 0.1455016 0.2954434 0.1466369 0.3081876 0.2306421 0.2937725 0.2396849 0.3078395 0.2806038 0.2958137 0.2606633 0.2795742 0.2425783 0.2793684 0.2415728 0.2900471 0.2362231 0.2900471 0.2362231 0.2793684 0.2415728 0.279413 0.2363753 0.2900471 0.2362231 0.279413 0.2363753 0.2885517 0.2313624 0.2904862 0.1455016 0.3081876 0.2306421 0.2867608 0.1420397 0.2867608 0.1420397 0.3081876 0.2306421 0.3066921 0.2257814 0.2867608 0.1420397 0.3066921 0.2257814 0.2852653 0.137179 0.2852653 0.137179 0.3066921 0.2257814 0.3029667 0.2223196 0.2852653 0.137179 0.3029667 0.2223196 0.2980095 0.2211843 0.2805879 0.0993117 0.2864006 0.1322219 0.2852653 0.137179 0.279413 0.2363753 0.2802793 0.2315217 0.2885517 0.2313624 0.2885517 0.2313624 0.2802793 0.2315217 0.2826982 0.2272256 0.2885517 0.2313624 0.2826982 0.2272256 0.289687 0.2264052 0.289687 0.2264052 0.2826982 0.2272256 0.2871326 0.2193492 0.289687 0.2264052 0.2871326 0.2193492 0.2931488 0.2226797 0.2931488 0.2226797 0.2871326 0.2193492 0.2887209 0.210451 0.2931488 0.2226797 0.2887209 0.210451 0.2872853 0.2015269 0.2937725 0.2396849 0.2958137 0.2606633 0.2900471 0.2362231 0.2900471 0.2362231 0.2958137 0.2606633 0.280173 0.2434119 0.2008123 0.4657894 0.1841021 0.4658967 0.2087119 0.4524731 0.2696629 0.4436627 0.2533555 0.4399982 0.2847715 0.4323574 0.2847715 0.4323574 0.2533555 0.4399982 0.2730455 0.4275664 0.2847715 0.4323574 0.2730455 0.4275664 0.2978315 0.4195183 0.2978315 0.4195183 0.2730455 0.4275664 0.2899729 0.4115756 0.2978315 0.4195183 0.2899729 0.4115756 0.3084583 0.4057803 0.3084583 0.4057803 0.2899729 0.4115756 0.3035039 0.3926243 0.3084583 0.4057803 0.3035039 0.3926243 0.3129317 0.3985189 0.3129317 0.3985189 0.3035039 0.3926243 0.3168106 0.3910078 0.2696629 0.4436627 0.261509 0.4485442 0.2533555 0.4399982 0.2533555 0.4399982 0.261509 0.4485442 0.2531092 0.4527926 0.2533555 0.4399982 0.2531092 0.4527926 0.23164 0.4484052 0.23164 0.4484052 0.2531092 0.4527926 0.2359517 0.4593107 0.23164 0.4484052 0.2359517 0.4593107 0.2087119 0.4524731 0.2087119 0.4524731 0.2359517 0.4593107 0.2187082 0.463521 0.2087119 0.4524731 0.2187082 0.463521 0.2008123 0.4657894 0.3168106 0.3910078 0.3035039 0.3926243 0.3198148 0.3839364 0.3198148 0.3839364 0.3035039 0.3926243 0.313132 0.3714218 0.3198148 0.3839364 0.313132 0.3714218 0.3245813 0.3684386 0.3245813 0.3684386 0.313132 0.3714218 0.327635 0.3507227 0.327635 0.3507227 0.313132 0.3714218 0.3184968 0.3487622 0.327635 0.3507227 0.3184968 0.3487622 0.3287544 0.3309531 0.3287544 0.3309531 0.3184968 0.3487622 0.3193973 0.3254935 0.3287544 0.3309531 0.3193973 0.3254935 0.3277767 0.3083259 0.3277767 0.3083259 0.3193973 0.3254935 0.3158 0.302487 0.3277767 0.3083259 0.3158 0.302487 0.3256458 0.2901782 0.3134627 0.1261917 0.3034058 0.1315981 0.3119416 0.1084194 0.3119416 0.1084194 0.3034058 0.1315981 0.2996804 0.1281363 0.3119416 0.1084194 0.2996804 0.1281363 0.3089305 0.09021002 0.3089305 0.09021002 0.2996804 0.1281363 0.2947232 0.127001 0.3089305 0.09021002 0.2947232 0.127001 0.3044618 0.07386273 0.3078395 0.2806038 0.2937725 0.2396849 0.3158 0.302487 0.3158 0.302487 0.2937725 0.2396849 0.2987297 0.2408202 0.3158 0.302487 0.2987297 0.2408202 0.3035904 0.2393247 0.2134363 0.00336498 0.2209607 0.003068029 0.2207579 0.01808726 0.2207579 0.01808726 0.2209607 0.003068029 0.227872 3.09737e-4 0.2805879 0.0993117 0.2852653 0.137179 0.2798588 0.184371 0.003563821 0.6776328 0.003549516 0.6810703 0.002140998 0.6744588 0.002140998 0.6744588 0.003549516 0.6810703 0.002140998 0.6822721 0.17973 0.4655055 0.2087119 0.4524731 0.1841021 0.4658967 0.3256458 0.2901782 0.3158 0.302487 0.3228972 0.2733516 0.3228972 0.2733516 0.3158 0.302487 0.3035904 0.2393247 0.3228972 0.2733516 0.3035904 0.2393247 0.3174693 0.2410281 0.3174693 0.2410281 0.3035904 0.2393247 0.3070523 0.2355993 0.3174693 0.2410281 0.3070523 0.2355993 0.3156485 0.2244331 0.3156485 0.2244331 0.3070523 0.2355993 0.3081876 0.2306421 0.3156485 0.2244331 0.3081876 0.2306421 0.3145169 0.2078358 0.3145169 0.2078358 0.3081876 0.2306421 0.2954434 0.1466369 0.3145169 0.2078358 0.2954434 0.1466369 0.3137821 0.17724 0.3137821 0.17724 0.2954434 0.1466369 0.3003041 0.1451414 0.3137821 0.17724 0.3003041 0.1451414 0.3140382 0.1521407 0.3140382 0.1521407 0.3003041 0.1451414 0.3037659 0.141416 0.3140382 0.1521407 0.3037659 0.141416 0.3134627 0.1261917 0.3134627 0.1261917 0.3037659 0.141416 0.3049012 0.1364588 0.2134363 0.00336498 0.2207579 0.01808726 0.1968206 0.002671539 0.1968206 0.002671539 0.2207579 0.01808726 0.2025697 0.01567339 0.1968206 0.002671539 0.2025697 0.01567339 0.1803492 0.004963874 0.1803492 0.004963874 0.2025697 0.01567339 0.184313 0.01749801 0.1803492 0.004963874 0.184313 0.01749801 0.1729906 0.008488237 0.227872 3.09737e-4 0.2305762 0.00105232 0.2207579 0.01808726 0.2207579 0.01808726 0.2305762 0.00105232 0.2424893 0.005316793 0.2207579 0.01808726 0.2424893 0.005316793 0.2379066 0.02461051 0.2806418 0.1892387 0.2798588 0.184371 0.2829866 0.1935757 0.2829866 0.1935757 0.2798588 0.184371 0.2852653 0.137179 0.2829866 0.1935757 0.2852653 0.137179 0.2872853 0.2015269 0.2872853 0.2015269 0.2852653 0.137179 0.2980095 0.2211843 0.2872853 0.2015269 0.2980095 0.2211843 0.2931488 0.2226797 0.1661611 0.02341097 0.1658823 0.02310359 0.1657902 0.02269893 0.2864006 0.1322219 0.2805879 0.0993117 0.2898625 0.1284964 0.2898625 0.1284964 0.2805879 0.0993117 0.2926478 0.04880774 0.2898625 0.1284964 0.2926478 0.04880774 0.2947232 0.127001 0.2947232 0.127001 0.2926478 0.04880774 0.297899 0.05806827 0.2947232 0.127001 0.297899 0.05806827 0.3044618 0.07386273 0.2805879 0.0993117 0.2796182 0.08200901 0.2926478 0.04880774 0.2926478 0.04880774 0.2796182 0.08200901 0.2745284 0.06438153 0.2926478 0.04880774 0.2745284 0.06438153 0.2877489 0.04166436 0.2877489 0.04166436 0.2745284 0.06438153 0.2655291 0.04839241 0.2424893 0.005316793 0.2498621 0.008850276 0.2379066 0.02461051 0.2379066 0.02461051 0.2498621 0.008850276 0.2569488 0.01295989 0.2379066 0.02461051 0.2569488 0.01295989 0.2531008 0.03489524 0.2531008 0.03489524 0.2569488 0.01295989 0.2702052 0.02279269 0.2531008 0.03489524 0.2702052 0.02279269 0.2655291 0.04839241 0.2655291 0.04839241 0.2702052 0.02279269 0.2822997 0.03486943 0.2655291 0.04839241 0.2822997 0.03486943 0.2877489 0.04166436 0.1729906 0.008488237 0.184313 0.01749801 0.1678135 0.01479464 0.1678135 0.01479464 0.184313 0.01749801 0.1669623 0.02346354 0.1678135 0.01479464 0.1669623 0.02346354 0.1657902 0.02269893 0.1657902 0.02269893 0.1669623 0.02346354 0.1665548 0.02354234 0.1657902 0.02269893 0.1665548 0.02354234 0.1661611 0.02341097 0.7806116 0.140896 0.7779561 0.1257816 0.7911897 0.1255193 0.7908401 0.05365318 0.7850457 0.07122248 0.774795 0.06404352 0.7911897 0.1255193 0.7779561 0.1257816 0.7852247 0.1080073 0.7458369 0.359245 0.7407797 0.3403102 0.7620819 0.3486484 0.7620819 0.3486484 0.7407797 0.3403102 0.7585873 0.3308374 0.7852301 0.4087551 0.796144 0.4074856 0.7862135 0.4125173 0.7862135 0.4125173 0.796144 0.4074856 0.7965405 0.4118242 0.7862135 0.4125173 0.7965405 0.4118242 0.7864148 0.4251753 0.7864148 0.4251753 0.7965405 0.4118242 0.7987741 0.4155648 0.7864148 0.4251753 0.7987741 0.4155648 0.7874925 0.4291069 0.1783767 0.7707289 0.1794791 0.7521498 0.1813322 0.7707289 0.7893978 0.4313661 0.8156186 0.421952 0.8287454 0.4331452 0.8287454 0.4331452 0.8156186 0.421952 0.8292539 0.4240732 0.7458369 0.359245 0.7620819 0.3486484 0.7548081 0.377205 0.7548081 0.377205 0.7620819 0.3486484 0.7695293 0.3652006 0.7548081 0.377205 0.7695293 0.3652006 0.7672427 0.3929663 0.7695293 0.3652006 0.7805406 0.3796296 0.7672427 0.3929663 0.7672427 0.3929663 0.7805406 0.3796296 0.7945404 0.3911815 0.7672427 0.3929663 0.7945404 0.3911815 0.7826217 0.405871 0.83131 0.4308025 0.8310807 0.431733 0.8305129 0.432505 0.7407797 0.3403102 0.740621 0.3355432 0.7585873 0.3308374 0.7585873 0.3308374 0.740621 0.3355432 0.740783 0.3264854 0.7585873 0.3308374 0.740783 0.3264854 0.7592279 0.3126981 0.7945404 0.3911815 0.7963091 0.3928739 0.7826217 0.405871 0.7826217 0.405871 0.7963091 0.3928739 0.797333 0.3950975 0.7826217 0.405871 0.797333 0.3950975 0.7852301 0.4087551 0.7852301 0.4087551 0.797333 0.3950975 0.7974688 0.3975417 0.7852301 0.4087551 0.7974688 0.3975417 0.796144 0.4074856 0.8304225 0.4244869 0.8312402 0.4254188 0.8292539 0.4240732 0.8292539 0.4240732 0.8312402 0.4254188 0.8314986 0.4266313 0.8292539 0.4240732 0.8314986 0.4266313 0.8287454 0.4331452 0.8287454 0.4331452 0.8314986 0.4266313 0.83131 0.4308025 0.8287454 0.4331452 0.83131 0.4308025 0.8296928 0.4330009 0.8296928 0.4330009 0.83131 0.4308025 0.8305129 0.432505 0.7870996 0.03471523 0.8002594 0.03773057 0.7850418 0.03797948 0.7850418 0.03797948 0.8002594 0.03773057 0.7908401 0.05365318 0.7850418 0.03797948 0.7908401 0.05365318 0.7789527 0.0503652 0.7789527 0.0503652 0.7908401 0.05365318 0.774795 0.06404352 0.7804587 0.1786262 0.8020486 0.1461874 0.7764013 0.2001371 0.7764013 0.2001371 0.8020486 0.1461874 0.7866752 0.2615774 0.8152555 0.007232308 0.8280798 0.01366442 0.8128673 0.02419203 0.7870996 0.03471523 0.791556 0.02860182 0.8002594 0.03773057 0.8002594 0.03773057 0.791556 0.02860182 0.7966251 0.02275854 0.8002594 0.03773057 0.7966251 0.02275854 0.8128673 0.02419203 0.8128673 0.02419203 0.7966251 0.02275854 0.8084802 0.01203894 0.8128673 0.02419203 0.8084802 0.01203894 0.8152555 0.007232308 0.7779561 0.1257816 0.775026 0.1110493 0.7852247 0.1080073 0.7852247 0.1080073 0.775026 0.1110493 0.7729135 0.09615093 0.7852247 0.1080073 0.7729135 0.09615093 0.7831445 0.08962458 0.7831445 0.08962458 0.7729135 0.09615093 0.772475 0.08759683 0.7831445 0.08962458 0.772475 0.08759683 0.7850457 0.07122248 0.7850457 0.07122248 0.772475 0.08759683 0.7726997 0.07890087 0.7850457 0.07122248 0.7726997 0.07890087 0.774795 0.06404352 0.7804587 0.1786262 0.7818995 0.1603415 0.8020486 0.1461874 0.8020486 0.1461874 0.7818995 0.1603415 0.7819002 0.1569407 0.8020486 0.1461874 0.7819002 0.1569407 0.8018864 0.1436409 0.8018864 0.1436409 0.7819002 0.1569407 0.7806116 0.140896 0.8018864 0.1436409 0.7806116 0.140896 0.8007635 0.1413496 0.8007635 0.1413496 0.7806116 0.140896 0.7911897 0.1255193 0.8152555 0.007232308 0.8224565 0.002943575 0.8280798 0.01366442 0.8280798 0.01366442 0.8224565 0.002943575 0.8254593 0.001378655 0.8280798 0.01366442 0.8254593 0.001378655 0.8285339 0.00242412 0.7576851 0.2551169 0.7687878 0.2263216 0.7866752 0.2615774 0.7866752 0.2615774 0.7687878 0.2263216 0.7728254 0.2136227 0.7866752 0.2615774 0.7728254 0.2136227 0.7764013 0.2001371 0.8285339 0.00242412 0.8307753 0.004907131 0.8280798 0.01366442 0.8280798 0.01366442 0.8307753 0.004907131 0.8314982 0.008173167 0.8280798 0.01366442 0.8314982 0.008173167 0.8305142 0.01137018 0.740783 0.3264854 0.7427213 0.3075 0.7592279 0.3126981 0.7592279 0.3126981 0.7427213 0.3075 0.7448999 0.2955331 0.7592279 0.3126981 0.7448999 0.2955331 0.7639706 0.2951781 0.7639706 0.2951781 0.7448999 0.2955331 0.7476384 0.2841818 0.7639706 0.2951781 0.7476384 0.2841818 0.7725673 0.2791926 0.7725673 0.2791926 0.7476384 0.2841818 0.7523735 0.2691043 0.7725673 0.2791926 0.7523735 0.2691043 0.7845692 0.2655765 0.7845692 0.2655765 0.7523735 0.2691043 0.7576851 0.2551169 0.7845692 0.2655765 0.7576851 0.2551169 0.7859781 0.2637643 0.7859781 0.2637643 0.7576851 0.2551169 0.7866752 0.2615774 0.471105 0.01350903 0.4751807 0.002804458 0.4785436 0.01673287 0.4785436 0.01673287 0.4751807 0.002804458 0.4836497 0.006480932 0.4785436 0.01673287 0.4836497 0.006480932 0.4856055 0.0206561 0.4856055 0.0206561 0.4836497 0.006480932 0.4916927 0.01095491 0.4856055 0.0206561 0.4916927 0.01095491 0.4922345 0.0252 0.4922345 0.0252 0.4916927 0.01095491 0.4992446 0.01613634 0.4922345 0.0252 0.4992446 0.01613634 0.4983739 0.03028547 0.4983739 0.03028547 0.4992446 0.01613634 0.5062407 0.02193486 0.1814 0.4880003 0.1946161 0.4821288 0.1814017 0.4948682 0.1814017 0.4948682 0.1946161 0.4821288 0.1946179 0.4899581 0.1814017 0.4948682 0.1946179 0.4899581 0.1814032 0.5019404 0.1814032 0.5019404 0.1946179 0.4899581 0.1946191 0.49802 0.1814032 0.5019404 0.1946191 0.49802 0.1814045 0.5091256 0.1814045 0.5091256 0.1946191 0.49802 0.1946198 0.5062098 0.1814045 0.5091256 0.1946198 0.5062098 0.1814055 0.5163328 0.1814055 0.5163328 0.1946198 0.5062098 0.1946201 0.5144232 0.5047957 0.1681563 0.5061021 0.160658 0.5062215 0.1684032 0.5062215 0.1684032 0.5061021 0.160658 0.5081592 0.1518079 0.5062215 0.1684032 0.5081592 0.1518079 0.5078518 0.1686223 0.5215554 0.1092541 0.5244961 0.1095926 0.5175226 0.1229193 0.5175226 0.1229193 0.5244961 0.1095926 0.5204758 0.1234276 0.5175226 0.1229193 0.5204758 0.1234276 0.5127143 0.1369025 0.5127143 0.1369025 0.5204758 0.1234276 0.5156784 0.1374644 0.5127143 0.1369025 0.5156784 0.1374644 0.5081592 0.1518079 0.5081592 0.1518079 0.5156784 0.1374644 0.5111287 0.1523227 0.5081592 0.1518079 0.5111287 0.1523227 0.5078518 0.1686223 0.1846994 0.6918947 0.1846997 0.6959155 0.1814012 0.6956327 0.1828993 0.6229901 0.1847011 0.623648 0.1847005 0.6323161 0.1814002 0.6584431 0.1814 0.6491401 0.1846995 0.6592012 0.5072715 0.205753 0.5038111 0.1962789 0.5037055 0.1924438 0.1828993 0.6229901 0.1847005 0.6323161 0.1829565 0.6311693 0.1829565 0.6311693 0.1847005 0.6323161 0.1847001 0.6406992 0.1829565 0.6311693 0.1847001 0.6406992 0.1830423 0.6409577 0.1814012 0.6956327 0.1814011 0.692366 0.1846994 0.6918947 0.1846994 0.6918947 0.1814011 0.692366 0.181401 0.6889455 0.1846994 0.6918947 0.181401 0.6889455 0.1846994 0.6779934 0.181401 0.6889455 0.1814006 0.6782982 0.1846994 0.6779934 0.1846994 0.6779934 0.1814006 0.6782982 0.1814005 0.6769078 0.1846994 0.6779934 0.1814005 0.6769078 0.1846995 0.6592012 0.1846995 0.6592012 0.1814005 0.6769078 0.1814002 0.6641723 0.1846995 0.6592012 0.1814002 0.6641723 0.1814002 0.6584431 0.5047957 0.1681563 0.5062215 0.1684032 0.5040674 0.1761834 0.5040674 0.1761834 0.5062215 0.1684032 0.5054385 0.1771302 0.1814004 0.6298825 0.1829565 0.6311693 0.1814003 0.6303051 0.1814003 0.6303051 0.1829565 0.6311693 0.1830423 0.6409577 0.1814003 0.6303051 0.1830423 0.6409577 0.1814001 0.6454226 0.1814001 0.6454226 0.1830423 0.6409577 0.1847001 0.6406992 0.1814001 0.6454226 0.1847001 0.6406992 0.1846995 0.6592012 0.4761168 0.6064787 0.4728173 0.6136227 0.4761173 0.5987238 0.4761173 0.5987238 0.4728173 0.6136227 0.4728185 0.5835368 0.4761173 0.5987238 0.4728185 0.5835368 0.4761176 0.584183 0.4761168 0.6064787 0.4761164 0.6144583 0.4728173 0.6136227 0.4728173 0.6136227 0.4761164 0.6144583 0.4761152 0.6301735 0.4728173 0.6136227 0.4761152 0.6301735 0.472816 0.6291638 0.472816 0.6291638 0.4761152 0.6301735 0.4728138 0.6457897 0.4728138 0.6457897 0.4761152 0.6301735 0.4761142 0.6396784 0.4728138 0.6457897 0.4761142 0.6396784 0.4761132 0.6467921 0.4761176 0.5598652 0.4728185 0.5591146 0.4761179 0.5487526 0.4761179 0.5487526 0.4728185 0.5591146 0.4728186 0.5479246 0.4761179 0.5487526 0.4728186 0.5479246 0.4761185 0.5358088 0.4761185 0.5358088 0.4728186 0.5479246 0.4728185 0.5348416 0.4761176 0.5598652 0.4761176 0.5656301 0.4728185 0.5591146 0.4728185 0.5591146 0.4761176 0.5656301 0.4761176 0.5715372 0.4728185 0.5591146 0.4761176 0.5715372 0.4728185 0.5835368 0.4728185 0.5835368 0.4761176 0.5715372 0.4761175 0.5783712 0.4728185 0.5835368 0.4761175 0.5783712 0.4761176 0.584183 0.8020675 0.8021891 0.8153193 0.8001192 0.8020712 0.8105252 0.8020712 0.8105252 0.8153193 0.8001192 0.8153238 0.8095067 0.8020712 0.8105252 0.8153238 0.8095067 0.8020719 0.8188939 0.8020719 0.8188939 0.8153238 0.8095067 0.8153249 0.8189534 0.8020719 0.8188939 0.8153249 0.8189534 0.8020698 0.8272208 0.8020698 0.8272208 0.8153249 0.8189534 0.8153228 0.8283723 0.8020698 0.8272208 0.8153228 0.8283723 0.8020648 0.8354319 0.8020648 0.8354319 0.8153228 0.8283723 0.8153176 0.8376762 0.8020648 0.8354319 0.8153176 0.8376762 0.8020573 0.8434532 0.8020573 0.8434532 0.8153176 0.8376762 0.8153092 0.846778 0.8020573 0.8434532 0.8153092 0.846778 0.8020469 0.8512102 0.8020469 0.8512102 0.8153092 0.846778 0.8152979 0.8555905 0.8020469 0.8512102 0.8152979 0.8555905 0.8020342 0.8586292 0.8020342 0.8586292 0.8152979 0.8555905 0.8152835 0.8640264 0.4633496 0.0110501 0.4663548 0 0.471105 0.01350903 0.471105 0.01350903 0.4663548 0 0.4751807 0.002804458 0.4761025 0.7087845 0.4728016 0.7080398 0.4761048 0.6924009 0.4761048 0.6924009 0.4728016 0.7080398 0.4728046 0.6915004 0.4761048 0.6924009 0.4728046 0.6915004 0.4761074 0.6770458 0.4761074 0.6770458 0.4728046 0.6915004 0.472808 0.676068 0.4761074 0.6770458 0.472808 0.676068 0.4761104 0.6620522 0.33765 0.255755 0.3318397 0.2714976 0.337318 0.2391315 0.33765 0.255755 0.337318 0.2391315 0.3391512 0.2468007 0.476112 0.6536722 0.4728138 0.6457897 0.4761132 0.6467921 0.1814033 0.7268594 0.1847015 0.7271333 0.1814041 0.741353 0.1814041 0.741353 0.1847015 0.7271333 0.1847027 0.7417182 0.1814041 0.741353 0.1847027 0.7417182 0.181405 0.7561467 0.181405 0.7561467 0.1847027 0.7417182 0.1847043 0.7566986 0.1814033 0.7268594 0.1814028 0.7194733 0.1847015 0.7271333 0.1847015 0.7271333 0.1814028 0.7194733 0.1814022 0.7118601 0.1847015 0.7271333 0.1814022 0.7118601 0.1846997 0.6959155 0.1846997 0.6959155 0.1814022 0.7118601 0.1814017 0.7030633 0.1846997 0.6959155 0.1814017 0.7030633 0.1814012 0.6956327 0.5244961 0.1095926 0.5215554 0.1092541 0.522089 0.1069263 0.5244961 0.1095926 0.522089 0.1069263 0.5333183 0.1106079 0.1814055 0.5163328 0.1946201 0.5144232 0.1814063 0.5228161 0.1814063 0.5228161 0.1946201 0.5144232 0.1946198 0.5218089 0.1814063 0.5228161 0.1946198 0.5218089 0.1814069 0.5292308 0.1814069 0.5292308 0.1946198 0.5218089 0.1946189 0.529106 0.1814069 0.5292308 0.1946189 0.529106 0.1814073 0.5418679 0.1814073 0.5418679 0.1946189 0.529106 0.1946167 0.5434125 0.1814073 0.5418679 0.1946167 0.5434125 0.1814075 0.5443632 0.1814075 0.5443632 0.1946167 0.5434125 0.1946161 0.546221 0.1814075 0.5443632 0.1946161 0.546221 0.1814073 0.5547477 0.1814073 0.5547477 0.1946161 0.546221 0.1946136 0.5578244 0.1814073 0.5547477 0.1946136 0.5578244 0.1814072 0.557654 0.1814072 0.557654 0.1946136 0.5578244 0.194613 0.5610416 0.1814072 0.557654 0.194613 0.5610416 0.1814064 0.5682055 0.1814064 0.5682055 0.194613 0.5610416 0.1946101 0.5725732 0.522089 0.1069263 0.5338439 0.1081147 0.5333183 0.1106079 0.8153193 0.8001192 0.8020675 0.8021891 0.8153115 0.7908751 0.8153115 0.7908751 0.8020675 0.8021891 0.8020637 0.7968392 0.8153115 0.7908751 0.8020637 0.7968392 0.8153006 0.7818458 0.3580847 0.06197094 0.347957 0.05633944 0.3618402 0.05510395 0.3618402 0.05510395 0.347957 0.05633944 0.3525404 0.0481438 0.3618402 0.05510395 0.3525404 0.0481438 0.3661404 0.04854279 0.3661404 0.04854279 0.3525404 0.0481438 0.357849 0.04031199 0.3661404 0.04854279 0.357849 0.04031199 0.3709635 0.04230946 0.3709635 0.04230946 0.357849 0.04031199 0.3638288 0.03291481 0.3709635 0.04230946 0.3638288 0.03291481 0.3762556 0.03647118 0.3762556 0.03647118 0.3638288 0.03291481 0.3704261 0.02602338 0.3762556 0.03647118 0.3704261 0.02602338 0.3820509 0.03100717 0.8020342 0.7749257 0.8152696 0.7647052 0.8152865 0.7730997 0.8020342 0.7749257 0.8152865 0.7730997 0.8020462 0.782076 0.8020462 0.782076 0.8152865 0.7730997 0.8153006 0.7818458 0.8020462 0.782076 0.8153006 0.7818458 0.8020562 0.789371 0.8020562 0.789371 0.8153006 0.7818458 0.8020637 0.7968392 0.347957 0.05633944 0.3580847 0.06197094 0.3441309 0.06482166 0.3441309 0.06482166 0.3580847 0.06197094 0.3539552 0.07151877 0.3441309 0.06482166 0.3539552 0.07151877 0.3433911 0.06670367 0.4761202 0.5168005 0.4761185 0.5358088 0.4728185 0.5348416 0.3433911 0.06670367 0.3539552 0.07151877 0.3410079 0.07348835 0.3410079 0.07348835 0.3539552 0.07151877 0.3517975 0.07780104 0.4629164 0.4853137 0.4761259 0.491952 0.4629159 0.4943014 0.4629159 0.4943014 0.4761259 0.491952 0.4761234 0.5003258 0.4629159 0.4943014 0.4761234 0.5003258 0.4629161 0.5013027 0.4629161 0.5013027 0.4761234 0.5003258 0.4761222 0.5068753 0.4629161 0.5013027 0.4761222 0.5068753 0.4629169 0.5118677 0.4629169 0.5118677 0.4761222 0.5068753 0.4761202 0.5168005 0.4629169 0.5118677 0.4761202 0.5168005 0.4629173 0.5171727 0.4629173 0.5171727 0.4761202 0.5168005 0.4728185 0.5348416 0.4629173 0.5171727 0.4728185 0.5348416 0.4629192 0.53194 0.3905556 0.4470455 0.3947268 0.4365867 0.4004875 0.4511791 0.4004875 0.4511791 0.3947268 0.4365867 0.4034715 0.4403055 0.4004875 0.4511791 0.4034715 0.4403055 0.4104802 0.4544523 0.4104802 0.4544523 0.4034715 0.4403055 0.4122221 0.4432564 0.4104802 0.4544523 0.4122221 0.4432564 0.4203512 0.4569368 0.4203512 0.4569368 0.4122221 0.4432564 0.4291014 0.4471824 0.8937559 0.8879739 0.8949474 0.874715 0.9034579 0.8880911 0.4440865 0.4490211 0.4614978 0.4600297 0.4474105 0.4603722 0.4440865 0.4490211 0.4474105 0.4603722 0.4291014 0.4471824 0.4291014 0.4471824 0.4474105 0.4603722 0.4299182 0.4587038 0.4291014 0.4471824 0.4299182 0.4587038 0.4203512 0.4569368 0.4628913 0.7873382 0.4761106 0.7848402 0.4628952 0.7978395 0.4628952 0.7978395 0.4761106 0.7848402 0.4761149 0.7944632 0.4628952 0.7978395 0.4761149 0.7944632 0.4628956 0.7986587 0.4628956 0.7986587 0.4761149 0.7944632 0.4761152 0.7952126 0.4628956 0.7986587 0.4761152 0.7952126 0.4629003 0.8081327 0.4761152 0.7952126 0.4761197 0.8032546 0.4629003 0.8081327 0.4629003 0.8081327 0.4761197 0.8032546 0.47612 0.8038669 0.4629003 0.8081327 0.47612 0.8038669 0.4629052 0.8160494 0.4629052 0.8160494 0.47612 0.8038669 0.4761244 0.8110806 0.4629052 0.8160494 0.4761244 0.8110806 0.4629065 0.8181259 0.4629065 0.8181259 0.4761244 0.8110806 0.4761259 0.8129699 0.011891 0.8937789 0.011891 0.9053126 7.77979e-4 0.8945519 0.4878863 0.7320167 0.4878863 0.7122093 0.4917736 0.7165449 0.354256 0.4219879 0.3599712 0.4114937 0.358646 0.4260432 0.358646 0.4260432 0.3599712 0.4114937 0.3663177 0.4175924 0.358646 0.4260432 0.3663177 0.4175924 0.3625994 0.4294047 0.3625994 0.4294047 0.3663177 0.4175924 0.3698611 0.4206424 0.3625994 0.4294047 0.3698611 0.4206424 0.3715003 0.4361 0.3947268 0.4365867 0.3905556 0.4470455 0.3872893 0.4327057 0.3872893 0.4327057 0.3905556 0.4470455 0.3821517 0.4427395 0.3872893 0.4327057 0.3821517 0.4427395 0.3861379 0.4320417 0.3861379 0.4320417 0.3821517 0.4427395 0.380854 0.4420036 0.3861379 0.4320417 0.380854 0.4420036 0.3800408 0.4282284 0.3800408 0.4282284 0.380854 0.4420036 0.3715003 0.4361 0.3800408 0.4282284 0.3715003 0.4361 0.373018 0.4231718 0.373018 0.4231718 0.3715003 0.4361 0.3698611 0.4206424 0.4629215 0.5568629 0.4629192 0.53194 0.4728185 0.5348416 0.4728185 0.5835368 0.4629216 0.5813588 0.4728185 0.5591146 0.4728185 0.5591146 0.4629216 0.5813588 0.4629215 0.5568629 0.4728185 0.5591146 0.4629215 0.5568629 0.4728186 0.5479246 0.4728186 0.5479246 0.4629215 0.5568629 0.4728185 0.5348416 0.5244961 0.1095926 0.5333183 0.1106079 0.5204758 0.1234276 0.5204758 0.1234276 0.5333183 0.1106079 0.5293353 0.1249523 0.5204758 0.1234276 0.5293353 0.1249523 0.5156784 0.1374644 0.5156784 0.1374644 0.5293353 0.1249523 0.5245705 0.1391503 0.5156784 0.1374644 0.5245705 0.1391503 0.5111287 0.1523227 0.5111287 0.1523227 0.5245705 0.1391503 0.5200374 0.1538673 0.5111287 0.1523227 0.5200374 0.1538673 0.5078518 0.1686223 0.5078518 0.1686223 0.5200374 0.1538673 0.5167489 0.1697686 0.4628938 0.7246611 0.4628995 0.7058053 0.4728016 0.7080398 0.4761055 0.7693706 0.4628883 0.7554497 0.4761025 0.7536488 0.4761025 0.7536488 0.4628883 0.7554497 0.4628885 0.7535399 0.4761025 0.7536488 0.4628885 0.7535399 0.4761018 0.7456672 0.4761018 0.7456672 0.4628885 0.7535399 0.4628894 0.7449586 0.4761018 0.7456672 0.4628894 0.7449586 0.4761013 0.7365565 0.4761013 0.7365565 0.4628894 0.7449586 0.4628912 0.7352035 0.4761013 0.7365565 0.4628912 0.7352035 0.4761013 0.7266589 0.4761013 0.7266589 0.4628912 0.7352035 0.4628938 0.7246611 0.4761013 0.7266589 0.4628938 0.7246611 0.4761016 0.7181493 0.4761016 0.7181493 0.4628938 0.7246611 0.4728016 0.7080398 0.4761016 0.7181493 0.4728016 0.7080398 0.4761025 0.7087845 0.4761106 0.7848402 0.4628913 0.7873382 0.4761078 0.7771311 0.4761078 0.7771311 0.4628913 0.7873382 0.462889 0.7767188 0.4761078 0.7771311 0.462889 0.7767188 0.4761055 0.7693706 0.4761055 0.7693706 0.462889 0.7767188 0.4628882 0.7660628 0.4761055 0.7693706 0.4628882 0.7660628 0.4628883 0.7554497 0.4629216 0.5813588 0.4728185 0.5835368 0.4728173 0.6136227 0.4629216 0.5813588 0.4728173 0.6136227 0.4629201 0.6111156 0.4629201 0.6111156 0.4728173 0.6136227 0.472816 0.6291638 0.4629201 0.6111156 0.472816 0.6291638 0.4629184 0.6270957 0.4629184 0.6270957 0.472816 0.6291638 0.4728138 0.6457897 0.4629184 0.6270957 0.4728138 0.6457897 0.462916 0.6428993 0.1945945 0.6970148 0.1846997 0.6959155 0.1846994 0.6918947 0.1945945 0.6970148 0.1846994 0.6918947 0.1945954 0.6796089 0.1945954 0.6796089 0.1846994 0.6918947 0.1846994 0.6779934 0.1945954 0.6796089 0.1846994 0.6779934 0.1945973 0.6614752 0.1945973 0.6614752 0.1846994 0.6779934 0.1846995 0.6592012 0.1945973 0.6614752 0.1846995 0.6592012 0.1945995 0.6436554 0.1945995 0.6436554 0.1846995 0.6592012 0.1847001 0.6406992 0.1945995 0.6436554 0.1847001 0.6406992 0.1946018 0.6271911 0.177091 0.7326536 0.177091 0.7129297 0.1813322 0.7206563 0.1946018 0.6271911 0.1847005 0.6323161 0.1847011 0.623648 0.4728016 0.7080398 0.4628995 0.7058053 0.4728046 0.6915004 0.4728046 0.6915004 0.4628995 0.7058053 0.4629046 0.6887985 0.4728046 0.6915004 0.4629046 0.6887985 0.472808 0.676068 0.472808 0.676068 0.4629046 0.6887985 0.462909 0.6731347 0.472808 0.676068 0.462909 0.6731347 0.4728138 0.6457897 0.4728138 0.6457897 0.462909 0.6731347 0.462916 0.6428993 0.1846997 0.6959155 0.1945945 0.6970148 0.1847015 0.7271333 0.1847015 0.7271333 0.1945945 0.6970148 0.1945959 0.7279551 0.1847015 0.7271333 0.1945959 0.7279551 0.1847027 0.7417182 0.1847027 0.7417182 0.1945959 0.7279551 0.1945986 0.7428137 0.1847027 0.7417182 0.1945986 0.7428137 0.1847043 0.7566986 0.1847043 0.7566986 0.1945986 0.7428137 0.1946023 0.758354 0.5320459 0.367977 0.5211799 0.3633333 0.5338439 0.3613188 0.5338439 0.3613188 0.5211799 0.3633333 0.5227234 0.3573593 0.1946146 0.8161029 0.1814041 0.8092438 0.1946129 0.8011 0.1814053 0.771736 0.181405 0.7561467 0.1847043 0.7566986 0.1814041 0.8092438 0.1814048 0.8020033 0.1946129 0.8011 0.1946129 0.8011 0.1814048 0.8020033 0.1814048 0.7956444 0.1946129 0.8011 0.1814048 0.7956444 0.1946112 0.7920408 0.1946112 0.7920408 0.1814048 0.7956444 0.1814053 0.787374 0.1946112 0.7920408 0.1814053 0.787374 0.1946085 0.7815908 0.1946085 0.7815908 0.1814053 0.787374 0.1814053 0.7777753 0.1946085 0.7815908 0.1814053 0.7777753 0.1946067 0.7750548 0.1946067 0.7750548 0.1814053 0.7777753 0.1814053 0.771736 0.1946067 0.7750548 0.1814053 0.771736 0.1946052 0.7698147 0.1946052 0.7698147 0.1814053 0.771736 0.1847043 0.7566986 0.1946052 0.7698147 0.1847043 0.7566986 0.1946023 0.758354 0.1291406 0.9115046 0.1385362 0.9115035 0.1408293 0.9247449 0.1408293 0.9247449 0.1317588 0.9247429 0.1291406 0.9115046 0.1291406 0.9115046 0.1317588 0.9247429 0.1269602 0.9247432 0.1291406 0.9115046 0.1269602 0.9247432 0.1175515 0.9115064 0.1175515 0.9115064 0.1269602 0.9247432 0.1220327 0.9247447 0.5211799 0.3633333 0.5320459 0.367977 0.5190895 0.3691844 0.5190895 0.3691844 0.5320459 0.367977 0.5296126 0.3745326 0.5190895 0.3691844 0.5296126 0.3745326 0.5166067 0.374449 0.5166067 0.374449 0.5296126 0.3745326 0.5267376 0.380459 0.1116066 0.924753 0.1063743 0.9115129 0.1170114 0.9247478 0.1170114 0.9247478 0.1063743 0.9115129 0.1175515 0.9115064 0.1170114 0.9247478 0.1175515 0.9115064 0.121459 0.9247452 0.121459 0.9247452 0.1175515 0.9115064 0.1220327 0.9247447 0.83157 0.8728086 0.851176 0.8734076 0.8315496 0.8803496 0.8315496 0.8803496 0.851176 0.8734076 0.8511551 0.8810313 0.8315496 0.8803496 0.8511551 0.8810313 0.8315263 0.8872883 0.8315263 0.8872883 0.8511551 0.8810313 0.8511317 0.8880468 0.2109115 0.4666168 0.2305145 0.4659002 0.210914 0.4737776 0.210914 0.4737776 0.2305145 0.4659002 0.2305167 0.4731421 0.210914 0.4737776 0.2305167 0.4731421 0.2109161 0.4813868 0.2109161 0.4813868 0.2305167 0.4731421 0.2305188 0.4808378 0.2109161 0.4813868 0.2305188 0.4808378 0.2109177 0.4893386 0.2109177 0.4893386 0.2305188 0.4808378 0.2305208 0.48888 0.2109177 0.4893386 0.2305208 0.48888 0.2109192 0.4975267 0.2109192 0.4975267 0.2305208 0.48888 0.2305224 0.4971615 0.2109192 0.4975267 0.2305224 0.4971615 0.2109201 0.5058451 0.2109201 0.5058451 0.2305224 0.4971615 0.2305237 0.5055751 0.2109201 0.5058451 0.2305237 0.5055751 0.2109208 0.5141879 0.2109208 0.5141879 0.2305237 0.5055751 0.2305248 0.5140134 0.8152662 0.8719988 0.83157 0.8728086 0.8152461 0.8794277 0.8152461 0.8794277 0.83157 0.8728086 0.8315496 0.8803496 0.8152461 0.8794277 0.8315496 0.8803496 0.8152236 0.8862628 0.8152236 0.8862628 0.8315496 0.8803496 0.8315263 0.8872883 0.1946121 0.4675854 0.2109115 0.4666168 0.1946142 0.4746364 0.1946142 0.4746364 0.2109115 0.4666168 0.210914 0.4737776 0.1946142 0.4746364 0.210914 0.4737776 0.1946161 0.4821288 0.1946161 0.4821288 0.210914 0.4737776 0.2109161 0.4813868 0.1946161 0.4821288 0.2109161 0.4813868 0.1946179 0.4899581 0.1946179 0.4899581 0.2109161 0.4813868 0.2109177 0.4893386 0.1946179 0.4899581 0.2109177 0.4893386 0.1946191 0.49802 0.1946191 0.49802 0.2109177 0.4893386 0.2109192 0.4975267 0.1946191 0.49802 0.2109192 0.4975267 0.1946198 0.5062098 0.1946198 0.5062098 0.2109192 0.4975267 0.2109201 0.5058451 0.1946198 0.5062098 0.2109201 0.5058451 0.1946201 0.5144232 0.1946201 0.5144232 0.2109201 0.5058451 0.2109208 0.5141879 0.4689954 0.01918327 0.471105 0.01350903 0.4785436 0.01673287 0.4689954 0.01918327 0.4785436 0.01673287 0.47762 0.02300757 0.47762 0.02300757 0.4785436 0.01673287 0.4856055 0.0206561 0.47762 0.02300757 0.4856055 0.0206561 0.4824884 0.02575647 0.4824884 0.02575647 0.4856055 0.0206561 0.4922345 0.0252 0.4824884 0.02575647 0.4922345 0.0252 0.4936697 0.03407597 0.4936697 0.03407597 0.4922345 0.0252 0.4983739 0.03028547 0.4936697 0.03407597 0.4983739 0.03028547 0.4943546 0.03469544 0.4943546 0.03469544 0.4983739 0.03028547 0.5039675 0.03583389 0.4943546 0.03469544 0.5039675 0.03583389 0.4995144 0.03988558 0.4995144 0.03988558 0.5039675 0.03583389 0.5089586 0.0417664 0.4995144 0.03988558 0.5089586 0.0417664 0.5040905 0.04544019 0.5040905 0.04544019 0.5089586 0.0417664 0.5132909 0.04800379 0.5040905 0.04544019 0.5132909 0.04800379 0.5064626 0.04878795 0.5064626 0.04878795 0.5132909 0.04800379 0.5169078 0.05446767 0.5064626 0.04878795 0.5169078 0.05446767 0.5113974 0.05726939 0.5241231 0.08155769 0.5179138 0.0758869 0.5239081 0.07902449 0.5239081 0.07902449 0.5179138 0.0758869 0.516294 0.06958043 0.5239081 0.07902449 0.516294 0.06958043 0.5215533 0.06655579 0.5215533 0.06655579 0.516294 0.06958043 0.515195 0.06621921 0.5215533 0.06655579 0.515195 0.06621921 0.5195326 0.06046134 0.5195326 0.06046134 0.515195 0.06621921 0.5113974 0.05726939 0.5195326 0.06046134 0.5113974 0.05726939 0.5169078 0.05446767 0.5195458 0.09534496 0.5193179 0.08527451 0.5241231 0.08155769 0.5241231 0.08155769 0.5193179 0.08527451 0.5189983 0.08229076 0.5241231 0.08155769 0.5189983 0.08229076 0.5179138 0.0758869 0.5241231 0.08155769 0.5241462 0.09234815 0.5195458 0.09534496 0.5195458 0.09534496 0.5241462 0.09234815 0.5239018 0.09543955 0.5195458 0.09534496 0.5239018 0.09543955 0.5185726 0.1047564 0.5185726 0.1047564 0.5239018 0.09543955 0.522089 0.1069263 0.5185726 0.1047564 0.522089 0.1069263 0.5178492 0.1085444 0.5178492 0.1085444 0.522089 0.1069263 0.5215554 0.1092541 0.5178492 0.1085444 0.5215554 0.1092541 0.5175226 0.1229193 0.5130056 0.1234409 0.5079446 0.1340963 0.502967 0.140154 0.502967 0.140154 0.5079446 0.1340963 0.5027925 0.1476346 0.502967 0.140154 0.5027925 0.1476346 0.4991231 0.1446741 0.4991231 0.1446741 0.5027925 0.1476346 0.4995283 0.1545669 0.4991231 0.1446741 0.4995283 0.1545669 0.49408 0.1496851 0.49408 0.1496851 0.4995283 0.1545669 0.4890872 0.1538454 0.4890872 0.1538454 0.4995283 0.1545669 0.4950016 0.1617969 0.4890872 0.1538454 0.4950016 0.1617969 0.4874131 0.1550905 0.5178492 0.1085444 0.5175226 0.1229193 0.5130056 0.1234409 0.5130056 0.1234409 0.5175226 0.1229193 0.5127143 0.1369025 0.5130056 0.1234409 0.5127143 0.1369025 0.5079446 0.1340963 0.5079446 0.1340963 0.5127143 0.1369025 0.5081592 0.1518079 0.5079446 0.1340963 0.5081592 0.1518079 0.5027925 0.1476346 0.5027925 0.1476346 0.5081592 0.1518079 0.5061021 0.160658 0.5027925 0.1476346 0.5061021 0.160658 0.4995283 0.1545669 0.4995283 0.1545669 0.5061021 0.160658 0.5047957 0.1681563 0.4995283 0.1545669 0.5047957 0.1681563 0.4950016 0.1617969 0.4765605 0.1616615 0.4858874 0.1616131 0.4932192 0.1672914 0.4858874 0.1616131 0.4765605 0.1616615 0.4826534 0.1582724 0.4588746 0.1679537 0.4722387 0.163655 0.4932192 0.1672914 0.4932192 0.1672914 0.4722387 0.163655 0.4762675 0.161807 0.4932192 0.1672914 0.4762675 0.161807 0.4765605 0.1616615 0.4826534 0.1582724 0.4874131 0.1550905 0.4858874 0.1616131 0.4858874 0.1616131 0.4874131 0.1550905 0.4950016 0.1617969 0.4858874 0.1616131 0.4950016 0.1617969 0.4932192 0.1672914 0.4932192 0.1672914 0.4950016 0.1617969 0.5047957 0.1681563 0.4259932 0.2341849 0.4271777 0.2437916 0.4062299 0.2432439 0.5088801 0.2397791 0.5095039 0.2429979 0.4985432 0.244282 0.4655598 0.2250006 0.4297586 0.2216234 0.4333283 0.2178997 0.4333283 0.2178997 0.4348762 0.2153631 0.4655598 0.2250006 0.4655598 0.2250006 0.4348762 0.2153631 0.4363936 0.2112275 0.4655598 0.2250006 0.4363936 0.2112275 0.4642999 0.2057518 0.4143949 0.2253201 0.4173683 0.2256704 0.4259932 0.2341849 0.4259932 0.2341849 0.4173683 0.2256704 0.4224707 0.2251644 0.4259932 0.2341849 0.4224707 0.2251644 0.4251034 0.2246293 0.4251034 0.2246293 0.4224707 0.2251644 0.4246177 0.2245118 0.38375 0.2056432 0.3993826 0.2091013 0.3994854 0.2098343 0.4020388 0.2167184 0.3841678 0.2237908 0.4004202 0.2133936 0.4004202 0.2133936 0.3841678 0.2237908 0.3421215 0.2219803 0.4004202 0.2133936 0.3421215 0.2219803 0.3994854 0.2098343 0.4020388 0.2167184 0.402059 0.2167512 0.3841678 0.2237908 0.3841678 0.2237908 0.402059 0.2167512 0.4042705 0.2196568 0.3841678 0.2237908 0.4042705 0.2196568 0.4069988 0.2220793 0.4069988 0.2220793 0.4070299 0.2221019 0.3841678 0.2237908 0.3841678 0.2237908 0.4070299 0.2221019 0.4102241 0.2239676 0.3841678 0.2237908 0.4102241 0.2239676 0.413702 0.2251682 0.4028395 0.1957918 0.4001609 0.2010613 0.3839218 0.1967461 0.3839218 0.1967461 0.4001609 0.2010613 0.38375 0.2056432 0.38375 0.2056432 0.4001609 0.2010613 0.3992617 0.2061336 0.38375 0.2056432 0.3992617 0.2061336 0.3993826 0.2091013 0.4166463 0.1880777 0.4151142 0.1882579 0.3844847 0.1879499 0.4188082 0.1880373 0.4166463 0.1880777 0.4241923 0.1870675 0.4241923 0.1870675 0.4166463 0.1880777 0.3844847 0.1879499 0.4241923 0.1870675 0.3844847 0.1879499 0.4246982 0.1778891 0.4151142 0.1882579 0.4115548 0.1891893 0.3844847 0.1879499 0.3844847 0.1879499 0.4115548 0.1891893 0.4089031 0.1904097 0.3844847 0.1879499 0.4089031 0.1904097 0.3839218 0.1967461 0.3839218 0.1967461 0.4089031 0.1904097 0.4042292 0.1940947 0.3839218 0.1967461 0.4042292 0.1940947 0.4028395 0.1957918 0.4363936 0.2112275 0.4368948 0.2075735 0.4642999 0.2057518 0.4642999 0.2057518 0.4368948 0.2075735 0.436526 0.2030766 0.4642999 0.2057518 0.436526 0.2030766 0.5037055 0.1924438 0.4332723 0.1957304 0.4313928 0.1935378 0.4636646 0.1866343 0.4636646 0.1866343 0.4313928 0.1935378 0.4291371 0.1916126 0.4636646 0.1866343 0.4291371 0.1916126 0.4241923 0.1870675 0.4241923 0.1870675 0.4291371 0.1916126 0.4246153 0.1891943 0.4241923 0.1870675 0.4246153 0.1891943 0.4188082 0.1880373 0.4836172 0.1865525 0.4636646 0.1866343 0.4829513 0.1771716 0.4829513 0.1771716 0.4636646 0.1866343 0.4630743 0.1772994 0.4829513 0.1771716 0.4630743 0.1772994 0.4932192 0.1672914 0.4932192 0.1672914 0.4630743 0.1772994 0.4588746 0.1679537 0.5037055 0.1924438 0.4933905 0.1767937 0.5040393 0.1766306 0.5040393 0.1766306 0.4933905 0.1767937 0.5040674 0.1761834 0.5047957 0.1681563 0.5040674 0.1761834 0.4932192 0.1672914 0.4932192 0.1672914 0.5040674 0.1761834 0.4933905 0.1767937 0.4932192 0.1672914 0.4933905 0.1767937 0.4829513 0.1771716 0.4829513 0.1771716 0.4933905 0.1767937 0.5037055 0.1924438 0.4829513 0.1771716 0.5037055 0.1924438 0.4836172 0.1865525 0.4836172 0.1865525 0.5037055 0.1924438 0.436526 0.2030766 0.4836172 0.1865525 0.436526 0.2030766 0.4636646 0.1866343 0.4636646 0.1866343 0.436526 0.2030766 0.4357366 0.2003139 0.4636646 0.1866343 0.4357366 0.2003139 0.4332723 0.1957304 0.4246177 0.2245118 0.4297586 0.2216234 0.4251034 0.2246293 0.4251034 0.2246293 0.4297586 0.2216234 0.4655598 0.2250006 0.4251034 0.2246293 0.4655598 0.2250006 0.4259932 0.2341849 0.4259932 0.2341849 0.4655598 0.2250006 0.4657145 0.2345541 0.4657145 0.2345541 0.4859517 0.2250161 0.4862036 0.2344724 0.4862036 0.2344724 0.4859517 0.2250161 0.4961891 0.2249971 0.4862036 0.2344724 0.4961891 0.2249971 0.4969884 0.2347092 0.4969884 0.2347092 0.4961891 0.2249971 0.5065594 0.225813 0.4969884 0.2347092 0.5065594 0.225813 0.5082669 0.2363972 0.5037055 0.1924438 0.5038111 0.1962789 0.4642999 0.2057518 0.4642999 0.2057518 0.5038111 0.1962789 0.5043432 0.2058 0.4642999 0.2057518 0.5043432 0.2058 0.4655598 0.2250006 0.4655598 0.2250006 0.5043432 0.2058 0.5048416 0.2116149 0.4657145 0.2345541 0.4655598 0.2250006 0.4859517 0.2250161 0.4859517 0.2250161 0.4655598 0.2250006 0.5048416 0.2116149 0.4859517 0.2250161 0.5048416 0.2116149 0.4961891 0.2249971 0.4961891 0.2249971 0.5048416 0.2116149 0.5063612 0.2244238 0.4961891 0.2249971 0.5063612 0.2244238 0.5065594 0.225813 0.3841678 0.2237908 0.3855706 0.2330101 0.3641772 0.2321542 0.3841678 0.2237908 0.3641772 0.2321542 0.3421215 0.2219803 0.3421215 0.2219803 0.3641772 0.2321542 0.3528372 0.2319747 0.3421215 0.2219803 0.3528372 0.2319747 0.3411456 0.2319672 0.4286828 0.1687221 0.3860007 0.1792579 0.3904137 0.1702213 0.3904137 0.1702213 0.3860007 0.1792579 0.3656901 0.1802815 0.3904137 0.1702213 0.3656901 0.1802815 0.3689724 0.1713529 0.3689724 0.1713529 0.3656901 0.1802815 0.3506005 0.1730536 0.3440711 0.1743035 0.3506005 0.1730536 0.3540691 0.1889272 0.3540691 0.1889272 0.3506005 0.1730536 0.3656901 0.1802815 0.3540691 0.1889272 0.3656901 0.1802815 0.3642554 0.1885809 0.3642554 0.1885809 0.3656901 0.1802815 0.3860007 0.1792579 0.4588746 0.1679537 0.4630743 0.1772994 0.4534799 0.1689663 0.4534799 0.1689663 0.4630743 0.1772994 0.4636646 0.1866343 0.4534799 0.1689663 0.4636646 0.1866343 0.4339896 0.1694457 0.4339896 0.1694457 0.4636646 0.1866343 0.4241923 0.1870675 0.4339896 0.1694457 0.4241923 0.1870675 0.4286828 0.1687221 0.4286828 0.1687221 0.4241923 0.1870675 0.4246982 0.1778891 0.4286828 0.1687221 0.4246982 0.1778891 0.3860007 0.1792579 0.3860007 0.1792579 0.4246982 0.1778891 0.3844847 0.1879499 0.3860007 0.1792579 0.3844847 0.1879499 0.3642554 0.1885809 0.3642554 0.1885809 0.3844847 0.1879499 0.3839218 0.1967461 0.3642554 0.1885809 0.3839218 0.1967461 0.3540691 0.1889272 0.3994854 0.2098343 0.3421215 0.2219803 0.38375 0.2056432 0.38375 0.2056432 0.3421215 0.2219803 0.3432434 0.2055827 0.38375 0.2056432 0.3432434 0.2055827 0.3839218 0.1967461 0.3839218 0.1967461 0.3432434 0.2055827 0.3436137 0.197303 0.3839218 0.1967461 0.3436137 0.197303 0.3540691 0.1889272 0.3540691 0.1889272 0.3436137 0.197303 0.3438623 0.1892824 0.3540691 0.1889272 0.3438623 0.1892824 0.3440711 0.1743035 0.4271777 0.2437916 0.4259932 0.2341849 0.4533278 0.2442678 0.4533278 0.2442678 0.4259932 0.2341849 0.4657145 0.2345541 0.4533278 0.2442678 0.4657145 0.2345541 0.4742819 0.2444278 0.4742819 0.2444278 0.4657145 0.2345541 0.4862036 0.2344724 0.4742819 0.2444278 0.4862036 0.2344724 0.4932847 0.2444657 0.4932847 0.2444657 0.4862036 0.2344724 0.4969884 0.2347092 0.4932847 0.2444657 0.4969884 0.2347092 0.4985432 0.244282 0.4985432 0.244282 0.4969884 0.2347092 0.5082669 0.2363972 0.4985432 0.244282 0.5082669 0.2363972 0.5088801 0.2397791 0.413702 0.2251682 0.4143949 0.2253201 0.3841678 0.2237908 0.3841678 0.2237908 0.4143949 0.2253201 0.4259932 0.2341849 0.3841678 0.2237908 0.4259932 0.2341849 0.3855706 0.2330101 0.3855706 0.2330101 0.4259932 0.2341849 0.4062299 0.2432439 0.3855706 0.2330101 0.4062299 0.2432439 0.3641772 0.2321542 0.3641772 0.2321542 0.4062299 0.2432439 0.3575803 0.2415307 0.3641772 0.2321542 0.3575803 0.2415307 0.3528372 0.2319747 0.3528372 0.2319747 0.3575803 0.2415307 0.3527253 0.2411906 0.3528372 0.2319747 0.3527253 0.2411906 0.3411456 0.2319672 0.3411456 0.2319672 0.3527253 0.2411906 0.3402497 0.2394803 0.397682 0.1560934 0.3979364 0.1585784 0.382569 0.1588031 0.4149925 0.1650629 0.4286828 0.1687221 0.3904137 0.1702213 0.397682 0.1560934 0.382569 0.1588031 0.390768 0.1507272 0.390768 0.1507272 0.382569 0.1588031 0.3680971 0.1591834 0.390768 0.1507272 0.3680971 0.1591834 0.3857098 0.1459076 0.397682 0.1560934 0.401182 0.1583709 0.3979364 0.1585784 0.3979364 0.1585784 0.401182 0.1583709 0.394032 0.1644061 0.3979364 0.1585784 0.394032 0.1644061 0.382569 0.1588031 0.382569 0.1588031 0.394032 0.1644061 0.3756586 0.1651973 0.382569 0.1588031 0.3756586 0.1651973 0.3680971 0.1591834 0.3680971 0.1591834 0.3756586 0.1651973 0.3662944 0.1658275 0.3680971 0.1591834 0.3662944 0.1658275 0.3571702 0.1668758 0.3571702 0.1668758 0.3662944 0.1658275 0.3539975 0.1688991 0.3440711 0.1743035 0.3539975 0.1688991 0.3506005 0.1730536 0.3506005 0.1730536 0.3539975 0.1688991 0.3662944 0.1658275 0.3506005 0.1730536 0.3662944 0.1658275 0.3689724 0.1713529 0.3689724 0.1713529 0.3662944 0.1658275 0.3756586 0.1651973 0.3689724 0.1713529 0.3756586 0.1651973 0.3904137 0.1702213 0.3904137 0.1702213 0.3756586 0.1651973 0.394032 0.1644061 0.3904137 0.1702213 0.394032 0.1644061 0.4149925 0.1650629 0.4149925 0.1650629 0.394032 0.1644061 0.401182 0.1583709 0.3533111 0.1554602 0.3439837 0.1613392 0.343909 0.1552912 0.3539975 0.1688991 0.3440711 0.1743035 0.3440507 0.1683407 0.3831461 0.1431009 0.3857098 0.1459076 0.3680971 0.1591834 0.3681504 0.1169558 0.3722979 0.1269015 0.3595906 0.1305918 0.3595906 0.1305918 0.3722979 0.1269015 0.3751969 0.1321695 0.3595906 0.1305918 0.3751969 0.1321695 0.3602906 0.1404485 0.3602906 0.1404485 0.3751969 0.1321695 0.3772562 0.1354079 0.3602906 0.1404485 0.3772562 0.1354079 0.3610719 0.1451459 0.3610719 0.1451459 0.3772562 0.1354079 0.3795825 0.1386876 0.382297 0.1421077 0.3654905 0.1535048 0.3625147 0.1496409 0.3625147 0.1496409 0.3654905 0.1535048 0.3551806 0.1605138 0.343909 0.1552912 0.3625147 0.1496409 0.3533111 0.1554602 0.3533111 0.1554602 0.3625147 0.1496409 0.3551806 0.1605138 0.3533111 0.1554602 0.3551806 0.1605138 0.3439837 0.1613392 0.3439837 0.1613392 0.3551806 0.1605138 0.3497108 0.1643013 0.3439837 0.1613392 0.3497108 0.1643013 0.3440507 0.1683407 0.3440507 0.1683407 0.3497108 0.1643013 0.3539975 0.1688991 0.3539975 0.1688991 0.3497108 0.1643013 0.3551806 0.1605138 0.3539975 0.1688991 0.3551806 0.1605138 0.3571702 0.1668758 0.3571702 0.1668758 0.3551806 0.1605138 0.3654905 0.1535048 0.3571702 0.1668758 0.3654905 0.1535048 0.3680971 0.1591834 0.3680971 0.1591834 0.3654905 0.1535048 0.382297 0.1421077 0.3680971 0.1591834 0.382297 0.1421077 0.3831461 0.1431009 0.3443299 0.1245729 0.3681504 0.1169558 0.3438791 0.1379685 0.3438791 0.1379685 0.3681504 0.1169558 0.3595906 0.1305918 0.3438791 0.1379685 0.3595906 0.1305918 0.3438487 0.149386 0.3438487 0.149386 0.3595906 0.1305918 0.3602906 0.1404485 0.3438487 0.149386 0.3602906 0.1404485 0.343909 0.1552912 0.343909 0.1552912 0.3602906 0.1404485 0.3610719 0.1451459 0.343909 0.1552912 0.3610719 0.1451459 0.3625147 0.1496409 0.3625147 0.1496409 0.3610719 0.1451459 0.3795825 0.1386876 0.3625147 0.1496409 0.3795825 0.1386876 0.382297 0.1421077 0.3681504 0.1169558 0.3443299 0.1245729 0.3460847 0.1046465 0.3681504 0.1169558 0.3460847 0.1046465 0.3658191 0.1085132 0.3658191 0.1085132 0.3460847 0.1046465 0.3477699 0.09406274 0.3658191 0.1085132 0.3477699 0.09406274 0.3640782 0.09374612 0.3640782 0.09374612 0.3477699 0.09406274 0.3641169 0.08909147 0.3641169 0.08909147 0.3477699 0.09406274 0.3492796 0.08698594 0.3641169 0.08909147 0.3492796 0.08698594 0.3650205 0.07988011 0.3492796 0.08698594 0.3517975 0.07780104 0.3650205 0.07988011 0.3650205 0.07988011 0.3517975 0.07780104 0.3539552 0.07151877 0.3650205 0.07988011 0.3539552 0.07151877 0.3672982 0.06985658 0.3672982 0.06985658 0.3539552 0.07151877 0.3580847 0.06197094 0.3672982 0.06985658 0.3580847 0.06197094 0.3686506 0.06574022 0.3947219 0.0216552 0.3958193 0.02936226 0.3882448 0.02603816 0.3882448 0.02603816 0.3958193 0.02936226 0.3897762 0.03428143 0.3882448 0.02603816 0.3897762 0.03428143 0.3820509 0.03100717 0.3820509 0.03100717 0.3897762 0.03428143 0.3872172 0.03669399 0.3820509 0.03100717 0.3872172 0.03669399 0.3762556 0.03647118 0.3762556 0.03647118 0.3872172 0.03669399 0.3793517 0.04575252 0.3762556 0.03647118 0.3793517 0.04575252 0.3709635 0.04230946 0.3709635 0.04230946 0.3793517 0.04575252 0.375163 0.05201715 0.3709635 0.04230946 0.375163 0.05201715 0.3661404 0.04854279 0.3661404 0.04854279 0.375163 0.05201715 0.3715193 0.05882841 0.3661404 0.04854279 0.3715193 0.05882841 0.3618402 0.05510395 0.3618402 0.05510395 0.3715193 0.05882841 0.3686506 0.06574022 0.3618402 0.05510395 0.3686506 0.06574022 0.3580847 0.06197094 0.406464 0.01552301 0.4092167 0.0214591 0.4015085 0.01784455 0.4015085 0.01784455 0.4092167 0.0214591 0.4027035 0.02485013 0.4015085 0.01784455 0.4027035 0.02485013 0.3947219 0.0216552 0.3947219 0.0216552 0.4027035 0.02485013 0.4023264 0.02507108 0.3947219 0.0216552 0.4023264 0.02507108 0.3958193 0.02936226 0.4389204 0.008330225 0.4314554 0.01498383 0.4306424 0.008971691 0.4306424 0.008971691 0.4314554 0.01498383 0.4238582 0.01639437 0.4306424 0.008971691 0.4238582 0.01639437 0.4224231 0.01038515 0.4224231 0.01038515 0.4238582 0.01639437 0.4206486 0.01722961 0.4224231 0.01038515 0.4206486 0.01722961 0.4143384 0.0125693 0.4143384 0.0125693 0.4206486 0.01722961 0.4092167 0.0214591 0.4143384 0.0125693 0.4092167 0.0214591 0.406464 0.01552301 0.4468024 0.01444637 0.4399251 0.01431125 0.4389204 0.008330225 0.4389204 0.008330225 0.4399251 0.01431125 0.4391319 0.01433479 0.4389204 0.008330225 0.4391319 0.01433479 0.4314554 0.01498383 0.4389204 0.008330225 0.4471815 0.008461833 0.4468024 0.01444637 0.4468024 0.01444637 0.4471815 0.008461833 0.4553499 0.009368121 0.4468024 0.01444637 0.4553499 0.009368121 0.4593219 0.0162785 0.4553499 0.009368121 0.4633496 0.0110501 0.4593219 0.0162785 0.4593219 0.0162785 0.4633496 0.0110501 0.471105 0.01350903 0.4593219 0.0162785 0.471105 0.01350903 0.4689954 0.01918327 0.8316298 0.8093954 0.8316254 0.799873 0.8512331 0.7996914 0.851176 0.8734076 0.83157 0.8728086 0.8511939 0.8652273 0.8511939 0.8652273 0.83157 0.8728086 0.8315878 0.8647167 0.8511939 0.8652273 0.8315878 0.8647167 0.851209 0.8565725 0.851209 0.8565725 0.8315878 0.8647167 0.8316025 0.8561549 0.851209 0.8565725 0.8316025 0.8561549 0.851221 0.8475327 0.851221 0.8475327 0.8316025 0.8561549 0.8316142 0.8472117 0.851221 0.8475327 0.8316142 0.8472117 0.851224 0.8447965 0.851224 0.8447965 0.8316142 0.8472117 0.8316229 0.8379757 0.8316285 0.8285353 0.8512354 0.8287713 0.8316229 0.8379757 0.8316229 0.8379757 0.8512354 0.8287713 0.8512297 0.8381974 0.8316229 0.8379757 0.8512297 0.8381974 0.851224 0.8447965 0.8316307 0.818979 0.8512378 0.8205076 0.8316285 0.8285353 0.8316285 0.8285353 0.8512378 0.8205076 0.8512354 0.828656 0.8316285 0.8285353 0.8512354 0.828656 0.8512354 0.8287713 0.8512331 0.7996914 0.8512372 0.8093135 0.8316298 0.8093954 0.8316298 0.8093954 0.8512372 0.8093135 0.8512377 0.812214 0.8316298 0.8093954 0.8512377 0.812214 0.8316307 0.818979 0.8316307 0.818979 0.8512377 0.812214 0.851238 0.8189983 0.8316307 0.818979 0.851238 0.8189983 0.8512378 0.8205076 0.8153193 0.8001192 0.8316254 0.799873 0.8153238 0.8095067 0.8153238 0.8095067 0.8316254 0.799873 0.8316298 0.8093954 0.8153238 0.8095067 0.8316298 0.8093954 0.8153249 0.8189534 0.8153249 0.8189534 0.8316298 0.8093954 0.8316307 0.818979 0.8153249 0.8189534 0.8316307 0.818979 0.8153228 0.8283723 0.8153228 0.8283723 0.8316307 0.818979 0.8316285 0.8285353 0.8153228 0.8283723 0.8316285 0.8285353 0.8153176 0.8376762 0.8153176 0.8376762 0.8316285 0.8285353 0.8316229 0.8379757 0.8153176 0.8376762 0.8316229 0.8379757 0.8153092 0.846778 0.8153092 0.846778 0.8316229 0.8379757 0.8316142 0.8472117 0.8153092 0.846778 0.8316142 0.8472117 0.8152979 0.8555905 0.8152979 0.8555905 0.8316142 0.8472117 0.8316025 0.8561549 0.8152979 0.8555905 0.8316025 0.8561549 0.8152835 0.8640264 0.8152835 0.8640264 0.8316025 0.8561549 0.8315878 0.8647167 0.8152835 0.8640264 0.8315878 0.8647167 0.8152662 0.8719988 0.8152662 0.8719988 0.8315878 0.8647167 0.83157 0.8728086 0.5169724 0.3039745 0.5232152 0.3020129 0.5249122 0.3177384 0.5169724 0.3039745 0.5249122 0.3177384 0.5209782 0.3226945 0.5209782 0.3226945 0.5249122 0.3177384 0.5252209 0.3239298 0.5209782 0.3226945 0.5252209 0.3239298 0.5211675 0.3335753 0.5211675 0.3335753 0.5252209 0.3239298 0.5252777 0.3338935 0.5211675 0.3335753 0.5252777 0.3338935 0.5202327 0.3421764 0.5202327 0.3421764 0.5252777 0.3338935 0.524833 0.3426191 0.5202327 0.3421764 0.524833 0.3426191 0.5190078 0.3481284 0.5190078 0.3481284 0.524833 0.3426191 0.5241032 0.3494384 0.5190078 0.3481284 0.5241032 0.3494384 0.514804 0.3605457 0.514804 0.3605457 0.5241032 0.3494384 0.5227234 0.3573593 0.514804 0.3605457 0.5227234 0.3573593 0.5211799 0.3633333 0.514804 0.3605457 0.5211799 0.3633333 0.5146658 0.360861 0.5146658 0.360861 0.5211799 0.3633333 0.5190895 0.3691844 0.5146658 0.360861 0.5190895 0.3691844 0.5096114 0.3704525 0.5103084 0.3839156 0.5041086 0.3782261 0.5106877 0.3834453 0.5106877 0.3834453 0.5041086 0.3782261 0.5046271 0.377574 0.5106877 0.3834453 0.5046271 0.377574 0.5135051 0.3796095 0.5135051 0.3796095 0.5046271 0.377574 0.5096114 0.3704525 0.5135051 0.3796095 0.5096114 0.3704525 0.5166067 0.374449 0.5166067 0.374449 0.5096114 0.3704525 0.5190895 0.3691844 0.5041086 0.3782261 0.5103084 0.3839156 0.5069142 0.3877427 0.5041086 0.3782261 0.5069142 0.3877427 0.5012507 0.3815806 0.5012507 0.3815806 0.5069142 0.3877427 0.5033952 0.3911392 0.5012507 0.3815806 0.5033952 0.3911392 0.4982733 0.3847028 0.4982733 0.3847028 0.5033952 0.3911392 0.496275 0.3968337 0.4982733 0.3847028 0.496275 0.3968337 0.4920856 0.3902187 0.4907474 0.3912655 0.4920856 0.3902187 0.496275 0.3968337 0.4907474 0.3912655 0.496275 0.3968337 0.485936 0.3946645 0.496275 0.3968337 0.4894868 0.4014286 0.485936 0.3946645 0.485936 0.3946645 0.4894868 0.4014286 0.483392 0.4055241 0.485936 0.3946645 0.483392 0.4055241 0.4801437 0.3980885 0.4801437 0.3980885 0.483392 0.4055241 0.4783074 0.409763 0.4801437 0.3980885 0.4783074 0.409763 0.4746803 0.4007382 0.4745498 0.4147881 0.4699648 0.402621 0.4783074 0.409763 0.4783074 0.409763 0.4699648 0.402621 0.4738988 0.4010751 0.4783074 0.409763 0.4738988 0.4010751 0.4746803 0.4007382 0.4702786 0.443202 0.4699419 0.4446187 0.4680079 0.4204602 0.4645397 0.4039989 0.4651628 0.4038407 0.4642238 0.4129711 0.4699648 0.402621 0.4745498 0.4147881 0.4723022 0.4210041 0.4645397 0.4039989 0.4642238 0.4129711 0.4604608 0.405035 0.4535204 0.4066142 0.4551401 0.4063864 0.4547391 0.4282301 0.4547391 0.4282301 0.4551401 0.4063864 0.4627265 0.449049 0.4547391 0.4282301 0.4627265 0.449049 0.4558991 0.4494286 0.4723022 0.4210041 0.4712128 0.4278637 0.4680079 0.4204602 0.4680079 0.4204602 0.4712128 0.4278637 0.4705686 0.4403963 0.4680079 0.4204602 0.4705686 0.4403963 0.4702786 0.443202 0.4699648 0.402621 0.4723022 0.4210041 0.4651628 0.4038407 0.4651628 0.4038407 0.4723022 0.4210041 0.4680079 0.4204602 0.4651628 0.4038407 0.4680079 0.4204602 0.4642238 0.4129711 0.4642238 0.4129711 0.4680079 0.4204602 0.4699419 0.4446187 0.4642238 0.4129711 0.4699419 0.4446187 0.4695798 0.445518 0.4695798 0.445518 0.4682044 0.4472215 0.4642238 0.4129711 0.4642238 0.4129711 0.4682044 0.4472215 0.4593451 0.4055895 0.4642238 0.4129711 0.4593451 0.4055895 0.4604608 0.405035 0.4604608 0.405035 0.4593451 0.4055895 0.4574478 0.4058002 0.4551401 0.4063864 0.4572019 0.4058627 0.4627265 0.449049 0.4627265 0.449049 0.4572019 0.4058627 0.4574478 0.4058002 0.4627265 0.449049 0.4574478 0.4058002 0.463647 0.4489129 0.463647 0.4489129 0.4574478 0.4058002 0.4593451 0.4055895 0.463647 0.4489129 0.4593451 0.4055895 0.4672281 0.4478426 0.4672281 0.4478426 0.4593451 0.4055895 0.4682044 0.4472215 0.4452263 0.4072435 0.4535204 0.4066142 0.4440865 0.4490211 0.4440865 0.4490211 0.4535204 0.4066142 0.4547391 0.4282301 0.4440865 0.4490211 0.4547391 0.4282301 0.4558991 0.4494286 0.4452263 0.4072435 0.4440865 0.4490211 0.4356498 0.4068657 0.4356498 0.4068657 0.4440865 0.4490211 0.4291014 0.4471824 0.4356498 0.4068657 0.4291014 0.4471824 0.4347899 0.4067738 0.4347899 0.4067738 0.4291014 0.4471824 0.4122221 0.4432564 0.4347899 0.4067738 0.4122221 0.4432564 0.4232239 0.4045739 0.4232239 0.4045739 0.4122221 0.4432564 0.4034715 0.4403055 0.4232239 0.4045739 0.4034715 0.4403055 0.4172778 0.4027099 0.3947268 0.4365867 0.4113627 0.4003137 0.4034715 0.4403055 0.4034715 0.4403055 0.4113627 0.4003137 0.4166526 0.402483 0.4034715 0.4403055 0.4166526 0.402483 0.4172778 0.4027099 0.3947268 0.4365867 0.3872893 0.4327057 0.4113627 0.4003137 0.4113627 0.4003137 0.3872893 0.4327057 0.405546 0.3973749 0.3872893 0.4327057 0.3861379 0.4320417 0.405546 0.3973749 0.405546 0.3973749 0.3861379 0.4320417 0.3800408 0.4282284 0.405546 0.3973749 0.3800408 0.4282284 0.3993422 0.3935135 0.3993422 0.3935135 0.3800408 0.4282284 0.373018 0.4231718 0.3993422 0.3935135 0.373018 0.4231718 0.394509 0.3898958 0.373018 0.4231718 0.3698611 0.4206424 0.394509 0.3898958 0.394509 0.3898958 0.3698611 0.4206424 0.3663177 0.4175924 0.394509 0.3898958 0.3663177 0.4175924 0.3894501 0.3854155 0.3894501 0.3854155 0.3663177 0.4175924 0.3848062 0.3805209 0.3848062 0.3805209 0.3663177 0.4175924 0.3599712 0.4114937 0.3848062 0.3805209 0.3599712 0.4114937 0.3847881 0.3805001 0.3492162 0.3986738 0.3805812 0.3752109 0.3540852 0.4049462 0.3540852 0.4049462 0.3805812 0.3752109 0.3847881 0.3805001 0.3540852 0.4049462 0.3847881 0.3805001 0.3554603 0.4065657 0.3554603 0.4065657 0.3847881 0.3805001 0.3599712 0.4114937 0.3492162 0.3986738 0.3488302 0.3981351 0.3805812 0.3752109 0.3805812 0.3752109 0.3488302 0.3981351 0.344145 0.3909694 0.3805812 0.3752109 0.344145 0.3909694 0.3768631 0.3695996 0.3768631 0.3695996 0.344145 0.3909694 0.3437445 0.3902932 0.3768631 0.3695996 0.3437445 0.3902932 0.3739581 0.3643215 0.3739581 0.3643215 0.3437445 0.3902932 0.3391463 0.381484 0.3739581 0.3643215 0.3391463 0.381484 0.3736647 0.3637298 0.3736647 0.3637298 0.3391463 0.381484 0.3361806 0.3742594 0.3736647 0.3637298 0.3361806 0.3742594 0.3709936 0.3576365 0.3709936 0.3576365 0.3361806 0.3742594 0.3337805 0.3668503 0.3709936 0.3576365 0.3337805 0.3668503 0.3688518 0.351333 0.3688518 0.351333 0.3337805 0.3668503 0.3304749 0.3514775 0.3688518 0.351333 0.3304749 0.3514775 0.3674793 0.3459333 0.3674793 0.3459333 0.3304749 0.3514775 0.3294935 0.3435108 0.3674793 0.3459333 0.3294935 0.3435108 0.3662162 0.3382548 0.3662162 0.3382548 0.3294935 0.3435108 0.3288761 0.3342999 0.3662162 0.3382548 0.3288761 0.3342999 0.3657771 0.3265116 0.3298011 0.3055683 0.3675957 0.3125084 0.3290631 0.315356 0.3290631 0.315356 0.3675957 0.3125084 0.3657771 0.3265116 0.3290631 0.315356 0.3657771 0.3265116 0.3287544 0.3241655 0.3287544 0.3241655 0.3657771 0.3265116 0.3288761 0.3342999 0.3646466 0.2649071 0.3603605 0.2698911 0.3491009 0.2628691 0.3689584 0.3072767 0.3675957 0.3125084 0.3525604 0.2951825 0.3556088 0.2820001 0.3755163 0.2916981 0.3709698 0.3013953 0.3755163 0.2916981 0.3556088 0.2820001 0.3768232 0.2894372 0.3768232 0.2894372 0.3556088 0.2820001 0.3576242 0.2757577 0.3768232 0.2894372 0.3576242 0.2757577 0.378109 0.2873705 0.378109 0.2873705 0.3576242 0.2757577 0.3603605 0.2698911 0.378109 0.2873705 0.3603605 0.2698911 0.3810349 0.2831416 0.3810349 0.2831416 0.3603605 0.2698911 0.3646466 0.2649071 0.3810349 0.2831416 0.3646466 0.2649071 0.3845092 0.2787932 0.3845092 0.2787932 0.3646466 0.2649071 0.3711541 0.2603343 0.3845092 0.2787932 0.3711541 0.2603343 0.3887354 0.2742546 0.3491009 0.2628691 0.3603605 0.2698911 0.3469496 0.2697874 0.3469496 0.2697874 0.3603605 0.2698911 0.3576242 0.2757577 0.3469496 0.2697874 0.3576242 0.2757577 0.3451892 0.2769208 0.3451892 0.2769208 0.3576242 0.2757577 0.3556088 0.2820001 0.3451892 0.2769208 0.3556088 0.2820001 0.3525604 0.2951825 0.3525604 0.2951825 0.3556088 0.2820001 0.3709698 0.3013953 0.3525604 0.2951825 0.3709698 0.3013953 0.3689584 0.3072767 0.3433874 0.2593178 0.3458985 0.2518081 0.3524152 0.2564535 0.3686795 0.2584211 0.3524152 0.2564535 0.3548155 0.2481117 0.3548155 0.2481117 0.3524152 0.2564535 0.3458985 0.2518081 0.3548155 0.2481117 0.3458985 0.2518081 0.349261 0.2444515 0.3402497 0.2394803 0.349261 0.2444515 0.3391512 0.2468007 0.3391512 0.2468007 0.349261 0.2444515 0.3458985 0.2518081 0.3391512 0.2468007 0.3458985 0.2518081 0.33765 0.255755 0.33765 0.255755 0.3458985 0.2518081 0.3433874 0.2593178 0.33765 0.255755 0.3433874 0.2593178 0.334742 0.2718279 0.3675957 0.3125084 0.3298011 0.3055683 0.3525604 0.2951825 0.3525604 0.2951825 0.3298011 0.3055683 0.3319677 0.2882409 0.3525604 0.2951825 0.3319677 0.2882409 0.3451892 0.2769208 0.3451892 0.2769208 0.3319677 0.2882409 0.334742 0.2718279 0.3451892 0.2769208 0.334742 0.2718279 0.3469496 0.2697874 0.3469496 0.2697874 0.334742 0.2718279 0.3433874 0.2593178 0.3469496 0.2697874 0.3433874 0.2593178 0.3491009 0.2628691 0.3491009 0.2628691 0.3433874 0.2593178 0.3524152 0.2564535 0.3491009 0.2628691 0.3524152 0.2564535 0.3646466 0.2649071 0.3646466 0.2649071 0.3524152 0.2564535 0.3686795 0.2584211 0.3646466 0.2649071 0.3686795 0.2584211 0.3711541 0.2603343 0.480576 0.2521697 0.4631524 0.2516914 0.4643026 0.2480242 0.501649 0.2482239 0.4956566 0.2534802 0.4892023 0.2522295 0.3575803 0.2415307 0.369798 0.2457102 0.3591086 0.2451681 0.3711541 0.2603343 0.3686795 0.2584211 0.3826705 0.2577762 0.4223088 0.2546497 0.4043636 0.2622703 0.3976917 0.2573991 0.3976917 0.2573991 0.4043636 0.2622703 0.3941299 0.269384 0.3976917 0.2573991 0.3941299 0.269384 0.3826705 0.2577762 0.3826705 0.2577762 0.3941299 0.269384 0.3888775 0.2741141 0.3826705 0.2577762 0.3888775 0.2741141 0.3711541 0.2603343 0.3711541 0.2603343 0.3888775 0.2741141 0.3887354 0.2742546 0.4790658 0.2603171 0.4759222 0.2587889 0.480576 0.2521697 0.480576 0.2521697 0.4759222 0.2587889 0.4623773 0.2540341 0.480576 0.2521697 0.4623773 0.2540341 0.4631524 0.2516914 0.349261 0.2444515 0.3402497 0.2394803 0.3591086 0.2451681 0.3591086 0.2451681 0.3402497 0.2394803 0.3527253 0.2411906 0.3591086 0.2451681 0.3527253 0.2411906 0.3575803 0.2415307 0.4271777 0.2437916 0.3926346 0.2500005 0.4062299 0.2432439 0.4062299 0.2432439 0.3926346 0.2500005 0.374298 0.2497232 0.3548155 0.2481117 0.349261 0.2444515 0.3649624 0.2494464 0.3649624 0.2494464 0.349261 0.2444515 0.3591086 0.2451681 0.3649624 0.2494464 0.3591086 0.2451681 0.374298 0.2497232 0.374298 0.2497232 0.3591086 0.2451681 0.369798 0.2457102 0.374298 0.2497232 0.369798 0.2457102 0.4062299 0.2432439 0.4062299 0.2432439 0.369798 0.2457102 0.3575803 0.2415307 0.505343 0.2455227 0.501649 0.2482239 0.4935289 0.248101 0.4935289 0.248101 0.501649 0.2482239 0.4892023 0.2522295 0.4935289 0.248101 0.4892023 0.2522295 0.4837112 0.2482557 0.4643026 0.2480242 0.4837112 0.2482557 0.480576 0.2521697 0.480576 0.2521697 0.4837112 0.2482557 0.4892023 0.2522295 0.480576 0.2521697 0.4892023 0.2522295 0.4790658 0.2603171 0.4790658 0.2603171 0.4892023 0.2522295 0.4956566 0.2534802 0.4790658 0.2603171 0.4956566 0.2534802 0.4792801 0.2604277 0.4792801 0.2604277 0.4956566 0.2534802 0.4951937 0.253926 0.4792801 0.2604277 0.4951937 0.253926 0.485527 0.2640417 0.5095039 0.2429979 0.505343 0.2455227 0.4985432 0.244282 0.4985432 0.244282 0.505343 0.2455227 0.4935289 0.248101 0.4985432 0.244282 0.4935289 0.248101 0.4932847 0.2444657 0.4932847 0.2444657 0.4935289 0.248101 0.4837112 0.2482557 0.4932847 0.2444657 0.4837112 0.2482557 0.4742819 0.2444278 0.4742819 0.2444278 0.4837112 0.2482557 0.4643026 0.2480242 0.4742819 0.2444278 0.4643026 0.2480242 0.4533278 0.2442678 0.4533278 0.2442678 0.4643026 0.2480242 0.4631524 0.2516914 0.4533278 0.2442678 0.4631524 0.2516914 0.4271777 0.2437916 0.4271777 0.2437916 0.4631524 0.2516914 0.4282357 0.2508361 0.4271777 0.2437916 0.4282357 0.2508361 0.3926346 0.2500005 0.4623773 0.2540341 0.4609821 0.2536985 0.4631524 0.2516914 0.4631524 0.2516914 0.4609821 0.2536985 0.4415854 0.2517313 0.4631524 0.2516914 0.4415854 0.2517313 0.4282357 0.2508361 0.4282357 0.2508361 0.4415854 0.2517313 0.4223088 0.2546497 0.4282357 0.2508361 0.4223088 0.2546497 0.3926346 0.2500005 0.3926346 0.2500005 0.4223088 0.2546497 0.3976917 0.2573991 0.3926346 0.2500005 0.3976917 0.2573991 0.374298 0.2497232 0.374298 0.2497232 0.3976917 0.2573991 0.3826705 0.2577762 0.374298 0.2497232 0.3826705 0.2577762 0.3649624 0.2494464 0.3649624 0.2494464 0.3826705 0.2577762 0.3686795 0.2584211 0.3649624 0.2494464 0.3686795 0.2584211 0.3548155 0.2481117 0.505343 0.2455227 0.5095039 0.2429979 0.5111021 0.2502688 0.4956566 0.2534802 0.501649 0.2482239 0.5058718 0.2555143 0.5116022 0.2919205 0.5128706 0.2912737 0.5168552 0.3036392 0.485527 0.2640417 0.4951937 0.253926 0.5008687 0.260343 0.496923 0.2729604 0.4953299 0.2714961 0.5008687 0.260343 0.5008687 0.260343 0.4953299 0.2714961 0.4920867 0.2687528 0.5008687 0.260343 0.4920867 0.2687528 0.485527 0.2640417 0.5008687 0.260343 0.5045794 0.2662622 0.496923 0.2729604 0.496923 0.2729604 0.5045794 0.2662622 0.5071588 0.2724899 0.496923 0.2729604 0.5071588 0.2724899 0.501169 0.2772995 0.501169 0.2772995 0.5071588 0.2724899 0.5092993 0.2787309 0.501169 0.2772995 0.5092993 0.2787309 0.5049624 0.2818258 0.5128706 0.2912737 0.5116022 0.2919205 0.5092993 0.2787309 0.5092993 0.2787309 0.5116022 0.2919205 0.5081229 0.286208 0.5092993 0.2787309 0.5081229 0.286208 0.5049624 0.2818258 0.501649 0.2482239 0.505343 0.2455227 0.5058718 0.2555143 0.5058718 0.2555143 0.505343 0.2455227 0.5111021 0.2502688 0.5058718 0.2555143 0.5111021 0.2502688 0.5088581 0.2625523 0.5088581 0.2625523 0.5111021 0.2502688 0.5131667 0.2588273 0.5088581 0.2625523 0.5131667 0.2588273 0.5150636 0.2662031 0.4951937 0.253926 0.4956566 0.2534802 0.5008687 0.260343 0.5008687 0.260343 0.4956566 0.2534802 0.5058718 0.2555143 0.5008687 0.260343 0.5058718 0.2555143 0.5045794 0.2662622 0.5045794 0.2662622 0.5058718 0.2555143 0.5088581 0.2625523 0.5045794 0.2662622 0.5088581 0.2625523 0.5071588 0.2724899 0.5071588 0.2724899 0.5088581 0.2625523 0.5150636 0.2662031 0.5071588 0.2724899 0.5150636 0.2662031 0.5092993 0.2787309 0.5092993 0.2787309 0.5150636 0.2662031 0.5169414 0.273348 0.5092993 0.2787309 0.5169414 0.273348 0.5128706 0.2912737 0.5128706 0.2912737 0.5169414 0.273348 0.5204304 0.2874243 0.5128706 0.2912737 0.5204304 0.2874243 0.5168552 0.3036392 0.5168552 0.3036392 0.5204304 0.2874243 0.5232152 0.3020129 0.5168552 0.3036392 0.5232152 0.3020129 0.5169724 0.3039745 0.8833786 0.8878556 0.8822216 0.887844 0.8789962 0.8745532 0.8789962 0.8745532 0.8822216 0.887844 0.8801422 0.8878254 0.8789962 0.8745532 0.8801422 0.8878254 0.8762942 0.874703 0.4789237 0.4526321 0.4695798 0.445518 0.4798527 0.4497603 0.4798527 0.4497603 0.4695798 0.445518 0.4699419 0.4446187 0.4798527 0.4497603 0.4699419 0.4446187 0.4800329 0.4484932 0.4699419 0.4446187 0.4702786 0.443202 0.4800329 0.4484932 0.3278777 0.8600968 0.3258789 0.8457206 0.3278777 0.8440281 0.3201986 0.8872841 0.3201986 0.8748289 0.3231202 0.8854264 0.8870305 0.8746286 0.8949474 0.874715 0.8937559 0.8879739 0.8937559 0.8879739 0.8878146 0.8879045 0.8870305 0.8746286 0.8870305 0.8746286 0.8878146 0.8879045 0.8869675 0.8878947 0.8870305 0.8746286 0.8869675 0.8878947 0.8820101 0.8745796 0.8820101 0.8745796 0.8869675 0.8878947 0.8833786 0.8878556 0.8820101 0.8745796 0.8833786 0.8878556 0.8805809 0.8745667 0.8805809 0.8745667 0.8833786 0.8878556 0.8789962 0.8745532 0.2305256 0.5618301 0.2305243 0.5758748 0.2109163 0.5754299 0.2305258 0.5601331 0.2109186 0.5614953 0.2109201 0.5464748 0.2109209 0.5386365 0.2305262 0.5456937 0.2109201 0.5464748 0.2109201 0.5464748 0.2305262 0.5456937 0.2305261 0.5466618 0.2109201 0.5464748 0.2305261 0.5466618 0.2305258 0.5601331 0.2109212 0.5306213 0.230526 0.5315346 0.2109209 0.5386365 0.2109209 0.5386365 0.230526 0.5315346 0.2305261 0.5387391 0.2109209 0.5386365 0.2305261 0.5387391 0.2305262 0.5456937 0.2109208 0.5141879 0.2305248 0.5140134 0.2109212 0.5224614 0.2109212 0.5224614 0.2305248 0.5140134 0.2305256 0.5223818 0.2109212 0.5224614 0.2305256 0.5223818 0.2109212 0.5306213 0.2109212 0.5306213 0.2305256 0.5223818 0.2305259 0.5306347 0.2109212 0.5306213 0.2305259 0.5306347 0.230526 0.5315346 0.1946098 0.5748272 0.1946101 0.5725732 0.2109163 0.5754299 0.2109163 0.5754299 0.1946101 0.5725732 0.2109186 0.5614953 0.2109163 0.5754299 0.2109186 0.5614953 0.2305256 0.5618301 0.2305256 0.5618301 0.2109186 0.5614953 0.2305258 0.5601331 0.1946201 0.5144232 0.2109208 0.5141879 0.1946198 0.5218089 0.1946198 0.5218089 0.2109208 0.5141879 0.2109212 0.5224614 0.1946198 0.5218089 0.2109212 0.5224614 0.1946189 0.529106 0.1946189 0.529106 0.2109212 0.5224614 0.2109212 0.5306213 0.1946189 0.529106 0.2109212 0.5306213 0.1946167 0.5434125 0.1946167 0.5434125 0.2109212 0.5306213 0.2109209 0.5386365 0.1946167 0.5434125 0.2109209 0.5386365 0.1946161 0.546221 0.1946161 0.546221 0.2109209 0.5386365 0.2109201 0.5464748 0.1946161 0.546221 0.2109201 0.5464748 0.1946136 0.5578244 0.1946136 0.5578244 0.2109201 0.5464748 0.2109186 0.5614953 0.1946136 0.5578244 0.2109186 0.5614953 0.194613 0.5610416 0.194613 0.5610416 0.2109186 0.5614953 0.1946101 0.5725732 0.8512331 0.7996914 0.8316254 0.799873 0.8512254 0.7902181 0.8512254 0.7902181 0.8316254 0.799873 0.8316177 0.7904971 0.8512254 0.7902181 0.8316177 0.7904971 0.8512147 0.7809668 0.8512147 0.7809668 0.8316177 0.7904971 0.8316068 0.7813401 0.8512147 0.7809668 0.8316068 0.7813401 0.8512011 0.7720074 0.8512011 0.7720074 0.8316068 0.7813401 0.8315931 0.7724713 0.8512011 0.7720074 0.8315931 0.7724713 0.8511952 0.7688567 0.8511952 0.7688567 0.8315931 0.7724713 0.8315763 0.76396 0.4466139 0.4691858 0.4270064 0.4684457 0.4466177 0.4621716 0.4466177 0.4621716 0.4270064 0.4684457 0.4270107 0.4613779 0.8315111 0.7412635 0.8511201 0.7404866 0.8315353 0.7482869 0.8315353 0.7482869 0.8511201 0.7404866 0.8511436 0.7475795 0.8315353 0.7482869 0.8511436 0.7475795 0.831557 0.7558755 0.831557 0.7558755 0.8511436 0.7475795 0.8511653 0.7552438 0.831557 0.7558755 0.8511653 0.7552438 0.8315763 0.76396 0.8315763 0.76396 0.8511653 0.7552438 0.8511844 0.7634097 0.8315763 0.76396 0.8511844 0.7634097 0.8511952 0.7688567 0.4629196 0.4701892 0.4466139 0.4691858 0.4629226 0.4632475 0.4629226 0.4632475 0.4466139 0.4691858 0.4466177 0.4621716 0.8152036 0.7423151 0.8315111 0.7412635 0.815228 0.7492445 0.815228 0.7492445 0.8315111 0.7412635 0.8315353 0.7482869 0.815228 0.7492445 0.8315353 0.7482869 0.81525 0.7567307 0.81525 0.7567307 0.8315353 0.7482869 0.831557 0.7558755 0.81525 0.7567307 0.831557 0.7558755 0.8152696 0.7647052 0.8152696 0.7647052 0.831557 0.7558755 0.8315763 0.76396 0.8152696 0.7647052 0.8315763 0.76396 0.8152865 0.7730997 0.8152865 0.7730997 0.8315763 0.76396 0.8315931 0.7724713 0.8152865 0.7730997 0.8315931 0.7724713 0.8153006 0.7818458 0.8153006 0.7818458 0.8315931 0.7724713 0.8316068 0.7813401 0.8153006 0.7818458 0.8316068 0.7813401 0.8153115 0.7908751 0.8153115 0.7908751 0.8316068 0.7813401 0.8316177 0.7904971 0.8153115 0.7908751 0.8316177 0.7904971 0.8153193 0.8001192 0.8153193 0.8001192 0.8316177 0.7904971 0.8316254 0.799873 0.8870305 0.8746286 0.8820101 0.8745796 0.8828505 0.853276 0.8828505 0.853276 0.8820101 0.8745796 0.8808244 0.8677803 0.8808244 0.8677803 0.8820101 0.8745796 0.8805809 0.8745667 0.8808244 0.8677803 0.8805809 0.8745667 0.8789962 0.8745532 0.8955166 0.8388276 0.8949474 0.874715 0.8891013 0.8387556 0.8891013 0.8387556 0.8949474 0.874715 0.8870305 0.8746286 0.8891013 0.8387556 0.8870305 0.8746286 0.8838668 0.8386995 0.8838668 0.8386995 0.8870305 0.8746286 0.8828505 0.853276 0.4466055 0.5165779 0.4466059 0.531444 0.426993 0.5310789 0.4270028 0.4759657 0.446611 0.4766517 0.4270006 0.4822885 0.4270006 0.4822885 0.446611 0.4766517 0.4466087 0.4844561 0.426994 0.5161399 0.426996 0.500055 0.4466062 0.5005844 0.4466062 0.5005844 0.426996 0.500055 0.4269967 0.4971486 0.4466062 0.5005844 0.4269967 0.4971486 0.4466087 0.4844561 0.4466087 0.4844561 0.4269967 0.4971486 0.427 0.4838238 0.4466087 0.4844561 0.427 0.4838238 0.4270006 0.4822885 0.4629196 0.4701892 0.446611 0.4766517 0.4466139 0.4691858 0.4466139 0.4691858 0.446611 0.4766517 0.4270028 0.4759657 0.4466139 0.4691858 0.4270028 0.4759657 0.4270064 0.4684457 0.4629196 0.4701892 0.4629175 0.4775819 0.446611 0.4766517 0.446611 0.4766517 0.4629175 0.4775819 0.4629172 0.4792469 0.446611 0.4766517 0.4629172 0.4792469 0.4466087 0.4844561 0.4466087 0.4844561 0.4629172 0.4792469 0.4629164 0.4853137 0.4466087 0.4844561 0.4629164 0.4853137 0.4466062 0.5005844 0.4466062 0.5005844 0.4629164 0.4853137 0.4629159 0.4943014 0.4629159 0.4943014 0.4629161 0.5013027 0.4466062 0.5005844 0.4466062 0.5005844 0.4629161 0.5013027 0.4466055 0.5165779 0.4466062 0.5005844 0.4466055 0.5165779 0.426994 0.5161399 0.426994 0.5161399 0.4466055 0.5165779 0.426993 0.5310789 0.4629192 0.53194 0.4466059 0.531444 0.4629173 0.5171727 0.4629173 0.5171727 0.4466059 0.531444 0.4466055 0.5165779 0.4629173 0.5171727 0.4466055 0.5165779 0.4629169 0.5118677 0.4629169 0.5118677 0.4466055 0.5165779 0.4629161 0.5013027 0.4151391 0.4682511 0.4024466 0.4681881 0.4024519 0.4603723 0.8630303 0.7542298 0.8511436 0.7475795 0.8630112 0.7473932 0.8630112 0.7473932 0.8511436 0.7475795 0.8511201 0.7404866 0.8630112 0.7473932 0.8511201 0.7404866 0.8629902 0.7410136 0.4151442 0.4604405 0.4270107 0.4613779 0.4270064 0.4684457 0.4151442 0.4604405 0.4270064 0.4684457 0.4151391 0.4682511 0.4151391 0.4682511 0.4024519 0.4603723 0.4151442 0.4604405 0.8629902 0.7410136 0.8756826 0.7409462 0.8757037 0.7473313 0.8629902 0.7410136 0.8757037 0.7473313 0.8630112 0.7473932 0.8630112 0.7473932 0.8757037 0.7473313 0.8757229 0.7541739 0.8630112 0.7473932 0.8757229 0.7541739 0.8630303 0.7542298 0.8630303 0.7542298 0.8757229 0.7541739 0.875755 0.7686826 0.8630303 0.7542298 0.875755 0.7686826 0.8630625 0.7687258 0.8630625 0.7687258 0.8511844 0.7634097 0.8630303 0.7542298 0.8630303 0.7542298 0.8511844 0.7634097 0.8511653 0.7552438 0.8630303 0.7542298 0.8511653 0.7552438 0.8511436 0.7475795 0.8512147 0.7809668 0.8512011 0.7720074 0.8630625 0.7687258 0.8630625 0.7687258 0.8512011 0.7720074 0.8511952 0.7688567 0.8630625 0.7687258 0.8511952 0.7688567 0.8511844 0.7634097 0.8630858 0.7838464 0.8757781 0.7838166 0.8757864 0.7916482 0.8630858 0.7838464 0.8757864 0.7916482 0.8630942 0.7916708 0.8630942 0.7916708 0.8757864 0.7916482 0.8757923 0.7996283 0.8630942 0.7916708 0.8757923 0.7996283 0.8631002 0.7996437 0.875755 0.7686826 0.8757781 0.7838166 0.8630625 0.7687258 0.8630625 0.7687258 0.8757781 0.7838166 0.8630858 0.7838464 0.8630625 0.7687258 0.8630858 0.7838464 0.8512147 0.7809668 0.8512147 0.7809668 0.8630858 0.7838464 0.8630942 0.7916708 0.8512147 0.7809668 0.8630942 0.7916708 0.8512254 0.7902181 0.8512254 0.7902181 0.8630942 0.7916708 0.8631002 0.7996437 0.8512254 0.7902181 0.8631002 0.7996437 0.8512331 0.7996914 0.9069672 0.8748589 0.8949474 0.874715 0.8955166 0.8388276 0.4466444 0.8615339 0.4629441 0.8603686 0.4629508 0.8666483 0.4913052 0.6494958 0.4878114 0.6669765 0.4878114 0.6301862 0.9347792 0.8752241 0.939098 0.839372 0.941398 0.8753177 0.941398 0.8753177 0.939098 0.839372 0.9436347 0.8394347 0.7064735 0.5800646 0.7039597 0.6159408 0.697608 0.6151207 0.9207565 0.8750348 0.9269714 0.8392118 0.9278347 0.875129 0.9278347 0.875129 0.9269714 0.8392118 0.9296623 0.8392464 0.9278347 0.875129 0.9296623 0.8392464 0.9347792 0.8752241 0.9347792 0.8752241 0.9296623 0.8392464 0.9368213 0.8393412 0.9347792 0.8752241 0.9368213 0.8393412 0.939098 0.839372 0.8955166 0.8388276 0.9080639 0.8389759 0.9069672 0.8748589 0.9069672 0.8748589 0.9080639 0.8389759 0.9132553 0.8390392 0.9069672 0.8748589 0.9132553 0.8390392 0.9207565 0.8750348 0.9207565 0.8750348 0.9132553 0.8390392 0.9223529 0.8391526 0.9207565 0.8750348 0.9223529 0.8391526 0.9269714 0.8392118 0.2109163 0.5754299 0.2305243 0.5758748 0.2109144 0.5882218 0.2109144 0.5882218 0.2305243 0.5758748 0.2305228 0.5887303 0.2109144 0.5882218 0.2305228 0.5887303 0.2109126 0.6005997 0.2109126 0.6005997 0.2305228 0.5887303 0.2305212 0.6011282 0.2109126 0.6005997 0.2305212 0.6011282 0.2109109 0.6134885 0.2109109 0.6134885 0.2305212 0.6011282 0.2305194 0.6139986 0.2109109 0.6134885 0.2305194 0.6139986 0.2109094 0.6278131 0.2109094 0.6278131 0.2305194 0.6139986 0.2305181 0.6282722 0.1946098 0.5748272 0.2109163 0.5754299 0.1946073 0.5875331 0.1946073 0.5875331 0.2109163 0.5754299 0.2109144 0.5882218 0.1946073 0.5875331 0.2109144 0.5882218 0.1946052 0.599884 0.1946052 0.599884 0.2109144 0.5882218 0.2109126 0.6005997 0.1946052 0.599884 0.2109126 0.6005997 0.1946036 0.6127976 0.1946036 0.6127976 0.2109126 0.6005997 0.2109109 0.6134885 0.1946036 0.6127976 0.2109109 0.6134885 0.1946018 0.6271911 0.1946018 0.6271911 0.2109109 0.6134885 0.2109094 0.6278131 0.2423911 0.5139667 0.2550831 0.5139505 0.2550833 0.5177601 0.2305248 0.5140134 0.2423911 0.5139667 0.2423914 0.5177724 0.2423926 0.5315402 0.2305259 0.5306347 0.2423914 0.5177724 0.2423914 0.5177724 0.2305259 0.5306347 0.2305256 0.5223818 0.2423914 0.5177724 0.2305256 0.5223818 0.2305248 0.5140134 0.2423911 0.5139667 0.2550833 0.5177601 0.2423914 0.5177724 0.2423914 0.5177724 0.2550833 0.5177601 0.2550846 0.5315415 0.2423914 0.5177724 0.2550846 0.5315415 0.2423926 0.5315402 0.2423926 0.5315402 0.2550846 0.5315415 0.2550854 0.5457549 0.2423926 0.5315402 0.2550854 0.5457549 0.2423931 0.5457401 0.2423931 0.5457401 0.2305261 0.5387391 0.2423926 0.5315402 0.2423926 0.5315402 0.2305261 0.5387391 0.230526 0.5315346 0.2423926 0.5315402 0.230526 0.5315346 0.2305259 0.5306347 0.2305258 0.5601331 0.2305261 0.5466618 0.2423931 0.5457401 0.2423931 0.5457401 0.2305261 0.5466618 0.2305262 0.5456937 0.2423931 0.5457401 0.2305262 0.5456937 0.2305261 0.5387391 0.2423928 0.5602172 0.2550851 0.5602446 0.2550848 0.5683327 0.2423928 0.5602172 0.2550848 0.5683327 0.2423924 0.5682992 0.2423924 0.5682992 0.2550848 0.5683327 0.2550843 0.5760304 0.2423924 0.5682992 0.2550843 0.5760304 0.2423917 0.5759919 0.2550854 0.5457549 0.2550851 0.5602446 0.2423931 0.5457401 0.2423931 0.5457401 0.2550851 0.5602446 0.2423928 0.5602172 0.2423931 0.5457401 0.2423928 0.5602172 0.2305258 0.5601331 0.2305258 0.5601331 0.2423928 0.5602172 0.2423924 0.5682992 0.2305258 0.5601331 0.2423924 0.5682992 0.2305256 0.5618301 0.2305256 0.5618301 0.2423924 0.5682992 0.2423917 0.5759919 0.2305256 0.5618301 0.2423917 0.5759919 0.2305243 0.5758748 0.2109094 0.6278131 0.2305181 0.6282722 0.2305173 0.6445566 0.1946018 0.6271911 0.2109094 0.6278131 0.2109081 0.6441739 0.2109094 0.6278131 0.2305173 0.6445566 0.2109081 0.6441739 0.2109081 0.6441739 0.2305173 0.6445566 0.2305171 0.648822 0.2109081 0.6441739 0.2305171 0.648822 0.2109069 0.6618742 0.2305171 0.648822 0.230517 0.6621687 0.2109069 0.6618742 0.2109069 0.6618742 0.230517 0.6621687 0.2305173 0.6801025 0.2109069 0.6618742 0.2305173 0.6801025 0.2109063 0.6798931 0.2109063 0.6798931 0.2305173 0.6801025 0.2305177 0.6973523 0.2109063 0.6798931 0.2305177 0.6973523 0.2109062 0.6972092 0.1946018 0.6271911 0.2109081 0.6441739 0.1945995 0.6436554 0.1945995 0.6436554 0.2109081 0.6441739 0.2109069 0.6618742 0.1945995 0.6436554 0.2109069 0.6618742 0.1945973 0.6614752 0.1945973 0.6614752 0.2109069 0.6618742 0.2109063 0.6798931 0.1945973 0.6614752 0.2109063 0.6798931 0.1945954 0.6796089 0.1945954 0.6796089 0.2109063 0.6798931 0.2109062 0.6972092 0.1945954 0.6796089 0.2109062 0.6972092 0.1945945 0.6970148 0.2423917 0.5759919 0.2550843 0.5760304 0.255083 0.5889085 0.2305228 0.5887303 0.2305243 0.5758748 0.2423917 0.5759919 0.2423917 0.5759919 0.255083 0.5889085 0.2305228 0.5887303 0.2305228 0.5887303 0.255083 0.5889085 0.2550812 0.6013134 0.2305228 0.5887303 0.2550812 0.6013134 0.2305212 0.6011282 0.2305212 0.6011282 0.2550812 0.6013134 0.2550798 0.6141774 0.2305212 0.6011282 0.2550798 0.6141774 0.2305194 0.6139986 0.2305194 0.6139986 0.2550798 0.6141774 0.2550786 0.6284329 0.2305194 0.6139986 0.2550786 0.6284329 0.2305181 0.6282722 0.2109062 0.6972092 0.2305177 0.6973523 0.2109078 0.7281007 0.2109078 0.7281007 0.2305177 0.6973523 0.2305197 0.7282079 0.2109078 0.7281007 0.2305197 0.7282079 0.2109095 0.7430051 0.2109095 0.7430051 0.2305197 0.7282079 0.2305209 0.7431461 0.2109095 0.7430051 0.2305209 0.7431461 0.2109117 0.7586387 0.2109117 0.7586387 0.2305209 0.7431461 0.2305219 0.7588486 0.1945945 0.6970148 0.2109062 0.6972092 0.1945959 0.7279551 0.1945959 0.7279551 0.2109062 0.6972092 0.2109078 0.7281007 0.1945959 0.7279551 0.2109078 0.7281007 0.1945986 0.7428137 0.1945986 0.7428137 0.2109078 0.7281007 0.2109095 0.7430051 0.1945986 0.7428137 0.2109095 0.7430051 0.1946023 0.758354 0.1946023 0.758354 0.2109095 0.7430051 0.2109117 0.7586387 0.2423856 0.6315233 0.2305181 0.6282722 0.2550786 0.6284329 0.2550786 0.6284329 0.2550784 0.6315618 0.2423856 0.6315233 0.2423856 0.6315233 0.2550784 0.6315618 0.2550781 0.6489482 0.2423856 0.6315233 0.2550781 0.6489482 0.2423849 0.6489171 0.2423849 0.6489171 0.2550781 0.6489482 0.2550783 0.670328 0.2423849 0.6489171 0.2550783 0.670328 0.2423851 0.6703063 0.2423851 0.6703063 0.2550783 0.670328 0.2550787 0.684136 0.2423851 0.6703063 0.2550787 0.684136 0.2423855 0.6841199 0.2423855 0.6841199 0.2550787 0.684136 0.2550792 0.6974015 0.2423855 0.6841199 0.2550792 0.6974015 0.2423859 0.6973897 0.2305181 0.6282722 0.2423856 0.6315233 0.2305173 0.6445566 0.2305173 0.6445566 0.2423856 0.6315233 0.2423849 0.6489171 0.2305173 0.6445566 0.2423849 0.6489171 0.2305171 0.648822 0.2305171 0.648822 0.2423849 0.6489171 0.2423851 0.6703063 0.2305171 0.648822 0.2423851 0.6703063 0.230517 0.6621687 0.230517 0.6621687 0.2423851 0.6703063 0.2423855 0.6841199 0.230517 0.6621687 0.2423855 0.6841199 0.2305173 0.6801025 0.2305173 0.6801025 0.2423855 0.6841199 0.2423859 0.6973897 0.2305173 0.6801025 0.2423859 0.6973897 0.2305177 0.6973523 0.1384137 0.9045019 0.1412505 0.9039992 0.1385362 0.9115035 0.1385362 0.9115035 0.1412505 0.9039992 0.1423577 0.9038736 0.1385362 0.9115035 0.1423577 0.9038736 0.146349 0.9039475 0.1467963 0.9040272 0.1498131 0.9051398 0.1526232 0.9074542 0.146349 0.9039475 0.1467963 0.9040272 0.1385362 0.9115035 0.1385362 0.9115035 0.1467963 0.9040272 0.1526232 0.9074542 0.1385362 0.9115035 0.1526232 0.9074542 0.1530733 0.9114915 0.1530733 0.9114915 0.1526232 0.9074542 0.1529868 0.9078755 0.1530733 0.9114915 0.1529868 0.9078755 0.1553438 0.9114882 0.1384137 0.9045019 0.1385362 0.9115035 0.1291406 0.9115046 0.1219726 0.9081981 0.1276746 0.907216 0.1291406 0.9115046 0.1291406 0.9115046 0.1276746 0.907216 0.1292319 0.9068463 0.1291406 0.9115046 0.1292319 0.9068463 0.1384137 0.9045019 0.1219726 0.9081981 0.1291406 0.9115046 0.1168569 0.9083281 0.1168569 0.9083281 0.1291406 0.9115046 0.1175515 0.9115064 0.1168569 0.9083281 0.1175515 0.9115064 0.1118802 0.9075061 0.1118802 0.9075061 0.1175515 0.9115064 0.1063743 0.9115129 0.1118802 0.9075061 0.1063743 0.9115129 0.1083137 0.9062129 0.1083137 0.9062129 0.1063743 0.9115129 0.1037439 0.9035397 0.1037439 0.9035397 0.1063743 0.9115129 0.1007444 0.9115191 0.1037439 0.9035397 0.1007444 0.9115191 0.101109 0.9013932 0.210917 0.8229689 0.2132616 0.8230825 0.2092525 0.8255758 0.101109 0.9013932 0.1007444 0.9115191 0.09695696 0.8968817 0.2092525 0.8255758 0.1946132 0.8276534 0.1946144 0.8220144 0.2092525 0.8255758 0.1946144 0.8220144 0.210917 0.8229689 0.2109142 0.775478 0.2109117 0.7586387 0.2305219 0.7588486 0.2132616 0.8230825 0.210917 0.8229689 0.2198408 0.8198625 0.2198408 0.8198625 0.210917 0.8229689 0.2109174 0.8162665 0.2198408 0.8198625 0.2109174 0.8162665 0.2271848 0.8171808 0.2271848 0.8171808 0.2109174 0.8162665 0.2109174 0.8088738 0.2305229 0.8162326 0.2271848 0.8171808 0.2305231 0.8094464 0.2305231 0.8094464 0.2271848 0.8171808 0.2109174 0.8088738 0.2305231 0.8094464 0.2109174 0.8088738 0.2305234 0.7930706 0.2305234 0.7930706 0.2109174 0.8088738 0.2109163 0.7926332 0.2305234 0.7930706 0.2109163 0.7926332 0.2305231 0.7821765 0.2305231 0.7821765 0.2109163 0.7926332 0.2109142 0.775478 0.2305231 0.7821765 0.2109142 0.775478 0.2305228 0.7757902 0.2305228 0.7757902 0.2109142 0.775478 0.2305219 0.7588486 0.210917 0.8229689 0.1946144 0.8220144 0.2109174 0.8162665 0.2109174 0.8162665 0.1946144 0.8220144 0.1946146 0.8161029 0.2109174 0.8162665 0.1946146 0.8161029 0.2109174 0.8088738 0.2109174 0.8088738 0.1946146 0.8161029 0.1946129 0.8011 0.2109174 0.8088738 0.1946129 0.8011 0.2109163 0.7926332 0.2109163 0.7926332 0.1946129 0.8011 0.1946112 0.7920408 0.2109163 0.7926332 0.1946112 0.7920408 0.2109142 0.775478 0.2109142 0.775478 0.1946112 0.7920408 0.1946085 0.7815908 0.1946023 0.758354 0.2109117 0.7586387 0.1946052 0.7698147 0.1946052 0.7698147 0.2109117 0.7586387 0.2109142 0.775478 0.1946052 0.7698147 0.2109142 0.775478 0.1946067 0.7750548 0.1946067 0.7750548 0.2109142 0.775478 0.1946085 0.7815908 0.2334592 0.8155272 0.2305229 0.8162326 0.2305231 0.8094464 0.2550825 0.8089233 0.2550822 0.8132466 0.2508746 0.8133299 0.2423902 0.7704141 0.255083 0.7704377 0.2550832 0.782301 0.2423902 0.7704141 0.2550832 0.782301 0.2423904 0.7822703 0.2423904 0.7822703 0.2550832 0.782301 0.2550827 0.8005269 0.2423904 0.7822703 0.2550827 0.8005269 0.2423904 0.800484 0.2423904 0.800484 0.2550827 0.8005269 0.2550825 0.8089233 0.2423904 0.800484 0.2550825 0.8089233 0.24239 0.8088741 0.24239 0.8088741 0.2550825 0.8089233 0.2508746 0.8133299 0.24239 0.8088741 0.2508746 0.8133299 0.2419646 0.8140634 0.2550829 0.7589214 0.255083 0.7704377 0.2305219 0.7588486 0.2305219 0.7588486 0.255083 0.7704377 0.2423902 0.7704141 0.2305219 0.7588486 0.2423902 0.7704141 0.2305228 0.7757902 0.2305228 0.7757902 0.2423902 0.7704141 0.2423904 0.7822703 0.2305228 0.7757902 0.2423904 0.7822703 0.2305231 0.7821765 0.2305231 0.7821765 0.2423904 0.7822703 0.2423904 0.800484 0.2305231 0.7821765 0.2423904 0.800484 0.2305234 0.7930706 0.2305234 0.7930706 0.2423904 0.800484 0.24239 0.8088741 0.2305234 0.7930706 0.24239 0.8088741 0.2305231 0.8094464 0.2305231 0.8094464 0.24239 0.8088741 0.2419646 0.8140634 0.2305231 0.8094464 0.2419646 0.8140634 0.2334592 0.8155272 0.8020449 0.9562098 0.8102225 0.9553871 0.8020395 0.9621282 0.8020395 0.9621282 0.8102225 0.9553871 0.8102186 0.9590705 0.8020395 0.9621282 0.8102186 0.9590705 0.8020358 0.9685408 0.8020358 0.9685408 0.8102186 0.9590705 0.8740776 0.9591825 0.8020358 0.9685408 0.8740776 0.9591825 0.8740696 0.9741182 0.8020449 0.9562098 0.8020458 0.9553728 0.8102225 0.9553871 0.8102225 0.9553871 0.8020458 0.9553728 0.802051 0.9511922 0.8102225 0.9553871 0.802051 0.9511922 0.810242 0.9418301 0.810242 0.9418301 0.802051 0.9511922 0.8020593 0.9462391 0.8020593 0.9462391 0.8020603 0.9455963 0.810242 0.9418301 0.810242 0.9418301 0.8020603 0.9455963 0.8020673 0.941389 0.810242 0.9418301 0.8020673 0.941389 0.810253 0.9359151 0.810253 0.9359151 0.8020673 0.941389 0.8020725 0.9382812 0.810253 0.9359151 0.8020725 0.9382812 0.802073 0.9380275 0.802073 0.9380275 0.8020764 0.9359007 0.810253 0.9359151 0.810253 0.9359151 0.8020764 0.9359007 0.8020798 0.9342713 0.810253 0.9359151 0.8020798 0.9342713 0.8102844 0.9225697 0.8102844 0.9225697 0.8020798 0.9342713 0.8020989 0.9260472 0.8102844 0.9225697 0.8020989 0.9260472 0.8103008 0.9168136 0.8021837 0.899827 0.8103625 0.8992829 0.8021627 0.9052037 0.8021627 0.9052037 0.8103625 0.8992829 0.8103419 0.9045079 0.8021627 0.9052037 0.8103419 0.9045079 0.8021268 0.915982 0.8021268 0.915982 0.8103419 0.9045079 0.8103008 0.9168136 0.8021268 0.915982 0.8103008 0.9168136 0.8021243 0.9167993 0.8021243 0.9167993 0.8103008 0.9168136 0.8020989 0.9260472 0.8021837 0.899827 0.802186 0.8992686 0.8103625 0.8992829 0.8103625 0.8992829 0.802186 0.8992686 0.8022062 0.8945997 0.8103625 0.8992829 0.8022062 0.8945997 0.8104108 0.8887699 0.8104108 0.8887699 0.8022062 0.8945997 0.80223 0.8895902 0.01182067 0.6833565 0.003644168 0.684165 0.0118196 0.6787529 0.003644168 0.684165 0.003642976 0.6787527 0.0118196 0.6787529 0.0118196 0.6787529 0.003642976 0.6787527 0.003642201 0.67395 0.0118196 0.6787529 0.003642201 0.67395 0.01181763 0.6678335 0.01181763 0.6678335 0.003642201 0.67395 0.003641188 0.6682558 0.01181763 0.6678335 0.003641188 0.6682558 0.01181703 0.6622771 0.01181703 0.6622771 0.003641188 0.6682558 0.003640353 0.6622768 0.01181703 0.6622771 0.003640353 0.6622768 0.01181602 0.6499078 0.01181602 0.6499078 0.003640353 0.6622768 0.003640294 0.6622518 0.01181602 0.6499078 0.003640294 0.6622518 0.01181572 0.6437266 0.01181572 0.6437266 0.003640294 0.6622518 0.003639876 0.656013 0.01181572 0.6437266 0.003639876 0.656013 0.003639459 0.6495981 0.003639459 0.6495981 0.00363934 0.6437264 0.01181572 0.6437266 0.01181572 0.6437266 0.00363934 0.6437264 0.00363928 0.643077 0.01181572 0.6437266 0.00363928 0.643077 0.01181596 0.6306959 0.00363928 0.643077 0.003639221 0.6364851 0.01181596 0.6306959 0.01181596 0.6306959 0.003639221 0.6364851 0.003639161 0.629836 0.01181596 0.6306959 0.003639161 0.629836 0.0118162 0.6242672 0.0118162 0.6242672 0.003639161 0.629836 0.003639578 0.6242669 0.0118162 0.6242672 0.003639578 0.6242669 0.01181697 0.6113947 0.01181697 0.6113947 0.003639578 0.6242669 0.003639876 0.616536 0.01181697 0.6113947 0.003639876 0.616536 0.01181787 0.6051215 0.01181787 0.6051215 0.003639876 0.616536 0.003641188 0.6051213 0.01181787 0.6051215 0.003641188 0.6051213 0.0118196 0.5932061 0.0118196 0.5932061 0.003641188 0.6051213 0.003643095 0.5921509 0.0118196 0.5932061 0.003643095 0.5921509 0.01182067 0.5874925 0.003643095 0.5921509 0.003644227 0.5874922 0.01182067 0.5874925 0.01182067 0.5874925 0.003644227 0.5874922 0.00364536 0.5823863 0.003639161 0.4662276 0.01182883 0.4711046 0.003665387 0.4766426 0.003665387 0.4766426 0.01182883 0.4711046 0.01184922 0.4801841 0.003665387 0.4766426 0.01184922 0.4801841 0.003676891 0.4825115 0.01184922 0.4801841 0.01185351 0.4825084 0.003676891 0.4825115 0.003676891 0.4825115 0.01185351 0.4825084 0.01185756 0.4847096 0.003676891 0.4825115 0.01185756 0.4847096 0.003695368 0.4943872 0.01185756 0.4847096 0.01186507 0.4894616 0.003695368 0.4943872 0.003695368 0.4943872 0.01186507 0.4894616 0.01187223 0.4947389 0.003695368 0.4943872 0.01187223 0.4947389 0.00370264 0.5009499 0.01187223 0.4947389 0.01187914 0.5007514 0.00370264 0.5009499 0.00370264 0.5009499 0.01187914 0.5007514 0.01187926 0.5009468 0.00370264 0.5009499 0.01187926 0.5009468 0.003712058 0.5135281 0.003712058 0.5135281 0.01187926 0.5009468 0.01188522 0.5079252 0.003712058 0.5135281 0.01188522 0.5079252 0.00371474 0.5203844 0.00371474 0.5203844 0.01188522 0.5079252 0.01189112 0.5203813 0.00371474 0.5203844 0.01189112 0.5203813 0.003714501 0.5328728 0.003714501 0.5328728 0.01189112 0.5203813 0.01188856 0.5395907 0.003714501 0.5328728 0.01188856 0.5395907 0.003711938 0.5395938 0.003711938 0.5395938 0.01188856 0.5395907 0.00370258 0.5512166 0.00370258 0.5512166 0.01188856 0.5395907 0.01187145 0.557368 0.00370258 0.5512166 0.01187145 0.557368 0.003694832 0.5573711 0.003694832 0.5573711 0.01187145 0.557368 0.00367701 0.5674166 0.00367701 0.5674166 0.01187145 0.557368 0.01184105 0.5725962 0.00367701 0.5674166 0.01184105 0.5725962 0.003664433 0.5725993 0.003664433 0.5725993 0.01184105 0.5725962 0.01183837 0.5735864 0.003664433 0.5725993 0.01183837 0.5735864 0.003639161 0.580464 0.003639161 0.580464 0.01183837 0.5735864 0.01180803 0.5823864 0.8986083 0.1058673 0.9067875 0.1079261 0.8986134 0.110284 0.9067875 0.1079261 0.90679 0.1101279 0.8986134 0.110284 0.8986134 0.110284 0.90679 0.1101279 0.90679 0.1102842 0.8986134 0.110284 0.90679 0.1102842 0.8986213 0.1189498 0.9068018 0.1247062 0.8986252 0.1247059 0.9067997 0.1212984 0.9067997 0.1212984 0.8986252 0.1247059 0.8986213 0.1189498 0.9067997 0.1212984 0.8986213 0.1189498 0.906795 0.1152216 0.906795 0.1152216 0.8986213 0.1189498 0.90679 0.1102842 0.834774 0.1419352 0.8347706 0.1333217 0.9068099 0.1419375 0.9068099 0.1419375 0.8347706 0.1333217 0.8986299 0.1333237 0.9068018 0.1247062 0.906803 0.1264938 0.8986252 0.1247059 0.8986252 0.1247059 0.906803 0.1264938 0.9068057 0.1316834 0.8986252 0.1247059 0.9068057 0.1316834 0.8986299 0.1333237 0.8986299 0.1333237 0.9068057 0.1316834 0.906808 0.1369524 0.8986299 0.1333237 0.906808 0.1369524 0.9068099 0.1419375 0.834774 0.1419352 0.9068099 0.1419375 0.834776 0.1499074 0.834776 0.1499074 0.9068099 0.1419375 0.9068117 0.1482905 0.834776 0.1499074 0.9068117 0.1482905 0.8347775 0.1608934 0.8347775 0.1608934 0.9068117 0.1482905 0.9068135 0.1608957 0.8347775 0.1608934 0.9068135 0.1608957 0.8347777 0.1675122 0.8347777 0.1675122 0.9068135 0.1608957 0.9068135 0.1612488 0.8347777 0.1675122 0.9068135 0.1612488 0.8347767 0.1803872 0.8347767 0.1803872 0.9068135 0.1612488 0.9068126 0.1803894 0.8347767 0.1803872 0.9068126 0.1803894 0.8347756 0.1852166 0.8347756 0.1852166 0.9068126 0.1803894 0.9068101 0.1910293 0.8347756 0.1852166 0.9068101 0.1910293 0.8347712 0.1991916 0.8347712 0.1991916 0.9068101 0.1910293 0.9068071 0.1991939 0.8347712 0.1991916 0.9068071 0.1991939 0.8347699 0.2020955 0.8347699 0.2020955 0.9068071 0.1991939 0.9068048 0.2047125 0.8347699 0.2020955 0.9068048 0.2047125 0.8347616 0.2161253 0.8020425 0.9905881 0.8740781 0.9909428 0.8020523 0.9970422 0.9067907 0.2243218 0.8347488 0.22994 0.8347608 0.2172676 0.9067907 0.2243218 0.8347608 0.2172676 0.9067977 0.2161275 0.9067977 0.2161275 0.8347608 0.2172676 0.8347616 0.2161253 0.9067977 0.2161275 0.8347616 0.2161253 0.9067978 0.2158519 0.9067978 0.2158519 0.8347616 0.2161253 0.9068048 0.2047125 0.8020425 0.9905881 0.8020417 0.9899365 0.8740781 0.9909428 0.8740781 0.9909428 0.8020417 0.9899365 0.8020384 0.9863993 0.8740781 0.9909428 0.8020384 0.9863993 0.8740697 0.9759514 0.8020384 0.9863993 0.8020361 0.9827976 0.8740697 0.9759514 0.8740697 0.9759514 0.8020361 0.9827976 0.8020342 0.9755308 0.8740697 0.9759514 0.8020342 0.9755308 0.8740696 0.9741182 0.8740696 0.9741182 0.8020342 0.9755308 0.8020343 0.9739919 0.8740696 0.9741182 0.8020343 0.9739919 0.8020358 0.9685408 0.7107559 0.965212 0.7107385 0.9029899 0.7205416 0.9652112 0.7205416 0.9652112 0.7107385 0.9029899 0.7205242 0.9029895 0.170974 0.7331307 0.170974 0.7040665 0.1749514 0.7331319 0.1749514 0.7331319 0.170974 0.7040665 0.1749514 0.7040677 0.7365753 0.8618826 0.7075113 0.8618826 0.736608 0.8407562 0.736608 0.8407562 0.7075113 0.8618826 0.707544 0.8407562 0.736608 0.8407562 0.707544 0.8407562 0.7366548 0.8217613 0.7366548 0.8217613 0.707544 0.8407562 0.7075908 0.8217613 0.7696951 0.9064327 0.7406308 0.9064323 0.7696909 0.8892971 0.7696909 0.8892971 0.7406308 0.9064323 0.7406266 0.8892967 0.7696909 0.8892971 0.7406266 0.8892967 0.7696877 0.8695366 0.7696877 0.8695366 0.7406266 0.8892967 0.7406234 0.8695362 0.7696877 0.8695366 0.7406234 0.8695362 0.7696859 0.8478911 0.7696859 0.8478911 0.7406234 0.8695362 0.7406216 0.8478907 0.7696859 0.8478911 0.7406216 0.8478907 0.769685 0.8251708 0.769685 0.8251708 0.7406216 0.8478907 0.740621 0.8251703 0.769685 0.8251708 0.740621 0.8251703 0.7696858 0.8022263 0.7696858 0.8022263 0.740621 0.8251703 0.7406215 0.8022258 0.7696858 0.8022263 0.7406215 0.8022258 0.7696877 0.7799165 0.7696877 0.7799165 0.7406215 0.8022258 0.7406235 0.779916 0.7696877 0.7799165 0.7406235 0.779916 0.7696908 0.7590767 0.7696908 0.7590767 0.7406235 0.779916 0.7406265 0.7590762 0.7696908 0.7590767 0.7406265 0.7590762 0.7696951 0.740487 0.7696951 0.740487 0.7406265 0.7590762 0.7406308 0.7404866 0.9505106 0.7863363 0.9795747 0.7863684 0.9505177 0.8069867 0.9505177 0.8069867 0.9795747 0.7863684 0.9795818 0.8070188 0.9505177 0.8069867 0.9795818 0.8070188 0.9505107 0.8291874 0.9505107 0.8291874 0.9795818 0.8070188 0.9795749 0.8288616 0.9505107 0.8291874 0.9795749 0.8288616 0.9798449 0.8292198 0.9274026 0.3999294 0.9581043 0.3999291 0.927493 0.4007295 0.927493 0.4007295 0.9581043 0.3999291 0.9581043 0.4014456 0.927493 0.4007295 0.9581043 0.4014456 0.9277598 0.401446 0.9808549 0.8308139 0.9505106 0.8307803 0.9505107 0.8291874 0.9808549 0.8308139 0.9505107 0.8291874 0.9798449 0.8292198 0.61175 0.675087 0.6120062 0.6766287 0.6107026 0.6753311 0.6072804 0.6649677 0.6107026 0.6753311 0.603244 0.6643965 0.603244 0.6643965 0.6107026 0.6753311 0.5999833 0.6619496 0.6362652 0.6332001 0.6358517 0.6330294 0.6488609 0.6222637 0.6647299 0.632988 0.6473287 0.6479809 0.6403651 0.6424925 0.6145378 0.4544706 0.6030566 0.4347413 0.6246533 0.4414278 0.61175 0.675087 0.6107026 0.6753311 0.6122339 0.6732656 0.6122339 0.6732656 0.6107026 0.6753311 0.6072804 0.6649677 0.6122339 0.6732656 0.6072804 0.6649677 0.6134825 0.671854 0.6134825 0.671854 0.6072804 0.6649677 0.611092 0.6635213 0.6134825 0.671854 0.611092 0.6635213 0.6473287 0.6479809 0.6473287 0.6479809 0.611092 0.6635213 0.6392647 0.6436501 0.6473287 0.6479809 0.6392647 0.6436501 0.6403651 0.6424925 0.6362652 0.6332001 0.6488609 0.6222637 0.6378436 0.6345334 0.6403651 0.6424925 0.6409389 0.6410019 0.6647299 0.632988 0.6647299 0.632988 0.6409389 0.6410019 0.6408987 0.6394052 0.6647299 0.632988 0.6408987 0.6394052 0.678918 0.6149246 0.678918 0.6149246 0.6408987 0.6394052 0.6402503 0.6379455 0.678918 0.6149246 0.6402503 0.6379455 0.6893619 0.5944671 0.6893619 0.5944671 0.6402503 0.6379455 0.6378436 0.6345334 0.6893619 0.5944671 0.6378436 0.6345334 0.6956706 0.5723811 0.6956706 0.5723811 0.6378436 0.6345334 0.6488609 0.6222637 0.6956706 0.5723811 0.6488609 0.6222637 0.6624298 0.6057438 0.6624298 0.6057438 0.6721724 0.5867148 0.6956706 0.5723811 0.6956706 0.5723811 0.6721724 0.5867148 0.6776424 0.5660482 0.6956706 0.5723811 0.6776424 0.5660482 0.697608 0.5494937 0.697608 0.5494937 0.6776424 0.5660482 0.6785892 0.5446911 0.697608 0.5494937 0.6785892 0.5446911 0.6951015 0.5266616 0.6951015 0.5266616 0.6785892 0.5446911 0.6749695 0.5236216 0.6951015 0.5266616 0.6749695 0.5236216 0.6882449 0.5047396 0.6882449 0.5047396 0.6749695 0.5236216 0.666949 0.5038051 0.6882449 0.5047396 0.666949 0.5038051 0.677295 0.4845483 0.6145378 0.4544706 0.6246533 0.4414278 0.6173412 0.457944 0.677295 0.4845483 0.666949 0.5038051 0.6626617 0.4668437 0.6626617 0.4668437 0.666949 0.5038051 0.6548953 0.4861492 0.6626617 0.4668437 0.6548953 0.4861492 0.6448927 0.4522886 0.6448927 0.4522886 0.6548953 0.4861492 0.6393603 0.4714628 0.6448927 0.4522886 0.6393603 0.4714628 0.6246533 0.4414278 0.6246533 0.4414278 0.6393603 0.4714628 0.6210559 0.4604187 0.6246533 0.4414278 0.6210559 0.4604187 0.6173412 0.457944 0.2303286 0.9263244 0.2358458 0.9578462 0.215441 0.9263129 0.215441 0.9263129 0.2358458 0.9578462 0.2154583 0.9578331 0.215441 0.9263129 0.2154583 0.9578331 0.2118694 0.9263087 0.2118694 0.9263087 0.2154583 0.9578331 0.1970163 0.9578033 0.2118694 0.9263087 0.1970163 0.9578033 0.196999 0.9262831 0.196999 0.9262831 0.1970163 0.9578033 0.1942263 0.9262766 0.1942263 0.9262766 0.1970163 0.9578033 0.1814 0.9577583 0.7389906 0.7404868 0.7074669 0.7272903 0.7389873 0.7272911 0.7389873 0.7272911 0.7074669 0.7272903 0.7389867 0.724816 0.7389867 0.724816 0.7074669 0.7272903 0.707464 0.70893 0.7389867 0.724816 0.707464 0.70893 0.7389845 0.7089308 0.7389845 0.7089308 0.707464 0.70893 0.7389841 0.7065204 0.7389841 0.7065204 0.707464 0.70893 0.7074624 0.6885929 0.7389841 0.7065204 0.7074624 0.6885929 0.7389827 0.6885936 0.7389827 0.6885936 0.7074624 0.6885929 0.7389827 0.6864382 0.7389827 0.6864382 0.7074624 0.6885929 0.7074624 0.6672496 0.7389827 0.6864382 0.7074624 0.6672496 0.7389827 0.6672503 0.7389827 0.6672503 0.7074624 0.6672496 0.7389826 0.6654893 0.7389826 0.6654893 0.7074624 0.6672496 0.7074635 0.6459192 0.7389826 0.6654893 0.7074635 0.6459192 0.7389838 0.6459199 0.7389838 0.6459199 0.7074635 0.6459192 0.7389839 0.6446333 0.7389839 0.6446333 0.7074635 0.6459192 0.707466 0.6256198 0.7389839 0.6446333 0.707466 0.6256198 0.7389865 0.6248257 0.7389865 0.6248257 0.707466 0.6256198 0.7074697 0.6073205 0.7389865 0.6248257 0.7074697 0.6073205 0.7389903 0.6069738 0.9826814 0.9208385 0.9829889 0.9523587 0.9642115 0.9523581 0.9826814 0.9208385 0.9642115 0.9523581 0.9642642 0.9208379 0.2571711 0.8956207 0.2572054 0.9578423 0.2436215 0.8956253 0.2436215 0.8956253 0.2572054 0.9578423 0.2358458 0.9578462 0.2436215 0.8956253 0.2358458 0.9578462 0.2358115 0.8956246 0.2358115 0.8956246 0.2358458 0.9578462 0.2303286 0.9263244 0.2358115 0.8956246 0.2303286 0.9263244 0.2303117 0.8956229 0.1216589 0.5462406 0.1139684 0.5391342 0.1569097 0.5442689 0.1499514 0.6266723 0.1450577 0.6703026 0.1402798 0.6510669 0.1569097 0.5442689 0.1554361 0.5482424 0.1521732 0.5509467 0.164153 0.4668797 0.1569097 0.5442689 0.1624714 0.4717268 0.1624714 0.4717268 0.1569097 0.5442689 0.1534928 0.4886705 0.02607488 0.4933817 0.07952749 0.552325 0.01432663 0.6189025 0.01432663 0.6189025 0.07952749 0.552325 0.0785517 0.5627505 0.01432663 0.6189025 0.0785517 0.5627505 0.08215558 0.572582 0.1242598 0.5486614 0.1216589 0.5462406 0.1276414 0.5497524 0.1276414 0.5497524 0.1216589 0.5462406 0.1569097 0.5442689 0.1276414 0.5497524 0.1569097 0.5442689 0.1479952 0.5516574 0.1479952 0.5516574 0.1569097 0.5442689 0.1521732 0.5509467 0.02607488 0.4933817 0.02611047 0.4926444 0.0352537 0.502365 0.02607488 0.4933817 0.0352537 0.502365 0.07952749 0.552325 0.07952749 0.552325 0.0352537 0.502365 0.05096161 0.5133634 0.07952749 0.552325 0.05096161 0.5133634 0.08489316 0.543333 0.08489316 0.543333 0.05096161 0.5133634 0.06884783 0.520276 0.08489316 0.543333 0.06884783 0.520276 0.0936051 0.5375238 0.0936051 0.5375238 0.06884783 0.520276 0.08786964 0.5227 0.0936051 0.5375238 0.08786964 0.5227 0.1039687 0.5360271 0.1039687 0.5360271 0.08786964 0.5227 0.1069179 0.5204937 0.1039687 0.5360271 0.1069179 0.5204937 0.1139684 0.5391342 0.1139684 0.5391342 0.1069179 0.5204937 0.124882 0.5137861 0.1139684 0.5391342 0.124882 0.5137861 0.1569097 0.5442689 0.1569097 0.5442689 0.124882 0.5137861 0.1407147 0.5029681 0.1569097 0.5442689 0.1407147 0.5029681 0.1534928 0.4886705 0.06231367 0.6003593 0.08215558 0.572582 0.08207648 0.6018677 0.08207648 0.6018677 0.08215558 0.572582 0.08963823 0.579907 0.08207648 0.6018677 0.08963823 0.579907 0.1008502 0.608223 0.1008502 0.608223 0.08963823 0.579907 0.09954416 0.5833008 0.1008502 0.608223 0.09954416 0.5833008 0.1174655 0.6190292 0.1174655 0.6190292 0.09954416 0.5833008 0.1099466 0.5821032 0.1174655 0.6190292 0.1099466 0.5821032 0.1308874 0.6336134 0.1308874 0.6336134 0.1099466 0.5821032 0.1402798 0.6510669 0.1499514 0.6266723 0.1402798 0.6510669 0.1496605 0.6217214 0.1496605 0.6217214 0.1402798 0.6510669 0.1099466 0.5821032 0.1496605 0.6217214 0.1099466 0.5821032 0.1188223 0.5765473 0.02949541 0.7643285 0.03043025 0.7543404 0.04176741 0.7552427 0.04176741 0.7552427 0.03043025 0.7543404 0.03014105 0.7512942 0.04176741 0.7552427 0.03014105 0.7512942 0.02975368 0.7502376 0.01422482 0.6196335 0.01432663 0.6189025 0.02472996 0.6119509 0.02472996 0.6119509 0.01432663 0.6189025 0.08215558 0.572582 0.02472996 0.6119509 0.08215558 0.572582 0.04279285 0.6037916 0.04279285 0.6037916 0.08215558 0.572582 0.06231367 0.6003593 0.09987944 0.7515978 0.09842175 0.7724895 0.08102136 0.7576983 0.08102136 0.7576983 0.09842175 0.7724895 0.07749599 0.7772725 0.08102136 0.7576983 0.07749599 0.7772725 0.06123995 0.758939 0.06123995 0.758939 0.07749599 0.7772725 0.05603098 0.7773968 0.06123995 0.758939 0.05603098 0.7773968 0.04176741 0.7552427 0.04176741 0.7552427 0.05603098 0.7773968 0.03505128 0.7728562 0.14968 0.5775853 0.1523844 0.5808483 0.1457064 0.5761118 0.1457064 0.5761118 0.1523844 0.5808483 0.153095 0.5850262 0.1457064 0.5761118 0.153095 0.5850262 0.1253526 0.5742067 0.1253526 0.5742067 0.153095 0.5850262 0.1496605 0.6217214 0.1253526 0.5742067 0.1496605 0.6217214 0.1218273 0.5746513 0.1218273 0.5746513 0.1496605 0.6217214 0.1188223 0.5765473 0.03505128 0.7728562 0.03194886 0.7709704 0.04176741 0.7552427 0.04176741 0.7552427 0.03194886 0.7709704 0.02996701 0.7679284 0.04176741 0.7552427 0.02996701 0.7679284 0.02949541 0.7643285 0.1450577 0.6703026 0.1499514 0.6266723 0.1449236 0.6901225 0.1449236 0.6901225 0.1499514 0.6266723 0.1517112 0.6313089 0.1449236 0.6901225 0.1517112 0.6313089 0.1601752 0.6510352 0.1601752 0.6510352 0.164153 0.6721288 0.1449236 0.6901225 0.1449236 0.6901225 0.164153 0.6721288 0.1634547 0.6935828 0.1449236 0.6901225 0.1634547 0.6935828 0.1398856 0.7092918 0.1398856 0.7092918 0.1634547 0.6935828 0.1581137 0.7143732 0.1398856 0.7092918 0.1581137 0.7143732 0.1302577 0.7266165 0.1302577 0.7266165 0.1581137 0.7143732 0.148385 0.7335072 0.1302577 0.7266165 0.148385 0.7335072 0.1166396 0.7410175 0.1166396 0.7410175 0.148385 0.7335072 0.1347329 0.7500718 0.1166396 0.7410175 0.1347329 0.7500718 0.09987944 0.7515978 0.09987944 0.7515978 0.1347329 0.7500718 0.1178092 0.763276 0.09987944 0.7515978 0.1178092 0.763276 0.09842175 0.7724895 0.851176 0.8734076 0.8511939 0.8652273 0.85936 0.8735299 0.85936 0.8735299 0.8511939 0.8652273 0.859375 0.8668264 0.859375 0.8668264 0.8511939 0.8652273 0.859379 0.864842 0.859379 0.864842 0.8511939 0.8652273 0.851209 0.8565725 0.859379 0.864842 0.851209 0.8565725 0.8593881 0.8597905 0.8593881 0.8597905 0.851209 0.8565725 0.8593947 0.8555971 0.8593947 0.8555971 0.851209 0.8565725 0.851221 0.8475327 0.8593947 0.8555971 0.851221 0.8475327 0.8594059 0.8469141 0.8594059 0.8469141 0.851221 0.8475327 0.8594081 0.8448562 0.8594081 0.8448562 0.851221 0.8475327 0.851224 0.8447965 0.8594081 0.8448562 0.851224 0.8447965 0.8594152 0.8366997 0.851224 0.8447965 0.8512297 0.8381974 0.8594152 0.8366997 0.8594152 0.8366997 0.8512297 0.8381974 0.8512354 0.8287713 0.8594152 0.8366997 0.8512354 0.8287713 0.8594208 0.8263428 0.8512354 0.8287713 0.8512354 0.828656 0.8594208 0.8263428 0.8594208 0.8263428 0.8512354 0.828656 0.8512378 0.8205076 0.8594208 0.8263428 0.8512378 0.8205076 0.8594228 0.8166655 0.8749133 0.81626 0.8594228 0.8166655 0.8757972 0.8149986 0.8757972 0.8149986 0.8594228 0.8166655 0.8631048 0.8122006 0.8757972 0.8149986 0.8631048 0.8122006 0.8757972 0.8121967 0.8757972 0.8121967 0.8631048 0.8122006 0.8631002 0.7996437 0.8757972 0.8121967 0.8631002 0.7996437 0.8757923 0.7996283 0.8512331 0.7996914 0.8631002 0.7996437 0.8512372 0.8093135 0.8512372 0.8093135 0.8631002 0.7996437 0.8631048 0.8122006 0.8512372 0.8093135 0.8631048 0.8122006 0.8512377 0.812214 0.8512377 0.812214 0.8631048 0.8122006 0.8594228 0.8166655 0.8512377 0.812214 0.8594228 0.8166655 0.851238 0.8189983 0.851238 0.8189983 0.8594228 0.8166655 0.8512378 0.8205076 0.34665 0.9801852 0.4023553 0.9696509 0.4023304 0.976202 0.478159 0.7608389 0.5338158 0.7566277 0.4781606 0.7623055 0.5338158 0.7566277 0.5338225 0.7623096 0.4781606 0.7623055 0.4781606 0.7623055 0.5338225 0.7623096 0.5338259 0.7660916 0.4781606 0.7623055 0.5338259 0.7660916 0.4781696 0.7733322 0.4781696 0.7733322 0.5338259 0.7660916 0.5338335 0.7767315 0.4781696 0.7733322 0.5338335 0.7767315 0.4781718 0.7767274 0.5338335 0.7767315 0.533834 0.7774902 0.4781718 0.7767274 0.4781718 0.7767274 0.533834 0.7774902 0.5338371 0.7837159 0.4781718 0.7767274 0.5338371 0.7837159 0.4781774 0.7890774 0.4781774 0.7890774 0.5338371 0.7837159 0.5338396 0.7901641 0.4781774 0.7890774 0.5338396 0.7901641 0.4781792 0.7939589 0.4781792 0.7939589 0.5338396 0.7901641 0.5338408 0.7939629 0.4781792 0.7939589 0.5338408 0.7939629 0.4781814 0.806643 0.4781814 0.806643 0.5338408 0.7939629 0.533843 0.8033429 0.4781814 0.806643 0.533843 0.8033429 0.478182 0.812917 0.533843 0.8033429 0.5338438 0.8129211 0.478182 0.812917 0.478182 0.812917 0.5338438 0.8129211 0.5338439 0.816444 0.478182 0.812917 0.5338439 0.816444 0.4781813 0.8250411 0.4781813 0.8250411 0.5338439 0.816444 0.5338434 0.8229535 0.4781813 0.8250411 0.5338434 0.8229535 0.4781804 0.8324108 0.5338434 0.8229535 0.5338426 0.8294364 0.4781804 0.8324108 0.4781804 0.8324108 0.5338426 0.8294364 0.533842 0.8324148 0.4781804 0.8324108 0.533842 0.8324148 0.4781774 0.8432365 0.4781774 0.8432365 0.533842 0.8324148 0.5338395 0.8422742 0.4781774 0.8432365 0.5338395 0.8422742 0.4781741 0.8512153 0.5338395 0.8422742 0.533836 0.8512192 0.4781741 0.8512153 0.4781741 0.8512153 0.533836 0.8512192 0.5338341 0.8547443 0.4781741 0.8512153 0.5338341 0.8547443 0.4781692 0.8602061 0.4781692 0.8602061 0.5338341 0.8547443 0.5338256 0.8681529 0.4781692 0.8602061 0.5338256 0.8681529 0.4781638 0.8681489 0.2717396 0.9298396 0.2635648 0.9317249 0.2635607 0.9269654 0.2717396 0.9298396 0.2635607 0.9269654 0.2717349 0.9151439 0.4781638 0.8681489 0.5338256 0.8681529 0.4781578 0.8749951 0.4781578 0.8749951 0.5338256 0.8681529 0.533812 0.8821517 0.319238 0.9395899 0.2635648 0.9317249 0.3192262 0.9318282 0.3192262 0.9318282 0.2635648 0.9317249 0.2717396 0.9298396 0.3192262 0.9318282 0.2717396 0.9298396 0.3192242 0.9299277 0.2635607 0.9269654 0.2635583 0.9209271 0.2717349 0.9151439 0.2717349 0.9151439 0.2635583 0.9209271 0.2635583 0.9151287 0.2717349 0.9151439 0.2635583 0.9151287 0.2717351 0.9146214 0.2635583 0.9151287 0.2635589 0.9132179 0.2717351 0.9146214 0.2717351 0.9146214 0.2635589 0.9132179 0.2635616 0.907866 0.2717351 0.9146214 0.2635616 0.907866 0.2717485 0.8966709 0.2717485 0.8966709 0.2635616 0.907866 0.2635669 0.9011684 0.2717485 0.8966709 0.2635669 0.9011684 0.2635673 0.9008501 0.2636045 0.8770375 0.2717793 0.8779205 0.2635936 0.8825219 0.2635936 0.8825219 0.2717793 0.8779205 0.2717485 0.8966709 0.2635936 0.8825219 0.2717485 0.8966709 0.263572 0.8965095 0.263572 0.8965095 0.2717485 0.8966709 0.2635673 0.9008501 0.2637178 0.8404054 0.2718945 0.8404206 0.2718863 0.8423756 0.2637178 0.8404054 0.2718863 0.8423756 0.2636704 0.8529267 0.2636704 0.8529267 0.2718863 0.8423756 0.2718307 0.8579512 0.2636704 0.8529267 0.2718307 0.8579512 0.2636544 0.857936 0.2636544 0.857936 0.2718307 0.8579512 0.2718262 0.8594633 0.2636544 0.857936 0.2718262 0.8594633 0.2636045 0.8770375 0.2636045 0.8770375 0.2718262 0.8594633 0.2717812 0.8770527 0.2636045 0.8770375 0.2717812 0.8770527 0.2717793 0.8779205 0.2718945 0.8404206 0.2637178 0.8404054 0.271956 0.8276534 0.271956 0.8276534 0.2637178 0.8404054 0.2637748 0.8284472 0.9149991 0.2038264 0.9068226 0.2046731 0.9149984 0.2015239 0.9149984 0.2015239 0.9068226 0.2046731 0.9068218 0.2015243 0.9149984 0.2015239 0.9068218 0.2015243 0.9149952 0.1884089 0.9068177 0.1850485 0.9149944 0.1850481 0.9068186 0.1884499 0.9068186 0.1884499 0.9149944 0.1850481 0.9149952 0.1884089 0.9068186 0.1884499 0.9149952 0.1884089 0.9068199 0.1944702 0.9068199 0.1944702 0.9149952 0.1884089 0.9068218 0.2015243 0.9068177 0.1850485 0.9068176 0.1838608 0.9149944 0.1850481 0.9149944 0.1850481 0.9068176 0.1838608 0.9068168 0.1798282 0.9149944 0.1850481 0.9068168 0.1798282 0.9149922 0.1708705 0.9068168 0.1798282 0.9068161 0.176037 0.9149922 0.1708705 0.9149922 0.1708705 0.9068161 0.176037 0.9068157 0.1723585 0.9149922 0.1708705 0.9068157 0.1723585 0.9149915 0.1664977 0.9149915 0.1664977 0.9068157 0.1723585 0.9068149 0.1664981 0.9149915 0.1664977 0.9068149 0.1664981 0.9149904 0.1522336 0.9149904 0.1522336 0.9068149 0.1664981 0.9068141 0.1557969 0.9149904 0.1522336 0.9068141 0.1557969 0.9149901 0.1470382 0.9788496 0.1278889 0.9788494 0.1346675 0.9068135 0.1278929 0.9068135 0.1278929 0.9788494 0.1346675 0.9149899 0.1346711 0.9068135 0.1278929 0.9149899 0.1346711 0.9068135 0.1323592 0.9068135 0.1323592 0.9149899 0.1346711 0.9149901 0.1470382 0.9068135 0.1323592 0.9149901 0.1470382 0.9068135 0.1470387 0.9068135 0.1470387 0.9149901 0.1470382 0.9068141 0.1557969 0.9788496 0.1278889 0.9068135 0.1278929 0.9788501 0.1186024 0.9788501 0.1186024 0.9068135 0.1278929 0.906814 0.1192809 0.9788501 0.1186024 0.906814 0.1192809 0.9788511 0.11026 0.906814 0.1192809 0.9068149 0.110264 0.9788511 0.11026 0.9788511 0.11026 0.9068149 0.110264 0.9068156 0.1066751 0.9788511 0.11026 0.9068156 0.1066751 0.978852 0.1033776 0.3303817 0.8699764 0.4024112 0.8666482 0.4024219 0.8728074 0.3303817 0.8699764 0.4024219 0.8728074 0.3303951 0.8795398 0.3303951 0.8795398 0.4024219 0.8728074 0.402431 0.879563 0.3303951 0.8795398 0.402431 0.879563 0.3304014 0.885888 0.3304014 0.885888 0.402431 0.879563 0.4024375 0.88648 0.3304014 0.885888 0.4024375 0.88648 0.330408 0.8979783 0.330408 0.8979783 0.4024375 0.88648 0.4024438 0.8980016 0.330408 0.8979783 0.4024438 0.8980016 0.330409 0.9032911 0.4024438 0.8980016 0.4024444 0.90146 0.330409 0.9032911 0.330409 0.9032911 0.4024444 0.90146 0.4024444 0.9092051 0.330409 0.9032911 0.4024444 0.9092051 0.3304063 0.9174128 0.4024107 0.9469425 0.3303607 0.9543994 0.4024218 0.9397948 0.4024218 0.9397948 0.3303607 0.9543994 0.3303874 0.9388262 0.4024218 0.9397948 0.3303874 0.9388262 0.4024258 0.9366454 0.4024258 0.9366454 0.3303874 0.9388262 0.3303902 0.9366221 0.4024258 0.9366454 0.3303902 0.9366221 0.4024375 0.9247472 0.4024375 0.9247472 0.3303902 0.9366221 0.3304042 0.9212568 0.4024375 0.9247472 0.3304042 0.9212568 0.4024421 0.917436 0.4024421 0.917436 0.3304042 0.9212568 0.3304063 0.9174128 0.4024421 0.917436 0.3304063 0.9174128 0.4024422 0.9169993 0.4024422 0.9169993 0.3304063 0.9174128 0.4024444 0.9092051 0.4024107 0.9469425 0.4023979 0.9537435 0.3303607 0.9543994 0.3303607 0.9543994 0.4023979 0.9537435 0.4023963 0.9544227 0.3303607 0.9543994 0.4023963 0.9544227 0.3303592 0.9550612 0.3303592 0.9550612 0.4023963 0.9544227 0.4023832 0.9601269 0.3303592 0.9550612 0.4023832 0.9601269 0.3303214 0.9690955 0.3303214 0.9690955 0.4023832 0.9601269 0.4023553 0.9696509 0.3303214 0.9690955 0.4023553 0.9696509 0.3303197 0.9696276 0.3303197 0.9696276 0.4023553 0.9696509 0.34665 0.9801852 0.3303197 0.9696276 0.34665 0.9801852 0.3302758 0.9801799 0.2386982 0.4663507 0.2420108 0.4663088 0.2423821 0.4709211 0.2423821 0.4709211 0.2420108 0.4663088 0.2534024 0.4662387 0.2423821 0.4709211 0.2534024 0.4662387 0.255073 0.4682455 0.85936 0.8735299 0.8593481 0.8780313 0.851176 0.8734076 0.851176 0.8734076 0.8593481 0.8780313 0.8511551 0.8810313 0.255073 0.4682455 0.2550739 0.4708622 0.2423821 0.4709211 0.2423821 0.4709211 0.2550739 0.4708622 0.2550758 0.4776304 0.2423821 0.4709211 0.2550758 0.4776304 0.2423841 0.4776827 0.2423841 0.4776827 0.2550758 0.4776304 0.2550776 0.4847081 0.2423841 0.4776827 0.2550776 0.4847081 0.2423858 0.4847534 0.2423858 0.4847534 0.2550776 0.4847081 0.2550806 0.4992168 0.2423858 0.4847534 0.2550806 0.4992168 0.2423889 0.4992476 0.2423889 0.4992476 0.2550806 0.4992168 0.2550818 0.5065795 0.2423889 0.4992476 0.2550818 0.5065795 0.2423899 0.506603 0.2423899 0.506603 0.2550818 0.5065795 0.2550831 0.5139505 0.2423899 0.506603 0.2550831 0.5139505 0.2423911 0.5139667 0.8593481 0.8780313 0.8593385 0.8813183 0.8511551 0.8810313 0.8511551 0.8810313 0.8593385 0.8813183 0.8593136 0.8887699 0.8511551 0.8810313 0.8593136 0.8887699 0.8511317 0.8880468 0.2305145 0.4659002 0.2386982 0.4663507 0.2423821 0.4709211 0.2305145 0.4659002 0.2423821 0.4709211 0.2305167 0.4731421 0.2305167 0.4731421 0.2423821 0.4709211 0.2423841 0.4776827 0.2305167 0.4731421 0.2423841 0.4776827 0.2305188 0.4808378 0.2305188 0.4808378 0.2423841 0.4776827 0.2423858 0.4847534 0.2305188 0.4808378 0.2423858 0.4847534 0.2305208 0.48888 0.2305208 0.48888 0.2423858 0.4847534 0.2423889 0.4992476 0.2305208 0.48888 0.2423889 0.4992476 0.2305224 0.4971615 0.2305224 0.4971615 0.2423889 0.4992476 0.2423899 0.506603 0.2305224 0.4971615 0.2423899 0.506603 0.2305237 0.5055751 0.2305237 0.5055751 0.2423899 0.506603 0.2423911 0.5139667 0.2305237 0.5055751 0.2423911 0.5139667 0.2305248 0.5140134 0.8958802 0.4099732 0.8939111 0.407464 0.8915112 0.401358 0.8915112 0.401358 0.8939111 0.407464 0.8749945 0.3928986 0.8915112 0.401358 0.8749945 0.3928986 0.891148 0.4007154 0.8352434 0.2746521 0.8344346 0.2748129 0.8387317 0.2674376 0.8387317 0.2674376 0.8344346 0.2748129 0.8337246 0.2752324 0.8387317 0.2674376 0.8337246 0.2752324 0.8331936 0.2758631 0.8701553 0.2443639 0.8676009 0.2414501 0.8694518 0.2403814 0.8511571 0.2785406 0.851961 0.2794913 0.8432068 0.2836232 0.8432068 0.2836232 0.851961 0.2794913 0.8526671 0.2798343 0.8432068 0.2836232 0.8526671 0.2798343 0.8423147 0.2874781 0.8423147 0.2874781 0.8526671 0.2798343 0.8449128 0.2934334 0.8423147 0.2874781 0.8449128 0.2934334 0.835241 0.3069618 0.835241 0.3069618 0.8449128 0.2934334 0.8393352 0.3114235 0.835241 0.3069618 0.8393352 0.3114235 0.8331338 0.3275822 0.8331338 0.3275822 0.8393352 0.3114235 0.8381511 0.3302212 0.8331338 0.3275822 0.8381511 0.3302212 0.8361204 0.3480938 0.8361204 0.3480938 0.8381511 0.3302212 0.8414271 0.348769 0.8361204 0.3480938 0.8414271 0.348769 0.8440205 0.3672572 0.8440205 0.3672572 0.8414271 0.348769 0.848979 0.3660237 0.8440205 0.3672572 0.848979 0.3660237 0.8563566 0.3839146 0.8563566 0.3839146 0.848979 0.3660237 0.8603819 0.3810147 0.8563566 0.3839146 0.8603819 0.3810147 0.8723834 0.3970595 0.8723834 0.3970595 0.8603819 0.3810147 0.8749945 0.3928986 0.8723834 0.3970595 0.8749945 0.3928986 0.8911326 0.4058977 0.8911326 0.4058977 0.8749945 0.3928986 0.8939111 0.407464 0.8701553 0.2443639 0.8694518 0.2403814 0.8854951 0.2372135 0.8676009 0.2414501 0.8701553 0.2443639 0.8599222 0.2464725 0.8599222 0.2464725 0.8701553 0.2443639 0.8563433 0.254145 0.8599222 0.2464725 0.8563433 0.254145 0.8562952 0.2492163 0.8511571 0.2785406 0.8432068 0.2836232 0.8491587 0.2699001 0.8491587 0.2699001 0.8432068 0.2836232 0.8421868 0.2798001 0.8491587 0.2699001 0.8421868 0.2798001 0.8510028 0.2612253 0.8510028 0.2612253 0.8421868 0.2798001 0.839493 0.2769018 0.8510028 0.2612253 0.839493 0.2769018 0.8366535 0.2750502 0.8694518 0.2403814 0.8768972 0.2365727 0.8854951 0.2372135 0.8854951 0.2372135 0.8768972 0.2365727 0.8865903 0.2326728 0.8854951 0.2372135 0.8865903 0.2326728 0.8932076 0.2322459 0.8932076 0.2322459 0.8865903 0.2326728 0.8958801 0.2299401 0.8366535 0.2750502 0.8360599 0.2747679 0.8387317 0.2674376 0.8387317 0.2674376 0.8360599 0.2747679 0.8357356 0.2746881 0.8387317 0.2674376 0.8357356 0.2746881 0.8352434 0.2746521 0.8387317 0.2674376 0.8412766 0.2641201 0.8366535 0.2750502 0.8366535 0.2750502 0.8412766 0.2641201 0.8448505 0.2599245 0.8366535 0.2750502 0.8448505 0.2599245 0.8510028 0.2612253 0.8510028 0.2612253 0.8448505 0.2599245 0.8503432 0.2543427 0.8510028 0.2612253 0.8503432 0.2543427 0.8563433 0.254145 0.8563433 0.254145 0.8503432 0.2543427 0.8520038 0.2528263 0.8563433 0.254145 0.8520038 0.2528263 0.8562952 0.2492163 0.8594167 0.8198258 0.8594228 0.8166655 0.8741534 0.8198266 0.8741534 0.8198266 0.8594228 0.8166655 0.8749133 0.81626 0.8741073 0.8609648 0.8593707 0.860964 0.8593935 0.8451605 0.8741073 0.8609648 0.8593935 0.8451605 0.8741301 0.8451613 0.8741301 0.8451613 0.8593935 0.8451605 0.8594057 0.8285281 0.8741301 0.8451613 0.8594057 0.8285281 0.8741425 0.8285288 0.8741425 0.8285288 0.8594057 0.8285281 0.8741496 0.8218036 0.8741496 0.8218036 0.8594057 0.8285281 0.8594167 0.8198258 0.8741496 0.8218036 0.8594167 0.8198258 0.8741534 0.8198266 0.1666492 0.4685025 0.167387 0.4658966 0.181386 0.4685036 0.181386 0.4685036 0.167387 0.4658966 0.1780374 0.4659684 0.181386 0.4685036 0.1780374 0.4659684 0.1813884 0.4660131 0.3278778 0.8714888 0.3270566 0.8714905 0.3278581 0.8600969 0.3278581 0.8600969 0.3270566 0.8714905 0.3271856 0.8606136 0.3250226 0.8610603 0.32569 0.8610779 0.3260866 0.8714892 0.3260866 0.8714892 0.32569 0.8610779 0.3260766 0.8610246 0.3260866 0.8714892 0.3260766 0.8610246 0.3270566 0.8714905 0.3270566 0.8714905 0.3260766 0.8610246 0.3264796 0.860922 0.3270566 0.8714905 0.3264796 0.860922 0.3271856 0.8606136 0.3243247 0.8714775 0.3243094 0.8608267 0.3244825 0.8609127 0.3244825 0.8609127 0.3251242 0.8714845 0.3243247 0.8714775 0.3243247 0.8714775 0.3251242 0.8714845 0.3248146 0.8748236 0.3243247 0.8714775 0.3248146 0.8748236 0.3243094 0.874829 0.3264004 0.8748103 0.325577 0.8748165 0.3251242 0.8714845 0.3251242 0.8714845 0.325577 0.8748165 0.325109 0.8748207 0.3251242 0.8714845 0.325109 0.8748207 0.3248146 0.8748236 0.3244825 0.8609127 0.3250226 0.8610603 0.3251242 0.8714845 0.3251242 0.8714845 0.3250226 0.8610603 0.3260866 0.8714892 0.3251242 0.8714845 0.3260866 0.8714892 0.3264004 0.8748103 0.3264004 0.8748103 0.3260866 0.8714892 0.3270566 0.8714905 0.3264004 0.8748103 0.3270566 0.8714905 0.3271921 0.874805 0.3271921 0.874805 0.3270566 0.8714905 0.3278778 0.8714888 0.3271921 0.874805 0.3278778 0.8714888 0.3278627 0.8748017 0.8593707 0.860964 0.8741073 0.8609648 0.8740868 0.867892 0.8593707 0.860964 0.8740868 0.867892 0.85935 0.8678912 0.1405444 0.958763 0.1552813 0.958763 0.1552824 0.966902 0.1405444 0.958763 0.1552824 0.966902 0.1405456 0.966902 0.1405456 0.966902 0.1552824 0.966902 0.1552823 0.9757671 0.1405456 0.966902 0.1552823 0.9757671 0.1405454 0.9757671 0.1552823 0.9757671 0.1552821 0.976858 0.1405454 0.9757671 0.1405454 0.9757671 0.1552821 0.976858 0.1405453 0.976858 0.345009 0.983491 0.3302721 0.9834862 0.3450084 0.982755 0.3450084 0.982755 0.3302721 0.9834862 0.3302717 0.9822829 0.3450084 0.982755 0.3302717 0.9822829 0.3454368 0.9822877 0.3454368 0.9822877 0.3302717 0.9822829 0.330273 0.9810775 0.3454368 0.9822877 0.330273 0.9810775 0.3463222 0.9810827 0.3463222 0.9810827 0.330273 0.9810775 0.3465608 0.9805919 0.3465608 0.9805919 0.330273 0.9810775 0.3302758 0.9801799 0.3465608 0.9805919 0.3302758 0.9801799 0.34665 0.9801852 0.1666483 0.4794477 0.1813849 0.4794489 0.1666569 0.4943116 0.1666569 0.4943116 0.1813849 0.4794489 0.1813945 0.4966073 0.1813996 0.5160841 0.1666619 0.5110589 0.1813945 0.4966073 0.1813945 0.4966073 0.1666619 0.5110589 0.1666577 0.4966061 0.1813945 0.4966073 0.1666577 0.4966061 0.1666569 0.4943116 0.1666615 0.5470502 0.1666632 0.5367014 0.1814 0.5367025 0.1814 0.5367025 0.1666632 0.5367014 0.1666637 0.5289141 0.1814 0.5367025 0.1666637 0.5289141 0.1813996 0.5160841 0.1813996 0.5160841 0.1666637 0.5289141 0.1666628 0.516083 0.1813996 0.5160841 0.1666628 0.516083 0.1666619 0.5110589 0.1666615 0.5470502 0.1814 0.5367025 0.1666589 0.5572158 0.1666589 0.5572158 0.1814 0.5367025 0.1813955 0.557217 0.1666589 0.5572158 0.1813955 0.557217 0.166656 0.5646271 0.166656 0.5646271 0.1813955 0.557217 0.1813866 0.576388 0.166656 0.5646271 0.1813866 0.576388 0.16665 0.5763868 0.16665 0.5763868 0.1813866 0.576388 0.1666471 0.5808311 0.1666471 0.5808311 0.1813866 0.576388 0.1813738 0.5930571 0.1666471 0.5808311 0.1813738 0.5930571 0.166637 0.593056 0.166637 0.593056 0.1813738 0.5930571 0.1666353 0.5949114 0.7402285 0.9195038 0.7254932 0.921271 0.7254941 0.9052935 0.7402285 0.9195038 0.7254941 0.9052935 0.7402308 0.9053388 0.1666492 0.4685025 0.181386 0.4685036 0.181384 0.4719732 0.1666492 0.4685025 0.181384 0.4719732 0.1666474 0.4715274 0.1666474 0.4715274 0.181384 0.4719732 0.1813836 0.4759298 0.1666474 0.4715274 0.1813836 0.4759298 0.1666468 0.4757023 0.1666468 0.4757023 0.1813836 0.4759298 0.1813849 0.4794489 0.1666468 0.4757023 0.1813849 0.4794489 0.1666483 0.4794477 0.8495365 0.004743456 0.8970217 0.004744946 0.8495342 0.01416617 0.8495342 0.01416617 0.8970217 0.004744946 0.8969919 0.127722 0.8495342 0.01416617 0.8969919 0.127722 0.8347976 0.01416569 0.8347976 0.01416569 0.8969919 0.127722 0.8347701 0.1277199 0.7402308 0.9053388 0.7254941 0.9052935 0.7254932 0.9029893 0.7402308 0.9053388 0.7254932 0.9029893 0.7402299 0.9030346 0.8347988 0.01125073 0.8495357 0.01125121 0.8495342 0.01416617 0.8347988 0.01125073 0.8495342 0.01416617 0.8347976 0.01416569 0.7075113 0.8618826 0.7365753 0.8618826 0.7074657 0.9013717 0.7074657 0.9013717 0.7365753 0.8618826 0.7365298 0.9013717 0.8844713 0.8186125 0.8845282 0.814149 0.8893284 0.8142008 0.8891013 0.8387556 0.8838668 0.8386995 0.8841024 0.8331153 0.8844713 0.8186125 0.8893284 0.8142008 0.8841024 0.8331153 0.8841024 0.8331153 0.8893284 0.8142008 0.8891013 0.8387556 0.8891013 0.8387556 0.8893284 0.8142008 0.895794 0.8142738 0.8891013 0.8387556 0.895794 0.8142738 0.8955166 0.8388276 0.7278059 0.5597262 0.7265473 0.5670129 0.7240393 0.5675428 0.8808244 0.8677803 0.8789962 0.8745532 0.8762942 0.874703 0.7240393 0.5675428 0.7250495 0.5593317 0.7278059 0.5597262 0.7278059 0.5597262 0.7250495 0.5593317 0.7262997 0.5450313 0.8774862 0.8674247 0.8757972 0.8527157 0.8789818 0.8530219 0.8789818 0.8530219 0.8757972 0.8527157 0.8762052 0.8447783 0.1781851 0.7793585 0.1781851 0.7707287 0.1796961 0.771211 0.8804567 0.8385772 0.8789818 0.8530219 0.8798104 0.83855 0.8798104 0.83855 0.8789818 0.8530219 0.8775586 0.8447882 0.8798104 0.83855 0.8775586 0.8447882 0.8776705 0.8384469 0.8762942 0.874703 0.8774862 0.8674247 0.8808244 0.8677803 0.8808244 0.8677803 0.8774862 0.8674247 0.8789818 0.8530219 0.8808244 0.8677803 0.8789818 0.8530219 0.8828505 0.853276 0.8828505 0.853276 0.8789818 0.8530219 0.8804567 0.8385772 0.8828505 0.853276 0.8804567 0.8385772 0.8838668 0.8386995 0.4911269 0.6238442 0.4910065 0.6301859 0.4894503 0.6301859 0.7074623 0.9029895 0.7074657 0.9013717 0.7365298 0.9013717 0.7365298 0.9013717 0.7366384 0.902237 0.7074623 0.9029895 0.7074623 0.9029895 0.7366384 0.902237 0.73696 0.9029895 0.4878114 0.6301862 0.4878114 0.6006883 0.4894503 0.6301859 0.4894503 0.6301859 0.4878114 0.6006883 0.4894503 0.5994842 0.4911269 0.6238442 0.4894503 0.6301859 0.4912275 0.6156577 0.4912275 0.6156577 0.4894503 0.6301859 0.4894503 0.5994842 0.4912275 0.6156577 0.4894503 0.5994842 0.4912989 0.5994842 0.8806638 0.8330185 0.8777956 0.830261 0.8809985 0.8185648 0.8809985 0.8185648 0.8777956 0.830261 0.8779897 0.8140885 0.8809985 0.8185648 0.8779897 0.8140885 0.8810536 0.8141148 0.8776705 0.8384469 0.8777956 0.830261 0.8798104 0.83855 0.8798104 0.83855 0.8777956 0.830261 0.8806638 0.8330185 0.8798104 0.83855 0.8806638 0.8330185 0.8804567 0.8385772 0.8804567 0.8385772 0.8806638 0.8330185 0.8838668 0.8386995 0.8838668 0.8386995 0.8806638 0.8330185 0.8841024 0.8331153 0.8841024 0.8331153 0.8806638 0.8330185 0.8809985 0.8185648 0.8841024 0.8331153 0.8809985 0.8185648 0.8844713 0.8186125 0.8844713 0.8186125 0.8809985 0.8185648 0.8810536 0.8141148 0.8844713 0.8186125 0.8810536 0.8141148 0.8845282 0.814149 0.7517828 0.9692166 0.7517828 0.9401525 0.7791531 0.9692788 0.7791531 0.9692788 0.7517828 0.9401525 0.7791531 0.9402146 0.7791531 0.9692788 0.7791531 0.9402146 0.7802073 0.9402182 0.7791531 0.9692788 0.7802073 0.9402182 0.7802073 0.9692823 0.1666024 0.7331318 0.1666024 0.7040675 0.1678518 0.7040666 0.1666024 0.7331318 0.1678518 0.7040666 0.1678519 0.7331308 0.1678519 0.7331308 0.1678518 0.7040666 0.1693869 0.7040663 0.1678519 0.7331308 0.1693869 0.7040663 0.1693869 0.7331305 0.1693869 0.7331305 0.1693869 0.7040663 0.170974 0.7040665 0.1693869 0.7331305 0.170974 0.7040665 0.170974 0.7331307 0.4842568 0.4210261 0.4836323 0.4231988 0.4839677 0.4208403 0.4839677 0.4208403 0.4836323 0.4231988 0.4723022 0.4210041 0.4839677 0.4208403 0.4723022 0.4210041 0.4745498 0.4147881 0.4836323 0.4231988 0.4831246 0.4267687 0.4723022 0.4210041 0.4723022 0.4210041 0.4831246 0.4267687 0.4828221 0.4288944 0.4723022 0.4210041 0.4828221 0.4288944 0.4712128 0.4278637 0.4712128 0.4278637 0.4828221 0.4288944 0.48264 0.430174 0.7006068 0.5800635 0.7059644 0.5675867 0.7124843 0.5800646 0.7124843 0.5800646 0.7059644 0.5675867 0.7128354 0.5678496 0.7124843 0.5800646 0.7128354 0.5678496 0.7197063 0.5680937 0.4783074 0.409763 0.4855827 0.4189538 0.4745498 0.4147881 0.4745498 0.4147881 0.4855827 0.4189538 0.4850795 0.4195882 0.4745498 0.4147881 0.4850795 0.4195882 0.4839677 0.4208403 0.4839677 0.4208403 0.4850795 0.4195882 0.4842568 0.4210261 0.1408293 0.9247449 0.1385362 0.9115035 0.1490245 0.9247486 0.1490245 0.9247486 0.1385362 0.9115035 0.1530733 0.9114915 0.1490245 0.9247486 0.1530733 0.9114915 0.1563663 0.9247519 0.1563663 0.9247519 0.1530733 0.9114915 0.1553438 0.9114882 0.1563663 0.9247519 0.1553438 0.9114882 0.1629372 0.924753 0.1629372 0.924753 0.1553438 0.9114882 0.1587432 0.9124029 0.4783074 0.409763 0.4880278 0.4170538 0.4855827 0.4189538 0.09695696 0.8968817 0.09420663 0.892877 0.1006177 0.8510497 0.1006177 0.8510497 0.09420663 0.892877 0.09084838 0.8863035 0.09084838 0.8863035 0.08820486 0.8789645 0.1006177 0.8510497 0.1006177 0.8510497 0.08820486 0.8789645 0.08730155 0.8756282 0.1006177 0.8510497 0.08730155 0.8756282 0.08663988 0.8726931 0.08663988 0.8726931 0.08529537 0.8641906 0.1006177 0.8510497 0.1006177 0.8510497 0.08529537 0.8641906 0.08463746 0.8552821 0.1006177 0.8510497 0.08463746 0.8552821 0.08456522 0.8510747 0.1118802 0.9075061 0.1083137 0.9062129 0.1190395 0.8510354 0.1190395 0.8510354 0.1083137 0.9062129 0.1037439 0.9035397 0.1190395 0.8510354 0.1037439 0.9035397 0.1006177 0.8510497 0.1006177 0.8510497 0.1037439 0.9035397 0.101109 0.9013932 0.1006177 0.8510497 0.101109 0.9013932 0.09695696 0.8968817 0.1276746 0.907216 0.1219726 0.9081981 0.1190395 0.8510354 0.1190395 0.8510354 0.1219726 0.9081981 0.1168569 0.9083281 0.1190395 0.8510354 0.1168569 0.9083281 0.1118802 0.9075061 0.1526232 0.9074542 0.1498131 0.9051398 0.1587748 0.8510438 0.1587432 0.9124029 0.1553438 0.9114882 0.1587748 0.8510438 0.1587748 0.8510438 0.1553438 0.9114882 0.1529868 0.9078755 0.1587748 0.8510438 0.1529868 0.9078755 0.1526232 0.9074542 0.1498131 0.9051398 0.1467963 0.9040272 0.1587748 0.8510438 0.1587748 0.8510438 0.1467963 0.9040272 0.146349 0.9039475 0.1587748 0.8510438 0.146349 0.9039475 0.1386989 0.8510335 0.1386989 0.8510335 0.146349 0.9039475 0.1423577 0.9038736 0.1423577 0.9038736 0.1412505 0.9039992 0.1386989 0.8510335 0.1386989 0.8510335 0.1412505 0.9039992 0.1384137 0.9045019 0.1386989 0.8510335 0.1384137 0.9045019 0.1190395 0.8510354 0.1190395 0.8510354 0.1384137 0.9045019 0.1292319 0.9068463 0.1190395 0.8510354 0.1292319 0.9068463 0.1276746 0.907216 0.699527 0.5063862 0.711093 0.5063875 0.6995269 0.5682452 0.6995269 0.5682452 0.711093 0.5063875 0.711093 0.5370892 0.7059644 0.5675867 0.7047835 0.5676121 0.711093 0.5370892 0.711093 0.5370892 0.7047835 0.5676121 0.7028217 0.5677349 0.711093 0.5370892 0.7028217 0.5677349 0.6995269 0.5682452 0.711093 0.5370892 0.7267575 0.5370913 0.7262997 0.5450313 0.7059644 0.5675867 0.711093 0.5370892 0.7128354 0.5678496 0.7128354 0.5678496 0.711093 0.5370892 0.7262997 0.5450313 0.7128354 0.5678496 0.7262997 0.5450313 0.7250495 0.5593317 0.7240393 0.5675428 0.7228697 0.5678031 0.7250495 0.5593317 0.7250495 0.5593317 0.7228697 0.5678031 0.7197063 0.5680937 0.7250495 0.5593317 0.7197063 0.5680937 0.7128354 0.5678496 0.1587432 0.9124029 0.1587748 0.8510438 0.161827 0.9130953 0.161827 0.9130953 0.1587748 0.8510438 0.1626271 0.8510444 0.161827 0.9130953 0.1626271 0.8510444 0.1625937 0.9131649 0.1625937 0.9131649 0.1626271 0.8510444 0.1640648 0.9131776 0.1640648 0.9131776 0.1626271 0.8510444 0.1658002 0.8510394 0.697608 0.5685209 0.699527 0.5063862 0.6995269 0.5682452 0.7517828 0.9401525 0.7517828 0.9692166 0.7500078 0.9398916 0.7500078 0.9398916 0.7517828 0.9692166 0.748031 0.9692118 0.7500078 0.9398916 0.748031 0.9692118 0.7479854 0.9391105 0.7479854 0.9391105 0.748031 0.9692118 0.7468873 0.9385101 0.7468873 0.9385101 0.748031 0.9692118 0.7439752 0.9692131 0.7468873 0.9385101 0.7439752 0.9692131 0.7439752 0.9385116 0.7439752 0.9385116 0.7439752 0.9692131 0.740621 0.9692199 0.7439752 0.9385116 0.740621 0.9692199 0.7406209 0.9385184 0.2423859 0.6973897 0.2550792 0.6974015 0.2550811 0.7282444 0.2305197 0.7282079 0.2305177 0.6973523 0.2423859 0.6973897 0.2423859 0.6973897 0.2550811 0.7282444 0.2305197 0.7282079 0.2305197 0.7282079 0.2550811 0.7282444 0.2550821 0.7431945 0.2305197 0.7282079 0.2550821 0.7431945 0.2305209 0.7431461 0.2305209 0.7431461 0.2550821 0.7431945 0.2550829 0.7589214 0.2305209 0.7431461 0.2550829 0.7589214 0.2305219 0.7588486 0.4269877 0.7986113 0.4465928 0.7982824 0.4269934 0.809105 0.4269934 0.809105 0.4465928 0.7982824 0.4465982 0.8086909 0.4269934 0.809105 0.4465982 0.8086909 0.4269999 0.8192965 0.4269999 0.8192965 0.4465982 0.8086909 0.4466046 0.818798 0.4269999 0.8192965 0.4466046 0.818798 0.4270005 0.8199114 0.4270005 0.8199114 0.4466046 0.818798 0.4466118 0.8285102 0.4466195 0.8377335 0.4270125 0.835349 0.4466118 0.8285102 0.4466118 0.8285102 0.4270125 0.835349 0.4270072 0.8290907 0.4466118 0.8285102 0.4270072 0.8290907 0.4270005 0.8199114 0.4466444 0.8615339 0.4270418 0.8623968 0.446636 0.8543391 0.446636 0.8543391 0.4270418 0.8623968 0.4270326 0.8551409 0.446636 0.8543391 0.4270326 0.8551409 0.4466276 0.8463745 0.4466276 0.8463745 0.4270326 0.8551409 0.4270236 0.8471078 0.4466276 0.8463745 0.4270236 0.8471078 0.4466195 0.8377335 0.4466195 0.8377335 0.4270236 0.8471078 0.4270151 0.8383928 0.4466195 0.8377335 0.4270151 0.8383928 0.4270125 0.835349 0.4628913 0.7873382 0.4465928 0.7982824 0.4465885 0.7876663 0.4465885 0.7876663 0.4465928 0.7982824 0.4269877 0.7986113 0.4465885 0.7876663 0.4269877 0.7986113 0.4269831 0.7879102 0.4628913 0.7873382 0.4628952 0.7978395 0.4465928 0.7982824 0.4465928 0.7982824 0.4628952 0.7978395 0.4628956 0.7986587 0.4465928 0.7982824 0.4628956 0.7986587 0.4465982 0.8086909 0.4465982 0.8086909 0.4628956 0.7986587 0.4629003 0.8081327 0.4465982 0.8086909 0.4629003 0.8081327 0.4466046 0.818798 0.4629003 0.8081327 0.4629052 0.8160494 0.4466046 0.818798 0.4466046 0.818798 0.4629052 0.8160494 0.4629065 0.8181259 0.4466046 0.818798 0.4629065 0.8181259 0.4466118 0.8285102 0.4466118 0.8285102 0.4629065 0.8181259 0.4629136 0.8277269 0.4466118 0.8285102 0.4629136 0.8277269 0.4466195 0.8377335 0.4629136 0.8277269 0.4629175 0.8326726 0.4466195 0.8377335 0.4466195 0.8377335 0.4629175 0.8326726 0.4629212 0.8368436 0.4466195 0.8377335 0.4629212 0.8368436 0.4466276 0.8463745 0.4466276 0.8463745 0.4629212 0.8368436 0.4629291 0.8453842 0.4466276 0.8463745 0.4629291 0.8453842 0.446636 0.8543391 0.4629441 0.8603686 0.4466444 0.8615339 0.4629377 0.8542677 0.4629377 0.8542677 0.4466444 0.8615339 0.446636 0.8543391 0.4629377 0.8542677 0.446636 0.8543391 0.4629367 0.8532565 0.4629367 0.8532565 0.446636 0.8543391 0.4629291 0.8453842 0.8955166 0.8388276 0.895794 0.8142738 0.8996756 0.8143188 0.8955166 0.8388276 0.8995341 0.8270086 0.9080639 0.8389759 0.9080639 0.8389759 0.8995341 0.8270086 0.9134786 0.8271757 0.9080639 0.8389759 0.9134786 0.8271757 0.9132553 0.8390392 0.9132553 0.8390392 0.9134786 0.8271757 0.9223529 0.8391526 0.9223529 0.8391526 0.9134786 0.8271757 0.927246 0.8273484 0.9223529 0.8391526 0.927246 0.8273484 0.9269714 0.8392118 0.9394136 0.8275088 0.939098 0.839372 0.9368213 0.8393412 0.9394136 0.8275088 0.9368213 0.8393412 0.927246 0.8273484 0.927246 0.8273484 0.9368213 0.8393412 0.9296623 0.8392464 0.927246 0.8273484 0.9296623 0.8392464 0.9269714 0.8392118 0.8955166 0.8388276 0.8996756 0.8143188 0.8995341 0.8270086 0.8995341 0.8270086 0.8996756 0.8143188 0.9136404 0.8144859 0.8995341 0.8270086 0.9136404 0.8144859 0.9134786 0.8271757 0.9134786 0.8271757 0.9136404 0.8144859 0.927425 0.8146584 0.9134786 0.8271757 0.927425 0.8146584 0.927246 0.8273484 0.927246 0.8273484 0.927425 0.8146584 0.9396062 0.8148189 0.927246 0.8273484 0.9396062 0.8148189 0.9394136 0.8275088 0.9394136 0.8275088 0.9396062 0.8148189 0.9504604 0.8149714 0.9394136 0.8275088 0.9504604 0.8149714 0.9502564 0.8276616 0.9502564 0.8276616 0.9499071 0.8395249 0.9394136 0.8275088 0.7064735 0.6282288 0.697608 0.6151207 0.7039597 0.6159408 0.9394136 0.8275088 0.9436347 0.8394347 0.939098 0.839372 0.4466068 0.5809658 0.4269926 0.5806769 0.4466066 0.556471 0.4466066 0.556471 0.4269926 0.5806769 0.4269927 0.5561829 0.4466066 0.556471 0.4269927 0.5561829 0.4466059 0.531444 0.4466059 0.531444 0.4269927 0.5561829 0.426993 0.5310789 0.4629216 0.5813588 0.4466068 0.5809658 0.4629215 0.5568629 0.4629215 0.5568629 0.4466068 0.5809658 0.4466066 0.556471 0.4629215 0.5568629 0.4466066 0.556471 0.4629192 0.53194 0.4629192 0.53194 0.4466066 0.556471 0.4466059 0.531444 0.4151243 0.5309836 0.4024308 0.5309537 0.4024327 0.513999 0.426994 0.5161399 0.426993 0.5310789 0.4151258 0.5140363 0.4151258 0.5140363 0.426993 0.5310789 0.4151243 0.5309836 0.426994 0.5161399 0.4151258 0.5140363 0.426996 0.500055 0.426996 0.500055 0.4151258 0.5140363 0.4151287 0.4970052 0.426996 0.500055 0.4151287 0.4970052 0.4269967 0.4971486 0.4269967 0.4971486 0.4151287 0.4970052 0.427 0.4838238 0.427 0.4838238 0.4151287 0.4970052 0.415133 0.4821197 0.427 0.4838238 0.415133 0.4821197 0.4270006 0.4822885 0.4151243 0.5309836 0.4024327 0.513999 0.4151258 0.5140363 0.4151258 0.5140363 0.4024327 0.513999 0.4024357 0.4969592 0.4151258 0.5140363 0.4024357 0.4969592 0.4151287 0.4970052 0.4151287 0.4970052 0.4024357 0.4969592 0.4024401 0.4820653 0.4151287 0.4970052 0.4024401 0.4820653 0.415133 0.4821197 0.415133 0.4821197 0.4024401 0.4820653 0.4024466 0.4681881 0.415133 0.4821197 0.4024466 0.4681881 0.4151391 0.4682511 0.4151391 0.4682511 0.4270064 0.4684457 0.415133 0.4821197 0.415133 0.4821197 0.4270064 0.4684457 0.4270028 0.4759657 0.415133 0.4821197 0.4270028 0.4759657 0.4270006 0.4822885 0.4269763 0.7051013 0.4465879 0.7053996 0.4269745 0.7241904 0.4269745 0.7241904 0.4465879 0.7053996 0.4465845 0.7243895 0.4269745 0.7241904 0.4465845 0.7243895 0.4269744 0.7268661 0.4269744 0.7268661 0.4465845 0.7243895 0.4465825 0.7448611 0.4269744 0.7268661 0.4465825 0.7448611 0.4269744 0.7447906 0.4269744 0.7447906 0.4465825 0.7448611 0.4269744 0.746325 0.4269752 0.7554531 0.4465826 0.7554507 0.4269767 0.7642258 0.4269767 0.7642258 0.4465826 0.7554507 0.4465835 0.7661686 0.4465885 0.7876663 0.4269831 0.7879102 0.4465855 0.776934 0.4465855 0.776934 0.4269831 0.7879102 0.4269797 0.7770947 0.4465855 0.776934 0.4269797 0.7770947 0.4465835 0.7661686 0.4465835 0.7661686 0.4269797 0.7770947 0.4269769 0.7662484 0.4465835 0.7661686 0.4269769 0.7662484 0.4269767 0.7642258 0.4465879 0.7053996 0.4628995 0.7058053 0.4465845 0.7243895 0.4465845 0.7243895 0.4628995 0.7058053 0.4628938 0.7246611 0.4465845 0.7243895 0.4628938 0.7246611 0.4465825 0.7448611 0.4465825 0.7448611 0.4628938 0.7246611 0.4628912 0.7352035 0.4628912 0.7352035 0.4628894 0.7449586 0.4465825 0.7448611 0.4465825 0.7448611 0.4628894 0.7449586 0.4465826 0.7554507 0.4465825 0.7448611 0.4465826 0.7554507 0.4269744 0.746325 0.4269744 0.746325 0.4465826 0.7554507 0.4269752 0.7554531 0.4628913 0.7873382 0.4465885 0.7876663 0.462889 0.7767188 0.462889 0.7767188 0.4465885 0.7876663 0.4465855 0.776934 0.462889 0.7767188 0.4465855 0.776934 0.4628882 0.7660628 0.4628882 0.7660628 0.4465855 0.776934 0.4465835 0.7661686 0.4628882 0.7660628 0.4465835 0.7661686 0.4628883 0.7554497 0.4628883 0.7554497 0.4465835 0.7661686 0.4465826 0.7554507 0.4628883 0.7554497 0.4465826 0.7554507 0.4628885 0.7535399 0.4628885 0.7535399 0.4465826 0.7554507 0.4628894 0.7449586 0.415176 0.8626266 0.4024845 0.8627049 0.4024764 0.8566498 0.4270418 0.8623968 0.415176 0.8626266 0.4151681 0.8565759 0.4270418 0.8623968 0.4151681 0.8565759 0.4270326 0.8551409 0.4270326 0.8551409 0.4151681 0.8565759 0.4151604 0.8499654 0.4270326 0.8551409 0.4151604 0.8499654 0.4270236 0.8471078 0.4270236 0.8471078 0.4151604 0.8499654 0.4270151 0.8383928 0.4270151 0.8383928 0.4151604 0.8499654 0.4151462 0.835518 0.4270151 0.8383928 0.4151462 0.835518 0.4270125 0.835349 0.415176 0.8626266 0.4024764 0.8566498 0.4151681 0.8565759 0.4151681 0.8565759 0.4024764 0.8566498 0.4024687 0.8500344 0.4151681 0.8565759 0.4024687 0.8500344 0.4151604 0.8499654 0.4151604 0.8499654 0.4024687 0.8500344 0.4024544 0.8355762 0.4151604 0.8499654 0.4024544 0.8355762 0.4151462 0.835518 0.4151462 0.835518 0.4024544 0.8355762 0.4024421 0.8200927 0.4151462 0.835518 0.4024421 0.8200927 0.415134 0.8200461 0.4269934 0.809105 0.4269999 0.8192965 0.415134 0.8200461 0.415134 0.8200461 0.4269999 0.8192965 0.4270005 0.8199114 0.415134 0.8200461 0.4270005 0.8199114 0.4151462 0.835518 0.4151462 0.835518 0.4270005 0.8199114 0.4270072 0.8290907 0.4151462 0.835518 0.4270072 0.8290907 0.4270125 0.835349 0.4151242 0.8042548 0.4024321 0.8042901 0.4024279 0.7961987 0.4151242 0.8042548 0.4024279 0.7961987 0.4151201 0.7961692 0.4151201 0.7961692 0.4024279 0.7961987 0.4024242 0.788 0.4151201 0.7961692 0.4024242 0.788 0.4151166 0.7879762 0.4024421 0.8200927 0.4024321 0.8042901 0.415134 0.8200461 0.415134 0.8200461 0.4024321 0.8042901 0.4151242 0.8042548 0.415134 0.8200461 0.4151242 0.8042548 0.4269934 0.809105 0.4269934 0.809105 0.4151242 0.8042548 0.4151201 0.7961692 0.4269934 0.809105 0.4151201 0.7961692 0.4269877 0.7986113 0.4269877 0.7986113 0.4151201 0.7961692 0.4151166 0.7879762 0.4269877 0.7986113 0.4151166 0.7879762 0.4269831 0.7879102 0.4466068 0.5809658 0.4629216 0.5813588 0.4629201 0.6111156 0.4269926 0.5806769 0.4466068 0.5809658 0.4466055 0.6106536 0.4466068 0.5809658 0.4629201 0.6111156 0.4466055 0.6106536 0.4466055 0.6106536 0.4629201 0.6111156 0.4629184 0.6270957 0.4466055 0.6106536 0.4629184 0.6270957 0.446604 0.6265934 0.446604 0.6265934 0.4629184 0.6270957 0.462916 0.6428993 0.446604 0.6265934 0.462916 0.6428993 0.4466019 0.6423653 0.4269926 0.5806769 0.4466055 0.6106536 0.4269914 0.6103137 0.4269914 0.6103137 0.4466055 0.6106536 0.446604 0.6265934 0.4269914 0.6103137 0.446604 0.6265934 0.4269902 0.6262238 0.4269902 0.6262238 0.446604 0.6265934 0.4466019 0.6423653 0.4269902 0.6262238 0.4466019 0.6423653 0.4269883 0.6419721 0.4269926 0.5806769 0.4024301 0.5805786 0.4024301 0.5560848 0.4024301 0.5560848 0.4024308 0.5309537 0.4151243 0.5309836 0.4269926 0.5806769 0.4024301 0.5560848 0.4269927 0.5561829 0.4269927 0.5561829 0.4024301 0.5560848 0.4151243 0.5309836 0.4269927 0.5561829 0.4151243 0.5309836 0.426993 0.5310789 0.4465879 0.7053996 0.4269763 0.7051013 0.4465917 0.6883058 0.4465917 0.6883058 0.4269763 0.7051013 0.4269791 0.6879432 0.4465917 0.6883058 0.4269791 0.6879432 0.4465953 0.6725971 0.4465953 0.6725971 0.4269791 0.6879432 0.4269822 0.6722013 0.4465953 0.6725971 0.4269822 0.6722013 0.4466019 0.6423653 0.4466019 0.6423653 0.4269822 0.6722013 0.4269883 0.6419721 0.4628995 0.7058053 0.4465879 0.7053996 0.4629046 0.6887985 0.4629046 0.6887985 0.4465879 0.7053996 0.4465917 0.6883058 0.4629046 0.6887985 0.4465917 0.6883058 0.462909 0.6731347 0.462909 0.6731347 0.4465917 0.6883058 0.4465953 0.6725971 0.462909 0.6731347 0.4465953 0.6725971 0.462916 0.6428993 0.462916 0.6428993 0.4465953 0.6725971 0.4466019 0.6423653 0.4151166 0.7879762 0.4024242 0.788 0.4024216 0.7804293 0.4269797 0.7770947 0.4269831 0.7879102 0.4151138 0.7804107 0.4151138 0.7804107 0.4269831 0.7879102 0.4151166 0.7879762 0.4269797 0.7770947 0.4151138 0.7804107 0.4269769 0.7662484 0.4269769 0.7662484 0.4151138 0.7804107 0.4151096 0.7642444 0.4269769 0.7662484 0.4151096 0.7642444 0.4269767 0.7642258 0.4151073 0.7463104 0.4269744 0.746325 0.4151096 0.7642444 0.4151096 0.7642444 0.4269744 0.746325 0.4269752 0.7554531 0.4151096 0.7642444 0.4269752 0.7554531 0.4269767 0.7642258 0.4151166 0.7879762 0.4024216 0.7804293 0.4151138 0.7804107 0.4151138 0.7804107 0.4024216 0.7804293 0.4024173 0.7642524 0.4151138 0.7804107 0.4024173 0.7642524 0.4151096 0.7642444 0.4151096 0.7642444 0.4024173 0.7642524 0.4024145 0.7463074 0.4151096 0.7642444 0.4024145 0.7463074 0.4151073 0.7463104 0.4151073 0.7463104 0.4024145 0.7463074 0.4024137 0.7268049 0.4151073 0.7463104 0.4024137 0.7268049 0.4151067 0.7268189 0.4024137 0.7268049 0.402415 0.7049996 0.4151067 0.7268189 0.4151067 0.7268189 0.402415 0.7049996 0.4151082 0.7050237 0.4151067 0.7268189 0.4151082 0.7050237 0.4269763 0.7051013 0.4269763 0.7051013 0.4269745 0.7241904 0.4151067 0.7268189 0.4151067 0.7268189 0.4269745 0.7241904 0.4269744 0.7268661 0.4151067 0.7268189 0.4269744 0.7268661 0.4151073 0.7463104 0.4151073 0.7463104 0.4269744 0.7268661 0.4269744 0.7447906 0.4151073 0.7463104 0.4269744 0.7447906 0.4269744 0.746325 0.4269883 0.6419721 0.4024256 0.641837 0.4024275 0.626097 0.4269883 0.6419721 0.4024275 0.626097 0.4269902 0.6262238 0.4269902 0.6262238 0.4024275 0.626097 0.4024288 0.6101973 0.4269902 0.6262238 0.4024288 0.6101973 0.4269914 0.6103137 0.4269914 0.6103137 0.4024288 0.6101973 0.4024301 0.5805786 0.4269914 0.6103137 0.4024301 0.5805786 0.4269926 0.5806769 0.4151082 0.7050237 0.402415 0.7049996 0.4024171 0.6878188 0.4269791 0.6879432 0.4269763 0.7051013 0.4151082 0.7050237 0.4151082 0.7050237 0.4024171 0.6878188 0.4269791 0.6879432 0.4269791 0.6879432 0.4024171 0.6878188 0.40242 0.6720653 0.4269791 0.6879432 0.40242 0.6720653 0.4269822 0.6722013 0.4269822 0.6722013 0.40242 0.6720653 0.4024256 0.641837 0.4269822 0.6722013 0.4024256 0.641837 0.4269883 0.6419721 0.965002 0.4606242 0.965002 0.4563862 0.9729101 0.4585052 0.9729101 0.4585052 0.965002 0.4563862 0.967121 0.452716 0.9729101 0.4585052 0.967121 0.452716 0.9707911 0.4505971 0.9750291 0.4664133 0.9707911 0.4664133 0.9729101 0.4585052 0.9729101 0.4585052 0.9707911 0.4664133 0.9671209 0.4642943 0.9729101 0.4585052 0.9671209 0.4642943 0.965002 0.4606242 0.9808182 0.4563862 0.9808182 0.4606242 0.9729101 0.4585052 0.9729101 0.4585052 0.9808182 0.4606242 0.9786992 0.4642944 0.9729101 0.4585052 0.9786992 0.4642944 0.9750291 0.4664133 0.9707911 0.4505971 0.9750291 0.4505971 0.9729101 0.4585052 0.9729101 0.4585052 0.9750291 0.4505971 0.9786993 0.4527161 0.9729101 0.4585052 0.9786993 0.4527161 0.9808182 0.4563862 0.003863871 0.8692177 0.003863871 0.8937789 3.12873e-4 0.8692171 3.12873e-4 0.8692171 0.003863871 0.8937789 3.12861e-4 0.8937783 0.1774797 0.7609805 0.1774797 0.7855416 0.1733056 0.7609826 0.1733056 0.7609826 0.1774797 0.7855416 0.1733056 0.7855439 0.1733056 0.7609826 0.1733056 0.7855439 0.1693243 0.7609782 0.1693243 0.7609782 0.1733056 0.7855439 0.1693242 0.7855395 0.1693243 0.7609782 0.1693242 0.7855395 0.1666024 0.7609686 0.1666024 0.7609686 0.1693242 0.7855395 0.1666024 0.7855297 0.1781805 0.8657852 0.1781806 0.8903464 0.174499 0.865787 0.174499 0.865787 0.1781806 0.8903464 0.174499 0.8903485 0.174499 0.865787 0.174499 0.8903485 0.1702612 0.8657872 0.1702612 0.8657872 0.174499 0.8903485 0.1702612 0.8903484 0.1702612 0.8657872 0.1702612 0.8903484 0.1666024 0.8657852 0.1666024 0.8657852 0.1702612 0.8903484 0.1666024 0.8903464 0.01190114 0.7644124 0.01190114 0.7889734 0.00822544 0.7644199 0.00822544 0.7644199 0.01190114 0.7889734 0.0082255 0.7889811 0.00822544 0.7644199 0.0082255 0.7889811 0.00398755 0.7644199 0.00398755 0.7644199 0.0082255 0.7889811 0.00398755 0.7889811 0.00398755 0.7644199 0.00398755 0.7889811 3.22876e-4 0.7644121 3.22876e-4 0.7644121 0.00398755 0.7889811 3.2287e-4 0.7889733 0.01187443 0.869217 0.01187443 0.8937785 0.008095681 0.8692178 0.008095681 0.8692178 0.01187443 0.8937785 0.008095681 0.8937789 0.008095681 0.8692178 0.008095681 0.8937789 0.003863871 0.8692177 0.003863871 0.8692177 0.008095681 0.8937789 0.003863871 0.8937789 0.9316624 0.9701577 0.9316624 0.9659197 0.9395705 0.9680387 0.9395705 0.9680387 0.9316624 0.9659197 0.9337814 0.9622495 0.9395705 0.9680387 0.9337814 0.9622495 0.9374516 0.9601306 0.9416895 0.9759469 0.9374515 0.9759469 0.9395705 0.9680387 0.9395705 0.9680387 0.9374515 0.9759469 0.9337813 0.9738278 0.9395705 0.9680387 0.9337813 0.9738278 0.9316624 0.9701577 0.9474787 0.9659197 0.9474787 0.9701577 0.9395705 0.9680387 0.9395705 0.9680387 0.9474787 0.9701577 0.9453597 0.9738279 0.9395705 0.9680387 0.9453597 0.9738279 0.9416895 0.9759469 0.9374516 0.9601306 0.9416895 0.9601306 0.9395705 0.9680387 0.9395705 0.9680387 0.9416895 0.9601306 0.9453597 0.9622496 0.9395705 0.9680387 0.9453597 0.9622496 0.9474787 0.9659197 0.1701535 0.9181854 0.1701536 0.9427466 0.1666025 0.9181848 0.1666025 0.9181848 0.1701536 0.9427466 0.1666025 0.9427459 0.01120012 0.7120128 0.01120012 0.7365739 0.007026076 0.7120149 0.007026076 0.7120149 0.01120012 0.7365739 0.007026076 0.7365762 0.007026076 0.7120149 0.007026076 0.7365762 0.003044724 0.7120105 0.003044724 0.7120105 0.007026076 0.7365762 0.003044724 0.7365718 0.003044724 0.7120105 0.003044724 0.7365718 3.22874e-4 0.712001 3.22874e-4 0.712001 0.003044724 0.7365718 3.22871e-4 0.736562 0.011891 0.8168174 0.011891 0.8413786 0.008209466 0.8168193 0.008209466 0.8168193 0.011891 0.8413786 0.008209466 0.8413807 0.008209466 0.8168193 0.008209466 0.8413807 0.003971576 0.8168192 0.003971576 0.8168192 0.008209466 0.8413807 0.003971576 0.8413806 0.003971576 0.8168192 0.003971576 0.8413806 3.12858e-4 0.8168174 3.12858e-4 0.8168174 0.003971576 0.8413806 3.12878e-4 0.8413786 0.1781807 0.8133801 0.1781807 0.8379412 0.1745051 0.8133876 0.1745051 0.8133876 0.1781807 0.8379412 0.1745051 0.8379489 0.1745051 0.8133876 0.1745051 0.8379489 0.1702671 0.8133876 0.1702671 0.8133876 0.1745051 0.8379489 0.1702671 0.8379487 0.1702671 0.8133876 0.1702671 0.8379487 0.1666024 0.8133798 0.1666024 0.8133798 0.1702671 0.8379487 0.1666024 0.8379411 0.1781641 0.9181848 0.1781641 0.9427462 0.1743854 0.9181854 0.1743854 0.9181854 0.1781641 0.9427462 0.1743853 0.9427466 0.1743854 0.9181854 0.1743853 0.9427466 0.1701535 0.9181854 0.1701535 0.9181854 0.1743853 0.9427466 0.1701536 0.9427466 0.6517625 0.9242672 0.6959726 0.9242672 0.6517464 0.9442211 0.6517464 0.9442211 0.6959726 0.9242672 0.6959565 0.9442211 0.05742913 0.9711503 0.05742913 0.9269402 0.07468038 0.9711828 0.07468038 0.9711828 0.05742913 0.9269402 0.07468038 0.9269726 0.7374141 0.4327186 0.7374141 0.476929 0.72938 0.4769353 0.7374141 0.4327186 0.72938 0.4769353 0.72938 0.432725 0.04855966 0.9270071 0.04855972 0.9712173 0.04107356 0.9711955 0.04855966 0.9270071 0.04107356 0.9711955 0.04107356 0.9269853 0.04107356 0.9269853 0.04107356 0.9711955 0.03116595 0.9711854 0.04107356 0.9269853 0.03116595 0.9711854 0.03116595 0.9269753 0.03116595 0.9269753 0.03116595 0.9711854 0.02076405 0.971189 0.03116595 0.9269753 0.02076405 0.971189 0.02076405 0.9269789 0.02076405 0.9269789 0.02076405 0.971189 0.01189112 0.9712055 0.02076405 0.9269789 0.01189112 0.9712055 0.01189112 0.9269954 0.979442 0.7421245 0.979442 0.7863348 0.9693512 0.786334 0.979442 0.7421245 0.9693512 0.786334 0.9693511 0.7421236 0.9693511 0.7421236 0.9693512 0.786334 0.9590387 0.7863345 0.9693511 0.7421236 0.9590387 0.7863345 0.9590387 0.7421241 0.9590387 0.7421241 0.9590387 0.7863345 0.9505106 0.7863363 0.9590387 0.7421241 0.9505106 0.7863363 0.9505106 0.7421259 0.6959606 0.9803684 0.6517505 0.9803684 0.6517674 0.9709668 0.6959606 0.9803684 0.6517674 0.9709668 0.6959775 0.9709668 0.6959775 0.9709668 0.6517674 0.9709668 0.6517677 0.9604962 0.6959775 0.9709668 0.6517677 0.9604962 0.6959778 0.9604963 0.6959778 0.9604963 0.6517677 0.9604962 0.6517516 0.9509935 0.6959778 0.9604963 0.6517516 0.9509935 0.6959617 0.9509935 0.5704017 0.9327925 0.5625679 0.9388942 0.5655516 0.9283624 0.5655516 0.9283624 0.5625679 0.9388942 0.556427 0.9313224 0.5655516 0.9283624 0.556427 0.9313224 0.5635662 0.9221008 0.5635662 0.9221008 0.556427 0.9313224 0.5541404 0.9218453 0.5635662 0.9221008 0.5541404 0.9218453 0.5649777 0.9156854 0.5820848 0.9102614 0.5904132 0.9045608 0.586935 0.9146915 0.586935 0.9146915 0.5904132 0.9045608 0.5963336 0.9123064 0.586935 0.9146915 0.5963336 0.9123064 0.5889203 0.9209531 0.5889203 0.9209531 0.5963336 0.9123064 0.5983461 0.9218453 0.5889203 0.9209531 0.5983461 0.9218453 0.5875087 0.9273685 0.5875087 0.9273685 0.5983461 0.9218453 0.5960596 0.9313224 0.5875087 0.9273685 0.5960596 0.9313224 0.5830788 0.9322186 0.5830788 0.9322186 0.5960596 0.9313224 0.5899187 0.9388942 0.5830788 0.9322186 0.5899187 0.9388942 0.5768171 0.9342039 0.5768171 0.9342039 0.5899187 0.9388942 0.5811177 0.943088 0.5768171 0.9342039 0.5811177 0.943088 0.5704017 0.9327925 0.5704017 0.9327925 0.5811177 0.943088 0.5713687 0.9430879 0.5704017 0.9327925 0.5713687 0.9430879 0.5625679 0.9388942 0.5706034 0.8599396 0.5818833 0.8599396 0.5903592 0.8690825 0.5903592 0.8690825 0.5818833 0.8599396 0.5940986 0.8671066 0.5940986 0.8671066 0.5818833 0.8599396 0.5920491 0.8648275 0.5940986 0.8671066 0.5920491 0.8648275 0.5953178 0.8668522 0.5656 0.8765774 0.5706034 0.8599396 0.5756694 0.9088499 0.5541404 0.9218453 0.556153 0.9123063 0.5649777 0.9156854 0.5649777 0.9156854 0.556153 0.9123063 0.5620732 0.9045608 0.5649777 0.9156854 0.5620732 0.9045608 0.5694078 0.9108352 0.5694078 0.9108352 0.5620732 0.9045608 0.5646747 0.9011825 0.5694078 0.9108352 0.5646747 0.9011825 0.5756694 0.9088499 0.5756694 0.9088499 0.5646747 0.9011825 0.5656 0.8970203 0.5756694 0.9088499 0.5656 0.8970203 0.5656 0.8765774 0.5656 0.8765774 0.5646897 0.8724472 0.5706034 0.8599396 0.5706034 0.8599396 0.5646897 0.8724472 0.5621274 0.8690825 0.5706034 0.8599396 0.5621274 0.8690825 0.5604375 0.8648275 0.5604375 0.8648275 0.5621274 0.8690825 0.5583879 0.8671066 0.5604375 0.8648275 0.5583879 0.8671066 0.5571688 0.8668522 0.5903592 0.8690825 0.5877968 0.8724473 0.5706034 0.8599396 0.5706034 0.8599396 0.5877968 0.8724473 0.5868865 0.8765774 0.5706034 0.8599396 0.5868865 0.8765774 0.5756694 0.9088499 0.5756694 0.9088499 0.5868865 0.8765774 0.5868865 0.8970203 0.5756694 0.9088499 0.5868865 0.8970203 0.5820848 0.9102614 0.5820848 0.9102614 0.5868865 0.8970203 0.5878117 0.9011825 0.5820848 0.9102614 0.5878117 0.9011825 0.5904132 0.9045608 0.964681 0.4296272 0.964681 0.3985161 0.9704022 0.4296271 0.9704022 0.4296271 0.964681 0.3985161 0.9704022 0.3985162 0.9704022 0.4296271 0.9704022 0.3985162 0.9753723 0.4296246 0.9753723 0.4296246 0.9704022 0.3985162 0.9753723 0.3985137 0.9599795 0.9208191 0.9599795 0.8897083 0.963654 0.920832 0.963654 0.920832 0.9599795 0.8897083 0.963654 0.8897212 0.963654 0.920832 0.963654 0.8897212 0.9690288 0.920838 0.9690288 0.920838 0.963654 0.8897212 0.9690288 0.889727 0.9690288 0.920838 0.9690288 0.889727 0.9746639 0.9208351 0.9746639 0.9208351 0.9690288 0.889727 0.9746639 0.8897241 0.9597418 0.3915607 0.9597418 0.3604496 0.9645357 0.3915615 0.9645357 0.3915615 0.9597418 0.3604496 0.9645357 0.3604506 0.9645357 0.3915615 0.9645357 0.3604506 0.9702487 0.3915615 0.9702487 0.3915615 0.9645357 0.3604506 0.9702486 0.3604506 0.9702487 0.3915615 0.9702486 0.3604506 0.97535 0.3915609 0.97535 0.3915609 0.9702486 0.3604506 0.97535 0.36045 0.1625335 0.9754788 0.1625335 0.9443681 0.1674808 0.9754891 0.1674808 0.9754891 0.1625335 0.9443681 0.1674808 0.9443784 0.1674808 0.9754891 0.1674808 0.9443784 0.173202 0.9754892 0.173202 0.9754892 0.1674808 0.9443784 0.173202 0.9443785 0.173202 0.9754892 0.173202 0.9443785 0.1781642 0.9754788 0.1781642 0.9754788 0.173202 0.9443785 0.1781642 0.9443681 0.9597418 0.4296244 0.9597418 0.3985135 0.964681 0.4296272 0.964681 0.4296272 0.9597418 0.3985135 0.964681 0.3985161 0.7277479 0.5800645 0.7277494 0.5815542 0.7064736 0.5815541 0.7277535 0.598185 0.7064777 0.598185 0.7277541 0.5948655 0.7277541 0.5948655 0.7064777 0.598185 0.7064777 0.5892853 0.7277541 0.5948655 0.7064777 0.5892853 0.7277535 0.5892854 0.7277494 0.5815542 0.7277503 0.5823847 0.7064736 0.5815541 0.7064736 0.5815541 0.7277503 0.5823847 0.727752 0.5851283 0.7064736 0.5815541 0.727752 0.5851283 0.7064777 0.5892853 0.7064777 0.5892853 0.727752 0.5851283 0.7277534 0.5882138 0.7064777 0.5892853 0.7277534 0.5882138 0.7277535 0.5892854 0.2026819 0.9842653 0.1814 0.9853379 0.2026905 0.9821853 0.2026905 0.9821853 0.1814 0.9853379 0.1814219 0.979622 0.2026905 0.9821853 0.1814219 0.979622 0.2026976 0.9796277 0.1814332 0.9712612 0.2027032 0.9766924 0.1814219 0.979622 0.1814219 0.979622 0.2027032 0.9766924 0.2026976 0.9796277 0.2027077 0.9635459 0.2027096 0.9667914 0.1814308 0.9624956 0.1814308 0.9624956 0.2027096 0.9667914 0.2027093 0.9701481 0.1814308 0.9624956 0.2027093 0.9701481 0.1814332 0.9712612 0.1814332 0.9712612 0.2027093 0.9701481 0.2027089 0.9712669 0.1814332 0.9712612 0.2027089 0.9712669 0.2027032 0.9766924 0.8014835 0.9573708 0.7802079 0.9542719 0.801485 0.9499137 0.1814308 0.9624956 0.2026985 0.9578868 0.2027068 0.9625013 0.1814308 0.9624956 0.2027068 0.9625013 0.2027077 0.9635459 0.8014833 0.9662576 0.7802072 0.9606766 0.8014835 0.9573708 0.8014835 0.9573708 0.7802072 0.9606766 0.7802074 0.9573708 0.8014835 0.9573708 0.7802074 0.9573708 0.7802079 0.9542719 0.7802084 0.9733353 0.7802077 0.9704985 0.8014845 0.974193 0.8014845 0.974193 0.7802077 0.9704985 0.7802075 0.9673602 0.8014845 0.974193 0.7802075 0.9673602 0.8014833 0.9662576 0.8014833 0.9662576 0.7802075 0.9673602 0.7802072 0.9662576 0.8014833 0.9662576 0.7802072 0.9662576 0.7802072 0.9606766 0.8799046 0.4179049 0.8586287 0.4179049 0.8586331 0.4147542 0.8799046 0.4179049 0.8586331 0.4147542 0.8799208 0.410209 0.8799208 0.410209 0.8586331 0.4147542 0.8586449 0.410209 0.8014845 0.974193 0.7802084 0.974193 0.7802084 0.9733353 0.8799046 0.4268046 0.8586271 0.4246013 0.8799046 0.4179049 0.8799046 0.4179049 0.8586271 0.4246013 0.8586269 0.4212302 0.8799046 0.4179049 0.8586269 0.4212302 0.8586287 0.4179049 0.858635 0.4309542 0.8799046 0.4268046 0.8586421 0.4337056 0.8586421 0.4337056 0.8799046 0.4268046 0.8799205 0.4345234 0.858635 0.4309542 0.8586298 0.4278886 0.8799046 0.4268046 0.8799046 0.4268046 0.8586298 0.4278886 0.8586286 0.4268046 0.8799046 0.4268046 0.8586286 0.4268046 0.8586271 0.4246013 0.7277535 0.598185 0.7277526 0.6013303 0.7064777 0.598185 0.7064777 0.598185 0.7277526 0.6013303 0.7277507 0.6041885 0.7064777 0.598185 0.7277507 0.6041885 0.7064735 0.6058683 0.7064735 0.6058683 0.7277507 0.6041885 0.7277494 0.6058683 0.8799205 0.4345234 0.8586448 0.4345234 0.8586421 0.4337056 0.575561 0.9534774 0.5712192 0.9491356 0.5805157 0.9506168 0.5805157 0.9506168 0.5712192 0.9491356 0.5789265 0.9446856 0.5805157 0.9506168 0.5789265 0.9446856 0.586237 0.9506168 0.586237 0.9506168 0.5789265 0.9446856 0.5878262 0.9446857 0.586237 0.9506168 0.5878262 0.9446857 0.5911917 0.9534774 0.5911917 0.9534774 0.5878262 0.9446857 0.5955336 0.9491356 0.5911917 0.9534774 0.5955336 0.9491356 0.5940523 0.9584321 0.5940523 0.9584321 0.5955336 0.9491356 0.5999833 0.9568429 0.5940523 0.9584321 0.5999833 0.9568429 0.5940523 0.9641534 0.5940523 0.9641534 0.5999833 0.9568429 0.5999834 0.9657426 0.5940523 0.9641534 0.5999834 0.9657426 0.5911917 0.9691081 0.5911917 0.9691081 0.5999834 0.9657426 0.5955336 0.97345 0.5911917 0.9691081 0.5955336 0.97345 0.5862369 0.9719687 0.5862369 0.9719687 0.5955336 0.97345 0.5878261 0.9778998 0.5862369 0.9719687 0.5878261 0.9778998 0.5805157 0.9719687 0.5805157 0.9719687 0.5878261 0.9778998 0.5789265 0.9778998 0.5805157 0.9719687 0.5789265 0.9778998 0.5755609 0.9691081 0.5755609 0.9691081 0.5789265 0.9778998 0.571219 0.97345 0.5755609 0.9691081 0.571219 0.97345 0.5727003 0.9641534 0.5727003 0.9641534 0.571219 0.97345 0.5667693 0.9657426 0.5727003 0.9641534 0.5667693 0.9657426 0.5727003 0.9584321 0.5727003 0.9584321 0.5667693 0.9657426 0.5667693 0.9568429 0.5727003 0.9584321 0.5667693 0.9568429 0.575561 0.9534774 0.575561 0.9534774 0.5667693 0.9568429 0.5712192 0.9491356 0.7355712 0.9566054 0.7281447 0.9560075 0.7369112 0.9402861 0.7369112 0.9402861 0.7281447 0.9560075 0.7273628 0.9395198 0.9581047 0.359747 0.9581043 0.3621694 0.9417303 0.3621696 0.9417303 0.3621696 0.9581043 0.3621694 0.9581037 0.367435 0.9417303 0.3621696 0.9581037 0.367435 0.9417294 0.3730399 0.9581043 0.3841416 0.9417302 0.3841418 0.9581036 0.3758817 0.9581036 0.3758817 0.9417302 0.3841418 0.9417294 0.3730399 0.9581036 0.3758817 0.9417294 0.3730399 0.9581037 0.3730397 0.9581037 0.3730397 0.9417294 0.3730399 0.9581037 0.367435 0.8958805 0.4251036 0.9274009 0.4251032 0.9274005 0.4296268 0.8958805 0.4251036 0.9274005 0.4296268 0.8958801 0.4296272 0.9599793 0.9523587 0.9600321 0.9208385 0.9642642 0.9208379 0.9599793 0.9523587 0.9642642 0.9208379 0.9642115 0.9523581 0.9417302 0.3841418 0.9581043 0.3841416 0.9417306 0.3878325 0.9417306 0.3878325 0.9581043 0.3841416 0.9581049 0.3894706 0.9417306 0.3878325 0.9581049 0.3894706 0.9407314 0.3908422 0.9581048 0.3949201 0.9417305 0.3949202 0.9581049 0.3894706 0.9581049 0.3894706 0.9417305 0.3949202 0.9417304 0.3948194 0.9417304 0.3948194 0.9409245 0.3929162 0.9581049 0.3894706 0.9581049 0.3894706 0.9409245 0.3929162 0.9407461 0.3919925 0.9581049 0.3894706 0.9407461 0.3919925 0.9407314 0.3908422 0.9622303 0.2172273 0.9623488 0.2170023 0.9788467 0.2216363 0.9614735 0.2204784 0.9616687 0.2186065 0.9788467 0.2216363 0.9788467 0.2216363 0.9616687 0.2186065 0.9620129 0.2176809 0.9788467 0.2216363 0.9620129 0.2176809 0.9622303 0.2172273 0.9624732 0.2166772 0.9788472 0.2166763 0.962473 0.2167785 0.962473 0.2167785 0.9788472 0.2166763 0.9788467 0.2216363 0.962473 0.2167785 0.9788467 0.2216363 0.9624102 0.2168903 0.9624102 0.2168903 0.9788467 0.2216363 0.9623488 0.2170023 0.7355712 0.9566054 0.7369112 0.9402861 0.7403625 0.9569908 0.7403625 0.9569908 0.7369112 0.9402861 0.7403625 0.9405645 0.9788467 0.2216363 0.9624723 0.2229434 0.9614735 0.2204784 0.05742913 0.9269402 0.05742913 0.9711503 0.05491584 0.9269328 0.05491584 0.9269328 0.05742913 0.9711503 0.05491584 0.9711429 0.7401486 0.4327166 0.7401486 0.4769269 0.7374141 0.4327186 0.7374141 0.4327186 0.7401486 0.4769269 0.7374141 0.476929 0.6959617 0.9509935 0.6517516 0.9509935 0.6959564 0.9477743 0.6959564 0.9477743 0.6517516 0.9509935 0.6517463 0.9477743 0.6959564 0.9477743 0.6517463 0.9477743 0.6959565 0.9442211 0.6959565 0.9442211 0.6517463 0.9477743 0.6517464 0.9442211 0.6959726 0.9242672 0.6517625 0.9242672 0.6959779 0.9210726 0.6959779 0.9210726 0.6517625 0.9242672 0.6517696 0.9205101 0.6959779 0.9210726 0.6517696 0.9205101 0.6959797 0.9205101 0.9608365 0.2299375 0.9166262 0.22994 0.9608359 0.227631 0.9608359 0.227631 0.9166262 0.22994 0.9166253 0.2262519 0.9608359 0.227631 0.9166253 0.2262519 0.9608356 0.2262494 0.9608356 0.2262494 0.9166253 0.2262519 0.9608355 0.2241883 0.9608355 0.2241883 0.9166253 0.2262519 0.9166252 0.2220141 0.9608355 0.2241883 0.9166252 0.2220141 0.9608355 0.2220116 0.07468038 0.9269726 0.07799196 0.9269763 0.07468038 0.9711828 0.07468038 0.9711828 0.07799196 0.9269763 0.07872337 0.9711865 0.07799196 0.9269763 0.07872337 0.9269764 0.07872337 0.9711865 0.07872337 0.9711865 0.07872337 0.9269764 0.0815038 0.9269754 0.07872337 0.9711865 0.0815038 0.9269754 0.08285999 0.971184 0.9400935 0.3895859 0.8958831 0.3895865 0.9400936 0.3875667 0.9400936 0.3875667 0.8958831 0.3895865 0.8958836 0.3859345 0.08456522 0.9269703 0.08285999 0.971184 0.08285999 0.9269738 0.08285999 0.9269738 0.08285999 0.971184 0.0815038 0.9269754 0.1749514 0.7040677 0.1766973 0.7040686 0.1749514 0.7331319 0.1749514 0.7331319 0.1766973 0.7040686 0.1766972 0.7331328 0.2264474 0.9246925 0.2264313 0.8956284 0.2267896 0.9246913 0.2267896 0.9246913 0.2264313 0.8956284 0.2282456 0.8956238 0.2267896 0.9246913 0.2282456 0.8956238 0.2282622 0.9257835 0.2282622 0.9257835 0.2282456 0.8956238 0.229264 0.9261776 0.229264 0.9261776 0.2282456 0.8956238 0.2303117 0.8956229 0.229264 0.9261776 0.2303117 0.8956229 0.2303286 0.9263244 0.8511771 0 0.8986621 1.4646e-6 0.8981066 0.00210011 0.8511771 0 0.8981066 0.00210011 0.8506215 0.002098619 0.8506215 0.002098619 0.8981066 0.00210011 0.897022 0.004032969 0.8506215 0.002098619 0.897022 0.004032969 0.8495368 0.004031479 0.8495368 0.004031479 0.897022 0.004032969 0.8970217 0.004744946 0.8495368 0.004031479 0.8970217 0.004744946 0.8495365 0.004743456 0.8347706 0.1333217 0.8347697 0.1305862 0.8986299 0.1333237 0.8986299 0.1333237 0.8347697 0.1305862 0.8980755 0.1305882 0.8347701 0.1277199 0.8969919 0.127722 0.8347697 0.1305862 0.8347697 0.1305862 0.8969919 0.127722 0.8969919 0.1284486 0.8347697 0.1305862 0.8969919 0.1284486 0.8980755 0.1305882 0.723348 0.9652117 0.7205416 0.9652112 0.7233306 0.9029896 0.7233306 0.9029896 0.7205416 0.9652112 0.7205242 0.9029895 0.723348 0.9652117 0.7233306 0.9029896 0.7242324 0.965212 0.7242324 0.965212 0.7233306 0.9029896 0.7254933 0.9029911 0.8118546 0.954804 0.8740781 0.9563784 0.8108487 0.9562674 0.8108487 0.9562674 0.8740781 0.9563784 0.8103861 0.9575791 0.8103861 0.9575791 0.8740781 0.9563784 0.8740776 0.9591825 0.8103861 0.9575791 0.8740776 0.9591825 0.8102186 0.9590705 0.2572054 0.9578423 0.2571711 0.8956207 0.2607373 0.9578371 0.2607373 0.9578371 0.2571711 0.8956207 0.260703 0.8956157 0.2607373 0.9578371 0.260703 0.8956157 0.2635583 0.9578273 0.2635583 0.9578273 0.260703 0.8956157 0.2635241 0.8956059 0.7074797 0.9652113 0.7074624 0.9029896 0.7107559 0.965212 0.7107559 0.965212 0.7074624 0.9029896 0.7107385 0.9029899 0.2085827 0.4508405 0.2087119 0.4524731 0.1672924 0.4540966 0.1672924 0.4540966 0.2087119 0.4524731 0.164153 0.4559928 0.1672924 0.4540966 0.164153 0.4559928 0.1663617 0.4542803 0.1663617 0.4542803 0.164153 0.4559928 0.1654983 0.4546733 0.2790715 0.2446238 0.280173 0.2434119 0.2944995 0.2616405 0.2944995 0.2616405 0.280173 0.2434119 0.2958137 0.2606633 0.2944995 0.2616405 0.2958137 0.2606633 0.3063616 0.2813097 0.3063616 0.2813097 0.2958137 0.2606633 0.3078395 0.2806038 0.3063616 0.2813097 0.3078395 0.2806038 0.3142138 0.3028951 0.3142138 0.3028951 0.3078395 0.2806038 0.3158 0.302487 0.3142138 0.3028951 0.3158 0.302487 0.3177622 0.3255886 0.3177622 0.3255886 0.3158 0.302487 0.3193973 0.3254935 0.3177622 0.3255886 0.3193973 0.3254935 0.3168739 0.3485407 0.3168739 0.3485407 0.3193973 0.3254935 0.3184968 0.3487622 0.7696858 0.8022263 0.7713227 0.8019924 0.769685 0.8251708 0.769685 0.8251708 0.7713227 0.8019924 0.771322 0.8252534 0.3115821 0.3708921 0.313132 0.3714218 0.3020849 0.3918061 0.3020849 0.3918061 0.313132 0.3714218 0.3035039 0.3926243 0.3020849 0.3918061 0.3035039 0.3926243 0.288738 0.4104996 0.288738 0.4104996 0.3035039 0.3926243 0.2899729 0.4115756 0.288738 0.4104996 0.2899729 0.4115756 0.272041 0.4262728 0.272041 0.4262728 0.2899729 0.4115756 0.2730455 0.4275664 0.272041 0.4262728 0.2730455 0.4275664 0.2526189 0.4385354 0.2526189 0.4385354 0.2730455 0.4275664 0.2533555 0.4399982 0.2526189 0.4385354 0.2533555 0.4399982 0.2311988 0.4468281 0.2311988 0.4468281 0.2533555 0.4399982 0.23164 0.4484052 0.2311988 0.4468281 0.23164 0.4484052 0.2085827 0.4508405 0.2085827 0.4508405 0.23164 0.4484052 0.2087119 0.4524731 0.280173 0.2434119 0.2790715 0.2446238 0.2780736 0.2432345 0.280173 0.2434119 0.2780736 0.2432345 0.2795742 0.2425783 0.2795742 0.2425783 0.2780736 0.2432345 0.2777305 0.2415587 0.2795742 0.2425783 0.2777305 0.2415587 0.2793684 0.2415728 0.2777751 0.2363612 0.279413 0.2363753 0.2777305 0.2415587 0.2777305 0.2415587 0.279413 0.2363753 0.2793684 0.2415728 0.9597415 0.3944827 0.9581048 0.3949201 0.9581049 0.3894706 0.9597415 0.3944827 0.9581049 0.3894706 0.9597418 0.3895782 0.2802793 0.2315217 0.2787377 0.2309682 0.2814252 0.2261947 0.2802793 0.2315217 0.2814252 0.2261947 0.2826982 0.2272256 0.2871326 0.2193492 0.2826982 0.2272256 0.2814252 0.2261947 0.2814252 0.2261947 0.285591 0.2187958 0.2871326 0.2193492 0.9597407 0.3759894 0.9581036 0.3758817 0.9581037 0.3730397 0.9597407 0.3759894 0.9581037 0.3730397 0.9597407 0.3669978 0.2887209 0.210451 0.2864001 0.2160711 0.287083 0.2104368 0.2887209 0.210451 0.287083 0.2104368 0.2872853 0.2015269 0.2816962 0.1945843 0.2829866 0.1935757 0.2857345 0.2020536 0.2857345 0.2020536 0.2829866 0.1935757 0.2872853 0.2015269 0.2857345 0.2020536 0.2872853 0.2015269 0.2864968 0.2047917 0.9581043 0.3621694 0.9597418 0.3588137 0.9581037 0.367435 0.2829866 0.1935757 0.2816962 0.1945843 0.279091 0.1897653 0.2829866 0.1935757 0.279091 0.1897653 0.2806418 0.1892387 0.2806418 0.1892387 0.279091 0.1897653 0.2782209 0.1843568 0.2806418 0.1892387 0.2782209 0.1843568 0.2798588 0.184371 0.2789503 0.09926068 0.2805879 0.0993117 0.2782209 0.1843568 0.2782209 0.1843568 0.2805879 0.0993117 0.2798588 0.184371 0.2805879 0.0993117 0.2789503 0.09926068 0.2790106 0.09222692 0.4839347 0.5752685 0.4855716 0.5673618 0.4855716 0.582907 0.1813331 0.8563289 0.1796961 0.8499522 0.1813331 0.8399618 0.7338346 0.4869676 0.7315837 0.496953 0.7321967 0.4869722 0.7338346 0.4869676 0.7321967 0.4869722 0.7315837 0.4774568 0.7354556 0.5407439 0.7348533 0.5491867 0.7332156 0.5491587 0.7332156 0.5491587 0.7348533 0.5491867 0.7354556 0.56024 0.3208751 0.8440281 0.3225086 0.8545174 0.3208751 0.8602749 0.2655291 0.04839241 0.2680231 0.05513519 0.264204 0.04935491 0.2655291 0.04839241 0.264204 0.04935491 0.2531008 0.03489524 0.3304014 0.885888 0.330408 0.8979783 0.3287764 0.9030687 0.7309533 0.5860012 0.7309533 0.5803133 0.7325046 0.5854763 0.3287764 0.9030687 0.330409 0.9032911 0.3287716 0.9214127 0.330409 0.9032911 0.3304063 0.9174128 0.3287716 0.9214127 0.2379066 0.02461051 0.2405256 0.02792459 0.2371511 0.02606344 0.2379066 0.02461051 0.2371511 0.02606344 0.2207579 0.01808726 0.3304042 0.9212568 0.3303902 0.9366221 0.3287544 0.9393518 0.2207579 0.01808726 0.2225924 0.02027577 0.2203559 0.01967453 0.2207579 0.01808726 0.2203559 0.01967453 0.2025697 0.01567339 0.2203559 0.01967453 0.2033205 0.01732695 0.2025697 0.01567339 0.2025697 0.01567339 0.2033205 0.01732695 0.2025427 0.0173105 0.2025697 0.01567339 0.2025427 0.0173105 0.184313 0.01749801 0.1676694 0.02494007 0.1669623 0.02346354 0.1839208 0.01926356 0.1839208 0.01926356 0.1669623 0.02346354 0.184313 0.01749801 0.1839208 0.01926356 0.184313 0.01749801 0.1846624 0.01909738 0.1846624 0.01909738 0.184313 0.01749801 0.2025427 0.0173105 0.1669623 0.02346354 0.1676694 0.02494007 0.166447 0.02517598 0.1669623 0.02346354 0.166447 0.02517598 0.1665548 0.02354234 0.1665548 0.02354234 0.166447 0.02517598 0.1652659 0.02478224 0.1665548 0.02354234 0.1652659 0.02478224 0.1661611 0.02341097 0.1661611 0.02341097 0.1652659 0.02478224 0.1644296 0.02385991 0.1661611 0.02341097 0.1644296 0.02385991 0.1658823 0.02310359 0.1658823 0.02310359 0.1644296 0.02385991 0.164153 0.022646 0.1658823 0.02310359 0.164153 0.022646 0.1657902 0.02269893 0.1569192 0.9753673 0.1552823 0.9757671 0.1552824 0.966902 0.1569192 0.9753673 0.1552824 0.966902 0.1569193 0.9672114 0.1678135 0.01479464 0.1663524 0.01405441 0.1719796 0.007199704 0.1678135 0.01479464 0.1719796 0.007199704 0.1729906 0.008488237 0.1729906 0.008488237 0.1719796 0.007199704 0.1799781 0.003368794 0.1729906 0.008488237 0.1799781 0.003368794 0.1803492 0.004963874 0.1803492 0.004963874 0.1799781 0.003368794 0.1967411 0.001035869 0.1803492 0.004963874 0.1967411 0.001035869 0.1968206 0.002671539 0.1968206 0.002671539 0.1967411 0.001035869 0.2136508 0.001741588 0.1968206 0.002671539 0.2136508 0.001741588 0.2134363 0.00336498 0.2266486 0 0.227872 3.09737e-4 0.2227839 8.77721e-4 0.2227839 8.77721e-4 0.227872 3.09737e-4 0.2209607 0.003068029 0.2134363 0.00336498 0.2136508 0.001741588 0.2209607 0.003068029 0.2209607 0.003068029 0.2136508 0.001741588 0.2206179 0.001466691 0.2209607 0.003068029 0.2206179 0.001466691 0.2227839 8.77721e-4 0.003179371 0.466529 0.003179728 0.4662277 0.003180921 0.466344 0.003306627 0.4681596 0.003179371 0.4674506 0.003213107 0.4671733 0.003213107 0.4671733 0.003179371 0.4674506 0.003179371 0.4668335 0.003213107 0.4671733 0.003179371 0.4668335 0.003189444 0.466696 0.003189444 0.466696 0.003179371 0.4668335 0.003179371 0.466529 0.003189444 0.466696 0.003179371 0.466529 0.003182888 0.4664608 0.003182888 0.4664608 0.003179371 0.466529 0.003180921 0.466344 0.5646897 0.8724472 0.5656 0.8765774 0.5639625 0.876578 0.5639625 0.876578 0.5632039 0.8731361 0.5646897 0.8724472 0.5646897 0.8724472 0.5632039 0.8731361 0.5628656 0.8724844 0.5646897 0.8724472 0.5628656 0.8724844 0.5621274 0.8690825 0.5628656 0.8724844 0.5610686 0.8703321 0.5621274 0.8690825 0.5621274 0.8690825 0.5610686 0.8703321 0.5598689 0.8694877 0.7310171 0.5403971 0.72938 0.5383287 0.7310171 0.5362657 0.5583879 0.8671066 0.5598689 0.8694877 0.5579524 0.8686856 0.5583879 0.8671066 0.5579524 0.8686856 0.5571688 0.8668522 0.5571688 0.8668522 0.5579524 0.8686856 0.5557754 0.8683909 0.9624723 0.2229434 0.9608355 0.2220116 0.9614735 0.2204784 0.1646681 0.4893391 0.1642364 0.4908147 0.1641555 0.489456 0.1646681 0.4893391 0.1641555 0.489456 0.1641555 0.4873152 0.9616687 0.2186065 0.9609479 0.2206999 0.9613451 0.2191848 0.003306627 0.4681596 0.003179371 0.4687244 0.003179371 0.4674506 0.5656 0.8970203 0.5639625 0.8970208 0.5656 0.8765774 0.5656 0.8765774 0.5639625 0.8970208 0.5639625 0.876578 0.6959565 0.9442211 0.6975879 0.9438651 0.6959564 0.9477743 0.6959564 0.9477743 0.6975879 0.9438651 0.697588 0.948129 0.5631915 0.9004893 0.5646747 0.9011825 0.5610235 0.9033046 0.5610235 0.9033046 0.5646747 0.9011825 0.5620732 0.9045608 0.4836957 0.4625024 0.4835677 0.464442 0.4835675 0.4624738 0.4836957 0.4625024 0.4835675 0.4624738 0.483838 0.4615833 0.483838 0.4615833 0.4835675 0.4624738 0.4835675 0.4603722 0.9407461 0.3919925 0.9402058 0.3908976 0.9407314 0.3908422 0.1646504 0.4937917 0.1641555 0.4939694 0.1641555 0.4908146 0.9417306 0.3878325 0.9402058 0.3908976 0.9400935 0.3895859 0.5953178 0.8668522 0.5967109 0.8683909 0.5940986 0.8671066 0.5940986 0.8671066 0.5967109 0.8683909 0.5945339 0.8686856 0.5940986 0.8671066 0.5945339 0.8686856 0.5903592 0.8690825 0.08456522 0.9269703 0.08285999 0.9269738 0.08198994 0.9253426 0.4923714 0.6286509 0.4923714 0.6309452 0.4913284 0.6299136 0.08198994 0.9253426 0.0815038 0.9269754 0.07777565 0.9253437 0.5885238 0.876578 0.5868865 0.8765774 0.5892825 0.8731361 0.5892825 0.8731361 0.5868865 0.8765774 0.5877968 0.8724473 0.5892825 0.8731361 0.5877968 0.8724473 0.5896207 0.8724844 0.07872337 0.9269764 0.07777565 0.9253437 0.0815038 0.9269754 0.5904132 0.9045608 0.5914627 0.9033046 0.5978215 0.9116239 0.5904132 0.9045608 0.5978215 0.9116239 0.5963336 0.9123064 0.5963336 0.9123064 0.5978215 0.9116239 0.5999833 0.9218695 0.5963336 0.9123064 0.5999833 0.9218695 0.5983461 0.9218453 0.5983461 0.9218453 0.5999833 0.9218695 0.5975273 0.9320486 0.5983461 0.9218453 0.5975273 0.9320486 0.5960596 0.9313224 0.03099066 0.9253427 0.03116595 0.9269753 0.02076405 0.9269789 0.03099066 0.9253427 0.02076405 0.9269789 0.02130615 0.9253461 0.5899187 0.9388942 0.5909315 0.9401812 0.5814787 0.9446856 0.5899187 0.9388942 0.5814787 0.9446856 0.5811177 0.943088 0.5811177 0.943088 0.5814787 0.9446856 0.5710076 0.9446856 0.5811177 0.943088 0.5710076 0.9446856 0.5713687 0.9430879 0.9692726 0.7404866 0.9693511 0.7421236 0.9590387 0.7421241 0.9692726 0.7404866 0.9590387 0.7421241 0.9596714 0.7404871 0.5625679 0.9388942 0.5615547 0.9401812 0.5549589 0.9320485 0.5625679 0.9388942 0.5549589 0.9320485 0.556427 0.9313224 0.556427 0.9313224 0.5549589 0.9320485 0.5525029 0.9218695 0.556427 0.9313224 0.5525029 0.9218695 0.5541404 0.9218453 0.6976091 0.9705878 0.6959775 0.9709668 0.6959778 0.9604963 0.6976091 0.9705878 0.6959778 0.9604963 0.6976093 0.9608394 0.556153 0.9123063 0.5546647 0.9116238 0.5610235 0.9033046 0.556153 0.9123063 0.5610235 0.9033046 0.5620732 0.9045608 0.5885238 0.8970208 0.5868865 0.8970203 0.5885238 0.876578 0.5885238 0.876578 0.5868865 0.8970203 0.5868865 0.8765774 0.5914627 0.9033046 0.5904132 0.9045608 0.5892949 0.9004893 0.5892949 0.9004893 0.5904132 0.9045608 0.5878117 0.9011825 0.5892949 0.9004893 0.5878117 0.9011825 0.5885238 0.8970208 0.5885238 0.8970208 0.5878117 0.9011825 0.5868865 0.8970203 0.8548806 0.2794209 0.8553341 0.2789605 0.853978 0.2808157 0.3208699 0.874022 0.319238 0.8650647 0.3208699 0.8603065 0.1647263 0.480022 0.1647263 0.4873152 0.1642558 0.4849509 0.1647263 0.480022 0.1642558 0.4849509 0.164153 0.4820834 0.8526671 0.2798343 0.8531277 0.2799258 0.8464078 0.2941005 0.8464078 0.2941005 0.8531277 0.2799258 0.853978 0.2808157 0.853978 0.2808157 0.8531277 0.2799258 0.8543573 0.2797322 0.853978 0.2808157 0.8543573 0.2797322 0.8548806 0.2794209 0.8526671 0.2798343 0.8464078 0.2941005 0.8449128 0.2934334 0.8449128 0.2934334 0.8464078 0.2941005 0.8447898 0.298011 0.3242428 0.8440279 0.3258789 0.848437 0.3242428 0.8601047 0.7057358 0.7277148 0.7052517 0.7419442 0.7036175 0.7420383 0.7036175 0.7420383 0.7052517 0.7419442 0.7057358 0.747211 0.6996431 0.7844388 0.7012795 0.7900021 0.6996431 0.8023742 0.7398288 0.5166496 0.739291 0.5298227 0.7376556 0.5298947 0.7376556 0.5298947 0.739291 0.5298227 0.7398288 0.5361458 0.4765455 0.8063313 0.478182 0.812917 0.4765455 0.8251166 0.478182 0.812917 0.4781813 0.8250411 0.4765455 0.8251166 0.7042706 0.8851035 0.7058513 0.8855287 0.7042706 0.8927603 0.1649006 0.756868 0.1665371 0.7641618 0.1649006 0.7754467 0.735461 0.5604767 0.7348588 0.5715358 0.7332221 0.5715637 0.7332221 0.5715637 0.7348588 0.5715358 0.735461 0.5799729 0.7035468 0.6487512 0.7051832 0.6562704 0.7035468 0.666078 0.7326636 0.6058266 0.7332765 0.5958248 0.7349135 0.5958192 0.7349135 0.5958192 0.7332765 0.5958248 0.7326636 0.5863304 0.4894419 0.6669766 0.491078 0.6741021 0.4894419 0.6820768 0.7354573 0.5272181 0.7332112 0.5361457 0.7338204 0.5272014 0.7354573 0.5272181 0.7338204 0.5272014 0.7332112 0.5166495 0.8287454 0.4331452 0.8286709 0.4347807 0.7893978 0.4313661 0.7893978 0.4313661 0.8286709 0.4347807 0.7942306 0.4332236 0.7893978 0.4313661 0.7942306 0.4332236 0.7902932 0.4320073 0.7902932 0.4320073 0.7942306 0.4332236 0.792206 0.432874 0.1704757 0.7024305 0.170974 0.7040665 0.1693869 0.7040663 0.1704757 0.7024305 0.1693869 0.7040663 0.1695235 0.7024304 0.8310807 0.431733 0.8325632 0.4324271 0.8316167 0.4337137 0.8310807 0.431733 0.8316167 0.4337137 0.8305129 0.432505 0.8305129 0.432505 0.8316167 0.4337137 0.83025 0.4345402 0.8305129 0.432505 0.83025 0.4345402 0.8296928 0.4330009 0.8296928 0.4330009 0.83025 0.4345402 0.8286709 0.4347807 0.8296928 0.4330009 0.8286709 0.4347807 0.8287454 0.4331452 0.8314986 0.4266313 0.8331338 0.4267051 0.83131 0.4308025 0.83131 0.4308025 0.8331338 0.4267051 0.8329452 0.4308763 0.2298797 0.8939914 0.2303117 0.8956229 0.2282456 0.8956238 0.2298797 0.8939914 0.2282456 0.8956238 0.2286401 0.8939922 0.8304225 0.4244869 0.8313404 0.4231312 0.8327032 0.4246842 0.8304225 0.4244869 0.8327032 0.4246842 0.8312402 0.4254188 0.8312402 0.4254188 0.8327032 0.4246842 0.8331338 0.4267051 0.8312402 0.4254188 0.8331338 0.4267051 0.8314986 0.4266313 0.8024057 0.4179717 0.8029846 0.4164401 0.8156186 0.421952 0.8156186 0.421952 0.8029846 0.4164401 0.8159809 0.4203551 0.8156186 0.421952 0.8159809 0.4203551 0.8292539 0.4240732 0.2298797 0.8939914 0.2436215 0.8956253 0.2358115 0.8956246 0.7309533 0.5800645 0.7309533 0.5860012 0.7293931 0.5805618 0.8029846 0.4164401 0.8024057 0.4179717 0.7999584 0.4144343 0.7999584 0.4144343 0.8024057 0.4179717 0.7987741 0.4155648 0.7999584 0.4144343 0.7987741 0.4155648 0.798097 0.4113172 0.798097 0.4113172 0.7987741 0.4155648 0.7965405 0.4118242 0.798097 0.4113172 0.7965405 0.4118242 0.7977666 0.4077016 0.7977666 0.4077016 0.7965405 0.4118242 0.796144 0.4074856 0.7974688 0.3975417 0.7990913 0.3977577 0.796144 0.4074856 0.796144 0.4074856 0.7990913 0.3977577 0.7977666 0.4077016 0.7945404 0.3911815 0.7954309 0.3898075 0.7976418 0.391923 0.7945404 0.3911815 0.7976418 0.391923 0.7963091 0.3928739 0.7963091 0.3928739 0.7976418 0.391923 0.7989215 0.3947025 0.7963091 0.3928739 0.7989215 0.3947025 0.797333 0.3950975 0.797333 0.3950975 0.7989215 0.3947025 0.7990913 0.3977577 0.797333 0.3950975 0.7990913 0.3977577 0.7974688 0.3975417 0.7369611 0.830596 0.7369611 0.8136612 0.7385975 0.8230352 0.7790505 0.2735289 0.7845692 0.2655765 0.7856652 0.2667922 0.7354595 0.496953 0.7348589 0.5052955 0.7332223 0.5052658 0.7332223 0.5052658 0.7348589 0.5052955 0.7354595 0.5164492 0.698 0.7843894 0.6996363 0.7957864 0.698 0.8023648 0.6999536 0.8921596 0.6999536 0.8852595 0.7015258 0.8917042 0.8331419 0.167472 0.8347777 0.1675122 0.8331398 0.1855491 0.8347777 0.1675122 0.8347767 0.1803872 0.8331398 0.1855491 0.7592279 0.3126981 0.7617307 0.3081202 0.7608465 0.3129424 0.7592279 0.3126981 0.7608465 0.3129424 0.7585873 0.3308374 0.8347756 0.1852166 0.8347712 0.1991916 0.8331338 0.2027835 0.7585873 0.3308374 0.7600325 0.3275423 0.760219 0.3307076 0.7585873 0.3308374 0.760219 0.3307076 0.7620819 0.3486484 0.760219 0.3307076 0.7632178 0.3467766 0.7620819 0.3486484 0.7620819 0.3486484 0.7632178 0.3467766 0.7636416 0.3481513 0.7620819 0.3486484 0.7636416 0.3481513 0.7695293 0.3652006 0.7695293 0.3652006 0.7636416 0.3481513 0.7709355 0.3643623 0.7695293 0.3652006 0.7709355 0.3643623 0.7805406 0.3796296 0.7954309 0.3898075 0.7945404 0.3911815 0.7831437 0.3799349 0.7386027 0.8108164 0.7402346 0.7962462 0.7402346 0.813368 0.7831437 0.3799349 0.7805406 0.3796296 0.7817197 0.3784938 0.7817197 0.3784938 0.7805406 0.3796296 0.7709355 0.3643623 0.8331342 0.1280803 0.8347701 0.1277199 0.8347697 0.1305862 0.8331342 0.1280803 0.8347697 0.1305862 0.8331338 0.1303733 0.7859781 0.2637643 0.7874264 0.2645272 0.7856652 0.2667922 0.7859781 0.2637643 0.7856652 0.2667922 0.7845692 0.2655765 0.8020486 0.1461874 0.8036711 0.1464034 0.7866752 0.2615774 0.7866752 0.2615774 0.8036711 0.1464034 0.7882978 0.2617934 0.8007635 0.1413496 0.8020648 0.1403562 0.8034684 0.1432203 0.8007635 0.1413496 0.8034684 0.1432203 0.8018864 0.1436409 0.8018864 0.1436409 0.8034684 0.1432203 0.8036711 0.1464034 0.8018864 0.1436409 0.8036711 0.1464034 0.8020486 0.1461874 0.8128673 0.02419203 0.8280798 0.01366442 0.8288608 0.01510304 0.8288608 0.01510304 0.813938 0.0254302 0.8128673 0.02419203 0.8128673 0.02419203 0.813938 0.0254302 0.812 0.02715957 0.1796961 0.8064548 0.1813319 0.8095396 0.1796961 0.8235273 0.00282669 0.6126862 0.00234735 0.628242 7.13566e-4 0.6283426 7.13566e-4 0.6283426 0.00234735 0.628242 0.00282669 0.6334142 0.1796961 0.7707288 0.1813322 0.7762176 0.1796961 0.7889307 0.7058513 0.8719014 0.7074553 0.8847768 0.7058513 0.8851034 0.1650278 0.5287961 0.1666637 0.5289141 0.1666632 0.5367014 0.1650278 0.5287961 0.1666632 0.5367014 0.1650258 0.5472844 0.1666024 0.5949114 0.1659631 0.6052755 0.1643263 0.6052755 0.1643263 0.6052755 0.1659631 0.6052755 0.1666024 0.6156393 0.701285 0.7845778 0.7029213 0.7945087 0.701285 0.8024961 0.7831445 0.08962458 0.7851034 0.08183312 0.7847815 0.08961641 0.7831445 0.08962458 0.7847815 0.08961641 0.7852247 0.1080073 0.166656 0.5646271 0.16665 0.5763868 0.1650108 0.5817213 0.7852247 0.1080073 0.7858425 0.1025479 0.7868219 0.107649 0.7852247 0.1080073 0.7868219 0.107649 0.7911897 0.1255193 0.8020648 0.1403562 0.8007635 0.1413496 0.7926734 0.1248275 0.7926734 0.1248275 0.8007635 0.1413496 0.7911897 0.1255193 0.7926734 0.1248275 0.7911897 0.1255193 0.7916126 0.1224566 0.7916126 0.1224566 0.7911897 0.1255193 0.7868219 0.107649 0.8288608 0.01510304 0.8280798 0.01366442 0.8305142 0.01137018 0.8288608 0.01510304 0.8305142 0.01137018 0.8319038 0.01223534 0.1666468 0.4757023 0.1650108 0.4753729 0.1650114 0.4720331 0.1666468 0.4757023 0.1650114 0.4720331 0.1666474 0.4715274 0.8331338 0.008238971 0.8314982 0.008173167 0.8307753 0.004907131 0.8331338 0.008238971 0.8307753 0.004907131 0.8325221 0.004787266 0.8285339 0.00242412 0.8297855 1.54614e-4 0.8301358 3.23306e-4 0.8325221 0.004787266 0.8307753 0.004907131 0.8311697 0.001508295 0.8311697 0.001508295 0.8307753 0.004907131 0.8285339 0.00242412 0.8311697 0.001508295 0.8285339 0.00242412 0.8310663 0.001289129 0.8310663 0.001289129 0.8285339 0.00242412 0.8301358 3.23306e-4 0.8310663 0.001289129 0.8301358 3.23306e-4 0.8306862 7.60271e-4 0.8285339 0.00242412 0.8254593 0.001378655 0.8278573 2.18905e-4 0.8278573 2.18905e-4 0.8286578 0 0.8285339 0.00242412 0.8285339 0.00242412 0.8286578 0 0.8293975 4.00093e-5 0.8285339 0.00242412 0.8293975 4.00093e-5 0.8297855 1.54614e-4 0.02772873 0.7474682 0.02646112 0.7465394 0.02973711 0.7483808 0.02772873 0.7474682 0.02973711 0.7483808 0.02875328 0.7485668 0.01189112 0.6240003 0.0135625 0.621668 0.01955878 0.6174364 0.01955878 0.6174364 0.0135625 0.621668 0.01422482 0.6196335 0.01955878 0.6174364 0.01422482 0.6196335 0.02472996 0.6119509 0.02875328 0.7485668 0.02973711 0.7483808 0.02975368 0.7502376 0.02975368 0.7502376 0.02973711 0.7483808 0.04227066 0.7536845 0.02975368 0.7502376 0.04227066 0.7536845 0.04176741 0.7552427 0.04176741 0.7552427 0.04227066 0.7536845 0.04796802 0.7552898 0.7326636 0.6058267 0.7310301 0.599912 0.7326636 0.5861608 0.7014195 0.747211 0.7019416 0.7336966 0.7035772 0.7336168 0.7035772 0.7336168 0.7019416 0.7336966 0.7014195 0.7277149 0.7029132 0.7845777 0.7012802 0.7792291 0.7029132 0.7661356 0.6991181 0.747211 0.6996442 0.7337816 0.7012801 0.7337037 0.7012801 0.7337037 0.6996442 0.7337816 0.6991181 0.7277148 0.7405155 0.8630653 0.7388831 0.8586298 0.7405155 0.8469957 0.7382268 0.496953 0.738757 0.4836089 0.740393 0.4835327 0.740393 0.4835327 0.738757 0.4836089 0.7382268 0.4774568 0.6999536 0.8719732 0.6983166 0.8662304 0.6999536 0.8561235 0.7376569 0.5602401 0.7381909 0.5469811 0.7398271 0.5469069 0.7398271 0.5469069 0.7381909 0.5469811 0.7376569 0.5407439 0.7012802 0.7844389 0.6996431 0.7780702 0.7012802 0.7661357 0.7376546 0.516489 0.7381924 0.5033152 0.7398288 0.5032429 0.7398288 0.5032429 0.7381924 0.5033152 0.7376546 0.4969928 0.7332113 0.5362658 0.7315741 0.5296499 0.7332113 0.5166495 0.7376528 0.5799729 0.7381944 0.5668843 0.7398309 0.5668138 0.7398309 0.5668138 0.7381944 0.5668843 0.7376528 0.5604767 0.7310302 0.6058684 0.7293932 0.5994095 0.7310302 0.5861607 0.7371177 0.6058265 0.7376627 0.5928231 0.7392993 0.5927546 0.7392993 0.5927546 0.7376627 0.5928231 0.7371177 0.5863304 0.7402395 0.7781094 0.7386025 0.7722126 0.7402395 0.759538 0.7360416 0.496953 0.7365903 0.4840347 0.7382268 0.4839682 0.7382268 0.4839682 0.7365903 0.4840347 0.7360416 0.4774568 0.3208752 0.8603065 0.319238 0.8553521 0.3208752 0.8440281 0.1665414 0.7182155 0.1659893 0.7310485 0.1643527 0.7311132 0.1643527 0.7311132 0.1659893 0.7310485 0.1665414 0.7377117 0.7369611 0.7780954 0.7385949 0.7848119 0.7369611 0.7962136 0.7376528 0.5604767 0.7370974 0.5732246 0.7354609 0.5732873 0.7354609 0.5732873 0.7370974 0.5732246 0.7376528 0.5799729 0.7315815 0.5407439 0.7332156 0.5477793 0.7315815 0.5602877 0.7376546 0.4969927 0.7370959 0.5096554 0.7354595 0.5097163 0.7354595 0.5097163 0.7370959 0.5096554 0.7376546 0.5164889 0.70572 0.7069802 0.7073543 0.713905 0.70572 0.7267322 0.7376556 0.5166494 0.7370938 0.5292268 0.7354574 0.5292859 0.7354574 0.5292859 0.7370938 0.5292268 0.7376556 0.5361456 0.6980047 0.7472109 0.6996387 0.7535918 0.6980047 0.7659409 0.7376569 0.5407439 0.737092 0.5532361 0.7354557 0.5532934 0.7354557 0.5532934 0.737092 0.5532361 0.7376569 0.5602401 0.7015609 0.8217613 0.7031944 0.827188 0.7015609 0.8383024 0.7371176 0.5863304 0.7365498 0.5987374 0.7349135 0.5987929 0.7349135 0.5987929 0.7365498 0.5987374 0.7371176 0.6058266 0.6983209 0.8719015 0.6999536 0.8760133 0.6983209 0.8852235 0.7360416 0.4774567 0.7354708 0.4897786 0.7338346 0.4898324 0.7338346 0.4898324 0.7354708 0.4897786 0.7360416 0.496953 0.6999536 0.8719014 0.7015894 0.8776577 0.6999536 0.8852594 0.02472996 0.6119509 0.03650307 0.6077932 0.02558445 0.6133472 0.02472996 0.6119509 0.02558445 0.6133472 0.01955878 0.6174364 0.0352537 0.502365 0.02611047 0.4926444 0.02583718 0.4905222 0.02583718 0.4905222 0.02462768 0.4879202 0.03592252 0.5007622 0.02583718 0.4905222 0.03592252 0.5007622 0.0352537 0.502365 0.0352537 0.502365 0.03592252 0.5007622 0.03634738 0.5011467 0.0352537 0.502365 0.03634738 0.5011467 0.05096161 0.5133634 0.05096161 0.5133634 0.03634738 0.5011467 0.05173146 0.5119183 0.2733794 0.8969628 0.2717485 0.8966709 0.273411 0.8778176 0.2717485 0.8966709 0.2717793 0.8779205 0.273411 0.8778176 0.1649221 0.4958277 0.1641555 0.4943808 0.1649221 0.4939695 0.7045499 0.7660568 0.702918 0.765296 0.7045499 0.747211 0.1795204 0.7521497 0.1797037 0.7342343 0.1813322 0.7340618 0.1813322 0.7340618 0.1797037 0.7342343 0.1795204 0.7326535 0.7385928 0.8136613 0.7369611 0.8126463 0.7385928 0.7962136 0.08946985 0.5210552 0.106534 0.5189017 0.1069179 0.5204937 0.1069179 0.5204937 0.106534 0.5189017 0.1087742 0.5183268 0.1069179 0.5204937 0.1087742 0.5183268 0.124882 0.5137861 0.1087742 0.5183268 0.1241277 0.5123323 0.124882 0.5137861 0.124882 0.5137861 0.1241277 0.5123323 0.1267935 0.5108833 0.4894419 0.6827186 0.4878051 0.6793254 0.4894419 0.6669766 0.4927239 0.7516494 0.4931045 0.7358893 0.4947375 0.7357625 0.4947375 0.7357625 0.4931045 0.7358893 0.4927239 0.7321532 0.7070192 0.802655 0.7053822 0.7985281 0.7070192 0.7847473 0.4961541 0.7516494 0.4965871 0.7366089 0.4982212 0.7364973 0.4982212 0.7364973 0.4965871 0.7366089 0.4961541 0.7321532 0.7402397 0.759516 0.7386025 0.7547465 0.7402397 0.7404868 0.1624714 0.4717268 0.1546002 0.4839888 0.160942 0.4711402 0.1624714 0.4717268 0.160942 0.4711402 0.164153 0.4668797 0.164153 0.4668797 0.160942 0.4711402 0.1626403 0.4662277 0.9166271 0.1471096 0.9149901 0.1470382 0.9149899 0.1346711 0.6131221 0.4552944 0.5999833 0.4327166 0.6004916 0.4334104 0.6030566 0.4347413 0.6145378 0.4544706 0.6027013 0.434668 0.6027013 0.434668 0.6145378 0.4544706 0.6131221 0.4552944 0.6027013 0.434668 0.6131221 0.4552944 0.6011337 0.4339826 0.6011337 0.4339826 0.6131221 0.4552944 0.6004916 0.4334104 0.6210559 0.4604187 0.6203643 0.4619033 0.616237 0.4591536 0.6210559 0.4604187 0.616237 0.4591536 0.6173412 0.457944 0.6173412 0.457944 0.616237 0.4591536 0.6131221 0.4552944 0.6173412 0.457944 0.6131221 0.4552944 0.6145378 0.4544706 0.6358517 0.6330294 0.6342362 0.6328077 0.6488609 0.6222637 0.6488609 0.6222637 0.6342362 0.6328077 0.6332449 0.6329959 0.1650108 0.480678 0.1647846 0.4817281 0.1647846 0.4658967 0.003608465 0.6064389 0.002333641 0.5926741 0.003608465 0.5882427 0.6488609 0.6222637 0.6448299 0.6238129 0.6477136 0.6210952 0.6488609 0.6222637 0.6477136 0.6210952 0.6624298 0.6057438 0.2118694 0.9263087 0.196999 0.9262831 0.1931926 0.9246444 0.6624298 0.6057438 0.659076 0.6077564 0.66106 0.6048461 0.6624298 0.6057438 0.66106 0.6048461 0.6721724 0.5867148 0.66106 0.6048461 0.669495 0.5889892 0.6721724 0.5867148 0.6721724 0.5867148 0.669495 0.5889892 0.6706429 0.5861289 0.6721724 0.5867148 0.6706429 0.5861289 0.6776424 0.5660482 0.7389867 0.724816 0.7389845 0.7089308 0.740621 0.7071705 0.6776424 0.5660482 0.6755894 0.5684071 0.6760233 0.5658013 0.6776424 0.5660482 0.6760233 0.5658013 0.6785892 0.5446911 0.7389841 0.7065204 0.7389827 0.6885936 0.7406197 0.6867536 0.698915 0.6661834 0.698915 0.6689421 0.697608 0.6671706 0.7406197 0.6867536 0.7389827 0.6864382 0.7406196 0.6654555 0.7389827 0.6864382 0.7389827 0.6672503 0.7406196 0.6654555 0.6749695 0.5236216 0.6738612 0.5257683 0.6733942 0.5240701 0.6749695 0.5236216 0.6733942 0.5240701 0.666949 0.5038051 0.6203643 0.4619033 0.6210559 0.4604187 0.6383687 0.4727663 0.6383687 0.4727663 0.6210559 0.4604187 0.6393603 0.4714628 0.6383687 0.4727663 0.6393603 0.4714628 0.6536489 0.487212 0.6536489 0.487212 0.6393603 0.4714628 0.6548953 0.4861492 0.6536489 0.487212 0.6548953 0.4861492 0.6655051 0.5045784 0.6655051 0.5045784 0.6548953 0.4861492 0.666949 0.5038051 0.6655051 0.5045784 0.666949 0.5038051 0.6661211 0.505747 0.7389838 0.6459199 0.740621 0.6442519 0.7389826 0.6654893 0.5711553 0.9313394 0.5704017 0.9327925 0.566931 0.9274809 0.566931 0.9274809 0.5704017 0.9327925 0.5655516 0.9283624 0.566931 0.9274809 0.5655516 0.9283624 0.5652018 0.9220272 0.5652018 0.9220272 0.5655516 0.9283624 0.5635662 0.9221008 0.5652018 0.9220272 0.5635662 0.9221008 0.5664312 0.9164397 0.5664312 0.9164397 0.5635662 0.9221008 0.5649777 0.9156854 0.9690288 0.889727 0.968885 0.8880945 0.9746639 0.8897241 0.9746639 0.8897241 0.968885 0.8880945 0.9753548 0.8880911 0.5702896 0.9122153 0.5694078 0.9108352 0.5757433 0.9104862 0.5757433 0.9104862 0.5694078 0.9108352 0.5756694 0.9088499 0.9645357 0.3604506 0.9640275 0.3588137 0.9702486 0.3604506 0.9702486 0.3604506 0.9640275 0.3588137 0.9705868 0.3588137 0.581331 0.9117156 0.5820848 0.9102614 0.5855553 0.915574 0.5855553 0.915574 0.5820848 0.9102614 0.586935 0.9146915 0.5855553 0.915574 0.586935 0.9146915 0.5872844 0.9210277 0.5872844 0.9210277 0.586935 0.9146915 0.5889203 0.9209531 0.1674808 0.9443784 0.1670529 0.9427467 0.173202 0.9443785 0.173202 0.9443785 0.1670529 0.9427467 0.1736217 0.9427468 0.586055 0.9266152 0.5875087 0.9273685 0.5821966 0.9308396 0.5821966 0.9308396 0.5875087 0.9273685 0.5830788 0.9322186 0.5821966 0.9308396 0.5830788 0.9322186 0.5767429 0.9325687 0.5767429 0.9325687 0.5830788 0.9322186 0.5768171 0.9342039 0.964681 0.3985161 0.9642487 0.3968803 0.9704022 0.3985162 0.9704022 0.3985162 0.9642487 0.3968803 0.9708175 0.3968803 0.2911336 0.2271712 0.289687 0.2264052 0.2940184 0.2240667 0.2940184 0.2240667 0.289687 0.2264052 0.2931488 0.2226797 0.2940184 0.2240667 0.2931488 0.2226797 0.298069 0.2228205 0.298069 0.2228205 0.2931488 0.2226797 0.2980095 0.2211843 0.298069 0.2228205 0.2980095 0.2211843 0.3022 0.2237666 0.3022 0.2237666 0.2980095 0.2211843 0.3029667 0.2223196 0.1733056 0.7609826 0.1731618 0.7593501 0.1774797 0.7609805 0.1774797 0.7609805 0.1731618 0.7593501 0.1781707 0.7593476 0.3053045 0.2266514 0.3066921 0.2257814 0.3065507 0.230702 0.3065507 0.230702 0.3066921 0.2257814 0.3081876 0.2306421 0.003863871 0.8692177 0.003355681 0.8675808 0.008095681 0.8692178 0.008095681 0.8692178 0.003355681 0.8675808 0.008433878 0.8675808 0.3056046 0.234833 0.3070523 0.2355993 0.3027198 0.2379375 0.3027198 0.2379375 0.3070523 0.2355993 0.3035904 0.2393247 0.3027198 0.2379375 0.3035904 0.2393247 0.2986692 0.2391837 0.2986692 0.2391837 0.3035904 0.2393247 0.2987297 0.2408202 0.00398755 0.7644199 0.003559648 0.7627882 0.00822544 0.7644199 0.00822544 0.7644199 0.003559648 0.7627882 0.008645176 0.7627884 0.2945382 0.2382376 0.2937725 0.2396849 0.2914337 0.2353528 0.2914337 0.2353528 0.2937725 0.2396849 0.2900471 0.2362231 0.2914337 0.2353528 0.2900471 0.2362231 0.2901875 0.2313022 0.2901875 0.2313022 0.2900471 0.2362231 0.2885517 0.2313624 0.1702612 0.8657872 0.1698288 0.8641512 0.174499 0.865787 0.174499 0.865787 0.1698288 0.8641512 0.1749143 0.8641513 0.2878472 0.1329879 0.2864006 0.1322219 0.290732 0.1298834 0.290732 0.1298834 0.2864006 0.1322219 0.2898625 0.1284964 0.290732 0.1298834 0.2898625 0.1284964 0.2947826 0.1286372 0.2947826 0.1286372 0.2898625 0.1284964 0.2947232 0.127001 0.2947826 0.1286372 0.2947232 0.127001 0.2989137 0.1295833 0.2989137 0.1295833 0.2947232 0.127001 0.2996804 0.1281363 0.007026076 0.7120149 0.00688225 0.7103824 0.01120012 0.7120128 0.01120012 0.7120128 0.00688225 0.7103824 0.01189112 0.7103796 0.7374923 0.5849753 0.7359102 0.5853988 0.7374923 0.5807374 0.7374923 0.5807374 0.7359102 0.5853988 0.7359102 0.5803133 0.1701535 0.9181854 0.1696453 0.9165484 0.1743854 0.9181854 0.1743854 0.9181854 0.1696453 0.9165484 0.1747235 0.9165485 0.3023183 0.1406497 0.3037659 0.141416 0.2994334 0.1437543 0.2994334 0.1437543 0.3037659 0.141416 0.3003041 0.1451414 0.2994334 0.1437543 0.3003041 0.1451414 0.2953829 0.1450004 0.2953829 0.1450004 0.3003041 0.1451414 0.2954434 0.1466369 0.1702671 0.8133876 0.1698392 0.811756 0.1745051 0.8133876 0.1745051 0.8133876 0.1698392 0.811756 0.1749248 0.8117561 0.2912518 0.1440543 0.2904862 0.1455016 0.2881473 0.1411695 0.2881473 0.1411695 0.2904862 0.1455016 0.2867608 0.1420397 0.2881473 0.1411695 0.2867608 0.1420397 0.2869011 0.1371189 0.2869011 0.1371189 0.2867608 0.1420397 0.2852653 0.137179 0.003971576 0.8168192 0.003539264 0.8151835 0.008209466 0.8168193 0.008209466 0.8168193 0.003539264 0.8151835 0.008624732 0.8151833 0.7343618 0.5803132 0.7343618 0.5858998 0.7325046 0.5837201 0.4333283 0.2178997 0.4297586 0.2216234 0.4297617 0.2194665 0.4246153 0.1891943 0.4291371 0.1916126 0.4272387 0.1923024 0.4272387 0.1923024 0.4252645 0.1912328 0.4246153 0.1891943 0.4246153 0.1891943 0.4252645 0.1912328 0.422077 0.1901306 0.4246153 0.1891943 0.422077 0.1901306 0.4188082 0.1880373 0.4188082 0.1880373 0.422077 0.1901306 0.4187366 0.1896719 0.4188082 0.1880373 0.4187366 0.1896719 0.4166463 0.1880777 0.4166463 0.1880777 0.4187366 0.1896719 0.4151142 0.1882579 0.4151142 0.1882579 0.4187366 0.1896719 0.4153729 0.1898737 0.4151142 0.1882579 0.4153729 0.1898737 0.4115548 0.1891893 0.4115548 0.1891893 0.4153729 0.1898737 0.4100583 0.191645 0.8815525 0.4339938 0.8815525 0.4309271 0.8830999 0.4315534 0.4913284 0.630945 0.4923529 0.6322907 0.4913284 0.6327443 0.2043513 0.9709683 0.2027093 0.9701481 0.2043513 0.9650429 0.2043513 0.9650429 0.2027093 0.9701481 0.2027096 0.9667914 0.4042292 0.1940947 0.4064022 0.1942331 0.4028395 0.1957918 0.4028395 0.1957918 0.4064022 0.1942331 0.4041656 0.1967525 0.4028395 0.1957918 0.4041656 0.1967525 0.4001609 0.2010613 0.8569837 0.4248112 0.8586286 0.4268046 0.8569898 0.4304688 0.8569898 0.4304688 0.8586286 0.4268046 0.8586298 0.4278886 0.4297586 0.2216234 0.4270836 0.2214987 0.4297617 0.2194665 0.4965834 0.7516494 0.4982212 0.7537446 0.4965834 0.7552904 0.4020388 0.2167184 0.402872 0.2148731 0.4034345 0.2158594 0.4020388 0.2167184 0.4034345 0.2158594 0.402059 0.2167512 0.402059 0.2167512 0.4034345 0.2158594 0.4054721 0.2185422 0.402059 0.2167512 0.4054721 0.2185422 0.4042705 0.2196568 0.4042705 0.2196568 0.4054721 0.2185422 0.4069988 0.2220793 0.4069988 0.2220793 0.4054721 0.2185422 0.4079915 0.2207747 0.4069988 0.2220793 0.4079915 0.2207747 0.4070299 0.2221019 0.4070299 0.2221019 0.4079915 0.2207747 0.4102241 0.2239676 0.4102241 0.2239676 0.4079915 0.2207747 0.4089198 0.2214022 0.4102241 0.2239676 0.4089198 0.2214022 0.413702 0.2251682 0.413702 0.2251682 0.4089198 0.2214022 0.4140835 0.2235745 0.413702 0.2251682 0.4140835 0.2235745 0.4143949 0.2253201 0.4143949 0.2253201 0.4140835 0.2235745 0.4174219 0.2240327 0.4143949 0.2253201 0.4174219 0.2240327 0.4173683 0.2256704 0.8569857 0.4174866 0.8586287 0.4179049 0.8569833 0.4225725 0.8569833 0.4225725 0.8586287 0.4179049 0.8586269 0.4212302 0.4224707 0.2251644 0.4207876 0.2238305 0.4246177 0.2245118 0.8569837 0.4248112 0.8586269 0.4212302 0.8586271 0.4246013 0.002333641 0.609308 0.003614425 0.6103293 0.002333641 0.6121734 0.4297617 0.2194665 0.4320032 0.216938 0.4333283 0.2178997 0.4333283 0.2178997 0.4320032 0.216938 0.4326292 0.2160117 0.4333283 0.2178997 0.4326292 0.2160117 0.4348762 0.2153631 0.4348762 0.2153631 0.4326292 0.2160117 0.4336987 0.2140377 0.4348762 0.2153631 0.4336987 0.2140377 0.4363936 0.2112275 0.4363936 0.2112275 0.4336987 0.2140377 0.4348019 0.2108459 0.4363936 0.2112275 0.4348019 0.2108459 0.4368948 0.2075735 0.4368948 0.2075735 0.4348019 0.2108459 0.4352596 0.2075096 0.4368948 0.2075735 0.4352596 0.2075096 0.436526 0.2030766 0.7293931 0.594154 0.7277535 0.598185 0.7277541 0.5948655 0.436526 0.2030766 0.4350581 0.2041481 0.4357366 0.2003139 0.4357366 0.2003139 0.4350581 0.2041481 0.4332865 0.1988314 0.7293929 0.5912843 0.7277535 0.5892854 0.7293917 0.5862611 0.7293917 0.5862611 0.7277535 0.5892854 0.7277534 0.5882138 0.4332723 0.1957304 0.4327331 0.19786 0.4313928 0.1935378 0.4313928 0.1935378 0.4327331 0.19786 0.4306913 0.1951676 0.4313928 0.1935378 0.4306913 0.1951676 0.4291371 0.1916126 0.4291371 0.1916126 0.4306913 0.1951676 0.4281764 0.1929367 0.4291371 0.1916126 0.4281764 0.1929367 0.4272387 0.1923024 0.2027077 0.9635459 0.2027068 0.9625013 0.2043424 0.9578463 0.4001609 0.2010613 0.4035293 0.1976928 0.4013607 0.2028414 0.4001609 0.2010613 0.4013607 0.2028414 0.3992617 0.2061336 0.3992617 0.2061336 0.4013607 0.2028414 0.4008989 0.2061949 0.3992617 0.2061336 0.4008989 0.2061949 0.3993826 0.2091013 0.3993826 0.2091013 0.4008989 0.2061949 0.4011031 0.2095739 0.3993826 0.2091013 0.4011031 0.2095739 0.3994854 0.2098343 0.7381014 0.5366043 0.7397393 0.5367977 0.7381014 0.5402834 0.1427659 0.958759 0.1427659 0.9247826 0.1618723 0.9587293 0.1618723 0.9587293 0.1427659 0.9247826 0.1618723 0.924753 0.4998673 0.6106883 0.5338439 0.6106894 0.4998634 0.6288231 0.4998634 0.6288231 0.5338439 0.6106894 0.53384 0.6288242 0.4998634 0.6288231 0.53384 0.6288242 0.4998605 0.6490696 0.4998605 0.6490696 0.53384 0.6288242 0.5338371 0.6490706 0.4998605 0.6490696 0.5338371 0.6490706 0.4998591 0.6704517 0.4998591 0.6704517 0.5338371 0.6490706 0.5338357 0.6704527 0.4998591 0.6704517 0.5338357 0.6704527 0.499859 0.6919389 0.499859 0.6919389 0.5338357 0.6704527 0.5338356 0.6919398 0.499859 0.6919389 0.5338356 0.6919398 0.4998604 0.7124952 0.4998604 0.7124952 0.5338356 0.6919398 0.533837 0.7124962 0.4998604 0.7124952 0.533837 0.7124962 0.499863 0.7311298 0.499863 0.7311298 0.533837 0.7124962 0.5338396 0.7311308 0.499863 0.7311298 0.5338396 0.7311308 0.4998667 0.7469444 0.4998667 0.7469444 0.5338396 0.7311308 0.5338433 0.7469455 0.3235048 0.8691604 0.3208751 0.868966 0.323782 0.8603065 0.3287538 0.5623784 0.3254541 0.5714203 0.3287541 0.5586102 0.3155494 0.5332896 0.3255631 0.532845 0.3155528 0.547651 0.3155528 0.547651 0.3255631 0.532845 0.325959 0.5351519 0.3155528 0.547651 0.325959 0.5351519 0.3269169 0.5370683 0.3269169 0.5370683 0.3276915 0.5380085 0.3155528 0.547651 0.3155528 0.547651 0.3276915 0.5380085 0.3287541 0.5389172 0.3155528 0.547651 0.3287541 0.5389172 0.3287542 0.5398893 0.3155454 0.5188642 0.3259323 0.5211721 0.3155473 0.5259458 0.3155473 0.5259458 0.3259323 0.5211721 0.325645 0.5305828 0.3155473 0.5259458 0.325645 0.5305828 0.3155494 0.5332896 0.3155494 0.5332896 0.325645 0.5305828 0.3255697 0.5323089 0.3155494 0.5332896 0.3255697 0.5323089 0.3255631 0.532845 0.3287542 0.5398893 0.3287543 0.545633 0.3155528 0.547651 0.3155528 0.547651 0.3287543 0.545633 0.3287544 0.5508751 0.3155528 0.547651 0.3287544 0.5508751 0.3155553 0.5610327 0.3155553 0.5610327 0.3287544 0.5508751 0.3287541 0.5586102 0.3155553 0.5610327 0.3287541 0.5586102 0.3155557 0.5620995 0.3155557 0.5620995 0.3287541 0.5586102 0.3254541 0.5714203 0.3155557 0.5620995 0.3254541 0.5714203 0.3155568 0.5748183 0.001007854 0.5892203 0.001100957 0.5882425 0.002333641 0.5894106 0.001007854 0.5892203 0.002333641 0.5894106 7.13618e-4 0.5950596 7.13618e-4 0.5950596 0.002333641 0.5894106 0.001504123 0.6004976 7.13618e-4 0.5950596 0.001504123 0.6004976 8.25044e-4 0.6004815 8.25044e-4 0.6004815 0.001504123 0.6004976 0.001648128 0.6086418 0.001648128 0.6086418 0.001504123 0.6004976 0.001981556 0.6098945 0.001648128 0.6086418 0.001981556 0.6098945 0.002333641 0.6126863 0.04631215 0.08711379 0.04056924 0.1279685 0.03572112 0.1264328 0.03572112 0.1264328 0.02180457 0.08959066 0.02641224 0.07324784 0.02180457 0.08959066 0.03572112 0.1264328 0.01864403 0.1078125 0.01864403 0.1078125 0.03572112 0.1264328 0.03075468 0.127527 0.01864403 0.1078125 0.03075468 0.127527 0.01698893 0.1254682 0.01698893 0.1254682 0.03075468 0.127527 0.02700066 0.1309579 0.01698893 0.1254682 0.02700066 0.1309579 0.02546501 0.1358059 0.04102706 0.2308417 0.0399329 0.2258753 0.03483808 0.146062 0.03483808 0.146062 0.0399329 0.2258753 0.03650212 0.2221213 0.03483808 0.146062 0.03650212 0.2221213 0.02998995 0.1445264 0.02998995 0.1445264 0.03650212 0.2221213 0.031654 0.2205856 0.02998995 0.1445264 0.031654 0.2205856 0.02655917 0.1407724 0.02655917 0.1407724 0.031654 0.2205856 0.02546501 0.1358059 0.02592283 0.2386791 0.006334662 0.2725448 0.02249205 0.2349252 0.02249205 0.2349252 0.006334662 0.2725448 0.01203036 0.2402674 0.02249205 0.2349252 0.01203036 0.2402674 0.02139788 0.2299587 0.02139788 0.2299587 0.01203036 0.2402674 0.01398867 0.2236881 0.02139788 0.2299587 0.01398867 0.2236881 0.02293354 0.2251106 0.03352236 0.2600814 0.03077095 0.2402148 0.03573739 0.2391207 0.1577727 0.008431017 0.162755 0.01383161 0.1511029 0.005348324 0.1511029 0.005348324 0.162755 0.01383161 0.14296 0.008322 0.07441204 0.012726 0.0836026 0.02014052 0.0610522 0.02247387 0.0610522 0.02247387 0.0836026 0.02014052 0.06742751 0.03281188 0.0610522 0.02247387 0.06742751 0.03281188 0.04884183 0.03448271 0.04884183 0.03448271 0.06742751 0.03281188 0.0653122 0.03592789 0.04884183 0.03448271 0.0653122 0.03592789 0.04333186 0.04125076 0.04964029 0.07060986 0.04631215 0.08711379 0.03837209 0.04837232 0.03837209 0.04837232 0.04631215 0.08711379 0.03572112 0.1264328 0.03837209 0.04837232 0.03572112 0.1264328 0.03311699 0.05747616 0.03311699 0.05747616 0.03572112 0.1264328 0.02641224 0.07324784 0.02293354 0.2251106 0.01398867 0.2236881 0.0266875 0.2216798 0.0266875 0.2216798 0.01398867 0.2236881 0.01525789 0.2071008 0.0266875 0.2216798 0.01525789 0.2071008 0.031654 0.2205856 0.031654 0.2205856 0.01525789 0.2071008 0.01624625 0.1765121 0.031654 0.2205856 0.01624625 0.1765121 0.02546501 0.1358059 0.02546501 0.1358059 0.01624625 0.1765121 0.01619833 0.1514115 0.02546501 0.1358059 0.01619833 0.1514115 0.01698893 0.1254682 0.02473837 0.3919741 0.01527029 0.3978052 0.01144558 0.3902474 0.03352236 0.2600814 0.03573739 0.2391207 0.04930561 0.2429603 0.04930561 0.2429603 0.03573739 0.2391207 0.03949141 0.2356899 0.04930561 0.2429603 0.03949141 0.2356899 0.04991126 0.2421317 0.05012536 0.241128 0.03949141 0.2356899 0.04102706 0.2308417 0.05012536 0.241128 0.04102706 0.2308417 0.05012232 0.2301357 0.102275 0.01156485 0.1105085 0.003115773 0.1224269 0.007552564 0.1224269 0.007552564 0.1105085 0.003115773 0.1180303 0.003475069 0.1224269 0.007552564 0.1180303 0.003475069 0.14296 0.008322 0.14296 0.008322 0.1180303 0.003475069 0.1346511 0.002919435 0.14296 0.008322 0.1346511 0.002919435 0.1511029 0.005348324 0.0653122 0.03592789 0.06452465 0.03961062 0.04333186 0.04125076 0.04333186 0.04125076 0.06452465 0.03961062 0.06485599 0.04232168 0.04333186 0.04125076 0.06485599 0.04232168 0.03837209 0.04837232 0.03837209 0.04837232 0.06485599 0.04232168 0.05621123 0.05510884 0.03837209 0.04837232 0.05621123 0.05510884 0.04964029 0.07060986 0.02473837 0.3919741 0.01144558 0.3902474 0.01528638 0.3706926 0.1548305 0.464721 0.1479037 0.4658791 0.1190308 0.4526068 0.1190308 0.4526068 0.1479037 0.4658791 0.1436401 0.4662276 0.04631215 0.08711379 0.04636204 0.1039499 0.04056924 0.1279685 0.04056924 0.1279685 0.04636204 0.1039499 0.04978799 0.1204339 0.04056924 0.1279685 0.04978799 0.1204339 0.04400002 0.1317225 0.04400002 0.1317225 0.04978799 0.1204339 0.05009204 0.1224045 0.04400002 0.1317225 0.05009204 0.1224045 0.04509419 0.136689 0.04509419 0.136689 0.05009204 0.1224045 0.05011093 0.1897187 0.04509419 0.136689 0.05011093 0.1897187 0.04355853 0.1415371 0.01318997 0.3017379 0.003446638 0.289348 0.02133166 0.2799215 0.02133166 0.2799215 0.003446638 0.289348 0.006334662 0.2725448 0.02133166 0.2799215 0.006334662 0.2725448 0.03352236 0.2600814 0.03352236 0.2600814 0.006334662 0.2725448 0.02592283 0.2386791 0.03352236 0.2600814 0.02592283 0.2386791 0.03077095 0.2402148 0.07463246 0.4525582 0.06633138 0.4482758 0.07449227 0.4397621 0.07449227 0.4397621 0.06633138 0.4482758 0.05827695 0.4433716 0.07449227 0.4397621 0.05827695 0.4433716 0.05490601 0.4271676 0.05490601 0.4271676 0.05827695 0.4433716 0.04322195 0.4319322 0.05490601 0.4271676 0.04322195 0.4319322 0.0381118 0.411037 0.0381118 0.411037 0.04322195 0.4319322 0.03023326 0.4189667 0.0381118 0.411037 0.03023326 0.4189667 0.02473837 0.3919741 0.02473837 0.3919741 0.03023326 0.4189667 0.01969373 0.4051171 0.02473837 0.3919741 0.01969373 0.4051171 0.01527029 0.3978052 0.1436401 0.4662276 0.126918 0.4659957 0.1190308 0.4526068 0.1190308 0.4526068 0.126918 0.4659957 0.1090108 0.4635845 0.1190308 0.4526068 0.1090108 0.4635845 0.09613728 0.448349 0.09613728 0.448349 0.1090108 0.4635845 0.09176981 0.4592293 0.09613728 0.448349 0.09176981 0.4592293 0.07463246 0.4525582 0.04474067 0.1962592 0.03483808 0.146062 0.05011093 0.1897187 0.05011093 0.1897187 0.03483808 0.146062 0.03980457 0.1449679 0.05011093 0.1897187 0.03980457 0.1449679 0.04355853 0.1415371 0.04474067 0.1962592 0.04145121 0.205177 0.03483808 0.146062 0.03483808 0.146062 0.04145121 0.205177 0.04145389 0.2146822 0.03483808 0.146062 0.04145389 0.2146822 0.04102706 0.2308417 0.04102706 0.2308417 0.04145389 0.2146822 0.0447483 0.2235982 0.04102706 0.2308417 0.0447483 0.2235982 0.05012232 0.2301357 0.1036204 3.00232e-4 0.1105085 0.003115773 0.100785 0.001055598 0.100785 0.001055598 0.1105085 0.003115773 0.102275 0.01156485 0.100785 0.001055598 0.102275 0.01156485 0.08896195 0.005185961 0.08896195 0.005185961 0.102275 0.01156485 0.0836026 0.02014052 0.08896195 0.005185961 0.0836026 0.02014052 0.08154577 0.008665621 0.08154577 0.008665621 0.0836026 0.02014052 0.07441204 0.012726 0.01144558 0.3902474 0.008544385 0.3832693 0.01528638 0.3706926 0.01528638 0.3706926 0.008544385 0.3832693 0.003883659 0.3677079 0.01528638 0.3706926 0.003883659 0.3677079 0.01010966 0.3479892 0.01010966 0.3479892 0.003883659 0.3677079 9.62833e-4 0.3499435 0.01010966 0.3479892 9.62833e-4 0.3499435 0.009402036 0.3247139 0.009402036 0.3247139 9.62833e-4 0.3499435 0 0.3301353 0.009402036 0.3247139 0 0.3301353 0.01318997 0.3017379 0.01318997 0.3017379 0 0.3301353 0.00116527 0.3074774 0.163559 0.4564959 0.164153 0.4582496 0.1624043 0.4612091 0.1190308 0.4526068 0.163559 0.4564959 0.1548305 0.464721 0.1548305 0.464721 0.163559 0.4564959 0.1595564 0.4632061 0.1595564 0.4632061 0.163559 0.4564959 0.1624043 0.4612091 0.08391296 0.8199743 0.07237327 0.8169214 0.08399969 0.8184162 0.08399969 0.8184162 0.07237327 0.8169214 0.07237386 0.8097456 0.08399969 0.8184162 0.07237386 0.8097456 0.08456522 0.8101317 0.7198286 0.00990051 0.7043682 0.009048044 0.7135791 0.002692043 0.7135791 0.002692043 0.7043682 0.009048044 0.7031721 0.007315874 0.7135791 0.002692043 0.7031721 0.007315874 0.7109532 0 0.07237273 0.8046103 0.08456522 0.8101317 0.07237386 0.8097456 0.003719866 0.4813917 0.003274559 0.4822625 0.003274559 0.4775714 0.7079224 0.01360964 0.7043682 0.009048044 0.7198286 0.00990051 0.7079224 0.01360964 0.7198286 0.00990051 0.7112619 0.01765751 0.7112619 0.01765751 0.7198286 0.00990051 0.7254363 0.01758348 0.7112619 0.01765751 0.7254363 0.01758348 0.7183856 0.02803361 0.734526 0.03407919 0.7241297 0.03919559 0.7303523 0.02566754 0.7303523 0.02566754 0.7241297 0.03919559 0.7183856 0.02803361 0.7303523 0.02566754 0.7183856 0.02803361 0.7281576 0.02186661 0.7281576 0.02186661 0.7183856 0.02803361 0.7254363 0.01758348 0.486203 0.5861842 0.4858337 0.5830161 0.4869166 0.5863725 0.4869109 0.6687842 0.4868957 0.6688656 0.4790639 0.6497258 0.486203 0.5861842 0.4869166 0.5863725 0.4853337 0.589253 0.4871922 0.6677119 0.4869109 0.6687842 0.4807631 0.6526159 0.4807631 0.6526159 0.4869109 0.6687842 0.4790639 0.6497258 0.4807631 0.6526159 0.4790639 0.6497258 0.4773575 0.6360549 0.4773575 0.6360549 0.4790639 0.6497258 0.476126 0.6292554 0.4773575 0.6360549 0.476126 0.6292554 0.4773575 0.6191474 0.4773575 0.6191474 0.476126 0.6292554 0.4782586 0.6086853 0.4773575 0.6191474 0.4782586 0.6086853 0.480763 0.6025863 0.480763 0.6025863 0.4782586 0.6086853 0.4853337 0.589253 0.480763 0.6025863 0.4853337 0.589253 0.4871922 0.5874903 0.4871922 0.5874903 0.4853337 0.589253 0.4869166 0.5863725 0.0134049 0.8975133 0.02814161 0.8975369 0.02811372 0.9038835 0.0134049 0.8975133 0.02811372 0.9038835 0.01337724 0.9038599 0.319238 0.8423913 0.319238 0.8276547 0.3263423 0.8276534 0.319238 0.8423913 0.3263423 0.8276534 0.3263423 0.8423902 0.9521166 0.3026165 0.9648066 0.302616 0.9521146 0.3230778 0.9521146 0.3230778 0.9648066 0.302616 0.964806 0.3141388 0.964806 0.3141388 0.9648045 0.3230772 0.9521146 0.3230778 0.9521146 0.3230778 0.9648045 0.3230772 0.9648021 0.3327179 0.9521146 0.3230778 0.9648021 0.3327179 0.9521082 0.3421935 0.9648021 0.3327179 0.9647981 0.3421928 0.9521082 0.3421935 0.9521082 0.3421935 0.9647981 0.3421928 0.9647941 0.3496195 0.9521082 0.3421935 0.9647941 0.3496195 0.9520975 0.3588138 0.7275412 0.9235314 0.7402309 0.9235754 0.7275334 0.9341477 0.7275334 0.9341477 0.7402309 0.9235754 0.7402234 0.9395198 0.7275334 0.9341477 0.7402234 0.9395198 0.7275336 0.9394759 0.9647874 0.3588132 0.9520975 0.3588138 0.9647941 0.3496195 0.9668307 0.2342248 0.9668292 0.2372884 0.9520941 0.2342255 0.9520941 0.2342255 0.9668292 0.2372884 0.9520927 0.237289 0.4761207 0.9374796 0.4704002 0.9374795 0.4761207 0.9357677 0.4761207 0.9357677 0.4704002 0.9374795 0.4704001 0.9351642 0.4761207 0.9374796 0.4761209 0.9394428 0.4704002 0.9374795 0.4704002 0.9374795 0.4761209 0.9394428 0.4761211 0.9432317 0.4704002 0.9374795 0.4761211 0.9432317 0.4704017 0.9529473 0.4761211 0.9432317 0.4761214 0.9474252 0.4704017 0.9529473 0.4704017 0.9529473 0.4761214 0.9474252 0.4761222 0.952323 0.4704017 0.9529473 0.4761222 0.952323 0.4704023 0.9562566 0.4761222 0.952323 0.4761227 0.9562568 0.4704023 0.9562566 0.4704023 0.9562566 0.4761227 0.9562568 0.4761228 0.9573671 0.4704023 0.9562566 0.4761228 0.9573671 0.4704046 0.9686314 0.4761228 0.9573671 0.4761241 0.964016 0.4704046 0.9686314 0.4704046 0.9686314 0.4761241 0.964016 0.4761244 0.9659404 0.4704046 0.9686314 0.4761244 0.9659404 0.4704054 0.9724118 0.4704054 0.9724118 0.4761244 0.9659404 0.4761259 0.9724119 0.9259419 0.8880912 0.9316623 0.8880916 0.9259107 0.8992089 0.9259107 0.8992089 0.9316623 0.8880916 0.9316323 0.89875 0.9259107 0.8992089 0.9316323 0.89875 0.9258984 0.9049254 0.9258984 0.9049254 0.9316323 0.89875 0.9316188 0.9049258 0.9258984 0.9049254 0.9316188 0.9049258 0.9258796 0.9164526 0.9258796 0.9164526 0.9316188 0.9049258 0.9315913 0.9241316 0.9258796 0.9164526 0.9315913 0.9241316 0.9258708 0.9241312 0.9258708 0.9241312 0.9315913 0.9241316 0.9258635 0.9351304 0.9258635 0.9351304 0.9315913 0.9241316 0.931582 0.9445065 0.9258635 0.9351304 0.931582 0.9445065 0.9258615 0.9445061 0.9258615 0.9445061 0.931582 0.9445065 0.9258638 0.9542257 0.9258638 0.9542257 0.931582 0.9445065 0.9315853 0.9565235 0.9258638 0.9542257 0.9315853 0.9565235 0.925871 0.9647742 0.9315853 0.9565235 0.9315915 0.9647746 0.925871 0.9647742 0.925871 0.9647742 0.9315915 0.9647746 0.9315941 0.96763 0.925871 0.9647742 0.9315941 0.96763 0.92588 0.9726991 0.92588 0.9726991 0.9315941 0.96763 0.9316043 0.975417 0.92588 0.9726991 0.9316043 0.975417 0.9258983 0.9836664 0.8759933 0.9977191 0.8759683 0.9886991 0.9259093 0.988703 0.9316043 0.975417 0.9316188 0.9836668 0.9258983 0.9836664 0.9258983 0.9836664 0.9316188 0.9836668 0.9316236 0.9860402 0.9258983 0.9836664 0.9316236 0.9860402 0.9259093 0.988703 0.9259093 0.988703 0.9316236 0.9860402 0.9316427 0.9936281 0.9259093 0.988703 0.9316427 0.9936281 0.8759933 0.9977191 0.8759933 0.9977191 0.9316427 0.9936281 0.9316449 0.994405 0.8759933 0.9977191 0.9316449 0.994405 0.9316623 1 0.1005628 0.9251706 0.1005641 0.9804266 0.09446465 0.9247609 0.09446465 0.9247609 0.1005641 0.9804266 0.09470772 0.9804228 0.09446465 0.9247609 0.09470772 0.9804228 0.08456522 0.924753 0.08456522 0.924753 0.09470772 0.9804228 0.08456522 0.9804145 0.9316623 1 0.8760011 0.9999959 0.8759933 0.9977191 0.1005628 0.9251706 0.1013593 0.9251889 0.1005641 0.9804266 0.1005641 0.9804266 0.1013593 0.9251889 0.1037978 0.9252076 0.1005641 0.9804266 0.1037978 0.9252076 0.1089757 0.9804308 0.1394206 0.9247761 0.1394205 0.9804379 0.1283766 0.9247749 0.1283766 0.9247749 0.1394205 0.9804379 0.1246508 0.980436 0.1283766 0.9247749 0.1246508 0.980436 0.119239 0.9247726 0.119239 0.9247726 0.1246508 0.980436 0.1192389 0.9804344 0.119239 0.9247726 0.1192389 0.9804344 0.116564 0.9247719 0.116564 0.9247719 0.1192389 0.9804344 0.1089757 0.9804308 0.116564 0.9247719 0.1089757 0.9804308 0.1083601 0.9251285 0.1083601 0.9251285 0.1089757 0.9804308 0.1037978 0.9252076 0.4040867 0.8848806 0.4761217 0.8936539 0.4040851 0.8968511 0.4040851 0.8968511 0.4761217 0.8936539 0.4761213 0.8968529 0.4040851 0.8968511 0.4761213 0.8968529 0.404085 0.9007989 0.404085 0.9007989 0.4761213 0.8968529 0.4761206 0.9067871 0.404085 0.9007989 0.4761206 0.9067871 0.4040843 0.9172694 0.4040843 0.9172694 0.4761206 0.9067871 0.4761201 0.9172562 0.4040843 0.9172694 0.4761201 0.9172562 0.4703996 0.917271 0.4703996 0.917271 0.4761201 0.9172562 0.4761202 0.9182801 0.4703996 0.917271 0.4761202 0.9182801 0.4704001 0.9351642 0.4704001 0.9351642 0.4761202 0.9182801 0.4761202 0.9276884 0.4704001 0.9351642 0.4761202 0.9276884 0.4761207 0.9357677 0.9316623 0.9601266 0.9317736 0.8880911 0.935393 0.888093 0.9316623 0.9601266 0.935393 0.888093 0.9463866 0.9601307 0.935393 0.888093 0.9429903 0.888095 0.9463866 0.9601307 0.9463866 0.9601307 0.9429903 0.888095 0.9501461 0.8880944 0.9463866 0.9601307 0.9501461 0.8880944 0.950269 0.96013 0.950269 0.96013 0.9501461 0.8880944 0.9503803 0.8880943 0.950269 0.96013 0.9503803 0.8880943 0.9599794 0.9601238 0.9599794 0.9601238 0.9503803 0.8880943 0.9567824 0.8880911 0.4040892 0.8701612 0.4761259 0.8666481 0.4040877 0.8775455 0.4040877 0.8775455 0.4761259 0.8666481 0.4761236 0.8775473 0.4040877 0.8775455 0.4761236 0.8775473 0.4040867 0.8848806 0.4040867 0.8848806 0.4761236 0.8775473 0.4761233 0.8799198 0.4040867 0.8848806 0.4761233 0.8799198 0.4761217 0.8936539 0.6978734 0.8561235 0.6984425 0.8500356 0.7074551 0.8561227 0.7074551 0.8561227 0.6984425 0.8500356 0.7074551 0.8394012 0.7065196 0.8208571 0.7065274 0.8209432 0.7064446 0.8208571 0.6978735 0.8208669 0.6978735 0.8051826 0.7064446 0.8208571 0.7064446 0.8208571 0.6978735 0.8051826 0.7059539 0.8147537 0.7064446 0.8208571 0.7059539 0.8147537 0.7065196 0.8208571 0.2635686 0.9544572 0.2971358 0.9544572 0.2971252 0.9644119 0.2635686 0.9544572 0.2971252 0.9644119 0.2635583 0.9644119 0.2635583 0.9644119 0.2971252 0.9644119 0.2971286 0.9749181 0.2635583 0.9644119 0.2971286 0.9749181 0.2635616 0.9749181 0.2635616 0.9749181 0.2971286 0.9749181 0.297145 0.9838948 0.2635616 0.9749181 0.297145 0.9838948 0.2635781 0.9838948 0.3279353 0.9395908 0.3279353 0.9731578 0.3177526 0.9731569 0.3279353 0.9395908 0.3177526 0.9731569 0.3177527 0.9395899 0.3177527 0.9395899 0.3177526 0.9731569 0.307354 0.9731577 0.3177527 0.9395899 0.307354 0.9731577 0.307354 0.9395906 0.307354 0.9395906 0.307354 0.9731577 0.298799 0.9731593 0.307354 0.9395906 0.298799 0.9731593 0.298799 0.9395923 0.9754642 0.6682527 0.9754879 0.7018195 0.9659439 0.7018097 0.9754642 0.6682527 0.9659439 0.7018097 0.9659202 0.6682429 0.2635882 0.9441609 0.2971552 0.9441609 0.2635686 0.9544572 0.2635686 0.9544572 0.2971552 0.9441609 0.2971358 0.9544572 0.9659202 0.6682429 0.9659439 0.7018097 0.9620022 0.6682426 0.9620022 0.6682426 0.9659439 0.7018097 0.962026 0.7018094 0.9620022 0.6682426 0.962026 0.7018094 0.9576183 0.7018055 0.9620022 0.6682426 0.9576183 0.7018055 0.9576183 0.6682385 0.4687579 0.9823336 0.4351907 0.982315 0.4351899 0.978653 0.4687579 0.9823336 0.4351899 0.978653 0.468757 0.9787043 0.468757 0.9787043 0.4351899 0.978653 0.4351896 0.9740669 0.468757 0.9787043 0.4351896 0.9740669 0.4687567 0.9741539 0.4687567 0.9741539 0.4351896 0.9740669 0.4351899 0.9693745 0.4687567 0.9741539 0.4351899 0.9693745 0.4687569 0.9693754 0.2971552 0.9441609 0.2635882 0.9441609 0.2971569 0.9426623 0.2971569 0.9426623 0.2635882 0.9441609 0.26359 0.9421395 0.2971569 0.9426623 0.26359 0.9421395 0.2971572 0.9421395 0.2971572 0.9421395 0.26359 0.9421395 0.2971569 0.9410561 0.2971569 0.9410561 0.26359 0.9421395 0.2635887 0.9400711 0.2971569 0.9410561 0.2635887 0.9400711 0.2971556 0.9400711 0.2971556 0.9400711 0.2635887 0.9400711 0.2971547 0.9395899 0.9240511 0.7057976 0.9576183 0.7053751 0.9576179 0.7072011 0.9240511 0.7057976 0.9576179 0.7072011 0.9240508 0.7072011 0.5473639 0.2708031 0.5496607 0.2716514 0.5454248 0.2822426 0.5454248 0.2822426 0.5496607 0.2716514 0.5445231 0.2910118 0.5454248 0.2822426 0.5445231 0.2910118 0.5441721 0.2939561 0.702918 0.7847474 0.702918 0.7661357 0.7070193 0.7676056 0.5824677 0.7283357 0.5738338 0.7104654 0.5931012 0.7071579 0.5382109 0.8415166 0.5489853 0.8436705 0.5374625 0.8458086 0.5374625 0.8458086 0.5489853 0.8436705 0.5476989 0.8473401 0.5374625 0.8458086 0.5476989 0.8473401 0.5349318 0.8493549 0.5349318 0.8493549 0.5476989 0.8473401 0.5464678 0.8599396 0.7818436 0.9105259 0.7909293 0.9104276 0.7818436 0.9499137 0.7818436 0.9499137 0.7909293 0.9104276 0.7924324 0.9241449 0.7818436 0.9499137 0.7924324 0.9241449 0.7958118 0.9375241 0.5382109 0.8415166 0.5379295 0.8359999 0.5489853 0.8436705 0.5489853 0.8436705 0.5379295 0.8359999 0.5382791 0.8335305 0.5489853 0.8436705 0.5382791 0.8335305 0.5518198 0.8410083 0.5382791 0.8335305 0.5395263 0.8313708 0.5518198 0.8410083 0.5518198 0.8410083 0.5395263 0.8313708 0.5414904 0.8298339 0.5518198 0.8410083 0.5414904 0.8298339 0.5681982 0.8293984 0.5681982 0.8293984 0.5414904 0.8298339 0.557965 0.8187669 0.5681982 0.8293984 0.557965 0.8187669 0.5818747 0.8147016 0.5818747 0.8147016 0.557965 0.8187669 0.5713628 0.8041248 0.5818747 0.8147016 0.5713628 0.8041248 0.5922781 0.7975316 0.5922781 0.7975316 0.5713628 0.8041248 0.580927 0.7867346 0.5922781 0.7975316 0.580927 0.7867346 0.59886 0.7790712 0.59886 0.7790712 0.580927 0.7867346 0.5861175 0.7675786 0.59886 0.7790712 0.5861175 0.7675786 0.5994079 0.7743149 0.5931012 0.7071579 0.5965932 0.7225708 0.5824677 0.7283357 0.5824677 0.7283357 0.5965932 0.7225708 0.5983938 0.7340697 0.5824677 0.7283357 0.5983938 0.7340697 0.5866408 0.7477388 0.5866408 0.7477388 0.5983938 0.7340697 0.5995904 0.7461342 0.5866408 0.7477388 0.5995904 0.7461342 0.5861175 0.7675786 0.5861175 0.7675786 0.5995904 0.7461342 0.5999834 0.7652547 0.5861175 0.7675786 0.5999834 0.7652547 0.5994079 0.7743149 0.5526476 0.4551514 0.5366705 0.4428791 0.5448353 0.4361215 0.5652403 0.5662441 0.5741961 0.5481978 0.5833907 0.5477834 0.5833907 0.5477834 0.5741961 0.5481978 0.586709 0.5331066 0.586709 0.5331066 0.5741961 0.5481978 0.5788133 0.5285876 0.586709 0.5331066 0.5788133 0.5285876 0.5882832 0.5177396 0.5882832 0.5177396 0.5788133 0.5285876 0.5788502 0.5084413 0.5882832 0.5177396 0.5788502 0.5084413 0.5875758 0.5019338 0.5875758 0.5019338 0.5788502 0.5084413 0.5862302 0.4940003 0.5862302 0.4940003 0.5788502 0.5084413 0.5743049 0.4888144 0.5862302 0.4940003 0.5743049 0.4888144 0.5841506 0.4861177 0.5690312 0.4580032 0.5654154 0.4707353 0.5580599 0.446335 0.5580599 0.446335 0.5654154 0.4707353 0.5526476 0.4551514 0.5580599 0.446335 0.5526476 0.4551514 0.5516815 0.4409862 0.5516815 0.4409862 0.5526476 0.4551514 0.5448353 0.4361215 0.5448353 0.4361215 0.5361931 0.4379392 0.5397573 0.4330188 0.5397573 0.4330188 0.5361931 0.4379392 0.5388634 0.4327167 0.7825629 0.9087892 0.7833598 0.9082567 0.7820305 0.909586 0.7820305 0.909586 0.7833598 0.9082567 0.7842997 0.9080698 0.7896748 0.9083827 0.7905687 0.9092416 0.7884752 0.9080698 0.7884752 0.9080698 0.7905687 0.9092416 0.7909293 0.9104276 0.7884752 0.9080698 0.7909293 0.9104276 0.7842997 0.9080698 0.7842997 0.9080698 0.7909293 0.9104276 0.7818436 0.9105259 0.5690312 0.4580032 0.5736188 0.4642513 0.5654154 0.4707353 0.5654154 0.4707353 0.5736188 0.4642513 0.5775712 0.4707199 0.5654154 0.4707353 0.5775712 0.4707199 0.5743049 0.4888144 0.5743049 0.4888144 0.5775712 0.4707199 0.5812824 0.4783398 0.5743049 0.4888144 0.5812824 0.4783398 0.5841506 0.4861177 0.5354793 0.440684 0.5361931 0.4379392 0.5356019 0.441544 0.5356019 0.441544 0.5361931 0.4379392 0.5448353 0.4361215 0.5356019 0.441544 0.5448353 0.4361215 0.5360162 0.4423076 0.5360162 0.4423076 0.5448353 0.4361215 0.5366705 0.4428791 0.5833907 0.5477834 0.579271 0.5622284 0.5652403 0.5662441 0.5652403 0.5662441 0.579271 0.5622284 0.5753939 0.5770764 0.5652403 0.5662441 0.5753939 0.5770764 0.5535981 0.5806217 0.5535981 0.5806217 0.5753939 0.5770764 0.5728033 0.5929629 0.5772286 0.6501707 0.5802243 0.6631811 0.5592138 0.6907386 0.5728033 0.5929629 0.5725345 0.5962451 0.5535981 0.5806217 0.5535981 0.5806217 0.5725345 0.5962451 0.5724705 0.6146123 0.5535981 0.5806217 0.5724705 0.6146123 0.5592138 0.6907386 0.5592138 0.6907386 0.5724705 0.6146123 0.5747596 0.636412 0.5592138 0.6907386 0.5747596 0.636412 0.5772286 0.6501707 0.5597993 0.6931306 0.5592138 0.6907386 0.5612267 0.6951372 0.5612267 0.6951372 0.5592138 0.6907386 0.5802243 0.6631811 0.5612267 0.6951372 0.5802243 0.6631811 0.5738338 0.7104654 0.5738338 0.7104654 0.5802243 0.6631811 0.588946 0.6927846 0.5738338 0.7104654 0.588946 0.6927846 0.5931012 0.7071579 0.003863871 0.8413817 0.003863871 0.8659428 3.12879e-4 0.8413808 3.12879e-4 0.8413808 0.003863871 0.8659428 3.12863e-4 0.8659422 0.1774797 0.7331444 0.1774797 0.7577056 0.1733056 0.7331466 0.1733056 0.7331466 0.1774797 0.7577056 0.1733056 0.7577077 0.1733056 0.7331466 0.1733056 0.7577077 0.1693243 0.7331423 0.1693243 0.7331423 0.1733056 0.7577077 0.1693242 0.7577034 0.1693243 0.7331423 0.1693242 0.7577034 0.1666024 0.7331327 0.1666024 0.7331327 0.1693242 0.7577034 0.1666024 0.7576938 0.1781806 0.8379492 0.1781806 0.8625103 0.174499 0.837951 0.174499 0.837951 0.1781806 0.8625103 0.174499 0.8625122 0.174499 0.837951 0.174499 0.8625122 0.1702612 0.837951 0.1702612 0.837951 0.174499 0.8625122 0.1702612 0.8625124 0.1702612 0.837951 0.1702612 0.8625124 0.1666024 0.8379489 0.1666024 0.8379489 0.1702612 0.8625124 0.1666024 0.8625103 0.01190114 0.7365762 0.01190114 0.7611375 0.0082255 0.736584 0.0082255 0.736584 0.01190114 0.7611375 0.0082255 0.7611451 0.0082255 0.736584 0.0082255 0.7611451 0.00398755 0.736584 0.00398755 0.736584 0.0082255 0.7611451 0.00398755 0.7611451 0.00398755 0.736584 0.00398755 0.7611451 3.22871e-4 0.7365762 3.22871e-4 0.7365762 0.00398755 0.7611451 3.22888e-4 0.7611375 0.01187443 0.841381 0.01187443 0.8659425 0.008095681 0.8413817 0.008095681 0.8413817 0.01187443 0.8659425 0.008095681 0.8659429 0.008095681 0.8413817 0.008095681 0.8659429 0.003863871 0.8413817 0.003863871 0.8413817 0.008095681 0.8659429 0.003863871 0.8659428 0.967121 0.4368998 0.9707912 0.4347808 0.9729101 0.442689 0.9729101 0.442689 0.9707912 0.4347808 0.9750291 0.4347808 0.9729101 0.442689 0.9750291 0.4347808 0.9786993 0.4368998 0.9671209 0.4484781 0.965002 0.4448079 0.9729101 0.442689 0.9729101 0.442689 0.965002 0.4448079 0.965002 0.4405699 0.9729101 0.442689 0.965002 0.4405699 0.967121 0.4368998 0.9786992 0.4484781 0.9750291 0.4505971 0.9729101 0.442689 0.9729101 0.442689 0.9750291 0.4505971 0.9707911 0.4505971 0.9729101 0.442689 0.9707911 0.4505971 0.9671209 0.4484781 0.9786993 0.4368998 0.9808182 0.44057 0.9729101 0.442689 0.9729101 0.442689 0.9808182 0.44057 0.9808182 0.444808 0.9729101 0.442689 0.9808182 0.444808 0.9786992 0.4484781 0.1701536 0.8903491 0.1701535 0.9149105 0.1666025 0.8903484 0.1666025 0.8903484 0.1701535 0.9149105 0.1666025 0.9149099 0.01120012 0.6841766 0.01120012 0.708738 0.007026076 0.684179 0.007026076 0.684179 0.01120012 0.708738 0.007026076 0.70874 0.007026076 0.684179 0.007026076 0.70874 0.003044724 0.6841745 0.003044724 0.6841745 0.007026076 0.70874 0.003044724 0.7087357 0.003044724 0.6841745 0.003044724 0.7087357 3.22874e-4 0.684165 3.22874e-4 0.684165 0.003044724 0.7087357 3.22872e-4 0.7087261 0.011891 0.7889814 0.011891 0.8135426 0.008209466 0.7889832 0.008209466 0.7889832 0.011891 0.8135426 0.008209466 0.8135444 0.008209466 0.7889832 0.008209466 0.8135444 0.003971576 0.7889832 0.003971576 0.7889832 0.008209466 0.8135444 0.003971576 0.8135446 0.003971576 0.7889832 0.003971576 0.8135446 3.12857e-4 0.7889811 3.12857e-4 0.7889811 0.003971576 0.8135446 3.12882e-4 0.8135426 0.1781807 0.785544 0.1781807 0.8101053 0.1745051 0.7855518 0.1745051 0.7855518 0.1781807 0.8101053 0.1745051 0.8101128 0.1745051 0.7855518 0.1745051 0.8101128 0.1702671 0.7855518 0.1702671 0.7855518 0.1745051 0.8101128 0.1702671 0.8101128 0.1702671 0.7855518 0.1702671 0.8101128 0.1666024 0.785544 0.1666024 0.785544 0.1702671 0.8101128 0.1666024 0.810105 0.1781641 0.8903487 0.1781641 0.9149099 0.1743853 0.8903493 0.1743853 0.8903493 0.1781641 0.9149099 0.1743853 0.9149106 0.1743853 0.8903493 0.1743853 0.9149106 0.1701536 0.8903491 0.1701536 0.8903491 0.1743853 0.9149106 0.1701535 0.9149105 0.965002 0.6513074 0.967121 0.6476373 0.9729101 0.6534264 0.9729101 0.6534264 0.967121 0.6476373 0.9707912 0.6455183 0.9729101 0.6534264 0.9707912 0.6455183 0.9750291 0.6455183 0.9707911 0.6613345 0.9671209 0.6592155 0.9729101 0.6534264 0.9729101 0.6534264 0.9671209 0.6592155 0.965002 0.6555454 0.9729101 0.6534264 0.965002 0.6555454 0.965002 0.6513074 0.9808182 0.6555454 0.9786992 0.6592156 0.9729101 0.6534264 0.9729101 0.6534264 0.9786992 0.6592156 0.9750291 0.6613346 0.9729101 0.6534264 0.9750291 0.6613346 0.9707911 0.6613345 0.9750291 0.6455183 0.9786993 0.6476373 0.9729101 0.6534264 0.9729101 0.6534264 0.9786993 0.6476373 0.9808182 0.6513075 0.9729101 0.6534264 0.9808182 0.6513075 0.9808182 0.6555454 0.3287716 0.5358392 0.3320658 0.5348706 0.328771 0.5487829 0.328771 0.5487829 0.3320658 0.5348706 0.3320647 0.5479536 0.328771 0.5487829 0.3320647 0.5479536 0.3287709 0.5598956 0.3287709 0.5598956 0.3320647 0.5479536 0.3320643 0.5591437 0.3287709 0.5598956 0.3320643 0.5591437 0.3287709 0.5656604 0.3287709 0.5656604 0.3320643 0.5591437 0.3287708 0.5715675 0.3287708 0.5715675 0.3320643 0.5591437 0.3287709 0.5784016 0.3287709 0.5784016 0.3320643 0.5591437 0.3320641 0.5835657 0.3287709 0.5784016 0.3320641 0.5835657 0.3287708 0.5842134 0.3320601 0.6458187 0.3287664 0.6468225 0.3287683 0.6302039 0.3287708 0.5842134 0.3320641 0.5835657 0.3287705 0.5987542 0.3287705 0.5987542 0.3320641 0.5835657 0.3320631 0.6136517 0.3320601 0.6458187 0.3287683 0.6302039 0.3320619 0.6298412 0.3320619 0.6298412 0.3287683 0.6302039 0.3287696 0.6144887 0.3320619 0.6298412 0.3287696 0.6144887 0.3320631 0.6136517 0.3320631 0.6136517 0.3287696 0.6144887 0.3287702 0.6065091 0.3320631 0.6136517 0.3287702 0.6065091 0.3287705 0.5987542 0.3254494 0.6591908 0.3287472 0.664055 0.328747 0.6655859 0.3254489 0.6323248 0.325449 0.6236377 0.3271915 0.6311783 0.3271915 0.6311783 0.325449 0.6236377 0.3272498 0.6229795 0.3254489 0.6323248 0.3271915 0.6311783 0.325449 0.6406889 0.325449 0.6406889 0.3271915 0.6311783 0.3271057 0.6409888 0.325449 0.6406889 0.3271057 0.6409888 0.3254489 0.6415624 0.3287481 0.6956219 0.3254517 0.6959052 0.328748 0.6922976 0.328748 0.6922976 0.3254517 0.6959052 0.3254513 0.6918197 0.3254494 0.6591908 0.328747 0.6655859 0.3254505 0.6779831 0.3254505 0.6779831 0.328747 0.6655859 0.3287473 0.6781945 0.3254505 0.6779831 0.3287473 0.6781945 0.3254513 0.6918197 0.3254513 0.6918197 0.3287473 0.6781945 0.3287478 0.6876695 0.3254513 0.6918197 0.3287478 0.6876695 0.328748 0.6922976 0.3254494 0.6591908 0.3254489 0.6415624 0.3287472 0.664055 0.3287472 0.664055 0.3254489 0.6415624 0.3271057 0.6409888 0.5701882 0.1813139 0.5710666 0.1572573 0.5713323 0.1724702 0.328747 0.6553118 0.3271057 0.6409888 0.328747 0.6404747 0.328747 0.6404747 0.3271057 0.6409888 0.328747 0.639703 0.328747 0.639703 0.3271057 0.6409888 0.3271915 0.6311783 0.328747 0.639703 0.3271915 0.6311783 0.3287471 0.6301183 0.3287471 0.6301183 0.3271915 0.6311783 0.3272498 0.6229795 0.5726965 0.1463323 0.5709254 0.1381948 0.5723612 0.1380175 0.5598666 0.08613759 0.5589066 0.09257227 0.5591918 0.08340871 0.7405251 0.8803646 0.737667 0.8891356 0.737667 0.8769299 0.323782 0.8742758 0.3208751 0.868966 0.3235048 0.8691604 0.5707743 0.1265126 0.5723612 0.1380175 0.5709254 0.1381948 0.5692867 0.1383345 0.5668175 0.1218932 0.5709254 0.1381948 0.5709254 0.1381948 0.5668175 0.1218932 0.569837 0.121661 0.5709254 0.1381948 0.569837 0.121661 0.5707743 0.1265126 0.5598666 0.08613759 0.5601106 0.08703559 0.5589066 0.09257227 0.5589066 0.09257227 0.5601106 0.08703559 0.5623971 0.09403097 0.5589066 0.09257227 0.5623971 0.09403097 0.5630061 0.1068286 0.5630061 0.1068286 0.5623971 0.09403097 0.5659934 0.1064112 0.5630061 0.1068286 0.5659934 0.1064112 0.5668175 0.1218932 0.5668175 0.1218932 0.5659934 0.1064112 0.5682215 0.1146764 0.5668175 0.1218932 0.5682215 0.1146764 0.569837 0.121661 0.3254538 0.727123 0.3287502 0.7268486 0.3254543 0.7417079 0.3254543 0.7417079 0.3287502 0.7268486 0.328751 0.7413423 0.3254543 0.7417079 0.328751 0.7413423 0.3254541 0.7566883 0.3254541 0.7566883 0.328751 0.7413423 0.3287516 0.756136 0.3287481 0.6956219 0.3287486 0.7030525 0.3254517 0.6959052 0.3254517 0.6959052 0.3287486 0.7030525 0.3287492 0.7118492 0.3254517 0.6959052 0.3287492 0.7118492 0.3254538 0.727123 0.3254538 0.727123 0.3287492 0.7118492 0.3287497 0.7194625 0.3254538 0.727123 0.3287497 0.7194625 0.3287502 0.7268486 0.7400119 0.2497637 0.7349843 0.2337515 0.7361363 0.2171669 0.7361363 0.2171669 0.7349843 0.2337515 0.7339264 0.2247341 0.3320601 0.6458187 0.3287652 0.6537026 0.3287664 0.6468225 0.3320509 0.7080688 0.3287556 0.7088149 0.3320524 0.6915293 0.3320524 0.6915293 0.3287556 0.7088149 0.328758 0.6924313 0.3320524 0.6915293 0.328758 0.6924313 0.3320548 0.676097 0.3320548 0.676097 0.328758 0.6924313 0.3287609 0.6770762 0.3320548 0.676097 0.3287609 0.6770762 0.3287638 0.6620825 0.3320658 0.5348706 0.3287716 0.5358392 0.3287735 0.5167917 0.7241297 0.03919559 0.734526 0.03407919 0.7379291 0.04273974 0.7241297 0.03919559 0.7379291 0.04273974 0.7277566 0.04885214 0.7277566 0.04885214 0.7379291 0.04273974 0.7385457 0.04456585 0.7277566 0.04885214 0.7385457 0.04456585 0.7296288 0.05531644 0.7296288 0.05531644 0.7385457 0.04456585 0.740621 0.05154985 0.4927239 0.7259159 0.4982212 0.7122094 0.4982212 0.7321532 0.6999536 0.8719015 0.6999536 0.8561236 0.7074552 0.8630163 0.3287767 0.5002965 0.3419632 0.4942623 0.3287753 0.5069057 0.3287753 0.5069057 0.3419632 0.4942623 0.3419597 0.5013276 0.3287753 0.5069057 0.3419597 0.5013276 0.3287735 0.5167917 0.3419486 0.5319649 0.3320658 0.5348706 0.3419533 0.5171976 0.3419533 0.5171976 0.3320658 0.5348706 0.3287735 0.5167917 0.3419533 0.5171976 0.3287735 0.5167917 0.3419553 0.5118511 0.3419553 0.5118511 0.3287735 0.5167917 0.3419597 0.5013276 0.6690602 0.4115489 0.6727138 0.4222096 0.6601427 0.414832 0.6601427 0.414832 0.6727138 0.4222096 0.6625902 0.4258484 0.6601427 0.414832 0.6625902 0.4258484 0.6512573 0.4173478 0.8961579 0.7538443 0.8952315 0.740635 0.9081778 0.7539847 0.615271 0.4327166 0.6073291 0.4213589 0.6191475 0.4215342 0.615271 0.4327166 0.6191475 0.4215342 0.6328243 0.4319128 0.6328243 0.4319128 0.6191475 0.4215342 0.6342049 0.4204367 0.6328243 0.4319128 0.6342049 0.4204367 0.6424668 0.4306195 0.6424668 0.4306195 0.6342049 0.4204367 0.6512573 0.4173478 0.6424668 0.4306195 0.6512573 0.4173478 0.6524483 0.4286249 0.6524483 0.4286249 0.6512573 0.4173478 0.6625902 0.4258484 0.3419811 0.8181508 0.3287776 0.8110187 0.3419744 0.8081576 0.3419744 0.8081576 0.3287776 0.8110187 0.3287729 0.8031755 0.3419744 0.8081576 0.3287729 0.8031755 0.3419681 0.7978644 0.3419681 0.7978644 0.3287729 0.8031755 0.3287684 0.7951162 0.3419681 0.7978644 0.3287684 0.7951162 0.3419624 0.7873631 0.3419624 0.7873631 0.3287684 0.7951162 0.3287637 0.7848706 0.7015058 0.4059688 0.6984251 0.393935 0.7102048 0.3989723 0.7102048 0.3989723 0.6984251 0.393935 0.7050739 0.3881412 0.7102048 0.3989723 0.7050739 0.3881412 0.7182744 0.3912925 0.7182744 0.3912925 0.7050739 0.3881412 0.7097592 0.3835007 0.3419811 0.8181508 0.3287791 0.8130003 0.3287776 0.8110187 0.6727138 0.4222096 0.6690602 0.4115489 0.6826522 0.4176523 0.6826522 0.4176523 0.6690602 0.4115489 0.676695 0.4080318 0.6826522 0.4176523 0.676695 0.4080318 0.6922856 0.4122171 0.6922856 0.4122171 0.676695 0.4080318 0.6841696 0.4039076 0.6922856 0.4122171 0.6841696 0.4039076 0.7015058 0.4059688 0.7015058 0.4059688 0.6841696 0.4039076 0.6914464 0.3991913 0.7015058 0.4059688 0.6914464 0.3991913 0.6984251 0.393935 0.3419448 0.5568878 0.3419442 0.5813837 0.3320641 0.5835657 0.3320658 0.5348706 0.3419486 0.5319649 0.3320647 0.5479536 0.3320647 0.5479536 0.3419486 0.5319649 0.3419448 0.5568878 0.3320647 0.5479536 0.3419448 0.5568878 0.3320643 0.5591437 0.3320643 0.5591437 0.3419448 0.5568878 0.3320641 0.5835657 0.5692867 0.1383345 0.5603463 0.1390473 0.5668175 0.1218932 0.5668175 0.1218932 0.5603463 0.1390473 0.557846 0.1230032 0.5668175 0.1218932 0.557846 0.1230032 0.5630061 0.1068286 0.5630061 0.1068286 0.557846 0.1230032 0.554044 0.1080806 0.5630061 0.1068286 0.554044 0.1080806 0.5589066 0.09257227 0.5589066 0.09257227 0.554044 0.1080806 0.5499851 0.09366488 0.5589066 0.09257227 0.5499851 0.09366488 0.5555734 0.07855582 0.5555734 0.07855582 0.5499851 0.09366488 0.5467143 0.07914155 0.3320509 0.7080688 0.3419364 0.7058303 0.3419396 0.724686 0.3287556 0.7088149 0.3320509 0.7080688 0.3287548 0.7180413 0.3287548 0.7180413 0.3320509 0.7080688 0.3419396 0.724686 0.3287548 0.7180413 0.3419396 0.724686 0.3287545 0.7266893 0.3287545 0.7266893 0.3419396 0.724686 0.3287544 0.7364881 0.3419396 0.724686 0.3419421 0.7351229 0.3287544 0.7364881 0.3287544 0.7364881 0.3419421 0.7351229 0.3419449 0.7449836 0.3287544 0.7364881 0.3419449 0.7449836 0.3287559 0.7536165 0.3419624 0.7873631 0.3287637 0.7848706 0.3419575 0.7767437 0.3419575 0.7767437 0.3287637 0.7848706 0.328761 0.777146 0.3419575 0.7767437 0.328761 0.777146 0.3419528 0.7660877 0.3419528 0.7660877 0.328761 0.777146 0.3287588 0.7693699 0.3419528 0.7660877 0.3287588 0.7693699 0.3419488 0.7554745 0.3419488 0.7554745 0.3287588 0.7693699 0.3287559 0.7536165 0.3419488 0.7554745 0.3287559 0.7536165 0.3419478 0.7534974 0.3419478 0.7534974 0.3287559 0.7536165 0.3419449 0.7449836 0.3419412 0.6429242 0.3320601 0.6458187 0.3320619 0.6298412 0.3419412 0.6429242 0.3320619 0.6298412 0.3419429 0.6271206 0.3419429 0.6271206 0.3320619 0.6298412 0.3320631 0.6136517 0.3419429 0.6271206 0.3320631 0.6136517 0.3419438 0.6111406 0.3419438 0.6111406 0.3320631 0.6136517 0.3320641 0.5835657 0.3419438 0.6111406 0.3320641 0.5835657 0.3419442 0.5813837 0.3254517 0.6959052 0.315562 0.697006 0.3254513 0.6918197 0.3254513 0.6918197 0.315562 0.697006 0.3155595 0.6796 0.3254513 0.6918197 0.3155595 0.6796 0.3254505 0.6779831 0.3254505 0.6779831 0.3155595 0.6796 0.3254494 0.6591908 0.3254494 0.6591908 0.3155595 0.6796 0.3155568 0.6614663 0.3254494 0.6591908 0.3155568 0.6614663 0.3254489 0.6415624 0.3254489 0.6415624 0.3155568 0.6614663 0.3155546 0.6436465 0.3254489 0.6415624 0.3155546 0.6436465 0.325449 0.6406889 0.325449 0.6406889 0.3155546 0.6436465 0.3254489 0.6323248 0.3254489 0.6323248 0.3155546 0.6436465 0.3155536 0.6271823 0.3254489 0.6323248 0.3155536 0.6271823 0.325449 0.6236377 0.3320601 0.6458187 0.3419412 0.6429242 0.3320548 0.676097 0.3320548 0.676097 0.3419412 0.6429242 0.341937 0.6731596 0.3320548 0.676097 0.341937 0.6731596 0.3320524 0.6915293 0.3320524 0.6915293 0.341937 0.6731596 0.3419358 0.6888235 0.3320524 0.6915293 0.3419358 0.6888235 0.3320509 0.7080688 0.3320509 0.7080688 0.3419358 0.6888235 0.3419364 0.7058303 0.315562 0.697006 0.3254517 0.6959052 0.3155646 0.7279462 0.3155646 0.7279462 0.3254517 0.6959052 0.3254538 0.727123 0.3155646 0.7279462 0.3254538 0.727123 0.3155639 0.7428048 0.3155639 0.7428048 0.3254538 0.727123 0.3254543 0.7417079 0.3155639 0.7428048 0.3254543 0.7417079 0.3155615 0.7583452 0.3155615 0.7583452 0.3254543 0.7417079 0.3254541 0.7566883 0.3254541 0.7566883 0.3287516 0.756136 0.3287519 0.7675927 0.546373 0.3321492 0.5352945 0.3362603 0.5451403 0.3261922 0.5451403 0.3261922 0.5352945 0.3362603 0.5338439 0.329617 0.3287511 0.8093096 0.3155473 0.8161789 0.3287516 0.8014746 0.3287516 0.8014746 0.3155473 0.8161789 0.3155508 0.8011623 0.3287516 0.8014746 0.3155508 0.8011623 0.3287518 0.7956983 0.3287518 0.7956983 0.3155508 0.8011623 0.328752 0.7864023 0.328752 0.7864023 0.3155508 0.8011623 0.3155531 0.792032 0.328752 0.7864023 0.3155531 0.792032 0.3287521 0.7790888 0.3155615 0.7583452 0.3254541 0.7566883 0.315559 0.7698285 0.315559 0.7698285 0.3254541 0.7566883 0.3287519 0.7675927 0.315559 0.7698285 0.3287519 0.7675927 0.3155576 0.7750459 0.3155576 0.7750459 0.3287519 0.7675927 0.3287521 0.7790888 0.3155576 0.7750459 0.3287521 0.7790888 0.3155559 0.7816277 0.3155559 0.7816277 0.3287521 0.7790888 0.3155531 0.792032 0.1409053 0.7773987 0.1385986 0.7905676 0.13205 0.7773967 0.13205 0.7773967 0.1385986 0.7905676 0.1290339 0.7905638 0.13205 0.7773967 0.1290339 0.7905638 0.1221087 0.7773987 0.1221087 0.7773987 0.1290339 0.7905638 0.1182595 0.7905672 0.1221087 0.7773987 0.1182595 0.7905672 0.1215736 0.777399 0.1215736 0.777399 0.1182595 0.7905672 0.1176573 0.7905677 0.1215736 0.777399 0.1176573 0.7905677 0.1120074 0.7774064 0.1120074 0.7774064 0.1176573 0.7905677 0.1068066 0.7905783 0.5352945 0.3362603 0.546373 0.3321492 0.5374795 0.3431369 0.5374795 0.3431369 0.546373 0.3321492 0.5481764 0.3381075 0.5374795 0.3431369 0.5481764 0.3381075 0.5401648 0.3493672 0.5401648 0.3493672 0.5481764 0.3381075 0.5504021 0.3434972 0.5401648 0.3493672 0.5504021 0.3434972 0.5505518 0.3438121 0.2992442 0.5141814 0.2796409 0.5140098 0.2796396 0.5055714 0.3082132 0.5060279 0.3082147 0.514303 0.2992442 0.5141814 0.2992442 0.5141814 0.2796396 0.5055714 0.3082132 0.5060279 0.3082132 0.5060279 0.2796396 0.5055714 0.279638 0.4971578 0.3082132 0.5060279 0.279638 0.4971578 0.3082112 0.497045 0.3082112 0.497045 0.279638 0.4971578 0.2796362 0.4888764 0.3082112 0.497045 0.2796362 0.4888764 0.3082093 0.4888727 0.3082093 0.4888727 0.2796362 0.4888764 0.2796341 0.4808343 0.3082093 0.4888727 0.2796341 0.4808343 0.3082072 0.4810259 0.3082072 0.4810259 0.2796341 0.4808343 0.279632 0.4731386 0.3082072 0.4810259 0.279632 0.4731386 0.3082051 0.4742183 0.3082051 0.4742183 0.279632 0.4731386 0.2796314 0.4710154 0.3082051 0.4742183 0.2796314 0.4710154 0.3082028 0.4667802 0.2796314 0.4710154 0.2796298 0.4658966 0.3082028 0.4667802 0.06479972 0.9230636 0.03622758 0.9246331 0.03626179 0.9176177 0.06479972 0.9230636 0.03626179 0.9176177 0.06483268 0.9163287 0.06483268 0.9163287 0.03626179 0.9176177 0.03629451 0.909994 0.06483268 0.9163287 0.03629451 0.909994 0.06486278 0.9090194 0.704873 0.01025742 0.7079224 0.01360964 0.7052717 0.01307052 0.7052717 0.01307052 0.7079224 0.01360964 0.7067925 0.01922851 0.7052717 0.01307052 0.7067925 0.01922851 0.7045747 0.01611161 0.7145841 0.0336728 0.7110723 0.02629423 0.7183856 0.02803361 0.7183856 0.02803361 0.7110723 0.02629423 0.7067925 0.01922851 0.7183856 0.02803361 0.7067925 0.01922851 0.7112619 0.01765751 0.7112619 0.01765751 0.7067925 0.01922851 0.7079224 0.01360964 0.7241297 0.03919559 0.7173096 0.04125559 0.7183856 0.02803361 0.7183856 0.02803361 0.7173096 0.04125559 0.7146895 0.03392744 0.7183856 0.02803361 0.7146895 0.03392744 0.7145841 0.0336728 0.7203633 0.07418131 0.7206615 0.07090473 0.7328495 0.07175701 0.7328495 0.07175701 0.7206615 0.07090473 0.7316784 0.06454879 0.7316784 0.06454879 0.7206615 0.07090473 0.7203903 0.05631202 0.7316784 0.06454879 0.7203903 0.05631202 0.7296288 0.05531644 0.7296288 0.05531644 0.7203903 0.05631202 0.7200645 0.05369663 0.7296288 0.05531644 0.7200645 0.05369663 0.7277566 0.04885214 0.7277566 0.04885214 0.7200645 0.05369663 0.7173096 0.04125559 0.7277566 0.04885214 0.7173096 0.04125559 0.7241297 0.03919559 0.7203633 0.07418131 0.7328495 0.07175701 0.7186396 0.08408617 0.7186396 0.08408617 0.7328495 0.07175701 0.7340075 0.08236926 0.7186396 0.08408617 0.7340075 0.08236926 0.715567 0.09409886 0.715567 0.09409886 0.7340075 0.08236926 0.7347809 0.1023997 0.715567 0.09409886 0.7347809 0.1023997 0.7151983 0.09505492 0.7112365 0.1036463 0.7208358 0.1084536 0.7197132 0.1184783 0.7208358 0.1084536 0.7112365 0.1036463 0.7151983 0.09505492 0.7187641 0.1232573 0.705976 0.112202 0.7197132 0.1184783 0.7197132 0.1184783 0.705976 0.112202 0.7069831 0.1107356 0.7197132 0.1184783 0.7069831 0.1107356 0.7112365 0.1036463 0.7047739 0.1138675 0.7172167 0.1278339 0.7023065 0.117032 0.7023065 0.117032 0.7172167 0.1278339 0.7142161 0.1317498 0.7023065 0.117032 0.7142161 0.1317498 0.6993386 0.1204542 0.6993386 0.1204542 0.7142161 0.1317498 0.7114495 0.1375104 0.6993386 0.1204542 0.7114495 0.1375104 0.6955341 0.1243365 0.7207476 0.1446532 0.7114495 0.1375104 0.7232524 0.138586 0.7232524 0.138586 0.7114495 0.1375104 0.7142161 0.1317498 0.7232524 0.138586 0.7142161 0.1317498 0.7252219 0.1334624 0.7252219 0.1334624 0.7142161 0.1317498 0.7172167 0.1278339 0.7252219 0.1334624 0.7172167 0.1278339 0.7187641 0.1232573 0.7187641 0.1232573 0.7172167 0.1278339 0.7047739 0.1138675 0.7187641 0.1232573 0.7047739 0.1138675 0.705976 0.112202 0.7325873 0.1520825 0.7207476 0.1446532 0.7329017 0.1461279 0.7329017 0.1461279 0.7207476 0.1446532 0.7232524 0.138586 0.7329017 0.1461279 0.7232524 0.138586 0.7333139 0.1391383 0.7333139 0.1391383 0.7232524 0.138586 0.7252219 0.1334624 0.7333139 0.1391383 0.7252219 0.1334624 0.7336866 0.1331014 0.7336866 0.1331014 0.7252219 0.1334624 0.7187641 0.1232573 0.7336866 0.1331014 0.7187641 0.1232573 0.734038 0.1272063 0.734038 0.1272063 0.7187641 0.1232573 0.7197132 0.1184783 0.734038 0.1272063 0.7197132 0.1184783 0.7345706 0.1158012 0.7345706 0.1158012 0.7197132 0.1184783 0.7208358 0.1084536 0.7345706 0.1158012 0.7208358 0.1084536 0.7347809 0.1023997 0.7347809 0.1023997 0.7208358 0.1084536 0.7151983 0.09505492 0.6955341 0.1243365 0.7114495 0.1375104 0.6921908 0.1273573 0.6921908 0.1273573 0.7114495 0.1375104 0.6992542 0.1363445 0.6921908 0.1273573 0.6992542 0.1363445 0.6911973 0.128193 0.6911973 0.128193 0.6992542 0.1363445 0.6864343 0.1354025 0.6911973 0.128193 0.6864343 0.1354025 0.6847369 0.1330243 0.6905533 0.140991 0.6750748 0.1386156 0.6864343 0.1354025 0.6864343 0.1354025 0.6750748 0.1386156 0.6826863 0.1343615 0.6864343 0.1354025 0.6826863 0.1343615 0.6847369 0.1330243 0.6905533 0.140991 0.6864343 0.1354025 0.7058696 0.1425496 0.7058696 0.1425496 0.6864343 0.1354025 0.6992542 0.1363445 0.7058696 0.1425496 0.6992542 0.1363445 0.7135828 0.1435526 0.7135828 0.1435526 0.6992542 0.1363445 0.7114495 0.1375104 0.7135828 0.1435526 0.7114495 0.1375104 0.7207476 0.1446532 0.7207476 0.1446532 0.7325873 0.1520825 0.7135828 0.1435526 0.7135828 0.1435526 0.7325873 0.1520825 0.7211672 0.1496126 0.7135828 0.1435526 0.7211672 0.1496126 0.7058696 0.1425496 0.7058696 0.1425496 0.7211672 0.1496126 0.7149273 0.1487243 0.7058696 0.1425496 0.7149273 0.1487243 0.6905533 0.140991 0.6905533 0.140991 0.7149273 0.1487243 0.6946572 0.1465505 0.6905533 0.140991 0.6946572 0.1465505 0.6750748 0.1386156 0.6750748 0.1386156 0.6946572 0.1465505 0.6626144 0.1435133 0.7211672 0.1496126 0.7325873 0.1520825 0.7320572 0.1670535 0.6899785 0.2014459 0.6906263 0.2015702 0.6882435 0.2086715 0.6518814 0.151688 0.6556994 0.1452721 0.6626144 0.1435133 0.6518814 0.151688 0.6626144 0.1435133 0.6904644 0.1549633 0.6038359 0.1390606 0.6150896 0.1434266 0.6135811 0.1492068 0.6135811 0.1492068 0.6150896 0.1434266 0.6352781 0.14691 0.6135811 0.1492068 0.6352781 0.14691 0.6125313 0.1585012 0.6125313 0.1585012 0.6352781 0.14691 0.6519342 0.1608802 0.5937346 0.148099 0.5875717 0.1378878 0.6034265 0.1390296 0.7321836 0.1997975 0.705887 0.1974973 0.7093857 0.1936562 0.6936368 0.2018467 0.6987083 0.20121 0.7096531 0.2088714 0.7096531 0.2088714 0.6987083 0.20121 0.7008577 0.2004948 0.7096531 0.2088714 0.7008577 0.2004948 0.7018033 0.2000852 0.649172 0.1983515 0.6831091 0.198485 0.6478122 0.2078515 0.6478122 0.2078515 0.6831091 0.198485 0.6832166 0.1985592 0.6478122 0.2078515 0.6832166 0.1985592 0.6882435 0.2086715 0.6882435 0.2086715 0.6832166 0.1985592 0.686452 0.2003344 0.6882435 0.2086715 0.686452 0.2003344 0.6899785 0.2014459 0.6510773 0.1794934 0.6750197 0.1827889 0.649172 0.1983515 0.649172 0.1983515 0.6750197 0.1827889 0.6752361 0.185873 0.6752361 0.185873 0.6753396 0.1864809 0.649172 0.1983515 0.649172 0.1983515 0.6753396 0.1864809 0.6763775 0.1900417 0.649172 0.1983515 0.6763775 0.1900417 0.6780768 0.193305 0.6780768 0.193305 0.6781481 0.1934134 0.649172 0.1983515 0.649172 0.1983515 0.6781481 0.1934134 0.6803925 0.1961901 0.649172 0.1983515 0.6803925 0.1961901 0.6831091 0.198485 0.6516498 0.1701518 0.6783177 0.1723699 0.6510773 0.1794934 0.6510773 0.1794934 0.6783177 0.1723699 0.675755 0.1778019 0.6510773 0.1794934 0.675755 0.1778019 0.6750197 0.1827889 0.6519342 0.1608802 0.69155 0.1637195 0.690393 0.164507 0.690393 0.164507 0.6868405 0.16554 0.6519342 0.1608802 0.6519342 0.1608802 0.6868405 0.16554 0.6844698 0.1666891 0.6519342 0.1608802 0.6844698 0.1666891 0.6516498 0.1701518 0.6516498 0.1701518 0.6844698 0.1666891 0.6796085 0.1706969 0.6516498 0.1701518 0.6796085 0.1706969 0.6783177 0.1723699 0.7065696 0.1691338 0.7044847 0.1674787 0.7117235 0.1653473 0.7065696 0.1691338 0.7117235 0.1653473 0.7093029 0.172259 0.7044847 0.1674787 0.6995526 0.1650719 0.7117235 0.1653473 0.7117235 0.1653473 0.6995526 0.1650719 0.694065 0.1641885 0.7117235 0.1653473 0.694065 0.1641885 0.69155 0.1637195 0.69155 0.1637195 0.694065 0.1641885 0.6922034 0.1642592 0.69155 0.1637195 0.6922034 0.1642592 0.690393 0.164507 0.7123579 0.1795554 0.7113267 0.1760106 0.73191 0.1750766 0.7093857 0.1936562 0.7108478 0.1911175 0.7321836 0.1997975 0.7321836 0.1997975 0.7108478 0.1911175 0.7122735 0.1869041 0.7321836 0.1997975 0.7122735 0.1869041 0.7318716 0.1833645 0.7318716 0.1833645 0.7122735 0.1869041 0.7126778 0.1832264 0.7318716 0.1833645 0.7126778 0.1832264 0.73191 0.1750766 0.73191 0.1750766 0.7126778 0.1832264 0.7123919 0.1797423 0.73191 0.1750766 0.7123919 0.1797423 0.7123579 0.1795554 0.5725712 0.1564096 0.5726965 0.1463323 0.5833267 0.1472069 0.5833267 0.1472069 0.5726965 0.1463323 0.5723612 0.1380175 0.5833267 0.1472069 0.5723612 0.1380175 0.5829772 0.1376937 0.5658099 0.2047634 0.5781546 0.1952136 0.5768775 0.2048745 0.5768775 0.2048745 0.5781546 0.1952136 0.5883787 0.1957373 0.5768775 0.2048745 0.5883787 0.1957373 0.5876608 0.2051697 0.6081209 0.2062617 0.5876608 0.2051697 0.6087465 0.1967275 0.6087465 0.1967275 0.5876608 0.2051697 0.5883787 0.1957373 0.6087465 0.1967275 0.5883787 0.1957373 0.6109541 0.1775642 0.5658099 0.2047634 0.5677748 0.1954252 0.5781546 0.1952136 0.5781546 0.1952136 0.5677748 0.1954252 0.5699592 0.1828527 0.5781546 0.1952136 0.5699592 0.1828527 0.5883787 0.1957373 0.5883787 0.1957373 0.5699592 0.1828527 0.5701882 0.1813139 0.5883787 0.1957373 0.5701882 0.1813139 0.6109541 0.1775642 0.6109541 0.1775642 0.5701882 0.1813139 0.5713323 0.1724702 0.6461554 0.2173882 0.6277909 0.2168469 0.6081209 0.2062617 0.7321836 0.1997975 0.7331902 0.2173686 0.7209882 0.2092513 0.7209882 0.2092513 0.7331902 0.2173686 0.7276219 0.2180442 0.705887 0.1974973 0.7321836 0.1997975 0.7018033 0.2000852 0.7018033 0.2000852 0.7321836 0.1997975 0.7209882 0.2092513 0.7018033 0.2000852 0.7209882 0.2092513 0.7096531 0.2088714 0.7096531 0.2088714 0.7209882 0.2092513 0.7276219 0.2180442 0.7096531 0.2088714 0.7276219 0.2180442 0.7088039 0.2185431 0.7088039 0.2185431 0.7082731 0.2185367 0.7096531 0.2088714 0.7096531 0.2088714 0.7082731 0.2185367 0.6882435 0.2086715 0.7096531 0.2088714 0.6882435 0.2086715 0.6936368 0.2018467 0.6936368 0.2018467 0.6882435 0.2086715 0.6906263 0.2015702 0.6626144 0.1435133 0.6946572 0.1465505 0.6904644 0.1549633 0.6904644 0.1549633 0.6946572 0.1465505 0.7149273 0.1487243 0.6904644 0.1549633 0.7149273 0.1487243 0.7106998 0.1569872 0.7106998 0.1569872 0.7149273 0.1487243 0.7211672 0.1496126 0.7106998 0.1569872 0.7211672 0.1496126 0.7218803 0.1661955 0.7218803 0.1661955 0.7211672 0.1496126 0.7320572 0.1670535 0.7218803 0.1661955 0.7320572 0.1670535 0.73191 0.1750766 0.7113267 0.1760106 0.709621 0.1727309 0.73191 0.1750766 0.73191 0.1750766 0.709621 0.1727309 0.7093029 0.172259 0.73191 0.1750766 0.7093029 0.172259 0.7218803 0.1661955 0.7218803 0.1661955 0.7093029 0.172259 0.7117235 0.1653473 0.7218803 0.1661955 0.7117235 0.1653473 0.7106998 0.1569872 0.7106998 0.1569872 0.7117235 0.1653473 0.69155 0.1637195 0.7106998 0.1569872 0.69155 0.1637195 0.6904644 0.1549633 0.6904644 0.1549633 0.69155 0.1637195 0.6519342 0.1608802 0.6904644 0.1549633 0.6519342 0.1608802 0.6518814 0.151688 0.6518814 0.151688 0.6519342 0.1608802 0.6352781 0.14691 0.6518814 0.151688 0.6352781 0.14691 0.6556994 0.1452721 0.5748525 0.2143589 0.5639684 0.212536 0.5647636 0.2092955 0.6277909 0.2168469 0.620172 0.2165802 0.6081209 0.2062617 0.6081209 0.2062617 0.620172 0.2165802 0.5786448 0.2146961 0.6081209 0.2062617 0.5786448 0.2146961 0.5876608 0.2051697 0.5876608 0.2051697 0.5786448 0.2146961 0.5748525 0.2143589 0.5876608 0.2051697 0.5748525 0.2143589 0.5768775 0.2048745 0.5768775 0.2048745 0.5748525 0.2143589 0.5647636 0.2092955 0.5768775 0.2048745 0.5647636 0.2092955 0.5658099 0.2047634 0.5725383 0.1572133 0.5725712 0.1564096 0.5926069 0.1574357 0.5926069 0.1574357 0.5725712 0.1564096 0.5833267 0.1472069 0.5926069 0.1574357 0.5833267 0.1472069 0.5937346 0.148099 0.5937346 0.148099 0.5833267 0.1472069 0.5829772 0.1376937 0.5937346 0.148099 0.5829772 0.1376937 0.5875717 0.1378878 0.6034265 0.1390296 0.6038359 0.1390606 0.5937346 0.148099 0.5937346 0.148099 0.6038359 0.1390606 0.6135811 0.1492068 0.5937346 0.148099 0.6135811 0.1492068 0.5926069 0.1574357 0.5926069 0.1574357 0.6135811 0.1492068 0.6125313 0.1585012 0.5926069 0.1574357 0.6125313 0.1585012 0.5725383 0.1572133 0.5725383 0.1572133 0.6125313 0.1585012 0.6519342 0.1608802 0.5725383 0.1572133 0.6519342 0.1608802 0.5713323 0.1724702 0.5713323 0.1724702 0.6519342 0.1608802 0.6516498 0.1701518 0.5713323 0.1724702 0.6516498 0.1701518 0.6109541 0.1775642 0.6109541 0.1775642 0.6516498 0.1701518 0.6510773 0.1794934 0.6109541 0.1775642 0.6510773 0.1794934 0.6087465 0.1967275 0.6087465 0.1967275 0.6510773 0.1794934 0.649172 0.1983515 0.6087465 0.1967275 0.649172 0.1983515 0.6081209 0.2062617 0.6081209 0.2062617 0.649172 0.1983515 0.6478122 0.2078515 0.6081209 0.2062617 0.6478122 0.2078515 0.6461554 0.2173882 0.6461554 0.2173882 0.6478122 0.2078515 0.6882435 0.2086715 0.6461554 0.2173882 0.6882435 0.2086715 0.6851162 0.2181718 0.6851162 0.2181718 0.6882435 0.2086715 0.7082731 0.2185367 0.5875717 0.1378878 0.5963979 0.1350402 0.6034265 0.1390296 0.6034265 0.1390296 0.5963979 0.1350402 0.6038359 0.1390606 0.5938819 0.1334438 0.5935379 0.1338072 0.5871831 0.1285143 0.5871831 0.1285143 0.5935379 0.1338072 0.5868877 0.1334691 0.5871831 0.1285143 0.5868877 0.1334691 0.5804813 0.133512 0.5938819 0.1334438 0.5963979 0.1350402 0.5935379 0.1338072 0.5935379 0.1338072 0.5963979 0.1350402 0.5875717 0.1378878 0.5935379 0.1338072 0.5875717 0.1378878 0.5868877 0.1334691 0.5868877 0.1334691 0.5875717 0.1378878 0.5829772 0.1376937 0.5868877 0.1334691 0.5829772 0.1376937 0.5804813 0.133512 0.5804813 0.133512 0.5829772 0.1376937 0.5723612 0.1380175 0.5726264 0.1130617 0.5784761 0.1202626 0.5756186 0.1225118 0.5756186 0.1225118 0.5784761 0.1202626 0.5803735 0.1222758 0.5756186 0.1225118 0.5803735 0.1222758 0.57776 0.1279941 0.57776 0.1279941 0.5803735 0.1222758 0.5871831 0.1285143 0.57776 0.1279941 0.5871831 0.1285143 0.5804813 0.133512 0.5659934 0.1064112 0.5623971 0.09403097 0.5680198 0.1059327 0.5659934 0.1064112 0.5680198 0.1059327 0.5682215 0.1146764 0.5804813 0.133512 0.5723612 0.1380175 0.57776 0.1279941 0.57776 0.1279941 0.5723612 0.1380175 0.5707743 0.1265126 0.57776 0.1279941 0.5707743 0.1265126 0.5756186 0.1225118 0.5756186 0.1225118 0.5707743 0.1265126 0.569837 0.121661 0.5756186 0.1225118 0.569837 0.121661 0.5726264 0.1130617 0.5726264 0.1130617 0.569837 0.121661 0.5682215 0.1146764 0.5726264 0.1130617 0.5682215 0.1146764 0.5720482 0.1122509 0.5720482 0.1122509 0.5682215 0.1146764 0.5680198 0.1059327 0.06486278 0.9090194 0.03629451 0.909994 0.03631973 0.9032917 0.06486278 0.9090194 0.03631973 0.9032917 0.06489408 0.9009899 0.06489408 0.9009899 0.03631973 0.9032917 0.03634375 0.8962565 0.06489408 0.9009899 0.03634375 0.8962565 0.06492257 0.8923336 0.06492257 0.8923336 0.03634375 0.8962565 0.03637975 0.8841192 0.06492257 0.8923336 0.03637975 0.8841192 0.0649482 0.8834359 0.0649482 0.8834359 0.03637975 0.8841192 0.03638708 0.8813223 0.0649482 0.8834359 0.03638708 0.8813223 0.0649712 0.8742297 0.0649712 0.8742297 0.03638708 0.8813223 0.0364238 0.8652623 0.0649712 0.8742297 0.0364238 0.8652623 0.06499099 0.865084 0.06499099 0.865084 0.0364238 0.8652623 0.03643888 0.8569815 0.06499099 0.865084 0.03643888 0.8569815 0.06500834 0.8555305 0.06500834 0.8555305 0.03643888 0.8569815 0.03645181 0.8486712 0.06500834 0.8555305 0.03645181 0.8486712 0.06502252 0.8460599 0.06502252 0.8460599 0.03645181 0.8486712 0.03646665 0.836278 0.06502252 0.8460599 0.03646665 0.836278 0.06503242 0.8366354 0.592179 0.3817681 0.5904092 0.3858408 0.586904 0.3806365 0.5779265 0.3687106 0.58377 0.3725336 0.5820345 0.3761521 0.5820345 0.3761521 0.58377 0.3725336 0.5892503 0.3755173 0.5820345 0.3761521 0.5892503 0.3755173 0.586904 0.3806365 0.586904 0.3806365 0.5892503 0.3755173 0.5899516 0.3758609 0.586904 0.3806365 0.5899516 0.3758609 0.592179 0.3817681 0.592179 0.3817681 0.5899516 0.3758609 0.5939589 0.37767 0.5779265 0.3687106 0.5820345 0.3761521 0.5727471 0.3646731 0.5727471 0.3646731 0.5820345 0.3761521 0.5695958 0.3668369 0.5727471 0.3646731 0.5695958 0.3668369 0.5717355 0.363803 0.5717355 0.363803 0.5695958 0.3668369 0.5629199 0.3609515 0.5717355 0.363803 0.5629199 0.3609515 0.5654859 0.3577209 0.5654859 0.3577209 0.5629199 0.3609515 0.5562164 0.3532426 0.5654859 0.3577209 0.5562164 0.3532426 0.5595347 0.3504876 0.5595347 0.3504876 0.5562164 0.3532426 0.5588653 0.3495581 0.5588653 0.3495581 0.5562164 0.3532426 0.5558845 0.3527873 0.5588653 0.3495581 0.5558845 0.3527873 0.5540143 0.3418476 0.5540143 0.3418476 0.5558845 0.3527873 0.5505518 0.3438121 0.5505518 0.3438121 0.5504021 0.3434972 0.5540143 0.3418476 0.5540143 0.3418476 0.5504021 0.3434972 0.5481764 0.3381075 0.5540143 0.3418476 0.5481764 0.3381075 0.5491786 0.3314658 0.5491786 0.3314658 0.5481764 0.3381075 0.546373 0.3321492 0.5491786 0.3314658 0.546373 0.3321492 0.5490513 0.3311315 0.5490513 0.3311315 0.546373 0.3321492 0.5451403 0.3261922 0.5490513 0.3311315 0.5451403 0.3261922 0.5468833 0.324575 0.5468833 0.324575 0.5451403 0.3261922 0.5440918 0.3175644 0.5468833 0.324575 0.5440918 0.3175644 0.5442956 0.3115329 0.5442956 0.3115329 0.5440918 0.3175644 0.5437479 0.3113492 0.5442956 0.3115329 0.5437479 0.3113492 0.5437612 0.3015387 0.5659576 0.2138112 0.5698236 0.2166838 0.5661631 0.224333 0.5633635 0.2490148 0.5611831 0.2472765 0.5635944 0.2409969 0.5611831 0.2472765 0.5633635 0.2490148 0.5599323 0.253319 0.5508646 0.2563695 0.5559066 0.2592597 0.5473639 0.2708031 0.5473639 0.2708031 0.5559066 0.2592597 0.5498468 0.2711921 0.5473639 0.2708031 0.5498468 0.2711921 0.5496607 0.2716514 0.5663799 0.2347107 0.5721073 0.2402196 0.5675271 0.2444931 0.5721073 0.2402196 0.5663799 0.2347107 0.5741458 0.2385154 0.5741458 0.2385154 0.5663799 0.2347107 0.5701767 0.2286336 0.5741458 0.2385154 0.5701767 0.2286336 0.5772424 0.236131 0.5772424 0.236131 0.5701767 0.2286336 0.575576 0.2219268 0.5772424 0.236131 0.575576 0.2219268 0.5842199 0.2315465 0.5698236 0.2166838 0.575576 0.2219268 0.5661631 0.224333 0.5661631 0.224333 0.575576 0.2219268 0.5701767 0.2286336 0.5661631 0.224333 0.5701767 0.2286336 0.5629631 0.2314429 0.5629631 0.2314429 0.5701767 0.2286336 0.5663799 0.2347107 0.5629631 0.2314429 0.5663799 0.2347107 0.5635944 0.2409969 0.5635944 0.2409969 0.5663799 0.2347107 0.5675271 0.2444931 0.5635944 0.2409969 0.5675271 0.2444931 0.5633635 0.2490148 0.5639684 0.212536 0.5659576 0.2138112 0.5620136 0.2197192 0.5620136 0.2197192 0.5659576 0.2138112 0.5661631 0.224333 0.5620136 0.2197192 0.5661631 0.224333 0.5595296 0.2281655 0.5595296 0.2281655 0.5661631 0.224333 0.5629631 0.2314429 0.5595296 0.2281655 0.5629631 0.2314429 0.5572713 0.2354387 0.5572713 0.2354387 0.5629631 0.2314429 0.5635944 0.2409969 0.5572713 0.2354387 0.5635944 0.2409969 0.5550435 0.2424824 0.5550435 0.2424824 0.5635944 0.2409969 0.5611831 0.2472765 0.5550435 0.2424824 0.5611831 0.2472765 0.5508646 0.2563695 0.5508646 0.2563695 0.5611831 0.2472765 0.5599323 0.253319 0.5508646 0.2563695 0.5599323 0.253319 0.5559066 0.2592597 0.5659576 0.2138112 0.5639684 0.212536 0.5748525 0.2143589 0.5945761 0.2264198 0.5915942 0.2277118 0.5830855 0.2219578 0.5945761 0.2264198 0.5918991 0.2223783 0.6064347 0.2225838 0.6064347 0.2225838 0.5918991 0.2223783 0.5891865 0.2186962 0.6064347 0.2225838 0.5891865 0.2186962 0.6087844 0.219448 0.631676 0.2205254 0.6111812 0.2215869 0.6087844 0.219448 0.6087844 0.219448 0.6111812 0.2215869 0.609408 0.221925 0.6087844 0.219448 0.609408 0.221925 0.6064347 0.2225838 0.6759425 0.2311429 0.6914456 0.2321889 0.6702621 0.2335375 0.6702621 0.2335375 0.6914456 0.2321889 0.6809877 0.241854 0.6962146 0.2402291 0.6863674 0.2472748 0.6859288 0.2467934 0.6809877 0.241854 0.6914456 0.2321889 0.6859288 0.2467934 0.6859288 0.2467934 0.6914456 0.2321889 0.7036089 0.2350599 0.6859288 0.2467934 0.7036089 0.2350599 0.6962146 0.2402291 0.7331902 0.2173686 0.7254637 0.2210606 0.7276219 0.2180442 0.7276219 0.2180442 0.7254637 0.2210606 0.7146478 0.221771 0.7276219 0.2180442 0.7146478 0.221771 0.7088039 0.2185431 0.7088039 0.2185431 0.7146478 0.221771 0.7038071 0.2217978 0.7254637 0.2210606 0.7246997 0.2214735 0.7146478 0.221771 0.7146478 0.221771 0.7246997 0.2214735 0.7090834 0.2253649 0.7146478 0.221771 0.7090834 0.2253649 0.7038071 0.2217978 0.7038071 0.2217978 0.7090834 0.2253649 0.6995157 0.2252234 0.7038071 0.2217978 0.6995157 0.2252234 0.6808187 0.2246422 0.5659576 0.2138112 0.5748525 0.2143589 0.5698236 0.2166838 0.5792665 0.2180377 0.5748525 0.2143589 0.5786448 0.2146961 0.5748525 0.2143589 0.5792665 0.2180377 0.5698236 0.2166838 0.5698236 0.2166838 0.5792665 0.2180377 0.5830855 0.2219578 0.5698236 0.2166838 0.5830855 0.2219578 0.575576 0.2219268 0.575576 0.2219268 0.5830855 0.2219578 0.5915942 0.2277118 0.575576 0.2219268 0.5915942 0.2277118 0.5842199 0.2315465 0.5945761 0.2264198 0.5830855 0.2219578 0.5918991 0.2223783 0.5918991 0.2223783 0.5830855 0.2219578 0.5792665 0.2180377 0.5918991 0.2223783 0.5792665 0.2180377 0.5891865 0.2186962 0.5891865 0.2186962 0.5792665 0.2180377 0.5786448 0.2146961 0.5891865 0.2186962 0.5786448 0.2146961 0.6087844 0.219448 0.6087844 0.219448 0.5786448 0.2146961 0.620172 0.2165802 0.6087844 0.219448 0.620172 0.2165802 0.631676 0.2205254 0.631676 0.2205254 0.620172 0.2165802 0.6277909 0.2168469 0.631676 0.2205254 0.6277909 0.2168469 0.651791 0.2245942 0.651791 0.2245942 0.6277909 0.2168469 0.6461554 0.2173882 0.651791 0.2245942 0.6461554 0.2173882 0.6808187 0.2246422 0.6808187 0.2246422 0.6461554 0.2173882 0.6851162 0.2181718 0.6808187 0.2246422 0.6851162 0.2181718 0.7038071 0.2217978 0.7038071 0.2217978 0.6851162 0.2181718 0.7082731 0.2185367 0.7038071 0.2217978 0.7082731 0.2185367 0.7088039 0.2185431 0.6702621 0.2335375 0.651791 0.2245942 0.6759425 0.2311429 0.6759425 0.2311429 0.651791 0.2245942 0.6808187 0.2246422 0.6759425 0.2311429 0.6808187 0.2246422 0.6914456 0.2321889 0.6914456 0.2321889 0.6808187 0.2246422 0.6995157 0.2252234 0.6914456 0.2321889 0.6995157 0.2252234 0.7036089 0.2350599 0.7036089 0.2350599 0.6995157 0.2252234 0.7090834 0.2253649 0.7036089 0.2350599 0.7090834 0.2253649 0.7184172 0.2251465 0.7184172 0.2251465 0.7090834 0.2253649 0.7246997 0.2214735 0.7254637 0.2210606 0.7331902 0.2173686 0.7339264 0.2247341 0.7051495 0.2826928 0.7033965 0.2765762 0.7199517 0.2718856 0.6962146 0.2402291 0.7036089 0.2350599 0.7096625 0.2402822 0.6962146 0.2402291 0.7096625 0.2402822 0.6863674 0.2472748 0.6863674 0.2472748 0.7096625 0.2402822 0.6905065 0.2522343 0.6905065 0.2522343 0.7096625 0.2402822 0.7135827 0.2456454 0.6905065 0.2522343 0.7135827 0.2456454 0.6938699 0.2569385 0.6938699 0.2569385 0.7135827 0.2456454 0.7159312 0.25181 0.6938699 0.2569385 0.7159312 0.25181 0.6966825 0.2614989 0.7175894 0.2582936 0.6991607 0.2661721 0.7159312 0.25181 0.7159312 0.25181 0.6991607 0.2661721 0.6978067 0.2635291 0.7159312 0.25181 0.6978067 0.2635291 0.6966825 0.2614989 0.7051495 0.2826928 0.7199517 0.2718856 0.7063372 0.288419 0.7063372 0.288419 0.7199517 0.2718856 0.7390578 0.2664782 0.7063372 0.288419 0.7390578 0.2664782 0.7403674 0.2838914 0.7036089 0.2350599 0.7184172 0.2251465 0.7096625 0.2402822 0.7096625 0.2402822 0.7184172 0.2251465 0.7213472 0.2329961 0.7096625 0.2402822 0.7213472 0.2329961 0.7135827 0.2456454 0.7135827 0.2456454 0.7213472 0.2329961 0.7242088 0.23973 0.7135827 0.2456454 0.7242088 0.23973 0.7159312 0.25181 0.7159312 0.25181 0.7242088 0.23973 0.7259537 0.2468374 0.7159312 0.25181 0.7259537 0.2468374 0.7175894 0.2582936 0.7175894 0.2582936 0.7259537 0.2468374 0.7273321 0.2541257 0.7246997 0.2214735 0.7254637 0.2210606 0.7275335 0.2290155 0.7275335 0.2290155 0.7254637 0.2210606 0.7339264 0.2247341 0.7275335 0.2290155 0.7339264 0.2247341 0.7295872 0.2367447 0.7295872 0.2367447 0.7339264 0.2247341 0.7349843 0.2337515 0.7295872 0.2367447 0.7349843 0.2337515 0.7370962 0.2499483 0.7033965 0.2765762 0.6991607 0.2661721 0.7199517 0.2718856 0.7199517 0.2718856 0.6991607 0.2661721 0.7175894 0.2582936 0.7199517 0.2718856 0.7175894 0.2582936 0.7390578 0.2664782 0.7390578 0.2664782 0.7175894 0.2582936 0.7273321 0.2541257 0.7390578 0.2664782 0.7273321 0.2541257 0.7370962 0.2499483 0.7370962 0.2499483 0.7273321 0.2541257 0.7259537 0.2468374 0.7370962 0.2499483 0.7259537 0.2468374 0.7295872 0.2367447 0.7295872 0.2367447 0.7259537 0.2468374 0.7242088 0.23973 0.7295872 0.2367447 0.7242088 0.23973 0.7275335 0.2290155 0.7275335 0.2290155 0.7242088 0.23973 0.7213472 0.2329961 0.7275335 0.2290155 0.7213472 0.2329961 0.7246997 0.2214735 0.7246997 0.2214735 0.7213472 0.2329961 0.7184172 0.2251465 0.7063372 0.288419 0.7403674 0.2838914 0.740621 0.2935594 0.7063372 0.288419 0.740621 0.2935594 0.7074958 0.3030806 0.7374431 0.3296499 0.7064054 0.3155204 0.7398834 0.3125333 0.7398834 0.3125333 0.7064054 0.3155204 0.7074958 0.3030806 0.7398834 0.3125333 0.7074958 0.3030806 0.7404958 0.3025175 0.7404958 0.3025175 0.7074958 0.3030806 0.740621 0.2935594 0.7029423 0.3291105 0.704698 0.3234112 0.7374431 0.3296499 0.7374431 0.3296499 0.704698 0.3234112 0.7049643 0.322394 0.7374431 0.3296499 0.7049643 0.322394 0.7064054 0.3155204 0.7374431 0.3296499 0.733381 0.344873 0.7029423 0.3291105 0.7029423 0.3291105 0.733381 0.344873 0.7306146 0.3521699 0.7029423 0.3291105 0.7306146 0.3521699 0.7003596 0.3356142 0.7003596 0.3356142 0.7306146 0.3521699 0.7272902 0.3592538 0.7003596 0.3356142 0.7272902 0.3592538 0.6972333 0.3418692 0.6969321 0.3424075 0.6972333 0.3418692 0.7272902 0.3592538 0.6969321 0.3424075 0.7272902 0.3592538 0.6935663 0.3478619 0.7272902 0.3592538 0.7219036 0.3683705 0.6935663 0.3478619 0.6935663 0.3478619 0.7219036 0.3683705 0.7168703 0.3753143 0.6935663 0.3478619 0.7168703 0.3753143 0.6893681 0.3535566 0.6893681 0.3535566 0.7168703 0.3753143 0.6846861 0.3588756 0.6846861 0.3588756 0.7168703 0.3753143 0.7112824 0.381875 0.6846861 0.3588756 0.7112824 0.381875 0.6846745 0.3588877 0.7112824 0.381875 0.7097592 0.3835007 0.6846745 0.3588877 0.6846745 0.3588877 0.7097592 0.3835007 0.7050739 0.3881412 0.6846745 0.3588877 0.7050739 0.3881412 0.6795237 0.3638033 0.6795237 0.3638033 0.7050739 0.3881412 0.6984251 0.393935 0.6795237 0.3638033 0.6984251 0.393935 0.6739801 0.3682419 0.6984251 0.393935 0.6914464 0.3991913 0.6739801 0.3682419 0.6739801 0.3682419 0.6914464 0.3991913 0.6841696 0.4039076 0.6739801 0.3682419 0.6841696 0.4039076 0.6687293 0.3717809 0.6687293 0.3717809 0.6841696 0.4039076 0.676695 0.4080318 0.6687293 0.3717809 0.676695 0.4080318 0.6620088 0.3755174 0.6620088 0.3755174 0.676695 0.4080318 0.6690602 0.4115489 0.6620088 0.3755174 0.6690602 0.4115489 0.6557542 0.3783003 0.6557542 0.3783003 0.6690602 0.4115489 0.6500645 0.3803125 0.6500645 0.3803125 0.6690602 0.4115489 0.6601427 0.414832 0.6500645 0.3803125 0.6601427 0.414832 0.6494268 0.3805091 0.6494268 0.3805091 0.6601427 0.414832 0.6512573 0.4173478 0.6494268 0.3805091 0.6512573 0.4173478 0.6430987 0.3821585 0.6430987 0.3821585 0.6512573 0.4173478 0.6342049 0.4204367 0.6430987 0.3821585 0.6342049 0.4204367 0.6308802 0.3838753 0.6191475 0.4215342 0.6199663 0.3838477 0.6342049 0.4204367 0.6342049 0.4204367 0.6199663 0.3838477 0.6298643 0.3839343 0.6342049 0.4204367 0.6298643 0.3839343 0.6308802 0.3838753 0.6191475 0.4215342 0.6073291 0.4213589 0.6093246 0.4022306 0.6191475 0.4215342 0.6093246 0.4022306 0.6199663 0.3838477 0.6199663 0.3838477 0.6093246 0.4022306 0.6102998 0.3929584 0.6199663 0.3838477 0.6102998 0.3929584 0.611379 0.3827941 0.5966634 0.3918285 0.5930975 0.399065 0.5923475 0.3921601 0.6073291 0.4213589 0.6004607 0.4206306 0.6093246 0.4022306 0.6093246 0.4022306 0.6004607 0.4206306 0.6102998 0.3929584 0.6056163 0.3815601 0.6008123 0.3845352 0.6043015 0.381217 0.6043015 0.381217 0.6008123 0.3845352 0.5995777 0.3797883 0.5923475 0.3921601 0.5904092 0.3858408 0.5991609 0.3796471 0.5991609 0.3796471 0.5904092 0.3858408 0.592179 0.3817681 0.5991609 0.3796471 0.592179 0.3817681 0.5939589 0.37767 0.5991609 0.3796471 0.5995777 0.3797883 0.5923475 0.3921601 0.5923475 0.3921601 0.5995777 0.3797883 0.6008123 0.3845352 0.5923475 0.3921601 0.6008123 0.3845352 0.5966634 0.3918285 0.5966634 0.3918285 0.6008123 0.3845352 0.5938613 0.4167862 0.5966634 0.3918285 0.5938613 0.4167862 0.5935406 0.4158623 0.5935406 0.4158623 0.5932748 0.414436 0.5966634 0.3918285 0.5966634 0.3918285 0.5932748 0.414436 0.5931228 0.4116141 0.5966634 0.3918285 0.5931228 0.4116141 0.5930975 0.399065 0.611379 0.3827941 0.6102998 0.3929584 0.609398 0.3824187 0.609398 0.3824187 0.6102998 0.3929584 0.6004607 0.4206306 0.609398 0.3824187 0.6004607 0.4206306 0.6076751 0.3820509 0.6076751 0.3820509 0.6004607 0.4206306 0.5996161 0.4204617 0.6076751 0.3820509 0.5996161 0.4204617 0.6056163 0.3815601 0.6056163 0.3815601 0.5996161 0.4204617 0.5960693 0.4192029 0.6056163 0.3815601 0.5960693 0.4192029 0.6008123 0.3845352 0.6008123 0.3845352 0.5960693 0.4192029 0.5951535 0.4185527 0.6008123 0.3845352 0.5951535 0.4185527 0.5938613 0.4167862 0.8848282 0.7405167 0.8817518 0.7536786 0.880207 0.7536616 0.8848282 0.7405167 0.880207 0.7536616 0.883705 0.7405052 0.883705 0.7405052 0.880207 0.7536616 0.8772836 0.7534307 0.883705 0.7405052 0.8772836 0.7534307 0.8816252 0.7404866 0.5938613 0.4167862 0.5840708 0.4231948 0.5833913 0.4205175 0.5938613 0.4167862 0.5833913 0.4205175 0.5935406 0.4158623 0.5935406 0.4158623 0.5833913 0.4205175 0.5832738 0.4192427 0.5935406 0.4158623 0.5832738 0.4192427 0.5932748 0.414436 0.7151082 0.4327182 0.7228697 0.4449751 0.7197063 0.4446837 0.7151082 0.4327182 0.7197063 0.4446837 0.7124843 0.4327177 0.8817518 0.7536786 0.8848282 0.7405167 0.8832207 0.7536948 0.8832207 0.7536948 0.8848282 0.7405167 0.8884431 0.7405558 0.8832207 0.7536948 0.8884431 0.7405558 0.888154 0.7537512 0.888154 0.7537512 0.8884431 0.7405558 0.8892277 0.7405649 0.888154 0.7537512 0.8892277 0.7405649 0.8911203 0.7537856 0.8911203 0.7537856 0.8892277 0.7405649 0.8952315 0.740635 0.8911203 0.7537856 0.8952315 0.740635 0.8961579 0.7538443 0.3082156 0.5186879 0.3155454 0.5188642 0.3155473 0.5259458 0.2992458 0.5224549 0.2992442 0.5141814 0.3082147 0.514303 0.3155568 0.5748183 0.2992511 0.5754234 0.3155557 0.5620995 0.3155557 0.5620995 0.2992511 0.5754234 0.2992507 0.5614888 0.3155557 0.5620995 0.2992507 0.5614888 0.3155553 0.5610327 0.3155553 0.5610327 0.2992507 0.5614888 0.3155528 0.547651 0.3155528 0.547651 0.2992507 0.5614888 0.2992493 0.5464683 0.3155528 0.547651 0.2992493 0.5464683 0.3155494 0.5332896 0.3082147 0.514303 0.3082156 0.5186879 0.2992458 0.5224549 0.2992458 0.5224549 0.3082156 0.5186879 0.3155473 0.5259458 0.2992458 0.5224549 0.3155473 0.5259458 0.2992472 0.5306148 0.2992472 0.5306148 0.3155473 0.5259458 0.3155494 0.5332896 0.2992472 0.5306148 0.3155494 0.5332896 0.2992484 0.5386299 0.2992484 0.5386299 0.3155494 0.5332896 0.2992493 0.5464683 0.2796409 0.5140098 0.2992442 0.5141814 0.2796421 0.5223782 0.2796421 0.5223782 0.2992442 0.5141814 0.2992458 0.5224549 0.2796421 0.5223782 0.2992458 0.5224549 0.2796429 0.5306311 0.2796429 0.5306311 0.2992458 0.5224549 0.2992472 0.5306148 0.2796429 0.5306311 0.2992472 0.5306148 0.2796437 0.5387355 0.2796437 0.5387355 0.2992472 0.5306148 0.2992484 0.5386299 0.2796437 0.5387355 0.2992484 0.5386299 0.2796441 0.5466582 0.2796441 0.5466582 0.2992484 0.5386299 0.2992493 0.5464683 0.2796441 0.5466582 0.2992493 0.5464683 0.2796443 0.5618265 0.2796443 0.5618265 0.2992493 0.5464683 0.2992507 0.5614888 0.2796443 0.5618265 0.2992507 0.5614888 0.2796438 0.5758711 0.2796438 0.5758711 0.2992507 0.5614888 0.2992511 0.5754234 0.3582873 0.4621898 0.358282 0.469204 0.3419788 0.4702141 0.07237386 0.8097456 0.07237327 0.8169214 0.05607795 0.8090903 0.05607795 0.8090903 0.07237327 0.8169214 0.06504446 0.8167126 0.05607795 0.8090903 0.06504446 0.8167126 0.05607748 0.8179591 0.05607748 0.8179591 0.06504446 0.8167126 0.06504088 0.8264332 0.05607748 0.8179591 0.06504088 0.8264332 0.05607342 0.8271161 0.05607342 0.8271161 0.06504088 0.8264332 0.06503242 0.8366354 0.3419788 0.4702141 0.3419848 0.4632725 0.3582873 0.4621898 0.05604898 0.7778824 0.07234704 0.7789609 0.07235234 0.7821067 0.05604898 0.7778824 0.07235234 0.7821067 0.05606055 0.7849059 0.05606055 0.7849059 0.07235234 0.7821067 0.07235807 0.7858904 0.05606055 0.7849059 0.07235807 0.7858904 0.05606949 0.7924944 0.05606949 0.7924944 0.07235807 0.7858904 0.07236629 0.7933766 0.05606949 0.7924944 0.07236629 0.7933766 0.05607533 0.800579 0.05607533 0.800579 0.07236629 0.7933766 0.0723716 0.8013511 0.05607533 0.800579 0.0723716 0.8013511 0.07237273 0.8046103 0.03647726 0.8053854 0.05607795 0.8090903 0.03647685 0.8204928 0.03647685 0.8204928 0.05607795 0.8090903 0.05607748 0.8179591 0.03647685 0.8204928 0.05607748 0.8179591 0.03647309 0.8283112 0.03647309 0.8283112 0.05607748 0.8179591 0.05607342 0.8271161 0.03647309 0.8283112 0.05607342 0.8271161 0.03646665 0.836278 0.03646665 0.836278 0.05607342 0.8271161 0.06503242 0.8366354 0.3778877 0.4684557 0.358282 0.469204 0.3778929 0.4607548 0.3778929 0.4607548 0.358282 0.469204 0.3582873 0.4621898 0.03644853 0.7777084 0.05604898 0.7778824 0.03645932 0.7840775 0.03645932 0.7840775 0.05604898 0.7778824 0.05606055 0.7849059 0.03645932 0.7840775 0.05606055 0.7849059 0.03646802 0.7909048 0.03646802 0.7909048 0.05606055 0.7849059 0.05606949 0.7924944 0.03646802 0.7909048 0.05606949 0.7924944 0.03647726 0.8053854 0.03647726 0.8053854 0.05606949 0.7924944 0.05607533 0.800579 0.03647726 0.8053854 0.05607533 0.800579 0.05607795 0.8090903 0.05607795 0.8090903 0.05607533 0.800579 0.07237273 0.8046103 0.05607795 0.8090903 0.07237273 0.8046103 0.07237386 0.8097456 0.01189112 0.8515446 0.01189553 0.8486129 0.02458691 0.8486379 0.01189112 0.8515446 0.02458691 0.8486379 0.01277327 0.8528075 0.01277327 0.8528075 0.02458691 0.8486379 0.02826225 0.8532387 0.02826225 0.8532387 0.02458691 0.8486379 0.03645181 0.8486712 0.02826225 0.8532387 0.03645181 0.8486712 0.0282455 0.8628749 0.03645181 0.8486712 0.03643888 0.8569815 0.0282455 0.8628749 0.0282455 0.8628749 0.03643888 0.8569815 0.0364238 0.8652623 0.0282455 0.8628749 0.0364238 0.8652623 0.02822387 0.8732525 0.02822387 0.8732525 0.0364238 0.8652623 0.03638708 0.8813223 0.02822387 0.8732525 0.03638708 0.8813223 0.02820426 0.8813684 0.02820426 0.8813684 0.03638708 0.8813223 0.02819859 0.8834871 0.02819859 0.8834871 0.03638708 0.8813223 0.03637975 0.8841192 0.02819859 0.8834871 0.03637975 0.8841192 0.02817416 0.8921329 0.03637975 0.8841192 0.03634375 0.8962565 0.02817416 0.8921329 0.02817416 0.8921329 0.03634375 0.8962565 0.03631973 0.9032917 0.02817416 0.8921329 0.03631973 0.9032917 0.02814394 0.9013974 0.02814394 0.9013974 0.03631973 0.9032917 0.03629451 0.909994 0.02814394 0.9013974 0.03629451 0.909994 0.02811151 0.9101028 0.01189553 0.8486129 0.01191002 0.8361743 0.02458691 0.8486379 0.02458691 0.8486379 0.01191002 0.8361743 0.02460157 0.8362107 0.02458691 0.8486379 0.02460157 0.8362107 0.03645181 0.8486712 0.03645181 0.8486712 0.02460157 0.8362107 0.03646665 0.836278 0.02826225 0.8532387 0.02825146 0.8563988 0.01277327 0.8528075 0.01277327 0.8528075 0.02825146 0.8563988 0.01351475 0.8563752 0.1778521 0.620938 0.1784191 0.623064 0.1745521 0.6233124 0.1696157 0.6680325 0.1690012 0.6682268 0.171144 0.6554623 0.1696157 0.6680325 0.171144 0.6554623 0.1731607 0.6679997 0.1731607 0.6679997 0.171144 0.6554623 0.1718596 0.6553621 0.1731607 0.6679997 0.1718596 0.6553621 0.1764768 0.668703 0.1804032 0.6618367 0.1778666 0.6695482 0.1772437 0.6690073 0.1804032 0.6618367 0.1783439 0.6717272 0.1784237 0.671076 0.1764768 0.668703 0.1718596 0.6553621 0.1772437 0.6690073 0.1772437 0.6690073 0.1718596 0.6553621 0.1725247 0.654895 0.1772437 0.6690073 0.1725247 0.654895 0.1804032 0.6618367 0.1784237 0.671076 0.1783967 0.6707421 0.1804032 0.6618367 0.1804032 0.6618367 0.1783967 0.6707421 0.1782753 0.6702647 0.1804032 0.6618367 0.1782753 0.6702647 0.1778666 0.6695482 0.1745521 0.6233124 0.1784191 0.623064 0.177378 0.6399993 0.1784191 0.623064 0.1802778 0.6320083 0.177378 0.6399993 0.177378 0.6399993 0.1802778 0.6320083 0.1813748 0.6421215 0.177378 0.6399993 0.1813748 0.6421215 0.1764329 0.6479299 0.1764329 0.6479299 0.1813748 0.6421215 0.1814 0.6522186 0.1764329 0.6479299 0.1814 0.6522186 0.1725247 0.654895 0.1725247 0.654895 0.1814 0.6522186 0.1809526 0.6577118 0.1725247 0.654895 0.1809526 0.6577118 0.1804032 0.6618367 0.1778521 0.620938 0.1745521 0.6233124 0.1753019 0.6130178 0.1753019 0.6130178 0.1745521 0.6233124 0.1687844 0.607401 0.1753019 0.6130178 0.1687844 0.607401 0.1712087 0.6033825 0.1712087 0.6033825 0.1687844 0.607401 0.1668565 0.5984321 0.1712087 0.6033825 0.1668565 0.5984321 0.1666024 0.5949114 0.02814161 0.8975369 0.0134049 0.8975133 0.01345217 0.8817099 0.02814161 0.8975369 0.01345217 0.8817099 0.02818894 0.8817335 0.02818894 0.8817335 0.01345217 0.8817099 0.01349031 0.8650774 0.02818894 0.8817335 0.01349031 0.8650774 0.02822685 0.865101 0.01351475 0.8563752 0.02825146 0.8563988 0.01350784 0.8583523 0.01350784 0.8583523 0.02825146 0.8563988 0.02822685 0.865101 0.01350784 0.8583523 0.02822685 0.865101 0.01349031 0.8650774 0.2569656 0.4662388 0.2714465 0.4663483 0.2677656 0.4708421 0.02811151 0.9101028 0.03629451 0.909994 0.03626179 0.9176177 0.02811151 0.9101028 0.03626179 0.9176177 0.02809262 0.9146042 0.02809262 0.9146042 0.03626179 0.9176177 0.03622758 0.9246331 0.02809262 0.9146042 0.03622758 0.9246331 0.02807825 0.9178758 0.2550739 0.470785 0.2550725 0.4662374 0.2569656 0.4662388 0.02807825 0.9178758 0.03622758 0.9246331 0.02804142 0.9253427 0.2714465 0.4663483 0.2796298 0.4658966 0.2796314 0.4710154 0.2714465 0.4663483 0.2796314 0.4710154 0.2677656 0.4708421 0.2677656 0.4708421 0.2796314 0.4710154 0.279632 0.4731386 0.2677656 0.4708421 0.279632 0.4731386 0.2677674 0.4776132 0.279632 0.4731386 0.2796341 0.4808343 0.2677674 0.4776132 0.2677674 0.4776132 0.2796341 0.4808343 0.2796362 0.4888764 0.2677674 0.4776132 0.2796362 0.4888764 0.2677693 0.4846954 0.2677693 0.4846954 0.2796362 0.4888764 0.279638 0.4971578 0.2677693 0.4846954 0.279638 0.4971578 0.2677724 0.4992167 0.2677724 0.4992167 0.279638 0.4971578 0.2796396 0.5055714 0.2677724 0.4992167 0.2796396 0.5055714 0.2677738 0.5065865 0.2677738 0.5065865 0.2796396 0.5055714 0.2796409 0.5140098 0.2677738 0.5065865 0.2796409 0.5140098 0.2677749 0.5139648 0.2569656 0.4662388 0.2677656 0.4708421 0.2550739 0.470785 0.2550739 0.470785 0.2677656 0.4708421 0.2677674 0.4776132 0.2550739 0.470785 0.2677674 0.4776132 0.2550758 0.4775627 0.2550758 0.4775627 0.2677674 0.4776132 0.2677693 0.4846954 0.2550758 0.4775627 0.2677693 0.4846954 0.2550776 0.4846519 0.2550776 0.4846519 0.2677693 0.4846954 0.2677724 0.4992167 0.2550776 0.4846519 0.2677724 0.4992167 0.2550806 0.4991877 0.2550806 0.4991877 0.2677724 0.4992167 0.2677738 0.5065865 0.2550806 0.4991877 0.2677738 0.5065865 0.2550818 0.5065648 0.2550818 0.5065648 0.2677738 0.5065865 0.2677749 0.5139648 0.2550818 0.5065648 0.2677749 0.5139648 0.2550831 0.5139505 0.966833 0.2316177 0.9668307 0.2342248 0.9665827 0.231618 0.9665827 0.231618 0.9668307 0.2342248 0.9520941 0.2342255 0.9665827 0.231618 0.9520941 0.2342255 0.952096 0.2317349 0.7369611 0.8453329 0.7369626 0.8450825 0.7374587 0.8454207 0.7374587 0.8454207 0.7369626 0.8450825 0.737762 0.8450841 0.7374587 0.8454207 0.737762 0.8450841 0.7380084 0.8456546 0.7380084 0.8456546 0.737762 0.8450841 0.7387244 0.8450884 0.7380084 0.8456546 0.7387244 0.8450884 0.7387756 0.8461458 0.7387756 0.8461458 0.7387244 0.8450884 0.7396944 0.8450951 0.7387756 0.8461458 0.7396944 0.8450951 0.7397224 0.8469882 0.7405155 0.8451026 0.7405032 0.8469957 0.7397224 0.8469882 0.7396944 0.8450951 0.7396933 0.8306138 0.7399945 0.8306165 0.7397224 0.8469882 0.7396944 0.8450951 0.7405155 0.8451026 0.7405155 0.8451026 0.7396944 0.8450951 0.7399945 0.8306165 0.7405155 0.8451026 0.7399945 0.8306165 0.7405145 0.8306218 0.7396933 0.8306138 0.7396944 0.8450951 0.7392206 0.8306099 0.7392206 0.8306099 0.7396944 0.8450951 0.7387244 0.8450884 0.7392206 0.8306099 0.7387244 0.8450884 0.7383958 0.8306037 0.7383958 0.8306037 0.7387244 0.8450884 0.737762 0.8450841 0.7383958 0.8306037 0.737762 0.8450841 0.7376132 0.8305991 0.7376132 0.8305991 0.737762 0.8450841 0.7369626 0.8450825 0.7376132 0.8305991 0.7369626 0.8450825 0.7369611 0.8305961 0.9633828 0.4422151 0.9633541 0.5497869 0.948646 0.4422143 0.948646 0.4422143 0.9633541 0.5497869 0.8986759 0.5497832 0.948646 0.4422143 0.8986759 0.5497832 0.948647 0.4387741 0.948647 0.4387741 0.8986759 0.5497832 0.8987057 0.4387712 0.9633828 0.4422151 0.948646 0.4422143 0.963383 0.4414951 0.963383 0.4414951 0.948646 0.4422143 0.9486473 0.4392994 0.963383 0.4414951 0.9486473 0.4392994 0.9620164 0.4393001 0.7402309 0.9235754 0.7275412 0.9235314 0.7402309 0.9212712 0.7402309 0.9212712 0.7275412 0.9235314 0.7273628 0.9222463 0.9486473 0.4392994 0.9615174 0.4381098 0.9620164 0.4393001 0.888154 0.7537512 0.8836345 0.7750012 0.8832207 0.7536948 0.8832207 0.7536948 0.8836345 0.7750012 0.8818992 0.7604652 0.8832207 0.7536948 0.8818992 0.7604652 0.8817518 0.7536786 0.8817518 0.7536786 0.8818992 0.7604652 0.880207 0.7536616 0.8961579 0.7538443 0.8960084 0.7897213 0.8911203 0.7537856 0.8911203 0.7537856 0.8960084 0.7897213 0.8895931 0.7896488 0.8911203 0.7537856 0.8895931 0.7896488 0.888154 0.7537512 0.888154 0.7537512 0.8895931 0.7896488 0.8861551 0.7896111 0.888154 0.7537512 0.8861551 0.7896111 0.8836345 0.7750012 0.8836345 0.7750012 0.8861551 0.7896111 0.8843586 0.789592 0.358262 0.5165961 0.358259 0.5314621 0.3419486 0.5319649 0.3582773 0.4766699 0.3419733 0.4776068 0.358282 0.469204 0.358282 0.469204 0.3419733 0.4776068 0.3419788 0.4702141 0.3582666 0.5006026 0.3419632 0.4942623 0.3582732 0.4844743 0.3582732 0.4844743 0.3419632 0.4942623 0.3419683 0.4853386 0.3582732 0.4844743 0.3419683 0.4853386 0.3582773 0.4766699 0.3582773 0.4766699 0.3419683 0.4853386 0.3419723 0.4791932 0.3582773 0.4766699 0.3419723 0.4791932 0.3419733 0.4776068 0.3419486 0.5319649 0.3419533 0.5171976 0.358262 0.5165961 0.358262 0.5165961 0.3419533 0.5171976 0.3419553 0.5118511 0.358262 0.5165961 0.3419553 0.5118511 0.3582666 0.5006026 0.3582666 0.5006026 0.3419553 0.5118511 0.3419597 0.5013276 0.3582666 0.5006026 0.3419597 0.5013276 0.3419632 0.4942623 0.3778697 0.531089 0.358259 0.5314621 0.3778718 0.5142615 0.3778718 0.5142615 0.358259 0.5314621 0.358262 0.5165961 0.3778718 0.5142615 0.358262 0.5165961 0.3778757 0.4972191 0.3778757 0.4972191 0.358262 0.5165961 0.3582666 0.5006026 0.3778757 0.4972191 0.3582666 0.5006026 0.37788 0.483834 0.37788 0.483834 0.3582666 0.5006026 0.3582732 0.4844743 0.37788 0.483834 0.3582732 0.4844743 0.3778806 0.4823274 0.3778806 0.4823274 0.3582732 0.4844743 0.3582773 0.4766699 0.3778806 0.4823274 0.3582773 0.4766699 0.3778877 0.4684557 0.3778877 0.4684557 0.3582773 0.4766699 0.358282 0.469204 0.3897544 0.4682564 0.3778877 0.4684557 0.3778929 0.4607548 0.4024466 0.4681881 0.3897544 0.4682564 0.3897594 0.4605399 0.3897544 0.4682564 0.3778929 0.4607548 0.3897594 0.4605399 0.02458298 0.7774851 0.03644853 0.7777084 0.03645932 0.7840775 0.02458298 0.7774851 0.03645932 0.7840775 0.02459394 0.7838708 0.02459394 0.7838708 0.03645932 0.7840775 0.03646802 0.7909048 0.02459394 0.7838708 0.03646802 0.7909048 0.02460253 0.7907159 0.02460253 0.7907159 0.03646802 0.7909048 0.03647726 0.8053854 0.02460253 0.7907159 0.03647726 0.8053854 0.02461206 0.8052347 0.02461206 0.8052347 0.03647726 0.8053854 0.03647685 0.8204928 0.02461206 0.8052347 0.03647685 0.8204928 0.02461177 0.8203827 0.02461177 0.8203827 0.03647685 0.8204928 0.03647309 0.8283112 0.02461177 0.8203827 0.03647309 0.8283112 0.02460801 0.8282221 0.02460801 0.8282221 0.03647309 0.8283112 0.03646665 0.836278 0.02460801 0.8282221 0.03646665 0.836278 0.02460157 0.8362107 0.4024466 0.4681881 0.3897594 0.4605399 0.4024516 0.4604664 0.01189112 0.7773967 0.02458298 0.7774851 0.02459394 0.7838708 0.01189112 0.7773967 0.02459394 0.7838708 0.01190221 0.7837878 0.01190221 0.7837878 0.02459394 0.7838708 0.02460253 0.7907159 0.01190221 0.7837878 0.02460253 0.7907159 0.01191085 0.7906389 0.01191085 0.7906389 0.02460253 0.7907159 0.02461206 0.8052347 0.01191085 0.7906389 0.02461206 0.8052347 0.01192045 0.8051705 0.01192045 0.8051705 0.02461206 0.8052347 0.02461177 0.8203827 0.01192045 0.8051705 0.02461177 0.8203827 0.01192021 0.8203319 0.01192021 0.8203319 0.02461177 0.8203827 0.02460801 0.8282221 0.01192021 0.8203319 0.02460801 0.8282221 0.01191645 0.8281785 0.01191645 0.8281785 0.02460801 0.8282221 0.02460157 0.8362107 0.01191645 0.8281785 0.02460157 0.8362107 0.01191002 0.8361743 0.2677749 0.5139648 0.2796409 0.5140098 0.2796421 0.5223782 0.2677749 0.5139648 0.2796421 0.5223782 0.2550831 0.5139505 0.2550831 0.5139505 0.2796421 0.5223782 0.255084 0.5223524 0.255084 0.5223524 0.2796421 0.5223782 0.2796429 0.5306311 0.255084 0.5223524 0.2796429 0.5306311 0.2550846 0.530638 0.2550846 0.530638 0.2796429 0.5306311 0.2796437 0.5387355 0.2550846 0.530638 0.2796437 0.5387355 0.255085 0.538774 0.255085 0.538774 0.2796437 0.5387355 0.2796441 0.5466582 0.255085 0.538774 0.2796441 0.5466582 0.2550852 0.5467265 0.2550852 0.5467265 0.2796441 0.5466582 0.2796443 0.5618265 0.2550852 0.5467265 0.2796443 0.5618265 0.2550851 0.5619469 0.2550851 0.5619469 0.2796443 0.5618265 0.2796438 0.5758711 0.2550851 0.5619469 0.2796438 0.5758711 0.2550843 0.5760304 0.2992511 0.5754234 0.3155568 0.5748183 0.2992504 0.5882153 0.2992504 0.5882153 0.3155568 0.5748183 0.3155567 0.5875241 0.2992504 0.5882153 0.3155567 0.5875241 0.2992491 0.6005933 0.2992491 0.6005933 0.3155567 0.5875241 0.3155554 0.5998752 0.2992491 0.6005933 0.3155554 0.5998752 0.2992476 0.6134821 0.2992476 0.6134821 0.3155554 0.5998752 0.3155542 0.6127888 0.2992476 0.6134821 0.3155542 0.6127888 0.2992469 0.6278066 0.2992469 0.6278066 0.3155542 0.6127888 0.3155536 0.6271823 0.2796438 0.5758711 0.2992511 0.5754234 0.2796427 0.5887268 0.2796427 0.5887268 0.2992511 0.5754234 0.2992504 0.5882153 0.2796427 0.5887268 0.2992504 0.5882153 0.2796413 0.6011245 0.2796413 0.6011245 0.2992504 0.5882153 0.2992491 0.6005933 0.2796413 0.6011245 0.2992491 0.6005933 0.2796398 0.613995 0.2796398 0.613995 0.2992491 0.6005933 0.2992476 0.6134821 0.2796398 0.613995 0.2992476 0.6134821 0.2796388 0.6282686 0.2796388 0.6282686 0.2992476 0.6134821 0.2992469 0.6278066 0.2550843 0.5760304 0.2796438 0.5758711 0.2796427 0.5887268 0.2796398 0.613995 0.2796388 0.6282686 0.2677715 0.6283914 0.2550843 0.5760304 0.2796427 0.5887268 0.255083 0.5889085 0.255083 0.5889085 0.2796427 0.5887268 0.2796413 0.6011245 0.255083 0.5889085 0.2796413 0.6011245 0.2550812 0.6013134 0.2550812 0.6013134 0.2796413 0.6011245 0.2796398 0.613995 0.2550812 0.6013134 0.2796398 0.613995 0.2550798 0.6141774 0.2550798 0.6141774 0.2796398 0.613995 0.2677715 0.6283914 0.2550798 0.6141774 0.2677715 0.6283914 0.2550786 0.6284329 0.2992514 0.6972028 0.2796406 0.6973487 0.2796397 0.6840406 0.315562 0.697006 0.2992514 0.6972028 0.29925 0.6798865 0.29925 0.6798865 0.2992514 0.6972028 0.2796397 0.6840406 0.29925 0.6798865 0.2796397 0.6840406 0.2992483 0.6618677 0.2796397 0.6840406 0.2796391 0.6701841 0.2992483 0.6618677 0.2992483 0.6618677 0.2796391 0.6701841 0.2796389 0.6621651 0.2992483 0.6618677 0.2796389 0.6621651 0.2992473 0.6441674 0.2796389 0.6621651 0.2796386 0.6487394 0.2992473 0.6441674 0.2992473 0.6441674 0.2796386 0.6487394 0.2796385 0.644553 0.2992473 0.6441674 0.2796385 0.644553 0.2992469 0.6278066 0.2992469 0.6278066 0.2796385 0.644553 0.2796387 0.6313026 0.2992469 0.6278066 0.2796387 0.6313026 0.2796388 0.6282686 0.315562 0.697006 0.29925 0.6798865 0.3155595 0.6796 0.3155595 0.6796 0.29925 0.6798865 0.2992483 0.6618677 0.3155595 0.6796 0.2992483 0.6618677 0.3155568 0.6614663 0.3155568 0.6614663 0.2992483 0.6618677 0.2992473 0.6441674 0.3155568 0.6614663 0.2992473 0.6441674 0.3155546 0.6436465 0.3155546 0.6436465 0.2992473 0.6441674 0.2992469 0.6278066 0.3155546 0.6436465 0.2992469 0.6278066 0.3155536 0.6271823 0.2550786 0.6284329 0.2677715 0.6283914 0.2677713 0.6314219 0.2796389 0.6621651 0.2677713 0.6702529 0.2796386 0.6487394 0.2796386 0.6487394 0.2677713 0.6702529 0.267771 0.6488364 0.2796386 0.6487394 0.267771 0.6488364 0.2796385 0.644553 0.2796385 0.644553 0.267771 0.6488364 0.2677713 0.6314219 0.2796385 0.644553 0.2677713 0.6314219 0.2796387 0.6313026 0.2796387 0.6313026 0.2677713 0.6314219 0.2677715 0.6283914 0.2796387 0.6313026 0.2677715 0.6283914 0.2796388 0.6282686 0.2796389 0.6621651 0.2796391 0.6701841 0.2677713 0.6702529 0.2677713 0.6702529 0.2796391 0.6701841 0.2796397 0.6840406 0.2677713 0.6702529 0.2796397 0.6840406 0.2677719 0.6840928 0.2677719 0.6840928 0.2796397 0.6840406 0.2796406 0.6973487 0.2677719 0.6840928 0.2796406 0.6973487 0.2677724 0.6973878 0.2550786 0.6284329 0.2677713 0.6314219 0.2550786 0.6314623 0.2550786 0.6314623 0.2677713 0.6314219 0.267771 0.6488364 0.2550786 0.6314623 0.267771 0.6488364 0.255078 0.6488694 0.255078 0.6488694 0.267771 0.6488364 0.2677713 0.6702529 0.255078 0.6488694 0.2677713 0.6702529 0.2550781 0.6702765 0.2550781 0.6702765 0.2677713 0.6702529 0.2677719 0.6840928 0.2550781 0.6702765 0.2677719 0.6840928 0.2550786 0.6841108 0.2550786 0.6841108 0.2677719 0.6840928 0.2677724 0.6973878 0.2550786 0.6841108 0.2677724 0.6973878 0.2550792 0.6974015 0.2992514 0.6972028 0.315562 0.697006 0.2992536 0.7280943 0.2992536 0.7280943 0.315562 0.697006 0.3155646 0.7279462 0.2992536 0.7280943 0.3155646 0.7279462 0.2992536 0.7429986 0.2992536 0.7429986 0.3155646 0.7279462 0.3155639 0.7428048 0.2992536 0.7429986 0.3155639 0.7428048 0.2992529 0.7586323 0.2992529 0.7586323 0.3155639 0.7428048 0.3155615 0.7583452 0.2796406 0.6973487 0.2992514 0.6972028 0.2796425 0.7282043 0.2796425 0.7282043 0.2992514 0.6972028 0.2992536 0.7280943 0.2796425 0.7282043 0.2992536 0.7280943 0.2796432 0.7431424 0.2796432 0.7431424 0.2992536 0.7280943 0.2992536 0.7429986 0.2796432 0.7431424 0.2992536 0.7429986 0.2796434 0.758845 0.2796434 0.758845 0.2992536 0.7429986 0.2992529 0.7586323 0.2829493 0.8171677 0.2796407 0.8162291 0.2796414 0.8094428 0.3155463 0.8220055 0.2969003 0.8230763 0.3155473 0.8161789 0.3155473 0.8161789 0.2969003 0.8230763 0.2992454 0.81626 0.3155473 0.8161789 0.2992454 0.81626 0.3155508 0.8011623 0.3155508 0.8011623 0.2992454 0.81626 0.2992464 0.8088674 0.3155508 0.8011623 0.2992464 0.8088674 0.3155531 0.792032 0.3155531 0.792032 0.2992464 0.8088674 0.2992489 0.7926268 0.3155531 0.792032 0.2992489 0.7926268 0.3155559 0.7816277 0.3155559 0.7816277 0.2992489 0.7926268 0.2992512 0.7754715 0.3155559 0.7816277 0.2992512 0.7754715 0.3155576 0.7750459 0.2992529 0.7586323 0.3155615 0.7583452 0.2992512 0.7754715 0.2992512 0.7754715 0.3155615 0.7583452 0.315559 0.7698285 0.2992512 0.7754715 0.315559 0.7698285 0.3155576 0.7750459 0.2969003 0.8230763 0.2903084 0.8198516 0.2992454 0.81626 0.2992454 0.81626 0.2903084 0.8198516 0.2829493 0.8171677 0.2992454 0.81626 0.2829493 0.8171677 0.2992464 0.8088674 0.2992464 0.8088674 0.2829493 0.8171677 0.2796414 0.8094428 0.2992464 0.8088674 0.2796414 0.8094428 0.2992489 0.7926268 0.2796434 0.758845 0.2992529 0.7586323 0.2796432 0.7757866 0.2796432 0.7757866 0.2992529 0.7586323 0.2992512 0.7754715 0.2796432 0.7757866 0.2992512 0.7754715 0.2796431 0.7820977 0.2796431 0.7820977 0.2992512 0.7754715 0.2992489 0.7926268 0.2796431 0.7820977 0.2992489 0.7926268 0.2796427 0.793067 0.2796427 0.793067 0.2992489 0.7926268 0.2796414 0.8094428 0.1220205 0.7938696 0.1169161 0.7937448 0.1182595 0.7905672 0.111929 0.7945751 0.1083706 0.795871 0.1068066 0.7905783 0.1068066 0.7905783 0.1083706 0.795871 0.1009919 0.7905868 0.1083706 0.795871 0.1037896 0.7985587 0.1009919 0.7905868 0.1009919 0.7905868 0.1037896 0.7985587 0.101161 0.8007049 0.3278778 0.8781671 0.3231202 0.8871936 0.3231202 0.8748289 0.09520661 0.7905969 0.101161 0.8007049 0.09699678 0.8052362 0.3155463 0.8220055 0.3008984 0.8255625 0.2969003 0.8230763 0.111929 0.7945751 0.1068066 0.7905783 0.1169161 0.7937448 0.1169161 0.7937448 0.1068066 0.7905783 0.1176573 0.7905677 0.1169161 0.7937448 0.1176573 0.7905677 0.1182595 0.7905672 0.1220205 0.7938696 0.1182595 0.7905672 0.1277326 0.7948501 0.1277326 0.7948501 0.1182595 0.7905672 0.1290339 0.7905638 0.1277326 0.7948501 0.1290339 0.7905638 0.1292716 0.7952153 0.1292716 0.7952153 0.1290339 0.7905638 0.1385986 0.7905676 0.1292716 0.7952153 0.1385986 0.7905676 0.1384689 0.7975649 0.1464036 0.7981244 0.1424043 0.7981947 0.1385986 0.7905676 0.1385986 0.7905676 0.1424043 0.7981947 0.1413052 0.798069 0.1385986 0.7905676 0.1413052 0.798069 0.1384689 0.7975649 0.1526814 0.7946246 0.1385986 0.7905676 0.15304 0.7942102 0.15304 0.7942102 0.1385986 0.7905676 0.1531357 0.79059 0.15304 0.7942102 0.1531357 0.79059 0.1554062 0.7905942 0.1526814 0.7946246 0.1498689 0.7969357 0.1385986 0.7905676 0.1385986 0.7905676 0.1498689 0.7969357 0.1468447 0.7980465 0.1385986 0.7905676 0.1468447 0.7980465 0.1464036 0.7981244 0.2711002 0.8144709 0.2653961 0.8137475 0.2677749 0.8088557 0.2677749 0.8088557 0.2653961 0.8137475 0.2550822 0.8132466 0.2677757 0.7589018 0.2796434 0.758845 0.2796432 0.7757866 0.2677757 0.7589018 0.2796432 0.7757866 0.2677758 0.770375 0.2677758 0.770375 0.2796432 0.7757866 0.2796431 0.7820977 0.2677758 0.770375 0.2796431 0.7820977 0.2677757 0.7821931 0.2677757 0.7821931 0.2796431 0.7820977 0.2796427 0.793067 0.2677757 0.7821931 0.2796427 0.793067 0.2677753 0.8004471 0.2677753 0.8004471 0.2796427 0.793067 0.2796414 0.8094428 0.2677753 0.8004471 0.2796414 0.8094428 0.2677749 0.8088557 0.2677749 0.8088557 0.2796414 0.8094428 0.2796407 0.8162291 0.2677749 0.8088557 0.2796407 0.8162291 0.2711002 0.8144709 0.2550822 0.8132466 0.2550825 0.8089067 0.2677749 0.8088557 0.2677749 0.8088557 0.2550825 0.8089067 0.2550828 0.8004918 0.2677749 0.8088557 0.2550828 0.8004918 0.2677753 0.8004471 0.2677753 0.8004471 0.2550828 0.8004918 0.2550832 0.7822256 0.2677753 0.8004471 0.2550832 0.7822256 0.2677757 0.7821931 0.2677757 0.7821931 0.2550832 0.7822256 0.2550832 0.7704005 0.2677757 0.7821931 0.2550832 0.7704005 0.2677758 0.770375 0.2677758 0.770375 0.2550832 0.7704005 0.2550829 0.7589214 0.2677758 0.770375 0.2550829 0.7589214 0.2677757 0.7589018 0.6186732 0.8588371 0.6362184 0.8611827 0.6328613 0.8769006 0.6328613 0.8769006 0.6362184 0.8611827 0.6385981 0.8640385 0.6328613 0.8769006 0.6385981 0.8640385 0.6502624 0.8918935 0.6366794 0.8522032 0.6367198 0.8531083 0.6364294 0.8539664 0.6817352 0.700649 0.6804315 0.7022448 0.6786966 0.7033565 0.6082293 0.8383796 0.6259712 0.8320366 0.6363136 0.8513743 0.6617394 0.876942 0.661326 0.8771128 0.6482626 0.8657144 0.6482626 0.8657144 0.661326 0.8771128 0.6597475 0.878446 0.6385981 0.8640385 0.6420313 0.8654637 0.6502624 0.8918935 0.6502624 0.8918935 0.6420313 0.8654637 0.6566925 0.8833178 0.6502624 0.8918935 0.6566925 0.8833178 0.6566522 0.8849145 0.645734 0.8651329 0.6466304 0.865002 0.6475133 0.8652051 0.6932587 0.9086724 0.6857134 0.9180915 0.6903106 0.9088804 0.6903106 0.9088804 0.6857134 0.9180915 0.6853572 0.9171782 0.6903106 0.9088804 0.6853572 0.9171782 0.6864991 0.907434 0.6864991 0.907434 0.6853572 0.9171782 0.6841086 0.9157667 0.6864991 0.907434 0.6841086 0.9157667 0.6583265 0.8875627 0.6583265 0.8875627 0.6841086 0.9157667 0.6502624 0.8918935 0.6583265 0.8875627 0.6502624 0.8918935 0.657226 0.8864051 0.657226 0.8864051 0.6502624 0.8918935 0.6566522 0.8849145 0.694535 0.678654 0.6817352 0.700649 0.6729382 0.6853405 0.6729382 0.6853405 0.6817352 0.700649 0.6786966 0.7033565 0.6729382 0.6853405 0.6786966 0.7033565 0.6526988 0.6962012 0.6526988 0.6962012 0.6786966 0.7033565 0.6596865 0.7142896 0.6526988 0.6962012 0.6596865 0.7142896 0.6349298 0.7107563 0.6349298 0.7107563 0.6596865 0.7142896 0.6435206 0.7291077 0.6349298 0.7107563 0.6435206 0.7291077 0.6202965 0.7284608 0.6202965 0.7284608 0.6435206 0.7291077 0.630978 0.7470965 0.6259712 0.8320366 0.6082293 0.8383796 0.6200982 0.8109079 0.6200982 0.8109079 0.6082293 0.8383796 0.6019207 0.8162936 0.6200982 0.8109079 0.6019207 0.8162936 0.6189775 0.7890068 0.6189775 0.7890068 0.6019207 0.8162936 0.5999833 0.7934062 0.6189775 0.7890068 0.5999833 0.7934062 0.6226634 0.7673889 0.6226634 0.7673889 0.5999833 0.7934062 0.6024899 0.770574 0.6226634 0.7673889 0.6024899 0.770574 0.630978 0.7470965 0.630978 0.7470965 0.6024899 0.770574 0.6093465 0.7486521 0.630978 0.7470965 0.6093465 0.7486521 0.6202965 0.7284608 0.6363136 0.8513743 0.6366794 0.8522032 0.6082293 0.8383796 0.6082293 0.8383796 0.6366794 0.8522032 0.6364294 0.8539664 0.6082293 0.8383796 0.6364294 0.8539664 0.6186732 0.8588371 0.6186732 0.8588371 0.6364294 0.8539664 0.6354359 0.8575486 0.6186732 0.8588371 0.6354359 0.8575486 0.6362184 0.8611827 0.6475133 0.8652051 0.6482626 0.8657144 0.645734 0.8651329 0.645734 0.8651329 0.6482626 0.8657144 0.6597475 0.878446 0.645734 0.8651329 0.6597475 0.878446 0.6420313 0.8654637 0.6420313 0.8654637 0.6597475 0.878446 0.6573408 0.8818581 0.6420313 0.8654637 0.6573408 0.8818581 0.6566925 0.8833178 0.7369443 0.780608 0.7078806 0.7806537 0.7369439 0.7594816 0.7369439 0.7594816 0.7078806 0.7806537 0.7078801 0.7595273 0.7369439 0.7594816 0.7078801 0.7595273 0.7369611 0.7404867 0.7369611 0.7404867 0.7078801 0.7595273 0.7078971 0.7405323 0.8020342 0.9064332 0.77297 0.9064327 0.80203 0.8892976 0.80203 0.8892976 0.77297 0.9064327 0.7729657 0.8892971 0.80203 0.8892976 0.7729657 0.8892971 0.8020268 0.8695371 0.8020268 0.8695371 0.7729657 0.8892971 0.7729626 0.8695367 0.8020268 0.8695371 0.7729626 0.8695367 0.8020247 0.8478916 0.8020247 0.8478916 0.7729626 0.8695367 0.7729605 0.8478911 0.8020247 0.8478916 0.7729605 0.8478911 0.8020241 0.8251712 0.8020241 0.8251712 0.7729605 0.8478911 0.7729598 0.8251708 0.8020241 0.8251712 0.7729598 0.8251708 0.8020249 0.8022267 0.8020249 0.8022267 0.7729598 0.8251708 0.7729606 0.8022263 0.8020249 0.8022267 0.7729606 0.8022263 0.8020266 0.7799169 0.8020266 0.7799169 0.7729606 0.8022263 0.7729626 0.7799165 0.8020266 0.7799169 0.7729626 0.7799165 0.8020299 0.7590771 0.8020299 0.7590771 0.7729626 0.7799165 0.7729656 0.7590767 0.8020299 0.7590771 0.7729656 0.7590767 0.8020342 0.7404875 0.8020342 0.7404875 0.7729656 0.7590767 0.77297 0.7404871 0.9517413 0.8308139 0.9808054 0.8308139 0.9517713 0.8514643 0.9517713 0.8514643 0.9808054 0.8308139 0.9808354 0.8514643 0.9517713 0.8514643 0.9808354 0.8514643 0.9517886 0.8733071 0.9517886 0.8733071 0.9808354 0.8514643 0.980853 0.873665 0.9517886 0.8733071 0.980853 0.873665 0.9515185 0.873665 0.9576155 0.7381436 0.9236389 0.7381436 0.9236412 0.7104436 0.8929404 0.6991276 0.9224141 0.6991276 0.8929396 0.7104436 0.8929396 0.7104436 0.9224141 0.6991276 0.9224138 0.7033359 0.9224138 0.7033359 0.9237265 0.7055996 0.8929396 0.7104436 0.8929396 0.7104436 0.9237265 0.7055996 0.9240508 0.7072011 0.8929396 0.7104436 0.9240508 0.7072011 0.9236412 0.7104436 0.9236412 0.7104436 0.9240508 0.7072011 0.9576179 0.7072011 0.9236412 0.7104436 0.9576179 0.7072011 0.9576155 0.7381436 0.4335516 0.9756863 0.4335508 0.9853377 0.4040771 0.985337 0.4687617 0.9231275 0.4687569 0.9693754 0.4351899 0.9693745 0.4699833 0.9197462 0.4687617 0.9231275 0.404084 0.9197447 0.404084 0.9197447 0.4687617 0.9231275 0.4351899 0.9693745 0.404084 0.9197447 0.4351899 0.9693745 0.4040771 0.985337 0.4040771 0.985337 0.4351899 0.9693745 0.4342159 0.9741789 0.4040771 0.985337 0.4342159 0.9741789 0.4335516 0.9756863 0.8627572 0.7191486 0.875411 0.7141301 0.8749727 0.7152806 0.8107238 0.7397473 0.8085513 0.7377743 0.8075426 0.7350183 0.7855736 0.5357851 0.7892408 0.5258755 0.8390614 0.5557656 0.8896306 0.5723353 0.8898194 0.5734711 0.8784459 0.5659913 0.8690143 0.467448 0.8788802 0.4578872 0.8789078 0.4590381 0.7882452 0.5153561 0.782784 0.5063104 0.814848 0.4864018 0.814848 0.4864018 0.782784 0.5063104 0.7955328 0.4838558 0.8221175 0.7211771 0.8425627 0.7226759 0.8384451 0.7375165 0.8186473 0.7379095 0.8164227 0.7398236 0.8135639 0.7404867 0.7882452 0.5153561 0.8784459 0.5659913 0.7892408 0.5258755 0.7892408 0.5258755 0.8784459 0.5659913 0.859386 0.5584429 0.7892408 0.5258755 0.859386 0.5584429 0.8390614 0.5557656 0.8135639 0.7404867 0.8107238 0.7397473 0.8186473 0.7379095 0.8186473 0.7379095 0.8107238 0.7397473 0.8075426 0.7350183 0.8186473 0.7379095 0.8075426 0.7350183 0.8197352 0.7368623 0.8197352 0.7368623 0.8075426 0.7350183 0.8071035 0.7335736 0.8197352 0.7368623 0.8071035 0.7335736 0.8061705 0.7323863 0.8390614 0.5557656 0.818697 0.5581206 0.7855736 0.5357851 0.7855736 0.5357851 0.818697 0.5581206 0.7995199 0.565366 0.7855736 0.5357851 0.7995199 0.565366 0.7779699 0.5431223 0.7779699 0.5431223 0.7995199 0.565366 0.7826859 0.5770651 0.7779699 0.5431223 0.7826859 0.5770651 0.7679358 0.5464337 0.7679358 0.5464337 0.7826859 0.5770651 0.7692094 0.5925131 0.8789078 0.4590381 0.8896306 0.5723353 0.8690143 0.467448 0.8690143 0.467448 0.8896306 0.5723353 0.8784459 0.5659913 0.8690143 0.467448 0.8784459 0.5659913 0.8526167 0.4779684 0.8526167 0.4779684 0.8784459 0.5659913 0.7882452 0.5153561 0.8526167 0.4779684 0.7882452 0.5153561 0.8342276 0.4844031 0.8342276 0.4844031 0.7882452 0.5153561 0.814848 0.4864018 0.7612395 0.4659236 0.7460823 0.4884691 0.748128 0.4515134 0.748128 0.4515134 0.7460823 0.4884691 0.7415605 0.4406918 0.7955328 0.4838558 0.782784 0.5063104 0.777333 0.4769036 0.777333 0.4769036 0.782784 0.5063104 0.7739388 0.50053 0.777333 0.4769036 0.7739388 0.50053 0.7612395 0.4659236 0.7612395 0.4659236 0.7739388 0.50053 0.7634616 0.4991598 0.7612395 0.4659236 0.7634616 0.4991598 0.7594655 0.499538 0.8749727 0.7152806 0.8746702 0.7183833 0.8627572 0.7191486 0.8627572 0.7191486 0.8746702 0.7183833 0.8751906 0.7238827 0.8627572 0.7191486 0.8751906 0.7238827 0.8747228 0.727483 0.7520993 0.5520443 0.7524524 0.549955 0.753803 0.5483222 0.8384451 0.7375165 0.8425627 0.7226759 0.8542509 0.7362294 0.8542509 0.7362294 0.8425627 0.7226759 0.8627572 0.7191486 0.8542509 0.7362294 0.8627572 0.7191486 0.8696436 0.7324161 0.8696436 0.7324161 0.8627572 0.7191486 0.8747228 0.727483 0.8696436 0.7324161 0.8747228 0.727483 0.872744 0.7305271 0.7540067 0.588973 0.7692094 0.5925131 0.7450643 0.6086022 0.7450643 0.6086022 0.7692094 0.5925131 0.7599025 0.6107789 0.7450643 0.6086022 0.7599025 0.6107789 0.740621 0.62971 0.740621 0.62971 0.7599025 0.6107789 0.7553261 0.6307617 0.740621 0.62971 0.7553261 0.6307617 0.7408911 0.6512786 0.7408911 0.6512786 0.7553261 0.6307617 0.7557561 0.6512573 0.7408911 0.6512786 0.7557561 0.6512573 0.7458617 0.6722683 0.7458617 0.6722683 0.7557561 0.6512573 0.7611664 0.6710307 0.7458617 0.6722683 0.7611664 0.6710307 0.7552929 0.6916674 0.7552929 0.6916674 0.7611664 0.6710307 0.7712311 0.68889 0.7552929 0.6916674 0.7712311 0.68889 0.7687303 0.7085409 0.7687303 0.7085409 0.7712311 0.68889 0.7855261 0.7220752 0.7540067 0.588973 0.754961 0.5865806 0.7692094 0.5925131 0.7692094 0.5925131 0.754961 0.5865806 0.7551246 0.5840101 0.7692094 0.5925131 0.7551246 0.5840101 0.7679358 0.5464337 0.7679358 0.5464337 0.7551246 0.5840101 0.7520993 0.5520443 0.7679358 0.5464337 0.7520993 0.5520443 0.7557889 0.5475833 0.7557889 0.5475833 0.7520993 0.5520443 0.753803 0.5483222 0.7474558 0.4930596 0.7460823 0.4884691 0.7504814 0.4967753 0.7504814 0.4967753 0.7460823 0.4884691 0.7612395 0.4659236 0.7504814 0.4967753 0.7612395 0.4659236 0.7546987 0.4990501 0.7546987 0.4990501 0.7612395 0.4659236 0.7594655 0.499538 0.8384451 0.7375165 0.8226382 0.736244 0.8221175 0.7211771 0.8221175 0.7211771 0.8226382 0.736244 0.8211287 0.7362807 0.8221175 0.7211771 0.8211287 0.7362807 0.8026534 0.7147422 0.8026534 0.7147422 0.8211287 0.7362807 0.8197352 0.7368623 0.8026534 0.7147422 0.8197352 0.7368623 0.7853436 0.7037592 0.7853436 0.7037592 0.8197352 0.7368623 0.8061705 0.7323863 0.7853436 0.7037592 0.8061705 0.7323863 0.7712311 0.68889 0.7712311 0.68889 0.8061705 0.7323863 0.8048706 0.731618 0.7712311 0.68889 0.8048706 0.731618 0.7855261 0.7220752 0.980853 0.873665 0.9808546 0.8752579 0.9515185 0.873665 0.9515185 0.873665 0.9808546 0.8752579 0.9505106 0.8752579 0.9232836 0.7119602 0.8929395 0.7119602 0.9235509 0.7112437 0.9235509 0.7112437 0.8929395 0.7119602 0.8929396 0.7104436 0.9235509 0.7112437 0.8929396 0.7104436 0.9236412 0.7104436 0.4847906 0.6688683 0.4847906 0.7335464 0.4794022 0.6688672 0.4794022 0.6688672 0.4847906 0.7335464 0.4794022 0.7335454 0.1749514 0.6717286 0.1749514 0.7007928 0.170974 0.6717274 0.170974 0.6717274 0.1749514 0.7007928 0.170974 0.7007916 0.2112577 0.8616303 0.211239 0.827654 0.225883 0.827668 0.2112577 0.8616303 0.225883 0.827668 0.2302929 0.8616466 0.2302929 0.8616466 0.225883 0.827668 0.2413152 0.8276729 0.2302929 0.8616466 0.2413152 0.8276729 0.2303099 0.8923481 0.2303099 0.8923481 0.2413152 0.8276729 0.2436197 0.8923504 0.2436197 0.8923504 0.2413152 0.8276729 0.2571337 0.8276683 0.2436197 0.8923504 0.2571337 0.8276683 0.2571693 0.8923458 0.7369611 0.8200972 0.7078971 0.8201429 0.7369443 0.780608 0.7369443 0.780608 0.7078971 0.8201429 0.7078806 0.7806537 0.8797613 0.7751809 0.8803 0.7896625 0.8781751 0.7819675 0.8781751 0.7819675 0.8803 0.7896625 0.8781585 0.7897298 0.8785545 0.7607583 0.8772836 0.7534307 0.880207 0.7536616 0.7250495 0.4534471 0.7240393 0.4452359 0.7263571 0.4457358 0.7263571 0.4457358 0.7278059 0.4530538 0.7250495 0.4534471 0.7250495 0.4534471 0.7278059 0.4530538 0.72938 0.4674677 0.8758176 0.7611308 0.8797613 0.7751809 0.8765712 0.7754365 0.8765712 0.7754365 0.8797613 0.7751809 0.8781751 0.7819675 0.7262998 0.4677478 0.7283107 0.4742675 0.7266759 0.4740507 0.880207 0.7536616 0.8818992 0.7604652 0.8785545 0.7607583 0.8785545 0.7607583 0.8818992 0.7604652 0.8836345 0.7750012 0.8785545 0.7607583 0.8836345 0.7750012 0.8797613 0.7751809 0.8797613 0.7751809 0.8836345 0.7750012 0.8843586 0.789592 0.8797613 0.7751809 0.8843586 0.789592 0.8803 0.7896625 0.8959132 0.801584 0.895794 0.8142738 0.8893284 0.8142008 0.8893284 0.8142008 0.8845282 0.814149 0.8845658 0.804121 0.8960084 0.7897213 0.8959132 0.801584 0.8895931 0.7896488 0.8895931 0.7896488 0.8959132 0.801584 0.8893284 0.8142008 0.8895931 0.7896488 0.8893284 0.8142008 0.8861551 0.7896111 0.8861551 0.7896111 0.8893284 0.8142008 0.8845658 0.804121 0.8861551 0.7896111 0.8845658 0.804121 0.8843586 0.789592 0.4912266 0.5832077 0.4912989 0.5994842 0.4894503 0.5994842 0.7078971 0.8201429 0.7369611 0.8200972 0.7077872 0.8210083 0.7077872 0.8210083 0.7369611 0.8200972 0.73696 0.8217149 0.4894504 0.5681151 0.4909736 0.5673618 0.491127 0.5751244 0.491127 0.5751244 0.4912266 0.5832077 0.4894504 0.5681151 0.4894504 0.5681151 0.4912266 0.5832077 0.4894503 0.5994842 0.4894504 0.5681151 0.4894503 0.5994842 0.4886043 0.5687828 0.4886043 0.5687828 0.4894503 0.5994842 0.4878114 0.5687831 0.4878114 0.5687831 0.4894503 0.5994842 0.4878114 0.5982809 0.73696 0.8217149 0.7074624 0.8217613 0.7077872 0.8210083 0.8845658 0.804121 0.8845282 0.814149 0.8811001 0.8041173 0.8811001 0.8041173 0.8845282 0.814149 0.8810536 0.8141148 0.8811001 0.8041173 0.8810536 0.8141148 0.8781201 0.7978129 0.8781201 0.7978129 0.8810536 0.8141148 0.8779897 0.8140885 0.8843586 0.789592 0.8845658 0.804121 0.8803 0.7896625 0.8803 0.7896625 0.8845658 0.804121 0.8811001 0.8041173 0.8803 0.7896625 0.8811001 0.8041173 0.8781585 0.7897298 0.8781585 0.7897298 0.8811001 0.8041173 0.8781201 0.7978129 0.7791531 0.9078759 0.7791531 0.93694 0.7517828 0.9078136 0.7517828 0.9078136 0.7791531 0.93694 0.7517828 0.9368777 0.7791531 0.93694 0.7791531 0.9078759 0.7802072 0.9078795 0.7791531 0.93694 0.7802072 0.9078795 0.7802072 0.9369436 0.1666024 0.7007929 0.1666024 0.6717287 0.1678519 0.6717278 0.1666024 0.7007929 0.1678519 0.6717278 0.1678519 0.7007917 0.1678519 0.7007917 0.1678519 0.6717278 0.1693869 0.6717272 0.1678519 0.7007917 0.1693869 0.6717272 0.1693869 0.7007914 0.1693869 0.7007914 0.1693869 0.6717272 0.170974 0.6717274 0.1693869 0.7007914 0.170974 0.6717274 0.170974 0.7007916 0.1468447 0.7980465 0.1498689 0.7969357 0.1587748 0.8510438 0.1468447 0.7980465 0.1587748 0.8510438 0.1464036 0.7981244 0.1464036 0.7981244 0.1587748 0.8510438 0.1424043 0.7981947 0.1424043 0.7981947 0.1587748 0.8510438 0.1386989 0.8510335 0.1424043 0.7981947 0.1386989 0.8510335 0.1413052 0.798069 0.1554062 0.7905942 0.1588065 0.7896849 0.15304 0.7942102 0.15304 0.7942102 0.1588065 0.7896849 0.1587748 0.8510438 0.15304 0.7942102 0.1587748 0.8510438 0.1526814 0.7946246 0.1526814 0.7946246 0.1587748 0.8510438 0.1498689 0.7969357 0.1220205 0.7938696 0.1277326 0.7948501 0.1190395 0.8510354 0.1190395 0.8510354 0.1277326 0.7948501 0.1292716 0.7952153 0.1190395 0.8510354 0.1292716 0.7952153 0.1386989 0.8510335 0.1386989 0.8510335 0.1292716 0.7952153 0.1384689 0.7975649 0.1386989 0.8510335 0.1384689 0.7975649 0.1413052 0.798069 0.1083706 0.795871 0.111929 0.7945751 0.1190395 0.8510354 0.1190395 0.8510354 0.111929 0.7945751 0.1169161 0.7937448 0.1190395 0.8510354 0.1169161 0.7937448 0.1220205 0.7938696 0.08456522 0.8510747 0.08502238 0.8407599 0.1006177 0.8510497 0.1006177 0.8510497 0.08502238 0.8407599 0.08568441 0.8350545 0.1006177 0.8510497 0.08568441 0.8350545 0.08732688 0.8265106 0.08732688 0.8265106 0.08822488 0.8232003 0.1006177 0.8510497 0.1006177 0.8510497 0.08822488 0.8232003 0.09087896 0.8158362 0.1006177 0.8510497 0.09087896 0.8158362 0.09424978 0.8092387 0.09424978 0.8092387 0.09699678 0.8052362 0.1006177 0.8510497 0.1006177 0.8510497 0.09699678 0.8052362 0.101161 0.8007049 0.1006177 0.8510497 0.101161 0.8007049 0.1190395 0.8510354 0.1190395 0.8510354 0.101161 0.8007049 0.1037896 0.7985587 0.1190395 0.8510354 0.1037896 0.7985587 0.1083706 0.795871 0.580707 0.3914288 0.5804093 0.3916003 0.5796568 0.3901211 0.5787382 0.3889456 0.586904 0.3806365 0.5796568 0.3901211 0.5796568 0.3901211 0.586904 0.3806365 0.5904092 0.3858408 0.5796568 0.3901211 0.5904092 0.3858408 0.580707 0.3914288 0.1385986 0.7905676 0.1409053 0.7773987 0.1531357 0.79059 0.1531357 0.79059 0.1409053 0.7773987 0.1564423 0.7774057 0.1531357 0.79059 0.1564423 0.7774057 0.1554062 0.7905942 0.1554062 0.7905942 0.1564423 0.7774057 0.1630132 0.7774067 0.1554062 0.7905942 0.1630132 0.7774067 0.1588065 0.7896849 0.5768388 0.3874474 0.586904 0.3806365 0.5787382 0.3889456 0.5923475 0.3921601 0.5812571 0.397392 0.5809258 0.3938013 0.5904092 0.3858408 0.5923475 0.3921601 0.580707 0.3914288 0.580707 0.3914288 0.5923475 0.3921601 0.5809258 0.3938013 0.580707 0.3914288 0.5809258 0.3938013 0.5804093 0.3916003 0.5812571 0.397392 0.5923475 0.3921601 0.5814555 0.3995419 0.5814555 0.3995419 0.5923475 0.3921601 0.5930975 0.399065 0.5814555 0.3995419 0.5930975 0.399065 0.5815731 0.4008175 0.5815731 0.4008175 0.5930975 0.399065 0.5822644 0.4083063 0.7128354 0.444926 0.7006068 0.4327166 0.7124843 0.4327177 0.7128354 0.444926 0.7124843 0.4327177 0.7197063 0.4446837 0.711093 0.4740487 0.711093 0.5063875 0.699527 0.5063862 0.7262998 0.4677478 0.7266759 0.4740507 0.711093 0.4740487 0.699527 0.5063862 0.6995269 0.444527 0.711093 0.4740487 0.711093 0.4740487 0.6995269 0.444527 0.7028215 0.4450382 0.711093 0.4740487 0.7028215 0.4450382 0.704794 0.4451616 0.7262998 0.4677478 0.711093 0.4740487 0.7250495 0.4534471 0.7228697 0.4449751 0.7240393 0.4452359 0.7250495 0.4534471 0.704794 0.4451616 0.7059644 0.445187 0.711093 0.4740487 0.711093 0.4740487 0.7059644 0.445187 0.7128354 0.444926 0.711093 0.4740487 0.7128354 0.444926 0.7250495 0.4534471 0.7250495 0.4534471 0.7128354 0.444926 0.7197063 0.4446837 0.7250495 0.4534471 0.7197063 0.4446837 0.7228697 0.4449751 0.6995269 0.444527 0.699527 0.5063862 0.697608 0.4442505 0.164129 0.7889078 0.1658002 0.8510394 0.1626271 0.8510444 0.164129 0.7889078 0.1626271 0.8510444 0.162655 0.7889238 0.162655 0.7889238 0.1626271 0.8510444 0.1612232 0.7890871 0.1612232 0.7890871 0.1626271 0.8510444 0.1587748 0.8510438 0.1612232 0.7890871 0.1587748 0.8510438 0.1588065 0.7896849 0.7439752 0.9385116 0.7439752 0.9071878 0.745077 0.9078091 0.7439752 0.9385116 0.745077 0.9078091 0.7468873 0.9385101 0.7468873 0.9385101 0.745077 0.9078091 0.748031 0.9078089 0.7468873 0.9385101 0.748031 0.9078089 0.748031 0.9378879 0.7517828 0.9078136 0.7517828 0.9368777 0.748031 0.9078089 0.748031 0.9078089 0.7517828 0.9368777 0.7500078 0.9371324 0.748031 0.9078089 0.7500078 0.9371324 0.748031 0.9378879 0.7439752 0.9071878 0.7439752 0.9385116 0.7421515 0.9064332 0.7421515 0.9064332 0.7439752 0.9385116 0.7406209 0.9385184 0.7128505 0.4743066 0.711093 0.5063875 0.711093 0.4740487 0.2677724 0.6973878 0.2796406 0.6973487 0.2796425 0.7282043 0.2677724 0.6973878 0.2796425 0.7282043 0.2550792 0.6974015 0.2796432 0.7431424 0.2796434 0.758845 0.2677757 0.7589018 0.2550792 0.6974015 0.2796425 0.7282043 0.2550811 0.7282444 0.2550811 0.7282444 0.2796425 0.7282043 0.2796432 0.7431424 0.2550811 0.7282444 0.2796432 0.7431424 0.2550821 0.7431945 0.2550821 0.7431945 0.2796432 0.7431424 0.2677757 0.7589018 0.2550821 0.7431945 0.2677757 0.7589018 0.2550829 0.7589214 0.9395667 0.7902614 0.93599 0.7543253 0.9426088 0.7544127 0.697608 0.63027 0.7035467 0.6282289 0.7035467 0.6661834 0.9395667 0.7902614 0.94871 0.7544975 0.9497247 0.7708049 0.9395667 0.7902614 0.9497247 0.7708049 0.9503991 0.7904132 0.93599 0.7543253 0.9395667 0.7902614 0.9290454 0.7542369 0.9290454 0.7542369 0.9395667 0.7902614 0.9274135 0.790102 0.9290454 0.7542369 0.9274135 0.790102 0.9219672 0.7541499 0.9274135 0.790102 0.9228447 0.7900443 0.9219672 0.7541499 0.9219672 0.7541499 0.9228447 0.7900443 0.9136688 0.7899307 0.9219672 0.7541499 0.9136688 0.7899307 0.9081778 0.7539847 0.8960084 0.7897213 0.8961579 0.7538443 0.8997669 0.7897647 0.8997669 0.7897647 0.8961579 0.7538443 0.9081778 0.7539847 0.8997669 0.7897647 0.9081778 0.7539847 0.9085558 0.7898689 0.9085558 0.7898689 0.9081778 0.7539847 0.9136688 0.7899307 0.8959132 0.801584 0.8960084 0.7897213 0.8997669 0.7897647 0.895794 0.8142738 0.8959132 0.801584 0.899691 0.8016278 0.899691 0.8016278 0.8959132 0.801584 0.8997669 0.7897647 0.899691 0.8016278 0.8997669 0.7897647 0.9136541 0.8017948 0.8997669 0.7897647 0.9085558 0.7898689 0.9136541 0.8017948 0.9136541 0.8017948 0.9085558 0.7898689 0.9136688 0.7899307 0.9136541 0.8017948 0.9136688 0.7899307 0.9274503 0.8019672 0.9274503 0.8019672 0.9136688 0.7899307 0.9228447 0.7900443 0.9228447 0.7900443 0.9274135 0.790102 0.9274503 0.8019672 0.9274503 0.8019672 0.9274135 0.790102 0.9395667 0.7902614 0.9274503 0.8019672 0.9395667 0.7902614 0.9396445 0.8021274 0.9396445 0.8021274 0.9395667 0.7902614 0.9503991 0.7904132 0.9396445 0.8021274 0.9503991 0.7904132 0.9505107 0.80228 0.895794 0.8142738 0.899691 0.8016278 0.8995782 0.8143175 0.8995782 0.8143175 0.899691 0.8016278 0.9136541 0.8017948 0.8995782 0.8143175 0.9136541 0.8017948 0.9135617 0.8144849 0.9135617 0.8144849 0.9136541 0.8017948 0.9274503 0.8019672 0.9135617 0.8144849 0.9274503 0.8019672 0.927375 0.8146576 0.927375 0.8146576 0.9274503 0.8019672 0.9396445 0.8021274 0.927375 0.8146576 0.9396445 0.8021274 0.939583 0.8148184 0.939583 0.8148184 0.9396445 0.8021274 0.9505107 0.80228 0.939583 0.8148184 0.9505107 0.80228 0.9504604 0.8149714 0.3583255 0.8615521 0.3420272 0.8603935 0.3583154 0.8543573 0.3583154 0.8543573 0.3420272 0.8603935 0.3420159 0.8532815 0.3583154 0.8543573 0.3420159 0.8532815 0.3583056 0.8463926 0.3583056 0.8463926 0.3420159 0.8532815 0.3420058 0.8454092 0.3583056 0.8463926 0.3420058 0.8454092 0.3582966 0.8377518 0.3582966 0.8377518 0.3420058 0.8454092 0.3419969 0.8368686 0.3582966 0.8377518 0.3419969 0.8368686 0.3582885 0.8285284 0.3582885 0.8285284 0.3419969 0.8368686 0.3419886 0.8277518 0.3582885 0.8285284 0.3419886 0.8277518 0.3582811 0.8188163 0.3582811 0.8188163 0.3419886 0.8277518 0.3419811 0.8181508 0.3582811 0.8188163 0.3419811 0.8181508 0.3582742 0.808709 0.3582742 0.808709 0.3419811 0.8181508 0.3419744 0.8081576 0.3582742 0.808709 0.3419744 0.8081576 0.358268 0.7983006 0.358268 0.7983006 0.3419744 0.8081576 0.3419681 0.7978644 0.358268 0.7983006 0.3419681 0.7978644 0.3582627 0.7876844 0.3582627 0.7876844 0.3419681 0.7978644 0.3419624 0.7873631 0.3779276 0.862407 0.3583255 0.8615521 0.3779194 0.8564181 0.3779194 0.8564181 0.3583255 0.8615521 0.3583154 0.8543573 0.3779194 0.8564181 0.3583154 0.8543573 0.3779115 0.8498789 0.3779115 0.8498789 0.3583154 0.8543573 0.3583056 0.8463926 0.3779115 0.8498789 0.3583056 0.8463926 0.3778969 0.835446 0.3778969 0.835446 0.3583056 0.8463926 0.3582966 0.8377518 0.3778969 0.835446 0.3582966 0.8377518 0.3778914 0.8291009 0.3778914 0.8291009 0.3582966 0.8377518 0.3582885 0.8285284 0.3778914 0.8291009 0.3582885 0.8285284 0.3778844 0.8199824 0.3778844 0.8199824 0.3582885 0.8285284 0.3582811 0.8188163 0.3778844 0.8199824 0.3582811 0.8188163 0.3778742 0.8041964 0.3778742 0.8041964 0.3582811 0.8188163 0.3582742 0.808709 0.3778742 0.8041964 0.3582742 0.808709 0.3778699 0.7961124 0.3778699 0.7961124 0.3582742 0.808709 0.358268 0.7983006 0.3778699 0.7961124 0.358268 0.7983006 0.3778661 0.7879204 0.3778661 0.7879204 0.358268 0.7983006 0.3582627 0.7876844 0.3582562 0.5809841 0.3419442 0.5813837 0.3582565 0.5564892 0.3582565 0.5564892 0.3419442 0.5813837 0.3419448 0.5568878 0.3582565 0.5564892 0.3419448 0.5568878 0.358259 0.5314621 0.358259 0.5314621 0.3419448 0.5568878 0.3419486 0.5319649 0.3778681 0.5806871 0.3582562 0.5809841 0.3778684 0.556193 0.3778684 0.556193 0.3582562 0.5809841 0.3582565 0.5564892 0.3778684 0.556193 0.3582565 0.5564892 0.3778697 0.531089 0.3778697 0.531089 0.3582565 0.5564892 0.358259 0.5314621 0.4024308 0.5309537 0.3897376 0.5309888 0.3897396 0.5141393 0.3778757 0.4972191 0.3897396 0.5141393 0.3778718 0.5142615 0.3778718 0.5142615 0.3897396 0.5141393 0.3897376 0.5309888 0.3778718 0.5142615 0.3897376 0.5309888 0.3778697 0.531089 0.37788 0.483834 0.3897476 0.4821539 0.3778757 0.4972191 0.3778757 0.4972191 0.3897476 0.4821539 0.3897429 0.4970709 0.3778757 0.4972191 0.3897429 0.4970709 0.3897396 0.5141393 0.37788 0.483834 0.3778806 0.4823274 0.3897476 0.4821539 0.3897476 0.4821539 0.3778806 0.4823274 0.3778877 0.4684557 0.3897476 0.4821539 0.3778877 0.4684557 0.3897544 0.4682564 0.4024308 0.5309537 0.3897396 0.5141393 0.4024325 0.5140969 0.4024325 0.5140969 0.3897396 0.5141393 0.3897429 0.4970709 0.4024325 0.5140969 0.3897429 0.4970709 0.4024356 0.4970197 0.4024356 0.4970197 0.3897429 0.4970709 0.3897476 0.4821539 0.4024356 0.4970197 0.3897476 0.4821539 0.4024403 0.4820942 0.4024403 0.4820942 0.3897476 0.4821539 0.3897544 0.4682564 0.4024403 0.4820942 0.3897544 0.4682564 0.4024466 0.4681881 0.389793 0.8626318 0.3779276 0.862407 0.3779194 0.8564181 0.4024845 0.8627049 0.389793 0.8626318 0.389785 0.8566296 0.389793 0.8626318 0.3779194 0.8564181 0.389785 0.8566296 0.389785 0.8566296 0.3779194 0.8564181 0.3779115 0.8498789 0.389785 0.8566296 0.3779115 0.8498789 0.3897773 0.8500757 0.3897773 0.8500757 0.3779115 0.8498789 0.3778969 0.835446 0.3897773 0.8500757 0.3778969 0.835446 0.3897628 0.8356103 0.3897628 0.8356103 0.3778969 0.835446 0.3778914 0.8291009 0.3897628 0.8356103 0.3778914 0.8291009 0.3897504 0.8201124 0.3778914 0.8291009 0.3778844 0.8199824 0.3897504 0.8201124 0.3897504 0.8201124 0.3778844 0.8199824 0.3778742 0.8041964 0.3897504 0.8201124 0.3778742 0.8041964 0.3897403 0.8042919 0.3897403 0.8042919 0.3778742 0.8041964 0.3778699 0.7961124 0.3897403 0.8042919 0.3778699 0.7961124 0.3897359 0.7961906 0.3897359 0.7961906 0.3778699 0.7961124 0.3778661 0.7879204 0.3897359 0.7961906 0.3778661 0.7879204 0.3897323 0.7879815 0.4024845 0.8627049 0.389785 0.8566296 0.4024764 0.8566983 0.4024764 0.8566983 0.389785 0.8566296 0.3897773 0.8500757 0.4024764 0.8566983 0.3897773 0.8500757 0.4024688 0.8501396 0.4024688 0.8501396 0.3897773 0.8500757 0.3897628 0.8356103 0.4024688 0.8501396 0.3897628 0.8356103 0.4024544 0.8356633 0.4024544 0.8356633 0.3897628 0.8356103 0.3897504 0.8201124 0.4024544 0.8356633 0.3897504 0.8201124 0.4024422 0.8201539 0.4024422 0.8201539 0.3897504 0.8201124 0.3897403 0.8042919 0.4024422 0.8201539 0.3897403 0.8042919 0.4024322 0.804322 0.4024322 0.804322 0.3897403 0.8042919 0.3897359 0.7961906 0.4024322 0.804322 0.3897359 0.7961906 0.4024279 0.7962149 0.4024279 0.7962149 0.3897359 0.7961906 0.3897323 0.7879815 0.4024279 0.7962149 0.3897323 0.7879815 0.4024242 0.788 0.3419421 0.7351229 0.3419396 0.724686 0.358246 0.7244077 0.3419449 0.7449836 0.358249 0.7448793 0.3419478 0.7534974 0.3419478 0.7534974 0.358249 0.7448793 0.3582515 0.7554689 0.3582627 0.7876844 0.3419624 0.7873631 0.3582583 0.7769522 0.3582583 0.7769522 0.3419624 0.7873631 0.3419575 0.7767437 0.3582583 0.7769522 0.3419575 0.7767437 0.3582546 0.7661868 0.3582546 0.7661868 0.3419575 0.7767437 0.3419528 0.7660877 0.3582546 0.7661868 0.3419528 0.7660877 0.3582515 0.7554689 0.3582515 0.7554689 0.3419528 0.7660877 0.3419488 0.7554745 0.3582515 0.7554689 0.3419488 0.7554745 0.3419478 0.7534974 0.3778542 0.7051114 0.358246 0.7244077 0.3582448 0.7054178 0.3582448 0.7054178 0.358246 0.7244077 0.3419396 0.724686 0.3582448 0.7054178 0.3419396 0.724686 0.3419364 0.7058303 0.3778542 0.7051114 0.3778538 0.7269147 0.358246 0.7244077 0.358246 0.7244077 0.3778538 0.7269147 0.358249 0.7448793 0.358246 0.7244077 0.358249 0.7448793 0.3419421 0.7351229 0.3419421 0.7351229 0.358249 0.7448793 0.3419449 0.7449836 0.3778661 0.7879204 0.3582627 0.7876844 0.3778633 0.7804948 0.3778633 0.7804948 0.3582627 0.7876844 0.3582583 0.7769522 0.3778633 0.7804948 0.3582583 0.7769522 0.3778586 0.7643314 0.3778586 0.7643314 0.3582583 0.7769522 0.3582546 0.7661868 0.3778586 0.7643314 0.3582546 0.7661868 0.3778565 0.7554633 0.3778565 0.7554633 0.3582546 0.7661868 0.3582515 0.7554689 0.3778565 0.7554633 0.3582515 0.7554689 0.3778554 0.7464044 0.3778554 0.7464044 0.3582515 0.7554689 0.358249 0.7448793 0.3778554 0.7464044 0.358249 0.7448793 0.377855 0.7448007 0.377855 0.7448007 0.358249 0.7448793 0.3778538 0.7269147 0.3582525 0.6423835 0.3419412 0.6429242 0.3419429 0.6271206 0.3778639 0.6419823 0.3582525 0.6423835 0.3582543 0.6266117 0.3582525 0.6423835 0.3419429 0.6271206 0.3582543 0.6266117 0.3582543 0.6266117 0.3419429 0.6271206 0.3419438 0.6111406 0.3582543 0.6266117 0.3419438 0.6111406 0.3582553 0.6106718 0.3582553 0.6106718 0.3419438 0.6111406 0.3419442 0.5813837 0.3582553 0.6106718 0.3419442 0.5813837 0.3582562 0.5809841 0.3778639 0.6419823 0.3582543 0.6266117 0.3778657 0.6262339 0.3778657 0.6262339 0.3582543 0.6266117 0.3582553 0.6106718 0.3778657 0.6262339 0.3582553 0.6106718 0.3778669 0.6103237 0.3778669 0.6103237 0.3582553 0.6106718 0.3582562 0.5809841 0.3778669 0.6103237 0.3582562 0.5809841 0.3778681 0.5806871 0.4024301 0.5805786 0.3778681 0.5806871 0.3778684 0.556193 0.3778684 0.556193 0.3778697 0.531089 0.3897376 0.5309888 0.4024301 0.5805786 0.3778684 0.556193 0.4024301 0.5560848 0.4024301 0.5560848 0.3778684 0.556193 0.3897376 0.5309888 0.4024301 0.5560848 0.3897376 0.5309888 0.4024308 0.5309537 0.3778542 0.7051114 0.3897219 0.7050289 0.389721 0.7268627 0.3897323 0.7879815 0.3778661 0.7879204 0.3778633 0.7804948 0.4024242 0.788 0.3897323 0.7879815 0.3897295 0.7805406 0.3897323 0.7879815 0.3778633 0.7804948 0.3897295 0.7805406 0.3897295 0.7805406 0.3778633 0.7804948 0.3778586 0.7643314 0.3897295 0.7805406 0.3778586 0.7643314 0.389725 0.7643453 0.389725 0.7643453 0.3778586 0.7643314 0.3778565 0.7554633 0.389725 0.7643453 0.3778565 0.7554633 0.3897221 0.7463851 0.3778565 0.7554633 0.3778554 0.7464044 0.3897221 0.7463851 0.3897221 0.7463851 0.3778554 0.7464044 0.377855 0.7448007 0.3897221 0.7463851 0.377855 0.7448007 0.389721 0.7268627 0.389721 0.7268627 0.377855 0.7448007 0.3778538 0.7269147 0.389721 0.7268627 0.3778538 0.7269147 0.3778542 0.7051114 0.4024242 0.788 0.3897295 0.7805406 0.4024215 0.7805541 0.4024215 0.7805541 0.3897295 0.7805406 0.389725 0.7643453 0.4024215 0.7805541 0.389725 0.7643453 0.4024171 0.7643481 0.4024171 0.7643481 0.389725 0.7643453 0.3897221 0.7463851 0.4024171 0.7643481 0.3897221 0.7463851 0.4024146 0.7463768 0.4024146 0.7463768 0.3897221 0.7463851 0.389721 0.7268627 0.4024146 0.7463768 0.389721 0.7268627 0.4024136 0.7268435 0.4024136 0.7268435 0.389721 0.7268627 0.3897219 0.7050289 0.4024136 0.7268435 0.3897219 0.7050289 0.402415 0.7049996 0.3582448 0.7054178 0.3419364 0.7058303 0.3582457 0.688324 0.3582457 0.688324 0.3419364 0.7058303 0.3419358 0.6888235 0.3582457 0.688324 0.3419358 0.6888235 0.3582476 0.6726153 0.3582476 0.6726153 0.3419358 0.6888235 0.341937 0.6731596 0.3582476 0.6726153 0.341937 0.6731596 0.3582525 0.6423835 0.3582525 0.6423835 0.341937 0.6731596 0.3419412 0.6429242 0.3778542 0.7051114 0.3582448 0.7054178 0.3778562 0.6879534 0.3778562 0.6879534 0.3582448 0.7054178 0.3582457 0.688324 0.3778562 0.6879534 0.3582457 0.688324 0.3778586 0.6722115 0.3778586 0.6722115 0.3582457 0.688324 0.3582476 0.6726153 0.3778586 0.6722115 0.3582476 0.6726153 0.3778639 0.6419823 0.3778639 0.6419823 0.3582476 0.6726153 0.3582525 0.6423835 0.4024256 0.641837 0.3778639 0.6419823 0.3778657 0.6262339 0.4024256 0.641837 0.3778657 0.6262339 0.4024275 0.626097 0.4024275 0.626097 0.3778657 0.6262339 0.3778669 0.6103237 0.4024275 0.626097 0.3778669 0.6103237 0.4024288 0.6101973 0.4024288 0.6101973 0.3778669 0.6103237 0.3778681 0.5806871 0.4024288 0.6101973 0.3778681 0.5806871 0.4024301 0.5805786 0.3897219 0.7050289 0.3778542 0.7051114 0.3778562 0.6879534 0.3897219 0.7050289 0.3778562 0.6879534 0.402415 0.7049996 0.402415 0.7049996 0.3778562 0.6879534 0.4024171 0.6878188 0.4024171 0.6878188 0.3778562 0.6879534 0.3778586 0.6722115 0.4024171 0.6878188 0.3778586 0.6722115 0.40242 0.6720653 0.40242 0.6720653 0.3778586 0.6722115 0.3778639 0.6419823 0.40242 0.6720653 0.3778639 0.6419823 0.4024256 0.641837 0.4781868 0.9721901 0.4781678 0.9547517 0.544483 0.9547581 0.5444815 0.9525974 0.550202 0.952598 0.5502026 0.9533663 0.5444815 0.9525974 0.5502026 0.9533663 0.544483 0.9547581 0.891317 0.5525944 0.8970361 0.5503962 0.8913196 0.5579617 0.8913196 0.5579617 0.8970361 0.5503962 0.8970391 0.555756 0.8913196 0.5579617 0.8970391 0.555756 0.8913218 0.5634531 0.8913218 0.5634531 0.8970391 0.555756 0.9633547 0.5557597 0.8913218 0.5634531 0.9633547 0.5557597 0.9633597 0.5685383 0.891317 0.5525944 0.8913156 0.5503959 0.8970361 0.5503962 0.8970361 0.5503962 0.8913156 0.5503959 0.8913137 0.5472525 0.8970361 0.5503962 0.8913137 0.5472525 0.8970299 0.5413961 0.8970299 0.5413961 0.8913137 0.5472525 0.891309 0.5409277 0.8970299 0.5413961 0.891309 0.5409277 0.897024 0.5352153 0.891309 0.5409277 0.8913035 0.5352149 0.897024 0.5352153 0.897024 0.5352153 0.8913035 0.5352149 0.8913014 0.5331535 0.897024 0.5352153 0.8913014 0.5331535 0.8970161 0.5285504 0.4818632 0.5784823 0.476126 0.5830161 0.4761517 0.57562 0.4818632 0.5784823 0.4761517 0.57562 0.4818809 0.5723424 0.4761517 0.57562 0.4761571 0.5735889 0.4818809 0.5723424 0.4818809 0.5723424 0.4761571 0.5735889 0.4761604 0.5723456 0.4818809 0.5723424 0.4761604 0.5723456 0.4818977 0.56436 0.4818977 0.56436 0.4761604 0.5723456 0.4761893 0.556316 0.4818977 0.56436 0.4761893 0.556316 0.4819097 0.5563127 0.4819097 0.5563127 0.4761893 0.556316 0.4819186 0.5471794 0.4819186 0.5471794 0.4761893 0.556316 0.4762034 0.537603 0.4819186 0.5471794 0.4762034 0.537603 0.4819239 0.5375997 0.4761858 0.4969252 0.4819063 0.496922 0.4761931 0.5038197 0.4761931 0.5038197 0.4819063 0.496922 0.481917 0.507906 0.4761931 0.5038197 0.481917 0.507906 0.4762023 0.5173826 0.4762023 0.5173826 0.481917 0.507906 0.4819228 0.5173793 0.4762023 0.5173826 0.4819228 0.5173793 0.4762034 0.537603 0.4762034 0.537603 0.4819228 0.5173793 0.4819253 0.5279756 0.4762034 0.537603 0.4819253 0.5279756 0.4819239 0.5375997 0.476159 0.4796136 0.4818752 0.4775131 0.4761679 0.4845579 0.4761679 0.4845579 0.4818752 0.4775131 0.4818943 0.48818 0.4761679 0.4845579 0.4818943 0.48818 0.4761766 0.4900335 0.4761766 0.4900335 0.4818943 0.48818 0.4819063 0.496922 0.4761766 0.4900335 0.4819063 0.496922 0.4761849 0.4962882 0.4761849 0.4962882 0.4819063 0.496922 0.4761858 0.4969252 0.476159 0.4796136 0.4761547 0.4775163 0.4818752 0.4775131 0.4818752 0.4775131 0.4761547 0.4775163 0.4761493 0.4748751 0.4818752 0.4775131 0.4761493 0.4748751 0.4818585 0.4699865 0.4818585 0.4699865 0.4761493 0.4748751 0.476126 0.4653666 0.4818585 0.4699865 0.476126 0.4653666 0.481832 0.4603722 0.4855771 0.4656028 0.4912989 0.4603723 0.4912976 0.4656029 0.4855771 0.4656028 0.4912976 0.4656029 0.4855758 0.4727262 0.4855758 0.4727262 0.4912976 0.4656029 0.4912968 0.4706453 0.4855758 0.4727262 0.4912968 0.4706453 0.4855741 0.4841597 0.4855741 0.4841597 0.4912968 0.4706453 0.4912946 0.4841598 0.4855741 0.4841597 0.4912946 0.4841598 0.4855734 0.4916488 0.4855734 0.4916488 0.4912946 0.4841598 0.4912937 0.4962917 0.4855734 0.4916488 0.4912937 0.4962917 0.4855726 0.5043131 0.4912937 0.4962917 0.4912933 0.5032643 0.4855726 0.5043131 0.4855726 0.5043131 0.4912933 0.5032643 0.4912931 0.5043132 0.4855726 0.5043131 0.4912931 0.5043132 0.4855725 0.5116513 0.4912931 0.5043132 0.4912931 0.5102744 0.4855725 0.5116513 0.4855725 0.5116513 0.4912931 0.5102744 0.491293 0.5172629 0.4855725 0.5116513 0.491293 0.5172629 0.4855727 0.5247967 0.491293 0.5172629 0.4912931 0.5241903 0.4855727 0.5247967 0.4855727 0.5247967 0.4912931 0.5241903 0.4912932 0.5247968 0.4855727 0.5247967 0.4912932 0.5247968 0.485573 0.5315284 0.4912932 0.5247968 0.4912934 0.5310428 0.485573 0.5315284 0.485573 0.5315284 0.4912934 0.5310428 0.491294 0.5377834 0.485573 0.5315284 0.491294 0.5377834 0.4855742 0.5443235 0.4855742 0.5443235 0.491294 0.5377834 0.4912947 0.5443236 0.4855742 0.5443235 0.4912947 0.5443236 0.485575 0.550082 0.485575 0.550082 0.4912947 0.5443236 0.4912947 0.5443387 0.485575 0.550082 0.4912947 0.5443387 0.485577 0.5616664 0.485577 0.5616664 0.4912947 0.5443387 0.4912955 0.5506471 0.5502647 0.8886129 0.5445313 0.8935402 0.5502812 0.883351 0.5502812 0.883351 0.5445313 0.8935402 0.544565 0.8821516 0.4912989 0.5673618 0.4855782 0.5661941 0.4912976 0.5616666 0.4912976 0.5616666 0.4855782 0.5661941 0.485577 0.5616664 0.4912976 0.5616666 0.485577 0.5616664 0.4912964 0.5566297 0.4912964 0.5566297 0.485577 0.5616664 0.4912955 0.5506471 0.5502647 0.8886129 0.5502515 0.8935408 0.5445313 0.8935402 0.5445313 0.8935402 0.5502515 0.8935408 0.5502504 0.894101 0.5445313 0.8935402 0.5502504 0.894101 0.5445202 0.8983582 0.5445202 0.8983582 0.5502504 0.894101 0.5502376 0.8997418 0.5445202 0.8983582 0.5502376 0.8997418 0.5444968 0.9119937 0.5502376 0.8997418 0.5502186 0.9110326 0.5444968 0.9119937 0.5444968 0.9119937 0.5502186 0.9110326 0.5502172 0.9119942 0.5444968 0.9119937 0.5502172 0.9119942 0.5444906 0.9169723 0.5444906 0.9169723 0.5502172 0.9119942 0.5502067 0.9215425 0.5444906 0.9169723 0.5502067 0.9215425 0.54448 0.9321005 0.54448 0.9321005 0.5502067 0.9215425 0.5502011 0.9300926 0.54448 0.9321005 0.5502011 0.9300926 0.5502004 0.9321011 0.5501989 0.9373323 0.5444785 0.9368722 0.5501993 0.9359737 0.5501993 0.9359737 0.5444785 0.9368722 0.54448 0.9321005 0.5501993 0.9359737 0.54448 0.9321005 0.5501997 0.9338591 0.5501997 0.9338591 0.54448 0.9321005 0.5502004 0.9321011 0.5501989 0.9373323 0.5501987 0.9422666 0.5444785 0.9368722 0.5444785 0.9368722 0.5501987 0.9422666 0.5501988 0.9427061 0.5444785 0.9368722 0.5501988 0.9427061 0.5444815 0.9525974 0.5444815 0.9525974 0.5501988 0.9427061 0.5502002 0.9482497 0.5444815 0.9525974 0.5502002 0.9482497 0.550202 0.952598 0.9633607 0.6121369 0.8913249 0.6119373 0.9633613 0.6090139 0.9633613 0.6090139 0.8913249 0.6119373 0.8913255 0.6090099 0.9633613 0.6090139 0.8913255 0.6090099 0.963363 0.5927156 0.963363 0.5927156 0.8913255 0.6090099 0.8913269 0.5889829 0.963363 0.5927156 0.8913269 0.5889829 0.9633631 0.5884942 0.9633631 0.5884942 0.8913269 0.5889829 0.8913269 0.5884901 0.9633631 0.5884942 0.8913269 0.5884901 0.963361 0.5735626 0.963361 0.5735626 0.8913269 0.5884901 0.8913252 0.5753522 0.963361 0.5735626 0.8913252 0.5753522 0.9633597 0.5685383 0.9633597 0.5685383 0.8913252 0.5753522 0.8913235 0.5685342 0.9633597 0.5685383 0.8913235 0.5685342 0.8913218 0.5634531 0.891309 0.6463424 0.9633553 0.6288081 0.9633544 0.6307296 0.891309 0.6463424 0.9633544 0.6307296 0.8913088 0.6466289 0.891309 0.6463424 0.8913128 0.6406337 0.9633553 0.6288081 0.9633553 0.6288081 0.8913128 0.6406337 0.8913194 0.6288041 0.9633553 0.6288081 0.8913194 0.6288041 0.9633607 0.6121369 0.9633607 0.6121369 0.8913194 0.6288041 0.891323 0.6193411 0.9633607 0.6121369 0.891323 0.6193411 0.8913249 0.6119373 0.9633544 0.6307296 0.9633447 0.646633 0.8913088 0.6466289 0.8913088 0.6466289 0.9633447 0.646633 0.9633442 0.6474435 0.8913088 0.6466289 0.9633442 0.6474435 0.8913014 0.655283 0.8913014 0.655283 0.9633442 0.6474435 0.9633308 0.6613346 0.5502026 0.9533663 0.550207 0.9594516 0.544483 0.9547581 0.544483 0.9547581 0.550207 0.9594516 0.5502139 0.9661146 0.544483 0.9547581 0.5502139 0.9661146 0.4781868 0.9721901 0.4781868 0.9721901 0.5502139 0.9661146 0.5502222 0.9721971 0.4781868 0.9721901 0.5502222 0.9721971 0.4781882 0.9732128 0.4781882 0.9732128 0.5502222 0.9721971 0.5502243 0.9734072 0.5502243 0.9734072 0.5502384 0.9810754 0.4781882 0.9732128 0.4781882 0.9732128 0.5502384 0.9810754 0.5502573 0.9887697 0.4781882 0.9732128 0.5502573 0.9887697 0.4782242 0.9897021 0.4782242 0.9897021 0.5502573 0.9887697 0.5502598 0.9896668 0.4782242 0.9897021 0.5502598 0.9896668 0.5502812 0.9964321 0.8929404 0.6991276 0.8929394 0.6912559 0.9224141 0.6991276 0.9224141 0.6991276 0.8929394 0.6912559 0.9224128 0.6889336 0.8929394 0.6912559 0.8929393 0.6889336 0.9224128 0.6889336 0.9224128 0.6889336 0.8929393 0.6889336 0.8929392 0.6823577 0.9224128 0.6889336 0.8929392 0.6823577 0.9224131 0.6779497 0.8929392 0.6823577 0.8929394 0.6779497 0.9224131 0.6779497 0.9224131 0.6779497 0.8929394 0.6779497 0.89294 0.6737529 0.9224131 0.6779497 0.89294 0.6737529 0.9224145 0.6682385 0.4878863 0.7122094 0.4878863 0.6827358 0.49616 0.7122015 0.49616 0.7122015 0.4878863 0.6827358 0.4982211 0.6827247 0.49616 0.7122015 0.4982211 0.6827247 0.4982211 0.7121981 0.8929411 0.6682385 0.9224145 0.6682385 0.89294 0.6737529 0.6372845 0.9696664 0.6334729 0.9709248 0.6299721 0.9621519 0.6299721 0.9621519 0.6334729 0.9709248 0.6234037 0.9622297 0.6234037 0.9622297 0.6334729 0.9709248 0.6236791 0.971853 0.6234037 0.9622297 0.6236791 0.971853 0.6176764 0.9590131 0.6427071 0.9690051 0.6481162 0.9633029 0.6479665 0.9704815 0.6479665 0.9704815 0.6481162 0.9633029 0.6512561 0.9728131 0.6174637 0.941068 0.6359152 0.9263481 0.623113 0.9377163 0.623113 0.9377163 0.6359152 0.9263481 0.6296814 0.9376384 0.6345461 0.9222014 0.6359152 0.9263481 0.6345322 0.9222296 0.6345322 0.9222296 0.6359152 0.9263481 0.6331543 0.9240075 0.6236791 0.971853 0.6144524 0.9684399 0.6176764 0.9590131 0.6176764 0.9590131 0.6144524 0.9684399 0.6076203 0.9613615 0.6176764 0.9590131 0.6076203 0.9613615 0.6143248 0.9533636 0.6143248 0.9533636 0.6076203 0.9613615 0.604536 0.9520198 0.6143248 0.9533636 0.604536 0.9520198 0.6142469 0.9467952 0.6142469 0.9467952 0.604536 0.9520198 0.6058104 0.9422649 0.6142469 0.9467952 0.6058104 0.9422649 0.6174637 0.941068 0.6296814 0.9376384 0.6359152 0.9263481 0.6354088 0.9408552 0.6354088 0.9408552 0.6359152 0.9263481 0.6450136 0.9325281 0.6354088 0.9408552 0.6450136 0.9325281 0.6387604 0.9465045 0.6387604 0.9465045 0.6450136 0.9325281 0.650643 0.9419771 0.6387604 0.9465045 0.650643 0.9419771 0.6388383 0.9530729 0.6388383 0.9530729 0.650643 0.9419771 0.6517463 0.9529204 0.6388383 0.9530729 0.6517463 0.9529204 0.6356216 0.9588003 0.6356216 0.9588003 0.6517463 0.9529204 0.6481162 0.9633029 0.6356216 0.9588003 0.6481162 0.9633029 0.6299721 0.9621519 0.6299721 0.9621519 0.6481162 0.9633029 0.6427071 0.9690051 0.6299721 0.9621519 0.6427071 0.9690051 0.6372845 0.9696664 0.6058104 0.9422649 0.611191 0.9340291 0.6174637 0.941068 0.6174637 0.941068 0.611191 0.9340291 0.6196123 0.9289434 0.6174637 0.941068 0.6196123 0.9289434 0.6359152 0.9263481 0.6359152 0.9263481 0.6196123 0.9289434 0.6311982 0.9251182 0.6359152 0.9263481 0.6311982 0.9251182 0.6331543 0.9240075 0.5559549 0.9446867 0.5559549 0.9635168 0.5511611 0.9446856 0.5511611 0.9446856 0.5559549 0.9635168 0.5511611 0.9635161 0.5485281 0.8599556 0.5485282 0.8787859 0.5428932 0.8599585 0.5428932 0.8599585 0.5485282 0.8787859 0.5428932 0.8787889 0.5428932 0.8599585 0.5428932 0.8787889 0.5375183 0.8599528 0.5375183 0.8599528 0.5428932 0.8787889 0.5375183 0.8787828 0.5375183 0.8599528 0.5375183 0.8787828 0.5338438 0.8599396 0.5338438 0.8599396 0.5375183 0.8787828 0.5338438 0.8787699 0.8955513 0.410209 0.8955513 0.4290394 0.8905813 0.4102118 0.8905813 0.4102118 0.8955513 0.4290394 0.8905812 0.429042 0.8905813 0.4102118 0.8905812 0.429042 0.8848601 0.4102116 0.8848601 0.4102116 0.8905812 0.429042 0.8848601 0.4290421 0.8848601 0.4102116 0.8848601 0.4290421 0.8799208 0.4102091 0.8799208 0.4102091 0.8848601 0.4290421 0.8799208 0.4290392 0.4917566 0.7335479 0.4917566 0.7523779 0.4867945 0.7335582 0.4867945 0.7335582 0.4917566 0.7523779 0.4867945 0.7523883 0.4867945 0.7335582 0.4867945 0.7523883 0.4810733 0.7335581 0.4810733 0.7335581 0.4867945 0.7523883 0.4810733 0.7523882 0.4810733 0.7335581 0.4810733 0.7523882 0.476126 0.7335476 0.476126 0.7335476 0.4810733 0.7523882 0.476126 0.7523779 0.5667692 0.9446858 0.5667692 0.9635162 0.5616679 0.9446867 0.5616679 0.9446867 0.5667692 0.9635162 0.5616679 0.9635171 0.5616679 0.9446867 0.5616679 0.9635171 0.5559549 0.9446867 0.5559549 0.9446867 0.5616679 0.9635171 0.5559549 0.9635168 0.2248071 0.9722332 0.2248086 0.9744419 0.2043514 0.974442 0.2469051 0.9622222 0.2264475 0.9653035 0.2264488 0.9578464 0.8343077 0.419032 0.8540292 0.4121303 0.8347478 0.4223725 0.8347478 0.4223725 0.8540292 0.4121303 0.8551767 0.4208204 0.8343077 0.419032 0.8338828 0.4158232 0.8540292 0.4121303 0.8540292 0.4121303 0.8338828 0.4158232 0.8337467 0.4147979 0.8540292 0.4121303 0.8337467 0.4147979 0.8331338 0.4102091 0.8355968 0.4288614 0.8351815 0.4256802 0.8551767 0.4208204 0.8551767 0.4208204 0.8351815 0.4256802 0.8348944 0.423488 0.8551767 0.4208204 0.8348944 0.423488 0.8347478 0.4223725 0.8569832 0.4347808 0.8363015 0.434306 0.856258 0.4291111 0.856258 0.4291111 0.8363015 0.434306 0.8359749 0.4317731 0.856258 0.4291111 0.8359749 0.4317731 0.8551767 0.4208204 0.8551767 0.4208204 0.8359749 0.4317731 0.8355968 0.4288614 0.9616141 0.9592202 0.9616121 0.9564648 0.9820687 0.9556514 0.9820687 0.9556514 0.9616121 0.9564648 0.9616116 0.9556514 0.9820687 0.9556514 0.9616116 0.9556514 0.9616074 0.9523589 0.9616141 0.9592202 0.9820687 0.9556514 0.9616152 0.9622904 0.9616152 0.9622904 0.9820687 0.9556514 0.9820728 0.9633826 0.9616152 0.9622904 0.9820728 0.9633826 0.9616158 0.9633826 0.9616155 0.9722821 0.9616157 0.9722646 0.9820728 0.9722822 0.9820728 0.9722822 0.9616157 0.9722646 0.9616162 0.9689508 0.9820728 0.9722822 0.9616162 0.9689508 0.9820728 0.9633826 0.9820728 0.9633826 0.9616162 0.9689508 0.9616161 0.9655777 0.9820728 0.9633826 0.9616161 0.9655777 0.9616158 0.9633826 0.9616155 0.9722821 0.9820728 0.9722822 0.9616144 0.9754257 0.9616144 0.9754257 0.9820728 0.9722822 0.9820687 0.9799655 0.9616144 0.9754257 0.9820687 0.9799655 0.9616113 0.9799655 0.2248086 0.9744419 0.2248097 0.9755168 0.2043514 0.974442 0.2043514 0.974442 0.2248097 0.9755168 0.2248149 0.9785864 0.2043514 0.974442 0.2248149 0.9785864 0.2043675 0.9821608 0.2043675 0.9821608 0.2248149 0.9785864 0.2248219 0.9813376 0.2043675 0.9821608 0.2248219 0.9813376 0.2248248 0.9821608 0.2248071 0.9722332 0.2043514 0.974442 0.2248066 0.9688587 0.2248066 0.9688587 0.2043514 0.974442 0.2043514 0.9655423 0.2248066 0.9688587 0.2043514 0.9655423 0.2248086 0.9655423 0.2043679 0.9578464 0.2248129 0.9623856 0.2043514 0.9655423 0.2043514 0.9655423 0.2248129 0.9623856 0.2248086 0.9655423 0.2469053 0.9784213 0.2469061 0.9812632 0.2264491 0.9821257 0.2264491 0.9821257 0.2469061 0.9812632 0.2469062 0.9821252 0.2043679 0.9578464 0.2248249 0.9578464 0.2248129 0.9623856 0.2469053 0.9784213 0.2264491 0.9821257 0.246905 0.9752869 0.246905 0.9752869 0.2264491 0.9821257 0.2264475 0.9741903 0.246905 0.9752869 0.2264475 0.9741903 0.2469049 0.9741899 0.2469051 0.9622222 0.2469049 0.9653031 0.2264475 0.9653035 0.2264475 0.9653035 0.2469049 0.9653031 0.2469047 0.968602 0.2264475 0.9653035 0.2469047 0.968602 0.2264475 0.9741903 0.2264475 0.9741903 0.2469047 0.968602 0.2469048 0.9719604 0.2264475 0.9741903 0.2469048 0.9719604 0.2469049 0.9741899 0.977086 0.7132036 0.9786753 0.7072725 0.9820408 0.7160642 0.9820408 0.7160642 0.9786753 0.7072725 0.9863826 0.7117224 0.9820408 0.7160642 0.9863826 0.7117224 0.9849014 0.721019 0.9849014 0.721019 0.9863826 0.7117224 0.9908325 0.7194297 0.9849014 0.721019 0.9908325 0.7194297 0.9849014 0.7267403 0.9849014 0.7267403 0.9908325 0.7194297 0.9908325 0.7283294 0.9849014 0.7267403 0.9908325 0.7283294 0.9820408 0.7316949 0.9820408 0.7316949 0.9908325 0.7283294 0.9863827 0.7360368 0.9820408 0.7316949 0.9863827 0.7360368 0.977086 0.7345556 0.977086 0.7345556 0.9863827 0.7360368 0.9786753 0.7404867 0.977086 0.7345556 0.9786753 0.7404867 0.9713648 0.7345556 0.9713648 0.7345556 0.9786753 0.7404867 0.9697756 0.7404867 0.9713648 0.7345556 0.9697756 0.7404867 0.9664101 0.731695 0.9664101 0.731695 0.9697756 0.7404867 0.9620682 0.7360368 0.9664101 0.731695 0.9620682 0.7360368 0.9635494 0.7267403 0.9635494 0.7267403 0.9620682 0.7360368 0.9576184 0.7283295 0.9635494 0.7267403 0.9576184 0.7283295 0.9635494 0.721019 0.9635494 0.721019 0.9576184 0.7283295 0.9576184 0.7194297 0.9635494 0.721019 0.9576184 0.7194297 0.9664101 0.7160643 0.9664101 0.7160643 0.9576184 0.7194297 0.9620682 0.7117224 0.9664101 0.7160643 0.9620682 0.7117224 0.9713648 0.7132036 0.9713648 0.7132036 0.9620682 0.7117224 0.9697756 0.7072726 0.9713648 0.7132036 0.9697756 0.7072726 0.977086 0.7132036 0.977086 0.7132036 0.9697756 0.7072726 0.9786753 0.7072725 0.503143 0.5167455 0.500879 0.5363923 0.4926509 0.5274772 0.4926509 0.5274772 0.500879 0.5363923 0.492691 0.5461379 0.5268461 0.4615106 0.5338439 0.4685105 0.5205501 0.4815179 0.492691 0.5461379 0.500879 0.5363923 0.4940668 0.5550201 0.4940668 0.5550201 0.500879 0.5363923 0.5031431 0.5560392 0.4940668 0.5550201 0.5031431 0.5560392 0.4962779 0.5636997 0.4962779 0.5636997 0.5031431 0.5560392 0.5098168 0.574656 0.4962779 0.5636997 0.5098168 0.574656 0.5029596 0.5801782 0.507751 0.4836275 0.5205501 0.4815179 0.5031079 0.4917917 0.5031079 0.4917917 0.5205501 0.4815179 0.5098167 0.4981287 0.5031079 0.4917917 0.5098167 0.4981287 0.4962281 0.5091074 0.4962281 0.5091074 0.5098167 0.4981287 0.503143 0.5167455 0.4962281 0.5091074 0.503143 0.5167455 0.4939999 0.5182363 0.4939999 0.5182363 0.503143 0.5167455 0.4926509 0.5274772 0.507751 0.4836275 0.5131629 0.4759181 0.5205501 0.4815179 0.5205501 0.4815179 0.5131629 0.4759181 0.519959 0.4680603 0.5205501 0.4815179 0.519959 0.4680603 0.5268461 0.4615106 0.5029596 0.5801782 0.5098168 0.574656 0.5073987 0.5879665 0.5073987 0.5879665 0.5098168 0.574656 0.5205501 0.5912668 0.5073987 0.5879665 0.5205501 0.5912668 0.5124896 0.59528 0.5124896 0.59528 0.5205501 0.5912668 0.5246581 0.6082822 0.5246581 0.6082822 0.5205501 0.5912668 0.5338439 0.6042741 0.5246581 0.6082822 0.5338439 0.6042741 0.5274911 0.610627 0.9504561 0.2413473 0.9668304 0.2413467 0.9668374 0.249947 0.9264569 0.0215696 0.9788541 0.02040344 0.9788523 0.02979308 0.9264569 0.0215696 0.9788523 0.02979308 0.9264498 0.04015898 0.9077903 0.009704113 0.9788525 0.009724497 0.908361 0.01906186 0.908361 0.01906186 0.9788525 0.009724497 0.9788541 0.02040344 0.908361 0.01906186 0.9788541 0.02040344 0.908448 0.02077835 0.908448 0.02077835 0.9788541 0.02040344 0.9264569 0.0215696 0.908448 0.02077835 0.9264569 0.0215696 0.9097355 0.02156472 0.9788523 0.02979308 0.9788471 0.04017406 0.9264498 0.04015898 0.9264498 0.04015898 0.9788471 0.04017406 0.9788385 0.04977196 0.9264498 0.04015898 0.9788385 0.04977196 0.9264295 0.05929911 0.9788385 0.04977196 0.9788265 0.05931419 0.9264295 0.05929911 0.9264295 0.05929911 0.9788265 0.05931419 0.9788115 0.06857198 0.9264295 0.05929911 0.9788115 0.06857198 0.926397 0.07680511 0.9788115 0.06857198 0.9787943 0.07682013 0.926397 0.07680511 0.926397 0.07680511 0.9787943 0.07682013 0.9787726 0.08516854 0.926397 0.07680511 0.9787726 0.08516854 0.9263543 0.09175926 0.9787515 0.09177434 0.9787242 0.09865713 0.9623503 0.09865236 0.9787726 0.08516854 0.9787515 0.09177434 0.9263543 0.09175926 0.9263543 0.09175926 0.9787515 0.09177434 0.9623503 0.09865236 0.9263543 0.09175926 0.9623503 0.09865236 0.9263036 0.1033776 0.9144269 0.2353827 0.9504434 0.2299401 0.9504501 0.2353811 0.9144269 0.2353827 0.9504501 0.2353811 0.9144399 0.2499493 0.9144399 0.2499493 0.9504501 0.2353811 0.9504561 0.2413473 0.9504561 0.2413473 0.9668374 0.249947 0.9144399 0.2499493 0.9144399 0.2499493 0.9668374 0.249947 0.9668421 0.257171 0.9144399 0.2499493 0.9668421 0.257171 0.9144499 0.2671767 0.9668533 0.2861595 0.9144557 0.2849949 0.9668504 0.2752762 0.9668504 0.2752762 0.9144557 0.2849949 0.9144499 0.2671767 0.9668504 0.2752762 0.9144499 0.2671767 0.9668472 0.2671743 0.9668472 0.2671743 0.9144499 0.2671767 0.9668421 0.257171 0.9668549 0.2969022 0.8980039 0.2969053 0.9668546 0.2947136 0.9668546 0.2947136 0.8980039 0.2969053 0.8979283 0.2951817 0.9668546 0.2947136 0.8979283 0.2951817 0.9668533 0.2861595 0.9668533 0.2861595 0.8979283 0.2951817 0.8976386 0.2858141 0.9668533 0.2861595 0.8976386 0.2858141 0.9144557 0.2849949 0.9144557 0.2849949 0.8976386 0.2858141 0.8987713 0.2849956 0.206929 0.8276576 0.2069477 0.8616339 0.2042225 0.8276632 0.2042225 0.8276632 0.2069477 0.8616339 0.2042412 0.8616394 0.2042225 0.8276632 0.2042412 0.8616394 0.2012985 0.827664 0.2012985 0.827664 0.2042412 0.8616394 0.2013172 0.8616403 0.2012985 0.827664 0.2013172 0.8616403 0.198825 0.8276595 0.198825 0.8276595 0.2013172 0.8616403 0.1988436 0.8616358 0.5338439 0.7566277 0.4998673 0.7566267 0.5338436 0.7540096 0.5338436 0.7540096 0.4998673 0.7566267 0.499867 0.7540085 0.5338436 0.7540096 0.499867 0.7540085 0.5338435 0.751075 0.5338435 0.751075 0.499867 0.7540085 0.4998672 0.751074 0.5338435 0.751075 0.4998672 0.751074 0.4998671 0.7495678 0.5338435 0.751075 0.4998671 0.7495678 0.5338436 0.7495688 0.5338436 0.7495688 0.4998671 0.7495678 0.4998672 0.7481259 0.5338436 0.7495688 0.4998672 0.7481259 0.5338435 0.7481268 0.5338435 0.7481268 0.4998672 0.7481259 0.4998667 0.7469444 0.5338435 0.7481268 0.4998667 0.7469444 0.5338433 0.7469455 0.2069477 0.8616339 0.206929 0.8276576 0.2082868 0.8276546 0.2069477 0.8616339 0.2082868 0.8276546 0.2083055 0.8616306 0.2083055 0.8616306 0.2082868 0.8276546 0.2097917 0.8276533 0.2083055 0.8616306 0.2097917 0.8276533 0.2098104 0.8616293 0.2098104 0.8616293 0.2097917 0.8276533 0.211239 0.827654 0.2098104 0.8616293 0.211239 0.827654 0.2112577 0.8616303 0.1749514 0.7007928 0.1749514 0.6717286 0.1766973 0.6717298 0.2302929 0.8616466 0.2303099 0.8923481 0.2292309 0.8617927 0.2292309 0.8617927 0.2303099 0.8923481 0.2282438 0.892349 0.2292309 0.8617927 0.2282438 0.892349 0.2282272 0.8621892 0.2282272 0.8621892 0.2282438 0.892349 0.2267558 0.8632884 0.2267558 0.8632884 0.2282438 0.892349 0.2264136 0.8632898 0.2264136 0.8632898 0.2282438 0.892349 0.2264295 0.8923536 0.1766973 0.6717298 0.1766972 0.7007938 0.1749514 0.7007928 0.9663149 0.2999882 0.9648066 0.302616 0.9521166 0.3026165 0.8980039 0.2969053 0.9668549 0.2969022 0.8980105 0.2974417 0.8980105 0.2974417 0.9668549 0.2969022 0.9663149 0.2999882 0.8980105 0.2974417 0.9663149 0.2999882 0.8976144 0.2997703 0.8976144 0.2997703 0.9663149 0.2999882 0.9521166 0.3026165 0.8976144 0.2997703 0.9521166 0.3026165 0.8966555 0.3017343 0.8966555 0.3017343 0.9521166 0.3026165 0.9521165 0.302679 0.8966555 0.3017343 0.9521165 0.302679 0.8958801 0.302712 0.003179371 0.5320044 0.003179371 0.5882403 0.002393603 0.5882427 0.003179371 0.5320044 0.002393603 0.5882427 0.002168893 0.5309445 0.002168893 0.5309445 0.002393603 0.5882427 7.1361e-4 0.5866087 0.002168893 0.5309445 7.1361e-4 0.5866087 7.40288e-4 0.5309472 0.498221 0.6106888 0.498221 0.6827247 0.4951532 0.6827247 0.9788525 0.009724497 0.9077903 0.009704113 0.9073601 0.007722258 0.9788525 0.009724497 0.9073601 0.007722258 0.9788494 0.006843507 0.9788494 0.006843507 0.9073601 0.007722258 0.9068135 0.006606936 0.4923713 0.6827241 0.4925807 0.6106883 0.4951532 0.6827247 0.4951532 0.6827247 0.4925807 0.6106883 0.4951171 0.6106887 0.4951532 0.6827247 0.4951171 0.6106887 0.498221 0.6106888 0.404084 0.9197447 0.4040843 0.9172694 0.4699833 0.9197462 0.4699833 0.9197462 0.4040843 0.9172694 0.4703996 0.917271 0.9236389 0.7381436 0.9576155 0.7381436 0.9576151 0.7404866 0.9236389 0.7381436 0.9576151 0.7404866 0.9236386 0.7404866 0.1405444 0.958763 0.1405444 0.9247866 0.1427659 0.9247826 0.1405444 0.958763 0.1427659 0.9247826 0.1427659 0.958759 0.9259093 0.988703 0.8759683 0.9886991 0.9257398 0.9874913 0.9257398 0.9874913 0.8759683 0.9886991 0.8757972 0.9874818 0.8972366 0.4347808 0.9471794 0.4347893 0.8977037 0.4359495 0.8977037 0.4359495 0.9471794 0.4347893 0.947645 0.4359523 0.8977037 0.4359495 0.947645 0.4359523 0.898706 0.4376688 0.898706 0.4376688 0.947645 0.4359523 0.9486474 0.4376716 0.898706 0.4376688 0.9486474 0.4376716 0.8987057 0.4387712 0.8987057 0.4387712 0.9486474 0.4376716 0.948647 0.4387741 0.8986759 0.5497832 0.9633541 0.5497869 0.8986756 0.5509214 0.8986756 0.5509214 0.9633541 0.5497869 0.9633538 0.5528634 0.8986756 0.5509214 0.9633538 0.5528634 0.8976724 0.5528597 0.8976724 0.5528597 0.9633538 0.5528634 0.8972061 0.5543243 0.8972061 0.5543243 0.9633538 0.5528634 0.9633547 0.5557597 0.8972061 0.5543243 0.9633547 0.5557597 0.8970391 0.555756 0.2571693 0.8923458 0.2571337 0.8276683 0.2607012 0.8923409 0.2607012 0.8923409 0.2571337 0.8276683 0.2606656 0.8276631 0.2607012 0.8923409 0.2606656 0.8276631 0.2635223 0.892331 0.2635223 0.892331 0.2606656 0.8276631 0.2634867 0.8276533 0.476126 0.7335439 0.476126 0.6688657 0.4794022 0.7335454 0.4794022 0.7335454 0.476126 0.6688657 0.4794022 0.6688672 0.544483 0.9547581 0.4781678 0.9547517 0.5443108 0.9532353 0.5443108 0.9532353 0.4781678 0.9547517 0.4781637 0.9518729 0.003179371 0.5309445 0.002222836 0.5309114 0.003179371 0.4662275 0.4781637 0.9518729 0.542837 0.9504281 0.5438019 0.9518259 0.4781637 0.9518729 0.5438019 0.9518259 0.5443108 0.9532353 0.002222836 0.5309048 0 0.5309048 2.2672e-4 0.4662276 0.4876453 0.6688695 0.4876453 0.7335475 0.4847906 0.7335464 0.4876453 0.6688695 0.4847906 0.7335464 0.4847906 0.6688683 0.698023 0.8040527 0.7067852 0.814432 0.6978735 0.8051826 0.6978735 0.8051826 0.7067852 0.814432 0.7059539 0.8147537 0.7059539 0.8147537 0.7067852 0.814432 0.7065196 0.8208571 0.7065196 0.8208571 0.7067852 0.814432 0.7074623 0.8217611 0.7065196 0.8208571 0.7074623 0.8217611 0.7065274 0.8209432 0.5246581 0.6082822 0.5274911 0.610627 0.5240665 0.6089644 0.5240665 0.6089644 0.5274911 0.610627 0.5274297 0.6106884 0.3082147 0.514303 0.3090312 0.5180758 0.3082156 0.5186879 0.4917928 0.546232 0.492691 0.5461379 0.4931823 0.5552018 0.4931823 0.5552018 0.492691 0.5461379 0.4940668 0.5550201 0.4931823 0.5552018 0.4940668 0.5550201 0.4954141 0.5639631 0.4954141 0.5639631 0.4940668 0.5550201 0.4962779 0.5636997 0.4954141 0.5639631 0.4962779 0.5636997 0.4986814 0.5730742 0.4986814 0.5730742 0.4962779 0.5636997 0.5029596 0.5801782 0.4986814 0.5730742 0.5029596 0.5801782 0.502156 0.5805902 0.502156 0.5805902 0.5029596 0.5801782 0.5066351 0.5884484 0.5066351 0.5884484 0.5029596 0.5801782 0.5073987 0.5879665 0.5066351 0.5884484 0.5073987 0.5879665 0.5117729 0.5958295 0.5117729 0.5958295 0.5073987 0.5879665 0.5124896 0.59528 0.5117729 0.5958295 0.5124896 0.59528 0.5179321 0.6030735 0.5179321 0.6030735 0.5124896 0.59528 0.5246581 0.6082822 0.5179321 0.6030735 0.5246581 0.6082822 0.5240665 0.6089644 0.5124497 0.4753646 0.5131629 0.4759181 0.5069881 0.4831451 0.5069881 0.4831451 0.5131629 0.4759181 0.507751 0.4836275 0.5069881 0.4831451 0.507751 0.4836275 0.5023031 0.4913828 0.5023031 0.4913828 0.507751 0.4836275 0.5031079 0.4917917 0.5023031 0.4913828 0.5031079 0.4917917 0.4983713 0.5001072 0.4983713 0.5001072 0.5031079 0.4917917 0.4962281 0.5091074 0.4983713 0.5001072 0.4962281 0.5091074 0.4953619 0.5088528 0.4953619 0.5088528 0.4962281 0.5091074 0.4931137 0.518064 0.4931137 0.518064 0.4962281 0.5091074 0.4939999 0.5182363 0.4931137 0.518064 0.4939999 0.5182363 0.4917523 0.52739 0.4917523 0.52739 0.4939999 0.5182363 0.4926509 0.5274772 0.4917523 0.52739 0.4926509 0.5274772 0.4912989 0.5369173 0.4912989 0.5369173 0.4926509 0.5274772 0.492691 0.5461379 0.4912989 0.5369173 0.492691 0.5461379 0.4917928 0.546232 0.5131629 0.4759181 0.5124497 0.4753646 0.519959 0.4680603 0.519959 0.4680603 0.5124497 0.4753646 0.5193076 0.4674356 0.519959 0.4680603 0.5193076 0.4674356 0.5268461 0.4615106 0.5268461 0.4615106 0.5193076 0.4674356 0.5267837 0.4603723 0.07202863 0.8178821 0.06594312 0.8176947 0.07237327 0.8169214 0.07237327 0.8169214 0.06594312 0.8176947 0.06504446 0.8167126 0.07202863 0.8178821 0.07237327 0.8169214 0.08262544 0.8206898 0.08262544 0.8206898 0.07237327 0.8169214 0.08391296 0.8199743 0.9787222 0.1008493 0.9631158 0.1000681 0.9787218 0.1000726 0.9787218 0.1000726 0.9631158 0.1000681 0.9625537 0.09927177 0.9787218 0.1000726 0.9625537 0.09927177 0.9787225 0.09927648 0.9787225 0.09927648 0.9625537 0.09927177 0.9624041 0.09893751 0.9787225 0.09927648 0.9624041 0.09893751 0.9787242 0.09865713 0.9787242 0.09865713 0.9624041 0.09893751 0.9623503 0.09865236 0.3271547 0.8276534 0.3278067 0.8276535 0.3278778 0.8423902 0.9787222 0.1008493 0.9639857 0.1009228 0.9638951 0.100847 0.9787222 0.1008493 0.9638951 0.100847 0.9631158 0.1000681 0.3278778 0.8423902 0.3271547 0.8423903 0.3271547 0.8276534 0.3271547 0.8276534 0.3271547 0.8423903 0.3263423 0.8423902 0.3271547 0.8276534 0.3263423 0.8423902 0.3263423 0.8276534 0.9520927 0.237289 0.9668292 0.2372884 0.9520925 0.2379165 0.9520925 0.2379165 0.9668292 0.2372884 0.9668293 0.2387238 0.9520925 0.2379165 0.9668293 0.2387238 0.951488 0.2387245 0.951488 0.2387245 0.9668293 0.2387238 0.9668295 0.2401354 0.951488 0.2387245 0.9668295 0.2401354 0.9507231 0.2401361 0.9507231 0.2401361 0.9668295 0.2401354 0.9668304 0.2413467 0.9507231 0.2401361 0.9668304 0.2413467 0.9504561 0.2413473 0.163559 0.4564959 0.1190308 0.4526068 0.1191741 0.4509743 0.1191741 0.4509743 0.1604359 0.4545726 0.163559 0.4564959 0.163559 0.4564959 0.1604359 0.4545726 0.161365 0.4547641 0.163559 0.4564959 0.161365 0.4547641 0.162225 0.4551645 0.1191741 0.4509743 0.1190308 0.4526068 0.096592 0.4467745 0.096592 0.4467745 0.1190308 0.4526068 0.09613728 0.448349 0.096592 0.4467745 0.09613728 0.448349 0.07524144 0.4383044 0.07524144 0.4383044 0.09613728 0.448349 0.07449227 0.4397621 0.07524144 0.4383044 0.07449227 0.4397621 0.05592167 0.4258813 0.05592167 0.4258813 0.07449227 0.4397621 0.05490601 0.4271676 0.05592167 0.4258813 0.05490601 0.4271676 0.03935599 0.4099701 0.03935599 0.4099701 0.05490601 0.4271676 0.0381118 0.411037 0.03935599 0.4099701 0.0381118 0.411037 0.02616453 0.3911666 0.02616453 0.3911666 0.0381118 0.411037 0.02473837 0.3919741 0.02616453 0.3911666 0.02473837 0.3919741 0.01684111 0.3701746 0.01684111 0.3701746 0.02473837 0.3919741 0.01528638 0.3706926 0.7729598 0.8251708 0.771322 0.8252534 0.7729606 0.8022263 0.7729606 0.8022263 0.771322 0.8252534 0.7713227 0.8019924 0.01173484 0.3477801 0.01010966 0.3479892 0.01103681 0.3248214 0.01103681 0.3248214 0.01010966 0.3479892 0.009402036 0.3247139 0.01103681 0.3248214 0.009402036 0.3247139 0.01477324 0.3021581 0.01477324 0.3021581 0.009402036 0.3247139 0.01318997 0.3017379 0.01477324 0.3021581 0.01318997 0.3017379 0.02280414 0.2806386 0.02280414 0.2806386 0.01318997 0.3017379 0.02133166 0.2799215 0.02280414 0.2806386 0.02133166 0.2799215 0.03482896 0.2610684 0.03482896 0.2610684 0.02133166 0.2799215 0.03352236 0.2600814 0.03482896 0.2610684 0.03352236 0.2600814 0.05039745 0.2441802 0.05039745 0.2441802 0.03352236 0.2600814 0.04930561 0.2429603 0.05012536 0.241128 0.05176377 0.2411264 0.05140686 0.2427992 0.05012536 0.241128 0.05140686 0.2427992 0.04991126 0.2421317 0.04991126 0.2421317 0.05140686 0.2427992 0.05039745 0.2441802 0.04991126 0.2421317 0.05039745 0.2441802 0.04930561 0.2429603 0.05012232 0.2301357 0.05176049 0.2293839 0.05012536 0.241128 0.05012536 0.241128 0.05176049 0.2293839 0.05176377 0.2411264 0.04474067 0.1962592 0.05011093 0.1897187 0.05174958 0.1904671 0.0447483 0.2235982 0.04616141 0.2227681 0.05012232 0.2301357 0.05012232 0.2301357 0.04616141 0.2227681 0.05176049 0.2293839 0.05174958 0.1904671 0.04615426 0.197086 0.04474067 0.1962592 0.04474067 0.1962592 0.04615426 0.197086 0.0450499 0.1991899 0.5492193 0.8743444 0.5508573 0.8772517 0.5492193 0.8820584 0.04145121 0.205177 0.0450499 0.1991899 0.04306417 0.2054634 0.04145121 0.205177 0.04306417 0.2054634 0.04145389 0.2146822 0.89294 0.6737529 0.8929394 0.6779497 0.8913013 0.6822049 0.6991181 0.7277148 0.6991181 0.7326219 0.6976274 0.7283951 0.8913013 0.6822049 0.8929392 0.6823577 0.8913015 0.691677 0.8913015 0.691677 0.8929392 0.6823577 0.8929393 0.6889336 0.0447483 0.2235982 0.04505592 0.2206649 0.04616141 0.2227681 0.05009204 0.1224045 0.05173045 0.1224029 0.05011093 0.1897187 0.05011093 0.1897187 0.05173045 0.1224029 0.05174958 0.1904671 0.4040843 0.9172694 0.404084 0.9197447 0.4024463 0.9173271 0.4024463 0.9173271 0.404084 0.9197447 0.4024462 0.9193073 0.05621123 0.05510884 0.06485599 0.04232168 0.06668919 0.04267627 0.06668919 0.04267627 0.0576477 0.05589538 0.05621123 0.05510884 0.05621123 0.05510884 0.0576477 0.05589538 0.05559235 0.05989754 0.7405251 0.8769299 0.7388831 0.8738324 0.7405251 0.8630652 0.1790571 0.7128943 0.1796814 0.7008867 0.181319 0.70085 0.181319 0.70085 0.1796814 0.7008867 0.1790571 0.6924074 0.1796969 0.856329 0.1813347 0.8645973 0.1796969 0.8713426 0.04631215 0.08711379 0.04911839 0.07933461 0.04794269 0.08727288 0.04631215 0.08711379 0.04794269 0.08727288 0.04636204 0.1039499 0.4040867 0.8848806 0.4040851 0.8968511 0.4024469 0.9005272 0.7330852 0.5363637 0.7330852 0.540744 0.7315815 0.5370146 0.4024469 0.9005272 0.404085 0.9007989 0.4024463 0.9173271 0.4024463 0.9173271 0.404085 0.9007989 0.4040843 0.9172694 0.06668919 0.04267627 0.06485599 0.04232168 0.06616276 0.03963857 0.06616276 0.03963857 0.06485599 0.04232168 0.06452465 0.03961062 0.06616276 0.03963857 0.06452465 0.03961062 0.06681913 0.03656959 0.06681913 0.03656959 0.06452465 0.03961062 0.0653122 0.03592789 0.06681913 0.03656959 0.0653122 0.03592789 0.06858181 0.03397309 0.06858181 0.03397309 0.0653122 0.03592789 0.06742751 0.03281188 0.7388831 0.8630652 0.7388831 0.8768094 0.737241 0.8685954 0.5524643 0.874493 0.5524643 0.8856729 0.5508642 0.8853322 0.1649005 0.7468458 0.1665413 0.7377116 0.1665413 0.756868 0.7293801 0.5800646 0.7299454 0.5708392 0.7315816 0.570851 0.7315816 0.570851 0.7299454 0.5708392 0.7293801 0.5602877 0.7074623 0.8386726 0.705821 0.8292465 0.7074623 0.8217613 0.7315838 0.5068767 0.7293801 0.516489 0.7299475 0.5068727 0.7315838 0.5068767 0.7299475 0.5068727 0.7293801 0.4967122 0.7293801 0.4967122 0.7299479 0.4867048 0.7315845 0.4867013 0.7315845 0.4867013 0.7299479 0.4867048 0.7293801 0.4769353 0.9804805 0.0501824 0.9788471 0.04017406 0.9804947 0.02982479 0.06858181 0.03397309 0.06742751 0.03281188 0.07671183 0.02685761 0.9788541 0.02040344 0.9804947 0.00937581 0.9804947 0.02982479 0.9788541 0.02040344 0.9804947 0.02982479 0.9788523 0.02979308 0.9788523 0.02979308 0.9804947 0.02982479 0.9788471 0.04017406 0.5508974 0.8861443 0.5508642 0.8853322 0.5524643 0.8856729 0.9787225 0.09927648 0.9803641 0.09999424 0.9787218 0.1000726 0.002928555 0.6837082 0.002141058 0.6839092 0.002141058 0.6822722 0.003522455 0.6831533 0.002928555 0.6837082 0.002141058 0.6822722 0.3263423 0.8423902 0.3271547 0.8423903 0.326792 0.8440281 0.1511029 0.005348324 0.1514877 0.003755211 0.1587375 0.007106006 0.1511029 0.005348324 0.1587375 0.007106006 0.1577727 0.008431017 0.1577727 0.008431017 0.1587375 0.007106006 0.164153 0.01297622 0.1577727 0.008431017 0.164153 0.01297622 0.162755 0.01383161 0.1180303 0.003475069 0.1178296 0.001848995 0.1347447 0.001283347 0.1180303 0.003475069 0.1347447 0.001283347 0.1346511 0.002919435 0.1346511 0.002919435 0.1347447 0.001283347 0.1514877 0.003755211 0.1346511 0.002919435 0.1514877 0.003755211 0.1511029 0.005348324 0.1105085 0.003115773 0.1036204 3.00232e-4 0.1048465 0 0.1178296 0.001848995 0.1180303 0.003475069 0.1108651 0.001516222 0.1108651 0.001516222 0.1180303 0.003475069 0.1105085 0.003115773 0.1108651 0.001516222 0.1105085 0.003115773 0.108704 9.09314e-4 0.108704 9.09314e-4 0.1105085 0.003115773 0.1048465 0 0.5361931 0.4379392 0.5347362 0.4371924 0.5388634 0.4327167 0.5388634 0.4327167 0.5347362 0.4371924 0.5363515 0.4340331 0.5363515 0.4340331 0.5367206 0.4334993 0.5388634 0.4327167 0.5388634 0.4327167 0.5367206 0.4334993 0.5371828 0.4331029 0.5388634 0.4327167 0.5371828 0.4331029 0.5378931 0.4327811 0.5338439 0.4406235 0.5347362 0.4371924 0.5354793 0.440684 0.5354793 0.440684 0.5347362 0.4371924 0.5361931 0.4379392 0.5366705 0.4428791 0.5358291 0.4442821 0.5347388 0.4433295 0.5366705 0.4428791 0.5347388 0.4433295 0.5360162 0.4423076 0.5360162 0.4423076 0.5347388 0.4433295 0.5340483 0.4420568 0.5360162 0.4423076 0.5340483 0.4420568 0.5356019 0.441544 0.9684681 0.2386476 0.9668293 0.2387238 0.9668292 0.2372884 0.9684681 0.2386476 0.9668292 0.2372884 0.9684682 0.2377864 0.7812216 0.9489502 0.7804651 0.9470406 0.7802075 0.9450023 0.7802075 0.9105268 0.7818436 0.9105259 0.7802075 0.9450023 0.7802075 0.9450023 0.7818436 0.9105259 0.7818436 0.9499137 0.7802075 0.9450023 0.7818436 0.9499137 0.7812216 0.9489502 0.5535598 0.5806069 0.5519629 0.5806872 0.5519589 0.5799407 0.5540574 0.5747893 0.5621513 0.5642365 0.5535598 0.5806069 0.5535598 0.5806069 0.5621513 0.5642365 0.5535981 0.5806217 0.5519589 0.5799407 0.5524248 0.5775302 0.5535598 0.5806069 0.5535598 0.5806069 0.5524248 0.5775302 0.5530896 0.5761078 0.5535598 0.5806069 0.5530896 0.5761078 0.5540574 0.5747893 0.5358291 0.4442821 0.5366705 0.4428791 0.5450225 0.4506399 0.3225086 0.8537524 0.3241475 0.844028 0.3241475 0.8601523 0.72938 0.5164889 0.7315741 0.5250728 0.7299384 0.5250968 0.7299384 0.5250968 0.7315741 0.5250728 0.72938 0.5362657 0.6980047 0.7767689 0.6996434 0.765941 0.6996434 0.7843894 0.7293801 0.5405108 0.7315741 0.5490896 0.7299383 0.5491135 0.7299383 0.5491135 0.7315741 0.5490896 0.7293801 0.5602877 0.705813 0.6782648 0.7074515 0.6668998 0.7074515 0.6867057 0.002140998 0.6744588 0.002140998 0.6833088 5.50307e-4 0.682926 0.1777186 0.6832813 0.177091 0.6717272 0.1814 0.6833369 0.9684937 0.3147258 0.9648066 0.302616 0.9663149 0.2999882 0.9684937 0.3147258 0.9663149 0.2999882 0.9684937 0.2946 0.9684937 0.2946 0.9663149 0.2999882 0.9668549 0.2969022 0.9684937 0.2946 0.9668549 0.2969022 0.9668546 0.2947136 0.5535981 0.5806217 0.5621513 0.5642365 0.5652403 0.5662441 0.5652403 0.5662441 0.5621513 0.5642365 0.5659096 0.5578424 0.5652403 0.5662441 0.5659096 0.5578424 0.5741961 0.5481978 0.5659096 0.5578424 0.5707322 0.5469456 0.5741961 0.5481978 0.5741961 0.5481978 0.5707322 0.5469456 0.5732806 0.5385203 0.7015609 0.8394012 0.6978734 0.8298393 0.7015609 0.8217613 0.5788133 0.5285876 0.5732806 0.5385203 0.5751562 0.5281564 0.5788133 0.5285876 0.5751562 0.5281564 0.5788502 0.5084413 0.9684937 0.3147258 0.9648021 0.3327179 0.9648045 0.3230772 0.1814 0.6833369 0.177091 0.6924074 0.1777186 0.6832813 0.7818436 0.9105259 0.7802075 0.9105268 0.7805191 0.9089602 0.7818436 0.9105259 0.7805191 0.9089602 0.7820305 0.909586 0.7820305 0.909586 0.7805191 0.9089602 0.7814064 0.9076322 0.7820305 0.909586 0.7814064 0.9076322 0.7825629 0.9087892 0.7825629 0.9087892 0.7814064 0.9076322 0.7827345 0.9067448 0.7825629 0.9087892 0.7827345 0.9067448 0.7833598 0.9082567 0.1695235 0.7024304 0.1693869 0.7007914 0.170974 0.7007916 0.1695235 0.7024304 0.170974 0.7007916 0.1704757 0.7024305 0.5535981 0.5806217 0.5592138 0.6907386 0.5535598 0.5806069 0.5535598 0.5806069 0.5592138 0.6907386 0.5575794 0.6908208 0.5535598 0.5806069 0.5575794 0.6908208 0.5519629 0.5806872 0.7884765 0.9064332 0.7884752 0.9080698 0.784301 0.9064332 0.784301 0.9064332 0.7884752 0.9080698 0.7842997 0.9080698 0.5612267 0.6951372 0.5600956 0.6963189 0.5583113 0.6938107 0.5612267 0.6951372 0.5583113 0.6938107 0.5597993 0.6931306 0.9649928 0.5526087 0.9633538 0.5528634 0.9633541 0.5497869 0.9649928 0.5526087 0.9633541 0.5497869 0.964993 0.5501474 0.7884752 0.9080698 0.7884765 0.9064332 0.7904757 0.9069547 0.7884752 0.9080698 0.7904757 0.9069547 0.7896748 0.9083827 0.7896748 0.9083827 0.7904757 0.9069547 0.7919657 0.9083862 0.7896748 0.9083827 0.7919657 0.9083862 0.7905687 0.9092416 0.2286401 0.8939922 0.2282438 0.892349 0.2303099 0.8923481 0.2286401 0.8939922 0.2303099 0.8923481 0.2298797 0.8939914 0.557965 0.8187669 0.5414904 0.8298339 0.5407463 0.8283746 0.4781678 0.9547517 0.4781868 0.9721901 0.4765455 0.9739108 0.557965 0.8187669 0.5560386 0.8182539 0.5568979 0.8175246 0.557965 0.8187669 0.5568979 0.8175246 0.5713628 0.8041248 0.5713628 0.8041248 0.5568979 0.8175246 0.570033 0.8031695 0.5713628 0.8041248 0.570033 0.8031695 0.580927 0.7867346 0.570033 0.8031695 0.5794096 0.7861203 0.580927 0.7867346 0.580927 0.7867346 0.5794096 0.7861203 0.579785 0.7851736 0.580927 0.7867346 0.579785 0.7851736 0.5861175 0.7675786 0.579785 0.7851736 0.5844982 0.7673399 0.5861175 0.7675786 0.5861175 0.7675786 0.5844982 0.7673399 0.5847749 0.7652671 0.7073746 0.7659805 0.7057359 0.7633942 0.7073746 0.7470159 0.177091 0.7129297 0.1774268 0.6955533 0.1790571 0.6954122 0.1790571 0.6954122 0.1774268 0.6955533 0.177091 0.6924073 0.9649998 0.6124304 0.9633613 0.6090139 0.965002 0.5926206 0.9633613 0.6090139 0.963363 0.5927156 0.965002 0.5926206 0.7347238 0.5407271 0.7332114 0.5401028 0.7347238 0.5361457 0.7332222 0.516489 0.7315837 0.5123624 0.7332222 0.496953 0.5600956 0.6963189 0.5612267 0.6951372 0.5694509 0.7069701 0.7386026 0.7916992 0.7402412 0.7780873 0.7402412 0.7962462 0.7014195 0.6867056 0.7035468 0.6918923 0.7019138 0.6919911 0.7019138 0.6919911 0.7035468 0.6918923 0.7014195 0.7072279 0.2571693 0.8923458 0.2571868 0.8939892 0.2436197 0.8923504 0.2436197 0.8923504 0.2571868 0.8939892 0.2434114 0.8939939 0.7940452 0.9238554 0.7924324 0.9241449 0.7925667 0.910363 0.7925667 0.910363 0.7924324 0.9241449 0.7909293 0.9104276 0.5379295 0.8359999 0.5362952 0.836082 0.5367321 0.8329953 0.5379295 0.8359999 0.5367321 0.8329953 0.5382791 0.8335305 0.5382791 0.8335305 0.5367321 0.8329953 0.5382911 0.8302958 0.5382791 0.8335305 0.5382911 0.8302958 0.5395263 0.8313708 0.5395263 0.8313708 0.5382911 0.8302958 0.5407463 0.8283746 0.5395263 0.8313708 0.5407463 0.8283746 0.5414904 0.8298339 0.5365765 0.8415988 0.5382109 0.8415166 0.5359529 0.8451755 0.5359529 0.8451755 0.5382109 0.8415166 0.5374625 0.8458086 0.5359529 0.8451755 0.5374625 0.8458086 0.5338439 0.8481307 0.5338439 0.8481307 0.5374625 0.8458086 0.5349318 0.8493549 0.2607012 0.8923409 0.2614251 0.8939833 0.2571693 0.8923458 0.2571693 0.8923458 0.2614251 0.8939833 0.2571868 0.8939892 0.5382109 0.8415166 0.5365765 0.8415988 0.5379295 0.8359999 0.5379295 0.8359999 0.5365765 0.8415988 0.5362952 0.836082 0.6331543 0.9240075 0.6311982 0.9251182 0.6306843 0.9235648 0.6306843 0.9235648 0.6320815 0.9227715 0.6331543 0.9240075 0.6331543 0.9240075 0.6320815 0.9227715 0.632456 0.9224023 0.298799 0.9429413 0.2971572 0.9421395 0.2987989 0.9406927 0.2987989 0.9406927 0.2971572 0.9421395 0.2971569 0.9410561 0.6345322 0.9222296 0.6330657 0.9215015 0.6345461 0.9222014 0.6345461 0.9222014 0.6330657 0.9215015 0.633409 0.9205098 0.1641555 0.4975739 0.1641555 0.4958277 0.1648951 0.4959065 0.003624081 0.4838674 0.003193855 0.4843815 0.003301978 0.4838276 0.003624081 0.4838674 0.003301978 0.4838276 0.003193855 0.4822625 0.6196123 0.9289434 0.6190984 0.92739 0.6311982 0.9251182 0.6311982 0.9251182 0.6190984 0.92739 0.6306843 0.9235648 0.6334729 0.9709248 0.6339857 0.9724811 0.6234664 0.973478 0.6334729 0.9709248 0.6234664 0.973478 0.6236791 0.971853 0.6236791 0.971853 0.6234664 0.973478 0.6135562 0.9698122 0.6236791 0.971853 0.6135562 0.9698122 0.6144524 0.9684399 0.307996 0.9747954 0.307354 0.9731577 0.3177526 0.9731569 0.307996 0.9747954 0.3177526 0.9731569 0.3176774 0.9747949 0.6076203 0.9613615 0.6062181 0.9622094 0.6029053 0.9521757 0.6076203 0.9613615 0.6029053 0.9521757 0.604536 0.9520198 0.604536 0.9520198 0.6029053 0.9521757 0.6042742 0.9416983 0.604536 0.9520198 0.6042742 0.9416983 0.6058104 0.9422649 0.2987705 0.9743854 0.2971286 0.9749181 0.2971252 0.9644119 0.2987705 0.9743854 0.2971252 0.9644119 0.2987675 0.9646039 0.611191 0.9340291 0.6100534 0.9328524 0.6190984 0.92739 0.611191 0.9340291 0.6190984 0.92739 0.6196123 0.9289434 0.6472225 0.9719419 0.6512561 0.9728131 0.6510043 0.9749304 0.6510043 0.9749304 0.6512561 0.9728131 0.6517463 0.9742991 0.4351896 0.9740669 0.4342159 0.9741789 0.4351899 0.9693745 0.6377973 0.9712226 0.6372845 0.9696664 0.6425819 0.9706392 0.6425819 0.9706392 0.6372845 0.9696664 0.6427071 0.9690051 0.6425819 0.9706392 0.6427071 0.9690051 0.6472225 0.9719419 0.6472225 0.9719419 0.6427071 0.9690051 0.6479665 0.9704815 0.6472225 0.9719419 0.6479665 0.9704815 0.6512561 0.9728131 0.6372845 0.9696664 0.6377973 0.9712226 0.6334729 0.9709248 0.6334729 0.9709248 0.6377973 0.9712226 0.6339857 0.9724811 0.8763738 0.7125656 0.875411 0.7141301 0.8627572 0.7191486 0.003425538 0.4726082 0.003425538 0.4662276 0.003639161 0.4710419 0.1647288 0.480022 0.164153 0.4761326 0.1647288 0.4658966 0.8913014 0.5765658 0.8784459 0.5659913 0.8904921 0.5752898 0.8904921 0.5752898 0.8784459 0.5659913 0.8898194 0.5734711 0.1643289 0.6977286 0.1649638 0.6861392 0.1665994 0.6861126 0.1665994 0.6861126 0.1649638 0.6861392 0.1643289 0.6772063 0.704208 0.8850041 0.702569 0.8799427 0.704208 0.8719014 5.45433e-4 0.6744588 0.001186013 0.6632968 0.002821862 0.6632784 0.002821862 0.6632784 0.001186013 0.6632968 5.45433e-4 0.6539365 0.5508608 0.8743443 0.5492192 0.8669118 0.5508608 0.8599396 0.1643204 0.6566839 0.1649646 0.6459494 0.1666008 0.6459391 0.1666008 0.6459391 0.1649646 0.6459494 0.1643204 0.6361616 0.1813369 0.8064551 0.1796961 0.7973956 0.1813369 0.7889307 0.4819228 0.5173793 0.4835593 0.507791 0.4835676 0.5282619 0.1643263 0.6361616 0.1649718 0.6258545 0.1666082 0.6258525 0.1666082 0.6258525 0.1649718 0.6258545 0.1643263 0.6156393 0.7332221 0.5800646 0.7315815 0.569815 0.7332221 0.5604767 0.00282669 0.6440631 5.45361e-4 0.6539365 0.001190006 0.6440569 0.00282669 0.6440631 0.001190006 0.6440569 5.45362e-4 0.6334142 0.7369611 0.7679347 0.7386021 0.759538 0.7386021 0.7780954 0.4819228 0.5173793 0.481917 0.507906 0.4835593 0.507791 0.7041696 0.8963205 0.7025691 0.8959765 0.7041696 0.885004 0.7074007 0.6487511 0.7057603 0.6378802 0.7074007 0.6286306 0.1665956 0.6682046 0.1643221 0.6772062 0.1649584 0.6681814 0.1665956 0.6682046 0.1649584 0.6681814 0.1643221 0.6566839 0.7073733 0.739885 0.7057358 0.7470158 0.7057358 0.7277148 0.7035467 0.6867057 0.7041754 0.6781082 0.7058129 0.6781399 0.7058129 0.6781399 0.7041754 0.6781082 0.7035467 0.6661834 0.7386026 0.8133682 0.7402403 0.8240177 0.7386026 0.8304046 0.7012902 0.674313 0.7035467 0.6661833 0.7029278 0.6743534 0.7012902 0.674313 0.7029278 0.6743534 0.7035467 0.6867056 0.7073578 0.6998094 0.70572 0.7069801 0.70572 0.6867057 0.7012902 0.6661834 0.7006834 0.6739262 0.6990456 0.673877 0.6990456 0.673877 0.7006834 0.6739262 0.7012902 0.6867057 0.4839357 0.4912904 0.4855726 0.5043131 0.4839347 0.511693 0.4839347 0.511693 0.4855726 0.5043131 0.4855725 0.5116513 0.1796962 0.8713425 0.1813015 0.8716713 0.1796962 0.8847934 0.1813339 0.8343019 0.1796961 0.8399618 0.1796961 0.8235273 0.7057603 0.6282288 0.7051842 0.6351174 0.7035468 0.6350504 0.7035468 0.6350504 0.7051842 0.6351174 0.7057603 0.6487511 0.7012801 0.7472109 0.7029179 0.7595671 0.7012801 0.7661356 0.6990456 0.6930913 0.7012402 0.6867056 0.7006828 0.6931672 0.6990456 0.6930913 0.7006828 0.6931672 0.7012402 0.7072279 0.7057198 0.6867056 0.7051834 0.6927403 0.7035466 0.6926555 0.7035466 0.6926555 0.7051834 0.6927403 0.7057198 0.707228 0.7031946 0.8217613 0.7048371 0.8342688 0.7031946 0.8382921 0.8221175 0.7211771 0.8169554 0.7182825 0.8224376 0.7195697 0.8221175 0.7211771 0.8224376 0.7195697 0.8425627 0.7226759 0.5445202 0.8983582 0.5444968 0.9119937 0.5428475 0.9165454 0.7343618 0.5858177 0.7343618 0.5803132 0.7359102 0.5852816 0.5428475 0.9165454 0.5444906 0.9169723 0.5428352 0.9368433 0.4923714 0.6286509 0.492043 0.6270911 0.4921594 0.6264613 0.4921594 0.6264613 0.492043 0.6270911 0.4914147 0.625617 0.4921594 0.6264613 0.4914147 0.625617 0.4923714 0.6106884 0.5444785 0.9368722 0.5438019 0.9518259 0.5428352 0.9368433 0.5444785 0.9368722 0.5428352 0.9368433 0.54448 0.9321005 0.54448 0.9321005 0.5428352 0.9368433 0.5444906 0.9169723 0.1774797 0.7577056 0.1781707 0.7593476 0.1733056 0.7577077 0.1733056 0.7577077 0.1781707 0.7593476 0.1731618 0.7593501 0.02744269 0.223132 0.0266875 0.2216798 0.0315814 0.2222202 0.0315814 0.2222202 0.0266875 0.2216798 0.031654 0.2205856 0.0315814 0.2222202 0.031654 0.2205856 0.03562152 0.2234999 0.03562152 0.2234999 0.031654 0.2205856 0.03650212 0.2221213 0.03562152 0.2234999 0.03650212 0.2221213 0.03848052 0.2266283 0.03848052 0.2266283 0.03650212 0.2221213 0.0399329 0.2258753 0.174499 0.8625122 0.1749143 0.8641513 0.1702612 0.8625124 0.1702612 0.8625124 0.1749143 0.8641513 0.1698288 0.8641512 0.03939229 0.2307669 0.04102706 0.2308417 0.03811258 0.234807 0.03811258 0.234807 0.04102706 0.2308417 0.03949141 0.2356899 0.03811258 0.234807 0.03949141 0.2356899 0.03498423 0.237666 0.03498423 0.237666 0.03949141 0.2356899 0.03573739 0.2391207 0.0082255 0.7611451 0.008645176 0.7627884 0.00398755 0.7611451 0.00398755 0.7611451 0.008645176 0.7627884 0.003559648 0.7627882 0.03084552 0.2385778 0.03077095 0.2402148 0.0268054 0.2372981 0.0268054 0.2372981 0.03077095 0.2402148 0.02592283 0.2386791 0.0268054 0.2372981 0.02592283 0.2386791 0.02394646 0.2341698 0.02394646 0.2341698 0.02592283 0.2386791 0.02249205 0.2349252 0.008095681 0.8659429 0.008433878 0.8675808 0.003863871 0.8659428 0.003863871 0.8659428 0.008433878 0.8675808 0.003355681 0.8675808 0.02303463 0.2300311 0.02139788 0.2299587 0.02431434 0.225991 0.02431434 0.225991 0.02139788 0.2299587 0.02293354 0.2251106 0.01120012 0.708738 0.01189112 0.7103796 0.007026076 0.70874 0.007026076 0.70874 0.01189112 0.7103796 0.00688225 0.7103824 0.03150981 0.1289792 0.03075468 0.127527 0.03564852 0.1280674 0.03564852 0.1280674 0.03075468 0.127527 0.03572112 0.1264328 0.03564852 0.1280674 0.03572112 0.1264328 0.03968864 0.1293471 0.03968864 0.1293471 0.03572112 0.1264328 0.04056924 0.1279685 0.03968864 0.1293471 0.04056924 0.1279685 0.04254764 0.1324754 0.04254764 0.1324754 0.04056924 0.1279685 0.04400002 0.1317225 0.008209466 0.8135444 0.008624732 0.8151833 0.003971576 0.8135446 0.003971576 0.8135446 0.008624732 0.8151833 0.003539264 0.8151835 0.04345941 0.1366142 0.04509419 0.136689 0.0421797 0.1406543 0.0421797 0.1406543 0.04509419 0.136689 0.04355853 0.1415371 0.0421797 0.1406543 0.04355853 0.1415371 0.03905135 0.1435133 0.03905135 0.1435133 0.04355853 0.1415371 0.03980457 0.1449679 0.1745051 0.8101128 0.1749248 0.8117561 0.1702671 0.8101128 0.1702671 0.8101128 0.1749248 0.8117561 0.1698392 0.811756 0.03491264 0.144425 0.03483808 0.146062 0.03087252 0.1431453 0.03087252 0.1431453 0.03483808 0.146062 0.02998995 0.1445264 0.03087252 0.1431453 0.02998995 0.1445264 0.02801358 0.140017 0.02801358 0.140017 0.02998995 0.1445264 0.02655917 0.1407724 0.1743853 0.9149106 0.1747235 0.9165485 0.1701535 0.9149105 0.1701535 0.9149105 0.1747235 0.9165485 0.1696453 0.9165484 0.02710175 0.1358783 0.02546501 0.1358059 0.02838146 0.1318382 0.02838146 0.1318382 0.02546501 0.1358059 0.02700066 0.1309579 0.6961334 0.9072915 0.6976092 0.9058617 0.6869457 0.9191734 0.6961334 0.9072915 0.6869457 0.9191734 0.6943477 0.908309 0.6869457 0.9191734 0.6855975 0.9205098 0.6858417 0.9189995 0.6858417 0.9189995 0.6857134 0.9180915 0.6869457 0.9191734 0.6869457 0.9191734 0.6857134 0.9180915 0.6932587 0.9086724 0.6869457 0.9191734 0.6932587 0.9086724 0.6943477 0.908309 0.1672376 0.6696022 0.1666024 0.6709032 0.1685419 0.6624926 0.1672376 0.6696022 0.1685419 0.6624926 0.1682856 0.6686036 0.1685419 0.6624926 0.169649 0.6537099 0.169672 0.6541299 0.171144 0.6554623 0.1690012 0.6682268 0.1710541 0.6554523 0.1710541 0.6554523 0.1690012 0.6682268 0.1682856 0.6686036 0.1710541 0.6554523 0.1682856 0.6686036 0.1703011 0.6551426 0.1703011 0.6551426 0.1682856 0.6686036 0.1685419 0.6624926 0.1703011 0.6551426 0.1685419 0.6624926 0.1697916 0.6545099 0.1697916 0.6545099 0.1685419 0.6624926 0.169672 0.6541299 0.7107479 0.1798563 0.708832 0.1745865 0.7113267 0.1760106 0.7374923 0.5853103 0.7374923 0.5803132 0.7391284 0.5815657 0.9599794 0.9617711 0.9616158 0.9633826 0.9599801 0.9676981 0.9599801 0.9676981 0.9616158 0.9633826 0.9616161 0.9655777 0.8847367 0.4339938 0.8847367 0.4312293 0.8868286 0.4338772 0.8338367 0.4279862 0.8331338 0.4226219 0.8348944 0.423488 0.7113267 0.1760106 0.708832 0.1745865 0.709621 0.1727309 0.709621 0.1727309 0.708832 0.1745865 0.7082489 0.1736252 0.709621 0.1727309 0.7082489 0.1736252 0.7093029 0.172259 0.7093029 0.172259 0.7082489 0.1736252 0.7061467 0.1710032 0.7364686 0.5362405 0.7381015 0.5395373 0.7364686 0.5402834 0.7065696 0.1691338 0.7061467 0.1710032 0.7044847 0.1674787 0.7044847 0.1674787 0.7061467 0.1710032 0.7035593 0.1688297 0.7044847 0.1674787 0.7035593 0.1688297 0.7026091 0.1682241 0.8348944 0.423488 0.8351815 0.4256802 0.8338367 0.4279862 0.489368 0.7540315 0.4917567 0.7540315 0.4894148 0.7564629 0.4947374 0.7516494 0.49637 0.7527443 0.4947374 0.7566224 0.694065 0.1641885 0.6973953 0.1661944 0.6940457 0.1658256 0.694065 0.1641885 0.6940457 0.1658256 0.6922034 0.1642592 0.6922034 0.1642592 0.6940457 0.1658256 0.690393 0.164507 0.690393 0.164507 0.6940457 0.1658256 0.690693 0.1661165 0.690393 0.164507 0.690693 0.1661165 0.6868405 0.16554 0.6868405 0.16554 0.690693 0.1661165 0.6854173 0.1680335 0.6868405 0.16554 0.6854173 0.1680335 0.6844698 0.1666891 0.6844698 0.1666891 0.6854173 0.1680335 0.6844685 0.1686084 0.6844698 0.1666891 0.6844685 0.1686084 0.6796085 0.1706969 0.6796085 0.1706969 0.6844685 0.1686084 0.6818318 0.1707209 0.6796085 0.1706969 0.6818318 0.1707209 0.6783177 0.1723699 0.6783177 0.1723699 0.6818318 0.1707209 0.6796677 0.1732956 0.6783177 0.1723699 0.6796677 0.1732956 0.6790549 0.1742565 0.702279 0.1980013 0.7032418 0.1974173 0.705887 0.1974973 0.705887 0.1974973 0.7032418 0.1974173 0.7058711 0.1953074 0.4947375 0.7564102 0.4931004 0.754341 0.4947375 0.7516496 0.6815621 0.1950445 0.6781481 0.1934134 0.6794478 0.1924103 0.6794478 0.1924103 0.6781481 0.1934134 0.6780768 0.193305 0.6794478 0.1924103 0.6780768 0.193305 0.6788643 0.1914483 0.6788643 0.1914483 0.6780768 0.193305 0.6763775 0.1900417 0.6788643 0.1914483 0.6763775 0.1900417 0.6769485 0.1861796 0.6987083 0.20121 0.6936368 0.2018467 0.6936575 0.2002093 0.6936575 0.2002093 0.6936368 0.2018467 0.6906263 0.2015702 0.6936575 0.2002093 0.6906263 0.2015702 0.6903145 0.1998433 0.6903145 0.1998433 0.6906263 0.2015702 0.6899785 0.2014459 0.2248066 0.9688587 0.2264382 0.9687467 0.2248071 0.9722332 0.2248071 0.9722332 0.2264382 0.9687467 0.2264385 0.9724426 0.002333641 0.6074578 0.003615379 0.6064389 0.003615379 0.609308 0.8799208 0.4329251 0.8815524 0.430927 0.8815524 0.4345234 0.6850871 0.1978107 0.6832166 0.1985592 0.6841406 0.1972075 0.6841406 0.1972075 0.6832166 0.1985592 0.6831091 0.198485 0.6841406 0.1972075 0.6831091 0.198485 0.6815621 0.1950445 0.6815621 0.1950445 0.6831091 0.198485 0.6803925 0.1961901 0.6815621 0.1950445 0.6803925 0.1961901 0.6781481 0.1934134 0.705887 0.1974973 0.7018033 0.2000852 0.702279 0.1980013 0.702279 0.1980013 0.7018033 0.2000852 0.7008577 0.2004948 0.702279 0.1980013 0.7008577 0.2004948 0.697021 0.199915 0.697021 0.199915 0.7008577 0.2004948 0.6987083 0.20121 0.2248129 0.9623856 0.2264475 0.9604102 0.2248086 0.9655423 0.7347236 0.5407271 0.7348341 0.5373648 0.7364686 0.537258 0.7364686 0.537258 0.7348341 0.5373648 0.7347236 0.5362405 0.8847368 0.4339938 0.8830999 0.4324541 0.8847368 0.4311203 0.4779229 0.7540315 0.47696 0.7561238 0.476126 0.7540315 0.2485417 0.972856 0.2469048 0.9719604 0.2485416 0.9684079 0.2485416 0.9684079 0.2469048 0.9719604 0.2469047 0.968602 0.7122735 0.1869041 0.7106708 0.186566 0.7126778 0.1832264 0.7126778 0.1832264 0.7106708 0.186566 0.71104 0.1832081 0.7126778 0.1832264 0.71104 0.1832081 0.7123919 0.1797423 0.7123919 0.1797423 0.71104 0.1832081 0.7107479 0.1798563 0.7123919 0.1797423 0.7107479 0.1798563 0.7123579 0.1795554 0.7123579 0.1795554 0.7107479 0.1798563 0.7113267 0.1760106 0.6770256 0.1794677 0.6766565 0.1828086 0.6750197 0.1827889 0.6750197 0.1827889 0.6766565 0.1828086 0.6766563 0.1828268 0.6750197 0.1827889 0.6766563 0.1828268 0.6752361 0.185873 0.6752361 0.185873 0.6766563 0.1828268 0.6769485 0.1861796 0.6752361 0.185873 0.6769485 0.1861796 0.6753396 0.1864809 0.6753396 0.1864809 0.6769485 0.1861796 0.6763775 0.1900417 0.5485282 0.8787859 0.5492191 0.8804275 0.5428932 0.8787889 0.5428932 0.8787889 0.5492191 0.8804275 0.5427494 0.8804309 0.6344495 0.9576577 0.6356216 0.9588003 0.629529 0.9605768 0.629529 0.9605768 0.6356216 0.9588003 0.6299721 0.9621519 0.629529 0.9605768 0.6299721 0.9621519 0.6238082 0.9606447 0.6238082 0.9606447 0.6299721 0.9621519 0.6234037 0.9622297 0.6238082 0.9606447 0.6234037 0.9622297 0.6188199 0.957843 0.6188199 0.957843 0.6234037 0.9622297 0.6176764 0.9590131 0.8905812 0.429042 0.8909965 0.4306809 0.8848601 0.4290421 0.8848601 0.4290421 0.8909965 0.4306809 0.8844277 0.4306809 0.6159007 0.9529226 0.6143248 0.9533636 0.6158329 0.9472017 0.6158329 0.9472017 0.6143248 0.9533636 0.6142469 0.9467952 0.6158329 0.9472017 0.6142469 0.9467952 0.6186345 0.9422134 0.6186345 0.9422134 0.6142469 0.9467952 0.6174637 0.941068 0.4867945 0.7523883 0.4872142 0.7540317 0.4810733 0.7523882 0.4810733 0.7523882 0.4872142 0.7540317 0.4806454 0.7540314 0.623555 0.9392943 0.623113 0.9377163 0.6292759 0.9392265 0.6292759 0.9392265 0.623113 0.9377163 0.6296814 0.9376384 0.6292759 0.9392265 0.6296814 0.9376384 0.6342642 0.9420281 0.6342642 0.9420281 0.6296814 0.9376384 0.6354088 0.9408552 0.5616679 0.9635171 0.5620061 0.9651548 0.5559549 0.9635168 0.5559549 0.9635168 0.5620061 0.9651548 0.5554468 0.9651548 0.6371833 0.9469485 0.6387604 0.9465045 0.6372512 0.9526694 0.6372512 0.9526694 0.6387604 0.9465045 0.6388383 0.9530729 0.4807631 0.6526159 0.4823247 0.6521269 0.4871922 0.6677119 0.1405444 0.9820767 0.1246508 0.980436 0.1394205 0.9804379 0.704208 0.8850923 0.704208 0.8719015 0.7058512 0.8749783 0.003274559 0.4775714 0.003274559 0.4726082 0.003639161 0.4745143 0.003274559 0.4775714 0.003639161 0.4745143 0.003605842 0.4760255 0.4865164 0.5924073 0.4823247 0.6030782 0.480763 0.6025863 0.480763 0.6025863 0.4823247 0.6030782 0.4814458 0.6060767 0.480763 0.6025863 0.4814458 0.6060767 0.4773575 0.6191474 0.4814458 0.6060767 0.4789859 0.6193146 0.4773575 0.6191474 0.4773575 0.6191474 0.4789859 0.6193146 0.4785747 0.6263614 0.5525031 0.8744928 0.5508643 0.8676655 0.5525031 0.8599395 0.4773575 0.6360549 0.4785747 0.6263614 0.4789859 0.6358906 0.4773575 0.6360549 0.4789859 0.6358906 0.4807631 0.6526159 0.1242778 0.9820749 0.1089757 0.9804308 0.1192389 0.9804344 0.4807631 0.6526159 0.4808295 0.6467238 0.4823247 0.6521269 0.7412306 0.4371978 0.740621 0.4347808 0.7494602 0.450559 0.8767825 0.457782 0.8806021 0.4532323 0.8797587 0.4545601 0.7412306 0.4371978 0.7494602 0.450559 0.7415605 0.4406918 0.7415605 0.4406918 0.7494602 0.450559 0.748128 0.4515134 0.748128 0.4515134 0.7494602 0.450559 0.7508878 0.4524923 0.7058129 0.648761 0.7074509 0.6506609 0.7058129 0.6668998 0.7057199 0.7072281 0.7053321 0.723935 0.7036982 0.7240646 0.7036982 0.7240646 0.7053321 0.723935 0.7057199 0.7277149 0.7372452 0.8469957 0.7388831 0.8495341 0.7372452 0.8629935 0.7011677 0.7072279 0.7006815 0.7225416 0.6990456 0.722643 0.6990456 0.722643 0.7006815 0.7225416 0.7011677 0.7277148 0.4861685 0.5673618 0.4878113 0.5722796 0.4861685 0.5825304 0.7036176 0.707228 0.7030568 0.721147 0.7014195 0.72122 0.7014195 0.72122 0.7030568 0.721147 0.7036176 0.7277149 0.702918 0.7847474 0.7045601 0.7913329 0.702918 0.802336 0.1665817 0.6977286 0.1659701 0.7102518 0.164332 0.7102965 0.164332 0.7102965 0.1659701 0.7102518 0.1665817 0.7182155 0.7369611 0.7404868 0.7386025 0.7486911 0.7369611 0.7595381 0.1797285 0.8847935 0.1813304 0.8958227 0.1797285 0.8961669 0.9242202 0.9349768 0.9258635 0.9351304 0.9258615 0.9445061 0.9242202 0.9349768 0.9258615 0.9445061 0.9242204 0.954454 0.9258615 0.9445061 0.9258638 0.9542257 0.9242204 0.954454 0.7058513 0.8851034 0.7074515 0.8854541 0.7058513 0.8961107 0.6996387 0.7472109 0.7012801 0.7575326 0.6996387 0.7660539 0.8690143 0.467448 0.8612552 0.4711467 0.8679763 0.466181 0.8690143 0.467448 0.8679763 0.466181 0.8788802 0.4578872 0.8788802 0.4578872 0.8679763 0.466181 0.8767825 0.457782 0.8788802 0.4578872 0.8767825 0.457782 0.8791996 0.455973 0.8791996 0.455973 0.8767825 0.457782 0.8797587 0.4545601 0.6976092 0.6766287 0.6831518 0.7014721 0.6971009 0.6773225 0.6971009 0.6773225 0.6831518 0.7014721 0.6964586 0.6778948 0.6817352 0.700649 0.694535 0.678654 0.6831518 0.7014721 0.6831518 0.7014721 0.694535 0.678654 0.6948905 0.6785807 0.6831518 0.7014721 0.6948905 0.6785807 0.6964586 0.6778948 0.6617394 0.876942 0.6482626 0.8657144 0.6633555 0.8767199 0.6633555 0.8767199 0.6482626 0.8657144 0.6494185 0.8645527 0.6633555 0.8767199 0.6494185 0.8645527 0.6643493 0.8769087 0.6643493 0.8769087 0.6494185 0.8645527 0.6653178 0.877368 0.6817352 0.700649 0.6831518 0.7014721 0.6815223 0.7034667 0.6817352 0.700649 0.6815223 0.7034667 0.6804315 0.7022448 0.6804315 0.7022448 0.6815223 0.7034667 0.6793536 0.7048564 0.6804315 0.7022448 0.6793536 0.7048564 0.6786966 0.7033565 0.645734 0.8651329 0.6452041 0.8635835 0.6466982 0.8633654 0.645734 0.8651329 0.6466982 0.8633654 0.6466304 0.865002 0.2087389 0.8632737 0.2083055 0.8616306 0.2098104 0.8616293 0.2087389 0.8632737 0.2098104 0.8616293 0.2096419 0.863273 0.6475133 0.8652051 0.6481698 0.8637038 0.6494185 0.8645527 0.6475133 0.8652051 0.6494185 0.8645527 0.6482626 0.8657144 0.6376655 0.8504477 0.6363136 0.8513743 0.6274926 0.831427 0.6274926 0.831427 0.6363136 0.8513743 0.6259712 0.8320366 0.6274926 0.831427 0.6259712 0.8320366 0.6217159 0.8106446 0.6217159 0.8106446 0.6259712 0.8320366 0.6200982 0.8109079 0.6217159 0.8106446 0.6200982 0.8109079 0.6206135 0.7891026 0.6206135 0.7891026 0.6200982 0.8109079 0.6189775 0.7890068 0.499859 0.6919389 0.4982212 0.6922606 0.4998591 0.6704517 0.4998591 0.6704517 0.4982212 0.6922606 0.4982213 0.6704154 0.624239 0.7678391 0.6226634 0.7673889 0.6324173 0.7478794 0.6324173 0.7478794 0.6226634 0.7673889 0.630978 0.7470965 0.6324173 0.7478794 0.630978 0.7470965 0.6447542 0.7301854 0.6447542 0.7301854 0.630978 0.7470965 0.6435206 0.7291077 0.6447542 0.7301854 0.6435206 0.7291077 0.6606552 0.7156103 0.6606552 0.7156103 0.6435206 0.7291077 0.6596865 0.7142896 0.6606552 0.7156103 0.6596865 0.7142896 0.6793536 0.7048564 0.6793536 0.7048564 0.6596865 0.7142896 0.6786966 0.7033565 0.6452041 0.8635835 0.645734 0.8651329 0.642281 0.8638448 0.642281 0.8638448 0.645734 0.8651329 0.6420313 0.8654637 0.2042412 0.8616394 0.204496 0.8632827 0.2013172 0.8616403 0.2013172 0.8616403 0.204496 0.8632827 0.2007923 0.8632836 0.6395705 0.8627195 0.6385981 0.8640385 0.6376918 0.8604649 0.6376918 0.8604649 0.6385981 0.8640385 0.6362184 0.8611827 0.6376918 0.8604649 0.6362184 0.8611827 0.6370741 0.8575959 0.6370741 0.8575959 0.6362184 0.8611827 0.6354359 0.8575486 0.499867 0.7540085 0.498229 0.7543778 0.4998672 0.751074 0.4998672 0.751074 0.498229 0.7543778 0.4982292 0.7506607 0.6363136 0.8513743 0.6376655 0.8504477 0.6382751 0.8518292 0.6363136 0.8513743 0.6382751 0.8518292 0.6366794 0.8522032 0.6366794 0.8522032 0.6382751 0.8518292 0.6383425 0.8533377 0.6366794 0.8522032 0.6383425 0.8533377 0.6367198 0.8531083 0.4982292 0.7497569 0.4998671 0.7495678 0.4998672 0.751074 0.4982292 0.7497569 0.4998672 0.751074 0.4982292 0.7506607</float_array>
          <technique_common>
            <accessor source="#LINK_THUMB_MID_R-mesh-map-array" count="19221" stride="2">
              <param name="S" type="float"/>
              <param name="T" type="float"/>
            </accessor>
          </technique_common>
        </source>
        <vertices id="LINK_THUMB_MID_R-mesh-vertices">
          <input semantic="POSITION" source="#LINK_THUMB_MID_R-mesh-positions"/>
        </vertices>
        <triangles material="超量金属太空银-光面_001-material" count="6407">
          <input semantic="VERTEX" source="#LINK_THUMB_MID_R-mesh-vertices" offset="0"/>
          <input semantic="NORMAL" source="#LINK_THUMB_MID_R-mesh-normals" offset="1"/>
          <input semantic="TEXCOORD" source="#LINK_THUMB_MID_R-mesh-map" offset="2" set="0"/>
          <p>0 0 0 1 1 1 2 2 2 2 2 3 1 1 4 3 3 5 4 4 6 5 5 7 3 3 8 3 3 9 5 5 10 6 6 11 7 7 12 2 2 13 8 8 14 8 8 15 2 2 16 3 3 17 8 8 18 3 3 19 9 9 20 9 9 21 3 3 22 6 6 23 9 9 24 6 6 25 10 10 26 11 11 27 12 12 28 13 13 29 13 13 30 12 12 31 14 14 32 13 13 33 14 14 34 15 15 35 16 16 36 17 17 37 18 18 38 18 18 39 17 17 40 19 19 41 18 18 42 19 19 43 20 20 44 16 16 45 18 18 46 21 21 47 21 21 48 18 18 49 14 14 50 21 21 51 14 14 52 22 22 53 22 22 54 14 14 55 12 12 56 22 22 57 12 12 58 23 23 59 24 24 60 25 25 61 26 26 62 27 27 63 28 28 64 29 29 65 30 30 66 31 30 67 32 30 68 32 31 69 31 32 70 33 33 71 32 31 72 33 33 73 34 34 74 24 24 75 26 26 76 35 35 77 35 35 78 26 26 79 36 36 80 35 35 81 36 36 82 37 37 83 37 37 84 36 36 85 38 38 86 37 37 87 38 38 88 39 39 89 40 40 90 41 41 91 37 37 92 33 33 93 42 42 94 34 34 95 34 34 96 42 42 97 43 43 98 34 34 99 43 43 100 44 44 101 44 44 102 43 43 103 45 45 104 44 44 105 45 45 106 46 46 107 46 46 108 45 45 109 47 47 110 46 46 111 47 47 112 48 48 113 27 49 114 29 50 115 32 51 116 32 51 117 29 50 118 49 52 119 50 53 120 51 54 121 52 55 122 53 56 123 54 57 124 55 58 125 55 58 126 54 57 127 56 59 128 55 58 129 56 59 130 57 60 131 57 60 132 56 59 133 58 61 134 57 60 135 58 61 136 59 62 137 59 62 138 58 61 139 60 63 140 59 62 141 60 63 142 61 64 143 61 64 144 60 63 145 62 65 146 53 56 147 63 66 148 54 57 149 54 57 150 63 66 151 64 67 152 54 68 153 64 68 154 65 68 155 65 69 156 64 70 157 66 71 158 65 69 159 66 71 160 52 55 161 52 55 162 66 71 163 67 72 164 52 55 165 67 72 166 50 53 167 62 73 168 60 74 169 68 75 170 68 75 171 60 74 172 69 76 173 68 75 174 69 76 175 70 77 176 70 77 177 69 76 178 71 78 179 71 78 180 69 76 181 72 79 182 71 78 183 72 79 184 73 80 185 73 80 186 72 79 187 74 81 188 73 80 189 74 81 190 75 82 191 75 82 192 74 81 193 76 83 194 75 84 195 76 84 196 77 84 197 78 85 198 79 86 199 80 87 200 80 87 201 79 86 202 81 88 203 80 87 204 81 88 205 82 89 206 82 89 207 81 88 208 83 90 209 82 89 210 83 90 211 84 91 212 28 28 213 27 27 214 76 92 215 76 92 216 27 27 217 85 93 218 76 92 219 85 93 220 86 94 221 87 95 222 88 96 223 89 97 224 89 97 225 88 96 226 90 98 227 40 40 228 37 37 229 91 99 230 92 100 231 93 101 232 94 102 233 94 102 234 93 101 235 95 103 236 97 104 237 52 55 238 51 54 239 77 105 240 76 92 241 98 106 242 98 106 243 76 92 244 86 94 245 98 107 246 86 108 247 99 109 248 99 109 249 86 108 250 100 110 251 99 111 252 100 112 253 101 113 254 101 113 255 100 112 256 26 114 257 101 115 258 26 26 259 102 116 260 102 116 261 26 26 262 25 25 263 102 116 264 25 25 265 103 117 266 103 117 267 25 25 268 104 118 269 103 117 270 104 118 271 105 119 272 105 119 273 104 118 274 106 120 275 105 119 276 106 120 277 78 121 278 78 121 279 106 120 280 107 122 281 87 95 282 89 97 283 108 123 284 108 123 285 89 97 286 109 124 287 108 123 288 109 124 289 110 125 290 110 125 291 109 124 292 111 126 293 110 125 294 111 126 295 112 127 296 90 98 297 113 128 298 89 97 299 89 97 300 113 128 301 114 129 302 89 97 303 114 129 304 115 130 305 116 131 306 91 99 307 117 132 308 117 132 309 91 99 310 37 37 311 117 132 312 37 37 313 48 48 314 48 48 315 37 37 316 39 39 317 48 48 318 39 39 319 46 46 320 118 133 321 119 134 322 120 135 323 41 41 324 40 40 325 121 136 326 121 136 327 40 40 328 122 137 329 121 136 330 122 137 331 83 138 332 83 138 333 122 137 334 123 139 335 83 90 336 123 140 337 84 91 338 40 40 339 124 141 340 122 137 341 122 137 342 124 141 343 125 142 344 122 137 345 125 142 346 126 143 347 126 143 348 125 142 349 127 144 350 114 129 351 128 145 352 115 130 353 115 130 354 128 145 355 129 146 356 115 130 357 129 146 358 130 147 359 130 147 360 129 146 361 131 148 362 130 147 363 131 148 364 127 144 365 127 144 366 131 148 367 132 149 368 127 144 369 132 149 370 126 143 371 112 127 372 111 126 373 133 150 374 133 150 375 111 126 376 134 151 377 133 150 378 134 151 379 120 135 380 120 135 381 134 151 382 135 152 383 120 135 384 135 152 385 118 133 386 136 153 387 137 154 388 138 155 389 139 156 390 140 157 391 141 158 392 138 155 393 137 154 394 142 159 395 143 160 396 144 161 397 145 162 398 145 162 399 144 161 400 146 163 401 147 164 402 148 165 403 149 166 404 149 166 405 148 165 406 150 167 407 149 168 408 150 169 409 151 170 410 151 170 411 150 169 412 152 171 413 151 172 414 152 172 415 153 172 416 153 173 417 154 173 418 155 173 419 155 174 420 156 175 421 157 176 422 157 176 423 156 175 424 158 177 425 143 160 426 145 162 427 159 178 428 159 178 429 145 162 430 160 179 431 159 178 432 160 179 433 161 180 434 160 179 435 162 181 436 161 180 437 161 180 438 162 181 439 163 182 440 161 180 441 163 182 442 164 183 443 165 184 444 166 185 445 167 186 446 144 161 447 168 187 448 146 163 449 146 163 450 168 187 451 169 188 452 146 163 453 169 188 454 170 189 455 163 182 456 171 190 457 164 183 458 164 183 459 171 190 460 172 191 461 164 183 462 172 191 463 147 192 464 147 192 465 172 191 466 173 193 467 147 192 468 173 193 469 148 194 470 174 195 471 175 196 472 158 197 473 158 197 474 175 196 475 176 198 476 158 199 477 176 200 478 157 201 479 157 201 480 176 200 481 165 202 482 157 203 483 165 203 484 177 203 485 177 204 486 165 184 487 167 186 488 178 205 489 179 206 490 180 207 491 180 207 492 179 206 493 139 156 494 180 207 495 139 156 496 181 208 497 181 208 498 139 156 499 141 158 500 182 209 501 183 210 502 184 211 503 184 211 504 183 210 505 185 212 506 186 213 507 187 214 508 188 215 509 178 205 510 189 216 511 179 206 512 179 206 513 189 216 514 190 217 515 179 206 516 190 217 517 188 215 518 188 215 519 190 217 520 191 218 521 188 215 522 191 218 523 186 213 524 137 154 525 192 219 526 142 159 527 142 159 528 192 219 529 193 220 530 142 159 531 193 220 532 194 221 533 194 221 534 193 220 535 195 222 536 194 221 537 195 222 538 140 157 539 140 157 540 195 222 541 196 223 542 140 157 543 196 223 544 141 158 545 182 209 546 197 224 547 183 210 548 183 210 549 197 224 550 198 225 551 183 210 552 198 225 553 199 226 554 199 226 555 198 225 556 136 153 557 199 226 558 136 153 559 200 227 560 200 227 561 136 153 562 138 155 563 186 213 564 201 228 565 187 214 566 187 214 567 201 228 568 202 229 569 187 214 570 202 229 571 203 230 572 204 231 573 205 232 574 185 212 575 185 212 576 205 232 577 206 233 578 185 212 579 206 233 580 184 211 581 203 230 582 207 234 583 187 214 584 187 214 585 207 234 586 208 235 587 187 214 588 208 235 589 209 236 590 169 188 591 210 237 592 170 189 593 170 189 594 210 237 595 211 238 596 170 189 597 211 238 598 212 239 599 212 239 600 211 238 601 213 240 602 212 239 603 213 240 604 214 241 605 214 241 606 213 240 607 215 242 608 214 241 609 215 242 610 216 243 611 216 243 612 215 242 613 204 231 614 216 243 615 204 231 616 217 244 617 217 244 618 204 231 619 185 212 620 218 245 621 219 246 622 220 247 623 220 247 624 219 246 625 221 248 626 220 247 627 221 248 628 222 249 629 222 249 630 221 248 631 223 250 632 222 249 633 223 250 634 224 251 635 224 251 636 223 250 637 225 252 638 224 251 639 225 252 640 226 253 641 226 253 642 225 252 643 227 254 644 226 253 645 227 254 646 228 255 647 228 255 648 227 254 649 229 256 650 228 255 651 229 256 652 230 257 653 230 257 654 229 256 655 231 258 656 230 257 657 231 258 658 232 259 659 232 259 660 231 258 661 233 260 662 232 259 663 233 260 664 234 261 665 234 261 666 233 260 667 235 262 668 236 263 669 237 264 670 238 265 671 238 265 672 237 264 673 239 266 674 238 265 675 239 266 676 240 267 677 241 268 678 242 269 679 243 270 680 243 270 681 242 269 682 244 271 683 243 270 684 244 271 685 245 272 686 245 272 687 244 271 688 246 273 689 245 272 690 246 273 691 239 266 692 239 266 693 246 273 694 247 274 695 239 266 696 247 274 697 240 267 698 248 275 699 249 276 700 250 277 701 238 265 702 240 267 703 251 278 704 252 279 705 253 280 706 254 281 707 254 281 708 253 280 709 255 282 710 238 265 711 251 278 712 256 283 713 256 283 714 251 278 715 257 284 716 256 283 717 257 284 718 258 285 719 250 277 720 259 286 721 248 275 722 248 275 723 259 286 724 260 287 725 248 275 726 260 287 727 261 288 728 260 287 729 262 289 730 261 288 731 261 288 732 262 289 733 263 290 734 261 288 735 263 290 736 254 281 737 254 281 738 263 290 739 264 291 740 254 281 741 264 291 742 252 279 743 236 263 744 238 265 745 265 292 746 265 292 747 238 265 748 256 283 749 265 292 750 256 283 751 266 293 752 266 293 753 256 283 754 258 285 755 266 293 756 258 285 757 255 282 758 255 282 759 258 285 760 257 284 761 255 282 762 257 284 763 254 281 764 267 294 765 268 295 766 269 296 767 269 296 768 268 295 769 270 297 770 269 296 771 270 297 772 271 298 773 267 294 774 272 299 775 268 295 776 268 295 777 272 299 778 273 300 779 268 295 780 273 300 781 274 301 782 274 301 783 273 300 784 275 302 785 275 302 786 273 300 787 276 303 788 275 302 789 276 303 790 277 304 791 278 305 792 279 306 793 280 307 794 280 307 795 279 306 796 281 308 797 280 307 798 281 308 799 282 309 800 282 309 801 281 308 802 283 310 803 278 305 804 284 311 805 279 306 806 279 306 807 284 311 808 285 312 809 279 306 810 285 312 811 270 297 812 270 297 813 285 312 814 286 313 815 270 297 816 286 313 817 271 298 818 287 314 819 288 315 820 289 316 821 289 316 822 288 315 823 290 317 824 289 316 825 290 317 826 291 318 827 291 318 828 290 317 829 292 319 830 291 318 831 292 319 832 293 320 833 293 320 834 292 319 835 294 321 836 293 320 837 294 321 838 295 322 839 295 322 840 294 321 841 296 323 842 295 322 843 296 323 844 297 324 845 297 324 846 296 323 847 298 325 848 297 324 849 298 325 850 299 326 851 299 326 852 298 325 853 300 327 854 299 326 855 300 327 856 301 328 857 301 328 858 300 327 859 302 329 860 301 328 861 302 329 862 218 245 863 218 245 864 302 329 865 219 246 866 303 330 867 304 331 868 305 332 869 305 332 870 304 331 871 306 333 872 305 332 873 306 333 874 307 334 875 307 334 876 306 333 877 308 335 878 307 334 879 308 335 880 309 336 881 309 336 882 308 335 883 275 302 884 309 336 885 275 302 886 310 337 887 310 337 888 275 302 889 277 304 890 311 338 891 312 339 892 313 340 893 313 340 894 312 339 895 314 341 896 313 340 897 314 341 898 315 342 899 315 342 900 314 341 901 316 343 902 311 338 903 317 344 904 312 339 905 312 339 906 317 344 907 318 345 908 312 339 909 318 345 910 249 276 911 249 276 912 318 345 913 319 346 914 249 276 915 319 346 916 250 277 917 242 269 918 241 268 919 320 347 920 242 269 921 320 347 922 321 348 923 234 261 924 235 262 925 322 349 926 322 349 927 235 262 928 323 350 929 322 349 930 323 350 931 324 351 932 324 351 933 323 350 934 325 352 935 324 351 936 325 352 937 326 353 938 326 353 939 325 352 940 327 354 941 326 353 942 327 354 943 328 355 944 328 355 945 327 354 946 329 356 947 328 355 948 329 356 949 330 357 950 330 357 951 329 356 952 331 358 953 330 357 954 331 358 955 332 359 956 332 359 957 331 358 958 333 360 959 332 359 960 333 360 961 320 347 962 320 347 963 333 360 964 334 361 965 320 347 966 334 361 967 321 348 968 288 315 969 287 314 970 335 362 971 335 362 972 287 314 973 336 363 974 335 362 975 336 363 976 337 364 977 338 365 978 339 366 979 340 367 980 340 367 981 339 366 982 341 368 983 340 367 984 341 368 985 342 369 986 342 369 987 341 368 988 343 370 989 342 369 990 343 370 991 344 371 992 344 371 993 343 370 994 345 372 995 344 371 996 345 372 997 346 373 998 346 373 999 345 372 1000 347 374 1001 346 373 1002 347 374 1003 348 375 1004 348 375 1005 347 374 1006 349 376 1007 348 375 1008 349 376 1009 350 377 1010 350 377 1011 349 376 1012 337 364 1013 350 377 1014 337 364 1015 351 378 1016 351 378 1017 337 364 1018 336 363 1019 339 366 1020 338 365 1021 352 379 1022 352 379 1023 338 365 1024 353 380 1025 352 379 1026 353 380 1027 354 381 1028 355 382 1029 282 309 1030 283 310 1031 354 381 1032 353 380 1033 356 383 1034 356 383 1035 353 380 1036 357 384 1037 356 383 1038 357 384 1039 358 385 1040 358 385 1041 357 384 1042 359 386 1043 358 385 1044 359 386 1045 360 387 1046 360 387 1047 359 386 1048 361 388 1049 360 387 1050 361 388 1051 362 389 1052 362 389 1053 361 388 1054 355 382 1055 362 389 1056 355 382 1057 363 390 1058 363 390 1059 355 382 1060 283 310 1061 363 390 1062 283 310 1063 364 391 1064 365 392 1065 366 393 1066 367 394 1067 367 394 1068 366 393 1069 368 395 1070 367 394 1071 368 395 1072 369 396 1073 369 396 1074 368 395 1075 370 397 1076 369 396 1077 370 397 1078 371 398 1079 371 398 1080 370 397 1081 372 399 1082 373 400 1083 374 401 1084 375 402 1085 375 402 1086 374 401 1087 376 403 1088 375 402 1089 376 403 1090 372 399 1091 372 399 1092 376 403 1093 377 404 1094 372 399 1095 377 404 1096 371 398 1097 378 405 1098 379 406 1099 380 407 1100 380 407 1101 379 406 1102 381 408 1103 380 407 1104 381 408 1105 382 409 1106 382 409 1107 381 408 1108 383 410 1109 382 409 1110 383 410 1111 384 411 1112 383 410 1113 385 412 1114 384 411 1115 384 411 1116 385 412 1117 386 413 1118 384 411 1119 386 413 1120 387 414 1121 387 414 1122 386 413 1123 388 415 1124 387 414 1125 388 415 1126 389 416 1127 389 416 1128 388 415 1129 390 417 1130 389 416 1131 390 417 1132 391 418 1133 391 418 1134 390 417 1135 392 419 1136 391 418 1137 392 419 1138 393 420 1139 393 420 1140 392 419 1141 394 421 1142 393 420 1143 394 421 1144 395 422 1145 395 422 1146 394 421 1147 396 423 1148 395 422 1149 396 423 1150 397 424 1151 366 393 1152 365 392 1153 398 425 1154 398 425 1155 365 392 1156 399 426 1157 398 425 1158 399 426 1159 400 427 1160 400 427 1161 399 426 1162 401 428 1163 400 427 1164 401 428 1165 402 429 1166 402 429 1167 401 428 1168 397 424 1169 402 429 1170 397 424 1171 403 430 1172 403 430 1173 397 424 1174 396 423 1175 404 431 1176 364 391 1177 283 310 1178 270 297 1179 405 432 1180 279 306 1181 279 306 1182 405 432 1183 404 431 1184 279 306 1185 404 431 1186 281 308 1187 281 308 1188 404 431 1189 283 310 1190 242 269 1191 321 348 1192 244 271 1193 244 271 1194 321 348 1195 406 433 1196 244 271 1197 406 433 1198 246 273 1199 246 273 1200 406 433 1201 407 434 1202 246 273 1203 407 434 1204 247 274 1205 247 274 1206 407 434 1207 408 435 1208 247 274 1209 408 435 1210 240 267 1211 240 267 1212 408 435 1213 409 436 1214 410 437 1215 411 438 1216 304 331 1217 412 439 1218 413 440 1219 414 441 1220 414 441 1221 413 440 1222 415 442 1223 414 441 1224 415 442 1225 416 443 1226 416 443 1227 415 442 1228 417 444 1229 416 443 1230 417 444 1231 418 445 1232 418 445 1233 417 444 1234 419 446 1235 418 445 1236 419 446 1237 420 447 1238 420 447 1239 419 446 1240 410 437 1241 420 447 1242 410 437 1243 421 448 1244 421 448 1245 410 437 1246 304 331 1247 421 448 1248 304 331 1249 303 330 1250 379 406 1251 378 405 1252 422 449 1253 422 449 1254 378 405 1255 423 450 1256 422 449 1257 423 450 1258 412 439 1259 412 439 1260 423 450 1261 424 451 1262 412 439 1263 424 451 1264 413 440 1265 405 432 1266 270 297 1267 268 295 1268 405 432 1269 268 295 1270 425 452 1271 425 452 1272 268 295 1273 274 301 1274 425 452 1275 274 301 1276 426 453 1277 426 453 1278 274 301 1279 275 302 1280 426 453 1281 275 302 1282 427 454 1283 428 455 1284 249 276 1285 248 275 1286 428 455 1287 248 275 1288 429 456 1289 429 456 1290 248 275 1291 261 288 1292 429 456 1293 261 288 1294 430 457 1295 430 457 1296 261 288 1297 254 281 1298 430 457 1299 254 281 1300 431 458 1301 431 458 1302 254 281 1303 257 284 1304 431 458 1305 257 284 1306 409 436 1307 409 436 1308 257 284 1309 251 278 1310 409 436 1311 251 278 1312 240 267 1313 304 331 1314 411 438 1315 306 333 1316 306 333 1317 411 438 1318 432 459 1319 306 333 1320 432 459 1321 308 335 1322 308 335 1323 432 459 1324 433 460 1325 308 335 1326 433 460 1327 275 302 1328 275 302 1329 433 460 1330 427 454 1331 249 276 1332 428 455 1333 312 339 1334 312 339 1335 428 455 1336 434 461 1337 312 339 1338 434 461 1339 314 341 1340 314 341 1341 434 461 1342 435 462 1343 314 341 1344 435 462 1345 316 343 1346 316 343 1347 435 462 1348 436 463 1349 437 464 1350 438 465 1351 439 466 1352 439 466 1353 438 465 1354 440 467 1355 439 466 1356 440 467 1357 441 468 1358 442 469 1359 315 342 1360 316 343 1361 440 467 1362 443 470 1363 441 468 1364 441 468 1365 443 470 1366 444 471 1367 441 468 1368 444 471 1369 445 472 1370 445 472 1371 444 471 1372 446 473 1373 445 472 1374 446 473 1375 447 474 1376 447 474 1377 446 473 1378 448 475 1379 447 474 1380 448 475 1381 449 476 1382 449 476 1383 448 475 1384 442 469 1385 449 476 1386 442 469 1387 450 477 1388 450 477 1389 442 469 1390 316 343 1391 450 477 1392 316 343 1393 436 463 1394 451 478 1395 452 479 1396 453 480 1397 453 480 1398 454 481 1399 451 478 1400 451 478 1401 454 481 1402 455 482 1403 451 478 1404 455 482 1405 456 483 1406 456 483 1407 455 482 1408 457 484 1409 438 465 1410 437 464 1411 458 485 1412 458 485 1413 437 464 1414 459 486 1415 458 485 1416 459 486 1417 460 487 1418 460 487 1419 459 486 1420 461 488 1421 460 487 1422 461 488 1423 462 489 1424 462 489 1425 461 488 1426 456 483 1427 462 489 1428 456 483 1429 463 490 1430 463 490 1431 456 483 1432 457 484 1433 464 491 1434 465 492 1435 466 493 1436 466 493 1437 465 492 1438 467 494 1439 466 493 1440 467 494 1441 468 495 1442 468 495 1443 467 494 1444 469 496 1445 468 495 1446 469 496 1447 470 497 1448 470 497 1449 469 496 1450 471 498 1451 470 497 1452 471 498 1453 472 499 1454 472 499 1455 471 498 1456 473 500 1457 472 499 1458 473 500 1459 474 501 1460 474 501 1461 473 500 1462 475 502 1463 474 501 1464 475 502 1465 476 503 1466 476 503 1467 475 502 1468 477 504 1469 476 503 1470 477 504 1471 478 505 1472 478 505 1473 477 504 1474 479 506 1475 478 505 1476 479 506 1477 480 507 1478 480 507 1479 479 506 1480 481 508 1481 219 509 1482 464 491 1483 221 510 1484 221 510 1485 464 491 1486 466 493 1487 221 510 1488 466 493 1489 223 511 1490 223 511 1491 466 493 1492 468 495 1493 223 511 1494 468 495 1495 225 512 1496 225 512 1497 468 495 1498 470 497 1499 225 512 1500 470 497 1501 227 513 1502 227 513 1503 470 497 1504 472 499 1505 227 513 1506 472 499 1507 229 514 1508 229 514 1509 472 499 1510 474 501 1511 229 514 1512 474 501 1513 231 515 1514 231 515 1515 474 501 1516 476 503 1517 231 515 1518 476 503 1519 233 516 1520 233 516 1521 476 503 1522 478 505 1523 233 516 1524 478 505 1525 235 517 1526 235 517 1527 478 505 1528 480 507 1529 482 518 1530 218 519 1531 220 520 1532 482 518 1533 220 520 1534 483 521 1535 483 521 1536 220 520 1537 222 522 1538 483 521 1539 222 522 1540 484 523 1541 484 523 1542 222 522 1543 224 524 1544 484 523 1545 224 524 1546 485 525 1547 485 525 1548 224 524 1549 226 526 1550 485 525 1551 226 526 1552 486 527 1553 486 527 1554 226 526 1555 228 528 1556 486 527 1557 228 528 1558 487 529 1559 487 529 1560 228 528 1561 230 530 1562 487 529 1563 230 530 1564 488 531 1565 488 531 1566 230 530 1567 232 532 1568 488 531 1569 232 532 1570 489 533 1571 489 533 1572 232 532 1573 234 534 1574 489 533 1575 234 534 1576 490 535 1577 328 536 1578 491 537 1579 326 538 1580 326 538 1581 491 537 1582 492 539 1583 326 538 1584 492 539 1585 324 540 1586 324 540 1587 492 539 1588 493 541 1589 324 540 1590 493 541 1591 322 542 1592 322 542 1593 493 541 1594 490 535 1595 322 542 1596 490 535 1597 234 534 1598 494 543 1599 495 544 1600 328 536 1601 328 536 1602 495 544 1603 496 545 1604 328 536 1605 496 545 1606 491 537 1607 328 536 1608 330 546 1609 494 543 1610 494 543 1611 330 546 1612 332 547 1613 494 543 1614 332 547 1615 497 548 1616 497 548 1617 332 547 1618 320 549 1619 497 548 1620 320 549 1621 498 550 1622 498 550 1623 320 549 1624 241 551 1625 498 550 1626 241 551 1627 243 552 1628 499 553 1629 500 554 1630 501 555 1631 501 555 1632 500 554 1633 502 556 1634 501 555 1635 502 556 1636 503 557 1637 503 557 1638 502 556 1639 504 558 1640 503 557 1641 504 558 1642 505 559 1643 505 559 1644 504 558 1645 506 560 1646 506 560 1647 504 558 1648 507 561 1649 506 560 1650 507 561 1651 508 562 1652 498 550 1653 243 552 1654 499 553 1655 499 553 1656 243 552 1657 245 563 1658 499 553 1659 245 563 1660 500 554 1661 500 554 1662 245 563 1663 239 564 1664 500 554 1665 239 564 1666 502 556 1667 502 556 1668 239 564 1669 237 565 1670 502 556 1671 237 565 1672 504 558 1673 504 558 1674 237 565 1675 236 566 1676 504 558 1677 236 566 1678 507 561 1679 509 567 1680 510 568 1681 511 569 1682 510 568 1683 509 567 1684 512 570 1685 513 571 1686 514 572 1687 511 569 1688 511 569 1689 514 572 1690 515 573 1691 511 569 1692 515 573 1693 509 567 1694 512 570 1695 508 562 1696 510 568 1697 510 568 1698 508 562 1699 507 561 1700 510 568 1701 507 561 1702 511 569 1703 511 569 1704 507 561 1705 236 566 1706 516 574 1707 517 575 1708 518 576 1709 259 577 1710 250 578 1711 519 579 1712 520 580 1713 521 581 1714 522 582 1715 522 582 1716 523 583 1717 520 580 1718 520 580 1719 523 583 1720 524 584 1721 520 580 1722 524 584 1723 525 585 1724 526 586 1725 527 587 1726 516 574 1727 516 574 1728 527 587 1729 528 588 1730 516 574 1731 528 588 1732 529 589 1733 529 589 1734 528 588 1735 530 590 1736 531 591 1737 532 592 1738 533 593 1739 534 594 1740 535 595 1741 536 596 1742 536 596 1743 535 595 1744 273 597 1745 536 596 1746 273 597 1747 533 593 1748 534 594 1749 537 598 1750 535 595 1751 535 595 1752 537 598 1753 538 599 1754 535 595 1755 538 599 1756 539 600 1757 539 600 1758 540 601 1759 535 595 1760 535 595 1761 540 601 1762 541 602 1763 535 595 1764 541 602 1765 542 603 1766 543 604 1767 544 605 1768 545 606 1769 545 606 1770 544 605 1771 531 591 1772 531 591 1773 544 605 1774 546 607 1775 531 591 1776 546 607 1777 532 592 1778 547 608 1779 548 609 1780 549 610 1781 550 611 1782 547 608 1783 551 612 1784 551 612 1785 547 608 1786 549 610 1787 551 612 1788 549 610 1789 552 613 1790 548 609 1791 553 614 1792 549 610 1793 549 610 1794 553 614 1795 554 615 1796 549 610 1797 554 615 1798 545 606 1799 545 606 1800 554 615 1801 555 616 1802 545 606 1803 555 616 1804 543 604 1805 524 584 1806 556 617 1807 525 585 1808 525 585 1809 556 617 1810 557 618 1811 525 585 1812 557 618 1813 255 619 1814 558 620 1815 559 621 1816 560 622 1817 560 622 1818 559 621 1819 561 623 1820 560 622 1821 561 623 1822 551 612 1823 551 612 1824 561 623 1825 562 624 1826 551 612 1827 562 624 1828 550 611 1829 563 625 1830 560 622 1831 564 626 1832 564 626 1833 560 622 1834 565 627 1835 564 626 1836 565 627 1837 511 569 1838 511 569 1839 565 627 1840 513 571 1841 255 619 1842 566 628 1843 266 629 1844 266 629 1845 566 628 1846 265 630 1847 236 566 1848 265 630 1849 511 569 1850 511 569 1851 265 630 1852 566 628 1853 511 569 1854 566 628 1855 564 626 1856 564 626 1857 566 628 1858 255 619 1859 564 626 1860 255 619 1861 563 625 1862 563 625 1863 255 619 1864 557 618 1865 563 625 1866 557 618 1867 560 622 1868 560 622 1869 557 618 1870 567 631 1871 560 622 1872 567 631 1873 558 620 1874 530 590 1875 521 581 1876 529 589 1877 529 589 1878 521 581 1879 520 580 1880 529 589 1881 520 580 1882 516 574 1883 516 574 1884 520 580 1885 568 632 1886 568 632 1887 569 633 1888 570 634 1889 570 634 1890 569 633 1891 571 635 1892 570 634 1893 571 635 1894 572 636 1895 572 636 1896 571 635 1897 262 637 1898 572 636 1899 262 637 1900 260 638 1901 255 619 1902 253 639 1903 525 585 1904 525 585 1905 253 639 1906 252 640 1907 525 585 1908 252 640 1909 520 580 1910 520 580 1911 252 640 1912 264 641 1913 568 632 1914 520 580 1915 569 633 1916 569 633 1917 520 580 1918 264 641 1919 569 633 1920 264 641 1921 571 635 1922 571 635 1923 264 641 1924 263 642 1925 571 635 1926 263 642 1927 262 637 1928 535 595 1929 573 643 1930 574 644 1931 535 595 1932 574 644 1933 273 597 1934 273 597 1935 574 644 1936 575 645 1937 273 597 1938 575 645 1939 276 646 1940 576 647 1941 577 648 1942 578 649 1943 578 649 1944 577 648 1945 579 650 1946 578 649 1947 579 650 1948 580 651 1949 580 651 1950 579 650 1951 581 652 1952 271 653 1953 581 652 1954 582 654 1955 582 654 1956 581 652 1957 579 650 1958 582 654 1959 579 650 1960 583 655 1961 583 655 1962 579 650 1963 577 648 1964 513 571 1965 565 627 1966 584 656 1967 584 656 1968 565 627 1969 560 622 1970 584 656 1971 560 622 1972 585 657 1973 585 657 1974 560 622 1975 551 612 1976 585 657 1977 551 612 1978 576 647 1979 576 647 1980 551 612 1981 552 613 1982 576 647 1983 552 613 1984 577 648 1985 577 648 1986 552 613 1987 549 610 1988 577 648 1989 549 610 1990 583 655 1991 583 655 1992 549 610 1993 545 606 1994 583 655 1995 545 606 1996 582 654 1997 533 593 1998 273 597 1999 531 591 2000 531 591 2001 273 597 2002 272 658 2003 531 591 2004 272 658 2005 545 606 2006 545 606 2007 272 658 2008 267 659 2009 545 606 2010 267 659 2011 582 654 2012 582 654 2013 267 659 2014 269 660 2015 582 654 2016 269 660 2017 271 653 2018 517 575 2019 516 574 2020 586 661 2021 586 661 2022 516 574 2023 568 632 2024 586 661 2025 568 632 2026 587 662 2027 587 662 2028 568 632 2029 570 634 2030 587 662 2031 570 634 2032 588 663 2033 588 663 2034 570 634 2035 572 636 2036 588 663 2037 572 636 2038 519 579 2039 519 579 2040 572 636 2041 260 638 2042 519 579 2043 260 638 2044 259 577 2045 542 603 2046 526 586 2047 535 595 2048 535 595 2049 526 586 2050 516 574 2051 535 595 2052 516 574 2053 573 643 2054 573 643 2055 516 574 2056 518 576 2057 573 643 2058 518 576 2059 574 644 2060 574 644 2061 518 576 2062 589 664 2063 574 644 2064 589 664 2065 575 645 2066 575 645 2067 589 664 2068 590 665 2069 575 645 2070 590 665 2071 276 646 2072 276 646 2073 590 665 2074 277 666 2075 591 667 2076 592 668 2077 593 669 2078 594 670 2079 576 647 2080 578 649 2081 591 667 2082 593 669 2083 595 671 2084 595 671 2085 593 669 2086 596 672 2087 595 671 2088 596 672 2089 597 673 2090 591 667 2091 598 674 2092 592 668 2093 592 668 2094 598 674 2095 599 675 2096 592 668 2097 599 675 2098 593 669 2099 593 669 2100 599 675 2101 600 676 2102 593 669 2103 600 676 2104 596 672 2105 596 672 2106 600 676 2107 601 677 2108 596 672 2109 601 677 2110 602 678 2111 602 678 2112 601 677 2113 603 679 2114 271 653 2115 603 679 2116 581 652 2117 581 652 2118 603 679 2119 601 677 2120 581 652 2121 601 677 2122 580 651 2123 580 651 2124 601 677 2125 600 676 2126 580 651 2127 600 676 2128 578 649 2129 578 649 2130 600 676 2131 599 675 2132 578 649 2133 599 675 2134 594 670 2135 594 670 2136 599 675 2137 598 674 2138 604 680 2139 285 681 2140 284 682 2141 603 679 2142 271 653 2143 286 683 2144 605 684 2145 597 673 2146 596 672 2147 606 685 2148 607 686 2149 608 687 2150 608 687 2151 607 686 2152 609 688 2153 608 687 2154 609 688 2155 610 689 2156 610 689 2157 609 688 2158 611 690 2159 610 689 2160 611 690 2161 612 691 2162 612 691 2163 611 690 2164 613 692 2165 614 693 2166 615 694 2167 616 695 2168 616 695 2169 615 694 2170 617 696 2171 284 682 2172 616 695 2173 604 680 2174 604 680 2175 616 695 2176 617 696 2177 604 680 2178 617 696 2179 285 681 2180 285 681 2181 617 696 2182 618 697 2183 285 681 2184 618 697 2185 286 683 2186 286 683 2187 618 697 2188 603 679 2189 603 679 2190 618 697 2191 617 696 2192 603 679 2193 617 696 2194 602 678 2195 602 678 2196 617 696 2197 615 694 2198 602 678 2199 615 694 2200 596 672 2201 596 672 2202 615 694 2203 614 693 2204 596 672 2205 614 693 2206 605 684 2207 282 698 2208 606 685 2209 280 699 2210 280 699 2211 606 685 2212 608 687 2213 280 699 2214 608 687 2215 278 700 2216 278 700 2217 608 687 2218 610 689 2219 278 700 2220 610 689 2221 284 682 2222 284 682 2223 610 689 2224 612 691 2225 284 682 2226 612 691 2227 616 695 2228 616 695 2229 612 691 2230 613 692 2231 616 695 2232 613 692 2233 614 693 2234 606 685 2235 282 698 2236 355 701 2237 606 685 2238 355 701 2239 619 702 2240 619 702 2241 355 701 2242 361 703 2243 619 702 2244 361 703 2245 620 704 2246 620 704 2247 361 703 2248 621 705 2249 621 705 2250 361 703 2251 359 706 2252 621 705 2253 359 706 2254 622 707 2255 359 706 2256 357 708 2257 622 707 2258 622 707 2259 357 708 2260 353 709 2261 622 707 2262 353 709 2263 623 710 2264 623 710 2265 353 709 2266 338 711 2267 623 710 2268 338 711 2269 624 712 2270 351 713 2271 625 714 2272 350 715 2273 350 715 2274 625 714 2275 626 716 2276 350 715 2277 626 716 2278 348 717 2279 348 717 2280 626 716 2281 627 718 2282 348 717 2283 627 718 2284 346 719 2285 346 719 2286 627 718 2287 628 720 2288 346 719 2289 628 720 2290 344 721 2291 344 721 2292 628 720 2293 629 722 2294 344 721 2295 629 722 2296 342 723 2297 342 723 2298 629 722 2299 630 724 2300 342 723 2301 630 724 2302 340 725 2303 340 725 2304 630 724 2305 624 712 2306 340 725 2307 624 712 2308 338 711 2309 287 726 2310 631 727 2311 336 728 2312 336 728 2313 631 727 2314 632 729 2315 336 728 2316 632 729 2317 351 713 2318 351 713 2319 632 729 2320 633 730 2321 351 713 2322 633 730 2323 625 714 2324 295 731 2325 634 732 2326 293 733 2327 293 733 2328 634 732 2329 635 734 2330 293 733 2331 635 734 2332 291 735 2333 291 735 2334 635 734 2335 636 736 2336 291 735 2337 636 736 2338 289 737 2339 289 737 2340 636 736 2341 631 727 2342 289 737 2343 631 727 2344 287 726 2345 637 738 2346 638 739 2347 295 731 2348 295 731 2349 638 739 2350 639 740 2351 295 731 2352 639 740 2353 634 732 2354 295 731 2355 297 741 2356 637 738 2357 637 738 2358 297 741 2359 299 742 2360 637 738 2361 299 742 2362 640 743 2363 299 742 2364 301 744 2365 640 743 2366 640 743 2367 301 744 2368 218 519 2369 640 743 2370 218 519 2371 482 518 2372 641 745 2373 642 746 2374 643 747 2375 465 492 2376 464 491 2377 644 748 2378 644 748 2379 464 491 2380 645 749 2381 644 748 2382 645 749 2383 646 750 2384 646 750 2385 645 749 2386 647 751 2387 646 750 2388 647 751 2389 648 752 2390 648 752 2391 647 751 2392 649 753 2393 648 752 2394 649 753 2395 650 754 2396 650 754 2397 649 753 2398 651 755 2399 652 756 2400 653 757 2401 651 755 2402 651 755 2403 653 757 2404 654 758 2405 651 755 2406 654 758 2407 650 754 2408 655 759 2409 656 760 2410 652 756 2411 652 756 2412 656 760 2413 657 761 2414 652 756 2415 657 761 2416 653 757 2417 643 747 2418 658 762 2419 641 745 2420 641 745 2421 658 762 2422 659 763 2423 641 745 2424 659 763 2425 655 759 2426 655 759 2427 659 763 2428 660 764 2429 655 759 2430 660 764 2431 656 760 2432 288 765 2433 642 746 2434 290 766 2435 290 766 2436 642 746 2437 641 745 2438 290 766 2439 641 745 2440 292 767 2441 292 767 2442 641 745 2443 655 759 2444 292 767 2445 655 759 2446 294 768 2447 294 768 2448 655 759 2449 652 756 2450 294 768 2451 652 756 2452 296 769 2453 296 769 2454 652 756 2455 651 755 2456 296 769 2457 651 755 2458 298 770 2459 298 770 2460 651 755 2461 649 753 2462 298 770 2463 649 753 2464 300 771 2465 300 771 2466 649 753 2467 647 751 2468 300 771 2469 647 751 2470 302 772 2471 302 772 2472 647 751 2473 645 749 2474 302 772 2475 645 749 2476 219 509 2477 219 509 2478 645 749 2479 464 491 2480 661 773 2481 315 774 2482 442 775 2483 661 773 2484 442 775 2485 662 776 2486 662 776 2487 442 775 2488 448 777 2489 662 776 2490 448 777 2491 663 778 2492 663 778 2493 448 777 2494 446 779 2495 663 778 2496 446 779 2497 664 780 2498 664 780 2499 446 779 2500 444 781 2501 664 780 2502 444 781 2503 665 782 2504 665 782 2505 444 781 2506 443 783 2507 665 782 2508 443 783 2509 666 784 2510 666 784 2511 443 783 2512 440 785 2513 666 784 2514 440 785 2515 438 786 2516 666 784 2517 438 786 2518 667 787 2519 667 787 2520 438 786 2521 458 788 2522 667 787 2523 458 788 2524 668 789 2525 457 790 2526 669 791 2527 463 792 2528 463 792 2529 669 791 2530 670 793 2531 463 792 2532 670 793 2533 462 794 2534 462 794 2535 670 793 2536 668 789 2537 462 794 2538 668 789 2539 460 795 2540 460 795 2541 668 789 2542 458 788 2543 669 791 2544 457 790 2545 455 796 2546 669 791 2547 455 796 2548 671 797 2549 671 797 2550 455 796 2551 454 798 2552 671 797 2553 454 798 2554 672 799 2555 672 799 2556 454 798 2557 453 800 2558 672 799 2559 453 800 2560 673 801 2561 674 802 2562 673 801 2563 453 800 2564 674 802 2565 453 800 2566 675 803 2567 453 800 2568 676 804 2569 675 803 2570 675 803 2571 676 804 2572 677 805 2573 675 803 2574 677 805 2575 678 806 2576 678 806 2577 677 805 2578 679 807 2579 678 806 2580 679 807 2581 680 808 2582 681 809 2583 682 810 2584 679 807 2585 679 807 2586 682 810 2587 683 811 2588 679 807 2589 683 811 2590 680 808 2591 684 812 2592 685 813 2593 686 814 2594 687 815 2595 688 816 2596 689 817 2597 682 810 2598 681 809 2599 690 818 2600 687 815 2601 689 817 2602 691 819 2603 692 820 2604 693 821 2605 694 822 2606 694 822 2607 693 821 2608 695 823 2609 694 822 2610 695 823 2611 373 824 2612 690 818 2613 696 825 2614 686 814 2615 686 814 2616 696 825 2617 697 826 2618 686 814 2619 697 826 2620 684 812 2621 682 810 2622 690 818 2623 688 816 2624 688 816 2625 690 818 2626 686 814 2627 688 816 2628 686 814 2629 689 817 2630 689 817 2631 686 814 2632 685 813 2633 689 817 2634 685 813 2635 698 827 2636 698 827 2637 699 828 2638 689 817 2639 689 817 2640 699 828 2641 700 829 2642 689 817 2643 700 829 2644 691 819 2645 691 819 2646 700 829 2647 701 830 2648 693 821 2649 702 831 2650 695 823 2651 695 823 2652 702 831 2653 701 830 2654 695 823 2655 701 830 2656 703 832 2657 703 832 2658 701 830 2659 700 829 2660 703 832 2661 700 829 2662 704 833 2663 704 833 2664 700 829 2665 699 828 2666 705 834 2667 692 820 2668 375 835 2669 375 835 2670 692 820 2671 694 822 2672 375 835 2673 694 822 2674 373 824 2675 705 834 2676 375 835 2677 706 836 2678 706 836 2679 375 835 2680 372 837 2681 706 836 2682 372 837 2683 707 838 2684 707 838 2685 372 837 2686 370 839 2687 707 838 2688 370 839 2689 708 840 2690 708 840 2691 370 839 2692 368 841 2693 708 840 2694 368 841 2695 709 842 2696 366 843 2697 710 844 2698 368 841 2699 368 841 2700 710 844 2701 711 845 2702 368 841 2703 711 845 2704 709 842 2705 366 843 2706 398 846 2707 710 844 2708 710 844 2709 398 846 2710 712 847 2711 398 846 2712 400 848 2713 712 847 2714 712 847 2715 400 848 2716 402 849 2717 712 847 2718 402 849 2719 713 850 2720 713 850 2721 402 849 2722 403 851 2723 713 850 2724 403 851 2725 714 852 2726 403 851 2727 396 853 2728 714 852 2729 714 852 2730 396 853 2731 394 854 2732 714 852 2733 394 854 2734 715 855 2735 715 855 2736 394 854 2737 716 856 2738 716 856 2739 394 854 2740 392 857 2741 716 856 2742 392 857 2743 717 858 2744 386 859 2745 718 860 2746 388 861 2747 388 861 2748 718 860 2749 717 858 2750 388 861 2751 717 858 2752 390 862 2753 390 862 2754 717 858 2755 392 857 2756 386 859 2757 385 863 2758 718 860 2759 718 860 2760 385 863 2761 383 864 2762 718 860 2763 383 864 2764 719 865 2765 719 865 2766 383 864 2767 381 866 2768 719 865 2769 381 866 2770 720 867 2771 720 867 2772 381 866 2773 379 868 2774 720 867 2775 379 868 2776 721 869 2777 721 869 2778 379 868 2779 422 870 2780 721 869 2781 422 870 2782 722 871 2783 722 871 2784 422 870 2785 412 872 2786 722 871 2787 412 872 2788 723 873 2789 723 873 2790 412 872 2791 414 874 2792 723 873 2793 414 874 2794 724 875 2795 724 875 2796 414 874 2797 416 876 2798 724 875 2799 416 876 2800 725 877 2801 725 877 2802 416 876 2803 418 878 2804 725 877 2805 418 878 2806 726 879 2807 303 880 2808 727 881 2809 421 882 2810 421 882 2811 727 881 2812 726 879 2813 421 882 2814 726 879 2815 420 883 2816 420 883 2817 726 879 2818 418 878 2819 728 884 2820 729 885 2821 730 886 2822 731 887 2823 727 881 2824 732 888 2825 733 889 2826 734 890 2827 735 891 2828 734 890 2829 733 889 2830 736 892 2831 736 892 2832 733 889 2833 737 893 2834 736 892 2835 737 893 2836 738 894 2837 738 894 2838 737 893 2839 729 885 2840 738 894 2841 729 885 2842 739 895 2843 739 895 2844 729 885 2845 728 884 2846 739 895 2847 728 884 2848 740 896 2849 740 896 2850 728 884 2851 741 897 2852 740 896 2853 741 897 2854 742 898 2855 730 886 2856 729 885 2857 743 899 2858 743 899 2859 729 885 2860 737 893 2861 743 899 2862 737 893 2863 744 900 2864 744 900 2865 737 893 2866 733 889 2867 744 900 2868 733 889 2869 732 888 2870 732 888 2871 733 889 2872 735 891 2873 732 888 2874 735 891 2875 731 887 2876 745 901 2877 746 902 2878 747 903 2879 748 904 2880 747 903 2881 749 905 2882 749 905 2883 747 903 2884 746 902 2885 749 905 2886 746 902 2887 750 906 2888 277 666 2889 750 906 2890 310 907 2891 310 907 2892 750 906 2893 746 902 2894 310 907 2895 746 902 2896 309 908 2897 309 908 2898 746 902 2899 745 901 2900 309 908 2901 745 901 2902 307 909 2903 727 881 2904 303 880 2905 732 888 2906 732 888 2907 303 880 2908 305 910 2909 732 888 2910 305 910 2911 744 900 2912 744 900 2913 305 910 2914 307 909 2915 744 900 2916 307 909 2917 743 899 2918 743 899 2919 307 909 2920 745 901 2921 743 899 2922 745 901 2923 730 886 2924 730 886 2925 745 901 2926 747 903 2927 730 886 2928 747 903 2929 728 884 2930 728 884 2931 747 903 2932 748 904 2933 728 884 2934 748 904 2935 741 897 2936 751 911 2937 752 912 2938 753 913 2939 754 914 2940 755 915 2941 756 916 2942 589 664 2943 757 917 2944 758 918 2945 741 897 2946 748 904 2947 759 919 2948 760 920 2949 761 921 2950 762 922 2951 762 922 2952 761 921 2953 763 923 2954 762 922 2955 763 923 2956 759 919 2957 759 919 2958 763 923 2959 764 924 2960 759 919 2961 764 924 2962 741 897 2963 741 897 2964 764 924 2965 742 898 2966 765 925 2967 766 926 2968 751 911 2969 751 911 2970 766 926 2971 767 927 2972 751 911 2973 767 927 2974 752 912 2975 750 906 2976 277 666 2977 758 918 2978 758 918 2979 277 666 2980 590 665 2981 758 918 2982 590 665 2983 589 664 2984 517 575 2985 768 928 2986 518 576 2987 518 576 2988 768 928 2989 769 929 2990 749 905 2991 750 906 2992 770 930 2993 770 930 2994 750 906 2995 758 918 2996 770 930 2997 758 918 2998 769 929 2999 769 929 3000 758 918 3001 757 917 3002 769 929 3003 757 917 3004 518 576 3005 518 576 3006 757 917 3007 589 664 3008 771 931 3009 754 914 3010 772 932 3011 772 932 3012 754 914 3013 756 916 3014 772 932 3015 756 916 3016 773 933 3017 753 913 3018 773 933 3019 751 911 3020 751 911 3021 773 933 3022 756 916 3023 751 911 3024 756 916 3025 765 925 3026 765 925 3027 756 916 3028 755 915 3029 765 925 3030 755 915 3031 774 934 3032 774 934 3033 755 915 3034 775 935 3035 774 934 3036 775 935 3037 776 936 3038 250 578 3039 771 931 3040 519 579 3041 519 579 3042 771 931 3043 772 932 3044 519 579 3045 772 932 3046 588 663 3047 588 663 3048 772 932 3049 773 933 3050 588 663 3051 773 933 3052 587 662 3053 587 662 3054 773 933 3055 753 913 3056 587 662 3057 753 913 3058 586 661 3059 586 661 3060 753 913 3061 752 912 3062 586 661 3063 752 912 3064 517 575 3065 517 575 3066 752 912 3067 777 937 3068 517 575 3069 777 937 3070 768 928 3071 767 927 3072 778 938 3073 752 912 3074 752 912 3075 778 938 3076 779 939 3077 752 912 3078 779 939 3079 777 937 3080 777 937 3081 779 939 3082 760 920 3083 777 937 3084 760 920 3085 768 928 3086 768 928 3087 760 920 3088 762 922 3089 768 928 3090 762 922 3091 769 929 3092 769 929 3093 762 922 3094 759 919 3095 769 929 3096 759 919 3097 770 930 3098 770 930 3099 759 919 3100 748 904 3101 770 930 3102 748 904 3103 749 905 3104 771 931 3105 250 578 3106 319 940 3107 755 915 3108 754 914 3109 780 941 3110 781 942 3111 782 943 3112 783 944 3113 776 936 3114 775 935 3115 784 945 3116 785 946 3117 786 947 3118 784 945 3119 784 945 3120 786 947 3121 787 948 3122 784 945 3123 787 948 3124 776 936 3125 784 945 3126 788 949 3127 785 946 3128 785 946 3129 788 949 3130 789 950 3131 785 946 3132 789 950 3133 790 951 3134 790 951 3135 789 950 3136 791 952 3137 790 951 3138 791 952 3139 792 953 3140 782 943 3141 781 942 3142 791 952 3143 791 952 3144 781 942 3145 793 954 3146 791 952 3147 793 954 3148 792 953 3149 754 914 3150 771 931 3151 780 941 3152 780 941 3153 771 931 3154 319 940 3155 780 941 3156 319 940 3157 794 955 3158 794 955 3159 319 940 3160 318 956 3161 794 955 3162 318 956 3163 317 957 3164 775 935 3165 755 915 3166 784 945 3167 784 945 3168 755 915 3169 780 941 3170 784 945 3171 780 941 3172 788 949 3173 788 949 3174 780 941 3175 794 955 3176 788 949 3177 794 955 3178 789 950 3179 789 950 3180 794 955 3181 317 957 3182 789 950 3183 317 957 3184 791 952 3185 791 952 3186 317 957 3187 311 958 3188 791 952 3189 311 958 3190 782 943 3191 782 943 3192 311 958 3193 313 959 3194 782 943 3195 313 959 3196 783 944 3197 783 944 3198 313 959 3199 315 774 3200 783 944 3201 315 774 3202 661 773 3203 704 960 3204 699 961 3205 795 962 3206 795 962 3207 699 961 3208 698 963 3209 795 962 3210 698 963 3211 796 964 3212 796 964 3213 698 963 3214 797 965 3215 797 965 3216 698 963 3217 685 966 3218 797 965 3219 685 966 3220 798 967 3221 685 966 3222 684 968 3223 798 967 3224 798 967 3225 684 968 3226 697 969 3227 798 967 3228 697 969 3229 799 970 3230 800 971 3231 374 401 3232 373 400 3233 373 400 3234 695 972 3235 800 971 3236 800 971 3237 695 972 3238 703 973 3239 800 971 3240 703 973 3241 801 974 3242 801 974 3243 703 973 3244 704 960 3245 801 974 3246 704 960 3247 802 975 3248 802 975 3249 704 960 3250 795 962 3251 803 976 3252 804 977 3253 805 978 3254 806 979 3255 807 980 3256 808 981 3257 809 982 3258 810 983 3259 808 981 3260 808 981 3261 810 983 3262 811 984 3263 808 981 3264 811 984 3265 806 979 3266 812 985 3267 813 986 3268 809 982 3269 809 982 3270 813 986 3271 814 987 3272 809 982 3273 814 987 3274 810 983 3275 480 507 3276 481 508 3277 815 988 3278 815 988 3279 481 508 3280 816 989 3281 815 988 3282 816 989 3283 812 985 3284 812 985 3285 816 989 3286 817 990 3287 812 985 3288 817 990 3289 813 986 3290 321 991 3291 334 992 3292 805 978 3293 805 978 3294 334 992 3295 807 980 3296 805 978 3297 807 980 3298 803 976 3299 803 976 3300 807 980 3301 806 979 3302 235 517 3303 480 507 3304 323 993 3305 323 993 3306 480 507 3307 815 988 3308 323 993 3309 815 988 3310 325 994 3311 325 994 3312 815 988 3313 812 985 3314 325 994 3315 812 985 3316 327 995 3317 327 995 3318 812 985 3319 809 982 3320 327 995 3321 809 982 3322 329 996 3323 329 996 3324 809 982 3325 808 981 3326 329 996 3327 808 981 3328 331 997 3329 331 997 3330 808 981 3331 807 980 3332 331 997 3333 807 980 3334 333 998 3335 333 998 3336 807 980 3337 334 992 3338 643 747 3339 642 746 3340 818 999 3341 818 999 3342 642 746 3343 819 1000 3344 818 999 3345 819 1000 3346 820 1001 3347 820 1001 3348 819 1000 3349 821 1002 3350 820 1001 3351 821 1002 3352 822 1003 3353 822 1003 3354 821 1002 3355 823 1004 3356 822 1003 3357 823 1004 3358 824 1005 3359 824 1005 3360 823 1004 3361 825 1006 3362 826 1007 3363 827 1008 3364 828 1009 3365 828 1009 3366 827 1008 3367 829 1010 3368 828 1009 3369 829 1010 3370 830 1011 3371 830 1011 3372 829 1010 3373 831 1012 3374 830 1011 3375 831 1012 3376 832 1013 3377 832 1013 3378 831 1012 3379 833 1014 3380 832 1013 3381 833 1014 3382 825 1006 3383 825 1006 3384 833 1014 3385 834 1015 3386 825 1006 3387 834 1015 3388 824 1005 3389 339 1016 3390 826 1007 3391 341 1017 3392 341 1017 3393 826 1007 3394 828 1009 3395 341 1017 3396 828 1009 3397 343 1018 3398 343 1018 3399 828 1009 3400 830 1011 3401 343 1018 3402 830 1011 3403 345 1019 3404 345 1019 3405 830 1011 3406 832 1013 3407 345 1019 3408 832 1013 3409 347 1020 3410 347 1020 3411 832 1013 3412 825 1006 3413 347 1020 3414 825 1006 3415 349 1021 3416 349 1021 3417 825 1006 3418 823 1004 3419 349 1021 3420 823 1004 3421 337 1022 3422 337 1022 3423 823 1004 3424 821 1002 3425 337 1022 3426 821 1002 3427 335 1023 3428 335 1023 3429 821 1002 3430 819 1000 3431 335 1023 3432 819 1000 3433 288 765 3434 288 765 3435 819 1000 3436 642 746 3437 800 1024 3438 801 1025 3439 835 1026 3440 835 1026 3441 801 1025 3442 836 1027 3443 836 1027 3444 801 1025 3445 802 1028 3446 836 1027 3447 802 1028 3448 795 1029 3449 837 1030 3450 374 1031 3451 838 1032 3452 838 1032 3453 374 1031 3454 800 1024 3455 838 1032 3456 800 1024 3457 839 1033 3458 839 1033 3459 800 1024 3460 835 1026 3461 840 1034 3462 841 1035 3463 842 1036 3464 843 1037 3465 844 1038 3466 845 1039 3467 845 1039 3468 844 1038 3469 846 1040 3470 847 1041 3471 848 1042 3472 849 1043 3473 849 1043 3474 848 1042 3475 850 1044 3476 849 1043 3477 850 1044 3478 846 1040 3479 846 1040 3480 850 1044 3481 851 1045 3482 846 1040 3483 851 1045 3484 845 1039 3485 339 1016 3486 844 1038 3487 826 1007 3488 826 1007 3489 844 1038 3490 843 1037 3491 826 1007 3492 843 1037 3493 827 1008 3494 339 1016 3495 352 1046 3496 844 1038 3497 844 1038 3498 352 1046 3499 354 1047 3500 844 1038 3501 354 1047 3502 846 1040 3503 846 1040 3504 354 1047 3505 356 1048 3506 846 1040 3507 356 1048 3508 849 1043 3509 849 1043 3510 356 1048 3511 358 1049 3512 358 1049 3513 360 1050 3514 849 1043 3515 849 1043 3516 360 1050 3517 840 1034 3518 849 1043 3519 840 1034 3520 847 1041 3521 847 1041 3522 840 1034 3523 842 1036 3524 364 1051 3525 841 1035 3526 363 1052 3527 363 1052 3528 841 1035 3529 840 1034 3530 363 1052 3531 840 1034 3532 362 1053 3533 362 1053 3534 840 1034 3535 360 1050 3536 852 1054 3537 123 1055 3538 122 1056 3539 853 1057 3540 831 1012 3541 854 1058 3542 854 1058 3543 831 1012 3544 829 1010 3545 854 1058 3546 829 1010 3547 855 1059 3548 855 1059 3549 829 1010 3550 827 1008 3551 855 1059 3552 827 1008 3553 852 1054 3554 852 1054 3555 122 1056 3556 855 1059 3557 855 1059 3558 122 1056 3559 126 1060 3560 855 1059 3561 126 1060 3562 854 1058 3563 854 1058 3564 126 1060 3565 132 1061 3566 854 1058 3567 132 1061 3568 853 1057 3569 853 1057 3570 132 1061 3571 131 1062 3572 853 1057 3573 131 1062 3574 856 1063 3575 856 1063 3576 834 1015 3577 853 1057 3578 853 1057 3579 834 1015 3580 833 1014 3581 853 1057 3582 833 1014 3583 831 1012 3584 820 1001 3585 822 1003 3586 856 1063 3587 856 1063 3588 822 1003 3589 824 1005 3590 856 1063 3591 824 1005 3592 834 1015 3593 857 1064 3594 129 1065 3595 128 1066 3596 857 1064 3597 128 1066 3598 858 1067 3599 858 1067 3600 128 1066 3601 114 1068 3602 858 1067 3603 114 1068 3604 859 1069 3605 131 1062 3606 129 1065 3607 856 1063 3608 856 1063 3609 129 1065 3610 857 1064 3611 856 1063 3612 857 1064 3613 820 1001 3614 820 1001 3615 857 1064 3616 858 1067 3617 820 1001 3618 858 1067 3619 818 999 3620 818 999 3621 858 1067 3622 859 1069 3623 818 999 3624 859 1069 3625 643 747 3626 376 1070 3627 374 1031 3628 837 1030 3629 860 1071 3630 365 1072 3631 367 1073 3632 860 1071 3633 367 1073 3634 861 1074 3635 369 1075 3636 862 1076 3637 367 1073 3638 367 1073 3639 862 1076 3640 863 1077 3641 367 1073 3642 863 1077 3643 861 1074 3644 377 1078 3645 864 1079 3646 371 1080 3647 371 1080 3648 864 1079 3649 865 1081 3650 371 1080 3651 865 1081 3652 369 1075 3653 369 1075 3654 865 1081 3655 866 1082 3656 369 1075 3657 866 1082 3658 862 1076 3659 837 1030 3660 867 1083 3661 376 1070 3662 376 1070 3663 867 1083 3664 868 1084 3665 376 1070 3666 868 1084 3667 377 1078 3668 377 1078 3669 868 1084 3670 869 1085 3671 377 1078 3672 869 1085 3673 864 1079 3674 805 978 3675 804 977 3676 870 1086 3677 870 1086 3678 804 977 3679 871 1087 3680 870 1086 3681 871 1087 3682 872 1088 3683 872 1088 3684 871 1087 3685 873 1089 3686 872 1088 3687 873 1089 3688 874 1090 3689 874 1090 3690 873 1089 3691 875 1091 3692 874 1090 3693 875 1091 3694 876 1092 3695 876 1092 3696 875 1091 3697 877 1093 3698 321 991 3699 805 978 3700 406 1094 3701 406 1094 3702 805 978 3703 870 1086 3704 406 1094 3705 870 1086 3706 407 1095 3707 407 1095 3708 870 1086 3709 872 1088 3710 407 1095 3711 872 1088 3712 408 1096 3713 408 1096 3714 872 1088 3715 874 1090 3716 408 1096 3717 874 1090 3718 409 1097 3719 409 1097 3720 874 1090 3721 876 1092 3722 878 1098 3723 178 1099 3724 180 1100 3725 481 508 3726 878 1098 3727 879 1101 3728 880 1102 3729 817 990 3730 879 1101 3731 879 1101 3732 817 990 3733 816 989 3734 879 1101 3735 816 989 3736 481 508 3737 878 1098 3738 180 1100 3739 879 1101 3740 879 1101 3741 180 1100 3742 181 1103 3743 879 1101 3744 181 1103 3745 880 1102 3746 880 1102 3747 181 1103 3748 141 1104 3749 880 1102 3750 141 1104 3751 881 1105 3752 881 1105 3753 814 987 3754 880 1102 3755 880 1102 3756 814 987 3757 813 986 3758 880 1102 3759 813 986 3760 817 990 3761 806 979 3762 811 984 3763 881 1105 3764 881 1105 3765 811 984 3766 810 983 3767 881 1105 3768 810 983 3769 814 987 3770 882 1106 3771 196 1107 3772 195 1108 3773 882 1106 3774 195 1108 3775 883 1109 3776 883 1109 3777 195 1108 3778 193 1110 3779 883 1109 3780 193 1110 3781 884 1111 3782 141 1104 3783 196 1107 3784 881 1105 3785 881 1105 3786 196 1107 3787 882 1106 3788 881 1105 3789 882 1106 3790 806 979 3791 806 979 3792 882 1106 3793 883 1109 3794 806 979 3795 883 1109 3796 803 976 3797 803 976 3798 883 1109 3799 884 1111 3800 803 976 3801 884 1111 3802 804 977 3803 876 1092 3804 877 1093 3805 885 1112 3806 409 1097 3807 876 1092 3808 886 1113 3809 876 1092 3810 885 1112 3811 886 1113 3812 886 1113 3813 885 1112 3814 887 1114 3815 886 1113 3816 887 1114 3817 888 1115 3818 887 1114 3819 889 1116 3820 888 1115 3821 888 1115 3822 889 1116 3823 890 1117 3824 888 1115 3825 890 1117 3826 891 1118 3827 891 1118 3828 890 1117 3829 892 1119 3830 891 1118 3831 892 1119 3832 893 1120 3833 409 1097 3834 886 1113 3835 431 1121 3836 431 1121 3837 886 1113 3838 888 1115 3839 431 1121 3840 888 1115 3841 430 1122 3842 430 1122 3843 888 1115 3844 891 1118 3845 430 1122 3846 891 1118 3847 429 1123 3848 429 1123 3849 891 1118 3850 893 1120 3851 429 1123 3852 893 1120 3853 428 1124 3854 884 1111 3855 193 1110 3856 192 1125 3857 871 1087 3858 804 977 3859 884 1111 3860 884 1111 3861 192 1125 3862 871 1087 3863 871 1087 3864 192 1125 3865 137 1126 3866 871 1087 3867 137 1126 3868 873 1089 3869 873 1089 3870 137 1126 3871 136 1127 3872 873 1089 3873 136 1127 3874 875 1091 3875 875 1091 3876 136 1127 3877 198 1128 3878 875 1091 3879 198 1128 3880 877 1093 3881 893 1120 3882 892 1119 3883 894 1129 3884 894 1129 3885 892 1119 3886 895 1130 3887 894 1129 3888 895 1130 3889 896 1131 3890 896 1131 3891 895 1130 3892 897 1132 3893 896 1131 3894 897 1132 3895 898 1133 3896 898 1133 3897 897 1132 3898 899 1134 3899 428 1124 3900 893 1120 3901 434 1135 3902 434 1135 3903 893 1120 3904 894 1129 3905 434 1135 3906 894 1129 3907 435 1136 3908 435 1136 3909 894 1129 3910 896 1131 3911 435 1136 3912 896 1131 3913 436 1137 3914 436 1137 3915 896 1131 3916 898 1133 3917 900 1138 3918 877 1093 3919 198 1128 3920 198 1128 3921 197 1139 3922 900 1138 3923 900 1138 3924 197 1139 3925 182 1140 3926 900 1138 3927 182 1140 3928 901 1141 3929 901 1141 3930 182 1140 3931 184 1142 3932 901 1141 3933 184 1142 3934 902 1143 3935 902 1143 3936 184 1142 3937 206 1144 3938 902 1143 3939 206 1144 3940 903 1145 3941 903 1145 3942 206 1144 3943 205 1146 3944 903 1145 3945 205 1146 3946 904 1147 3947 877 1093 3948 900 1138 3949 885 1112 3950 885 1112 3951 900 1138 3952 901 1141 3953 885 1112 3954 901 1141 3955 887 1114 3956 887 1114 3957 901 1141 3958 902 1143 3959 887 1114 3960 902 1143 3961 889 1116 3962 889 1116 3963 902 1143 3964 903 1145 3965 889 1116 3966 903 1145 3967 890 1117 3968 890 1117 3969 903 1145 3970 904 1147 3971 890 1117 3972 904 1147 3973 892 1119 3974 905 1148 3975 906 1149 3976 452 1150 3977 452 1150 3978 906 1149 3979 907 1151 3980 452 1150 3981 907 1151 3982 908 1152 3983 909 1153 3984 910 1154 3985 911 1155 3986 908 1152 3987 909 1153 3988 452 1150 3989 452 1150 3990 909 1153 3991 911 1155 3992 452 1150 3993 911 1155 3994 912 1156 3995 912 1156 3996 911 1155 3997 913 1157 3998 912 1156 3999 913 1157 4000 914 1158 4001 905 1148 4002 452 1150 4003 451 1159 4004 915 1160 4005 916 1161 4006 451 1159 4007 451 1159 4008 916 1161 4009 917 1162 4010 451 1159 4011 917 1162 4012 905 1148 4013 915 1160 4014 451 1159 4015 918 1163 4016 918 1163 4017 451 1159 4018 456 1164 4019 918 1163 4020 456 1164 4021 919 1165 4022 919 1165 4023 456 1164 4024 461 1166 4025 919 1165 4026 461 1166 4027 920 1167 4028 920 1167 4029 461 1166 4030 921 1168 4031 921 1168 4032 461 1166 4033 459 1169 4034 921 1168 4035 459 1169 4036 922 1170 4037 923 1171 4038 924 1172 4039 925 1173 4040 922 1170 4041 459 1169 4042 925 1173 4043 925 1173 4044 459 1169 4045 437 1174 4046 925 1173 4047 437 1174 4048 923 1171 4049 926 1175 4050 898 1133 4051 899 1134 4052 924 1172 4053 923 1171 4054 927 1176 4055 927 1176 4056 923 1171 4057 928 1177 4058 927 1176 4059 928 1177 4060 929 1178 4061 929 1178 4062 928 1177 4063 930 1179 4064 931 1180 4065 929 1178 4066 932 1181 4067 932 1181 4068 929 1178 4069 930 1179 4070 932 1181 4071 930 1179 4072 933 1182 4073 933 1182 4074 930 1179 4075 934 1183 4076 933 1182 4077 934 1183 4078 935 1184 4079 935 1184 4080 934 1183 4081 926 1175 4082 935 1184 4083 926 1175 4084 936 1185 4085 936 1185 4086 926 1175 4087 899 1134 4088 923 1171 4089 437 1174 4090 928 1177 4091 928 1177 4092 437 1174 4093 439 1186 4094 928 1177 4095 439 1186 4096 930 1179 4097 930 1179 4098 439 1186 4099 441 1187 4100 930 1179 4101 441 1187 4102 934 1183 4103 934 1183 4104 441 1187 4105 445 1188 4106 934 1183 4107 445 1188 4108 926 1175 4109 926 1175 4110 445 1188 4111 447 1189 4112 436 1137 4113 898 1133 4114 450 1190 4115 450 1190 4116 898 1133 4117 926 1175 4118 450 1190 4119 926 1175 4120 449 1191 4121 449 1191 4122 926 1175 4123 447 1189 4124 937 1192 4125 931 1180 4126 932 1181 4127 168 1193 4128 144 1194 4129 938 1195 4130 939 1196 4131 211 1197 4132 210 1198 4133 939 1196 4134 210 1198 4135 940 1199 4136 940 1199 4137 210 1198 4138 169 1200 4139 940 1199 4140 169 1200 4141 941 1201 4142 941 1201 4143 169 1200 4144 168 1193 4145 941 1201 4146 168 1193 4147 942 1202 4148 942 1202 4149 168 1193 4150 938 1195 4151 942 1202 4152 938 1195 4153 943 1203 4154 213 1204 4155 211 1197 4156 899 1134 4157 899 1134 4158 211 1197 4159 939 1196 4160 899 1134 4161 939 1196 4162 936 1185 4163 936 1185 4164 939 1196 4165 940 1199 4166 936 1185 4167 940 1199 4168 935 1184 4169 935 1184 4170 940 1199 4171 941 1201 4172 935 1184 4173 941 1201 4174 933 1182 4175 933 1182 4176 941 1201 4177 942 1202 4178 933 1182 4179 942 1202 4180 932 1181 4181 932 1181 4182 942 1202 4183 943 1203 4184 932 1181 4185 943 1203 4186 937 1192 4187 680 1205 4188 944 1206 4189 678 1207 4190 678 1207 4191 944 1206 4192 945 1208 4193 678 1207 4194 945 1208 4195 675 1209 4196 675 1209 4197 945 1208 4198 946 1210 4199 675 1209 4200 946 1210 4201 947 1211 4202 680 1205 4203 683 1212 4204 944 1206 4205 944 1206 4206 683 1212 4207 682 1213 4208 944 1206 4209 682 1213 4210 948 1214 4211 948 1214 4212 682 1213 4213 688 1215 4214 688 1215 4215 687 1216 4216 948 1214 4217 948 1214 4218 687 1216 4219 691 1217 4220 948 1214 4221 691 1217 4222 949 1218 4223 949 1218 4224 691 1217 4225 701 1219 4226 949 1218 4227 701 1219 4228 702 1220 4229 702 1220 4230 693 1221 4231 949 1218 4232 949 1218 4233 693 1221 4234 692 1222 4235 949 1218 4236 692 1222 4237 950 1223 4238 950 1223 4239 692 1222 4240 705 1224 4241 950 1223 4242 705 1224 4243 951 1225 4244 709 1226 4245 952 1227 4246 708 1228 4247 708 1228 4248 952 1227 4249 953 1229 4250 708 1228 4251 953 1229 4252 707 1230 4253 707 1230 4254 953 1229 4255 951 1225 4256 707 1230 4257 951 1225 4258 706 1231 4259 706 1231 4260 951 1225 4261 705 1224 4262 709 1226 4263 711 1232 4264 952 1227 4265 952 1227 4266 711 1232 4267 710 1233 4268 952 1227 4269 710 1233 4270 954 1234 4271 954 1234 4272 710 1233 4273 712 1235 4274 954 1234 4275 712 1235 4276 955 1236 4277 712 1235 4278 713 1237 4279 955 1236 4280 955 1236 4281 713 1237 4282 714 1238 4283 955 1236 4284 714 1238 4285 956 1239 4286 956 1239 4287 714 1238 4288 715 1240 4289 956 1239 4290 715 1240 4291 957 1241 4292 957 1241 4293 715 1240 4294 716 1242 4295 957 1241 4296 716 1242 4297 958 1243 4298 958 1243 4299 716 1242 4300 717 1244 4301 958 1243 4302 717 1244 4303 959 1245 4304 959 1245 4305 717 1244 4306 718 1246 4307 959 1245 4308 718 1246 4309 719 1247 4310 719 1247 4311 720 1248 4312 959 1245 4313 959 1245 4314 720 1248 4315 721 1249 4316 959 1245 4317 721 1249 4318 960 1250 4319 721 1249 4320 722 1251 4321 960 1250 4322 960 1250 4323 722 1251 4324 723 1252 4325 960 1250 4326 723 1252 4327 961 1253 4328 961 1253 4329 723 1252 4330 724 1254 4331 961 1253 4332 724 1254 4333 962 1255 4334 962 1255 4335 724 1254 4336 725 1256 4337 962 1255 4338 725 1256 4339 963 1257 4340 963 1257 4341 725 1256 4342 726 1258 4343 963 1257 4344 726 1258 4345 964 1259 4346 964 1259 4347 726 1258 4348 727 1260 4349 964 1259 4350 727 1260 4351 965 1261 4352 727 1260 4353 731 1262 4354 965 1261 4355 965 1261 4356 731 1262 4357 735 1263 4358 965 1261 4359 735 1263 4360 966 1264 4361 966 1264 4362 735 1263 4363 734 1265 4364 966 1264 4365 734 1265 4366 967 1266 4367 734 1265 4368 736 1267 4369 967 1266 4370 967 1266 4371 736 1267 4372 738 1268 4373 967 1266 4374 738 1268 4375 968 1269 4376 738 1268 4377 739 1270 4378 968 1269 4379 968 1269 4380 739 1270 4381 740 1271 4382 968 1269 4383 740 1271 4384 969 1272 4385 740 1271 4386 742 1273 4387 969 1272 4388 969 1272 4389 742 1273 4390 764 1274 4391 969 1272 4392 764 1274 4393 970 1275 4394 970 1275 4395 764 1274 4396 763 1276 4397 970 1275 4398 763 1276 4399 971 1277 4400 971 1277 4401 763 1276 4402 761 1278 4403 971 1277 4404 761 1278 4405 972 1279 4406 972 1279 4407 761 1278 4408 760 1280 4409 972 1279 4410 760 1280 4411 973 1281 4412 973 1281 4413 760 1280 4414 974 1282 4415 974 1282 4416 760 1280 4417 779 1283 4418 974 1282 4419 779 1283 4420 975 1284 4421 975 1284 4422 779 1283 4423 976 1285 4424 976 1285 4425 779 1283 4426 778 1286 4427 976 1285 4428 778 1286 4429 977 1287 4430 977 1287 4431 778 1286 4432 767 1288 4433 977 1287 4434 767 1288 4435 978 1289 4436 978 1289 4437 767 1288 4438 766 1290 4439 978 1289 4440 766 1290 4441 979 1291 4442 766 1290 4443 765 1292 4444 979 1291 4445 979 1291 4446 765 1292 4447 774 1293 4448 979 1291 4449 774 1293 4450 980 1294 4451 786 1295 4452 981 1296 4453 787 1297 4454 787 1297 4455 981 1296 4456 980 1294 4457 787 1297 4458 980 1294 4459 776 1298 4460 776 1298 4461 980 1294 4462 774 1293 4463 982 1299 4464 983 1300 4465 793 1301 4466 793 1301 4467 983 1300 4468 984 1302 4469 786 1295 4470 785 1303 4471 981 1296 4472 981 1296 4473 785 1303 4474 790 1304 4475 981 1296 4476 790 1304 4477 984 1302 4478 984 1302 4479 790 1304 4480 792 1305 4481 984 1302 4482 792 1305 4483 793 1301 4484 982 1299 4485 793 1301 4486 985 1306 4487 985 1306 4488 793 1301 4489 781 1307 4490 985 1306 4491 781 1307 4492 986 1308 4493 986 1308 4494 781 1307 4495 783 1309 4496 986 1308 4497 783 1309 4498 987 1310 4499 987 1310 4500 783 1309 4501 661 1311 4502 987 1310 4503 661 1311 4504 988 1312 4505 988 1312 4506 661 1311 4507 662 1313 4508 988 1312 4509 662 1313 4510 989 1314 4511 989 1314 4512 662 1313 4513 663 1315 4514 989 1314 4515 663 1315 4516 990 1316 4517 990 1316 4518 663 1315 4519 664 1317 4520 990 1316 4521 664 1317 4522 991 1318 4523 991 1318 4524 664 1317 4525 665 1319 4526 991 1318 4527 665 1319 4528 992 1320 4529 670 1321 4530 993 1322 4531 668 1323 4532 668 1323 4533 993 1322 4534 994 1324 4535 668 1323 4536 994 1324 4537 667 1325 4538 667 1325 4539 994 1324 4540 992 1320 4541 667 1325 4542 992 1320 4543 666 1326 4544 666 1326 4545 992 1320 4546 665 1319 4547 670 1321 4548 669 1327 4549 993 1322 4550 993 1322 4551 669 1327 4552 671 1328 4553 993 1322 4554 671 1328 4555 995 1329 4556 671 1328 4557 672 1330 4558 995 1329 4559 995 1329 4560 672 1330 4561 673 1331 4562 995 1329 4563 673 1331 4564 947 1211 4565 947 1211 4566 673 1331 4567 674 1332 4568 947 1211 4569 674 1332 4570 675 1209 4571 996 1333 4572 997 1334 4573 998 1335 4574 998 1335 4575 997 1334 4576 999 1336 4577 1000 1337 4578 1001 1338 4579 1002 1339 4580 1002 1339 4581 1001 1338 4582 1003 1340 4583 1004 1341 4584 1005 1342 4585 1006 1343 4586 1006 1343 4587 1005 1342 4588 1007 1344 4589 1006 1343 4590 1007 1344 4591 1008 1345 4592 1008 1345 4593 1007 1344 4594 1009 1346 4595 1008 1345 4596 1009 1346 4597 1010 1347 4598 1010 1347 4599 1009 1346 4600 1011 1348 4601 1010 1347 4602 1011 1348 4603 1012 1349 4604 1012 1349 4605 1011 1348 4606 1013 1350 4607 1012 1349 4608 1013 1350 4609 1014 1351 4610 1014 1351 4611 1013 1350 4612 1015 1352 4613 1014 1351 4614 1015 1352 4615 1016 1353 4616 1016 1353 4617 1015 1352 4618 1017 1354 4619 1016 1353 4620 1017 1354 4621 1018 1355 4622 1018 1355 4623 1017 1354 4624 1019 1356 4625 1018 1355 4626 1019 1356 4627 1020 1357 4628 1020 1357 4629 1019 1356 4630 1021 1358 4631 1020 1357 4632 1021 1358 4633 1022 1359 4634 1022 1359 4635 1021 1358 4636 1023 1360 4637 1022 1359 4638 1023 1360 4639 1024 1361 4640 1024 1361 4641 1023 1360 4642 1025 1362 4643 1024 1361 4644 1025 1362 4645 1026 1363 4646 1026 1363 4647 1025 1362 4648 1027 1364 4649 1026 1363 4650 1027 1364 4651 1028 1365 4652 1028 1365 4653 1027 1364 4654 1029 1366 4655 1028 1365 4656 1029 1366 4657 1030 1367 4658 3 3 4659 1 1 4660 1031 1368 4661 1031 1368 4662 1 1 4663 1032 1369 4664 1031 1368 4665 1032 1369 4666 1033 1370 4667 1033 1370 4668 1032 1369 4669 1028 1365 4670 1033 1370 4671 1028 1365 4672 1030 1367 4673 1034 1371 4674 1035 1372 4675 1036 1373 4676 1037 1374 4677 1036 1373 4678 1038 1375 4679 1038 1375 4680 1036 1373 4681 1039 1376 4682 1040 1377 4683 1041 1378 4684 1042 1379 4685 1007 1380 4686 1005 1381 4687 1043 1382 4688 1044 1383 4689 1029 1384 4690 1027 1385 4691 1034 1371 4692 1036 1373 4693 1045 1386 4694 1045 1386 4695 1036 1373 4696 1037 1374 4697 1045 1386 4698 1037 1374 4699 1046 1387 4700 1046 1387 4701 1037 1374 4702 1047 1388 4703 1046 1387 4704 1047 1388 4705 1005 1381 4706 1005 1381 4707 1047 1388 4708 1048 1389 4709 1005 1381 4710 1048 1389 4711 1043 1382 4712 1040 1377 4713 1042 1379 4714 1002 1390 4715 1043 1382 4716 1049 1391 4717 1007 1380 4718 1007 1380 4719 1049 1391 4720 1050 1392 4721 1007 1380 4722 1050 1392 4723 1009 1393 4724 1009 1393 4725 1050 1392 4726 1000 1394 4727 1009 1393 4728 1000 1394 4729 1011 1395 4730 1011 1395 4731 1000 1394 4732 1002 1390 4733 1011 1395 4734 1002 1390 4735 1013 1396 4736 1013 1396 4737 1002 1390 4738 1042 1379 4739 1013 1396 4740 1042 1379 4741 1051 1397 4742 1051 1397 4743 1052 1398 4744 1013 1396 4745 1013 1396 4746 1052 1398 4747 1053 1399 4748 1013 1396 4749 1053 1399 4750 1015 1400 4751 1015 1400 4752 1053 1399 4753 1054 1401 4754 1015 1400 4755 1054 1401 4756 1017 1402 4757 1017 1402 4758 1054 1401 4759 1055 1403 4760 1017 1402 4761 1055 1403 4762 1019 1404 4763 1019 1404 4764 1055 1403 4765 1056 1405 4766 1019 1404 4767 1056 1405 4768 1021 1406 4769 1044 1383 4770 1027 1385 4771 1057 1407 4772 1021 1406 4773 1056 1405 4774 1023 1408 4775 1023 1408 4776 1056 1405 4777 1058 1409 4778 1023 1408 4779 1058 1409 4780 1025 1410 4781 1025 1410 4782 1058 1409 4783 1059 1411 4784 1025 1410 4785 1059 1411 4786 1027 1385 4787 1027 1385 4788 1059 1411 4789 1060 1412 4790 1027 1385 4791 1060 1412 4792 1057 1407 4793 1061 1413 4794 1062 1414 4795 1063 1415 4796 1063 1415 4797 1062 1414 4798 1064 1416 4799 1063 1415 4800 1064 1416 4801 1065 1417 4802 1065 1417 4803 1064 1416 4804 1066 1418 4805 1065 1417 4806 1066 1418 4807 1067 1419 4808 1067 1419 4809 1066 1418 4810 1068 1420 4811 1068 1420 4812 1066 1418 4813 1069 1421 4814 1068 1420 4815 1069 1421 4816 1070 1422 4817 1070 1422 4818 1069 1421 4819 1071 1423 4820 1071 1423 4821 1069 1421 4822 1072 1424 4823 1071 1423 4824 1072 1424 4825 1073 1425 4826 1073 1425 4827 1072 1424 4828 1074 1426 4829 1074 1426 4830 1072 1424 4831 1075 1427 4832 1074 1426 4833 1075 1427 4834 1076 1428 4835 1076 1428 4836 1075 1427 4837 1077 1429 4838 1077 1429 4839 1075 1427 4840 1078 1430 4841 1077 1429 4842 1078 1430 4843 1079 1431 4844 1079 1431 4845 1078 1430 4846 1080 1432 4847 1080 1432 4848 1078 1430 4849 1081 1433 4850 1080 1432 4851 1081 1433 4852 1082 1434 4853 1082 1434 4854 1081 1433 4855 1083 1435 4856 1083 1435 4857 1081 1433 4858 1084 1436 4859 1083 1435 4860 1084 1436 4861 1085 1437 4862 1085 1437 4863 1084 1436 4864 1086 1438 4865 1085 1437 4866 1086 1438 4867 1087 1439 4868 1087 1439 4869 1086 1438 4870 1088 1440 4871 1087 1439 4872 1088 1440 4873 1089 1441 4874 1090 1442 4875 1091 1443 4876 1092 1444 4877 1092 1444 4878 1091 1443 4879 1062 1414 4880 1092 1444 4881 1062 1414 4882 1093 1445 4883 1093 1445 4884 1062 1414 4885 1061 1413 4886 1093 1445 4887 1061 1413 4888 1094 1446 4889 1095 1447 4890 1096 1448 4891 18 1449 4892 1097 1450 4893 1098 1451 4894 1099 1452 4895 18 1449 4896 1100 1453 4897 1101 1454 4898 14 1455 4899 18 1449 4900 1102 1456 4901 1102 1456 4902 18 1449 4903 1103 1457 4904 1104 1458 4905 1105 1459 4906 1106 1460 4907 1106 1460 4908 1105 1459 4909 1107 1461 4910 1106 1460 4911 1107 1461 4912 1108 1462 4913 1109 1463 4914 1095 1447 4915 1110 1464 4916 1110 1464 4917 1095 1447 4918 18 1449 4919 1110 1464 4920 18 1449 4921 1111 1465 4922 1111 1465 4923 18 1449 4924 1101 1454 4925 1104 1458 4926 1112 1466 4927 1113 1467 4928 1104 1458 4929 1113 1467 4930 1105 1459 4931 1105 1459 4932 1113 1467 4933 1114 1468 4934 1105 1459 4935 1114 1468 4936 1115 1469 4937 1115 1469 4938 1114 1468 4939 1116 1470 4940 1115 1469 4941 1116 1470 4942 1117 1471 4943 1117 1471 4944 1116 1470 4945 1118 1472 4946 1117 1471 4947 1118 1472 4948 1119 1473 4949 1119 1473 4950 1118 1472 4951 1120 1474 4952 1119 1473 4953 1120 1474 4954 1096 1448 4955 1096 1448 4956 1120 1474 4957 1121 1475 4958 1096 1448 4959 1121 1475 4960 18 1449 4961 18 1449 4962 1121 1475 4963 1122 1476 4964 18 1449 4965 1122 1476 4966 1103 1457 4967 1123 1477 4968 1108 1462 4969 1124 1478 4970 1124 1478 4971 1108 1462 4972 1125 1479 4973 1124 1478 4974 1125 1479 4975 1126 1480 4976 1126 1480 4977 1125 1479 4978 1127 1481 4979 1126 1480 4980 1127 1481 4981 1128 1482 4982 1128 1482 4983 1127 1481 4984 1129 1483 4985 1128 1482 4986 1129 1483 4987 1130 1484 4988 1130 1484 4989 1129 1483 4990 1099 1452 4991 1097 1450 4992 1099 1452 4993 5 1485 4994 5 1485 4995 1099 1452 4996 1129 1483 4997 5 1485 4998 1129 1483 4999 1131 1486 5000 996 1487 5001 998 1488 5002 1132 1489 5003 1132 1489 5004 998 1488 5005 1133 1490 5006 1132 1489 5007 1133 1490 5008 1134 1491 5009 1135 1492 5010 1106 1460 5011 1136 1493 5012 1136 1493 5013 1106 1460 5014 1108 1462 5015 1136 1493 5016 1108 1462 5017 1137 1494 5018 1137 1494 5019 1108 1462 5020 1123 1477 5021 1138 1495 5022 1066 1496 5023 1139 1497 5024 1139 1497 5025 1066 1496 5026 1064 1498 5027 1139 1497 5028 1064 1498 5029 1140 1499 5030 1140 1499 5031 1064 1498 5032 1062 1500 5033 1140 1499 5034 1062 1500 5035 1132 1489 5036 1132 1489 5037 1062 1500 5038 1091 1501 5039 1141 1502 5040 1142 1503 5041 1143 1504 5042 1143 1504 5043 1142 1503 5044 6 1505 5045 1143 1504 5046 6 1505 5047 1144 1506 5048 1144 1506 5049 6 1505 5050 5 1485 5051 1144 1506 5052 5 1485 5053 1145 1507 5054 1145 1507 5055 5 1485 5056 1131 1486 5057 1091 1501 5058 1146 1508 5059 1132 1489 5060 1132 1489 5061 1146 1508 5062 1147 1509 5063 1132 1489 5064 1147 1509 5065 996 1487 5066 1098 1451 5067 1097 1450 5068 1148 1510 5069 1148 1510 5070 1097 1450 5071 1088 1511 5072 1148 1510 5073 1088 1511 5074 1086 1512 5075 1086 1512 5076 1084 1513 5077 1148 1510 5078 1148 1510 5079 1084 1513 5080 1081 1514 5081 1148 1510 5082 1081 1514 5083 1149 1515 5084 1149 1515 5085 1081 1514 5086 1078 1516 5087 1149 1515 5088 1078 1516 5089 1150 1517 5090 1150 1517 5091 1078 1516 5092 1075 1518 5093 1150 1517 5094 1075 1518 5095 1151 1519 5096 1151 1519 5097 1075 1518 5098 1072 1520 5099 1151 1519 5100 1072 1520 5101 1138 1495 5102 1138 1495 5103 1072 1520 5104 1069 1521 5105 1138 1495 5106 1069 1521 5107 1066 1496 5108 465 492 5109 644 748 5110 1152 1522 5111 1152 1522 5112 644 748 5113 1153 1523 5114 1153 1523 5115 644 748 5116 1154 1524 5117 1154 1524 5118 644 748 5119 646 750 5120 1154 1524 5121 646 750 5122 1155 1525 5123 1155 1525 5124 646 750 5125 1156 1526 5126 1156 1526 5127 646 750 5128 648 752 5129 1156 1526 5130 648 752 5131 1157 1527 5132 1157 1527 5133 648 752 5134 1158 1528 5135 1158 1528 5136 648 752 5137 650 754 5138 1158 1528 5139 650 754 5140 1159 1529 5141 650 754 5142 654 758 5143 1159 1529 5144 1159 1529 5145 654 758 5146 653 757 5147 1159 1529 5148 653 757 5149 1160 1530 5150 653 757 5151 657 761 5152 1160 1530 5153 1160 1530 5154 657 761 5155 656 760 5156 1160 1530 5157 656 760 5158 1161 1531 5159 1162 1532 5160 1161 1531 5161 90 1533 5162 90 1533 5163 1161 1531 5164 1163 1534 5165 90 1533 5166 1163 1534 5167 113 1535 5168 113 1535 5169 1163 1534 5170 859 1069 5171 113 1535 5172 859 1069 5173 114 1068 5174 643 747 5175 859 1069 5176 658 762 5177 658 762 5178 859 1069 5179 1163 1534 5180 658 762 5181 1163 1534 5182 659 763 5183 659 763 5184 1163 1534 5185 1161 1531 5186 659 763 5187 1161 1531 5188 660 764 5189 660 764 5190 1161 1531 5191 656 760 5192 1164 1536 5193 640 1537 5194 482 1538 5195 1164 1536 5196 482 1538 5197 1165 1539 5198 482 1538 5199 483 1540 5200 1165 1539 5201 1165 1539 5202 483 1540 5203 484 1541 5204 1165 1539 5205 484 1541 5206 1166 1542 5207 1166 1542 5208 484 1541 5209 485 1543 5210 1166 1542 5211 485 1543 5212 1167 1544 5213 485 1543 5214 486 1545 5215 1167 1544 5216 1167 1544 5217 486 1545 5218 487 1546 5219 1167 1544 5220 487 1546 5221 1168 1547 5222 1168 1547 5223 487 1546 5224 488 1548 5225 1168 1547 5226 488 1548 5227 1169 1549 5228 1169 1549 5229 488 1548 5230 489 1550 5231 1169 1549 5232 489 1550 5233 1170 1551 5234 1170 1551 5235 489 1550 5236 490 1552 5237 1170 1551 5238 490 1552 5239 1171 1553 5240 490 1552 5241 493 1554 5242 1171 1553 5243 1171 1553 5244 493 1554 5245 492 1555 5246 1171 1553 5247 492 1555 5248 1172 1556 5249 1172 1556 5250 492 1555 5251 491 1557 5252 1172 1556 5253 491 1557 5254 1173 1558 5255 491 1557 5256 496 1559 5257 1173 1558 5258 1173 1558 5259 496 1559 5260 495 1560 5261 1173 1558 5262 495 1560 5263 1174 1561 5264 1174 1561 5265 495 1560 5266 494 1562 5267 1174 1561 5268 494 1562 5269 1175 1563 5270 494 1562 5271 497 1564 5272 1175 1563 5273 1175 1563 5274 497 1564 5275 498 1565 5276 1175 1563 5277 498 1565 5278 1176 1566 5279 1176 1566 5280 498 1565 5281 499 1567 5282 1176 1566 5283 499 1567 5284 1177 1568 5285 1178 1569 5286 501 1570 5287 503 1571 5288 1178 1569 5289 503 1571 5290 1179 1572 5291 1177 1568 5292 499 1567 5293 1180 1573 5294 1180 1573 5295 499 1567 5296 501 1570 5297 1180 1573 5298 501 1570 5299 1181 1574 5300 1181 1574 5301 501 1570 5302 1178 1569 5303 1181 1574 5304 1178 1569 5305 1182 1575 5306 503 1571 5307 505 1576 5308 1179 1572 5309 1179 1572 5310 505 1576 5311 506 1577 5312 1179 1572 5313 506 1577 5314 1183 1578 5315 506 1577 5316 508 1579 5317 1183 1578 5318 1183 1578 5319 508 1579 5320 512 1580 5321 1183 1578 5322 512 1580 5323 1184 1581 5324 1184 1581 5325 512 1580 5326 509 1582 5327 1184 1581 5328 509 1582 5329 515 1583 5330 584 1584 5331 1185 1585 5332 513 1586 5333 513 1586 5334 1185 1585 5335 1184 1581 5336 513 1586 5337 1184 1581 5338 514 1587 5339 514 1587 5340 1184 1581 5341 515 1583 5342 594 1588 5343 1186 1589 5344 1187 1590 5345 594 1588 5346 1187 1590 5347 576 1591 5348 576 1591 5349 1187 1590 5350 1188 1592 5351 576 1591 5352 1188 1592 5353 585 1593 5354 585 1593 5355 1188 1592 5356 1189 1594 5357 585 1593 5358 1189 1594 5359 584 1584 5360 584 1584 5361 1189 1594 5362 1190 1595 5363 584 1584 5364 1190 1595 5365 1185 1585 5366 1186 1589 5367 594 1588 5368 1191 1596 5369 1191 1596 5370 594 1588 5371 598 1597 5372 1191 1596 5373 598 1597 5374 1192 1598 5375 1192 1598 5376 598 1597 5377 591 1599 5378 1192 1598 5379 591 1599 5380 1193 1600 5381 605 1601 5382 1194 1602 5383 597 1603 5384 597 1603 5385 1194 1602 5386 1193 1600 5387 597 1603 5388 1193 1600 5389 595 1604 5390 595 1604 5391 1193 1600 5392 591 1599 5393 605 1601 5394 614 1605 5395 1194 1602 5396 1194 1602 5397 614 1605 5398 613 1606 5399 1194 1602 5400 613 1606 5401 1195 1607 5402 613 1606 5403 611 1608 5404 1195 1607 5405 1195 1607 5406 611 1608 5407 609 1609 5408 1195 1607 5409 609 1609 5410 1196 1610 5411 1196 1610 5412 609 1609 5413 607 1611 5414 1196 1610 5415 607 1611 5416 1197 1612 5417 1197 1612 5418 607 1611 5419 606 1613 5420 1197 1612 5421 606 1613 5422 1198 1614 5423 1199 1615 5424 13 13 5425 621 1616 5426 621 1616 5427 13 13 5428 15 15 5429 621 1616 5430 15 15 5431 620 1617 5432 620 1617 5433 15 15 5434 1198 1614 5435 620 1617 5436 1198 1614 5437 619 1618 5438 619 1618 5439 1198 1614 5440 606 1613 5441 1199 1615 5442 621 1616 5443 1200 1619 5444 1200 1619 5445 621 1616 5446 622 1620 5447 1200 1619 5448 622 1620 5449 1201 1621 5450 622 1620 5451 623 1622 5452 1201 1621 5453 1201 1621 5454 623 1622 5455 624 1623 5456 1201 1621 5457 624 1623 5458 1202 1624 5459 1202 1624 5460 624 1623 5461 630 1625 5462 1202 1624 5463 630 1625 5464 1203 1626 5465 1203 1626 5466 630 1625 5467 629 1627 5468 1203 1626 5469 629 1627 5470 1204 1628 5471 1204 1628 5472 629 1627 5473 628 1629 5474 1204 1628 5475 628 1629 5476 1205 1630 5477 1205 1630 5478 628 1629 5479 627 1631 5480 1205 1630 5481 627 1631 5482 1206 1632 5483 627 1631 5484 626 1633 5485 1206 1632 5486 1206 1632 5487 626 1633 5488 625 1634 5489 1206 1632 5490 625 1634 5491 1207 1635 5492 634 1636 5493 1208 1637 5494 635 1638 5495 635 1638 5496 1208 1637 5497 1209 1639 5498 635 1638 5499 1209 1639 5500 636 1640 5501 636 1640 5502 1209 1639 5503 1210 1641 5504 636 1640 5505 1210 1641 5506 631 1642 5507 631 1642 5508 1210 1641 5509 1211 1643 5510 631 1642 5511 1211 1643 5512 632 1644 5513 632 1644 5514 1211 1643 5515 1207 1635 5516 632 1644 5517 1207 1635 5518 633 1645 5519 633 1645 5520 1207 1635 5521 625 1634 5522 634 1636 5523 639 1646 5524 1208 1637 5525 1208 1637 5526 639 1646 5527 638 1647 5528 1208 1637 5529 638 1647 5530 1212 1648 5531 1212 1648 5532 638 1647 5533 637 1649 5534 1212 1648 5535 637 1649 5536 1213 1650 5537 1213 1650 5538 637 1649 5539 640 1537 5540 1213 1650 5541 640 1537 5542 1214 1651 5543 1214 1651 5544 640 1537 5545 1164 1536 5546 1214 1651 5547 1164 1536 5548 1215 1652 5549 1216 1653 5550 1217 1654 5551 1218 1655 5552 1218 1655 5553 1217 1654 5554 1219 1656 5555 1218 1655 5556 1219 1656 5557 202 1657 5558 1152 1522 5559 1220 1658 5560 465 492 5561 465 492 5562 1220 1658 5563 467 494 5564 202 1657 5565 201 1659 5566 1218 1655 5567 1218 1655 5568 201 1659 5569 186 1660 5570 1218 1655 5571 186 1660 5572 1221 1661 5573 1221 1661 5574 186 1660 5575 191 1662 5576 1221 1661 5577 191 1662 5578 1222 1663 5579 1222 1663 5580 191 1662 5581 190 1664 5582 1222 1663 5583 190 1664 5584 1223 1665 5585 1223 1665 5586 190 1664 5587 189 1666 5588 1223 1665 5589 189 1666 5590 1224 1667 5591 1224 1667 5592 189 1666 5593 178 1099 5594 1224 1667 5595 178 1099 5596 878 1098 5597 1220 1658 5598 1225 1668 5599 467 494 5600 467 494 5601 1225 1668 5602 1216 1653 5603 467 494 5604 1216 1653 5605 469 496 5606 469 496 5607 1216 1653 5608 1218 1655 5609 469 496 5610 1218 1655 5611 471 498 5612 471 498 5613 1218 1655 5614 1221 1661 5615 471 498 5616 1221 1661 5617 473 500 5618 473 500 5619 1221 1661 5620 1222 1663 5621 473 500 5622 1222 1663 5623 475 502 5624 475 502 5625 1222 1663 5626 1223 1665 5627 475 502 5628 1223 1665 5629 477 504 5630 477 504 5631 1223 1665 5632 1224 1667 5633 477 504 5634 1224 1667 5635 479 506 5636 479 506 5637 1224 1667 5638 878 1098 5639 479 506 5640 878 1098 5641 481 508 5642 1226 1669 5643 1227 1670 5644 1228 1671 5645 1228 1671 5646 1227 1670 5647 1229 1672 5648 1228 1671 5649 1229 1672 5650 1230 1673 5651 1231 1674 5652 1232 1675 5653 1225 1676 5654 1225 1676 5655 1232 1675 5656 1233 1677 5657 1225 1676 5658 1233 1677 5659 1216 1678 5660 1234 1679 5661 1157 1680 5662 1158 1681 5663 1235 1682 5664 1236 1683 5665 1237 1684 5666 1237 1684 5667 1236 1683 5668 1238 1685 5669 1237 1684 5670 1238 1685 5671 1239 1686 5672 1239 1686 5673 1238 1685 5674 1240 1687 5675 1239 1686 5676 1240 1687 5677 1241 1688 5678 1241 1688 5679 1240 1687 5680 1242 1689 5681 1241 1688 5682 1242 1689 5683 1243 1690 5684 1243 1690 5685 1242 1689 5686 1244 1691 5687 1243 1690 5688 1244 1691 5689 1245 1692 5690 1245 1692 5691 1244 1691 5692 1246 1693 5693 1245 1692 5694 1246 1693 5695 1247 1694 5696 1247 1694 5697 1246 1693 5698 1248 1695 5699 1247 1694 5700 1248 1695 5701 1249 1696 5702 1249 1696 5703 1248 1695 5704 1250 1697 5705 1249 1696 5706 1250 1697 5707 1251 1698 5708 1251 1698 5709 1250 1697 5710 1229 1672 5711 1251 1698 5712 1229 1672 5713 1252 1699 5714 1252 1699 5715 1229 1672 5716 1227 1670 5717 1234 1679 5718 1158 1681 5719 1253 1700 5720 1157 1680 5721 1234 1679 5722 1156 1701 5723 1156 1701 5724 1234 1679 5725 1254 1702 5726 1156 1701 5727 1254 1702 5728 1155 1703 5729 1235 1682 5730 1237 1684 5731 1255 1704 5732 1255 1704 5733 1237 1684 5734 1256 1705 5735 1255 1704 5736 1256 1705 5737 1257 1706 5738 1257 1706 5739 1256 1705 5740 1258 1707 5741 1257 1706 5742 1258 1707 5743 1259 1708 5744 1158 1681 5745 1159 1709 5746 1253 1700 5747 1253 1700 5748 1159 1709 5749 1160 1710 5750 1253 1700 5751 1160 1710 5752 1260 1711 5753 1260 1711 5754 1160 1710 5755 1161 1712 5756 1259 1708 5757 1261 1713 5758 1225 1676 5759 1225 1676 5760 1261 1713 5761 1262 1714 5762 1225 1676 5763 1262 1714 5764 1231 1674 5765 1225 1676 5766 1220 1715 5767 1259 1708 5768 1259 1708 5769 1220 1715 5770 1152 1716 5771 1259 1708 5772 1152 1716 5773 1257 1706 5774 1257 1706 5775 1152 1716 5776 1153 1717 5777 1257 1706 5778 1153 1717 5779 1254 1702 5780 1254 1702 5781 1153 1717 5782 1154 1718 5783 1254 1702 5784 1154 1718 5785 1155 1703 5786 1260 1719 5787 1161 1531 5788 1263 1720 5789 1263 1720 5790 1161 1531 5791 1162 1532 5792 1264 1721 5793 1254 1722 5794 1234 1723 5795 1264 1721 5796 1234 1723 5797 1265 1724 5798 1265 1724 5799 1234 1723 5800 1253 1725 5801 1265 1724 5802 1253 1725 5803 1266 1726 5804 1266 1726 5805 1253 1725 5806 1267 1727 5807 1267 1727 5808 1253 1725 5809 1260 1719 5810 1267 1727 5811 1260 1719 5812 1263 1720 5813 1268 1728 5814 1269 1729 5815 1258 1730 5816 1258 1730 5817 1269 1729 5818 1270 1731 5819 1258 1730 5820 1270 1731 5821 1259 1732 5822 1217 1654 5823 1271 1733 5824 1219 1656 5825 1219 1656 5826 1271 1733 5827 1272 1734 5828 1273 1735 5829 1274 1736 5830 1275 1737 5831 1275 1737 5832 1274 1736 5833 1276 1738 5834 1275 1737 5835 1276 1738 5836 1271 1733 5837 1271 1733 5838 1276 1738 5839 1277 1739 5840 1271 1733 5841 1277 1739 5842 1272 1734 5843 1270 1731 5844 1269 1729 5845 1278 1740 5846 1278 1740 5847 1279 1741 5848 1270 1731 5849 1270 1731 5850 1279 1741 5851 1261 1742 5852 1270 1731 5853 1261 1742 5854 1259 1732 5855 1232 1743 5856 1231 1744 5857 1279 1741 5858 1279 1741 5859 1231 1744 5860 1262 1745 5861 1279 1741 5862 1262 1745 5863 1261 1742 5864 1278 1740 5865 1273 1735 5866 1279 1741 5867 1279 1741 5868 1273 1735 5869 1275 1737 5870 1279 1741 5871 1275 1737 5872 1232 1743 5873 1232 1743 5874 1275 1737 5875 1271 1733 5876 1232 1743 5877 1271 1733 5878 1233 1746 5879 1233 1746 5880 1271 1733 5881 1217 1654 5882 1233 1746 5883 1217 1654 5884 1216 1653 5885 1254 1722 5886 1264 1721 5887 1280 1747 5888 1254 1722 5889 1280 1747 5890 1257 1748 5891 1257 1748 5892 1280 1747 5893 1281 1749 5894 1257 1748 5895 1281 1749 5896 1255 1750 5897 1255 1750 5898 1281 1749 5899 1282 1751 5900 1255 1750 5901 1282 1751 5902 1235 1752 5903 1282 1751 5904 1283 1753 5905 1235 1752 5906 1235 1752 5907 1283 1753 5908 1236 1754 5909 1236 1754 5910 1283 1753 5911 1238 1755 5912 1238 1755 5913 1283 1753 5914 1284 1756 5915 1238 1755 5916 1284 1756 5917 1285 1757 5918 1285 1757 5919 1284 1756 5920 1286 1758 5921 1285 1757 5922 1286 1758 5923 1287 1759 5924 1287 1759 5925 1286 1758 5926 1288 1760 5927 1288 1760 5928 1286 1758 5929 1215 1652 5930 1288 1760 5931 1215 1652 5932 1164 1536 5933 1289 1761 5934 1239 1762 5935 1290 1763 5936 1290 1763 5937 1239 1762 5938 1241 1764 5939 1243 1765 5940 1291 1766 5941 1241 1764 5942 1241 1764 5943 1291 1766 5944 1292 1767 5945 1241 1764 5946 1292 1767 5947 1290 1763 5948 1293 1768 5949 1294 1769 5950 1245 1770 5951 1245 1770 5952 1294 1769 5953 1295 1771 5954 1245 1770 5955 1295 1771 5956 1243 1765 5957 1243 1765 5958 1295 1771 5959 1296 1772 5960 1243 1765 5961 1296 1772 5962 1291 1766 5963 1293 1768 5964 1245 1770 5965 1297 1773 5966 1297 1773 5967 1245 1770 5968 1247 1774 5969 1297 1773 5970 1247 1774 5971 1298 1775 5972 1298 1775 5973 1247 1774 5974 1249 1776 5975 1298 1775 5976 1249 1776 5977 1299 1777 5978 1299 1777 5979 1249 1776 5980 1300 1778 5981 1300 1778 5982 1249 1776 5983 1251 1779 5984 1300 1778 5985 1251 1779 5986 1301 1780 5987 1301 1780 5988 1251 1779 5989 1302 1781 5990 1302 1781 5991 1251 1779 5992 1252 1782 5993 1302 1781 5994 1252 1782 5995 1303 1783 5996 1268 1728 5997 1258 1730 5998 1256 1784 5999 1268 1728 6000 1256 1784 6001 1304 1785 6002 1304 1785 6003 1256 1784 6004 1237 1786 6005 1304 1785 6006 1237 1786 6007 1305 1787 6008 1305 1788 6009 1237 1789 6010 1239 1762 6011 1305 1788 6012 1239 1762 6013 1289 1761 6014 1228 1790 6015 1104 1791 6016 1226 1792 6017 1226 1792 6018 1104 1791 6019 1106 1793 6020 1226 1792 6021 1106 1793 6022 1306 1794 6023 1306 1794 6024 1106 1793 6025 1307 1795 6026 1303 1783 6027 1252 1782 6028 1227 1796 6029 1303 1783 6030 1227 1796 6031 1308 1797 6032 1308 1797 6033 1227 1796 6034 1226 1792 6035 1308 1797 6036 1226 1792 6037 1306 1794 6038 1005 1342 6039 1004 1341 6040 1046 1798 6041 1046 1798 6042 1004 1341 6043 1309 1799 6044 1310 1800 6045 94 1801 6046 96 1802 6047 838 1032 6048 839 1033 6049 1311 1803 6050 1310 1800 6051 96 1802 6052 1311 1803 6053 1311 1803 6054 96 1802 6055 838 1032 6056 838 1032 6057 96 1802 6058 97 1804 6059 838 1032 6060 97 1804 6061 837 1030 6062 1312 1805 6063 796 1806 6064 797 1807 6065 836 1027 6066 795 1029 6067 796 1806 6068 797 1807 6069 1313 1808 6070 1312 1805 6071 1312 1805 6072 1313 1808 6073 1314 1809 6074 1312 1805 6075 1314 1809 6076 1315 1810 6077 1315 1810 6078 1314 1809 6079 1036 1811 6080 1315 1810 6081 1036 1811 6082 1035 1812 6083 1316 1813 6084 1315 1810 6085 1317 1814 6086 1317 1814 6087 1315 1810 6088 1035 1812 6089 1317 1814 6090 1035 1812 6091 1318 1815 6092 796 1806 6093 1312 1805 6094 836 1027 6095 836 1027 6096 1312 1805 6097 1315 1810 6098 836 1027 6099 1315 1810 6100 835 1026 6101 835 1026 6102 1315 1810 6103 1316 1813 6104 835 1026 6105 1316 1813 6106 839 1033 6107 1318 1816 6108 1035 1817 6109 1034 1818 6110 1045 1819 6111 1046 1798 6112 1309 1799 6113 1309 1799 6114 1319 1820 6115 1045 1819 6116 1045 1819 6117 1319 1820 6118 1320 1821 6119 1045 1819 6120 1320 1821 6121 1034 1818 6122 1034 1818 6123 1320 1821 6124 95 1822 6125 1318 1816 6126 1034 1818 6127 1321 1823 6128 1321 1823 6129 1034 1818 6130 95 1822 6131 1321 1823 6132 95 1822 6133 93 1824 6134 1322 1825 6135 1321 1826 6136 1323 1827 6137 1323 1827 6138 1321 1826 6139 93 1828 6140 1323 1827 6141 93 1828 6142 92 1829 6143 1318 1815 6144 1321 1826 6145 1317 1814 6146 1317 1814 6147 1321 1826 6148 1322 1825 6149 1317 1814 6150 1322 1825 6151 1316 1813 6152 1316 1813 6153 1322 1825 6154 839 1033 6155 839 1033 6156 1322 1825 6157 1311 1803 6158 1311 1803 6159 1322 1825 6160 1323 1827 6161 1311 1803 6162 1323 1827 6163 1310 1800 6164 1310 1800 6165 1323 1827 6166 92 1829 6167 1310 1800 6168 92 1829 6169 94 1801 6170 1047 1830 6171 1324 1831 6172 1048 1832 6173 1048 1832 6174 1324 1831 6175 1325 1833 6176 1048 1832 6177 1325 1833 6178 1326 1834 6179 1048 1832 6180 1326 1834 6181 1043 1835 6182 1043 1835 6183 1326 1834 6184 1327 1836 6185 1043 1835 6186 1327 1836 6187 1049 1837 6188 1049 1837 6189 1327 1836 6190 1328 1838 6191 1049 1837 6192 1328 1838 6193 1050 1839 6194 1050 1839 6195 1328 1838 6196 1001 1338 6197 1050 1839 6198 1001 1338 6199 1000 1337 6200 1329 1840 6201 1330 1841 6202 1331 1842 6203 1331 1842 6204 1330 1841 6205 690 1843 6206 1331 1842 6207 690 1843 6208 681 1844 6209 1330 1841 6210 1332 1845 6211 690 1843 6212 690 1843 6213 1332 1845 6214 1333 1846 6215 690 1843 6216 1333 1846 6217 696 1847 6218 696 1847 6219 1333 1846 6220 1334 1848 6221 696 1847 6222 1334 1848 6223 697 969 6224 697 969 6225 1334 1848 6226 1335 1849 6227 697 969 6228 1335 1849 6229 799 970 6230 679 1850 6231 1336 1851 6232 681 1844 6233 681 1844 6234 1336 1851 6235 1337 1852 6236 681 1844 6237 1337 1852 6238 1331 1842 6239 1331 1842 6240 1337 1852 6241 1329 1840 6242 453 480 6243 452 479 6244 676 1853 6245 676 1853 6246 452 479 6247 912 1854 6248 676 1853 6249 912 1854 6250 677 1855 6251 677 1855 6252 912 1854 6253 914 1856 6254 677 1855 6255 914 1856 6256 679 1850 6257 679 1850 6258 914 1856 6259 1338 1857 6260 679 1850 6261 1338 1857 6262 1336 1851 6263 925 1173 6264 924 1172 6265 143 1858 6266 143 1858 6267 924 1172 6268 927 1176 6269 927 1176 6270 929 1178 6271 143 1858 6272 143 1858 6273 929 1178 6274 931 1180 6275 143 1858 6276 931 1180 6277 937 1192 6278 937 1192 6279 943 1203 6280 143 1858 6281 143 1858 6282 943 1203 6283 938 1195 6284 143 1858 6285 938 1195 6286 144 1194 6287 919 1165 6288 920 1167 6289 159 1859 6290 159 1859 6291 920 1167 6292 921 1168 6293 159 1859 6294 921 1168 6295 143 1858 6296 143 1858 6297 921 1168 6298 922 1170 6299 143 1858 6300 922 1170 6301 925 1173 6302 916 1161 6303 915 1160 6304 159 1859 6305 159 1859 6306 915 1160 6307 918 1163 6308 159 1859 6309 918 1163 6310 919 1165 6311 911 1155 6312 910 1154 6313 164 1860 6314 1338 1861 6315 914 1158 6316 164 1860 6317 164 1860 6318 914 1158 6319 913 1157 6320 164 1860 6321 913 1157 6322 911 1155 6323 910 1154 6324 909 1153 6325 164 1860 6326 164 1860 6327 909 1153 6328 908 1152 6329 164 1860 6330 908 1152 6331 161 1862 6332 161 1862 6333 908 1152 6334 907 1151 6335 907 1151 6336 906 1149 6337 161 1862 6338 161 1862 6339 906 1149 6340 905 1148 6341 161 1862 6342 905 1148 6343 159 1859 6344 159 1859 6345 905 1148 6346 917 1162 6347 159 1859 6348 917 1162 6349 916 1161 6350 149 1863 6351 151 1864 6352 1330 1865 6353 1330 1865 6354 151 1864 6355 1039 1866 6356 1334 1867 6357 1333 1868 6358 1039 1866 6359 1039 1866 6360 1333 1868 6361 1332 1869 6362 1039 1866 6363 1332 1869 6364 1330 1865 6365 1039 1866 6366 1036 1811 6367 1314 1809 6368 1334 1867 6369 1039 1866 6370 1335 1870 6371 1335 1870 6372 1039 1866 6373 1314 1809 6374 1335 1870 6375 1314 1809 6376 1313 1808 6377 797 1807 6378 798 1871 6379 1313 1808 6380 1313 1808 6381 798 1871 6382 799 1872 6383 1313 1808 6384 799 1872 6385 1335 1870 6386 1338 1861 6387 164 1860 6388 1336 1873 6389 1336 1873 6390 164 1860 6391 147 1874 6392 1336 1873 6393 147 1874 6394 1337 1875 6395 1337 1875 6396 147 1874 6397 1329 1876 6398 1329 1876 6399 147 1874 6400 149 1863 6401 1329 1876 6402 149 1863 6403 1330 1865 6404 1324 1831 6405 1047 1830 6406 1339 1877 6407 1339 1877 6408 1047 1830 6409 1037 1878 6410 1339 1877 6411 1037 1878 6412 1340 1879 6413 1340 1879 6414 1037 1878 6415 155 1880 6416 155 1880 6417 1037 1878 6418 1038 1881 6419 155 1880 6420 1038 1881 6421 153 1882 6422 153 1882 6423 1038 1881 6424 1039 1866 6425 153 1882 6426 1039 1866 6427 151 1864 6428 904 1147 6429 205 1146 6430 204 1883 6431 895 1130 6432 892 1119 6433 904 1147 6434 904 1147 6435 204 1883 6436 895 1130 6437 895 1130 6438 204 1883 6439 215 1884 6440 895 1130 6441 215 1884 6442 897 1132 6443 897 1132 6444 215 1884 6445 213 1204 6446 897 1132 6447 213 1204 6448 899 1134 6449 1341 1885 6450 1342 1886 6451 1343 1887 6452 1343 1887 6453 1342 1886 6454 1344 1888 6455 1343 1887 6456 1344 1888 6457 1345 1889 6458 1345 1889 6459 1344 1888 6460 1346 1890 6461 1345 1889 6462 1346 1890 6463 1347 1891 6464 1347 1891 6465 1346 1890 6466 1348 1892 6467 1349 1893 6468 1350 1894 6469 1348 1892 6470 1348 1892 6471 1350 1894 6472 1351 1895 6473 1348 1892 6474 1351 1895 6475 1347 1891 6476 860 1071 6477 861 1074 6478 1352 1896 6479 1352 1896 6480 861 1074 6481 1353 1897 6482 1352 1896 6483 1353 1897 6484 1354 1898 6485 1354 1898 6486 1353 1897 6487 1355 1899 6488 1354 1898 6489 1355 1899 6490 1349 1893 6491 1349 1893 6492 1355 1899 6493 1356 1900 6494 1349 1893 6495 1356 1900 6496 1350 1894 6497 378 1901 6498 1342 1886 6499 1357 1902 6500 1357 1902 6501 1342 1886 6502 1341 1885 6503 1357 1902 6504 1341 1885 6505 1358 1903 6506 378 1901 6507 380 1904 6508 1342 1886 6509 1342 1886 6510 380 1904 6511 382 1905 6512 1342 1886 6513 382 1905 6514 1344 1888 6515 1344 1888 6516 382 1905 6517 384 1906 6518 1344 1888 6519 384 1906 6520 1346 1890 6521 384 1906 6522 387 1907 6523 1346 1890 6524 1346 1890 6525 387 1907 6526 389 1908 6527 1346 1890 6528 389 1908 6529 1348 1892 6530 1348 1892 6531 389 1908 6532 391 1909 6533 1348 1892 6534 391 1909 6535 1349 1893 6536 391 1909 6537 393 1910 6538 1349 1893 6539 1349 1893 6540 393 1910 6541 395 1911 6542 1349 1893 6543 395 1911 6544 1354 1898 6545 1354 1898 6546 395 1911 6547 397 1912 6548 1354 1898 6549 397 1912 6550 1352 1896 6551 365 1072 6552 860 1071 6553 399 1913 6554 399 1913 6555 860 1071 6556 1352 1896 6557 399 1913 6558 1352 1896 6559 401 1914 6560 401 1914 6561 1352 1896 6562 397 1912 6563 837 1030 6564 97 1804 6565 51 1915 6566 837 1030 6567 1359 1916 6568 867 1083 6569 867 1083 6570 1359 1916 6571 1360 1917 6572 867 1083 6573 1360 1917 6574 868 1084 6575 868 1084 6576 1360 1917 6577 869 1085 6578 869 1085 6579 1360 1917 6580 1361 1918 6581 869 1085 6582 1361 1918 6583 864 1079 6584 1362 1919 6585 862 1076 6586 866 1082 6587 1362 1919 6588 866 1082 6589 1361 1918 6590 1361 1918 6591 866 1082 6592 865 1081 6593 1361 1918 6594 865 1081 6595 864 1079 6596 837 1030 6597 51 1915 6598 1359 1916 6599 1359 1916 6600 51 1915 6601 50 1920 6602 1359 1916 6603 50 1920 6604 1360 1917 6605 1360 1917 6606 50 1920 6607 67 1921 6608 1360 1917 6609 67 1921 6610 1361 1918 6611 1361 1918 6612 67 1921 6613 66 1922 6614 1361 1918 6615 66 1922 6616 1362 1919 6617 1362 1919 6618 66 1922 6619 64 1923 6620 1362 1919 6621 64 1923 6622 1363 1924 6623 1363 1924 6624 861 1074 6625 1362 1919 6626 1362 1919 6627 861 1074 6628 863 1077 6629 1362 1919 6630 863 1077 6631 862 1076 6632 1364 1925 6633 1365 1926 6634 1366 1927 6635 1366 1927 6636 1365 1926 6637 1367 1928 6638 1366 1927 6639 1367 1928 6640 841 1035 6641 841 1035 6642 1367 1928 6643 842 1036 6644 405 1929 6645 1364 1925 6646 404 1930 6647 404 1930 6648 1364 1925 6649 1366 1927 6650 404 1930 6651 1366 1927 6652 364 1051 6653 364 1051 6654 1366 1927 6655 841 1035 6656 1368 1931 6657 78 1932 6658 80 1933 6659 847 1041 6660 842 1036 6661 1369 1934 6662 1369 1934 6663 842 1036 6664 1368 1931 6665 847 1041 6666 1369 1934 6667 848 1042 6668 848 1042 6669 1369 1934 6670 1370 1935 6671 848 1042 6672 1370 1935 6673 850 1044 6674 850 1044 6675 1370 1935 6676 851 1045 6677 851 1045 6678 1370 1935 6679 1371 1936 6680 851 1045 6681 1371 1936 6682 845 1039 6683 1368 1931 6684 80 1933 6685 1369 1934 6686 1369 1934 6687 80 1933 6688 82 1937 6689 1369 1934 6690 82 1937 6691 1370 1935 6692 1370 1935 6693 82 1937 6694 84 1938 6695 1370 1935 6696 84 1938 6697 1371 1936 6698 1371 1936 6699 84 1938 6700 123 1055 6701 1371 1936 6702 123 1055 6703 852 1054 6704 852 1054 6705 827 1008 6706 1371 1936 6707 1371 1936 6708 827 1008 6709 843 1037 6710 1371 1936 6711 843 1037 6712 845 1039 6713 1372 1939 6714 1373 1940 6715 1374 1941 6716 1374 1941 6717 1373 1940 6718 1375 1942 6719 1374 1941 6720 1375 1942 6721 1376 1943 6722 1376 1943 6723 1375 1942 6724 1377 1944 6725 1376 1943 6726 1377 1944 6727 1378 1945 6728 1378 1945 6729 1377 1944 6730 1379 1946 6731 1380 1947 6732 1381 1948 6733 1382 1949 6734 1382 1949 6735 1381 1948 6736 1383 1950 6737 1357 1902 6738 1358 1903 6739 1384 1951 6740 1384 1951 6741 1358 1903 6742 1385 1952 6743 1384 1951 6744 1385 1952 6745 1383 1950 6746 1383 1950 6747 1385 1952 6748 1386 1953 6749 1383 1950 6750 1386 1953 6751 1382 1949 6752 1373 1940 6753 411 1954 6754 1375 1942 6755 1375 1942 6756 411 1954 6757 410 1955 6758 1375 1942 6759 410 1955 6760 1377 1944 6761 1377 1944 6762 410 1955 6763 419 1956 6764 419 1956 6765 417 1957 6766 1377 1944 6767 1377 1944 6768 417 1957 6769 1381 1948 6770 1377 1944 6771 1381 1948 6772 1379 1946 6773 1379 1946 6774 1381 1948 6775 1380 1947 6776 378 1901 6777 1357 1902 6778 423 1958 6779 423 1958 6780 1357 1902 6781 1384 1951 6782 423 1958 6783 1384 1951 6784 424 1959 6785 424 1959 6786 1384 1951 6787 1383 1950 6788 424 1959 6789 1383 1950 6790 413 1960 6791 413 1960 6792 1383 1950 6793 1381 1948 6794 413 1960 6795 1381 1948 6796 415 1961 6797 415 1961 6798 1381 1948 6799 417 1957 6800 1363 1924 6801 64 1923 6802 63 1962 6803 861 1074 6804 1363 1924 6805 1387 1963 6806 861 1074 6807 1387 1963 6808 1353 1897 6809 1353 1897 6810 1387 1963 6811 1388 1964 6812 1353 1897 6813 1388 1964 6814 1355 1899 6815 1355 1899 6816 1388 1964 6817 1356 1900 6818 1356 1900 6819 1388 1964 6820 1389 1965 6821 1356 1900 6822 1389 1965 6823 1350 1894 6824 1363 1924 6825 63 1962 6826 1387 1963 6827 1387 1963 6828 63 1962 6829 53 1966 6830 1387 1963 6831 53 1966 6832 1388 1964 6833 1388 1964 6834 53 1966 6835 55 1967 6836 1388 1964 6837 55 1967 6838 1389 1965 6839 1389 1965 6840 55 1967 6841 57 1968 6842 1389 1965 6843 57 1968 6844 1390 1969 6845 1343 1887 6846 1345 1889 6847 1390 1969 6848 1390 1969 6849 1345 1889 6850 1347 1891 6851 1390 1969 6852 1347 1891 6853 1389 1965 6854 1389 1965 6855 1347 1891 6856 1351 1895 6857 1389 1965 6858 1351 1895 6859 1350 1894 6860 1391 1970 6861 59 1971 6862 61 1972 6863 1391 1970 6864 61 1972 6865 1392 1973 6866 1392 1973 6867 61 1972 6868 62 1974 6869 1392 1973 6870 62 1974 6871 1393 1975 6872 57 1968 6873 59 1971 6874 1390 1969 6875 1390 1969 6876 59 1971 6877 1391 1970 6878 1390 1969 6879 1391 1970 6880 1343 1887 6881 1343 1887 6882 1391 1970 6883 1392 1973 6884 1343 1887 6885 1392 1973 6886 1341 1885 6887 1341 1885 6888 1392 1973 6889 1393 1975 6890 1341 1885 6891 1393 1975 6892 1358 1903 6893 1364 1925 6894 405 1929 6895 425 1976 6896 1365 1926 6897 1364 1925 6898 1394 1977 6899 1364 1925 6900 425 1976 6901 1394 1977 6902 1394 1977 6903 425 1976 6904 426 1978 6905 1394 1977 6906 426 1978 6907 1395 1979 6908 1395 1979 6909 426 1978 6910 427 1980 6911 1395 1979 6912 427 1980 6913 1396 1981 6914 1365 1926 6915 1394 1977 6916 1397 1982 6917 1397 1982 6918 1394 1977 6919 1395 1979 6920 1397 1982 6921 1395 1979 6922 1398 1983 6923 1398 1983 6924 1395 1979 6925 1396 1981 6926 1398 1983 6927 1396 1981 6928 1399 1984 6929 1365 1926 6930 103 1985 6931 105 1986 6932 105 1986 6933 78 1932 6934 1368 1931 6935 1365 1926 6936 105 1986 6937 1367 1928 6938 1367 1928 6939 105 1986 6940 1368 1931 6941 1367 1928 6942 1368 1931 6943 842 1036 6944 1373 1940 6945 1372 1939 6946 1400 1987 6947 1400 1987 6948 1372 1939 6949 1401 1988 6950 1400 1987 6951 1401 1988 6952 1402 1989 6953 1402 1989 6954 1401 1988 6955 1403 1990 6956 1402 1989 6957 1403 1990 6958 1396 1981 6959 1396 1981 6960 1403 1990 6961 1399 1984 6962 411 1954 6963 1373 1940 6964 432 1991 6965 432 1991 6966 1373 1940 6967 1400 1987 6968 432 1991 6969 1400 1987 6970 433 1992 6971 433 1992 6972 1400 1987 6973 1402 1989 6974 433 1992 6975 1402 1989 6976 427 1980 6977 427 1980 6978 1402 1989 6979 1396 1981 6980 1393 1975 6981 62 1974 6982 68 1993 6983 1385 1952 6984 1358 1903 6985 1404 1994 6986 1404 1994 6987 1358 1903 6988 1393 1975 6989 1385 1952 6990 1404 1994 6991 1386 1953 6992 1386 1953 6993 1404 1994 6994 1405 1995 6995 1386 1953 6996 1405 1995 6997 1382 1949 6998 1406 1996 6999 1379 1946 7000 1405 1995 7001 1405 1995 7002 1379 1946 7003 1380 1947 7004 1405 1995 7005 1380 1947 7006 1382 1949 7007 1393 1975 7008 68 1993 7009 1404 1994 7010 1404 1994 7011 68 1993 7012 70 1997 7013 1404 1994 7014 70 1997 7015 1405 1995 7016 1405 1995 7017 70 1997 7018 71 1998 7019 1405 1995 7020 71 1998 7021 1406 1996 7022 1406 1996 7023 71 1998 7024 73 1999 7025 1406 1996 7026 73 1999 7027 1407 2000 7028 73 1999 7029 75 2001 7030 1407 2000 7031 1407 2000 7032 75 2001 7033 1408 2002 7034 1407 2000 7035 1408 2002 7036 1372 1939 7037 1372 1939 7038 1374 1941 7039 1407 2000 7040 1407 2000 7041 1374 1941 7042 1376 1943 7043 1407 2000 7044 1376 1943 7045 1406 1996 7046 1406 1996 7047 1376 1943 7048 1378 1945 7049 1406 1996 7050 1378 1945 7051 1379 1946 7052 1399 1984 7053 99 2003 7054 101 2004 7055 1399 1984 7056 101 2004 7057 1398 1983 7058 1398 1983 7059 101 2004 7060 102 2005 7061 1398 1983 7062 102 2005 7063 1397 1982 7064 1397 1982 7065 102 2005 7066 103 1985 7067 1397 1982 7068 103 1985 7069 1365 1926 7070 1408 2002 7071 75 2001 7072 77 2006 7073 1401 1988 7074 1372 1939 7075 1408 2002 7076 1408 2002 7077 77 2006 7078 1401 1988 7079 1401 1988 7080 77 2006 7081 98 2007 7082 1401 1988 7083 98 2007 7084 1403 1990 7085 1403 1990 7086 98 2007 7087 99 2003 7088 1403 1990 7089 99 2003 7090 1399 1984 7091 1409 2008 7092 1410 2009 7093 1411 2010 7094 1411 2010 7095 1410 2009 7096 1412 2011 7097 1411 2010 7098 1412 2011 7099 1413 2012 7100 1414 2013 7101 1415 2014 7102 1411 2010 7103 1411 2010 7104 1415 2014 7105 1416 2015 7106 1411 2010 7107 1416 2015 7108 1409 2008 7109 1417 2016 7110 1418 2017 7111 1411 2010 7112 1411 2010 7113 1418 2017 7114 1419 2018 7115 1411 2010 7116 1419 2018 7117 1414 2013 7118 1413 2012 7119 1420 2019 7120 1411 2010 7121 1411 2010 7122 1420 2019 7123 1421 2020 7124 1411 2010 7125 1421 2020 7126 1417 2016 7127 1422 2021 7128 1412 2022 7129 1423 2023 7130 1423 2023 7131 1412 2022 7132 1410 2024 7133 1423 2025 7134 1410 2026 7135 1424 2027 7136 1424 2027 7137 1410 2026 7138 1409 2028 7139 1424 2027 7140 1409 2028 7141 1425 2029 7142 1425 2029 7143 1409 2028 7144 1416 2030 7145 1425 2029 7146 1416 2030 7147 1426 2031 7148 1426 2031 7149 1416 2030 7150 1415 2032 7151 1426 2033 7152 1415 2034 7153 1427 2035 7154 1427 2035 7155 1415 2034 7156 1414 2036 7157 1427 2035 7158 1414 2036 7159 1428 2037 7160 1428 2037 7161 1414 2036 7162 1419 2038 7163 1428 2039 7164 1419 2040 7165 1429 2041 7166 1429 2041 7167 1419 2040 7168 1418 2042 7169 1429 2043 7170 1418 2044 7171 1430 2045 7172 1430 2045 7173 1418 2044 7174 1417 2046 7175 1430 2047 7176 1417 2048 7177 1431 2049 7178 1431 2049 7179 1417 2048 7180 1421 2050 7181 1431 2049 7182 1421 2050 7183 1432 2051 7184 1432 2051 7185 1421 2050 7186 1420 2052 7187 1432 2053 7188 1420 2054 7189 1433 2055 7190 1433 2055 7191 1420 2054 7192 1413 2056 7193 1433 2055 7194 1413 2056 7195 1422 2057 7196 1422 2057 7197 1413 2056 7198 1412 2058 7199 1434 2059 7200 1435 2060 7201 1436 2061 7202 1436 2061 7203 1435 2060 7204 1437 2062 7205 1436 2061 7206 1437 2062 7207 1438 2063 7208 1439 2064 7209 1440 2065 7210 1436 2061 7211 1436 2061 7212 1440 2065 7213 1441 2066 7214 1436 2061 7215 1441 2066 7216 1434 2059 7217 1442 2067 7218 1443 2068 7219 1436 2061 7220 1436 2061 7221 1443 2068 7222 1444 2069 7223 1436 2061 7224 1444 2069 7225 1439 2064 7226 1438 2063 7227 1445 2070 7228 1436 2061 7229 1436 2061 7230 1445 2070 7231 1446 2071 7232 1436 2061 7233 1446 2071 7234 1442 2067 7235 1447 2072 7236 1437 2073 7237 1448 2074 7238 1448 2074 7239 1437 2073 7240 1435 2075 7241 1448 2074 7242 1435 2075 7243 1449 2076 7244 1449 2076 7245 1435 2075 7246 1434 2077 7247 1449 2078 7248 1434 2079 7249 1450 2080 7250 1450 2080 7251 1434 2079 7252 1441 2081 7253 1450 2080 7254 1441 2081 7255 1451 2082 7256 1451 2082 7257 1441 2081 7258 1440 2083 7259 1451 2084 7260 1440 2085 7261 1452 2086 7262 1452 2086 7263 1440 2085 7264 1439 2087 7265 1452 2088 7266 1439 2089 7267 1453 2090 7268 1453 2090 7269 1439 2089 7270 1444 2091 7271 1453 2092 7272 1444 2093 7273 1454 2094 7274 1454 2094 7275 1444 2093 7276 1443 2095 7277 1454 2096 7278 1443 2097 7279 1455 2098 7280 1455 2098 7281 1443 2097 7282 1442 2099 7283 1455 2098 7284 1442 2099 7285 1456 2100 7286 1456 2100 7287 1442 2099 7288 1446 2101 7289 1456 2100 7290 1446 2101 7291 1457 2102 7292 1457 2102 7293 1446 2101 7294 1445 2103 7295 1457 2104 7296 1445 2105 7297 1458 2106 7298 1458 2106 7299 1445 2105 7300 1438 2107 7301 1458 2106 7302 1438 2107 7303 1447 2108 7304 1447 2108 7305 1438 2107 7306 1437 2109 7307 1111 2110 7308 1459 2111 7309 1110 2112 7310 1110 2112 7311 1459 2111 7312 1460 2113 7313 1144 2114 7314 1461 2115 7315 1143 2116 7316 1143 2116 7317 1461 2115 7318 1462 2117 7319 1463 2118 7320 1131 2119 7321 1129 2120 7322 1463 2118 7323 1129 2120 7324 1464 2121 7325 1464 2121 7326 1129 2120 7327 1127 2122 7328 1464 2121 7329 1127 2122 7330 1465 2123 7331 1465 2123 7332 1127 2122 7333 1125 2124 7334 1465 2123 7335 1125 2124 7336 1466 2125 7337 1466 2125 7338 1125 2124 7339 1108 2126 7340 1466 2125 7341 1108 2126 7342 1467 2127 7343 1467 2127 7344 1108 2126 7345 1107 2128 7346 1467 2127 7347 1107 2128 7348 1468 2129 7349 1468 2129 7350 1107 2128 7351 1105 2130 7352 1468 2129 7353 1105 2130 7354 1469 2131 7355 1469 2131 7356 1105 2130 7357 1115 2132 7358 1469 2131 7359 1115 2132 7360 1470 2133 7361 1470 2133 7362 1115 2132 7363 1117 2134 7364 1470 2133 7365 1117 2134 7366 1471 2135 7367 1471 2135 7368 1117 2134 7369 1119 2136 7370 1471 2135 7371 1119 2136 7372 1472 2137 7373 1472 2137 7374 1119 2136 7375 1096 2138 7376 1472 2137 7377 1096 2138 7378 1473 2139 7379 1473 2139 7380 1096 2138 7381 1095 2140 7382 1473 2139 7383 1095 2140 7384 1474 2141 7385 1475 2142 7386 1476 2143 7387 1477 2144 7388 1477 2144 7389 1476 2143 7390 1478 2145 7391 1477 2144 7392 1478 2145 7393 1479 2146 7394 1479 2146 7395 1478 2145 7396 1480 2147 7397 1479 2146 7398 1480 2147 7399 1481 2148 7400 1482 2149 7401 1483 2150 7402 1484 2151 7403 1484 2151 7404 1483 2150 7405 1485 2152 7406 1484 2151 7407 1485 2152 7408 1486 2153 7409 1486 2153 7410 1485 2152 7411 1487 2154 7412 1486 2153 7413 1487 2154 7414 1488 2155 7415 1488 2155 7416 1487 2154 7417 1489 2156 7418 1488 2155 7419 1489 2156 7420 1490 2157 7421 1490 2157 7422 1489 2156 7423 1491 2158 7424 1490 2157 7425 1491 2158 7426 1492 2159 7427 1492 2159 7428 1491 2158 7429 1493 2160 7430 1492 2159 7431 1493 2160 7432 1475 2142 7433 1475 2142 7434 1493 2160 7435 1494 2161 7436 1475 2142 7437 1494 2161 7438 1476 2143 7439 1495 2162 7440 1496 2163 7441 1497 2164 7442 1497 2164 7443 1496 2163 7444 1498 2165 7445 1498 2165 7446 1496 2163 7447 1499 2166 7448 1498 2165 7449 1499 2166 7450 1500 2167 7451 1501 2168 7452 1495 2162 7453 1502 2169 7454 1480 2147 7455 1503 2170 7456 1481 2148 7457 1481 2148 7458 1503 2170 7459 1504 2171 7460 1481 2148 7461 1504 2171 7462 1505 2172 7463 1505 2172 7464 1504 2171 7465 1506 2173 7466 1505 2172 7467 1506 2173 7468 1502 2169 7469 1502 2169 7470 1506 2173 7471 1507 2174 7472 1502 2169 7473 1507 2174 7474 1501 2168 7475 1501 2168 7476 1508 2175 7477 1495 2162 7478 1495 2162 7479 1508 2175 7480 1509 2176 7481 1495 2162 7482 1509 2176 7483 1510 2177 7484 1510 2177 7485 1509 2176 7486 1511 2178 7487 1510 2177 7488 1511 2178 7489 1512 2179 7490 1497 2164 7491 1513 2180 7492 1495 2162 7493 1495 2162 7494 1513 2180 7495 1514 2181 7496 1495 2162 7497 1514 2181 7498 1502 2169 7499 1502 2169 7500 1514 2181 7501 1515 2182 7502 1502 2169 7503 1515 2182 7504 1482 2149 7505 1482 2149 7506 1515 2182 7507 1516 2183 7508 1482 2149 7509 1516 2183 7510 1483 2150 7511 1517 2184 7512 1518 2185 7513 1519 2186 7514 1519 2186 7515 1518 2185 7516 1520 2187 7517 1519 2188 7518 1520 2189 7519 1521 2190 7520 1521 2190 7521 1520 2189 7522 1522 2191 7523 1521 2190 7524 1522 2191 7525 1523 2192 7526 1523 2192 7527 1522 2191 7528 1524 2193 7529 1523 2194 7530 1524 2195 7531 1525 2196 7532 1525 2196 7533 1524 2195 7534 1526 2197 7535 1525 2196 7536 1526 2197 7537 1527 2198 7538 1527 2198 7539 1526 2197 7540 1528 2199 7541 1527 2198 7542 1528 2199 7543 1529 2200 7544 1529 2200 7545 1528 2199 7546 1530 2201 7547 1529 2200 7548 1530 2201 7549 1531 2202 7550 1531 2202 7551 1530 2201 7552 1532 2203 7553 1531 2204 7554 1532 2205 7555 1533 2206 7556 1533 2206 7557 1532 2205 7558 1534 2207 7559 1533 2206 7560 1534 2207 7561 1535 2208 7562 1535 2208 7563 1534 2207 7564 1536 2209 7565 1535 2210 7566 1536 2211 7567 1537 2212 7568 1537 2212 7569 1536 2211 7570 1538 2213 7571 1537 2212 7572 1538 2213 7573 1539 2214 7574 1539 2214 7575 1538 2213 7576 1540 2215 7577 1539 2216 7578 1540 2217 7579 1517 2184 7580 1517 2184 7581 1540 2217 7582 1518 2185 7583 1541 2218 7584 1542 2219 7585 1543 2220 7586 1544 2221 7587 1545 2222 7588 1546 2223 7589 1546 2223 7590 1545 2222 7591 1547 2224 7592 1546 2223 7593 1547 2224 7594 1548 2225 7595 1542 2219 7596 1549 2226 7597 1543 2220 7598 1543 2220 7599 1549 2226 7600 1550 2227 7601 1543 2220 7602 1550 2227 7603 1547 2224 7604 1547 2224 7605 1550 2227 7606 1551 2228 7607 1547 2224 7608 1551 2228 7609 1548 2225 7610 1541 2218 7611 1543 2220 7612 1552 2229 7613 1552 2229 7614 1543 2220 7615 1553 2230 7616 1552 2229 7617 1553 2230 7618 1554 2231 7619 1555 2232 7620 1556 2233 7621 1553 2230 7622 1553 2230 7623 1556 2233 7624 1554 2231 7625 1557 2234 7626 1558 2235 7627 1559 2236 7628 1559 2236 7629 1558 2235 7630 1560 2237 7631 1559 2236 7632 1560 2237 7633 1555 2232 7634 1555 2232 7635 1560 2237 7636 1561 2238 7637 1555 2232 7638 1561 2238 7639 1556 2233 7640 1562 2239 7641 1563 2240 7642 1559 2236 7643 1559 2236 7644 1563 2240 7645 1564 2241 7646 1559 2236 7647 1564 2241 7648 1557 2234 7649 1565 2242 7650 1566 2243 7651 1562 2239 7652 1562 2239 7653 1566 2243 7654 1567 2244 7655 1562 2239 7656 1567 2244 7657 1563 2240 7658 1568 2245 7659 1569 2246 7660 1570 2247 7661 1570 2247 7662 1569 2246 7663 1571 2248 7664 1570 2247 7665 1571 2248 7666 1565 2242 7667 1565 2242 7668 1571 2248 7669 1572 2249 7670 1565 2242 7671 1572 2249 7672 1566 2243 7673 1573 2250 7674 1574 2251 7675 1575 2252 7676 1573 2250 7677 1575 2252 7678 1570 2247 7679 1570 2247 7680 1575 2252 7681 1576 2253 7682 1570 2247 7683 1576 2253 7684 1568 2245 7685 1577 2254 7686 1578 2255 7687 1573 2250 7688 1573 2250 7689 1578 2255 7690 1579 2256 7691 1573 2250 7692 1579 2256 7693 1574 2251 7694 1580 2257 7695 1577 2254 7696 1581 2258 7697 1581 2258 7698 1577 2254 7699 1582 2259 7700 1580 2257 7701 1583 2260 7702 1577 2254 7703 1577 2254 7704 1583 2260 7705 1584 2261 7706 1577 2254 7707 1584 2261 7708 1578 2255 7709 1544 2221 7710 1585 2262 7711 1545 2222 7712 1545 2222 7713 1585 2262 7714 1586 2263 7715 1545 2222 7716 1586 2263 7717 1582 2259 7718 1582 2259 7719 1586 2263 7720 1587 2264 7721 1582 2259 7722 1587 2264 7723 1581 2258 7724 1533 2265 7725 1570 2266 7726 1531 2267 7727 1531 2267 7728 1570 2266 7729 1565 2268 7730 1531 2267 7731 1565 2268 7732 1529 2269 7733 1529 2269 7734 1565 2268 7735 1562 2270 7736 1529 2269 7737 1562 2270 7738 1527 2271 7739 1527 2271 7740 1562 2270 7741 1559 2272 7742 1527 2271 7743 1559 2272 7744 1525 2273 7745 1525 2273 7746 1559 2272 7747 1555 2274 7748 1525 2273 7749 1555 2274 7750 1523 2275 7751 1523 2275 7752 1555 2274 7753 1553 2276 7754 1523 2275 7755 1553 2276 7756 1521 2277 7757 1521 2277 7758 1553 2276 7759 1543 2278 7760 1521 2277 7761 1543 2278 7762 1519 2279 7763 1519 2279 7764 1543 2278 7765 1547 2280 7766 1519 2279 7767 1547 2280 7768 1517 2281 7769 1517 2281 7770 1547 2280 7771 1545 2282 7772 1517 2281 7773 1545 2282 7774 1539 2283 7775 1539 2283 7776 1545 2282 7777 1582 2284 7778 1539 2283 7779 1582 2284 7780 1537 2285 7781 1537 2285 7782 1582 2284 7783 1577 2286 7784 1537 2285 7785 1577 2286 7786 1535 2287 7787 1535 2287 7788 1577 2286 7789 1573 2288 7790 1535 2287 7791 1573 2288 7792 1533 2265 7793 1533 2265 7794 1573 2288 7795 1570 2266 7796 1588 2289 7797 1589 2290 7798 1510 2291 7799 1510 2291 7800 1589 2290 7801 1495 2292 7802 1589 2290 7803 1590 2293 7804 1495 2292 7805 1495 2292 7806 1590 2293 7807 1591 2294 7808 1495 2292 7809 1591 2294 7810 1496 2295 7811 1592 2296 7812 1499 2297 7813 1593 2298 7814 1593 2298 7815 1499 2297 7816 1496 2295 7817 1593 2298 7818 1496 2295 7819 1594 2299 7820 1594 2299 7821 1496 2295 7822 1591 2294 7823 5 5 7824 4 4 7825 1595 2300 7826 5 5 7827 1595 2300 7828 1097 2301 7829 1097 2301 7830 1595 2300 7831 1089 1441 7832 1097 2301 7833 1089 1441 7834 1088 1440 7835 1499 2297 7836 1592 2296 7837 1500 2302 7838 1500 2302 7839 1592 2296 7840 1596 2303 7841 1500 2302 7842 1596 2303 7843 1597 2304 7844 0 0 7845 2 2 7846 1596 2303 7847 1596 2303 7848 2 2 7849 7 7 7850 7 7 7851 1598 2305 7852 1596 2303 7853 1596 2303 7854 1598 2305 7855 1599 2306 7856 1596 2303 7857 1599 2306 7858 1597 2304 7859 1600 2307 7860 1601 2308 7861 1602 2309 7862 1603 2310 7863 1604 2311 7864 1602 2309 7865 1602 2309 7866 1604 2311 7867 1605 2312 7868 1602 2309 7869 1605 2312 7870 1600 2307 7871 12 12 7872 11 11 7873 23 23 7874 23 23 7875 11 11 7876 1602 2309 7877 23 23 7878 1602 2309 7879 1606 2313 7880 1606 2313 7881 1602 2309 7882 1601 2308 7883 1588 2289 7884 1510 2291 7885 1602 2309 7886 1602 2309 7887 1510 2291 7888 1512 2314 7889 1602 2309 7890 1512 2314 7891 1603 2310 7892 1461 2115 7893 1144 2114 7894 1607 2315 7895 1607 2315 7896 1144 2114 7897 1145 2316 7898 1607 2315 7899 1145 2316 7900 1463 2118 7901 1463 2118 7902 1145 2316 7903 1131 2119 7904 1474 2141 7905 1095 2140 7906 1608 2317 7907 1608 2317 7908 1095 2140 7909 1109 2318 7910 1608 2317 7911 1109 2318 7912 1460 2113 7913 1460 2113 7914 1109 2318 7915 1110 2112 7916 1459 2111 7917 1111 2110 7918 1609 2319 7919 1609 2319 7920 1111 2110 7921 1101 2320 7922 1609 2319 7923 1101 2320 7924 1610 2321 7925 1610 2321 7926 1101 2320 7927 1611 2322 7928 1611 2322 7929 1101 2320 7930 1100 2323 7931 1611 2322 7932 1100 2323 7933 1612 2324 7934 1612 2324 7935 1100 2323 7936 1613 2325 7937 1613 2325 7938 1100 2323 7939 18 18 7940 1613 2325 7941 18 18 7942 20 20 7943 1462 2117 7944 1614 2326 7945 1143 2116 7946 1143 2116 7947 1614 2326 7948 1141 2327 7949 1614 2326 7950 1615 2328 7951 1141 2327 7952 1141 2327 7953 1615 2328 7954 1616 2329 7955 1141 2327 7956 1616 2329 7957 1142 2330 7958 10 10 7959 6 6 7960 1617 2331 7961 1617 2331 7962 6 6 7963 1142 2330 7964 1617 2331 7965 1142 2330 7966 1618 2332 7967 1618 2332 7968 1142 2330 7969 1616 2329 7970 1003 1340 7971 1619 2333 7972 1002 1339 7973 1002 1339 7974 1619 2333 7975 1040 2334 7976 1040 2334 7977 1619 2333 7978 1041 2335 7979 1041 2335 7980 1619 2333 7981 1620 2336 7982 1041 2335 7983 1620 2336 7984 1621 2337 7985 1621 2337 7986 1620 2336 7987 1622 2338 7988 1622 2338 7989 1620 2336 7990 1094 1446 7991 1622 2338 7992 1094 1446 7993 1061 1413 7994 1182 1575 7995 1178 1569 7996 1623 2339 7997 1182 1575 7998 1623 2339 7999 1624 2340 8000 1624 2340 8001 1623 2339 8002 1112 2341 8003 1624 2340 8004 1112 2341 8005 1230 2342 8006 1230 2342 8007 1112 2341 8008 1104 1791 8009 1230 2342 8010 1104 1791 8011 1228 1790 8012 983 1300 8013 1625 2343 8014 984 1302 8015 984 1302 8016 1625 2343 8017 1626 2344 8018 1307 1795 8019 1106 1793 8020 1625 2343 8021 1625 2343 8022 1106 1793 8023 1135 2345 8024 1625 2343 8025 1135 2345 8026 1626 2344 8027 1133 2346 8028 998 1335 8029 1627 2347 8030 1627 2347 8031 998 1335 8032 999 1336 8033 1133 2346 8034 1627 2347 8035 1134 2348 8036 1134 2348 8037 1627 2347 8038 1628 2349 8039 1134 2348 8040 1628 2349 8041 1629 2350 8042 1629 2350 8043 1628 2349 8044 1630 2351 8045 1630 2351 8046 1628 2349 8047 946 1210 8048 1630 2351 8049 946 1210 8050 945 1208 8051 1091 1443 8052 1090 1442 8053 1146 2352 8054 1146 2352 8055 1090 1442 8056 1631 2353 8057 1146 2352 8058 1631 2353 8059 1147 2354 8060 1147 2354 8061 1631 2353 8062 1632 2355 8063 1147 2354 8064 1632 2355 8065 996 1333 8066 996 1333 8067 1632 2355 8068 997 1334 8069 1004 2356 8070 52 2357 8071 1309 2358 8072 1309 2358 8073 52 2357 8074 95 2359 8075 1309 2358 8076 95 2359 8077 1319 2360 8078 1319 2360 8079 95 2359 8080 1320 2361 8081 1028 2362 8082 49 2363 8083 1026 2364 8084 1026 2364 8085 49 2363 8086 29 2365 8087 1026 2364 8088 29 2365 8089 1024 2366 8090 1024 2366 8091 29 2365 8092 28 2367 8093 1024 2366 8094 28 2367 8095 1022 2368 8096 1022 2368 8097 28 2367 8098 76 2369 8099 1022 2368 8100 76 2369 8101 1020 2370 8102 1020 2370 8103 76 2369 8104 74 2371 8105 1020 2370 8106 74 2371 8107 1018 2372 8108 1018 2372 8109 74 2371 8110 72 2373 8111 1018 2372 8112 72 2373 8113 1016 2374 8114 1016 2374 8115 72 2373 8116 69 2375 8117 1016 2374 8118 69 2375 8119 1014 2376 8120 1014 2376 8121 69 2375 8122 60 2377 8123 1014 2376 8124 60 2377 8125 1012 2378 8126 1012 2378 8127 60 2377 8128 58 2379 8129 1012 2378 8130 58 2379 8131 1010 2380 8132 1010 2380 8133 58 2379 8134 56 2381 8135 1010 2380 8136 56 2381 8137 1008 2382 8138 1008 2382 8139 56 2381 8140 54 2383 8141 1008 2382 8142 54 2383 8143 1006 2384 8144 1006 2384 8145 54 2383 8146 65 2385 8147 1006 2384 8148 65 2385 8149 1004 2356 8150 1004 2356 8151 65 2385 8152 52 2357 8153 49 2363 8154 1028 2362 8155 1032 2386 8156 49 2363 8157 1032 2386 8158 30 2387 8159 30 2387 8160 1032 2386 8161 1 2388 8162 30 2387 8163 1 2388 8164 31 2389 8165 0 2390 8166 33 2391 8167 1 2388 8168 1 2388 8169 33 2391 8170 31 2389 8171 33 2391 8172 0 2390 8173 1596 2392 8174 33 2391 8175 1596 2392 8176 42 2393 8177 42 2393 8178 1596 2392 8179 1592 2394 8180 42 2393 8181 1592 2394 8182 43 2395 8183 45 2396 8184 43 2395 8185 1592 2394 8186 1592 2394 8187 1593 2397 8188 45 2396 8189 45 2396 8190 1593 2397 8191 1594 2398 8192 45 2396 8193 1594 2398 8194 47 2399 8195 47 2399 8196 1594 2398 8197 1591 2400 8198 47 2399 8199 1591 2400 8200 48 2401 8201 1588 2402 8202 117 2403 8203 1589 2404 8204 1589 2404 8205 117 2403 8206 48 2401 8207 1589 2404 8208 48 2401 8209 1590 2405 8210 1590 2405 8211 48 2401 8212 1591 2400 8213 117 2403 8214 1588 2402 8215 1602 2406 8216 117 2403 8217 1602 2406 8218 116 2407 8219 116 2407 8220 1602 2406 8221 11 2408 8222 116 2407 8223 11 2408 8224 91 2409 8225 13 2410 8226 40 2411 8227 11 2408 8228 11 2408 8229 40 2411 8230 91 2409 8231 40 2411 8232 13 2410 8233 1199 2412 8234 1201 2413 8235 125 2414 8236 124 2415 8237 40 2411 8238 1199 2412 8239 124 2415 8240 124 2415 8241 1199 2412 8242 1200 2416 8243 124 2415 8244 1200 2416 8245 1201 2413 8246 1201 2413 8247 1202 2417 8248 125 2414 8249 125 2414 8250 1202 2417 8251 1203 2418 8252 125 2414 8253 1203 2418 8254 127 2419 8255 127 2419 8256 1203 2418 8257 1204 2420 8258 127 2419 8259 1204 2420 8260 130 2421 8261 1204 2420 8262 1205 2422 8263 130 2421 8264 130 2421 8265 1205 2422 8266 1206 2423 8267 130 2421 8268 1206 2423 8269 115 2424 8270 1206 2423 8271 1207 2425 8272 115 2424 8273 115 2424 8274 1207 2425 8275 1211 2426 8276 115 2424 8277 1211 2426 8278 89 2427 8279 1211 2426 8280 1210 2428 8281 89 2427 8282 89 2427 8283 1210 2428 8284 1209 2429 8285 89 2427 8286 1209 2429 8287 109 2430 8288 1209 2429 8289 1208 2431 8290 109 2430 8291 109 2430 8292 1208 2431 8293 1212 2432 8294 109 2430 8295 1212 2432 8296 111 2433 8297 1215 2434 8298 134 2435 8299 1214 2436 8300 1214 2436 8301 134 2435 8302 111 2433 8303 1214 2436 8304 111 2433 8305 1213 2437 8306 1213 2437 8307 111 2433 8308 1212 2432 8309 134 2435 8310 1215 2434 8311 1286 2438 8312 134 2435 8313 1286 2438 8314 135 2439 8315 135 2439 8316 1286 2438 8317 1284 2440 8318 135 2439 8319 1284 2440 8320 118 2441 8321 118 2441 8322 1284 2440 8323 1283 2442 8324 118 2441 8325 1283 2442 8326 119 2443 8327 119 2443 8328 1283 2442 8329 1282 2444 8330 119 2443 8331 1282 2444 8332 120 2445 8333 120 2445 8334 1282 2444 8335 1281 2446 8336 120 2445 8337 1281 2446 8338 133 2447 8339 133 2447 8340 1281 2446 8341 1280 2448 8342 133 2447 8343 1280 2448 8344 112 2449 8345 112 2449 8346 1280 2448 8347 1264 2450 8348 112 2449 8349 1264 2450 8350 110 2451 8351 110 2451 8352 1264 2450 8353 1265 2452 8354 110 2451 8355 1265 2452 8356 108 2453 8357 108 2453 8358 1265 2452 8359 1266 2454 8360 108 2453 8361 1266 2454 8362 87 2455 8363 1162 2456 8364 90 2457 8365 1263 2458 8366 1263 2458 8367 90 2457 8368 88 2459 8369 87 2455 8370 1266 2454 8371 88 2459 8372 88 2459 8373 1266 2454 8374 1267 2460 8375 88 2459 8376 1267 2460 8377 1263 2458 8378 22 2461 8379 23 2462 8380 1606 2463 8381 1604 2464 8382 16 2465 8383 1605 2466 8384 1605 2466 8385 16 2465 8386 21 2467 8387 1605 2466 8388 21 2467 8389 1600 2468 8390 1600 2468 8391 21 2467 8392 22 2461 8393 1600 2468 8394 22 2461 8395 1601 2469 8396 1601 2469 8397 22 2461 8398 1606 2463 8399 1508 2470 8400 1501 2471 8401 1459 2472 8402 1459 2472 8403 1609 2473 8404 1508 2470 8405 1508 2470 8406 1609 2473 8407 1610 2474 8408 1508 2470 8409 1610 2474 8410 1509 2475 8411 1610 2474 8412 1611 2476 8413 1509 2475 8414 1509 2475 8415 1611 2476 8416 1612 2477 8417 1509 2475 8418 1612 2477 8419 1511 2478 8420 1511 2478 8421 1612 2477 8422 1613 2479 8423 1511 2478 8424 1613 2479 8425 1512 2480 8426 1512 2480 8427 1613 2479 8428 20 2481 8429 1512 2480 8430 20 2481 8431 1603 2482 8432 1603 2482 8433 20 2481 8434 19 2483 8435 1603 2482 8436 19 2483 8437 1604 2464 8438 1604 2464 8439 19 2483 8440 17 2484 8441 1604 2464 8442 17 2484 8443 16 2465 8444 1507 2485 8445 1460 2486 8446 1501 2471 8447 1501 2471 8448 1460 2486 8449 1459 2472 8450 1460 2486 8451 1507 2485 8452 1608 2487 8453 1608 2487 8454 1507 2485 8455 1506 2488 8456 1608 2487 8457 1506 2488 8458 1474 2489 8459 1474 2489 8460 1506 2488 8461 1504 2490 8462 1598 2491 8463 7 2492 8464 8 2493 8465 1598 2491 8466 8 2493 8467 1599 2494 8468 1599 2494 8469 8 2493 8470 9 2495 8471 1599 2494 8472 9 2495 8473 1597 2496 8474 1597 2496 8475 9 2495 8476 1500 2497 8477 1500 2497 8478 9 2495 8479 10 2498 8480 1500 2497 8481 10 2498 8482 1498 2499 8483 1498 2499 8484 10 2498 8485 1617 2500 8486 1498 2499 8487 1617 2500 8488 1497 2501 8489 1617 2500 8490 1618 2502 8491 1497 2501 8492 1497 2501 8493 1618 2502 8494 1616 2503 8495 1497 2501 8496 1616 2503 8497 1513 2504 8498 1462 2505 8499 1514 2506 8500 1614 2507 8501 1614 2507 8502 1514 2506 8503 1513 2504 8504 1614 2507 8505 1513 2504 8506 1615 2508 8507 1615 2508 8508 1513 2504 8509 1616 2503 8510 1483 2509 8511 1463 2510 8512 1464 2511 8513 1483 2509 8514 1464 2511 8515 1485 2512 8516 1485 2512 8517 1464 2511 8518 1465 2513 8519 1485 2512 8520 1465 2513 8521 1487 2514 8522 1487 2514 8523 1465 2513 8524 1466 2515 8525 1487 2514 8526 1466 2515 8527 1489 2516 8528 1489 2516 8529 1466 2515 8530 1467 2517 8531 1489 2516 8532 1467 2517 8533 1491 2518 8534 1491 2518 8535 1467 2517 8536 1468 2519 8537 1491 2518 8538 1468 2519 8539 1493 2520 8540 1493 2520 8541 1468 2519 8542 1469 2521 8543 1493 2520 8544 1469 2521 8545 1494 2522 8546 1494 2522 8547 1469 2521 8548 1470 2523 8549 1494 2522 8550 1470 2523 8551 1476 2524 8552 1476 2524 8553 1470 2523 8554 1471 2525 8555 1476 2524 8556 1471 2525 8557 1478 2526 8558 1478 2526 8559 1471 2525 8560 1472 2527 8561 1478 2526 8562 1472 2527 8563 1480 2528 8564 1480 2528 8565 1472 2527 8566 1473 2529 8567 1480 2528 8568 1473 2529 8569 1503 2530 8570 1503 2530 8571 1473 2529 8572 1474 2489 8573 1503 2530 8574 1474 2489 8575 1504 2490 8576 1461 2531 8577 1515 2532 8578 1462 2505 8579 1462 2505 8580 1515 2532 8581 1514 2506 8582 1463 2510 8583 1483 2509 8584 1607 2533 8585 1607 2533 8586 1483 2509 8587 1516 2534 8588 1607 2533 8589 1516 2534 8590 1461 2531 8591 1461 2531 8592 1516 2534 8593 1515 2532 8594 1288 2535 8595 1164 2536 8596 1165 2537 8597 1229 2538 8598 1181 2539 8599 1230 2540 8600 1230 2540 8601 1181 2539 8602 1182 2541 8603 1230 2540 8604 1182 2541 8605 1624 2542 8606 1238 2543 8607 1285 2544 8608 1166 2545 8609 1166 2545 8610 1285 2544 8611 1165 2537 8612 1165 2537 8613 1285 2544 8614 1287 2546 8615 1165 2537 8616 1287 2546 8617 1288 2535 8618 1238 2543 8619 1166 2545 8620 1240 2547 8621 1240 2547 8622 1166 2545 8623 1167 2548 8624 1240 2547 8625 1167 2548 8626 1242 2549 8627 1167 2548 8628 1168 2550 8629 1242 2549 8630 1242 2549 8631 1168 2550 8632 1169 2551 8633 1242 2549 8634 1169 2551 8635 1244 2552 8636 1169 2551 8637 1170 2553 8638 1244 2552 8639 1244 2552 8640 1170 2553 8641 1171 2554 8642 1244 2552 8643 1171 2554 8644 1246 2555 8645 1171 2554 8646 1172 2556 8647 1246 2555 8648 1246 2555 8649 1172 2556 8650 1173 2557 8651 1246 2555 8652 1173 2557 8653 1248 2558 8654 1173 2557 8655 1174 2559 8656 1248 2558 8657 1248 2558 8658 1174 2559 8659 1175 2560 8660 1248 2558 8661 1175 2560 8662 1250 2561 8663 1175 2560 8664 1176 2562 8665 1250 2561 8666 1250 2561 8667 1176 2562 8668 1177 2563 8669 1250 2561 8670 1177 2563 8671 1229 2538 8672 1229 2538 8673 1177 2563 8674 1180 2564 8675 1229 2538 8676 1180 2564 8677 1181 2539 8678 157 2565 8679 1325 2566 8680 155 2567 8681 155 2567 8682 1325 2566 8683 1324 2568 8684 155 2567 8685 1324 2568 8686 1340 2569 8687 1340 2569 8688 1324 2568 8689 1339 2570 8690 165 2571 8691 1001 2572 8692 1328 2573 8693 165 2571 8694 1328 2573 8695 166 2574 8696 166 2574 8697 1328 2573 8698 1327 2575 8699 166 2574 8700 1327 2575 8701 167 2576 8702 167 2576 8703 1327 2575 8704 1326 2577 8705 167 2576 8706 1326 2577 8707 177 2578 8708 177 2578 8709 1326 2577 8710 1325 2566 8711 177 2578 8712 1325 2566 8713 157 2565 8714 176 2579 8715 1003 2580 8716 165 2571 8717 165 2571 8718 1003 2580 8719 1001 2572 8720 158 2581 8721 1094 2582 8722 1620 2583 8723 158 2581 8724 1620 2583 8725 174 2584 8726 174 2584 8727 1620 2583 8728 1619 2585 8729 174 2584 8730 1619 2585 8731 175 2586 8732 175 2586 8733 1619 2585 8734 1003 2580 8735 175 2586 8736 1003 2580 8737 176 2579 8738 154 2587 8739 1090 2588 8740 156 2589 8741 156 2589 8742 1090 2588 8743 1092 2590 8744 156 2589 8745 1092 2590 8746 158 2581 8747 158 2581 8748 1092 2590 8749 1093 2591 8750 158 2581 8751 1093 2591 8752 1094 2582 8753 1090 2588 8754 154 2587 8755 1631 2592 8756 1631 2592 8757 154 2587 8758 152 2593 8759 1631 2592 8760 152 2593 8761 1632 2594 8762 1632 2594 8763 152 2593 8764 150 2595 8765 1632 2594 8766 150 2595 8767 997 2596 8768 997 2596 8769 150 2595 8770 148 2597 8771 173 2598 8772 999 2599 8773 148 2597 8774 148 2597 8775 999 2599 8776 997 2596 8777 163 2600 8778 946 2601 8779 1628 2602 8780 163 2600 8781 1628 2602 8782 171 2603 8783 171 2603 8784 1628 2602 8785 1627 2604 8786 171 2603 8787 1627 2604 8788 172 2605 8789 172 2605 8790 1627 2604 8791 999 2599 8792 172 2605 8793 999 2599 8794 173 2598 8795 214 2606 8796 216 2607 8797 982 2608 8798 982 2608 8799 216 2607 8800 983 2609 8801 982 2608 8802 985 2610 8803 214 2606 8804 214 2606 8805 985 2610 8806 986 2611 8807 214 2606 8808 986 2611 8809 212 2612 8810 212 2612 8811 986 2611 8812 987 2613 8813 212 2612 8814 987 2613 8815 170 2614 8816 987 2613 8817 988 2615 8818 170 2614 8819 170 2614 8820 988 2615 8821 989 2616 8822 170 2614 8823 989 2616 8824 146 2617 8825 989 2616 8826 990 2618 8827 146 2617 8828 146 2617 8829 990 2618 8830 991 2619 8831 146 2617 8832 991 2619 8833 145 2620 8834 991 2619 8835 992 2621 8836 145 2620 8837 145 2620 8838 992 2621 8839 994 2622 8840 145 2620 8841 994 2622 8842 160 2623 8843 160 2623 8844 994 2622 8845 993 2624 8846 160 2623 8847 993 2624 8848 162 2625 8849 946 2601 8850 163 2600 8851 947 2626 8852 947 2626 8853 163 2600 8854 162 2625 8855 947 2626 8856 162 2625 8857 995 2627 8858 995 2627 8859 162 2625 8860 993 2624 8861 185 2628 8862 1307 2629 8863 1625 2630 8864 185 2628 8865 1625 2630 8866 217 2631 8867 217 2631 8868 1625 2630 8869 983 2609 8870 217 2631 8871 983 2609 8872 216 2607 8873 183 2632 8874 1306 2633 8875 185 2628 8876 185 2628 8877 1306 2633 8878 1307 2629 8879 200 2634 8880 1303 2635 8881 1308 2636 8882 200 2634 8883 1308 2636 8884 199 2637 8885 199 2637 8886 1308 2636 8887 1306 2633 8888 199 2637 8889 1306 2633 8890 183 2632 8891 188 2638 8892 187 2639 8893 1289 2640 8894 1289 2640 8895 1290 2641 8896 188 2638 8897 188 2638 8898 1290 2641 8899 1292 2642 8900 188 2638 8901 1292 2642 8902 179 2643 8903 1292 2642 8904 1291 2644 8905 179 2643 8906 179 2643 8907 1291 2644 8908 1296 2645 8909 179 2643 8910 1296 2645 8911 139 2646 8912 1296 2645 8913 1295 2647 8914 139 2646 8915 139 2646 8916 1295 2647 8917 1294 2648 8918 139 2646 8919 1294 2648 8920 140 2649 8921 1294 2648 8922 1293 2650 8923 140 2649 8924 140 2649 8925 1293 2650 8926 1297 2651 8927 140 2649 8928 1297 2651 8929 194 2652 8930 194 2652 8931 1297 2651 8932 1298 2653 8933 194 2652 8934 1298 2653 8935 142 2654 8936 1298 2653 8937 1299 2655 8938 142 2654 8939 142 2654 8940 1299 2655 8941 1300 2656 8942 142 2654 8943 1300 2656 8944 138 2657 8945 1303 2635 8946 200 2634 8947 1302 2658 8948 1302 2658 8949 200 2634 8950 138 2657 8951 1302 2658 8952 138 2657 8953 1301 2659 8954 1301 2659 8955 138 2657 8956 1300 2656 8957 1289 2640 8958 187 2639 8959 209 2660 8960 1289 2640 8961 209 2660 8962 1305 2661 8963 1305 2661 8964 209 2660 8965 208 2662 8966 1305 2661 8967 208 2662 8968 1304 2663 8969 1304 2663 8970 208 2662 8971 207 2664 8972 1304 2663 8973 207 2664 8974 1268 2665 8975 203 2666 8976 1276 2667 8977 1274 2668 8978 1268 2665 8979 207 2664 8980 1269 2669 8981 1269 2669 8982 207 2664 8983 203 2666 8984 1269 2669 8985 203 2666 8986 1278 2670 8987 1278 2670 8988 203 2666 8989 1274 2668 8990 1278 2670 8991 1274 2668 8992 1273 2671 8993 203 2666 8994 202 2672 8995 1219 2673 8996 1219 2673 8997 1272 2674 8998 203 2666 8999 203 2666 9000 1272 2674 9001 1277 2675 9002 203 2666 9003 1277 2675 9004 1276 2667 9005 1630 2676 9006 945 2677 9007 944 2678 9008 1630 2676 9009 944 2678 9010 1629 2679 9011 984 2680 9012 1626 2681 9013 981 2682 9014 981 2682 9015 1626 2681 9016 1135 2683 9017 981 2682 9018 1135 2683 9019 1136 2684 9020 1629 2679 9021 944 2678 9022 1134 2685 9023 1134 2685 9024 944 2678 9025 948 2686 9026 1134 2685 9027 948 2686 9028 1132 2687 9029 1132 2687 9030 948 2686 9031 949 2688 9032 1132 2687 9033 949 2688 9034 1140 2689 9035 949 2688 9036 950 2690 9037 1140 2689 9038 1140 2689 9039 950 2690 9040 951 2691 9041 1140 2689 9042 951 2691 9043 1139 2692 9044 951 2691 9045 953 2693 9046 1139 2692 9047 1139 2692 9048 953 2693 9049 952 2694 9050 1139 2692 9051 952 2694 9052 1138 2695 9053 952 2694 9054 954 2696 9055 1138 2695 9056 1138 2695 9057 954 2696 9058 955 2697 9059 1138 2695 9060 955 2697 9061 1151 2698 9062 955 2697 9063 956 2699 9064 1151 2698 9065 1151 2698 9066 956 2699 9067 957 2700 9068 1151 2698 9069 957 2700 9070 1150 2701 9071 957 2700 9072 958 2702 9073 1150 2701 9074 1150 2701 9075 958 2702 9076 959 2703 9077 1150 2701 9078 959 2703 9079 1149 2704 9080 959 2703 9081 960 2705 9082 1149 2704 9083 1149 2704 9084 960 2705 9085 961 2706 9086 1149 2704 9087 961 2706 9088 1148 2707 9089 961 2706 9090 962 2708 9091 1148 2707 9092 1148 2707 9093 962 2708 9094 963 2709 9095 1148 2707 9096 963 2709 9097 1098 2710 9098 963 2709 9099 964 2711 9100 1098 2710 9101 1098 2710 9102 964 2711 9103 965 2712 9104 1098 2710 9105 965 2712 9106 1099 2713 9107 965 2712 9108 966 2714 9109 1099 2713 9110 1099 2713 9111 966 2714 9112 967 2715 9113 1099 2713 9114 967 2715 9115 1130 2716 9116 967 2715 9117 968 2717 9118 1130 2716 9119 1130 2716 9120 968 2717 9121 969 2718 9122 1130 2716 9123 969 2718 9124 1128 2719 9125 969 2718 9126 970 2720 9127 1128 2719 9128 1128 2719 9129 970 2720 9130 971 2721 9131 1128 2719 9132 971 2721 9133 1126 2722 9134 971 2721 9135 972 2723 9136 1126 2722 9137 1126 2722 9138 972 2723 9139 973 2724 9140 1126 2722 9141 973 2724 9142 1124 2725 9143 973 2724 9144 974 2726 9145 1124 2725 9146 1124 2725 9147 974 2726 9148 975 2727 9149 1124 2725 9150 975 2727 9151 1123 2728 9152 975 2727 9153 976 2729 9154 1123 2728 9155 1123 2728 9156 976 2729 9157 977 2730 9158 1123 2728 9159 977 2730 9160 1137 2731 9161 977 2730 9162 978 2732 9163 1137 2731 9164 1137 2731 9165 978 2732 9166 979 2733 9167 1137 2731 9168 979 2733 9169 1136 2684 9170 1136 2684 9171 979 2733 9172 980 2734 9173 1136 2684 9174 980 2734 9175 981 2682 9176 1113 2735 9177 1112 2736 9178 1623 2737 9179 1623 2737 9180 1178 2738 9181 1179 2739 9182 1623 2737 9183 1179 2739 9184 1113 2735 9185 1113 2735 9186 1179 2739 9187 1183 2740 9188 1113 2735 9189 1183 2740 9190 1114 2741 9191 1114 2741 9192 1183 2740 9193 1184 2742 9194 1114 2741 9195 1184 2742 9196 1116 2743 9197 1184 2742 9198 1185 2744 9199 1116 2743 9200 1116 2743 9201 1185 2744 9202 1190 2745 9203 1116 2743 9204 1190 2745 9205 1118 2746 9206 1190 2745 9207 1189 2747 9208 1118 2746 9209 1118 2746 9210 1189 2747 9211 1188 2748 9212 1118 2746 9213 1188 2748 9214 1120 2749 9215 1188 2748 9216 1187 2750 9217 1120 2749 9218 1120 2749 9219 1187 2750 9220 1186 2751 9221 1120 2749 9222 1186 2751 9223 1121 2752 9224 1186 2751 9225 1191 2753 9226 1121 2752 9227 1121 2752 9228 1191 2753 9229 1192 2754 9230 1121 2752 9231 1192 2754 9232 1122 2755 9233 1192 2754 9234 1193 2756 9235 1122 2755 9236 1122 2755 9237 1193 2756 9238 1194 2757 9239 1122 2755 9240 1194 2757 9241 1103 2758 9242 1194 2757 9243 1195 2759 9244 1103 2758 9245 1103 2758 9246 1195 2759 9247 1196 2760 9248 1103 2758 9249 1196 2760 9250 1102 2761 9251 1102 2761 9252 1196 2760 9253 1197 2762 9254 1102 2761 9255 1197 2762 9256 14 2763 9257 14 2763 9258 1197 2762 9259 1198 2764 9260 14 2763 9261 1198 2764 9262 15 2765 9263 4 2766 9264 3 2767 9265 1031 2768 9266 1029 2769 9267 1044 2770 9268 1030 2771 9269 1030 2771 9270 1044 2770 9271 4 2766 9272 1030 2771 9273 4 2766 9274 1033 2772 9275 1033 2772 9276 4 2766 9277 1031 2768 9278 1060 2773 9279 1089 2774 9280 1595 2775 9281 1060 2773 9282 1595 2775 9283 1057 2776 9284 1057 2776 9285 1595 2775 9286 4 2766 9287 1057 2776 9288 4 2766 9289 1044 2770 9290 1041 2777 9291 1621 2778 9292 1042 2779 9293 1042 2779 9294 1621 2778 9295 1622 2780 9296 1622 2780 9297 1061 2781 9298 1063 2782 9299 1622 2780 9300 1063 2782 9301 1042 2779 9302 1042 2779 9303 1063 2782 9304 1065 2783 9305 1042 2779 9306 1065 2783 9307 1051 2784 9308 1065 2783 9309 1067 2785 9310 1051 2784 9311 1051 2784 9312 1067 2785 9313 1068 2786 9314 1051 2784 9315 1068 2786 9316 1052 2787 9317 1068 2786 9318 1070 2788 9319 1052 2787 9320 1052 2787 9321 1070 2788 9322 1071 2789 9323 1052 2787 9324 1071 2789 9325 1053 2790 9326 1071 2789 9327 1073 2791 9328 1053 2790 9329 1053 2790 9330 1073 2791 9331 1074 2792 9332 1053 2790 9333 1074 2792 9334 1054 2793 9335 1074 2792 9336 1076 2794 9337 1054 2793 9338 1054 2793 9339 1076 2794 9340 1077 2795 9341 1054 2793 9342 1077 2795 9343 1055 2796 9344 1077 2795 9345 1079 2797 9346 1055 2796 9347 1055 2796 9348 1079 2797 9349 1080 2798 9350 1055 2796 9351 1080 2798 9352 1056 2799 9353 1089 2774 9354 1060 2773 9355 1087 2800 9356 1087 2800 9357 1060 2773 9358 1059 2801 9359 1087 2800 9360 1059 2801 9361 1085 2802 9362 1085 2802 9363 1059 2801 9364 1058 2803 9365 1085 2802 9366 1058 2803 9367 1083 2804 9368 1083 2804 9369 1058 2803 9370 1056 2799 9371 1083 2804 9372 1056 2799 9373 1082 2805 9374 1082 2805 9375 1056 2799 9376 1080 2798 9377 1520 2806 9378 1475 2807 9379 1522 2808 9380 1522 2808 9381 1475 2807 9382 1477 2809 9383 1522 2808 9384 1477 2809 9385 1524 2810 9386 1524 2810 9387 1477 2809 9388 1479 2811 9389 1524 2810 9390 1479 2811 9391 1526 2812 9392 1526 2812 9393 1479 2811 9394 1481 2813 9395 1526 2812 9396 1481 2813 9397 1528 2814 9398 1528 2814 9399 1481 2813 9400 1505 2815 9401 1528 2814 9402 1505 2815 9403 1530 2816 9404 1530 2816 9405 1505 2815 9406 1502 2817 9407 1530 2816 9408 1502 2817 9409 1532 2818 9410 1532 2818 9411 1502 2817 9412 1482 2819 9413 1532 2818 9414 1482 2819 9415 1534 2820 9416 1534 2820 9417 1482 2819 9418 1484 2821 9419 1534 2820 9420 1484 2821 9421 1536 2822 9422 1536 2822 9423 1484 2821 9424 1486 2823 9425 1536 2822 9426 1486 2823 9427 1538 2824 9428 1538 2824 9429 1486 2823 9430 1488 2825 9431 1538 2824 9432 1488 2825 9433 1540 2826 9434 1540 2826 9435 1488 2825 9436 1490 2827 9437 1540 2826 9438 1490 2827 9439 1518 2828 9440 1518 2828 9441 1490 2827 9442 1492 2829 9443 1518 2828 9444 1492 2829 9445 1520 2806 9446 1520 2806 9447 1492 2829 9448 1475 2807 9449 1427 2830 9450 44 2831 9451 1426 2832 9452 1426 2832 9453 44 2831 9454 46 2833 9455 1426 2832 9456 46 2833 9457 1425 2834 9458 1425 2834 9459 46 2833 9460 39 2835 9461 1425 2834 9462 39 2835 9463 1424 2836 9464 1424 2836 9465 39 2835 9466 38 2837 9467 1424 2836 9468 38 2837 9469 1423 2838 9470 1423 2838 9471 38 2837 9472 36 2839 9473 1423 2838 9474 36 2839 9475 1422 2840 9476 1422 2840 9477 36 2839 9478 26 2841 9479 1422 2840 9480 26 2841 9481 1433 2842 9482 1433 2842 9483 26 2841 9484 100 2843 9485 1433 2842 9486 100 2843 9487 1432 2844 9488 1432 2844 9489 100 2843 9490 86 2845 9491 1432 2844 9492 86 2845 9493 1431 2846 9494 1431 2846 9495 86 2845 9496 85 2847 9497 1431 2846 9498 85 2847 9499 1430 2848 9500 1430 2848 9501 85 2847 9502 27 2849 9503 1430 2848 9504 27 2849 9505 1429 2850 9506 1429 2850 9507 27 2849 9508 32 2851 9509 1429 2850 9510 32 2851 9511 1428 2852 9512 1428 2852 9513 32 2851 9514 34 2853 9515 1428 2852 9516 34 2853 9517 1427 2830 9518 1427 2830 9519 34 2853 9520 44 2831 9521 1452 2854 9522 41 2855 9523 1451 2856 9524 1451 2856 9525 41 2855 9526 121 2857 9527 1451 2856 9528 121 2857 9529 1450 2858 9530 1450 2858 9531 121 2857 9532 83 2859 9533 1450 2858 9534 83 2859 9535 1449 2860 9536 1449 2860 9537 83 2859 9538 81 2861 9539 1449 2860 9540 81 2861 9541 1448 2862 9542 1448 2862 9543 81 2861 9544 79 2863 9545 1448 2862 9546 79 2863 9547 1447 2864 9548 1447 2864 9549 79 2863 9550 107 2865 9551 1447 2864 9552 107 2865 9553 1458 2866 9554 1458 2866 9555 107 2865 9556 106 2867 9557 1458 2866 9558 106 2867 9559 1457 2868 9560 1457 2868 9561 106 2867 9562 104 2869 9563 1457 2868 9564 104 2869 9565 1456 2870 9566 1456 2870 9567 104 2869 9568 25 2871 9569 1456 2870 9570 25 2871 9571 1455 2872 9572 1455 2872 9573 25 2871 9574 24 2873 9575 1455 2872 9576 24 2873 9577 1454 2874 9578 1454 2874 9579 24 2873 9580 35 2875 9581 1454 2874 9582 35 2875 9583 1453 2876 9584 1453 2876 9585 35 2875 9586 37 2877 9587 1453 2876 9588 37 2877 9589 1452 2854 9590 1452 2854 9591 37 2877 9592 41 2855 9593 1566 2878 9594 1572 2879 9595 536 2880 9596 522 2881 9597 521 2882 9598 1580 2883 9599 562 2884 9600 561 2885 9601 1542 2886 9602 1542 2886 9603 1541 2887 9604 562 2884 9605 562 2884 9606 1541 2887 9607 1552 2888 9608 562 2884 9609 1552 2888 9610 550 2889 9611 550 2889 9612 1552 2888 9613 1554 2890 9614 550 2889 9615 1554 2890 9616 547 2891 9617 547 2891 9618 1554 2890 9619 548 2892 9620 548 2892 9621 1554 2890 9622 1556 2893 9623 548 2892 9624 1556 2893 9625 553 2894 9626 553 2894 9627 1556 2893 9628 1561 2895 9629 553 2894 9630 1561 2895 9631 554 2896 9632 554 2896 9633 1561 2895 9634 1560 2897 9635 554 2896 9636 1560 2897 9637 555 2898 9638 555 2898 9639 1560 2897 9640 1558 2899 9641 555 2898 9642 1558 2899 9643 543 2900 9644 543 2900 9645 1558 2899 9646 1557 2234 9647 543 2900 9648 1557 2234 9649 544 2901 9650 530 2902 9651 1584 2903 9652 521 2882 9653 521 2882 9654 1584 2903 9655 1583 2904 9656 521 2882 9657 1583 2904 9658 1580 2883 9659 536 2880 9660 1572 2879 9661 534 2905 9662 534 2905 9663 1572 2879 9664 1571 2906 9665 534 2905 9666 1571 2906 9667 537 2907 9668 537 2907 9669 1571 2906 9670 1569 2908 9671 537 2907 9672 1569 2908 9673 538 2909 9674 538 2909 9675 1569 2908 9676 539 2910 9677 539 2910 9678 1569 2908 9679 1568 2911 9680 539 2910 9681 1568 2911 9682 540 2912 9683 540 2912 9684 1568 2911 9685 541 2913 9686 541 2913 9687 1568 2911 9688 1576 2914 9689 541 2913 9690 1576 2914 9691 542 2915 9692 542 2915 9693 1576 2914 9694 1575 2916 9695 542 2915 9696 1575 2916 9697 526 2917 9698 526 2917 9699 1575 2916 9700 1574 2918 9701 526 2917 9702 1574 2918 9703 527 2919 9704 527 2919 9705 1574 2918 9706 528 2920 9707 528 2920 9708 1574 2918 9709 1579 2921 9710 528 2920 9711 1579 2921 9712 530 2902 9713 530 2902 9714 1579 2921 9715 1578 2922 9716 530 2902 9717 1578 2922 9718 1584 2903 9719 1580 2883 9720 1581 2923 9721 522 2881 9722 522 2881 9723 1581 2923 9724 1587 2924 9725 522 2881 9726 1587 2924 9727 523 2925 9728 523 2925 9729 1587 2924 9730 1586 2926 9731 523 2925 9732 1586 2926 9733 524 2927 9734 524 2927 9735 1586 2926 9736 1585 2928 9737 524 2927 9738 1585 2928 9739 556 2929 9740 556 2929 9741 1585 2928 9742 1544 2930 9743 556 2929 9744 1544 2930 9745 557 2931 9746 557 2931 9747 1544 2930 9748 1546 2932 9749 557 2931 9750 1546 2932 9751 567 2933 9752 567 2933 9753 1546 2932 9754 1548 2934 9755 567 2933 9756 1548 2934 9757 558 2935 9758 558 2935 9759 1548 2934 9760 1551 2936 9761 558 2935 9762 1551 2936 9763 559 2937 9764 559 2937 9765 1551 2936 9766 1550 2938 9767 559 2937 9768 1550 2938 9769 561 2885 9770 561 2885 9771 1550 2938 9772 1549 2939 9773 561 2885 9774 1549 2939 9775 1542 2886 9776 1557 2234 9777 1564 2241 9778 544 2901 9779 544 2901 9780 1564 2241 9781 1563 2940 9782 544 2901 9783 1563 2940 9784 546 2941 9785 546 2941 9786 1563 2940 9787 1567 2942 9788 546 2941 9789 1567 2942 9790 532 2943 9791 532 2943 9792 1567 2942 9793 1566 2878 9794 532 2943 9795 1566 2878 9796 533 2944 9797 533 2944 9798 1566 2878 9799 536 2880 9800 1633 2945 9801 1634 2946 9802 1635 2947 9803 1635 2947 9804 1634 2946 9805 1636 2948 9806 1635 2947 9807 1636 2948 9808 1637 2949 9809 1637 2949 9810 1636 2948 9811 1638 2950 9812 1637 2949 9813 1638 2950 9814 1639 2951 9815 1639 2951 9816 1638 2950 9817 1640 2952 9818 1639 2951 9819 1640 2952 9820 1641 2953 9821 1641 2953 9822 1640 2952 9823 1642 2954 9824 1641 2953 9825 1642 2954 9826 1643 2955 9827 1643 2955 9828 1642 2954 9829 1644 2956 9830 1643 2955 9831 1644 2956 9832 1645 2957 9833 1645 2957 9834 1644 2956 9835 1646 2958 9836 1645 2957 9837 1646 2958 9838 1647 2959 9839 1647 2959 9840 1646 2958 9841 1648 2960 9842 1647 2959 9843 1648 2960 9844 1649 2961 9845 1649 2961 9846 1648 2960 9847 1650 2962 9848 1651 2963 9849 1652 2964 9850 1653 2965 9851 1653 2965 9852 1652 2964 9853 1654 2966 9854 1655 2967 9855 1656 2968 9856 1657 2969 9857 1657 2969 9858 1656 2968 9859 1658 2970 9860 1657 2969 9861 1658 2970 9862 1659 2971 9863 1659 2971 9864 1660 2972 9865 1657 2969 9866 1657 2969 9867 1660 2972 9868 1661 2973 9869 1657 2969 9870 1661 2973 9871 1662 2974 9872 1663 2975 9873 1664 2976 9874 1665 2977 9875 1665 2977 9876 1664 2976 9877 1666 2978 9878 1665 2977 9879 1666 2978 9880 1655 2967 9881 1655 2967 9882 1666 2978 9883 1667 2979 9884 1655 2967 9885 1667 2979 9886 1656 2968 9887 1662 2974 9888 1668 2980 9889 1657 2969 9890 1657 2969 9891 1668 2980 9892 1669 2981 9893 1657 2969 9894 1669 2981 9895 1670 2982 9896 1670 2982 9897 1669 2981 9898 1654 2966 9899 1670 2982 9900 1654 2966 9901 1671 2983 9902 1671 2983 9903 1654 2966 9904 1652 2964 9905 1671 2983 9906 1652 2964 9907 1672 2984 9908 1662 2985 9909 1661 2986 9910 1673 2987 9911 1662 2985 9912 1673 2987 9913 1668 2988 9914 1668 2988 9915 1673 2987 9916 1674 2989 9917 1668 2988 9918 1674 2989 9919 1669 2990 9920 1669 2990 9921 1674 2989 9922 1654 2991 9923 1654 2991 9924 1674 2989 9925 1675 2992 9926 1654 2991 9927 1675 2992 9928 1653 2993 9929 1676 2994 9930 121 2995 9931 83 2996 9932 83 2997 9933 1677 2998 9934 1678 2999 9935 1677 2998 9936 83 2997 9937 1679 3000 9938 1679 3000 9939 83 2997 9940 81 3001 9941 1679 3000 9942 81 3001 9943 78 3002 9944 78 3002 9945 81 3001 9946 79 3003 9947 78 3004 9948 79 3004 9949 107 3004 9950 34 3005 9951 44 3006 9952 25 3007 9953 25 3007 9954 44 3006 9955 46 3008 9956 25 3007 9957 46 3008 9958 104 3009 9959 104 3009 9960 46 3008 9961 39 3010 9962 104 3009 9963 39 3010 9964 106 3011 9965 106 3011 9966 39 3010 9967 107 3012 9968 86 3013 9969 98 3014 9970 100 3015 9971 100 3015 9972 98 3014 9973 99 3016 9974 100 3017 9975 99 3018 9976 26 3019 9977 26 3019 9978 99 3018 9979 101 3020 9980 26 3021 9981 101 3022 9982 36 3023 9983 29 3024 9984 85 3025 9985 27 3026 9986 1680 3027 9987 1681 3028 9988 110 3029 9989 110 3029 9990 1681 3028 9991 1682 3030 9992 1683 3031 9993 1684 3032 9994 1685 3033 9995 1685 3033 9996 1684 3032 9997 1686 3034 9998 1685 3033 9999 1686 3034 10000 1687 3035 10001 1687 3035 10002 1686 3034 10003 1688 3036 10004 1687 3035 10005 1688 3036 10006 1689 3037 10007 1690 3038 10008 1676 2994 10009 1691 3039 10010 1691 3039 10011 1676 2994 10012 83 2996 10013 1691 3039 10014 83 2996 10015 123 3040 10016 123 3041 10017 83 2997 10018 1678 2999 10019 36 3023 10020 101 3022 10021 38 3042 10022 38 3042 10023 101 3022 10024 102 3043 10025 38 3042 10026 102 3043 10027 39 3010 10028 39 3010 10029 102 3043 10030 103 3044 10031 39 3010 10032 103 3044 10033 107 3012 10034 107 3012 10035 103 3044 10036 105 3045 10037 107 3012 10038 105 3045 10039 78 3046 10040 60 3047 10041 1692 3048 10042 62 3049 10043 29 3050 10044 27 3051 10045 49 3052 10046 49 3052 10047 27 3051 10048 32 3053 10049 49 3054 10050 32 3054 10051 30 3054 10052 31 3055 10053 32 3056 10054 34 3005 10055 31 3055 10056 34 3005 10057 1693 3057 10058 1694 3058 10059 88 3059 10060 1695 3060 10061 1695 3060 10062 88 3059 10063 87 3061 10064 1695 3060 10065 87 3061 10066 1682 3030 10067 1682 3030 10068 87 3061 10069 108 3062 10070 1682 3030 10071 108 3062 10072 110 3029 10073 1688 3036 10074 1696 3063 10075 1689 3037 10076 1689 3037 10077 1696 3063 10078 1697 3064 10079 1689 3037 10080 1697 3064 10081 1691 3039 10082 1691 3039 10083 1697 3064 10084 1698 3065 10085 1691 3039 10086 1698 3065 10087 1690 3038 10088 60 3066 10089 62 3067 10090 69 3068 10091 96 3069 10092 97 3070 10093 52 3071 10094 52 3072 10095 97 3073 10096 1699 3074 10097 1676 2994 10098 1700 3075 10099 121 2995 10100 121 2995 10101 1700 3075 10102 1701 3076 10103 121 2995 10104 1701 3076 10105 41 3077 10106 41 3077 10107 1701 3076 10108 1702 3078 10109 41 3077 10110 1702 3078 10111 37 3079 10112 37 3079 10113 1702 3078 10114 1703 3080 10115 37 3079 10116 1703 3080 10117 35 3081 10118 76 3082 10119 77 3083 10120 28 3084 10121 28 3084 10122 77 3083 10123 98 3085 10124 28 3084 10125 98 3085 10126 29 3024 10127 29 3024 10128 98 3085 10129 86 3086 10130 29 3024 10131 86 3086 10132 85 3025 10133 64 3087 10134 1704 3088 10135 54 3089 10136 54 3089 10137 1704 3088 10138 1705 3090 10139 54 3089 10140 1705 3090 10141 56 3091 10142 56 3091 10143 1705 3090 10144 1706 3092 10145 56 3091 10146 1706 3092 10147 58 3093 10148 58 3093 10149 1706 3092 10150 1707 3094 10151 58 3093 10152 1707 3094 10153 60 3047 10154 60 3047 10155 1707 3094 10156 1708 3095 10157 60 3047 10158 1708 3095 10159 1692 3048 10160 1699 3074 10161 1709 3096 10162 52 3072 10163 52 3072 10164 1709 3096 10165 1710 3097 10166 52 3072 10167 1710 3097 10168 65 3098 10169 65 3098 10170 1710 3097 10171 1711 3099 10172 65 3098 10173 1711 3099 10174 64 3100 10175 1712 3101 10176 25 3007 10177 1703 3080 10178 1703 3080 10179 25 3007 10180 24 3102 10181 1703 3080 10182 24 3102 10183 35 3081 10184 1712 3101 10185 1713 3103 10186 25 3007 10187 25 3007 10188 1713 3103 10189 1714 3104 10190 25 3007 10191 1714 3104 10192 34 3005 10193 34 3005 10194 1714 3104 10195 1715 3105 10196 34 3005 10197 1715 3105 10198 1693 3057 10199 90 3106 10200 88 3059 10201 1716 3107 10202 1716 3107 10203 88 3059 10204 1694 3058 10205 1716 3107 10206 1694 3058 10207 114 3108 10208 114 3108 10209 1694 3058 10210 1684 3032 10211 114 3108 10212 1684 3032 10213 1717 3109 10214 1717 3109 10215 1684 3032 10216 1683 3031 10217 62 3067 10218 1718 3110 10219 69 3068 10220 69 3068 10221 1718 3110 10222 1719 3111 10223 69 3068 10224 1719 3111 10225 72 3112 10226 72 3112 10227 1719 3111 10228 1720 3113 10229 72 3112 10230 1720 3113 10231 74 3114 10232 74 3114 10233 1720 3113 10234 1721 3115 10235 74 3114 10236 1721 3115 10237 76 3116 10238 76 3116 10239 1721 3115 10240 75 3117 10241 95 3118 10242 93 3119 10243 92 3120 10244 52 3071 10245 95 3121 10246 96 3069 10247 96 3069 10248 95 3121 10249 94 3122 10250 94 3123 10251 95 3118 10252 92 3120 10253 1722 3124 10254 1723 3125 10255 1724 3126 10256 1724 3126 10257 1723 3125 10258 1725 3127 10259 1724 3126 10260 1725 3127 10261 1726 3128 10262 1727 3129 10263 1728 3130 10264 1729 3131 10265 1729 3131 10266 1728 3130 10267 1726 3128 10268 1729 3131 10269 1726 3128 10270 1730 3132 10271 1730 3132 10272 1726 3128 10273 1725 3127 10274 1731 3133 10275 1728 3130 10276 1732 3134 10277 1732 3134 10278 1728 3130 10279 1727 3129 10280 1732 3134 10281 1727 3129 10282 1733 3135 10283 1733 3135 10284 1727 3129 10285 1734 3136 10286 1733 3135 10287 1734 3136 10288 1735 3137 10289 1736 3138 10290 1737 3139 10291 1738 3140 10292 1738 3140 10293 1737 3139 10294 1735 3137 10295 1738 3140 10296 1735 3137 10297 1739 3141 10298 1739 3141 10299 1735 3137 10300 1734 3136 10301 1740 3142 10302 1741 3143 10303 1742 3144 10304 1743 3145 10305 1744 3146 10306 1745 3147 10307 1740 3142 10308 1742 3144 10309 1746 3148 10310 1747 3149 10311 1743 3145 10312 1748 3150 10313 1748 3150 10314 1743 3145 10315 1745 3147 10316 1748 3150 10317 1745 3147 10318 1749 3151 10319 1749 3151 10320 1745 3147 10321 1750 3152 10322 1749 3151 10323 1750 3152 10324 1751 3153 10325 1751 3153 10326 1750 3152 10327 1752 3154 10328 1751 3153 10329 1752 3154 10330 1753 3155 10331 1753 3155 10332 1752 3154 10333 1746 3148 10334 1753 3155 10335 1746 3148 10336 1754 3156 10337 1754 3156 10338 1746 3148 10339 1742 3144 10340 1755 3157 10341 1756 3158 10342 1757 3159 10343 1755 3157 10344 1757 3159 10345 1758 3160 10346 1758 3160 10347 1757 3159 10348 1759 3161 10349 1758 3160 10350 1759 3161 10351 1760 3162 10352 1744 3163 10353 1761 3164 10354 1745 3165 10355 1745 3165 10356 1761 3164 10357 1762 3166 10358 1762 3166 10359 1763 3167 10360 1745 3165 10361 1745 3165 10362 1763 3167 10363 1764 3168 10364 1745 3165 10365 1764 3168 10366 1750 3169 10367 1764 3168 10368 1765 3170 10369 1750 3169 10370 1750 3169 10371 1765 3170 10372 1766 3171 10373 1750 3169 10374 1766 3171 10375 1752 3172 10376 1767 3173 10377 1746 3174 10378 1768 3175 10379 1768 3175 10380 1746 3174 10381 1752 3172 10382 1768 3175 10383 1752 3172 10384 1769 3176 10385 1769 3176 10386 1752 3172 10387 1766 3171 10388 1770 3177 10389 1771 3178 10390 1772 3179 10391 1772 3179 10392 1771 3178 10393 1773 3180 10394 1774 3181 10395 1775 3182 10396 1776 3183 10397 1776 3183 10398 1775 3182 10399 1777 3184 10400 1774 3181 10401 1778 3185 10402 1775 3182 10403 1775 3182 10404 1778 3185 10405 1779 3186 10406 1775 3182 10407 1779 3186 10408 1780 3187 10409 1779 3186 10410 1781 3188 10411 1780 3187 10412 1780 3187 10413 1781 3188 10414 1782 3189 10415 1780 3187 10416 1782 3189 10417 1783 3190 10418 1782 3189 10419 1784 3191 10420 1783 3190 10421 1783 3190 10422 1784 3191 10423 1785 3192 10424 1783 3190 10425 1785 3192 10426 1786 3193 10427 1785 3192 10428 1787 3194 10429 1786 3193 10430 1786 3193 10431 1787 3194 10432 1788 3195 10433 1786 3193 10434 1788 3195 10435 1789 3196 10436 1789 3196 10437 1788 3195 10438 1790 3197 10439 1789 3196 10440 1790 3197 10441 1791 3198 10442 1791 3198 10443 1790 3197 10444 1792 3199 10445 1791 3198 10446 1792 3199 10447 1793 3200 10448 1793 3200 10449 1792 3199 10450 1794 3201 10451 1793 3200 10452 1794 3201 10453 1795 3202 10454 1795 3202 10455 1794 3201 10456 1796 3203 10457 1795 3202 10458 1796 3203 10459 1797 3204 10460 1797 3204 10461 1796 3203 10462 1798 3205 10463 1798 3205 10464 1796 3203 10465 1799 3206 10466 1798 3205 10467 1799 3206 10468 1800 3207 10469 1800 3207 10470 1799 3206 10471 1801 3208 10472 1801 3208 10473 1799 3206 10474 1802 3209 10475 1801 3208 10476 1802 3209 10477 1803 3210 10478 1802 3209 10479 1804 3211 10480 1803 3210 10481 1803 3210 10482 1804 3211 10483 1805 3212 10484 1803 3210 10485 1805 3212 10486 1806 3213 10487 1806 3213 10488 1805 3212 10489 1807 3214 10490 1806 3213 10491 1807 3214 10492 1808 3215 10493 1809 3216 10494 1810 3217 10495 1811 3218 10496 1807 3214 10497 1812 3219 10498 1808 3215 10499 1808 3215 10500 1812 3219 10501 1813 3220 10502 1808 3215 10503 1813 3220 10504 1811 3218 10505 1811 3218 10506 1813 3220 10507 1814 3221 10508 1811 3218 10509 1814 3221 10510 1809 3216 10511 1809 3216 10512 1814 3221 10513 1815 3222 10514 1809 3216 10515 1815 3222 10516 1816 3223 10517 1817 3224 10518 1818 3225 10519 1819 3226 10520 1819 3226 10521 1818 3225 10522 1820 3227 10523 1819 3226 10524 1820 3227 10525 1816 3223 10526 1816 3223 10527 1820 3227 10528 1821 3228 10529 1816 3223 10530 1821 3228 10531 1809 3216 10532 1817 3224 10533 1822 3229 10534 1818 3225 10535 1818 3225 10536 1822 3229 10537 1823 3230 10538 1818 3225 10539 1823 3230 10540 1824 3231 10541 1673 3232 10542 1825 3233 10543 1674 3234 10544 1674 3234 10545 1825 3233 10546 1826 3235 10547 1674 3234 10548 1826 3235 10549 1675 3236 10550 1675 3236 10551 1826 3235 10552 1827 3237 10553 1675 3236 10554 1827 3237 10555 1653 3238 10556 1653 3238 10557 1827 3237 10558 1824 3231 10559 1653 3238 10560 1824 3231 10561 1651 3239 10562 1651 3239 10563 1824 3231 10564 1823 3230 10565 1828 3240 10566 1829 3241 10567 1830 3242 10568 1830 3242 10569 1829 3241 10570 1831 3243 10571 1830 3242 10572 1831 3243 10573 1832 3244 10574 1832 3244 10575 1831 3243 10576 1833 3245 10577 1832 3244 10578 1833 3245 10579 1834 3246 10580 1834 3246 10581 1833 3245 10582 1835 3247 10583 1834 3246 10584 1835 3247 10585 1836 3248 10586 1836 3248 10587 1835 3247 10588 1837 3249 10589 1836 3248 10590 1837 3249 10591 1777 3184 10592 1777 3184 10593 1837 3249 10594 1838 3250 10595 1777 3184 10596 1838 3250 10597 1776 3183 10598 1839 3251 10599 1840 3252 10600 1841 3253 10601 1839 3251 10602 1841 3253 10603 1842 3254 10604 1841 3253 10605 1843 3255 10606 1842 3254 10607 1842 3254 10608 1843 3255 10609 1844 3256 10610 1842 3254 10611 1844 3256 10612 1845 3257 10613 1845 3257 10614 1844 3256 10615 1846 3258 10616 1845 3257 10617 1846 3258 10618 1847 3259 10619 1847 3259 10620 1846 3258 10621 1848 3260 10622 1847 3259 10623 1848 3260 10624 1849 3261 10625 1849 3261 10626 1848 3260 10627 1850 3262 10628 1849 3261 10629 1850 3262 10630 1828 3240 10631 1828 3240 10632 1850 3262 10633 1851 3263 10634 1828 3240 10635 1851 3263 10636 1829 3241 10637 1852 3264 10638 1853 3265 10639 1854 3266 10640 1854 3266 10641 1853 3265 10642 1855 3267 10643 1856 3268 10644 1857 3269 10645 1858 3270 10646 1859 3271 10647 1860 3272 10648 1858 3270 10649 1858 3270 10650 1860 3272 10651 1861 3273 10652 1858 3270 10653 1861 3273 10654 1856 3268 10655 1862 3274 10656 1863 3275 10657 1864 3276 10658 1862 3274 10659 1864 3276 10660 1865 3277 10661 1865 3277 10662 1864 3276 10663 1866 3278 10664 1865 3277 10665 1866 3278 10666 1867 3279 10667 1867 3279 10668 1866 3278 10669 1868 3280 10670 1867 3279 10671 1868 3280 10672 1869 3281 10673 1869 3281 10674 1868 3280 10675 1870 3282 10676 1869 3281 10677 1870 3282 10678 1871 3283 10679 1871 3283 10680 1870 3282 10681 1872 3284 10682 1871 3283 10683 1872 3284 10684 1873 3285 10685 1873 3285 10686 1872 3284 10687 1874 3286 10688 1873 3285 10689 1874 3286 10690 1875 3287 10691 1875 3287 10692 1874 3286 10693 1876 3288 10694 1875 3287 10695 1876 3288 10696 1877 3289 10697 1878 3290 10698 1879 3291 10699 1862 3274 10700 1862 3274 10701 1879 3291 10702 1863 3275 10703 1877 3289 10704 1876 3288 10705 1880 3292 10706 1880 3292 10707 1876 3288 10708 1881 3293 10709 1880 3292 10710 1881 3293 10711 1882 3294 10712 1880 3292 10713 1882 3294 10714 1883 3295 10715 1883 3295 10716 1882 3294 10717 1884 3296 10718 1883 3295 10719 1884 3296 10720 1885 3297 10721 1885 3297 10722 1884 3296 10723 1886 3298 10724 1885 3297 10725 1886 3298 10726 1887 3299 10727 1887 3299 10728 1886 3298 10729 1888 3300 10730 1887 3299 10731 1888 3300 10732 1889 3301 10733 1879 3291 10734 1878 3290 10735 1890 3302 10736 1890 3302 10737 1878 3290 10738 1891 3303 10739 1890 3302 10740 1891 3303 10741 1892 3304 10742 1892 3304 10743 1891 3303 10744 1893 3305 10745 1893 3305 10746 1891 3303 10747 1894 3306 10748 1893 3305 10749 1894 3306 10750 1895 3307 10751 1895 3307 10752 1894 3306 10753 1896 3308 10754 1896 3308 10755 1894 3306 10756 1897 3309 10757 1896 3308 10758 1897 3309 10759 1898 3310 10760 1899 3311 10761 1900 3312 10762 1901 3313 10763 1901 3313 10764 1900 3312 10765 1902 3314 10766 1901 3313 10767 1902 3314 10768 1903 3315 10769 153 3316 10770 154 3316 10771 152 3316 10772 1904 3317 10773 1905 3318 10774 215 3319 10775 148 3320 10776 147 3321 10777 150 3322 10778 150 3322 10779 147 3321 10780 149 3323 10781 150 3324 10782 149 3325 10783 152 3326 10784 152 3326 10785 149 3325 10786 151 3327 10787 157 3328 10788 158 3329 10789 155 3330 10790 155 3330 10791 158 3329 10792 156 3331 10793 155 3332 10794 156 3332 10795 154 3332 10796 148 3333 10797 1906 3334 10798 147 3335 10799 147 3335 10800 1906 3334 10801 1907 3336 10802 147 3335 10803 1907 3336 10804 164 3337 10805 1907 3336 10806 1908 3338 10807 164 3337 10808 164 3337 10809 1908 3338 10810 1909 3339 10811 164 3337 10812 1909 3339 10813 161 3340 10814 161 3340 10815 1909 3339 10816 1910 3341 10817 161 3340 10818 1910 3341 10819 159 3342 10820 159 3342 10821 1910 3341 10822 1911 3343 10823 159 3342 10824 1911 3343 10825 143 3344 10826 143 3344 10827 1911 3343 10828 1912 3345 10829 143 3344 10830 1912 3345 10831 144 3346 10832 144 3346 10833 1912 3345 10834 1913 3347 10835 144 3346 10836 1913 3347 10837 1914 3348 10838 215 3319 10839 213 3349 10840 1904 3317 10841 1904 3317 10842 213 3349 10843 1915 3350 10844 1904 3317 10845 1915 3350 10846 1916 3351 10847 1916 3351 10848 1915 3350 10849 1917 3352 10850 1916 3351 10851 1917 3352 10852 1913 3347 10853 1913 3347 10854 1917 3352 10855 1918 3353 10856 1913 3347 10857 1918 3353 10858 1914 3348 10859 1919 3354 10860 1920 3355 10861 1921 3356 10862 1922 3357 10863 1923 3358 10864 192 3359 10865 192 3359 10866 1923 3358 10867 193 3360 10868 193 3360 10869 1923 3358 10870 1924 3361 10871 193 3360 10872 1924 3361 10873 1925 3362 10874 1925 3362 10875 1924 3361 10876 1926 3363 10877 1925 3362 10878 1926 3363 10879 1927 3364 10880 1927 3364 10881 1926 3363 10882 1928 3365 10883 1928 3365 10884 1926 3363 10885 1929 3366 10886 1928 3365 10887 1929 3366 10888 1930 3367 10889 1931 3368 10890 1932 3369 10891 1933 3370 10892 1933 3370 10893 1932 3369 10894 1919 3354 10895 1933 3370 10896 1919 3354 10897 1934 3371 10898 1934 3371 10899 1919 3354 10900 1921 3356 10901 1921 3356 10902 1935 3372 10903 1936 3373 10904 1936 3373 10905 1935 3372 10906 1937 3374 10907 167 3375 10908 166 3376 10909 177 3377 10910 177 3377 10911 166 3376 10912 165 3378 10913 175 3379 10914 174 3380 10915 176 3381 10916 176 3381 10917 174 3380 10918 158 3382 10919 176 3383 10920 158 3384 10921 165 3385 10922 165 3385 10923 158 3384 10924 157 3386 10925 1931 3368 10926 1938 3387 10927 1932 3369 10928 1932 3369 10929 1938 3387 10930 178 3388 10931 1932 3369 10932 178 3388 10933 1929 3366 10934 1929 3366 10935 178 3388 10936 1939 3389 10937 1929 3366 10938 1939 3389 10939 1930 3367 10940 1940 3390 10941 1935 3372 10942 1941 3391 10943 1941 3391 10944 1935 3372 10945 1921 3356 10946 1941 3391 10947 1921 3356 10948 1942 3392 10949 1942 3392 10950 1921 3356 10951 1920 3355 10952 192 3359 10953 137 3393 10954 1922 3357 10955 1922 3357 10956 137 3393 10957 136 3394 10958 1922 3357 10959 136 3394 10960 1943 3395 10961 1943 3395 10962 136 3394 10963 198 3396 10964 1944 3397 10965 205 3398 10966 1945 3399 10967 198 3396 10968 1946 3400 10969 1943 3395 10970 1943 3395 10971 1946 3400 10972 1947 3401 10973 1943 3395 10974 1947 3401 10975 1945 3399 10976 1945 3399 10977 1947 3401 10978 1948 3402 10979 1945 3399 10980 1948 3402 10981 1944 3397 10982 1949 3403 10983 1945 3399 10984 1950 3404 10985 1950 3404 10986 1945 3399 10987 205 3398 10988 1950 3404 10989 205 3398 10990 1905 3318 10991 1905 3318 10992 205 3398 10993 204 3405 10994 1905 3318 10995 204 3405 10996 215 3319 10997 1951 3406 10998 1952 3407 10999 1953 3408 11000 1953 3408 11001 1952 3407 11002 1954 3409 11003 1953 3410 11004 1954 3411 11005 1955 3412 11006 1955 3412 11007 1954 3411 11008 1956 3413 11009 1955 3414 11010 1956 3415 11011 1957 3416 11012 1957 3416 11013 1956 3415 11014 1958 3417 11015 1957 3416 11016 1958 3417 11017 1959 3418 11018 1959 3418 11019 1958 3417 11020 1960 3419 11021 1959 3420 11022 1960 3421 11023 1961 3422 11024 1961 3422 11025 1960 3421 11026 1962 3423 11027 1961 3422 11028 1962 3423 11029 1963 3424 11030 1963 3424 11031 1962 3423 11032 1964 3425 11033 1963 3426 11034 1964 3427 11035 1965 3428 11036 1965 3428 11037 1964 3427 11038 1966 3429 11039 1965 3428 11040 1966 3429 11041 1967 3430 11042 1967 3430 11043 1966 3429 11044 1968 3431 11045 1967 3430 11046 1968 3431 11047 1969 3432 11048 1969 3432 11049 1968 3431 11050 1970 3433 11051 1969 3432 11052 1970 3433 11053 1971 3434 11054 1971 3434 11055 1970 3433 11056 1972 3435 11057 1971 3436 11058 1972 3437 11059 1973 3438 11060 1973 3438 11061 1972 3437 11062 1974 3439 11063 1973 3438 11064 1974 3439 11065 1951 3440 11066 1951 3440 11067 1974 3439 11068 1952 3441 11069 1971 3442 11070 1973 3443 11071 1975 3444 11072 1975 3444 11073 1973 3443 11074 1951 3445 11075 1975 3444 11076 1951 3445 11077 1953 3446 11078 1965 3447 11079 1967 3448 11080 1975 3444 11081 1975 3444 11082 1967 3448 11083 1969 3449 11084 1975 3444 11085 1969 3449 11086 1971 3442 11087 1959 3450 11088 1961 3451 11089 1975 3444 11090 1975 3444 11091 1961 3451 11092 1963 3452 11093 1975 3444 11094 1963 3452 11095 1965 3447 11096 1953 3446 11097 1955 3453 11098 1975 3444 11099 1975 3444 11100 1955 3453 11101 1957 3454 11102 1975 3444 11103 1957 3454 11104 1959 3450 11105 1976 3455 11106 1977 3456 11107 1978 3457 11108 1978 3457 11109 1977 3456 11110 1979 3458 11111 1978 3459 11112 1979 3460 11113 1980 3461 11114 1980 3461 11115 1979 3460 11116 1981 3462 11117 1980 3461 11118 1981 3462 11119 1982 3463 11120 1982 3463 11121 1981 3462 11122 1983 3464 11123 1982 3463 11124 1983 3464 11125 1984 3465 11126 1984 3465 11127 1983 3464 11128 1985 3466 11129 1984 3467 11130 1985 3468 11131 1986 3469 11132 1986 3469 11133 1985 3468 11134 1987 3470 11135 1986 3469 11136 1987 3470 11137 1988 3471 11138 1988 3471 11139 1987 3470 11140 1989 3472 11141 1988 3473 11142 1989 3474 11143 1990 3475 11144 1990 3475 11145 1989 3474 11146 1991 3476 11147 1990 3475 11148 1991 3476 11149 1992 3477 11150 1992 3477 11151 1991 3476 11152 1993 3478 11153 1992 3479 11154 1993 3480 11155 1994 3481 11156 1994 3481 11157 1993 3480 11158 1995 3482 11159 1994 3481 11160 1995 3482 11161 1996 3483 11162 1996 3483 11163 1995 3482 11164 1997 3484 11165 1996 3485 11166 1997 3486 11167 1998 3487 11168 1998 3487 11169 1997 3486 11170 1999 3488 11171 1998 3489 11172 1999 3490 11173 1976 3491 11174 1976 3491 11175 1999 3490 11176 1977 3492 11177 1996 3493 11178 1998 3494 11179 2000 3495 11180 2000 3495 11181 1998 3494 11182 1976 3496 11183 2000 3495 11184 1976 3496 11185 1978 3497 11186 1990 3498 11187 1992 3499 11188 2000 3495 11189 2000 3495 11190 1992 3499 11191 1994 3500 11192 2000 3495 11193 1994 3500 11194 1996 3493 11195 1984 3501 11196 1986 3502 11197 2000 3495 11198 2000 3495 11199 1986 3502 11200 1988 3503 11201 2000 3495 11202 1988 3503 11203 1990 3498 11204 1978 3497 11205 1980 3504 11206 2000 3495 11207 2000 3495 11208 1980 3504 11209 1982 3505 11210 2000 3495 11211 1982 3505 11212 1984 3501 11213 2001 3506 11214 2002 3507 11215 2003 3508 11216 2003 3508 11217 2002 3507 11218 2004 3509 11219 2003 3508 11220 2004 3509 11221 2005 3510 11222 2005 3510 11223 2004 3509 11224 2006 3511 11225 2005 3510 11226 2006 3511 11227 2007 3512 11228 2007 3512 11229 2006 3511 11230 2008 3513 11231 2008 3513 11232 2006 3511 11233 2009 3514 11234 2009 3514 11235 2006 3511 11236 2010 3515 11237 2009 3514 11238 2010 3515 11239 2011 3516 11240 2012 3517 11241 2013 3518 11242 2014 3519 11243 2011 3516 11244 2010 3515 11245 2015 3520 11246 2015 3520 11247 2010 3515 11248 2016 3521 11249 2012 3517 11250 2014 3519 11251 2017 3522 11252 2017 3522 11253 2014 3519 11254 2018 3523 11255 2017 3522 11256 2018 3523 11257 2016 3521 11258 2016 3521 11259 2018 3523 11260 2019 3524 11261 2016 3521 11262 2019 3524 11263 2015 3520 11264 2020 3525 11265 2021 3526 11266 2022 3527 11267 2023 3528 11268 2024 3529 11269 2025 3530 11270 2025 3530 11271 2024 3529 11272 2026 3531 11273 2023 3528 11274 2025 3530 11275 2027 3532 11276 2027 3532 11277 2025 3530 11278 2028 3533 11279 2027 3532 11280 2028 3533 11281 2029 3534 11282 2030 3535 11283 2031 3536 11284 2032 3537 11285 2032 3537 11286 2031 3536 11287 2033 3538 11288 2020 3525 11289 2022 3527 11290 2034 3539 11291 2034 3539 11292 2022 3527 11293 2035 3540 11294 2034 3539 11295 2035 3540 11296 2033 3538 11297 2033 3538 11298 2035 3540 11299 2036 3541 11300 2033 3538 11301 2036 3541 11302 2032 3537 11303 2020 3525 11304 2029 3534 11305 2021 3526 11306 2021 3526 11307 2029 3534 11308 2028 3533 11309 2021 3526 11310 2028 3533 11311 2037 3542 11312 2037 3542 11313 2028 3533 11314 2038 3543 11315 2038 3543 11316 2028 3533 11317 2039 3544 11318 2039 3544 11319 2028 3533 11320 2025 3530 11321 2039 3544 11322 2025 3530 11323 2040 3545 11324 2040 3545 11325 2025 3530 11326 2026 3531 11327 2040 3545 11328 2026 3531 11329 2041 3546 11330 1822 3547 11331 2042 3548 11332 1823 3549 11333 1823 3549 11334 2042 3548 11335 1652 2964 11336 1823 3549 11337 1652 2964 11338 1651 2963 11339 2043 3550 11340 2041 3546 11341 2026 3531 11342 2024 3529 11343 2044 3551 11344 2026 3531 11345 2026 3531 11346 2044 3551 11347 2045 3552 11348 2026 3531 11349 2045 3552 11350 2043 3550 11351 1822 3547 11352 1817 3553 11353 2042 3548 11354 2042 3548 11355 1817 3553 11356 1819 3554 11357 2042 3548 11358 1819 3554 11359 2046 3555 11360 2046 3555 11361 1819 3554 11362 2047 3556 11363 2046 3555 11364 2047 3556 11365 2044 3551 11366 2044 3551 11367 2047 3556 11368 2048 3557 11369 2044 3551 11370 2048 3557 11371 2045 3552 11372 2049 3558 11373 2050 3559 11374 2051 3560 11375 2051 3560 11376 2050 3559 11377 2052 3561 11378 2051 3560 11379 2052 3561 11380 2053 3562 11381 2053 3562 11382 2052 3561 11383 1899 3563 11384 2030 3535 11385 2054 3564 11386 2031 3536 11387 2031 3536 11388 2054 3564 11389 2055 3565 11390 2031 3536 11391 2055 3565 11392 2049 3558 11393 2049 3558 11394 2055 3565 11395 2056 3566 11396 2049 3558 11397 2056 3566 11398 2050 3559 11399 2057 3567 11400 2058 3568 11401 2012 3517 11402 2012 3517 11403 2058 3568 11404 2059 3569 11405 2012 3517 11406 2059 3569 11407 2013 3518 11408 2060 3570 11409 2061 3571 11410 2062 3572 11411 2062 3572 11412 2061 3571 11413 2063 3573 11414 2062 3572 11415 2063 3573 11416 2057 3567 11417 2057 3567 11418 2063 3573 11419 2064 3574 11420 2057 3567 11421 2064 3574 11422 2058 3568 11423 2002 3507 11424 2001 3506 11425 2065 3575 11426 1737 3139 11427 1736 3138 11428 2066 3576 11429 1737 3139 11430 2066 3576 11431 2067 3577 11432 2067 3577 11433 2066 3576 11434 2068 3578 11435 2067 3577 11436 2068 3578 11437 2069 3579 11438 2069 3579 11439 2068 3578 11440 2070 3580 11441 2069 3579 11442 2070 3580 11443 2071 3581 11444 2071 3581 11445 2070 3580 11446 2072 3582 11447 2071 3581 11448 2072 3582 11449 2073 3583 11450 2073 3583 11451 2072 3582 11452 2074 3584 11453 2073 3583 11454 2074 3584 11455 2065 3575 11456 2075 3585 11457 2002 3507 11458 2076 3586 11459 2076 3586 11460 2002 3507 11461 2065 3575 11462 2076 3586 11463 2065 3575 11464 2077 3587 11465 2077 3587 11466 2065 3575 11467 2074 3584 11468 2078 3588 11469 2079 3589 11470 2080 3590 11471 2080 3590 11472 2079 3589 11473 2081 3591 11474 2080 3590 11475 2081 3591 11476 2082 3592 11477 2083 3593 11478 2084 3594 11479 2085 3595 11480 2085 3595 11481 2084 3594 11482 2086 3596 11483 2085 3595 11484 2086 3596 11485 2087 3597 11486 2087 3597 11487 2086 3596 11488 2088 3598 11489 2087 3597 11490 2088 3598 11491 2089 3599 11492 2089 3599 11493 2088 3598 11494 2082 3592 11495 2089 3599 11496 2082 3592 11497 2090 3600 11498 2090 3600 11499 2082 3592 11500 2081 3591 11501 2091 3601 11502 2092 3602 11503 2093 3603 11504 2093 3603 11505 2092 3602 11506 2094 3604 11507 2093 3603 11508 2094 3604 11509 2095 3605 11510 2095 3605 11511 2094 3604 11512 2096 3606 11513 2095 3605 11514 2096 3606 11515 2097 3607 11516 2097 3607 11517 2096 3606 11518 2098 3608 11519 2099 3609 11520 2100 3610 11521 2101 3611 11522 2101 3611 11523 2100 3610 11524 2102 3612 11525 2101 3611 11526 2102 3612 11527 2091 3601 11528 2091 3601 11529 2102 3612 11530 2103 3613 11531 2091 3601 11532 2103 3613 11533 2092 3602 11534 2079 3589 11535 2078 3588 11536 2104 3614 11537 2104 3614 11538 2078 3588 11539 2105 3615 11540 2104 3614 11541 2105 3615 11542 2106 3616 11543 2106 3616 11544 2105 3615 11545 2107 3617 11546 2106 3616 11547 2107 3617 11548 2099 3609 11549 2099 3609 11550 2107 3617 11551 2108 3618 11552 2099 3609 11553 2108 3618 11554 2100 3610 11555 2109 3619 11556 2110 3620 11557 2010 3515 11558 2002 3507 11559 2075 3585 11560 2004 3509 11561 2004 3509 11562 2075 3585 11563 2109 3619 11564 2004 3509 11565 2109 3619 11566 2006 3511 11567 2006 3511 11568 2109 3619 11569 2010 3515 11570 2024 3529 11571 2111 3621 11572 2044 3551 11573 2044 3551 11574 2111 3621 11575 2112 3622 11576 2044 3551 11577 2112 3622 11578 2046 3555 11579 2046 3555 11580 2112 3622 11581 2113 3623 11582 2046 3555 11583 2113 3623 11584 2042 3548 11585 2042 3548 11586 2113 3623 11587 2114 3624 11588 2042 3548 11589 2114 3624 11590 1652 2964 11591 1652 2964 11592 2114 3624 11593 1672 2984 11594 2060 3570 11595 2115 3625 11596 2116 3626 11597 2061 3571 11598 2060 3570 11599 2117 3627 11600 2117 3627 11601 2060 3570 11602 2116 3626 11603 2117 3627 11604 2116 3626 11605 2118 3628 11606 2118 3628 11607 2116 3626 11608 2119 3629 11609 2116 3626 11610 2120 3630 11611 2119 3629 11612 2119 3629 11613 2120 3630 11614 2121 3631 11615 2119 3629 11616 2121 3631 11617 2122 3632 11618 2097 3607 11619 2098 3608 11620 2123 3633 11621 2123 3633 11622 2098 3608 11623 2124 3634 11624 2123 3633 11625 2124 3634 11626 2125 3635 11627 2125 3635 11628 2124 3634 11629 2126 3636 11630 2125 3635 11631 2126 3636 11632 2127 3637 11633 2127 3637 11634 2126 3636 11635 2122 3632 11636 2127 3637 11637 2122 3632 11638 2128 3638 11639 2128 3638 11640 2122 3632 11641 2121 3631 11642 2129 3639 11643 2012 3517 11644 2017 3522 11645 2129 3639 11646 2017 3522 11647 2130 3640 11648 2130 3640 11649 2017 3522 11650 2016 3521 11651 2130 3640 11652 2016 3521 11653 2131 3641 11654 2131 3641 11655 2016 3521 11656 2010 3515 11657 2131 3641 11658 2010 3515 11659 2110 3620 11660 2031 3536 11661 2132 3642 11662 2033 3538 11663 2033 3538 11664 2132 3642 11665 2133 3643 11666 2033 3538 11667 2133 3643 11668 2034 3539 11669 2034 3539 11670 2133 3643 11671 2020 3525 11672 2020 3525 11673 2133 3643 11674 2134 3644 11675 2020 3525 11676 2134 3644 11677 2029 3534 11678 2029 3534 11679 2134 3644 11680 2135 3645 11681 2029 3534 11682 2135 3645 11683 2027 3532 11684 2027 3532 11685 2135 3645 11686 2023 3528 11687 2023 3528 11688 2135 3645 11689 2111 3621 11690 2023 3528 11691 2111 3621 11692 2024 3529 11693 2012 3517 11694 2129 3639 11695 2057 3567 11696 2057 3567 11697 2129 3639 11698 2136 3646 11699 2057 3567 11700 2136 3646 11701 2062 3572 11702 2062 3572 11703 2136 3646 11704 2137 3647 11705 2062 3572 11706 2137 3647 11707 2060 3570 11708 2060 3570 11709 2137 3647 11710 2115 3625 11711 2132 3642 11712 2031 3536 11713 2138 3648 11714 2138 3648 11715 2031 3536 11716 2049 3558 11717 2138 3648 11718 2049 3558 11719 2139 3649 11720 2139 3649 11721 2049 3558 11722 2051 3560 11723 2139 3649 11724 2051 3560 11725 2140 3650 11726 2140 3650 11727 2051 3560 11728 2053 3562 11729 2053 3562 11730 1899 3563 11731 1901 3651 11732 2141 3652 11733 2142 3653 11734 2143 3654 11735 2143 3654 11736 2142 3653 11737 2144 3655 11738 2143 3654 11739 2144 3655 11740 2145 3656 11741 2145 3656 11742 2144 3655 11743 2146 3657 11744 2145 3656 11745 2146 3657 11746 2147 3658 11747 2147 3658 11748 2146 3657 11749 2148 3659 11750 2148 3659 11751 2146 3657 11752 2149 3660 11753 2148 3659 11754 2149 3660 11755 1903 3661 11756 2140 3650 11757 2053 3562 11758 2150 3662 11759 2150 3662 11760 2053 3562 11761 1901 3651 11762 2150 3662 11763 1901 3651 11764 2151 3663 11765 2151 3663 11766 1901 3651 11767 1903 3661 11768 2151 3663 11769 1903 3661 11770 2152 3664 11771 2152 3664 11772 1903 3661 11773 2149 3660 11774 2153 3665 11775 2154 3666 11776 2155 3667 11777 2155 3667 11778 2154 3666 11779 2156 3668 11780 2155 3667 11781 2156 3668 11782 2157 3669 11783 2157 3669 11784 2156 3668 11785 2158 3670 11786 2157 3669 11787 2158 3670 11788 2159 3671 11789 2159 3671 11790 2158 3670 11791 2160 3672 11792 2159 3671 11793 2160 3672 11794 2161 3673 11795 2161 3673 11796 2160 3672 11797 2162 3674 11798 2142 3653 11799 2141 3652 11800 2163 3675 11801 2163 3675 11802 2141 3652 11803 2164 3676 11804 2163 3675 11805 2164 3676 11806 2162 3674 11807 2162 3674 11808 2164 3676 11809 2165 3677 11810 2162 3674 11811 2165 3677 11812 2161 3673 11813 2166 3678 11814 2167 3679 11815 2168 3680 11816 2169 3681 11817 2170 3682 11818 2166 3678 11819 2166 3678 11820 2168 3680 11821 2169 3681 11822 2169 3681 11823 2168 3680 11824 2171 3683 11825 2169 3681 11826 2171 3683 11827 2172 3684 11828 2172 3684 11829 2171 3683 11830 2173 3685 11831 2172 3684 11832 2173 3685 11833 2174 3686 11834 2174 3686 11835 2173 3685 11836 2175 3687 11837 2174 3686 11838 2175 3687 11839 2176 3688 11840 2176 3688 11841 2175 3687 11842 2177 3689 11843 2176 3688 11844 2177 3689 11845 2178 3690 11846 2178 3690 11847 2177 3689 11848 2179 3691 11849 2178 3690 11850 2179 3691 11851 2180 3692 11852 2179 3691 11853 2181 3693 11854 2180 3692 11855 2180 3692 11856 2181 3693 11857 2182 3694 11858 2180 3692 11859 2182 3694 11860 2183 3695 11861 2183 3695 11862 2182 3694 11863 2184 3696 11864 2183 3695 11865 2184 3696 11866 2185 3697 11867 1731 3698 11868 1732 3699 11869 2186 3700 11870 2186 3700 11871 1732 3699 11872 1841 3701 11873 2186 3700 11874 1841 3701 11875 1840 3702 11876 1844 3703 11877 1843 3704 11878 1735 3705 11879 1735 3705 11880 1843 3704 11881 1841 3701 11882 1735 3705 11883 1841 3701 11884 1733 3706 11885 1733 3706 11886 1841 3701 11887 1732 3699 11888 1737 3707 11889 1848 3708 11890 1735 3705 11891 1735 3705 11892 1848 3708 11893 1846 3709 11894 1735 3705 11895 1846 3709 11896 1844 3703 11897 1831 3710 11898 1829 3711 11899 2073 3712 11900 2073 3712 11901 1829 3711 11902 2071 3713 11903 2071 3713 11904 1829 3711 11905 1851 3714 11906 2071 3713 11907 1851 3714 11908 2069 3715 11909 2069 3715 11910 1851 3714 11911 1850 3716 11912 2069 3715 11913 1850 3716 11914 2067 3717 11915 2067 3717 11916 1850 3716 11917 1848 3708 11918 2067 3717 11919 1848 3708 11920 1737 3707 11921 1831 3710 11922 2073 3712 11923 1833 3718 11924 1833 3718 11925 2073 3712 11926 2065 3719 11927 1833 3718 11928 2065 3719 11929 1835 3720 11930 1835 3720 11931 2065 3719 11932 2001 3721 11933 1835 3720 11934 2001 3721 11935 1837 3722 11936 1838 3723 11937 2187 3724 11938 2188 3725 11939 2187 3724 11940 1838 3723 11941 1837 3722 11942 2189 3726 11943 1774 3727 11944 2188 3725 11945 2188 3725 11946 1774 3727 11947 1776 3728 11948 2188 3725 11949 1776 3728 11950 1838 3723 11951 1778 3729 11952 2190 3730 11953 1779 3731 11954 1779 3731 11955 2190 3730 11956 2191 3732 11957 1779 3731 11958 2191 3732 11959 1781 3733 11960 1781 3733 11961 2191 3732 11962 2192 3734 11963 1781 3733 11964 2192 3734 11965 1782 3735 11966 2193 3736 11967 2192 3734 11968 2194 3737 11969 2194 3737 11970 2192 3734 11971 2191 3732 11972 2194 3737 11973 2191 3732 11974 2195 3738 11975 2195 3738 11976 2191 3732 11977 2190 3730 11978 2195 3738 11979 2190 3730 11980 2189 3726 11981 2189 3726 11982 2190 3730 11983 1778 3729 11984 2189 3726 11985 1778 3729 11986 1774 3727 11987 2011 3739 11988 2193 3736 11989 2009 3740 11990 2009 3740 11991 2193 3736 11992 2194 3737 11993 2009 3740 11994 2194 3737 11995 2008 3741 11996 2008 3741 11997 2194 3737 11998 2195 3738 11999 2008 3741 12000 2195 3738 12001 2007 3742 12002 2007 3742 12003 2195 3738 12004 2189 3726 12005 2007 3742 12006 2189 3726 12007 2005 3743 12008 2005 3743 12009 2189 3726 12010 2188 3725 12011 2005 3743 12012 2188 3725 12013 2003 3744 12014 2003 3744 12015 2188 3725 12016 2187 3724 12017 2003 3744 12018 2187 3724 12019 2001 3721 12020 2001 3721 12021 2187 3724 12022 1837 3722 12023 1782 3735 12024 2192 3734 12025 1784 3745 12026 1784 3745 12027 2192 3734 12028 2196 3746 12029 1784 3745 12030 2196 3746 12031 1785 3747 12032 1785 3747 12033 2196 3746 12034 2197 3748 12035 1785 3747 12036 2197 3748 12037 1787 3749 12038 2198 3750 12039 1790 3751 12040 2197 3748 12041 2197 3748 12042 1790 3751 12043 1788 3752 12044 2197 3748 12045 1788 3752 12046 1787 3749 12047 2198 3750 12048 2197 3748 12049 2199 3753 12050 2199 3753 12051 2197 3748 12052 2196 3746 12053 2199 3753 12054 2196 3746 12055 2200 3754 12056 2200 3754 12057 2196 3746 12058 2192 3734 12059 2200 3754 12060 2192 3734 12061 2193 3736 12062 2193 3736 12063 2011 3739 12064 2200 3754 12065 2200 3754 12066 2011 3739 12067 2201 3755 12068 2200 3754 12069 2201 3755 12070 2199 3753 12071 2199 3753 12072 2201 3755 12073 2202 3756 12074 2199 3753 12075 2202 3756 12076 2198 3750 12077 2198 3750 12078 2202 3756 12079 2203 3757 12080 2198 3750 12081 2203 3757 12082 1790 3751 12083 1790 3751 12084 2203 3757 12085 1792 3758 12086 2201 3755 12087 2011 3739 12088 2015 3759 12089 2204 3760 12090 2205 3761 12091 2206 3762 12092 2207 3763 12093 1794 3764 12094 1792 3758 12095 2207 3763 12096 1792 3758 12097 2208 3765 12098 1802 3766 12099 1799 3767 12100 2209 3768 12101 2209 3768 12102 1799 3767 12103 1796 3769 12104 2209 3768 12105 1796 3769 12106 2210 3770 12107 2210 3770 12108 1796 3769 12109 2211 3771 12110 2212 3772 12111 2213 3773 12112 2214 3774 12113 2014 3775 12114 2215 3776 12115 2216 3777 12116 2217 3778 12117 2218 3779 12118 2219 3780 12119 2219 3780 12120 2218 3779 12121 2220 3781 12122 2219 3780 12123 2220 3781 12124 2221 3782 12125 2222 3783 12126 2223 3784 12127 2224 3785 12128 2224 3785 12129 2223 3784 12130 2225 3786 12131 2224 3785 12132 2225 3786 12133 2206 3762 12134 2206 3762 12135 2225 3786 12136 2226 3787 12137 2206 3762 12138 2226 3787 12139 2204 3760 12140 2227 3788 12141 2228 3789 12142 2222 3783 12143 2222 3783 12144 2228 3789 12145 2229 3790 12146 2229 3790 12147 2230 3791 12148 2222 3783 12149 2222 3783 12150 2230 3791 12151 2231 3792 12152 2222 3783 12153 2231 3792 12154 2232 3793 12155 2232 3793 12156 2233 3794 12157 2222 3783 12158 2222 3783 12159 2233 3794 12160 2234 3795 12161 2222 3783 12162 2234 3795 12163 2223 3784 12164 2235 3796 12165 2236 3797 12166 2227 3788 12167 2227 3788 12168 2236 3797 12169 2237 3798 12170 2227 3788 12171 2237 3798 12172 2228 3789 12173 2211 3771 12174 2238 3799 12175 2239 3800 12176 2239 3800 12177 2240 3801 12178 2211 3771 12179 2211 3771 12180 2240 3801 12181 2241 3802 12182 2211 3771 12183 2241 3802 12184 2235 3796 12185 2235 3796 12186 2241 3802 12187 2242 3803 12188 2235 3796 12189 2242 3803 12190 2236 3797 12191 2243 3804 12192 2244 3805 12193 2245 3806 12194 2243 3804 12195 2245 3806 12196 2246 3807 12197 2244 3805 12198 2247 3808 12199 2245 3806 12200 2245 3806 12201 2247 3808 12202 2248 3809 12203 2245 3806 12204 2248 3809 12205 2238 3799 12206 2238 3799 12207 2248 3809 12208 2249 3810 12209 2238 3799 12210 2249 3810 12211 2239 3800 12212 2250 3811 12213 2251 3812 12214 2019 3813 12215 2216 3777 12216 2252 3814 12217 2014 3775 12218 2014 3775 12219 2252 3814 12220 2253 3815 12221 2014 3775 12222 2253 3815 12223 2018 3816 12224 2018 3816 12225 2253 3815 12226 2254 3817 12227 2018 3816 12228 2254 3817 12229 2019 3813 12230 2019 3813 12231 2254 3817 12232 2255 3818 12233 2019 3813 12234 2255 3818 12235 2250 3811 12236 2039 3819 12237 2040 3820 12238 2256 3821 12239 2256 3821 12240 2040 3820 12241 2041 3822 12242 2256 3821 12243 2041 3822 12244 2257 3823 12245 2036 3824 12246 2258 3825 12247 2259 3826 12248 2259 3826 12249 2258 3825 12250 2260 3827 12251 2259 3826 12252 2260 3827 12253 2261 3828 12254 2262 3829 12255 2261 3828 12256 2263 3830 12257 2263 3830 12258 2261 3828 12259 2260 3827 12260 2263 3830 12261 2260 3827 12262 2264 3831 12263 2036 3824 12264 2035 3832 12265 2258 3825 12266 2258 3825 12267 2035 3832 12268 2022 3833 12269 2258 3825 12270 2022 3833 12271 2260 3827 12272 2260 3827 12273 2022 3833 12274 2021 3834 12275 2260 3827 12276 2021 3834 12277 2264 3831 12278 2264 3831 12279 2021 3834 12280 2037 3835 12281 2265 3836 12282 2266 3837 12283 2262 3829 12284 2014 3775 12285 2013 3838 12286 2267 3839 12287 2267 3839 12288 2013 3838 12289 2268 3840 12290 2215 3776 12291 2014 3775 12292 2221 3782 12293 2221 3782 12294 2014 3775 12295 2267 3839 12296 2221 3782 12297 2267 3839 12298 2219 3780 12299 2219 3780 12300 2267 3839 12301 2268 3840 12302 2219 3780 12303 2268 3840 12304 2269 3841 12305 2269 3841 12306 2270 3842 12307 2219 3780 12308 2219 3780 12309 2270 3842 12310 2206 3762 12311 2219 3780 12312 2206 3762 12313 2217 3778 12314 2217 3778 12315 2206 3762 12316 2205 3761 12317 1792 3758 12318 2203 3757 12319 2208 3765 12320 2208 3765 12321 2203 3757 12322 2202 3756 12323 2208 3765 12324 2202 3756 12325 2271 3843 12326 2271 3843 12327 2202 3756 12328 2201 3755 12329 2271 3843 12330 2201 3755 12331 2272 3844 12332 2272 3844 12333 2201 3755 12334 2015 3759 12335 2272 3844 12336 2015 3759 12337 2019 3813 12338 2251 3812 12339 2273 3845 12340 2019 3813 12341 2019 3813 12342 2273 3845 12343 2246 3807 12344 2019 3813 12345 2246 3807 12346 2272 3844 12347 2272 3844 12348 2246 3807 12349 2245 3806 12350 2272 3844 12351 2245 3806 12352 2271 3843 12353 2271 3843 12354 2245 3806 12355 2238 3799 12356 2271 3843 12357 2238 3799 12358 2208 3765 12359 2208 3765 12360 2238 3799 12361 2211 3771 12362 2208 3765 12363 2211 3771 12364 2207 3763 12365 2207 3763 12366 2211 3771 12367 1796 3769 12368 2207 3763 12369 1796 3769 12370 1794 3764 12371 2274 3846 12372 2030 3847 12373 2032 3848 12374 2266 3837 12375 2275 3849 12376 2262 3829 12377 2262 3829 12378 2275 3849 12379 2276 3850 12380 2262 3829 12381 2276 3850 12382 2261 3828 12383 2261 3828 12384 2276 3850 12385 2274 3846 12386 2261 3828 12387 2274 3846 12388 2259 3826 12389 2259 3826 12390 2274 3846 12391 2032 3848 12392 2259 3826 12393 2032 3848 12394 2036 3824 12395 2038 3851 12396 2039 3819 12397 2277 3852 12398 2277 3852 12399 2039 3819 12400 2256 3821 12401 2277 3852 12402 2256 3821 12403 2212 3772 12404 2212 3772 12405 2256 3821 12406 2257 3823 12407 2212 3772 12408 2257 3823 12409 2213 3773 12410 2214 3774 12411 1802 3766 12412 2212 3772 12413 2212 3772 12414 1802 3766 12415 2209 3768 12416 2212 3772 12417 2209 3768 12418 2277 3852 12419 2277 3852 12420 2209 3768 12421 2210 3770 12422 2277 3852 12423 2210 3770 12424 2038 3851 12425 2038 3851 12426 2210 3770 12427 2211 3771 12428 2038 3851 12429 2211 3771 12430 2037 3835 12431 2037 3835 12432 2211 3771 12433 2235 3796 12434 2037 3835 12435 2235 3796 12436 2264 3831 12437 2264 3831 12438 2235 3796 12439 2227 3788 12440 2264 3831 12441 2227 3788 12442 2263 3830 12443 2263 3830 12444 2227 3788 12445 2222 3783 12446 2263 3830 12447 2222 3783 12448 2262 3829 12449 2262 3829 12450 2222 3783 12451 2224 3785 12452 2262 3829 12453 2224 3785 12454 2265 3836 12455 2265 3836 12456 2224 3785 12457 2206 3762 12458 2265 3836 12459 2206 3762 12460 2278 3853 12461 2278 3853 12462 2206 3762 12463 2270 3842 12464 2213 3773 12465 1804 3854 12466 2214 3774 12467 2214 3774 12468 1804 3854 12469 1802 3766 12470 1805 3855 12471 2279 3856 12472 1807 3857 12473 1807 3857 12474 2279 3856 12475 2280 3858 12476 1807 3857 12477 2280 3858 12478 2281 3859 12479 1805 3855 12480 1804 3854 12481 2279 3856 12482 2279 3856 12483 1804 3854 12484 2213 3773 12485 2279 3856 12486 2213 3773 12487 2280 3858 12488 2280 3858 12489 2213 3773 12490 2257 3823 12491 2280 3858 12492 2257 3823 12493 2281 3859 12494 2281 3859 12495 2257 3823 12496 2041 3822 12497 1814 3860 12498 1813 3861 12499 2282 3862 12500 2282 3862 12501 1813 3861 12502 1812 3863 12503 2282 3862 12504 1812 3863 12505 2283 3864 12506 2283 3864 12507 1812 3863 12508 1807 3857 12509 2283 3864 12510 1807 3857 12511 2281 3859 12512 2047 3865 12513 1819 3866 12514 1816 3867 12515 2047 3865 12516 1816 3867 12517 2048 3868 12518 2281 3859 12519 2041 3822 12520 2283 3864 12521 2283 3864 12522 2041 3822 12523 2043 3869 12524 2283 3864 12525 2043 3869 12526 2282 3862 12527 2282 3862 12528 2043 3869 12529 2045 3870 12530 2282 3862 12531 2045 3870 12532 1814 3860 12533 1814 3860 12534 2045 3870 12535 2048 3868 12536 1814 3860 12537 2048 3868 12538 1815 3871 12539 1815 3871 12540 2048 3868 12541 1816 3867 12542 2185 3697 12543 2184 3696 12544 2284 3872 12545 2185 3697 12546 2284 3872 12547 2285 3873 12548 2285 3873 12549 2284 3872 12550 2286 3874 12551 2285 3873 12552 2286 3874 12553 2287 3875 12554 2287 3875 12555 2286 3874 12556 2288 3876 12557 2287 3875 12558 2288 3876 12559 2289 3877 12560 2289 3877 12561 2288 3876 12562 2290 3878 12563 2289 3877 12564 2290 3878 12565 2291 3879 12566 2291 3879 12567 2290 3878 12568 2292 3880 12569 2291 3879 12570 2292 3880 12571 2293 3881 12572 2293 3881 12573 2292 3880 12574 2294 3882 12575 2293 3881 12576 2294 3882 12577 2295 3883 12578 2295 3883 12579 2294 3882 12580 2296 3884 12581 2295 3883 12582 2296 3884 12583 2297 3885 12584 2297 3885 12585 2296 3884 12586 2298 3886 12587 2297 3885 12588 2298 3886 12589 2299 3887 12590 2300 3888 12591 2301 3889 12592 2302 3890 12593 2303 3891 12594 2304 3892 12595 2305 3893 12596 2305 3893 12597 2304 3892 12598 2306 3894 12599 2305 3893 12600 2306 3894 12601 2302 3890 12602 2302 3890 12603 2306 3894 12604 2307 3895 12605 2302 3890 12606 2307 3895 12607 2300 3888 12608 2300 3888 12609 2307 3895 12610 2308 3896 12611 2303 3891 12612 2305 3893 12613 2309 3897 12614 2309 3897 12615 2305 3893 12616 2153 3898 12617 2309 3897 12618 2153 3898 12619 2310 3899 12620 2310 3899 12621 2153 3898 12622 2155 3900 12623 2310 3899 12624 2155 3900 12625 2311 3901 12626 2311 3901 12627 2155 3900 12628 2157 3902 12629 2311 3901 12630 2157 3902 12631 2312 3903 12632 2312 3903 12633 2157 3902 12634 2313 3904 12635 2313 3904 12636 2157 3902 12637 2159 3905 12638 2313 3904 12639 2159 3905 12640 2314 3906 12641 2314 3906 12642 2159 3905 12643 2161 3907 12644 2161 3907 12645 2165 3908 12646 2314 3906 12647 2314 3906 12648 2165 3908 12649 2164 3909 12650 2314 3906 12651 2164 3909 12652 2315 3910 12653 2315 3910 12654 2164 3909 12655 2141 3911 12656 2315 3910 12657 2141 3911 12658 2316 3912 12659 2316 3912 12660 2141 3911 12661 2143 3913 12662 2316 3912 12663 2143 3913 12664 2317 3914 12665 2317 3914 12666 2143 3913 12667 2145 3915 12668 2317 3914 12669 2145 3915 12670 2318 3916 12671 2318 3916 12672 2145 3915 12673 2147 3917 12674 2318 3916 12675 2147 3917 12676 2148 3918 12677 2319 3919 12678 2320 3920 12679 2321 3921 12680 2322 3922 12681 2323 3923 12682 2324 3924 12683 2323 3923 12684 2322 3922 12685 2325 3925 12686 2052 3926 12687 2326 3927 12688 1899 3311 12689 1899 3311 12690 2326 3927 12691 2327 3928 12692 1899 3311 12693 2327 3928 12694 1900 3312 12695 2328 3929 12696 2329 3930 12697 2330 3931 12698 2329 3930 12699 2328 3929 12700 2331 3932 12701 2331 3932 12702 2328 3929 12703 2332 3933 12704 2331 3932 12705 2332 3933 12706 2333 3934 12707 2333 3934 12708 2332 3933 12709 2334 3935 12710 2333 3934 12711 2334 3935 12712 2335 3936 12713 2320 3920 12714 2334 3935 12715 2321 3921 12716 2321 3921 12717 2334 3935 12718 2332 3933 12719 2321 3921 12720 2332 3933 12721 2336 3937 12722 2336 3937 12723 2332 3933 12724 2328 3929 12725 2336 3937 12726 2328 3929 12727 2324 3924 12728 2324 3924 12729 2328 3929 12730 2330 3931 12731 2324 3924 12732 2330 3931 12733 2322 3922 12734 2030 3847 12735 2319 3919 12736 2054 3938 12737 2054 3938 12738 2319 3919 12739 2321 3921 12740 2054 3938 12741 2321 3921 12742 2055 3939 12743 2055 3939 12744 2321 3921 12745 2336 3937 12746 2055 3939 12747 2336 3937 12748 2056 3940 12749 2056 3940 12750 2336 3937 12751 2324 3924 12752 2056 3940 12753 2324 3924 12754 2050 3941 12755 2050 3941 12756 2324 3924 12757 2323 3923 12758 2050 3941 12759 2323 3923 12760 2052 3926 12761 2052 3926 12762 2323 3923 12763 2325 3925 12764 2052 3926 12765 2325 3925 12766 2326 3927 12767 2319 3919 12768 2030 3847 12769 2274 3846 12770 2337 3942 12771 2338 3943 12772 2339 3944 12773 2337 3942 12774 2340 3945 12775 2341 3946 12776 2341 3946 12777 2340 3945 12778 2342 3947 12779 2341 3946 12780 2342 3947 12781 2343 3948 12782 2344 3949 12783 2345 3950 12784 2343 3948 12785 2343 3948 12786 2345 3950 12787 2346 3951 12788 2343 3948 12789 2346 3951 12790 2341 3946 12791 2347 3952 12792 2348 3953 12793 2349 3954 12794 2349 3954 12795 2348 3953 12796 2350 3955 12797 2351 3956 12798 2352 3957 12799 2353 3958 12800 2350 3955 12801 2348 3953 12802 2353 3958 12803 2353 3958 12804 2348 3953 12805 2354 3959 12806 2353 3958 12807 2354 3959 12808 2351 3956 12809 2013 3838 12810 2355 3960 12811 2268 3840 12812 2268 3840 12813 2355 3960 12814 2356 3961 12815 2268 3840 12816 2356 3961 12817 2269 3841 12818 2269 3841 12819 2356 3961 12820 2357 3962 12821 2355 3960 12822 2358 3963 12823 2356 3961 12824 2356 3961 12825 2358 3963 12826 2359 3964 12827 2356 3961 12828 2359 3964 12829 2357 3962 12830 2357 3962 12831 2359 3964 12832 2360 3965 12833 2357 3962 12834 2360 3965 12835 2361 3966 12836 2319 3919 12837 2274 3846 12838 2320 3920 12839 2362 3967 12840 2274 3846 12841 2276 3850 12842 2274 3846 12843 2362 3967 12844 2320 3920 12845 2320 3920 12846 2362 3967 12847 2339 3944 12848 2320 3920 12849 2339 3944 12850 2334 3935 12851 2334 3935 12852 2339 3944 12853 2338 3943 12854 2334 3935 12855 2338 3943 12856 2335 3936 12857 2337 3942 12858 2339 3944 12859 2340 3945 12860 2340 3945 12861 2339 3944 12862 2362 3967 12863 2340 3945 12864 2362 3967 12865 2342 3947 12866 2342 3947 12867 2362 3967 12868 2276 3850 12869 2342 3947 12870 2276 3850 12871 2343 3948 12872 2343 3948 12873 2276 3850 12874 2275 3849 12875 2343 3948 12876 2275 3849 12877 2344 3949 12878 2344 3949 12879 2275 3849 12880 2266 3837 12881 2344 3949 12882 2266 3837 12883 2363 3968 12884 2363 3968 12885 2266 3837 12886 2265 3836 12887 2363 3968 12888 2265 3836 12889 2361 3966 12890 2361 3966 12891 2265 3836 12892 2278 3853 12893 2361 3966 12894 2278 3853 12895 2357 3962 12896 2357 3962 12897 2278 3853 12898 2270 3842 12899 2357 3962 12900 2270 3842 12901 2269 3841 12902 2349 3954 12903 2363 3968 12904 2347 3952 12905 2347 3952 12906 2363 3968 12907 2361 3966 12908 2347 3952 12909 2361 3966 12910 2348 3953 12911 2348 3953 12912 2361 3966 12913 2360 3965 12914 2348 3953 12915 2360 3965 12916 2354 3959 12917 2354 3959 12918 2360 3965 12919 2359 3964 12920 2354 3959 12921 2359 3964 12922 2364 3969 12923 2364 3969 12924 2359 3964 12925 2358 3963 12926 2355 3960 12927 2013 3838 12928 2059 3970 12929 2365 3971 12930 2366 3972 12931 2367 3973 12932 2351 3956 12933 2354 3959 12934 2368 3974 12935 2351 3956 12936 2368 3974 12937 2352 3957 12938 2352 3957 12939 2368 3974 12940 2369 3975 12941 2369 3975 12942 2368 3974 12943 2370 3976 12944 2369 3975 12945 2370 3976 12946 2371 3977 12947 2371 3977 12948 2370 3976 12949 2372 3978 12950 2371 3977 12951 2372 3978 12952 2373 3979 12953 2374 3980 12954 2375 3981 12955 2372 3978 12956 2372 3978 12957 2375 3981 12958 2376 3982 12959 2372 3978 12960 2376 3982 12961 2373 3979 12962 2365 3971 12963 2367 3973 12964 2377 3983 12965 2377 3983 12966 2367 3973 12967 2063 3984 12968 2377 3983 12969 2063 3984 12970 2061 3985 12971 2354 3959 12972 2364 3969 12973 2368 3974 12974 2368 3974 12975 2364 3969 12976 2378 3986 12977 2368 3974 12978 2378 3986 12979 2370 3976 12980 2370 3976 12981 2378 3986 12982 2379 3987 12983 2370 3976 12984 2379 3987 12985 2372 3978 12986 2372 3978 12987 2379 3987 12988 2380 3988 12989 2372 3978 12990 2380 3988 12991 2374 3980 12992 2374 3980 12993 2380 3988 12994 2381 3989 12995 2358 3963 12996 2355 3960 12997 2382 3990 12998 2382 3990 12999 2355 3960 13000 2059 3970 13001 2382 3990 13002 2059 3970 13003 2383 3991 13004 2383 3991 13005 2059 3970 13006 2058 3992 13007 2383 3991 13008 2058 3992 13009 2064 3993 13010 2366 3972 13011 2375 3981 13012 2367 3973 13013 2367 3973 13014 2375 3981 13015 2374 3980 13016 2367 3973 13017 2374 3980 13018 2063 3984 13019 2063 3984 13020 2374 3980 13021 2381 3989 13022 2063 3984 13023 2381 3989 13024 2064 3993 13025 2064 3993 13026 2381 3989 13027 2380 3988 13028 2064 3993 13029 2380 3988 13030 2383 3991 13031 2383 3991 13032 2380 3988 13033 2379 3987 13034 2383 3991 13035 2379 3987 13036 2382 3990 13037 2382 3990 13038 2379 3987 13039 2378 3986 13040 2382 3990 13041 2378 3986 13042 2358 3963 13043 2358 3963 13044 2378 3986 13045 2364 3969 13046 2377 3983 13047 2061 3985 13048 2117 3994 13049 2377 3983 13050 2117 3994 13051 2384 3995 13052 2122 3996 13053 2385 3997 13054 2119 3998 13055 2119 3998 13056 2385 3997 13057 2384 3995 13058 2119 3998 13059 2384 3995 13060 2118 3999 13061 2118 3999 13062 2384 3995 13063 2117 3994 13064 2386 4000 13065 2387 4001 13066 2122 3996 13067 2122 3996 13068 2387 4001 13069 2388 4002 13070 2122 3996 13071 2388 4002 13072 2385 3997 13073 2122 3996 13074 2126 4003 13075 2386 4000 13076 2386 4000 13077 2126 4003 13078 2124 4004 13079 2386 4000 13080 2124 4004 13081 2389 4005 13082 2389 4005 13083 2124 4004 13084 2098 4006 13085 2389 4005 13086 2098 4006 13087 2390 4007 13088 2391 4008 13089 2390 4007 13090 2098 4006 13091 2391 4008 13092 2098 4006 13093 2392 4009 13094 2098 4006 13095 2096 4010 13096 2392 4009 13097 2392 4009 13098 2096 4010 13099 2094 4011 13100 2392 4009 13101 2094 4011 13102 2393 4012 13103 2393 4012 13104 2094 4011 13105 2394 4013 13106 2394 4013 13107 2094 4011 13108 2092 4014 13109 2394 4013 13110 2092 4014 13111 2395 4015 13112 2092 4014 13113 2103 4016 13114 2395 4015 13115 2395 4015 13116 2103 4016 13117 2102 4017 13118 2395 4015 13119 2102 4017 13120 2396 4018 13121 2396 4018 13122 2102 4017 13123 2100 4019 13124 2396 4018 13125 2100 4019 13126 2397 4020 13127 2100 4019 13128 2108 4021 13129 2397 4020 13130 2397 4020 13131 2108 4021 13132 2107 4022 13133 2397 4020 13134 2107 4022 13135 2398 4023 13136 2398 4023 13137 2107 4022 13138 2105 4024 13139 2398 4023 13140 2105 4024 13141 2399 4025 13142 2399 4025 13143 2105 4024 13144 2078 4026 13145 2399 4025 13146 2078 4026 13147 2400 4027 13148 2400 4027 13149 2078 4026 13150 2401 4028 13151 2401 4028 13152 2078 4026 13153 2080 4029 13154 2401 4028 13155 2080 4029 13156 2402 4030 13157 2402 4030 13158 2080 4029 13159 2082 4031 13160 2402 4030 13161 2082 4031 13162 2403 4032 13163 2403 4032 13164 2082 4031 13165 2088 4033 13166 2403 4032 13167 2088 4033 13168 2404 4034 13169 2086 4035 13170 2405 4036 13171 2088 4033 13172 2088 4033 13173 2405 4036 13174 2406 4037 13175 2088 4033 13176 2406 4037 13177 2404 4034 13178 2086 4035 13179 2084 4038 13180 2407 4039 13181 2086 4035 13182 2407 4039 13183 2405 4036 13184 2405 4036 13185 2407 4039 13186 2408 4040 13187 2405 4036 13188 2408 4040 13189 2409 4041 13190 2410 4042 13191 2411 4043 13192 2412 4044 13193 2084 4038 13194 2413 4045 13195 2407 4039 13196 2407 4039 13197 2413 4045 13198 2408 4040 13199 2414 4046 13200 2415 4047 13201 2416 4048 13202 2416 4048 13203 2415 4047 13204 2417 4049 13205 2412 4044 13206 2301 3889 13207 2418 4050 13208 2418 4050 13209 2301 3889 13210 2300 3888 13211 2418 4050 13212 2300 3888 13213 2308 3896 13214 2418 4050 13215 2417 4049 13216 2412 4044 13217 2412 4044 13218 2417 4049 13219 2415 4047 13220 2412 4044 13221 2415 4047 13222 2410 4042 13223 2410 4042 13224 2415 4047 13225 2419 4051 13226 2410 4042 13227 2419 4051 13228 2420 4052 13229 2420 4052 13230 2421 4053 13231 2410 4042 13232 2410 4042 13233 2421 4053 13234 2422 4054 13235 2410 4042 13236 2422 4054 13237 2411 4043 13238 2409 4041 13239 2408 4040 13240 2423 4055 13241 2423 4055 13242 2408 4040 13243 2413 4045 13244 2423 4055 13245 2413 4045 13246 2424 4056 13247 2424 4056 13248 2413 4045 13249 2425 4057 13250 2424 4056 13251 2425 4057 13252 2414 4046 13253 2414 4046 13254 2425 4057 13255 2426 4058 13256 2414 4046 13257 2426 4058 13258 2415 4047 13259 2415 4047 13260 2426 4058 13261 2427 4059 13262 2415 4047 13263 2427 4059 13264 2419 4051 13265 2426 4060 13266 2428 4061 13267 2429 4062 13268 2426 4060 13269 2429 4062 13270 2427 4063 13271 2427 4063 13272 2429 4062 13273 2430 4064 13274 2427 4063 13275 2430 4064 13276 2419 4065 13277 2419 4065 13278 2430 4064 13279 2431 4066 13280 2419 4065 13281 2431 4066 13282 2420 4067 13283 2420 4067 13284 2431 4066 13285 2432 4068 13286 2420 4067 13287 2432 4068 13288 2421 4069 13289 2421 4069 13290 2432 4068 13291 2433 4070 13292 2421 4069 13293 2433 4070 13294 2422 4071 13295 2428 4061 13296 2426 4060 13297 2434 4072 13298 2434 4072 13299 2426 4060 13300 2425 4073 13301 2434 4072 13302 2425 4073 13303 2435 4074 13304 2435 4074 13305 2425 4073 13306 2413 4075 13307 2435 4074 13308 2413 4075 13309 2436 4076 13310 2436 4076 13311 2413 4075 13312 2084 3594 13313 2436 4076 13314 2084 3594 13315 2083 3593 13316 2437 4077 13317 1663 4078 13318 1665 4079 13319 2438 4080 13320 2166 3678 13321 2170 3682 13322 1672 4081 13323 2439 4082 13324 1671 4083 13325 1671 4083 13326 2439 4082 13327 2440 4084 13328 1671 4083 13329 2440 4084 13330 1670 4085 13331 1670 4085 13332 2440 4084 13333 1657 4086 13334 1657 4086 13335 2440 4084 13336 2441 4087 13337 1657 4086 13338 2441 4087 13339 1655 4088 13340 2170 3682 13341 2437 4077 13342 2438 4080 13343 2438 4080 13344 2437 4077 13345 1665 4079 13346 2438 4080 13347 1665 4079 13348 2442 4089 13349 2442 4089 13350 1665 4079 13351 1655 4088 13352 2442 4089 13353 1655 4088 13354 2443 4090 13355 2443 4090 13356 1655 4088 13357 2441 4087 13358 2167 3679 13359 2166 3678 13360 2444 4091 13361 2444 4091 13362 2166 3678 13363 2438 4080 13364 2444 4091 13365 2438 4080 13366 2445 4092 13367 2445 4092 13368 2438 4080 13369 2442 4089 13370 2445 4092 13371 2442 4089 13372 2446 4093 13373 2446 4093 13374 2442 4089 13375 2443 4090 13376 2446 4093 13377 2443 4090 13378 2447 4094 13379 2447 4094 13380 2443 4090 13381 2441 4087 13382 2447 4094 13383 2441 4087 13384 2448 4095 13385 2448 4095 13386 2441 4087 13387 2440 4084 13388 2448 4095 13389 2440 4084 13390 2449 4096 13391 2449 4096 13392 2440 4084 13393 2439 4082 13394 2450 4097 13395 2451 4098 13396 1736 4099 13397 1725 4100 13398 1723 4101 13399 2452 4102 13400 2452 4102 13401 1723 4101 13402 2453 4103 13403 2452 4102 13404 2453 4103 13405 2454 4104 13406 2454 4104 13407 2453 4103 13408 2455 4105 13409 2454 4104 13410 2455 4105 13411 2456 4106 13412 2456 4106 13413 2455 4105 13414 2299 3887 13415 1736 4099 13416 1738 4107 13417 2450 4097 13418 2450 4097 13419 1738 4107 13420 1739 4108 13421 2450 4097 13422 1739 4108 13423 2457 4109 13424 2457 4109 13425 1739 4108 13426 1734 4110 13427 2457 4109 13428 1734 4110 13429 2458 4111 13430 2458 4111 13431 1734 4110 13432 1727 4112 13433 2458 4111 13434 1727 4112 13435 2459 4113 13436 2459 4113 13437 1727 4112 13438 1729 4114 13439 2459 4113 13440 1729 4114 13441 1730 4115 13442 2460 4116 13443 2452 4102 13444 2461 4117 13445 2461 4117 13446 2452 4102 13447 2454 4104 13448 2461 4117 13449 2454 4104 13450 2462 4118 13451 2462 4118 13452 2454 4104 13453 2456 4106 13454 2462 4118 13455 2456 4106 13456 2298 3886 13457 2298 3886 13458 2456 4106 13459 2299 3887 13460 2463 4119 13461 2451 4098 13462 2464 4120 13463 2464 4120 13464 2451 4098 13465 2450 4097 13466 2464 4120 13467 2450 4097 13468 2465 4121 13469 2465 4121 13470 2450 4097 13471 2457 4109 13472 2465 4121 13473 2457 4109 13474 2466 4122 13475 2466 4122 13476 2457 4109 13477 2458 4111 13478 2466 4122 13479 2458 4111 13480 2460 4116 13481 2460 4116 13482 2458 4111 13483 2459 4113 13484 2460 4116 13485 2459 4113 13486 2452 4102 13487 2452 4102 13488 2459 4113 13489 1730 4115 13490 2452 4102 13491 1730 4115 13492 1725 4100 13493 90 4123 13494 1716 4124 13495 2467 4125 13496 90 4123 13497 2467 4125 13498 2468 4126 13499 2468 4126 13500 2467 4125 13501 2469 4127 13502 2469 4127 13503 2467 4125 13504 2296 3884 13505 2469 4127 13506 2296 3884 13507 2470 4128 13508 2296 3884 13509 2294 3882 13510 2470 4128 13511 2470 4128 13512 2294 3882 13513 2292 3880 13514 2470 4128 13515 2292 3880 13516 2471 4129 13517 2471 4129 13518 2292 3880 13519 2290 3878 13520 2471 4129 13521 2290 3878 13522 2472 4130 13523 2472 4130 13524 2290 3878 13525 2473 4131 13526 2473 4131 13527 2290 3878 13528 2288 3876 13529 2473 4131 13530 2288 3876 13531 2474 4132 13532 2288 3876 13533 2286 3874 13534 2474 4132 13535 2474 4132 13536 2286 3874 13537 2284 3872 13538 2474 4132 13539 2284 3872 13540 2475 4133 13541 2475 4133 13542 2284 3872 13543 2184 3696 13544 2475 4133 13545 2184 3696 13546 2476 4134 13547 1716 4124 13548 114 4135 13549 2467 4125 13550 2467 4125 13551 114 4135 13552 2477 4136 13553 2467 4125 13554 2477 4136 13555 2296 3884 13556 2296 3884 13557 2477 4136 13558 2298 3886 13559 2469 4127 13560 2478 4137 13561 2468 4126 13562 2468 4126 13563 2478 4137 13564 2479 4138 13565 2472 4139 13566 2473 4140 13567 2480 4141 13568 1773 4142 13569 2481 4143 13570 2482 4144 13571 1773 4142 13572 2482 4144 13573 1772 4145 13574 1772 4145 13575 2482 4144 13576 2483 4146 13577 1772 4145 13578 2483 4146 13579 2484 4147 13580 2485 4148 13581 2486 4149 13582 2487 4150 13583 2485 4148 13584 2488 4151 13585 2489 4152 13586 2484 4147 13587 2483 4146 13588 2487 4150 13589 2487 4150 13590 2483 4146 13591 1759 4153 13592 2487 4150 13593 1759 4153 13594 2485 4148 13595 2489 4152 13596 2490 4154 13597 2485 4148 13598 2485 4148 13599 2490 4154 13600 2491 4155 13601 2485 4148 13602 2491 4155 13603 2486 4149 13604 2480 4141 13605 2473 4140 13606 1756 4156 13607 2473 4140 13608 2474 4157 13609 1756 4156 13610 1756 4156 13611 2474 4157 13612 2475 4158 13613 1756 4156 13614 2475 4158 13615 1757 4159 13616 1757 4159 13617 2475 4158 13618 2476 4160 13619 1757 4159 13620 2476 4160 13621 1759 4153 13622 1759 4153 13623 2476 4160 13624 2492 4161 13625 1759 4153 13626 2492 4161 13627 2485 4148 13628 2472 4139 13629 2480 4141 13630 2471 4162 13631 2471 4162 13632 2480 4141 13633 2493 4163 13634 2471 4162 13635 2493 4163 13636 2470 4164 13637 2470 4164 13638 2493 4163 13639 2478 4165 13640 2470 4164 13641 2478 4165 13642 2469 4166 13643 1756 3158 13644 1755 3157 13645 2494 4167 13646 1756 3158 13647 2494 4167 13648 2480 4168 13649 2480 4168 13650 2494 4167 13651 2495 4169 13652 2480 4168 13653 2495 4169 13654 2493 4170 13655 2479 4138 13656 2478 4137 13657 2496 4171 13658 2496 4171 13659 2478 4137 13660 2493 4170 13661 2496 4171 13662 2493 4170 13663 2495 4169 13664 2497 4172 13665 2488 4173 13666 2498 4174 13667 2476 4134 13668 2184 3696 13669 2182 3694 13670 2476 4134 13671 2182 3694 13672 2492 4175 13673 2492 4175 13674 2182 3694 13675 2181 3693 13676 2492 4175 13677 2181 3693 13678 2485 4176 13679 1921 4177 13680 1936 4178 13681 2497 4172 13682 2485 4176 13683 2181 3693 13684 2488 4173 13685 2488 4173 13686 2181 3693 13687 2179 3691 13688 2488 4173 13689 2179 3691 13690 2498 4174 13691 2498 4174 13692 2179 3691 13693 2177 3689 13694 2498 4174 13695 2177 3689 13696 2499 4179 13697 2177 3689 13698 2175 3687 13699 2499 4179 13700 2499 4179 13701 2175 3687 13702 2173 3685 13703 2499 4179 13704 2173 3685 13705 2500 4180 13706 2500 4180 13707 2173 3685 13708 2171 3683 13709 2500 4180 13710 2171 3683 13711 2501 4181 13712 2501 4181 13713 2171 3683 13714 2168 3680 13715 2501 4181 13716 2168 3680 13717 2502 4182 13718 2502 4182 13719 2168 3680 13720 2167 3679 13721 2502 4182 13722 2167 3679 13723 2503 4183 13724 2497 4172 13725 2498 4174 13726 1921 4177 13727 1921 4177 13728 2498 4174 13729 2499 4179 13730 1921 4177 13731 2499 4179 13732 1934 4184 13733 1934 4184 13734 2499 4179 13735 2500 4180 13736 1934 4184 13737 2500 4180 13738 1933 4185 13739 1933 4185 13740 2500 4180 13741 2501 4181 13742 1933 4185 13743 2501 4181 13744 1931 4186 13745 1931 4186 13746 2501 4181 13747 2502 4182 13748 1931 4186 13749 2502 4182 13750 1938 4187 13751 1938 4187 13752 2502 4182 13753 2503 4183 13754 1938 4187 13755 2503 4183 13756 178 4188 13757 2504 4189 13758 1770 3177 13759 2505 4190 13760 2505 4190 13761 1770 3177 13762 1772 3179 13763 2505 4190 13764 1772 3179 13765 2484 4191 13766 2504 4189 13767 2505 4190 13768 2506 4192 13769 2506 4192 13770 2505 4190 13771 2507 4193 13772 2506 4192 13773 2507 4193 13774 2508 4194 13775 2508 4194 13776 2507 4193 13777 2509 4195 13778 2508 4194 13779 2509 4195 13780 2510 4196 13781 2510 4196 13782 2509 4195 13783 2511 4197 13784 2510 4196 13785 2511 4197 13786 1937 4198 13787 2497 4172 13788 1936 4178 13789 1937 4198 13790 2511 4197 13791 2490 4199 13792 2489 4200 13793 1937 4198 13794 2511 4197 13795 2497 4172 13796 2497 4172 13797 2511 4197 13798 2489 4200 13799 2497 4172 13800 2489 4200 13801 2488 4173 13802 2490 4199 13803 2511 4197 13804 2491 4201 13805 2491 4201 13806 2511 4197 13807 2509 4195 13808 2491 4201 13809 2509 4195 13810 2486 4202 13811 2486 4202 13812 2509 4195 13813 2507 4193 13814 2486 4202 13815 2507 4193 13816 2487 4203 13817 2487 4203 13818 2507 4193 13819 2505 4190 13820 2487 4203 13821 2505 4190 13822 2484 4191 13823 2512 4204 13824 2513 4205 13825 1741 4206 13826 1741 4206 13827 2513 4205 13828 2514 4207 13829 1741 4206 13830 2514 4207 13831 1742 4208 13832 1742 4208 13833 2514 4207 13834 2515 4209 13835 2512 4204 13836 1741 4206 13837 2516 4210 13838 2516 4210 13839 1741 4206 13840 1740 4211 13841 2516 4210 13842 1740 4211 13843 2517 4212 13844 1746 3174 13845 1767 3173 13846 1740 4211 13847 1740 4211 13848 1767 3173 13849 2518 4213 13850 1740 4211 13851 2518 4213 13852 2517 4212 13853 2435 4214 13854 2519 4215 13855 2434 4216 13856 2434 4216 13857 2519 4215 13858 2520 4217 13859 2434 4216 13860 2520 4217 13861 2428 4218 13862 2428 4218 13863 2520 4217 13864 2429 4219 13865 2083 4220 13866 2521 4221 13867 2436 4222 13868 2436 4222 13869 2521 4221 13870 2522 4223 13871 2436 4222 13872 2522 4223 13873 2435 4214 13874 2435 4214 13875 2522 4223 13876 2523 4224 13877 2435 4214 13878 2523 4224 13879 2519 4215 13880 2519 4215 13881 2523 4224 13882 2524 4225 13883 2525 4226 13884 2526 4227 13885 2075 4228 13886 2527 4229 13887 2066 4230 13888 2451 4098 13889 2451 4098 13890 2066 4230 13891 1736 4099 13892 2528 4231 13893 2072 4232 13894 2529 4233 13895 2529 4233 13896 2072 4232 13897 2070 4234 13898 2529 4233 13899 2070 4234 13900 2527 4229 13901 2527 4229 13902 2070 4234 13903 2068 4235 13904 2527 4229 13905 2068 4235 13906 2066 4230 13907 2075 4228 13908 2076 4236 13909 2525 4226 13910 2525 4226 13911 2076 4236 13912 2077 4237 13913 2525 4226 13914 2077 4237 13915 2528 4231 13916 2528 4231 13917 2077 4237 13918 2074 4238 13919 2528 4231 13920 2074 4238 13921 2072 4232 13922 2530 4239 13923 2526 4227 13924 2531 4240 13925 2531 4240 13926 2526 4227 13927 2525 4226 13928 2531 4240 13929 2525 4226 13930 2532 4241 13931 2532 4241 13932 2525 4226 13933 2528 4231 13934 2532 4241 13935 2528 4231 13936 2533 4242 13937 2533 4242 13938 2528 4231 13939 2529 4233 13940 2533 4242 13941 2529 4233 13942 2534 4243 13943 2534 4243 13944 2529 4233 13945 2527 4229 13946 2534 4243 13947 2527 4229 13948 2463 4119 13949 2463 4119 13950 2527 4229 13951 2451 4098 13952 2535 4244 13953 2463 4119 13954 2464 4120 13955 123 4245 13956 2535 4244 13957 2536 4246 13958 2535 4244 13959 2464 4120 13960 2536 4246 13961 2536 4246 13962 2464 4120 13963 2465 4121 13964 2536 4246 13965 2465 4121 13966 2537 4247 13967 2537 4247 13968 2465 4121 13969 2466 4122 13970 2537 4247 13971 2466 4122 13972 2538 4248 13973 2538 4248 13974 2466 4122 13975 2460 4116 13976 2538 4248 13977 2460 4116 13978 2539 4249 13979 2539 4249 13980 2460 4116 13981 2461 4117 13982 2539 4249 13983 2461 4117 13984 2540 4250 13985 2540 4250 13986 2461 4117 13987 2462 4118 13988 2540 4250 13989 2462 4118 13990 2541 4251 13991 2541 4251 13992 2462 4118 13993 2298 3886 13994 2541 4251 13995 2298 3886 13996 2477 4136 13997 123 4245 13998 2536 4246 13999 1691 4252 14000 1691 4252 14001 2536 4246 14002 2537 4247 14003 1691 4252 14004 2537 4247 14005 1689 4253 14006 1689 4253 14007 2537 4247 14008 2538 4248 14009 1689 4253 14010 2538 4248 14011 1687 4254 14012 1687 4254 14013 2538 4248 14014 2539 4249 14015 1687 4254 14016 2539 4249 14017 1685 4255 14018 1685 4255 14019 2539 4249 14020 2540 4250 14021 1685 4255 14022 2540 4250 14023 1683 4256 14024 1683 4256 14025 2540 4250 14026 2541 4251 14027 1683 4256 14028 2541 4251 14029 1717 4257 14030 1717 4257 14031 2541 4251 14032 2477 4136 14033 1717 4257 14034 2477 4136 14035 114 4135 14036 2503 4183 14037 2167 3679 14038 2444 4091 14039 2503 4183 14040 2444 4091 14041 178 4188 14042 178 4188 14043 2444 4091 14044 1939 4258 14045 1939 4258 14046 2444 4091 14047 2445 4092 14048 1939 4258 14049 2445 4092 14050 1930 4259 14051 1930 4259 14052 2445 4092 14053 2446 4093 14054 1930 4259 14055 2446 4093 14056 1928 4260 14057 1928 4260 14058 2446 4093 14059 2447 4094 14060 1928 4260 14061 2447 4094 14062 1927 4261 14063 1927 4261 14064 2447 4094 14065 2448 4095 14066 1927 4261 14067 2448 4095 14068 1925 4262 14069 1925 4262 14070 2448 4095 14071 2449 4096 14072 1925 4262 14073 2449 4096 14074 193 4263 14075 2439 4082 14076 1672 4081 14077 2542 4264 14078 2542 4264 14079 1672 4081 14080 2114 4265 14081 2542 4264 14082 2114 4265 14083 2543 4266 14084 2543 4266 14085 2114 4265 14086 2113 4267 14087 2543 4266 14088 2113 4267 14089 2544 4268 14090 2544 4268 14091 2113 4267 14092 2112 4269 14093 2544 4268 14094 2112 4269 14095 2545 4270 14096 2545 4270 14097 2112 4269 14098 2111 4271 14099 2449 4096 14100 2439 4082 14101 2546 4272 14102 2546 4272 14103 2439 4082 14104 2542 4264 14105 2546 4272 14106 2542 4264 14107 2547 4273 14108 2547 4273 14109 2542 4264 14110 2543 4266 14111 2547 4273 14112 2543 4266 14113 2548 4274 14114 2548 4274 14115 2543 4266 14116 2544 4268 14117 2548 4274 14118 2544 4268 14119 2549 4275 14120 2549 4275 14121 2544 4268 14122 2545 4270 14123 193 4263 14124 2449 4096 14125 2546 4272 14126 2548 4274 14127 2549 4275 14128 2550 4276 14129 193 4263 14130 2546 4272 14131 192 4277 14132 192 4277 14133 2546 4272 14134 2547 4273 14135 192 4277 14136 2547 4273 14137 137 4278 14138 137 4278 14139 2547 4273 14140 2548 4274 14141 137 4278 14142 2548 4274 14143 136 4279 14144 136 4279 14145 2548 4274 14146 2550 4276 14147 136 4279 14148 2550 4276 14149 198 4280 14150 2551 4281 14151 2552 4282 14152 2553 4283 14153 2132 4284 14154 2551 4281 14155 2554 4285 14156 2554 4285 14157 2551 4281 14158 2553 4283 14159 2554 4285 14160 2553 4283 14161 2555 4286 14162 2553 4283 14163 2556 4287 14164 2555 4286 14165 2555 4286 14166 2556 4287 14167 2557 4288 14168 2555 4286 14169 2557 4288 14170 2558 4289 14171 2557 4288 14172 2559 4290 14173 2558 4289 14174 2558 4289 14175 2559 4290 14176 2560 4291 14177 2558 4289 14178 2560 4291 14179 2545 4270 14180 2545 4270 14181 2560 4291 14182 2561 4292 14183 2545 4270 14184 2561 4292 14185 2549 4275 14186 2132 4284 14187 2554 4285 14188 2133 4293 14189 2133 4293 14190 2554 4285 14191 2555 4286 14192 2133 4293 14193 2555 4286 14194 2134 4294 14195 2134 4294 14196 2555 4286 14197 2558 4289 14198 2134 4294 14199 2558 4289 14200 2135 4295 14201 2135 4295 14202 2558 4289 14203 2545 4270 14204 2135 4295 14205 2545 4270 14206 2111 4271 14207 198 4280 14208 2550 4276 14209 2562 4296 14210 2557 4288 14211 2563 4297 14212 2559 4290 14213 2559 4290 14214 2563 4297 14215 2564 4298 14216 2559 4290 14217 2564 4298 14218 2560 4291 14219 2560 4291 14220 2564 4298 14221 2562 4296 14222 2560 4291 14223 2562 4296 14224 2561 4292 14225 2561 4292 14226 2562 4296 14227 2550 4276 14228 2561 4292 14229 2550 4276 14230 2549 4275 14231 2557 4288 14232 2556 4287 14233 2563 4297 14234 2563 4297 14235 2556 4287 14236 2553 4283 14237 2563 4297 14238 2553 4283 14239 2565 4299 14240 2565 4299 14241 2553 4283 14242 2552 4282 14243 2565 4299 14244 2552 4282 14245 2566 4300 14246 198 4280 14247 2562 4296 14248 1946 4301 14249 1946 4301 14250 2562 4296 14251 2564 4298 14252 1946 4301 14253 2564 4298 14254 1947 4302 14255 1947 4302 14256 2564 4298 14257 2563 4297 14258 1947 4302 14259 2563 4297 14260 1948 4303 14261 1948 4303 14262 2563 4297 14263 2565 4299 14264 1948 4303 14265 2565 4299 14266 1944 4304 14267 1944 4304 14268 2565 4299 14269 2566 4300 14270 1944 4304 14271 2566 4300 14272 205 4305 14273 2551 4281 14274 2132 4284 14275 2567 4306 14276 2567 4306 14277 2132 4284 14278 2138 4307 14279 2567 4306 14280 2138 4307 14281 2568 4308 14282 2568 4308 14283 2138 4307 14284 2139 4309 14285 2568 4308 14286 2139 4309 14287 2569 4310 14288 2569 4310 14289 2139 4309 14290 2140 4311 14291 2552 4282 14292 2551 4281 14293 2570 4312 14294 2570 4312 14295 2551 4281 14296 2567 4306 14297 2570 4312 14298 2567 4306 14299 2571 4313 14300 2571 4313 14301 2567 4306 14302 2568 4308 14303 2571 4313 14304 2568 4308 14305 2572 4314 14306 2572 4314 14307 2568 4308 14308 2569 4310 14309 2573 4315 14310 2574 4316 14311 2575 4317 14312 2142 4318 14313 2576 4319 14314 2144 4320 14315 2144 4320 14316 2576 4319 14317 2577 4321 14318 2144 4320 14319 2577 4321 14320 2146 4322 14321 2146 4322 14322 2577 4321 14323 2578 4323 14324 2146 4322 14325 2578 4323 14326 2149 4324 14327 2149 4324 14328 2578 4323 14329 2579 4325 14330 2149 4324 14331 2579 4325 14332 2152 4326 14333 2152 4326 14334 2579 4325 14335 2580 4327 14336 2152 4326 14337 2580 4327 14338 2151 4328 14339 2569 4310 14340 2140 4311 14341 2580 4327 14342 2580 4327 14343 2140 4311 14344 2150 4329 14345 2580 4327 14346 2150 4329 14347 2151 4328 14348 2576 4319 14349 2581 4330 14350 2577 4321 14351 2577 4321 14352 2581 4330 14353 2573 4315 14354 2577 4321 14355 2573 4315 14356 2578 4323 14357 2578 4323 14358 2573 4315 14359 2575 4317 14360 2578 4323 14361 2575 4317 14362 2579 4325 14363 2572 4314 14364 2569 4310 14365 2582 4331 14366 2582 4331 14367 2569 4310 14368 2580 4327 14369 2582 4331 14370 2580 4327 14371 2583 4332 14372 2583 4332 14373 2580 4327 14374 2579 4325 14375 2583 4332 14376 2579 4325 14377 2584 4333 14378 2584 4333 14379 2579 4325 14380 2575 4317 14381 2585 4334 14382 2586 4335 14383 2158 4336 14384 2587 4337 14385 2588 4338 14386 2162 4339 14387 2162 4339 14388 2588 4338 14389 2163 4340 14390 2588 4338 14391 2589 4341 14392 2163 4340 14393 2163 4340 14394 2589 4341 14395 2590 4342 14396 2163 4340 14397 2590 4342 14398 2142 4318 14399 2142 4318 14400 2590 4342 14401 2591 4343 14402 2142 4318 14403 2591 4343 14404 2576 4319 14405 2587 4337 14406 2162 4339 14407 2586 4335 14408 2586 4335 14409 2162 4339 14410 2160 4344 14411 2586 4335 14412 2160 4344 14413 2158 4336 14414 2585 4334 14415 2158 4336 14416 2592 4345 14417 2592 4345 14418 2158 4336 14419 2156 4346 14420 2592 4345 14421 2156 4346 14422 2593 4347 14423 2593 4347 14424 2156 4346 14425 2154 4348 14426 2593 4347 14427 2154 4348 14428 2594 4349 14429 2595 4350 14430 2596 4351 14431 2154 4348 14432 2154 4348 14433 2596 4351 14434 2597 4352 14435 2154 4348 14436 2597 4352 14437 2594 4349 14438 2598 4353 14439 2154 4348 14440 2599 4354 14441 2599 4354 14442 2154 4348 14443 2600 4355 14444 2599 4354 14445 2600 4355 14446 2601 4356 14447 2598 4353 14448 2602 4357 14449 2154 4348 14450 2154 4348 14451 2602 4357 14452 2603 4358 14453 2154 4348 14454 2603 4358 14455 2595 4350 14456 2604 4359 14457 2605 4360 14458 2606 4361 14459 2606 4361 14460 2605 4360 14461 144 4362 14462 2607 4363 14463 2572 4314 14464 2582 4331 14465 2607 4363 14466 2582 4331 14467 2608 4364 14468 2608 4364 14469 2582 4331 14470 2583 4332 14471 2608 4364 14472 2583 4332 14473 2609 4365 14474 2609 4365 14475 2583 4332 14476 2584 4333 14477 2609 4365 14478 2584 4333 14479 2610 4366 14480 2610 4366 14481 2584 4333 14482 2575 4317 14483 2610 4366 14484 2575 4317 14485 2606 4361 14486 2606 4361 14487 2575 4317 14488 2574 4316 14489 2606 4361 14490 2574 4316 14491 2604 4359 14492 144 4362 14493 1914 4367 14494 2606 4361 14495 2606 4361 14496 1914 4367 14497 1918 4368 14498 2606 4361 14499 1918 4368 14500 2610 4366 14501 2610 4366 14502 1918 4368 14503 1917 4369 14504 2610 4366 14505 1917 4369 14506 2609 4365 14507 2609 4365 14508 1917 4369 14509 1915 4370 14510 2609 4365 14511 1915 4370 14512 2608 4364 14513 2608 4364 14514 1915 4370 14515 213 4371 14516 2608 4364 14517 213 4371 14518 2607 4363 14519 2611 4372 14520 2612 4373 14521 2613 4374 14522 2613 4374 14523 2612 4373 14524 2614 4375 14525 2613 4374 14526 2614 4375 14527 2615 4376 14528 2616 4377 14529 2617 4378 14530 2618 4379 14531 2619 4380 14532 2620 4381 14533 2621 4382 14534 2622 4383 14535 2623 4384 14536 2624 4385 14537 2625 4386 14538 2626 4387 14539 2627 4388 14540 2627 4388 14541 2626 4387 14542 2628 4389 14543 2614 4375 14544 2629 4390 14545 2615 4376 14546 2615 4376 14547 2629 4390 14548 2630 4391 14549 2615 4376 14550 2630 4391 14551 2631 4392 14552 2632 4393 14553 2633 4394 14554 2634 4395 14555 2635 4396 14556 2636 4397 14557 2637 4398 14558 2637 4398 14559 2636 4397 14560 2638 4399 14561 2637 4398 14562 2638 4399 14563 2639 4400 14564 2639 4400 14565 2638 4399 14566 2640 4401 14567 2639 4400 14568 2640 4401 14569 2641 4402 14570 2641 4402 14571 2640 4401 14572 2615 4376 14573 2641 4402 14574 2615 4376 14575 2642 4403 14576 2642 4403 14577 2615 4376 14578 2631 4392 14579 2643 4404 14580 2619 4380 14581 2644 4405 14582 2644 4405 14583 2619 4380 14584 2621 4382 14585 2644 4405 14586 2621 4382 14587 2645 4406 14588 2645 4406 14589 2621 4382 14590 2646 4407 14591 2645 4406 14592 2646 4407 14593 2647 4408 14594 2647 4408 14595 2646 4407 14596 2648 4409 14597 2647 4408 14598 2648 4409 14599 2649 4410 14600 2649 4410 14601 2648 4409 14602 2650 4411 14603 2623 4384 14604 2622 4383 14605 2651 4412 14606 2651 4412 14607 2622 4383 14608 2652 4413 14609 2651 4412 14610 2652 4413 14611 2653 4414 14612 2653 4414 14613 2652 4413 14614 2654 4415 14615 2653 4414 14616 2654 4415 14617 2655 4416 14618 2655 4416 14619 2654 4415 14620 2656 4417 14621 2655 4416 14622 2656 4417 14623 2650 4411 14624 2650 4411 14625 2656 4417 14626 2657 4418 14627 2650 4411 14628 2657 4418 14629 2649 4410 14630 2624 4385 14631 2616 4377 14632 2622 4383 14633 2622 4383 14634 2616 4377 14635 2618 4379 14636 2622 4383 14637 2618 4379 14638 2611 4372 14639 2611 4372 14640 2618 4379 14641 2658 4419 14642 2611 4372 14643 2658 4419 14644 2612 4373 14645 2634 4395 14646 2627 4388 14647 2632 4393 14648 2632 4393 14649 2627 4388 14650 2628 4389 14651 2632 4393 14652 2628 4389 14653 2629 4390 14654 2629 4390 14655 2628 4389 14656 2659 4420 14657 2629 4390 14658 2659 4420 14659 2630 4391 14660 2615 4421 14661 2660 4422 14662 2613 4423 14663 2613 4423 14664 2660 4422 14665 2661 4424 14666 2613 4423 14667 2661 4424 14668 2611 4425 14669 2611 4425 14670 2661 4424 14671 2662 4426 14672 2611 4425 14673 2662 4426 14674 2622 4427 14675 2622 4427 14676 2662 4426 14677 2663 4428 14678 2622 4427 14679 2663 4428 14680 2652 4429 14681 2652 4429 14682 2663 4428 14683 2664 4430 14684 2652 4429 14685 2664 4430 14686 2654 4431 14687 2654 4431 14688 2664 4430 14689 2665 4432 14690 2654 4431 14691 2665 4432 14692 2656 4433 14693 2656 4433 14694 2665 4432 14695 2666 4434 14696 2656 4433 14697 2666 4434 14698 2657 4435 14699 2657 4435 14700 2666 4434 14701 2667 4436 14702 2657 4435 14703 2667 4436 14704 2649 4437 14705 2649 4437 14706 2667 4436 14707 2668 4438 14708 2649 4437 14709 2668 4438 14710 2647 4439 14711 2647 4439 14712 2668 4438 14713 2669 4440 14714 2647 4439 14715 2669 4440 14716 2645 4441 14717 2645 4441 14718 2669 4440 14719 2670 4442 14720 2645 4441 14721 2670 4442 14722 2644 4443 14723 2644 4443 14724 2670 4442 14725 2671 4444 14726 2644 4443 14727 2671 4444 14728 2643 4445 14729 2643 4445 14730 2671 4444 14731 2672 4446 14732 2643 4445 14733 2672 4446 14734 2673 4447 14735 2674 4448 14736 2675 4449 14737 2676 4450 14738 2677 4451 14739 2678 4452 14740 2679 4453 14741 2679 4453 14742 2678 4452 14743 2680 4454 14744 2680 4454 14745 2681 4455 14746 2679 4453 14747 2679 4453 14748 2681 4455 14749 1898 3310 14750 2679 4453 14751 1898 3310 14752 2676 4450 14753 2676 4450 14754 1898 3310 14755 1897 3309 14756 2676 4450 14757 1897 3309 14758 2674 4448 14759 2682 4456 14760 2683 4457 14761 2684 4458 14762 2685 4459 14763 1889 3301 14764 1888 3300 14765 2686 4460 14766 2685 4459 14767 2687 4461 14768 2687 4461 14769 2685 4459 14770 1888 3300 14771 2687 4461 14772 1888 3300 14773 2684 4458 14774 2684 4458 14775 1888 3300 14776 2688 4462 14777 2684 4458 14778 2688 4462 14779 2682 4456 14780 2689 4463 14781 2690 4464 14782 2691 4465 14783 2692 4466 14784 2693 4467 14785 2694 4468 14786 1867 4469 14787 1869 4470 14788 2695 4471 14789 2514 4472 14790 2696 4473 14791 2697 4474 14792 2698 4475 14793 2699 4476 14794 2515 4477 14795 1871 4478 14796 1873 4479 14797 2700 4480 14798 2700 4480 14799 1873 4479 14800 2701 4481 14801 2702 4482 14802 2703 4483 14803 2704 4484 14804 2705 4485 14805 2706 4486 14806 2707 4487 14807 1871 4478 14808 2697 4474 14809 1869 4470 14810 1869 4470 14811 2697 4474 14812 2708 4488 14813 1869 4470 14814 2708 4488 14815 2695 4471 14816 2707 4487 14817 2692 4466 14818 2705 4485 14819 2705 4485 14820 2692 4466 14821 2694 4468 14822 2705 4485 14823 2694 4468 14824 2709 4489 14825 2709 4489 14826 2694 4468 14827 2710 4490 14828 2709 4489 14829 2710 4490 14830 2711 4491 14831 2695 4471 14832 2712 4492 14833 1867 4469 14834 1867 4469 14835 2712 4492 14836 2713 4493 14837 1867 4469 14838 2713 4493 14839 1865 4494 14840 1865 4494 14841 2713 4493 14842 2714 4495 14843 1865 4494 14844 2714 4495 14845 1862 4496 14846 1862 4496 14847 2714 4495 14848 2715 4497 14849 2515 4477 14850 2514 4472 14851 2698 4475 14852 2698 4475 14853 2514 4472 14854 2697 4474 14855 2698 4475 14856 2697 4474 14857 2716 4498 14858 2716 4498 14859 2697 4474 14860 1871 4478 14861 2716 4498 14862 1871 4478 14863 2717 4499 14864 2717 4499 14865 1871 4478 14866 2700 4480 14867 2718 4500 14868 1889 4501 14869 2719 4502 14870 2719 4502 14871 1889 4501 14872 2685 4503 14873 2701 4481 14874 1873 4479 14875 2720 4504 14876 2720 4504 14877 1873 4479 14878 1875 4505 14879 2720 4504 14880 1875 4505 14881 2718 4500 14882 2718 4500 14883 1875 4505 14884 1877 4506 14885 2718 4500 14886 1877 4506 14887 1880 4507 14888 2691 4465 14889 2721 4508 14890 2689 4463 14891 2689 4463 14892 2721 4508 14893 2722 4509 14894 2689 4463 14895 2722 4509 14896 2723 4510 14897 1897 4511 14898 1894 4512 14899 1891 4513 14900 2704 4484 14901 2703 4483 14902 2724 4514 14903 2724 4514 14904 2703 4483 14905 2689 4463 14906 2724 4514 14907 2689 4463 14908 2725 4515 14909 2725 4515 14910 2689 4463 14911 2723 4510 14912 2725 4515 14913 2723 4510 14914 2726 4516 14915 1634 4517 14916 2715 4497 14917 1636 4518 14918 1636 4518 14919 2715 4497 14920 2727 4519 14921 1636 4518 14922 2727 4519 14923 1638 4520 14924 1638 4520 14925 2727 4519 14926 2728 4521 14927 1638 4520 14928 2728 4521 14929 1640 4522 14930 1640 4522 14931 2728 4521 14932 2729 4523 14933 1640 4522 14934 2729 4523 14935 1642 4524 14936 1642 4524 14937 2729 4523 14938 2730 4525 14939 1642 4524 14940 2730 4525 14941 1644 4526 14942 1644 4526 14943 2730 4525 14944 2731 4527 14945 1644 4526 14946 2731 4527 14947 1646 4528 14948 1646 4528 14949 2731 4527 14950 1648 4529 14951 1634 4517 14952 2732 4530 14953 2715 4497 14954 2715 4497 14955 2732 4530 14956 2674 4531 14957 2715 4497 14958 2674 4531 14959 1862 4496 14960 1862 4496 14961 2674 4531 14962 1897 4511 14963 1862 4496 14964 1897 4511 14965 1878 4532 14966 1878 4532 14967 1897 4511 14968 1891 4513 14969 1887 4533 14970 1889 4501 14971 1885 4534 14972 1885 4534 14973 1889 4501 14974 2718 4500 14975 1885 4534 14976 2718 4500 14977 1883 4535 14978 1883 4535 14979 2718 4500 14980 1880 4507 14981 2704 4484 14982 2733 4536 14983 2702 4482 14984 2702 4482 14985 2733 4536 14986 2734 4537 14987 2702 4482 14988 2734 4537 14989 2735 4538 14990 2735 4538 14991 2734 4537 14992 2709 4489 14993 2735 4538 14994 2709 4489 14995 2736 4539 14996 2736 4539 14997 2709 4489 14998 2711 4491 14999 2736 4539 15000 2711 4491 15001 2731 4527 15002 2731 4527 15003 2711 4491 15004 1650 4540 15005 2731 4527 15006 1650 4540 15007 1648 4529 15008 2672 4446 15009 2737 4541 15010 2673 4447 15011 2673 4447 15012 2737 4541 15013 2738 4542 15014 2738 4542 15015 2737 4541 15016 2739 4543 15017 2739 4543 15018 2737 4541 15019 2679 4453 15020 2739 4543 15021 2679 4453 15022 2676 4450 15023 2721 4544 15024 2740 4545 15025 2722 4546 15026 2722 4546 15027 2740 4545 15028 2741 4547 15029 2628 4548 15030 2742 4549 15031 2659 4550 15032 2659 4550 15033 2742 4549 15034 2743 4551 15035 2744 4552 15036 2733 4553 15037 2704 4554 15038 2744 4552 15039 2704 4554 15040 2745 4555 15041 2745 4555 15042 2704 4554 15043 2724 4556 15044 2745 4555 15045 2724 4556 15046 2746 4557 15047 2746 4557 15048 2724 4556 15049 2747 4558 15050 2747 4558 15051 2724 4556 15052 2725 4559 15053 2747 4558 15054 2725 4559 15055 2748 4560 15056 2640 4561 15057 2749 4562 15058 2615 4421 15059 2615 4421 15060 2749 4562 15061 2660 4422 15062 2750 4563 15063 2751 4564 15064 2752 4565 15065 2752 4565 15066 2751 4564 15067 2753 4566 15068 2754 4567 15069 2430 4568 15070 2429 4219 15071 2755 4569 15072 2431 4570 15073 2430 4568 15074 2430 4568 15075 2754 4567 15076 2755 4569 15077 2755 4569 15078 2754 4567 15079 2750 4563 15080 2755 4569 15081 2750 4563 15082 2756 4571 15083 2756 4571 15084 2750 4563 15085 2752 4565 15086 2756 4571 15087 2752 4565 15088 2757 4572 15089 2429 4219 15090 2520 4217 15091 2754 4567 15092 2754 4567 15093 2520 4217 15094 2519 4215 15095 2754 4567 15096 2519 4215 15097 2750 4563 15098 2750 4563 15099 2519 4215 15100 2524 4225 15101 2750 4563 15102 2524 4225 15103 2751 4564 15104 2758 4573 15105 97 4574 15106 96 4575 15107 96 4575 15108 94 4576 15109 2759 4577 15110 2521 4221 15111 2758 4573 15112 2522 4223 15113 2522 4223 15114 2758 4573 15115 96 4575 15116 2522 4223 15117 96 4575 15118 2523 4224 15119 2523 4224 15120 96 4575 15121 2759 4577 15122 2523 4224 15123 2759 4577 15124 2524 4225 15125 2760 4578 15126 93 4579 15127 95 4580 15128 2749 4562 15129 2640 4561 15130 2761 4581 15131 2761 4581 15132 2640 4561 15133 2638 4582 15134 2762 4583 15135 2752 4584 15136 2753 4585 15137 2753 4585 15138 2760 4578 15139 2762 4583 15140 2762 4583 15141 2760 4578 15142 95 4580 15143 2762 4583 15144 95 4580 15145 2636 4586 15146 2636 4586 15147 95 4580 15148 2638 4582 15149 2638 4582 15150 95 4580 15151 2763 4587 15152 2638 4582 15153 2763 4587 15154 2761 4581 15155 2759 4577 15156 94 4576 15157 2764 4588 15158 2764 4588 15159 94 4576 15160 92 4589 15161 2764 4588 15162 92 4589 15163 2760 4590 15164 2760 4590 15165 92 4589 15166 93 4591 15167 2524 4225 15168 2759 4577 15169 2751 4564 15170 2751 4564 15171 2759 4577 15172 2764 4588 15173 2751 4564 15174 2764 4588 15175 2753 4566 15176 2753 4566 15177 2764 4588 15178 2760 4590 15179 2641 4592 15180 2765 4593 15181 2639 4594 15182 2639 4594 15183 2765 4593 15184 2766 4595 15185 2765 4593 15186 2641 4592 15187 2642 4596 15188 2765 4593 15189 2642 4596 15190 2767 4597 15191 2767 4597 15192 2642 4596 15193 2631 4598 15194 2767 4597 15195 2631 4598 15196 2768 4599 15197 2768 4599 15198 2631 4598 15199 2630 4600 15200 2768 4599 15201 2630 4600 15202 2769 4601 15203 2769 4601 15204 2630 4600 15205 2659 4550 15206 2769 4601 15207 2659 4550 15208 2743 4551 15209 2603 4358 15210 2602 4357 15211 164 4602 15212 2603 4358 15213 164 4602 15214 2595 4350 15215 2595 4350 15216 164 4602 15217 2596 4351 15218 2596 4351 15219 164 4602 15220 161 4603 15221 2596 4351 15222 161 4603 15223 2597 4352 15224 2601 4356 15225 2770 4604 15226 2599 4354 15227 2599 4354 15228 2770 4604 15229 164 4602 15230 2599 4354 15231 164 4602 15232 2598 4353 15233 2598 4353 15234 164 4602 15235 2602 4357 15236 2585 4334 15237 2592 4345 15238 159 4605 15239 159 4605 15240 2592 4345 15241 2593 4347 15242 159 4605 15243 2593 4347 15244 161 4603 15245 161 4603 15246 2593 4347 15247 2594 4349 15248 161 4603 15249 2594 4349 15250 2597 4352 15251 2588 4338 15252 2587 4337 15253 159 4605 15254 159 4605 15255 2587 4337 15256 2586 4335 15257 159 4605 15258 2586 4335 15259 2585 4334 15260 144 4362 15261 2605 4360 15262 143 4606 15263 143 4606 15264 2605 4360 15265 2604 4359 15266 143 4606 15267 2604 4359 15268 2574 4316 15269 2574 4316 15270 2573 4315 15271 143 4606 15272 143 4606 15273 2573 4315 15274 2581 4330 15275 143 4606 15276 2581 4330 15277 2576 4319 15278 2576 4319 15279 2591 4343 15280 143 4606 15281 143 4606 15282 2591 4343 15283 2590 4342 15284 143 4606 15285 2590 4342 15286 159 4605 15287 159 4605 15288 2590 4342 15289 2589 4341 15290 159 4605 15291 2589 4341 15292 2588 4338 15293 2771 4607 15294 2772 4608 15295 2773 4609 15296 2774 4610 15297 2302 4611 15298 2773 4609 15299 2773 4609 15300 2302 4611 15301 2301 4612 15302 2773 4609 15303 2301 4612 15304 2771 4607 15305 2154 3666 15306 2153 3665 15307 2600 4613 15308 2600 4613 15309 2153 3665 15310 2305 4614 15311 2600 4613 15312 2305 4614 15313 2601 4615 15314 2601 4615 15315 2305 4614 15316 2302 4611 15317 2601 4615 15318 2302 4611 15319 2770 4616 15320 2770 4616 15321 2302 4611 15322 2774 4610 15323 2412 4617 15324 2775 4618 15325 2776 4619 15326 2301 4612 15327 2412 4617 15328 2771 4607 15329 2771 4607 15330 2412 4617 15331 2776 4619 15332 2771 4607 15333 2776 4619 15334 2772 4608 15335 2775 4618 15336 2412 4617 15337 2777 4620 15338 2777 4620 15339 2412 4617 15340 2411 4621 15341 2777 4620 15342 2411 4621 15343 2778 4622 15344 2778 4622 15345 2411 4621 15346 2779 4623 15347 2779 4623 15348 2411 4621 15349 2422 4071 15350 2779 4623 15351 2422 4071 15352 2433 4070 15353 2780 4624 15354 151 4625 15355 149 4626 15356 2756 4571 15357 2757 4572 15358 2780 4624 15359 149 4626 15360 2776 4627 15361 2780 4624 15362 2780 4624 15363 2776 4627 15364 2775 4628 15365 2780 4624 15366 2775 4628 15367 2777 4629 15368 2756 4571 15369 2780 4624 15370 2755 4569 15371 2432 4630 15372 2431 4570 15373 2755 4569 15374 2777 4629 15375 2778 4631 15376 2780 4624 15377 2780 4624 15378 2778 4631 15379 2779 4632 15380 2780 4624 15381 2779 4632 15382 2755 4569 15383 2755 4569 15384 2779 4632 15385 2433 4633 15386 2755 4569 15387 2433 4633 15388 2432 4630 15389 2776 4627 15390 149 4626 15391 2772 4634 15392 2772 4634 15393 149 4626 15394 147 4635 15395 2772 4634 15396 147 4635 15397 2773 4636 15398 2773 4636 15399 147 4635 15400 2774 4637 15401 2774 4637 15402 147 4635 15403 164 4602 15404 2774 4637 15405 164 4602 15406 2770 4604 15407 153 4638 15408 2781 4639 15409 2635 4640 15410 153 4638 15411 2635 4640 15412 155 4641 15413 155 4641 15414 2635 4640 15415 2637 4642 15416 155 4641 15417 2637 4642 15418 2782 4643 15419 2639 4594 15420 2766 4595 15421 2637 4642 15422 2637 4642 15423 2766 4595 15424 2783 4644 15425 2637 4642 15426 2783 4644 15427 2782 4643 15428 2781 4639 15429 153 4638 15430 2784 4645 15431 2784 4645 15432 153 4638 15433 151 4625 15434 2784 4645 15435 151 4625 15436 2780 4624 15437 2566 4300 15438 2552 4282 15439 2570 4312 15440 2566 4300 15441 2570 4312 15442 205 4305 15443 2571 4313 15444 2572 4314 15445 2607 4363 15446 205 4305 15447 2570 4312 15448 204 4646 15449 204 4646 15450 2570 4312 15451 2571 4313 15452 204 4646 15453 2571 4313 15454 215 4647 15455 215 4647 15456 2571 4313 15457 2607 4363 15458 215 4647 15459 2607 4363 15460 213 4371 15461 2785 4648 15462 2090 4649 15463 2081 4650 15464 2081 4650 15465 2079 4651 15466 2785 4648 15467 2785 4648 15468 2079 4651 15469 2786 4652 15470 2785 4648 15471 2786 4652 15472 2787 4653 15473 2090 4649 15474 2785 4648 15475 2089 4654 15476 2089 4654 15477 2785 4648 15478 2788 4655 15479 2089 4654 15480 2788 4655 15481 2087 4656 15482 2788 4655 15483 2789 4657 15484 2087 4656 15485 2087 4656 15486 2789 4657 15487 2790 4658 15488 2087 4656 15489 2790 4658 15490 2085 4659 15491 2521 4221 15492 2083 4220 15493 2791 4660 15494 2791 4660 15495 2083 4220 15496 2085 4659 15497 2791 4660 15498 2085 4659 15499 2792 4661 15500 2792 4661 15501 2085 4659 15502 2790 4658 15503 2758 4573 15504 2521 4221 15505 2791 4660 15506 97 4574 15507 2758 4573 15508 2793 4662 15509 2793 4662 15510 2758 4573 15511 2791 4660 15512 2793 4662 15513 2791 4660 15514 2794 4663 15515 2791 4660 15516 2792 4661 15517 2794 4663 15518 2794 4663 15519 2792 4661 15520 2790 4658 15521 2794 4663 15522 2790 4658 15523 2795 4664 15524 2795 4664 15525 2790 4658 15526 2789 4657 15527 2789 4657 15528 2788 4655 15529 2795 4664 15530 2795 4664 15531 2788 4655 15532 2785 4648 15533 2795 4664 15534 2785 4648 15535 2796 4665 15536 2796 4665 15537 2785 4648 15538 2787 4653 15539 2796 4665 15540 2787 4653 15541 2797 4666 15542 97 4574 15543 2793 4662 15544 1699 4667 15545 1699 4667 15546 2793 4662 15547 2794 4663 15548 1699 4667 15549 2794 4663 15550 1709 4668 15551 1709 4668 15552 2794 4663 15553 2795 4664 15554 1709 4668 15555 2795 4664 15556 1710 4669 15557 1710 4669 15558 2795 4664 15559 2796 4665 15560 1710 4669 15561 2796 4665 15562 1711 4670 15563 1711 4670 15564 2796 4665 15565 2797 4666 15566 1711 4670 15567 2797 4666 15568 64 4671 15569 2786 4652 15570 2079 4651 15571 2798 4672 15572 2798 4672 15573 2079 4651 15574 2104 4673 15575 2798 4672 15576 2104 4673 15577 2799 4674 15578 2799 4674 15579 2104 4673 15580 2106 4675 15581 2799 4674 15582 2106 4675 15583 2800 4676 15584 2800 4676 15585 2106 4675 15586 2099 4677 15587 2800 4676 15588 2099 4677 15589 2801 4678 15590 2801 4678 15591 2099 4677 15592 2101 4679 15593 2801 4678 15594 2101 4679 15595 2802 4680 15596 2802 4680 15597 2101 4679 15598 2091 4681 15599 2802 4680 15600 2091 4681 15601 2803 4682 15602 2803 4682 15603 2091 4681 15604 2093 4683 15605 2803 4682 15606 2093 4683 15607 2804 4684 15608 2804 4684 15609 2093 4683 15610 2095 4685 15611 2804 4684 15612 2095 4685 15613 2805 4686 15614 2805 4686 15615 2095 4685 15616 2097 4687 15617 2787 4653 15618 2786 4652 15619 2806 4688 15620 2806 4688 15621 2786 4652 15622 2798 4672 15623 2806 4688 15624 2798 4672 15625 2807 4689 15626 2807 4689 15627 2798 4672 15628 2799 4674 15629 2807 4689 15630 2799 4674 15631 2808 4690 15632 2808 4690 15633 2799 4674 15634 2800 4676 15635 2808 4690 15636 2800 4676 15637 2809 4691 15638 2809 4691 15639 2800 4676 15640 2801 4678 15641 2809 4691 15642 2801 4678 15643 2810 4692 15644 2810 4692 15645 2801 4678 15646 2802 4680 15647 2810 4692 15648 2802 4680 15649 2811 4693 15650 2811 4693 15651 2802 4680 15652 2803 4682 15653 2811 4693 15654 2803 4682 15655 2812 4694 15656 2812 4694 15657 2803 4682 15658 2804 4684 15659 2812 4694 15660 2804 4684 15661 2813 4695 15662 2813 4695 15663 2804 4684 15664 2805 4686 15665 2814 4696 15666 2110 4697 15667 2815 4698 15668 2815 4698 15669 2110 4697 15670 2109 4699 15671 2815 4698 15672 2109 4699 15673 2526 4227 15674 2526 4227 15675 2109 4699 15676 2075 4228 15677 2816 4700 15678 2814 4696 15679 2817 4701 15680 2817 4701 15681 2814 4696 15682 2815 4698 15683 2817 4701 15684 2815 4698 15685 2530 4239 15686 2530 4239 15687 2815 4698 15688 2526 4227 15689 78 4702 15690 2818 4703 15691 2819 4704 15692 2532 4241 15693 2819 4704 15694 2531 4240 15695 2531 4240 15696 2819 4704 15697 2818 4703 15698 2531 4240 15699 2818 4703 15700 2530 4239 15701 2533 4242 15702 2820 4705 15703 2532 4241 15704 2532 4241 15705 2820 4705 15706 2821 4706 15707 2532 4241 15708 2821 4706 15709 2819 4704 15710 2533 4242 15711 2534 4243 15712 2820 4705 15713 2820 4705 15714 2534 4243 15715 2463 4119 15716 2820 4705 15717 2463 4119 15718 2535 4244 15719 78 4702 15720 2819 4704 15721 1679 4707 15722 1679 4707 15723 2819 4704 15724 2821 4706 15725 1679 4707 15726 2821 4706 15727 1677 4708 15728 1677 4708 15729 2821 4706 15730 2820 4705 15731 1677 4708 15732 2820 4705 15733 1678 4709 15734 1678 4709 15735 2820 4705 15736 2535 4244 15737 1678 4709 15738 2535 4244 15739 123 4245 15740 2797 4666 15741 2787 4653 15742 2806 4688 15743 64 4671 15744 2797 4666 15745 2822 4710 15746 2797 4666 15747 2806 4688 15748 2822 4710 15749 2822 4710 15750 2806 4688 15751 2807 4689 15752 2822 4710 15753 2807 4689 15754 2823 4711 15755 2823 4711 15756 2807 4689 15757 2808 4690 15758 2823 4711 15759 2808 4690 15760 2824 4712 15761 2824 4712 15762 2808 4690 15763 2809 4691 15764 2824 4712 15765 2809 4691 15766 2825 4713 15767 2809 4691 15768 2810 4692 15769 2825 4713 15770 2825 4713 15771 2810 4692 15772 2811 4693 15773 2825 4713 15774 2811 4693 15775 2826 4714 15776 2826 4714 15777 2811 4693 15778 2812 4694 15779 2826 4714 15780 2812 4694 15781 2827 4715 15782 2827 4715 15783 2812 4694 15784 2813 4695 15785 2827 4715 15786 2813 4695 15787 2828 4716 15788 64 4671 15789 2822 4710 15790 1704 4717 15791 1704 4717 15792 2822 4710 15793 2823 4711 15794 1704 4717 15795 2823 4711 15796 1705 4718 15797 1705 4718 15798 2823 4711 15799 2824 4712 15800 1705 4718 15801 2824 4712 15802 1706 4719 15803 1706 4719 15804 2824 4712 15805 2825 4713 15806 1706 4719 15807 2825 4713 15808 1707 4720 15809 1707 4720 15810 2825 4713 15811 2826 4714 15812 1707 4720 15813 2826 4714 15814 1708 4721 15815 1708 4721 15816 2826 4714 15817 2827 4715 15818 1708 4721 15819 2827 4715 15820 1692 4722 15821 1692 4722 15822 2827 4715 15823 2828 4716 15824 1692 4722 15825 2828 4716 15826 62 4723 15827 2120 4724 15828 2116 4725 15829 2829 4726 15830 2121 4727 15831 2830 4728 15832 2128 4729 15833 2128 4729 15834 2830 4728 15835 2831 4730 15836 2805 4686 15837 2097 4687 15838 2832 4731 15839 2832 4731 15840 2097 4687 15841 2123 4732 15842 2832 4731 15843 2123 4732 15844 2833 4733 15845 2833 4733 15846 2123 4732 15847 2125 4734 15848 2833 4733 15849 2125 4734 15850 2831 4730 15851 2831 4730 15852 2125 4734 15853 2127 4735 15854 2831 4730 15855 2127 4735 15856 2128 4729 15857 2834 4736 15858 2829 4726 15859 2835 4737 15860 2835 4737 15861 2829 4726 15862 2116 4725 15863 2835 4737 15864 2116 4725 15865 2115 4738 15866 2834 4736 15867 2836 4739 15868 2829 4726 15869 2829 4726 15870 2836 4739 15871 2830 4728 15872 2829 4726 15873 2830 4728 15874 2120 4724 15875 2120 4724 15876 2830 4728 15877 2121 4727 15878 2813 4695 15879 2805 4686 15880 2837 4740 15881 2837 4740 15882 2805 4686 15883 2832 4731 15884 2837 4740 15885 2832 4731 15886 2838 4741 15887 2838 4741 15888 2832 4731 15889 2833 4733 15890 2838 4741 15891 2833 4733 15892 2839 4742 15893 2839 4742 15894 2833 4733 15895 2831 4730 15896 2839 4742 15897 2831 4730 15898 2840 4743 15899 2840 4743 15900 2831 4730 15901 2830 4728 15902 2840 4743 15903 2830 4728 15904 2841 4744 15905 2841 4744 15906 2830 4728 15907 2836 4739 15908 2842 4745 15909 2129 4746 15910 2130 4747 15911 2843 4748 15912 2842 4745 15913 2844 4749 15914 2842 4745 15915 2130 4747 15916 2844 4749 15917 2844 4749 15918 2130 4747 15919 2131 4750 15920 2844 4749 15921 2131 4750 15922 2845 4751 15923 2845 4751 15924 2131 4750 15925 2110 4697 15926 2845 4751 15927 2110 4697 15928 2814 4696 15929 2843 4748 15930 2844 4749 15931 2846 4752 15932 2846 4752 15933 2844 4749 15934 2845 4751 15935 2846 4752 15936 2845 4751 15937 2847 4753 15938 2847 4753 15939 2845 4751 15940 2814 4696 15941 2847 4753 15942 2814 4696 15943 2816 4700 15944 103 4754 15945 2816 4700 15946 2817 4701 15947 2817 4701 15948 2530 4239 15949 2818 4703 15950 103 4754 15951 2817 4701 15952 105 4755 15953 105 4755 15954 2817 4701 15955 2818 4703 15956 105 4755 15957 2818 4703 15958 78 4702 15959 2834 4736 15960 2848 4756 15961 2849 4757 15962 2828 4716 15963 2813 4695 15964 2837 4740 15965 62 4723 15966 2828 4716 15967 2850 4758 15968 2828 4716 15969 2837 4740 15970 2850 4758 15971 2850 4758 15972 2837 4740 15973 2838 4741 15974 2850 4758 15975 2838 4741 15976 2851 4759 15977 2851 4759 15978 2838 4741 15979 2839 4742 15980 2851 4759 15981 2839 4742 15982 2852 4760 15983 2839 4742 15984 2840 4743 15985 2852 4760 15986 2852 4760 15987 2840 4743 15988 2841 4744 15989 2852 4760 15990 2841 4744 15991 2849 4757 15992 2849 4757 15993 2841 4744 15994 2836 4739 15995 2849 4757 15996 2836 4739 15997 2834 4736 15998 62 4723 15999 2850 4758 16000 1718 4761 16001 1718 4761 16002 2850 4758 16003 2851 4759 16004 1718 4761 16005 2851 4759 16006 1719 4762 16007 1719 4762 16008 2851 4759 16009 2852 4760 16010 1719 4762 16011 2852 4760 16012 1720 4763 16013 1720 4763 16014 2852 4760 16015 2849 4757 16016 1720 4763 16017 2849 4757 16018 1721 4764 16019 1721 4764 16020 2849 4757 16021 2848 4756 16022 1721 4764 16023 2848 4756 16024 75 4765 16025 2835 4737 16026 2115 4738 16027 2853 4766 16028 2853 4766 16029 2115 4738 16030 2137 4767 16031 2853 4766 16032 2137 4767 16033 2854 4768 16034 2854 4768 16035 2137 4767 16036 2136 4769 16037 2854 4768 16038 2136 4769 16039 2842 4745 16040 2842 4745 16041 2136 4769 16042 2129 4746 16043 2834 4736 16044 2835 4737 16045 2855 4770 16046 2855 4770 16047 2835 4737 16048 2853 4766 16049 2855 4770 16050 2853 4766 16051 2856 4771 16052 2856 4771 16053 2853 4766 16054 2854 4768 16055 2856 4771 16056 2854 4768 16057 2843 4748 16058 2843 4748 16059 2854 4768 16060 2842 4745 16061 99 4772 16062 2843 4748 16063 2846 4752 16064 99 4772 16065 2846 4752 16066 101 4773 16067 101 4773 16068 2846 4752 16069 2847 4753 16070 101 4773 16071 2847 4753 16072 102 4774 16073 102 4774 16074 2847 4753 16075 2816 4700 16076 102 4774 16077 2816 4700 16078 103 4754 16079 2848 4756 16080 2834 4736 16081 2855 4770 16082 2848 4756 16083 2855 4770 16084 75 4765 16085 75 4765 16086 2855 4770 16087 77 4775 16088 77 4775 16089 2855 4770 16090 2856 4771 16091 77 4775 16092 2856 4771 16093 98 4776 16094 98 4776 16095 2856 4771 16096 2843 4748 16097 98 4776 16098 2843 4748 16099 99 4772 16100 2857 4777 16101 2858 4778 16102 2859 4779 16103 2860 4780 16104 2307 4781 16105 2306 4782 16106 2860 4780 16107 2306 4782 16108 2859 4779 16109 2329 4783 16110 2861 4784 16111 2330 4785 16112 2330 4785 16113 2861 4784 16114 2862 4786 16115 2330 4785 16116 2862 4786 16117 2322 4787 16118 2322 4787 16119 2862 4786 16120 2863 4788 16121 2322 4787 16122 2863 4788 16123 2864 4789 16124 2329 4783 16125 2331 4790 16126 2861 4784 16127 2861 4784 16128 2331 4790 16129 2333 4791 16130 2861 4784 16131 2333 4791 16132 2865 4792 16133 2865 4792 16134 2333 4791 16135 2335 4793 16136 2865 4792 16137 2335 4793 16138 2866 4794 16139 2335 4793 16140 2338 4795 16141 2866 4794 16142 2866 4794 16143 2338 4795 16144 2337 4796 16145 2866 4794 16146 2337 4796 16147 2867 4797 16148 2867 4797 16149 2337 4796 16150 2341 4798 16151 2867 4797 16152 2341 4798 16153 2868 4799 16154 2341 4798 16155 2346 4800 16156 2868 4799 16157 2868 4799 16158 2346 4800 16159 2345 4801 16160 2868 4799 16161 2345 4801 16162 2869 4802 16163 2869 4802 16164 2345 4801 16165 2344 4803 16166 2869 4802 16167 2344 4803 16168 2870 4804 16169 2870 4804 16170 2344 4803 16171 2871 4805 16172 2871 4805 16173 2344 4803 16174 2363 4806 16175 2871 4805 16176 2363 4806 16177 2872 4807 16178 2353 4808 16179 2873 4809 16180 2350 4810 16181 2350 4810 16182 2873 4809 16183 2874 4811 16184 2350 4810 16185 2874 4811 16186 2349 4812 16187 2349 4812 16188 2874 4811 16189 2875 4813 16190 2349 4812 16191 2875 4813 16192 2363 4806 16193 2363 4806 16194 2875 4813 16195 2876 4814 16196 2363 4806 16197 2876 4814 16198 2872 4807 16199 2373 4815 16200 2877 4816 16201 2371 4817 16202 2371 4817 16203 2877 4816 16204 2878 4818 16205 2371 4817 16206 2878 4818 16207 2369 4819 16208 2369 4819 16209 2878 4818 16210 2873 4809 16211 2369 4819 16212 2873 4809 16213 2352 4820 16214 2352 4820 16215 2873 4809 16216 2353 4808 16217 2373 4815 16218 2376 4821 16219 2877 4816 16220 2877 4816 16221 2376 4821 16222 2375 4822 16223 2877 4816 16224 2375 4822 16225 2879 4823 16226 2879 4823 16227 2375 4822 16228 2366 4824 16229 2879 4823 16230 2366 4824 16231 2880 4825 16232 2880 4825 16233 2366 4824 16234 2365 4826 16235 2880 4825 16236 2365 4826 16237 2881 4827 16238 2881 4827 16239 2365 4826 16240 2377 4828 16241 2881 4827 16242 2377 4828 16243 2882 4829 16244 2882 4829 16245 2377 4828 16246 2384 4830 16247 2882 4829 16248 2384 4830 16249 2883 4831 16250 2883 4831 16251 2384 4830 16252 2385 4832 16253 2883 4831 16254 2385 4832 16255 2884 4833 16256 2385 4832 16257 2388 4834 16258 2884 4833 16259 2884 4833 16260 2388 4834 16261 2387 4835 16262 2884 4833 16263 2387 4835 16264 2885 4836 16265 2387 4835 16266 2386 4837 16267 2885 4836 16268 2885 4836 16269 2386 4837 16270 2389 4838 16271 2885 4836 16272 2389 4838 16273 2886 4839 16274 2389 4838 16275 2390 4840 16276 2886 4839 16277 2886 4839 16278 2390 4840 16279 2391 4841 16280 2886 4839 16281 2391 4841 16282 2887 4842 16283 2391 4841 16284 2392 4843 16285 2887 4842 16286 2887 4842 16287 2392 4843 16288 2393 4844 16289 2887 4842 16290 2393 4844 16291 2888 4845 16292 2888 4845 16293 2393 4844 16294 2394 4846 16295 2888 4845 16296 2394 4846 16297 2889 4847 16298 2889 4847 16299 2394 4846 16300 2395 4848 16301 2889 4847 16302 2395 4848 16303 2890 4849 16304 2890 4849 16305 2395 4848 16306 2396 4850 16307 2400 4851 16308 2891 4852 16309 2399 4853 16310 2399 4853 16311 2891 4852 16312 2892 4854 16313 2399 4853 16314 2892 4854 16315 2398 4855 16316 2398 4855 16317 2892 4854 16318 2890 4849 16319 2398 4855 16320 2890 4849 16321 2397 4856 16322 2397 4856 16323 2890 4849 16324 2396 4850 16325 2400 4851 16326 2401 4857 16327 2891 4852 16328 2891 4852 16329 2401 4857 16330 2402 4858 16331 2891 4852 16332 2402 4858 16333 2893 4859 16334 2893 4859 16335 2402 4858 16336 2403 4860 16337 2893 4859 16338 2403 4860 16339 2894 4861 16340 2403 4860 16341 2404 4862 16342 2894 4861 16343 2894 4861 16344 2404 4862 16345 2406 4863 16346 2894 4861 16347 2406 4863 16348 2895 4864 16349 2895 4864 16350 2406 4863 16351 2405 4865 16352 2895 4864 16353 2405 4865 16354 2896 4866 16355 2896 4866 16356 2405 4865 16357 2409 4867 16358 2896 4866 16359 2409 4867 16360 2423 4868 16361 2416 4869 16362 2897 4870 16363 2414 4871 16364 2414 4871 16365 2897 4870 16366 2896 4866 16367 2414 4871 16368 2896 4866 16369 2424 4872 16370 2424 4872 16371 2896 4866 16372 2423 4868 16373 2416 4869 16374 2417 4873 16375 2897 4870 16376 2897 4870 16377 2417 4873 16378 2418 4874 16379 2897 4870 16380 2418 4874 16381 2860 4780 16382 2860 4780 16383 2418 4874 16384 2308 4875 16385 2860 4780 16386 2308 4875 16387 2307 4781 16388 2898 4876 16389 1903 4877 16390 2899 4878 16391 2899 4878 16392 1903 4877 16393 1902 4879 16394 2899 4878 16395 1902 4879 16396 2900 4880 16397 2900 4880 16398 1902 4879 16399 1900 4881 16400 2900 4880 16401 1900 4881 16402 2901 4882 16403 2901 4882 16404 1900 4881 16405 2327 4883 16406 2901 4882 16407 2327 4883 16408 2902 4884 16409 2902 4884 16410 2327 4883 16411 2326 4885 16412 2902 4884 16413 2326 4885 16414 2864 4789 16415 2864 4789 16416 2326 4885 16417 2325 4886 16418 2864 4789 16419 2325 4886 16420 2322 4787 16421 2316 4887 16422 2903 4888 16423 2904 4889 16424 2316 4887 16425 2904 4889 16426 2315 4890 16427 2316 4887 16428 2317 4891 16429 2903 4888 16430 2903 4888 16431 2317 4891 16432 2318 4892 16433 2903 4888 16434 2318 4892 16435 2898 4876 16436 2898 4876 16437 2318 4892 16438 2148 4893 16439 2898 4876 16440 2148 4893 16441 1903 4877 16442 2904 4889 16443 2905 4894 16444 2315 4890 16445 2315 4890 16446 2905 4894 16447 2906 4895 16448 2315 4890 16449 2906 4895 16450 2314 4896 16451 2314 4896 16452 2906 4895 16453 2907 4897 16454 2306 4782 16455 2304 4898 16456 2859 4779 16457 2859 4779 16458 2304 4898 16459 2303 4899 16460 2859 4779 16461 2303 4899 16462 2857 4777 16463 2857 4777 16464 2303 4899 16465 2309 4900 16466 2857 4777 16467 2309 4900 16468 2908 4901 16469 2908 4901 16470 2309 4900 16471 2310 4902 16472 2310 4902 16473 2311 4903 16474 2908 4901 16475 2908 4901 16476 2311 4903 16477 2312 4904 16478 2908 4901 16479 2312 4904 16480 2907 4897 16481 2907 4897 16482 2312 4904 16483 2313 4905 16484 2907 4897 16485 2313 4905 16486 2314 4896 16487 2677 4906 16488 2909 4907 16489 2678 4908 16490 2678 4908 16491 2909 4907 16492 2910 4909 16493 2909 4907 16494 2911 4910 16495 2910 4909 16496 2910 4909 16497 2911 4910 16498 2912 4911 16499 2910 4909 16500 2912 4911 16501 2913 4912 16502 2912 4911 16503 2914 4913 16504 2913 4912 16505 2913 4912 16506 2914 4913 16507 2915 4914 16508 2913 4912 16509 2915 4914 16510 2916 4915 16511 2684 4916 16512 2683 4917 16513 2917 4918 16514 2917 4918 16515 2683 4917 16516 2916 4915 16517 2917 4918 16518 2916 4915 16519 2918 4919 16520 2918 4919 16521 2916 4915 16522 2915 4914 16523 2919 4920 16524 2920 4921 16525 2921 4922 16526 2921 4922 16527 2920 4921 16528 2922 4923 16529 2922 4923 16530 2920 4921 16531 2923 4924 16532 2922 4923 16533 2923 4924 16534 2924 4925 16535 2925 4926 16536 2683 4927 16537 2926 4928 16538 2926 4928 16539 2683 4927 16540 2682 4929 16541 2927 4930 16542 2678 4931 16543 2928 4932 16544 2928 4932 16545 2678 4931 16546 2929 4933 16547 2680 4934 16548 2678 4931 16549 2930 4935 16550 2930 4935 16551 2678 4931 16552 2931 4936 16553 2923 4924 16554 2932 4937 16555 2924 4925 16556 2924 4925 16557 2932 4937 16558 2933 4938 16559 2924 4925 16560 2933 4938 16561 2934 4939 16562 2934 4939 16563 2933 4938 16564 2935 4940 16565 2934 4939 16566 2935 4940 16567 2936 4941 16568 2936 4941 16569 2935 4940 16570 2937 4942 16571 2936 4941 16572 2937 4942 16573 2927 4930 16574 2929 4933 16575 2678 4931 16576 2938 4943 16577 2938 4943 16578 2678 4931 16579 2910 4944 16580 2938 4943 16581 2910 4944 16582 2939 4945 16583 2939 4945 16584 2910 4944 16585 2913 4946 16586 2939 4945 16587 2913 4946 16588 2940 4947 16589 2940 4947 16590 2913 4946 16591 2916 4948 16592 2940 4947 16593 2916 4948 16594 2941 4949 16595 2941 4949 16596 2916 4948 16597 2683 4927 16598 2941 4949 16599 2683 4927 16600 2921 4922 16601 2921 4922 16602 2683 4927 16603 2925 4926 16604 2921 4922 16605 2925 4926 16606 2919 4920 16607 2937 4942 16608 2942 4950 16609 2927 4930 16610 2927 4930 16611 2942 4950 16612 2943 4951 16613 2927 4930 16614 2943 4951 16615 2678 4931 16616 2678 4931 16617 2943 4951 16618 2944 4952 16619 2678 4931 16620 2944 4952 16621 2931 4936 16622 2945 4953 16623 2946 4954 16624 2947 4955 16625 2947 4955 16626 2946 4954 16627 2948 4956 16628 2947 4955 16629 2948 4956 16630 2949 4957 16631 2949 4957 16632 2948 4956 16633 2950 4958 16634 2949 4957 16635 2950 4958 16636 2951 4959 16637 2951 4959 16638 2950 4958 16639 2952 4960 16640 2951 4961 16641 2952 4962 16642 2953 4963 16643 2953 4963 16644 2952 4962 16645 2954 4964 16646 2953 4965 16647 2954 4966 16648 2955 4967 16649 2955 4967 16650 2954 4966 16651 2956 4968 16652 2955 4967 16653 2956 4968 16654 2957 4969 16655 2957 4969 16656 2956 4968 16657 2958 4970 16658 2957 4971 16659 2958 4972 16660 2959 4973 16661 2959 4973 16662 2958 4972 16663 2960 4974 16664 2959 4973 16665 2960 4974 16666 2961 4975 16667 2961 4975 16668 2960 4974 16669 2962 4976 16670 2961 4977 16671 2962 4978 16672 2963 4979 16673 2963 4979 16674 2962 4978 16675 2964 4980 16676 2963 4981 16677 2964 4982 16678 2965 4983 16679 2965 4983 16680 2964 4982 16681 2966 4984 16682 2965 4983 16683 2966 4984 16684 2967 4985 16685 2967 4985 16686 2966 4984 16687 2968 4986 16688 2967 4987 16689 2968 4988 16690 2945 4989 16691 2945 4989 16692 2968 4988 16693 2946 4990 16694 2969 4991 16695 2970 4992 16696 2971 4993 16697 2972 4994 16698 2973 4995 16699 2974 4996 16700 2975 4997 16701 2974 4996 16702 2976 4998 16703 2976 4998 16704 2974 4996 16705 2977 4999 16706 2975 4997 16707 2978 5000 16708 2974 4996 16709 2974 4996 16710 2978 5000 16711 2979 5001 16712 2974 4996 16713 2979 5001 16714 2972 4994 16715 2980 5002 16716 2981 5003 16717 2977 4999 16718 2977 4999 16719 2981 5003 16720 2982 5004 16721 2977 4999 16722 2982 5004 16723 2976 4998 16724 2983 5005 16725 2984 5006 16726 2985 5007 16727 2985 5007 16728 2984 5006 16729 2986 5008 16730 2985 5007 16731 2986 5008 16732 2977 4999 16733 2977 4999 16734 2986 5008 16735 2980 5002 16736 2987 5009 16737 2988 5010 16738 2983 5005 16739 2983 5005 16740 2988 5010 16741 2989 5011 16742 2983 5005 16743 2989 5011 16744 2984 5006 16745 2987 5009 16746 2983 5005 16747 2990 5012 16748 2990 5012 16749 2983 5005 16750 2991 5013 16751 2990 5012 16752 2991 5013 16753 2992 5014 16754 2993 5015 16755 2994 5016 16756 2995 5017 16757 2995 5017 16758 2994 5016 16759 2996 5018 16760 2995 5017 16761 2996 5018 16762 2991 5013 16763 2991 5013 16764 2996 5018 16765 2997 5019 16766 2991 5013 16767 2997 5019 16768 2992 5014 16769 2993 5015 16770 2995 5017 16771 2998 5020 16772 2998 5020 16773 2995 5017 16774 2999 5021 16775 2998 5020 16776 2999 5021 16777 3000 5022 16778 2970 4992 16779 3001 5023 16780 2971 4993 16781 2971 4993 16782 3001 5023 16783 3002 5024 16784 2971 4993 16785 3002 5024 16786 2999 5021 16787 2999 5021 16788 3002 5024 16789 3003 5025 16790 2999 5021 16791 3003 5025 16792 3000 5022 16793 2969 4991 16794 2971 4993 16795 3004 5026 16796 3004 5026 16797 2971 4993 16798 3005 5027 16799 3004 5026 16800 3005 5027 16801 3006 5028 16802 3007 5029 16803 3008 5030 16804 3005 5027 16805 3005 5027 16806 3008 5030 16807 3006 5028 16808 3009 5031 16809 3010 5032 16810 3007 5029 16811 3007 5029 16812 3010 5032 16813 3011 5033 16814 3007 5029 16815 3011 5033 16816 3008 5030 16817 3009 5031 16818 3007 5029 16819 3012 5034 16820 3012 5034 16821 3007 5029 16822 3013 5035 16823 3012 5034 16824 3013 5035 16825 3014 5036 16826 2972 4994 16827 3015 5037 16828 2973 4995 16829 2973 4995 16830 3015 5037 16831 3016 5038 16832 2973 4995 16833 3016 5038 16834 3013 5035 16835 3013 5035 16836 3016 5038 16837 3017 5039 16838 3013 5035 16839 3017 5039 16840 3014 5036 16841 2949 5040 16842 2977 5041 16843 2947 5042 16844 2947 5042 16845 2977 5041 16846 2974 5043 16847 2947 5042 16848 2974 5043 16849 2945 5044 16850 2945 5044 16851 2974 5043 16852 2973 5045 16853 2945 5044 16854 2973 5045 16855 2967 5046 16856 2967 5046 16857 2973 5045 16858 3013 5047 16859 2967 5046 16860 3013 5047 16861 2965 5048 16862 2965 5048 16863 3013 5047 16864 3007 5049 16865 2965 5048 16866 3007 5049 16867 2963 5050 16868 2963 5050 16869 3007 5049 16870 3005 5051 16871 2963 5050 16872 3005 5051 16873 2961 5052 16874 2961 5052 16875 3005 5051 16876 2971 5053 16877 2961 5052 16878 2971 5053 16879 2959 5054 16880 2959 5054 16881 2971 5053 16882 2999 5055 16883 2959 5054 16884 2999 5055 16885 2957 5056 16886 2957 5056 16887 2999 5055 16888 2995 5057 16889 2957 5056 16890 2995 5057 16891 2955 5058 16892 2955 5058 16893 2995 5057 16894 2991 5059 16895 2955 5058 16896 2991 5059 16897 2953 5060 16898 2953 5060 16899 2991 5059 16900 2983 5061 16901 2953 5060 16902 2983 5061 16903 2951 5062 16904 2951 5062 16905 2983 5061 16906 2985 5063 16907 2951 5062 16908 2985 5063 16909 2949 5040 16910 2949 5040 16911 2985 5063 16912 2977 5041 16913 3018 5064 16914 3019 5065 16915 3020 5066 16916 3020 5066 16917 3019 5065 16918 3021 5067 16919 1852 5068 16920 1854 5069 16921 3022 5070 16922 3021 5067 16923 3019 5065 16924 3023 5071 16925 3023 5071 16926 3019 5065 16927 3024 5072 16928 3023 5071 16929 3024 5072 16930 3025 5073 16931 3025 5073 16932 3024 5072 16933 3026 5074 16934 3025 5073 16935 3026 5074 16936 3027 5075 16937 3028 5076 16938 3022 5070 16939 3029 5077 16940 3029 5077 16941 3022 5070 16942 3030 5078 16943 3029 5077 16944 3030 5078 16945 3031 5079 16946 3031 5079 16947 3030 5078 16948 3018 5064 16949 3031 5079 16950 3018 5064 16951 3032 5080 16952 3032 5080 16953 3018 5064 16954 3020 5066 16955 3028 5076 16956 3033 5081 16957 3022 5070 16958 3022 5070 16959 3033 5081 16960 3034 5082 16961 3022 5070 16962 3034 5082 16963 1852 5068 16964 3027 5075 16965 3026 5074 16966 3035 5083 16967 3035 5083 16968 3026 5074 16969 3036 5084 16970 3035 5083 16971 3036 5084 16972 3037 5085 16973 3037 5085 16974 3036 5084 16975 3038 5086 16976 3038 5086 16977 3036 5084 16978 1859 5087 16979 3038 5086 16980 1859 5087 16981 1858 5088 16982 3039 5089 16983 3040 5090 16984 3041 5091 16985 1854 5092 16986 3042 5093 16987 3043 5094 16988 1854 5092 16989 3043 5094 16990 3022 5095 16991 1726 5096 16992 3044 5097 16993 1724 5098 16994 1724 5098 16995 3044 5097 16996 3042 5093 16997 1724 5098 16998 3042 5093 16999 1722 5099 17000 1722 5099 17001 3042 5093 17002 1854 5092 17003 1722 5099 17004 1854 5092 17005 1855 5100 17006 3043 5094 17007 3045 5101 17008 3022 5095 17009 3022 5095 17010 3045 5101 17011 3046 5102 17012 3022 5095 17013 3046 5102 17014 3030 5103 17015 3046 5102 17016 3047 5104 17017 3030 5103 17018 3030 5103 17019 3047 5104 17020 3048 5105 17021 3030 5103 17022 3048 5105 17023 3018 5106 17024 3048 5105 17025 3049 5107 17026 3018 5106 17027 3018 5106 17028 3049 5107 17029 3050 5108 17030 3018 5106 17031 3050 5108 17032 3019 5109 17033 3051 5110 17034 3052 5111 17035 3053 5112 17036 3050 5108 17037 3051 5110 17038 3019 5109 17039 3019 5109 17040 3051 5110 17041 3053 5112 17042 3019 5109 17043 3053 5112 17044 3024 5113 17045 3024 5113 17046 3053 5112 17047 3054 5114 17048 3024 5113 17049 3054 5114 17050 3026 5115 17051 3026 5115 17052 3054 5114 17053 3039 5089 17054 3039 5089 17055 3041 5091 17056 3026 5115 17057 3026 5115 17058 3041 5091 17059 3055 5116 17060 3026 5115 17061 3055 5116 17062 3036 5117 17063 3056 5118 17064 1859 5119 17065 3057 5120 17066 3057 5120 17067 1859 5119 17068 3036 5117 17069 3057 5120 17070 3036 5117 17071 3058 5121 17072 3058 5121 17073 3036 5117 17074 3055 5116 17075 3059 5122 17076 1667 5123 17077 3060 5124 17078 3060 5124 17079 1667 5123 17080 1666 5125 17081 3060 5124 17082 1666 5125 17083 3056 5118 17084 3056 5118 17085 1666 5125 17086 1664 5126 17087 3056 5118 17088 1664 5126 17089 1859 5119 17090 1859 5119 17091 1664 5126 17092 1860 5127 17093 2705 5128 17094 3061 5129 17095 2706 5130 17096 2706 5130 17097 3061 5129 17098 3062 5131 17099 2706 5130 17100 3062 5131 17101 2707 5132 17102 2707 5132 17103 3062 5131 17104 3063 5133 17105 2707 5132 17106 3063 5133 17107 2692 5134 17108 2692 5134 17109 3063 5133 17110 3064 5135 17111 2692 5134 17112 3064 5135 17113 2693 5136 17114 2693 5136 17115 3064 5135 17116 3065 5137 17117 2693 5136 17118 3065 5137 17119 2694 5138 17120 2694 5138 17121 3065 5137 17122 3066 5139 17123 2694 5138 17124 3066 5139 17125 3067 5140 17126 2694 5138 17127 3067 5140 17128 2710 5141 17129 2710 5141 17130 3067 5140 17131 3068 5142 17132 2710 5141 17133 3068 5142 17134 2711 5143 17135 2711 5143 17136 3068 5142 17137 1649 2961 17138 2711 5143 17139 1649 2961 17140 1650 2962 17141 3061 5129 17142 2705 5128 17143 2709 5144 17144 3061 5129 17145 2709 5144 17146 3069 5145 17147 3069 5145 17148 2709 5144 17149 2734 5146 17150 3069 5145 17151 2734 5146 17152 3070 5147 17153 3070 5147 17154 2734 5146 17155 2733 4553 17156 3070 5147 17157 2733 4553 17158 2744 4552 17159 2742 4549 17160 2628 4548 17161 2626 5148 17162 2745 4555 17163 2746 4557 17164 3071 5149 17165 3071 5149 17166 2746 4557 17167 3072 5150 17168 3071 5149 17169 3072 5150 17170 3073 5151 17171 3073 5151 17172 3072 5150 17173 2625 5152 17174 2625 5152 17175 3072 5150 17176 2626 5148 17177 2626 5148 17178 3072 5150 17179 3074 5153 17180 2626 5148 17181 3074 5153 17182 2742 4549 17183 3075 5154 17184 1761 3164 17185 1744 3163 17186 1667 5123 17187 3059 5122 17188 1656 5155 17189 1656 5155 17190 3059 5122 17191 3075 5154 17192 1656 5155 17193 3075 5154 17194 1658 5156 17195 1658 5156 17196 3075 5154 17197 1744 3163 17198 1658 5156 17199 1744 3163 17200 1659 5157 17201 1659 5157 17202 1744 3163 17203 1743 5158 17204 1659 5157 17205 1743 5158 17206 1660 5159 17207 1660 5159 17208 1743 5158 17209 1747 5160 17210 1660 5159 17211 1747 5160 17212 1661 5161 17213 1661 5161 17214 1747 5160 17215 1825 5162 17216 1661 5161 17217 1825 5162 17218 1673 5163 17219 1840 5164 17220 1839 5165 17221 3076 5166 17222 3044 5097 17223 1726 5096 17224 1728 5167 17225 3044 5097 17226 1728 5167 17227 3077 5168 17228 3077 5168 17229 1728 5167 17230 1731 5169 17231 3077 5168 17232 1731 5169 17233 3076 5166 17234 3076 5166 17235 1731 5169 17236 2186 5170 17237 3076 5166 17238 2186 5170 17239 1840 5164 17240 2687 4461 17241 1834 3246 17242 2686 4460 17243 2686 4460 17244 1834 3246 17245 1836 3248 17246 2675 4449 17247 2674 4448 17248 2732 5171 17249 2675 4449 17250 2732 5171 17251 3078 5172 17252 3078 5172 17253 2732 5171 17254 1634 2946 17255 3078 5172 17256 1634 2946 17257 1633 2945 17258 1811 3218 17259 1810 3217 17260 3079 5173 17261 3079 5173 17262 1810 3217 17263 3080 5174 17264 3079 5173 17265 3080 5174 17266 3081 5175 17267 3081 5175 17268 3080 5174 17269 3082 5176 17270 3081 5175 17271 3082 5176 17272 2699 5177 17273 2699 5177 17274 3082 5176 17275 1754 5178 17276 2699 5177 17277 1754 5178 17278 2515 4209 17279 2515 4209 17280 1754 5178 17281 1742 4208 17282 2514 4207 17283 2513 4205 17284 2696 5179 17285 2696 5179 17286 2513 4205 17287 3083 5180 17288 2696 5179 17289 3083 5180 17290 3084 5181 17291 3084 5181 17292 3083 5180 17293 3085 5182 17294 3085 5182 17295 3083 5180 17296 2863 4788 17297 3085 5182 17298 2863 4788 17299 2862 4786 17300 2748 4560 17301 2725 4559 17302 3086 5183 17303 3086 5183 17304 2725 4559 17305 2726 5184 17306 3086 5183 17307 2726 5184 17308 3087 5185 17309 3087 5185 17310 2726 5184 17311 2723 5186 17312 3087 5185 17313 2723 5186 17314 2741 4547 17315 2741 4547 17316 2723 5186 17317 2722 4546 17318 2859 4779 17319 2858 4778 17320 3088 5187 17321 3088 5187 17322 2858 4778 17323 3089 5188 17324 2691 5189 17325 2690 5190 17326 3089 5188 17327 3089 5188 17328 2690 5190 17329 3090 5191 17330 3089 5188 17331 3090 5191 17332 3088 5187 17333 3089 5188 17334 3091 5192 17335 2691 5189 17336 2691 5189 17337 3091 5192 17338 2740 4545 17339 2691 5189 17340 2740 4545 17341 2721 4544 17342 1664 5193 17343 1663 5194 17344 1860 5195 17345 1860 5195 17346 1663 5194 17347 1861 5196 17348 1861 5196 17349 1663 5194 17350 1856 5197 17351 1856 5197 17352 1663 5194 17353 2437 5198 17354 1856 5197 17355 2437 5198 17356 1857 5199 17357 3038 5200 17358 1858 5201 17359 2170 5202 17360 2170 5202 17361 1858 5201 17362 1857 5203 17363 2170 5202 17364 1857 5203 17365 2437 5204 17366 2185 5205 17367 3021 5206 17368 2183 5207 17369 2183 5207 17370 3021 5206 17371 3023 5208 17372 2183 5207 17373 3023 5208 17374 2180 5209 17375 2180 5209 17376 3023 5208 17377 3025 5210 17378 2180 5209 17379 3025 5210 17380 2178 5211 17381 2178 5211 17382 3025 5210 17383 3027 5212 17384 2178 5211 17385 3027 5212 17386 2176 5213 17387 2176 5213 17388 3027 5212 17389 2174 5214 17390 2174 5214 17391 3027 5212 17392 3035 5215 17393 2174 5214 17394 3035 5215 17395 2172 5216 17396 2172 5216 17397 3035 5215 17398 3037 5217 17399 2172 5216 17400 3037 5217 17401 2169 5218 17402 2169 5218 17403 3037 5217 17404 3038 5200 17405 2169 5218 17406 3038 5200 17407 2170 5202 17408 2299 5219 17409 3033 5220 17410 2297 5221 17411 2297 5221 17412 3033 5220 17413 3028 5222 17414 2297 5221 17415 3028 5222 17416 2295 5223 17417 2295 5223 17418 3028 5222 17419 3029 5224 17420 2295 5223 17421 3029 5224 17422 2293 5225 17423 2293 5225 17424 3029 5224 17425 3031 5226 17426 2293 5225 17427 3031 5226 17428 2291 5227 17429 2291 5227 17430 3031 5226 17431 2289 5228 17432 2289 5228 17433 3031 5226 17434 3032 5229 17435 2289 5228 17436 3032 5229 17437 2287 5230 17438 2287 5230 17439 3032 5229 17440 3020 5231 17441 2287 5230 17442 3020 5231 17443 2285 5232 17444 2285 5232 17445 3020 5231 17446 3021 5206 17447 2285 5232 17448 3021 5206 17449 2185 5205 17450 3033 5220 17451 2299 5219 17452 3034 5233 17453 3034 5233 17454 2299 5219 17455 2455 5234 17456 3034 5233 17457 2455 5234 17458 1852 5235 17459 1852 5235 17460 2455 5234 17461 2453 5236 17462 1853 5237 17463 1852 5238 17464 1723 5239 17465 1723 5239 17466 1852 5238 17467 2453 5240 17468 1853 5237 17469 1723 5239 17470 1855 5241 17471 1855 5241 17472 1723 5239 17473 1722 5242 17474 3092 5243 17475 3093 5244 17476 3094 5245 17477 3094 5245 17478 3093 5244 17479 3095 5246 17480 3094 5245 17481 3095 5246 17482 3096 5247 17483 3096 5247 17484 3095 5246 17485 3097 5248 17486 3096 5247 17487 3097 5248 17488 3052 5111 17489 3052 5111 17490 3097 5248 17491 3053 5112 17492 2483 5249 17493 2482 5250 17494 3092 5243 17495 3092 5243 17496 2482 5250 17497 3098 5251 17498 3092 5243 17499 3098 5251 17500 3093 5244 17501 3092 5243 17502 3099 5252 17503 2483 5249 17504 2483 5249 17505 3099 5252 17506 1760 3162 17507 2483 5249 17508 1760 3162 17509 1759 3161 17510 1773 3180 17511 1771 3178 17512 2481 5253 17513 2481 5253 17514 1771 3178 17515 3100 5254 17516 2481 5253 17517 3100 5254 17518 3101 5255 17519 3101 5255 17520 3100 5254 17521 3102 5256 17522 3101 5255 17523 3102 5256 17524 3103 5257 17525 3103 5257 17526 3102 5256 17527 3040 5090 17528 3103 5257 17529 3040 5090 17530 3039 5089 17531 95 5258 17532 52 5259 17533 2660 5260 17534 2660 5260 17535 2749 5261 17536 95 5258 17537 95 5258 17538 2749 5261 17539 2761 5262 17540 95 5258 17541 2761 5262 17542 2763 5263 17543 2660 5260 17544 52 5259 17545 2661 5264 17546 2661 5264 17547 52 5259 17548 65 5265 17549 2661 5264 17550 65 5265 17551 2662 5266 17552 2662 5266 17553 65 5265 17554 54 5267 17555 2662 5266 17556 54 5267 17557 2663 5268 17558 2663 5268 17559 54 5267 17560 56 5269 17561 2663 5268 17562 56 5269 17563 2664 5270 17564 2664 5270 17565 56 5269 17566 58 5271 17567 2664 5270 17568 58 5271 17569 2665 5272 17570 2665 5272 17571 58 5271 17572 60 5273 17573 2665 5272 17574 60 5273 17575 2666 5274 17576 2666 5274 17577 60 5273 17578 69 5275 17579 2666 5274 17580 69 5275 17581 2667 5276 17582 2667 5276 17583 69 5275 17584 72 5277 17585 2667 5276 17586 72 5277 17587 2668 5278 17588 2668 5278 17589 72 5277 17590 74 5279 17591 2668 5278 17592 74 5279 17593 2669 5280 17594 2669 5280 17595 74 5279 17596 76 5281 17597 2669 5280 17598 76 5281 17599 2670 5282 17600 2670 5282 17601 76 5281 17602 28 5283 17603 2670 5282 17604 28 5283 17605 2671 5284 17606 2671 5284 17607 28 5283 17608 29 5285 17609 2671 5284 17610 29 5285 17611 2672 5286 17612 2672 5286 17613 29 5285 17614 49 5287 17615 31 5288 17616 2679 5289 17617 2737 5290 17618 31 5288 17619 2737 5290 17620 30 5291 17621 30 5291 17622 2737 5290 17623 2672 5286 17624 30 5291 17625 2672 5286 17626 49 5287 17627 1693 5292 17628 2677 5293 17629 31 5288 17630 31 5288 17631 2677 5293 17632 2679 5289 17633 1712 5294 17634 1703 5295 17635 2684 5296 17636 1715 5297 17637 2909 5298 17638 1693 5292 17639 1693 5292 17640 2909 5298 17641 2677 5293 17642 2684 5296 17643 2917 5299 17644 1712 5294 17645 1712 5294 17646 2917 5299 17647 2918 5300 17648 1712 5294 17649 2918 5300 17650 1713 5301 17651 1713 5301 17652 2918 5300 17653 2915 4914 17654 1713 5301 17655 2915 4914 17656 1714 5302 17657 2915 4914 17658 2914 4913 17659 1714 5302 17660 1714 5302 17661 2914 4913 17662 2912 5303 17663 1714 5302 17664 2912 5303 17665 1715 5297 17666 1715 5297 17667 2912 5303 17668 2911 5304 17669 1715 5297 17670 2911 5304 17671 2909 5298 17672 1702 5305 17673 2687 5306 17674 1703 5295 17675 1703 5295 17676 2687 5306 17677 2684 5296 17678 1834 5307 17679 2687 5306 17680 1701 5308 17681 1701 5308 17682 2687 5306 17683 1702 5305 17684 1698 5309 17685 1697 5310 17686 1839 5311 17687 1839 5311 17688 1842 5312 17689 1698 5309 17690 1698 5309 17691 1842 5312 17692 1845 5313 17693 1698 5309 17694 1845 5313 17695 1690 5314 17696 1845 5313 17697 1847 5315 17698 1690 5314 17699 1690 5314 17700 1847 5315 17701 1849 5316 17702 1690 5314 17703 1849 5316 17704 1676 5317 17705 1676 5317 17706 1849 5316 17707 1828 5318 17708 1676 5317 17709 1828 5318 17710 1700 5319 17711 1828 5318 17712 1830 5320 17713 1700 5319 17714 1700 5319 17715 1830 5320 17716 1832 5321 17717 1700 5319 17718 1832 5321 17719 1701 5308 17720 1701 5308 17721 1832 5321 17722 1834 5307 17723 1839 5311 17724 1697 5310 17725 3076 5322 17726 3076 5322 17727 1697 5310 17728 1696 5323 17729 3076 5322 17730 1696 5323 17731 3077 5324 17732 3077 5324 17733 1696 5323 17734 1688 5325 17735 3077 5324 17736 1688 5325 17737 3044 5326 17738 3044 5326 17739 1688 5325 17740 1686 5327 17741 1682 5328 17742 1681 5329 17743 3051 5330 17744 3051 5330 17745 1681 5329 17746 3052 5331 17747 3047 5332 17748 1694 5333 17749 1695 5334 17750 3051 5330 17751 3050 5335 17752 1682 5328 17753 1682 5328 17754 3050 5335 17755 3049 5336 17756 1682 5328 17757 3049 5336 17758 1695 5334 17759 1695 5334 17760 3049 5336 17761 3048 5337 17762 1695 5334 17763 3048 5337 17764 3047 5332 17765 3047 5332 17766 3046 5338 17767 1694 5333 17768 1694 5333 17769 3046 5338 17770 3045 5339 17771 1694 5333 17772 3045 5339 17773 1684 5340 17774 3044 5326 17775 1686 5327 17776 3042 5341 17777 3042 5341 17778 1686 5327 17779 1684 5340 17780 3042 5341 17781 1684 5340 17782 3043 5342 17783 3043 5342 17784 1684 5340 17785 3045 5339 17786 3096 5343 17787 3052 5331 17788 1681 5329 17789 3096 5343 17790 1681 5329 17791 3094 5344 17792 3092 5345 17793 3094 5344 17794 1681 5329 17795 3099 5346 17796 3092 5345 17797 1681 5329 17798 1760 5347 17799 3099 5346 17800 1681 5329 17801 110 5348 17802 1755 5349 17803 1758 5350 17804 110 5348 17805 1758 5350 17806 1680 5351 17807 1680 5351 17808 1758 5350 17809 1760 5347 17810 1680 5351 17811 1760 5347 17812 1681 5329 17813 87 5352 17814 2495 5353 17815 2494 5354 17816 87 5352 17817 2494 5354 17818 108 5355 17819 108 5355 17820 2494 5354 17821 1755 5349 17822 108 5355 17823 1755 5349 17824 110 5348 17825 88 5356 17826 90 5357 17827 2468 5358 17828 2495 5353 17829 87 5352 17830 2496 5359 17831 2496 5359 17832 87 5352 17833 88 5356 17834 2496 5359 17835 88 5356 17836 2479 5360 17837 2479 5360 17838 88 5356 17839 2468 5358 17840 1935 5361 17841 1770 5362 17842 1937 5363 17843 1937 5363 17844 1770 5362 17845 2504 5364 17846 2504 5364 17847 2506 5365 17848 1937 5363 17849 1937 5363 17850 2506 5365 17851 2508 5366 17852 1937 5363 17853 2508 5366 17854 2510 5367 17855 1771 5368 17856 1770 5362 17857 1940 5369 17858 1940 5369 17859 1770 5362 17860 1935 5361 17861 1920 5370 17862 3040 5371 17863 3102 5372 17864 1920 5370 17865 3102 5372 17866 1942 5373 17867 1942 5373 17868 3102 5372 17869 3100 5374 17870 1942 5373 17871 3100 5374 17872 1941 5375 17873 1941 5375 17874 3100 5374 17875 1771 5368 17876 1941 5375 17877 1771 5368 17878 1940 5369 17879 2782 5376 17880 2783 5377 17881 2766 5378 17882 2765 5379 17883 157 5380 17884 2766 5378 17885 2766 5378 17886 157 5380 17887 155 5381 17888 2766 5378 17889 155 5381 17890 2782 5376 17891 3104 5382 17892 2512 5383 17893 2516 5384 17894 1767 5385 17895 1768 5386 17896 3104 5382 17897 3104 5382 17898 1768 5386 17899 1943 5387 17900 2516 5388 17901 2517 5389 17902 3104 5382 17903 3104 5382 17904 2517 5389 17905 2518 5390 17906 3104 5382 17907 2518 5390 17908 1767 5385 17909 3040 5371 17910 1920 5370 17911 3041 5391 17912 3041 5391 17913 1920 5370 17914 1919 5392 17915 3041 5391 17916 1919 5392 17917 3055 5393 17918 3055 5393 17919 1919 5392 17920 3058 5394 17921 3058 5394 17922 1919 5392 17923 1932 5395 17924 3058 5394 17925 1932 5395 17926 3057 5396 17927 3057 5396 17928 1932 5395 17929 3056 5397 17930 3056 5397 17931 1932 5395 17932 1929 5398 17933 3056 5397 17934 1929 5398 17935 3060 5399 17936 1762 5400 17937 1761 5401 17938 1926 5402 17939 1926 5402 17940 1761 5401 17941 3075 5403 17942 1926 5402 17943 3075 5403 17944 1929 5398 17945 1929 5398 17946 3075 5403 17947 3059 5404 17948 1929 5398 17949 3059 5404 17950 3060 5399 17951 1943 5387 17952 1768 5386 17953 1922 5405 17954 1922 5405 17955 1768 5386 17956 1769 5406 17957 1922 5405 17958 1769 5406 17959 1923 5407 17960 1769 5406 17961 1766 5408 17962 1923 5407 17963 1923 5407 17964 1766 5408 17965 1765 5409 17966 1923 5407 17967 1765 5409 17968 1924 5410 17969 1924 5410 17970 1765 5409 17971 1764 5411 17972 1924 5410 17973 1764 5411 17974 1926 5402 17975 1926 5402 17976 1764 5411 17977 1763 5412 17978 1926 5402 17979 1763 5412 17980 1762 5400 17981 157 5380 17982 2765 5379 17983 2767 5413 17984 157 5380 17985 2767 5413 17986 177 5414 17987 177 5414 17988 2767 5413 17989 2768 5415 17990 177 5414 17991 2768 5415 17992 167 5416 17993 167 5416 17994 2768 5415 17995 2769 5417 17996 167 5416 17997 2769 5417 17998 166 5418 17999 166 5418 18000 2769 5417 18001 2743 5419 18002 166 5418 18003 2743 5419 18004 165 5420 18005 1943 5387 18006 1945 5421 18007 3104 5382 18008 3104 5382 18009 1945 5421 18010 2513 5422 18011 3104 5382 18012 2513 5422 18013 2512 5383 18014 2742 5423 18015 176 5424 18016 2743 5419 18017 2743 5419 18018 176 5424 18019 165 5420 18020 1950 5425 18021 2863 5426 18022 3083 5427 18023 1950 5425 18024 3083 5427 18025 1949 5428 18026 1949 5428 18027 3083 5427 18028 2513 5422 18029 1949 5428 18030 2513 5422 18031 1945 5421 18032 176 5424 18033 2742 5423 18034 3074 5429 18035 176 5424 18036 3074 5429 18037 175 5430 18038 175 5430 18039 3074 5429 18040 3072 5431 18041 175 5430 18042 3072 5431 18043 174 5432 18044 174 5432 18045 3072 5431 18046 2746 5433 18047 174 5432 18048 2746 5433 18049 158 5434 18050 1910 5435 18051 1909 5436 18052 2858 5437 18053 2858 5437 18054 2857 5438 18055 1910 5435 18056 1910 5435 18057 2857 5438 18058 2908 5439 18059 1910 5435 18060 2908 5439 18061 1911 5440 18062 1911 5440 18063 2908 5439 18064 2907 5441 18065 1911 5440 18066 2907 5441 18067 1912 5442 18068 2907 5441 18069 2906 5443 18070 1912 5442 18071 1912 5442 18072 2906 5443 18073 2905 5444 18074 1912 5442 18075 2905 5444 18076 1913 5445 18077 2905 5444 18078 2904 5446 18079 1913 5445 18080 1913 5445 18081 2904 5446 18082 2903 5447 18083 1913 5445 18084 2903 5447 18085 1916 5448 18086 2903 5447 18087 2898 5449 18088 1916 5448 18089 1916 5448 18090 2898 5449 18091 2899 5450 18092 1916 5448 18093 2899 5450 18094 1904 5451 18095 2899 5450 18096 2900 5452 18097 1904 5451 18098 1904 5451 18099 2900 5452 18100 2901 5453 18101 1904 5451 18102 2901 5453 18103 1905 5454 18104 2863 5426 18105 1950 5425 18106 2864 5455 18107 2864 5455 18108 1950 5425 18109 1905 5454 18110 2864 5455 18111 1905 5454 18112 2902 5456 18113 2902 5456 18114 1905 5454 18115 2901 5453 18116 2748 5457 18117 154 5458 18118 2747 5459 18119 2747 5459 18120 154 5458 18121 156 5460 18122 2747 5459 18123 156 5460 18124 2746 5433 18125 2746 5433 18126 156 5460 18127 158 5434 18128 1906 5461 18129 2740 5462 18130 3091 5463 18131 1906 5461 18132 3091 5463 18133 1907 5464 18134 1907 5464 18135 3091 5463 18136 3089 5465 18137 1907 5464 18138 3089 5465 18139 1908 5466 18140 1908 5466 18141 3089 5465 18142 2858 5437 18143 1908 5466 18144 2858 5437 18145 1909 5436 18146 2741 5467 18147 148 5468 18148 3087 5469 18149 3087 5469 18150 148 5468 18151 150 5470 18152 3087 5469 18153 150 5470 18154 3086 5471 18155 3086 5471 18156 150 5470 18157 152 5472 18158 3086 5471 18159 152 5472 18160 2748 5457 18161 2748 5457 18162 152 5472 18163 154 5458 18164 148 5468 18165 2741 5467 18166 1906 5461 18167 1906 5461 18168 2741 5467 18169 2740 5462 18170 2931 5473 18171 2944 5474 18172 1879 5475 18173 1879 5475 18174 1890 5476 18175 2931 5473 18176 2931 5473 18177 1890 5476 18178 1892 5477 18179 2931 5473 18180 1892 5477 18181 2930 5478 18182 2930 5478 18183 1892 5477 18184 1893 5479 18185 2930 5478 18186 1893 5479 18187 2680 5480 18188 2680 5480 18189 1893 5479 18190 1895 5481 18191 2680 5480 18192 1895 5481 18193 2681 5482 18194 2681 5482 18195 1895 5481 18196 1896 5483 18197 2681 5482 18198 1896 5483 18199 1898 5484 18200 2943 5485 18201 1863 5486 18202 2944 5474 18203 2944 5474 18204 1863 5486 18205 1879 5475 18206 2920 5487 18207 1876 5488 18208 1874 5489 18209 2920 5487 18210 1874 5489 18211 2923 5490 18212 2923 5490 18213 1874 5489 18214 1872 5491 18215 2923 5490 18216 1872 5491 18217 2932 5492 18218 2932 5492 18219 1872 5491 18220 1870 5493 18221 2932 5492 18222 1870 5493 18223 2933 5494 18224 2933 5494 18225 1870 5493 18226 1868 5495 18227 2933 5494 18228 1868 5495 18229 2935 5496 18230 2935 5496 18231 1868 5495 18232 1866 5497 18233 2935 5496 18234 1866 5497 18235 2937 5498 18236 2937 5498 18237 1866 5497 18238 1864 5499 18239 2937 5498 18240 1864 5499 18241 2942 5500 18242 2942 5500 18243 1864 5499 18244 1863 5486 18245 2942 5500 18246 1863 5486 18247 2943 5485 18248 1884 5501 18249 2682 5502 18250 1886 5503 18251 1886 5503 18252 2682 5502 18253 2688 5504 18254 1886 5503 18255 2688 5504 18256 1888 5505 18257 1881 5506 18258 2919 5507 18259 1882 5508 18260 1882 5508 18261 2919 5507 18262 2925 5509 18263 1882 5508 18264 2925 5509 18265 1884 5501 18266 1884 5501 18267 2925 5509 18268 2926 5510 18269 1884 5501 18270 2926 5510 18271 2682 5502 18272 2919 5507 18273 1881 5506 18274 2920 5487 18275 2920 5487 18276 1881 5506 18277 1876 5488 18278 3090 5511 18279 2690 5512 18280 2689 5513 18281 2862 5514 18282 2861 5515 18283 3085 5516 18284 3085 5516 18285 2861 5515 18286 2697 5517 18287 3085 5518 18288 2697 5519 18289 3084 5520 18290 3084 5520 18291 2697 5519 18292 2696 5521 18293 2861 5515 18294 2865 5522 18295 2697 5517 18296 2697 5517 18297 2865 5522 18298 2866 5523 18299 2697 5517 18300 2866 5523 18301 2708 5524 18302 2866 5523 18303 2867 5525 18304 2708 5524 18305 2708 5524 18306 2867 5525 18307 2868 5526 18308 2708 5524 18309 2868 5526 18310 2695 5527 18311 2868 5526 18312 2869 5528 18313 2695 5527 18314 2695 5527 18315 2869 5528 18316 2870 5529 18317 2695 5527 18318 2870 5529 18319 2712 5530 18320 2875 5531 18321 2714 5532 18322 2713 5533 18323 2870 5529 18324 2871 5534 18325 2712 5530 18326 2712 5530 18327 2871 5534 18328 2872 5535 18329 2712 5530 18330 2872 5535 18331 2713 5533 18332 2713 5533 18333 2872 5535 18334 2876 5536 18335 2713 5533 18336 2876 5536 18337 2875 5531 18338 2877 5537 18339 2727 5538 18340 2715 5539 18341 2875 5531 18342 2874 5540 18343 2714 5532 18344 2714 5532 18345 2874 5540 18346 2873 5541 18347 2714 5532 18348 2873 5541 18349 2715 5539 18350 2715 5539 18351 2873 5541 18352 2878 5542 18353 2715 5539 18354 2878 5542 18355 2877 5537 18356 2882 5543 18357 2729 5544 18358 2728 5545 18359 2877 5537 18360 2879 5546 18361 2727 5538 18362 2727 5538 18363 2879 5546 18364 2880 5547 18365 2727 5538 18366 2880 5547 18367 2728 5545 18368 2728 5545 18369 2880 5547 18370 2881 5548 18371 2728 5545 18372 2881 5548 18373 2882 5543 18374 2886 5549 18375 2731 5550 18376 2730 5551 18377 2882 5543 18378 2883 5552 18379 2729 5544 18380 2729 5544 18381 2883 5552 18382 2884 5553 18383 2729 5544 18384 2884 5553 18385 2730 5551 18386 2730 5551 18387 2884 5553 18388 2885 5554 18389 2730 5551 18390 2885 5554 18391 2886 5549 18392 2890 5555 18393 2735 5556 18394 2736 5557 18395 2886 5549 18396 2887 5558 18397 2731 5550 18398 2731 5550 18399 2887 5558 18400 2888 5559 18401 2731 5550 18402 2888 5559 18403 2736 5557 18404 2736 5557 18405 2888 5559 18406 2889 5560 18407 2736 5557 18408 2889 5560 18409 2890 5555 18410 2890 5555 18411 2892 5561 18412 2735 5556 18413 2735 5556 18414 2892 5561 18415 2891 5562 18416 2735 5556 18417 2891 5562 18418 2702 5563 18419 2702 5563 18420 2891 5562 18421 2893 5564 18422 2702 5563 18423 2893 5564 18424 2703 5565 18425 2893 5564 18426 2894 5566 18427 2703 5565 18428 2703 5565 18429 2894 5566 18430 2895 5567 18431 2703 5565 18432 2895 5567 18433 2689 5513 18434 2859 5568 18435 3088 5569 18436 2860 5570 18437 2860 5570 18438 3088 5569 18439 3090 5511 18440 2860 5570 18441 3090 5511 18442 2897 5571 18443 2897 5571 18444 3090 5511 18445 2689 5513 18446 2897 5571 18447 2689 5513 18448 2896 5572 18449 2896 5572 18450 2689 5513 18451 2895 5567 18452 1954 5573 18453 36 5574 18454 1956 5575 18455 1956 5575 18456 36 5574 18457 38 5576 18458 1956 5575 18459 38 5576 18460 1958 5577 18461 1958 5577 18462 38 5576 18463 39 5578 18464 1958 5577 18465 39 5578 18466 1960 5579 18467 1960 5579 18468 39 5578 18469 46 5580 18470 1960 5579 18471 46 5580 18472 1962 5581 18473 1962 5581 18474 46 5580 18475 44 5582 18476 1962 5581 18477 44 5582 18478 1964 5583 18479 1964 5583 18480 44 5582 18481 34 5584 18482 1964 5583 18483 34 5584 18484 1966 5585 18485 1966 5585 18486 34 5584 18487 32 5586 18488 1966 5585 18489 32 5586 18490 1968 5587 18491 1968 5587 18492 32 5586 18493 27 5588 18494 1968 5587 18495 27 5588 18496 1970 5589 18497 1970 5589 18498 27 5588 18499 85 5590 18500 1970 5589 18501 85 5590 18502 1972 5591 18503 1972 5591 18504 85 5590 18505 86 5592 18506 1972 5591 18507 86 5592 18508 1974 5593 18509 1974 5593 18510 86 5592 18511 100 5594 18512 1974 5593 18513 100 5594 18514 1952 5595 18515 1952 5595 18516 100 5594 18517 26 5596 18518 1952 5595 18519 26 5596 18520 1954 5573 18521 1954 5573 18522 26 5596 18523 36 5574 18524 1979 5597 18525 79 5598 18526 1981 5599 18527 1981 5599 18528 79 5598 18529 81 5600 18530 1981 5599 18531 81 5600 18532 1983 5601 18533 1983 5601 18534 81 5600 18535 83 5602 18536 1983 5601 18537 83 5602 18538 1985 5603 18539 1985 5603 18540 83 5602 18541 121 5604 18542 1985 5603 18543 121 5604 18544 1987 5605 18545 1987 5605 18546 121 5604 18547 41 5606 18548 1987 5605 18549 41 5606 18550 1989 5607 18551 1989 5607 18552 41 5606 18553 37 5608 18554 1989 5607 18555 37 5608 18556 1991 5609 18557 1991 5609 18558 37 5608 18559 35 5610 18560 1991 5609 18561 35 5610 18562 1993 5611 18563 1993 5611 18564 35 5610 18565 24 5612 18566 1993 5611 18567 24 5612 18568 1995 5613 18569 1995 5613 18570 24 5612 18571 25 5614 18572 1995 5613 18573 25 5614 18574 1997 5615 18575 1997 5615 18576 25 5614 18577 104 5616 18578 1997 5615 18579 104 5616 18580 1999 5617 18581 1999 5617 18582 104 5616 18583 106 5618 18584 1999 5617 18585 106 5618 18586 1977 5619 18587 1977 5619 18588 106 5618 18589 107 5620 18590 1977 5619 18591 107 5620 18592 1979 5597 18593 1979 5597 18594 107 5620 18595 79 5598 18596 2784 5621 18597 2780 5622 18598 2757 5623 18599 2784 5621 18600 2757 5623 18601 2781 5624 18602 2757 5623 18603 2752 5625 18604 2762 5626 18605 2762 5626 18606 2636 5627 18607 2757 5623 18608 2757 5623 18609 2636 5627 18610 2635 5628 18611 2757 5623 18612 2635 5628 18613 2781 5624 18614 3103 5629 18615 3039 5630 18616 3054 5631 18617 3103 5629 18618 3054 5631 18619 3101 5632 18620 3054 5631 18621 3053 5633 18622 3097 5634 18623 2482 5635 18624 2481 5636 18625 3098 5637 18626 3098 5637 18627 2481 5636 18628 3101 5632 18629 3098 5637 18630 3101 5632 18631 3093 5638 18632 3093 5638 18633 3101 5632 18634 3054 5631 18635 3093 5638 18636 3054 5631 18637 3095 5639 18638 3095 5639 18639 3054 5631 18640 3097 5634 18641 2972 5640 18642 2979 5641 18643 2251 5642 18644 2228 5643 18645 2237 5644 18646 2996 5645 18647 2236 5646 18648 2992 5647 18649 2237 5644 18650 2237 5644 18651 2992 5647 18652 2997 5648 18653 2237 5644 18654 2997 5648 18655 2996 5645 18656 2247 5649 18657 2244 5650 18658 2982 5651 18659 2251 5642 18660 2979 5641 18661 2273 5652 18662 2273 5652 18663 2979 5641 18664 2978 5653 18665 2273 5652 18666 2978 5653 18667 2246 5654 18668 2246 5654 18669 2978 5653 18670 2975 5655 18671 2246 5654 18672 2975 5655 18673 2243 5656 18674 2243 5656 18675 2975 5655 18676 2244 5650 18677 2244 5650 18678 2975 5655 18679 2976 5657 18680 2244 5650 18681 2976 5657 18682 2982 5651 18683 2982 5651 18684 2981 5658 18685 2247 5649 18686 2247 5649 18687 2981 5658 18688 2980 5659 18689 2247 5649 18690 2980 5659 18691 2248 5660 18692 2248 5660 18693 2980 5659 18694 2986 5661 18695 2248 5660 18696 2986 5661 18697 2249 5662 18698 2249 5662 18699 2986 5661 18700 2239 5663 18701 2239 5663 18702 2986 5661 18703 2984 5664 18704 2239 5663 18705 2984 5664 18706 2240 5665 18707 2240 5665 18708 2984 5664 18709 2989 5666 18710 2240 5665 18711 2989 5666 18712 2241 5667 18713 2241 5667 18714 2989 5666 18715 2988 5668 18716 2241 5667 18717 2988 5668 18718 2242 5669 18719 2242 5669 18720 2988 5668 18721 2987 5670 18722 2242 5669 18723 2987 5670 18724 2236 5646 18725 2236 5646 18726 2987 5670 18727 2990 5671 18728 2236 5646 18729 2990 5671 18730 2992 5647 18731 3011 5672 18732 3010 5673 18733 2215 5674 18734 2215 5674 18735 3010 5673 18736 3009 5675 18737 2215 5674 18738 3009 5675 18739 2216 5676 18740 3002 5677 18741 2233 5678 18742 3003 5679 18743 3003 5679 18744 2233 5678 18745 2232 5680 18746 3003 5679 18747 2232 5680 18748 3000 5681 18749 3000 5681 18750 2232 5680 18751 2231 5682 18752 3000 5681 18753 2231 5682 18754 2998 5683 18755 2218 5684 18756 2217 5685 18757 3006 5686 18758 3006 5686 18759 2217 5685 18760 2205 5687 18761 3006 5686 18762 2205 5687 18763 3004 5688 18764 3004 5688 18765 2205 5687 18766 2204 5689 18767 3004 5688 18768 2204 5689 18769 2969 5690 18770 2969 5690 18771 2204 5689 18772 2226 5691 18773 2969 5690 18774 2226 5691 18775 2970 5692 18776 2970 5692 18777 2226 5691 18778 2225 5693 18779 2970 5692 18780 2225 5693 18781 3001 5694 18782 3001 5694 18783 2225 5693 18784 2223 5695 18785 3001 5694 18786 2223 5695 18787 3002 5677 18788 3002 5677 18789 2223 5695 18790 2234 5696 18791 3002 5677 18792 2234 5696 18793 2233 5678 18794 2215 5674 18795 2221 5697 18796 3011 5672 18797 3011 5672 18798 2221 5697 18799 2220 5698 18800 3011 5672 18801 2220 5698 18802 3008 5699 18803 3008 5699 18804 2220 5698 18805 2218 5684 18806 3008 5699 18807 2218 5684 18808 3006 5686 18809 3009 5675 18810 3012 5700 18811 2216 5676 18812 2216 5676 18813 3012 5700 18814 3014 5701 18815 2216 5676 18816 3014 5701 18817 2252 5702 18818 2252 5702 18819 3014 5701 18820 3017 5703 18821 2252 5702 18822 3017 5703 18823 2253 5704 18824 2253 5704 18825 3017 5703 18826 3016 5705 18827 2253 5704 18828 3016 5705 18829 2254 5706 18830 2254 5706 18831 3016 5705 18832 3015 5707 18833 2254 5706 18834 3015 5707 18835 2255 5708 18836 2255 5708 18837 3015 5707 18838 2972 5640 18839 2255 5708 18840 2972 5640 18841 2250 5709 18842 2250 5709 18843 2972 5640 18844 2251 5642 18845 2996 5645 18846 2994 5710 18847 2228 5643 18848 2228 5643 18849 2994 5710 18850 2993 5711 18851 2228 5643 18852 2993 5711 18853 2229 5712 18854 2229 5712 18855 2993 5711 18856 2998 5683 18857 2229 5712 18858 2998 5683 18859 2230 5713 18860 2230 5713 18861 2998 5683 18862 2231 5682 18863 2948 5714 18864 2940 5715 18865 2950 5716 18866 2950 5716 18867 2940 5715 18868 2941 5717 18869 2950 5716 18870 2941 5717 18871 2952 5718 18872 2952 5718 18873 2941 5717 18874 2921 5719 18875 2952 5718 18876 2921 5719 18877 2954 5720 18878 2954 5720 18879 2921 5719 18880 2922 5721 18881 2954 5720 18882 2922 5721 18883 2956 5722 18884 2956 5722 18885 2922 5721 18886 2924 5723 18887 2956 5722 18888 2924 5723 18889 2958 5724 18890 2958 5724 18891 2924 5723 18892 2934 5725 18893 2958 5724 18894 2934 5725 18895 2960 5726 18896 2960 5726 18897 2934 5725 18898 2936 5727 18899 2960 5726 18900 2936 5727 18901 2962 5728 18902 2962 5728 18903 2936 5727 18904 2927 5729 18905 2962 5728 18906 2927 5729 18907 2964 5730 18908 2964 5730 18909 2927 5729 18910 2928 5731 18911 2964 5730 18912 2928 5731 18913 2966 5732 18914 2966 5732 18915 2928 5731 18916 2929 5733 18917 2966 5732 18918 2929 5733 18919 2968 5734 18920 2968 5734 18921 2929 5733 18922 2938 5735 18923 2968 5734 18924 2938 5735 18925 2946 5736 18926 2946 5736 18927 2938 5735 18928 2939 5737 18929 2946 5736 18930 2939 5737 18931 2948 5714 18932 2948 5714 18933 2939 5737 18934 2940 5715 18935 1748 5738 18936 1826 5739 18937 1747 5740 18938 1747 5740 18939 1826 5739 18940 1825 5741 18941 1753 5742 18942 1754 5743 18943 1810 5744 18944 1810 5744 18945 1754 5743 18946 3082 5745 18947 1810 5744 18948 3082 5745 18949 3080 5746 18950 1810 5744 18951 1809 5747 18952 1753 5742 18953 1753 5742 18954 1809 5747 18955 1821 5748 18956 1753 5742 18957 1821 5748 18958 1751 5749 18959 1821 5748 18960 1820 5750 18961 1751 5749 18962 1751 5749 18963 1820 5750 18964 1818 5751 18965 1751 5749 18966 1818 5751 18967 1749 5752 18968 1749 5752 18969 1818 5751 18970 1824 5753 18971 1749 5752 18972 1824 5753 18973 1748 5738 18974 1748 5738 18975 1824 5753 18976 1827 5754 18977 1748 5738 18978 1827 5754 18979 1826 5739 18980 2686 5755 18981 1836 5756 18982 1777 5757 18983 1808 5758 18984 1811 5759 18985 3079 5760 18986 2686 5755 18987 1777 5757 18988 2685 5761 18989 2685 5761 18990 1777 5757 18991 2719 5762 18992 2719 5762 18993 1777 5757 18994 1775 5763 18995 2719 5762 18996 1775 5763 18997 2718 5764 18998 1775 5763 18999 1780 5765 19000 2718 5764 19001 2718 5764 19002 1780 5765 19003 1783 5766 19004 2718 5764 19005 1783 5766 19006 2720 5767 19007 1783 5766 19008 1786 5768 19009 2720 5767 19010 2720 5767 19011 1786 5768 19012 1789 5769 19013 2720 5767 19014 1789 5769 19015 2701 5770 19016 1789 5769 19017 1791 5771 19018 2701 5770 19019 2701 5770 19020 1791 5771 19021 1793 5772 19022 2701 5770 19023 1793 5772 19024 2700 5773 19025 1793 5772 19026 1795 5774 19027 2700 5773 19028 2700 5773 19029 1795 5774 19030 1797 5775 19031 2700 5773 19032 1797 5775 19033 2717 5776 19034 1797 5775 19035 1798 5777 19036 2717 5776 19037 2717 5776 19038 1798 5777 19039 1800 5778 19040 2717 5776 19041 1800 5778 19042 2716 5779 19043 1800 5778 19044 1801 5780 19045 2716 5779 19046 2716 5779 19047 1801 5780 19048 1803 5781 19049 2716 5779 19050 1803 5781 19051 2698 5782 19052 2698 5782 19053 1803 5781 19054 1806 5783 19055 2698 5782 19056 1806 5783 19057 2699 5784 19058 2699 5784 19059 1806 5783 19060 1808 5758 19061 2699 5784 19062 1808 5758 19063 3081 5785 19064 3081 5785 19065 1808 5758 19066 3079 5760 19067 2676 5786 19068 2675 5787 19069 2739 5788 19070 2739 5788 19071 2675 5787 19072 2738 5789 19073 2619 5790 19074 2643 5791 19075 2675 5787 19076 2675 5787 19077 2643 5791 19078 2673 5792 19079 2675 5787 19080 2673 5792 19081 2738 5789 19082 2625 5793 19083 2627 5794 19084 3073 5795 19085 3073 5795 19086 2627 5794 19087 2744 5796 19088 3073 5795 19089 2744 5796 19090 3071 5797 19091 3071 5797 19092 2744 5796 19093 2745 5798 19094 2619 5790 19095 2675 5787 19096 3078 5799 19097 2619 5790 19098 3078 5799 19099 2620 5800 19100 2620 5800 19101 3078 5799 19102 1633 5801 19103 2620 5800 19104 1633 5801 19105 2621 5802 19106 2632 5803 19107 3061 5804 19108 3069 5805 19109 2632 5803 19110 3069 5805 19111 2633 5806 19112 2633 5806 19113 3069 5805 19114 3070 5807 19115 2633 5806 19116 3070 5807 19117 2634 5808 19118 2634 5808 19119 3070 5807 19120 2744 5796 19121 2634 5808 19122 2744 5796 19123 2627 5794 19124 1649 5809 19125 2624 5810 19126 1647 5811 19127 1647 5811 19128 2624 5810 19129 2623 5812 19130 1647 5811 19131 2623 5812 19132 1645 5813 19133 1645 5813 19134 2623 5812 19135 2651 5814 19136 1645 5813 19137 2651 5814 19138 1643 5815 19139 1643 5815 19140 2651 5814 19141 2653 5816 19142 1643 5815 19143 2653 5816 19144 1641 5817 19145 1641 5817 19146 2653 5816 19147 2655 5818 19148 1641 5817 19149 2655 5818 19150 1639 5819 19151 1639 5819 19152 2655 5818 19153 2650 5820 19154 1639 5819 19155 2650 5820 19156 1637 5821 19157 1637 5821 19158 2650 5820 19159 2648 5822 19160 1637 5821 19161 2648 5822 19162 1635 5823 19163 1635 5823 19164 2648 5822 19165 2646 5824 19166 1635 5823 19167 2646 5824 19168 1633 5801 19169 1633 5801 19170 2646 5824 19171 2621 5802 19172 3061 5804 19173 2632 5803 19174 3062 5825 19175 3062 5825 19176 2632 5803 19177 2629 5826 19178 3062 5825 19179 2629 5826 19180 3063 5827 19181 3063 5827 19182 2629 5826 19183 2614 5828 19184 3063 5827 19185 2614 5828 19186 3064 5829 19187 3064 5829 19188 2614 5828 19189 2612 5830 19190 3064 5829 19191 2612 5830 19192 3065 5831 19193 3065 5831 19194 2612 5830 19195 2658 5832 19196 3065 5831 19197 2658 5832 19198 3066 5833 19199 3066 5833 19200 2658 5832 19201 2618 5834 19202 2624 5810 19203 1649 5809 19204 3068 5835 19205 2624 5810 19206 3068 5835 19207 2616 5836 19208 2616 5836 19209 3068 5835 19210 3067 5837 19211 2616 5836 19212 3067 5837 19213 2617 5838 19214 2617 5838 19215 3067 5837 19216 3066 5833 19217 2617 5838 19218 3066 5833 19219 2618 5834 19220</p>
        </triangles>
      </mesh>
    </geometry>
  </library_geometries>
  <library_visual_scenes>
    <visual_scene id="Scene" name="Scene">
      <node id="LINK_THUMB_MID_R" name="LINK_THUMB_MID_R" type="NODE">
        <matrix sid="transform">1 0 0 0 0 1 0 0 0 0 1 0 0 0 0 1</matrix>
        <instance_geometry url="#LINK_THUMB_MID_R-mesh" name="LINK_THUMB_MID_R">
          <bind_material>
            <technique_common>
              <instance_material symbol="超量金属太空银-光面_001-material" target="#超量金属太空银-光面_001-material"/>
            </technique_common>
          </bind_material>
        </instance_geometry>
      </node>
    </visual_scene>
  </library_visual_scenes>
  <scene>
    <instance_visual_scene url="#Scene"/>
  </scene>
</COLLADA>